timestamp_utc,station_id,sample_index,raw_value,source,event_status
2026-06-18T12:38:35.968845+00:00,DION_001,228139,0.3125618992982555,SIMULATED,NORMAL
2026-06-18T12:38:35.979221+00:00,DION_001,228140,0.3559221184763807,SIMULATED,NORMAL
2026-06-18T12:38:35.989754+00:00,DION_001,228141,0.16785833197291197,SIMULATED,NORMAL
2026-06-18T12:38:36.000185+00:00,DION_001,228142,0.231980313733374,SIMULATED,NORMAL
2026-06-18T12:38:36.010635+00:00,DION_001,228143,0.48505023717272877,SIMULATED,NORMAL
2026-06-18T12:38:36.020924+00:00,DION_001,228144,0.2735840045507979,SIMULATED,NORMAL
2026-06-18T12:38:36.084703+00:00,DION_001,228145,0.29721134712373226,SIMULATED,NORMAL
2026-06-18T12:38:36.102911+00:00,DION_001,228146,0.29872376279859547,SIMULATED,NORMAL
2026-06-18T12:38:36.155933+00:00,DION_001,228147,0.6670831008066209,SIMULATED,NORMAL
2026-06-18T12:38:36.166238+00:00,DION_001,228148,0.3122488749314938,SIMULATED,NORMAL
2026-06-18T12:38:36.176671+00:00,DION_001,228149,0.24593539113115803,SIMULATED,NORMAL
2026-06-18T12:38:36.187103+00:00,DION_001,228150,0.524731466154623,SIMULATED,NORMAL
2026-06-18T12:38:36.197512+00:00,DION_001,228151,0.7219794985454253,SIMULATED,NORMAL
2026-06-18T12:38:36.207972+00:00,DION_001,228152,0.5745702452303367,SIMULATED,NORMAL
2026-06-18T12:38:36.218452+00:00,DION_001,228153,0.3355751256820691,SIMULATED,NORMAL
2026-06-18T12:38:36.228982+00:00,DION_001,228154,0.614242957844233,SIMULATED,NORMAL
2026-06-18T12:38:36.239598+00:00,DION_001,228155,0.29473501084057396,SIMULATED,NORMAL
2026-06-18T12:38:36.250021+00:00,DION_001,228156,0.0006813703214665345,SIMULATED,NORMAL
2026-06-18T12:38:36.260510+00:00,DION_001,228157,0.3296343085457627,SIMULATED,NORMAL
2026-06-18T12:38:36.270892+00:00,DION_001,228158,0.3651403156748178,SIMULATED,NORMAL
2026-06-18T12:38:36.281346+00:00,DION_001,228159,0.02132413120361823,SIMULATED,NORMAL
2026-06-18T12:38:36.291914+00:00,DION_001,228160,0.269256128246104,SIMULATED,NORMAL
2026-06-18T12:38:36.302268+00:00,DION_001,228161,0.2582533602517718,SIMULATED,NORMAL
2026-06-18T12:38:36.406446+00:00,DION_001,228162,0.033137466185051326,SIMULATED,NORMAL
2026-06-18T12:38:36.416850+00:00,DION_001,228163,0.03757013681828854,SIMULATED,NORMAL
2026-06-18T12:38:36.427178+00:00,DION_001,228164,-0.011133904781516685,SIMULATED,NORMAL
2026-06-18T12:38:36.447497+00:00,DION_001,228165,0.2901990449714397,SIMULATED,NORMAL
2026-06-18T12:38:36.458322+00:00,DION_001,228166,0.10311583268324931,SIMULATED,NORMAL
2026-06-18T12:38:36.468770+00:00,DION_001,228167,-0.009199729482133573,SIMULATED,NORMAL
2026-06-18T12:38:36.479150+00:00,DION_001,228168,0.1375967122234416,SIMULATED,NORMAL
2026-06-18T12:38:36.489576+00:00,DION_001,228169,0.3140706847235458,SIMULATED,NORMAL
2026-06-18T12:38:36.500088+00:00,DION_001,228170,0.3861733393136675,SIMULATED,NORMAL
2026-06-18T12:38:36.510525+00:00,DION_001,228171,-0.055833918242212344,SIMULATED,NORMAL
2026-06-18T12:38:36.521041+00:00,DION_001,228172,0.2982243298881917,SIMULATED,NORMAL
2026-06-18T12:38:36.531467+00:00,DION_001,228173,0.24973212819292848,SIMULATED,NORMAL
2026-06-18T12:38:36.541888+00:00,DION_001,228174,0.13687987745196464,SIMULATED,NORMAL
2026-06-18T12:38:36.552307+00:00,DION_001,228175,0.30875620393666825,SIMULATED,NORMAL
2026-06-18T12:38:36.562723+00:00,DION_001,228176,0.31958197214833095,SIMULATED,NORMAL
2026-06-18T12:38:36.573106+00:00,DION_001,228177,0.5697446150065849,SIMULATED,NORMAL
2026-06-18T12:38:36.583452+00:00,DION_001,228178,0.47548021979600064,SIMULATED,NORMAL
2026-06-18T12:38:36.593814+00:00,DION_001,228179,0.2581423526050455,SIMULATED,NORMAL
2026-06-18T12:38:36.604190+00:00,DION_001,228180,0.455002712350157,SIMULATED,NORMAL
2026-06-18T12:38:36.614572+00:00,DION_001,228181,0.459167076065521,SIMULATED,NORMAL
2026-06-18T12:38:36.624961+00:00,DION_001,228182,0.5970878418470917,SIMULATED,NORMAL
2026-06-18T12:38:36.635311+00:00,DION_001,228183,0.29446572112269936,SIMULATED,NORMAL
2026-06-18T12:38:36.645663+00:00,DION_001,228184,2.27973567935514,SIMULATED,EVENT_DETECTED
2026-06-18T12:38:36.656414+00:00,DION_001,228185,-1.795042117247764,SIMULATED,NORMAL
2026-06-18T12:38:36.666910+00:00,DION_001,228186,0.5451583026731439,SIMULATED,NORMAL
2026-06-18T12:38:36.677297+00:00,DION_001,228187,0.8001754628986416,SIMULATED,NORMAL
2026-06-18T12:38:36.687805+00:00,DION_001,228188,1.0563510010323194,SIMULATED,NORMAL
2026-06-18T12:38:36.698300+00:00,DION_001,228189,0.7073070182072632,SIMULATED,NORMAL
2026-06-18T12:38:36.708686+00:00,DION_001,228190,0.7344972102663802,SIMULATED,NORMAL
2026-06-18T12:38:36.719080+00:00,DION_001,228191,1.012668768046866,SIMULATED,NORMAL
2026-06-18T12:38:36.729497+00:00,DION_001,228192,1.2879056620021925,SIMULATED,NORMAL
2026-06-18T12:38:36.739841+00:00,DION_001,228193,1.1922145871613528,SIMULATED,NORMAL
2026-06-18T12:38:36.750253+00:00,DION_001,228194,0.9102392545511577,SIMULATED,NORMAL
2026-06-18T12:38:36.760599+00:00,DION_001,228195,0.9805240401562386,SIMULATED,NORMAL
2026-06-18T12:38:36.770997+00:00,DION_001,228196,1.2986597764319714,SIMULATED,NORMAL
2026-06-18T12:38:36.781406+00:00,DION_001,228197,0.9162918538706919,SIMULATED,NORMAL
2026-06-18T12:38:36.791725+00:00,DION_001,228198,0.982628888067297,SIMULATED,NORMAL
2026-06-18T12:38:36.802366+00:00,DION_001,228199,1.184837905236181,SIMULATED,NORMAL
2026-06-18T12:38:36.812706+00:00,DION_001,228200,1.013129609846179,SIMULATED,NORMAL
2026-06-18T12:38:36.823074+00:00,DION_001,228201,1.280702443536085,SIMULATED,NORMAL
2026-06-18T12:38:36.833468+00:00,DION_001,228202,1.1486115759639803,SIMULATED,NORMAL
2026-06-18T12:38:36.843851+00:00,DION_001,228203,1.1504423369520325,SIMULATED,NORMAL
2026-06-18T12:38:36.854253+00:00,DION_001,228204,1.1886714679011228,SIMULATED,NORMAL
2026-06-18T12:38:36.864717+00:00,DION_001,228205,1.3684675685404182,SIMULATED,NORMAL
2026-06-18T12:38:36.875070+00:00,DION_001,228206,1.3297448165452992,SIMULATED,NORMAL
2026-06-18T12:38:36.885458+00:00,DION_001,228207,1.095993597660996,SIMULATED,NORMAL
2026-06-18T12:38:36.895856+00:00,DION_001,228208,1.3438861238449822,SIMULATED,NORMAL
2026-06-18T12:38:36.906263+00:00,DION_001,228209,1.1382192464591934,SIMULATED,NORMAL
2026-06-18T12:38:36.916639+00:00,DION_001,228210,0.880765501365067,SIMULATED,NORMAL
2026-06-18T12:38:36.926990+00:00,DION_001,228211,4.026649721880339,SIMULATED,EVENT_DETECTED
2026-06-18T12:38:36.937544+00:00,DION_001,228212,1.1030527444195435,SIMULATED,NORMAL
2026-06-18T12:38:36.947932+00:00,DION_001,228213,1.0424034289739867,SIMULATED,NORMAL
2026-06-18T12:38:36.958252+00:00,DION_001,228214,0.9924248004239076,SIMULATED,NORMAL
2026-06-18T12:38:36.968623+00:00,DION_001,228215,1.0432754716069623,SIMULATED,NORMAL
2026-06-18T12:38:36.978999+00:00,DION_001,228216,1.0505692434370264,SIMULATED,NORMAL
2026-06-18T12:38:36.989414+00:00,DION_001,228217,1.0702373030895083,SIMULATED,NORMAL
2026-06-18T12:38:36.999897+00:00,DION_001,228218,1.2404151796097802,SIMULATED,NORMAL
2026-06-18T12:38:37.010245+00:00,DION_001,228219,1.0045859084285975,SIMULATED,NORMAL
2026-06-18T12:38:37.020596+00:00,DION_001,228220,1.1864373653073126,SIMULATED,NORMAL
2026-06-18T12:38:37.030926+00:00,DION_001,228221,0.915137852582488,SIMULATED,NORMAL
2026-06-18T12:38:37.041364+00:00,DION_001,228222,0.9419151488095762,SIMULATED,NORMAL
2026-06-18T12:38:37.051707+00:00,DION_001,228223,0.8791776115985248,SIMULATED,NORMAL
2026-06-18T12:38:37.062088+00:00,DION_001,228224,0.649392249129503,SIMULATED,NORMAL
2026-06-18T12:38:37.072527+00:00,DION_001,228225,0.7527310315365413,SIMULATED,NORMAL
2026-06-18T12:38:37.082874+00:00,DION_001,228226,0.5527908693150188,SIMULATED,NORMAL
2026-06-18T12:38:37.093303+00:00,DION_001,228227,0.6044691592495854,SIMULATED,NORMAL
2026-06-18T12:38:37.103849+00:00,DION_001,228228,0.8372708307910247,SIMULATED,NORMAL
2026-06-18T12:38:37.114249+00:00,DION_001,228229,0.8426440102921584,SIMULATED,NORMAL
2026-06-18T12:38:37.124597+00:00,DION_001,228230,0.7456404049423689,SIMULATED,NORMAL
2026-06-18T12:38:37.134993+00:00,DION_001,228231,0.6666535723682872,SIMULATED,NORMAL
2026-06-18T12:38:37.145395+00:00,DION_001,228232,0.8170246117628898,SIMULATED,NORMAL
2026-06-18T12:38:37.155763+00:00,DION_001,228233,0.7025846059602099,SIMULATED,NORMAL
2026-06-18T12:38:37.166225+00:00,DION_001,228234,0.7241978024818398,SIMULATED,NORMAL
2026-06-18T12:38:37.176717+00:00,DION_001,228235,0.41947607936848585,SIMULATED,NORMAL
2026-06-18T12:38:37.187055+00:00,DION_001,228236,0.4165940674597836,SIMULATED,NORMAL
2026-06-18T12:38:37.197413+00:00,DION_001,228237,0.28179880220377007,SIMULATED,NORMAL
2026-06-18T12:38:37.207790+00:00,DION_001,228238,0.5674942625722645,SIMULATED,NORMAL
2026-06-18T12:38:37.218187+00:00,DION_001,228239,0.265653627133592,SIMULATED,NORMAL
2026-06-18T12:38:37.228539+00:00,DION_001,228240,0.5298717915062083,SIMULATED,NORMAL
2026-06-18T12:38:37.238897+00:00,DION_001,228241,0.3757053874494153,SIMULATED,NORMAL
2026-06-18T12:38:37.249250+00:00,DION_001,228242,0.6402191220947806,SIMULATED,NORMAL
2026-06-18T12:38:37.259651+00:00,DION_001,228243,0.32247647329223766,SIMULATED,NORMAL
2026-06-18T12:38:37.270078+00:00,DION_001,228244,0.40921177003762854,SIMULATED,NORMAL
2026-06-18T12:38:37.280486+00:00,DION_001,228245,0.3536599466984767,SIMULATED,NORMAL
2026-06-18T12:38:37.290869+00:00,DION_001,228246,-0.2193092197807413,SIMULATED,NORMAL
2026-06-18T12:38:37.301372+00:00,DION_001,228247,0.15857445318466099,SIMULATED,NORMAL
2026-06-18T12:38:37.311831+00:00,DION_001,228248,0.46678838571154335,SIMULATED,NORMAL
2026-06-18T12:38:37.322741+00:00,DION_001,228249,0.17304196091585491,SIMULATED,NORMAL
2026-06-18T12:38:37.333321+00:00,DION_001,228250,0.23782995092845075,SIMULATED,NORMAL
2026-06-18T12:38:37.343708+00:00,DION_001,228251,0.21739485336696393,SIMULATED,NORMAL
2026-06-18T12:38:37.354079+00:00,DION_001,228252,0.25644529764577495,SIMULATED,NORMAL
2026-06-18T12:38:37.364480+00:00,DION_001,228253,0.431220730363439,SIMULATED,NORMAL
2026-06-18T12:38:37.374831+00:00,DION_001,228254,0.31693118581514856,SIMULATED,NORMAL
2026-06-18T12:38:37.385263+00:00,DION_001,228255,0.40549724483770505,SIMULATED,NORMAL
2026-06-18T12:38:37.395791+00:00,DION_001,228256,0.14990347644650326,SIMULATED,NORMAL
2026-06-18T12:38:37.406240+00:00,DION_001,228257,-0.20597695710208253,SIMULATED,NORMAL
2026-06-18T12:38:37.416616+00:00,DION_001,228258,0.3946029824927457,SIMULATED,NORMAL
2026-06-18T12:38:37.427014+00:00,DION_001,228259,0.3310601926062714,SIMULATED,NORMAL
2026-06-18T12:38:37.437377+00:00,DION_001,228260,0.5352411701422839,SIMULATED,NORMAL
2026-06-18T12:38:37.447750+00:00,DION_001,228261,0.5873737378039743,SIMULATED,NORMAL
2026-06-18T12:38:37.458211+00:00,DION_001,228262,0.3638495701540219,SIMULATED,NORMAL
2026-06-18T12:38:37.468854+00:00,DION_001,228263,0.5746192877063534,SIMULATED,NORMAL
2026-06-18T12:38:37.479210+00:00,DION_001,228264,0.49076982210276227,SIMULATED,NORMAL
2026-06-18T12:38:37.489603+00:00,DION_001,228265,0.3960833299682224,SIMULATED,NORMAL
2026-06-18T12:38:37.500111+00:00,DION_001,228266,0.5268721302648596,SIMULATED,NORMAL
2026-06-18T12:38:37.510506+00:00,DION_001,228267,0.40976982439604526,SIMULATED,NORMAL
2026-06-18T12:38:37.520885+00:00,DION_001,228268,0.6761385975157077,SIMULATED,NORMAL
2026-06-18T12:38:37.531206+00:00,DION_001,228269,0.5554165498255771,SIMULATED,NORMAL
2026-06-18T12:38:37.541568+00:00,DION_001,228270,0.4468739299581066,SIMULATED,NORMAL
2026-06-18T12:38:37.551933+00:00,DION_001,228271,0.6659206632052913,SIMULATED,NORMAL
2026-06-18T12:38:37.562259+00:00,DION_001,228272,0.7700702229829337,SIMULATED,NORMAL
2026-06-18T12:38:37.572909+00:00,DION_001,228273,0.6416582049244932,SIMULATED,NORMAL
2026-06-18T12:38:37.583416+00:00,DION_001,228274,1.1061191652498663,SIMULATED,NORMAL
2026-06-18T12:38:37.593773+00:00,DION_001,228275,0.615368440606442,SIMULATED,NORMAL
2026-06-18T12:38:37.604164+00:00,DION_001,228276,0.7803306922937722,SIMULATED,NORMAL
2026-06-18T12:38:37.614856+00:00,DION_001,228277,0.7504699585899187,SIMULATED,NORMAL
2026-06-18T12:38:37.625205+00:00,DION_001,228278,1.143430250541152,SIMULATED,NORMAL
2026-06-18T12:38:37.635656+00:00,DION_001,228279,1.0150547257210194,SIMULATED,NORMAL
2026-06-18T12:38:37.646220+00:00,DION_001,228280,1.0273362117813019,SIMULATED,NORMAL
2026-06-18T12:38:37.656573+00:00,DION_001,228281,0.5178570331484309,SIMULATED,NORMAL
2026-06-18T12:38:37.666957+00:00,DION_001,228282,0.450637105909689,SIMULATED,NORMAL
2026-06-18T12:38:37.677502+00:00,DION_001,228283,0.7343469415919531,SIMULATED,NORMAL
2026-06-18T12:38:37.688325+00:00,DION_001,228284,0.5282676560651732,SIMULATED,NORMAL
2026-06-18T12:38:37.698863+00:00,DION_001,228285,0.4613080394984392,SIMULATED,NORMAL
2026-06-18T12:38:37.709225+00:00,DION_001,228286,0.613965157465052,SIMULATED,NORMAL
2026-06-18T12:38:37.733784+00:00,DION_001,228287,0.7753581537789385,SIMULATED,NORMAL
2026-06-18T12:38:37.761288+00:00,DION_001,228288,0.8844943809888591,SIMULATED,NORMAL
2026-06-18T12:38:37.824088+00:00,DION_001,228289,0.412903267568666,SIMULATED,NORMAL
2026-06-18T12:38:37.834481+00:00,DION_001,228290,0.16231892737816717,SIMULATED,NORMAL
2026-06-18T12:38:37.844953+00:00,DION_001,228291,0.823772708386042,SIMULATED,NORMAL
2026-06-18T12:38:37.855259+00:00,DION_001,228292,0.3930639926297624,SIMULATED,NORMAL
2026-06-18T12:38:37.865688+00:00,DION_001,228293,0.19492266373048914,SIMULATED,NORMAL
2026-06-18T12:38:37.876236+00:00,DION_001,228294,0.2490591640750239,SIMULATED,NORMAL
2026-06-18T12:38:37.886633+00:00,DION_001,228295,0.35983807634628096,SIMULATED,NORMAL
2026-06-18T12:38:37.905013+00:00,DION_001,228296,0.32697982053122476,SIMULATED,NORMAL
2026-06-18T12:38:37.917660+00:00,DION_001,228297,0.059076258084517094,SIMULATED,NORMAL
2026-06-18T12:38:37.928093+00:00,DION_001,228298,0.25130610641227463,SIMULATED,NORMAL
2026-06-18T12:38:37.941179+00:00,DION_001,228299,0.09444385225916906,SIMULATED,NORMAL
2026-06-18T12:38:37.951653+00:00,DION_001,228300,-0.04527814398782466,SIMULATED,NORMAL
2026-06-18T12:38:37.962085+00:00,DION_001,228301,-0.2821339830458275,SIMULATED,NORMAL
2026-06-18T12:38:37.972560+00:00,DION_001,228302,-0.09519123172679342,SIMULATED,NORMAL
2026-06-18T12:38:37.982948+00:00,DION_001,228303,-0.2522347113547133,SIMULATED,NORMAL
2026-06-18T12:38:37.993320+00:00,DION_001,228304,-0.15865292087071323,SIMULATED,NORMAL
2026-06-18T12:38:38.003661+00:00,DION_001,228305,0.082341682811464,SIMULATED,NORMAL
2026-06-18T12:38:38.014001+00:00,DION_001,228306,-0.15578838212801624,SIMULATED,NORMAL
2026-06-18T12:38:38.024428+00:00,DION_001,228307,-0.43935617157744655,SIMULATED,NORMAL
2026-06-18T12:38:38.034796+00:00,DION_001,228308,-0.5987246727118385,SIMULATED,NORMAL
2026-06-18T12:38:38.045191+00:00,DION_001,228309,-0.52907189460884,SIMULATED,NORMAL
2026-06-18T12:38:38.055516+00:00,DION_001,228310,-0.14822781538373153,SIMULATED,NORMAL
2026-06-18T12:38:38.065856+00:00,DION_001,228311,-2.798398537665197,SIMULATED,EVENT_DETECTED
2026-06-18T12:38:38.076532+00:00,DION_001,228312,-0.24781139119571285,SIMULATED,NORMAL
2026-06-18T12:38:38.086892+00:00,DION_001,228313,-0.6157090469886262,SIMULATED,NORMAL
2026-06-18T12:38:38.097274+00:00,DION_001,228314,-0.48892668705137854,SIMULATED,NORMAL
2026-06-18T12:38:38.107640+00:00,DION_001,228315,-0.7761837286365756,SIMULATED,NORMAL
2026-06-18T12:38:38.118205+00:00,DION_001,228316,-0.42331815329096545,SIMULATED,NORMAL
2026-06-18T12:38:38.128703+00:00,DION_001,228317,-0.3736137092224059,SIMULATED,NORMAL
2026-06-18T12:38:38.139967+00:00,DION_001,228318,-0.6195487116928319,SIMULATED,NORMAL
2026-06-18T12:38:38.150281+00:00,DION_001,228319,-0.5275371509506205,SIMULATED,NORMAL
2026-06-18T12:38:38.160748+00:00,DION_001,228320,-1.0227402732384876,SIMULATED,NORMAL
2026-06-18T12:38:38.171065+00:00,DION_001,228321,-0.43717125375033195,SIMULATED,NORMAL
2026-06-18T12:38:38.181386+00:00,DION_001,228322,-0.6011896402229764,SIMULATED,NORMAL
2026-06-18T12:38:38.191767+00:00,DION_001,228323,-0.5720275147509255,SIMULATED,NORMAL
2026-06-18T12:38:38.217265+00:00,DION_001,228324,-0.37271664636389157,SIMULATED,NORMAL
2026-06-18T12:38:38.227901+00:00,DION_001,228325,-0.8244317699186993,SIMULATED,NORMAL
2026-06-18T12:38:38.238258+00:00,DION_001,228326,-0.4980497536879175,SIMULATED,NORMAL
2026-06-18T12:38:38.248623+00:00,DION_001,228327,-0.6296409310462935,SIMULATED,NORMAL
2026-06-18T12:38:38.259022+00:00,DION_001,228328,-0.5925497423171485,SIMULATED,NORMAL
2026-06-18T12:38:38.269359+00:00,DION_001,228329,-0.37341736385120977,SIMULATED,NORMAL
2026-06-18T12:38:38.279701+00:00,DION_001,228330,-0.2948279465445343,SIMULATED,NORMAL
2026-06-18T12:38:38.290036+00:00,DION_001,228331,-0.5207360224432424,SIMULATED,NORMAL
2026-06-18T12:38:38.300605+00:00,DION_001,228332,-0.5663559991752344,SIMULATED,NORMAL
2026-06-18T12:38:38.311181+00:00,DION_001,228333,-0.48700531736023694,SIMULATED,NORMAL
2026-06-18T12:38:38.321645+00:00,DION_001,228334,-0.4613799358838463,SIMULATED,NORMAL
2026-06-18T12:38:38.332190+00:00,DION_001,228335,-0.31807559299262844,SIMULATED,NORMAL
2026-06-18T12:38:38.342810+00:00,DION_001,228336,1.3872030348857982,SIMULATED,NORMAL
2026-06-18T12:38:38.353422+00:00,DION_001,228337,-0.4529069198471253,SIMULATED,NORMAL
2026-06-18T12:38:38.363965+00:00,DION_001,228338,-0.5721310440853048,SIMULATED,NORMAL
2026-06-18T12:38:38.374279+00:00,DION_001,228339,-0.3866746045495863,SIMULATED,NORMAL
2026-06-18T12:38:38.384641+00:00,DION_001,228340,-0.24694367453744054,SIMULATED,NORMAL
2026-06-18T12:38:38.395304+00:00,DION_001,228341,-0.4171528660948206,SIMULATED,NORMAL
2026-06-18T12:38:38.405674+00:00,DION_001,228342,-0.44883184747228216,SIMULATED,NORMAL
2026-06-18T12:38:38.416093+00:00,DION_001,228343,-0.15358320813026813,SIMULATED,NORMAL
2026-06-18T12:38:38.426418+00:00,DION_001,228344,0.02514934984076339,SIMULATED,NORMAL
2026-06-18T12:38:38.437036+00:00,DION_001,228345,-0.424162505911014,SIMULATED,NORMAL
2026-06-18T12:38:38.447612+00:00,DION_001,228346,-0.30383189625832924,SIMULATED,NORMAL
2026-06-18T12:38:38.458192+00:00,DION_001,228347,-0.43400546836954734,SIMULATED,NORMAL
2026-06-18T12:38:38.468906+00:00,DION_001,228348,-0.3168208168326372,SIMULATED,NORMAL
2026-06-18T12:38:38.479252+00:00,DION_001,228349,-0.43936124922311853,SIMULATED,NORMAL
2026-06-18T12:38:38.491175+00:00,DION_001,228350,-0.21945603804230052,SIMULATED,NORMAL
2026-06-18T12:38:38.501581+00:00,DION_001,228351,-0.18599580966165713,SIMULATED,NORMAL
2026-06-18T12:38:38.512018+00:00,DION_001,228352,-0.2974376251512608,SIMULATED,NORMAL
2026-06-18T12:38:38.523673+00:00,DION_001,228353,-0.320123877296038,SIMULATED,NORMAL
2026-06-18T12:38:38.534452+00:00,DION_001,228354,-0.3665540523668696,SIMULATED,NORMAL
2026-06-18T12:38:38.544982+00:00,DION_001,228355,-0.10221853527493312,SIMULATED,NORMAL
2026-06-18T12:38:38.555342+00:00,DION_001,228356,-0.35956094729993393,SIMULATED,NORMAL
2026-06-18T12:38:38.565714+00:00,DION_001,228357,-0.038485920792737244,SIMULATED,NORMAL
2026-06-18T12:38:38.576067+00:00,DION_001,228358,-0.426408273005659,SIMULATED,NORMAL
2026-06-18T12:38:38.586733+00:00,DION_001,228359,-0.3929390840281659,SIMULATED,NORMAL
2026-06-18T12:38:38.597246+00:00,DION_001,228360,-0.24298209525454162,SIMULATED,NORMAL
2026-06-18T12:38:38.607619+00:00,DION_001,228361,-0.4217271451928497,SIMULATED,NORMAL
2026-06-18T12:38:38.619431+00:00,DION_001,228362,-0.5473412056180916,SIMULATED,NORMAL
2026-06-18T12:38:38.630026+00:00,DION_001,228363,-0.5530173768451077,SIMULATED,NORMAL
2026-06-18T12:38:38.640501+00:00,DION_001,228364,-0.510605540620006,SIMULATED,NORMAL
2026-06-18T12:38:38.650890+00:00,DION_001,228365,-0.3417437797890754,SIMULATED,NORMAL
2026-06-18T12:38:38.661375+00:00,DION_001,228366,-0.4379001678379164,SIMULATED,NORMAL
2026-06-18T12:38:38.671800+00:00,DION_001,228367,-0.4911488100268302,SIMULATED,NORMAL
2026-06-18T12:38:38.682384+00:00,DION_001,228368,-0.26902801618105554,SIMULATED,NORMAL
2026-06-18T12:38:38.692787+00:00,DION_001,228369,-0.43290599789809636,SIMULATED,NORMAL
2026-06-18T12:38:38.703269+00:00,DION_001,228370,-0.7358885371682231,SIMULATED,NORMAL
2026-06-18T12:38:38.713693+00:00,DION_001,228371,-0.4598533983112477,SIMULATED,NORMAL
2026-06-18T12:38:38.724075+00:00,DION_001,228372,-0.9448458669702715,SIMULATED,NORMAL
2026-06-18T12:38:38.734611+00:00,DION_001,228373,-0.5411691112468211,SIMULATED,NORMAL
2026-06-18T12:38:38.745129+00:00,DION_001,228374,1.317717888218449,SIMULATED,NORMAL
2026-06-18T12:38:38.755660+00:00,DION_001,228375,-0.6840756657228986,SIMULATED,NORMAL
2026-06-18T12:38:38.766105+00:00,DION_001,228376,-0.7754435060613865,SIMULATED,NORMAL
2026-06-18T12:38:38.776570+00:00,DION_001,228377,-0.6930082708604794,SIMULATED,NORMAL
2026-06-18T12:38:38.787210+00:00,DION_001,228378,-0.9315780666402831,SIMULATED,NORMAL
2026-06-18T12:38:38.797708+00:00,DION_001,228379,-0.6019234307683861,SIMULATED,NORMAL
2026-06-18T12:38:38.808112+00:00,DION_001,228380,-0.9843526456287065,SIMULATED,NORMAL
2026-06-18T12:38:38.818491+00:00,DION_001,228381,-1.2039019784661205,SIMULATED,NORMAL
2026-06-18T12:38:38.829010+00:00,DION_001,228382,-0.9863743929715015,SIMULATED,NORMAL
2026-06-18T12:38:38.839466+00:00,DION_001,228383,-1.3322908552205524,SIMULATED,NORMAL
2026-06-18T12:38:38.849959+00:00,DION_001,228384,-1.2128306371332325,SIMULATED,NORMAL
2026-06-18T12:38:38.860309+00:00,DION_001,228385,-1.2535500608463845,SIMULATED,NORMAL
2026-06-18T12:38:38.870683+00:00,DION_001,228386,-1.3599613523879643,SIMULATED,NORMAL
2026-06-18T12:38:38.881128+00:00,DION_001,228387,-0.9125717135180252,SIMULATED,NORMAL
2026-06-18T12:38:38.891548+00:00,DION_001,228388,-1.1157072735438887,SIMULATED,NORMAL
2026-06-18T12:38:38.902027+00:00,DION_001,228389,-1.1179722386984678,SIMULATED,NORMAL
2026-06-18T12:38:38.912516+00:00,DION_001,228390,-1.0706605479268496,SIMULATED,NORMAL
2026-06-18T12:38:38.922927+00:00,DION_001,228391,-1.1756924369648751,SIMULATED,NORMAL
2026-06-18T12:38:38.933477+00:00,DION_001,228392,-1.1573660116561024,SIMULATED,NORMAL
2026-06-18T12:38:38.943967+00:00,DION_001,228393,-1.2346720704283283,SIMULATED,NORMAL
2026-06-18T12:38:38.954349+00:00,DION_001,228394,1.7765040032896406,SIMULATED,NORMAL
2026-06-18T12:38:38.965058+00:00,DION_001,228395,-1.3594130028828393,SIMULATED,NORMAL
2026-06-18T12:38:38.975409+00:00,DION_001,228396,-1.0185083878667232,SIMULATED,NORMAL
2026-06-18T12:38:38.986571+00:00,DION_001,228397,-1.3016305203280125,SIMULATED,NORMAL
2026-06-18T12:38:38.997393+00:00,DION_001,228398,-1.3443972834991378,SIMULATED,NORMAL
2026-06-18T12:38:39.007782+00:00,DION_001,228399,-1.2667835831498235,SIMULATED,NORMAL
2026-06-18T12:38:39.018191+00:00,DION_001,228400,-0.7878585260202369,SIMULATED,NORMAL
2026-06-18T12:38:39.028555+00:00,DION_001,228401,-1.1845982839269418,SIMULATED,NORMAL
2026-06-18T12:38:39.039001+00:00,DION_001,228402,-1.2164046773721064,SIMULATED,NORMAL
2026-06-18T12:38:39.049403+00:00,DION_001,228403,-1.2097880965314025,SIMULATED,NORMAL
2026-06-18T12:38:39.059762+00:00,DION_001,228404,-0.9917708011588396,SIMULATED,NORMAL
2026-06-18T12:38:39.070210+00:00,DION_001,228405,-1.1797088432995166,SIMULATED,NORMAL
2026-06-18T12:38:39.080574+00:00,DION_001,228406,-1.0030978396241825,SIMULATED,NORMAL
2026-06-18T12:38:39.090997+00:00,DION_001,228407,-1.0178603531658779,SIMULATED,NORMAL
2026-06-18T12:38:39.101453+00:00,DION_001,228408,-0.9403916662124605,SIMULATED,NORMAL
2026-06-18T12:38:39.111825+00:00,DION_001,228409,-1.2093902808916832,SIMULATED,NORMAL
2026-06-18T12:38:39.122268+00:00,DION_001,228410,-0.9908340412423026,SIMULATED,NORMAL
2026-06-18T12:38:39.132658+00:00,DION_001,228411,-0.8880099618699022,SIMULATED,NORMAL
2026-06-18T12:38:39.143068+00:00,DION_001,228412,-0.835158804007375,SIMULATED,NORMAL
2026-06-18T12:38:39.153705+00:00,DION_001,228413,-0.8251665018722508,SIMULATED,NORMAL
2026-06-18T12:38:39.164052+00:00,DION_001,228414,-0.6498230124397464,SIMULATED,NORMAL
2026-06-18T12:38:39.174366+00:00,DION_001,228415,-0.7744199528506275,SIMULATED,NORMAL
2026-06-18T12:38:39.184802+00:00,DION_001,228416,-0.797646807224568,SIMULATED,NORMAL
2026-06-18T12:38:39.195563+00:00,DION_001,228417,-0.648201064842984,SIMULATED,NORMAL
2026-06-18T12:38:39.205943+00:00,DION_001,228418,-0.7300364762196121,SIMULATED,NORMAL
2026-06-18T12:38:39.216526+00:00,DION_001,228419,-0.6244227064958505,SIMULATED,NORMAL
2026-06-18T12:38:39.226955+00:00,DION_001,228420,-0.3733414147056583,SIMULATED,NORMAL
2026-06-18T12:38:39.237349+00:00,DION_001,228421,-0.3641358187969004,SIMULATED,NORMAL
2026-06-18T12:38:39.247736+00:00,DION_001,228422,-0.731190291042294,SIMULATED,NORMAL
2026-06-18T12:38:39.258089+00:00,DION_001,228423,-0.09215862201050229,SIMULATED,NORMAL
2026-06-18T12:38:39.268540+00:00,DION_001,228424,-0.4505714836934086,SIMULATED,NORMAL
2026-06-18T12:38:39.278876+00:00,DION_001,228425,-0.6552870532370616,SIMULATED,NORMAL
2026-06-18T12:38:39.314775+00:00,DION_001,228426,-0.3483970963571451,SIMULATED,NORMAL
2026-06-18T12:38:39.325242+00:00,DION_001,228427,-0.6756420315678424,SIMULATED,NORMAL
2026-06-18T12:38:39.335621+00:00,DION_001,228428,-0.23196712075211204,SIMULATED,NORMAL
2026-06-18T12:38:39.345973+00:00,DION_001,228429,-0.2798006009643624,SIMULATED,NORMAL
2026-06-18T12:38:39.356336+00:00,DION_001,228430,-0.15053494457280098,SIMULATED,NORMAL
2026-06-18T12:38:39.366682+00:00,DION_001,228431,-0.3200897911455549,SIMULATED,NORMAL
2026-06-18T12:38:39.377025+00:00,DION_001,228432,-0.5384063878262089,SIMULATED,NORMAL
2026-06-18T12:38:39.387795+00:00,DION_001,228433,-0.10551222421647688,SIMULATED,NORMAL
2026-06-18T12:38:39.398212+00:00,DION_001,228434,-0.2630644265110407,SIMULATED,NORMAL
2026-06-18T12:38:39.408614+00:00,DION_001,228435,-0.4735159832060879,SIMULATED,NORMAL
2026-06-18T12:38:39.419048+00:00,DION_001,228436,-0.12428215301134082,SIMULATED,NORMAL
2026-06-18T12:38:39.429437+00:00,DION_001,228437,-0.3114369007082781,SIMULATED,NORMAL
2026-06-18T12:38:39.439813+00:00,DION_001,228438,-0.15577280227398374,SIMULATED,NORMAL
2026-06-18T12:38:39.450203+00:00,DION_001,228439,-0.18122451108477328,SIMULATED,NORMAL
2026-06-18T12:38:39.461065+00:00,DION_001,228440,-0.16217760114985785,SIMULATED,NORMAL
2026-06-18T12:38:39.471468+00:00,DION_001,228441,-0.36274195080867777,SIMULATED,NORMAL
2026-06-18T12:38:39.481827+00:00,DION_001,228442,0.004753810051611962,SIMULATED,NORMAL
2026-06-18T12:38:39.492199+00:00,DION_001,228443,-0.26056279660385245,SIMULATED,NORMAL
2026-06-18T12:38:39.502648+00:00,DION_001,228444,-0.5372527335828869,SIMULATED,NORMAL
2026-06-18T12:38:39.513023+00:00,DION_001,228445,-0.43164969295917377,SIMULATED,NORMAL
2026-06-18T12:38:39.523376+00:00,DION_001,228446,-0.31759242525474196,SIMULATED,NORMAL
2026-06-18T12:38:39.533795+00:00,DION_001,228447,-0.23485819355905677,SIMULATED,NORMAL
2026-06-18T12:38:39.544158+00:00,DION_001,228448,-0.4350056261963498,SIMULATED,NORMAL
2026-06-18T12:38:39.554483+00:00,DION_001,228449,1.5878075891621624,SIMULATED,NORMAL
2026-06-18T12:38:39.564951+00:00,DION_001,228450,-0.6506752984203656,SIMULATED,NORMAL
2026-06-18T12:38:39.575311+00:00,DION_001,228451,-0.4306683742569083,SIMULATED,NORMAL
2026-06-18T12:38:39.585775+00:00,DION_001,228452,-0.3305399342902341,SIMULATED,NORMAL
2026-06-18T12:38:39.596125+00:00,DION_001,228453,-0.4576837366001373,SIMULATED,NORMAL
2026-06-18T12:38:39.606495+00:00,DION_001,228454,-0.44226346684344614,SIMULATED,NORMAL
2026-06-18T12:38:39.616922+00:00,DION_001,228455,-0.6372864104382526,SIMULATED,NORMAL
2026-06-18T12:38:39.627279+00:00,DION_001,228456,-0.6130481994887961,SIMULATED,NORMAL
2026-06-18T12:38:39.637684+00:00,DION_001,228457,-0.7029167304499178,SIMULATED,NORMAL
2026-06-18T12:38:39.648093+00:00,DION_001,228458,-0.5426476885850054,SIMULATED,NORMAL
2026-06-18T12:38:39.658760+00:00,DION_001,228459,-0.5849843369858635,SIMULATED,NORMAL
2026-06-18T12:38:39.669835+00:00,DION_001,228460,-0.3290574031236693,SIMULATED,NORMAL
2026-06-18T12:38:39.680243+00:00,DION_001,228461,1.6345107372101106,SIMULATED,NORMAL
2026-06-18T12:38:39.690764+00:00,DION_001,228462,-0.5252791205367365,SIMULATED,NORMAL
2026-06-18T12:38:39.701173+00:00,DION_001,228463,-0.8508126409468617,SIMULATED,NORMAL
2026-06-18T12:38:39.711552+00:00,DION_001,228464,-0.5555749640744919,SIMULATED,NORMAL
2026-06-18T12:38:39.721962+00:00,DION_001,228465,-0.7485115193705666,SIMULATED,NORMAL
2026-06-18T12:38:39.732606+00:00,DION_001,228466,-0.5153380561514751,SIMULATED,NORMAL
2026-06-18T12:38:39.742998+00:00,DION_001,228467,-0.8508851505999021,SIMULATED,NORMAL
2026-06-18T12:38:39.753353+00:00,DION_001,228468,-0.6224424040003588,SIMULATED,NORMAL
2026-06-18T12:38:39.763792+00:00,DION_001,228469,-0.7908752921748109,SIMULATED,NORMAL
2026-06-18T12:38:39.774221+00:00,DION_001,228470,-0.4103642047131986,SIMULATED,NORMAL
2026-06-18T12:38:39.784834+00:00,DION_001,228471,-0.5660185772659848,SIMULATED,NORMAL
2026-06-18T12:38:39.795299+00:00,DION_001,228472,-0.6630126923854969,SIMULATED,NORMAL
2026-06-18T12:38:39.805729+00:00,DION_001,228473,-0.9379121453035644,SIMULATED,NORMAL
2026-06-18T12:38:39.816116+00:00,DION_001,228474,-0.6925178036996288,SIMULATED,NORMAL
2026-06-18T12:38:39.826463+00:00,DION_001,228475,-0.30723268271219156,SIMULATED,NORMAL
2026-06-18T12:38:39.836849+00:00,DION_001,228476,-0.5941541401896823,SIMULATED,NORMAL
2026-06-18T12:38:39.847198+00:00,DION_001,228477,-0.4892113557664633,SIMULATED,NORMAL
2026-06-18T12:38:39.857582+00:00,DION_001,228478,-0.5532455397045201,SIMULATED,NORMAL
2026-06-18T12:38:39.867986+00:00,DION_001,228479,-0.5514303145691912,SIMULATED,NORMAL
2026-06-18T12:38:39.878369+00:00,DION_001,228480,-0.5832304654508964,SIMULATED,NORMAL
2026-06-18T12:38:39.888891+00:00,DION_001,228481,-0.24450199646929213,SIMULATED,NORMAL
2026-06-18T12:38:39.899269+00:00,DION_001,228482,-0.3522028985878553,SIMULATED,NORMAL
2026-06-18T12:38:39.909651+00:00,DION_001,228483,-0.05630815137602818,SIMULATED,NORMAL
2026-06-18T12:38:39.920009+00:00,DION_001,228484,-0.13948640059456252,SIMULATED,NORMAL
2026-06-18T12:38:39.930409+00:00,DION_001,228485,-0.40745533169301956,SIMULATED,NORMAL
2026-06-18T12:38:39.940811+00:00,DION_001,228486,-0.27054597921680296,SIMULATED,NORMAL
2026-06-18T12:38:39.951160+00:00,DION_001,228487,-0.029076835177838045,SIMULATED,NORMAL
2026-06-18T12:38:39.961569+00:00,DION_001,228488,-0.28561434613838704,SIMULATED,NORMAL
2026-06-18T12:38:39.971956+00:00,DION_001,228489,0.13571257039415774,SIMULATED,NORMAL
2026-06-18T12:38:39.982324+00:00,DION_001,228490,0.14005028890162463,SIMULATED,NORMAL
2026-06-18T12:38:39.993005+00:00,DION_001,228491,-0.126177851589182,SIMULATED,NORMAL
2026-06-18T12:38:40.003375+00:00,DION_001,228492,-0.10741183724159228,SIMULATED,NORMAL
2026-06-18T12:38:40.013754+00:00,DION_001,228493,0.0793268894251237,SIMULATED,NORMAL
2026-06-18T12:38:40.024137+00:00,DION_001,228494,0.3297479030635788,SIMULATED,NORMAL
2026-06-18T12:38:40.034491+00:00,DION_001,228495,0.08031426487545651,SIMULATED,NORMAL
2026-06-18T12:38:40.044860+00:00,DION_001,228496,0.04796194381987093,SIMULATED,NORMAL
2026-06-18T12:38:40.055256+00:00,DION_001,228497,0.3966898357741081,SIMULATED,NORMAL
2026-06-18T12:38:40.065712+00:00,DION_001,228498,0.04560575834571745,SIMULATED,NORMAL
2026-06-18T12:38:40.076089+00:00,DION_001,228499,0.3630956740628727,SIMULATED,NORMAL
2026-06-18T12:38:40.086479+00:00,DION_001,228500,0.23903064952028397,SIMULATED,NORMAL
2026-06-18T12:38:40.096861+00:00,DION_001,228501,0.40117561433436844,SIMULATED,NORMAL
2026-06-18T12:38:40.107201+00:00,DION_001,228502,0.41975440777344486,SIMULATED,NORMAL
2026-06-18T12:38:40.117648+00:00,DION_001,228503,0.3249731343103702,SIMULATED,NORMAL
2026-06-18T12:38:40.128027+00:00,DION_001,228504,0.3660267668531574,SIMULATED,NORMAL
2026-06-18T12:38:40.138358+00:00,DION_001,228505,0.4784795657883032,SIMULATED,NORMAL
2026-06-18T12:38:40.148758+00:00,DION_001,228506,0.623432809177157,SIMULATED,NORMAL
2026-06-18T12:38:40.159139+00:00,DION_001,228507,0.6003385474086965,SIMULATED,NORMAL
2026-06-18T12:38:40.169526+00:00,DION_001,228508,0.6098801188108546,SIMULATED,NORMAL
2026-06-18T12:38:40.179930+00:00,DION_001,228509,0.6669450541490014,SIMULATED,NORMAL
2026-06-18T12:38:40.190352+00:00,DION_001,228510,2.431871460751082,SIMULATED,EVENT_DETECTED
2026-06-18T12:38:40.201101+00:00,DION_001,228511,0.5661120875967578,SIMULATED,NORMAL
2026-06-18T12:38:40.211546+00:00,DION_001,228512,0.7609159266396672,SIMULATED,NORMAL
2026-06-18T12:38:40.222045+00:00,DION_001,228513,0.8313504151439504,SIMULATED,NORMAL
2026-06-18T12:38:40.232543+00:00,DION_001,228514,0.956591500064774,SIMULATED,NORMAL
2026-06-18T12:38:40.242945+00:00,DION_001,228515,0.657561531706731,SIMULATED,NORMAL
2026-06-18T12:38:40.253330+00:00,DION_001,228516,0.6688843657553305,SIMULATED,NORMAL
2026-06-18T12:38:40.263742+00:00,DION_001,228517,0.6973641011434365,SIMULATED,NORMAL
2026-06-18T12:38:40.274223+00:00,DION_001,228518,0.708715056439121,SIMULATED,NORMAL
2026-06-18T12:38:40.284603+00:00,DION_001,228519,0.7907590063949178,SIMULATED,NORMAL
2026-06-18T12:38:40.294983+00:00,DION_001,228520,0.4088180783998693,SIMULATED,NORMAL
2026-06-18T12:38:40.305359+00:00,DION_001,228521,0.7964262081738662,SIMULATED,NORMAL
2026-06-18T12:38:40.315701+00:00,DION_001,228522,0.7204660480590586,SIMULATED,NORMAL
2026-06-18T12:38:40.326123+00:00,DION_001,228523,0.84065043785105,SIMULATED,NORMAL
2026-06-18T12:38:40.336597+00:00,DION_001,228524,0.6236873679064713,SIMULATED,NORMAL
2026-06-18T12:38:40.346942+00:00,DION_001,228525,0.5467899521553244,SIMULATED,NORMAL
2026-06-18T12:38:40.357355+00:00,DION_001,228526,0.8879748707583852,SIMULATED,NORMAL
2026-06-18T12:38:40.367756+00:00,DION_001,228527,0.5072254992977238,SIMULATED,NORMAL
2026-06-18T12:38:40.378247+00:00,DION_001,228528,0.7437278949753101,SIMULATED,NORMAL
2026-06-18T12:38:40.388629+00:00,DION_001,228529,0.4084169082888486,SIMULATED,NORMAL
2026-06-18T12:38:40.398996+00:00,DION_001,228530,0.5496425012094857,SIMULATED,NORMAL
2026-06-18T12:38:40.409767+00:00,DION_001,228531,0.5627799405092033,SIMULATED,NORMAL
2026-06-18T12:38:40.420645+00:00,DION_001,228532,0.45593140881399535,SIMULATED,NORMAL
2026-06-18T12:38:40.430983+00:00,DION_001,228533,0.4573944679656994,SIMULATED,NORMAL
2026-06-18T12:38:40.441364+00:00,DION_001,228534,0.4609302053547235,SIMULATED,NORMAL
2026-06-18T12:38:40.451772+00:00,DION_001,228535,0.3969448934425548,SIMULATED,NORMAL
2026-06-18T12:38:40.462127+00:00,DION_001,228536,0.2132537276577174,SIMULATED,NORMAL
2026-06-18T12:38:40.472584+00:00,DION_001,228537,0.30126257139740586,SIMULATED,NORMAL
2026-06-18T12:38:40.483080+00:00,DION_001,228538,0.42393261248261593,SIMULATED,NORMAL
2026-06-18T12:38:40.493574+00:00,DION_001,228539,0.12287172512933553,SIMULATED,NORMAL
2026-06-18T12:38:40.503952+00:00,DION_001,228540,0.2250729278863202,SIMULATED,NORMAL
2026-06-18T12:38:40.514326+00:00,DION_001,228541,0.15179279398440534,SIMULATED,NORMAL
2026-06-18T12:38:40.524717+00:00,DION_001,228542,0.25205060719920386,SIMULATED,NORMAL
2026-06-18T12:38:40.535131+00:00,DION_001,228543,0.24234699103887472,SIMULATED,NORMAL
2026-06-18T12:38:40.545776+00:00,DION_001,228544,0.16573799205599232,SIMULATED,NORMAL
2026-06-18T12:38:40.556165+00:00,DION_001,228545,0.3897043070438282,SIMULATED,NORMAL
2026-06-18T12:38:40.566545+00:00,DION_001,228546,0.24676180264698333,SIMULATED,NORMAL
2026-06-18T12:38:40.577008+00:00,DION_001,228547,-0.08830711456200652,SIMULATED,NORMAL
2026-06-18T12:38:40.587443+00:00,DION_001,228548,0.04315986616864956,SIMULATED,NORMAL
2026-06-18T12:38:40.597833+00:00,DION_001,228549,0.2841614842250364,SIMULATED,NORMAL
2026-06-18T12:38:40.608211+00:00,DION_001,228550,0.3918020326233218,SIMULATED,NORMAL
2026-06-18T12:38:40.618962+00:00,DION_001,228551,0.22434089828281006,SIMULATED,NORMAL
2026-06-18T12:38:40.629366+00:00,DION_001,228552,0.3233959067569398,SIMULATED,NORMAL
2026-06-18T12:38:40.639759+00:00,DION_001,228553,0.5396552669570713,SIMULATED,NORMAL
2026-06-18T12:38:40.650235+00:00,DION_001,228554,0.26160811283158714,SIMULATED,NORMAL
2026-06-18T12:38:40.660616+00:00,DION_001,228555,0.20584812426311278,SIMULATED,NORMAL
2026-06-18T12:38:40.671036+00:00,DION_001,228556,0.37018805406000327,SIMULATED,NORMAL
2026-06-18T12:38:40.681432+00:00,DION_001,228557,0.38884161890329505,SIMULATED,NORMAL
2026-06-18T12:38:40.691824+00:00,DION_001,228558,2.34943539690733,SIMULATED,EVENT_DETECTED
2026-06-18T12:38:40.702413+00:00,DION_001,228559,0.5844692735298878,SIMULATED,NORMAL
2026-06-18T12:38:40.712798+00:00,DION_001,228560,0.5024066637548876,SIMULATED,NORMAL
2026-06-18T12:38:40.723187+00:00,DION_001,228561,0.5569088390079723,SIMULATED,NORMAL
2026-06-18T12:38:40.733585+00:00,DION_001,228562,0.5882732143629,SIMULATED,NORMAL
2026-06-18T12:38:40.743999+00:00,DION_001,228563,0.5021965273765655,SIMULATED,NORMAL
2026-06-18T12:38:40.754383+00:00,DION_001,228564,0.35870580362032733,SIMULATED,NORMAL
2026-06-18T12:38:40.764760+00:00,DION_001,228565,0.6227098796330524,SIMULATED,NORMAL
2026-06-18T12:38:40.775144+00:00,DION_001,228566,0.7039146722419606,SIMULATED,NORMAL
2026-06-18T12:38:40.785519+00:00,DION_001,228567,0.47194054924881845,SIMULATED,NORMAL
2026-06-18T12:38:40.795966+00:00,DION_001,228568,0.5059081756826183,SIMULATED,NORMAL
2026-06-18T12:38:40.806359+00:00,DION_001,228569,0.7216759958236636,SIMULATED,NORMAL
2026-06-18T12:38:40.816749+00:00,DION_001,228570,0.6626162954057974,SIMULATED,NORMAL
2026-06-18T12:38:40.827141+00:00,DION_001,228571,0.649438461151107,SIMULATED,NORMAL
2026-06-18T12:38:40.837511+00:00,DION_001,228572,0.6035708214965331,SIMULATED,NORMAL
2026-06-18T12:38:40.847885+00:00,DION_001,228573,0.7089482819589525,SIMULATED,NORMAL
2026-06-18T12:38:40.858230+00:00,DION_001,228574,0.8005790785971543,SIMULATED,NORMAL
2026-06-18T12:38:40.868585+00:00,DION_001,228575,1.003130650940523,SIMULATED,NORMAL
2026-06-18T12:38:40.879039+00:00,DION_001,228576,0.8308216577680344,SIMULATED,NORMAL
2026-06-18T12:38:40.889448+00:00,DION_001,228577,0.843864351865272,SIMULATED,NORMAL
2026-06-18T12:38:40.899852+00:00,DION_001,228578,1.1178793858232725,SIMULATED,NORMAL
2026-06-18T12:38:40.910212+00:00,DION_001,228579,1.1361771738323632,SIMULATED,NORMAL
2026-06-18T12:38:40.920542+00:00,DION_001,228580,1.0785431775357686,SIMULATED,NORMAL
2026-06-18T12:38:40.930970+00:00,DION_001,228581,1.128681889489414,SIMULATED,NORMAL
2026-06-18T12:38:40.941405+00:00,DION_001,228582,1.0447442366157138,SIMULATED,NORMAL
2026-06-18T12:38:40.951958+00:00,DION_001,228583,1.1970641520125453,SIMULATED,NORMAL
2026-06-18T12:38:40.962797+00:00,DION_001,228584,0.9989517993058639,SIMULATED,NORMAL
2026-06-18T12:38:40.973221+00:00,DION_001,228585,1.2515116692783064,SIMULATED,NORMAL
2026-06-18T12:38:40.983534+00:00,DION_001,228586,0.9184804677431828,SIMULATED,NORMAL
2026-06-18T12:38:40.993946+00:00,DION_001,228587,1.2846453906666595,SIMULATED,NORMAL
2026-06-18T12:38:41.004442+00:00,DION_001,228588,1.2577874870692771,SIMULATED,NORMAL
2026-06-18T12:38:41.014814+00:00,DION_001,228589,1.4595754904518978,SIMULATED,NORMAL
2026-06-18T12:38:41.025334+00:00,DION_001,228590,1.1768144944320171,SIMULATED,NORMAL
2026-06-18T12:38:41.035699+00:00,DION_001,228591,1.3690758774258387,SIMULATED,NORMAL
2026-06-18T12:38:41.046090+00:00,DION_001,228592,1.3470506312322672,SIMULATED,NORMAL
2026-06-18T12:38:41.056563+00:00,DION_001,228593,1.1330494009309113,SIMULATED,NORMAL
2026-06-18T12:38:41.066948+00:00,DION_001,228594,1.411004097599717,SIMULATED,NORMAL
2026-06-18T12:38:41.077386+00:00,DION_001,228595,1.0720538660662902,SIMULATED,NORMAL
2026-06-18T12:38:41.087834+00:00,DION_001,228596,1.289366677096688,SIMULATED,NORMAL
2026-06-18T12:38:41.098352+00:00,DION_001,228597,1.4095296720086385,SIMULATED,NORMAL
2026-06-18T12:38:41.108709+00:00,DION_001,228598,0.9613075298261048,SIMULATED,NORMAL
2026-06-18T12:38:41.119039+00:00,DION_001,228599,1.0213089480392814,SIMULATED,NORMAL
2026-06-18T12:38:41.129511+00:00,DION_001,228600,0.9450765159649703,SIMULATED,NORMAL
2026-06-18T12:38:41.139894+00:00,DION_001,228601,0.9160392015370787,SIMULATED,NORMAL
2026-06-18T12:38:41.150349+00:00,DION_001,228602,1.3034542372262619,SIMULATED,NORMAL
2026-06-18T12:38:41.160826+00:00,DION_001,228603,1.1075062119463566,SIMULATED,NORMAL
2026-06-18T12:38:41.172004+00:00,DION_001,228604,1.2143891438417014,SIMULATED,NORMAL
2026-06-18T12:38:41.182390+00:00,DION_001,228605,0.8201164164716975,SIMULATED,NORMAL
2026-06-18T12:38:41.192845+00:00,DION_001,228606,0.9115378847751119,SIMULATED,NORMAL
2026-06-18T12:38:41.203206+00:00,DION_001,228607,0.7868286155545564,SIMULATED,NORMAL
2026-06-18T12:38:41.213593+00:00,DION_001,228608,0.8540019424789691,SIMULATED,NORMAL
2026-06-18T12:38:41.224010+00:00,DION_001,228609,0.7971716317597829,SIMULATED,NORMAL
2026-06-18T12:38:41.234406+00:00,DION_001,228610,1.0017860103174259,SIMULATED,NORMAL
2026-06-18T12:38:41.244925+00:00,DION_001,228611,0.4856473241522308,SIMULATED,NORMAL
2026-06-18T12:38:41.255456+00:00,DION_001,228612,0.5140707874944783,SIMULATED,NORMAL
2026-06-18T12:38:41.265818+00:00,DION_001,228613,0.6119011094299134,SIMULATED,NORMAL
2026-06-18T12:38:41.276196+00:00,DION_001,228614,0.549607084622228,SIMULATED,NORMAL
2026-06-18T12:38:41.286565+00:00,DION_001,228615,0.611352391235822,SIMULATED,NORMAL
2026-06-18T12:38:41.296926+00:00,DION_001,228616,0.6247316877142884,SIMULATED,NORMAL
2026-06-18T12:38:41.307345+00:00,DION_001,228617,0.5455698505657706,SIMULATED,NORMAL
2026-06-18T12:38:41.317685+00:00,DION_001,228618,0.5182464618768391,SIMULATED,NORMAL
2026-06-18T12:38:41.328040+00:00,DION_001,228619,0.4580279206850046,SIMULATED,NORMAL
2026-06-18T12:38:41.338447+00:00,DION_001,228620,0.45722976516976566,SIMULATED,NORMAL
2026-06-18T12:38:41.348914+00:00,DION_001,228621,0.17225369070941698,SIMULATED,NORMAL
2026-06-18T12:38:41.359230+00:00,DION_001,228622,0.5024767491238542,SIMULATED,NORMAL
2026-06-18T12:38:41.369604+00:00,DION_001,228623,0.3559117563704097,SIMULATED,NORMAL
2026-06-18T12:38:41.380088+00:00,DION_001,228624,0.24439092034337828,SIMULATED,NORMAL
2026-06-18T12:38:41.390676+00:00,DION_001,228625,0.32642830657785205,SIMULATED,NORMAL
2026-06-18T12:38:41.401081+00:00,DION_001,228626,0.4897021180150709,SIMULATED,NORMAL
2026-06-18T12:38:41.411378+00:00,DION_001,228627,0.06520214102002655,SIMULATED,NORMAL
2026-06-18T12:38:41.421696+00:00,DION_001,228628,0.5071366508616761,SIMULATED,NORMAL
2026-06-18T12:38:41.432050+00:00,DION_001,228629,0.19843881007252162,SIMULATED,NORMAL
2026-06-18T12:38:41.442399+00:00,DION_001,228630,0.45652119191427554,SIMULATED,NORMAL
2026-06-18T12:38:41.452888+00:00,DION_001,228631,-2.551620182939346,SIMULATED,EVENT_DETECTED
2026-06-18T12:38:41.463480+00:00,DION_001,228632,0.2572964029533833,SIMULATED,NORMAL
2026-06-18T12:38:41.473857+00:00,DION_001,228633,0.4117172759116543,SIMULATED,NORMAL
2026-06-18T12:38:41.484281+00:00,DION_001,228634,0.32419421344563204,SIMULATED,NORMAL
2026-06-18T12:38:41.494672+00:00,DION_001,228635,0.2833396227705497,SIMULATED,NORMAL
2026-06-18T12:38:41.505009+00:00,DION_001,228636,0.40161985170358494,SIMULATED,NORMAL
2026-06-18T12:38:41.515368+00:00,DION_001,228637,-0.05547342687589152,SIMULATED,NORMAL
2026-06-18T12:38:41.525772+00:00,DION_001,228638,-0.020701310808331208,SIMULATED,NORMAL
2026-06-18T12:38:41.536187+00:00,DION_001,228639,0.24573028516644838,SIMULATED,NORMAL
2026-06-18T12:38:41.546614+00:00,DION_001,228640,0.1382173296527585,SIMULATED,NORMAL
2026-06-18T12:38:41.557007+00:00,DION_001,228641,0.3942924784981998,SIMULATED,NORMAL
2026-06-18T12:38:41.567364+00:00,DION_001,228642,0.024835209891565957,SIMULATED,NORMAL
2026-06-18T12:38:41.577729+00:00,DION_001,228643,0.31117050321048734,SIMULATED,NORMAL
2026-06-18T12:38:41.588066+00:00,DION_001,228644,0.2045452948871494,SIMULATED,NORMAL
2026-06-18T12:38:41.598779+00:00,DION_001,228645,0.3055599635918225,SIMULATED,NORMAL
2026-06-18T12:38:41.609275+00:00,DION_001,228646,2.6951093615487656,SIMULATED,EVENT_DETECTED
2026-06-18T12:38:41.620729+00:00,DION_001,228647,0.33996700667401286,SIMULATED,NORMAL
2026-06-18T12:38:41.631087+00:00,DION_001,228648,0.057755509021329365,SIMULATED,NORMAL
2026-06-18T12:38:41.641452+00:00,DION_001,228649,0.3823764611684278,SIMULATED,NORMAL
2026-06-18T12:38:41.651877+00:00,DION_001,228650,0.14867241463580186,SIMULATED,NORMAL
2026-06-18T12:38:41.662229+00:00,DION_001,228651,2.585209688524213,SIMULATED,EVENT_DETECTED
2026-06-18T12:38:41.672778+00:00,DION_001,228652,0.34695604439217026,SIMULATED,NORMAL
2026-06-18T12:38:41.683178+00:00,DION_001,228653,0.45651322765121,SIMULATED,NORMAL
2026-06-18T12:38:41.693590+00:00,DION_001,228654,0.4256257018639379,SIMULATED,NORMAL
2026-06-18T12:38:41.704269+00:00,DION_001,228655,0.3311194890276311,SIMULATED,NORMAL
2026-06-18T12:38:41.714682+00:00,DION_001,228656,0.42347178526356694,SIMULATED,NORMAL
2026-06-18T12:38:41.725201+00:00,DION_001,228657,0.45612547269711456,SIMULATED,NORMAL
2026-06-18T12:38:41.736006+00:00,DION_001,228658,0.521439908310725,SIMULATED,NORMAL
2026-06-18T12:38:41.746415+00:00,DION_001,228659,0.41473865331897264,SIMULATED,NORMAL
2026-06-18T12:38:41.757393+00:00,DION_001,228660,0.7033581869796487,SIMULATED,NORMAL
2026-06-18T12:38:41.767794+00:00,DION_001,228661,0.6154576097091267,SIMULATED,NORMAL
2026-06-18T12:38:41.778196+00:00,DION_001,228662,0.5878385408157786,SIMULATED,NORMAL
2026-06-18T12:38:41.788651+00:00,DION_001,228663,0.4749651193900326,SIMULATED,NORMAL
2026-06-18T12:38:41.799061+00:00,DION_001,228664,0.724953474716442,SIMULATED,NORMAL
2026-06-18T12:38:41.809479+00:00,DION_001,228665,0.6728126575135142,SIMULATED,NORMAL
2026-06-18T12:38:41.819943+00:00,DION_001,228666,0.795092264465337,SIMULATED,NORMAL
2026-06-18T12:38:41.830306+00:00,DION_001,228667,0.38548354127924067,SIMULATED,NORMAL
2026-06-18T12:38:41.840698+00:00,DION_001,228668,0.5583251992857138,SIMULATED,NORMAL
2026-06-18T12:38:41.851117+00:00,DION_001,228669,0.6452397184466113,SIMULATED,NORMAL
2026-06-18T12:38:41.861453+00:00,DION_001,228670,0.5697411560205634,SIMULATED,NORMAL
2026-06-18T12:38:41.871790+00:00,DION_001,228671,0.6549822146686204,SIMULATED,NORMAL
2026-06-18T12:38:41.882238+00:00,DION_001,228672,0.8680451741405212,SIMULATED,NORMAL
2026-06-18T12:38:41.892566+00:00,DION_001,228673,0.29210828105547954,SIMULATED,NORMAL
2026-06-18T12:38:41.902981+00:00,DION_001,228674,0.8107499066889827,SIMULATED,NORMAL
2026-06-18T12:38:41.913368+00:00,DION_001,228675,0.5495497851937841,SIMULATED,NORMAL
2026-06-18T12:38:41.924718+00:00,DION_001,228676,0.5019991664838664,SIMULATED,NORMAL
2026-06-18T12:38:41.935059+00:00,DION_001,228677,0.3595632158831811,SIMULATED,NORMAL
2026-06-18T12:38:41.945432+00:00,DION_001,228678,0.5825189314978547,SIMULATED,NORMAL
2026-06-18T12:38:41.955849+00:00,DION_001,228679,0.305372249115969,SIMULATED,NORMAL
2026-06-18T12:38:41.966209+00:00,DION_001,228680,0.4845998143980117,SIMULATED,NORMAL
2026-06-18T12:38:41.976553+00:00,DION_001,228681,0.4795818794768003,SIMULATED,NORMAL
2026-06-18T12:38:41.986978+00:00,DION_001,228682,0.15719776396117058,SIMULATED,NORMAL
2026-06-18T12:38:41.997334+00:00,DION_001,228683,0.25869452454795333,SIMULATED,NORMAL
2026-06-18T12:38:42.007704+00:00,DION_001,228684,-0.016610250883764388,SIMULATED,NORMAL
2026-06-18T12:38:42.018079+00:00,DION_001,228685,0.0800052275468759,SIMULATED,NORMAL
2026-06-18T12:38:42.028544+00:00,DION_001,228686,0.007193250628380415,SIMULATED,NORMAL
2026-06-18T12:38:42.038988+00:00,DION_001,228687,0.1265877502473955,SIMULATED,NORMAL
2026-06-18T12:38:42.049646+00:00,DION_001,228688,-0.04611350034349641,SIMULATED,NORMAL
2026-06-18T12:38:42.060088+00:00,DION_001,228689,-0.25964833836932466,SIMULATED,NORMAL
2026-06-18T12:38:42.070794+00:00,DION_001,228690,0.11726478340501754,SIMULATED,NORMAL
2026-06-18T12:38:42.081176+00:00,DION_001,228691,-0.0028756828741510615,SIMULATED,NORMAL
2026-06-18T12:38:42.091537+00:00,DION_001,228692,-0.23632490505953976,SIMULATED,NORMAL
2026-06-18T12:38:42.101970+00:00,DION_001,228693,-0.24579969505875537,SIMULATED,NORMAL
2026-06-18T12:38:42.112473+00:00,DION_001,228694,-0.0887531773987473,SIMULATED,NORMAL
2026-06-18T12:38:42.123164+00:00,DION_001,228695,-0.37953853408952964,SIMULATED,NORMAL
2026-06-18T12:38:42.133529+00:00,DION_001,228696,-0.3459802929339293,SIMULATED,NORMAL
2026-06-18T12:38:42.143918+00:00,DION_001,228697,-0.5269168226790886,SIMULATED,NORMAL
2026-06-18T12:38:42.154477+00:00,DION_001,228698,-0.4734139360414132,SIMULATED,NORMAL
2026-06-18T12:38:42.165144+00:00,DION_001,228699,-0.3703438085407532,SIMULATED,NORMAL
2026-06-18T12:38:42.175520+00:00,DION_001,228700,-0.7047223235995932,SIMULATED,NORMAL
2026-06-18T12:38:42.185934+00:00,DION_001,228701,-0.6369327110115531,SIMULATED,NORMAL
2026-06-18T12:38:42.196595+00:00,DION_001,228702,-0.32658880074678764,SIMULATED,NORMAL
2026-06-18T12:38:42.206968+00:00,DION_001,228703,-3.3663642398875644,SIMULATED,EVENT_DETECTED
2026-06-18T12:38:42.217693+00:00,DION_001,228704,-0.8270101740387154,SIMULATED,NORMAL
2026-06-18T12:38:42.228092+00:00,DION_001,228705,-0.7202794099370902,SIMULATED,NORMAL
2026-06-18T12:38:42.238497+00:00,DION_001,228706,-0.4816877354050081,SIMULATED,NORMAL
2026-06-18T12:38:42.248901+00:00,DION_001,228707,-0.7953264614018426,SIMULATED,NORMAL
2026-06-18T12:38:42.259261+00:00,DION_001,228708,-1.0349598935228583,SIMULATED,NORMAL
2026-06-18T12:38:42.269656+00:00,DION_001,228709,-0.5860780534316783,SIMULATED,NORMAL
2026-06-18T12:38:42.280202+00:00,DION_001,228710,-0.8237292685335498,SIMULATED,NORMAL
2026-06-18T12:38:42.291388+00:00,DION_001,228711,-0.8859820206021916,SIMULATED,NORMAL
2026-06-18T12:38:42.301880+00:00,DION_001,228712,-0.6824764608445728,SIMULATED,NORMAL
2026-06-18T12:38:42.312228+00:00,DION_001,228713,-0.5943811915960753,SIMULATED,NORMAL
2026-06-18T12:38:42.322722+00:00,DION_001,228714,-0.6415650116872111,SIMULATED,NORMAL
2026-06-18T12:38:42.333095+00:00,DION_001,228715,-0.8550525487220557,SIMULATED,NORMAL
2026-06-18T12:38:42.343532+00:00,DION_001,228716,-0.6618622720116789,SIMULATED,NORMAL
2026-06-18T12:38:42.354006+00:00,DION_001,228717,-0.7415240451849765,SIMULATED,NORMAL
2026-06-18T12:38:42.364546+00:00,DION_001,228718,-0.7054261957084127,SIMULATED,NORMAL
2026-06-18T12:38:42.374889+00:00,DION_001,228719,-0.8296206307168758,SIMULATED,NORMAL
2026-06-18T12:38:42.385521+00:00,DION_001,228720,-0.8054534932604486,SIMULATED,NORMAL
2026-06-18T12:38:42.395982+00:00,DION_001,228721,-0.9283065888255457,SIMULATED,NORMAL
2026-06-18T12:38:42.406493+00:00,DION_001,228722,-0.3620575417085224,SIMULATED,NORMAL
2026-06-18T12:38:42.416918+00:00,DION_001,228723,-0.7189262192649627,SIMULATED,NORMAL
2026-06-18T12:38:42.427655+00:00,DION_001,228724,-0.5724640762688997,SIMULATED,NORMAL
2026-06-18T12:38:42.438069+00:00,DION_001,228725,-0.6621109973416308,SIMULATED,NORMAL
2026-06-18T12:38:42.448523+00:00,DION_001,228726,-0.5206342747822761,SIMULATED,NORMAL
2026-06-18T12:38:42.459518+00:00,DION_001,228727,-0.6262818831025002,SIMULATED,NORMAL
2026-06-18T12:38:42.469902+00:00,DION_001,228728,-0.8009636204052907,SIMULATED,NORMAL
2026-06-18T12:38:42.480349+00:00,DION_001,228729,-0.7453725346497717,SIMULATED,NORMAL
2026-06-18T12:38:42.490775+00:00,DION_001,228730,-0.7779740268467467,SIMULATED,NORMAL
2026-06-18T12:38:42.501228+00:00,DION_001,228731,-0.4622291858394168,SIMULATED,NORMAL
2026-06-18T12:38:42.511611+00:00,DION_001,228732,-0.5130210171270093,SIMULATED,NORMAL
2026-06-18T12:38:42.522236+00:00,DION_001,228733,-0.6025147298967979,SIMULATED,NORMAL
2026-06-18T12:38:42.532622+00:00,DION_001,228734,-0.5342126749098757,SIMULATED,NORMAL
2026-06-18T12:38:42.543109+00:00,DION_001,228735,-0.413214527923616,SIMULATED,NORMAL
2026-06-18T12:38:42.553470+00:00,DION_001,228736,-0.5215897910660958,SIMULATED,NORMAL
2026-06-18T12:38:42.563793+00:00,DION_001,228737,-0.6361160607968108,SIMULATED,NORMAL
2026-06-18T12:38:42.574185+00:00,DION_001,228738,-0.44533889741637467,SIMULATED,NORMAL
2026-06-18T12:38:42.584922+00:00,DION_001,228739,-0.34969574404605774,SIMULATED,NORMAL
2026-06-18T12:38:42.595700+00:00,DION_001,228740,-0.41569772386642445,SIMULATED,NORMAL
2026-06-18T12:38:42.606217+00:00,DION_001,228741,-0.5171695888833925,SIMULATED,NORMAL
2026-06-18T12:38:42.616534+00:00,DION_001,228742,-0.1723101790721759,SIMULATED,NORMAL
2026-06-18T12:38:42.626856+00:00,DION_001,228743,-0.40907021342559613,SIMULATED,NORMAL
2026-06-18T12:38:42.637233+00:00,DION_001,228744,-0.2767708494100172,SIMULATED,NORMAL
2026-06-18T12:38:42.647577+00:00,DION_001,228745,-0.346197638385493,SIMULATED,NORMAL
2026-06-18T12:38:42.658007+00:00,DION_001,228746,-0.28360688407039436,SIMULATED,NORMAL
2026-06-18T12:38:42.668454+00:00,DION_001,228747,-0.4244730357004871,SIMULATED,NORMAL
2026-06-18T12:38:42.678793+00:00,DION_001,228748,-0.39593279842831813,SIMULATED,NORMAL
2026-06-18T12:38:42.689161+00:00,DION_001,228749,-0.4089462535133969,SIMULATED,NORMAL
2026-06-18T12:38:42.699536+00:00,DION_001,228750,-0.4183847657803171,SIMULATED,NORMAL
2026-06-18T12:38:42.709983+00:00,DION_001,228751,-0.11318843602513948,SIMULATED,NORMAL
2026-06-18T12:38:42.720679+00:00,DION_001,228752,-0.13214816737341306,SIMULATED,NORMAL
2026-06-18T12:38:42.731140+00:00,DION_001,228753,-0.20835832537689564,SIMULATED,NORMAL
2026-06-18T12:38:42.741540+00:00,DION_001,228754,-0.3549156502175136,SIMULATED,NORMAL
2026-06-18T12:38:42.751968+00:00,DION_001,228755,-0.24870189048644742,SIMULATED,NORMAL
2026-06-18T12:38:42.762624+00:00,DION_001,228756,-0.43494793030396467,SIMULATED,NORMAL
2026-06-18T12:38:42.773411+00:00,DION_001,228757,-0.34234810157801143,SIMULATED,NORMAL
2026-06-18T12:38:42.783805+00:00,DION_001,228758,-0.3767726808506612,SIMULATED,NORMAL
2026-06-18T12:38:42.794202+00:00,DION_001,228759,-0.2803147976275927,SIMULATED,NORMAL
2026-06-18T12:38:42.804616+00:00,DION_001,228760,-0.21093888574568553,SIMULATED,NORMAL
2026-06-18T12:38:42.815067+00:00,DION_001,228761,-0.12677439058910456,SIMULATED,NORMAL
2026-06-18T12:38:42.825474+00:00,DION_001,228762,-0.6094625286629262,SIMULATED,NORMAL
2026-06-18T12:38:42.835896+00:00,DION_001,228763,-0.4763609596405043,SIMULATED,NORMAL
2026-06-18T12:38:42.846270+00:00,DION_001,228764,-0.5888011594565052,SIMULATED,NORMAL
2026-06-18T12:38:42.856745+00:00,DION_001,228765,-0.6661592948417572,SIMULATED,NORMAL
2026-06-18T12:38:42.867145+00:00,DION_001,228766,-0.4101294958457363,SIMULATED,NORMAL
2026-06-18T12:38:42.877552+00:00,DION_001,228767,-0.7495100798486458,SIMULATED,NORMAL
2026-06-18T12:38:42.888787+00:00,DION_001,228768,-0.6661111322997393,SIMULATED,NORMAL
2026-06-18T12:38:42.899598+00:00,DION_001,228769,-0.4958240343297948,SIMULATED,NORMAL
2026-06-18T12:38:42.910040+00:00,DION_001,228770,-0.9831027373689822,SIMULATED,NORMAL
2026-06-18T12:38:42.920489+00:00,DION_001,228771,-0.7450189264119619,SIMULATED,NORMAL
2026-06-18T12:38:42.930895+00:00,DION_001,228772,-1.0269762511564589,SIMULATED,NORMAL
2026-06-18T12:38:42.941283+00:00,DION_001,228773,-0.6684815426821282,SIMULATED,NORMAL
2026-06-18T12:38:42.951682+00:00,DION_001,228774,-1.0233292020398577,SIMULATED,NORMAL
2026-06-18T12:38:42.962105+00:00,DION_001,228775,-1.2689914835299836,SIMULATED,NORMAL
2026-06-18T12:38:42.972643+00:00,DION_001,228776,-0.8548163107807812,SIMULATED,NORMAL
2026-06-18T12:38:42.983070+00:00,DION_001,228777,-1.1399802630554396,SIMULATED,NORMAL
2026-06-18T12:38:42.993402+00:00,DION_001,228778,-1.154430360466509,SIMULATED,NORMAL
2026-06-18T12:38:43.003741+00:00,DION_001,228779,-0.9275263977654558,SIMULATED,NORMAL
2026-06-18T12:38:43.014202+00:00,DION_001,228780,-0.9491495607936882,SIMULATED,NORMAL
2026-06-18T12:38:43.024618+00:00,DION_001,228781,-0.7973246334976349,SIMULATED,NORMAL
2026-06-18T12:38:43.034992+00:00,DION_001,228782,-1.2732116938692657,SIMULATED,NORMAL
2026-06-18T12:38:43.045364+00:00,DION_001,228783,-1.001672000512203,SIMULATED,NORMAL
2026-06-18T12:38:43.055744+00:00,DION_001,228784,-1.2239885264552808,SIMULATED,NORMAL
2026-06-18T12:38:43.066206+00:00,DION_001,228785,-1.202017307477286,SIMULATED,NORMAL
2026-06-18T12:38:43.077293+00:00,DION_001,228786,-1.3172764139863875,SIMULATED,NORMAL
2026-06-18T12:38:43.087741+00:00,DION_001,228787,-1.3661592325443255,SIMULATED,NORMAL
2026-06-18T12:38:43.098103+00:00,DION_001,228788,-1.126463147479667,SIMULATED,NORMAL
2026-06-18T12:38:43.108632+00:00,DION_001,228789,-1.2987523107464394,SIMULATED,NORMAL
2026-06-18T12:38:43.118972+00:00,DION_001,228790,-1.2785756251006213,SIMULATED,NORMAL
2026-06-18T12:38:43.129404+00:00,DION_001,228791,-1.3077949222960108,SIMULATED,NORMAL
2026-06-18T12:38:43.139823+00:00,DION_001,228792,-1.1943891723989688,SIMULATED,NORMAL
2026-06-18T12:38:43.150245+00:00,DION_001,228793,-1.350652065770733,SIMULATED,NORMAL
2026-06-18T12:38:43.160787+00:00,DION_001,228794,-0.9958327488034475,SIMULATED,NORMAL
2026-06-18T12:38:43.171207+00:00,DION_001,228795,-1.019465169802998,SIMULATED,NORMAL
2026-06-18T12:38:43.181651+00:00,DION_001,228796,-1.0189170599495585,SIMULATED,NORMAL
2026-06-18T12:38:43.192769+00:00,DION_001,228797,-1.04373073173376,SIMULATED,NORMAL
2026-06-18T12:38:43.203148+00:00,DION_001,228798,-1.230319365897657,SIMULATED,NORMAL
2026-06-18T12:38:43.213560+00:00,DION_001,228799,-1.028953758926047,SIMULATED,NORMAL
2026-06-18T12:38:43.223968+00:00,DION_001,228800,-0.7723880803950519,SIMULATED,NORMAL
2026-06-18T12:38:43.234426+00:00,DION_001,228801,-1.215631060319036,SIMULATED,NORMAL
2026-06-18T12:38:43.244858+00:00,DION_001,228802,-1.082141548496509,SIMULATED,NORMAL
2026-06-18T12:38:43.255243+00:00,DION_001,228803,-0.8761819424198163,SIMULATED,NORMAL
2026-06-18T12:38:43.265637+00:00,DION_001,228804,-0.5547681200115111,SIMULATED,NORMAL
2026-06-18T12:38:43.276054+00:00,DION_001,228805,-0.8930911954159755,SIMULATED,NORMAL
2026-06-18T12:38:43.286407+00:00,DION_001,228806,-0.920811794384406,SIMULATED,NORMAL
2026-06-18T12:38:43.296865+00:00,DION_001,228807,-0.9370104536532793,SIMULATED,NORMAL
2026-06-18T12:38:43.307239+00:00,DION_001,228808,-0.8181374063369913,SIMULATED,NORMAL
2026-06-18T12:38:43.317690+00:00,DION_001,228809,-0.6243663719882382,SIMULATED,NORMAL
2026-06-18T12:38:43.328294+00:00,DION_001,228810,-0.8644036255947201,SIMULATED,NORMAL
2026-06-18T12:38:43.338811+00:00,DION_001,228811,-0.7876562238840847,SIMULATED,NORMAL
2026-06-18T12:38:43.349250+00:00,DION_001,228812,-0.5638896983476783,SIMULATED,NORMAL
2026-06-18T12:38:43.359653+00:00,DION_001,228813,-0.5876470327972328,SIMULATED,NORMAL
2026-06-18T12:38:43.370219+00:00,DION_001,228814,-0.5610938011239469,SIMULATED,NORMAL
2026-06-18T12:38:43.381118+00:00,DION_001,228815,-0.44453782109646356,SIMULATED,NORMAL
2026-06-18T12:38:43.391499+00:00,DION_001,228816,-0.5113628922278484,SIMULATED,NORMAL
2026-06-18T12:38:43.401891+00:00,DION_001,228817,-0.6278881528149839,SIMULATED,NORMAL
2026-06-18T12:38:43.412293+00:00,DION_001,228818,-0.4106061569753295,SIMULATED,NORMAL
2026-06-18T12:38:43.422673+00:00,DION_001,228819,-0.2605621317257931,SIMULATED,NORMAL
2026-06-18T12:38:43.433090+00:00,DION_001,228820,-0.20613986013235291,SIMULATED,NORMAL
2026-06-18T12:38:43.443446+00:00,DION_001,228821,-0.16099924811701605,SIMULATED,NORMAL
2026-06-18T12:38:43.453864+00:00,DION_001,228822,-0.6125334922498531,SIMULATED,NORMAL
2026-06-18T12:38:43.464290+00:00,DION_001,228823,-0.2852149318827771,SIMULATED,NORMAL
2026-06-18T12:38:43.474680+00:00,DION_001,228824,-0.09747048604374309,SIMULATED,NORMAL
2026-06-18T12:38:43.485066+00:00,DION_001,228825,0.04059153525905573,SIMULATED,NORMAL
2026-06-18T12:38:43.495482+00:00,DION_001,228826,-0.11199697135185092,SIMULATED,NORMAL
2026-06-18T12:38:43.505933+00:00,DION_001,228827,-0.3306239318814149,SIMULATED,NORMAL
2026-06-18T12:38:43.516433+00:00,DION_001,228828,-0.37918797097131396,SIMULATED,NORMAL
2026-06-18T12:38:43.526934+00:00,DION_001,228829,-0.22947919514332626,SIMULATED,NORMAL
2026-06-18T12:38:43.537649+00:00,DION_001,228830,-0.1847497788546879,SIMULATED,NORMAL
2026-06-18T12:38:43.548151+00:00,DION_001,228831,-0.2968887922293019,SIMULATED,NORMAL
2026-06-18T12:38:43.558543+00:00,DION_001,228832,-0.2609045935594444,SIMULATED,NORMAL
2026-06-18T12:38:43.568906+00:00,DION_001,228833,0.06668685030492308,SIMULATED,NORMAL
2026-06-18T12:38:43.579268+00:00,DION_001,228834,-0.27899365926382647,SIMULATED,NORMAL
2026-06-18T12:38:43.589663+00:00,DION_001,228835,0.2865597325613244,SIMULATED,NORMAL
2026-06-18T12:38:43.600052+00:00,DION_001,228836,-0.08825360449041422,SIMULATED,NORMAL
2026-06-18T12:38:43.610431+00:00,DION_001,228837,-0.20337033750210853,SIMULATED,NORMAL
2026-06-18T12:38:43.620854+00:00,DION_001,228838,-0.13147259413946297,SIMULATED,NORMAL
2026-06-18T12:38:43.631245+00:00,DION_001,228839,-0.12091983702013759,SIMULATED,NORMAL
2026-06-18T12:38:43.641632+00:00,DION_001,228840,-0.2829323383394319,SIMULATED,NORMAL
2026-06-18T12:38:43.651987+00:00,DION_001,228841,-0.06596366097580404,SIMULATED,NORMAL
2026-06-18T12:38:43.662360+00:00,DION_001,228842,-0.3036157086493643,SIMULATED,NORMAL
2026-06-18T12:38:43.672814+00:00,DION_001,228843,-0.21690260784214146,SIMULATED,NORMAL
2026-06-18T12:38:43.683270+00:00,DION_001,228844,-0.36674591296311265,SIMULATED,NORMAL
2026-06-18T12:38:43.693703+00:00,DION_001,228845,-0.13157778502594392,SIMULATED,NORMAL
2026-06-18T12:38:43.704054+00:00,DION_001,228846,0.024532142993199973,SIMULATED,NORMAL
2026-06-18T12:38:43.714468+00:00,DION_001,228847,-0.3769167110908553,SIMULATED,NORMAL
2026-06-18T12:38:43.724852+00:00,DION_001,228848,-0.329449219274214,SIMULATED,NORMAL
2026-06-18T12:38:43.735314+00:00,DION_001,228849,-0.5039799297152767,SIMULATED,NORMAL
2026-06-18T12:38:43.745756+00:00,DION_001,228850,-0.2968210847430011,SIMULATED,NORMAL
2026-06-18T12:38:43.756114+00:00,DION_001,228851,-0.5468048828398425,SIMULATED,NORMAL
2026-06-18T12:38:43.766445+00:00,DION_001,228852,-0.3546422742891785,SIMULATED,NORMAL
2026-06-18T12:38:43.776797+00:00,DION_001,228853,-0.20994282753720234,SIMULATED,NORMAL
2026-06-18T12:38:43.787224+00:00,DION_001,228854,-0.35405896189745695,SIMULATED,NORMAL
2026-06-18T12:38:43.797698+00:00,DION_001,228855,-0.5802913846220393,SIMULATED,NORMAL
2026-06-18T12:38:43.808135+00:00,DION_001,228856,-0.5234019859650798,SIMULATED,NORMAL
2026-06-18T12:38:43.818541+00:00,DION_001,228857,-0.5630528856597931,SIMULATED,NORMAL
2026-06-18T12:38:43.828929+00:00,DION_001,228858,-0.315093106731546,SIMULATED,NORMAL
2026-06-18T12:38:43.839313+00:00,DION_001,228859,-0.32691496488097055,SIMULATED,NORMAL
2026-06-18T12:38:43.849723+00:00,DION_001,228860,-0.5490706659473349,SIMULATED,NORMAL
2026-06-18T12:38:43.860168+00:00,DION_001,228861,-0.5485894126494824,SIMULATED,NORMAL
2026-06-18T12:38:43.870843+00:00,DION_001,228862,-0.44728609921575646,SIMULATED,NORMAL
2026-06-18T12:38:43.881220+00:00,DION_001,228863,-0.5928454824796296,SIMULATED,NORMAL
2026-06-18T12:38:43.891956+00:00,DION_001,228864,-0.3776163360711619,SIMULATED,NORMAL
2026-06-18T12:38:43.902369+00:00,DION_001,228865,-0.6145757090197931,SIMULATED,NORMAL
2026-06-18T12:38:43.912806+00:00,DION_001,228866,-0.6926265556234317,SIMULATED,NORMAL
2026-06-18T12:38:43.923225+00:00,DION_001,228867,-0.5448685832544309,SIMULATED,NORMAL
2026-06-18T12:38:43.933661+00:00,DION_001,228868,-0.6038448640035787,SIMULATED,NORMAL
2026-06-18T12:38:43.944081+00:00,DION_001,228869,-0.18119350255241762,SIMULATED,NORMAL
2026-06-18T12:38:43.954439+00:00,DION_001,228870,-0.35938802950397475,SIMULATED,NORMAL
2026-06-18T12:38:43.964884+00:00,DION_001,228871,-0.3964017164487537,SIMULATED,NORMAL
2026-06-18T12:38:43.975341+00:00,DION_001,228872,-0.3488350360893309,SIMULATED,NORMAL
2026-06-18T12:38:43.985919+00:00,DION_001,228873,-0.28916109064036466,SIMULATED,NORMAL
2026-06-18T12:38:43.996766+00:00,DION_001,228874,-0.4320728149078169,SIMULATED,NORMAL
2026-06-18T12:38:44.007130+00:00,DION_001,228875,-0.3380461464622804,SIMULATED,NORMAL
2026-06-18T12:38:44.017609+00:00,DION_001,228876,-0.2683036262271047,SIMULATED,NORMAL
2026-06-18T12:38:44.028111+00:00,DION_001,228877,-0.24166346494674013,SIMULATED,NORMAL
2026-06-18T12:38:44.038589+00:00,DION_001,228878,-2.8468235661792893,SIMULATED,EVENT_DETECTED
2026-06-18T12:38:44.049612+00:00,DION_001,228879,-0.2417310981170866,SIMULATED,NORMAL
2026-06-18T12:38:44.060014+00:00,DION_001,228880,-0.04412866574710986,SIMULATED,NORMAL
2026-06-18T12:38:44.070520+00:00,DION_001,228881,-0.22707988050458622,SIMULATED,NORMAL
2026-06-18T12:38:44.080951+00:00,DION_001,228882,-0.2159802892563475,SIMULATED,NORMAL
2026-06-18T12:38:44.091336+00:00,DION_001,228883,-0.19607104586471114,SIMULATED,NORMAL
2026-06-18T12:38:44.101714+00:00,DION_001,228884,-0.43910842063808087,SIMULATED,NORMAL
2026-06-18T12:38:44.112067+00:00,DION_001,228885,-0.018540309102674075,SIMULATED,NORMAL
2026-06-18T12:38:44.122404+00:00,DION_001,228886,0.1099342266299307,SIMULATED,NORMAL
2026-06-18T12:38:44.132797+00:00,DION_001,228887,0.05048362764073096,SIMULATED,NORMAL
2026-06-18T12:38:44.143157+00:00,DION_001,228888,0.2901000038027246,SIMULATED,NORMAL
2026-06-18T12:38:44.153492+00:00,DION_001,228889,0.11697170259715003,SIMULATED,NORMAL
2026-06-18T12:38:44.163872+00:00,DION_001,228890,0.48724983221259266,SIMULATED,NORMAL
2026-06-18T12:38:44.174252+00:00,DION_001,228891,0.33603393528053765,SIMULATED,NORMAL
2026-06-18T12:38:44.184585+00:00,DION_001,228892,0.15365374431400614,SIMULATED,NORMAL
2026-06-18T12:38:44.194938+00:00,DION_001,228893,0.4130917434516711,SIMULATED,NORMAL
2026-06-18T12:38:44.205318+00:00,DION_001,228894,0.4790340932384455,SIMULATED,NORMAL
2026-06-18T12:38:44.215689+00:00,DION_001,228895,0.4389181787210354,SIMULATED,NORMAL
2026-06-18T12:38:44.226077+00:00,DION_001,228896,0.38805581265343725,SIMULATED,NORMAL
2026-06-18T12:38:44.236465+00:00,DION_001,228897,0.3799591970203619,SIMULATED,NORMAL
2026-06-18T12:38:44.246848+00:00,DION_001,228898,0.40767017255098664,SIMULATED,NORMAL
2026-06-18T12:38:44.257236+00:00,DION_001,228899,0.3572719173690133,SIMULATED,NORMAL
2026-06-18T12:38:44.267656+00:00,DION_001,228900,0.4762477705789909,SIMULATED,NORMAL
2026-06-18T12:38:44.278086+00:00,DION_001,228901,1.020374592298255,SIMULATED,NORMAL
2026-06-18T12:38:44.288488+00:00,DION_001,228902,0.588809207470061,SIMULATED,NORMAL
2026-06-18T12:38:44.298885+00:00,DION_001,228903,0.7416444685256853,SIMULATED,NORMAL
2026-06-18T12:38:44.309259+00:00,DION_001,228904,2.4730677662115,SIMULATED,EVENT_DETECTED
2026-06-18T12:38:44.319873+00:00,DION_001,228905,0.8466792434047399,SIMULATED,NORMAL
2026-06-18T12:38:44.330214+00:00,DION_001,228906,0.8475800116830154,SIMULATED,NORMAL
2026-06-18T12:38:44.340598+00:00,DION_001,228907,0.6214679073529286,SIMULATED,NORMAL
2026-06-18T12:38:44.351020+00:00,DION_001,228908,0.9631949958035045,SIMULATED,NORMAL
2026-06-18T12:38:44.361646+00:00,DION_001,228909,0.660305324233607,SIMULATED,NORMAL
2026-06-18T12:38:44.372049+00:00,DION_001,228910,0.7265191225966537,SIMULATED,NORMAL
2026-06-18T12:38:44.382573+00:00,DION_001,228911,1.0686226822209361,SIMULATED,NORMAL
2026-06-18T12:38:44.393069+00:00,DION_001,228912,0.9486633654259858,SIMULATED,NORMAL
2026-06-18T12:38:44.403483+00:00,DION_001,228913,0.91221394448758,SIMULATED,NORMAL
2026-06-18T12:38:44.413885+00:00,DION_001,228914,0.899132455781053,SIMULATED,NORMAL
2026-06-18T12:38:44.424272+00:00,DION_001,228915,0.824232078381925,SIMULATED,NORMAL
2026-06-18T12:38:44.434617+00:00,DION_001,228916,0.9880931276973005,SIMULATED,NORMAL
2026-06-18T12:38:44.445023+00:00,DION_001,228917,1.0941286885825245,SIMULATED,NORMAL
2026-06-18T12:38:44.455455+00:00,DION_001,228918,0.9780784186952963,SIMULATED,NORMAL
2026-06-18T12:38:44.465812+00:00,DION_001,228919,0.8653935470571097,SIMULATED,NORMAL
2026-06-18T12:38:44.476195+00:00,DION_001,228920,0.6785916227140657,SIMULATED,NORMAL
2026-06-18T12:38:44.486518+00:00,DION_001,228921,0.8713824580654579,SIMULATED,NORMAL
2026-06-18T12:38:44.496973+00:00,DION_001,228922,1.1378893095862108,SIMULATED,NORMAL
2026-06-18T12:38:44.507349+00:00,DION_001,228923,0.914074519701914,SIMULATED,NORMAL
2026-06-18T12:38:44.517771+00:00,DION_001,228924,0.5298547119032349,SIMULATED,NORMAL
2026-06-18T12:38:44.528161+00:00,DION_001,228925,0.6413742461837417,SIMULATED,NORMAL
2026-06-18T12:38:44.538573+00:00,DION_001,228926,0.6341649437063238,SIMULATED,NORMAL
2026-06-18T12:38:44.548971+00:00,DION_001,228927,0.772213261163006,SIMULATED,NORMAL
2026-06-18T12:38:44.559339+00:00,DION_001,228928,0.8636187620742911,SIMULATED,NORMAL
2026-06-18T12:38:44.569774+00:00,DION_001,228929,0.5684697622317838,SIMULATED,NORMAL
2026-06-18T12:38:44.580350+00:00,DION_001,228930,0.6065213248899436,SIMULATED,NORMAL
2026-06-18T12:38:44.590763+00:00,DION_001,228931,0.9658617703446961,SIMULATED,NORMAL
2026-06-18T12:38:44.601166+00:00,DION_001,228932,0.7285009518678345,SIMULATED,NORMAL
2026-06-18T12:38:44.611543+00:00,DION_001,228933,0.5429832628023813,SIMULATED,NORMAL
2026-06-18T12:38:44.622013+00:00,DION_001,228934,0.6211226274739108,SIMULATED,NORMAL
2026-06-18T12:38:44.632605+00:00,DION_001,228935,0.7825059524572595,SIMULATED,NORMAL
2026-06-18T12:38:44.643120+00:00,DION_001,228936,0.5093440140010196,SIMULATED,NORMAL
2026-06-18T12:38:44.653653+00:00,DION_001,228937,0.36125506848386085,SIMULATED,NORMAL
2026-06-18T12:38:44.663993+00:00,DION_001,228938,0.4759277639110259,SIMULATED,NORMAL
2026-06-18T12:38:44.674339+00:00,DION_001,228939,0.43731470550048157,SIMULATED,NORMAL
2026-06-18T12:38:44.684761+00:00,DION_001,228940,0.7472347414353995,SIMULATED,NORMAL
2026-06-18T12:38:44.695349+00:00,DION_001,228941,0.5100145969377233,SIMULATED,NORMAL
2026-06-18T12:38:44.705731+00:00,DION_001,228942,0.21302079352711814,SIMULATED,NORMAL
2026-06-18T12:38:44.716107+00:00,DION_001,228943,0.37846984025578595,SIMULATED,NORMAL
2026-06-18T12:38:44.726437+00:00,DION_001,228944,0.24598121891047794,SIMULATED,NORMAL
2026-06-18T12:38:44.736836+00:00,DION_001,228945,0.12312098938784566,SIMULATED,NORMAL
2026-06-18T12:38:44.747185+00:00,DION_001,228946,0.5431955449479628,SIMULATED,NORMAL
2026-06-18T12:38:44.757533+00:00,DION_001,228947,0.3070224940692463,SIMULATED,NORMAL
2026-06-18T12:38:44.767870+00:00,DION_001,228948,0.3079289063244736,SIMULATED,NORMAL
2026-06-18T12:38:44.778288+00:00,DION_001,228949,0.319110968234894,SIMULATED,NORMAL
2026-06-18T12:38:44.788671+00:00,DION_001,228950,0.20445478922896027,SIMULATED,NORMAL
2026-06-18T12:38:44.799134+00:00,DION_001,228951,0.2591384280037541,SIMULATED,NORMAL
2026-06-18T12:38:44.809528+00:00,DION_001,228952,0.24882414358778002,SIMULATED,NORMAL
2026-06-18T12:38:44.819959+00:00,DION_001,228953,0.16296025362023311,SIMULATED,NORMAL
2026-06-18T12:38:44.830378+00:00,DION_001,228954,0.4663359955741088,SIMULATED,NORMAL
2026-06-18T12:38:44.840818+00:00,DION_001,228955,0.44386427980058435,SIMULATED,NORMAL
2026-06-18T12:38:44.851156+00:00,DION_001,228956,0.33584035503849574,SIMULATED,NORMAL
2026-06-18T12:38:44.861576+00:00,DION_001,228957,0.3745071342416723,SIMULATED,NORMAL
2026-06-18T12:38:44.872002+00:00,DION_001,228958,0.4189032470695651,SIMULATED,NORMAL
2026-06-18T12:38:44.882369+00:00,DION_001,228959,0.4592645516838108,SIMULATED,NORMAL
2026-06-18T12:38:44.892732+00:00,DION_001,228960,0.3053438783009301,SIMULATED,NORMAL
2026-06-18T12:38:44.903115+00:00,DION_001,228961,0.5065129229938394,SIMULATED,NORMAL
2026-06-18T12:38:44.913448+00:00,DION_001,228962,0.8432767533404293,SIMULATED,NORMAL
2026-06-18T12:38:44.923811+00:00,DION_001,228963,0.7618245704436396,SIMULATED,NORMAL
2026-06-18T12:38:44.934276+00:00,DION_001,228964,0.8139981401172568,SIMULATED,NORMAL
2026-06-18T12:38:44.945439+00:00,DION_001,228965,0.4806000677719861,SIMULATED,NORMAL
2026-06-18T12:38:44.955915+00:00,DION_001,228966,0.46188966596089753,SIMULATED,NORMAL
2026-06-18T12:38:44.966277+00:00,DION_001,228967,0.5887181616413327,SIMULATED,NORMAL
2026-06-18T12:38:44.976667+00:00,DION_001,228968,0.7204601876284831,SIMULATED,NORMAL
2026-06-18T12:38:44.987008+00:00,DION_001,228969,0.7357837911801656,SIMULATED,NORMAL
2026-06-18T12:38:44.997394+00:00,DION_001,228970,0.9618815141592407,SIMULATED,NORMAL
2026-06-18T12:38:45.007770+00:00,DION_001,228971,0.8125767544621255,SIMULATED,NORMAL
2026-06-18T12:38:45.018207+00:00,DION_001,228972,0.8210473050002586,SIMULATED,NORMAL
2026-06-18T12:38:45.028675+00:00,DION_001,228973,1.0823550029854951,SIMULATED,NORMAL
2026-06-18T12:38:45.039133+00:00,DION_001,228974,1.1346996284420725,SIMULATED,NORMAL
2026-06-18T12:38:45.049557+00:00,DION_001,228975,0.9378186078545041,SIMULATED,NORMAL
2026-06-18T12:38:45.059972+00:00,DION_001,228976,1.108600581761118,SIMULATED,NORMAL
2026-06-18T12:38:45.070381+00:00,DION_001,228977,0.8730728788648285,SIMULATED,NORMAL
2026-06-18T12:38:45.080838+00:00,DION_001,228978,1.0368609328690717,SIMULATED,NORMAL
2026-06-18T12:38:45.091258+00:00,DION_001,228979,0.791804835476364,SIMULATED,NORMAL
2026-06-18T12:38:45.101774+00:00,DION_001,228980,0.9366333141137397,SIMULATED,NORMAL
2026-06-18T12:38:45.112212+00:00,DION_001,228981,1.2519240942875034,SIMULATED,NORMAL
2026-06-18T12:38:45.122598+00:00,DION_001,228982,0.7483206489858187,SIMULATED,NORMAL
2026-06-18T12:38:45.132979+00:00,DION_001,228983,1.0784194353358196,SIMULATED,NORMAL
2026-06-18T12:38:45.143337+00:00,DION_001,228984,0.9752223819783646,SIMULATED,NORMAL
2026-06-18T12:38:45.153724+00:00,DION_001,228985,1.2201368780701176,SIMULATED,NORMAL
2026-06-18T12:38:45.164078+00:00,DION_001,228986,1.2390713317882422,SIMULATED,NORMAL
2026-06-18T12:38:45.174427+00:00,DION_001,228987,1.0607220596174858,SIMULATED,NORMAL
2026-06-18T12:38:45.184844+00:00,DION_001,228988,0.9864883433883503,SIMULATED,NORMAL
2026-06-18T12:38:45.195226+00:00,DION_001,228989,0.9036945848520807,SIMULATED,NORMAL
2026-06-18T12:38:45.205658+00:00,DION_001,228990,1.192765862912222,SIMULATED,NORMAL
2026-06-18T12:38:45.216015+00:00,DION_001,228991,1.3066882890299993,SIMULATED,NORMAL
2026-06-18T12:38:45.226391+00:00,DION_001,228992,1.3147462705389448,SIMULATED,NORMAL
2026-06-18T12:38:45.236830+00:00,DION_001,228993,1.169704610727589,SIMULATED,NORMAL
2026-06-18T12:38:45.247293+00:00,DION_001,228994,1.3390126941305711,SIMULATED,NORMAL
2026-06-18T12:38:45.257771+00:00,DION_001,228995,0.9465435868117142,SIMULATED,NORMAL
2026-06-18T12:38:45.268203+00:00,DION_001,228996,0.9600037919505008,SIMULATED,NORMAL
2026-06-18T12:38:45.278588+00:00,DION_001,228997,1.1081114973732933,SIMULATED,NORMAL
2026-06-18T12:38:45.288984+00:00,DION_001,228998,1.1531227184183093,SIMULATED,NORMAL
2026-06-18T12:38:45.299418+00:00,DION_001,228999,1.0107949545036776,SIMULATED,NORMAL
2026-06-18T12:38:45.309876+00:00,DION_001,229000,1.2424406068268539,SIMULATED,NORMAL
2026-06-18T12:38:45.320239+00:00,DION_001,229001,1.0129125008262478,SIMULATED,NORMAL
2026-06-18T12:38:45.330687+00:00,DION_001,229002,1.1268030419774453,SIMULATED,NORMAL
2026-06-18T12:38:45.341132+00:00,DION_001,229003,1.0095061483166603,SIMULATED,NORMAL
2026-06-18T12:38:45.351515+00:00,DION_001,229004,0.8698454941086807,SIMULATED,NORMAL
2026-06-18T12:38:45.361906+00:00,DION_001,229005,1.0184450757892785,SIMULATED,NORMAL
2026-06-18T12:38:45.372315+00:00,DION_001,229006,0.8365324255802118,SIMULATED,NORMAL
2026-06-18T12:38:45.382804+00:00,DION_001,229007,0.662352266222971,SIMULATED,NORMAL
2026-06-18T12:38:45.393269+00:00,DION_001,229008,0.9366337507797728,SIMULATED,NORMAL
2026-06-18T12:38:45.403678+00:00,DION_001,229009,0.6609365011065564,SIMULATED,NORMAL
2026-06-18T12:38:45.414085+00:00,DION_001,229010,0.5010262947058222,SIMULATED,NORMAL
2026-06-18T12:38:45.424630+00:00,DION_001,229011,0.6372507867630457,SIMULATED,NORMAL
2026-06-18T12:38:45.434983+00:00,DION_001,229012,0.5357295496385243,SIMULATED,NORMAL
2026-06-18T12:38:45.445344+00:00,DION_001,229013,0.7656312362027634,SIMULATED,NORMAL
2026-06-18T12:38:45.455765+00:00,DION_001,229014,0.5240013790083895,SIMULATED,NORMAL
2026-06-18T12:38:45.466218+00:00,DION_001,229015,0.4089365906495464,SIMULATED,NORMAL
2026-06-18T12:38:45.476585+00:00,DION_001,229016,0.3791124494241534,SIMULATED,NORMAL
2026-06-18T12:38:45.486955+00:00,DION_001,229017,0.2401019781726338,SIMULATED,NORMAL
2026-06-18T12:38:45.497374+00:00,DION_001,229018,-0.15936166055890072,SIMULATED,NORMAL
2026-06-18T12:38:45.507850+00:00,DION_001,229019,0.05434583003949878,SIMULATED,NORMAL
2026-06-18T12:38:45.518278+00:00,DION_001,229020,-0.00493670649715805,SIMULATED,NORMAL
2026-06-18T12:38:45.528838+00:00,DION_001,229021,-0.11373213514752478,SIMULATED,NORMAL
2026-06-18T12:38:45.539212+00:00,DION_001,229022,2.726988401278269,SIMULATED,EVENT_DETECTED
2026-06-18T12:38:45.549761+00:00,DION_001,229023,0.08280205475823824,SIMULATED,NORMAL
2026-06-18T12:38:45.560159+00:00,DION_001,229024,0.21508081242772062,SIMULATED,NORMAL
2026-06-18T12:38:45.570574+00:00,DION_001,229025,0.25386331856547706,SIMULATED,NORMAL
2026-06-18T12:38:45.581017+00:00,DION_001,229026,0.10341038189886749,SIMULATED,NORMAL
2026-06-18T12:38:45.591526+00:00,DION_001,229027,0.15674445133280063,SIMULATED,NORMAL
2026-06-18T12:38:45.601923+00:00,DION_001,229028,0.3414569472454308,SIMULATED,NORMAL
2026-06-18T12:38:45.612291+00:00,DION_001,229029,-0.0022573697051759337,SIMULATED,NORMAL
2026-06-18T12:38:45.622677+00:00,DION_001,229030,0.0038426229392491476,SIMULATED,NORMAL
2026-06-18T12:38:45.633102+00:00,DION_001,229031,0.08133842922371132,SIMULATED,NORMAL
2026-06-18T12:38:45.643427+00:00,DION_001,229032,0.04371717969837538,SIMULATED,NORMAL
2026-06-18T12:38:45.653827+00:00,DION_001,229033,0.10214193683234733,SIMULATED,NORMAL
2026-06-18T12:38:45.664218+00:00,DION_001,229034,-0.007925424775510639,SIMULATED,NORMAL
2026-06-18T12:38:45.674644+00:00,DION_001,229035,0.08017292446724494,SIMULATED,NORMAL
2026-06-18T12:38:45.685040+00:00,DION_001,229036,0.2581404131106212,SIMULATED,NORMAL
2026-06-18T12:38:45.695442+00:00,DION_001,229037,-0.05892108394852784,SIMULATED,NORMAL
2026-06-18T12:38:45.705866+00:00,DION_001,229038,0.03201230877535941,SIMULATED,NORMAL
2026-06-18T12:38:45.716250+00:00,DION_001,229039,0.1594499630390555,SIMULATED,NORMAL
2026-06-18T12:38:45.726655+00:00,DION_001,229040,-0.001231960246823087,SIMULATED,NORMAL
2026-06-18T12:38:45.737004+00:00,DION_001,229041,-0.06085689187546062,SIMULATED,NORMAL
2026-06-18T12:38:45.747374+00:00,DION_001,229042,0.3461291223933071,SIMULATED,NORMAL
2026-06-18T12:38:45.757802+00:00,DION_001,229043,0.13580391901277306,SIMULATED,NORMAL
2026-06-18T12:38:45.768188+00:00,DION_001,229044,-1.9122455080017307,SIMULATED,NORMAL
2026-06-18T12:38:45.778842+00:00,DION_001,229045,0.2536743194982032,SIMULATED,NORMAL
2026-06-18T12:38:45.789218+00:00,DION_001,229046,0.18160972247126572,SIMULATED,NORMAL
2026-06-18T12:38:45.799662+00:00,DION_001,229047,0.09703352985668309,SIMULATED,NORMAL
2026-06-18T12:38:45.810068+00:00,DION_001,229048,0.03857780708023453,SIMULATED,NORMAL
2026-06-18T12:38:45.820628+00:00,DION_001,229049,0.15680368037454132,SIMULATED,NORMAL
2026-06-18T12:38:45.831026+00:00,DION_001,229050,-0.1313314353010875,SIMULATED,NORMAL
2026-06-18T12:38:45.841404+00:00,DION_001,229051,0.35851923534937025,SIMULATED,NORMAL
2026-06-18T12:38:45.851866+00:00,DION_001,229052,0.19498669711389552,SIMULATED,NORMAL
2026-06-18T12:38:45.862277+00:00,DION_001,229053,0.3151870168464479,SIMULATED,NORMAL
2026-06-18T12:38:45.872741+00:00,DION_001,229054,0.1769262247504503,SIMULATED,NORMAL
2026-06-18T12:38:45.883113+00:00,DION_001,229055,0.24242469701210356,SIMULATED,NORMAL
2026-06-18T12:38:45.893426+00:00,DION_001,229056,0.11296199566543255,SIMULATED,NORMAL
2026-06-18T12:38:45.903768+00:00,DION_001,229057,0.5139412908734773,SIMULATED,NORMAL
2026-06-18T12:38:45.914232+00:00,DION_001,229058,0.4495661836524649,SIMULATED,NORMAL
2026-06-18T12:38:45.924638+00:00,DION_001,229059,0.5176646056204248,SIMULATED,NORMAL
2026-06-18T12:38:45.935010+00:00,DION_001,229060,0.09311489194294337,SIMULATED,NORMAL
2026-06-18T12:38:45.945318+00:00,DION_001,229061,0.18958785639826525,SIMULATED,NORMAL
2026-06-18T12:38:45.955708+00:00,DION_001,229062,0.5340219604497248,SIMULATED,NORMAL
2026-06-18T12:38:45.966049+00:00,DION_001,229063,0.37951334099592654,SIMULATED,NORMAL
2026-06-18T12:38:45.976505+00:00,DION_001,229064,0.48543534764864604,SIMULATED,NORMAL
2026-06-18T12:38:45.986902+00:00,DION_001,229065,0.5575195231973005,SIMULATED,NORMAL
2026-06-18T12:38:45.997291+00:00,DION_001,229066,0.5953327015186403,SIMULATED,NORMAL
2026-06-18T12:38:46.007632+00:00,DION_001,229067,0.3473442204215935,SIMULATED,NORMAL
2026-06-18T12:38:46.017958+00:00,DION_001,229068,0.3140027647095362,SIMULATED,NORMAL
2026-06-18T12:38:46.028528+00:00,DION_001,229069,0.41073655533970455,SIMULATED,NORMAL
2026-06-18T12:38:46.038891+00:00,DION_001,229070,0.19387440589632185,SIMULATED,NORMAL
2026-06-18T12:38:46.049233+00:00,DION_001,229071,0.5705551679635075,SIMULATED,NORMAL
2026-06-18T12:38:46.059622+00:00,DION_001,229072,0.4766417004644543,SIMULATED,NORMAL
2026-06-18T12:38:46.070038+00:00,DION_001,229073,0.12084023184457549,SIMULATED,NORMAL
2026-06-18T12:38:46.080464+00:00,DION_001,229074,0.010001729114289426,SIMULATED,NORMAL
2026-06-18T12:38:46.090846+00:00,DION_001,229075,0.03484725805886846,SIMULATED,NORMAL
2026-06-18T12:38:46.101219+00:00,DION_001,229076,0.28761360568522704,SIMULATED,NORMAL
2026-06-18T12:38:46.111587+00:00,DION_001,229077,0.46622464497081284,SIMULATED,NORMAL
2026-06-18T12:38:46.121950+00:00,DION_001,229078,0.27679090889585184,SIMULATED,NORMAL
2026-06-18T12:38:46.132312+00:00,DION_001,229079,0.27092936286983693,SIMULATED,NORMAL
2026-06-18T12:38:46.142665+00:00,DION_001,229080,0.1397031101470036,SIMULATED,NORMAL
2026-06-18T12:38:46.153135+00:00,DION_001,229081,-0.05392920326199943,SIMULATED,NORMAL
2026-06-18T12:38:46.163497+00:00,DION_001,229082,0.08421304524463927,SIMULATED,NORMAL
2026-06-18T12:38:46.173871+00:00,DION_001,229083,0.33216340911106934,SIMULATED,NORMAL
2026-06-18T12:38:46.184360+00:00,DION_001,229084,-0.01981539304227767,SIMULATED,NORMAL
2026-06-18T12:38:46.194764+00:00,DION_001,229085,-0.07692672588647646,SIMULATED,NORMAL
2026-06-18T12:38:46.205124+00:00,DION_001,229086,-0.4045056626225437,SIMULATED,NORMAL
2026-06-18T12:38:46.215523+00:00,DION_001,229087,-0.0718805998104902,SIMULATED,NORMAL
2026-06-18T12:38:46.225888+00:00,DION_001,229088,-0.28464838985688873,SIMULATED,NORMAL
2026-06-18T12:38:46.236320+00:00,DION_001,229089,-0.2535409935120382,SIMULATED,NORMAL
2026-06-18T12:38:46.246747+00:00,DION_001,229090,-0.2795495622424199,SIMULATED,NORMAL
2026-06-18T12:38:46.257125+00:00,DION_001,229091,-0.21934297388800533,SIMULATED,NORMAL
2026-06-18T12:38:46.267513+00:00,DION_001,229092,-0.22429039342975143,SIMULATED,NORMAL
2026-06-18T12:38:46.277904+00:00,DION_001,229093,-0.5624135762988771,SIMULATED,NORMAL
2026-06-18T12:38:46.288393+00:00,DION_001,229094,1.1858644213837228,SIMULATED,NORMAL
2026-06-18T12:38:46.299049+00:00,DION_001,229095,-0.3985067923630162,SIMULATED,NORMAL
2026-06-18T12:38:46.309532+00:00,DION_001,229096,-0.6422511458103269,SIMULATED,NORMAL
2026-06-18T12:38:46.319965+00:00,DION_001,229097,-0.5571964598219782,SIMULATED,NORMAL
2026-06-18T12:38:46.330401+00:00,DION_001,229098,-0.49482078111530836,SIMULATED,NORMAL
2026-06-18T12:38:46.340748+00:00,DION_001,229099,-0.7297261805695759,SIMULATED,NORMAL
2026-06-18T12:38:46.351143+00:00,DION_001,229100,-0.6524481077239015,SIMULATED,NORMAL
2026-06-18T12:38:46.361512+00:00,DION_001,229101,-0.6896199688450293,SIMULATED,NORMAL
2026-06-18T12:38:46.371950+00:00,DION_001,229102,-0.6712577496070761,SIMULATED,NORMAL
2026-06-18T12:38:46.382344+00:00,DION_001,229103,-0.8727303641709229,SIMULATED,NORMAL
2026-06-18T12:38:46.392734+00:00,DION_001,229104,-0.919307667013303,SIMULATED,NORMAL
2026-06-18T12:38:46.403128+00:00,DION_001,229105,-0.8748961735168448,SIMULATED,NORMAL
2026-06-18T12:38:46.413515+00:00,DION_001,229106,-0.6477598394474628,SIMULATED,NORMAL
2026-06-18T12:38:46.423979+00:00,DION_001,229107,-0.8553485208779734,SIMULATED,NORMAL
2026-06-18T12:38:46.434351+00:00,DION_001,229108,-0.7704356771075191,SIMULATED,NORMAL
2026-06-18T12:38:46.444745+00:00,DION_001,229109,-0.8805182251236819,SIMULATED,NORMAL
2026-06-18T12:38:46.455114+00:00,DION_001,229110,-1.0612989639594483,SIMULATED,NORMAL
2026-06-18T12:38:46.465482+00:00,DION_001,229111,-0.8589007198334774,SIMULATED,NORMAL
2026-06-18T12:38:46.475869+00:00,DION_001,229112,-0.7718588051493167,SIMULATED,NORMAL
2026-06-18T12:38:46.486280+00:00,DION_001,229113,-0.6068523111304944,SIMULATED,NORMAL
2026-06-18T12:38:46.496725+00:00,DION_001,229114,-0.7783084248890908,SIMULATED,NORMAL
2026-06-18T12:38:46.507076+00:00,DION_001,229115,-0.8181744884739005,SIMULATED,NORMAL
2026-06-18T12:38:46.517474+00:00,DION_001,229116,-0.7625845339831399,SIMULATED,NORMAL
2026-06-18T12:38:46.527933+00:00,DION_001,229117,-0.8205726260556525,SIMULATED,NORMAL
2026-06-18T12:38:46.538270+00:00,DION_001,229118,-0.8000683081643469,SIMULATED,NORMAL
2026-06-18T12:38:46.548623+00:00,DION_001,229119,-0.9675480536170574,SIMULATED,NORMAL
2026-06-18T12:38:46.558986+00:00,DION_001,229120,-0.7344895191620344,SIMULATED,NORMAL
2026-06-18T12:38:46.569347+00:00,DION_001,229121,-0.8009603877796148,SIMULATED,NORMAL
2026-06-18T12:38:46.579702+00:00,DION_001,229122,-1.0475561180346125,SIMULATED,NORMAL
2026-06-18T12:38:46.590008+00:00,DION_001,229123,-0.9029887446602578,SIMULATED,NORMAL
2026-06-18T12:38:46.600414+00:00,DION_001,229124,-1.0026859325559283,SIMULATED,NORMAL
2026-06-18T12:38:46.610752+00:00,DION_001,229125,-0.8478644015230793,SIMULATED,NORMAL
2026-06-18T12:38:46.621093+00:00,DION_001,229126,-0.803060469954042,SIMULATED,NORMAL
2026-06-18T12:38:46.631464+00:00,DION_001,229127,-0.7976230278712945,SIMULATED,NORMAL
2026-06-18T12:38:46.641879+00:00,DION_001,229128,-0.7587269079045349,SIMULATED,NORMAL
2026-06-18T12:38:46.652298+00:00,DION_001,229129,-0.8669494556465837,SIMULATED,NORMAL
2026-06-18T12:38:46.662695+00:00,DION_001,229130,-0.44320934001236706,SIMULATED,NORMAL
2026-06-18T12:38:46.673041+00:00,DION_001,229131,-0.9222288842326065,SIMULATED,NORMAL
2026-06-18T12:38:46.683349+00:00,DION_001,229132,-0.44883926442651956,SIMULATED,NORMAL
2026-06-18T12:38:46.693728+00:00,DION_001,229133,-0.6070893836400817,SIMULATED,NORMAL
2026-06-18T12:38:46.704079+00:00,DION_001,229134,-0.6638903246374532,SIMULATED,NORMAL
2026-06-18T12:38:46.714496+00:00,DION_001,229135,-0.6579640996778133,SIMULATED,NORMAL
2026-06-18T12:38:46.724915+00:00,DION_001,229136,-0.5500477585635343,SIMULATED,NORMAL
2026-06-18T12:38:46.735314+00:00,DION_001,229137,-0.8628404127947826,SIMULATED,NORMAL
2026-06-18T12:38:46.745734+00:00,DION_001,229138,-0.5108303074101761,SIMULATED,NORMAL
2026-06-18T12:38:46.756091+00:00,DION_001,229139,-0.5442428813759401,SIMULATED,NORMAL
2026-06-18T12:38:46.766438+00:00,DION_001,229140,-0.2794854355954378,SIMULATED,NORMAL
2026-06-18T12:38:46.776851+00:00,DION_001,229141,-0.3469141922242147,SIMULATED,NORMAL
2026-06-18T12:38:46.787218+00:00,DION_001,229142,-0.0746052172882915,SIMULATED,NORMAL
2026-06-18T12:38:46.797649+00:00,DION_001,229143,-0.25591765523087073,SIMULATED,NORMAL
2026-06-18T12:38:46.808016+00:00,DION_001,229144,-0.7243447753694998,SIMULATED,NORMAL
2026-06-18T12:38:46.818391+00:00,DION_001,229145,-0.487753527434682,SIMULATED,NORMAL
2026-06-18T12:38:46.828740+00:00,DION_001,229146,-0.4801729469864384,SIMULATED,NORMAL
2026-06-18T12:38:46.839098+00:00,DION_001,229147,-0.21676031645031663,SIMULATED,NORMAL
2026-06-18T12:38:46.849544+00:00,DION_001,229148,-0.5875299274526429,SIMULATED,NORMAL
2026-06-18T12:38:46.859897+00:00,DION_001,229149,-0.47785384731825875,SIMULATED,NORMAL
2026-06-18T12:38:46.870244+00:00,DION_001,229150,-0.4452826795669018,SIMULATED,NORMAL
2026-06-18T12:38:46.880617+00:00,DION_001,229151,-0.3415752508251505,SIMULATED,NORMAL
2026-06-18T12:38:46.891024+00:00,DION_001,229152,-0.36795384637739437,SIMULATED,NORMAL
2026-06-18T12:38:46.901350+00:00,DION_001,229153,-0.28235790834754204,SIMULATED,NORMAL
2026-06-18T12:38:46.911697+00:00,DION_001,229154,-0.45863375335204637,SIMULATED,NORMAL
2026-06-18T12:38:46.922062+00:00,DION_001,229155,-0.4230574540759464,SIMULATED,NORMAL
2026-06-18T12:38:46.932486+00:00,DION_001,229156,-0.16911886599902248,SIMULATED,NORMAL
2026-06-18T12:38:46.942970+00:00,DION_001,229157,-0.45620209213214724,SIMULATED,NORMAL
2026-06-18T12:38:46.953392+00:00,DION_001,229158,-0.3966079619794919,SIMULATED,NORMAL
2026-06-18T12:38:46.963739+00:00,DION_001,229159,-0.15315774966887102,SIMULATED,NORMAL
2026-06-18T12:38:46.974079+00:00,DION_001,229160,-0.687187742722582,SIMULATED,NORMAL
2026-06-18T12:38:46.984514+00:00,DION_001,229161,-0.4046946724865105,SIMULATED,NORMAL
2026-06-18T12:38:46.994854+00:00,DION_001,229162,-0.44642904920830306,SIMULATED,NORMAL
2026-06-18T12:38:47.005258+00:00,DION_001,229163,-0.39423857448297694,SIMULATED,NORMAL
2026-06-18T12:38:47.015633+00:00,DION_001,229164,-0.5255789785991047,SIMULATED,NORMAL
2026-06-18T12:38:47.026112+00:00,DION_001,229165,-0.6088930829307395,SIMULATED,NORMAL
2026-06-18T12:38:47.036556+00:00,DION_001,229166,-0.7716284917676771,SIMULATED,NORMAL
2026-06-18T12:38:47.047031+00:00,DION_001,229167,-0.806426678510138,SIMULATED,NORMAL
2026-06-18T12:38:47.057398+00:00,DION_001,229168,-1.060059818339981,SIMULATED,NORMAL
2026-06-18T12:38:47.067753+00:00,DION_001,229169,-0.7781764889128386,SIMULATED,NORMAL
2026-06-18T12:38:47.078217+00:00,DION_001,229170,-0.7955915669222666,SIMULATED,NORMAL
2026-06-18T12:38:47.088652+00:00,DION_001,229171,-0.9768237065814561,SIMULATED,NORMAL
2026-06-18T12:38:47.099022+00:00,DION_001,229172,-0.753731536735837,SIMULATED,NORMAL
2026-06-18T12:38:47.109435+00:00,DION_001,229173,-1.0984076758947143,SIMULATED,NORMAL
2026-06-18T12:38:47.119827+00:00,DION_001,229174,-1.0249957883141516,SIMULATED,NORMAL
2026-06-18T12:38:47.130295+00:00,DION_001,229175,-1.1389946518780218,SIMULATED,NORMAL
2026-06-18T12:38:47.140668+00:00,DION_001,229176,-0.8201253579054257,SIMULATED,NORMAL
2026-06-18T12:38:47.151096+00:00,DION_001,229177,-0.9392766113014509,SIMULATED,NORMAL
2026-06-18T12:38:47.161585+00:00,DION_001,229178,-1.0787834421804265,SIMULATED,NORMAL
2026-06-18T12:38:47.171988+00:00,DION_001,229179,-1.2116774247467923,SIMULATED,NORMAL
2026-06-18T12:38:47.182400+00:00,DION_001,229180,-1.0606152895959693,SIMULATED,NORMAL
2026-06-18T12:38:47.192878+00:00,DION_001,229181,-1.079862078397954,SIMULATED,NORMAL
2026-06-18T12:38:47.203249+00:00,DION_001,229182,-1.1162776429288144,SIMULATED,NORMAL
2026-06-18T12:38:47.213624+00:00,DION_001,229183,-1.2775508787466914,SIMULATED,NORMAL
2026-06-18T12:38:47.224003+00:00,DION_001,229184,-1.0035824129502284,SIMULATED,NORMAL
2026-06-18T12:38:47.234369+00:00,DION_001,229185,-1.0961312878442695,SIMULATED,NORMAL
2026-06-18T12:38:47.244735+00:00,DION_001,229186,-1.243661876171339,SIMULATED,NORMAL
2026-06-18T12:38:47.255128+00:00,DION_001,229187,-1.0289364166315644,SIMULATED,NORMAL
2026-06-18T12:38:47.265503+00:00,DION_001,229188,0.6277939249760396,SIMULATED,NORMAL
2026-06-18T12:38:47.276149+00:00,DION_001,229189,-1.2914390731141574,SIMULATED,NORMAL
2026-06-18T12:38:47.286520+00:00,DION_001,229190,-0.8733431109364389,SIMULATED,NORMAL
2026-06-18T12:38:47.296873+00:00,DION_001,229191,-0.7253707536687399,SIMULATED,NORMAL
2026-06-18T12:38:47.307251+00:00,DION_001,229192,-0.9531699807380828,SIMULATED,NORMAL
2026-06-18T12:38:47.317830+00:00,DION_001,229193,-1.1953756311455235,SIMULATED,NORMAL
2026-06-18T12:38:47.328305+00:00,DION_001,229194,-1.1835969477534383,SIMULATED,NORMAL
2026-06-18T12:38:47.338642+00:00,DION_001,229195,-3.9239651838902896,SIMULATED,EVENT_DETECTED
2026-06-18T12:38:47.349330+00:00,DION_001,229196,-0.8716113966297117,SIMULATED,NORMAL
2026-06-18T12:38:47.359679+00:00,DION_001,229197,-0.7057103894913903,SIMULATED,NORMAL
2026-06-18T12:38:47.370064+00:00,DION_001,229198,-0.974273493946762,SIMULATED,NORMAL
2026-06-18T12:38:47.380525+00:00,DION_001,229199,-1.0345695264307724,SIMULATED,NORMAL
2026-06-18T12:38:47.390857+00:00,DION_001,229200,-0.9722094483538377,SIMULATED,NORMAL
2026-06-18T12:38:47.401194+00:00,DION_001,229201,-1.03511839640473,SIMULATED,NORMAL
2026-06-18T12:38:47.411537+00:00,DION_001,229202,-0.8520529231013756,SIMULATED,NORMAL
2026-06-18T12:38:47.421916+00:00,DION_001,229203,-0.780618264780403,SIMULATED,NORMAL
2026-06-18T12:38:47.432266+00:00,DION_001,229204,-0.6731492595965225,SIMULATED,NORMAL
2026-06-18T12:38:47.442651+00:00,DION_001,229205,-0.6997449725507521,SIMULATED,NORMAL
2026-06-18T12:38:47.453004+00:00,DION_001,229206,-0.9728121960477092,SIMULATED,NORMAL
2026-06-18T12:38:47.463352+00:00,DION_001,229207,-0.5071347006429808,SIMULATED,NORMAL
2026-06-18T12:38:47.473732+00:00,DION_001,229208,-0.6643260043401255,SIMULATED,NORMAL
2026-06-18T12:38:47.484048+00:00,DION_001,229209,-0.3153827818087762,SIMULATED,NORMAL
2026-06-18T12:38:47.494406+00:00,DION_001,229210,-0.8153526904222446,SIMULATED,NORMAL
2026-06-18T12:38:47.504769+00:00,DION_001,229211,-0.545029551880271,SIMULATED,NORMAL
2026-06-18T12:38:47.515122+00:00,DION_001,229212,-0.5183285516544645,SIMULATED,NORMAL
2026-06-18T12:38:47.525531+00:00,DION_001,229213,-0.3313375546390579,SIMULATED,NORMAL
2026-06-18T12:38:47.535849+00:00,DION_001,229214,-0.7398896783787068,SIMULATED,NORMAL
2026-06-18T12:38:47.546223+00:00,DION_001,229215,-0.3793486311959846,SIMULATED,NORMAL
2026-06-18T12:38:47.556639+00:00,DION_001,229216,-0.4977700228998967,SIMULATED,NORMAL
2026-06-18T12:38:47.566947+00:00,DION_001,229217,-0.3840540134347,SIMULATED,NORMAL
2026-06-18T12:38:47.577306+00:00,DION_001,229218,-0.039830412319160985,SIMULATED,NORMAL
2026-06-18T12:38:47.587643+00:00,DION_001,229219,-0.3239209242118652,SIMULATED,NORMAL
2026-06-18T12:38:47.597965+00:00,DION_001,229220,-0.047290046262186775,SIMULATED,NORMAL
2026-06-18T12:38:47.608427+00:00,DION_001,229221,0.0537099465708121,SIMULATED,NORMAL
2026-06-18T12:38:47.618748+00:00,DION_001,229222,0.3799325348402858,SIMULATED,NORMAL
2026-06-18T12:38:47.629064+00:00,DION_001,229223,-0.0878690740291641,SIMULATED,NORMAL
2026-06-18T12:38:47.639407+00:00,DION_001,229224,-0.4143084288929995,SIMULATED,NORMAL
2026-06-18T12:38:47.649795+00:00,DION_001,229225,0.05945470628302574,SIMULATED,NORMAL
2026-06-18T12:38:47.660294+00:00,DION_001,229226,-0.19294874577590285,SIMULATED,NORMAL
2026-06-18T12:38:47.670586+00:00,DION_001,229227,-0.30346617215313887,SIMULATED,NORMAL
2026-06-18T12:38:47.680930+00:00,DION_001,229228,0.03847358692103606,SIMULATED,NORMAL
2026-06-18T12:38:47.691236+00:00,DION_001,229229,0.014614773542214854,SIMULATED,NORMAL
2026-06-18T12:38:47.701592+00:00,DION_001,229230,-0.08383099369605679,SIMULATED,NORMAL
2026-06-18T12:38:47.711980+00:00,DION_001,229231,-0.035471988624161635,SIMULATED,NORMAL
2026-06-18T12:38:47.722324+00:00,DION_001,229232,0.22703308929621607,SIMULATED,NORMAL
2026-06-18T12:38:47.732680+00:00,DION_001,229233,0.3794387495042246,SIMULATED,NORMAL
2026-06-18T12:38:47.743050+00:00,DION_001,229234,0.2586596661711309,SIMULATED,NORMAL
2026-06-18T12:38:47.753336+00:00,DION_001,229235,0.040805240930567324,SIMULATED,NORMAL
2026-06-18T12:38:47.763690+00:00,DION_001,229236,0.10623271521188443,SIMULATED,NORMAL
2026-06-18T12:38:47.774039+00:00,DION_001,229237,0.26450679309359704,SIMULATED,NORMAL
2026-06-18T12:38:47.784466+00:00,DION_001,229238,0.0882176246015942,SIMULATED,NORMAL
2026-06-18T12:38:47.794907+00:00,DION_001,229239,0.11376506216131019,SIMULATED,NORMAL
2026-06-18T12:38:47.805247+00:00,DION_001,229240,-0.008758157995819485,SIMULATED,NORMAL
2026-06-18T12:38:47.815572+00:00,DION_001,229241,-0.16992665002773508,SIMULATED,NORMAL
2026-06-18T12:38:47.825858+00:00,DION_001,229242,2.8833859717000996,SIMULATED,EVENT_DETECTED
2026-06-18T12:38:47.836399+00:00,DION_001,229243,0.11674842206475329,SIMULATED,NORMAL
2026-06-18T12:38:47.846806+00:00,DION_001,229244,-0.15837494226539195,SIMULATED,NORMAL
2026-06-18T12:38:47.857232+00:00,DION_001,229245,-0.043232718624702286,SIMULATED,NORMAL
2026-06-18T12:38:47.867592+00:00,DION_001,229246,-0.07675434550803088,SIMULATED,NORMAL
2026-06-18T12:38:47.877929+00:00,DION_001,229247,0.10486600373015198,SIMULATED,NORMAL
2026-06-18T12:38:47.888379+00:00,DION_001,229248,-0.16894926884991002,SIMULATED,NORMAL
2026-06-18T12:38:47.898742+00:00,DION_001,229249,-0.04751442274478471,SIMULATED,NORMAL
2026-06-18T12:38:47.913975+00:00,DION_001,229250,-0.2795437609787299,SIMULATED,NORMAL
2026-06-18T12:38:47.924352+00:00,DION_001,229251,-0.18293007293035607,SIMULATED,NORMAL
2026-06-18T12:38:47.934663+00:00,DION_001,229252,-0.06866782098083053,SIMULATED,NORMAL
2026-06-18T12:38:47.945097+00:00,DION_001,229253,-0.20147888285273438,SIMULATED,NORMAL
2026-06-18T12:38:47.955412+00:00,DION_001,229254,-0.17160155381954426,SIMULATED,NORMAL
2026-06-18T12:38:47.965778+00:00,DION_001,229255,-0.22996017738969934,SIMULATED,NORMAL
2026-06-18T12:38:47.976252+00:00,DION_001,229256,-0.31394628532337443,SIMULATED,NORMAL
2026-06-18T12:38:47.986618+00:00,DION_001,229257,-0.277855876773186,SIMULATED,NORMAL
2026-06-18T12:38:47.996946+00:00,DION_001,229258,-0.19025698453814266,SIMULATED,NORMAL
2026-06-18T12:38:48.007265+00:00,DION_001,229259,-0.3034190913993982,SIMULATED,NORMAL
2026-06-18T12:38:48.017640+00:00,DION_001,229260,-0.22819381461296087,SIMULATED,NORMAL
2026-06-18T12:38:48.028034+00:00,DION_001,229261,-0.4701742761394052,SIMULATED,NORMAL
2026-06-18T12:38:48.038463+00:00,DION_001,229262,-0.22154192570102063,SIMULATED,NORMAL
2026-06-18T12:38:48.048819+00:00,DION_001,229263,-0.19931914010725238,SIMULATED,NORMAL
2026-06-18T12:38:48.059199+00:00,DION_001,229264,-0.5877198271463318,SIMULATED,NORMAL
2026-06-18T12:38:48.069581+00:00,DION_001,229265,-0.21576415377379168,SIMULATED,NORMAL
2026-06-18T12:38:48.080014+00:00,DION_001,229266,-0.17029822721279148,SIMULATED,NORMAL
2026-06-18T12:38:48.090417+00:00,DION_001,229267,-0.4109872866616193,SIMULATED,NORMAL
2026-06-18T12:38:48.100743+00:00,DION_001,229268,-0.34594223694810117,SIMULATED,NORMAL
2026-06-18T12:38:48.111124+00:00,DION_001,229269,-0.1813456413843838,SIMULATED,NORMAL
2026-06-18T12:38:48.121401+00:00,DION_001,229270,-0.3891621084331406,SIMULATED,NORMAL
2026-06-18T12:38:48.131724+00:00,DION_001,229271,-0.07992006753786546,SIMULATED,NORMAL
2026-06-18T12:38:48.142120+00:00,DION_001,229272,-0.19532245176176213,SIMULATED,NORMAL
2026-06-18T12:38:48.152594+00:00,DION_001,229273,-0.08722081174059844,SIMULATED,NORMAL
2026-06-18T12:38:48.162906+00:00,DION_001,229274,0.13555182041492372,SIMULATED,NORMAL
2026-06-18T12:38:48.173308+00:00,DION_001,229275,-0.09051782288262553,SIMULATED,NORMAL
2026-06-18T12:38:48.183672+00:00,DION_001,229276,-0.04283487305720979,SIMULATED,NORMAL
2026-06-18T12:38:48.194228+00:00,DION_001,229277,-0.3836626083543861,SIMULATED,NORMAL
2026-06-18T12:38:48.204552+00:00,DION_001,229278,-0.015478666961248694,SIMULATED,NORMAL
2026-06-18T12:38:48.214865+00:00,DION_001,229279,-0.03735641913468478,SIMULATED,NORMAL
2026-06-18T12:38:48.225184+00:00,DION_001,229280,-0.09767125803513577,SIMULATED,NORMAL
2026-06-18T12:38:48.235505+00:00,DION_001,229281,-0.004952521710661524,SIMULATED,NORMAL
2026-06-18T12:38:48.245842+00:00,DION_001,229282,0.16098723767369544,SIMULATED,NORMAL
2026-06-18T12:38:48.256222+00:00,DION_001,229283,0.10446359168280211,SIMULATED,NORMAL
2026-06-18T12:38:48.266631+00:00,DION_001,229284,0.3180270415551112,SIMULATED,NORMAL
2026-06-18T12:38:48.277040+00:00,DION_001,229285,-0.14403257437324185,SIMULATED,NORMAL
2026-06-18T12:38:48.287462+00:00,DION_001,229286,0.03211848680149021,SIMULATED,NORMAL
2026-06-18T12:38:48.297849+00:00,DION_001,229287,0.03718065139421717,SIMULATED,NORMAL
2026-06-18T12:38:48.308160+00:00,DION_001,229288,0.3069958301848768,SIMULATED,NORMAL
2026-06-18T12:38:48.318513+00:00,DION_001,229289,0.4623990379572304,SIMULATED,NORMAL
2026-06-18T12:38:48.328806+00:00,DION_001,229290,0.4241956662824822,SIMULATED,NORMAL
2026-06-18T12:38:48.339115+00:00,DION_001,229291,0.3522357300220904,SIMULATED,NORMAL
2026-06-18T12:38:48.349495+00:00,DION_001,229292,0.5007267142602252,SIMULATED,NORMAL
2026-06-18T12:38:48.359822+00:00,DION_001,229293,0.34171940062049677,SIMULATED,NORMAL
2026-06-18T12:38:48.370126+00:00,DION_001,229294,0.46520406442337603,SIMULATED,NORMAL
2026-06-18T12:38:48.380503+00:00,DION_001,229295,0.6882072419283339,SIMULATED,NORMAL
2026-06-18T12:38:48.390952+00:00,DION_001,229296,0.7087865137376624,SIMULATED,NORMAL
2026-06-18T12:38:48.401428+00:00,DION_001,229297,0.7532865721343145,SIMULATED,NORMAL
2026-06-18T12:38:48.411859+00:00,DION_001,229298,0.609819259196173,SIMULATED,NORMAL
2026-06-18T12:38:48.422253+00:00,DION_001,229299,0.7607661392419242,SIMULATED,NORMAL
2026-06-18T12:38:48.432780+00:00,DION_001,229300,0.7965279434092691,SIMULATED,NORMAL
2026-06-18T12:38:48.443554+00:00,DION_001,229301,0.629530731538902,SIMULATED,NORMAL
2026-06-18T12:38:48.454002+00:00,DION_001,229302,0.8938396923220495,SIMULATED,NORMAL
2026-06-18T12:38:48.464418+00:00,DION_001,229303,0.7659141183737193,SIMULATED,NORMAL
2026-06-18T12:38:48.474753+00:00,DION_001,229304,0.7733892635056715,SIMULATED,NORMAL
2026-06-18T12:38:48.485078+00:00,DION_001,229305,0.8263585732956326,SIMULATED,NORMAL
2026-06-18T12:38:48.495409+00:00,DION_001,229306,1.0478612679560868,SIMULATED,NORMAL
2026-06-18T12:38:48.505772+00:00,DION_001,229307,0.8118957187907383,SIMULATED,NORMAL
2026-06-18T12:38:48.516073+00:00,DION_001,229308,0.9406004219691573,SIMULATED,NORMAL
2026-06-18T12:38:48.526409+00:00,DION_001,229309,0.8712418337012678,SIMULATED,NORMAL
2026-06-18T12:38:48.536762+00:00,DION_001,229310,0.9858080874040602,SIMULATED,NORMAL
2026-06-18T12:38:48.547164+00:00,DION_001,229311,0.9162565354979564,SIMULATED,NORMAL
2026-06-18T12:38:48.557504+00:00,DION_001,229312,1.0929863276148455,SIMULATED,NORMAL
2026-06-18T12:38:48.567837+00:00,DION_001,229313,0.9913639410891938,SIMULATED,NORMAL
2026-06-18T12:38:48.578209+00:00,DION_001,229314,1.0485276387750435,SIMULATED,NORMAL
2026-06-18T12:38:48.588511+00:00,DION_001,229315,0.926935002387157,SIMULATED,NORMAL
2026-06-18T12:38:48.598856+00:00,DION_001,229316,1.0532658755450504,SIMULATED,NORMAL
2026-06-18T12:38:48.609214+00:00,DION_001,229317,1.0895159107688117,SIMULATED,NORMAL
2026-06-18T12:38:48.619471+00:00,DION_001,229318,1.082669699677777,SIMULATED,NORMAL
2026-06-18T12:38:48.629775+00:00,DION_001,229319,0.9598929863021817,SIMULATED,NORMAL
2026-06-18T12:38:48.640064+00:00,DION_001,229320,0.9923358618019545,SIMULATED,NORMAL
2026-06-18T12:38:48.650454+00:00,DION_001,229321,1.0620806132830862,SIMULATED,NORMAL
2026-06-18T12:38:48.660925+00:00,DION_001,229322,1.0565360167579931,SIMULATED,NORMAL
2026-06-18T12:38:48.671339+00:00,DION_001,229323,0.7959684421432675,SIMULATED,NORMAL
2026-06-18T12:38:48.681658+00:00,DION_001,229324,0.877566636081147,SIMULATED,NORMAL
2026-06-18T12:38:48.692164+00:00,DION_001,229325,1.2263717355510289,SIMULATED,NORMAL
2026-06-18T12:38:48.702551+00:00,DION_001,229326,1.0038119509671777,SIMULATED,NORMAL
2026-06-18T12:38:48.713000+00:00,DION_001,229327,0.9621850504677096,SIMULATED,NORMAL
2026-06-18T12:38:48.723437+00:00,DION_001,229328,0.8751613963454931,SIMULATED,NORMAL
2026-06-18T12:38:48.733824+00:00,DION_001,229329,0.6326805393730487,SIMULATED,NORMAL
2026-06-18T12:38:48.744236+00:00,DION_001,229330,0.7267868268827269,SIMULATED,NORMAL
2026-06-18T12:38:48.754672+00:00,DION_001,229331,0.8423520952153337,SIMULATED,NORMAL
2026-06-18T12:38:48.765053+00:00,DION_001,229332,0.48945580401395244,SIMULATED,NORMAL
2026-06-18T12:38:48.775466+00:00,DION_001,229333,-2.2170571103797743,SIMULATED,EVENT_DETECTED
2026-06-18T12:38:48.786129+00:00,DION_001,229334,0.9671888828920543,SIMULATED,NORMAL
2026-06-18T12:38:48.796476+00:00,DION_001,229335,0.4494824805722172,SIMULATED,NORMAL
2026-06-18T12:38:48.806854+00:00,DION_001,229336,0.6458552434909178,SIMULATED,NORMAL
2026-06-18T12:38:48.817209+00:00,DION_001,229337,0.8116876785113494,SIMULATED,NORMAL
2026-06-18T12:38:48.827604+00:00,DION_001,229338,0.5841430022377166,SIMULATED,NORMAL
2026-06-18T12:38:48.838223+00:00,DION_001,229339,0.59873272354523,SIMULATED,NORMAL
2026-06-18T12:38:48.848735+00:00,DION_001,229340,0.2895665358136762,SIMULATED,NORMAL
2026-06-18T12:38:48.859174+00:00,DION_001,229341,0.27913548863279725,SIMULATED,NORMAL
2026-06-18T12:38:48.869560+00:00,DION_001,229342,0.44463025573667553,SIMULATED,NORMAL
2026-06-18T12:38:48.879918+00:00,DION_001,229343,0.2955224862826751,SIMULATED,NORMAL
2026-06-18T12:38:48.890356+00:00,DION_001,229344,0.30897599163843725,SIMULATED,NORMAL
2026-06-18T12:38:48.900763+00:00,DION_001,229345,0.3831982310189289,SIMULATED,NORMAL
2026-06-18T12:38:48.911253+00:00,DION_001,229346,0.307781346848748,SIMULATED,NORMAL
2026-06-18T12:38:48.921889+00:00,DION_001,229347,0.5601685391006006,SIMULATED,NORMAL
2026-06-18T12:38:48.932238+00:00,DION_001,229348,0.34421516549949127,SIMULATED,NORMAL
2026-06-18T12:38:48.942657+00:00,DION_001,229349,0.2787809052424486,SIMULATED,NORMAL
2026-06-18T12:38:48.952986+00:00,DION_001,229350,0.4364951444987689,SIMULATED,NORMAL
2026-06-18T12:38:48.963385+00:00,DION_001,229351,0.13129044928830508,SIMULATED,NORMAL
2026-06-18T12:38:48.973785+00:00,DION_001,229352,0.07231894348970036,SIMULATED,NORMAL
2026-06-18T12:38:48.984179+00:00,DION_001,229353,0.730814284062183,SIMULATED,NORMAL
2026-06-18T12:38:48.994705+00:00,DION_001,229354,0.49858144077058086,SIMULATED,NORMAL
2026-06-18T12:38:49.005163+00:00,DION_001,229355,0.22239321739410953,SIMULATED,NORMAL
2026-06-18T12:38:49.015573+00:00,DION_001,229356,0.6159704059099181,SIMULATED,NORMAL
2026-06-18T12:38:49.026025+00:00,DION_001,229357,0.1709795739123664,SIMULATED,NORMAL
2026-06-18T12:38:49.036410+00:00,DION_001,229358,0.5828786304492409,SIMULATED,NORMAL
2026-06-18T12:38:49.046696+00:00,DION_001,229359,0.43855724228454596,SIMULATED,NORMAL
2026-06-18T12:38:49.056947+00:00,DION_001,229360,0.6703257272471578,SIMULATED,NORMAL
2026-06-18T12:38:49.067298+00:00,DION_001,229361,0.6060097220944408,SIMULATED,NORMAL
2026-06-18T12:38:49.077787+00:00,DION_001,229362,0.38966204817982353,SIMULATED,NORMAL
2026-06-18T12:38:49.088285+00:00,DION_001,229363,0.573412630725247,SIMULATED,NORMAL
2026-06-18T12:38:49.098794+00:00,DION_001,229364,0.9601720130644509,SIMULATED,NORMAL
2026-06-18T12:38:49.109272+00:00,DION_001,229365,0.8151641202760633,SIMULATED,NORMAL
2026-06-18T12:38:49.119673+00:00,DION_001,229366,0.7547257338229664,SIMULATED,NORMAL
2026-06-18T12:38:49.130056+00:00,DION_001,229367,0.6322589913867106,SIMULATED,NORMAL
2026-06-18T12:38:49.140394+00:00,DION_001,229368,0.6348845297401646,SIMULATED,NORMAL
2026-06-18T12:38:49.150670+00:00,DION_001,229369,0.8349315428245602,SIMULATED,NORMAL
2026-06-18T12:38:49.161033+00:00,DION_001,229370,0.9934254339450435,SIMULATED,NORMAL
2026-06-18T12:38:49.171380+00:00,DION_001,229371,0.6994091942340567,SIMULATED,NORMAL
2026-06-18T12:38:49.181730+00:00,DION_001,229372,1.021604752230326,SIMULATED,NORMAL
2026-06-18T12:38:49.192145+00:00,DION_001,229373,1.0280321675580395,SIMULATED,NORMAL
2026-06-18T12:38:49.202476+00:00,DION_001,229374,1.1811307014143024,SIMULATED,NORMAL
2026-06-18T12:38:49.212844+00:00,DION_001,229375,0.9160665373293196,SIMULATED,NORMAL
2026-06-18T12:38:49.223209+00:00,DION_001,229376,0.9980621002816081,SIMULATED,NORMAL
2026-06-18T12:38:49.233539+00:00,DION_001,229377,0.9112883810399646,SIMULATED,NORMAL
2026-06-18T12:38:49.243860+00:00,DION_001,229378,1.0379564685234766,SIMULATED,NORMAL
2026-06-18T12:38:49.254227+00:00,DION_001,229379,1.0497701614980213,SIMULATED,NORMAL
2026-06-18T12:38:49.264546+00:00,DION_001,229380,0.9618294801978805,SIMULATED,NORMAL
2026-06-18T12:38:49.274869+00:00,DION_001,229381,1.1821416121018011,SIMULATED,NORMAL
2026-06-18T12:38:49.285181+00:00,DION_001,229382,1.1482895328962255,SIMULATED,NORMAL
2026-06-18T12:38:49.295512+00:00,DION_001,229383,0.9353415758160681,SIMULATED,NORMAL
2026-06-18T12:38:49.305908+00:00,DION_001,229384,0.7896647277101385,SIMULATED,NORMAL
2026-06-18T12:38:49.316283+00:00,DION_001,229385,1.0081063611551409,SIMULATED,NORMAL
2026-06-18T12:38:49.326636+00:00,DION_001,229386,1.3162526135721193,SIMULATED,NORMAL
2026-06-18T12:38:49.336921+00:00,DION_001,229387,1.0007656394712858,SIMULATED,NORMAL
2026-06-18T12:38:49.347272+00:00,DION_001,229388,1.2382021389218674,SIMULATED,NORMAL
2026-06-18T12:38:49.357626+00:00,DION_001,229389,1.1124610165026407,SIMULATED,NORMAL
2026-06-18T12:38:49.367924+00:00,DION_001,229390,1.0292983980476917,SIMULATED,NORMAL
2026-06-18T12:38:49.378312+00:00,DION_001,229391,1.1085564721837229,SIMULATED,NORMAL
2026-06-18T12:38:49.388703+00:00,DION_001,229392,1.323220467336085,SIMULATED,NORMAL
2026-06-18T12:38:49.399112+00:00,DION_001,229393,0.9230222038762708,SIMULATED,NORMAL
2026-06-18T12:38:49.409471+00:00,DION_001,229394,0.99357407516044,SIMULATED,NORMAL
2026-06-18T12:38:49.419785+00:00,DION_001,229395,0.9971996223793728,SIMULATED,NORMAL
2026-06-18T12:38:49.430262+00:00,DION_001,229396,1.0746763997990045,SIMULATED,NORMAL
2026-06-18T12:38:49.440629+00:00,DION_001,229397,0.9534652564838342,SIMULATED,NORMAL
2026-06-18T12:38:49.451035+00:00,DION_001,229398,0.8047799009231719,SIMULATED,NORMAL
2026-06-18T12:38:49.461412+00:00,DION_001,229399,1.0518310930992156,SIMULATED,NORMAL
2026-06-18T12:38:49.471722+00:00,DION_001,229400,0.9986384161924867,SIMULATED,NORMAL
2026-06-18T12:38:49.482079+00:00,DION_001,229401,0.6110341977880933,SIMULATED,NORMAL
2026-06-18T12:38:49.492595+00:00,DION_001,229402,0.8628674866978999,SIMULATED,NORMAL
2026-06-18T12:38:49.503002+00:00,DION_001,229403,0.6402555927458058,SIMULATED,NORMAL
2026-06-18T12:38:49.513436+00:00,DION_001,229404,0.510685731588297,SIMULATED,NORMAL
2026-06-18T12:38:49.523819+00:00,DION_001,229405,0.4014513102796588,SIMULATED,NORMAL
2026-06-18T12:38:49.534472+00:00,DION_001,229406,0.5421644019402936,SIMULATED,NORMAL
2026-06-18T12:38:49.544932+00:00,DION_001,229407,0.9484925044633683,SIMULATED,NORMAL
2026-06-18T12:38:49.555360+00:00,DION_001,229408,0.6538917978054316,SIMULATED,NORMAL
2026-06-18T12:38:49.565826+00:00,DION_001,229409,0.641885531375141,SIMULATED,NORMAL
2026-06-18T12:38:49.576233+00:00,DION_001,229410,0.3363164323062704,SIMULATED,NORMAL
2026-06-18T12:38:49.586656+00:00,DION_001,229411,0.13310772051670317,SIMULATED,NORMAL
2026-06-18T12:38:49.597104+00:00,DION_001,229412,0.40127705842788597,SIMULATED,NORMAL
2026-06-18T12:38:49.607508+00:00,DION_001,229413,0.47730511830496636,SIMULATED,NORMAL
2026-06-18T12:38:49.617893+00:00,DION_001,229414,-0.027073545354499906,SIMULATED,NORMAL
2026-06-18T12:38:49.628323+00:00,DION_001,229415,0.21173302938404184,SIMULATED,NORMAL
2026-06-18T12:38:49.638950+00:00,DION_001,229416,0.030525951678266022,SIMULATED,NORMAL
2026-06-18T12:38:49.649569+00:00,DION_001,229417,0.41532073811321596,SIMULATED,NORMAL
2026-06-18T12:38:49.660018+00:00,DION_001,229418,0.3834375480145449,SIMULATED,NORMAL
2026-06-18T12:38:49.670550+00:00,DION_001,229419,0.2814649897893351,SIMULATED,NORMAL
2026-06-18T12:38:49.680907+00:00,DION_001,229420,-0.21508419265429418,SIMULATED,NORMAL
2026-06-18T12:38:49.691289+00:00,DION_001,229421,0.12839209163819068,SIMULATED,NORMAL
2026-06-18T12:38:49.701640+00:00,DION_001,229422,0.015095546848082494,SIMULATED,NORMAL
2026-06-18T12:38:49.712102+00:00,DION_001,229423,0.045263371714362635,SIMULATED,NORMAL
2026-06-18T12:38:49.722422+00:00,DION_001,229424,-0.06212010525125912,SIMULATED,NORMAL
2026-06-18T12:38:49.732819+00:00,DION_001,229425,-0.15723941405034278,SIMULATED,NORMAL
2026-06-18T12:38:49.743279+00:00,DION_001,229426,-0.13831191971091256,SIMULATED,NORMAL
2026-06-18T12:38:49.753684+00:00,DION_001,229427,-0.15961164122253796,SIMULATED,NORMAL
2026-06-18T12:38:49.763985+00:00,DION_001,229428,-0.2146458785770763,SIMULATED,NORMAL
2026-06-18T12:38:49.774440+00:00,DION_001,229429,-0.062146768843473074,SIMULATED,NORMAL
2026-06-18T12:38:49.784849+00:00,DION_001,229430,-0.22289986284144087,SIMULATED,NORMAL
2026-06-18T12:38:49.795230+00:00,DION_001,229431,-0.14384887100467816,SIMULATED,NORMAL
2026-06-18T12:38:49.805779+00:00,DION_001,229432,-0.0659660443251366,SIMULATED,NORMAL
2026-06-18T12:38:49.816130+00:00,DION_001,229433,0.055137568017636474,SIMULATED,NORMAL
2026-06-18T12:38:49.826427+00:00,DION_001,229434,-0.08057422279622224,SIMULATED,NORMAL
2026-06-18T12:38:49.836713+00:00,DION_001,229435,-0.584486122713464,SIMULATED,NORMAL
2026-06-18T12:38:49.847038+00:00,DION_001,229436,-0.5650281209323246,SIMULATED,NORMAL
2026-06-18T12:38:49.857397+00:00,DION_001,229437,-0.21774124855349977,SIMULATED,NORMAL
2026-06-18T12:38:49.867755+00:00,DION_001,229438,-0.1533666525338595,SIMULATED,NORMAL
2026-06-18T12:38:49.878088+00:00,DION_001,229439,-0.13535079041217662,SIMULATED,NORMAL
2026-06-18T12:38:49.888541+00:00,DION_001,229440,-0.09533685376625746,SIMULATED,NORMAL
2026-06-18T12:38:49.898825+00:00,DION_001,229441,-0.05683410945003432,SIMULATED,NORMAL
2026-06-18T12:38:49.909101+00:00,DION_001,229442,-0.24525987390905596,SIMULATED,NORMAL
2026-06-18T12:38:49.919432+00:00,DION_001,229443,-0.24567320986087735,SIMULATED,NORMAL
2026-06-18T12:38:49.929768+00:00,DION_001,229444,-0.014670197127250303,SIMULATED,NORMAL
2026-06-18T12:38:49.940202+00:00,DION_001,229445,-0.24670653455445157,SIMULATED,NORMAL
2026-06-18T12:38:49.950509+00:00,DION_001,229446,-0.08714550657594809,SIMULATED,NORMAL
2026-06-18T12:38:49.960849+00:00,DION_001,229447,-0.1126175405443168,SIMULATED,NORMAL
2026-06-18T12:38:49.971094+00:00,DION_001,229448,-0.32057583441987164,SIMULATED,NORMAL
2026-06-18T12:38:49.981365+00:00,DION_001,229449,0.07354796638056596,SIMULATED,NORMAL
2026-06-18T12:38:49.991620+00:00,DION_001,229450,0.0984326720346142,SIMULATED,NORMAL
2026-06-18T12:38:50.002084+00:00,DION_001,229451,0.018678477460300495,SIMULATED,NORMAL
2026-06-18T12:38:50.012600+00:00,DION_001,229452,-0.013334888421103312,SIMULATED,NORMAL
2026-06-18T12:38:50.022969+00:00,DION_001,229453,-0.07425268856010617,SIMULATED,NORMAL
2026-06-18T12:38:50.033331+00:00,DION_001,229454,0.10628517414220687,SIMULATED,NORMAL
2026-06-18T12:38:50.043835+00:00,DION_001,229455,-0.1660973956844412,SIMULATED,NORMAL
2026-06-18T12:38:50.054265+00:00,DION_001,229456,-0.08337740451327182,SIMULATED,NORMAL
2026-06-18T12:38:50.064867+00:00,DION_001,229457,0.0952020740326752,SIMULATED,NORMAL
2026-06-18T12:38:50.075354+00:00,DION_001,229458,0.09651968843880102,SIMULATED,NORMAL
2026-06-18T12:38:50.085727+00:00,DION_001,229459,0.4166389703537463,SIMULATED,NORMAL
2026-06-18T12:38:50.096072+00:00,DION_001,229460,0.23375953364347024,SIMULATED,NORMAL
2026-06-18T12:38:50.106407+00:00,DION_001,229461,-0.018975630635625906,SIMULATED,NORMAL
2026-06-18T12:38:50.116870+00:00,DION_001,229462,0.31507746661588376,SIMULATED,NORMAL
2026-06-18T12:38:50.127349+00:00,DION_001,229463,-0.1235211159527766,SIMULATED,NORMAL
2026-06-18T12:38:50.137807+00:00,DION_001,229464,0.09278672396888032,SIMULATED,NORMAL
2026-06-18T12:38:50.148101+00:00,DION_001,229465,0.08198542419179523,SIMULATED,NORMAL
2026-06-18T12:38:50.158515+00:00,DION_001,229466,0.1458032578989186,SIMULATED,NORMAL
2026-06-18T12:38:50.169220+00:00,DION_001,229467,0.4073102429692972,SIMULATED,NORMAL
2026-06-18T12:38:50.179703+00:00,DION_001,229468,0.4106494173539085,SIMULATED,NORMAL
2026-06-18T12:38:50.190042+00:00,DION_001,229469,0.08480837565719439,SIMULATED,NORMAL
2026-06-18T12:38:50.200430+00:00,DION_001,229470,-0.05335744707173143,SIMULATED,NORMAL
2026-06-18T12:38:50.210734+00:00,DION_001,229471,0.026822038168067455,SIMULATED,NORMAL
2026-06-18T12:38:50.221167+00:00,DION_001,229472,-0.059765993651105714,SIMULATED,NORMAL
2026-06-18T12:38:50.231452+00:00,DION_001,229473,0.016280833200525938,SIMULATED,NORMAL
2026-06-18T12:38:50.241728+00:00,DION_001,229474,0.060798029806281476,SIMULATED,NORMAL
2026-06-18T12:38:50.252064+00:00,DION_001,229475,0.11833660567711247,SIMULATED,NORMAL
2026-06-18T12:38:50.262531+00:00,DION_001,229476,0.34105362606432704,SIMULATED,NORMAL
2026-06-18T12:38:50.273022+00:00,DION_001,229477,0.10328923044412086,SIMULATED,NORMAL
2026-06-18T12:38:50.283507+00:00,DION_001,229478,0.01246243503513482,SIMULATED,NORMAL
2026-06-18T12:38:50.294030+00:00,DION_001,229479,-0.030863761999515654,SIMULATED,NORMAL
2026-06-18T12:38:50.304465+00:00,DION_001,229480,-0.27458994097051764,SIMULATED,NORMAL
2026-06-18T12:38:50.314857+00:00,DION_001,229481,0.11649272031497365,SIMULATED,NORMAL
2026-06-18T12:38:50.325155+00:00,DION_001,229482,-0.20602730148991044,SIMULATED,NORMAL
2026-06-18T12:38:50.335579+00:00,DION_001,229483,-0.10411273645800108,SIMULATED,NORMAL
2026-06-18T12:38:50.346026+00:00,DION_001,229484,-0.1262458489913064,SIMULATED,NORMAL
2026-06-18T12:38:50.356655+00:00,DION_001,229485,-0.10038474601654074,SIMULATED,NORMAL
2026-06-18T12:38:50.366971+00:00,DION_001,229486,-0.34027050139535214,SIMULATED,NORMAL
2026-06-18T12:38:50.377381+00:00,DION_001,229487,-0.31993038150772696,SIMULATED,NORMAL
2026-06-18T12:38:50.387854+00:00,DION_001,229488,-0.4211883355242858,SIMULATED,NORMAL
2026-06-18T12:38:50.398293+00:00,DION_001,229489,-0.24916429848684574,SIMULATED,NORMAL
2026-06-18T12:38:50.408659+00:00,DION_001,229490,-0.272668190741455,SIMULATED,NORMAL
2026-06-18T12:38:50.419112+00:00,DION_001,229491,-0.3892301311263212,SIMULATED,NORMAL
2026-06-18T12:38:50.429475+00:00,DION_001,229492,-0.30696915296390037,SIMULATED,NORMAL
2026-06-18T12:38:50.439827+00:00,DION_001,229493,-0.5302805083899903,SIMULATED,NORMAL
2026-06-18T12:38:50.450295+00:00,DION_001,229494,-0.4922077804534382,SIMULATED,NORMAL
2026-06-18T12:38:50.460669+00:00,DION_001,229495,-0.4318375990526519,SIMULATED,NORMAL
2026-06-18T12:38:50.471078+00:00,DION_001,229496,-0.7715236043518809,SIMULATED,NORMAL
2026-06-18T12:38:50.481425+00:00,DION_001,229497,-0.8397556679126928,SIMULATED,NORMAL
2026-06-18T12:38:50.491752+00:00,DION_001,229498,-0.9524156908459468,SIMULATED,NORMAL
2026-06-18T12:38:50.502083+00:00,DION_001,229499,-0.5888312372029035,SIMULATED,NORMAL
2026-06-18T12:38:50.512597+00:00,DION_001,229500,-0.6723091163416366,SIMULATED,NORMAL
2026-06-18T12:38:50.523036+00:00,DION_001,229501,-0.9687176781250457,SIMULATED,NORMAL
2026-06-18T12:38:50.533391+00:00,DION_001,229502,-0.651256413471873,SIMULATED,NORMAL
2026-06-18T12:38:50.543769+00:00,DION_001,229503,-0.7921355580087971,SIMULATED,NORMAL
2026-06-18T12:38:50.554131+00:00,DION_001,229504,-0.9349790544616036,SIMULATED,NORMAL
2026-06-18T12:38:50.564564+00:00,DION_001,229505,-1.199262479311303,SIMULATED,NORMAL
2026-06-18T12:38:50.574997+00:00,DION_001,229506,-1.1133804136647987,SIMULATED,NORMAL
2026-06-18T12:38:50.585384+00:00,DION_001,229507,-0.8513903472602443,SIMULATED,NORMAL
2026-06-18T12:38:50.595746+00:00,DION_001,229508,-1.3187358468489383,SIMULATED,NORMAL
2026-06-18T12:38:50.606293+00:00,DION_001,229509,1.6998419791032677,SIMULATED,NORMAL
2026-06-18T12:38:50.616993+00:00,DION_001,229510,-1.147240155357014,SIMULATED,NORMAL
2026-06-18T12:38:50.627385+00:00,DION_001,229511,-1.1145908811102208,SIMULATED,NORMAL
2026-06-18T12:38:50.637940+00:00,DION_001,229512,-1.073718485471008,SIMULATED,NORMAL
2026-06-18T12:38:50.648310+00:00,DION_001,229513,-1.083065029657821,SIMULATED,NORMAL
2026-06-18T12:38:50.658711+00:00,DION_001,229514,-1.0125858235401883,SIMULATED,NORMAL
2026-06-18T12:38:50.669190+00:00,DION_001,229515,-1.2101433919696991,SIMULATED,NORMAL
2026-06-18T12:38:50.679620+00:00,DION_001,229516,-1.361254306516284,SIMULATED,NORMAL
2026-06-18T12:38:50.690243+00:00,DION_001,229517,-1.136575203411531,SIMULATED,NORMAL
2026-06-18T12:38:50.700759+00:00,DION_001,229518,-1.391311904177015,SIMULATED,NORMAL
2026-06-18T12:38:50.711144+00:00,DION_001,229519,-0.7448623543500522,SIMULATED,NORMAL
2026-06-18T12:38:50.721473+00:00,DION_001,229520,-1.0926644481876062,SIMULATED,NORMAL
2026-06-18T12:38:50.731789+00:00,DION_001,229521,-0.9422765936297914,SIMULATED,NORMAL
2026-06-18T12:38:50.742129+00:00,DION_001,229522,-1.0285590236254802,SIMULATED,NORMAL
2026-06-18T12:38:50.752620+00:00,DION_001,229523,-1.1643235078695922,SIMULATED,NORMAL
2026-06-18T12:38:50.763010+00:00,DION_001,229524,-1.0158036946480586,SIMULATED,NORMAL
2026-06-18T12:38:50.773370+00:00,DION_001,229525,-0.6599806036061537,SIMULATED,NORMAL
2026-06-18T12:38:50.783737+00:00,DION_001,229526,-0.5962071420890369,SIMULATED,NORMAL
2026-06-18T12:38:50.794093+00:00,DION_001,229527,-1.1181955443360465,SIMULATED,NORMAL
2026-06-18T12:38:50.804657+00:00,DION_001,229528,-0.9023502956895754,SIMULATED,NORMAL
2026-06-18T12:38:50.815044+00:00,DION_001,229529,-0.7340853303707042,SIMULATED,NORMAL
2026-06-18T12:38:50.825555+00:00,DION_001,229530,-1.027170715351357,SIMULATED,NORMAL
2026-06-18T12:38:50.835983+00:00,DION_001,229531,-0.8610137907137865,SIMULATED,NORMAL
2026-06-18T12:38:50.846403+00:00,DION_001,229532,-0.7558499837918529,SIMULATED,NORMAL
2026-06-18T12:38:50.856832+00:00,DION_001,229533,-0.701527198768144,SIMULATED,NORMAL
2026-06-18T12:38:50.867222+00:00,DION_001,229534,-0.6103414665685685,SIMULATED,NORMAL
2026-06-18T12:38:50.877700+00:00,DION_001,229535,-0.5472844369424381,SIMULATED,NORMAL
2026-06-18T12:38:50.888165+00:00,DION_001,229536,-0.6769650878572144,SIMULATED,NORMAL
2026-06-18T12:38:50.898611+00:00,DION_001,229537,-0.3683340909016975,SIMULATED,NORMAL
2026-06-18T12:38:50.909036+00:00,DION_001,229538,-0.5393999417675902,SIMULATED,NORMAL
2026-06-18T12:38:50.919450+00:00,DION_001,229539,-0.5179480202935248,SIMULATED,NORMAL
2026-06-18T12:38:50.929821+00:00,DION_001,229540,-0.6526094878888251,SIMULATED,NORMAL
2026-06-18T12:38:50.940216+00:00,DION_001,229541,-0.4894678247744151,SIMULATED,NORMAL
2026-06-18T12:38:50.950662+00:00,DION_001,229542,-0.43650502463690294,SIMULATED,NORMAL
2026-06-18T12:38:50.961117+00:00,DION_001,229543,-0.23560031316313754,SIMULATED,NORMAL
2026-06-18T12:38:50.971565+00:00,DION_001,229544,-0.8072598309644199,SIMULATED,NORMAL
2026-06-18T12:38:50.982007+00:00,DION_001,229545,-0.7676788137478718,SIMULATED,NORMAL
2026-06-18T12:38:50.992518+00:00,DION_001,229546,-0.5881663005358815,SIMULATED,NORMAL
2026-06-18T12:38:51.002906+00:00,DION_001,229547,-0.3275593014334429,SIMULATED,NORMAL
2026-06-18T12:38:51.013323+00:00,DION_001,229548,-0.24240467978717734,SIMULATED,NORMAL
2026-06-18T12:38:51.023695+00:00,DION_001,229549,-0.2515174132334174,SIMULATED,NORMAL
2026-06-18T12:38:51.034038+00:00,DION_001,229550,-0.4012752508089141,SIMULATED,NORMAL
2026-06-18T12:38:51.044508+00:00,DION_001,229551,-0.3899787414382749,SIMULATED,NORMAL
2026-06-18T12:38:51.055113+00:00,DION_001,229552,-0.4464810020148605,SIMULATED,NORMAL
2026-06-18T12:38:51.065473+00:00,DION_001,229553,-0.45640104659958186,SIMULATED,NORMAL
2026-06-18T12:38:51.075842+00:00,DION_001,229554,-0.3857810751594282,SIMULATED,NORMAL
2026-06-18T12:38:51.086197+00:00,DION_001,229555,-0.31539238396470637,SIMULATED,NORMAL
2026-06-18T12:38:51.096545+00:00,DION_001,229556,-0.39095394181383925,SIMULATED,NORMAL
2026-06-18T12:38:51.106839+00:00,DION_001,229557,-0.6140844611703213,SIMULATED,NORMAL
2026-06-18T12:38:51.117178+00:00,DION_001,229558,-0.5284272241796288,SIMULATED,NORMAL
2026-06-18T12:38:51.127469+00:00,DION_001,229559,-0.39260866262517924,SIMULATED,NORMAL
2026-06-18T12:38:51.137826+00:00,DION_001,229560,-0.47351308905673517,SIMULATED,NORMAL
2026-06-18T12:38:51.148218+00:00,DION_001,229561,-0.5926606875665948,SIMULATED,NORMAL
2026-06-18T12:38:51.158545+00:00,DION_001,229562,-0.5155625113747264,SIMULATED,NORMAL
2026-06-18T12:38:51.168892+00:00,DION_001,229563,-0.3815168392460402,SIMULATED,NORMAL
2026-06-18T12:38:51.179272+00:00,DION_001,229564,-0.39384090329170013,SIMULATED,NORMAL
2026-06-18T12:38:51.189616+00:00,DION_001,229565,-0.42473259216227033,SIMULATED,NORMAL
2026-06-18T12:38:51.200027+00:00,DION_001,229566,-0.39728362201091705,SIMULATED,NORMAL
2026-06-18T12:38:51.210352+00:00,DION_001,229567,-0.5932318703026854,SIMULATED,NORMAL
2026-06-18T12:38:51.220669+00:00,DION_001,229568,-0.8054887956052839,SIMULATED,NORMAL
2026-06-18T12:38:51.230982+00:00,DION_001,229569,-0.36037339273364044,SIMULATED,NORMAL
2026-06-18T12:38:51.241368+00:00,DION_001,229570,-0.39177833257263267,SIMULATED,NORMAL
2026-06-18T12:38:51.251680+00:00,DION_001,229571,-0.993042150259984,SIMULATED,NORMAL
2026-06-18T12:38:51.262126+00:00,DION_001,229572,-0.8544735848851646,SIMULATED,NORMAL
2026-06-18T12:38:51.272572+00:00,DION_001,229573,-0.8455386670591022,SIMULATED,NORMAL
2026-06-18T12:38:51.282997+00:00,DION_001,229574,-0.9601919572517692,SIMULATED,NORMAL
2026-06-18T12:38:51.293383+00:00,DION_001,229575,-1.059052451734657,SIMULATED,NORMAL
2026-06-18T12:38:51.303750+00:00,DION_001,229576,-0.8021401088110378,SIMULATED,NORMAL
2026-06-18T12:38:51.314237+00:00,DION_001,229577,-0.8116989381825874,SIMULATED,NORMAL
2026-06-18T12:38:51.324667+00:00,DION_001,229578,-0.9012282066158974,SIMULATED,NORMAL
2026-06-18T12:38:51.335002+00:00,DION_001,229579,-0.8774695146954395,SIMULATED,NORMAL
2026-06-18T12:38:51.345391+00:00,DION_001,229580,-0.9013771319321526,SIMULATED,NORMAL
2026-06-18T12:38:51.355981+00:00,DION_001,229581,-0.9603723432210459,SIMULATED,NORMAL
2026-06-18T12:38:51.366494+00:00,DION_001,229582,-0.86692968837397,SIMULATED,NORMAL
2026-06-18T12:38:51.376939+00:00,DION_001,229583,-1.0501919504419326,SIMULATED,NORMAL
2026-06-18T12:38:51.387393+00:00,DION_001,229584,-0.8164140658597773,SIMULATED,NORMAL
2026-06-18T12:38:51.397732+00:00,DION_001,229585,-1.1445590725084474,SIMULATED,NORMAL
2026-06-18T12:38:51.408086+00:00,DION_001,229586,-1.0985992789446988,SIMULATED,NORMAL
2026-06-18T12:38:51.418490+00:00,DION_001,229587,-0.9322546674815887,SIMULATED,NORMAL
2026-06-18T12:38:51.428796+00:00,DION_001,229588,-0.902803386155099,SIMULATED,NORMAL
2026-06-18T12:38:51.439229+00:00,DION_001,229589,-1.075755741181199,SIMULATED,NORMAL
2026-06-18T12:38:51.449641+00:00,DION_001,229590,-0.9040194992702262,SIMULATED,NORMAL
2026-06-18T12:38:51.460233+00:00,DION_001,229591,-1.1959189788255706,SIMULATED,NORMAL
2026-06-18T12:38:51.470683+00:00,DION_001,229592,-1.149295110725353,SIMULATED,NORMAL
2026-06-18T12:38:51.481160+00:00,DION_001,229593,-0.9824720123294832,SIMULATED,NORMAL
2026-06-18T12:38:51.491498+00:00,DION_001,229594,-0.8404380934821526,SIMULATED,NORMAL
2026-06-18T12:38:51.501814+00:00,DION_001,229595,-0.6077764593441084,SIMULATED,NORMAL
2026-06-18T12:38:51.512123+00:00,DION_001,229596,-0.8276281957704417,SIMULATED,NORMAL
2026-06-18T12:38:51.522462+00:00,DION_001,229597,-0.7551742395400367,SIMULATED,NORMAL
2026-06-18T12:38:51.532750+00:00,DION_001,229598,-0.7811430431379364,SIMULATED,NORMAL
2026-06-18T12:38:51.543068+00:00,DION_001,229599,-0.9352806211365062,SIMULATED,NORMAL
2026-06-18T12:38:51.553393+00:00,DION_001,229600,-0.8819005007117691,SIMULATED,NORMAL
2026-06-18T12:38:51.563754+00:00,DION_001,229601,-0.7901944182825317,SIMULATED,NORMAL
2026-06-18T12:38:51.574276+00:00,DION_001,229602,-0.5731500817243215,SIMULATED,NORMAL
2026-06-18T12:38:51.584754+00:00,DION_001,229603,-0.5358724614115441,SIMULATED,NORMAL
2026-06-18T12:38:51.595356+00:00,DION_001,229604,-0.6426294914183257,SIMULATED,NORMAL
2026-06-18T12:38:51.605846+00:00,DION_001,229605,-0.7231542295234618,SIMULATED,NORMAL
2026-06-18T12:38:51.616334+00:00,DION_001,229606,-0.47134231195403975,SIMULATED,NORMAL
2026-06-18T12:38:51.626762+00:00,DION_001,229607,-0.0719394805978612,SIMULATED,NORMAL
2026-06-18T12:38:51.637292+00:00,DION_001,229608,-0.5802397437399033,SIMULATED,NORMAL
2026-06-18T12:38:51.647709+00:00,DION_001,229609,-0.5322136768060631,SIMULATED,NORMAL
2026-06-18T12:38:51.658246+00:00,DION_001,229610,-0.2743442541983673,SIMULATED,NORMAL
2026-06-18T12:38:51.668697+00:00,DION_001,229611,-0.5186682827457099,SIMULATED,NORMAL
2026-06-18T12:38:51.679201+00:00,DION_001,229612,-0.2893607827863484,SIMULATED,NORMAL
2026-06-18T12:38:51.689745+00:00,DION_001,229613,-0.36238986918819727,SIMULATED,NORMAL
2026-06-18T12:38:51.700239+00:00,DION_001,229614,-0.1771550025904351,SIMULATED,NORMAL
2026-06-18T12:38:51.710561+00:00,DION_001,229615,-0.4713657309659321,SIMULATED,NORMAL
2026-06-18T12:38:51.720889+00:00,DION_001,229616,-0.06047238533855889,SIMULATED,NORMAL
2026-06-18T12:38:51.731311+00:00,DION_001,229617,0.10164082031787633,SIMULATED,NORMAL
2026-06-18T12:38:51.741652+00:00,DION_001,229618,0.17329706742383363,SIMULATED,NORMAL
2026-06-18T12:38:51.752068+00:00,DION_001,229619,0.05841301790783256,SIMULATED,NORMAL
2026-06-18T12:38:51.762456+00:00,DION_001,229620,-0.43947676184909434,SIMULATED,NORMAL
2026-06-18T12:38:51.772872+00:00,DION_001,229621,-0.17777937189248885,SIMULATED,NORMAL
2026-06-18T12:38:51.783300+00:00,DION_001,229622,0.07361487890328133,SIMULATED,NORMAL
2026-06-18T12:38:51.793734+00:00,DION_001,229623,0.22294291479101988,SIMULATED,NORMAL
2026-06-18T12:38:51.804275+00:00,DION_001,229624,0.1767752105421645,SIMULATED,NORMAL
2026-06-18T12:38:51.814624+00:00,DION_001,229625,0.014306334082702904,SIMULATED,NORMAL
2026-06-18T12:38:51.825220+00:00,DION_001,229626,0.15690542064010113,SIMULATED,NORMAL
2026-06-18T12:38:51.835569+00:00,DION_001,229627,0.10313372368858033,SIMULATED,NORMAL
2026-06-18T12:38:51.846040+00:00,DION_001,229628,0.3423623982559141,SIMULATED,NORMAL
2026-06-18T12:38:51.856482+00:00,DION_001,229629,0.3488411408091142,SIMULATED,NORMAL
2026-06-18T12:38:51.866840+00:00,DION_001,229630,0.19270439819541704,SIMULATED,NORMAL
2026-06-18T12:38:51.877372+00:00,DION_001,229631,0.08973895563726994,SIMULATED,NORMAL
2026-06-18T12:38:51.887759+00:00,DION_001,229632,0.4833922908180852,SIMULATED,NORMAL
2026-06-18T12:38:51.898290+00:00,DION_001,229633,0.390114069993412,SIMULATED,NORMAL
2026-06-18T12:38:51.908674+00:00,DION_001,229634,0.5640449243583909,SIMULATED,NORMAL
2026-06-18T12:38:51.919032+00:00,DION_001,229635,0.20470741534884412,SIMULATED,NORMAL
2026-06-18T12:38:51.929571+00:00,DION_001,229636,0.19209100402567997,SIMULATED,NORMAL
2026-06-18T12:38:51.940051+00:00,DION_001,229637,0.20931179142577494,SIMULATED,NORMAL
2026-06-18T12:38:51.950600+00:00,DION_001,229638,0.1464931981600245,SIMULATED,NORMAL
2026-06-18T12:38:51.961110+00:00,DION_001,229639,0.26286326279942607,SIMULATED,NORMAL
2026-06-18T12:38:51.971519+00:00,DION_001,229640,2.7591363803510562,SIMULATED,EVENT_DETECTED
2026-06-18T12:38:51.982193+00:00,DION_001,229641,0.22090775793539452,SIMULATED,NORMAL
2026-06-18T12:38:51.992601+00:00,DION_001,229642,0.38437077880244025,SIMULATED,NORMAL
2026-06-18T12:38:52.003028+00:00,DION_001,229643,0.09345489205030183,SIMULATED,NORMAL
2026-06-18T12:38:52.013462+00:00,DION_001,229644,0.16785259676338293,SIMULATED,NORMAL
2026-06-18T12:38:52.023887+00:00,DION_001,229645,-2.17441709938959,SIMULATED,EVENT_DETECTED
2026-06-18T12:38:52.034430+00:00,DION_001,229646,0.32627426588860897,SIMULATED,NORMAL
2026-06-18T12:38:52.044834+00:00,DION_001,229647,0.3658803837827507,SIMULATED,NORMAL
2026-06-18T12:38:52.055236+00:00,DION_001,229648,-0.1240130836828045,SIMULATED,NORMAL
2026-06-18T12:38:52.065592+00:00,DION_001,229649,0.1494368930869534,SIMULATED,NORMAL
2026-06-18T12:38:52.076005+00:00,DION_001,229650,-0.005712045659920076,SIMULATED,NORMAL
2026-06-18T12:38:52.086402+00:00,DION_001,229651,0.0719281939315717,SIMULATED,NORMAL
2026-06-18T12:38:52.096903+00:00,DION_001,229652,0.03478830293042474,SIMULATED,NORMAL
2026-06-18T12:38:52.107232+00:00,DION_001,229653,0.11374267222883375,SIMULATED,NORMAL
2026-06-18T12:38:52.117480+00:00,DION_001,229654,0.07238214118254979,SIMULATED,NORMAL
2026-06-18T12:38:52.127835+00:00,DION_001,229655,0.03070924587104206,SIMULATED,NORMAL
2026-06-18T12:38:52.138124+00:00,DION_001,229656,2.3797257193449837,SIMULATED,EVENT_DETECTED
2026-06-18T12:38:52.148611+00:00,DION_001,229657,0.07124821379691611,SIMULATED,NORMAL
2026-06-18T12:38:52.159060+00:00,DION_001,229658,-0.12210325710358645,SIMULATED,NORMAL
2026-06-18T12:38:52.169502+00:00,DION_001,229659,-0.1448934868895425,SIMULATED,NORMAL
2026-06-18T12:38:52.179944+00:00,DION_001,229660,-0.08221425935082338,SIMULATED,NORMAL
2026-06-18T12:38:52.190262+00:00,DION_001,229661,0.07815045268371318,SIMULATED,NORMAL
2026-06-18T12:38:52.200579+00:00,DION_001,229662,-0.06661071317359275,SIMULATED,NORMAL
2026-06-18T12:38:52.210845+00:00,DION_001,229663,-0.1083002506563944,SIMULATED,NORMAL
2026-06-18T12:38:52.221141+00:00,DION_001,229664,-0.015741954052867616,SIMULATED,NORMAL
2026-06-18T12:38:52.231437+00:00,DION_001,229665,0.08602559048326253,SIMULATED,NORMAL
2026-06-18T12:38:52.241799+00:00,DION_001,229666,0.14621295932053832,SIMULATED,NORMAL
2026-06-18T12:38:52.252231+00:00,DION_001,229667,-0.17096047924494295,SIMULATED,NORMAL
2026-06-18T12:38:52.262674+00:00,DION_001,229668,0.09345707564962505,SIMULATED,NORMAL
2026-06-18T12:38:52.273016+00:00,DION_001,229669,-0.13952421202091653,SIMULATED,NORMAL
2026-06-18T12:38:52.283367+00:00,DION_001,229670,0.039599326075029986,SIMULATED,NORMAL
2026-06-18T12:38:52.293735+00:00,DION_001,229671,-0.07547508975679469,SIMULATED,NORMAL
2026-06-18T12:38:52.304078+00:00,DION_001,229672,-0.02562811929990792,SIMULATED,NORMAL
2026-06-18T12:38:52.314422+00:00,DION_001,229673,-0.027581584305994743,SIMULATED,NORMAL
2026-06-18T12:38:52.324891+00:00,DION_001,229674,0.050285701463884086,SIMULATED,NORMAL
2026-06-18T12:38:52.335343+00:00,DION_001,229675,-0.01891286454497737,SIMULATED,NORMAL
2026-06-18T12:38:52.345670+00:00,DION_001,229676,-0.054363239742847486,SIMULATED,NORMAL
2026-06-18T12:38:52.356169+00:00,DION_001,229677,-0.029498037031913518,SIMULATED,NORMAL
2026-06-18T12:38:52.366517+00:00,DION_001,229678,0.14235753731200262,SIMULATED,NORMAL
2026-06-18T12:38:52.376850+00:00,DION_001,229679,0.06867831868739421,SIMULATED,NORMAL
2026-06-18T12:38:52.387234+00:00,DION_001,229680,0.08995770087556244,SIMULATED,NORMAL
2026-06-18T12:38:52.397587+00:00,DION_001,229681,-0.06812625540951539,SIMULATED,NORMAL
2026-06-18T12:38:52.407966+00:00,DION_001,229682,0.4215628159462017,SIMULATED,NORMAL
2026-06-18T12:38:52.418342+00:00,DION_001,229683,0.22377016802975733,SIMULATED,NORMAL
2026-06-18T12:38:52.428673+00:00,DION_001,229684,0.3808396327365623,SIMULATED,NORMAL
2026-06-18T12:38:52.438936+00:00,DION_001,229685,0.18376941353725856,SIMULATED,NORMAL
2026-06-18T12:38:52.449286+00:00,DION_001,229686,0.38415997750619396,SIMULATED,NORMAL
2026-06-18T12:38:52.459718+00:00,DION_001,229687,0.31921100808758707,SIMULATED,NORMAL
2026-06-18T12:38:52.470218+00:00,DION_001,229688,0.4576732925003931,SIMULATED,NORMAL
2026-06-18T12:38:52.480742+00:00,DION_001,229689,0.38109051861314713,SIMULATED,NORMAL
2026-06-18T12:38:52.491179+00:00,DION_001,229690,0.6916243567204131,SIMULATED,NORMAL
2026-06-18T12:38:52.501574+00:00,DION_001,229691,0.4721316540345395,SIMULATED,NORMAL
2026-06-18T12:38:52.512001+00:00,DION_001,229692,0.8341685950693721,SIMULATED,NORMAL
2026-06-18T12:38:52.522317+00:00,DION_001,229693,0.738344433686391,SIMULATED,NORMAL
2026-06-18T12:38:52.532625+00:00,DION_001,229694,0.45030219550379136,SIMULATED,NORMAL
2026-06-18T12:38:52.542904+00:00,DION_001,229695,0.7293408860267965,SIMULATED,NORMAL
2026-06-18T12:38:52.553184+00:00,DION_001,229696,0.6764411778984822,SIMULATED,NORMAL
2026-06-18T12:38:52.563520+00:00,DION_001,229697,0.9169688751607974,SIMULATED,NORMAL
2026-06-18T12:38:52.573852+00:00,DION_001,229698,0.982279391234788,SIMULATED,NORMAL
2026-06-18T12:38:52.584228+00:00,DION_001,229699,0.9730086334481455,SIMULATED,NORMAL
2026-06-18T12:38:52.594524+00:00,DION_001,229700,0.853007576284523,SIMULATED,NORMAL
2026-06-18T12:38:52.604806+00:00,DION_001,229701,0.7845668858012185,SIMULATED,NORMAL
2026-06-18T12:38:52.615209+00:00,DION_001,229702,0.846437113229282,SIMULATED,NORMAL
2026-06-18T12:38:52.625448+00:00,DION_001,229703,0.9879662218562655,SIMULATED,NORMAL
2026-06-18T12:38:52.635748+00:00,DION_001,229704,1.0438942546286443,SIMULATED,NORMAL
2026-06-18T12:38:52.646009+00:00,DION_001,229705,1.1257562102646652,SIMULATED,NORMAL
2026-06-18T12:38:52.656279+00:00,DION_001,229706,1.0314274235639846,SIMULATED,NORMAL
2026-06-18T12:38:52.666562+00:00,DION_001,229707,1.1197935134626162,SIMULATED,NORMAL
2026-06-18T12:38:52.676796+00:00,DION_001,229708,1.0216085978735434,SIMULATED,NORMAL
2026-06-18T12:38:52.687077+00:00,DION_001,229709,1.0347188219565187,SIMULATED,NORMAL
2026-06-18T12:38:52.697431+00:00,DION_001,229710,1.1675930565050694,SIMULATED,NORMAL
2026-06-18T12:38:52.707826+00:00,DION_001,229711,1.0788494602897147,SIMULATED,NORMAL
2026-06-18T12:38:52.718328+00:00,DION_001,229712,1.1842420368375013,SIMULATED,NORMAL
2026-06-18T12:38:52.728735+00:00,DION_001,229713,0.9796509019625032,SIMULATED,NORMAL
2026-06-18T12:38:52.739186+00:00,DION_001,229714,1.1690016357637734,SIMULATED,NORMAL
2026-06-18T12:38:52.749411+00:00,DION_001,229715,1.067995328260659,SIMULATED,NORMAL
2026-06-18T12:38:52.759639+00:00,DION_001,229716,1.2292463123126605,SIMULATED,NORMAL
2026-06-18T12:38:52.769956+00:00,DION_001,229717,1.0463973081557647,SIMULATED,NORMAL
2026-06-18T12:38:52.780443+00:00,DION_001,229718,1.2946020751063039,SIMULATED,NORMAL
2026-06-18T12:38:52.790660+00:00,DION_001,229719,1.2354835829619217,SIMULATED,NORMAL
2026-06-18T12:38:52.800839+00:00,DION_001,229720,1.0167387920786926,SIMULATED,NORMAL
2026-06-18T12:38:52.811007+00:00,DION_001,229721,1.0111620863735542,SIMULATED,NORMAL
2026-06-18T12:38:52.821184+00:00,DION_001,229722,1.2083915164539254,SIMULATED,NORMAL
2026-06-18T12:38:52.831433+00:00,DION_001,229723,1.1918959014164996,SIMULATED,NORMAL
2026-06-18T12:38:52.841833+00:00,DION_001,229724,1.2705999221203852,SIMULATED,NORMAL
2026-06-18T12:38:52.852266+00:00,DION_001,229725,0.9676732188314288,SIMULATED,NORMAL
2026-06-18T12:38:52.862642+00:00,DION_001,229726,0.7617611129301717,SIMULATED,NORMAL
2026-06-18T12:38:52.872929+00:00,DION_001,229727,0.8152735595497977,SIMULATED,NORMAL
2026-06-18T12:38:52.883252+00:00,DION_001,229728,1.0423947445834978,SIMULATED,NORMAL
2026-06-18T12:38:52.893608+00:00,DION_001,229729,0.7085937911173357,SIMULATED,NORMAL
2026-06-18T12:38:52.903871+00:00,DION_001,229730,0.7725794695384042,SIMULATED,NORMAL
2026-06-18T12:38:52.914252+00:00,DION_001,229731,0.5143315382002861,SIMULATED,NORMAL
2026-06-18T12:38:52.924733+00:00,DION_001,229732,0.8356528568674318,SIMULATED,NORMAL
2026-06-18T12:38:52.935167+00:00,DION_001,229733,0.776984633950036,SIMULATED,NORMAL
2026-06-18T12:38:52.945622+00:00,DION_001,229734,0.4950610921530315,SIMULATED,NORMAL
2026-06-18T12:38:52.956071+00:00,DION_001,229735,0.5933094531796448,SIMULATED,NORMAL
2026-06-18T12:38:52.966442+00:00,DION_001,229736,0.6941737115986164,SIMULATED,NORMAL
2026-06-18T12:38:52.976841+00:00,DION_001,229737,0.6128201337691883,SIMULATED,NORMAL
2026-06-18T12:38:52.987237+00:00,DION_001,229738,-2.0083175684973904,SIMULATED,EVENT_DETECTED
2026-06-18T12:38:52.997912+00:00,DION_001,229739,0.4903517673620337,SIMULATED,NORMAL
2026-06-18T12:38:53.008308+00:00,DION_001,229740,0.5178847641163368,SIMULATED,NORMAL
2026-06-18T12:38:53.018704+00:00,DION_001,229741,0.6610970840183914,SIMULATED,NORMAL
2026-06-18T12:38:53.029039+00:00,DION_001,229742,0.6832246011137657,SIMULATED,NORMAL
2026-06-18T12:38:53.039413+00:00,DION_001,229743,0.18473248460197866,SIMULATED,NORMAL
2026-06-18T12:38:53.049759+00:00,DION_001,229744,0.6836864686167766,SIMULATED,NORMAL
2026-06-18T12:38:53.060151+00:00,DION_001,229745,0.256880313837881,SIMULATED,NORMAL
2026-06-18T12:38:53.070556+00:00,DION_001,229746,0.4892443859947149,SIMULATED,NORMAL
2026-06-18T12:38:53.080927+00:00,DION_001,229747,0.2894988222702656,SIMULATED,NORMAL
2026-06-18T12:38:53.091366+00:00,DION_001,229748,0.49297398534196113,SIMULATED,NORMAL
2026-06-18T12:38:53.101802+00:00,DION_001,229749,0.5796299199741917,SIMULATED,NORMAL
2026-06-18T12:38:53.112211+00:00,DION_001,229750,0.2487489593101157,SIMULATED,NORMAL
2026-06-18T12:38:53.122702+00:00,DION_001,229751,0.24772890432702255,SIMULATED,NORMAL
2026-06-18T12:38:53.133241+00:00,DION_001,229752,0.5459431231172217,SIMULATED,NORMAL
2026-06-18T12:38:53.143714+00:00,DION_001,229753,0.6749727808984304,SIMULATED,NORMAL
2026-06-18T12:38:53.154229+00:00,DION_001,229754,-0.009604313397585273,SIMULATED,NORMAL
2026-06-18T12:38:53.164801+00:00,DION_001,229755,0.6040746208355943,SIMULATED,NORMAL
2026-06-18T12:38:53.175301+00:00,DION_001,229756,0.27728102232938967,SIMULATED,NORMAL
2026-06-18T12:38:53.185946+00:00,DION_001,229757,0.5301366388373719,SIMULATED,NORMAL
2026-06-18T12:38:53.196273+00:00,DION_001,229758,0.6260661544349297,SIMULATED,NORMAL
2026-06-18T12:38:53.206690+00:00,DION_001,229759,0.6201117713854823,SIMULATED,NORMAL
2026-06-18T12:38:53.217173+00:00,DION_001,229760,0.5202641037424774,SIMULATED,NORMAL
2026-06-18T12:38:53.227499+00:00,DION_001,229761,0.08081354858032502,SIMULATED,NORMAL
2026-06-18T12:38:53.237832+00:00,DION_001,229762,0.3181070778587923,SIMULATED,NORMAL
2026-06-18T12:38:53.248270+00:00,DION_001,229763,0.43983621673266565,SIMULATED,NORMAL
2026-06-18T12:38:53.258646+00:00,DION_001,229764,0.13794083229290927,SIMULATED,NORMAL
2026-06-18T12:38:53.269039+00:00,DION_001,229765,0.5256405939209833,SIMULATED,NORMAL
2026-06-18T12:38:53.279405+00:00,DION_001,229766,0.46983443989575907,SIMULATED,NORMAL
2026-06-18T12:38:53.289868+00:00,DION_001,229767,0.6853530314804323,SIMULATED,NORMAL
2026-06-18T12:38:53.300314+00:00,DION_001,229768,0.7104247021163936,SIMULATED,NORMAL
2026-06-18T12:38:53.310808+00:00,DION_001,229769,0.5058896473431761,SIMULATED,NORMAL
2026-06-18T12:38:53.321178+00:00,DION_001,229770,0.7245538880338183,SIMULATED,NORMAL
2026-06-18T12:38:53.331497+00:00,DION_001,229771,0.560181902946939,SIMULATED,NORMAL
2026-06-18T12:38:53.341795+00:00,DION_001,229772,0.5371961926992802,SIMULATED,NORMAL
2026-06-18T12:38:53.352175+00:00,DION_001,229773,0.9374009420566078,SIMULATED,NORMAL
2026-06-18T12:38:53.362579+00:00,DION_001,229774,0.6937973265944519,SIMULATED,NORMAL
2026-06-18T12:38:53.372935+00:00,DION_001,229775,0.5966106225286252,SIMULATED,NORMAL
2026-06-18T12:38:53.383341+00:00,DION_001,229776,0.8162218984729998,SIMULATED,NORMAL
2026-06-18T12:38:53.393670+00:00,DION_001,229777,0.9610105882400282,SIMULATED,NORMAL
2026-06-18T12:38:53.403966+00:00,DION_001,229778,0.8184315425237855,SIMULATED,NORMAL
2026-06-18T12:38:53.414293+00:00,DION_001,229779,0.832254875796307,SIMULATED,NORMAL
2026-06-18T12:38:53.424654+00:00,DION_001,229780,2.768877831271273,SIMULATED,EVENT_DETECTED
2026-06-18T12:38:53.435074+00:00,DION_001,229781,1.0488414678214824,SIMULATED,NORMAL
2026-06-18T12:38:53.445420+00:00,DION_001,229782,0.9890196163875963,SIMULATED,NORMAL
2026-06-18T12:38:53.455786+00:00,DION_001,229783,0.9882669778288025,SIMULATED,NORMAL
2026-06-18T12:38:53.466198+00:00,DION_001,229784,0.9781119807963793,SIMULATED,NORMAL
2026-06-18T12:38:53.476518+00:00,DION_001,229785,1.0698985109476782,SIMULATED,NORMAL
2026-06-18T12:38:53.486835+00:00,DION_001,229786,0.9026010523347289,SIMULATED,NORMAL
2026-06-18T12:38:53.497357+00:00,DION_001,229787,0.6939422836990154,SIMULATED,NORMAL
2026-06-18T12:38:53.507749+00:00,DION_001,229788,0.9603971220534254,SIMULATED,NORMAL
2026-06-18T12:38:53.518122+00:00,DION_001,229789,0.7967684187483108,SIMULATED,NORMAL
2026-06-18T12:38:53.528633+00:00,DION_001,229790,1.398425644374735,SIMULATED,NORMAL
2026-06-18T12:38:53.538911+00:00,DION_001,229791,0.9341994767259482,SIMULATED,NORMAL
2026-06-18T12:38:53.549404+00:00,DION_001,229792,0.8539024483656749,SIMULATED,NORMAL
2026-06-18T12:38:53.559733+00:00,DION_001,229793,0.8677509665101291,SIMULATED,NORMAL
2026-06-18T12:38:53.569973+00:00,DION_001,229794,0.8882011702144057,SIMULATED,NORMAL
2026-06-18T12:38:53.580376+00:00,DION_001,229795,0.8903007082368597,SIMULATED,NORMAL
2026-06-18T12:38:53.590778+00:00,DION_001,229796,0.7333949970928721,SIMULATED,NORMAL
2026-06-18T12:38:53.601122+00:00,DION_001,229797,0.7297088197907784,SIMULATED,NORMAL
2026-06-18T12:38:53.611478+00:00,DION_001,229798,0.9975818141336283,SIMULATED,NORMAL
2026-06-18T12:38:53.621789+00:00,DION_001,229799,0.8727964102921082,SIMULATED,NORMAL
2026-06-18T12:38:53.632100+00:00,DION_001,229800,0.914378227381009,SIMULATED,NORMAL
2026-06-18T12:38:53.642433+00:00,DION_001,229801,0.574738012381677,SIMULATED,NORMAL
2026-06-18T12:38:53.652670+00:00,DION_001,229802,0.9132006053219013,SIMULATED,NORMAL
2026-06-18T12:38:53.663051+00:00,DION_001,229803,0.47528809339321365,SIMULATED,NORMAL
2026-06-18T12:38:53.673318+00:00,DION_001,229804,0.46043993496643343,SIMULATED,NORMAL
2026-06-18T12:38:53.683567+00:00,DION_001,229805,0.47606801413452987,SIMULATED,NORMAL
2026-06-18T12:38:53.693823+00:00,DION_001,229806,0.8236823498952388,SIMULATED,NORMAL
2026-06-18T12:38:53.704109+00:00,DION_001,229807,0.31845904337435266,SIMULATED,NORMAL
2026-06-18T12:38:53.714363+00:00,DION_001,229808,0.47703305322110245,SIMULATED,NORMAL
2026-06-18T12:38:53.724686+00:00,DION_001,229809,0.44128649354854416,SIMULATED,NORMAL
2026-06-18T12:38:53.735060+00:00,DION_001,229810,0.4053479906425221,SIMULATED,NORMAL
2026-06-18T12:38:53.745367+00:00,DION_001,229811,0.10071247921706719,SIMULATED,NORMAL
2026-06-18T12:38:53.755680+00:00,DION_001,229812,0.15414786032211697,SIMULATED,NORMAL
2026-06-18T12:38:53.766005+00:00,DION_001,229813,0.42406260571059495,SIMULATED,NORMAL
2026-06-18T12:38:53.776291+00:00,DION_001,229814,0.11669326110241096,SIMULATED,NORMAL
2026-06-18T12:38:53.786563+00:00,DION_001,229815,0.0079423820880902,SIMULATED,NORMAL
2026-06-18T12:38:53.796793+00:00,DION_001,229816,0.18051064489914717,SIMULATED,NORMAL
2026-06-18T12:38:53.807068+00:00,DION_001,229817,-0.001319289425059017,SIMULATED,NORMAL
2026-06-18T12:38:53.817353+00:00,DION_001,229818,-0.32588369813318924,SIMULATED,NORMAL
2026-06-18T12:38:53.827602+00:00,DION_001,229819,-0.03295455260994991,SIMULATED,NORMAL
2026-06-18T12:38:53.837823+00:00,DION_001,229820,0.2371146775888537,SIMULATED,NORMAL
2026-06-18T12:38:53.848071+00:00,DION_001,229821,-0.18426144026961228,SIMULATED,NORMAL
2026-06-18T12:38:53.858350+00:00,DION_001,229822,-0.031997070014758294,SIMULATED,NORMAL
2026-06-18T12:38:53.868811+00:00,DION_001,229823,-0.12274594141422387,SIMULATED,NORMAL
2026-06-18T12:38:53.879186+00:00,DION_001,229824,-0.357453421991569,SIMULATED,NORMAL
2026-06-18T12:38:53.889470+00:00,DION_001,229825,-0.2056787150107845,SIMULATED,NORMAL
2026-06-18T12:38:53.899737+00:00,DION_001,229826,-0.24683479222763066,SIMULATED,NORMAL
2026-06-18T12:38:53.910010+00:00,DION_001,229827,-0.16240918555539824,SIMULATED,NORMAL
2026-06-18T12:38:53.920283+00:00,DION_001,229828,-0.2680610468257144,SIMULATED,NORMAL
2026-06-18T12:38:53.930622+00:00,DION_001,229829,-0.23396433994406027,SIMULATED,NORMAL
2026-06-18T12:38:53.940918+00:00,DION_001,229830,-0.4485407432975165,SIMULATED,NORMAL
2026-06-18T12:38:53.951433+00:00,DION_001,229831,-0.4966023889860992,SIMULATED,NORMAL
2026-06-18T12:38:53.961765+00:00,DION_001,229832,-0.3954540652662712,SIMULATED,NORMAL
2026-06-18T12:38:53.972071+00:00,DION_001,229833,-0.5553794687070328,SIMULATED,NORMAL
2026-06-18T12:38:53.982337+00:00,DION_001,229834,-0.2432905760105574,SIMULATED,NORMAL
2026-06-18T12:38:53.992628+00:00,DION_001,229835,-0.408001612580734,SIMULATED,NORMAL
2026-06-18T12:38:54.002907+00:00,DION_001,229836,-0.44077911620709687,SIMULATED,NORMAL
2026-06-18T12:38:54.013169+00:00,DION_001,229837,-0.3703243240117442,SIMULATED,NORMAL
2026-06-18T12:38:54.023581+00:00,DION_001,229838,-0.6703010267672205,SIMULATED,NORMAL
2026-06-18T12:38:54.034011+00:00,DION_001,229839,-0.14489069923327885,SIMULATED,NORMAL
2026-06-18T12:38:54.044473+00:00,DION_001,229840,-0.44415384680242753,SIMULATED,NORMAL
2026-06-18T12:38:54.054944+00:00,DION_001,229841,-0.3402346692964432,SIMULATED,NORMAL
2026-06-18T12:38:54.065236+00:00,DION_001,229842,-0.2967881533208712,SIMULATED,NORMAL
2026-06-18T12:38:54.075504+00:00,DION_001,229843,-0.26374180072178155,SIMULATED,NORMAL
2026-06-18T12:38:54.085757+00:00,DION_001,229844,-0.3363720104911735,SIMULATED,NORMAL
2026-06-18T12:38:54.096035+00:00,DION_001,229845,-0.11495137776546888,SIMULATED,NORMAL
2026-06-18T12:38:54.106420+00:00,DION_001,229846,-0.21124680794094836,SIMULATED,NORMAL
2026-06-18T12:38:54.116735+00:00,DION_001,229847,-0.12107215918232186,SIMULATED,NORMAL
2026-06-18T12:38:54.127063+00:00,DION_001,229848,-0.26669903512177023,SIMULATED,NORMAL
2026-06-18T12:38:54.137504+00:00,DION_001,229849,-0.5090978209330242,SIMULATED,NORMAL
2026-06-18T12:38:54.147884+00:00,DION_001,229850,-0.22517282647222905,SIMULATED,NORMAL
2026-06-18T12:38:54.158315+00:00,DION_001,229851,-0.00965571445671587,SIMULATED,NORMAL
2026-06-18T12:38:54.168750+00:00,DION_001,229852,-0.23784979919513774,SIMULATED,NORMAL
2026-06-18T12:38:54.179143+00:00,DION_001,229853,-0.21298999405648472,SIMULATED,NORMAL
2026-06-18T12:38:54.189595+00:00,DION_001,229854,-0.1266617153768258,SIMULATED,NORMAL
2026-06-18T12:38:54.200083+00:00,DION_001,229855,0.014282443878780027,SIMULATED,NORMAL
2026-06-18T12:38:54.210310+00:00,DION_001,229856,0.034200136306776874,SIMULATED,NORMAL
2026-06-18T12:38:54.220650+00:00,DION_001,229857,0.11131866698376791,SIMULATED,NORMAL
2026-06-18T12:38:54.231111+00:00,DION_001,229858,-0.12282752444102968,SIMULATED,NORMAL
2026-06-18T12:38:54.241517+00:00,DION_001,229859,-0.11427555615899576,SIMULATED,NORMAL
2026-06-18T12:38:54.251908+00:00,DION_001,229860,-0.1553542365736825,SIMULATED,NORMAL
2026-06-18T12:38:54.262340+00:00,DION_001,229861,-0.08622114563730132,SIMULATED,NORMAL
2026-06-18T12:38:54.272738+00:00,DION_001,229862,-0.03571526368082896,SIMULATED,NORMAL
2026-06-18T12:38:54.283094+00:00,DION_001,229863,-0.26560844839461806,SIMULATED,NORMAL
2026-06-18T12:38:54.293436+00:00,DION_001,229864,0.03976183241894404,SIMULATED,NORMAL
2026-06-18T12:38:54.303813+00:00,DION_001,229865,-0.027115418724973504,SIMULATED,NORMAL
2026-06-18T12:38:54.314227+00:00,DION_001,229866,-0.14924236781262348,SIMULATED,NORMAL
2026-06-18T12:38:54.324652+00:00,DION_001,229867,-0.09366541893572779,SIMULATED,NORMAL
2026-06-18T12:38:54.334989+00:00,DION_001,229868,0.23085398172795746,SIMULATED,NORMAL
2026-06-18T12:38:54.345493+00:00,DION_001,229869,-0.19117532709704368,SIMULATED,NORMAL
2026-06-18T12:38:54.355954+00:00,DION_001,229870,0.018951737350613992,SIMULATED,NORMAL
2026-06-18T12:38:54.366356+00:00,DION_001,229871,-0.12808234507155936,SIMULATED,NORMAL
2026-06-18T12:38:54.376699+00:00,DION_001,229872,-0.15407434091829936,SIMULATED,NORMAL
2026-06-18T12:38:54.387013+00:00,DION_001,229873,-0.05002713008556109,SIMULATED,NORMAL
2026-06-18T12:38:54.397261+00:00,DION_001,229874,0.07338404191133963,SIMULATED,NORMAL
2026-06-18T12:38:54.407581+00:00,DION_001,229875,-0.1547158096319268,SIMULATED,NORMAL
2026-06-18T12:38:54.418037+00:00,DION_001,229876,-0.029513941840993027,SIMULATED,NORMAL
2026-06-18T12:38:54.428465+00:00,DION_001,229877,-0.09824414840800277,SIMULATED,NORMAL
2026-06-18T12:38:54.438755+00:00,DION_001,229878,-0.2311419035854373,SIMULATED,NORMAL
2026-06-18T12:38:54.449147+00:00,DION_001,229879,-2.675471511469406,SIMULATED,EVENT_DETECTED
2026-06-18T12:38:54.459866+00:00,DION_001,229880,-0.27802758551395074,SIMULATED,NORMAL
2026-06-18T12:38:54.470285+00:00,DION_001,229881,0.05350928925790127,SIMULATED,NORMAL
2026-06-18T12:38:54.480765+00:00,DION_001,229882,-0.1366483656995399,SIMULATED,NORMAL
2026-06-18T12:38:54.491136+00:00,DION_001,229883,-0.16240877511583615,SIMULATED,NORMAL
2026-06-18T12:38:54.501485+00:00,DION_001,229884,-0.3801039672027817,SIMULATED,NORMAL
2026-06-18T12:38:54.511910+00:00,DION_001,229885,-0.24168395668519735,SIMULATED,NORMAL
2026-06-18T12:38:54.522332+00:00,DION_001,229886,-0.6098769942635092,SIMULATED,NORMAL
2026-06-18T12:38:54.532664+00:00,DION_001,229887,-0.30914069033448494,SIMULATED,NORMAL
2026-06-18T12:38:54.543078+00:00,DION_001,229888,-0.5358323604567703,SIMULATED,NORMAL
2026-06-18T12:38:54.553449+00:00,DION_001,229889,-0.4401220520629776,SIMULATED,NORMAL
2026-06-18T12:38:54.563841+00:00,DION_001,229890,-0.6192980369643515,SIMULATED,NORMAL
2026-06-18T12:38:54.574299+00:00,DION_001,229891,-0.7890556889074608,SIMULATED,NORMAL
2026-06-18T12:38:54.584707+00:00,DION_001,229892,-0.2661213686018388,SIMULATED,NORMAL
2026-06-18T12:38:54.595117+00:00,DION_001,229893,-0.7699038468670945,SIMULATED,NORMAL
2026-06-18T12:38:54.605444+00:00,DION_001,229894,-0.778593625668365,SIMULATED,NORMAL
2026-06-18T12:38:54.615774+00:00,DION_001,229895,-0.851901950209828,SIMULATED,NORMAL
2026-06-18T12:38:54.626135+00:00,DION_001,229896,-1.0288650522529754,SIMULATED,NORMAL
2026-06-18T12:38:54.636668+00:00,DION_001,229897,-0.8176754543505776,SIMULATED,NORMAL
2026-06-18T12:38:54.647178+00:00,DION_001,229898,-0.8462340918518145,SIMULATED,NORMAL
2026-06-18T12:38:54.657556+00:00,DION_001,229899,-1.0029295477250495,SIMULATED,NORMAL
2026-06-18T12:38:54.668014+00:00,DION_001,229900,-0.5932868652192476,SIMULATED,NORMAL
2026-06-18T12:38:54.678332+00:00,DION_001,229901,-0.9313250821398658,SIMULATED,NORMAL
2026-06-18T12:38:54.688649+00:00,DION_001,229902,-0.9658531601412106,SIMULATED,NORMAL
2026-06-18T12:38:54.698897+00:00,DION_001,229903,-1.0484249154864165,SIMULATED,NORMAL
2026-06-18T12:38:54.709151+00:00,DION_001,229904,-1.1350506802276923,SIMULATED,NORMAL
2026-06-18T12:38:54.719466+00:00,DION_001,229905,-0.973790553529245,SIMULATED,NORMAL
2026-06-18T12:38:54.729754+00:00,DION_001,229906,-1.2231938387888497,SIMULATED,NORMAL
2026-06-18T12:38:54.740001+00:00,DION_001,229907,-1.2377472133177543,SIMULATED,NORMAL
2026-06-18T12:38:54.750254+00:00,DION_001,229908,-1.2523018125845786,SIMULATED,NORMAL
2026-06-18T12:38:54.760533+00:00,DION_001,229909,-1.336019711079967,SIMULATED,NORMAL
2026-06-18T12:38:54.770771+00:00,DION_001,229910,-0.9217433403623644,SIMULATED,NORMAL
2026-06-18T12:38:54.781021+00:00,DION_001,229911,-1.0035569193810348,SIMULATED,NORMAL
2026-06-18T12:38:54.791324+00:00,DION_001,229912,-1.2496505648887326,SIMULATED,NORMAL
2026-06-18T12:38:54.801690+00:00,DION_001,229913,-1.0426642584505397,SIMULATED,NORMAL
2026-06-18T12:38:54.812086+00:00,DION_001,229914,-1.1190310065084736,SIMULATED,NORMAL
2026-06-18T12:38:54.822465+00:00,DION_001,229915,-0.9158694209075979,SIMULATED,NORMAL
2026-06-18T12:38:54.832830+00:00,DION_001,229916,-1.047644802512661,SIMULATED,NORMAL
2026-06-18T12:38:54.843133+00:00,DION_001,229917,-1.101775309295372,SIMULATED,NORMAL
2026-06-18T12:38:54.853384+00:00,DION_001,229918,-1.1499707528581868,SIMULATED,NORMAL
2026-06-18T12:38:54.863705+00:00,DION_001,229919,-1.037532360524097,SIMULATED,NORMAL
2026-06-18T12:38:54.873998+00:00,DION_001,229920,-0.906062333119807,SIMULATED,NORMAL
2026-06-18T12:38:54.884280+00:00,DION_001,229921,-0.9731969810451742,SIMULATED,NORMAL
2026-06-18T12:38:54.894696+00:00,DION_001,229922,-1.0065790589586363,SIMULATED,NORMAL
2026-06-18T12:38:54.904980+00:00,DION_001,229923,-1.282197258553386,SIMULATED,NORMAL
2026-06-18T12:38:54.915285+00:00,DION_001,229924,-0.926558557962549,SIMULATED,NORMAL
2026-06-18T12:38:54.925542+00:00,DION_001,229925,-0.9095607916991205,SIMULATED,NORMAL
2026-06-18T12:38:54.935769+00:00,DION_001,229926,-1.2942801536500461,SIMULATED,NORMAL
2026-06-18T12:38:54.946105+00:00,DION_001,229927,-1.0265247689057944,SIMULATED,NORMAL
2026-06-18T12:38:54.956509+00:00,DION_001,229928,-0.8629059288567034,SIMULATED,NORMAL
2026-06-18T12:38:54.966915+00:00,DION_001,229929,-0.6902062047500076,SIMULATED,NORMAL
2026-06-18T12:38:54.977195+00:00,DION_001,229930,-1.0961457492521367,SIMULATED,NORMAL
2026-06-18T12:38:54.987439+00:00,DION_001,229931,-0.966999425902335,SIMULATED,NORMAL
2026-06-18T12:38:54.997740+00:00,DION_001,229932,-1.1113221869191876,SIMULATED,NORMAL
2026-06-18T12:38:55.008013+00:00,DION_001,229933,-0.8842314147684969,SIMULATED,NORMAL
2026-06-18T12:38:55.018306+00:00,DION_001,229934,-0.7837883086199056,SIMULATED,NORMAL
2026-06-18T12:38:55.028546+00:00,DION_001,229935,-0.6626260148892289,SIMULATED,NORMAL
2026-06-18T12:38:55.038804+00:00,DION_001,229936,-0.7080846907739876,SIMULATED,NORMAL
2026-06-18T12:38:55.049090+00:00,DION_001,229937,-0.548468149923597,SIMULATED,NORMAL
2026-06-18T12:38:55.059464+00:00,DION_001,229938,-0.778720814794898,SIMULATED,NORMAL
2026-06-18T12:38:55.069985+00:00,DION_001,229939,-0.7189343414337512,SIMULATED,NORMAL
2026-06-18T12:38:55.080483+00:00,DION_001,229940,-0.6313833635035008,SIMULATED,NORMAL
2026-06-18T12:38:55.090882+00:00,DION_001,229941,-0.8071360969369374,SIMULATED,NORMAL
2026-06-18T12:38:55.101198+00:00,DION_001,229942,-0.26892206858567935,SIMULATED,NORMAL
2026-06-18T12:38:55.111549+00:00,DION_001,229943,-0.5718879611439728,SIMULATED,NORMAL
2026-06-18T12:38:55.121881+00:00,DION_001,229944,-0.3960651151920624,SIMULATED,NORMAL
2026-06-18T12:38:55.132150+00:00,DION_001,229945,-0.3025316765895947,SIMULATED,NORMAL
2026-06-18T12:38:55.142472+00:00,DION_001,229946,-0.6011460336979669,SIMULATED,NORMAL
2026-06-18T12:38:55.152928+00:00,DION_001,229947,-0.4163422136368718,SIMULATED,NORMAL
2026-06-18T12:38:55.163215+00:00,DION_001,229948,-0.6238015791541233,SIMULATED,NORMAL
2026-06-18T12:38:55.173513+00:00,DION_001,229949,-0.5369276127913116,SIMULATED,NORMAL
2026-06-18T12:38:55.183819+00:00,DION_001,229950,-0.2839218897851891,SIMULATED,NORMAL
2026-06-18T12:38:55.194217+00:00,DION_001,229951,-0.34652211040854597,SIMULATED,NORMAL
2026-06-18T12:38:55.204690+00:00,DION_001,229952,-0.5242625673146182,SIMULATED,NORMAL
2026-06-18T12:38:55.215001+00:00,DION_001,229953,-0.2961009867238037,SIMULATED,NORMAL
2026-06-18T12:38:55.225228+00:00,DION_001,229954,-0.4168829391480543,SIMULATED,NORMAL
2026-06-18T12:38:55.235476+00:00,DION_001,229955,-0.19524286026993773,SIMULATED,NORMAL
2026-06-18T12:38:55.245682+00:00,DION_001,229956,-0.43527630297961273,SIMULATED,NORMAL
2026-06-18T12:38:55.255886+00:00,DION_001,229957,-0.2896386962729547,SIMULATED,NORMAL
2026-06-18T12:38:55.266122+00:00,DION_001,229958,-0.549441817803778,SIMULATED,NORMAL
2026-06-18T12:38:55.276502+00:00,DION_001,229959,-0.4688339793313884,SIMULATED,NORMAL
2026-06-18T12:38:55.286811+00:00,DION_001,229960,-0.3708578008395077,SIMULATED,NORMAL
2026-06-18T12:38:55.297054+00:00,DION_001,229961,-0.40191198928326316,SIMULATED,NORMAL
2026-06-18T12:38:55.307262+00:00,DION_001,229962,-0.5083640495877172,SIMULATED,NORMAL
2026-06-18T12:38:55.317473+00:00,DION_001,229963,-0.5911213127771834,SIMULATED,NORMAL
2026-06-18T12:38:55.327656+00:00,DION_001,229964,-0.4137936089092532,SIMULATED,NORMAL
2026-06-18T12:38:55.337824+00:00,DION_001,229965,-0.5273948560526656,SIMULATED,NORMAL
2026-06-18T12:38:55.348187+00:00,DION_001,229966,-0.5644105580848269,SIMULATED,NORMAL
2026-06-18T12:38:55.358508+00:00,DION_001,229967,-0.42065164256029886,SIMULATED,NORMAL
2026-06-18T12:38:55.368944+00:00,DION_001,229968,-0.3885270552876555,SIMULATED,NORMAL
2026-06-18T12:38:55.379453+00:00,DION_001,229969,-0.3507028338207948,SIMULATED,NORMAL
2026-06-18T12:38:55.389867+00:00,DION_001,229970,-0.39250459995440246,SIMULATED,NORMAL
2026-06-18T12:38:55.400203+00:00,DION_001,229971,-0.5992742747771644,SIMULATED,NORMAL
2026-06-18T12:38:55.410621+00:00,DION_001,229972,-0.8500753005874032,SIMULATED,NORMAL
2026-06-18T12:38:55.421065+00:00,DION_001,229973,-0.6226746536727347,SIMULATED,NORMAL
2026-06-18T12:38:55.431433+00:00,DION_001,229974,-0.7888264372448528,SIMULATED,NORMAL
2026-06-18T12:38:55.441731+00:00,DION_001,229975,-0.5397718709244772,SIMULATED,NORMAL
2026-06-18T12:38:55.452132+00:00,DION_001,229976,-0.7380005543933476,SIMULATED,NORMAL
2026-06-18T12:38:55.462413+00:00,DION_001,229977,-0.9815212950504977,SIMULATED,NORMAL
2026-06-18T12:38:55.472765+00:00,DION_001,229978,-0.5181902573422263,SIMULATED,NORMAL
2026-06-18T12:38:55.483177+00:00,DION_001,229979,-0.7021922229988314,SIMULATED,NORMAL
2026-06-18T12:38:55.493569+00:00,DION_001,229980,-0.6229080354006236,SIMULATED,NORMAL
2026-06-18T12:38:55.503953+00:00,DION_001,229981,-0.7305185697887758,SIMULATED,NORMAL
2026-06-18T12:38:55.514343+00:00,DION_001,229982,-0.8249689482607889,SIMULATED,NORMAL
2026-06-18T12:38:55.524796+00:00,DION_001,229983,-0.7024471065581237,SIMULATED,NORMAL
2026-06-18T12:38:55.535115+00:00,DION_001,229984,-0.8358056413690405,SIMULATED,NORMAL
2026-06-18T12:38:55.545402+00:00,DION_001,229985,-0.7145035113686611,SIMULATED,NORMAL
2026-06-18T12:38:55.555851+00:00,DION_001,229986,0.5263630796604728,SIMULATED,NORMAL
2026-06-18T12:38:55.566291+00:00,DION_001,229987,-0.6489514192330439,SIMULATED,NORMAL
2026-06-18T12:38:55.576615+00:00,DION_001,229988,-0.6935130730356027,SIMULATED,NORMAL
2026-06-18T12:38:55.586989+00:00,DION_001,229989,-1.0130924631901643,SIMULATED,NORMAL
2026-06-18T12:38:55.597277+00:00,DION_001,229990,0.8219465237651862,SIMULATED,NORMAL
2026-06-18T12:38:55.607660+00:00,DION_001,229991,-1.1560074740112225,SIMULATED,NORMAL
2026-06-18T12:38:55.617913+00:00,DION_001,229992,-0.9119971385954786,SIMULATED,NORMAL
2026-06-18T12:38:55.628207+00:00,DION_001,229993,-0.9255604461697667,SIMULATED,NORMAL
2026-06-18T12:38:55.638406+00:00,DION_001,229994,-0.9670224739745451,SIMULATED,NORMAL
2026-06-18T12:38:55.648786+00:00,DION_001,229995,-0.9684451157618749,SIMULATED,NORMAL
2026-06-18T12:38:55.659218+00:00,DION_001,229996,-0.8709267429556273,SIMULATED,NORMAL
2026-06-18T12:38:55.669522+00:00,DION_001,229997,-0.44751821797945823,SIMULATED,NORMAL
2026-06-18T12:38:55.679926+00:00,DION_001,229998,-0.5201909548066925,SIMULATED,NORMAL
2026-06-18T12:38:55.690363+00:00,DION_001,229999,-0.7566014830709675,SIMULATED,NORMAL
2026-06-18T12:38:55.700726+00:00,DION_001,230000,-0.434760418399248,SIMULATED,NORMAL
2026-06-18T12:38:55.711037+00:00,DION_001,230001,-0.4176827636734208,SIMULATED,NORMAL
2026-06-18T12:38:55.721321+00:00,DION_001,230002,-0.43830256073139917,SIMULATED,NORMAL
2026-06-18T12:38:55.731575+00:00,DION_001,230003,-0.7126418120095552,SIMULATED,NORMAL
2026-06-18T12:38:55.741821+00:00,DION_001,230004,-0.49575492575558616,SIMULATED,NORMAL
2026-06-18T12:38:55.752117+00:00,DION_001,230005,-0.5273413321248546,SIMULATED,NORMAL
2026-06-18T12:38:55.762384+00:00,DION_001,230006,-0.637678418509461,SIMULATED,NORMAL
2026-06-18T12:38:55.772633+00:00,DION_001,230007,-0.4060827650686863,SIMULATED,NORMAL
2026-06-18T12:38:55.783066+00:00,DION_001,230008,-0.46206321404357353,SIMULATED,NORMAL
2026-06-18T12:38:55.793339+00:00,DION_001,230009,-0.38974374123710503,SIMULATED,NORMAL
2026-06-18T12:38:55.803661+00:00,DION_001,230010,-0.3033831981166011,SIMULATED,NORMAL
2026-06-18T12:38:55.813951+00:00,DION_001,230011,-0.06566797932870391,SIMULATED,NORMAL
2026-06-18T12:38:55.824246+00:00,DION_001,230012,-0.5021219019309229,SIMULATED,NORMAL
2026-06-18T12:38:55.834513+00:00,DION_001,230013,-0.3341916449612338,SIMULATED,NORMAL
2026-06-18T12:38:55.844762+00:00,DION_001,230014,-0.175649178885199,SIMULATED,NORMAL
2026-06-18T12:38:55.855058+00:00,DION_001,230015,-0.10288304904446745,SIMULATED,NORMAL
2026-06-18T12:38:55.865311+00:00,DION_001,230016,-0.07136601440408032,SIMULATED,NORMAL
2026-06-18T12:38:55.875633+00:00,DION_001,230017,0.022531896730243854,SIMULATED,NORMAL
2026-06-18T12:38:55.885860+00:00,DION_001,230018,0.0431412377923881,SIMULATED,NORMAL
2026-06-18T12:38:55.896151+00:00,DION_001,230019,0.009877538896110712,SIMULATED,NORMAL
2026-06-18T12:38:55.906531+00:00,DION_001,230020,-0.1639707076902406,SIMULATED,NORMAL
2026-06-18T12:38:55.916819+00:00,DION_001,230021,-1.3806907846939602,SIMULATED,NORMAL
2026-06-18T12:38:55.927249+00:00,DION_001,230022,0.018381409581078534,SIMULATED,NORMAL
2026-06-18T12:38:55.937594+00:00,DION_001,230023,0.1918653418593355,SIMULATED,NORMAL
2026-06-18T12:38:55.947955+00:00,DION_001,230024,0.24703058804829106,SIMULATED,NORMAL
2026-06-18T12:38:55.958334+00:00,DION_001,230025,0.16130902157344398,SIMULATED,NORMAL
2026-06-18T12:38:55.968683+00:00,DION_001,230026,0.408199855832697,SIMULATED,NORMAL
2026-06-18T12:38:55.979065+00:00,DION_001,230027,0.5960390392653077,SIMULATED,NORMAL
2026-06-18T12:38:55.989482+00:00,DION_001,230028,0.49095727414543194,SIMULATED,NORMAL
2026-06-18T12:38:55.999853+00:00,DION_001,230029,0.4722030540157398,SIMULATED,NORMAL
2026-06-18T12:38:56.010252+00:00,DION_001,230030,0.3617165616324246,SIMULATED,NORMAL
2026-06-18T12:38:56.020576+00:00,DION_001,230031,0.4613357679540704,SIMULATED,NORMAL
2026-06-18T12:38:56.031015+00:00,DION_001,230032,0.2881159420732231,SIMULATED,NORMAL
2026-06-18T12:38:56.041523+00:00,DION_001,230033,0.226635283473877,SIMULATED,NORMAL
2026-06-18T12:38:56.051874+00:00,DION_001,230034,0.5668013150868053,SIMULATED,NORMAL
2026-06-18T12:38:56.062216+00:00,DION_001,230035,0.5177616309330082,SIMULATED,NORMAL
2026-06-18T12:38:56.073597+00:00,DION_001,230036,0.3573643568700043,SIMULATED,NORMAL
2026-06-18T12:38:56.084062+00:00,DION_001,230037,0.35147991722994365,SIMULATED,NORMAL
2026-06-18T12:38:56.094406+00:00,DION_001,230038,0.6187025253781778,SIMULATED,NORMAL
2026-06-18T12:38:56.104673+00:00,DION_001,230039,0.5509243822323878,SIMULATED,NORMAL
2026-06-18T12:38:56.114940+00:00,DION_001,230040,0.33794489854897247,SIMULATED,NORMAL
2026-06-18T12:38:56.125260+00:00,DION_001,230041,0.5208138811743583,SIMULATED,NORMAL
2026-06-18T12:38:56.135576+00:00,DION_001,230042,0.6390739758292449,SIMULATED,NORMAL
2026-06-18T12:38:56.145892+00:00,DION_001,230043,0.5015420882403707,SIMULATED,NORMAL
2026-06-18T12:38:56.156246+00:00,DION_001,230044,0.3988904060958256,SIMULATED,NORMAL
2026-06-18T12:38:56.166642+00:00,DION_001,230045,0.6647075968963345,SIMULATED,NORMAL
2026-06-18T12:38:56.177145+00:00,DION_001,230046,0.30725060491762635,SIMULATED,NORMAL
2026-06-18T12:38:56.187528+00:00,DION_001,230047,0.28996206883261527,SIMULATED,NORMAL
2026-06-18T12:38:56.198055+00:00,DION_001,230048,0.6633808551077347,SIMULATED,NORMAL
2026-06-18T12:38:56.208608+00:00,DION_001,230049,0.07350991987667,SIMULATED,NORMAL
2026-06-18T12:38:56.219166+00:00,DION_001,230050,0.16708411627841857,SIMULATED,NORMAL
2026-06-18T12:38:56.229625+00:00,DION_001,230051,0.5980704774147744,SIMULATED,NORMAL
2026-06-18T12:38:56.239895+00:00,DION_001,230052,0.14263758697343756,SIMULATED,NORMAL
2026-06-18T12:38:56.250378+00:00,DION_001,230053,0.23548106797756022,SIMULATED,NORMAL
2026-06-18T12:38:56.260638+00:00,DION_001,230054,0.2955243971390195,SIMULATED,NORMAL
2026-06-18T12:38:56.270976+00:00,DION_001,230055,0.3597537327345729,SIMULATED,NORMAL
2026-06-18T12:38:56.281235+00:00,DION_001,230056,0.3227527158568377,SIMULATED,NORMAL
2026-06-18T12:38:56.291545+00:00,DION_001,230057,0.2490356472914533,SIMULATED,NORMAL
2026-06-18T12:38:56.301976+00:00,DION_001,230058,0.1708861635914698,SIMULATED,NORMAL
2026-06-18T12:38:56.312339+00:00,DION_001,230059,0.26482070876545377,SIMULATED,NORMAL
2026-06-18T12:38:56.322677+00:00,DION_001,230060,0.2946301994173973,SIMULATED,NORMAL
2026-06-18T12:38:56.332983+00:00,DION_001,230061,0.3569482734650485,SIMULATED,NORMAL
2026-06-18T12:38:56.343299+00:00,DION_001,230062,-0.17422552124404284,SIMULATED,NORMAL
2026-06-18T12:38:56.353641+00:00,DION_001,230063,0.14332066607831104,SIMULATED,NORMAL
2026-06-18T12:38:56.364031+00:00,DION_001,230064,0.30770331153446395,SIMULATED,NORMAL
2026-06-18T12:38:56.374379+00:00,DION_001,230065,0.12830205226232191,SIMULATED,NORMAL
2026-06-18T12:38:56.384774+00:00,DION_001,230066,0.1876499047529024,SIMULATED,NORMAL
2026-06-18T12:38:56.395077+00:00,DION_001,230067,0.0823761828972097,SIMULATED,NORMAL
2026-06-18T12:38:56.405428+00:00,DION_001,230068,0.3748880861885225,SIMULATED,NORMAL
2026-06-18T12:38:56.415720+00:00,DION_001,230069,0.17968213671594183,SIMULATED,NORMAL
2026-06-18T12:38:56.426001+00:00,DION_001,230070,0.23164652685928733,SIMULATED,NORMAL
2026-06-18T12:38:56.436247+00:00,DION_001,230071,0.11666136039250762,SIMULATED,NORMAL
2026-06-18T12:38:56.446450+00:00,DION_001,230072,0.10870713468488331,SIMULATED,NORMAL
2026-06-18T12:38:56.456791+00:00,DION_001,230073,0.07339440128617034,SIMULATED,NORMAL
2026-06-18T12:38:56.467009+00:00,DION_001,230074,0.27281942225719846,SIMULATED,NORMAL
2026-06-18T12:38:56.477245+00:00,DION_001,230075,0.09323454490666475,SIMULATED,NORMAL
2026-06-18T12:38:56.487574+00:00,DION_001,230076,0.27852315542972406,SIMULATED,NORMAL
2026-06-18T12:38:56.498030+00:00,DION_001,230077,0.06973297816065072,SIMULATED,NORMAL
2026-06-18T12:38:56.508407+00:00,DION_001,230078,0.2161236374760673,SIMULATED,NORMAL
2026-06-18T12:38:56.518734+00:00,DION_001,230079,0.3250132873217354,SIMULATED,NORMAL
2026-06-18T12:38:56.529071+00:00,DION_001,230080,0.012371303754927343,SIMULATED,NORMAL
2026-06-18T12:38:56.539439+00:00,DION_001,230081,0.47928322293846914,SIMULATED,NORMAL
2026-06-18T12:38:56.549776+00:00,DION_001,230082,0.4262180501569814,SIMULATED,NORMAL
2026-06-18T12:38:56.560243+00:00,DION_001,230083,0.34000104786110663,SIMULATED,NORMAL
2026-06-18T12:38:56.570568+00:00,DION_001,230084,0.48330754595627323,SIMULATED,NORMAL
2026-06-18T12:38:56.580945+00:00,DION_001,230085,0.35223564041159494,SIMULATED,NORMAL
2026-06-18T12:38:56.591426+00:00,DION_001,230086,0.45757122776716747,SIMULATED,NORMAL
2026-06-18T12:38:56.601771+00:00,DION_001,230087,0.5575417594826485,SIMULATED,NORMAL
2026-06-18T12:38:56.612108+00:00,DION_001,230088,0.3689257110362699,SIMULATED,NORMAL
2026-06-18T12:38:56.622554+00:00,DION_001,230089,0.720262338540595,SIMULATED,NORMAL
2026-06-18T12:38:56.632951+00:00,DION_001,230090,0.4350467391518924,SIMULATED,NORMAL
2026-06-18T12:38:56.643412+00:00,DION_001,230091,0.5578772879100792,SIMULATED,NORMAL
2026-06-18T12:38:56.653859+00:00,DION_001,230092,0.6675656778640738,SIMULATED,NORMAL
2026-06-18T12:38:56.664347+00:00,DION_001,230093,0.6115548006066848,SIMULATED,NORMAL
2026-06-18T12:38:56.674729+00:00,DION_001,230094,0.8071903127591022,SIMULATED,NORMAL
2026-06-18T12:38:56.685173+00:00,DION_001,230095,0.4988888547605929,SIMULATED,NORMAL
2026-06-18T12:38:56.695462+00:00,DION_001,230096,0.9000182169377663,SIMULATED,NORMAL
2026-06-18T12:38:56.705840+00:00,DION_001,230097,0.964415093671729,SIMULATED,NORMAL
2026-06-18T12:38:56.716184+00:00,DION_001,230098,0.9804379774794109,SIMULATED,NORMAL
2026-06-18T12:38:56.726562+00:00,DION_001,230099,0.9263292296396958,SIMULATED,NORMAL
2026-06-18T12:38:56.737072+00:00,DION_001,230100,0.9823136496175241,SIMULATED,NORMAL
2026-06-18T12:38:56.747612+00:00,DION_001,230101,1.2298396532397362,SIMULATED,NORMAL
2026-06-18T12:38:56.758035+00:00,DION_001,230102,0.9222655673570056,SIMULATED,NORMAL
2026-06-18T12:38:56.768544+00:00,DION_001,230103,0.9047963506717088,SIMULATED,NORMAL
2026-06-18T12:38:56.778993+00:00,DION_001,230104,1.194339011206875,SIMULATED,NORMAL
2026-06-18T12:38:56.789440+00:00,DION_001,230105,1.1482348478266433,SIMULATED,NORMAL
2026-06-18T12:38:56.799883+00:00,DION_001,230106,1.14329178209955,SIMULATED,NORMAL
2026-06-18T12:38:56.810270+00:00,DION_001,230107,0.8976964963261278,SIMULATED,NORMAL
2026-06-18T12:38:56.820595+00:00,DION_001,230108,0.99929043602457,SIMULATED,NORMAL
2026-06-18T12:38:56.830881+00:00,DION_001,230109,1.3519391264493312,SIMULATED,NORMAL
2026-06-18T12:38:56.841137+00:00,DION_001,230110,1.1076518981745782,SIMULATED,NORMAL
2026-06-18T12:38:56.851392+00:00,DION_001,230111,1.175442092781412,SIMULATED,NORMAL
2026-06-18T12:38:56.861642+00:00,DION_001,230112,0.9801279306948443,SIMULATED,NORMAL
2026-06-18T12:38:56.871917+00:00,DION_001,230113,1.2602441436766187,SIMULATED,NORMAL
2026-06-18T12:38:56.882245+00:00,DION_001,230114,1.198265391974186,SIMULATED,NORMAL
2026-06-18T12:38:56.892629+00:00,DION_001,230115,1.3529118264541045,SIMULATED,NORMAL
2026-06-18T12:38:56.902993+00:00,DION_001,230116,0.8865724650734481,SIMULATED,NORMAL
2026-06-18T12:38:56.913498+00:00,DION_001,230117,1.4106320289611671,SIMULATED,NORMAL
2026-06-18T12:38:56.924029+00:00,DION_001,230118,1.1373772664056743,SIMULATED,NORMAL
2026-06-18T12:38:56.934571+00:00,DION_001,230119,0.9488212079950621,SIMULATED,NORMAL
2026-06-18T12:38:56.944992+00:00,DION_001,230120,1.2326888572750225,SIMULATED,NORMAL
2026-06-18T12:38:56.955389+00:00,DION_001,230121,1.2359339501268483,SIMULATED,NORMAL
2026-06-18T12:38:56.965733+00:00,DION_001,230122,1.1151161516989234,SIMULATED,NORMAL
2026-06-18T12:38:56.975995+00:00,DION_001,230123,1.0268179853422652,SIMULATED,NORMAL
2026-06-18T12:38:56.986307+00:00,DION_001,230124,0.8842662234042666,SIMULATED,NORMAL
2026-06-18T12:38:56.996647+00:00,DION_001,230125,0.8296147567401285,SIMULATED,NORMAL
2026-06-18T12:38:57.006937+00:00,DION_001,230126,1.1068260767378257,SIMULATED,NORMAL
2026-06-18T12:38:57.017253+00:00,DION_001,230127,1.1891407596430095,SIMULATED,NORMAL
2026-06-18T12:38:57.027660+00:00,DION_001,230128,0.6448634997536553,SIMULATED,NORMAL
2026-06-18T12:38:57.038112+00:00,DION_001,230129,0.8112184848290499,SIMULATED,NORMAL
2026-06-18T12:38:57.048503+00:00,DION_001,230130,0.6797792176731775,SIMULATED,NORMAL
2026-06-18T12:38:57.058823+00:00,DION_001,230131,1.0147726537725656,SIMULATED,NORMAL
2026-06-18T12:38:57.069127+00:00,DION_001,230132,0.9786410880735027,SIMULATED,NORMAL
2026-06-18T12:38:57.079558+00:00,DION_001,230133,0.6309090191847745,SIMULATED,NORMAL
2026-06-18T12:38:57.089941+00:00,DION_001,230134,0.7585976171403465,SIMULATED,NORMAL
2026-06-18T12:38:57.100526+00:00,DION_001,230135,0.8402852157443199,SIMULATED,NORMAL
2026-06-18T12:38:57.110888+00:00,DION_001,230136,0.5010460409115142,SIMULATED,NORMAL
2026-06-18T12:38:57.121185+00:00,DION_001,230137,0.9247572391921504,SIMULATED,NORMAL
2026-06-18T12:38:57.131452+00:00,DION_001,230138,0.6794212616287967,SIMULATED,NORMAL
2026-06-18T12:38:57.141721+00:00,DION_001,230139,0.6540331071606734,SIMULATED,NORMAL
2026-06-18T12:38:57.151985+00:00,DION_001,230140,0.7154117331707063,SIMULATED,NORMAL
2026-06-18T12:38:57.162240+00:00,DION_001,230141,0.34549417807920324,SIMULATED,NORMAL
2026-06-18T12:38:57.172446+00:00,DION_001,230142,0.6394703259597235,SIMULATED,NORMAL
2026-06-18T12:38:57.182659+00:00,DION_001,230143,0.7261172078633189,SIMULATED,NORMAL
2026-06-18T12:38:57.192969+00:00,DION_001,230144,0.7414379640148736,SIMULATED,NORMAL
2026-06-18T12:38:57.203247+00:00,DION_001,230145,0.644467801232728,SIMULATED,NORMAL
2026-06-18T12:38:57.213596+00:00,DION_001,230146,0.3080150167549184,SIMULATED,NORMAL
2026-06-18T12:38:57.224003+00:00,DION_001,230147,0.4006453307151882,SIMULATED,NORMAL
2026-06-18T12:38:57.234364+00:00,DION_001,230148,0.38867640323010944,SIMULATED,NORMAL
2026-06-18T12:38:57.244723+00:00,DION_001,230149,0.6058510046093594,SIMULATED,NORMAL
2026-06-18T12:38:57.255043+00:00,DION_001,230150,0.182992579140397,SIMULATED,NORMAL
2026-06-18T12:38:57.265376+00:00,DION_001,230151,0.16859487448275648,SIMULATED,NORMAL
2026-06-18T12:38:57.275685+00:00,DION_001,230152,0.07881402701388873,SIMULATED,NORMAL
2026-06-18T12:38:57.285949+00:00,DION_001,230153,0.12627671532827114,SIMULATED,NORMAL
2026-06-18T12:38:57.296187+00:00,DION_001,230154,0.16543037235832667,SIMULATED,NORMAL
2026-06-18T12:38:57.306404+00:00,DION_001,230155,0.565917322733061,SIMULATED,NORMAL
2026-06-18T12:38:57.316649+00:00,DION_001,230156,0.36140489327429454,SIMULATED,NORMAL
2026-06-18T12:38:57.326927+00:00,DION_001,230157,0.30322678188394936,SIMULATED,NORMAL
2026-06-18T12:38:57.337144+00:00,DION_001,230158,0.3581318960303754,SIMULATED,NORMAL
2026-06-18T12:38:57.347337+00:00,DION_001,230159,0.22898420856181073,SIMULATED,NORMAL
2026-06-18T12:38:57.357532+00:00,DION_001,230160,0.2880481674175659,SIMULATED,NORMAL
2026-06-18T12:38:57.367736+00:00,DION_001,230161,0.48648339581568806,SIMULATED,NORMAL
2026-06-18T12:38:57.377941+00:00,DION_001,230162,0.10917666409731624,SIMULATED,NORMAL
2026-06-18T12:38:57.388144+00:00,DION_001,230163,0.20791693430485939,SIMULATED,NORMAL
2026-06-18T12:38:57.398419+00:00,DION_001,230164,0.02870644732597255,SIMULATED,NORMAL
2026-06-18T12:38:57.408779+00:00,DION_001,230165,0.4212310423202869,SIMULATED,NORMAL
2026-06-18T12:38:57.419089+00:00,DION_001,230166,0.46280202131968146,SIMULATED,NORMAL
2026-06-18T12:38:57.429312+00:00,DION_001,230167,0.27712305279500454,SIMULATED,NORMAL
2026-06-18T12:38:57.439560+00:00,DION_001,230168,0.22816057044927293,SIMULATED,NORMAL
2026-06-18T12:38:57.449824+00:00,DION_001,230169,0.5129968438745804,SIMULATED,NORMAL
2026-06-18T12:38:57.460091+00:00,DION_001,230170,0.5665015732152343,SIMULATED,NORMAL
2026-06-18T12:38:57.470351+00:00,DION_001,230171,0.6367783551912662,SIMULATED,NORMAL
2026-06-18T12:38:57.480635+00:00,DION_001,230172,0.44911219087619353,SIMULATED,NORMAL
2026-06-18T12:38:57.490888+00:00,DION_001,230173,0.5970789583795928,SIMULATED,NORMAL
2026-06-18T12:38:57.501098+00:00,DION_001,230174,0.5725160023848382,SIMULATED,NORMAL
2026-06-18T12:38:57.511270+00:00,DION_001,230175,0.6588108212485088,SIMULATED,NORMAL
2026-06-18T12:38:57.521554+00:00,DION_001,230176,0.49523841577113936,SIMULATED,NORMAL
2026-06-18T12:38:57.531935+00:00,DION_001,230177,0.7152664072558739,SIMULATED,NORMAL
2026-06-18T12:38:57.542281+00:00,DION_001,230178,0.5047660637195762,SIMULATED,NORMAL
2026-06-18T12:38:57.552557+00:00,DION_001,230179,0.976484576159286,SIMULATED,NORMAL
2026-06-18T12:38:57.562843+00:00,DION_001,230180,0.7287420399855382,SIMULATED,NORMAL
2026-06-18T12:38:57.573086+00:00,DION_001,230181,0.5848040574643218,SIMULATED,NORMAL
2026-06-18T12:38:57.583364+00:00,DION_001,230182,0.9469084478698178,SIMULATED,NORMAL
2026-06-18T12:38:57.593607+00:00,DION_001,230183,0.7183562398806633,SIMULATED,NORMAL
2026-06-18T12:38:57.603822+00:00,DION_001,230184,0.6101244828584741,SIMULATED,NORMAL
2026-06-18T12:38:57.614051+00:00,DION_001,230185,0.6997588965253563,SIMULATED,NORMAL
2026-06-18T12:38:57.624321+00:00,DION_001,230186,0.7428887625683552,SIMULATED,NORMAL
2026-06-18T12:38:57.634656+00:00,DION_001,230187,0.822785609946715,SIMULATED,NORMAL
2026-06-18T12:38:57.644908+00:00,DION_001,230188,0.6300243454230868,SIMULATED,NORMAL
2026-06-18T12:38:57.655205+00:00,DION_001,230189,0.7928074429515598,SIMULATED,NORMAL
2026-06-18T12:38:57.665482+00:00,DION_001,230190,0.58707909850625,SIMULATED,NORMAL
2026-06-18T12:38:57.675811+00:00,DION_001,230191,0.8064850741331503,SIMULATED,NORMAL
2026-06-18T12:38:57.686319+00:00,DION_001,230192,0.8648754922034894,SIMULATED,NORMAL
2026-06-18T12:38:57.696851+00:00,DION_001,230193,0.5420971873929202,SIMULATED,NORMAL
2026-06-18T12:38:57.707402+00:00,DION_001,230194,0.6895484795006745,SIMULATED,NORMAL
2026-06-18T12:38:57.717827+00:00,DION_001,230195,0.7501387135345111,SIMULATED,NORMAL
2026-06-18T12:38:57.728166+00:00,DION_001,230196,0.7330393166743779,SIMULATED,NORMAL
2026-06-18T12:38:57.738664+00:00,DION_001,230197,0.6098654958795421,SIMULATED,NORMAL
2026-06-18T12:38:57.749033+00:00,DION_001,230198,0.8268234096707445,SIMULATED,NORMAL
2026-06-18T12:38:57.759446+00:00,DION_001,230199,0.9044398937815343,SIMULATED,NORMAL
2026-06-18T12:38:57.769820+00:00,DION_001,230200,0.8645722838964336,SIMULATED,NORMAL
2026-06-18T12:38:57.780234+00:00,DION_001,230201,0.4952755671456551,SIMULATED,NORMAL
2026-06-18T12:38:57.790593+00:00,DION_001,230202,0.4258502568057154,SIMULATED,NORMAL
2026-06-18T12:38:57.800977+00:00,DION_001,230203,0.6202194371813535,SIMULATED,NORMAL
2026-06-18T12:38:57.811425+00:00,DION_001,230204,0.4537106641829518,SIMULATED,NORMAL
2026-06-18T12:38:57.821907+00:00,DION_001,230205,0.3940245277898784,SIMULATED,NORMAL
2026-06-18T12:38:57.832246+00:00,DION_001,230206,0.10559299050537713,SIMULATED,NORMAL
2026-06-18T12:38:57.842632+00:00,DION_001,230207,0.3226339270649147,SIMULATED,NORMAL
2026-06-18T12:38:57.852947+00:00,DION_001,230208,0.0543858640615677,SIMULATED,NORMAL
2026-06-18T12:38:57.863294+00:00,DION_001,230209,0.17593894428138304,SIMULATED,NORMAL
2026-06-18T12:38:57.873561+00:00,DION_001,230210,0.2770621896888484,SIMULATED,NORMAL
2026-06-18T12:38:57.883960+00:00,DION_001,230211,0.0952937448962635,SIMULATED,NORMAL
2026-06-18T12:38:57.894299+00:00,DION_001,230212,0.09399444908836398,SIMULATED,NORMAL
2026-06-18T12:38:57.904646+00:00,DION_001,230213,0.2880103024872366,SIMULATED,NORMAL
2026-06-18T12:38:57.915019+00:00,DION_001,230214,0.2509470660758004,SIMULATED,NORMAL
2026-06-18T12:38:57.925362+00:00,DION_001,230215,0.05988268225773292,SIMULATED,NORMAL
2026-06-18T12:38:57.935735+00:00,DION_001,230216,0.0800760919536051,SIMULATED,NORMAL
2026-06-18T12:38:57.946219+00:00,DION_001,230217,-0.10904492289746665,SIMULATED,NORMAL
2026-06-18T12:38:57.956685+00:00,DION_001,230218,0.023510938416014093,SIMULATED,NORMAL
2026-06-18T12:38:57.967026+00:00,DION_001,230219,-0.1866716521190725,SIMULATED,NORMAL
2026-06-18T12:38:57.977306+00:00,DION_001,230220,-0.25274635772563775,SIMULATED,NORMAL
2026-06-18T12:38:57.987562+00:00,DION_001,230221,-0.2187159608539721,SIMULATED,NORMAL
2026-06-18T12:38:57.997877+00:00,DION_001,230222,0.008337185876811343,SIMULATED,NORMAL
2026-06-18T12:38:58.008219+00:00,DION_001,230223,-0.23513056961856227,SIMULATED,NORMAL
2026-06-18T12:38:58.018607+00:00,DION_001,230224,-0.4441689587486328,SIMULATED,NORMAL
2026-06-18T12:38:58.028929+00:00,DION_001,230225,-0.16842666399654932,SIMULATED,NORMAL
2026-06-18T12:38:58.039256+00:00,DION_001,230226,-0.23633920357097524,SIMULATED,NORMAL
2026-06-18T12:38:58.049538+00:00,DION_001,230227,-0.42173543640364936,SIMULATED,NORMAL
2026-06-18T12:38:58.059865+00:00,DION_001,230228,-0.4681834438364471,SIMULATED,NORMAL
2026-06-18T12:38:58.070340+00:00,DION_001,230229,-0.4440620413763816,SIMULATED,NORMAL
2026-06-18T12:38:58.080664+00:00,DION_001,230230,-0.7604960210758707,SIMULATED,NORMAL
2026-06-18T12:38:58.091007+00:00,DION_001,230231,-0.5391346259138997,SIMULATED,NORMAL
2026-06-18T12:38:58.101343+00:00,DION_001,230232,-0.5249827974850777,SIMULATED,NORMAL
2026-06-18T12:38:58.111727+00:00,DION_001,230233,-0.6495133894587253,SIMULATED,NORMAL
2026-06-18T12:38:58.122234+00:00,DION_001,230234,-0.4249407923747802,SIMULATED,NORMAL
2026-06-18T12:38:58.132587+00:00,DION_001,230235,-0.6097055684019655,SIMULATED,NORMAL
2026-06-18T12:38:58.142975+00:00,DION_001,230236,-0.5181564936584941,SIMULATED,NORMAL
2026-06-18T12:38:58.153326+00:00,DION_001,230237,-0.3949492592736584,SIMULATED,NORMAL
2026-06-18T12:38:58.163688+00:00,DION_001,230238,-0.690925648761938,SIMULATED,NORMAL
2026-06-18T12:38:58.174003+00:00,DION_001,230239,-0.6123284509820935,SIMULATED,NORMAL
2026-06-18T12:38:58.184282+00:00,DION_001,230240,-0.9396440690139334,SIMULATED,NORMAL
2026-06-18T12:38:58.194649+00:00,DION_001,230241,-0.8330554485673114,SIMULATED,NORMAL
2026-06-18T12:38:58.204998+00:00,DION_001,230242,-0.891253964042281,SIMULATED,NORMAL
2026-06-18T12:38:58.215487+00:00,DION_001,230243,-0.6687407578634593,SIMULATED,NORMAL
2026-06-18T12:38:58.225877+00:00,DION_001,230244,-0.7687165396862564,SIMULATED,NORMAL
2026-06-18T12:38:58.236257+00:00,DION_001,230245,-0.3630810639197922,SIMULATED,NORMAL
2026-06-18T12:38:58.246673+00:00,DION_001,230246,-0.5665949846777076,SIMULATED,NORMAL
2026-06-18T12:38:58.256997+00:00,DION_001,230247,-0.38165839827707787,SIMULATED,NORMAL
2026-06-18T12:38:58.267338+00:00,DION_001,230248,-0.5905212214701402,SIMULATED,NORMAL
2026-06-18T12:38:58.277618+00:00,DION_001,230249,-0.4234757254430558,SIMULATED,NORMAL
2026-06-18T12:38:58.287980+00:00,DION_001,230250,-0.3417017427731407,SIMULATED,NORMAL
2026-06-18T12:38:58.298340+00:00,DION_001,230251,-0.16549518207265124,SIMULATED,NORMAL
2026-06-18T12:38:58.308610+00:00,DION_001,230252,-0.3627926380422454,SIMULATED,NORMAL
2026-06-18T12:38:58.318940+00:00,DION_001,230253,-0.5458211437197436,SIMULATED,NORMAL
2026-06-18T12:38:58.329240+00:00,DION_001,230254,-0.533081226276165,SIMULATED,NORMAL
2026-06-18T12:38:58.339501+00:00,DION_001,230255,-0.4560648337886611,SIMULATED,NORMAL
2026-06-18T12:38:58.349783+00:00,DION_001,230256,-0.18011844289819753,SIMULATED,NORMAL
2026-06-18T12:38:58.360134+00:00,DION_001,230257,-0.45030511557891517,SIMULATED,NORMAL
2026-06-18T12:38:58.370360+00:00,DION_001,230258,0.967912726404015,SIMULATED,NORMAL
2026-06-18T12:38:58.380694+00:00,DION_001,230259,-0.18044884394712576,SIMULATED,NORMAL
2026-06-18T12:38:58.390972+00:00,DION_001,230260,-0.4566164191115334,SIMULATED,NORMAL
2026-06-18T12:38:58.401329+00:00,DION_001,230261,-0.3590024858025002,SIMULATED,NORMAL
2026-06-18T12:38:58.411736+00:00,DION_001,230262,-0.3410267639057579,SIMULATED,NORMAL
2026-06-18T12:38:58.425273+00:00,DION_001,230263,-0.1244427019293827,SIMULATED,NORMAL
2026-06-18T12:38:58.435571+00:00,DION_001,230264,-0.33352449854616445,SIMULATED,NORMAL
2026-06-18T12:38:58.445983+00:00,DION_001,230265,-0.020187559690453383,SIMULATED,NORMAL
2026-06-18T12:38:58.456307+00:00,DION_001,230266,-0.13505080972918193,SIMULATED,NORMAL
2026-06-18T12:38:58.466671+00:00,DION_001,230267,-0.06664624928152807,SIMULATED,NORMAL
2026-06-18T12:38:58.477123+00:00,DION_001,230268,-0.0665553767450102,SIMULATED,NORMAL
2026-06-18T12:38:58.487494+00:00,DION_001,230269,-0.31162548277607427,SIMULATED,NORMAL
2026-06-18T12:38:58.497992+00:00,DION_001,230270,-0.24047598402047637,SIMULATED,NORMAL
2026-06-18T12:38:58.508563+00:00,DION_001,230271,0.2863771422367266,SIMULATED,NORMAL
2026-06-18T12:38:58.518863+00:00,DION_001,230272,-0.1661397412222616,SIMULATED,NORMAL
2026-06-18T12:38:58.529238+00:00,DION_001,230273,-0.26278731329069804,SIMULATED,NORMAL
2026-06-18T12:38:58.539573+00:00,DION_001,230274,0.0034227756268316034,SIMULATED,NORMAL
2026-06-18T12:38:58.549907+00:00,DION_001,230275,-0.23137234454838776,SIMULATED,NORMAL
2026-06-18T12:38:58.560281+00:00,DION_001,230276,-0.12572240414669714,SIMULATED,NORMAL
2026-06-18T12:38:58.570567+00:00,DION_001,230277,-0.17612504743259486,SIMULATED,NORMAL
2026-06-18T12:38:58.580914+00:00,DION_001,230278,-0.185788685850913,SIMULATED,NORMAL
2026-06-18T12:38:58.591154+00:00,DION_001,230279,-0.15261627998522115,SIMULATED,NORMAL
2026-06-18T12:38:58.601454+00:00,DION_001,230280,-0.10570640431970657,SIMULATED,NORMAL
2026-06-18T12:38:58.611724+00:00,DION_001,230281,-0.4260748259851238,SIMULATED,NORMAL
2026-06-18T12:38:58.621958+00:00,DION_001,230282,-0.23074195060558433,SIMULATED,NORMAL
2026-06-18T12:38:58.632181+00:00,DION_001,230283,-0.09765048929270842,SIMULATED,NORMAL
2026-06-18T12:38:58.642368+00:00,DION_001,230284,-0.47265383848008174,SIMULATED,NORMAL
2026-06-18T12:38:58.652609+00:00,DION_001,230285,-0.34941956571979343,SIMULATED,NORMAL
2026-06-18T12:38:58.662887+00:00,DION_001,230286,-0.4475430876286256,SIMULATED,NORMAL
2026-06-18T12:38:58.673162+00:00,DION_001,230287,-0.4803389206345841,SIMULATED,NORMAL
2026-06-18T12:38:58.683545+00:00,DION_001,230288,-0.5234562665722641,SIMULATED,NORMAL
2026-06-18T12:38:58.693919+00:00,DION_001,230289,-0.34728631332349325,SIMULATED,NORMAL
2026-06-18T12:38:58.704248+00:00,DION_001,230290,-0.41408604415782246,SIMULATED,NORMAL
2026-06-18T12:38:58.714529+00:00,DION_001,230291,-0.6409915909664495,SIMULATED,NORMAL
2026-06-18T12:38:58.724806+00:00,DION_001,230292,-0.8452275763188433,SIMULATED,NORMAL
2026-06-18T12:38:58.735118+00:00,DION_001,230293,-0.530957963684362,SIMULATED,NORMAL
2026-06-18T12:38:58.745568+00:00,DION_001,230294,-0.843083400842516,SIMULATED,NORMAL
2026-06-18T12:38:58.755899+00:00,DION_001,230295,-0.4184981975860544,SIMULATED,NORMAL
2026-06-18T12:38:58.766195+00:00,DION_001,230296,-0.6446195910753185,SIMULATED,NORMAL
2026-06-18T12:38:58.776518+00:00,DION_001,230297,-1.042778617773576,SIMULATED,NORMAL
2026-06-18T12:38:58.786988+00:00,DION_001,230298,-0.8213593084994755,SIMULATED,NORMAL
2026-06-18T12:38:58.797384+00:00,DION_001,230299,-1.0305543254064051,SIMULATED,NORMAL
2026-06-18T12:38:58.807766+00:00,DION_001,230300,-0.8115239204512035,SIMULATED,NORMAL
2026-06-18T12:38:58.818105+00:00,DION_001,230301,-0.897980621590931,SIMULATED,NORMAL
2026-06-18T12:38:58.828554+00:00,DION_001,230302,-0.8387258543758687,SIMULATED,NORMAL
2026-06-18T12:38:58.838871+00:00,DION_001,230303,-1.1512473762779216,SIMULATED,NORMAL
2026-06-18T12:38:58.849133+00:00,DION_001,230304,-1.136946837278834,SIMULATED,NORMAL
2026-06-18T12:38:58.859567+00:00,DION_001,230305,-0.9056436199709195,SIMULATED,NORMAL
2026-06-18T12:38:58.869869+00:00,DION_001,230306,-1.272512081831363,SIMULATED,NORMAL
2026-06-18T12:38:58.880184+00:00,DION_001,230307,-1.2293835310693855,SIMULATED,NORMAL
2026-06-18T12:38:58.890536+00:00,DION_001,230308,-0.9225151739668507,SIMULATED,NORMAL
2026-06-18T12:38:58.900868+00:00,DION_001,230309,-1.124300153668191,SIMULATED,NORMAL
2026-06-18T12:38:58.911227+00:00,DION_001,230310,-1.1691271304473227,SIMULATED,NORMAL
2026-06-18T12:38:58.921577+00:00,DION_001,230311,-1.2143133438043257,SIMULATED,NORMAL
2026-06-18T12:38:58.931997+00:00,DION_001,230312,-0.9869472315290672,SIMULATED,NORMAL
2026-06-18T12:38:58.942375+00:00,DION_001,230313,-1.0908210800832647,SIMULATED,NORMAL
2026-06-18T12:38:58.952751+00:00,DION_001,230314,-1.1959068788063003,SIMULATED,NORMAL
2026-06-18T12:38:58.963113+00:00,DION_001,230315,-0.9208473308678427,SIMULATED,NORMAL
2026-06-18T12:38:58.973435+00:00,DION_001,230316,-1.139661134194445,SIMULATED,NORMAL
2026-06-18T12:38:58.983749+00:00,DION_001,230317,-1.0849312119630783,SIMULATED,NORMAL
2026-06-18T12:38:58.994084+00:00,DION_001,230318,-1.3310526539984604,SIMULATED,NORMAL
2026-06-18T12:38:59.004374+00:00,DION_001,230319,-1.0609726155423134,SIMULATED,NORMAL
2026-06-18T12:38:59.014805+00:00,DION_001,230320,-1.2217376502808721,SIMULATED,NORMAL
2026-06-18T12:38:59.025038+00:00,DION_001,230321,-0.877345276410425,SIMULATED,NORMAL
2026-06-18T12:38:59.035377+00:00,DION_001,230322,-1.3968352104424346,SIMULATED,NORMAL
2026-06-18T12:38:59.045715+00:00,DION_001,230323,-0.7664937833431865,SIMULATED,NORMAL
2026-06-18T12:38:59.056244+00:00,DION_001,230324,-1.1456571929642856,SIMULATED,NORMAL
2026-06-18T12:38:59.066632+00:00,DION_001,230325,-0.9135440330636003,SIMULATED,NORMAL
2026-06-18T12:38:59.077004+00:00,DION_001,230326,-1.058839788500363,SIMULATED,NORMAL
2026-06-18T12:38:59.087379+00:00,DION_001,230327,-1.3201179216364878,SIMULATED,NORMAL
2026-06-18T12:38:59.097775+00:00,DION_001,230328,-1.0246803932059254,SIMULATED,NORMAL
2026-06-18T12:38:59.108239+00:00,DION_001,230329,-1.044470690969433,SIMULATED,NORMAL
2026-06-18T12:38:59.118621+00:00,DION_001,230330,-1.0771373401763984,SIMULATED,NORMAL
2026-06-18T12:38:59.128917+00:00,DION_001,230331,-1.2566195425645503,SIMULATED,NORMAL
2026-06-18T12:38:59.139169+00:00,DION_001,230332,-0.9138987704349656,SIMULATED,NORMAL
2026-06-18T12:38:59.149435+00:00,DION_001,230333,-1.1219444768721303,SIMULATED,NORMAL
2026-06-18T12:38:59.159732+00:00,DION_001,230334,-0.7760992236919287,SIMULATED,NORMAL
2026-06-18T12:38:59.170043+00:00,DION_001,230335,-0.8356090037655456,SIMULATED,NORMAL
2026-06-18T12:38:59.180257+00:00,DION_001,230336,-0.8685999067731783,SIMULATED,NORMAL
2026-06-18T12:38:59.190512+00:00,DION_001,230337,-0.44230836528373,SIMULATED,NORMAL
2026-06-18T12:38:59.200856+00:00,DION_001,230338,-0.6682063925950957,SIMULATED,NORMAL
2026-06-18T12:38:59.211169+00:00,DION_001,230339,-0.5511502938053567,SIMULATED,NORMAL
2026-06-18T12:38:59.221453+00:00,DION_001,230340,-0.28787705512044925,SIMULATED,NORMAL
2026-06-18T12:38:59.231769+00:00,DION_001,230341,-0.7017109177383044,SIMULATED,NORMAL
2026-06-18T12:38:59.242164+00:00,DION_001,230342,-0.30117189220911195,SIMULATED,NORMAL
2026-06-18T12:38:59.252428+00:00,DION_001,230343,-0.3346098276359711,SIMULATED,NORMAL
2026-06-18T12:38:59.262828+00:00,DION_001,230344,-0.36306481692672,SIMULATED,NORMAL
2026-06-18T12:38:59.273059+00:00,DION_001,230345,-0.4273740401036851,SIMULATED,NORMAL
2026-06-18T12:38:59.283325+00:00,DION_001,230346,-0.18617327422855273,SIMULATED,NORMAL
2026-06-18T12:38:59.293607+00:00,DION_001,230347,-0.28388261605674514,SIMULATED,NORMAL
2026-06-18T12:38:59.303844+00:00,DION_001,230348,-0.3190473527920662,SIMULATED,NORMAL
2026-06-18T12:38:59.314054+00:00,DION_001,230349,-0.10750019063363325,SIMULATED,NORMAL
2026-06-18T12:38:59.324319+00:00,DION_001,230350,-0.15619567216292804,SIMULATED,NORMAL
2026-06-18T12:38:59.334518+00:00,DION_001,230351,-0.18279524337033284,SIMULATED,NORMAL
2026-06-18T12:38:59.344957+00:00,DION_001,230352,-0.11801343975831843,SIMULATED,NORMAL
2026-06-18T12:38:59.355426+00:00,DION_001,230353,-0.25262640297587013,SIMULATED,NORMAL
2026-06-18T12:38:59.365891+00:00,DION_001,230354,-0.07573343964908649,SIMULATED,NORMAL
2026-06-18T12:38:59.376471+00:00,DION_001,230355,-0.3198029973857274,SIMULATED,NORMAL
2026-06-18T12:38:59.386946+00:00,DION_001,230356,-0.09911000310054402,SIMULATED,NORMAL
2026-06-18T12:38:59.397473+00:00,DION_001,230357,-0.16683598145520787,SIMULATED,NORMAL
2026-06-18T12:38:59.407940+00:00,DION_001,230358,-0.02675006421270057,SIMULATED,NORMAL
2026-06-18T12:38:59.418464+00:00,DION_001,230359,-0.2835486136462225,SIMULATED,NORMAL
2026-06-18T12:38:59.428954+00:00,DION_001,230360,1.398967328769449,SIMULATED,NORMAL
2026-06-18T12:38:59.439557+00:00,DION_001,230361,-0.3660952148802495,SIMULATED,NORMAL
2026-06-18T12:38:59.449950+00:00,DION_001,230362,0.13603189416156658,SIMULATED,NORMAL
2026-06-18T12:38:59.460383+00:00,DION_001,230363,-0.01773588355750305,SIMULATED,NORMAL
2026-06-18T12:38:59.470704+00:00,DION_001,230364,-0.5078306566855829,SIMULATED,NORMAL
2026-06-18T12:38:59.480964+00:00,DION_001,230365,-0.1872428419452974,SIMULATED,NORMAL
2026-06-18T12:38:59.491203+00:00,DION_001,230366,-0.5025072387466538,SIMULATED,NORMAL
2026-06-18T12:38:59.501487+00:00,DION_001,230367,-0.5768201747590995,SIMULATED,NORMAL
2026-06-18T12:38:59.511722+00:00,DION_001,230368,-0.307921253458618,SIMULATED,NORMAL
2026-06-18T12:38:59.521921+00:00,DION_001,230369,-0.3399409327794382,SIMULATED,NORMAL
2026-06-18T12:38:59.532086+00:00,DION_001,230370,-0.26101021216322323,SIMULATED,NORMAL
2026-06-18T12:38:59.542398+00:00,DION_001,230371,-0.8577279645996827,SIMULATED,NORMAL
2026-06-18T12:38:59.552651+00:00,DION_001,230372,-0.37515866678367066,SIMULATED,NORMAL
2026-06-18T12:38:59.562967+00:00,DION_001,230373,-0.5002760449689412,SIMULATED,NORMAL
2026-06-18T12:38:59.573412+00:00,DION_001,230374,-0.42005202446279427,SIMULATED,NORMAL
2026-06-18T12:38:59.583774+00:00,DION_001,230375,-0.5331199724928876,SIMULATED,NORMAL
2026-06-18T12:38:59.594058+00:00,DION_001,230376,-0.5701525490249886,SIMULATED,NORMAL
2026-06-18T12:38:59.604284+00:00,DION_001,230377,-0.5881446598321017,SIMULATED,NORMAL
2026-06-18T12:38:59.614558+00:00,DION_001,230378,-0.6675645166197356,SIMULATED,NORMAL
2026-06-18T12:38:59.624815+00:00,DION_001,230379,-0.4504763902899072,SIMULATED,NORMAL
2026-06-18T12:38:59.635071+00:00,DION_001,230380,-0.5839437892436921,SIMULATED,NORMAL
2026-06-18T12:38:59.645316+00:00,DION_001,230381,-0.6162974579031352,SIMULATED,NORMAL
2026-06-18T12:38:59.655537+00:00,DION_001,230382,-0.9091120487389042,SIMULATED,NORMAL
2026-06-18T12:38:59.665759+00:00,DION_001,230383,-0.5775483513042425,SIMULATED,NORMAL
2026-06-18T12:38:59.676041+00:00,DION_001,230384,-0.710171360982499,SIMULATED,NORMAL
2026-06-18T12:38:59.686329+00:00,DION_001,230385,-0.5608896695315968,SIMULATED,NORMAL
2026-06-18T12:38:59.696751+00:00,DION_001,230386,-0.7313588359491884,SIMULATED,NORMAL
2026-06-18T12:38:59.707098+00:00,DION_001,230387,-0.6925218352888644,SIMULATED,NORMAL
2026-06-18T12:38:59.717433+00:00,DION_001,230388,-0.6166892679406373,SIMULATED,NORMAL
2026-06-18T12:38:59.727617+00:00,DION_001,230389,-0.8171263393477552,SIMULATED,NORMAL
2026-06-18T12:38:59.737801+00:00,DION_001,230390,-0.925726987857892,SIMULATED,NORMAL
2026-06-18T12:38:59.748011+00:00,DION_001,230391,-0.5105715616333314,SIMULATED,NORMAL
2026-06-18T12:38:59.758207+00:00,DION_001,230392,-0.870008795803505,SIMULATED,NORMAL
2026-06-18T12:38:59.768397+00:00,DION_001,230393,-0.6734939861279814,SIMULATED,NORMAL
2026-06-18T12:38:59.778793+00:00,DION_001,230394,-0.6282349947344456,SIMULATED,NORMAL
2026-06-18T12:38:59.789027+00:00,DION_001,230395,-0.5060048907969743,SIMULATED,NORMAL
2026-06-18T12:38:59.799203+00:00,DION_001,230396,-1.1219689016440342,SIMULATED,NORMAL
2026-06-18T12:38:59.809497+00:00,DION_001,230397,-0.7342020220205073,SIMULATED,NORMAL
2026-06-18T12:38:59.819794+00:00,DION_001,230398,-0.48428072365968833,SIMULATED,NORMAL
2026-06-18T12:38:59.829984+00:00,DION_001,230399,-0.8256064912860042,SIMULATED,NORMAL
2026-06-18T12:38:59.840170+00:00,DION_001,230400,1.8130206609402915,SIMULATED,NORMAL
2026-06-18T12:38:59.850458+00:00,DION_001,230401,-0.7737095883016091,SIMULATED,NORMAL
2026-06-18T12:38:59.860669+00:00,DION_001,230402,-0.658107748469466,SIMULATED,NORMAL
2026-06-18T12:38:59.870877+00:00,DION_001,230403,-0.45065747263735695,SIMULATED,NORMAL
2026-06-18T12:38:59.881281+00:00,DION_001,230404,-0.5369071276739128,SIMULATED,NORMAL
2026-06-18T12:38:59.891484+00:00,DION_001,230405,-0.43932334745590235,SIMULATED,NORMAL
2026-06-18T12:38:59.901653+00:00,DION_001,230406,-0.3260513030939193,SIMULATED,NORMAL
2026-06-18T12:38:59.911808+00:00,DION_001,230407,-0.3540039602858308,SIMULATED,NORMAL
2026-06-18T12:38:59.922003+00:00,DION_001,230408,-0.2744339368193526,SIMULATED,NORMAL
2026-06-18T12:38:59.932256+00:00,DION_001,230409,-0.1540174008586983,SIMULATED,NORMAL
2026-06-18T12:38:59.942496+00:00,DION_001,230410,0.012865417797771173,SIMULATED,NORMAL
2026-06-18T12:38:59.952794+00:00,DION_001,230411,0.043970894352761636,SIMULATED,NORMAL
2026-06-18T12:38:59.963077+00:00,DION_001,230412,0.011680113510707524,SIMULATED,NORMAL
2026-06-18T12:38:59.973415+00:00,DION_001,230413,0.01516227571508072,SIMULATED,NORMAL
2026-06-18T12:38:59.983713+00:00,DION_001,230414,0.13341237291142113,SIMULATED,NORMAL
2026-06-18T12:38:59.994008+00:00,DION_001,230415,-0.08261204554290622,SIMULATED,NORMAL
2026-06-18T12:39:00.004390+00:00,DION_001,230416,0.05164257423816722,SIMULATED,NORMAL
2026-06-18T12:39:00.014609+00:00,DION_001,230417,-0.04180561891380291,SIMULATED,NORMAL
2026-06-18T12:39:00.024879+00:00,DION_001,230418,0.1234104291051063,SIMULATED,NORMAL
2026-06-18T12:39:00.035100+00:00,DION_001,230419,0.029104050791758845,SIMULATED,NORMAL
2026-06-18T12:39:00.045482+00:00,DION_001,230420,0.1154701945040286,SIMULATED,NORMAL
2026-06-18T12:39:00.055806+00:00,DION_001,230421,0.26105306531393785,SIMULATED,NORMAL
2026-06-18T12:39:00.066084+00:00,DION_001,230422,0.14195325128537922,SIMULATED,NORMAL
2026-06-18T12:39:00.076540+00:00,DION_001,230423,0.30986466852095784,SIMULATED,NORMAL
2026-06-18T12:39:00.086787+00:00,DION_001,230424,0.43248955476395035,SIMULATED,NORMAL
2026-06-18T12:39:00.097020+00:00,DION_001,230425,0.4111323822249,SIMULATED,NORMAL
2026-06-18T12:39:00.107270+00:00,DION_001,230426,0.2979184042701947,SIMULATED,NORMAL
2026-06-18T12:39:00.117576+00:00,DION_001,230427,0.34268747759957174,SIMULATED,NORMAL
2026-06-18T12:39:00.127810+00:00,DION_001,230428,0.4751272877647215,SIMULATED,NORMAL
2026-06-18T12:39:00.138227+00:00,DION_001,230429,0.27140053783047524,SIMULATED,NORMAL
2026-06-18T12:39:00.148560+00:00,DION_001,230430,0.42589982367901086,SIMULATED,NORMAL
2026-06-18T12:39:00.158836+00:00,DION_001,230431,0.2975400562446576,SIMULATED,NORMAL
2026-06-18T12:39:00.169073+00:00,DION_001,230432,0.38252851068372795,SIMULATED,NORMAL
2026-06-18T12:39:00.179232+00:00,DION_001,230433,0.5072409022343461,SIMULATED,NORMAL
2026-06-18T12:39:00.189451+00:00,DION_001,230434,0.6771840033218476,SIMULATED,NORMAL
2026-06-18T12:39:00.199714+00:00,DION_001,230435,0.624884004662514,SIMULATED,NORMAL
2026-06-18T12:39:00.209983+00:00,DION_001,230436,0.6520039746762039,SIMULATED,NORMAL
2026-06-18T12:39:00.220147+00:00,DION_001,230437,0.5767143937516573,SIMULATED,NORMAL
2026-06-18T12:39:00.230384+00:00,DION_001,230438,0.41198654447055955,SIMULATED,NORMAL
2026-06-18T12:39:00.240589+00:00,DION_001,230439,0.625073677876282,SIMULATED,NORMAL
2026-06-18T12:39:00.250777+00:00,DION_001,230440,0.8381248025957359,SIMULATED,NORMAL
2026-06-18T12:39:00.261071+00:00,DION_001,230441,0.5580855821501295,SIMULATED,NORMAL
2026-06-18T12:39:00.271285+00:00,DION_001,230442,0.5876834744939698,SIMULATED,NORMAL
2026-06-18T12:39:00.281426+00:00,DION_001,230443,0.6944183180311762,SIMULATED,NORMAL
2026-06-18T12:39:00.291572+00:00,DION_001,230444,0.5897037981726683,SIMULATED,NORMAL
2026-06-18T12:39:00.301770+00:00,DION_001,230445,0.9365938971760077,SIMULATED,NORMAL
2026-06-18T12:39:00.312021+00:00,DION_001,230446,0.41802473984301547,SIMULATED,NORMAL
2026-06-18T12:39:00.322325+00:00,DION_001,230447,0.6109017345705926,SIMULATED,NORMAL
2026-06-18T12:39:00.332590+00:00,DION_001,230448,0.6512372069250181,SIMULATED,NORMAL
2026-06-18T12:39:00.342924+00:00,DION_001,230449,0.4802283914845802,SIMULATED,NORMAL
2026-06-18T12:39:00.353215+00:00,DION_001,230450,0.8901626811535046,SIMULATED,NORMAL
2026-06-18T12:39:00.363530+00:00,DION_001,230451,0.8197806233183508,SIMULATED,NORMAL
2026-06-18T12:39:00.373832+00:00,DION_001,230452,0.5002037388555195,SIMULATED,NORMAL
2026-06-18T12:39:00.384106+00:00,DION_001,230453,0.8306465260527841,SIMULATED,NORMAL
2026-06-18T12:39:00.394352+00:00,DION_001,230454,0.904343496505461,SIMULATED,NORMAL
2026-06-18T12:39:00.404625+00:00,DION_001,230455,0.6685830188138555,SIMULATED,NORMAL
2026-06-18T12:39:00.414855+00:00,DION_001,230456,0.7025382610384496,SIMULATED,NORMAL
2026-06-18T12:39:00.425066+00:00,DION_001,230457,0.47033492041461605,SIMULATED,NORMAL
2026-06-18T12:39:00.435240+00:00,DION_001,230458,0.5751818362062908,SIMULATED,NORMAL
2026-06-18T12:39:00.445421+00:00,DION_001,230459,0.44937758159302454,SIMULATED,NORMAL
2026-06-18T12:39:00.455614+00:00,DION_001,230460,0.11359704700775708,SIMULATED,NORMAL
2026-06-18T12:39:00.465870+00:00,DION_001,230461,0.4679707861379756,SIMULATED,NORMAL
2026-06-18T12:39:00.476442+00:00,DION_001,230462,0.8515142005221147,SIMULATED,NORMAL
2026-06-18T12:39:00.486705+00:00,DION_001,230463,0.2880757112399828,SIMULATED,NORMAL
2026-06-18T12:39:00.496947+00:00,DION_001,230464,0.3243574752577754,SIMULATED,NORMAL
2026-06-18T12:39:00.507177+00:00,DION_001,230465,0.1926582047491565,SIMULATED,NORMAL
2026-06-18T12:39:00.517374+00:00,DION_001,230466,0.08711522765128185,SIMULATED,NORMAL
2026-06-18T12:39:00.527546+00:00,DION_001,230467,0.3687710815138019,SIMULATED,NORMAL
2026-06-18T12:39:00.537704+00:00,DION_001,230468,0.226959669158056,SIMULATED,NORMAL
2026-06-18T12:39:00.547851+00:00,DION_001,230469,0.2141986715979497,SIMULATED,NORMAL
2026-06-18T12:39:00.558002+00:00,DION_001,230470,0.414523683000662,SIMULATED,NORMAL
2026-06-18T12:39:00.568167+00:00,DION_001,230471,0.28977613759486026,SIMULATED,NORMAL
2026-06-18T12:39:00.578343+00:00,DION_001,230472,0.3178335980436696,SIMULATED,NORMAL
2026-06-18T12:39:00.588566+00:00,DION_001,230473,0.11866374110258035,SIMULATED,NORMAL
2026-06-18T12:39:00.598807+00:00,DION_001,230474,0.30543293057661347,SIMULATED,NORMAL
2026-06-18T12:39:00.608993+00:00,DION_001,230475,0.18784559108245527,SIMULATED,NORMAL
2026-06-18T12:39:00.619183+00:00,DION_001,230476,0.36885193002613176,SIMULATED,NORMAL
2026-06-18T12:39:00.629395+00:00,DION_001,230477,0.2337077922371041,SIMULATED,NORMAL
2026-06-18T12:39:00.639612+00:00,DION_001,230478,0.39399975485946737,SIMULATED,NORMAL
2026-06-18T12:39:00.649837+00:00,DION_001,230479,0.24120250648597086,SIMULATED,NORMAL
2026-06-18T12:39:00.660010+00:00,DION_001,230480,0.06678394681963495,SIMULATED,NORMAL
2026-06-18T12:39:00.670193+00:00,DION_001,230481,0.38312564323495313,SIMULATED,NORMAL
2026-06-18T12:39:00.680350+00:00,DION_001,230482,0.603116815795002,SIMULATED,NORMAL
2026-06-18T12:39:00.690590+00:00,DION_001,230483,0.3537278386135659,SIMULATED,NORMAL
2026-06-18T12:39:00.700892+00:00,DION_001,230484,0.1269520626140485,SIMULATED,NORMAL
2026-06-18T12:39:00.711200+00:00,DION_001,230485,0.517745578748075,SIMULATED,NORMAL
2026-06-18T12:39:00.721538+00:00,DION_001,230486,0.5563351655186385,SIMULATED,NORMAL
2026-06-18T12:39:00.731794+00:00,DION_001,230487,0.5729208196488681,SIMULATED,NORMAL
2026-06-18T12:39:00.742099+00:00,DION_001,230488,0.5109230605741446,SIMULATED,NORMAL
2026-06-18T12:39:00.752398+00:00,DION_001,230489,0.44519385847441545,SIMULATED,NORMAL
2026-06-18T12:39:00.762628+00:00,DION_001,230490,0.3832514105426813,SIMULATED,NORMAL
2026-06-18T12:39:00.772866+00:00,DION_001,230491,0.43081123820076483,SIMULATED,NORMAL
2026-06-18T12:39:00.783094+00:00,DION_001,230492,0.6803210940973176,SIMULATED,NORMAL
2026-06-18T12:39:00.793333+00:00,DION_001,230493,0.2295430396007498,SIMULATED,NORMAL
2026-06-18T12:39:00.803527+00:00,DION_001,230494,0.41253858693887185,SIMULATED,NORMAL
2026-06-18T12:39:00.813705+00:00,DION_001,230495,0.6679528283164415,SIMULATED,NORMAL
2026-06-18T12:39:00.823848+00:00,DION_001,230496,0.8464334115091171,SIMULATED,NORMAL
2026-06-18T12:39:00.834014+00:00,DION_001,230497,0.8073747608307291,SIMULATED,NORMAL
2026-06-18T12:39:00.844256+00:00,DION_001,230498,0.40475529649915604,SIMULATED,NORMAL
2026-06-18T12:39:00.854476+00:00,DION_001,230499,0.9132722555811473,SIMULATED,NORMAL
2026-06-18T12:39:00.864702+00:00,DION_001,230500,0.7647339311603292,SIMULATED,NORMAL
2026-06-18T12:39:00.874939+00:00,DION_001,230501,0.9941432046745804,SIMULATED,NORMAL
2026-06-18T12:39:00.885169+00:00,DION_001,230502,1.0062867592723084,SIMULATED,NORMAL
2026-06-18T12:39:00.895400+00:00,DION_001,230503,1.0112468910037988,SIMULATED,NORMAL
2026-06-18T12:39:00.905609+00:00,DION_001,230504,1.1534414833450573,SIMULATED,NORMAL
2026-06-18T12:39:00.915794+00:00,DION_001,230505,1.1279654283010903,SIMULATED,NORMAL
2026-06-18T12:39:00.925989+00:00,DION_001,230506,0.9780364871641095,SIMULATED,NORMAL
2026-06-18T12:39:00.936201+00:00,DION_001,230507,1.103243539628941,SIMULATED,NORMAL
2026-06-18T12:39:00.946394+00:00,DION_001,230508,1.0849600242302138,SIMULATED,NORMAL
2026-06-18T12:39:00.956698+00:00,DION_001,230509,0.9052624573330075,SIMULATED,NORMAL
2026-06-18T12:39:00.966952+00:00,DION_001,230510,1.1383786001931182,SIMULATED,NORMAL
2026-06-18T12:39:00.977274+00:00,DION_001,230511,-0.5998251706271882,SIMULATED,NORMAL
2026-06-18T12:39:00.987631+00:00,DION_001,230512,0.9431093352089219,SIMULATED,NORMAL
2026-06-18T12:39:00.997926+00:00,DION_001,230513,1.1911009955347185,SIMULATED,NORMAL
2026-06-18T12:39:01.008194+00:00,DION_001,230514,0.9611398704752825,SIMULATED,NORMAL
2026-06-18T12:39:01.018398+00:00,DION_001,230515,1.1045392806430157,SIMULATED,NORMAL
2026-06-18T12:39:01.028647+00:00,DION_001,230516,1.108160093668986,SIMULATED,NORMAL
2026-06-18T12:39:01.038912+00:00,DION_001,230517,1.3310729972257718,SIMULATED,NORMAL
2026-06-18T12:39:01.049160+00:00,DION_001,230518,1.4145631376723504,SIMULATED,NORMAL
2026-06-18T12:39:01.059400+00:00,DION_001,230519,1.1617979286196036,SIMULATED,NORMAL
2026-06-18T12:39:01.069662+00:00,DION_001,230520,1.2294429759704968,SIMULATED,NORMAL
2026-06-18T12:39:01.079919+00:00,DION_001,230521,1.1434100144783221,SIMULATED,NORMAL
2026-06-18T12:39:01.090206+00:00,DION_001,230522,1.3167044384626319,SIMULATED,NORMAL
2026-06-18T12:39:01.100553+00:00,DION_001,230523,0.8896222976698589,SIMULATED,NORMAL
2026-06-18T12:39:01.110807+00:00,DION_001,230524,0.9736202787438358,SIMULATED,NORMAL
2026-06-18T12:39:01.121227+00:00,DION_001,230525,1.134397239246731,SIMULATED,NORMAL
2026-06-18T12:39:01.131563+00:00,DION_001,230526,0.9475300475642656,SIMULATED,NORMAL
2026-06-18T12:39:01.141821+00:00,DION_001,230527,1.006317463924153,SIMULATED,NORMAL
2026-06-18T12:39:01.152050+00:00,DION_001,230528,0.8505585984400412,SIMULATED,NORMAL
2026-06-18T12:39:01.162285+00:00,DION_001,230529,0.9439123311708811,SIMULATED,NORMAL
2026-06-18T12:39:01.172522+00:00,DION_001,230530,1.060720808653351,SIMULATED,NORMAL
2026-06-18T12:39:01.182715+00:00,DION_001,230531,1.164163505336388,SIMULATED,NORMAL
2026-06-18T12:39:01.193009+00:00,DION_001,230532,0.848404273646285,SIMULATED,NORMAL
2026-06-18T12:39:01.203762+00:00,DION_001,230533,0.9040492863221196,SIMULATED,NORMAL
2026-06-18T12:39:01.214000+00:00,DION_001,230534,0.8647780514946993,SIMULATED,NORMAL
2026-06-18T12:39:01.224304+00:00,DION_001,230535,0.7835803729586374,SIMULATED,NORMAL
2026-06-18T12:39:01.234537+00:00,DION_001,230536,0.8248831915909394,SIMULATED,NORMAL
2026-06-18T12:39:01.244792+00:00,DION_001,230537,0.7869823716822798,SIMULATED,NORMAL
2026-06-18T12:39:01.254958+00:00,DION_001,230538,0.9653646432589764,SIMULATED,NORMAL
2026-06-18T12:39:01.265252+00:00,DION_001,230539,0.5479284779084961,SIMULATED,NORMAL
2026-06-18T12:39:01.275592+00:00,DION_001,230540,0.4383272276563683,SIMULATED,NORMAL
2026-06-18T12:39:01.285977+00:00,DION_001,230541,0.7200223830981856,SIMULATED,NORMAL
2026-06-18T12:39:01.296442+00:00,DION_001,230542,-2.3010437815794065,SIMULATED,EVENT_DETECTED
2026-06-18T12:39:01.307044+00:00,DION_001,230543,0.7204627460082036,SIMULATED,NORMAL
2026-06-18T12:39:01.317449+00:00,DION_001,230544,0.4751011047569938,SIMULATED,NORMAL
2026-06-18T12:39:01.327780+00:00,DION_001,230545,0.6289296264852293,SIMULATED,NORMAL
2026-06-18T12:39:01.338098+00:00,DION_001,230546,0.602776517048205,SIMULATED,NORMAL
2026-06-18T12:39:01.348661+00:00,DION_001,230547,0.19446511946307218,SIMULATED,NORMAL
2026-06-18T12:39:01.359001+00:00,DION_001,230548,0.12795657564056478,SIMULATED,NORMAL
2026-06-18T12:39:01.369266+00:00,DION_001,230549,0.3007290541425678,SIMULATED,NORMAL
2026-06-18T12:39:01.379479+00:00,DION_001,230550,0.028445090283170327,SIMULATED,NORMAL
2026-06-18T12:39:01.389643+00:00,DION_001,230551,-0.04609558321342394,SIMULATED,NORMAL
2026-06-18T12:39:01.399819+00:00,DION_001,230552,0.4430575281138809,SIMULATED,NORMAL
2026-06-18T12:39:01.410047+00:00,DION_001,230553,0.29740096019139906,SIMULATED,NORMAL
2026-06-18T12:39:01.420368+00:00,DION_001,230554,0.5317632398215797,SIMULATED,NORMAL
2026-06-18T12:39:01.430577+00:00,DION_001,230555,0.48437915736679166,SIMULATED,NORMAL
2026-06-18T12:39:01.440782+00:00,DION_001,230556,0.41241372108323365,SIMULATED,NORMAL
2026-06-18T12:39:01.450984+00:00,DION_001,230557,0.32941330287194553,SIMULATED,NORMAL
2026-06-18T12:39:01.461212+00:00,DION_001,230558,0.09991467934842974,SIMULATED,NORMAL
2026-06-18T12:39:01.471394+00:00,DION_001,230559,-0.0415110030581986,SIMULATED,NORMAL
2026-06-18T12:39:01.481582+00:00,DION_001,230560,0.14220898876778984,SIMULATED,NORMAL
2026-06-18T12:39:01.491782+00:00,DION_001,230561,0.13879600653013435,SIMULATED,NORMAL
2026-06-18T12:39:01.501981+00:00,DION_001,230562,0.19595696617398356,SIMULATED,NORMAL
2026-06-18T12:39:01.512125+00:00,DION_001,230563,0.32856089581503545,SIMULATED,NORMAL
2026-06-18T12:39:01.522254+00:00,DION_001,230564,-0.01996038570668135,SIMULATED,NORMAL
2026-06-18T12:39:01.532428+00:00,DION_001,230565,0.04844271528876412,SIMULATED,NORMAL
2026-06-18T12:39:01.542902+00:00,DION_001,230566,0.19064462103701518,SIMULATED,NORMAL
2026-06-18T12:39:01.553216+00:00,DION_001,230567,0.008541322927077072,SIMULATED,NORMAL
2026-06-18T12:39:01.563386+00:00,DION_001,230568,0.32475354049989774,SIMULATED,NORMAL
2026-06-18T12:39:01.573620+00:00,DION_001,230569,0.40978871404066797,SIMULATED,NORMAL
2026-06-18T12:39:01.583831+00:00,DION_001,230570,0.2668436289312308,SIMULATED,NORMAL
2026-06-18T12:39:01.594058+00:00,DION_001,230571,0.10444556231411997,SIMULATED,NORMAL
2026-06-18T12:39:01.604345+00:00,DION_001,230572,0.2226819799806316,SIMULATED,NORMAL
2026-06-18T12:39:01.614530+00:00,DION_001,230573,0.15318076267775485,SIMULATED,NORMAL
2026-06-18T12:39:01.624684+00:00,DION_001,230574,0.2184949982778019,SIMULATED,NORMAL
2026-06-18T12:39:01.634894+00:00,DION_001,230575,0.5509252144149303,SIMULATED,NORMAL
2026-06-18T12:39:01.645184+00:00,DION_001,230576,0.19949474602797482,SIMULATED,NORMAL
2026-06-18T12:39:01.655364+00:00,DION_001,230577,0.3084580249301856,SIMULATED,NORMAL
2026-06-18T12:39:01.665685+00:00,DION_001,230578,0.3396377551313715,SIMULATED,NORMAL
2026-06-18T12:39:01.675907+00:00,DION_001,230579,0.5041582692764418,SIMULATED,NORMAL
2026-06-18T12:39:01.686112+00:00,DION_001,230580,0.3858938513798308,SIMULATED,NORMAL
2026-06-18T12:39:01.696374+00:00,DION_001,230581,0.5272582317831176,SIMULATED,NORMAL
2026-06-18T12:39:01.706560+00:00,DION_001,230582,0.6535834547308582,SIMULATED,NORMAL
2026-06-18T12:39:01.716784+00:00,DION_001,230583,0.7176087249194787,SIMULATED,NORMAL
2026-06-18T12:39:01.726990+00:00,DION_001,230584,0.7673632896292222,SIMULATED,NORMAL
2026-06-18T12:39:01.737200+00:00,DION_001,230585,0.5403943521244753,SIMULATED,NORMAL
2026-06-18T12:39:01.747399+00:00,DION_001,230586,0.5406962465265827,SIMULATED,NORMAL
2026-06-18T12:39:01.757573+00:00,DION_001,230587,0.4713815781116129,SIMULATED,NORMAL
2026-06-18T12:39:01.767712+00:00,DION_001,230588,0.5983630123294186,SIMULATED,NORMAL
2026-06-18T12:39:01.777907+00:00,DION_001,230589,0.4397194997901034,SIMULATED,NORMAL
2026-06-18T12:39:01.788170+00:00,DION_001,230590,0.6531651400813286,SIMULATED,NORMAL
2026-06-18T12:39:01.798367+00:00,DION_001,230591,0.7163785562624722,SIMULATED,NORMAL
2026-06-18T12:39:01.808619+00:00,DION_001,230592,0.46495992142332143,SIMULATED,NORMAL
2026-06-18T12:39:01.818933+00:00,DION_001,230593,0.6764182324285877,SIMULATED,NORMAL
2026-06-18T12:39:01.829164+00:00,DION_001,230594,0.8910905963955482,SIMULATED,NORMAL
2026-06-18T12:39:01.839323+00:00,DION_001,230595,0.37006916159479764,SIMULATED,NORMAL
2026-06-18T12:39:01.849514+00:00,DION_001,230596,0.3733635916528937,SIMULATED,NORMAL
2026-06-18T12:39:01.859733+00:00,DION_001,230597,0.48268344168154453,SIMULATED,NORMAL
2026-06-18T12:39:01.869958+00:00,DION_001,230598,0.4270930891744684,SIMULATED,NORMAL
2026-06-18T12:39:01.880141+00:00,DION_001,230599,0.6066325209219431,SIMULATED,NORMAL
2026-06-18T12:39:01.890306+00:00,DION_001,230600,0.5127241646772377,SIMULATED,NORMAL
2026-06-18T12:39:01.900523+00:00,DION_001,230601,0.4747364555293501,SIMULATED,NORMAL
2026-06-18T12:39:01.910786+00:00,DION_001,230602,0.640665351675625,SIMULATED,NORMAL
2026-06-18T12:39:01.921043+00:00,DION_001,230603,0.6454017817961697,SIMULATED,NORMAL
2026-06-18T12:39:01.931349+00:00,DION_001,230604,0.5347660516859054,SIMULATED,NORMAL
2026-06-18T12:39:01.941599+00:00,DION_001,230605,0.3411480024147775,SIMULATED,NORMAL
2026-06-18T12:39:01.951884+00:00,DION_001,230606,0.4595624280166177,SIMULATED,NORMAL
2026-06-18T12:39:01.962114+00:00,DION_001,230607,0.5316834522597557,SIMULATED,NORMAL
2026-06-18T12:39:01.972374+00:00,DION_001,230608,-1.3362829288574023,SIMULATED,NORMAL
2026-06-18T12:39:01.982659+00:00,DION_001,230609,0.6390958441925034,SIMULATED,NORMAL
2026-06-18T12:39:01.992835+00:00,DION_001,230610,0.2379040957672953,SIMULATED,NORMAL
2026-06-18T12:39:02.003017+00:00,DION_001,230611,0.1549626911599016,SIMULATED,NORMAL
2026-06-18T12:39:02.013263+00:00,DION_001,230612,0.3134374454352098,SIMULATED,NORMAL
2026-06-18T12:39:02.023601+00:00,DION_001,230613,-0.11270992993433035,SIMULATED,NORMAL
2026-06-18T12:39:02.033905+00:00,DION_001,230614,-0.09100047141251882,SIMULATED,NORMAL
2026-06-18T12:39:02.044137+00:00,DION_001,230615,0.18606147681657684,SIMULATED,NORMAL
2026-06-18T12:39:02.054388+00:00,DION_001,230616,0.09276523040468174,SIMULATED,NORMAL
2026-06-18T12:39:02.064700+00:00,DION_001,230617,-0.10021673024881061,SIMULATED,NORMAL
2026-06-18T12:39:02.075016+00:00,DION_001,230618,-0.14412430629217055,SIMULATED,NORMAL
2026-06-18T12:39:02.085277+00:00,DION_001,230619,-0.057249740050206326,SIMULATED,NORMAL
2026-06-18T12:39:02.095545+00:00,DION_001,230620,-0.055615743989171726,SIMULATED,NORMAL
2026-06-18T12:39:02.105782+00:00,DION_001,230621,-0.4207378694961883,SIMULATED,NORMAL
2026-06-18T12:39:02.116013+00:00,DION_001,230622,-0.08611237835745464,SIMULATED,NORMAL
2026-06-18T12:39:02.126226+00:00,DION_001,230623,-0.40070746196638074,SIMULATED,NORMAL
2026-06-18T12:39:02.136566+00:00,DION_001,230624,-0.2212554839017693,SIMULATED,NORMAL
2026-06-18T12:39:02.146862+00:00,DION_001,230625,-0.22745863363949498,SIMULATED,NORMAL
2026-06-18T12:39:02.157166+00:00,DION_001,230626,-0.33399946915695755,SIMULATED,NORMAL
2026-06-18T12:39:02.167378+00:00,DION_001,230627,-0.36034377773449155,SIMULATED,NORMAL
2026-06-18T12:39:02.177672+00:00,DION_001,230628,-0.29073901729053453,SIMULATED,NORMAL
2026-06-18T12:39:02.187954+00:00,DION_001,230629,-0.46645138079676046,SIMULATED,NORMAL
2026-06-18T12:39:02.198213+00:00,DION_001,230630,-0.6761216812794384,SIMULATED,NORMAL
2026-06-18T12:39:02.208487+00:00,DION_001,230631,-0.4262050426008399,SIMULATED,NORMAL
2026-06-18T12:39:02.218735+00:00,DION_001,230632,-0.5784752036857316,SIMULATED,NORMAL
2026-06-18T12:39:02.228976+00:00,DION_001,230633,-0.6419475766203583,SIMULATED,NORMAL
2026-06-18T12:39:02.239206+00:00,DION_001,230634,-0.9910195400266517,SIMULATED,NORMAL
2026-06-18T12:39:02.249452+00:00,DION_001,230635,-0.7121939525265041,SIMULATED,NORMAL
2026-06-18T12:39:02.259692+00:00,DION_001,230636,-0.5703863206633007,SIMULATED,NORMAL
2026-06-18T12:39:02.269915+00:00,DION_001,230637,-0.5616250840757304,SIMULATED,NORMAL
2026-06-18T12:39:02.280061+00:00,DION_001,230638,-0.6608128410982838,SIMULATED,NORMAL
2026-06-18T12:39:02.290233+00:00,DION_001,230639,-0.894710109769264,SIMULATED,NORMAL
2026-06-18T12:39:02.300501+00:00,DION_001,230640,-0.8607236592973122,SIMULATED,NORMAL
2026-06-18T12:39:02.310784+00:00,DION_001,230641,-0.9762847986286773,SIMULATED,NORMAL
2026-06-18T12:39:02.321050+00:00,DION_001,230642,-0.7798338745594516,SIMULATED,NORMAL
2026-06-18T12:39:02.331274+00:00,DION_001,230643,-0.6869347316864128,SIMULATED,NORMAL
2026-06-18T12:39:02.341489+00:00,DION_001,230644,-0.5963286013296734,SIMULATED,NORMAL
2026-06-18T12:39:02.351695+00:00,DION_001,230645,-0.4461899715378432,SIMULATED,NORMAL
2026-06-18T12:39:02.361861+00:00,DION_001,230646,-0.8726822712504668,SIMULATED,NORMAL
2026-06-18T12:39:02.372009+00:00,DION_001,230647,-0.6557560872471597,SIMULATED,NORMAL
2026-06-18T12:39:02.382150+00:00,DION_001,230648,-0.765993195976917,SIMULATED,NORMAL
2026-06-18T12:39:02.392340+00:00,DION_001,230649,-0.4977350919799839,SIMULATED,NORMAL
2026-06-18T12:39:02.402521+00:00,DION_001,230650,-0.6252779001164809,SIMULATED,NORMAL
2026-06-18T12:39:02.412711+00:00,DION_001,230651,-0.8113785219327491,SIMULATED,NORMAL
2026-06-18T12:39:02.422917+00:00,DION_001,230652,-0.841864691827299,SIMULATED,NORMAL
2026-06-18T12:39:02.433156+00:00,DION_001,230653,-0.7558217029705063,SIMULATED,NORMAL
2026-06-18T12:39:02.443342+00:00,DION_001,230654,-0.8554446437272727,SIMULATED,NORMAL
2026-06-18T12:39:02.453533+00:00,DION_001,230655,-0.42903404814980545,SIMULATED,NORMAL
2026-06-18T12:39:02.463721+00:00,DION_001,230656,-0.46890895698375207,SIMULATED,NORMAL
2026-06-18T12:39:02.473872+00:00,DION_001,230657,-0.6716877695669154,SIMULATED,NORMAL
2026-06-18T12:39:02.484063+00:00,DION_001,230658,-0.6046439546829719,SIMULATED,NORMAL
2026-06-18T12:39:02.494245+00:00,DION_001,230659,-0.5542711790304672,SIMULATED,NORMAL
2026-06-18T12:39:02.504398+00:00,DION_001,230660,-0.5686649983191286,SIMULATED,NORMAL
2026-06-18T12:39:02.514585+00:00,DION_001,230661,-0.6468018637381793,SIMULATED,NORMAL
2026-06-18T12:39:02.524778+00:00,DION_001,230662,-0.3116008860808867,SIMULATED,NORMAL
2026-06-18T12:39:02.534972+00:00,DION_001,230663,-0.17114257548775014,SIMULATED,NORMAL
2026-06-18T12:39:02.545180+00:00,DION_001,230664,-0.21109249051231094,SIMULATED,NORMAL
2026-06-18T12:39:02.555382+00:00,DION_001,230665,-0.7194541068556928,SIMULATED,NORMAL
2026-06-18T12:39:02.565579+00:00,DION_001,230666,-0.6796996293200125,SIMULATED,NORMAL
2026-06-18T12:39:02.575735+00:00,DION_001,230667,-0.232879330350461,SIMULATED,NORMAL
2026-06-18T12:39:02.585943+00:00,DION_001,230668,-0.4988134263764611,SIMULATED,NORMAL
2026-06-18T12:39:02.596205+00:00,DION_001,230669,-0.4144169309544379,SIMULATED,NORMAL
2026-06-18T12:39:02.606460+00:00,DION_001,230670,-0.3188980138514115,SIMULATED,NORMAL
2026-06-18T12:39:02.616756+00:00,DION_001,230671,0.0857848403830409,SIMULATED,NORMAL
2026-06-18T12:39:02.627032+00:00,DION_001,230672,-0.25441336251670554,SIMULATED,NORMAL
2026-06-18T12:39:02.637297+00:00,DION_001,230673,-0.33559282422970094,SIMULATED,NORMAL
2026-06-18T12:39:02.647553+00:00,DION_001,230674,-0.5578603575602903,SIMULATED,NORMAL
2026-06-18T12:39:02.657830+00:00,DION_001,230675,-0.08866756061483333,SIMULATED,NORMAL
2026-06-18T12:39:02.668093+00:00,DION_001,230676,-0.32628926740859043,SIMULATED,NORMAL
2026-06-18T12:39:02.678360+00:00,DION_001,230677,-0.28198020241072225,SIMULATED,NORMAL
2026-06-18T12:39:02.688622+00:00,DION_001,230678,-0.43566236442101214,SIMULATED,NORMAL
2026-06-18T12:39:02.698866+00:00,DION_001,230679,-0.26835343093079533,SIMULATED,NORMAL
2026-06-18T12:39:02.709142+00:00,DION_001,230680,-0.19685501292830396,SIMULATED,NORMAL
2026-06-18T12:39:02.719375+00:00,DION_001,230681,-0.41445797542597296,SIMULATED,NORMAL
2026-06-18T12:39:02.729655+00:00,DION_001,230682,-0.5193263592370627,SIMULATED,NORMAL
2026-06-18T12:39:02.739916+00:00,DION_001,230683,-0.23649694479855976,SIMULATED,NORMAL
2026-06-18T12:39:02.750333+00:00,DION_001,230684,-0.1755572633959167,SIMULATED,NORMAL
2026-06-18T12:39:02.760619+00:00,DION_001,230685,-0.4646886964274818,SIMULATED,NORMAL
2026-06-18T12:39:02.770874+00:00,DION_001,230686,-0.20568676324809607,SIMULATED,NORMAL
2026-06-18T12:39:02.781139+00:00,DION_001,230687,-0.31253413853082146,SIMULATED,NORMAL
2026-06-18T12:39:02.791405+00:00,DION_001,230688,-0.07922926658554258,SIMULATED,NORMAL
2026-06-18T12:39:02.801690+00:00,DION_001,230689,-0.4261485799077258,SIMULATED,NORMAL
2026-06-18T12:39:02.812084+00:00,DION_001,230690,-0.5926051441890572,SIMULATED,NORMAL
2026-06-18T12:39:02.822338+00:00,DION_001,230691,-0.4889990319724829,SIMULATED,NORMAL
2026-06-18T12:39:02.832676+00:00,DION_001,230692,1.988632534048978,SIMULATED,NORMAL
2026-06-18T12:39:02.843093+00:00,DION_001,230693,-0.630320062185128,SIMULATED,NORMAL
2026-06-18T12:39:02.853372+00:00,DION_001,230694,-0.6334575234158037,SIMULATED,NORMAL
2026-06-18T12:39:02.863640+00:00,DION_001,230695,-0.3076343268619406,SIMULATED,NORMAL
2026-06-18T12:39:02.873918+00:00,DION_001,230696,-0.7085152268200708,SIMULATED,NORMAL
2026-06-18T12:39:02.884173+00:00,DION_001,230697,-0.6870261908403066,SIMULATED,NORMAL
2026-06-18T12:39:02.894446+00:00,DION_001,230698,-0.4296213185632803,SIMULATED,NORMAL
2026-06-18T12:39:02.904658+00:00,DION_001,230699,-0.9322890805367647,SIMULATED,NORMAL
2026-06-18T12:39:02.914861+00:00,DION_001,230700,-0.8545796147447278,SIMULATED,NORMAL
2026-06-18T12:39:02.925056+00:00,DION_001,230701,-1.1560819796985522,SIMULATED,NORMAL
2026-06-18T12:39:02.935279+00:00,DION_001,230702,-0.8573857454467889,SIMULATED,NORMAL
2026-06-18T12:39:02.945420+00:00,DION_001,230703,-0.8900682688886316,SIMULATED,NORMAL
2026-06-18T12:39:02.955634+00:00,DION_001,230704,-0.9401311297618022,SIMULATED,NORMAL
2026-06-18T12:39:02.965837+00:00,DION_001,230705,-1.1022783641512057,SIMULATED,NORMAL
2026-06-18T12:39:02.975999+00:00,DION_001,230706,-1.0123773605691402,SIMULATED,NORMAL
2026-06-18T12:39:02.986326+00:00,DION_001,230707,-1.0781987426121296,SIMULATED,NORMAL
2026-06-18T12:39:02.996615+00:00,DION_001,230708,-1.212433936516297,SIMULATED,NORMAL
2026-06-18T12:39:03.006876+00:00,DION_001,230709,-1.2093721393638253,SIMULATED,NORMAL
2026-06-18T12:39:03.017219+00:00,DION_001,230710,-1.0849875103840352,SIMULATED,NORMAL
2026-06-18T12:39:03.027453+00:00,DION_001,230711,-0.9784202135498665,SIMULATED,NORMAL
2026-06-18T12:39:03.037652+00:00,DION_001,230712,-1.1896967802076348,SIMULATED,NORMAL
2026-06-18T12:39:03.047872+00:00,DION_001,230713,1.4325488232047219,SIMULATED,NORMAL
2026-06-18T12:39:03.058194+00:00,DION_001,230714,-1.1225475940428247,SIMULATED,NORMAL
2026-06-18T12:39:03.068392+00:00,DION_001,230715,-1.4231349411850118,SIMULATED,NORMAL
2026-06-18T12:39:03.078596+00:00,DION_001,230716,-1.1528186560864155,SIMULATED,NORMAL
2026-06-18T12:39:03.088825+00:00,DION_001,230717,-1.2677578053638547,SIMULATED,NORMAL
2026-06-18T12:39:03.099017+00:00,DION_001,230718,-1.173679887186279,SIMULATED,NORMAL
2026-06-18T12:39:03.109354+00:00,DION_001,230719,-1.0959058594477207,SIMULATED,NORMAL
2026-06-18T12:39:03.119698+00:00,DION_001,230720,-1.2827074541109487,SIMULATED,NORMAL
2026-06-18T12:39:03.130082+00:00,DION_001,230721,-1.34545448948063,SIMULATED,NORMAL
2026-06-18T12:39:03.140555+00:00,DION_001,230722,-1.1703606636383304,SIMULATED,NORMAL
2026-06-18T12:39:03.150939+00:00,DION_001,230723,-0.9834640716911393,SIMULATED,NORMAL
2026-06-18T12:39:03.161275+00:00,DION_001,230724,-1.2648316893928897,SIMULATED,NORMAL
2026-06-18T12:39:03.171627+00:00,DION_001,230725,-1.2563470088374116,SIMULATED,NORMAL
2026-06-18T12:39:03.181868+00:00,DION_001,230726,-0.9593981276744381,SIMULATED,NORMAL
2026-06-18T12:39:03.192186+00:00,DION_001,230727,-1.098142046592047,SIMULATED,NORMAL
2026-06-18T12:39:03.202670+00:00,DION_001,230728,-1.4177233065503407,SIMULATED,NORMAL
2026-06-18T12:39:03.212977+00:00,DION_001,230729,-0.9394209018452424,SIMULATED,NORMAL
2026-06-18T12:39:03.223397+00:00,DION_001,230730,-0.8577230897024216,SIMULATED,NORMAL
2026-06-18T12:39:03.233632+00:00,DION_001,230731,-0.9789473392009849,SIMULATED,NORMAL
2026-06-18T12:39:03.243864+00:00,DION_001,230732,-1.0269600763109707,SIMULATED,NORMAL
2026-06-18T12:39:03.254107+00:00,DION_001,230733,-1.0768815269927139,SIMULATED,NORMAL
2026-06-18T12:39:03.264427+00:00,DION_001,230734,-0.8758044138895723,SIMULATED,NORMAL
2026-06-18T12:39:03.274628+00:00,DION_001,230735,-0.7492656154801518,SIMULATED,NORMAL
2026-06-18T12:39:03.284917+00:00,DION_001,230736,-0.7548239570396735,SIMULATED,NORMAL
2026-06-18T12:39:03.295185+00:00,DION_001,230737,-1.0876695350238794,SIMULATED,NORMAL
2026-06-18T12:39:03.305441+00:00,DION_001,230738,-0.6519269280813483,SIMULATED,NORMAL
2026-06-18T12:39:03.315796+00:00,DION_001,230739,-0.8115204977514839,SIMULATED,NORMAL
2026-06-18T12:39:03.326121+00:00,DION_001,230740,-0.5953702642412231,SIMULATED,NORMAL
2026-06-18T12:39:03.336410+00:00,DION_001,230741,-0.6029500497399745,SIMULATED,NORMAL
2026-06-18T12:39:03.346730+00:00,DION_001,230742,-0.7854103687154689,SIMULATED,NORMAL
2026-06-18T12:39:03.356962+00:00,DION_001,230743,-0.8418591944964793,SIMULATED,NORMAL
2026-06-18T12:39:03.367285+00:00,DION_001,230744,-0.510982811932107,SIMULATED,NORMAL
2026-06-18T12:39:03.377719+00:00,DION_001,230745,-0.5309904676016177,SIMULATED,NORMAL
2026-06-18T12:39:03.387974+00:00,DION_001,230746,-0.46951005032080106,SIMULATED,NORMAL
2026-06-18T12:39:03.398253+00:00,DION_001,230747,-0.6131585756205893,SIMULATED,NORMAL
2026-06-18T12:39:03.408598+00:00,DION_001,230748,-0.5460351574190361,SIMULATED,NORMAL
2026-06-18T12:39:03.418954+00:00,DION_001,230749,-0.3429133398722365,SIMULATED,NORMAL
2026-06-18T12:39:03.429291+00:00,DION_001,230750,-0.5511377821569714,SIMULATED,NORMAL
2026-06-18T12:39:03.439503+00:00,DION_001,230751,-0.20206333329831883,SIMULATED,NORMAL
2026-06-18T12:39:03.449732+00:00,DION_001,230752,-0.11899249027276554,SIMULATED,NORMAL
2026-06-18T12:39:03.459989+00:00,DION_001,230753,-0.35457287194533954,SIMULATED,NORMAL
2026-06-18T12:39:03.470278+00:00,DION_001,230754,-0.225198837552798,SIMULATED,NORMAL
2026-06-18T12:39:03.480526+00:00,DION_001,230755,-0.2623645284701473,SIMULATED,NORMAL
2026-06-18T12:39:03.490850+00:00,DION_001,230756,-0.15055360350373798,SIMULATED,NORMAL
2026-06-18T12:39:03.501204+00:00,DION_001,230757,-0.14939045514004248,SIMULATED,NORMAL
2026-06-18T12:39:03.511600+00:00,DION_001,230758,-0.11651129019751474,SIMULATED,NORMAL
2026-06-18T12:39:03.521907+00:00,DION_001,230759,-0.3808768689143637,SIMULATED,NORMAL
2026-06-18T12:39:03.532107+00:00,DION_001,230760,-0.11089000591060653,SIMULATED,NORMAL
2026-06-18T12:39:03.542335+00:00,DION_001,230761,-0.2333144235307953,SIMULATED,NORMAL
2026-06-18T12:39:03.552561+00:00,DION_001,230762,-0.1079733875304745,SIMULATED,NORMAL
2026-06-18T12:39:03.562760+00:00,DION_001,230763,-0.40910265986441585,SIMULATED,NORMAL
2026-06-18T12:39:03.572995+00:00,DION_001,230764,0.07497972457340202,SIMULATED,NORMAL
2026-06-18T12:39:03.583206+00:00,DION_001,230765,-0.012170311436593709,SIMULATED,NORMAL
2026-06-18T12:39:03.593411+00:00,DION_001,230766,-0.3863810151568135,SIMULATED,NORMAL
2026-06-18T12:39:03.603596+00:00,DION_001,230767,-0.2032032852107276,SIMULATED,NORMAL
2026-06-18T12:39:03.613870+00:00,DION_001,230768,0.19503409244624825,SIMULATED,NORMAL
2026-06-18T12:39:03.624157+00:00,DION_001,230769,-0.1672098596343226,SIMULATED,NORMAL
2026-06-18T12:39:03.634465+00:00,DION_001,230770,-0.1171585951978,SIMULATED,NORMAL
2026-06-18T12:39:03.644703+00:00,DION_001,230771,0.08622501439629943,SIMULATED,NORMAL
2026-06-18T12:39:03.654923+00:00,DION_001,230772,-0.13895942268558495,SIMULATED,NORMAL
2026-06-18T12:39:03.665305+00:00,DION_001,230773,-0.0636025842687382,SIMULATED,NORMAL
2026-06-18T12:39:03.676809+00:00,DION_001,230774,-0.17529658172786536,SIMULATED,NORMAL
2026-06-18T12:39:03.687040+00:00,DION_001,230775,1.446872248713086,SIMULATED,NORMAL
2026-06-18T12:39:03.697315+00:00,DION_001,230776,-0.3585919826939693,SIMULATED,NORMAL
2026-06-18T12:39:03.707581+00:00,DION_001,230777,-0.22867920139593373,SIMULATED,NORMAL
2026-06-18T12:39:03.717806+00:00,DION_001,230778,-0.12613574389011312,SIMULATED,NORMAL
2026-06-18T12:39:03.728029+00:00,DION_001,230779,-0.1518652858770606,SIMULATED,NORMAL
2026-06-18T12:39:03.738256+00:00,DION_001,230780,-0.5615639883571355,SIMULATED,NORMAL
2026-06-18T12:39:03.748540+00:00,DION_001,230781,-0.2868040046580692,SIMULATED,NORMAL
2026-06-18T12:39:03.758811+00:00,DION_001,230782,-0.12517716079727811,SIMULATED,NORMAL
2026-06-18T12:39:03.769109+00:00,DION_001,230783,-0.5454068521691503,SIMULATED,NORMAL
2026-06-18T12:39:03.779350+00:00,DION_001,230784,-0.5267273952349105,SIMULATED,NORMAL
2026-06-18T12:39:03.789643+00:00,DION_001,230785,-0.29368402846833497,SIMULATED,NORMAL
2026-06-18T12:39:03.799907+00:00,DION_001,230786,-0.2553072877409182,SIMULATED,NORMAL
2026-06-18T12:39:03.810211+00:00,DION_001,230787,-0.4872911350093602,SIMULATED,NORMAL
2026-06-18T12:39:03.820517+00:00,DION_001,230788,-0.42894623081631816,SIMULATED,NORMAL
2026-06-18T12:39:03.830880+00:00,DION_001,230789,-0.3847486635527896,SIMULATED,NORMAL
2026-06-18T12:39:03.841242+00:00,DION_001,230790,-0.2657990981679045,SIMULATED,NORMAL
2026-06-18T12:39:03.851518+00:00,DION_001,230791,-0.4106955482645285,SIMULATED,NORMAL
2026-06-18T12:39:03.861826+00:00,DION_001,230792,-0.23051034433068368,SIMULATED,NORMAL
2026-06-18T12:39:03.872193+00:00,DION_001,230793,-0.5701679455524821,SIMULATED,NORMAL
2026-06-18T12:39:03.882494+00:00,DION_001,230794,-0.39195967439312673,SIMULATED,NORMAL
2026-06-18T12:39:03.892864+00:00,DION_001,230795,-0.6346238055690608,SIMULATED,NORMAL
2026-06-18T12:39:03.903209+00:00,DION_001,230796,-0.5055120814744781,SIMULATED,NORMAL
2026-06-18T12:39:03.913585+00:00,DION_001,230797,-0.5703875477028236,SIMULATED,NORMAL
2026-06-18T12:39:03.923894+00:00,DION_001,230798,-0.6412560541068931,SIMULATED,NORMAL
2026-06-18T12:39:03.934420+00:00,DION_001,230799,-0.6483217815426423,SIMULATED,NORMAL
2026-06-18T12:39:03.945035+00:00,DION_001,230800,-0.6829268850834977,SIMULATED,NORMAL
2026-06-18T12:39:03.955286+00:00,DION_001,230801,-0.5588869058808367,SIMULATED,NORMAL
2026-06-18T12:39:03.965638+00:00,DION_001,230802,-0.4068664799216202,SIMULATED,NORMAL
2026-06-18T12:39:03.976341+00:00,DION_001,230803,-0.5215802452026272,SIMULATED,NORMAL
2026-06-18T12:39:03.987058+00:00,DION_001,230804,-0.3503800267436755,SIMULATED,NORMAL
2026-06-18T12:39:03.997363+00:00,DION_001,230805,-0.405965506380092,SIMULATED,NORMAL
2026-06-18T12:39:04.007649+00:00,DION_001,230806,-0.4492368468814678,SIMULATED,NORMAL
2026-06-18T12:39:04.017961+00:00,DION_001,230807,-0.02071095713040677,SIMULATED,NORMAL
2026-06-18T12:39:04.028481+00:00,DION_001,230808,-0.4220654731831481,SIMULATED,NORMAL
2026-06-18T12:39:04.039053+00:00,DION_001,230809,-0.012356866838671599,SIMULATED,NORMAL
2026-06-18T12:39:04.049394+00:00,DION_001,230810,-0.2544202504446879,SIMULATED,NORMAL
2026-06-18T12:39:04.059831+00:00,DION_001,230811,-0.1911436805770896,SIMULATED,NORMAL
2026-06-18T12:39:04.070465+00:00,DION_001,230812,-0.1407765753122247,SIMULATED,NORMAL
2026-06-18T12:39:04.081169+00:00,DION_001,230813,-0.1978395222542046,SIMULATED,NORMAL
2026-06-18T12:39:04.091571+00:00,DION_001,230814,-0.3946635179367407,SIMULATED,NORMAL
2026-06-18T12:39:04.101979+00:00,DION_001,230815,-0.14728860835896726,SIMULATED,NORMAL
2026-06-18T12:39:04.112576+00:00,DION_001,230816,-0.03767549699612838,SIMULATED,NORMAL
2026-06-18T12:39:04.122984+00:00,DION_001,230817,-0.03722432370438072,SIMULATED,NORMAL
2026-06-18T12:39:04.133376+00:00,DION_001,230818,0.06885121045812688,SIMULATED,NORMAL
2026-06-18T12:39:04.143748+00:00,DION_001,230819,0.15393110487756406,SIMULATED,NORMAL
2026-06-18T12:39:04.154051+00:00,DION_001,230820,0.23749604339062116,SIMULATED,NORMAL
2026-06-18T12:39:04.164424+00:00,DION_001,230821,0.2171424439698199,SIMULATED,NORMAL
2026-06-18T12:39:04.174695+00:00,DION_001,230822,0.20077151546963842,SIMULATED,NORMAL
2026-06-18T12:39:04.185019+00:00,DION_001,230823,0.4798423484535467,SIMULATED,NORMAL
2026-06-18T12:39:04.195310+00:00,DION_001,230824,0.22126546960874288,SIMULATED,NORMAL
2026-06-18T12:39:04.205642+00:00,DION_001,230825,0.34961666991130647,SIMULATED,NORMAL
2026-06-18T12:39:04.215906+00:00,DION_001,230826,0.7172308400588805,SIMULATED,NORMAL
2026-06-18T12:39:04.226261+00:00,DION_001,230827,0.24906153789014196,SIMULATED,NORMAL
2026-06-18T12:39:04.236576+00:00,DION_001,230828,0.4126776573987612,SIMULATED,NORMAL
2026-06-18T12:39:04.246867+00:00,DION_001,230829,0.6007179370118357,SIMULATED,NORMAL
2026-06-18T12:39:04.257180+00:00,DION_001,230830,0.5988102632770885,SIMULATED,NORMAL
2026-06-18T12:39:04.267459+00:00,DION_001,230831,0.5630794192869825,SIMULATED,NORMAL
2026-06-18T12:39:04.277796+00:00,DION_001,230832,0.7598497410774969,SIMULATED,NORMAL
2026-06-18T12:39:04.288139+00:00,DION_001,230833,0.7397205344503938,SIMULATED,NORMAL
2026-06-18T12:39:04.298523+00:00,DION_001,230834,0.8333593282020314,SIMULATED,NORMAL
2026-06-18T12:39:04.308817+00:00,DION_001,230835,-1.2926569012144822,SIMULATED,NORMAL
2026-06-18T12:39:04.319260+00:00,DION_001,230836,0.5745188347152212,SIMULATED,NORMAL
2026-06-18T12:39:04.329505+00:00,DION_001,230837,0.6060091814856903,SIMULATED,NORMAL
2026-06-18T12:39:04.339730+00:00,DION_001,230838,0.959078029218193,SIMULATED,NORMAL
2026-06-18T12:39:04.349968+00:00,DION_001,230839,0.8461970617805679,SIMULATED,NORMAL
2026-06-18T12:39:04.360392+00:00,DION_001,230840,0.6550040216590928,SIMULATED,NORMAL
2026-06-18T12:39:04.370622+00:00,DION_001,230841,1.0709204791688698,SIMULATED,NORMAL
2026-06-18T12:39:04.380815+00:00,DION_001,230842,0.9689150109054825,SIMULATED,NORMAL
2026-06-18T12:39:04.390981+00:00,DION_001,230843,0.782301110585216,SIMULATED,NORMAL
2026-06-18T12:39:04.401173+00:00,DION_001,230844,1.0830463522477267,SIMULATED,NORMAL
2026-06-18T12:39:04.411365+00:00,DION_001,230845,0.8720810116590944,SIMULATED,NORMAL
2026-06-18T12:39:04.421529+00:00,DION_001,230846,1.1065519558706924,SIMULATED,NORMAL
2026-06-18T12:39:04.431666+00:00,DION_001,230847,0.9024054049611508,SIMULATED,NORMAL
2026-06-18T12:39:04.441812+00:00,DION_001,230848,0.6770968902952587,SIMULATED,NORMAL
2026-06-18T12:39:04.452003+00:00,DION_001,230849,0.7368816710745142,SIMULATED,NORMAL
2026-06-18T12:39:04.462215+00:00,DION_001,230850,0.7073393798428274,SIMULATED,NORMAL
2026-06-18T12:39:04.472435+00:00,DION_001,230851,0.7334625170798451,SIMULATED,NORMAL
2026-06-18T12:39:04.482635+00:00,DION_001,230852,0.7360563491653099,SIMULATED,NORMAL
2026-06-18T12:39:04.492885+00:00,DION_001,230853,0.9373910435526698,SIMULATED,NORMAL
2026-06-18T12:39:04.503081+00:00,DION_001,230854,0.7938678504061433,SIMULATED,NORMAL
2026-06-18T12:39:04.513271+00:00,DION_001,230855,0.6925278500145609,SIMULATED,NORMAL
2026-06-18T12:39:04.523468+00:00,DION_001,230856,0.6768120292884748,SIMULATED,NORMAL
2026-06-18T12:39:04.533666+00:00,DION_001,230857,0.917828327421207,SIMULATED,NORMAL
2026-06-18T12:39:04.543838+00:00,DION_001,230858,0.7309728839002514,SIMULATED,NORMAL
2026-06-18T12:39:04.554097+00:00,DION_001,230859,0.5513582510334093,SIMULATED,NORMAL
2026-06-18T12:39:04.564472+00:00,DION_001,230860,0.597273561451851,SIMULATED,NORMAL
2026-06-18T12:39:04.574713+00:00,DION_001,230861,0.8146739687583794,SIMULATED,NORMAL
2026-06-18T12:39:04.584951+00:00,DION_001,230862,0.7079784091244136,SIMULATED,NORMAL
2026-06-18T12:39:04.595154+00:00,DION_001,230863,0.7555047078807124,SIMULATED,NORMAL
2026-06-18T12:39:04.605392+00:00,DION_001,230864,0.5971994059953979,SIMULATED,NORMAL
2026-06-18T12:39:04.615589+00:00,DION_001,230865,0.31233110211848314,SIMULATED,NORMAL
2026-06-18T12:39:04.625884+00:00,DION_001,230866,0.5377054603630653,SIMULATED,NORMAL
2026-06-18T12:39:04.636102+00:00,DION_001,230867,0.34556351479096603,SIMULATED,NORMAL
2026-06-18T12:39:04.646381+00:00,DION_001,230868,0.4525677784995973,SIMULATED,NORMAL
2026-06-18T12:39:04.656612+00:00,DION_001,230869,0.2529701721695071,SIMULATED,NORMAL
2026-06-18T12:39:04.666936+00:00,DION_001,230870,0.10394423287045412,SIMULATED,NORMAL
2026-06-18T12:39:04.677150+00:00,DION_001,230871,0.5371724149254299,SIMULATED,NORMAL
2026-06-18T12:39:04.687470+00:00,DION_001,230872,0.24733322857310847,SIMULATED,NORMAL
2026-06-18T12:39:04.697764+00:00,DION_001,230873,0.45243974900039463,SIMULATED,NORMAL
2026-06-18T12:39:04.708521+00:00,DION_001,230874,0.41664845377549936,SIMULATED,NORMAL
2026-06-18T12:39:04.718914+00:00,DION_001,230875,0.5222764139330565,SIMULATED,NORMAL
2026-06-18T12:39:04.729482+00:00,DION_001,230876,0.46722520066287854,SIMULATED,NORMAL
2026-06-18T12:39:04.739729+00:00,DION_001,230877,0.5988512856418581,SIMULATED,NORMAL
2026-06-18T12:39:04.749988+00:00,DION_001,230878,0.30285687001505046,SIMULATED,NORMAL
2026-06-18T12:39:04.760361+00:00,DION_001,230879,0.30010313157719426,SIMULATED,NORMAL
2026-06-18T12:39:04.770644+00:00,DION_001,230880,0.2988500889923676,SIMULATED,NORMAL
2026-06-18T12:39:04.780965+00:00,DION_001,230881,0.6126476558740289,SIMULATED,NORMAL
2026-06-18T12:39:04.791261+00:00,DION_001,230882,0.3849368118213693,SIMULATED,NORMAL
2026-06-18T12:39:04.801733+00:00,DION_001,230883,0.17854159315871201,SIMULATED,NORMAL
2026-06-18T12:39:04.812005+00:00,DION_001,230884,0.5323534552538468,SIMULATED,NORMAL
2026-06-18T12:39:04.822223+00:00,DION_001,230885,0.3703931259822886,SIMULATED,NORMAL
2026-06-18T12:39:04.832504+00:00,DION_001,230886,0.5234363570471507,SIMULATED,NORMAL
2026-06-18T12:39:04.842724+00:00,DION_001,230887,0.4742161671891446,SIMULATED,NORMAL
2026-06-18T12:39:04.852952+00:00,DION_001,230888,0.26478759482418995,SIMULATED,NORMAL
2026-06-18T12:39:04.863183+00:00,DION_001,230889,0.8037519544787922,SIMULATED,NORMAL
2026-06-18T12:39:04.873426+00:00,DION_001,230890,0.6520341779246647,SIMULATED,NORMAL
2026-06-18T12:39:04.883679+00:00,DION_001,230891,0.4828566619826459,SIMULATED,NORMAL
2026-06-18T12:39:04.893898+00:00,DION_001,230892,0.5033869054196926,SIMULATED,NORMAL
2026-06-18T12:39:04.904147+00:00,DION_001,230893,0.47848757090982,SIMULATED,NORMAL
2026-06-18T12:39:04.914431+00:00,DION_001,230894,0.6232034255927974,SIMULATED,NORMAL
2026-06-18T12:39:04.924752+00:00,DION_001,230895,0.5917941193277141,SIMULATED,NORMAL
2026-06-18T12:39:04.934997+00:00,DION_001,230896,0.6156567455594862,SIMULATED,NORMAL
2026-06-18T12:39:04.945308+00:00,DION_001,230897,0.4507069588366789,SIMULATED,NORMAL
2026-06-18T12:39:04.955588+00:00,DION_001,230898,0.4087578645089609,SIMULATED,NORMAL
2026-06-18T12:39:04.965850+00:00,DION_001,230899,0.7980869271112659,SIMULATED,NORMAL
2026-06-18T12:39:04.976104+00:00,DION_001,230900,0.7200822447160699,SIMULATED,NORMAL
2026-06-18T12:39:04.986333+00:00,DION_001,230901,0.8706900067760183,SIMULATED,NORMAL
2026-06-18T12:39:04.996613+00:00,DION_001,230902,0.6437209822796344,SIMULATED,NORMAL
2026-06-18T12:39:05.006849+00:00,DION_001,230903,0.8266766819493201,SIMULATED,NORMAL
2026-06-18T12:39:05.017128+00:00,DION_001,230904,0.8279619303384105,SIMULATED,NORMAL
2026-06-18T12:39:05.027449+00:00,DION_001,230905,0.9174204782193862,SIMULATED,NORMAL
2026-06-18T12:39:05.037754+00:00,DION_001,230906,0.8987818633564082,SIMULATED,NORMAL
2026-06-18T12:39:05.047972+00:00,DION_001,230907,0.7995664105332503,SIMULATED,NORMAL
2026-06-18T12:39:05.058347+00:00,DION_001,230908,0.9920289146656301,SIMULATED,NORMAL
2026-06-18T12:39:05.068667+00:00,DION_001,230909,1.1106433465891092,SIMULATED,NORMAL
2026-06-18T12:39:05.078927+00:00,DION_001,230910,0.8108590753492524,SIMULATED,NORMAL
2026-06-18T12:39:05.089216+00:00,DION_001,230911,0.9639073769557722,SIMULATED,NORMAL
2026-06-18T12:39:05.099558+00:00,DION_001,230912,1.1106707354432244,SIMULATED,NORMAL
2026-06-18T12:39:05.109848+00:00,DION_001,230913,1.2227855993330945,SIMULATED,NORMAL
2026-06-18T12:39:05.120073+00:00,DION_001,230914,1.2635882707576125,SIMULATED,NORMAL
2026-06-18T12:39:05.130305+00:00,DION_001,230915,1.198720086723804,SIMULATED,NORMAL
2026-06-18T12:39:05.140595+00:00,DION_001,230916,1.215362082193883,SIMULATED,NORMAL
2026-06-18T12:39:05.151141+00:00,DION_001,230917,1.007422109294392,SIMULATED,NORMAL
2026-06-18T12:39:05.161430+00:00,DION_001,230918,1.2858495012363442,SIMULATED,NORMAL
2026-06-18T12:39:05.171708+00:00,DION_001,230919,1.4334224508587297,SIMULATED,NORMAL
2026-06-18T12:39:05.182018+00:00,DION_001,230920,1.2683960872642441,SIMULATED,NORMAL
2026-06-18T12:39:05.192347+00:00,DION_001,230921,4.3521851890081775,SIMULATED,EVENT_DETECTED
2026-06-18T12:39:05.202905+00:00,DION_001,230922,1.0968079098188654,SIMULATED,NORMAL
2026-06-18T12:39:05.213168+00:00,DION_001,230923,1.140518747511242,SIMULATED,NORMAL
2026-06-18T12:39:05.223456+00:00,DION_001,230924,1.44857455753102,SIMULATED,NORMAL
2026-06-18T12:39:05.233738+00:00,DION_001,230925,1.1295284117419855,SIMULATED,NORMAL
2026-06-18T12:39:05.244028+00:00,DION_001,230926,1.3184379698781863,SIMULATED,NORMAL
2026-06-18T12:39:05.254274+00:00,DION_001,230927,1.0501743789574975,SIMULATED,NORMAL
2026-06-18T12:39:05.264572+00:00,DION_001,230928,1.1426309888885229,SIMULATED,NORMAL
2026-06-18T12:39:05.274855+00:00,DION_001,230929,1.2288234578276385,SIMULATED,NORMAL
2026-06-18T12:39:05.285186+00:00,DION_001,230930,1.3716828317869803,SIMULATED,NORMAL
2026-06-18T12:39:05.295528+00:00,DION_001,230931,3.3122315048800006,SIMULATED,EVENT_DETECTED
2026-06-18T12:39:05.306020+00:00,DION_001,230932,1.0580618901473018,SIMULATED,NORMAL
2026-06-18T12:39:05.316395+00:00,DION_001,230933,0.6745341815327137,SIMULATED,NORMAL
2026-06-18T12:39:05.326694+00:00,DION_001,230934,0.9158936556898012,SIMULATED,NORMAL
2026-06-18T12:39:05.337013+00:00,DION_001,230935,-0.6190986754823423,SIMULATED,NORMAL
2026-06-18T12:39:05.347409+00:00,DION_001,230936,0.8333028969328902,SIMULATED,NORMAL
2026-06-18T12:39:05.357710+00:00,DION_001,230937,0.7080388994330072,SIMULATED,NORMAL
2026-06-18T12:39:05.368060+00:00,DION_001,230938,1.1882825339099385,SIMULATED,NORMAL
2026-06-18T12:39:05.378506+00:00,DION_001,230939,0.6086179999289743,SIMULATED,NORMAL
2026-06-18T12:39:05.388762+00:00,DION_001,230940,0.709532067634588,SIMULATED,NORMAL
2026-06-18T12:39:05.399087+00:00,DION_001,230941,0.6153230492502445,SIMULATED,NORMAL
2026-06-18T12:39:05.409431+00:00,DION_001,230942,0.5542064228523945,SIMULATED,NORMAL
2026-06-18T12:39:05.420021+00:00,DION_001,230943,0.6263914982812947,SIMULATED,NORMAL
2026-06-18T12:39:05.430303+00:00,DION_001,230944,0.1415922335417103,SIMULATED,NORMAL
2026-06-18T12:39:05.440578+00:00,DION_001,230945,0.4582776420409644,SIMULATED,NORMAL
2026-06-18T12:39:05.450839+00:00,DION_001,230946,0.4716843130087498,SIMULATED,NORMAL
2026-06-18T12:39:05.461152+00:00,DION_001,230947,0.2991239366328334,SIMULATED,NORMAL
2026-06-18T12:39:05.471526+00:00,DION_001,230948,3.016931557000661,SIMULATED,EVENT_DETECTED
2026-06-18T12:39:05.482009+00:00,DION_001,230949,0.230003682252577,SIMULATED,NORMAL
2026-06-18T12:39:05.492444+00:00,DION_001,230950,0.4382925490408244,SIMULATED,NORMAL
2026-06-18T12:39:05.502745+00:00,DION_001,230951,0.5904553590985961,SIMULATED,NORMAL
2026-06-18T12:39:05.513076+00:00,DION_001,230952,0.2853351732343054,SIMULATED,NORMAL
2026-06-18T12:39:05.523463+00:00,DION_001,230953,0.3219983545786387,SIMULATED,NORMAL
2026-06-18T12:39:05.533724+00:00,DION_001,230954,0.2972934260128777,SIMULATED,NORMAL
2026-06-18T12:39:05.543973+00:00,DION_001,230955,0.17809825652490244,SIMULATED,NORMAL
2026-06-18T12:39:05.554221+00:00,DION_001,230956,0.2817557263490598,SIMULATED,NORMAL
2026-06-18T12:39:05.564526+00:00,DION_001,230957,0.16818800373084597,SIMULATED,NORMAL
2026-06-18T12:39:05.574845+00:00,DION_001,230958,0.2562889673325015,SIMULATED,NORMAL
2026-06-18T12:39:05.585064+00:00,DION_001,230959,-0.12478744889828083,SIMULATED,NORMAL
2026-06-18T12:39:05.595280+00:00,DION_001,230960,-0.0006433789639400112,SIMULATED,NORMAL
2026-06-18T12:39:05.605544+00:00,DION_001,230961,-0.037710451401125306,SIMULATED,NORMAL
2026-06-18T12:39:05.615837+00:00,DION_001,230962,0.1911726119155935,SIMULATED,NORMAL
2026-06-18T12:39:05.626194+00:00,DION_001,230963,-0.20815312685569487,SIMULATED,NORMAL
2026-06-18T12:39:05.636491+00:00,DION_001,230964,0.06931122764888412,SIMULATED,NORMAL
2026-06-18T12:39:05.646734+00:00,DION_001,230965,0.007609720544084864,SIMULATED,NORMAL
2026-06-18T12:39:05.656963+00:00,DION_001,230966,-0.014289338016442936,SIMULATED,NORMAL
2026-06-18T12:39:05.667230+00:00,DION_001,230967,-0.11018861561575763,SIMULATED,NORMAL
2026-06-18T12:39:05.677545+00:00,DION_001,230968,0.056114443200475254,SIMULATED,NORMAL
2026-06-18T12:39:05.687880+00:00,DION_001,230969,2.360170167755194,SIMULATED,EVENT_DETECTED
2026-06-18T12:39:05.698327+00:00,DION_001,230970,-0.016512362759242644,SIMULATED,NORMAL
2026-06-18T12:39:05.708717+00:00,DION_001,230971,0.06336645077474462,SIMULATED,NORMAL
2026-06-18T12:39:05.719013+00:00,DION_001,230972,0.0649193196173298,SIMULATED,NORMAL
2026-06-18T12:39:05.729393+00:00,DION_001,230973,-0.02499777493310039,SIMULATED,NORMAL
2026-06-18T12:39:05.739675+00:00,DION_001,230974,0.24510141869459562,SIMULATED,NORMAL
2026-06-18T12:39:05.749946+00:00,DION_001,230975,0.009161604899414456,SIMULATED,NORMAL
2026-06-18T12:39:05.760240+00:00,DION_001,230976,0.12731908255040406,SIMULATED,NORMAL
2026-06-18T12:39:05.770537+00:00,DION_001,230977,0.14077505327473408,SIMULATED,NORMAL
2026-06-18T12:39:05.780845+00:00,DION_001,230978,0.389625018061767,SIMULATED,NORMAL
2026-06-18T12:39:05.791281+00:00,DION_001,230979,0.22773268373810354,SIMULATED,NORMAL
2026-06-18T12:39:05.802007+00:00,DION_001,230980,0.05608748208412563,SIMULATED,NORMAL
2026-06-18T12:39:05.812341+00:00,DION_001,230981,0.19437880884379982,SIMULATED,NORMAL
2026-06-18T12:39:05.822644+00:00,DION_001,230982,0.19304753823577397,SIMULATED,NORMAL
2026-06-18T12:39:05.832906+00:00,DION_001,230983,0.33413197353959156,SIMULATED,NORMAL
2026-06-18T12:39:05.843222+00:00,DION_001,230984,0.18078040411659818,SIMULATED,NORMAL
2026-06-18T12:39:05.853565+00:00,DION_001,230985,0.04336645463688443,SIMULATED,NORMAL
2026-06-18T12:39:05.863825+00:00,DION_001,230986,0.4981342259252177,SIMULATED,NORMAL
2026-06-18T12:39:05.874219+00:00,DION_001,230987,-0.018993720851502194,SIMULATED,NORMAL
2026-06-18T12:39:05.884476+00:00,DION_001,230988,0.41007138279268884,SIMULATED,NORMAL
2026-06-18T12:39:05.894761+00:00,DION_001,230989,0.5393332108425786,SIMULATED,NORMAL
2026-06-18T12:39:05.905012+00:00,DION_001,230990,0.5322448811630844,SIMULATED,NORMAL
2026-06-18T12:39:05.915281+00:00,DION_001,230991,0.5377685900879131,SIMULATED,NORMAL
2026-06-18T12:39:05.925608+00:00,DION_001,230992,0.4981750359729466,SIMULATED,NORMAL
2026-06-18T12:39:05.935879+00:00,DION_001,230993,0.15307288713163697,SIMULATED,NORMAL
2026-06-18T12:39:05.946204+00:00,DION_001,230994,0.19398413511287987,SIMULATED,NORMAL
2026-06-18T12:39:05.956434+00:00,DION_001,230995,0.5568708724250955,SIMULATED,NORMAL
2026-06-18T12:39:05.966654+00:00,DION_001,230996,0.3395660814907768,SIMULATED,NORMAL
2026-06-18T12:39:05.976853+00:00,DION_001,230997,0.001037587842857457,SIMULATED,NORMAL
2026-06-18T12:39:05.987175+00:00,DION_001,230998,0.6383625906908021,SIMULATED,NORMAL
2026-06-18T12:39:05.997421+00:00,DION_001,230999,0.06811151682889621,SIMULATED,NORMAL
2026-06-18T12:39:06.007651+00:00,DION_001,231000,0.2906106472824054,SIMULATED,NORMAL
2026-06-18T12:39:06.017890+00:00,DION_001,231001,0.40973232826983497,SIMULATED,NORMAL
2026-06-18T12:39:06.028128+00:00,DION_001,231002,0.6090678905156317,SIMULATED,NORMAL
2026-06-18T12:39:06.038448+00:00,DION_001,231003,0.4916068868071962,SIMULATED,NORMAL
2026-06-18T12:39:06.048655+00:00,DION_001,231004,0.24997685736673414,SIMULATED,NORMAL
2026-06-18T12:39:06.058924+00:00,DION_001,231005,-0.004648565367353363,SIMULATED,NORMAL
2026-06-18T12:39:06.069224+00:00,DION_001,231006,0.09834075322239083,SIMULATED,NORMAL
2026-06-18T12:39:06.079455+00:00,DION_001,231007,0.2935225652830585,SIMULATED,NORMAL
2026-06-18T12:39:06.089715+00:00,DION_001,231008,0.39511837485234114,SIMULATED,NORMAL
2026-06-18T12:39:06.099997+00:00,DION_001,231009,0.13004211733622575,SIMULATED,NORMAL
2026-06-18T12:39:06.110270+00:00,DION_001,231010,0.2958329081978641,SIMULATED,NORMAL
2026-06-18T12:39:06.120598+00:00,DION_001,231011,-0.04552846561830634,SIMULATED,NORMAL
2026-06-18T12:39:06.130858+00:00,DION_001,231012,0.28858387693787263,SIMULATED,NORMAL
2026-06-18T12:39:06.141119+00:00,DION_001,231013,0.2562099256315674,SIMULATED,NORMAL
2026-06-18T12:39:06.151333+00:00,DION_001,231014,0.0610711240085479,SIMULATED,NORMAL
2026-06-18T12:39:06.161570+00:00,DION_001,231015,-0.005267661154466162,SIMULATED,NORMAL
2026-06-18T12:39:06.171812+00:00,DION_001,231016,-0.2690428456639788,SIMULATED,NORMAL
2026-06-18T12:39:06.182182+00:00,DION_001,231017,0.05431807931650877,SIMULATED,NORMAL
2026-06-18T12:39:06.192521+00:00,DION_001,231018,0.09360371042709101,SIMULATED,NORMAL
2026-06-18T12:39:06.202785+00:00,DION_001,231019,-0.23913087458426338,SIMULATED,NORMAL
2026-06-18T12:39:06.213041+00:00,DION_001,231020,0.07674702137472403,SIMULATED,NORMAL
2026-06-18T12:39:06.223288+00:00,DION_001,231021,1.432537077207198,SIMULATED,NORMAL
2026-06-18T12:39:06.233702+00:00,DION_001,231022,-0.28518937984854204,SIMULATED,NORMAL
2026-06-18T12:39:06.244025+00:00,DION_001,231023,-0.08877057438224745,SIMULATED,NORMAL
2026-06-18T12:39:06.254292+00:00,DION_001,231024,-0.3043482403314482,SIMULATED,NORMAL
2026-06-18T12:39:06.264520+00:00,DION_001,231025,-0.4874521276159016,SIMULATED,NORMAL
2026-06-18T12:39:06.274718+00:00,DION_001,231026,-0.38504747833907293,SIMULATED,NORMAL
2026-06-18T12:39:06.284942+00:00,DION_001,231027,-0.705371951141564,SIMULATED,NORMAL
2026-06-18T12:39:06.295242+00:00,DION_001,231028,-0.39046500134709045,SIMULATED,NORMAL
2026-06-18T12:39:06.305434+00:00,DION_001,231029,-0.40406602593582297,SIMULATED,NORMAL
2026-06-18T12:39:06.315722+00:00,DION_001,231030,-0.44543251815319806,SIMULATED,NORMAL
2026-06-18T12:39:06.326077+00:00,DION_001,231031,-0.789665611234045,SIMULATED,NORMAL
2026-06-18T12:39:06.336461+00:00,DION_001,231032,-0.6413123385939004,SIMULATED,NORMAL
2026-06-18T12:39:06.346750+00:00,DION_001,231033,-0.5783087142857521,SIMULATED,NORMAL
2026-06-18T12:39:06.357042+00:00,DION_001,231034,-0.6451520081862341,SIMULATED,NORMAL
2026-06-18T12:39:06.367315+00:00,DION_001,231035,-0.6216065637984893,SIMULATED,NORMAL
2026-06-18T12:39:06.377581+00:00,DION_001,231036,-0.8061309862001116,SIMULATED,NORMAL
2026-06-18T12:39:06.387821+00:00,DION_001,231037,-0.6893740153433869,SIMULATED,NORMAL
2026-06-18T12:39:06.398059+00:00,DION_001,231038,-0.5724767536690896,SIMULATED,NORMAL
2026-06-18T12:39:06.408418+00:00,DION_001,231039,-1.0149212535140166,SIMULATED,NORMAL
2026-06-18T12:39:06.418717+00:00,DION_001,231040,-0.8899101426717472,SIMULATED,NORMAL
2026-06-18T12:39:06.429093+00:00,DION_001,231041,-0.7123131958355903,SIMULATED,NORMAL
2026-06-18T12:39:06.439399+00:00,DION_001,231042,-0.9421748893563676,SIMULATED,NORMAL
2026-06-18T12:39:06.449655+00:00,DION_001,231043,-0.8726084858027849,SIMULATED,NORMAL
2026-06-18T12:39:06.459847+00:00,DION_001,231044,-0.8813583116463688,SIMULATED,NORMAL
2026-06-18T12:39:06.470386+00:00,DION_001,231045,-0.7914193683398176,SIMULATED,NORMAL
2026-06-18T12:39:06.480697+00:00,DION_001,231046,-0.756694104523205,SIMULATED,NORMAL
2026-06-18T12:39:06.491069+00:00,DION_001,231047,-1.021969372043737,SIMULATED,NORMAL
2026-06-18T12:39:06.501427+00:00,DION_001,231048,-0.975422866295968,SIMULATED,NORMAL
2026-06-18T12:39:06.511707+00:00,DION_001,231049,-0.6838017110623731,SIMULATED,NORMAL
2026-06-18T12:39:06.521948+00:00,DION_001,231050,-1.1686841098810419,SIMULATED,NORMAL
2026-06-18T12:39:06.532209+00:00,DION_001,231051,-1.131820837599619,SIMULATED,NORMAL
2026-06-18T12:39:06.542457+00:00,DION_001,231052,-0.9187614532951156,SIMULATED,NORMAL
2026-06-18T12:39:06.552769+00:00,DION_001,231053,-0.9260737514778099,SIMULATED,NORMAL
2026-06-18T12:39:06.563060+00:00,DION_001,231054,-1.2722480990713487,SIMULATED,NORMAL
2026-06-18T12:39:06.573332+00:00,DION_001,231055,-0.8948569201939304,SIMULATED,NORMAL
2026-06-18T12:39:06.583557+00:00,DION_001,231056,-0.8115305621541882,SIMULATED,NORMAL
2026-06-18T12:39:06.593797+00:00,DION_001,231057,-0.8465588096370581,SIMULATED,NORMAL
2026-06-18T12:39:06.604034+00:00,DION_001,231058,-0.9150238369730739,SIMULATED,NORMAL
2026-06-18T12:39:06.614273+00:00,DION_001,231059,-0.5697865390482935,SIMULATED,NORMAL
2026-06-18T12:39:06.624547+00:00,DION_001,231060,-0.8063322511552526,SIMULATED,NORMAL
2026-06-18T12:39:06.634748+00:00,DION_001,231061,-0.4223952456932114,SIMULATED,NORMAL
2026-06-18T12:39:06.645086+00:00,DION_001,231062,-0.9055550690485555,SIMULATED,NORMAL
2026-06-18T12:39:06.655335+00:00,DION_001,231063,-0.6773290312073951,SIMULATED,NORMAL
2026-06-18T12:39:06.665592+00:00,DION_001,231064,-0.7838714085317856,SIMULATED,NORMAL
2026-06-18T12:39:06.675900+00:00,DION_001,231065,-0.5215453537557885,SIMULATED,NORMAL
2026-06-18T12:39:06.686126+00:00,DION_001,231066,-0.7992021670680843,SIMULATED,NORMAL
2026-06-18T12:39:06.696430+00:00,DION_001,231067,-0.5558398724078922,SIMULATED,NORMAL
2026-06-18T12:39:06.706665+00:00,DION_001,231068,-0.803712630717552,SIMULATED,NORMAL
2026-06-18T12:39:06.716919+00:00,DION_001,231069,-0.5760649475210511,SIMULATED,NORMAL
2026-06-18T12:39:06.727179+00:00,DION_001,231070,-0.7863657422103126,SIMULATED,NORMAL
2026-06-18T12:39:06.737432+00:00,DION_001,231071,-0.6565808222321604,SIMULATED,NORMAL
2026-06-18T12:39:06.747685+00:00,DION_001,231072,-0.6483927467295122,SIMULATED,NORMAL
2026-06-18T12:39:06.757925+00:00,DION_001,231073,-0.7490916505931124,SIMULATED,NORMAL
2026-06-18T12:39:06.768159+00:00,DION_001,231074,-0.6673816925838841,SIMULATED,NORMAL
2026-06-18T12:39:06.778402+00:00,DION_001,231075,-0.34654080305015067,SIMULATED,NORMAL
2026-06-18T12:39:06.788622+00:00,DION_001,231076,-0.3063904307982874,SIMULATED,NORMAL
2026-06-18T12:39:06.798876+00:00,DION_001,231077,-0.6209501302577296,SIMULATED,NORMAL
2026-06-18T12:39:06.809286+00:00,DION_001,231078,-0.453336825444895,SIMULATED,NORMAL
2026-06-18T12:39:06.819593+00:00,DION_001,231079,-0.4326436677315057,SIMULATED,NORMAL
2026-06-18T12:39:06.829837+00:00,DION_001,231080,-0.32689845748073504,SIMULATED,NORMAL
2026-06-18T12:39:06.840006+00:00,DION_001,231081,-0.392240525111448,SIMULATED,NORMAL
2026-06-18T12:39:06.850271+00:00,DION_001,231082,-0.4465311401944248,SIMULATED,NORMAL
2026-06-18T12:39:06.860617+00:00,DION_001,231083,-0.24814046518178132,SIMULATED,NORMAL
2026-06-18T12:39:06.870973+00:00,DION_001,231084,-0.3918223553073079,SIMULATED,NORMAL
2026-06-18T12:39:06.881437+00:00,DION_001,231085,-0.6396842455394371,SIMULATED,NORMAL
2026-06-18T12:39:06.891911+00:00,DION_001,231086,-0.3534697304515952,SIMULATED,NORMAL
2026-06-18T12:39:06.902270+00:00,DION_001,231087,-0.2203695187339972,SIMULATED,NORMAL
2026-06-18T12:39:06.912630+00:00,DION_001,231088,-0.2475648564883365,SIMULATED,NORMAL
2026-06-18T12:39:06.922929+00:00,DION_001,231089,-0.37511970264138017,SIMULATED,NORMAL
2026-06-18T12:39:06.933265+00:00,DION_001,231090,-0.4766843163308073,SIMULATED,NORMAL
2026-06-18T12:39:06.943548+00:00,DION_001,231091,-0.4351339631077763,SIMULATED,NORMAL
2026-06-18T12:39:06.953815+00:00,DION_001,231092,-0.5072761445888018,SIMULATED,NORMAL
2026-06-18T12:39:06.964031+00:00,DION_001,231093,-0.5110940646001716,SIMULATED,NORMAL
2026-06-18T12:39:06.974272+00:00,DION_001,231094,-0.40876661662311,SIMULATED,NORMAL
2026-06-18T12:39:06.984495+00:00,DION_001,231095,-0.5331685710889436,SIMULATED,NORMAL
2026-06-18T12:39:06.994735+00:00,DION_001,231096,-0.8948779784567689,SIMULATED,NORMAL
2026-06-18T12:39:07.004958+00:00,DION_001,231097,-0.39009519888396166,SIMULATED,NORMAL
2026-06-18T12:39:07.015191+00:00,DION_001,231098,-0.46043070240788436,SIMULATED,NORMAL
2026-06-18T12:39:07.025428+00:00,DION_001,231099,-0.5778565321619632,SIMULATED,NORMAL
2026-06-18T12:39:07.035700+00:00,DION_001,231100,-0.9069436328769718,SIMULATED,NORMAL
2026-06-18T12:39:07.046006+00:00,DION_001,231101,-0.5910657995784652,SIMULATED,NORMAL
2026-06-18T12:39:07.056310+00:00,DION_001,231102,-0.45754801150926483,SIMULATED,NORMAL
2026-06-18T12:39:07.066588+00:00,DION_001,231103,-0.5966223946968146,SIMULATED,NORMAL
2026-06-18T12:39:07.076829+00:00,DION_001,231104,-0.6881232068312525,SIMULATED,NORMAL
2026-06-18T12:39:07.087081+00:00,DION_001,231105,-0.9193637105585414,SIMULATED,NORMAL
2026-06-18T12:39:07.097291+00:00,DION_001,231106,-0.7956365662082404,SIMULATED,NORMAL
2026-06-18T12:39:07.107534+00:00,DION_001,231107,-0.7792496030572771,SIMULATED,NORMAL
2026-06-18T12:39:07.117825+00:00,DION_001,231108,-0.8497890251544449,SIMULATED,NORMAL
2026-06-18T12:39:07.128017+00:00,DION_001,231109,-0.7406243617333466,SIMULATED,NORMAL
2026-06-18T12:39:07.138446+00:00,DION_001,231110,-1.0777554693899174,SIMULATED,NORMAL
2026-06-18T12:39:07.148856+00:00,DION_001,231111,-0.9518242124809151,SIMULATED,NORMAL
2026-06-18T12:39:07.159085+00:00,DION_001,231112,-0.9459897911021397,SIMULATED,NORMAL
2026-06-18T12:39:07.169309+00:00,DION_001,231113,-0.8873823188504946,SIMULATED,NORMAL
2026-06-18T12:39:07.179566+00:00,DION_001,231114,-0.9229203564988884,SIMULATED,NORMAL
2026-06-18T12:39:07.189825+00:00,DION_001,231115,-1.1346438672302066,SIMULATED,NORMAL
2026-06-18T12:39:07.200094+00:00,DION_001,231116,-1.1233047246678596,SIMULATED,NORMAL
2026-06-18T12:39:07.210245+00:00,DION_001,231117,-1.1060950445702675,SIMULATED,NORMAL
2026-06-18T12:39:07.220426+00:00,DION_001,231118,-0.994479609478828,SIMULATED,NORMAL
2026-06-18T12:39:07.230601+00:00,DION_001,231119,-0.9657208932936535,SIMULATED,NORMAL
2026-06-18T12:39:07.240813+00:00,DION_001,231120,-1.1245611165164038,SIMULATED,NORMAL
2026-06-18T12:39:07.251169+00:00,DION_001,231121,-1.0241974128168283,SIMULATED,NORMAL
2026-06-18T12:39:07.261393+00:00,DION_001,231122,-1.1049366291965463,SIMULATED,NORMAL
2026-06-18T12:39:07.271668+00:00,DION_001,231123,-1.2141275477785436,SIMULATED,NORMAL
2026-06-18T12:39:07.282003+00:00,DION_001,231124,-0.9186287686761712,SIMULATED,NORMAL
2026-06-18T12:39:07.292333+00:00,DION_001,231125,-1.3999504681565669,SIMULATED,NORMAL
2026-06-18T12:39:07.302612+00:00,DION_001,231126,-0.9703498200881782,SIMULATED,NORMAL
2026-06-18T12:39:07.312856+00:00,DION_001,231127,-1.0368193557867034,SIMULATED,NORMAL
2026-06-18T12:39:07.323068+00:00,DION_001,231128,-0.9896524556235393,SIMULATED,NORMAL
2026-06-18T12:39:07.333273+00:00,DION_001,231129,-1.0359052240105806,SIMULATED,NORMAL
2026-06-18T12:39:07.343562+00:00,DION_001,231130,-0.9384045912264996,SIMULATED,NORMAL
2026-06-18T12:39:07.353964+00:00,DION_001,231131,-1.3414814136094286,SIMULATED,NORMAL
2026-06-18T12:39:07.364210+00:00,DION_001,231132,-0.9746520050298837,SIMULATED,NORMAL
2026-06-18T12:39:07.374492+00:00,DION_001,231133,-1.0263503036299813,SIMULATED,NORMAL
2026-06-18T12:39:07.384750+00:00,DION_001,231134,-1.0913633603925272,SIMULATED,NORMAL
2026-06-18T12:39:07.395075+00:00,DION_001,231135,-1.020042692954938,SIMULATED,NORMAL
2026-06-18T12:39:07.405523+00:00,DION_001,231136,-0.5807557813729249,SIMULATED,NORMAL
2026-06-18T12:39:07.415828+00:00,DION_001,231137,-1.0978432189785055,SIMULATED,NORMAL
2026-06-18T12:39:07.426112+00:00,DION_001,231138,-0.8872557230164217,SIMULATED,NORMAL
2026-06-18T12:39:07.436480+00:00,DION_001,231139,-0.7439436605489459,SIMULATED,NORMAL
2026-06-18T12:39:07.446688+00:00,DION_001,231140,-0.8719227847020719,SIMULATED,NORMAL
2026-06-18T12:39:07.456959+00:00,DION_001,231141,-0.9702573601568982,SIMULATED,NORMAL
2026-06-18T12:39:07.467250+00:00,DION_001,231142,-0.3410008481918557,SIMULATED,NORMAL
2026-06-18T12:39:07.477619+00:00,DION_001,231143,-0.42510692258415367,SIMULATED,NORMAL
2026-06-18T12:39:07.487907+00:00,DION_001,231144,-0.900988565068608,SIMULATED,NORMAL
2026-06-18T12:39:07.498116+00:00,DION_001,231145,-0.5596500355382139,SIMULATED,NORMAL
2026-06-18T12:39:07.508458+00:00,DION_001,231146,-0.6937874439066857,SIMULATED,NORMAL
2026-06-18T12:39:07.518753+00:00,DION_001,231147,-0.5724412307771528,SIMULATED,NORMAL
2026-06-18T12:39:07.528992+00:00,DION_001,231148,-0.4613976604930189,SIMULATED,NORMAL
2026-06-18T12:39:07.539218+00:00,DION_001,231149,-0.17259579315939538,SIMULATED,NORMAL
2026-06-18T12:39:07.549437+00:00,DION_001,231150,-0.34066360123330985,SIMULATED,NORMAL
2026-06-18T12:39:07.559726+00:00,DION_001,231151,-0.32206421803092383,SIMULATED,NORMAL
2026-06-18T12:39:07.569951+00:00,DION_001,231152,-0.21638836744136852,SIMULATED,NORMAL
2026-06-18T12:39:07.580140+00:00,DION_001,231153,-0.3165329110399562,SIMULATED,NORMAL
2026-06-18T12:39:07.590339+00:00,DION_001,231154,-0.20254046549984153,SIMULATED,NORMAL
2026-06-18T12:39:07.600574+00:00,DION_001,231155,-0.19958705768512705,SIMULATED,NORMAL
2026-06-18T12:39:07.610723+00:00,DION_001,231156,2.7205504722329024,SIMULATED,EVENT_DETECTED
2026-06-18T12:39:07.621193+00:00,DION_001,231157,-0.06329457382696607,SIMULATED,NORMAL
2026-06-18T12:39:07.631382+00:00,DION_001,231158,-0.11501769132392815,SIMULATED,NORMAL
2026-06-18T12:39:07.641630+00:00,DION_001,231159,-0.1669116871766756,SIMULATED,NORMAL
2026-06-18T12:39:07.651923+00:00,DION_001,231160,0.29965372616927727,SIMULATED,NORMAL
2026-06-18T12:39:07.662198+00:00,DION_001,231161,-0.3282749653828346,SIMULATED,NORMAL
2026-06-18T12:39:07.672474+00:00,DION_001,231162,-0.13637179442139488,SIMULATED,NORMAL
2026-06-18T12:39:07.682780+00:00,DION_001,231163,-0.24329232926837047,SIMULATED,NORMAL
2026-06-18T12:39:07.693092+00:00,DION_001,231164,0.2391934438037058,SIMULATED,NORMAL
2026-06-18T12:39:07.703347+00:00,DION_001,231165,-0.01104428801471391,SIMULATED,NORMAL
2026-06-18T12:39:07.713579+00:00,DION_001,231166,-0.07739958885346462,SIMULATED,NORMAL
2026-06-18T12:39:07.723815+00:00,DION_001,231167,0.2702683959200003,SIMULATED,NORMAL
2026-06-18T12:39:07.734048+00:00,DION_001,231168,0.10671853952592776,SIMULATED,NORMAL
2026-06-18T12:39:07.744359+00:00,DION_001,231169,0.11564420310336468,SIMULATED,NORMAL
2026-06-18T12:39:07.754574+00:00,DION_001,231170,-0.04635863048097877,SIMULATED,NORMAL
2026-06-18T12:39:07.764741+00:00,DION_001,231171,0.0002726198482491671,SIMULATED,NORMAL
2026-06-18T12:39:07.774916+00:00,DION_001,231172,0.16790517847361397,SIMULATED,NORMAL
2026-06-18T12:39:07.785153+00:00,DION_001,231173,0.03318966379163355,SIMULATED,NORMAL
2026-06-18T12:39:07.795422+00:00,DION_001,231174,-0.023011375556803243,SIMULATED,NORMAL
2026-06-18T12:39:07.805830+00:00,DION_001,231175,0.13937632158681484,SIMULATED,NORMAL
2026-06-18T12:39:07.816214+00:00,DION_001,231176,0.0010965403841442095,SIMULATED,NORMAL
2026-06-18T12:39:07.826513+00:00,DION_001,231177,-0.06403922861443509,SIMULATED,NORMAL
2026-06-18T12:39:07.836859+00:00,DION_001,231178,-0.17350297782122545,SIMULATED,NORMAL
2026-06-18T12:39:07.847147+00:00,DION_001,231179,-0.06302213527516481,SIMULATED,NORMAL
2026-06-18T12:39:07.857392+00:00,DION_001,231180,0.11104537565900136,SIMULATED,NORMAL
2026-06-18T12:39:07.867621+00:00,DION_001,231181,-0.03655746682263111,SIMULATED,NORMAL
2026-06-18T12:39:07.877898+00:00,DION_001,231182,0.20529701491412533,SIMULATED,NORMAL
2026-06-18T12:39:07.888192+00:00,DION_001,231183,-0.14035557883048028,SIMULATED,NORMAL
2026-06-18T12:39:07.898449+00:00,DION_001,231184,-0.10226200012917888,SIMULATED,NORMAL
2026-06-18T12:39:07.908714+00:00,DION_001,231185,0.10492544825288865,SIMULATED,NORMAL
2026-06-18T12:39:07.918983+00:00,DION_001,231186,-0.09858850900843392,SIMULATED,NORMAL
2026-06-18T12:39:07.929289+00:00,DION_001,231187,-0.004196362430850031,SIMULATED,NORMAL
2026-06-18T12:39:07.939543+00:00,DION_001,231188,-0.04766582457811756,SIMULATED,NORMAL
2026-06-18T12:39:07.949785+00:00,DION_001,231189,-0.34439663350428384,SIMULATED,NORMAL
2026-06-18T12:39:07.960002+00:00,DION_001,231190,2.35247161436643,SIMULATED,EVENT_DETECTED
2026-06-18T12:39:07.970330+00:00,DION_001,231191,-0.0229643066960305,SIMULATED,NORMAL
2026-06-18T12:39:07.980607+00:00,DION_001,231192,0.007123455093628744,SIMULATED,NORMAL
2026-06-18T12:39:07.990934+00:00,DION_001,231193,-0.3549487903230054,SIMULATED,NORMAL
2026-06-18T12:39:08.001183+00:00,DION_001,231194,-0.1384181990727097,SIMULATED,NORMAL
2026-06-18T12:39:08.011645+00:00,DION_001,231195,-0.24199475478755544,SIMULATED,NORMAL
2026-06-18T12:39:08.021983+00:00,DION_001,231196,0.10711347510434244,SIMULATED,NORMAL
2026-06-18T12:39:08.032525+00:00,DION_001,231197,-0.15839470947325085,SIMULATED,NORMAL
2026-06-18T12:39:08.042849+00:00,DION_001,231198,-0.3992036405114875,SIMULATED,NORMAL
2026-06-18T12:39:08.053132+00:00,DION_001,231199,-0.21610173637538388,SIMULATED,NORMAL
2026-06-18T12:39:08.063448+00:00,DION_001,231200,-0.10715502838365382,SIMULATED,NORMAL
2026-06-18T12:39:08.073778+00:00,DION_001,231201,-0.3038259617834511,SIMULATED,NORMAL
2026-06-18T12:39:08.084014+00:00,DION_001,231202,-0.16217389648310276,SIMULATED,NORMAL
2026-06-18T12:39:08.094256+00:00,DION_001,231203,-0.020859395445119278,SIMULATED,NORMAL
2026-06-18T12:39:08.104482+00:00,DION_001,231204,-0.39534535185252734,SIMULATED,NORMAL
2026-06-18T12:39:08.114870+00:00,DION_001,231205,-0.3477948894269086,SIMULATED,NORMAL
2026-06-18T12:39:08.125145+00:00,DION_001,231206,-0.4245456123038974,SIMULATED,NORMAL
2026-06-18T12:39:08.135410+00:00,DION_001,231207,-0.4393466737650741,SIMULATED,NORMAL
2026-06-18T12:39:08.145621+00:00,DION_001,231208,-0.37810773595974206,SIMULATED,NORMAL
2026-06-18T12:39:08.155820+00:00,DION_001,231209,-0.0961424972751149,SIMULATED,NORMAL
2026-06-18T12:39:08.166042+00:00,DION_001,231210,-0.17079536357120934,SIMULATED,NORMAL
2026-06-18T12:39:08.176336+00:00,DION_001,231211,-0.04186476044058267,SIMULATED,NORMAL
2026-06-18T12:39:08.186486+00:00,DION_001,231212,-0.0883467858077368,SIMULATED,NORMAL
2026-06-18T12:39:08.196723+00:00,DION_001,231213,-0.11960173507505224,SIMULATED,NORMAL
2026-06-18T12:39:08.206923+00:00,DION_001,231214,0.12530683655819036,SIMULATED,NORMAL
2026-06-18T12:39:08.217130+00:00,DION_001,231215,0.2414011078093562,SIMULATED,NORMAL
2026-06-18T12:39:08.227363+00:00,DION_001,231216,0.13524033969277602,SIMULATED,NORMAL
2026-06-18T12:39:08.237654+00:00,DION_001,231217,0.021283030067809926,SIMULATED,NORMAL
2026-06-18T12:39:08.247833+00:00,DION_001,231218,0.012881270941652742,SIMULATED,NORMAL
2026-06-18T12:39:08.258053+00:00,DION_001,231219,0.09887300059898735,SIMULATED,NORMAL
2026-06-18T12:39:08.268256+00:00,DION_001,231220,0.2533403575009494,SIMULATED,NORMAL
2026-06-18T12:39:08.278398+00:00,DION_001,231221,-0.01679002534063806,SIMULATED,NORMAL
2026-06-18T12:39:08.288586+00:00,DION_001,231222,0.08241391776905155,SIMULATED,NORMAL
2026-06-18T12:39:08.298747+00:00,DION_001,231223,0.12118515644220165,SIMULATED,NORMAL
2026-06-18T12:39:08.308921+00:00,DION_001,231224,-0.15364413818852363,SIMULATED,NORMAL
2026-06-18T12:39:08.319146+00:00,DION_001,231225,0.281906616361587,SIMULATED,NORMAL
2026-06-18T12:39:08.329485+00:00,DION_001,231226,0.3771644963823155,SIMULATED,NORMAL
2026-06-18T12:39:08.339787+00:00,DION_001,231227,0.5545944431649863,SIMULATED,NORMAL
2026-06-18T12:39:08.350067+00:00,DION_001,231228,0.592715711887896,SIMULATED,NORMAL
2026-06-18T12:39:08.360490+00:00,DION_001,231229,0.6733336109374823,SIMULATED,NORMAL
2026-06-18T12:39:08.370761+00:00,DION_001,231230,0.6865281468158759,SIMULATED,NORMAL
2026-06-18T12:39:08.381089+00:00,DION_001,231231,0.5708146604628885,SIMULATED,NORMAL
2026-06-18T12:39:08.391346+00:00,DION_001,231232,0.7146040276105442,SIMULATED,NORMAL
2026-06-18T12:39:08.401595+00:00,DION_001,231233,0.7930305878315402,SIMULATED,NORMAL
2026-06-18T12:39:08.411910+00:00,DION_001,231234,0.8768221398072611,SIMULATED,NORMAL
2026-06-18T12:39:08.422163+00:00,DION_001,231235,0.794581118699742,SIMULATED,NORMAL
2026-06-18T12:39:08.432396+00:00,DION_001,231236,0.8903248881621723,SIMULATED,NORMAL
2026-06-18T12:39:08.442712+00:00,DION_001,231237,1.0650632721463733,SIMULATED,NORMAL
2026-06-18T12:39:08.452968+00:00,DION_001,231238,0.8748062291696111,SIMULATED,NORMAL
2026-06-18T12:39:08.463253+00:00,DION_001,231239,0.6884736993813642,SIMULATED,NORMAL
2026-06-18T12:39:08.473446+00:00,DION_001,231240,1.194164672298742,SIMULATED,NORMAL
2026-06-18T12:39:08.483675+00:00,DION_001,231241,0.9438988822228658,SIMULATED,NORMAL
2026-06-18T12:39:08.493929+00:00,DION_001,231242,0.8636249205496302,SIMULATED,NORMAL
2026-06-18T12:39:08.504195+00:00,DION_001,231243,0.9370805901696061,SIMULATED,NORMAL
2026-06-18T12:39:08.514430+00:00,DION_001,231244,0.8818734988510075,SIMULATED,NORMAL
2026-06-18T12:39:08.524709+00:00,DION_001,231245,1.1138100198277172,SIMULATED,NORMAL
2026-06-18T12:39:08.535032+00:00,DION_001,231246,1.0891096140088312,SIMULATED,NORMAL
2026-06-18T12:39:08.545385+00:00,DION_001,231247,0.8203021602631321,SIMULATED,NORMAL
2026-06-18T12:39:08.555620+00:00,DION_001,231248,1.1272411774911784,SIMULATED,NORMAL
2026-06-18T12:39:08.565851+00:00,DION_001,231249,0.9473724098544294,SIMULATED,NORMAL
2026-06-18T12:39:08.576117+00:00,DION_001,231250,1.3149372798059737,SIMULATED,NORMAL
2026-06-18T12:39:08.586795+00:00,DION_001,231251,0.9972871175613606,SIMULATED,NORMAL
2026-06-18T12:39:08.597161+00:00,DION_001,231252,1.2108664917457679,SIMULATED,NORMAL
2026-06-18T12:39:08.607633+00:00,DION_001,231253,1.2579888359175673,SIMULATED,NORMAL
2026-06-18T12:39:08.618038+00:00,DION_001,231254,0.9827546871204859,SIMULATED,NORMAL
2026-06-18T12:39:08.628320+00:00,DION_001,231255,1.1166617072291734,SIMULATED,NORMAL
2026-06-18T12:39:08.638514+00:00,DION_001,231256,0.9049495616801471,SIMULATED,NORMAL
2026-06-18T12:39:08.648776+00:00,DION_001,231257,0.9415482651384419,SIMULATED,NORMAL
2026-06-18T12:39:08.659025+00:00,DION_001,231258,0.7993981368243716,SIMULATED,NORMAL
2026-06-18T12:39:08.669367+00:00,DION_001,231259,1.2666589497823222,SIMULATED,NORMAL
2026-06-18T12:39:08.679692+00:00,DION_001,231260,0.8294506803415724,SIMULATED,NORMAL
2026-06-18T12:39:08.689946+00:00,DION_001,231261,0.8040804145190157,SIMULATED,NORMAL
2026-06-18T12:39:08.700207+00:00,DION_001,231262,0.8460091016916809,SIMULATED,NORMAL
2026-06-18T12:39:08.710680+00:00,DION_001,231263,0.7655730880137172,SIMULATED,NORMAL
2026-06-18T12:39:08.721000+00:00,DION_001,231264,0.8256060110979195,SIMULATED,NORMAL
2026-06-18T12:39:08.731406+00:00,DION_001,231265,0.7057276347882567,SIMULATED,NORMAL
2026-06-18T12:39:08.741916+00:00,DION_001,231266,0.48072944444260235,SIMULATED,NORMAL
2026-06-18T12:39:08.752170+00:00,DION_001,231267,0.5678423568673883,SIMULATED,NORMAL
2026-06-18T12:39:08.762398+00:00,DION_001,231268,0.7313983206029262,SIMULATED,NORMAL
2026-06-18T12:39:08.772636+00:00,DION_001,231269,0.622547948053092,SIMULATED,NORMAL
2026-06-18T12:39:08.782937+00:00,DION_001,231270,3.0236851606940576,SIMULATED,EVENT_DETECTED
2026-06-18T12:39:08.793579+00:00,DION_001,231271,0.42397090874261134,SIMULATED,NORMAL
2026-06-18T12:39:08.803879+00:00,DION_001,231272,0.6837585336478381,SIMULATED,NORMAL
2026-06-18T12:39:08.814196+00:00,DION_001,231273,0.645136567480764,SIMULATED,NORMAL
2026-06-18T12:39:08.824442+00:00,DION_001,231274,0.6257898535727103,SIMULATED,NORMAL
2026-06-18T12:39:08.834676+00:00,DION_001,231275,0.5587116739220388,SIMULATED,NORMAL
2026-06-18T12:39:08.844862+00:00,DION_001,231276,0.5797919861063885,SIMULATED,NORMAL
2026-06-18T12:39:08.855064+00:00,DION_001,231277,0.3744091227835197,SIMULATED,NORMAL
2026-06-18T12:39:08.865379+00:00,DION_001,231278,0.2869031391555367,SIMULATED,NORMAL
2026-06-18T12:39:08.875570+00:00,DION_001,231279,0.5014779253293675,SIMULATED,NORMAL
2026-06-18T12:39:08.885834+00:00,DION_001,231280,0.5782899480545838,SIMULATED,NORMAL
2026-06-18T12:39:08.895982+00:00,DION_001,231281,0.2344616082854823,SIMULATED,NORMAL
2026-06-18T12:39:08.906208+00:00,DION_001,231282,0.46943344544613935,SIMULATED,NORMAL
2026-06-18T12:39:08.916425+00:00,DION_001,231283,0.3853200517125854,SIMULATED,NORMAL
2026-06-18T12:39:08.926667+00:00,DION_001,231284,0.11140783891549622,SIMULATED,NORMAL
2026-06-18T12:39:08.936933+00:00,DION_001,231285,0.5063273482238696,SIMULATED,NORMAL
2026-06-18T12:39:08.947178+00:00,DION_001,231286,0.5742962016239627,SIMULATED,NORMAL
2026-06-18T12:39:08.957406+00:00,DION_001,231287,0.343969397222192,SIMULATED,NORMAL
2026-06-18T12:39:08.967611+00:00,DION_001,231288,0.5843200260002612,SIMULATED,NORMAL
2026-06-18T12:39:08.977845+00:00,DION_001,231289,0.2643539311925698,SIMULATED,NORMAL
2026-06-18T12:39:08.988074+00:00,DION_001,231290,0.3866985988448181,SIMULATED,NORMAL
2026-06-18T12:39:08.998235+00:00,DION_001,231291,0.7551312677919253,SIMULATED,NORMAL
2026-06-18T12:39:09.008547+00:00,DION_001,231292,0.3993506065083012,SIMULATED,NORMAL
2026-06-18T12:39:09.018901+00:00,DION_001,231293,0.464737359015849,SIMULATED,NORMAL
2026-06-18T12:39:09.029163+00:00,DION_001,231294,0.40892165649831413,SIMULATED,NORMAL
2026-06-18T12:39:09.039373+00:00,DION_001,231295,0.5561941255308014,SIMULATED,NORMAL
2026-06-18T12:39:09.049660+00:00,DION_001,231296,0.5849964390404363,SIMULATED,NORMAL
2026-06-18T12:39:09.059951+00:00,DION_001,231297,0.5644730848796488,SIMULATED,NORMAL
2026-06-18T12:39:09.070185+00:00,DION_001,231298,0.6716748715245185,SIMULATED,NORMAL
2026-06-18T12:39:09.080428+00:00,DION_001,231299,0.8203664629164018,SIMULATED,NORMAL
2026-06-18T12:39:09.090683+00:00,DION_001,231300,0.7557638535904834,SIMULATED,NORMAL
2026-06-18T12:39:09.101014+00:00,DION_001,231301,0.6922370803838849,SIMULATED,NORMAL
2026-06-18T12:39:09.111432+00:00,DION_001,231302,0.75373911392358,SIMULATED,NORMAL
2026-06-18T12:39:09.121775+00:00,DION_001,231303,0.8521867786880135,SIMULATED,NORMAL
2026-06-18T12:39:09.132188+00:00,DION_001,231304,0.7609849451462389,SIMULATED,NORMAL
2026-06-18T12:39:09.142512+00:00,DION_001,231305,0.6997519984517153,SIMULATED,NORMAL
2026-06-18T12:39:09.152863+00:00,DION_001,231306,0.6651650851254282,SIMULATED,NORMAL
2026-06-18T12:39:09.163190+00:00,DION_001,231307,0.7632251143076184,SIMULATED,NORMAL
2026-06-18T12:39:09.173483+00:00,DION_001,231308,0.6718986134973389,SIMULATED,NORMAL
2026-06-18T12:39:09.183734+00:00,DION_001,231309,0.6733003280683322,SIMULATED,NORMAL
2026-06-18T12:39:09.193928+00:00,DION_001,231310,-1.5190444135219028,SIMULATED,NORMAL
2026-06-18T12:39:09.204347+00:00,DION_001,231311,0.7582065833659634,SIMULATED,NORMAL
2026-06-18T12:39:09.214678+00:00,DION_001,231312,2.6368698967016804,SIMULATED,EVENT_DETECTED
2026-06-18T12:39:09.225046+00:00,DION_001,231313,1.2935828964176472,SIMULATED,NORMAL
2026-06-18T12:39:09.235244+00:00,DION_001,231314,0.9589296568017688,SIMULATED,NORMAL
2026-06-18T12:39:09.245521+00:00,DION_001,231315,1.056590471543776,SIMULATED,NORMAL
2026-06-18T12:39:09.255794+00:00,DION_001,231316,1.0918714964071927,SIMULATED,NORMAL
2026-06-18T12:39:09.266061+00:00,DION_001,231317,1.263814945039675,SIMULATED,NORMAL
2026-06-18T12:39:09.276399+00:00,DION_001,231318,1.1119576626533743,SIMULATED,NORMAL
2026-06-18T12:39:09.286646+00:00,DION_001,231319,1.252135385688459,SIMULATED,NORMAL
2026-06-18T12:39:09.296892+00:00,DION_001,231320,1.2673483990438572,SIMULATED,NORMAL
2026-06-18T12:39:09.307153+00:00,DION_001,231321,1.1411481217851809,SIMULATED,NORMAL
2026-06-18T12:39:09.317432+00:00,DION_001,231322,1.1143896050332145,SIMULATED,NORMAL
2026-06-18T12:39:09.327977+00:00,DION_001,231323,1.0938075368491007,SIMULATED,NORMAL
2026-06-18T12:39:09.338198+00:00,DION_001,231324,0.9563620103413674,SIMULATED,NORMAL
2026-06-18T12:39:09.348455+00:00,DION_001,231325,1.0407546669839376,SIMULATED,NORMAL
2026-06-18T12:39:09.358684+00:00,DION_001,231326,1.022773143133667,SIMULATED,NORMAL
2026-06-18T12:39:09.368928+00:00,DION_001,231327,1.1399778749398515,SIMULATED,NORMAL
2026-06-18T12:39:09.379171+00:00,DION_001,231328,1.0256850038626584,SIMULATED,NORMAL
2026-06-18T12:39:09.389416+00:00,DION_001,231329,0.8324385089384646,SIMULATED,NORMAL
2026-06-18T12:39:09.399580+00:00,DION_001,231330,0.8874622498496699,SIMULATED,NORMAL
2026-06-18T12:39:09.409842+00:00,DION_001,231331,0.9977910404438769,SIMULATED,NORMAL
2026-06-18T12:39:09.420086+00:00,DION_001,231332,1.0709030616263133,SIMULATED,NORMAL
2026-06-18T12:39:09.430393+00:00,DION_001,231333,0.8898016111244166,SIMULATED,NORMAL
2026-06-18T12:39:09.440687+00:00,DION_001,231334,0.817539032470571,SIMULATED,NORMAL
2026-06-18T12:39:09.450890+00:00,DION_001,231335,0.9495909518271298,SIMULATED,NORMAL
2026-06-18T12:39:09.461134+00:00,DION_001,231336,0.9847127713080351,SIMULATED,NORMAL
2026-06-18T12:39:09.471416+00:00,DION_001,231337,1.0080363569888002,SIMULATED,NORMAL
2026-06-18T12:39:09.481647+00:00,DION_001,231338,0.8319709348124672,SIMULATED,NORMAL
2026-06-18T12:39:09.491942+00:00,DION_001,231339,0.6898031010468317,SIMULATED,NORMAL
2026-06-18T12:39:09.502303+00:00,DION_001,231340,0.7631488352619547,SIMULATED,NORMAL
2026-06-18T12:39:09.512573+00:00,DION_001,231341,0.8480684290248388,SIMULATED,NORMAL
2026-06-18T12:39:09.522921+00:00,DION_001,231342,0.836573959676301,SIMULATED,NORMAL
2026-06-18T12:39:09.533177+00:00,DION_001,231343,0.830984313339458,SIMULATED,NORMAL
2026-06-18T12:39:09.543477+00:00,DION_001,231344,0.4937809495065728,SIMULATED,NORMAL
2026-06-18T12:39:09.553710+00:00,DION_001,231345,0.7437024909411354,SIMULATED,NORMAL
2026-06-18T12:39:09.563934+00:00,DION_001,231346,0.6392437783556646,SIMULATED,NORMAL
2026-06-18T12:39:09.574387+00:00,DION_001,231347,0.6959322124662247,SIMULATED,NORMAL
2026-06-18T12:39:09.584730+00:00,DION_001,231348,0.3086409348887331,SIMULATED,NORMAL
2026-06-18T12:39:09.594971+00:00,DION_001,231349,0.47276998746951526,SIMULATED,NORMAL
2026-06-18T12:39:09.605230+00:00,DION_001,231350,0.020438115544242297,SIMULATED,NORMAL
2026-06-18T12:39:09.615458+00:00,DION_001,231351,0.42141126371590026,SIMULATED,NORMAL
2026-06-18T12:39:09.625757+00:00,DION_001,231352,0.1357742107869252,SIMULATED,NORMAL
2026-06-18T12:39:09.636043+00:00,DION_001,231353,0.2051629583766565,SIMULATED,NORMAL
2026-06-18T12:39:09.646375+00:00,DION_001,231354,0.2855609896645372,SIMULATED,NORMAL
2026-06-18T12:39:09.656624+00:00,DION_001,231355,0.06444316940824563,SIMULATED,NORMAL
2026-06-18T12:39:09.666872+00:00,DION_001,231356,0.09304915079650644,SIMULATED,NORMAL
2026-06-18T12:39:09.677285+00:00,DION_001,231357,0.14491358746983116,SIMULATED,NORMAL
2026-06-18T12:39:09.687607+00:00,DION_001,231358,0.33038481048047635,SIMULATED,NORMAL
2026-06-18T12:39:09.697914+00:00,DION_001,231359,0.056289147476299144,SIMULATED,NORMAL
2026-06-18T12:39:09.708357+00:00,DION_001,231360,0.21224825819452212,SIMULATED,NORMAL
2026-06-18T12:39:09.718740+00:00,DION_001,231361,0.08652340017469376,SIMULATED,NORMAL
2026-06-18T12:39:09.729063+00:00,DION_001,231362,-0.23068530862302267,SIMULATED,NORMAL
2026-06-18T12:39:09.739562+00:00,DION_001,231363,-0.07547204837301716,SIMULATED,NORMAL
2026-06-18T12:39:09.750044+00:00,DION_001,231364,-0.15900959164188366,SIMULATED,NORMAL
2026-06-18T12:39:09.760397+00:00,DION_001,231365,-0.09435280050141287,SIMULATED,NORMAL
2026-06-18T12:39:09.770702+00:00,DION_001,231366,-2.027327948291573,SIMULATED,EVENT_DETECTED
2026-06-18T12:39:09.781359+00:00,DION_001,231367,-0.32168312917606356,SIMULATED,NORMAL
2026-06-18T12:39:09.791619+00:00,DION_001,231368,-0.2373250329033209,SIMULATED,NORMAL
2026-06-18T12:39:09.801936+00:00,DION_001,231369,-0.13416650488619053,SIMULATED,NORMAL
2026-06-18T12:39:09.812210+00:00,DION_001,231370,-0.13822777734644512,SIMULATED,NORMAL
2026-06-18T12:39:09.822542+00:00,DION_001,231371,-0.2552745743638137,SIMULATED,NORMAL
2026-06-18T12:39:09.832792+00:00,DION_001,231372,-0.3198555990919211,SIMULATED,NORMAL
2026-06-18T12:39:09.843083+00:00,DION_001,231373,-0.10403203334075185,SIMULATED,NORMAL
2026-06-18T12:39:09.853456+00:00,DION_001,231374,-0.174236084497972,SIMULATED,NORMAL
2026-06-18T12:39:09.863752+00:00,DION_001,231375,-0.15799076251751484,SIMULATED,NORMAL
2026-06-18T12:39:09.874061+00:00,DION_001,231376,-0.3020278220140561,SIMULATED,NORMAL
2026-06-18T12:39:09.884343+00:00,DION_001,231377,0.06814664762597147,SIMULATED,NORMAL
2026-06-18T12:39:09.894673+00:00,DION_001,231378,-0.23656077097873768,SIMULATED,NORMAL
2026-06-18T12:39:09.905011+00:00,DION_001,231379,0.14185794735359247,SIMULATED,NORMAL
2026-06-18T12:39:09.915259+00:00,DION_001,231380,-0.15937624467215367,SIMULATED,NORMAL
2026-06-18T12:39:09.925453+00:00,DION_001,231381,-0.008453154817214828,SIMULATED,NORMAL
2026-06-18T12:39:09.935647+00:00,DION_001,231382,-0.04734810364673574,SIMULATED,NORMAL
2026-06-18T12:39:09.945817+00:00,DION_001,231383,-0.07996797734830187,SIMULATED,NORMAL
2026-06-18T12:39:09.956046+00:00,DION_001,231384,-0.1099189671310527,SIMULATED,NORMAL
2026-06-18T12:39:09.966219+00:00,DION_001,231385,-0.16791959184583877,SIMULATED,NORMAL
2026-06-18T12:39:09.976449+00:00,DION_001,231386,0.07806039879307711,SIMULATED,NORMAL
2026-06-18T12:39:09.986717+00:00,DION_001,231387,-0.16687305117444445,SIMULATED,NORMAL
2026-06-18T12:39:09.997018+00:00,DION_001,231388,-0.3816103801655937,SIMULATED,NORMAL
2026-06-18T12:39:10.007308+00:00,DION_001,231389,-0.12039240365046477,SIMULATED,NORMAL
2026-06-18T12:39:10.017637+00:00,DION_001,231390,-0.13899366949408243,SIMULATED,NORMAL
2026-06-18T12:39:10.028000+00:00,DION_001,231391,0.18788545849477456,SIMULATED,NORMAL
2026-06-18T12:39:10.038303+00:00,DION_001,231392,-0.00988161699850082,SIMULATED,NORMAL
2026-06-18T12:39:10.048522+00:00,DION_001,231393,0.21862470688244331,SIMULATED,NORMAL
2026-06-18T12:39:10.058855+00:00,DION_001,231394,-0.08510391959363857,SIMULATED,NORMAL
2026-06-18T12:39:10.069241+00:00,DION_001,231395,0.21906972527509055,SIMULATED,NORMAL
2026-06-18T12:39:10.079602+00:00,DION_001,231396,0.05690606916438268,SIMULATED,NORMAL
2026-06-18T12:39:10.089966+00:00,DION_001,231397,0.2971479347684939,SIMULATED,NORMAL
2026-06-18T12:39:10.100435+00:00,DION_001,231398,0.031984265466578926,SIMULATED,NORMAL
2026-06-18T12:39:10.110800+00:00,DION_001,231399,0.25913038665337806,SIMULATED,NORMAL
2026-06-18T12:39:10.121016+00:00,DION_001,231400,0.024940849265917248,SIMULATED,NORMAL
2026-06-18T12:39:10.131317+00:00,DION_001,231401,2.042345693371169,SIMULATED,EVENT_DETECTED
2026-06-18T12:39:10.141628+00:00,DION_001,231402,0.27074058189142636,SIMULATED,NORMAL
2026-06-18T12:39:10.151846+00:00,DION_001,231403,0.2778973262821476,SIMULATED,NORMAL
2026-06-18T12:39:10.162194+00:00,DION_001,231404,0.44851763582598103,SIMULATED,NORMAL
2026-06-18T12:39:10.172545+00:00,DION_001,231405,0.49359738952387155,SIMULATED,NORMAL
2026-06-18T12:39:10.182782+00:00,DION_001,231406,0.308451096767658,SIMULATED,NORMAL
2026-06-18T12:39:10.193104+00:00,DION_001,231407,0.34047937083717894,SIMULATED,NORMAL
2026-06-18T12:39:10.203379+00:00,DION_001,231408,-0.08808832335576772,SIMULATED,NORMAL
2026-06-18T12:39:10.213622+00:00,DION_001,231409,0.12251926730552633,SIMULATED,NORMAL
2026-06-18T12:39:10.225954+00:00,DION_001,231410,-0.0013987761639511626,SIMULATED,NORMAL
2026-06-18T12:39:10.236287+00:00,DION_001,231411,0.04512771616787465,SIMULATED,NORMAL
2026-06-18T12:39:10.246653+00:00,DION_001,231412,0.5065425842611466,SIMULATED,NORMAL
2026-06-18T12:39:10.256972+00:00,DION_001,231413,0.08376536583175091,SIMULATED,NORMAL
2026-06-18T12:39:10.267297+00:00,DION_001,231414,0.27829025447859246,SIMULATED,NORMAL
2026-06-18T12:39:10.277632+00:00,DION_001,231415,0.1721613736020328,SIMULATED,NORMAL
2026-06-18T12:39:10.288075+00:00,DION_001,231416,0.2059422121762468,SIMULATED,NORMAL
2026-06-18T12:39:10.298626+00:00,DION_001,231417,-0.131479504833604,SIMULATED,NORMAL
2026-06-18T12:39:10.309007+00:00,DION_001,231418,-0.06971236972611732,SIMULATED,NORMAL
2026-06-18T12:39:10.319435+00:00,DION_001,231419,-0.037700205591216035,SIMULATED,NORMAL
2026-06-18T12:39:10.329919+00:00,DION_001,231420,-0.20351399910698975,SIMULATED,NORMAL
2026-06-18T12:39:10.340790+00:00,DION_001,231421,-0.3025631105272544,SIMULATED,NORMAL
2026-06-18T12:39:10.351235+00:00,DION_001,231422,-0.35453604592593135,SIMULATED,NORMAL
2026-06-18T12:39:10.361700+00:00,DION_001,231423,-0.1956613635313199,SIMULATED,NORMAL
2026-06-18T12:39:10.372191+00:00,DION_001,231424,-0.5177981199206485,SIMULATED,NORMAL
2026-06-18T12:39:10.382645+00:00,DION_001,231425,-0.46803127126998,SIMULATED,NORMAL
2026-06-18T12:39:10.393174+00:00,DION_001,231426,-0.16296867369068488,SIMULATED,NORMAL
2026-06-18T12:39:10.403554+00:00,DION_001,231427,-0.2650092261728278,SIMULATED,NORMAL
2026-06-18T12:39:10.414084+00:00,DION_001,231428,-0.4138869424054192,SIMULATED,NORMAL
2026-06-18T12:39:10.424751+00:00,DION_001,231429,-0.6291120206953679,SIMULATED,NORMAL
2026-06-18T12:39:10.435125+00:00,DION_001,231430,-0.9165735778669046,SIMULATED,NORMAL
2026-06-18T12:39:10.445503+00:00,DION_001,231431,-0.739298679297785,SIMULATED,NORMAL
2026-06-18T12:39:10.455974+00:00,DION_001,231432,-0.6750310717532751,SIMULATED,NORMAL
2026-06-18T12:39:10.466434+00:00,DION_001,231433,-0.9104863868971269,SIMULATED,NORMAL
2026-06-18T12:39:10.476768+00:00,DION_001,231434,-0.717696814133699,SIMULATED,NORMAL
2026-06-18T12:39:10.487239+00:00,DION_001,231435,-0.8832478055169023,SIMULATED,NORMAL
2026-06-18T12:39:10.497737+00:00,DION_001,231436,-0.8878126574088205,SIMULATED,NORMAL
2026-06-18T12:39:10.508146+00:00,DION_001,231437,-0.7645956577436726,SIMULATED,NORMAL
2026-06-18T12:39:10.518728+00:00,DION_001,231438,-0.7130740207525427,SIMULATED,NORMAL
2026-06-18T12:39:10.529088+00:00,DION_001,231439,-0.7871539655603962,SIMULATED,NORMAL
2026-06-18T12:39:10.539503+00:00,DION_001,231440,-0.8547263751154169,SIMULATED,NORMAL
2026-06-18T12:39:10.550012+00:00,DION_001,231441,-0.9829062424323084,SIMULATED,NORMAL
2026-06-18T12:39:10.560606+00:00,DION_001,231442,-1.0397756103329692,SIMULATED,NORMAL
2026-06-18T12:39:10.571051+00:00,DION_001,231443,-0.7610053308677223,SIMULATED,NORMAL
2026-06-18T12:39:10.581559+00:00,DION_001,231444,-0.8836880280885013,SIMULATED,NORMAL
2026-06-18T12:39:10.592024+00:00,DION_001,231445,-1.036565059793871,SIMULATED,NORMAL
2026-06-18T12:39:10.602458+00:00,DION_001,231446,-1.0571555977821443,SIMULATED,NORMAL
2026-06-18T12:39:10.612839+00:00,DION_001,231447,-1.053618386864435,SIMULATED,NORMAL
2026-06-18T12:39:10.623216+00:00,DION_001,231448,-1.2848801847674798,SIMULATED,NORMAL
2026-06-18T12:39:10.633647+00:00,DION_001,231449,-1.0782255835060546,SIMULATED,NORMAL
2026-06-18T12:39:10.644033+00:00,DION_001,231450,-1.1717908333811813,SIMULATED,NORMAL
2026-06-18T12:39:10.654378+00:00,DION_001,231451,-1.0626284079375599,SIMULATED,NORMAL
2026-06-18T12:39:10.664780+00:00,DION_001,231452,-1.0544700676836194,SIMULATED,NORMAL
2026-06-18T12:39:10.675084+00:00,DION_001,231453,-1.1280397671012652,SIMULATED,NORMAL
2026-06-18T12:39:10.685478+00:00,DION_001,231454,-1.2398919745718089,SIMULATED,NORMAL
2026-06-18T12:39:10.695908+00:00,DION_001,231455,-1.2029741665675062,SIMULATED,NORMAL
2026-06-18T12:39:10.706407+00:00,DION_001,231456,-0.9466494057060819,SIMULATED,NORMAL
2026-06-18T12:39:10.716845+00:00,DION_001,231457,-1.2271743361695844,SIMULATED,NORMAL
2026-06-18T12:39:10.727384+00:00,DION_001,231458,-0.8597772071176809,SIMULATED,NORMAL
2026-06-18T12:39:10.738100+00:00,DION_001,231459,-0.9316090758700856,SIMULATED,NORMAL
2026-06-18T12:39:10.748603+00:00,DION_001,231460,-0.8966178934704427,SIMULATED,NORMAL
2026-06-18T12:39:10.758997+00:00,DION_001,231461,-0.9834846133793262,SIMULATED,NORMAL
2026-06-18T12:39:10.769415+00:00,DION_001,231462,-0.6993522817150035,SIMULATED,NORMAL
2026-06-18T12:39:10.779831+00:00,DION_001,231463,-0.8095369097833066,SIMULATED,NORMAL
2026-06-18T12:39:10.790303+00:00,DION_001,231464,-1.0030834081316642,SIMULATED,NORMAL
2026-06-18T12:39:10.800652+00:00,DION_001,231465,-0.7733407166735049,SIMULATED,NORMAL
2026-06-18T12:39:10.811415+00:00,DION_001,231466,-0.8012297589389178,SIMULATED,NORMAL
2026-06-18T12:39:10.821912+00:00,DION_001,231467,-0.8025047083905534,SIMULATED,NORMAL
2026-06-18T12:39:10.832547+00:00,DION_001,231468,-0.7314216371016202,SIMULATED,NORMAL
2026-06-18T12:39:10.843014+00:00,DION_001,231469,-0.7606376679679477,SIMULATED,NORMAL
2026-06-18T12:39:10.853582+00:00,DION_001,231470,-0.8628033892111991,SIMULATED,NORMAL
2026-06-18T12:39:10.864164+00:00,DION_001,231471,-0.7893992497798363,SIMULATED,NORMAL
2026-06-18T12:39:10.874527+00:00,DION_001,231472,-0.9730976013464097,SIMULATED,NORMAL
2026-06-18T12:39:10.884930+00:00,DION_001,231473,-0.7420611406031049,SIMULATED,NORMAL
2026-06-18T12:39:10.895308+00:00,DION_001,231474,-0.654766801876473,SIMULATED,NORMAL
2026-06-18T12:39:10.905694+00:00,DION_001,231475,-0.5178437020080492,SIMULATED,NORMAL
2026-06-18T12:39:10.916202+00:00,DION_001,231476,-0.7723716009044639,SIMULATED,NORMAL
2026-06-18T12:39:10.926701+00:00,DION_001,231477,-0.5361534812589646,SIMULATED,NORMAL
2026-06-18T12:39:10.937078+00:00,DION_001,231478,-0.7308478574142772,SIMULATED,NORMAL
2026-06-18T12:39:10.947492+00:00,DION_001,231479,-0.07509244837815843,SIMULATED,NORMAL
2026-06-18T12:39:10.957966+00:00,DION_001,231480,-0.6305495192138468,SIMULATED,NORMAL
2026-06-18T12:39:10.968418+00:00,DION_001,231481,-0.6524999412395045,SIMULATED,NORMAL
2026-06-18T12:39:10.978806+00:00,DION_001,231482,-0.2547776328583852,SIMULATED,NORMAL
2026-06-18T12:39:10.989243+00:00,DION_001,231483,-0.39954338244081883,SIMULATED,NORMAL
2026-06-18T12:39:10.999735+00:00,DION_001,231484,-0.5325558185281107,SIMULATED,NORMAL
2026-06-18T12:39:11.010256+00:00,DION_001,231485,-0.4813692872137362,SIMULATED,NORMAL
2026-06-18T12:39:11.020743+00:00,DION_001,231486,-0.2805324206319156,SIMULATED,NORMAL
2026-06-18T12:39:11.031251+00:00,DION_001,231487,-0.31264235699446297,SIMULATED,NORMAL
2026-06-18T12:39:11.041805+00:00,DION_001,231488,-0.44269534699506624,SIMULATED,NORMAL
2026-06-18T12:39:11.052301+00:00,DION_001,231489,-0.25141123917457,SIMULATED,NORMAL
2026-06-18T12:39:11.062825+00:00,DION_001,231490,-0.6863798236376698,SIMULATED,NORMAL
2026-06-18T12:39:11.073148+00:00,DION_001,231491,-0.33488151874730543,SIMULATED,NORMAL
2026-06-18T12:39:11.083596+00:00,DION_001,231492,-0.3778672240346455,SIMULATED,NORMAL
2026-06-18T12:39:11.094005+00:00,DION_001,231493,-0.41485736160270403,SIMULATED,NORMAL
2026-06-18T12:39:11.104678+00:00,DION_001,231494,-0.6760134395461177,SIMULATED,NORMAL
2026-06-18T12:39:11.115158+00:00,DION_001,231495,-0.5615244628969756,SIMULATED,NORMAL
2026-06-18T12:39:11.125645+00:00,DION_001,231496,-0.15962391848042617,SIMULATED,NORMAL
2026-06-18T12:39:11.136121+00:00,DION_001,231497,-0.06268288051560916,SIMULATED,NORMAL
2026-06-18T12:39:11.146544+00:00,DION_001,231498,-0.530987152935751,SIMULATED,NORMAL
2026-06-18T12:39:11.157078+00:00,DION_001,231499,-0.6642486493749202,SIMULATED,NORMAL
2026-06-18T12:39:11.167454+00:00,DION_001,231500,-0.4686767761765443,SIMULATED,NORMAL
2026-06-18T12:39:11.177811+00:00,DION_001,231501,-0.7380523071208941,SIMULATED,NORMAL
2026-06-18T12:39:11.188206+00:00,DION_001,231502,-0.8984365596616062,SIMULATED,NORMAL
2026-06-18T12:39:11.198603+00:00,DION_001,231503,-0.3696960949585436,SIMULATED,NORMAL
2026-06-18T12:39:11.209047+00:00,DION_001,231504,-0.4836268746713578,SIMULATED,NORMAL
2026-06-18T12:39:11.219494+00:00,DION_001,231505,-0.7093249554341332,SIMULATED,NORMAL
2026-06-18T12:39:11.229977+00:00,DION_001,231506,-0.7359873224557941,SIMULATED,NORMAL
2026-06-18T12:39:11.241008+00:00,DION_001,231507,-0.48271495070878356,SIMULATED,NORMAL
2026-06-18T12:39:11.251461+00:00,DION_001,231508,-0.6388881450520216,SIMULATED,NORMAL
2026-06-18T12:39:11.261924+00:00,DION_001,231509,-0.8902004116193251,SIMULATED,NORMAL
2026-06-18T12:39:11.272529+00:00,DION_001,231510,-0.8702336914639079,SIMULATED,NORMAL
2026-06-18T12:39:11.282883+00:00,DION_001,231511,-0.49353966030089524,SIMULATED,NORMAL
2026-06-18T12:39:11.293426+00:00,DION_001,231512,-0.8176767173259696,SIMULATED,NORMAL
2026-06-18T12:39:11.303889+00:00,DION_001,231513,-0.9978282225319364,SIMULATED,NORMAL
2026-06-18T12:39:11.314358+00:00,DION_001,231514,-0.9954930260684199,SIMULATED,NORMAL
2026-06-18T12:39:11.324789+00:00,DION_001,231515,-0.8496606954469877,SIMULATED,NORMAL
2026-06-18T12:39:11.335233+00:00,DION_001,231516,-0.6863099808514157,SIMULATED,NORMAL
2026-06-18T12:39:11.345655+00:00,DION_001,231517,-0.849954589297429,SIMULATED,NORMAL
2026-06-18T12:39:11.356124+00:00,DION_001,231518,-1.228266447781133,SIMULATED,NORMAL
2026-06-18T12:39:11.366620+00:00,DION_001,231519,-1.3530129289413717,SIMULATED,NORMAL
2026-06-18T12:39:11.377035+00:00,DION_001,231520,-0.9453594672628198,SIMULATED,NORMAL
2026-06-18T12:39:11.387509+00:00,DION_001,231521,-1.117884705041595,SIMULATED,NORMAL
2026-06-18T12:39:11.398027+00:00,DION_001,231522,-1.1244515901881689,SIMULATED,NORMAL
2026-06-18T12:39:11.408645+00:00,DION_001,231523,-0.9092092346270668,SIMULATED,NORMAL
2026-06-18T12:39:11.419078+00:00,DION_001,231524,-0.9786915771508005,SIMULATED,NORMAL
2026-06-18T12:39:11.429612+00:00,DION_001,231525,-1.026386221853072,SIMULATED,NORMAL
2026-06-18T12:39:11.440084+00:00,DION_001,231526,-0.9619812001705416,SIMULATED,NORMAL
2026-06-18T12:39:11.450533+00:00,DION_001,231527,-1.174148018778956,SIMULATED,NORMAL
2026-06-18T12:39:11.461129+00:00,DION_001,231528,-0.8734518279559026,SIMULATED,NORMAL
2026-06-18T12:39:11.471614+00:00,DION_001,231529,-1.1195762742407787,SIMULATED,NORMAL
2026-06-18T12:39:11.482051+00:00,DION_001,231530,-0.8630881553612736,SIMULATED,NORMAL
2026-06-18T12:39:11.493047+00:00,DION_001,231531,-0.8021236829211589,SIMULATED,NORMAL
2026-06-18T12:39:11.503515+00:00,DION_001,231532,-0.9654367637517713,SIMULATED,NORMAL
2026-06-18T12:39:11.514250+00:00,DION_001,231533,-0.657005445650597,SIMULATED,NORMAL
2026-06-18T12:39:11.524748+00:00,DION_001,231534,-0.723465558467352,SIMULATED,NORMAL
2026-06-18T12:39:11.535296+00:00,DION_001,231535,-0.8524586865617508,SIMULATED,NORMAL
2026-06-18T12:39:11.545849+00:00,DION_001,231536,-0.9677141559964488,SIMULATED,NORMAL
2026-06-18T12:39:11.556298+00:00,DION_001,231537,-0.5787980885060063,SIMULATED,NORMAL
2026-06-18T12:39:11.566681+00:00,DION_001,231538,-1.0018437372640894,SIMULATED,NORMAL
2026-06-18T12:39:11.577160+00:00,DION_001,231539,-0.687374161859588,SIMULATED,NORMAL
2026-06-18T12:39:11.587712+00:00,DION_001,231540,-0.6992922882066988,SIMULATED,NORMAL
2026-06-18T12:39:11.598047+00:00,DION_001,231541,-0.845322002287089,SIMULATED,NORMAL
2026-06-18T12:39:11.608471+00:00,DION_001,231542,-0.637551262976653,SIMULATED,NORMAL
2026-06-18T12:39:11.618791+00:00,DION_001,231543,-0.7964917444691598,SIMULATED,NORMAL
2026-06-18T12:39:11.629096+00:00,DION_001,231544,-0.718173572007398,SIMULATED,NORMAL
2026-06-18T12:39:11.639446+00:00,DION_001,231545,-0.7706979195166669,SIMULATED,NORMAL
2026-06-18T12:39:11.649891+00:00,DION_001,231546,-0.6281960489688,SIMULATED,NORMAL
2026-06-18T12:39:11.660321+00:00,DION_001,231547,-0.23489413245386,SIMULATED,NORMAL
2026-06-18T12:39:11.670764+00:00,DION_001,231548,-0.22997687880881854,SIMULATED,NORMAL
2026-06-18T12:39:11.681290+00:00,DION_001,231549,-0.6602963570177363,SIMULATED,NORMAL
2026-06-18T12:39:11.691802+00:00,DION_001,231550,-0.3628303389672153,SIMULATED,NORMAL
2026-06-18T12:39:11.702207+00:00,DION_001,231551,-0.05392203939768503,SIMULATED,NORMAL
2026-06-18T12:39:11.712582+00:00,DION_001,231552,-0.4712854209263957,SIMULATED,NORMAL
2026-06-18T12:39:11.723005+00:00,DION_001,231553,-0.17476269478006723,SIMULATED,NORMAL
2026-06-18T12:39:11.733376+00:00,DION_001,231554,-0.06200190982644155,SIMULATED,NORMAL
2026-06-18T12:39:11.743734+00:00,DION_001,231555,-0.4618687745808189,SIMULATED,NORMAL
2026-06-18T12:39:11.754098+00:00,DION_001,231556,0.2168061662896364,SIMULATED,NORMAL
2026-06-18T12:39:11.764597+00:00,DION_001,231557,0.27910446564434777,SIMULATED,NORMAL
2026-06-18T12:39:11.774917+00:00,DION_001,231558,0.07868575567673286,SIMULATED,NORMAL
2026-06-18T12:39:11.785291+00:00,DION_001,231559,-0.04606008978429084,SIMULATED,NORMAL
2026-06-18T12:39:11.795521+00:00,DION_001,231560,-1.4229547282980928,SIMULATED,NORMAL
2026-06-18T12:39:11.805864+00:00,DION_001,231561,0.07069660521390156,SIMULATED,NORMAL
2026-06-18T12:39:11.816039+00:00,DION_001,231562,0.2572122578824523,SIMULATED,NORMAL
2026-06-18T12:39:11.826250+00:00,DION_001,231563,0.1961174670268081,SIMULATED,NORMAL
2026-06-18T12:39:11.836429+00:00,DION_001,231564,0.25715395867335256,SIMULATED,NORMAL
2026-06-18T12:39:11.846621+00:00,DION_001,231565,0.22860350199911364,SIMULATED,NORMAL
2026-06-18T12:39:11.856864+00:00,DION_001,231566,-0.10268906302927089,SIMULATED,NORMAL
2026-06-18T12:39:11.868854+00:00,DION_001,231567,0.03677300932798311,SIMULATED,NORMAL
2026-06-18T12:39:11.879060+00:00,DION_001,231568,0.253656392791885,SIMULATED,NORMAL
2026-06-18T12:39:11.889271+00:00,DION_001,231569,0.18890294651474887,SIMULATED,NORMAL
2026-06-18T12:39:11.899442+00:00,DION_001,231570,0.15092200966928448,SIMULATED,NORMAL
2026-06-18T12:39:11.909632+00:00,DION_001,231571,0.39611921192416477,SIMULATED,NORMAL
2026-06-18T12:39:11.919788+00:00,DION_001,231572,0.32972444860743605,SIMULATED,NORMAL
2026-06-18T12:39:11.930052+00:00,DION_001,231573,0.20670752132334963,SIMULATED,NORMAL
2026-06-18T12:39:11.940450+00:00,DION_001,231574,0.3782075291122209,SIMULATED,NORMAL
2026-06-18T12:39:11.950679+00:00,DION_001,231575,0.1622038443487564,SIMULATED,NORMAL
2026-06-18T12:39:11.961028+00:00,DION_001,231576,0.24416796012901526,SIMULATED,NORMAL
2026-06-18T12:39:11.971326+00:00,DION_001,231577,0.18808128439242403,SIMULATED,NORMAL
2026-06-18T12:39:11.981495+00:00,DION_001,231578,0.2416714194803384,SIMULATED,NORMAL
2026-06-18T12:39:11.991644+00:00,DION_001,231579,0.34123541663808776,SIMULATED,NORMAL
2026-06-18T12:39:12.001846+00:00,DION_001,231580,0.20647380453561354,SIMULATED,NORMAL
2026-06-18T12:39:12.012010+00:00,DION_001,231581,-0.09751826406175115,SIMULATED,NORMAL
2026-06-18T12:39:12.022127+00:00,DION_001,231582,0.3294372489811815,SIMULATED,NORMAL
2026-06-18T12:39:12.032371+00:00,DION_001,231583,0.0655559394696241,SIMULATED,NORMAL
2026-06-18T12:39:12.042573+00:00,DION_001,231584,0.14099038278427328,SIMULATED,NORMAL
2026-06-18T12:39:12.052828+00:00,DION_001,231585,0.24567191250829162,SIMULATED,NORMAL
2026-06-18T12:39:12.063091+00:00,DION_001,231586,0.2524999105854461,SIMULATED,NORMAL
2026-06-18T12:39:12.073398+00:00,DION_001,231587,0.3066794819799333,SIMULATED,NORMAL
2026-06-18T12:39:12.083647+00:00,DION_001,231588,0.20294535521604606,SIMULATED,NORMAL
2026-06-18T12:39:12.093955+00:00,DION_001,231589,0.18332080036106135,SIMULATED,NORMAL
2026-06-18T12:39:12.107588+00:00,DION_001,231590,-0.1389866154040592,SIMULATED,NORMAL
2026-06-18T12:39:12.117897+00:00,DION_001,231591,0.31475214751804026,SIMULATED,NORMAL
2026-06-18T12:39:12.128120+00:00,DION_001,231592,0.4390867139395004,SIMULATED,NORMAL
2026-06-18T12:39:12.138315+00:00,DION_001,231593,0.21172605914577064,SIMULATED,NORMAL
2026-06-18T12:39:12.148534+00:00,DION_001,231594,0.14355678976811032,SIMULATED,NORMAL
2026-06-18T12:39:12.158675+00:00,DION_001,231595,0.0170892068811656,SIMULATED,NORMAL
2026-06-18T12:39:12.168844+00:00,DION_001,231596,0.11140056996923658,SIMULATED,NORMAL
2026-06-18T12:39:12.179112+00:00,DION_001,231597,-0.07550930510782566,SIMULATED,NORMAL
2026-06-18T12:39:12.189305+00:00,DION_001,231598,0.004871849744434782,SIMULATED,NORMAL
2026-06-18T12:39:12.199497+00:00,DION_001,231599,-0.24206680433803818,SIMULATED,NORMAL
2026-06-18T12:39:12.209721+00:00,DION_001,231600,0.06608823914090298,SIMULATED,NORMAL
2026-06-18T12:39:12.219987+00:00,DION_001,231601,0.0918413106516742,SIMULATED,NORMAL
2026-06-18T12:39:12.230250+00:00,DION_001,231602,-0.21936393654181485,SIMULATED,NORMAL
2026-06-18T12:39:12.240507+00:00,DION_001,231603,-0.13568681825014772,SIMULATED,NORMAL
2026-06-18T12:39:12.250696+00:00,DION_001,231604,-0.24546966917178142,SIMULATED,NORMAL
2026-06-18T12:39:12.260924+00:00,DION_001,231605,-0.232848988215231,SIMULATED,NORMAL
2026-06-18T12:39:12.271177+00:00,DION_001,231606,-0.11015302065612315,SIMULATED,NORMAL
2026-06-18T12:39:12.281355+00:00,DION_001,231607,0.004683092756663607,SIMULATED,NORMAL
2026-06-18T12:39:12.291619+00:00,DION_001,231608,-0.3154400400056012,SIMULATED,NORMAL
2026-06-18T12:39:12.301925+00:00,DION_001,231609,-0.02581352163015134,SIMULATED,NORMAL
2026-06-18T12:39:12.312198+00:00,DION_001,231610,0.18202612039123225,SIMULATED,NORMAL
2026-06-18T12:39:12.323091+00:00,DION_001,231611,-0.1934264421243564,SIMULATED,NORMAL
2026-06-18T12:39:12.333585+00:00,DION_001,231612,-0.06688598787240942,SIMULATED,NORMAL
2026-06-18T12:39:12.343933+00:00,DION_001,231613,-0.21638353225136964,SIMULATED,NORMAL
2026-06-18T12:39:12.354815+00:00,DION_001,231614,0.41722265838511885,SIMULATED,NORMAL
2026-06-18T12:39:12.366541+00:00,DION_001,231615,-0.10321052268083838,SIMULATED,NORMAL
2026-06-18T12:39:12.376877+00:00,DION_001,231616,-0.0038242926842647906,SIMULATED,NORMAL
2026-06-18T12:39:12.387284+00:00,DION_001,231617,0.13162541191804547,SIMULATED,NORMAL
2026-06-18T12:39:12.397650+00:00,DION_001,231618,0.06074454956204156,SIMULATED,NORMAL
2026-06-18T12:39:12.407969+00:00,DION_001,231619,0.3828355583813229,SIMULATED,NORMAL
2026-06-18T12:39:12.418248+00:00,DION_001,231620,0.20426844618343093,SIMULATED,NORMAL
2026-06-18T12:39:12.428507+00:00,DION_001,231621,0.30654533618534735,SIMULATED,NORMAL
2026-06-18T12:39:12.438847+00:00,DION_001,231622,0.47539567692541834,SIMULATED,NORMAL
2026-06-18T12:39:12.449201+00:00,DION_001,231623,0.5404807179466252,SIMULATED,NORMAL
2026-06-18T12:39:12.459519+00:00,DION_001,231624,0.42536362355634383,SIMULATED,NORMAL
2026-06-18T12:39:12.469856+00:00,DION_001,231625,0.2521202714412919,SIMULATED,NORMAL
2026-06-18T12:39:12.480290+00:00,DION_001,231626,0.6780350202112692,SIMULATED,NORMAL
2026-06-18T12:39:12.490904+00:00,DION_001,231627,0.5273902817352449,SIMULATED,NORMAL
2026-06-18T12:39:12.501247+00:00,DION_001,231628,0.6356409825283504,SIMULATED,NORMAL
2026-06-18T12:39:12.511539+00:00,DION_001,231629,0.5571316378909266,SIMULATED,NORMAL
2026-06-18T12:39:12.521798+00:00,DION_001,231630,0.8006704688232678,SIMULATED,NORMAL
2026-06-18T12:39:12.532063+00:00,DION_001,231631,0.701495046785852,SIMULATED,NORMAL
2026-06-18T12:39:12.542312+00:00,DION_001,231632,0.8022404614286518,SIMULATED,NORMAL
2026-06-18T12:39:12.552572+00:00,DION_001,231633,0.7868436895976814,SIMULATED,NORMAL
2026-06-18T12:39:12.562778+00:00,DION_001,231634,1.016821221765231,SIMULATED,NORMAL
2026-06-18T12:39:12.573022+00:00,DION_001,231635,1.0660569575325776,SIMULATED,NORMAL
2026-06-18T12:39:12.583266+00:00,DION_001,231636,0.948506927588429,SIMULATED,NORMAL
2026-06-18T12:39:12.593542+00:00,DION_001,231637,0.9874900103608419,SIMULATED,NORMAL
2026-06-18T12:39:12.603770+00:00,DION_001,231638,0.8695481156850287,SIMULATED,NORMAL
2026-06-18T12:39:12.614014+00:00,DION_001,231639,0.8596388330021165,SIMULATED,NORMAL
2026-06-18T12:39:12.624354+00:00,DION_001,231640,1.0998386141012624,SIMULATED,NORMAL
2026-06-18T12:39:12.634653+00:00,DION_001,231641,1.1653017291926866,SIMULATED,NORMAL
2026-06-18T12:39:12.644910+00:00,DION_001,231642,1.2256148038000438,SIMULATED,NORMAL
2026-06-18T12:39:12.655141+00:00,DION_001,231643,0.9514313789790705,SIMULATED,NORMAL
2026-06-18T12:39:12.665396+00:00,DION_001,231644,1.1680574879683023,SIMULATED,NORMAL
2026-06-18T12:39:12.675706+00:00,DION_001,231645,1.1365969086422034,SIMULATED,NORMAL
2026-06-18T12:39:12.686015+00:00,DION_001,231646,1.0702956475508958,SIMULATED,NORMAL
2026-06-18T12:39:12.696547+00:00,DION_001,231647,0.8099824232078111,SIMULATED,NORMAL
2026-06-18T12:39:12.706917+00:00,DION_001,231648,1.0635964322646365,SIMULATED,NORMAL
2026-06-18T12:39:12.717274+00:00,DION_001,231649,0.9451161749007867,SIMULATED,NORMAL
2026-06-18T12:39:12.727618+00:00,DION_001,231650,0.9837025875705009,SIMULATED,NORMAL
2026-06-18T12:39:12.737984+00:00,DION_001,231651,1.1715624370294824,SIMULATED,NORMAL
2026-06-18T12:39:12.748635+00:00,DION_001,231652,1.23924126218982,SIMULATED,NORMAL
2026-06-18T12:39:12.759027+00:00,DION_001,231653,0.8078786708846184,SIMULATED,NORMAL
2026-06-18T12:39:12.769387+00:00,DION_001,231654,1.0569085845450117,SIMULATED,NORMAL
2026-06-18T12:39:12.779729+00:00,DION_001,231655,1.1813097500607617,SIMULATED,NORMAL
2026-06-18T12:39:12.790112+00:00,DION_001,231656,0.8012412468029413,SIMULATED,NORMAL
2026-06-18T12:39:12.800642+00:00,DION_001,231657,1.0542493793006054,SIMULATED,NORMAL
2026-06-18T12:39:12.810973+00:00,DION_001,231658,0.9661252506344478,SIMULATED,NORMAL
2026-06-18T12:39:12.821376+00:00,DION_001,231659,1.114183850256236,SIMULATED,NORMAL
2026-06-18T12:39:12.831689+00:00,DION_001,231660,1.1370774236514243,SIMULATED,NORMAL
2026-06-18T12:39:12.841987+00:00,DION_001,231661,1.0812349554063132,SIMULATED,NORMAL
2026-06-18T12:39:12.852186+00:00,DION_001,231662,1.03294202563348,SIMULATED,NORMAL
2026-06-18T12:39:12.862430+00:00,DION_001,231663,0.7638708446920621,SIMULATED,NORMAL
2026-06-18T12:39:12.872647+00:00,DION_001,231664,0.8893817694727721,SIMULATED,NORMAL
2026-06-18T12:39:12.882839+00:00,DION_001,231665,0.8396479277656962,SIMULATED,NORMAL
2026-06-18T12:39:12.893109+00:00,DION_001,231666,1.1707547985738147,SIMULATED,NORMAL
2026-06-18T12:39:12.903396+00:00,DION_001,231667,0.7114695542710772,SIMULATED,NORMAL
2026-06-18T12:39:12.913683+00:00,DION_001,231668,0.8253707397734988,SIMULATED,NORMAL
2026-06-18T12:39:12.923956+00:00,DION_001,231669,0.8330660301081472,SIMULATED,NORMAL
2026-06-18T12:39:12.934245+00:00,DION_001,231670,0.5396423194766196,SIMULATED,NORMAL
2026-06-18T12:39:12.944484+00:00,DION_001,231671,0.45369703317634336,SIMULATED,NORMAL
2026-06-18T12:39:12.954737+00:00,DION_001,231672,0.49202167226601023,SIMULATED,NORMAL
2026-06-18T12:39:12.965043+00:00,DION_001,231673,0.5694498114187796,SIMULATED,NORMAL
2026-06-18T12:39:12.975339+00:00,DION_001,231674,0.4475435537703897,SIMULATED,NORMAL
2026-06-18T12:39:12.985690+00:00,DION_001,231675,0.6587100346141775,SIMULATED,NORMAL
2026-06-18T12:39:12.996016+00:00,DION_001,231676,0.5749933163631141,SIMULATED,NORMAL
2026-06-18T12:39:13.006550+00:00,DION_001,231677,0.6421851748569785,SIMULATED,NORMAL
2026-06-18T12:39:13.016939+00:00,DION_001,231678,0.5992195866268847,SIMULATED,NORMAL
2026-06-18T12:39:13.027276+00:00,DION_001,231679,0.37991313993604553,SIMULATED,NORMAL
2026-06-18T12:39:13.037793+00:00,DION_001,231680,0.4756714780834835,SIMULATED,NORMAL
2026-06-18T12:39:13.048420+00:00,DION_001,231681,0.3378074055482133,SIMULATED,NORMAL
2026-06-18T12:39:13.058826+00:00,DION_001,231682,0.5967961511052504,SIMULATED,NORMAL
2026-06-18T12:39:13.069204+00:00,DION_001,231683,0.8525090364071699,SIMULATED,NORMAL
2026-06-18T12:39:13.079679+00:00,DION_001,231684,0.3475129372246949,SIMULATED,NORMAL
2026-06-18T12:39:13.090044+00:00,DION_001,231685,0.49625641314384156,SIMULATED,NORMAL
2026-06-18T12:39:13.100642+00:00,DION_001,231686,0.296343756253175,SIMULATED,NORMAL
2026-06-18T12:39:13.111185+00:00,DION_001,231687,0.3408124958737309,SIMULATED,NORMAL
2026-06-18T12:39:13.121609+00:00,DION_001,231688,0.20680837306426417,SIMULATED,NORMAL
2026-06-18T12:39:13.132026+00:00,DION_001,231689,0.11555749583176539,SIMULATED,NORMAL
2026-06-18T12:39:13.142531+00:00,DION_001,231690,0.29294263455037584,SIMULATED,NORMAL
2026-06-18T12:39:13.153019+00:00,DION_001,231691,0.09137948245515676,SIMULATED,NORMAL
2026-06-18T12:39:13.163379+00:00,DION_001,231692,0.5500129291752303,SIMULATED,NORMAL
2026-06-18T12:39:13.173828+00:00,DION_001,231693,0.3971289482376813,SIMULATED,NORMAL
2026-06-18T12:39:13.184542+00:00,DION_001,231694,0.523845822328056,SIMULATED,NORMAL
2026-06-18T12:39:13.195017+00:00,DION_001,231695,0.42214264213185904,SIMULATED,NORMAL
2026-06-18T12:39:13.205442+00:00,DION_001,231696,0.3103220480986497,SIMULATED,NORMAL
2026-06-18T12:39:13.215785+00:00,DION_001,231697,0.5237905716319645,SIMULATED,NORMAL
2026-06-18T12:39:13.226253+00:00,DION_001,231698,0.6581694876036738,SIMULATED,NORMAL
2026-06-18T12:39:13.236645+00:00,DION_001,231699,0.503035334528819,SIMULATED,NORMAL
2026-06-18T12:39:13.247055+00:00,DION_001,231700,0.38751262304282375,SIMULATED,NORMAL
2026-06-18T12:39:13.257439+00:00,DION_001,231701,0.3858532751609062,SIMULATED,NORMAL
2026-06-18T12:39:13.267815+00:00,DION_001,231702,0.21850285957475346,SIMULATED,NORMAL
2026-06-18T12:39:13.278286+00:00,DION_001,231703,0.72694167674374,SIMULATED,NORMAL
2026-06-18T12:39:13.288727+00:00,DION_001,231704,0.6005170633042791,SIMULATED,NORMAL
2026-06-18T12:39:13.299090+00:00,DION_001,231705,0.8764698390232628,SIMULATED,NORMAL
2026-06-18T12:39:13.309532+00:00,DION_001,231706,0.5617727249177155,SIMULATED,NORMAL
2026-06-18T12:39:13.319861+00:00,DION_001,231707,0.5657359480692663,SIMULATED,NORMAL
2026-06-18T12:39:13.330254+00:00,DION_001,231708,0.8335935911022063,SIMULATED,NORMAL
2026-06-18T12:39:13.340577+00:00,DION_001,231709,0.8127606725041754,SIMULATED,NORMAL
2026-06-18T12:39:13.350871+00:00,DION_001,231710,0.7264923463336852,SIMULATED,NORMAL
2026-06-18T12:39:13.361258+00:00,DION_001,231711,0.9610624784668238,SIMULATED,NORMAL
2026-06-18T12:39:13.371643+00:00,DION_001,231712,0.8824711202710838,SIMULATED,NORMAL
2026-06-18T12:39:13.382108+00:00,DION_001,231713,0.9664199158647148,SIMULATED,NORMAL
2026-06-18T12:39:13.392615+00:00,DION_001,231714,0.6902791925858639,SIMULATED,NORMAL
2026-06-18T12:39:13.402954+00:00,DION_001,231715,0.6527167806618599,SIMULATED,NORMAL
2026-06-18T12:39:13.413280+00:00,DION_001,231716,0.745692743183701,SIMULATED,NORMAL
2026-06-18T12:39:13.423675+00:00,DION_001,231717,1.0215820575970083,SIMULATED,NORMAL
2026-06-18T12:39:13.434067+00:00,DION_001,231718,1.191224218166679,SIMULATED,NORMAL
2026-06-18T12:39:13.444532+00:00,DION_001,231719,0.9089605124117104,SIMULATED,NORMAL
2026-06-18T12:39:13.454924+00:00,DION_001,231720,0.795161345173243,SIMULATED,NORMAL
2026-06-18T12:39:13.465355+00:00,DION_001,231721,1.0165277720255745,SIMULATED,NORMAL
2026-06-18T12:39:13.475699+00:00,DION_001,231722,0.9356202930267693,SIMULATED,NORMAL
2026-06-18T12:39:13.486104+00:00,DION_001,231723,1.00010550561689,SIMULATED,NORMAL
2026-06-18T12:39:13.496563+00:00,DION_001,231724,0.9879081140441434,SIMULATED,NORMAL
2026-06-18T12:39:13.506913+00:00,DION_001,231725,1.133877621287453,SIMULATED,NORMAL
2026-06-18T12:39:13.517204+00:00,DION_001,231726,0.8813768895197944,SIMULATED,NORMAL
2026-06-18T12:39:13.527426+00:00,DION_001,231727,1.058943850293863,SIMULATED,NORMAL
2026-06-18T12:39:13.537701+00:00,DION_001,231728,1.1088526654994162,SIMULATED,NORMAL
2026-06-18T12:39:13.547890+00:00,DION_001,231729,0.9042750286134162,SIMULATED,NORMAL
2026-06-18T12:39:13.558102+00:00,DION_001,231730,0.9466432505113069,SIMULATED,NORMAL
2026-06-18T12:39:13.568417+00:00,DION_001,231731,0.9227978138411855,SIMULATED,NORMAL
2026-06-18T12:39:13.578613+00:00,DION_001,231732,0.7906872646124393,SIMULATED,NORMAL
2026-06-18T12:39:13.588781+00:00,DION_001,231733,3.5740789803987867,SIMULATED,EVENT_DETECTED
2026-06-18T12:39:13.599296+00:00,DION_001,231734,0.8564600042977726,SIMULATED,NORMAL
2026-06-18T12:39:13.609515+00:00,DION_001,231735,0.7218461697168355,SIMULATED,NORMAL
2026-06-18T12:39:13.619726+00:00,DION_001,231736,0.5807248076096106,SIMULATED,NORMAL
2026-06-18T12:39:13.629915+00:00,DION_001,231737,0.5012846954680062,SIMULATED,NORMAL
2026-06-18T12:39:13.640088+00:00,DION_001,231738,0.5983936321801714,SIMULATED,NORMAL
2026-06-18T12:39:13.650291+00:00,DION_001,231739,0.9196646775311318,SIMULATED,NORMAL
2026-06-18T12:39:13.660537+00:00,DION_001,231740,0.5339924912815118,SIMULATED,NORMAL
2026-06-18T12:39:13.670935+00:00,DION_001,231741,0.5861108987837209,SIMULATED,NORMAL
2026-06-18T12:39:13.681343+00:00,DION_001,231742,0.6107636122867653,SIMULATED,NORMAL
2026-06-18T12:39:13.691715+00:00,DION_001,231743,0.6746251789720323,SIMULATED,NORMAL
2026-06-18T12:39:13.702057+00:00,DION_001,231744,0.7396778760122855,SIMULATED,NORMAL
2026-06-18T12:39:13.712574+00:00,DION_001,231745,0.5500513089385337,SIMULATED,NORMAL
2026-06-18T12:39:13.723259+00:00,DION_001,231746,0.2631768614244513,SIMULATED,NORMAL
2026-06-18T12:39:13.733716+00:00,DION_001,231747,0.4910553081291823,SIMULATED,NORMAL
2026-06-18T12:39:13.744072+00:00,DION_001,231748,0.2981144034201042,SIMULATED,NORMAL
2026-06-18T12:39:13.754508+00:00,DION_001,231749,0.3805574385958925,SIMULATED,NORMAL
2026-06-18T12:39:13.764851+00:00,DION_001,231750,0.1681705819894624,SIMULATED,NORMAL
2026-06-18T12:39:13.775253+00:00,DION_001,231751,0.213556157226271,SIMULATED,NORMAL
2026-06-18T12:39:13.785648+00:00,DION_001,231752,0.002818107162533001,SIMULATED,NORMAL
2026-06-18T12:39:13.796033+00:00,DION_001,231753,0.12248396569769064,SIMULATED,NORMAL
2026-06-18T12:39:13.806470+00:00,DION_001,231754,-0.03831760676820341,SIMULATED,NORMAL
2026-06-18T12:39:13.816837+00:00,DION_001,231755,0.15085945455028424,SIMULATED,NORMAL
2026-06-18T12:39:13.827296+00:00,DION_001,231756,-0.12192257535970952,SIMULATED,NORMAL
2026-06-18T12:39:13.837940+00:00,DION_001,231757,-0.10961802433777225,SIMULATED,NORMAL
2026-06-18T12:39:13.848722+00:00,DION_001,231758,0.13305113929228282,SIMULATED,NORMAL
2026-06-18T12:39:13.859145+00:00,DION_001,231759,-0.2187926799646252,SIMULATED,NORMAL
2026-06-18T12:39:13.869559+00:00,DION_001,231760,-0.27378833250572354,SIMULATED,NORMAL
2026-06-18T12:39:13.880039+00:00,DION_001,231761,-0.13044677053855747,SIMULATED,NORMAL
2026-06-18T12:39:13.890349+00:00,DION_001,231762,-0.31172986219619797,SIMULATED,NORMAL
2026-06-18T12:39:13.900628+00:00,DION_001,231763,0.03416329095094567,SIMULATED,NORMAL
2026-06-18T12:39:13.911036+00:00,DION_001,231764,-0.23172995988790276,SIMULATED,NORMAL
2026-06-18T12:39:13.921433+00:00,DION_001,231765,-0.1388828511219412,SIMULATED,NORMAL
2026-06-18T12:39:13.931765+00:00,DION_001,231766,-0.33156911642667286,SIMULATED,NORMAL
2026-06-18T12:39:13.942205+00:00,DION_001,231767,-0.2891282334149773,SIMULATED,NORMAL
2026-06-18T12:39:13.952621+00:00,DION_001,231768,-0.547715618719327,SIMULATED,NORMAL
2026-06-18T12:39:13.963155+00:00,DION_001,231769,-0.1839617663944717,SIMULATED,NORMAL
2026-06-18T12:39:13.973532+00:00,DION_001,231770,-0.5177927773312788,SIMULATED,NORMAL
2026-06-18T12:39:13.984068+00:00,DION_001,231771,-0.2411349079181247,SIMULATED,NORMAL
2026-06-18T12:39:13.994609+00:00,DION_001,231772,-0.4179757469739481,SIMULATED,NORMAL
2026-06-18T12:39:14.005013+00:00,DION_001,231773,-0.5154651741077512,SIMULATED,NORMAL
2026-06-18T12:39:14.015438+00:00,DION_001,231774,-0.45080603750767145,SIMULATED,NORMAL
2026-06-18T12:39:14.025835+00:00,DION_001,231775,-0.7389395477192127,SIMULATED,NORMAL
2026-06-18T12:39:14.036225+00:00,DION_001,231776,-0.6430881784512361,SIMULATED,NORMAL
2026-06-18T12:39:14.046817+00:00,DION_001,231777,-0.32840212376229494,SIMULATED,NORMAL
2026-06-18T12:39:14.057208+00:00,DION_001,231778,-0.3601564149675315,SIMULATED,NORMAL
2026-06-18T12:39:14.067597+00:00,DION_001,231779,-0.5709463889859079,SIMULATED,NORMAL
2026-06-18T12:39:14.077983+00:00,DION_001,231780,-0.4389411377804171,SIMULATED,NORMAL
2026-06-18T12:39:14.088575+00:00,DION_001,231781,-0.08278579781861534,SIMULATED,NORMAL
2026-06-18T12:39:14.098911+00:00,DION_001,231782,-0.3589155513832077,SIMULATED,NORMAL
2026-06-18T12:39:14.109265+00:00,DION_001,231783,1.562618095033276,SIMULATED,NORMAL
2026-06-18T12:39:14.119710+00:00,DION_001,231784,-0.15602233837441898,SIMULATED,NORMAL
2026-06-18T12:39:14.129923+00:00,DION_001,231785,0.1082978569867537,SIMULATED,NORMAL
2026-06-18T12:39:14.140122+00:00,DION_001,231786,-0.6584883484152819,SIMULATED,NORMAL
2026-06-18T12:39:14.150278+00:00,DION_001,231787,-0.09664367261386686,SIMULATED,NORMAL
2026-06-18T12:39:14.160453+00:00,DION_001,231788,-0.3579785925021294,SIMULATED,NORMAL
2026-06-18T12:39:14.170657+00:00,DION_001,231789,0.03465724759445382,SIMULATED,NORMAL
2026-06-18T12:39:14.180812+00:00,DION_001,231790,-0.20283634089464456,SIMULATED,NORMAL
2026-06-18T12:39:14.190975+00:00,DION_001,231791,-0.4090579075431622,SIMULATED,NORMAL
2026-06-18T12:39:14.201197+00:00,DION_001,231792,-0.26840311051641924,SIMULATED,NORMAL
2026-06-18T12:39:14.211407+00:00,DION_001,231793,-0.19800738245435703,SIMULATED,NORMAL
2026-06-18T12:39:14.221580+00:00,DION_001,231794,0.016528856097779043,SIMULATED,NORMAL
2026-06-18T12:39:14.231803+00:00,DION_001,231795,-0.08172713995746109,SIMULATED,NORMAL
2026-06-18T12:39:14.241992+00:00,DION_001,231796,-0.1806568687281611,SIMULATED,NORMAL
2026-06-18T12:39:14.252143+00:00,DION_001,231797,-0.0044833231521786004,SIMULATED,NORMAL
2026-06-18T12:39:14.262306+00:00,DION_001,231798,-0.12495616826142956,SIMULATED,NORMAL
2026-06-18T12:39:14.272517+00:00,DION_001,231799,-0.055341378860732156,SIMULATED,NORMAL
2026-06-18T12:39:14.282704+00:00,DION_001,231800,-0.11525893179360933,SIMULATED,NORMAL
2026-06-18T12:39:14.292922+00:00,DION_001,231801,-0.0535838823446691,SIMULATED,NORMAL
2026-06-18T12:39:14.303085+00:00,DION_001,231802,0.0136121562322929,SIMULATED,NORMAL
2026-06-18T12:39:14.313306+00:00,DION_001,231803,0.013033573742255729,SIMULATED,NORMAL
2026-06-18T12:39:14.323740+00:00,DION_001,231804,-0.01271718288300026,SIMULATED,NORMAL
2026-06-18T12:39:14.334062+00:00,DION_001,231805,-0.013864140593738191,SIMULATED,NORMAL
2026-06-18T12:39:14.344394+00:00,DION_001,231806,0.03270414486272783,SIMULATED,NORMAL
2026-06-18T12:39:14.354609+00:00,DION_001,231807,-0.2353487157023917,SIMULATED,NORMAL
2026-06-18T12:39:14.364828+00:00,DION_001,231808,0.1957296546027405,SIMULATED,NORMAL
2026-06-18T12:39:14.375029+00:00,DION_001,231809,-0.020153009224973643,SIMULATED,NORMAL
2026-06-18T12:39:14.385345+00:00,DION_001,231810,-0.23416771520709256,SIMULATED,NORMAL
2026-06-18T12:39:14.395579+00:00,DION_001,231811,-0.013041908389714349,SIMULATED,NORMAL
2026-06-18T12:39:14.405784+00:00,DION_001,231812,0.12465537883172273,SIMULATED,NORMAL
2026-06-18T12:39:14.416005+00:00,DION_001,231813,-0.21504698883839402,SIMULATED,NORMAL
2026-06-18T12:39:14.426348+00:00,DION_001,231814,-0.2826474794956612,SIMULATED,NORMAL
2026-06-18T12:39:14.436657+00:00,DION_001,231815,0.15315873435917005,SIMULATED,NORMAL
2026-06-18T12:39:14.446985+00:00,DION_001,231816,0.027384048443319847,SIMULATED,NORMAL
2026-06-18T12:39:14.457272+00:00,DION_001,231817,-0.22098983996341393,SIMULATED,NORMAL
2026-06-18T12:39:14.467478+00:00,DION_001,231818,0.053092821837899595,SIMULATED,NORMAL
2026-06-18T12:39:14.477727+00:00,DION_001,231819,-0.11223982774708469,SIMULATED,NORMAL
2026-06-18T12:39:14.488066+00:00,DION_001,231820,-0.10108006753646154,SIMULATED,NORMAL
2026-06-18T12:39:14.498323+00:00,DION_001,231821,-0.19536127139745568,SIMULATED,NORMAL
2026-06-18T12:39:14.508594+00:00,DION_001,231822,-0.10750528967875023,SIMULATED,NORMAL
2026-06-18T12:39:14.518867+00:00,DION_001,231823,-0.4933217892638777,SIMULATED,NORMAL
2026-06-18T12:39:14.529197+00:00,DION_001,231824,-0.46586517834348534,SIMULATED,NORMAL
2026-06-18T12:39:14.539455+00:00,DION_001,231825,-0.3394404068627631,SIMULATED,NORMAL
2026-06-18T12:39:14.549720+00:00,DION_001,231826,-0.4835200183581062,SIMULATED,NORMAL
2026-06-18T12:39:14.560078+00:00,DION_001,231827,-0.7571455594934504,SIMULATED,NORMAL
2026-06-18T12:39:14.570495+00:00,DION_001,231828,-0.6420884566730226,SIMULATED,NORMAL
2026-06-18T12:39:14.580950+00:00,DION_001,231829,-0.8165466176276983,SIMULATED,NORMAL
2026-06-18T12:39:14.591503+00:00,DION_001,231830,-0.624455864968757,SIMULATED,NORMAL
2026-06-18T12:39:14.601900+00:00,DION_001,231831,-0.73275658775027,SIMULATED,NORMAL
2026-06-18T12:39:14.612799+00:00,DION_001,231832,-1.087655228151083,SIMULATED,NORMAL
2026-06-18T12:39:14.623248+00:00,DION_001,231833,-0.6272220001778781,SIMULATED,NORMAL
2026-06-18T12:39:14.633602+00:00,DION_001,231834,-0.7361199557020335,SIMULATED,NORMAL
2026-06-18T12:39:14.643945+00:00,DION_001,231835,-0.6928311219436977,SIMULATED,NORMAL
2026-06-18T12:39:14.654277+00:00,DION_001,231836,-0.8820306365801962,SIMULATED,NORMAL
2026-06-18T12:39:14.664552+00:00,DION_001,231837,-1.0113737723691298,SIMULATED,NORMAL
2026-06-18T12:39:14.674975+00:00,DION_001,231838,-0.9729957660432288,SIMULATED,NORMAL
2026-06-18T12:39:14.685352+00:00,DION_001,231839,-0.9276513312504461,SIMULATED,NORMAL
2026-06-18T12:39:14.695813+00:00,DION_001,231840,-0.9670760649081047,SIMULATED,NORMAL
2026-06-18T12:39:14.706267+00:00,DION_001,231841,-1.16087611843667,SIMULATED,NORMAL
2026-06-18T12:39:14.716771+00:00,DION_001,231842,-0.9004086074560722,SIMULATED,NORMAL
2026-06-18T12:39:14.727233+00:00,DION_001,231843,-1.0515329358863297,SIMULATED,NORMAL
2026-06-18T12:39:14.737590+00:00,DION_001,231844,-1.1626614724715882,SIMULATED,NORMAL
2026-06-18T12:39:14.747962+00:00,DION_001,231845,-1.036143400710079,SIMULATED,NORMAL
2026-06-18T12:39:14.758410+00:00,DION_001,231846,-0.9625736673670579,SIMULATED,NORMAL
2026-06-18T12:39:14.768834+00:00,DION_001,231847,-1.4330289611842364,SIMULATED,NORMAL
2026-06-18T12:39:14.779388+00:00,DION_001,231848,-1.1798309562922231,SIMULATED,NORMAL
2026-06-18T12:39:14.789818+00:00,DION_001,231849,-1.0907445477603368,SIMULATED,NORMAL
2026-06-18T12:39:14.800220+00:00,DION_001,231850,-1.3368374897473925,SIMULATED,NORMAL
2026-06-18T12:39:14.810572+00:00,DION_001,231851,-1.039318895034301,SIMULATED,NORMAL
2026-06-18T12:39:14.820981+00:00,DION_001,231852,-1.068762640248176,SIMULATED,NORMAL
2026-06-18T12:39:14.831405+00:00,DION_001,231853,-1.2517892743187438,SIMULATED,NORMAL
2026-06-18T12:39:14.841842+00:00,DION_001,231854,-1.475634517013183,SIMULATED,NORMAL
2026-06-18T12:39:14.852273+00:00,DION_001,231855,-1.1353535892895494,SIMULATED,NORMAL
2026-06-18T12:39:14.862680+00:00,DION_001,231856,-0.8328952097161164,SIMULATED,NORMAL
2026-06-18T12:39:14.873166+00:00,DION_001,231857,-1.0564096579108406,SIMULATED,NORMAL
2026-06-18T12:39:14.883652+00:00,DION_001,231858,-1.1314692975245864,SIMULATED,NORMAL
2026-06-18T12:39:14.894419+00:00,DION_001,231859,-1.114698913173906,SIMULATED,NORMAL
2026-06-18T12:39:14.905072+00:00,DION_001,231860,-0.8769902444606358,SIMULATED,NORMAL
2026-06-18T12:39:14.915523+00:00,DION_001,231861,-0.9557357008107851,SIMULATED,NORMAL
2026-06-18T12:39:14.925817+00:00,DION_001,231862,-1.065563813416669,SIMULATED,NORMAL
2026-06-18T12:39:14.936096+00:00,DION_001,231863,-1.0593853094738697,SIMULATED,NORMAL
2026-06-18T12:39:14.946433+00:00,DION_001,231864,-0.847585251208151,SIMULATED,NORMAL
2026-06-18T12:39:14.956778+00:00,DION_001,231865,-1.143422610045085,SIMULATED,NORMAL
2026-06-18T12:39:14.967064+00:00,DION_001,231866,-0.9903794918236667,SIMULATED,NORMAL
2026-06-18T12:39:14.977555+00:00,DION_001,231867,-0.9637808319337312,SIMULATED,NORMAL
2026-06-18T12:39:14.987961+00:00,DION_001,231868,-1.003174364113922,SIMULATED,NORMAL
2026-06-18T12:39:14.998447+00:00,DION_001,231869,-1.027886499555475,SIMULATED,NORMAL
2026-06-18T12:39:15.009097+00:00,DION_001,231870,-2.797360747370363,SIMULATED,EVENT_DETECTED
2026-06-18T12:39:15.019843+00:00,DION_001,231871,-0.5766805383253666,SIMULATED,NORMAL
2026-06-18T12:39:15.030369+00:00,DION_001,231872,-0.6857174656176807,SIMULATED,NORMAL
2026-06-18T12:39:15.040891+00:00,DION_001,231873,-0.5451812226210121,SIMULATED,NORMAL
2026-06-18T12:39:15.051421+00:00,DION_001,231874,-0.8792038454838622,SIMULATED,NORMAL
2026-06-18T12:39:15.061952+00:00,DION_001,231875,-0.6778301398628723,SIMULATED,NORMAL
2026-06-18T12:39:15.072508+00:00,DION_001,231876,-0.6410847098916804,SIMULATED,NORMAL
2026-06-18T12:39:15.082996+00:00,DION_001,231877,-0.6160647642826025,SIMULATED,NORMAL
2026-06-18T12:39:15.093430+00:00,DION_001,231878,-0.25531060907984704,SIMULATED,NORMAL
2026-06-18T12:39:15.103855+00:00,DION_001,231879,-0.6860285228583144,SIMULATED,NORMAL
2026-06-18T12:39:15.114344+00:00,DION_001,231880,-0.4700157479938758,SIMULATED,NORMAL
2026-06-18T12:39:15.124770+00:00,DION_001,231881,-0.45827850396587977,SIMULATED,NORMAL
2026-06-18T12:39:15.135311+00:00,DION_001,231882,-0.5154305963277889,SIMULATED,NORMAL
2026-06-18T12:39:15.145734+00:00,DION_001,231883,-0.4004248180172946,SIMULATED,NORMAL
2026-06-18T12:39:15.156213+00:00,DION_001,231884,-0.5734777061574151,SIMULATED,NORMAL
2026-06-18T12:39:15.166826+00:00,DION_001,231885,-0.24888851511433366,SIMULATED,NORMAL
2026-06-18T12:39:15.177316+00:00,DION_001,231886,-0.0739632273566968,SIMULATED,NORMAL
2026-06-18T12:39:15.187796+00:00,DION_001,231887,-0.3712740667570362,SIMULATED,NORMAL
2026-06-18T12:39:15.198441+00:00,DION_001,231888,-0.2898631875233053,SIMULATED,NORMAL
2026-06-18T12:39:15.209557+00:00,DION_001,231889,-0.3645964977512151,SIMULATED,NORMAL
2026-06-18T12:39:15.220188+00:00,DION_001,231890,-0.49569348255129475,SIMULATED,NORMAL
2026-06-18T12:39:15.230673+00:00,DION_001,231891,-0.5990798536186884,SIMULATED,NORMAL
2026-06-18T12:39:15.241073+00:00,DION_001,231892,-0.2354301605442119,SIMULATED,NORMAL
2026-06-18T12:39:15.251622+00:00,DION_001,231893,-0.37077327636687524,SIMULATED,NORMAL
2026-06-18T12:39:15.262108+00:00,DION_001,231894,-0.6078987225814789,SIMULATED,NORMAL
2026-06-18T12:39:15.272764+00:00,DION_001,231895,-0.09515526301019939,SIMULATED,NORMAL
2026-06-18T12:39:15.283235+00:00,DION_001,231896,-0.13185463316740342,SIMULATED,NORMAL
2026-06-18T12:39:15.293726+00:00,DION_001,231897,-0.3848887318239744,SIMULATED,NORMAL
2026-06-18T12:39:15.304395+00:00,DION_001,231898,-0.14405835197640104,SIMULATED,NORMAL
2026-06-18T12:39:15.314892+00:00,DION_001,231899,-0.3987162270170211,SIMULATED,NORMAL
2026-06-18T12:39:15.325474+00:00,DION_001,231900,-0.3171752351275139,SIMULATED,NORMAL
2026-06-18T12:39:15.335873+00:00,DION_001,231901,-0.40168482762091706,SIMULATED,NORMAL
2026-06-18T12:39:15.346371+00:00,DION_001,231902,-0.4005549761796612,SIMULATED,NORMAL
2026-06-18T12:39:15.356965+00:00,DION_001,231903,-0.32999608788518797,SIMULATED,NORMAL
2026-06-18T12:39:15.367487+00:00,DION_001,231904,-0.5619614522687988,SIMULATED,NORMAL
2026-06-18T12:39:15.377952+00:00,DION_001,231905,-0.5451309949168138,SIMULATED,NORMAL
2026-06-18T12:39:15.388442+00:00,DION_001,231906,-0.389439662862734,SIMULATED,NORMAL
2026-06-18T12:39:15.398790+00:00,DION_001,231907,-0.465361757477509,SIMULATED,NORMAL
2026-06-18T12:39:15.409114+00:00,DION_001,231908,-0.4844037159569775,SIMULATED,NORMAL
2026-06-18T12:39:15.419376+00:00,DION_001,231909,-0.5747316235151265,SIMULATED,NORMAL
2026-06-18T12:39:15.429751+00:00,DION_001,231910,-0.8568506101428097,SIMULATED,NORMAL
2026-06-18T12:39:15.440242+00:00,DION_001,231911,-0.8686721961270701,SIMULATED,NORMAL
2026-06-18T12:39:15.450671+00:00,DION_001,231912,-0.7416626545558213,SIMULATED,NORMAL
2026-06-18T12:39:15.461058+00:00,DION_001,231913,-0.7630726300767423,SIMULATED,NORMAL
2026-06-18T12:39:15.471469+00:00,DION_001,231914,-0.8360376942981916,SIMULATED,NORMAL
2026-06-18T12:39:15.481991+00:00,DION_001,231915,-0.56363492087975,SIMULATED,NORMAL
2026-06-18T12:39:15.492414+00:00,DION_001,231916,-0.9596535580145988,SIMULATED,NORMAL
2026-06-18T12:39:15.503267+00:00,DION_001,231917,-0.6581761649607474,SIMULATED,NORMAL
2026-06-18T12:39:15.513716+00:00,DION_001,231918,-0.7757374199689399,SIMULATED,NORMAL
2026-06-18T12:39:15.524134+00:00,DION_001,231919,-1.098078014397232,SIMULATED,NORMAL
2026-06-18T12:39:15.534582+00:00,DION_001,231920,-0.9268624812647015,SIMULATED,NORMAL
2026-06-18T12:39:15.544885+00:00,DION_001,231921,-0.6296427399991151,SIMULATED,NORMAL
2026-06-18T12:39:15.555392+00:00,DION_001,231922,-0.8426659852245497,SIMULATED,NORMAL
2026-06-18T12:39:15.565841+00:00,DION_001,231923,-0.9400230304602833,SIMULATED,NORMAL
2026-06-18T12:39:15.576254+00:00,DION_001,231924,-3.574580982483573,SIMULATED,EVENT_DETECTED
2026-06-18T12:39:15.586747+00:00,DION_001,231925,-0.6699869594323319,SIMULATED,NORMAL
2026-06-18T12:39:15.597276+00:00,DION_001,231926,-0.846185587377033,SIMULATED,NORMAL
2026-06-18T12:39:15.607694+00:00,DION_001,231927,-0.746124621298527,SIMULATED,NORMAL
2026-06-18T12:39:15.618201+00:00,DION_001,231928,-0.7442024346232152,SIMULATED,NORMAL
2026-06-18T12:39:15.628499+00:00,DION_001,231929,-0.9231864394128059,SIMULATED,NORMAL
2026-06-18T12:39:15.638968+00:00,DION_001,231930,-0.8670580127594573,SIMULATED,NORMAL
2026-06-18T12:39:15.649482+00:00,DION_001,231931,-0.7139486094125083,SIMULATED,NORMAL
2026-06-18T12:39:15.660192+00:00,DION_001,231932,-0.7852240799210781,SIMULATED,NORMAL
2026-06-18T12:39:15.670688+00:00,DION_001,231933,-0.5017417508624732,SIMULATED,NORMAL
2026-06-18T12:39:15.681139+00:00,DION_001,231934,-0.7499082922341427,SIMULATED,NORMAL
2026-06-18T12:39:15.691733+00:00,DION_001,231935,-0.6455866078040358,SIMULATED,NORMAL
2026-06-18T12:39:15.702348+00:00,DION_001,231936,-0.5564125973843034,SIMULATED,NORMAL
2026-06-18T12:39:15.712935+00:00,DION_001,231937,-0.5012471182891314,SIMULATED,NORMAL
2026-06-18T12:39:15.723464+00:00,DION_001,231938,-0.5820713194394203,SIMULATED,NORMAL
2026-06-18T12:39:15.733932+00:00,DION_001,231939,-0.560121420111013,SIMULATED,NORMAL
2026-06-18T12:39:15.744653+00:00,DION_001,231940,-0.5908494329423207,SIMULATED,NORMAL
2026-06-18T12:39:15.755693+00:00,DION_001,231941,-0.7740405871331619,SIMULATED,NORMAL
2026-06-18T12:39:15.766123+00:00,DION_001,231942,-0.3506836368853242,SIMULATED,NORMAL
2026-06-18T12:39:15.776841+00:00,DION_001,231943,-0.747560428548578,SIMULATED,NORMAL
2026-06-18T12:39:15.787369+00:00,DION_001,231944,-0.48462383065307707,SIMULATED,NORMAL
2026-06-18T12:39:15.797770+00:00,DION_001,231945,-0.4173131260758002,SIMULATED,NORMAL
2026-06-18T12:39:15.808323+00:00,DION_001,231946,-0.3095938499853303,SIMULATED,NORMAL
2026-06-18T12:39:15.818874+00:00,DION_001,231947,-0.3355141141618788,SIMULATED,NORMAL
2026-06-18T12:39:15.829327+00:00,DION_001,231948,-0.17723111622263105,SIMULATED,NORMAL
2026-06-18T12:39:15.839720+00:00,DION_001,231949,-0.10825510875455545,SIMULATED,NORMAL
2026-06-18T12:39:15.850248+00:00,DION_001,231950,-0.224846731327151,SIMULATED,NORMAL
2026-06-18T12:39:15.860732+00:00,DION_001,231951,-0.07171882750510125,SIMULATED,NORMAL
2026-06-18T12:39:15.871151+00:00,DION_001,231952,0.09573564963763723,SIMULATED,NORMAL
2026-06-18T12:39:15.881580+00:00,DION_001,231953,0.07538941372828925,SIMULATED,NORMAL
2026-06-18T12:39:15.892001+00:00,DION_001,231954,0.09567078086310851,SIMULATED,NORMAL
2026-06-18T12:39:15.902242+00:00,DION_001,231955,0.21265215754694047,SIMULATED,NORMAL
2026-06-18T12:39:15.912505+00:00,DION_001,231956,-0.008769657332560674,SIMULATED,NORMAL
2026-06-18T12:39:15.922909+00:00,DION_001,231957,0.17078896293695578,SIMULATED,NORMAL
2026-06-18T12:39:15.933301+00:00,DION_001,231958,0.23807189422379588,SIMULATED,NORMAL
2026-06-18T12:39:15.943852+00:00,DION_001,231959,0.26115672541129076,SIMULATED,NORMAL
2026-06-18T12:39:15.954341+00:00,DION_001,231960,0.049193363162496284,SIMULATED,NORMAL
2026-06-18T12:39:15.964738+00:00,DION_001,231961,0.23301487147978317,SIMULATED,NORMAL
2026-06-18T12:39:15.975072+00:00,DION_001,231962,0.36821841296329744,SIMULATED,NORMAL
2026-06-18T12:39:15.985557+00:00,DION_001,231963,0.3388606682018357,SIMULATED,NORMAL
2026-06-18T12:39:15.995900+00:00,DION_001,231964,0.20797593236617282,SIMULATED,NORMAL
2026-06-18T12:39:16.006263+00:00,DION_001,231965,0.10952751341967848,SIMULATED,NORMAL
2026-06-18T12:39:16.016673+00:00,DION_001,231966,0.3342512172032856,SIMULATED,NORMAL
2026-06-18T12:39:16.027023+00:00,DION_001,231967,0.06602863089772543,SIMULATED,NORMAL
2026-06-18T12:39:16.037466+00:00,DION_001,231968,0.2416339494956434,SIMULATED,NORMAL
2026-06-18T12:39:16.047833+00:00,DION_001,231969,0.4254665820334399,SIMULATED,NORMAL
2026-06-18T12:39:16.058219+00:00,DION_001,231970,0.456714889483988,SIMULATED,NORMAL
2026-06-18T12:39:16.068669+00:00,DION_001,231971,0.531692080870817,SIMULATED,NORMAL
2026-06-18T12:39:16.079356+00:00,DION_001,231972,0.7361319191119438,SIMULATED,NORMAL
2026-06-18T12:39:16.089846+00:00,DION_001,231973,0.21931274590550992,SIMULATED,NORMAL
2026-06-18T12:39:16.100183+00:00,DION_001,231974,0.5062433250303557,SIMULATED,NORMAL
2026-06-18T12:39:16.110599+00:00,DION_001,231975,0.23097657646256653,SIMULATED,NORMAL
2026-06-18T12:39:16.121145+00:00,DION_001,231976,0.37808648800852096,SIMULATED,NORMAL
2026-06-18T12:39:16.131685+00:00,DION_001,231977,0.5456995981817379,SIMULATED,NORMAL
2026-06-18T12:39:16.142241+00:00,DION_001,231978,0.4671592594983179,SIMULATED,NORMAL
2026-06-18T12:39:16.152921+00:00,DION_001,231979,0.5619601029609239,SIMULATED,NORMAL
2026-06-18T12:39:16.163410+00:00,DION_001,231980,0.5312874296863941,SIMULATED,NORMAL
2026-06-18T12:39:16.174119+00:00,DION_001,231981,0.38261084552709207,SIMULATED,NORMAL
2026-06-18T12:39:16.184888+00:00,DION_001,231982,0.6785827929299815,SIMULATED,NORMAL
2026-06-18T12:39:16.195281+00:00,DION_001,231983,0.31690387887466753,SIMULATED,NORMAL
2026-06-18T12:39:16.205741+00:00,DION_001,231984,0.10312208442545484,SIMULATED,NORMAL
2026-06-18T12:39:16.216278+00:00,DION_001,231985,0.43572313415342484,SIMULATED,NORMAL
2026-06-18T12:39:16.226851+00:00,DION_001,231986,0.4008886906922775,SIMULATED,NORMAL
2026-06-18T12:39:16.237401+00:00,DION_001,231987,0.2668418028954854,SIMULATED,NORMAL
2026-06-18T12:39:16.247872+00:00,DION_001,231988,0.4662808512301444,SIMULATED,NORMAL
2026-06-18T12:39:16.258358+00:00,DION_001,231989,0.3253478967363779,SIMULATED,NORMAL
2026-06-18T12:39:16.268851+00:00,DION_001,231990,0.30738832015471046,SIMULATED,NORMAL
2026-06-18T12:39:16.279326+00:00,DION_001,231991,0.4127313856167674,SIMULATED,NORMAL
2026-06-18T12:39:16.289844+00:00,DION_001,231992,0.25657708641710336,SIMULATED,NORMAL
2026-06-18T12:39:16.300367+00:00,DION_001,231993,0.34810758209814163,SIMULATED,NORMAL
2026-06-18T12:39:16.310958+00:00,DION_001,231994,0.4640346380174729,SIMULATED,NORMAL
2026-06-18T12:39:16.321501+00:00,DION_001,231995,0.10700637973301813,SIMULATED,NORMAL
2026-06-18T12:39:16.331916+00:00,DION_001,231996,0.2095803364884567,SIMULATED,NORMAL
2026-06-18T12:39:16.342422+00:00,DION_001,231997,0.08215343085882175,SIMULATED,NORMAL
2026-06-18T12:39:16.352921+00:00,DION_001,231998,0.10459478142004043,SIMULATED,NORMAL
2026-06-18T12:39:16.363410+00:00,DION_001,231999,0.3041819895455028,SIMULATED,NORMAL
2026-06-18T12:39:16.374101+00:00,DION_001,232000,0.14216474792027203,SIMULATED,NORMAL
2026-06-18T12:39:16.384839+00:00,DION_001,232001,0.283680936091378,SIMULATED,NORMAL
2026-06-18T12:39:16.395403+00:00,DION_001,232002,0.23883283044912437,SIMULATED,NORMAL
2026-06-18T12:39:16.405896+00:00,DION_001,232003,-0.07175203719826148,SIMULATED,NORMAL
2026-06-18T12:39:16.416443+00:00,DION_001,232004,0.3283267684834101,SIMULATED,NORMAL
2026-06-18T12:39:16.426859+00:00,DION_001,232005,0.11138813640549693,SIMULATED,NORMAL
2026-06-18T12:39:16.437353+00:00,DION_001,232006,-0.04995204176293072,SIMULATED,NORMAL
2026-06-18T12:39:16.447810+00:00,DION_001,232007,0.0426999521284285,SIMULATED,NORMAL
2026-06-18T12:39:16.458327+00:00,DION_001,232008,0.23538486959321092,SIMULATED,NORMAL
2026-06-18T12:39:16.468837+00:00,DION_001,232009,0.04568609501465623,SIMULATED,NORMAL
2026-06-18T12:39:16.479314+00:00,DION_001,232010,0.4635161520636619,SIMULATED,NORMAL
2026-06-18T12:39:16.489793+00:00,DION_001,232011,0.29866093422315076,SIMULATED,NORMAL
2026-06-18T12:39:16.500309+00:00,DION_001,232012,0.04130197247833109,SIMULATED,NORMAL
2026-06-18T12:39:16.510715+00:00,DION_001,232013,0.36631996890035023,SIMULATED,NORMAL
2026-06-18T12:39:16.521484+00:00,DION_001,232014,0.21037961939972694,SIMULATED,NORMAL
2026-06-18T12:39:16.532033+00:00,DION_001,232015,0.5841273339519926,SIMULATED,NORMAL
2026-06-18T12:39:16.542378+00:00,DION_001,232016,0.4444214921048111,SIMULATED,NORMAL
2026-06-18T12:39:16.552959+00:00,DION_001,232017,0.10955157925161746,SIMULATED,NORMAL
2026-06-18T12:39:16.563399+00:00,DION_001,232018,0.20396971505340233,SIMULATED,NORMAL
2026-06-18T12:39:16.573749+00:00,DION_001,232019,0.3461078309140392,SIMULATED,NORMAL
2026-06-18T12:39:16.584150+00:00,DION_001,232020,0.8009425711503494,SIMULATED,NORMAL
2026-06-18T12:39:16.594637+00:00,DION_001,232021,0.7042140038807014,SIMULATED,NORMAL
2026-06-18T12:39:16.605058+00:00,DION_001,232022,0.3374108285860166,SIMULATED,NORMAL
2026-06-18T12:39:16.615531+00:00,DION_001,232023,0.3992037258665174,SIMULATED,NORMAL
2026-06-18T12:39:16.626204+00:00,DION_001,232024,0.47620249276941107,SIMULATED,NORMAL
2026-06-18T12:39:16.636620+00:00,DION_001,232025,0.6523489891130343,SIMULATED,NORMAL
2026-06-18T12:39:16.647271+00:00,DION_001,232026,0.7359757004819668,SIMULATED,NORMAL
2026-06-18T12:39:16.657783+00:00,DION_001,232027,0.6349849773730023,SIMULATED,NORMAL
2026-06-18T12:39:16.668159+00:00,DION_001,232028,0.5309167039328712,SIMULATED,NORMAL
2026-06-18T12:39:16.678571+00:00,DION_001,232029,0.6144430886917613,SIMULATED,NORMAL
2026-06-18T12:39:16.689118+00:00,DION_001,232030,0.8596081241824491,SIMULATED,NORMAL
2026-06-18T12:39:16.699442+00:00,DION_001,232031,0.6975429730934407,SIMULATED,NORMAL
2026-06-18T12:39:16.709734+00:00,DION_001,232032,0.813337228648144,SIMULATED,NORMAL
2026-06-18T12:39:16.720234+00:00,DION_001,232033,0.5841205134104881,SIMULATED,NORMAL
2026-06-18T12:39:16.730647+00:00,DION_001,232034,1.08203416508208,SIMULATED,NORMAL
2026-06-18T12:39:16.741064+00:00,DION_001,232035,0.61225618601549,SIMULATED,NORMAL
2026-06-18T12:39:16.751510+00:00,DION_001,232036,1.1165837756098376,SIMULATED,NORMAL
2026-06-18T12:39:16.761826+00:00,DION_001,232037,1.2954310094691364,SIMULATED,NORMAL
2026-06-18T12:39:16.772106+00:00,DION_001,232038,0.9134792160851831,SIMULATED,NORMAL
2026-06-18T12:39:16.782378+00:00,DION_001,232039,1.013420258508328,SIMULATED,NORMAL
2026-06-18T12:39:16.792645+00:00,DION_001,232040,1.2115106930886308,SIMULATED,NORMAL
2026-06-18T12:39:16.802986+00:00,DION_001,232041,1.1692747424140366,SIMULATED,NORMAL
2026-06-18T12:39:16.813248+00:00,DION_001,232042,1.3251213314967003,SIMULATED,NORMAL
2026-06-18T12:39:16.823600+00:00,DION_001,232043,1.1449298189495802,SIMULATED,NORMAL
2026-06-18T12:39:16.834054+00:00,DION_001,232044,1.0676318380134604,SIMULATED,NORMAL
2026-06-18T12:39:16.844592+00:00,DION_001,232045,1.4185552089875006,SIMULATED,NORMAL
2026-06-18T12:39:16.854970+00:00,DION_001,232046,1.2475357452477394,SIMULATED,NORMAL
2026-06-18T12:39:16.865371+00:00,DION_001,232047,-1.0000047854764993,SIMULATED,NORMAL
2026-06-18T12:39:16.876079+00:00,DION_001,232048,1.2061529481997117,SIMULATED,NORMAL
2026-06-18T12:39:16.886588+00:00,DION_001,232049,1.2739010521791772,SIMULATED,NORMAL
2026-06-18T12:39:16.896944+00:00,DION_001,232050,1.0162308993653637,SIMULATED,NORMAL
2026-06-18T12:39:16.907416+00:00,DION_001,232051,0.8715652453739826,SIMULATED,NORMAL
2026-06-18T12:39:16.917906+00:00,DION_001,232052,1.2199355007601127,SIMULATED,NORMAL
2026-06-18T12:39:16.928319+00:00,DION_001,232053,1.0251502267323525,SIMULATED,NORMAL
2026-06-18T12:39:16.938792+00:00,DION_001,232054,1.132378195412928,SIMULATED,NORMAL
2026-06-18T12:39:16.949298+00:00,DION_001,232055,1.1431043737185027,SIMULATED,NORMAL
2026-06-18T12:39:16.959854+00:00,DION_001,232056,1.2278841799113243,SIMULATED,NORMAL
2026-06-18T12:39:16.970237+00:00,DION_001,232057,1.2328024761488914,SIMULATED,NORMAL
2026-06-18T12:39:16.980556+00:00,DION_001,232058,1.0492223549432673,SIMULATED,NORMAL
2026-06-18T12:39:16.990832+00:00,DION_001,232059,1.1503802335080033,SIMULATED,NORMAL
2026-06-18T12:39:17.001152+00:00,DION_001,232060,1.0196607309353616,SIMULATED,NORMAL
2026-06-18T12:39:17.011427+00:00,DION_001,232061,0.9207665981635532,SIMULATED,NORMAL
2026-06-18T12:39:17.021835+00:00,DION_001,232062,1.0767817564284043,SIMULATED,NORMAL
2026-06-18T12:39:17.032232+00:00,DION_001,232063,0.8026650024389004,SIMULATED,NORMAL
2026-06-18T12:39:17.042657+00:00,DION_001,232064,0.9164614475512136,SIMULATED,NORMAL
2026-06-18T12:39:17.053136+00:00,DION_001,232065,0.7691563937066004,SIMULATED,NORMAL
2026-06-18T12:39:17.063777+00:00,DION_001,232066,0.861140039780436,SIMULATED,NORMAL
2026-06-18T12:39:17.074494+00:00,DION_001,232067,0.7813899580072323,SIMULATED,NORMAL
2026-06-18T12:39:17.085026+00:00,DION_001,232068,0.5977081618693137,SIMULATED,NORMAL
2026-06-18T12:39:17.095701+00:00,DION_001,232069,0.7258503621162123,SIMULATED,NORMAL
2026-06-18T12:39:17.106106+00:00,DION_001,232070,0.46575956339345387,SIMULATED,NORMAL
2026-06-18T12:39:17.116690+00:00,DION_001,232071,0.6704080878125724,SIMULATED,NORMAL
2026-06-18T12:39:17.127104+00:00,DION_001,232072,0.9060777622604632,SIMULATED,NORMAL
2026-06-18T12:39:17.137627+00:00,DION_001,232073,0.7243880963106947,SIMULATED,NORMAL
2026-06-18T12:39:17.148131+00:00,DION_001,232074,0.5801619648855704,SIMULATED,NORMAL
2026-06-18T12:39:17.158567+00:00,DION_001,232075,0.5693520850373802,SIMULATED,NORMAL
2026-06-18T12:39:17.169014+00:00,DION_001,232076,0.5389725286854807,SIMULATED,NORMAL
2026-06-18T12:39:17.179553+00:00,DION_001,232077,0.423547909350561,SIMULATED,NORMAL
2026-06-18T12:39:17.190061+00:00,DION_001,232078,0.4724491647645398,SIMULATED,NORMAL
2026-06-18T12:39:17.200570+00:00,DION_001,232079,0.5519458951738951,SIMULATED,NORMAL
2026-06-18T12:39:17.210962+00:00,DION_001,232080,0.18436414592152506,SIMULATED,NORMAL
2026-06-18T12:39:17.221455+00:00,DION_001,232081,0.28769190168158976,SIMULATED,NORMAL
2026-06-18T12:39:17.231954+00:00,DION_001,232082,0.3300706576014391,SIMULATED,NORMAL
2026-06-18T12:39:17.242714+00:00,DION_001,232083,0.383967092723296,SIMULATED,NORMAL
2026-06-18T12:39:17.253252+00:00,DION_001,232084,0.20168199945631832,SIMULATED,NORMAL
2026-06-18T12:39:17.263689+00:00,DION_001,232085,0.4142756780600476,SIMULATED,NORMAL
2026-06-18T12:39:17.274250+00:00,DION_001,232086,0.17465297552549902,SIMULATED,NORMAL
2026-06-18T12:39:17.284706+00:00,DION_001,232087,0.5688238996855995,SIMULATED,NORMAL
2026-06-18T12:39:17.295228+00:00,DION_001,232088,0.2833689236827229,SIMULATED,NORMAL
2026-06-18T12:39:17.305719+00:00,DION_001,232089,0.2880238776947728,SIMULATED,NORMAL
2026-06-18T12:39:17.316226+00:00,DION_001,232090,0.5499450811760341,SIMULATED,NORMAL
2026-06-18T12:39:17.326852+00:00,DION_001,232091,0.19325861899203947,SIMULATED,NORMAL
2026-06-18T12:39:17.337254+00:00,DION_001,232092,0.3395397332432051,SIMULATED,NORMAL
2026-06-18T12:39:17.347738+00:00,DION_001,232093,0.34583739188228296,SIMULATED,NORMAL
2026-06-18T12:39:17.358541+00:00,DION_001,232094,0.2536797575904165,SIMULATED,NORMAL
2026-06-18T12:39:17.369034+00:00,DION_001,232095,0.12641454187377518,SIMULATED,NORMAL
2026-06-18T12:39:17.379660+00:00,DION_001,232096,0.3949240436770807,SIMULATED,NORMAL
2026-06-18T12:39:17.390398+00:00,DION_001,232097,0.376606654246378,SIMULATED,NORMAL
2026-06-18T12:39:17.400790+00:00,DION_001,232098,0.6292766764635949,SIMULATED,NORMAL
2026-06-18T12:39:17.411321+00:00,DION_001,232099,0.5893065804681867,SIMULATED,NORMAL
2026-06-18T12:39:17.422025+00:00,DION_001,232100,0.5264733619377088,SIMULATED,NORMAL
2026-06-18T12:39:17.432507+00:00,DION_001,232101,0.3660858994505992,SIMULATED,NORMAL
2026-06-18T12:39:17.443032+00:00,DION_001,232102,0.6196040843280549,SIMULATED,NORMAL
2026-06-18T12:39:17.453416+00:00,DION_001,232103,0.43459144994042737,SIMULATED,NORMAL
2026-06-18T12:39:17.463819+00:00,DION_001,232104,0.701927966870636,SIMULATED,NORMAL
2026-06-18T12:39:17.474486+00:00,DION_001,232105,0.3202516220141012,SIMULATED,NORMAL
2026-06-18T12:39:17.485095+00:00,DION_001,232106,0.6373852731653898,SIMULATED,NORMAL
2026-06-18T12:39:17.495658+00:00,DION_001,232107,0.34502741175432616,SIMULATED,NORMAL
2026-06-18T12:39:17.506061+00:00,DION_001,232108,0.775623780023524,SIMULATED,NORMAL
2026-06-18T12:39:17.516672+00:00,DION_001,232109,0.7492386890144498,SIMULATED,NORMAL
2026-06-18T12:39:17.527162+00:00,DION_001,232110,0.49854637081315584,SIMULATED,NORMAL
2026-06-18T12:39:17.537642+00:00,DION_001,232111,0.6067217874394498,SIMULATED,NORMAL
2026-06-18T12:39:17.548105+00:00,DION_001,232112,0.6503681277027065,SIMULATED,NORMAL
2026-06-18T12:39:17.558626+00:00,DION_001,232113,0.6748543791214495,SIMULATED,NORMAL
2026-06-18T12:39:17.569054+00:00,DION_001,232114,0.7003446707882275,SIMULATED,NORMAL
2026-06-18T12:39:17.579504+00:00,DION_001,232115,0.8376424104866259,SIMULATED,NORMAL
2026-06-18T12:39:17.590485+00:00,DION_001,232116,1.0111178179015012,SIMULATED,NORMAL
2026-06-18T12:39:17.600922+00:00,DION_001,232117,0.7502201040898843,SIMULATED,NORMAL
2026-06-18T12:39:17.611479+00:00,DION_001,232118,0.752063380211968,SIMULATED,NORMAL
2026-06-18T12:39:17.622425+00:00,DION_001,232119,0.847728014642551,SIMULATED,NORMAL
2026-06-18T12:39:17.632922+00:00,DION_001,232120,1.032904695502379,SIMULATED,NORMAL
2026-06-18T12:39:17.643467+00:00,DION_001,232121,0.9125052874237407,SIMULATED,NORMAL
2026-06-18T12:39:17.653959+00:00,DION_001,232122,0.942558032474894,SIMULATED,NORMAL
2026-06-18T12:39:17.664662+00:00,DION_001,232123,1.0534289585498546,SIMULATED,NORMAL
2026-06-18T12:39:17.675151+00:00,DION_001,232124,0.49846055817514473,SIMULATED,NORMAL
2026-06-18T12:39:17.685892+00:00,DION_001,232125,0.9012528598329355,SIMULATED,NORMAL
2026-06-18T12:39:17.696574+00:00,DION_001,232126,0.7941338073210285,SIMULATED,NORMAL
2026-06-18T12:39:17.707068+00:00,DION_001,232127,0.7566351446939198,SIMULATED,NORMAL
2026-06-18T12:39:17.717486+00:00,DION_001,232128,0.6592318034174912,SIMULATED,NORMAL
2026-06-18T12:39:17.727892+00:00,DION_001,232129,0.7679365183771271,SIMULATED,NORMAL
2026-06-18T12:39:17.738384+00:00,DION_001,232130,0.5822613270423529,SIMULATED,NORMAL
2026-06-18T12:39:17.748756+00:00,DION_001,232131,0.7706236687308595,SIMULATED,NORMAL
2026-06-18T12:39:17.759281+00:00,DION_001,232132,0.37831562069477914,SIMULATED,NORMAL
2026-06-18T12:39:17.770048+00:00,DION_001,232133,0.67063073361221,SIMULATED,NORMAL
2026-06-18T12:39:17.780531+00:00,DION_001,232134,0.7115244555880642,SIMULATED,NORMAL
2026-06-18T12:39:17.790972+00:00,DION_001,232135,0.6012669113080045,SIMULATED,NORMAL
2026-06-18T12:39:17.801524+00:00,DION_001,232136,0.8890430641795897,SIMULATED,NORMAL
2026-06-18T12:39:17.811990+00:00,DION_001,232137,0.7147271517014678,SIMULATED,NORMAL
2026-06-18T12:39:17.822369+00:00,DION_001,232138,0.35894800445709335,SIMULATED,NORMAL
2026-06-18T12:39:17.832751+00:00,DION_001,232139,0.6083022842640345,SIMULATED,NORMAL
2026-06-18T12:39:17.843110+00:00,DION_001,232140,0.3353102160416415,SIMULATED,NORMAL
2026-06-18T12:39:17.853626+00:00,DION_001,232141,0.13138744884584944,SIMULATED,NORMAL
2026-06-18T12:39:17.864044+00:00,DION_001,232142,0.08537200938184178,SIMULATED,NORMAL
2026-06-18T12:39:17.874443+00:00,DION_001,232143,0.42101270918456235,SIMULATED,NORMAL
2026-06-18T12:39:17.884908+00:00,DION_001,232144,0.19508102866981264,SIMULATED,NORMAL
2026-06-18T12:39:17.895524+00:00,DION_001,232145,0.39030450782923387,SIMULATED,NORMAL
2026-06-18T12:39:17.905921+00:00,DION_001,232146,0.005765748423568584,SIMULATED,NORMAL
2026-06-18T12:39:17.916372+00:00,DION_001,232147,0.044938639787945434,SIMULATED,NORMAL
2026-06-18T12:39:17.926853+00:00,DION_001,232148,0.0521910859654506,SIMULATED,NORMAL
2026-06-18T12:39:17.937328+00:00,DION_001,232149,-0.05953107688346912,SIMULATED,NORMAL
2026-06-18T12:39:17.947691+00:00,DION_001,232150,-0.25430328368978383,SIMULATED,NORMAL
2026-06-18T12:39:17.958267+00:00,DION_001,232151,-0.012491764416255532,SIMULATED,NORMAL
2026-06-18T12:39:17.968705+00:00,DION_001,232152,0.05006199167069461,SIMULATED,NORMAL
2026-06-18T12:39:17.979236+00:00,DION_001,232153,0.11001977706445895,SIMULATED,NORMAL
2026-06-18T12:39:17.989688+00:00,DION_001,232154,-0.3691133754995727,SIMULATED,NORMAL
2026-06-18T12:39:18.000245+00:00,DION_001,232155,-0.26599775147065435,SIMULATED,NORMAL
2026-06-18T12:39:18.010758+00:00,DION_001,232156,-0.42270260194251136,SIMULATED,NORMAL
2026-06-18T12:39:18.021155+00:00,DION_001,232157,-0.18096511104895693,SIMULATED,NORMAL
2026-06-18T12:39:18.031687+00:00,DION_001,232158,-0.28672968822066036,SIMULATED,NORMAL
2026-06-18T12:39:18.042289+00:00,DION_001,232159,-0.40986178181258504,SIMULATED,NORMAL
2026-06-18T12:39:18.052848+00:00,DION_001,232160,-0.2365939389566732,SIMULATED,NORMAL
2026-06-18T12:39:18.063331+00:00,DION_001,232161,-0.6129055973705423,SIMULATED,NORMAL
2026-06-18T12:39:18.073724+00:00,DION_001,232162,-3.0651215211127067,SIMULATED,EVENT_DETECTED
2026-06-18T12:39:18.084767+00:00,DION_001,232163,-0.5656857483294186,SIMULATED,NORMAL
2026-06-18T12:39:18.095285+00:00,DION_001,232164,-0.8685680569493145,SIMULATED,NORMAL
2026-06-18T12:39:18.105740+00:00,DION_001,232165,-0.7122811843895662,SIMULATED,NORMAL
2026-06-18T12:39:18.116308+00:00,DION_001,232166,-0.6598839193670025,SIMULATED,NORMAL
2026-06-18T12:39:18.126727+00:00,DION_001,232167,-0.4636514795224389,SIMULATED,NORMAL
2026-06-18T12:39:18.137293+00:00,DION_001,232168,-0.7340417703817421,SIMULATED,NORMAL
2026-06-18T12:39:18.147719+00:00,DION_001,232169,-0.4793591467670044,SIMULATED,NORMAL
2026-06-18T12:39:18.158403+00:00,DION_001,232170,-0.45316233669924444,SIMULATED,NORMAL
2026-06-18T12:39:18.168817+00:00,DION_001,232171,-0.32410676338001077,SIMULATED,NORMAL
2026-06-18T12:39:18.179154+00:00,DION_001,232172,-0.6599531098124684,SIMULATED,NORMAL
2026-06-18T12:39:18.189575+00:00,DION_001,232173,-0.6904772121677165,SIMULATED,NORMAL
2026-06-18T12:39:18.199943+00:00,DION_001,232174,-0.4758632706027291,SIMULATED,NORMAL
2026-06-18T12:39:18.210393+00:00,DION_001,232175,-0.7235755560340529,SIMULATED,NORMAL
2026-06-18T12:39:18.221376+00:00,DION_001,232176,-0.8314438131030245,SIMULATED,NORMAL
2026-06-18T12:39:18.232839+00:00,DION_001,232177,-0.28755221239855666,SIMULATED,NORMAL
2026-06-18T12:39:18.244731+00:00,DION_001,232178,-0.599312496730726,SIMULATED,NORMAL
2026-06-18T12:39:18.255314+00:00,DION_001,232179,-0.5536676285765024,SIMULATED,NORMAL
2026-06-18T12:39:18.265751+00:00,DION_001,232180,-0.501449406576605,SIMULATED,NORMAL
2026-06-18T12:39:18.276236+00:00,DION_001,232181,1.6161088860257617,SIMULATED,NORMAL
2026-06-18T12:39:18.286830+00:00,DION_001,232182,-0.5035073725365868,SIMULATED,NORMAL
2026-06-18T12:39:18.297328+00:00,DION_001,232183,-0.5060582012367792,SIMULATED,NORMAL
2026-06-18T12:39:18.307950+00:00,DION_001,232184,-0.42334932789856033,SIMULATED,NORMAL
2026-06-18T12:39:18.318379+00:00,DION_001,232185,-0.5206360258782773,SIMULATED,NORMAL
2026-06-18T12:39:18.328835+00:00,DION_001,232186,-0.6558544920376019,SIMULATED,NORMAL
2026-06-18T12:39:18.339432+00:00,DION_001,232187,-0.5213447246997069,SIMULATED,NORMAL
2026-06-18T12:39:18.349808+00:00,DION_001,232188,-0.5106548047723036,SIMULATED,NORMAL
2026-06-18T12:39:18.360261+00:00,DION_001,232189,-0.3610474513187041,SIMULATED,NORMAL
2026-06-18T12:39:18.371034+00:00,DION_001,232190,-0.11963566055288849,SIMULATED,NORMAL
2026-06-18T12:39:18.381502+00:00,DION_001,232191,-0.06672097307948013,SIMULATED,NORMAL
2026-06-18T12:39:18.391931+00:00,DION_001,232192,-0.24187604831220952,SIMULATED,NORMAL
2026-06-18T12:39:18.402350+00:00,DION_001,232193,-0.1656354585944277,SIMULATED,NORMAL
2026-06-18T12:39:18.412874+00:00,DION_001,232194,-0.2879747302651197,SIMULATED,NORMAL
2026-06-18T12:39:18.423329+00:00,DION_001,232195,-0.1738240558141413,SIMULATED,NORMAL
2026-06-18T12:39:18.433827+00:00,DION_001,232196,-0.12026037189233714,SIMULATED,NORMAL
2026-06-18T12:39:18.444596+00:00,DION_001,232197,-0.12409829229144251,SIMULATED,NORMAL
2026-06-18T12:39:18.455179+00:00,DION_001,232198,-0.6161591153146737,SIMULATED,NORMAL
2026-06-18T12:39:18.465748+00:00,DION_001,232199,-0.3236208671169849,SIMULATED,NORMAL
2026-06-18T12:39:18.476302+00:00,DION_001,232200,-0.30981334924527176,SIMULATED,NORMAL
2026-06-18T12:39:18.486855+00:00,DION_001,232201,-0.020070266011216115,SIMULATED,NORMAL
2026-06-18T12:39:18.497308+00:00,DION_001,232202,-0.1383461621883115,SIMULATED,NORMAL
2026-06-18T12:39:18.508039+00:00,DION_001,232203,-0.17626418750083775,SIMULATED,NORMAL
2026-06-18T12:39:18.518515+00:00,DION_001,232204,-0.22903834314554142,SIMULATED,NORMAL
2026-06-18T12:39:18.528862+00:00,DION_001,232205,-0.051259737375011466,SIMULATED,NORMAL
2026-06-18T12:39:18.539284+00:00,DION_001,232206,-0.16393554076307226,SIMULATED,NORMAL
2026-06-18T12:39:18.549761+00:00,DION_001,232207,-0.1999355759409118,SIMULATED,NORMAL
2026-06-18T12:39:18.560256+00:00,DION_001,232208,-0.17180425864728127,SIMULATED,NORMAL
2026-06-18T12:39:18.570712+00:00,DION_001,232209,-0.22644942252876157,SIMULATED,NORMAL
2026-06-18T12:39:18.581243+00:00,DION_001,232210,-0.1913547406717795,SIMULATED,NORMAL
2026-06-18T12:39:18.591706+00:00,DION_001,232211,-0.408898808742196,SIMULATED,NORMAL
2026-06-18T12:39:18.602384+00:00,DION_001,232212,-0.26570724401647733,SIMULATED,NORMAL
2026-06-18T12:39:18.613297+00:00,DION_001,232213,-0.2752056317343747,SIMULATED,NORMAL
2026-06-18T12:39:18.623857+00:00,DION_001,232214,-0.47743718766732346,SIMULATED,NORMAL
2026-06-18T12:39:18.634302+00:00,DION_001,232215,-0.35132830080676114,SIMULATED,NORMAL
2026-06-18T12:39:18.644762+00:00,DION_001,232216,-0.4467098576272228,SIMULATED,NORMAL
2026-06-18T12:39:18.655460+00:00,DION_001,232217,-0.4572433296897525,SIMULATED,NORMAL
2026-06-18T12:39:18.665859+00:00,DION_001,232218,-0.4146866795051144,SIMULATED,NORMAL
2026-06-18T12:39:18.676232+00:00,DION_001,232219,-0.6110184403675023,SIMULATED,NORMAL
2026-06-18T12:39:18.686642+00:00,DION_001,232220,-0.6333217370954634,SIMULATED,NORMAL
2026-06-18T12:39:18.697130+00:00,DION_001,232221,-0.5829489080104623,SIMULATED,NORMAL
2026-06-18T12:39:18.707759+00:00,DION_001,232222,-0.9070205061582486,SIMULATED,NORMAL
2026-06-18T12:39:18.718285+00:00,DION_001,232223,-0.517288068579883,SIMULATED,NORMAL
2026-06-18T12:39:18.729306+00:00,DION_001,232224,-0.41068129110911206,SIMULATED,NORMAL
2026-06-18T12:39:18.739916+00:00,DION_001,232225,-0.4988196109645584,SIMULATED,NORMAL
2026-06-18T12:39:18.750372+00:00,DION_001,232226,-0.6136279942535775,SIMULATED,NORMAL
2026-06-18T12:39:18.760874+00:00,DION_001,232227,-0.9987206990001087,SIMULATED,NORMAL
2026-06-18T12:39:18.771297+00:00,DION_001,232228,-0.6817445206337396,SIMULATED,NORMAL
2026-06-18T12:39:18.781748+00:00,DION_001,232229,-0.8255222353240835,SIMULATED,NORMAL
2026-06-18T12:39:18.792156+00:00,DION_001,232230,-0.7840976301660129,SIMULATED,NORMAL
2026-06-18T12:39:18.802652+00:00,DION_001,232231,-0.8334835987185535,SIMULATED,NORMAL
2026-06-18T12:39:18.813206+00:00,DION_001,232232,-1.1752615544091638,SIMULATED,NORMAL
2026-06-18T12:39:18.823644+00:00,DION_001,232233,-0.9414050342603852,SIMULATED,NORMAL
2026-06-18T12:39:18.834258+00:00,DION_001,232234,-0.8089944793413335,SIMULATED,NORMAL
2026-06-18T12:39:18.845188+00:00,DION_001,232235,-0.9535530427128245,SIMULATED,NORMAL
2026-06-18T12:39:18.855660+00:00,DION_001,232236,-0.9178348989641032,SIMULATED,NORMAL
2026-06-18T12:39:18.866273+00:00,DION_001,232237,-1.0708534801823775,SIMULATED,NORMAL
2026-06-18T12:39:18.876769+00:00,DION_001,232238,-0.9801719275948686,SIMULATED,NORMAL
2026-06-18T12:39:18.887299+00:00,DION_001,232239,-1.2066420800755644,SIMULATED,NORMAL
2026-06-18T12:39:18.897896+00:00,DION_001,232240,-1.1713472718171232,SIMULATED,NORMAL
2026-06-18T12:39:18.908556+00:00,DION_001,232241,-1.2710920667127565,SIMULATED,NORMAL
2026-06-18T12:39:18.919058+00:00,DION_001,232242,-0.9937742851048782,SIMULATED,NORMAL
2026-06-18T12:39:18.929611+00:00,DION_001,232243,-1.161753176307757,SIMULATED,NORMAL
2026-06-18T12:39:18.940054+00:00,DION_001,232244,-1.2988963910145046,SIMULATED,NORMAL
2026-06-18T12:39:18.950744+00:00,DION_001,232245,-1.4287829955742168,SIMULATED,NORMAL
2026-06-18T12:39:18.961151+00:00,DION_001,232246,-1.267173999322332,SIMULATED,NORMAL
2026-06-18T12:39:18.971603+00:00,DION_001,232247,-1.1661753888341697,SIMULATED,NORMAL
2026-06-18T12:39:18.982420+00:00,DION_001,232248,-1.139606517767333,SIMULATED,NORMAL
2026-06-18T12:39:18.992972+00:00,DION_001,232249,-1.274885825221177,SIMULATED,NORMAL
2026-06-18T12:39:19.003561+00:00,DION_001,232250,-1.1253470251950721,SIMULATED,NORMAL
2026-06-18T12:39:19.013993+00:00,DION_001,232251,-1.0598977100795581,SIMULATED,NORMAL
2026-06-18T12:39:19.024548+00:00,DION_001,232252,-1.2267897273857118,SIMULATED,NORMAL
2026-06-18T12:39:19.034950+00:00,DION_001,232253,-1.2924081473499716,SIMULATED,NORMAL
2026-06-18T12:39:19.045562+00:00,DION_001,232254,-1.0687272147056486,SIMULATED,NORMAL
2026-06-18T12:39:19.056470+00:00,DION_001,232255,-1.2909903191979786,SIMULATED,NORMAL
2026-06-18T12:39:19.066964+00:00,DION_001,232256,-1.1583381644924184,SIMULATED,NORMAL
2026-06-18T12:39:19.077410+00:00,DION_001,232257,-1.0466099760150005,SIMULATED,NORMAL
2026-06-18T12:39:19.087908+00:00,DION_001,232258,-1.0192671681721424,SIMULATED,NORMAL
2026-06-18T12:39:19.098377+00:00,DION_001,232259,-0.8976028472926793,SIMULATED,NORMAL
2026-06-18T12:39:19.108869+00:00,DION_001,232260,-0.8272137648228923,SIMULATED,NORMAL
2026-06-18T12:39:19.119253+00:00,DION_001,232261,-1.0717952437404126,SIMULATED,NORMAL
2026-06-18T12:39:19.129742+00:00,DION_001,232262,-0.7159627336822303,SIMULATED,NORMAL
2026-06-18T12:39:19.140161+00:00,DION_001,232263,-0.7668980817280712,SIMULATED,NORMAL
2026-06-18T12:39:19.150593+00:00,DION_001,232264,-0.5699903157763917,SIMULATED,NORMAL
2026-06-18T12:39:19.161061+00:00,DION_001,232265,-0.8853675163061429,SIMULATED,NORMAL
2026-06-18T12:39:19.171477+00:00,DION_001,232266,-0.9012905818598774,SIMULATED,NORMAL
2026-06-18T12:39:19.181924+00:00,DION_001,232267,-0.7022130413570669,SIMULATED,NORMAL
2026-06-18T12:39:19.192488+00:00,DION_001,232268,-0.6534119868345967,SIMULATED,NORMAL
2026-06-18T12:39:19.202973+00:00,DION_001,232269,-0.49924753615237755,SIMULATED,NORMAL
2026-06-18T12:39:19.213302+00:00,DION_001,232270,-0.5976377806549956,SIMULATED,NORMAL
2026-06-18T12:39:19.223679+00:00,DION_001,232271,-0.5174815411070752,SIMULATED,NORMAL
2026-06-18T12:39:19.234102+00:00,DION_001,232272,-0.3275744639400343,SIMULATED,NORMAL
2026-06-18T12:39:19.244615+00:00,DION_001,232273,-0.52355162313042,SIMULATED,NORMAL
2026-06-18T12:39:19.255008+00:00,DION_001,232274,-0.32854571433077073,SIMULATED,NORMAL
2026-06-18T12:39:19.265377+00:00,DION_001,232275,-0.592899549417261,SIMULATED,NORMAL
2026-06-18T12:39:19.275823+00:00,DION_001,232276,-0.512790331811972,SIMULATED,NORMAL
2026-06-18T12:39:19.286295+00:00,DION_001,232277,-0.47393345628259165,SIMULATED,NORMAL
2026-06-18T12:39:19.296760+00:00,DION_001,232278,-0.5049501181793963,SIMULATED,NORMAL
2026-06-18T12:39:19.307224+00:00,DION_001,232279,-0.6177226023534944,SIMULATED,NORMAL
2026-06-18T12:39:19.317732+00:00,DION_001,232280,-0.4546930069371262,SIMULATED,NORMAL
2026-06-18T12:39:19.328344+00:00,DION_001,232281,-0.3471896335077357,SIMULATED,NORMAL
2026-06-18T12:39:19.338831+00:00,DION_001,232282,-0.3088096569157441,SIMULATED,NORMAL
2026-06-18T12:39:19.349217+00:00,DION_001,232283,-0.29461096120022956,SIMULATED,NORMAL
2026-06-18T12:39:19.359642+00:00,DION_001,232284,-0.1632277704187443,SIMULATED,NORMAL
2026-06-18T12:39:19.370127+00:00,DION_001,232285,-0.35151868235399214,SIMULATED,NORMAL
2026-06-18T12:39:19.380685+00:00,DION_001,232286,-0.37870772359524874,SIMULATED,NORMAL
2026-06-18T12:39:19.391140+00:00,DION_001,232287,-0.2579746730119049,SIMULATED,NORMAL
2026-06-18T12:39:19.401661+00:00,DION_001,232288,-0.3096686418371072,SIMULATED,NORMAL
2026-06-18T12:39:19.412076+00:00,DION_001,232289,-0.3579427962723581,SIMULATED,NORMAL
2026-06-18T12:39:19.422495+00:00,DION_001,232290,-0.20729519666262333,SIMULATED,NORMAL
2026-06-18T12:39:19.432974+00:00,DION_001,232291,-0.1579505420913619,SIMULATED,NORMAL
2026-06-18T12:39:19.443482+00:00,DION_001,232292,-0.13518871874412036,SIMULATED,NORMAL
2026-06-18T12:39:19.453884+00:00,DION_001,232293,-3.0257055954923606,SIMULATED,EVENT_DETECTED
2026-06-18T12:39:19.464755+00:00,DION_001,232294,-0.17107954577803966,SIMULATED,NORMAL
2026-06-18T12:39:19.475149+00:00,DION_001,232295,-0.5409698857099307,SIMULATED,NORMAL
2026-06-18T12:39:19.485594+00:00,DION_001,232296,-0.2905009749846002,SIMULATED,NORMAL
2026-06-18T12:39:19.496075+00:00,DION_001,232297,-0.33782171130393945,SIMULATED,NORMAL
2026-06-18T12:39:19.506486+00:00,DION_001,232298,-0.29411986294303943,SIMULATED,NORMAL
2026-06-18T12:39:19.516881+00:00,DION_001,232299,-0.2824904560885983,SIMULATED,NORMAL
2026-06-18T12:39:19.527327+00:00,DION_001,232300,-0.4190975471852322,SIMULATED,NORMAL
2026-06-18T12:39:19.537687+00:00,DION_001,232301,-0.3491299863958371,SIMULATED,NORMAL
2026-06-18T12:39:19.547954+00:00,DION_001,232302,-0.2910796144784564,SIMULATED,NORMAL
2026-06-18T12:39:19.558406+00:00,DION_001,232303,-0.23081548999852194,SIMULATED,NORMAL
2026-06-18T12:39:19.568861+00:00,DION_001,232304,-3.220692846952968,SIMULATED,EVENT_DETECTED
2026-06-18T12:39:19.579526+00:00,DION_001,232305,-0.21638748235682626,SIMULATED,NORMAL
2026-06-18T12:39:19.589964+00:00,DION_001,232306,-0.6065445144991121,SIMULATED,NORMAL
2026-06-18T12:39:19.600525+00:00,DION_001,232307,-0.5029750021887628,SIMULATED,NORMAL
2026-06-18T12:39:19.610946+00:00,DION_001,232308,-0.4178840636800149,SIMULATED,NORMAL
2026-06-18T12:39:19.621449+00:00,DION_001,232309,-0.2705637429522884,SIMULATED,NORMAL
2026-06-18T12:39:19.631867+00:00,DION_001,232310,-0.5867128193112173,SIMULATED,NORMAL
2026-06-18T12:39:19.642795+00:00,DION_001,232311,-0.4928798678426552,SIMULATED,NORMAL
2026-06-18T12:39:19.653317+00:00,DION_001,232312,-0.4517136748623096,SIMULATED,NORMAL
2026-06-18T12:39:19.663901+00:00,DION_001,232313,-0.5943653922393666,SIMULATED,NORMAL
2026-06-18T12:39:19.674427+00:00,DION_001,232314,-0.7353826857856893,SIMULATED,NORMAL
2026-06-18T12:39:19.684800+00:00,DION_001,232315,-0.6175643958653461,SIMULATED,NORMAL
2026-06-18T12:39:19.695229+00:00,DION_001,232316,-0.8586321656477918,SIMULATED,NORMAL
2026-06-18T12:39:19.705617+00:00,DION_001,232317,-0.5765059420127692,SIMULATED,NORMAL
2026-06-18T12:39:19.716197+00:00,DION_001,232318,-0.6333869893048647,SIMULATED,NORMAL
2026-06-18T12:39:19.726649+00:00,DION_001,232319,-0.5487837062605405,SIMULATED,NORMAL
2026-06-18T12:39:19.737067+00:00,DION_001,232320,-0.8169832052978111,SIMULATED,NORMAL
2026-06-18T12:39:19.747636+00:00,DION_001,232321,-0.7099712749113143,SIMULATED,NORMAL
2026-06-18T12:39:19.758293+00:00,DION_001,232322,-0.5869007804109034,SIMULATED,NORMAL
2026-06-18T12:39:19.769123+00:00,DION_001,232323,-0.7583223816426083,SIMULATED,NORMAL
2026-06-18T12:39:19.779712+00:00,DION_001,232324,-0.8392736969851853,SIMULATED,NORMAL
2026-06-18T12:39:19.790460+00:00,DION_001,232325,-0.7005624966668739,SIMULATED,NORMAL
2026-06-18T12:39:19.800788+00:00,DION_001,232326,-0.6215481146252482,SIMULATED,NORMAL
2026-06-18T12:39:19.811210+00:00,DION_001,232327,-0.6857531505983778,SIMULATED,NORMAL
2026-06-18T12:39:19.821858+00:00,DION_001,232328,-0.6577159798500879,SIMULATED,NORMAL
2026-06-18T12:39:19.832529+00:00,DION_001,232329,-0.41727595786563315,SIMULATED,NORMAL
2026-06-18T12:39:19.843073+00:00,DION_001,232330,-0.3448830761010654,SIMULATED,NORMAL
2026-06-18T12:39:19.853585+00:00,DION_001,232331,-0.47656677468238684,SIMULATED,NORMAL
2026-06-18T12:39:19.863974+00:00,DION_001,232332,-0.13443570436281288,SIMULATED,NORMAL
2026-06-18T12:39:19.874394+00:00,DION_001,232333,-0.44328309201168586,SIMULATED,NORMAL
2026-06-18T12:39:19.884885+00:00,DION_001,232334,-0.43318926490994514,SIMULATED,NORMAL
2026-06-18T12:39:19.895529+00:00,DION_001,232335,-0.19949167194208808,SIMULATED,NORMAL
2026-06-18T12:39:19.905979+00:00,DION_001,232336,-0.5550659437832037,SIMULATED,NORMAL
2026-06-18T12:39:19.916629+00:00,DION_001,232337,-0.3344225412220094,SIMULATED,NORMAL
2026-06-18T12:39:19.927350+00:00,DION_001,232338,-0.11099591983102891,SIMULATED,NORMAL
2026-06-18T12:39:19.937923+00:00,DION_001,232339,-0.19895918999729056,SIMULATED,NORMAL
2026-06-18T12:39:19.948499+00:00,DION_001,232340,-0.2332987421814912,SIMULATED,NORMAL
2026-06-18T12:39:19.958969+00:00,DION_001,232341,0.06707243492133466,SIMULATED,NORMAL
2026-06-18T12:39:19.969370+00:00,DION_001,232342,-0.1344084174485048,SIMULATED,NORMAL
2026-06-18T12:39:19.979731+00:00,DION_001,232343,-0.1028711603092343,SIMULATED,NORMAL
2026-06-18T12:39:19.990296+00:00,DION_001,232344,0.2575566345026018,SIMULATED,NORMAL
2026-06-18T12:39:20.000805+00:00,DION_001,232345,0.2188783501416795,SIMULATED,NORMAL
2026-06-18T12:39:20.011223+00:00,DION_001,232346,-0.025140406309083527,SIMULATED,NORMAL
2026-06-18T12:39:20.021645+00:00,DION_001,232347,-0.05706555096943115,SIMULATED,NORMAL
2026-06-18T12:39:20.032048+00:00,DION_001,232348,0.1289651208469082,SIMULATED,NORMAL
2026-06-18T12:39:20.042498+00:00,DION_001,232349,0.41940950017496154,SIMULATED,NORMAL
2026-06-18T12:39:20.052952+00:00,DION_001,232350,0.18307737969610094,SIMULATED,NORMAL
2026-06-18T12:39:20.063439+00:00,DION_001,232351,0.4324341404149137,SIMULATED,NORMAL
2026-06-18T12:39:20.073782+00:00,DION_001,232352,0.22842115497456722,SIMULATED,NORMAL
2026-06-18T12:39:20.084264+00:00,DION_001,232353,0.39972421251803764,SIMULATED,NORMAL
2026-06-18T12:39:20.094718+00:00,DION_001,232354,0.32739946273609943,SIMULATED,NORMAL
2026-06-18T12:39:20.105003+00:00,DION_001,232355,0.7479125627685498,SIMULATED,NORMAL
2026-06-18T12:39:20.115566+00:00,DION_001,232356,0.3111020584851439,SIMULATED,NORMAL
2026-06-18T12:39:20.126211+00:00,DION_001,232357,0.3743696016395484,SIMULATED,NORMAL
2026-06-18T12:39:20.136500+00:00,DION_001,232358,0.5628418010683662,SIMULATED,NORMAL
2026-06-18T12:39:20.147003+00:00,DION_001,232359,0.36655005031409527,SIMULATED,NORMAL
2026-06-18T12:39:20.157528+00:00,DION_001,232360,2.6187848926125747,SIMULATED,EVENT_DETECTED
2026-06-18T12:39:20.168514+00:00,DION_001,232361,0.6918184758716208,SIMULATED,NORMAL
2026-06-18T12:39:20.178876+00:00,DION_001,232362,0.5541918264184881,SIMULATED,NORMAL
2026-06-18T12:39:20.189271+00:00,DION_001,232363,0.6835917272020623,SIMULATED,NORMAL
2026-06-18T12:39:20.199676+00:00,DION_001,232364,0.6745982462161139,SIMULATED,NORMAL
2026-06-18T12:39:20.210246+00:00,DION_001,232365,0.6918286005607146,SIMULATED,NORMAL
2026-06-18T12:39:20.220690+00:00,DION_001,232366,0.4537631483561583,SIMULATED,NORMAL
2026-06-18T12:39:20.231239+00:00,DION_001,232367,0.4555835828954491,SIMULATED,NORMAL
2026-06-18T12:39:20.241862+00:00,DION_001,232368,0.6941502727769618,SIMULATED,NORMAL
2026-06-18T12:39:20.252173+00:00,DION_001,232369,0.5866468308352338,SIMULATED,NORMAL
2026-06-18T12:39:20.262526+00:00,DION_001,232370,1.0332402266352079,SIMULATED,NORMAL
2026-06-18T12:39:20.273094+00:00,DION_001,232371,0.8742305310183419,SIMULATED,NORMAL
2026-06-18T12:39:20.283520+00:00,DION_001,232372,0.9319841149363672,SIMULATED,NORMAL
2026-06-18T12:39:20.294022+00:00,DION_001,232373,0.7089694792656395,SIMULATED,NORMAL
2026-06-18T12:39:20.304592+00:00,DION_001,232374,0.8211119742923645,SIMULATED,NORMAL
2026-06-18T12:39:20.315035+00:00,DION_001,232375,0.6829968520135857,SIMULATED,NORMAL
2026-06-18T12:39:20.325681+00:00,DION_001,232376,0.5226477285603254,SIMULATED,NORMAL
2026-06-18T12:39:20.336291+00:00,DION_001,232377,0.6624368562534644,SIMULATED,NORMAL
2026-06-18T12:39:20.346703+00:00,DION_001,232378,0.725642232312579,SIMULATED,NORMAL
2026-06-18T12:39:20.357162+00:00,DION_001,232379,0.6806943105150882,SIMULATED,NORMAL
2026-06-18T12:39:20.367627+00:00,DION_001,232380,0.5062004725056544,SIMULATED,NORMAL
2026-06-18T12:39:20.378259+00:00,DION_001,232381,0.42622958500554964,SIMULATED,NORMAL
2026-06-18T12:39:20.389129+00:00,DION_001,232382,0.508762383073516,SIMULATED,NORMAL
2026-06-18T12:39:20.399638+00:00,DION_001,232383,0.6602528237412385,SIMULATED,NORMAL
2026-06-18T12:39:20.410049+00:00,DION_001,232384,0.49095473945131407,SIMULATED,NORMAL
2026-06-18T12:39:20.420693+00:00,DION_001,232385,0.3939788002885587,SIMULATED,NORMAL
2026-06-18T12:39:20.431268+00:00,DION_001,232386,0.4570280775247678,SIMULATED,NORMAL
2026-06-18T12:39:20.441640+00:00,DION_001,232387,0.4924012594302216,SIMULATED,NORMAL
2026-06-18T12:39:20.452087+00:00,DION_001,232388,0.48364007223077254,SIMULATED,NORMAL
2026-06-18T12:39:20.462612+00:00,DION_001,232389,0.5283206041960999,SIMULATED,NORMAL
2026-06-18T12:39:20.472927+00:00,DION_001,232390,0.41966781497538785,SIMULATED,NORMAL
2026-06-18T12:39:20.483259+00:00,DION_001,232391,0.43068539737613515,SIMULATED,NORMAL
2026-06-18T12:39:20.493661+00:00,DION_001,232392,0.3841006675782408,SIMULATED,NORMAL
2026-06-18T12:39:20.503930+00:00,DION_001,232393,0.40989527685354743,SIMULATED,NORMAL
2026-06-18T12:39:20.514260+00:00,DION_001,232394,0.015120054800290217,SIMULATED,NORMAL
2026-06-18T12:39:20.524698+00:00,DION_001,232395,0.2692967578917266,SIMULATED,NORMAL
2026-06-18T12:39:20.535417+00:00,DION_001,232396,0.138511657380602,SIMULATED,NORMAL
2026-06-18T12:39:20.545755+00:00,DION_001,232397,0.08206478139769277,SIMULATED,NORMAL
2026-06-18T12:39:20.556173+00:00,DION_001,232398,-0.08685982127898173,SIMULATED,NORMAL
2026-06-18T12:39:20.566664+00:00,DION_001,232399,0.48265881332706495,SIMULATED,NORMAL
2026-06-18T12:39:20.576943+00:00,DION_001,232400,0.3808932472652633,SIMULATED,NORMAL
2026-06-18T12:39:20.587212+00:00,DION_001,232401,0.20675053604653237,SIMULATED,NORMAL
2026-06-18T12:39:20.597582+00:00,DION_001,232402,0.16805500445774657,SIMULATED,NORMAL
2026-06-18T12:39:20.607943+00:00,DION_001,232403,0.35065664369469124,SIMULATED,NORMAL
2026-06-18T12:39:20.618307+00:00,DION_001,232404,0.3862514386546103,SIMULATED,NORMAL
2026-06-18T12:39:20.628665+00:00,DION_001,232405,0.09662892057672887,SIMULATED,NORMAL
2026-06-18T12:39:20.639105+00:00,DION_001,232406,0.3110054513221495,SIMULATED,NORMAL
2026-06-18T12:39:20.649651+00:00,DION_001,232407,0.5679526122326222,SIMULATED,NORMAL
2026-06-18T12:39:20.660124+00:00,DION_001,232408,0.3281311028064128,SIMULATED,NORMAL
2026-06-18T12:39:20.670442+00:00,DION_001,232409,0.3527595077081116,SIMULATED,NORMAL
2026-06-18T12:39:20.680790+00:00,DION_001,232410,0.31048480800477324,SIMULATED,NORMAL
2026-06-18T12:39:20.691218+00:00,DION_001,232411,0.08602199580542119,SIMULATED,NORMAL
2026-06-18T12:39:20.701602+00:00,DION_001,232412,0.3555363094269653,SIMULATED,NORMAL
2026-06-18T12:39:20.711996+00:00,DION_001,232413,0.32497934548250207,SIMULATED,NORMAL
2026-06-18T12:39:20.722411+00:00,DION_001,232414,0.36379666028171626,SIMULATED,NORMAL
2026-06-18T12:39:20.732758+00:00,DION_001,232415,0.6170844724960637,SIMULATED,NORMAL
2026-06-18T12:39:20.743273+00:00,DION_001,232416,0.39746286773233047,SIMULATED,NORMAL
2026-06-18T12:39:20.753845+00:00,DION_001,232417,0.5015332911059366,SIMULATED,NORMAL
2026-06-18T12:39:20.764276+00:00,DION_001,232418,0.4940125234323553,SIMULATED,NORMAL
2026-06-18T12:39:20.774550+00:00,DION_001,232419,0.5607055810343486,SIMULATED,NORMAL
2026-06-18T12:39:20.784764+00:00,DION_001,232420,0.8657439165417103,SIMULATED,NORMAL
2026-06-18T12:39:20.794982+00:00,DION_001,232421,0.5694176408749481,SIMULATED,NORMAL
2026-06-18T12:39:20.805195+00:00,DION_001,232422,0.671010816986982,SIMULATED,NORMAL
2026-06-18T12:39:20.815495+00:00,DION_001,232423,0.639552627051125,SIMULATED,NORMAL
2026-06-18T12:39:20.825755+00:00,DION_001,232424,0.7904775655346528,SIMULATED,NORMAL
2026-06-18T12:39:20.836121+00:00,DION_001,232425,0.6108083530701276,SIMULATED,NORMAL
2026-06-18T12:39:20.846550+00:00,DION_001,232426,1.0303026380049305,SIMULATED,NORMAL
2026-06-18T12:39:20.856965+00:00,DION_001,232427,1.0796584889364427,SIMULATED,NORMAL
2026-06-18T12:39:20.867412+00:00,DION_001,232428,0.8256499854275142,SIMULATED,NORMAL
2026-06-18T12:39:20.877888+00:00,DION_001,232429,0.9184313865403894,SIMULATED,NORMAL
2026-06-18T12:39:20.888505+00:00,DION_001,232430,1.0028897520301943,SIMULATED,NORMAL
2026-06-18T12:39:20.898933+00:00,DION_001,232431,3.1030600867591582,SIMULATED,EVENT_DETECTED
2026-06-18T12:39:20.909669+00:00,DION_001,232432,1.1850456384301395,SIMULATED,NORMAL
2026-06-18T12:39:20.920158+00:00,DION_001,232433,3.212209165755259,SIMULATED,EVENT_DETECTED
2026-06-18T12:39:20.931106+00:00,DION_001,232434,1.217607911716744,SIMULATED,NORMAL
2026-06-18T12:39:20.941615+00:00,DION_001,232435,2.9243817551003524,SIMULATED,EVENT_DETECTED
2026-06-18T12:39:20.952186+00:00,DION_001,232436,1.0540016382332358,SIMULATED,NORMAL
2026-06-18T12:39:20.962755+00:00,DION_001,232437,1.1446332950967106,SIMULATED,NORMAL
2026-06-18T12:39:20.973280+00:00,DION_001,232438,1.5005712458844287,SIMULATED,NORMAL
2026-06-18T12:39:20.983811+00:00,DION_001,232439,1.3141341523249284,SIMULATED,NORMAL
2026-06-18T12:39:20.994290+00:00,DION_001,232440,1.1427055519127545,SIMULATED,NORMAL
2026-06-18T12:39:21.004671+00:00,DION_001,232441,1.1114986260207007,SIMULATED,NORMAL
2026-06-18T12:39:21.015077+00:00,DION_001,232442,1.3131758356397947,SIMULATED,NORMAL
2026-06-18T12:39:21.025590+00:00,DION_001,232443,1.3988188071824041,SIMULATED,NORMAL
2026-06-18T12:39:21.036049+00:00,DION_001,232444,1.4066066449745973,SIMULATED,NORMAL
2026-06-18T12:39:21.046829+00:00,DION_001,232445,0.9606898318339478,SIMULATED,NORMAL
2026-06-18T12:39:21.057359+00:00,DION_001,232446,1.4454885383872902,SIMULATED,NORMAL
2026-06-18T12:39:21.067872+00:00,DION_001,232447,1.163120748704844,SIMULATED,NORMAL
2026-06-18T12:39:21.078325+00:00,DION_001,232448,1.0838100663683463,SIMULATED,NORMAL
2026-06-18T12:39:21.088845+00:00,DION_001,232449,-0.4790694416823371,SIMULATED,NORMAL
2026-06-18T12:39:21.099494+00:00,DION_001,232450,1.2666324537519926,SIMULATED,NORMAL
2026-06-18T12:39:21.109899+00:00,DION_001,232451,1.4424286587258717,SIMULATED,NORMAL
2026-06-18T12:39:21.120467+00:00,DION_001,232452,0.804095942139648,SIMULATED,NORMAL
2026-06-18T12:39:21.130925+00:00,DION_001,232453,0.9229404852717294,SIMULATED,NORMAL
2026-06-18T12:39:21.141316+00:00,DION_001,232454,1.1240195902298233,SIMULATED,NORMAL
2026-06-18T12:39:21.151731+00:00,DION_001,232455,1.2705522940276737,SIMULATED,NORMAL
2026-06-18T12:39:21.162104+00:00,DION_001,232456,0.8181659845107113,SIMULATED,NORMAL
2026-06-18T12:39:21.173086+00:00,DION_001,232457,0.6063404596507802,SIMULATED,NORMAL
2026-06-18T12:39:21.183473+00:00,DION_001,232458,1.2020102023987644,SIMULATED,NORMAL
2026-06-18T12:39:21.193936+00:00,DION_001,232459,1.0539856930040576,SIMULATED,NORMAL
2026-06-18T12:39:21.204353+00:00,DION_001,232460,1.1067981325217287,SIMULATED,NORMAL
2026-06-18T12:39:21.214892+00:00,DION_001,232461,0.8098949078267781,SIMULATED,NORMAL
2026-06-18T12:39:21.225356+00:00,DION_001,232462,0.8848388221203474,SIMULATED,NORMAL
2026-06-18T12:39:21.235770+00:00,DION_001,232463,0.929831259852376,SIMULATED,NORMAL
2026-06-18T12:39:21.246279+00:00,DION_001,232464,0.8771275197964622,SIMULATED,NORMAL
2026-06-18T12:39:21.256713+00:00,DION_001,232465,0.6365781456242767,SIMULATED,NORMAL
2026-06-18T12:39:21.267049+00:00,DION_001,232466,0.7251676179000387,SIMULATED,NORMAL
2026-06-18T12:39:21.277583+00:00,DION_001,232467,0.4989733148227975,SIMULATED,NORMAL
2026-06-18T12:39:21.287991+00:00,DION_001,232468,0.2500721423668576,SIMULATED,NORMAL
2026-06-18T12:39:21.298350+00:00,DION_001,232469,0.4340435437704826,SIMULATED,NORMAL
2026-06-18T12:39:21.308678+00:00,DION_001,232470,0.42221427717166776,SIMULATED,NORMAL
2026-06-18T12:39:21.319084+00:00,DION_001,232471,0.3591601789892983,SIMULATED,NORMAL
2026-06-18T12:39:21.329604+00:00,DION_001,232472,0.269356327416709,SIMULATED,NORMAL
2026-06-18T12:39:21.339840+00:00,DION_001,232473,0.6455161694873013,SIMULATED,NORMAL
2026-06-18T12:39:21.350213+00:00,DION_001,232474,0.5688209163918159,SIMULATED,NORMAL
2026-06-18T12:39:21.360721+00:00,DION_001,232475,0.48526663065211084,SIMULATED,NORMAL
2026-06-18T12:39:21.371152+00:00,DION_001,232476,0.3078974577877133,SIMULATED,NORMAL
2026-06-18T12:39:21.381796+00:00,DION_001,232477,0.504908922781544,SIMULATED,NORMAL
2026-06-18T12:39:21.392074+00:00,DION_001,232478,0.4650984053774314,SIMULATED,NORMAL
2026-06-18T12:39:21.402330+00:00,DION_001,232479,0.32543677453286557,SIMULATED,NORMAL
2026-06-18T12:39:21.412635+00:00,DION_001,232480,0.3234496723915644,SIMULATED,NORMAL
2026-06-18T12:39:21.422880+00:00,DION_001,232481,0.00018158999224976435,SIMULATED,NORMAL
2026-06-18T12:39:21.433089+00:00,DION_001,232482,0.28291949877613193,SIMULATED,NORMAL
2026-06-18T12:39:21.443294+00:00,DION_001,232483,0.37590098166908226,SIMULATED,NORMAL
2026-06-18T12:39:21.453541+00:00,DION_001,232484,0.0501890874791481,SIMULATED,NORMAL
2026-06-18T12:39:21.463874+00:00,DION_001,232485,0.05500039311630803,SIMULATED,NORMAL
2026-06-18T12:39:21.474281+00:00,DION_001,232486,0.1235860521287107,SIMULATED,NORMAL
2026-06-18T12:39:21.484528+00:00,DION_001,232487,0.06916467250496329,SIMULATED,NORMAL
2026-06-18T12:39:21.494851+00:00,DION_001,232488,0.24940398243506162,SIMULATED,NORMAL
2026-06-18T12:39:21.505105+00:00,DION_001,232489,0.34522974200828793,SIMULATED,NORMAL
2026-06-18T12:39:21.515357+00:00,DION_001,232490,0.08429824541628937,SIMULATED,NORMAL
2026-06-18T12:39:21.525679+00:00,DION_001,232491,0.1702312649284549,SIMULATED,NORMAL
2026-06-18T12:39:21.535948+00:00,DION_001,232492,0.2201990606746091,SIMULATED,NORMAL
2026-06-18T12:39:21.546188+00:00,DION_001,232493,0.019550744745243265,SIMULATED,NORMAL
2026-06-18T12:39:21.556470+00:00,DION_001,232494,0.1293702053241143,SIMULATED,NORMAL
2026-06-18T12:39:21.566696+00:00,DION_001,232495,0.1834207254113551,SIMULATED,NORMAL
2026-06-18T12:39:21.576916+00:00,DION_001,232496,0.3930480786186642,SIMULATED,NORMAL
2026-06-18T12:39:21.589981+00:00,DION_001,232497,0.1848379886711516,SIMULATED,NORMAL
2026-06-18T12:39:21.600169+00:00,DION_001,232498,0.7422567042674343,SIMULATED,NORMAL
2026-06-18T12:39:21.610501+00:00,DION_001,232499,0.2671163777294822,SIMULATED,NORMAL
2026-06-18T12:39:21.620759+00:00,DION_001,232500,0.5196705601021988,SIMULATED,NORMAL
2026-06-18T12:39:21.630973+00:00,DION_001,232501,0.4945063553423035,SIMULATED,NORMAL
2026-06-18T12:39:21.641150+00:00,DION_001,232502,0.5577690610434021,SIMULATED,NORMAL
2026-06-18T12:39:21.651392+00:00,DION_001,232503,0.3967987309304406,SIMULATED,NORMAL
2026-06-18T12:39:21.661591+00:00,DION_001,232504,0.5636020341700327,SIMULATED,NORMAL
2026-06-18T12:39:21.671806+00:00,DION_001,232505,0.23633742001492333,SIMULATED,NORMAL
2026-06-18T12:39:21.682043+00:00,DION_001,232506,0.463836083332896,SIMULATED,NORMAL
2026-06-18T12:39:21.692305+00:00,DION_001,232507,0.3176806424474503,SIMULATED,NORMAL
2026-06-18T12:39:21.702494+00:00,DION_001,232508,0.4102285517618868,SIMULATED,NORMAL
2026-06-18T12:39:21.712713+00:00,DION_001,232509,0.31771808009120095,SIMULATED,NORMAL
2026-06-18T12:39:21.722873+00:00,DION_001,232510,0.5702915278083079,SIMULATED,NORMAL
2026-06-18T12:39:21.733066+00:00,DION_001,232511,0.5312249212210786,SIMULATED,NORMAL
2026-06-18T12:39:21.743252+00:00,DION_001,232512,0.5221113231497257,SIMULATED,NORMAL
2026-06-18T12:39:21.753435+00:00,DION_001,232513,0.39638211047758587,SIMULATED,NORMAL
2026-06-18T12:39:21.763651+00:00,DION_001,232514,0.2741296318904164,SIMULATED,NORMAL
2026-06-18T12:39:21.773876+00:00,DION_001,232515,0.30287514754938005,SIMULATED,NORMAL
2026-06-18T12:39:21.784041+00:00,DION_001,232516,0.735071696556183,SIMULATED,NORMAL
2026-06-18T12:39:21.794224+00:00,DION_001,232517,0.6383279287013643,SIMULATED,NORMAL
2026-06-18T12:39:21.804457+00:00,DION_001,232518,0.8889922964302797,SIMULATED,NORMAL
2026-06-18T12:39:21.814628+00:00,DION_001,232519,0.3958439617953157,SIMULATED,NORMAL
2026-06-18T12:39:21.824827+00:00,DION_001,232520,0.5523560570777661,SIMULATED,NORMAL
2026-06-18T12:39:21.835013+00:00,DION_001,232521,0.6184404802609645,SIMULATED,NORMAL
2026-06-18T12:39:21.845182+00:00,DION_001,232522,0.7840331223725924,SIMULATED,NORMAL
2026-06-18T12:39:21.855366+00:00,DION_001,232523,1.0388521696642505,SIMULATED,NORMAL
2026-06-18T12:39:21.865572+00:00,DION_001,232524,0.5714876250103298,SIMULATED,NORMAL
2026-06-18T12:39:21.875750+00:00,DION_001,232525,0.7485552485039689,SIMULATED,NORMAL
2026-06-18T12:39:21.885990+00:00,DION_001,232526,0.38941227035890813,SIMULATED,NORMAL
2026-06-18T12:39:21.896175+00:00,DION_001,232527,0.4361857177088286,SIMULATED,NORMAL
2026-06-18T12:39:21.906350+00:00,DION_001,232528,0.4208584837826362,SIMULATED,NORMAL
2026-06-18T12:39:21.916544+00:00,DION_001,232529,0.38073619028051,SIMULATED,NORMAL
2026-06-18T12:39:21.926722+00:00,DION_001,232530,0.48120148839442034,SIMULATED,NORMAL
2026-06-18T12:39:21.936928+00:00,DION_001,232531,0.5616467820236399,SIMULATED,NORMAL
2026-06-18T12:39:21.947123+00:00,DION_001,232532,0.6543229250031786,SIMULATED,NORMAL
2026-06-18T12:39:21.957408+00:00,DION_001,232533,0.6450268540010817,SIMULATED,NORMAL
2026-06-18T12:39:21.967596+00:00,DION_001,232534,0.16714818087765676,SIMULATED,NORMAL
2026-06-18T12:39:21.978060+00:00,DION_001,232535,0.5546933180745706,SIMULATED,NORMAL
2026-06-18T12:39:21.988418+00:00,DION_001,232536,0.3147495450243256,SIMULATED,NORMAL
2026-06-18T12:39:21.998743+00:00,DION_001,232537,0.1643484349532104,SIMULATED,NORMAL
2026-06-18T12:39:22.008985+00:00,DION_001,232538,0.11269176776743482,SIMULATED,NORMAL
2026-06-18T12:39:22.019279+00:00,DION_001,232539,0.10807019567048162,SIMULATED,NORMAL
2026-06-18T12:39:22.029554+00:00,DION_001,232540,0.5097061511789264,SIMULATED,NORMAL
2026-06-18T12:39:22.039893+00:00,DION_001,232541,0.06916523400827547,SIMULATED,NORMAL
2026-06-18T12:39:22.050183+00:00,DION_001,232542,-0.032371910348291594,SIMULATED,NORMAL
2026-06-18T12:39:22.060496+00:00,DION_001,232543,-0.04074368827232032,SIMULATED,NORMAL
2026-06-18T12:39:22.070816+00:00,DION_001,232544,-0.29272884236480723,SIMULATED,NORMAL
2026-06-18T12:39:22.081241+00:00,DION_001,232545,0.1373990046635255,SIMULATED,NORMAL
2026-06-18T12:39:22.091522+00:00,DION_001,232546,0.028936888576647113,SIMULATED,NORMAL
2026-06-18T12:39:22.101823+00:00,DION_001,232547,0.03862283789291229,SIMULATED,NORMAL
2026-06-18T12:39:22.112262+00:00,DION_001,232548,-0.10614202470701913,SIMULATED,NORMAL
2026-06-18T12:39:22.122748+00:00,DION_001,232549,-0.3841711297838425,SIMULATED,NORMAL
2026-06-18T12:39:22.133188+00:00,DION_001,232550,-0.533735933349411,SIMULATED,NORMAL
2026-06-18T12:39:22.143664+00:00,DION_001,232551,-0.5636124810481423,SIMULATED,NORMAL
2026-06-18T12:39:22.154351+00:00,DION_001,232552,-0.4966620609040593,SIMULATED,NORMAL
2026-06-18T12:39:22.164713+00:00,DION_001,232553,-0.35443132316587855,SIMULATED,NORMAL
2026-06-18T12:39:22.175274+00:00,DION_001,232554,-0.5752367920589352,SIMULATED,NORMAL
2026-06-18T12:39:22.185744+00:00,DION_001,232555,-0.451194132231023,SIMULATED,NORMAL
2026-06-18T12:39:22.196256+00:00,DION_001,232556,-0.739729529361192,SIMULATED,NORMAL
2026-06-18T12:39:22.206692+00:00,DION_001,232557,-1.090220530468887,SIMULATED,NORMAL
2026-06-18T12:39:22.217117+00:00,DION_001,232558,-0.6327261802268815,SIMULATED,NORMAL
2026-06-18T12:39:22.227473+00:00,DION_001,232559,-0.7152253150624035,SIMULATED,NORMAL
2026-06-18T12:39:22.237880+00:00,DION_001,232560,-0.6623757815767274,SIMULATED,NORMAL
2026-06-18T12:39:22.248491+00:00,DION_001,232561,-0.7138814998259333,SIMULATED,NORMAL
2026-06-18T12:39:22.258847+00:00,DION_001,232562,-0.5662594217703254,SIMULATED,NORMAL
2026-06-18T12:39:22.269280+00:00,DION_001,232563,-0.7838309285577753,SIMULATED,NORMAL
2026-06-18T12:39:22.279811+00:00,DION_001,232564,-0.7591612275443083,SIMULATED,NORMAL
2026-06-18T12:39:22.290321+00:00,DION_001,232565,-0.7882523017365783,SIMULATED,NORMAL
2026-06-18T12:39:22.300736+00:00,DION_001,232566,-0.5998064460600641,SIMULATED,NORMAL
2026-06-18T12:39:22.311119+00:00,DION_001,232567,-0.7425417919745995,SIMULATED,NORMAL
2026-06-18T12:39:22.321591+00:00,DION_001,232568,-0.9930290308779891,SIMULATED,NORMAL
2026-06-18T12:39:22.332052+00:00,DION_001,232569,-0.8612150447173935,SIMULATED,NORMAL
2026-06-18T12:39:22.342627+00:00,DION_001,232570,-0.7208201274610697,SIMULATED,NORMAL
2026-06-18T12:39:22.353139+00:00,DION_001,232571,-0.7542439707926365,SIMULATED,NORMAL
2026-06-18T12:39:22.363576+00:00,DION_001,232572,-0.8561805885252627,SIMULATED,NORMAL
2026-06-18T12:39:22.373997+00:00,DION_001,232573,-0.7736183780674927,SIMULATED,NORMAL
2026-06-18T12:39:22.384537+00:00,DION_001,232574,-0.7378015998162966,SIMULATED,NORMAL
2026-06-18T12:39:22.394937+00:00,DION_001,232575,-0.7474594795624527,SIMULATED,NORMAL
2026-06-18T12:39:22.405375+00:00,DION_001,232576,-0.6640351558464808,SIMULATED,NORMAL
2026-06-18T12:39:22.415823+00:00,DION_001,232577,-0.9124627815214957,SIMULATED,NORMAL
2026-06-18T12:39:22.426235+00:00,DION_001,232578,-0.8478600364341566,SIMULATED,NORMAL
2026-06-18T12:39:22.436719+00:00,DION_001,232579,-0.6708821655147239,SIMULATED,NORMAL
2026-06-18T12:39:22.447126+00:00,DION_001,232580,-0.5139583722443792,SIMULATED,NORMAL
2026-06-18T12:39:22.457495+00:00,DION_001,232581,-0.6647255275042246,SIMULATED,NORMAL
2026-06-18T12:39:22.467822+00:00,DION_001,232582,-0.6446892807911766,SIMULATED,NORMAL
2026-06-18T12:39:22.478227+00:00,DION_001,232583,-0.6939921518383146,SIMULATED,NORMAL
2026-06-18T12:39:22.488558+00:00,DION_001,232584,-0.3903621223819438,SIMULATED,NORMAL
2026-06-18T12:39:22.498903+00:00,DION_001,232585,-0.5126142900614107,SIMULATED,NORMAL
2026-06-18T12:39:22.509258+00:00,DION_001,232586,-0.5062488355299456,SIMULATED,NORMAL
2026-06-18T12:39:22.519642+00:00,DION_001,232587,-0.7151140499821905,SIMULATED,NORMAL
2026-06-18T12:39:22.530310+00:00,DION_001,232588,-0.5051659104902102,SIMULATED,NORMAL
2026-06-18T12:39:22.540842+00:00,DION_001,232589,-0.4869850631993266,SIMULATED,NORMAL
2026-06-18T12:39:22.551325+00:00,DION_001,232590,-0.3223013735344399,SIMULATED,NORMAL
2026-06-18T12:39:22.561700+00:00,DION_001,232591,-0.4175005895769156,SIMULATED,NORMAL
2026-06-18T12:39:22.572097+00:00,DION_001,232592,-0.4394647725512677,SIMULATED,NORMAL
2026-06-18T12:39:22.582542+00:00,DION_001,232593,-0.28342597199801467,SIMULATED,NORMAL
2026-06-18T12:39:22.592981+00:00,DION_001,232594,-0.4632297836905286,SIMULATED,NORMAL
2026-06-18T12:39:22.603550+00:00,DION_001,232595,-0.22522119525505496,SIMULATED,NORMAL
2026-06-18T12:39:22.613975+00:00,DION_001,232596,-0.28181841643928895,SIMULATED,NORMAL
2026-06-18T12:39:22.624538+00:00,DION_001,232597,-0.22126365979883317,SIMULATED,NORMAL
2026-06-18T12:39:22.635037+00:00,DION_001,232598,-0.5553016913422988,SIMULATED,NORMAL
2026-06-18T12:39:22.645521+00:00,DION_001,232599,-0.5559042434255282,SIMULATED,NORMAL
2026-06-18T12:39:22.656005+00:00,DION_001,232600,-0.2711234921374792,SIMULATED,NORMAL
2026-06-18T12:39:22.666441+00:00,DION_001,232601,-0.24927389106246275,SIMULATED,NORMAL
2026-06-18T12:39:22.676804+00:00,DION_001,232602,-0.436308241647415,SIMULATED,NORMAL
2026-06-18T12:39:22.687207+00:00,DION_001,232603,-0.481242047386519,SIMULATED,NORMAL
2026-06-18T12:39:22.697563+00:00,DION_001,232604,-0.29807606960801136,SIMULATED,NORMAL
2026-06-18T12:39:22.707906+00:00,DION_001,232605,-0.3879592292328608,SIMULATED,NORMAL
2026-06-18T12:39:22.718343+00:00,DION_001,232606,-0.21302079561024495,SIMULATED,NORMAL
2026-06-18T12:39:22.728695+00:00,DION_001,232607,-0.26000086148876994,SIMULATED,NORMAL
2026-06-18T12:39:22.739020+00:00,DION_001,232608,-2.1119082108145735,SIMULATED,EVENT_DETECTED
2026-06-18T12:39:22.749583+00:00,DION_001,232609,-0.4596779716159255,SIMULATED,NORMAL
2026-06-18T12:39:22.759801+00:00,DION_001,232610,-0.4631759569952927,SIMULATED,NORMAL
2026-06-18T12:39:22.770025+00:00,DION_001,232611,-0.4590844627177226,SIMULATED,NORMAL
2026-06-18T12:39:22.780457+00:00,DION_001,232612,-0.2487800893711323,SIMULATED,NORMAL
2026-06-18T12:39:22.790821+00:00,DION_001,232613,-0.4246165218522145,SIMULATED,NORMAL
2026-06-18T12:39:22.801146+00:00,DION_001,232614,-0.27050519797649153,SIMULATED,NORMAL
2026-06-18T12:39:22.811427+00:00,DION_001,232615,-0.6793765303880315,SIMULATED,NORMAL
2026-06-18T12:39:22.821734+00:00,DION_001,232616,-0.5999554822951292,SIMULATED,NORMAL
2026-06-18T12:39:22.832036+00:00,DION_001,232617,-0.7424233030465375,SIMULATED,NORMAL
2026-06-18T12:39:22.842364+00:00,DION_001,232618,-0.3702577816763053,SIMULATED,NORMAL
2026-06-18T12:39:22.852740+00:00,DION_001,232619,-0.7004135299932273,SIMULATED,NORMAL
2026-06-18T12:39:22.863004+00:00,DION_001,232620,-0.7158905464007722,SIMULATED,NORMAL
2026-06-18T12:39:22.873240+00:00,DION_001,232621,-0.5669512172073806,SIMULATED,NORMAL
2026-06-18T12:39:22.883502+00:00,DION_001,232622,-0.5125960820803608,SIMULATED,NORMAL
2026-06-18T12:39:22.893716+00:00,DION_001,232623,-0.46031070770275023,SIMULATED,NORMAL
2026-06-18T12:39:22.904016+00:00,DION_001,232624,-0.7857341640401093,SIMULATED,NORMAL
2026-06-18T12:39:22.914280+00:00,DION_001,232625,-0.8199476193921922,SIMULATED,NORMAL
2026-06-18T12:39:22.924591+00:00,DION_001,232626,-0.8367551563517353,SIMULATED,NORMAL
2026-06-18T12:39:22.935009+00:00,DION_001,232627,-1.3144101362353324,SIMULATED,NORMAL
2026-06-18T12:39:22.945358+00:00,DION_001,232628,-0.6295910564866763,SIMULATED,NORMAL
2026-06-18T12:39:22.955717+00:00,DION_001,232629,-0.8812131697229694,SIMULATED,NORMAL
2026-06-18T12:39:22.966083+00:00,DION_001,232630,-1.0417685240764125,SIMULATED,NORMAL
2026-06-18T12:39:22.976590+00:00,DION_001,232631,-1.0494339239914678,SIMULATED,NORMAL
2026-06-18T12:39:22.986918+00:00,DION_001,232632,-1.0894593134422066,SIMULATED,NORMAL
2026-06-18T12:39:22.997301+00:00,DION_001,232633,-0.8999615121829039,SIMULATED,NORMAL
2026-06-18T12:39:23.007690+00:00,DION_001,232634,-1.1852671022514767,SIMULATED,NORMAL
2026-06-18T12:39:23.018016+00:00,DION_001,232635,-1.1787169224148473,SIMULATED,NORMAL
2026-06-18T12:39:23.028515+00:00,DION_001,232636,-1.255953354645234,SIMULATED,NORMAL
2026-06-18T12:39:23.038939+00:00,DION_001,232637,-1.0908921649003782,SIMULATED,NORMAL
2026-06-18T12:39:23.049226+00:00,DION_001,232638,-0.892041927733333,SIMULATED,NORMAL
2026-06-18T12:39:23.059516+00:00,DION_001,232639,-1.3000774726709179,SIMULATED,NORMAL
2026-06-18T12:39:23.069774+00:00,DION_001,232640,-1.20336858665165,SIMULATED,NORMAL
2026-06-18T12:39:23.080152+00:00,DION_001,232641,-1.0663800428649264,SIMULATED,NORMAL
2026-06-18T12:39:23.090461+00:00,DION_001,232642,-1.1413683049085432,SIMULATED,NORMAL
2026-06-18T12:39:23.100681+00:00,DION_001,232643,-1.3425296935020914,SIMULATED,NORMAL
2026-06-18T12:39:23.110942+00:00,DION_001,232644,-1.0678552314593448,SIMULATED,NORMAL
2026-06-18T12:39:23.121212+00:00,DION_001,232645,-1.2637573286199077,SIMULATED,NORMAL
2026-06-18T12:39:23.131510+00:00,DION_001,232646,-1.3353205700923108,SIMULATED,NORMAL
2026-06-18T12:39:23.141765+00:00,DION_001,232647,-0.9983300092315766,SIMULATED,NORMAL
2026-06-18T12:39:23.151944+00:00,DION_001,232648,-0.9293804902672431,SIMULATED,NORMAL
2026-06-18T12:39:23.162075+00:00,DION_001,232649,-1.2994083875838849,SIMULATED,NORMAL
2026-06-18T12:39:23.172299+00:00,DION_001,232650,-1.0910207440847204,SIMULATED,NORMAL
2026-06-18T12:39:23.182470+00:00,DION_001,232651,-1.2274083757992933,SIMULATED,NORMAL
2026-06-18T12:39:23.192679+00:00,DION_001,232652,-1.325337049590933,SIMULATED,NORMAL
2026-06-18T12:39:23.202940+00:00,DION_001,232653,-0.9262194446768922,SIMULATED,NORMAL
2026-06-18T12:39:23.213380+00:00,DION_001,232654,-1.2002129797766994,SIMULATED,NORMAL
2026-06-18T12:39:23.223821+00:00,DION_001,232655,-0.8238520672637881,SIMULATED,NORMAL
2026-06-18T12:39:23.234246+00:00,DION_001,232656,-1.257984313766707,SIMULATED,NORMAL
2026-06-18T12:39:23.244601+00:00,DION_001,232657,-1.264273247968169,SIMULATED,NORMAL
2026-06-18T12:39:23.254935+00:00,DION_001,232658,-0.7890170028580196,SIMULATED,NORMAL
2026-06-18T12:39:23.265280+00:00,DION_001,232659,-0.8788090992592584,SIMULATED,NORMAL
2026-06-18T12:39:23.276359+00:00,DION_001,232660,-1.2307543525456008,SIMULATED,NORMAL
2026-06-18T12:39:23.286935+00:00,DION_001,232661,-0.9698955535126268,SIMULATED,NORMAL
2026-06-18T12:39:23.297478+00:00,DION_001,232662,-0.9918115450227383,SIMULATED,NORMAL
2026-06-18T12:39:23.307877+00:00,DION_001,232663,-0.9831870633794201,SIMULATED,NORMAL
2026-06-18T12:39:23.318351+00:00,DION_001,232664,-0.7970395878779271,SIMULATED,NORMAL
2026-06-18T12:39:23.328867+00:00,DION_001,232665,-0.7412320348343306,SIMULATED,NORMAL
2026-06-18T12:39:23.339287+00:00,DION_001,232666,-1.0431828041997944,SIMULATED,NORMAL
2026-06-18T12:39:23.349766+00:00,DION_001,232667,-0.6304273819593571,SIMULATED,NORMAL
2026-06-18T12:39:23.360262+00:00,DION_001,232668,-0.5019808130722011,SIMULATED,NORMAL
2026-06-18T12:39:23.370676+00:00,DION_001,232669,-0.8803495480845304,SIMULATED,NORMAL
2026-06-18T12:39:23.381123+00:00,DION_001,232670,-0.6879565759680208,SIMULATED,NORMAL
2026-06-18T12:39:23.391721+00:00,DION_001,232671,-0.5926855089370612,SIMULATED,NORMAL
2026-06-18T12:39:23.402086+00:00,DION_001,232672,-0.6272027026251145,SIMULATED,NORMAL
2026-06-18T12:39:23.412766+00:00,DION_001,232673,-0.35760185875560646,SIMULATED,NORMAL
2026-06-18T12:39:23.423243+00:00,DION_001,232674,-0.5617253957921144,SIMULATED,NORMAL
2026-06-18T12:39:23.433615+00:00,DION_001,232675,-0.5032365484736108,SIMULATED,NORMAL
2026-06-18T12:39:23.443990+00:00,DION_001,232676,-0.4647080028261843,SIMULATED,NORMAL
2026-06-18T12:39:23.454400+00:00,DION_001,232677,-0.33496353521917954,SIMULATED,NORMAL
2026-06-18T12:39:23.464853+00:00,DION_001,232678,-0.41417864304623225,SIMULATED,NORMAL
2026-06-18T12:39:23.475128+00:00,DION_001,232679,-0.3722523000178428,SIMULATED,NORMAL
2026-06-18T12:39:23.485479+00:00,DION_001,232680,-0.2944412811958473,SIMULATED,NORMAL
2026-06-18T12:39:23.495808+00:00,DION_001,232681,-0.17713686124705844,SIMULATED,NORMAL
2026-06-18T12:39:23.506404+00:00,DION_001,232682,0.12573272843160532,SIMULATED,NORMAL
2026-06-18T12:39:23.517200+00:00,DION_001,232683,-0.379540894193661,SIMULATED,NORMAL
2026-06-18T12:39:23.527520+00:00,DION_001,232684,-0.28499021885980647,SIMULATED,NORMAL
2026-06-18T12:39:23.537878+00:00,DION_001,232685,-0.10489050888576489,SIMULATED,NORMAL
2026-06-18T12:39:23.548328+00:00,DION_001,232686,-0.21341315445015774,SIMULATED,NORMAL
2026-06-18T12:39:23.558841+00:00,DION_001,232687,0.13632682541769225,SIMULATED,NORMAL
2026-06-18T12:39:23.569321+00:00,DION_001,232688,-0.231246958932099,SIMULATED,NORMAL
2026-06-18T12:39:23.580027+00:00,DION_001,232689,-0.13922389311856345,SIMULATED,NORMAL
2026-06-18T12:39:23.590589+00:00,DION_001,232690,0.015061215924688398,SIMULATED,NORMAL
2026-06-18T12:39:23.601003+00:00,DION_001,232691,-0.039286968199607725,SIMULATED,NORMAL
2026-06-18T12:39:23.611324+00:00,DION_001,232692,-0.026468329736180574,SIMULATED,NORMAL
2026-06-18T12:39:23.621678+00:00,DION_001,232693,-0.2517309191524164,SIMULATED,NORMAL
2026-06-18T12:39:23.632062+00:00,DION_001,232694,-0.2895638462467348,SIMULATED,NORMAL
2026-06-18T12:39:23.642426+00:00,DION_001,232695,-0.1082379008975202,SIMULATED,NORMAL
2026-06-18T12:39:23.652995+00:00,DION_001,232696,-0.009500835809681807,SIMULATED,NORMAL
2026-06-18T12:39:23.663518+00:00,DION_001,232697,-0.4526234006776206,SIMULATED,NORMAL
2026-06-18T12:39:23.673873+00:00,DION_001,232698,-0.10407393023609796,SIMULATED,NORMAL
2026-06-18T12:39:23.684330+00:00,DION_001,232699,-0.3876049406658746,SIMULATED,NORMAL
2026-06-18T12:39:23.694868+00:00,DION_001,232700,-0.15905402401003074,SIMULATED,NORMAL
2026-06-18T12:39:23.705293+00:00,DION_001,232701,-0.1941637915012417,SIMULATED,NORMAL
2026-06-18T12:39:23.715756+00:00,DION_001,232702,-0.28259024143338257,SIMULATED,NORMAL
2026-06-18T12:39:23.726251+00:00,DION_001,232703,-0.6170718865493645,SIMULATED,NORMAL
2026-06-18T12:39:23.736737+00:00,DION_001,232704,-0.4139873754358674,SIMULATED,NORMAL
2026-06-18T12:39:23.747219+00:00,DION_001,232705,-0.31265207729674266,SIMULATED,NORMAL
2026-06-18T12:39:23.757642+00:00,DION_001,232706,-0.3791621844849946,SIMULATED,NORMAL
2026-06-18T12:39:23.768118+00:00,DION_001,232707,-0.43685092238828144,SIMULATED,NORMAL
2026-06-18T12:39:23.778713+00:00,DION_001,232708,-0.3218348179257676,SIMULATED,NORMAL
2026-06-18T12:39:23.789342+00:00,DION_001,232709,-0.45752991628705986,SIMULATED,NORMAL
2026-06-18T12:39:23.799759+00:00,DION_001,232710,-0.44896906566955613,SIMULATED,NORMAL
2026-06-18T12:39:23.810231+00:00,DION_001,232711,-0.2109693165417111,SIMULATED,NORMAL
2026-06-18T12:39:23.820759+00:00,DION_001,232712,-0.3319135496976615,SIMULATED,NORMAL
2026-06-18T12:39:23.831533+00:00,DION_001,232713,-0.49331175393890164,SIMULATED,NORMAL
2026-06-18T12:39:23.841926+00:00,DION_001,232714,-0.3251242648400239,SIMULATED,NORMAL
2026-06-18T12:39:23.852270+00:00,DION_001,232715,-0.3069101518017049,SIMULATED,NORMAL
2026-06-18T12:39:23.862618+00:00,DION_001,232716,-0.42311330402645664,SIMULATED,NORMAL
2026-06-18T12:39:23.872997+00:00,DION_001,232717,-0.4256778162706184,SIMULATED,NORMAL
2026-06-18T12:39:23.883376+00:00,DION_001,232718,-0.4283357011113035,SIMULATED,NORMAL
2026-06-18T12:39:23.893889+00:00,DION_001,232719,-0.2595560356991622,SIMULATED,NORMAL
2026-06-18T12:39:23.904261+00:00,DION_001,232720,-0.3224811255148484,SIMULATED,NORMAL
2026-06-18T12:39:23.914723+00:00,DION_001,232721,-0.253997298367243,SIMULATED,NORMAL
2026-06-18T12:39:23.925228+00:00,DION_001,232722,-0.31607770593413764,SIMULATED,NORMAL
2026-06-18T12:39:23.935670+00:00,DION_001,232723,-0.9053596411652156,SIMULATED,NORMAL
2026-06-18T12:39:23.946213+00:00,DION_001,232724,-0.25128039297258353,SIMULATED,NORMAL
2026-06-18T12:39:23.956743+00:00,DION_001,232725,-0.39203285216518596,SIMULATED,NORMAL
2026-06-18T12:39:23.967115+00:00,DION_001,232726,-0.43299581250299746,SIMULATED,NORMAL
2026-06-18T12:39:23.977553+00:00,DION_001,232727,-0.3921254401402222,SIMULATED,NORMAL
2026-06-18T12:39:23.988054+00:00,DION_001,232728,-0.30849425816330944,SIMULATED,NORMAL
2026-06-18T12:39:23.998393+00:00,DION_001,232729,-0.4288794761487252,SIMULATED,NORMAL
2026-06-18T12:39:24.008865+00:00,DION_001,232730,-0.3768330023171205,SIMULATED,NORMAL
2026-06-18T12:39:24.019241+00:00,DION_001,232731,-0.40853369580592813,SIMULATED,NORMAL
2026-06-18T12:39:24.029694+00:00,DION_001,232732,-0.3250496469994444,SIMULATED,NORMAL
2026-06-18T12:39:24.040087+00:00,DION_001,232733,0.013216862128280937,SIMULATED,NORMAL
2026-06-18T12:39:24.050539+00:00,DION_001,232734,-0.17165891978016315,SIMULATED,NORMAL
2026-06-18T12:39:24.060839+00:00,DION_001,232735,-0.4655043328715399,SIMULATED,NORMAL
2026-06-18T12:39:24.071295+00:00,DION_001,232736,0.07872190214999603,SIMULATED,NORMAL
2026-06-18T12:39:24.081760+00:00,DION_001,232737,-0.40785228181825584,SIMULATED,NORMAL
2026-06-18T12:39:24.092116+00:00,DION_001,232738,-0.34130636281885307,SIMULATED,NORMAL
2026-06-18T12:39:24.102527+00:00,DION_001,232739,-0.08088779276182126,SIMULATED,NORMAL
2026-06-18T12:39:24.113071+00:00,DION_001,232740,-0.21703802594540056,SIMULATED,NORMAL
2026-06-18T12:39:24.123624+00:00,DION_001,232741,0.029980238329859587,SIMULATED,NORMAL
2026-06-18T12:39:24.134108+00:00,DION_001,232742,0.22099631593919572,SIMULATED,NORMAL
2026-06-18T12:39:24.144757+00:00,DION_001,232743,0.32242621172676245,SIMULATED,NORMAL
2026-06-18T12:39:24.155186+00:00,DION_001,232744,0.4598896716864524,SIMULATED,NORMAL
2026-06-18T12:39:24.165764+00:00,DION_001,232745,0.3159716715459828,SIMULATED,NORMAL
2026-06-18T12:39:24.176263+00:00,DION_001,232746,0.38196449751397077,SIMULATED,NORMAL
2026-06-18T12:39:24.186794+00:00,DION_001,232747,0.3879051497643465,SIMULATED,NORMAL
2026-06-18T12:39:24.197359+00:00,DION_001,232748,0.5370736927788226,SIMULATED,NORMAL
2026-06-18T12:39:24.207870+00:00,DION_001,232749,0.3752960356832454,SIMULATED,NORMAL
2026-06-18T12:39:24.218416+00:00,DION_001,232750,0.6627845156928123,SIMULATED,NORMAL
2026-06-18T12:39:24.228908+00:00,DION_001,232751,0.509704103228857,SIMULATED,NORMAL
2026-06-18T12:39:24.239412+00:00,DION_001,232752,0.4514759737616817,SIMULATED,NORMAL
2026-06-18T12:39:24.249859+00:00,DION_001,232753,0.8123747399853953,SIMULATED,NORMAL
2026-06-18T12:39:24.260360+00:00,DION_001,232754,0.5968451471109792,SIMULATED,NORMAL
2026-06-18T12:39:24.270843+00:00,DION_001,232755,0.6684105736347365,SIMULATED,NORMAL
2026-06-18T12:39:24.281410+00:00,DION_001,232756,0.8312587028122321,SIMULATED,NORMAL
2026-06-18T12:39:24.291951+00:00,DION_001,232757,0.5731818929116493,SIMULATED,NORMAL
2026-06-18T12:39:24.302485+00:00,DION_001,232758,0.3926736638681994,SIMULATED,NORMAL
2026-06-18T12:39:24.312897+00:00,DION_001,232759,0.7948408544736548,SIMULATED,NORMAL
2026-06-18T12:39:24.323420+00:00,DION_001,232760,0.5682146155878441,SIMULATED,NORMAL
2026-06-18T12:39:24.333746+00:00,DION_001,232761,0.660962542475779,SIMULATED,NORMAL
2026-06-18T12:39:24.344308+00:00,DION_001,232762,1.024086467542316,SIMULATED,NORMAL
2026-06-18T12:39:24.354905+00:00,DION_001,232763,0.6352293848077101,SIMULATED,NORMAL
2026-06-18T12:39:24.365485+00:00,DION_001,232764,0.7981016982779127,SIMULATED,NORMAL
2026-06-18T12:39:24.375905+00:00,DION_001,232765,0.8921956049760674,SIMULATED,NORMAL
2026-06-18T12:39:24.386360+00:00,DION_001,232766,1.0570667839821737,SIMULATED,NORMAL
2026-06-18T12:39:24.396851+00:00,DION_001,232767,0.8707340736400948,SIMULATED,NORMAL
2026-06-18T12:39:24.407312+00:00,DION_001,232768,0.8130080442276392,SIMULATED,NORMAL
2026-06-18T12:39:24.417729+00:00,DION_001,232769,1.0318362454236933,SIMULATED,NORMAL
2026-06-18T12:39:24.428225+00:00,DION_001,232770,0.7138205471664578,SIMULATED,NORMAL
2026-06-18T12:39:24.438653+00:00,DION_001,232771,0.7028625945024377,SIMULATED,NORMAL
2026-06-18T12:39:24.449077+00:00,DION_001,232772,0.6895748296497778,SIMULATED,NORMAL
2026-06-18T12:39:24.459526+00:00,DION_001,232773,0.7017127739716307,SIMULATED,NORMAL
2026-06-18T12:39:24.469948+00:00,DION_001,232774,1.0877015066106552,SIMULATED,NORMAL
2026-06-18T12:39:24.480446+00:00,DION_001,232775,1.127299086657526,SIMULATED,NORMAL
2026-06-18T12:39:24.490924+00:00,DION_001,232776,1.0113349717303868,SIMULATED,NORMAL
2026-06-18T12:39:24.501447+00:00,DION_001,232777,0.8175941669432867,SIMULATED,NORMAL
2026-06-18T12:39:24.511927+00:00,DION_001,232778,0.7653608732064349,SIMULATED,NORMAL
2026-06-18T12:39:24.522383+00:00,DION_001,232779,0.8923866394169643,SIMULATED,NORMAL
2026-06-18T12:39:24.532786+00:00,DION_001,232780,0.4590794524115902,SIMULATED,NORMAL
2026-06-18T12:39:24.543139+00:00,DION_001,232781,1.0513737273348287,SIMULATED,NORMAL
2026-06-18T12:39:24.553481+00:00,DION_001,232782,0.779521238259663,SIMULATED,NORMAL
2026-06-18T12:39:24.563744+00:00,DION_001,232783,0.7423113746812475,SIMULATED,NORMAL
2026-06-18T12:39:24.574241+00:00,DION_001,232784,0.706928846388737,SIMULATED,NORMAL
2026-06-18T12:39:24.584887+00:00,DION_001,232785,0.5281335593379672,SIMULATED,NORMAL
2026-06-18T12:39:24.595384+00:00,DION_001,232786,0.5091722431647872,SIMULATED,NORMAL
2026-06-18T12:39:24.605776+00:00,DION_001,232787,0.5461077795429646,SIMULATED,NORMAL
2026-06-18T12:39:24.616096+00:00,DION_001,232788,0.6401497948998932,SIMULATED,NORMAL
2026-06-18T12:39:24.626489+00:00,DION_001,232789,0.3467703531368343,SIMULATED,NORMAL
2026-06-18T12:39:24.636957+00:00,DION_001,232790,0.5420615721658175,SIMULATED,NORMAL
2026-06-18T12:39:24.647458+00:00,DION_001,232791,0.5461036147188963,SIMULATED,NORMAL
2026-06-18T12:39:24.657948+00:00,DION_001,232792,0.4627165636949703,SIMULATED,NORMAL
2026-06-18T12:39:24.668583+00:00,DION_001,232793,0.3105266620378908,SIMULATED,NORMAL
2026-06-18T12:39:24.679018+00:00,DION_001,232794,0.3666244081108526,SIMULATED,NORMAL
2026-06-18T12:39:24.689450+00:00,DION_001,232795,0.3198353441651758,SIMULATED,NORMAL
2026-06-18T12:39:24.699972+00:00,DION_001,232796,0.2636292540051308,SIMULATED,NORMAL
2026-06-18T12:39:24.710627+00:00,DION_001,232797,0.39020772054046443,SIMULATED,NORMAL
2026-06-18T12:39:24.721193+00:00,DION_001,232798,0.18194783547391533,SIMULATED,NORMAL
2026-06-18T12:39:24.731664+00:00,DION_001,232799,0.2788579106618914,SIMULATED,NORMAL
2026-06-18T12:39:24.742301+00:00,DION_001,232800,0.10328103824961044,SIMULATED,NORMAL
2026-06-18T12:39:24.752900+00:00,DION_001,232801,0.22784827501857646,SIMULATED,NORMAL
2026-06-18T12:39:24.763363+00:00,DION_001,232802,0.2710481353082956,SIMULATED,NORMAL
2026-06-18T12:39:24.773796+00:00,DION_001,232803,0.46612777737707056,SIMULATED,NORMAL
2026-06-18T12:39:24.784257+00:00,DION_001,232804,0.620735848831012,SIMULATED,NORMAL
2026-06-18T12:39:24.794630+00:00,DION_001,232805,0.4068829505370143,SIMULATED,NORMAL
2026-06-18T12:39:24.805150+00:00,DION_001,232806,0.26499139767603364,SIMULATED,NORMAL
2026-06-18T12:39:24.815623+00:00,DION_001,232807,0.3158853084028115,SIMULATED,NORMAL
2026-06-18T12:39:24.826277+00:00,DION_001,232808,0.34127376532164877,SIMULATED,NORMAL
2026-06-18T12:39:24.836677+00:00,DION_001,232809,0.29918744353010984,SIMULATED,NORMAL
2026-06-18T12:39:24.847242+00:00,DION_001,232810,0.12963035866399258,SIMULATED,NORMAL
2026-06-18T12:39:24.857785+00:00,DION_001,232811,0.15341149177592978,SIMULATED,NORMAL
2026-06-18T12:39:24.868268+00:00,DION_001,232812,0.5357686079334487,SIMULATED,NORMAL
2026-06-18T12:39:24.878888+00:00,DION_001,232813,0.5270071699563383,SIMULATED,NORMAL
2026-06-18T12:39:24.889433+00:00,DION_001,232814,0.5186846517645225,SIMULATED,NORMAL
2026-06-18T12:39:24.899945+00:00,DION_001,232815,0.5111895242893619,SIMULATED,NORMAL
2026-06-18T12:39:24.910499+00:00,DION_001,232816,0.6219807724754096,SIMULATED,NORMAL
2026-06-18T12:39:24.920951+00:00,DION_001,232817,0.6190185069606128,SIMULATED,NORMAL
2026-06-18T12:39:24.931328+00:00,DION_001,232818,0.4926764666385835,SIMULATED,NORMAL
2026-06-18T12:39:24.941871+00:00,DION_001,232819,0.8088555252581126,SIMULATED,NORMAL
2026-06-18T12:39:24.952351+00:00,DION_001,232820,0.5412658299932531,SIMULATED,NORMAL
2026-06-18T12:39:24.962841+00:00,DION_001,232821,0.8070580813229928,SIMULATED,NORMAL
2026-06-18T12:39:24.973243+00:00,DION_001,232822,0.9349180056258856,SIMULATED,NORMAL
2026-06-18T12:39:24.983775+00:00,DION_001,232823,0.7629562387338489,SIMULATED,NORMAL
2026-06-18T12:39:24.994247+00:00,DION_001,232824,0.9087980551297152,SIMULATED,NORMAL
2026-06-18T12:39:25.004689+00:00,DION_001,232825,0.8620194493621494,SIMULATED,NORMAL
2026-06-18T12:39:25.015215+00:00,DION_001,232826,0.9978137059586222,SIMULATED,NORMAL
2026-06-18T12:39:25.025730+00:00,DION_001,232827,0.90918747228013,SIMULATED,NORMAL
2026-06-18T12:39:25.036139+00:00,DION_001,232828,0.9893067180818137,SIMULATED,NORMAL
2026-06-18T12:39:25.046555+00:00,DION_001,232829,0.6773191995547392,SIMULATED,NORMAL
2026-06-18T12:39:25.057155+00:00,DION_001,232830,0.9270728621487838,SIMULATED,NORMAL
2026-06-18T12:39:25.067655+00:00,DION_001,232831,1.0376589460839198,SIMULATED,NORMAL
2026-06-18T12:39:25.078096+00:00,DION_001,232832,1.034408200889994,SIMULATED,NORMAL
2026-06-18T12:39:25.088758+00:00,DION_001,232833,1.0970804707442696,SIMULATED,NORMAL
2026-06-18T12:39:25.099236+00:00,DION_001,232834,1.19528509961832,SIMULATED,NORMAL
2026-06-18T12:39:25.109888+00:00,DION_001,232835,1.0298801859419038,SIMULATED,NORMAL
2026-06-18T12:39:25.120335+00:00,DION_001,232836,1.0578076312657165,SIMULATED,NORMAL
2026-06-18T12:39:25.130689+00:00,DION_001,232837,0.934954741530056,SIMULATED,NORMAL
2026-06-18T12:39:25.141138+00:00,DION_001,232838,1.2003559022316457,SIMULATED,NORMAL
2026-06-18T12:39:25.151599+00:00,DION_001,232839,1.273981825750413,SIMULATED,NORMAL
2026-06-18T12:39:25.161978+00:00,DION_001,232840,1.318701826383445,SIMULATED,NORMAL
2026-06-18T12:39:25.172507+00:00,DION_001,232841,1.4634225057651127,SIMULATED,NORMAL
2026-06-18T12:39:25.182852+00:00,DION_001,232842,1.2953552207916277,SIMULATED,NORMAL
2026-06-18T12:39:25.193288+00:00,DION_001,232843,1.2469738764942677,SIMULATED,NORMAL
2026-06-18T12:39:25.203719+00:00,DION_001,232844,1.3006436509745405,SIMULATED,NORMAL
2026-06-18T12:39:25.214265+00:00,DION_001,232845,1.177511828090681,SIMULATED,NORMAL
2026-06-18T12:39:25.224740+00:00,DION_001,232846,0.8165300175892038,SIMULATED,NORMAL
2026-06-18T12:39:25.235149+00:00,DION_001,232847,0.9161683548356785,SIMULATED,NORMAL
2026-06-18T12:39:25.245597+00:00,DION_001,232848,1.38552178285462,SIMULATED,NORMAL
2026-06-18T12:39:25.256187+00:00,DION_001,232849,1.0369187339996664,SIMULATED,NORMAL
2026-06-18T12:39:25.266701+00:00,DION_001,232850,1.2192249575739353,SIMULATED,NORMAL
2026-06-18T12:39:25.277284+00:00,DION_001,232851,1.102849958948903,SIMULATED,NORMAL
2026-06-18T12:39:25.287765+00:00,DION_001,232852,1.1166916552427781,SIMULATED,NORMAL
2026-06-18T12:39:25.298254+00:00,DION_001,232853,0.910575092973218,SIMULATED,NORMAL
2026-06-18T12:39:25.308736+00:00,DION_001,232854,1.0003039836927263,SIMULATED,NORMAL
2026-06-18T12:39:25.319231+00:00,DION_001,232855,0.7090865777736673,SIMULATED,NORMAL
2026-06-18T12:39:25.329734+00:00,DION_001,232856,1.0896425491221982,SIMULATED,NORMAL
2026-06-18T12:39:25.340187+00:00,DION_001,232857,0.709877784503094,SIMULATED,NORMAL
2026-06-18T12:39:25.350598+00:00,DION_001,232858,0.7791145376392653,SIMULATED,NORMAL
2026-06-18T12:39:25.361091+00:00,DION_001,232859,0.6722054472970178,SIMULATED,NORMAL
2026-06-18T12:39:25.371570+00:00,DION_001,232860,0.8632365460432568,SIMULATED,NORMAL
2026-06-18T12:39:25.382091+00:00,DION_001,232861,0.7246540380653508,SIMULATED,NORMAL
2026-06-18T12:39:25.392717+00:00,DION_001,232862,0.9177685642500459,SIMULATED,NORMAL
2026-06-18T12:39:25.403202+00:00,DION_001,232863,0.5593116573838239,SIMULATED,NORMAL
2026-06-18T12:39:25.413610+00:00,DION_001,232864,0.7038736728902302,SIMULATED,NORMAL
2026-06-18T12:39:25.424196+00:00,DION_001,232865,0.47228528349981364,SIMULATED,NORMAL
2026-06-18T12:39:25.434683+00:00,DION_001,232866,0.5813924552201318,SIMULATED,NORMAL
2026-06-18T12:39:25.445093+00:00,DION_001,232867,0.45852907297099504,SIMULATED,NORMAL
2026-06-18T12:39:25.455677+00:00,DION_001,232868,0.4506605834670946,SIMULATED,NORMAL
2026-06-18T12:39:25.466273+00:00,DION_001,232869,-1.9464511126030875,SIMULATED,NORMAL
2026-06-18T12:39:25.476869+00:00,DION_001,232870,0.2738549455514242,SIMULATED,NORMAL
2026-06-18T12:39:25.487340+00:00,DION_001,232871,0.28659074352836633,SIMULATED,NORMAL
2026-06-18T12:39:25.497812+00:00,DION_001,232872,0.26304641346394186,SIMULATED,NORMAL
2026-06-18T12:39:25.508269+00:00,DION_001,232873,0.3333508195435153,SIMULATED,NORMAL
2026-06-18T12:39:25.518777+00:00,DION_001,232874,0.23388537354516223,SIMULATED,NORMAL
2026-06-18T12:39:25.529124+00:00,DION_001,232875,0.40008537090467655,SIMULATED,NORMAL
2026-06-18T12:39:25.539570+00:00,DION_001,232876,-0.07430310026080683,SIMULATED,NORMAL
2026-06-18T12:39:25.549996+00:00,DION_001,232877,-0.09530771414557782,SIMULATED,NORMAL
2026-06-18T12:39:25.560547+00:00,DION_001,232878,0.27203064544947386,SIMULATED,NORMAL
2026-06-18T12:39:25.570971+00:00,DION_001,232879,0.4496937534569544,SIMULATED,NORMAL
2026-06-18T12:39:25.581427+00:00,DION_001,232880,-0.13825745632376896,SIMULATED,NORMAL
2026-06-18T12:39:25.591879+00:00,DION_001,232881,0.09537254896064043,SIMULATED,NORMAL
2026-06-18T12:39:25.602245+00:00,DION_001,232882,0.10652491605454738,SIMULATED,NORMAL
2026-06-18T12:39:25.612701+00:00,DION_001,232883,-0.18717011700763492,SIMULATED,NORMAL
2026-06-18T12:39:25.623147+00:00,DION_001,232884,0.20830719772848239,SIMULATED,NORMAL
2026-06-18T12:39:25.633527+00:00,DION_001,232885,0.11252587766099333,SIMULATED,NORMAL
2026-06-18T12:39:25.643888+00:00,DION_001,232886,0.053896038038853275,SIMULATED,NORMAL
2026-06-18T12:39:25.654434+00:00,DION_001,232887,-0.15652264466992308,SIMULATED,NORMAL
2026-06-18T12:39:25.665062+00:00,DION_001,232888,-0.048530471985455265,SIMULATED,NORMAL
2026-06-18T12:39:25.675465+00:00,DION_001,232889,0.10543315854392597,SIMULATED,NORMAL
2026-06-18T12:39:25.685751+00:00,DION_001,232890,-0.03514589280830796,SIMULATED,NORMAL
2026-06-18T12:39:25.696140+00:00,DION_001,232891,0.1582875150277675,SIMULATED,NORMAL
2026-06-18T12:39:25.706543+00:00,DION_001,232892,-0.1593280236631363,SIMULATED,NORMAL
2026-06-18T12:39:25.717024+00:00,DION_001,232893,0.11976643572211573,SIMULATED,NORMAL
2026-06-18T12:39:25.727549+00:00,DION_001,232894,0.09623005676098839,SIMULATED,NORMAL
2026-06-18T12:39:25.738105+00:00,DION_001,232895,0.16151156462004174,SIMULATED,NORMAL
2026-06-18T12:39:25.748708+00:00,DION_001,232896,-0.07166048064168876,SIMULATED,NORMAL
2026-06-18T12:39:25.759104+00:00,DION_001,232897,-0.05046883164850999,SIMULATED,NORMAL
2026-06-18T12:39:25.769482+00:00,DION_001,232898,-0.12006183946309953,SIMULATED,NORMAL
2026-06-18T12:39:25.780039+00:00,DION_001,232899,0.2857535812604384,SIMULATED,NORMAL
2026-06-18T12:39:25.790500+00:00,DION_001,232900,-0.0462603088671347,SIMULATED,NORMAL
2026-06-18T12:39:25.800875+00:00,DION_001,232901,0.5259365536401089,SIMULATED,NORMAL
2026-06-18T12:39:25.811357+00:00,DION_001,232902,-0.0796799362552649,SIMULATED,NORMAL
2026-06-18T12:39:25.822104+00:00,DION_001,232903,0.3924976968131522,SIMULATED,NORMAL
2026-06-18T12:39:25.832586+00:00,DION_001,232904,0.23091563274930169,SIMULATED,NORMAL
2026-06-18T12:39:25.843006+00:00,DION_001,232905,0.2172376196559389,SIMULATED,NORMAL
2026-06-18T12:39:25.853554+00:00,DION_001,232906,0.058728579281350696,SIMULATED,NORMAL
2026-06-18T12:39:25.864032+00:00,DION_001,232907,0.14204072248532262,SIMULATED,NORMAL
2026-06-18T12:39:25.874472+00:00,DION_001,232908,0.2633297084941548,SIMULATED,NORMAL
2026-06-18T12:39:25.884960+00:00,DION_001,232909,0.31790948232175814,SIMULATED,NORMAL
2026-06-18T12:39:25.895361+00:00,DION_001,232910,0.40130500793175844,SIMULATED,NORMAL
2026-06-18T12:39:25.905873+00:00,DION_001,232911,0.20210519894674486,SIMULATED,NORMAL
2026-06-18T12:39:25.916553+00:00,DION_001,232912,0.4394757685329768,SIMULATED,NORMAL
2026-06-18T12:39:25.927248+00:00,DION_001,232913,0.29586775521850917,SIMULATED,NORMAL
2026-06-18T12:39:25.937632+00:00,DION_001,232914,0.582998149046942,SIMULATED,NORMAL
2026-06-18T12:39:25.948232+00:00,DION_001,232915,0.2616583349676658,SIMULATED,NORMAL
2026-06-18T12:39:25.958729+00:00,DION_001,232916,0.15583963900439252,SIMULATED,NORMAL
2026-06-18T12:39:25.969108+00:00,DION_001,232917,0.1336988540176501,SIMULATED,NORMAL
2026-06-18T12:39:25.979625+00:00,DION_001,232918,0.41890360506452834,SIMULATED,NORMAL
2026-06-18T12:39:25.990022+00:00,DION_001,232919,0.44885586607191896,SIMULATED,NORMAL
2026-06-18T12:39:26.000607+00:00,DION_001,232920,0.3900411392149908,SIMULATED,NORMAL
2026-06-18T12:39:26.010972+00:00,DION_001,232921,-0.029997968812507103,SIMULATED,NORMAL
2026-06-18T12:39:26.021454+00:00,DION_001,232922,0.38346597986991615,SIMULATED,NORMAL
2026-06-18T12:39:26.031821+00:00,DION_001,232923,0.33093050093536974,SIMULATED,NORMAL
2026-06-18T12:39:26.042214+00:00,DION_001,232924,0.38695715553060606,SIMULATED,NORMAL
2026-06-18T12:39:26.052662+00:00,DION_001,232925,0.06958114967878226,SIMULATED,NORMAL
2026-06-18T12:39:26.063135+00:00,DION_001,232926,0.32442210191723886,SIMULATED,NORMAL
2026-06-18T12:39:26.073551+00:00,DION_001,232927,0.16819154553677435,SIMULATED,NORMAL
2026-06-18T12:39:26.084022+00:00,DION_001,232928,0.36983180724151726,SIMULATED,NORMAL
2026-06-18T12:39:26.094457+00:00,DION_001,232929,0.03264383237746124,SIMULATED,NORMAL
2026-06-18T12:39:26.104829+00:00,DION_001,232930,0.29258967639097344,SIMULATED,NORMAL
2026-06-18T12:39:26.115312+00:00,DION_001,232931,0.06397656026048906,SIMULATED,NORMAL
2026-06-18T12:39:26.125785+00:00,DION_001,232932,0.27214748725640253,SIMULATED,NORMAL
2026-06-18T12:39:26.136300+00:00,DION_001,232933,0.20584110047446924,SIMULATED,NORMAL
2026-06-18T12:39:26.146780+00:00,DION_001,232934,0.03574010638884739,SIMULATED,NORMAL
2026-06-18T12:39:26.157336+00:00,DION_001,232935,0.20407062632720627,SIMULATED,NORMAL
2026-06-18T12:39:26.167707+00:00,DION_001,232936,-0.039047297297168715,SIMULATED,NORMAL
2026-06-18T12:39:26.178216+00:00,DION_001,232937,0.10245225918456535,SIMULATED,NORMAL
2026-06-18T12:39:26.190075+00:00,DION_001,232938,0.0074212986219178295,SIMULATED,NORMAL
2026-06-18T12:39:26.200497+00:00,DION_001,232939,-0.24157133541110926,SIMULATED,NORMAL
2026-06-18T12:39:26.210950+00:00,DION_001,232940,-0.06395209132735803,SIMULATED,NORMAL
2026-06-18T12:39:26.221409+00:00,DION_001,232941,-0.31787637670738644,SIMULATED,NORMAL
2026-06-18T12:39:26.231891+00:00,DION_001,232942,-0.03197007759752882,SIMULATED,NORMAL
2026-06-18T12:39:26.242340+00:00,DION_001,232943,-0.6904246905530841,SIMULATED,NORMAL
2026-06-18T12:39:26.252908+00:00,DION_001,232944,-0.2695177808445593,SIMULATED,NORMAL
2026-06-18T12:39:26.263439+00:00,DION_001,232945,-0.3972857937272459,SIMULATED,NORMAL
2026-06-18T12:39:26.273921+00:00,DION_001,232946,-0.2732803081393025,SIMULATED,NORMAL
2026-06-18T12:39:26.284575+00:00,DION_001,232947,-0.5299114223876014,SIMULATED,NORMAL
2026-06-18T12:39:26.295109+00:00,DION_001,232948,-0.7298135855127557,SIMULATED,NORMAL
2026-06-18T12:39:26.305614+00:00,DION_001,232949,-0.43879648198214083,SIMULATED,NORMAL
2026-06-18T12:39:26.316074+00:00,DION_001,232950,-0.6869235169599044,SIMULATED,NORMAL
2026-06-18T12:39:26.326650+00:00,DION_001,232951,-0.6846817701927108,SIMULATED,NORMAL
2026-06-18T12:39:26.337073+00:00,DION_001,232952,-0.6207189493939027,SIMULATED,NORMAL
2026-06-18T12:39:26.347668+00:00,DION_001,232953,-0.37114370758467113,SIMULATED,NORMAL
2026-06-18T12:39:26.358257+00:00,DION_001,232954,-0.6967408295582056,SIMULATED,NORMAL
2026-06-18T12:39:26.368706+00:00,DION_001,232955,-0.7853565226769038,SIMULATED,NORMAL
2026-06-18T12:39:26.379155+00:00,DION_001,232956,-0.776288243172377,SIMULATED,NORMAL
2026-06-18T12:39:26.389636+00:00,DION_001,232957,-0.7875947860268097,SIMULATED,NORMAL
2026-06-18T12:39:26.400065+00:00,DION_001,232958,-1.017464851576889,SIMULATED,NORMAL
2026-06-18T12:39:26.410447+00:00,DION_001,232959,-0.852781620616655,SIMULATED,NORMAL
2026-06-18T12:39:26.420917+00:00,DION_001,232960,-1.0101369537294111,SIMULATED,NORMAL
2026-06-18T12:39:26.431397+00:00,DION_001,232961,-0.7214096662705168,SIMULATED,NORMAL
2026-06-18T12:39:26.441890+00:00,DION_001,232962,-0.9221845644321488,SIMULATED,NORMAL
2026-06-18T12:39:26.452451+00:00,DION_001,232963,-0.6735682336767931,SIMULATED,NORMAL
2026-06-18T12:39:26.462997+00:00,DION_001,232964,-1.1257809745216778,SIMULATED,NORMAL
2026-06-18T12:39:26.473460+00:00,DION_001,232965,-1.1432173502668297,SIMULATED,NORMAL
2026-06-18T12:39:26.483990+00:00,DION_001,232966,-0.9768084450230358,SIMULATED,NORMAL
2026-06-18T12:39:26.494488+00:00,DION_001,232967,-0.9007925678151069,SIMULATED,NORMAL
2026-06-18T12:39:26.505055+00:00,DION_001,232968,-0.9272056588802391,SIMULATED,NORMAL
2026-06-18T12:39:26.515565+00:00,DION_001,232969,-1.0050316065224052,SIMULATED,NORMAL
2026-06-18T12:39:26.525912+00:00,DION_001,232970,-0.9269019499576305,SIMULATED,NORMAL
2026-06-18T12:39:26.536552+00:00,DION_001,232971,-0.7819841957950753,SIMULATED,NORMAL
2026-06-18T12:39:26.546956+00:00,DION_001,232972,-1.0638433757320576,SIMULATED,NORMAL
2026-06-18T12:39:26.557482+00:00,DION_001,232973,-0.8038258433877974,SIMULATED,NORMAL
2026-06-18T12:39:26.567923+00:00,DION_001,232974,-3.683520747151374,SIMULATED,EVENT_DETECTED
2026-06-18T12:39:26.578805+00:00,DION_001,232975,-0.8180683650366228,SIMULATED,NORMAL
2026-06-18T12:39:26.589098+00:00,DION_001,232976,-0.9437188986008896,SIMULATED,NORMAL
2026-06-18T12:39:26.599514+00:00,DION_001,232977,-0.9145136737771429,SIMULATED,NORMAL
2026-06-18T12:39:26.609976+00:00,DION_001,232978,-0.7360107161754198,SIMULATED,NORMAL
2026-06-18T12:39:26.620678+00:00,DION_001,232979,-1.0012949585579847,SIMULATED,NORMAL
2026-06-18T12:39:26.631128+00:00,DION_001,232980,-0.5120674143514174,SIMULATED,NORMAL
2026-06-18T12:39:26.641471+00:00,DION_001,232981,-0.7654197315410467,SIMULATED,NORMAL
2026-06-18T12:39:26.651970+00:00,DION_001,232982,-3.9434376502446744,SIMULATED,EVENT_DETECTED
2026-06-18T12:39:26.662636+00:00,DION_001,232983,-0.6055834769458572,SIMULATED,NORMAL
2026-06-18T12:39:26.673061+00:00,DION_001,232984,-0.6215926585653422,SIMULATED,NORMAL
2026-06-18T12:39:26.683412+00:00,DION_001,232985,-0.6272960911926275,SIMULATED,NORMAL
2026-06-18T12:39:26.693878+00:00,DION_001,232986,-0.7408403733055615,SIMULATED,NORMAL
2026-06-18T12:39:26.704281+00:00,DION_001,232987,-0.6417412386520361,SIMULATED,NORMAL
2026-06-18T12:39:26.714703+00:00,DION_001,232988,-0.6342026368145194,SIMULATED,NORMAL
2026-06-18T12:39:26.725138+00:00,DION_001,232989,-0.6162914596783533,SIMULATED,NORMAL
2026-06-18T12:39:26.735617+00:00,DION_001,232990,-0.7049077437772903,SIMULATED,NORMAL
2026-06-18T12:39:26.746122+00:00,DION_001,232991,-0.5562233334881506,SIMULATED,NORMAL
2026-06-18T12:39:26.756628+00:00,DION_001,232992,-0.40503546197144596,SIMULATED,NORMAL
2026-06-18T12:39:26.766954+00:00,DION_001,232993,-0.5013433878309849,SIMULATED,NORMAL
2026-06-18T12:39:26.777386+00:00,DION_001,232994,-0.42420702074702293,SIMULATED,NORMAL
2026-06-18T12:39:26.787881+00:00,DION_001,232995,-0.27256626177030074,SIMULATED,NORMAL
2026-06-18T12:39:26.798349+00:00,DION_001,232996,-0.6541004284236012,SIMULATED,NORMAL
2026-06-18T12:39:26.808769+00:00,DION_001,232997,-0.23310070668733154,SIMULATED,NORMAL
2026-06-18T12:39:26.819201+00:00,DION_001,232998,-0.34552430123447353,SIMULATED,NORMAL
2026-06-18T12:39:26.829675+00:00,DION_001,232999,-0.6375261991962424,SIMULATED,NORMAL
2026-06-18T12:39:26.840039+00:00,DION_001,233000,-0.7323279924935646,SIMULATED,NORMAL
2026-06-18T12:39:26.850598+00:00,DION_001,233001,-0.4391825372735639,SIMULATED,NORMAL
2026-06-18T12:39:26.861221+00:00,DION_001,233002,-0.5489738390464106,SIMULATED,NORMAL
2026-06-18T12:39:26.871636+00:00,DION_001,233003,-0.30373316104170245,SIMULATED,NORMAL
2026-06-18T12:39:26.882064+00:00,DION_001,233004,-0.18334600758287162,SIMULATED,NORMAL
2026-06-18T12:39:26.892712+00:00,DION_001,233005,-0.650608578286977,SIMULATED,NORMAL
2026-06-18T12:39:26.903068+00:00,DION_001,233006,-0.49431036010624724,SIMULATED,NORMAL
2026-06-18T12:39:26.913389+00:00,DION_001,233007,-0.306606813962056,SIMULATED,NORMAL
2026-06-18T12:39:26.923741+00:00,DION_001,233008,-0.2184777382873866,SIMULATED,NORMAL
2026-06-18T12:39:26.934109+00:00,DION_001,233009,-0.23692118271730733,SIMULATED,NORMAL
2026-06-18T12:39:26.944767+00:00,DION_001,233010,-0.5522504458875218,SIMULATED,NORMAL
2026-06-18T12:39:26.955210+00:00,DION_001,233011,-0.36485458083950595,SIMULATED,NORMAL
2026-06-18T12:39:26.965604+00:00,DION_001,233012,-0.4458689284725623,SIMULATED,NORMAL
2026-06-18T12:39:26.975998+00:00,DION_001,233013,-0.690774642235442,SIMULATED,NORMAL
2026-06-18T12:39:26.986337+00:00,DION_001,233014,-0.4302821692159009,SIMULATED,NORMAL
2026-06-18T12:39:26.996689+00:00,DION_001,233015,-0.7500275611999951,SIMULATED,NORMAL
2026-06-18T12:39:27.007031+00:00,DION_001,233016,-0.526952089846638,SIMULATED,NORMAL
2026-06-18T12:39:27.017781+00:00,DION_001,233017,-0.8709861846267523,SIMULATED,NORMAL
2026-06-18T12:39:27.028078+00:00,DION_001,233018,-0.9189021594823001,SIMULATED,NORMAL
2026-06-18T12:39:27.038335+00:00,DION_001,233019,-0.4099155723274743,SIMULATED,NORMAL
2026-06-18T12:39:27.048871+00:00,DION_001,233020,-0.9313526392778828,SIMULATED,NORMAL
2026-06-18T12:39:27.059213+00:00,DION_001,233021,-0.6670168656503342,SIMULATED,NORMAL
2026-06-18T12:39:27.069699+00:00,DION_001,233022,-0.7386743485713917,SIMULATED,NORMAL
2026-06-18T12:39:27.080068+00:00,DION_001,233023,-0.7351753332028294,SIMULATED,NORMAL
2026-06-18T12:39:27.090543+00:00,DION_001,233024,-0.7930215738179509,SIMULATED,NORMAL
2026-06-18T12:39:27.100914+00:00,DION_001,233025,-1.1825840927106035,SIMULATED,NORMAL
2026-06-18T12:39:27.111314+00:00,DION_001,233026,-0.5875700207353289,SIMULATED,NORMAL
2026-06-18T12:39:27.121742+00:00,DION_001,233027,-1.0196880193338091,SIMULATED,NORMAL
2026-06-18T12:39:27.132144+00:00,DION_001,233028,-1.0273454194528662,SIMULATED,NORMAL
2026-06-18T12:39:27.142556+00:00,DION_001,233029,-0.834423061640628,SIMULATED,NORMAL
2026-06-18T12:39:27.153068+00:00,DION_001,233030,-1.0831288414534914,SIMULATED,NORMAL
2026-06-18T12:39:27.163453+00:00,DION_001,233031,-1.1299388855805097,SIMULATED,NORMAL
2026-06-18T12:39:27.173875+00:00,DION_001,233032,-0.8744092848288487,SIMULATED,NORMAL
2026-06-18T12:39:27.184348+00:00,DION_001,233033,-0.9845031681646993,SIMULATED,NORMAL
2026-06-18T12:39:27.194869+00:00,DION_001,233034,-1.1141744841214556,SIMULATED,NORMAL
2026-06-18T12:39:27.205380+00:00,DION_001,233035,-0.9983605387607408,SIMULATED,NORMAL
2026-06-18T12:39:27.215684+00:00,DION_001,233036,-1.1689617133680361,SIMULATED,NORMAL
2026-06-18T12:39:27.226037+00:00,DION_001,233037,-0.8562769588024164,SIMULATED,NORMAL
2026-06-18T12:39:27.236416+00:00,DION_001,233038,-1.0097361489473462,SIMULATED,NORMAL
2026-06-18T12:39:27.246847+00:00,DION_001,233039,-1.2671099009526043,SIMULATED,NORMAL
2026-06-18T12:39:27.257226+00:00,DION_001,233040,-1.1226859222909653,SIMULATED,NORMAL
2026-06-18T12:39:27.267544+00:00,DION_001,233041,-1.3772883421636284,SIMULATED,NORMAL
2026-06-18T12:39:27.277890+00:00,DION_001,233042,-0.9690271368868378,SIMULATED,NORMAL
2026-06-18T12:39:27.288437+00:00,DION_001,233043,-1.149754913379923,SIMULATED,NORMAL
2026-06-18T12:39:27.298788+00:00,DION_001,233044,-1.1667989896213133,SIMULATED,NORMAL
2026-06-18T12:39:27.309296+00:00,DION_001,233045,-1.1356581542989097,SIMULATED,NORMAL
2026-06-18T12:39:27.319565+00:00,DION_001,233046,-1.1016838055208098,SIMULATED,NORMAL
2026-06-18T12:39:27.329974+00:00,DION_001,233047,-1.0036539005853111,SIMULATED,NORMAL
2026-06-18T12:39:27.340449+00:00,DION_001,233048,-1.2291138551324812,SIMULATED,NORMAL
2026-06-18T12:39:27.350743+00:00,DION_001,233049,-0.9579315585525857,SIMULATED,NORMAL
2026-06-18T12:39:27.360958+00:00,DION_001,233050,-1.349151909073469,SIMULATED,NORMAL
2026-06-18T12:39:27.371171+00:00,DION_001,233051,-0.8654125506554511,SIMULATED,NORMAL
2026-06-18T12:39:27.381351+00:00,DION_001,233052,-3.083338811345607,SIMULATED,EVENT_DETECTED
2026-06-18T12:39:27.391777+00:00,DION_001,233053,-1.0086078896194595,SIMULATED,NORMAL
2026-06-18T12:39:27.402027+00:00,DION_001,233054,-0.9422067498807345,SIMULATED,NORMAL
2026-06-18T12:39:27.412359+00:00,DION_001,233055,-0.9223600427615062,SIMULATED,NORMAL
2026-06-18T12:39:27.422569+00:00,DION_001,233056,-0.8310242562686723,SIMULATED,NORMAL
2026-06-18T12:39:27.432814+00:00,DION_001,233057,-0.8643816108234385,SIMULATED,NORMAL
2026-06-18T12:39:27.443083+00:00,DION_001,233058,-0.5981934214619584,SIMULATED,NORMAL
2026-06-18T12:39:27.453364+00:00,DION_001,233059,-0.7117521605568802,SIMULATED,NORMAL
2026-06-18T12:39:27.463617+00:00,DION_001,233060,-0.8545515643324808,SIMULATED,NORMAL
2026-06-18T12:39:27.473968+00:00,DION_001,233061,-0.6546610154785575,SIMULATED,NORMAL
2026-06-18T12:39:27.484387+00:00,DION_001,233062,-0.4842448629674764,SIMULATED,NORMAL
2026-06-18T12:39:27.494695+00:00,DION_001,233063,-0.4260999003869017,SIMULATED,NORMAL
2026-06-18T12:39:27.505044+00:00,DION_001,233064,-0.790286578272402,SIMULATED,NORMAL
2026-06-18T12:39:27.515331+00:00,DION_001,233065,-0.5760718059025688,SIMULATED,NORMAL
2026-06-18T12:39:27.525692+00:00,DION_001,233066,-0.5028770661988213,SIMULATED,NORMAL
2026-06-18T12:39:27.535963+00:00,DION_001,233067,-0.23329016427444169,SIMULATED,NORMAL
2026-06-18T12:39:27.546131+00:00,DION_001,233068,-0.5696818123106029,SIMULATED,NORMAL
2026-06-18T12:39:27.556424+00:00,DION_001,233069,-0.23554635819896605,SIMULATED,NORMAL
2026-06-18T12:39:27.566669+00:00,DION_001,233070,-0.11194185274065058,SIMULATED,NORMAL
2026-06-18T12:39:27.576950+00:00,DION_001,233071,-0.11824193750634907,SIMULATED,NORMAL
2026-06-18T12:39:27.587257+00:00,DION_001,233072,-0.0602919202103763,SIMULATED,NORMAL
2026-06-18T12:39:27.597633+00:00,DION_001,233073,-0.3018018895467267,SIMULATED,NORMAL
2026-06-18T12:39:27.607953+00:00,DION_001,233074,-0.15769007592189718,SIMULATED,NORMAL
2026-06-18T12:39:27.618298+00:00,DION_001,233075,-0.19454333072043245,SIMULATED,NORMAL
2026-06-18T12:39:27.628592+00:00,DION_001,233076,-0.06808821423930667,SIMULATED,NORMAL
2026-06-18T12:39:27.638851+00:00,DION_001,233077,-0.22202965090130586,SIMULATED,NORMAL
2026-06-18T12:39:27.649098+00:00,DION_001,233078,-0.18257528410556795,SIMULATED,NORMAL
2026-06-18T12:39:27.659366+00:00,DION_001,233079,0.06238436232511084,SIMULATED,NORMAL
2026-06-18T12:39:27.669640+00:00,DION_001,233080,-0.022696714229447308,SIMULATED,NORMAL
2026-06-18T12:39:27.679964+00:00,DION_001,233081,0.3459736535785636,SIMULATED,NORMAL
2026-06-18T12:39:27.690466+00:00,DION_001,233082,0.36816815374383266,SIMULATED,NORMAL
2026-06-18T12:39:27.700975+00:00,DION_001,233083,0.044960106913228375,SIMULATED,NORMAL
2026-06-18T12:39:27.711402+00:00,DION_001,233084,-0.19600752816443828,SIMULATED,NORMAL
2026-06-18T12:39:27.721889+00:00,DION_001,233085,1.817554514517428,SIMULATED,NORMAL
2026-06-18T12:39:27.732604+00:00,DION_001,233086,-0.10432759113222048,SIMULATED,NORMAL
2026-06-18T12:39:27.742936+00:00,DION_001,233087,-0.08732504473259803,SIMULATED,NORMAL
2026-06-18T12:39:27.753267+00:00,DION_001,233088,0.13790461249487374,SIMULATED,NORMAL
2026-06-18T12:39:27.763569+00:00,DION_001,233089,0.18956927714534258,SIMULATED,NORMAL
2026-06-18T12:39:27.773933+00:00,DION_001,233090,0.05247584166123142,SIMULATED,NORMAL
2026-06-18T12:39:27.784354+00:00,DION_001,233091,-0.08037515215878058,SIMULATED,NORMAL
2026-06-18T12:39:27.794865+00:00,DION_001,233092,-0.21442693006884067,SIMULATED,NORMAL
2026-06-18T12:39:27.805511+00:00,DION_001,233093,-0.03872385599655584,SIMULATED,NORMAL
2026-06-18T12:39:27.816002+00:00,DION_001,233094,-0.10797062481763417,SIMULATED,NORMAL
2026-06-18T12:39:27.826435+00:00,DION_001,233095,0.13463902738290162,SIMULATED,NORMAL
2026-06-18T12:39:27.836818+00:00,DION_001,233096,-0.06298328908500417,SIMULATED,NORMAL
2026-06-18T12:39:27.847144+00:00,DION_001,233097,0.15646234653902336,SIMULATED,NORMAL
2026-06-18T12:39:27.857521+00:00,DION_001,233098,0.02770716831442597,SIMULATED,NORMAL
2026-06-18T12:39:27.867848+00:00,DION_001,233099,0.05650575921680967,SIMULATED,NORMAL
2026-06-18T12:39:27.878416+00:00,DION_001,233100,-0.09837297067495801,SIMULATED,NORMAL
2026-06-18T12:39:27.888812+00:00,DION_001,233101,0.06781793709451822,SIMULATED,NORMAL
2026-06-18T12:39:27.899238+00:00,DION_001,233102,-0.21327197435411865,SIMULATED,NORMAL
2026-06-18T12:39:27.909718+00:00,DION_001,233103,-0.2034976672682579,SIMULATED,NORMAL
2026-06-18T12:39:27.920242+00:00,DION_001,233104,-0.42204006655663706,SIMULATED,NORMAL
2026-06-18T12:39:27.930668+00:00,DION_001,233105,-0.2191323379046014,SIMULATED,NORMAL
2026-06-18T12:39:27.941070+00:00,DION_001,233106,-0.15706517452063884,SIMULATED,NORMAL
2026-06-18T12:39:27.951837+00:00,DION_001,233107,0.018573479699589363,SIMULATED,NORMAL
2026-06-18T12:39:27.962644+00:00,DION_001,233108,0.17121376374156605,SIMULATED,NORMAL
2026-06-18T12:39:27.973157+00:00,DION_001,233109,-0.3504842201574481,SIMULATED,NORMAL
2026-06-18T12:39:27.983634+00:00,DION_001,233110,-0.11181287163831692,SIMULATED,NORMAL
2026-06-18T12:39:27.993944+00:00,DION_001,233111,-0.41697386895002597,SIMULATED,NORMAL
2026-06-18T12:39:28.004529+00:00,DION_001,233112,-0.3468567023148953,SIMULATED,NORMAL
2026-06-18T12:39:28.014887+00:00,DION_001,233113,-0.16743438686374756,SIMULATED,NORMAL
2026-06-18T12:39:28.025304+00:00,DION_001,233114,-0.3696172358180334,SIMULATED,NORMAL
2026-06-18T12:39:28.035788+00:00,DION_001,233115,-0.03249220628824562,SIMULATED,NORMAL
2026-06-18T12:39:28.046237+00:00,DION_001,233116,-0.12291017475452187,SIMULATED,NORMAL
2026-06-18T12:39:28.056735+00:00,DION_001,233117,-0.3710315897225146,SIMULATED,NORMAL
2026-06-18T12:39:28.067175+00:00,DION_001,233118,-0.24915080458556366,SIMULATED,NORMAL
2026-06-18T12:39:28.077671+00:00,DION_001,233119,-0.3236164375736501,SIMULATED,NORMAL
2026-06-18T12:39:28.088135+00:00,DION_001,233120,0.08557502739191297,SIMULATED,NORMAL
2026-06-18T12:39:28.098574+00:00,DION_001,233121,-0.13666742782912908,SIMULATED,NORMAL
2026-06-18T12:39:28.109034+00:00,DION_001,233122,-0.3354850465762917,SIMULATED,NORMAL
2026-06-18T12:39:28.119535+00:00,DION_001,233123,-0.34314503553577974,SIMULATED,NORMAL
2026-06-18T12:39:28.130029+00:00,DION_001,233124,-0.42345524558951236,SIMULATED,NORMAL
2026-06-18T12:39:28.140574+00:00,DION_001,233125,-0.3934527365738507,SIMULATED,NORMAL
2026-06-18T12:39:28.151087+00:00,DION_001,233126,-0.15973479428925028,SIMULATED,NORMAL
2026-06-18T12:39:28.161511+00:00,DION_001,233127,-0.23357129928450973,SIMULATED,NORMAL
2026-06-18T12:39:28.171988+00:00,DION_001,233128,0.05251266843479735,SIMULATED,NORMAL
2026-06-18T12:39:28.182351+00:00,DION_001,233129,-0.06006156733334758,SIMULATED,NORMAL
2026-06-18T12:39:28.192846+00:00,DION_001,233130,-0.1569027511400623,SIMULATED,NORMAL
2026-06-18T12:39:28.203337+00:00,DION_001,233131,0.12271259855977149,SIMULATED,NORMAL
2026-06-18T12:39:28.213833+00:00,DION_001,233132,-0.2148176118946362,SIMULATED,NORMAL
2026-06-18T12:39:28.224931+00:00,DION_001,233133,-0.11270479508293088,SIMULATED,NORMAL
2026-06-18T12:39:28.235497+00:00,DION_001,233134,-0.12694430386282238,SIMULATED,NORMAL
2026-06-18T12:39:28.245960+00:00,DION_001,233135,0.15725452934546774,SIMULATED,NORMAL
2026-06-18T12:39:28.256722+00:00,DION_001,233136,0.027874250079684054,SIMULATED,NORMAL
2026-06-18T12:39:28.267172+00:00,DION_001,233137,0.21715711352925332,SIMULATED,NORMAL
2026-06-18T12:39:28.277912+00:00,DION_001,233138,0.1307194627456322,SIMULATED,NORMAL
2026-06-18T12:39:28.289111+00:00,DION_001,233139,0.13829707348534265,SIMULATED,NORMAL
2026-06-18T12:39:28.299569+00:00,DION_001,233140,0.3262209493531182,SIMULATED,NORMAL
2026-06-18T12:39:28.310075+00:00,DION_001,233141,0.42567370783929404,SIMULATED,NORMAL
2026-06-18T12:39:28.320704+00:00,DION_001,233142,0.21844393394899034,SIMULATED,NORMAL
2026-06-18T12:39:28.331194+00:00,DION_001,233143,0.25458089560536723,SIMULATED,NORMAL
2026-06-18T12:39:28.341863+00:00,DION_001,233144,0.597859425777625,SIMULATED,NORMAL
2026-06-18T12:39:28.352334+00:00,DION_001,233145,0.3809077302216944,SIMULATED,NORMAL
2026-06-18T12:39:28.362898+00:00,DION_001,233146,0.5647099402680273,SIMULATED,NORMAL
2026-06-18T12:39:28.373479+00:00,DION_001,233147,0.4856615830436553,SIMULATED,NORMAL
2026-06-18T12:39:28.383950+00:00,DION_001,233148,0.5969427580350777,SIMULATED,NORMAL
2026-06-18T12:39:28.394435+00:00,DION_001,233149,0.49866934791250705,SIMULATED,NORMAL
2026-06-18T12:39:28.404989+00:00,DION_001,233150,0.6464644251094085,SIMULATED,NORMAL
2026-06-18T12:39:28.415463+00:00,DION_001,233151,0.5221271383238553,SIMULATED,NORMAL
2026-06-18T12:39:28.426004+00:00,DION_001,233152,0.8706594443290595,SIMULATED,NORMAL
2026-06-18T12:39:28.436653+00:00,DION_001,233153,0.8388026853326632,SIMULATED,NORMAL
2026-06-18T12:39:28.447122+00:00,DION_001,233154,0.5745963484062844,SIMULATED,NORMAL
2026-06-18T12:39:28.457646+00:00,DION_001,233155,1.0748327061607914,SIMULATED,NORMAL
2026-06-18T12:39:28.467985+00:00,DION_001,233156,0.968603688752184,SIMULATED,NORMAL
2026-06-18T12:39:28.478350+00:00,DION_001,233157,0.7137256810548489,SIMULATED,NORMAL
2026-06-18T12:39:28.488634+00:00,DION_001,233158,0.9292357788096646,SIMULATED,NORMAL
2026-06-18T12:39:28.498903+00:00,DION_001,233159,0.6130621865536734,SIMULATED,NORMAL
2026-06-18T12:39:28.509137+00:00,DION_001,233160,0.7171379891309794,SIMULATED,NORMAL
2026-06-18T12:39:28.519471+00:00,DION_001,233161,1.188570141219179,SIMULATED,NORMAL
2026-06-18T12:39:28.529871+00:00,DION_001,233162,0.8173642268724118,SIMULATED,NORMAL
2026-06-18T12:39:28.540512+00:00,DION_001,233163,0.9456070080455925,SIMULATED,NORMAL
2026-06-18T12:39:28.550828+00:00,DION_001,233164,0.7957770752673935,SIMULATED,NORMAL
2026-06-18T12:39:28.561106+00:00,DION_001,233165,2.7965802892366343,SIMULATED,EVENT_DETECTED
2026-06-18T12:39:28.571526+00:00,DION_001,233166,1.015274324959749,SIMULATED,NORMAL
2026-06-18T12:39:28.581719+00:00,DION_001,233167,1.2490133292148893,SIMULATED,NORMAL
2026-06-18T12:39:28.591982+00:00,DION_001,233168,1.15303765560066,SIMULATED,NORMAL
2026-06-18T12:39:28.602196+00:00,DION_001,233169,0.981907939857637,SIMULATED,NORMAL
2026-06-18T12:39:28.612355+00:00,DION_001,233170,1.1423445335973468,SIMULATED,NORMAL
2026-06-18T12:39:28.622554+00:00,DION_001,233171,1.3850271371403884,SIMULATED,NORMAL
2026-06-18T12:39:28.632740+00:00,DION_001,233172,1.0030267674733895,SIMULATED,NORMAL
2026-06-18T12:39:28.642902+00:00,DION_001,233173,0.9522490625547422,SIMULATED,NORMAL
2026-06-18T12:39:28.653159+00:00,DION_001,233174,0.835260354545378,SIMULATED,NORMAL
2026-06-18T12:39:28.663386+00:00,DION_001,233175,1.0052226887007356,SIMULATED,NORMAL
2026-06-18T12:39:28.673669+00:00,DION_001,233176,0.8810202594082785,SIMULATED,NORMAL
2026-06-18T12:39:28.683911+00:00,DION_001,233177,0.6824375194544492,SIMULATED,NORMAL
2026-06-18T12:39:28.694183+00:00,DION_001,233178,0.8488885334361097,SIMULATED,NORMAL
2026-06-18T12:39:28.704430+00:00,DION_001,233179,0.7831163942251959,SIMULATED,NORMAL
2026-06-18T12:39:28.714618+00:00,DION_001,233180,0.8000244806221143,SIMULATED,NORMAL
2026-06-18T12:39:28.724817+00:00,DION_001,233181,0.7288158618236988,SIMULATED,NORMAL
2026-06-18T12:39:28.734965+00:00,DION_001,233182,1.0067640848964041,SIMULATED,NORMAL
2026-06-18T12:39:28.745193+00:00,DION_001,233183,0.5962336762530432,SIMULATED,NORMAL
2026-06-18T12:39:28.755394+00:00,DION_001,233184,0.9373628992593556,SIMULATED,NORMAL
2026-06-18T12:39:28.765577+00:00,DION_001,233185,0.7398408008376818,SIMULATED,NORMAL
2026-06-18T12:39:28.775848+00:00,DION_001,233186,0.6469324380285199,SIMULATED,NORMAL
2026-06-18T12:39:28.786126+00:00,DION_001,233187,0.9160942344239016,SIMULATED,NORMAL
2026-06-18T12:39:28.796487+00:00,DION_001,233188,0.6641068887297006,SIMULATED,NORMAL
2026-06-18T12:39:28.806740+00:00,DION_001,233189,0.5929397048076881,SIMULATED,NORMAL
2026-06-18T12:39:28.816980+00:00,DION_001,233190,0.6163204990395852,SIMULATED,NORMAL
2026-06-18T12:39:28.827253+00:00,DION_001,233191,0.6658159094356303,SIMULATED,NORMAL
2026-06-18T12:39:28.837517+00:00,DION_001,233192,0.501281920680629,SIMULATED,NORMAL
2026-06-18T12:39:28.847765+00:00,DION_001,233193,0.45916954934304494,SIMULATED,NORMAL
2026-06-18T12:39:28.858043+00:00,DION_001,233194,0.5748437193316855,SIMULATED,NORMAL
2026-06-18T12:39:28.868358+00:00,DION_001,233195,0.4488277561695821,SIMULATED,NORMAL
2026-06-18T12:39:28.878637+00:00,DION_001,233196,0.5031209568594865,SIMULATED,NORMAL
2026-06-18T12:39:28.888972+00:00,DION_001,233197,0.39048081632862486,SIMULATED,NORMAL
2026-06-18T12:39:28.899232+00:00,DION_001,233198,0.2445614474951424,SIMULATED,NORMAL
2026-06-18T12:39:28.909553+00:00,DION_001,233199,0.5683775001745759,SIMULATED,NORMAL
2026-06-18T12:39:28.919892+00:00,DION_001,233200,0.0939677191752058,SIMULATED,NORMAL
2026-06-18T12:39:28.930193+00:00,DION_001,233201,0.5437286897913076,SIMULATED,NORMAL
2026-06-18T12:39:28.940408+00:00,DION_001,233202,0.4570353573284567,SIMULATED,NORMAL
2026-06-18T12:39:28.950625+00:00,DION_001,233203,0.559890486979375,SIMULATED,NORMAL
2026-06-18T12:39:28.960879+00:00,DION_001,233204,0.3072085064346834,SIMULATED,NORMAL
2026-06-18T12:39:28.971084+00:00,DION_001,233205,0.4597652168793804,SIMULATED,NORMAL
2026-06-18T12:39:28.981260+00:00,DION_001,233206,0.5671660308214996,SIMULATED,NORMAL
2026-06-18T12:39:28.991488+00:00,DION_001,233207,0.29793727311239465,SIMULATED,NORMAL
2026-06-18T12:39:29.001728+00:00,DION_001,233208,0.48126775114572506,SIMULATED,NORMAL
2026-06-18T12:39:29.011946+00:00,DION_001,233209,0.23921585074946375,SIMULATED,NORMAL
2026-06-18T12:39:29.022233+00:00,DION_001,233210,0.5963249472920034,SIMULATED,NORMAL
2026-06-18T12:39:29.032483+00:00,DION_001,233211,0.3331396640155405,SIMULATED,NORMAL
2026-06-18T12:39:29.042661+00:00,DION_001,233212,0.49962543481809646,SIMULATED,NORMAL
2026-06-18T12:39:29.052861+00:00,DION_001,233213,0.5441329466902954,SIMULATED,NORMAL
2026-06-18T12:39:29.063043+00:00,DION_001,233214,0.7131909909067623,SIMULATED,NORMAL
2026-06-18T12:39:29.073248+00:00,DION_001,233215,0.6689390729094217,SIMULATED,NORMAL
2026-06-18T12:39:29.083462+00:00,DION_001,233216,0.2570001796325193,SIMULATED,NORMAL
2026-06-18T12:39:29.093669+00:00,DION_001,233217,0.5424715978343351,SIMULATED,NORMAL
2026-06-18T12:39:29.103823+00:00,DION_001,233218,0.4282535755320118,SIMULATED,NORMAL
2026-06-18T12:39:29.114038+00:00,DION_001,233219,0.7981338461134346,SIMULATED,NORMAL
2026-06-18T12:39:29.124288+00:00,DION_001,233220,0.8324658047223756,SIMULATED,NORMAL
2026-06-18T12:39:29.134493+00:00,DION_001,233221,0.5947527961055208,SIMULATED,NORMAL
2026-06-18T12:39:29.144718+00:00,DION_001,233222,0.7939140195584644,SIMULATED,NORMAL
2026-06-18T12:39:29.154884+00:00,DION_001,233223,-1.63653187400356,SIMULATED,NORMAL
2026-06-18T12:39:29.165134+00:00,DION_001,233224,0.7818559303623053,SIMULATED,NORMAL
2026-06-18T12:39:29.175296+00:00,DION_001,233225,0.6575581553205778,SIMULATED,NORMAL
2026-06-18T12:39:29.185480+00:00,DION_001,233226,0.6540482664676041,SIMULATED,NORMAL
2026-06-18T12:39:29.195680+00:00,DION_001,233227,1.0844665801134026,SIMULATED,NORMAL
2026-06-18T12:39:29.205922+00:00,DION_001,233228,0.707606062296527,SIMULATED,NORMAL
2026-06-18T12:39:29.216130+00:00,DION_001,233229,0.9411999802317037,SIMULATED,NORMAL
2026-06-18T12:39:29.226330+00:00,DION_001,233230,1.046897211313628,SIMULATED,NORMAL
2026-06-18T12:39:29.236537+00:00,DION_001,233231,0.9064599448729626,SIMULATED,NORMAL
2026-06-18T12:39:29.246719+00:00,DION_001,233232,0.9600365522741268,SIMULATED,NORMAL
2026-06-18T12:39:29.256855+00:00,DION_001,233233,1.0970213144557777,SIMULATED,NORMAL
2026-06-18T12:39:29.267075+00:00,DION_001,233234,1.0520444463349767,SIMULATED,NORMAL
2026-06-18T12:39:29.277293+00:00,DION_001,233235,0.8586713794514913,SIMULATED,NORMAL
2026-06-18T12:39:29.287503+00:00,DION_001,233236,0.8982998532194972,SIMULATED,NORMAL
2026-06-18T12:39:29.297770+00:00,DION_001,233237,0.9766350188009325,SIMULATED,NORMAL
2026-06-18T12:39:29.307950+00:00,DION_001,233238,1.1624902029319029,SIMULATED,NORMAL
2026-06-18T12:39:29.318179+00:00,DION_001,233239,0.7583673377907549,SIMULATED,NORMAL
2026-06-18T12:39:29.328399+00:00,DION_001,233240,1.0833623289120655,SIMULATED,NORMAL
2026-06-18T12:39:29.338587+00:00,DION_001,233241,1.1203175468094868,SIMULATED,NORMAL
2026-06-18T12:39:29.348777+00:00,DION_001,233242,1.1139242911561484,SIMULATED,NORMAL
2026-06-18T12:39:29.358983+00:00,DION_001,233243,1.1154558138364619,SIMULATED,NORMAL
2026-06-18T12:39:29.369258+00:00,DION_001,233244,1.0880469841055453,SIMULATED,NORMAL
2026-06-18T12:39:29.379580+00:00,DION_001,233245,1.2558278541956518,SIMULATED,NORMAL
2026-06-18T12:39:29.389826+00:00,DION_001,233246,1.0252175277650117,SIMULATED,NORMAL
2026-06-18T12:39:29.400025+00:00,DION_001,233247,0.7318689300532548,SIMULATED,NORMAL
2026-06-18T12:39:29.410243+00:00,DION_001,233248,1.0363085144494846,SIMULATED,NORMAL
2026-06-18T12:39:29.420456+00:00,DION_001,233249,0.9950745006306071,SIMULATED,NORMAL
2026-06-18T12:39:29.430649+00:00,DION_001,233250,1.0615016561902646,SIMULATED,NORMAL
2026-06-18T12:39:29.440888+00:00,DION_001,233251,1.0299273352905063,SIMULATED,NORMAL
2026-06-18T12:39:29.451350+00:00,DION_001,233252,0.9872333782793717,SIMULATED,NORMAL
2026-06-18T12:39:29.462180+00:00,DION_001,233253,0.8472222122051547,SIMULATED,NORMAL
2026-06-18T12:39:29.472481+00:00,DION_001,233254,0.8391482112227275,SIMULATED,NORMAL
2026-06-18T12:39:29.482850+00:00,DION_001,233255,1.0322157419546623,SIMULATED,NORMAL
2026-06-18T12:39:29.493181+00:00,DION_001,233256,0.5138123833480785,SIMULATED,NORMAL
2026-06-18T12:39:29.503449+00:00,DION_001,233257,0.9312455782010716,SIMULATED,NORMAL
2026-06-18T12:39:29.513765+00:00,DION_001,233258,0.7340363633347845,SIMULATED,NORMAL
2026-06-18T12:39:29.524136+00:00,DION_001,233259,0.724623407310438,SIMULATED,NORMAL
2026-06-18T12:39:29.534402+00:00,DION_001,233260,0.5006979692308824,SIMULATED,NORMAL
2026-06-18T12:39:29.544674+00:00,DION_001,233261,0.8239983929977928,SIMULATED,NORMAL
2026-06-18T12:39:29.555008+00:00,DION_001,233262,0.34165603621876667,SIMULATED,NORMAL
2026-06-18T12:39:29.565370+00:00,DION_001,233263,0.3680762007165995,SIMULATED,NORMAL
2026-06-18T12:39:29.575608+00:00,DION_001,233264,0.6494726288524535,SIMULATED,NORMAL
2026-06-18T12:39:29.585942+00:00,DION_001,233265,0.3381178897818373,SIMULATED,NORMAL
2026-06-18T12:39:29.596449+00:00,DION_001,233266,0.5124882000748296,SIMULATED,NORMAL
2026-06-18T12:39:29.606770+00:00,DION_001,233267,0.5969122200875954,SIMULATED,NORMAL
2026-06-18T12:39:29.617093+00:00,DION_001,233268,0.057865837757393346,SIMULATED,NORMAL
2026-06-18T12:39:29.627423+00:00,DION_001,233269,0.21980019776565252,SIMULATED,NORMAL
2026-06-18T12:39:29.637692+00:00,DION_001,233270,0.23124819949721404,SIMULATED,NORMAL
2026-06-18T12:39:29.647946+00:00,DION_001,233271,0.16249286974071564,SIMULATED,NORMAL
2026-06-18T12:39:29.658175+00:00,DION_001,233272,0.11542885551999067,SIMULATED,NORMAL
2026-06-18T12:39:29.668362+00:00,DION_001,233273,0.13837569289658586,SIMULATED,NORMAL
2026-06-18T12:39:29.678609+00:00,DION_001,233274,0.05169404321603105,SIMULATED,NORMAL
2026-06-18T12:39:29.688867+00:00,DION_001,233275,0.23231373509117453,SIMULATED,NORMAL
2026-06-18T12:39:29.699060+00:00,DION_001,233276,-0.14302623676381057,SIMULATED,NORMAL
2026-06-18T12:39:29.709306+00:00,DION_001,233277,-0.2330545290133756,SIMULATED,NORMAL
2026-06-18T12:39:29.719515+00:00,DION_001,233278,0.21670269079532103,SIMULATED,NORMAL
2026-06-18T12:39:29.729698+00:00,DION_001,233279,0.061735306619008626,SIMULATED,NORMAL
2026-06-18T12:39:29.739940+00:00,DION_001,233280,-0.09235432040360869,SIMULATED,NORMAL
2026-06-18T12:39:29.750182+00:00,DION_001,233281,-1.54696838875075,SIMULATED,NORMAL
2026-06-18T12:39:29.760446+00:00,DION_001,233282,-0.13958944988747732,SIMULATED,NORMAL
2026-06-18T12:39:29.770652+00:00,DION_001,233283,-0.45059785035668837,SIMULATED,NORMAL
2026-06-18T12:39:29.780871+00:00,DION_001,233284,-0.3263623547302307,SIMULATED,NORMAL
2026-06-18T12:39:29.791023+00:00,DION_001,233285,0.22048533242328955,SIMULATED,NORMAL
2026-06-18T12:39:29.801231+00:00,DION_001,233286,-0.14519363264878024,SIMULATED,NORMAL
2026-06-18T12:39:29.811434+00:00,DION_001,233287,-0.15818736412767215,SIMULATED,NORMAL
2026-06-18T12:39:29.821636+00:00,DION_001,233288,-0.11312889347079685,SIMULATED,NORMAL
2026-06-18T12:39:29.831893+00:00,DION_001,233289,-0.3051475894227921,SIMULATED,NORMAL
2026-06-18T12:39:29.842185+00:00,DION_001,233290,-0.17111617636772528,SIMULATED,NORMAL
2026-06-18T12:39:29.852515+00:00,DION_001,233291,-0.1042886792543293,SIMULATED,NORMAL
2026-06-18T12:39:29.862691+00:00,DION_001,233292,-0.18342283233295628,SIMULATED,NORMAL
2026-06-18T12:39:29.872937+00:00,DION_001,233293,-0.21688483086902827,SIMULATED,NORMAL
2026-06-18T12:39:29.883172+00:00,DION_001,233294,-0.3635950795587739,SIMULATED,NORMAL
2026-06-18T12:39:29.893572+00:00,DION_001,233295,-0.07415212462082876,SIMULATED,NORMAL
2026-06-18T12:39:29.903855+00:00,DION_001,233296,-0.041993036364803296,SIMULATED,NORMAL
2026-06-18T12:39:29.914199+00:00,DION_001,233297,-0.29824579387918326,SIMULATED,NORMAL
2026-06-18T12:39:29.924604+00:00,DION_001,233298,-3.2512371798223656,SIMULATED,EVENT_DETECTED
2026-06-18T12:39:29.935142+00:00,DION_001,233299,-0.019256189578870583,SIMULATED,NORMAL
2026-06-18T12:39:29.945437+00:00,DION_001,233300,-0.05807849437599705,SIMULATED,NORMAL
2026-06-18T12:39:29.955825+00:00,DION_001,233301,-0.15010283623165502,SIMULATED,NORMAL
2026-06-18T12:39:29.966122+00:00,DION_001,233302,-0.03348837304502117,SIMULATED,NORMAL
2026-06-18T12:39:29.976414+00:00,DION_001,233303,0.028676835037960105,SIMULATED,NORMAL
2026-06-18T12:39:29.986632+00:00,DION_001,233304,0.023750864127612775,SIMULATED,NORMAL
2026-06-18T12:39:29.996885+00:00,DION_001,233305,0.1667311966950733,SIMULATED,NORMAL
2026-06-18T12:39:30.007143+00:00,DION_001,233306,-0.32479657706525117,SIMULATED,NORMAL
2026-06-18T12:39:30.017403+00:00,DION_001,233307,-0.1303754561407561,SIMULATED,NORMAL
2026-06-18T12:39:30.027612+00:00,DION_001,233308,0.16676126133821748,SIMULATED,NORMAL
2026-06-18T12:39:30.037906+00:00,DION_001,233309,0.12613066516277116,SIMULATED,NORMAL
2026-06-18T12:39:30.048109+00:00,DION_001,233310,0.09774680360680457,SIMULATED,NORMAL
2026-06-18T12:39:30.058371+00:00,DION_001,233311,0.14477087298618374,SIMULATED,NORMAL
2026-06-18T12:39:30.068688+00:00,DION_001,233312,0.2868903666079995,SIMULATED,NORMAL
2026-06-18T12:39:30.078947+00:00,DION_001,233313,-0.007397869025138726,SIMULATED,NORMAL
2026-06-18T12:39:30.089247+00:00,DION_001,233314,0.18041271185247368,SIMULATED,NORMAL
2026-06-18T12:39:30.099509+00:00,DION_001,233315,0.47416646513846045,SIMULATED,NORMAL
2026-06-18T12:39:30.109773+00:00,DION_001,233316,-0.016509394028068086,SIMULATED,NORMAL
2026-06-18T12:39:30.120120+00:00,DION_001,233317,0.24808157268451725,SIMULATED,NORMAL
2026-06-18T12:39:30.130405+00:00,DION_001,233318,0.23088835510534095,SIMULATED,NORMAL
2026-06-18T12:39:30.140660+00:00,DION_001,233319,0.1265839745674089,SIMULATED,NORMAL
2026-06-18T12:39:30.150905+00:00,DION_001,233320,0.21784400329664075,SIMULATED,NORMAL
2026-06-18T12:39:30.161253+00:00,DION_001,233321,0.02463700179440534,SIMULATED,NORMAL
2026-06-18T12:39:30.171528+00:00,DION_001,233322,0.3288350106460458,SIMULATED,NORMAL
2026-06-18T12:39:30.181792+00:00,DION_001,233323,0.12184011214560378,SIMULATED,NORMAL
2026-06-18T12:39:30.192020+00:00,DION_001,233324,0.34551165151901686,SIMULATED,NORMAL
2026-06-18T12:39:30.202289+00:00,DION_001,233325,0.42745347116604154,SIMULATED,NORMAL
2026-06-18T12:39:30.212622+00:00,DION_001,233326,0.06029394483226687,SIMULATED,NORMAL
2026-06-18T12:39:30.222906+00:00,DION_001,233327,0.27315168911606647,SIMULATED,NORMAL
2026-06-18T12:39:30.233174+00:00,DION_001,233328,0.27368429417453666,SIMULATED,NORMAL
2026-06-18T12:39:30.243439+00:00,DION_001,233329,-0.03618310759486763,SIMULATED,NORMAL
2026-06-18T12:39:30.253720+00:00,DION_001,233330,0.0181667686804666,SIMULATED,NORMAL
2026-06-18T12:39:30.263952+00:00,DION_001,233331,-0.005238710720533286,SIMULATED,NORMAL
2026-06-18T12:39:30.274194+00:00,DION_001,233332,0.20593987232159577,SIMULATED,NORMAL
2026-06-18T12:39:30.284495+00:00,DION_001,233333,0.15710211923174053,SIMULATED,NORMAL
2026-06-18T12:39:30.294807+00:00,DION_001,233334,-0.0628543400132659,SIMULATED,NORMAL
2026-06-18T12:39:30.305208+00:00,DION_001,233335,-0.20000064191494707,SIMULATED,NORMAL
2026-06-18T12:39:30.315588+00:00,DION_001,233336,-0.2213927486125674,SIMULATED,NORMAL
2026-06-18T12:39:30.325976+00:00,DION_001,233337,0.2027497308630986,SIMULATED,NORMAL
2026-06-18T12:39:30.336473+00:00,DION_001,233338,-0.018117143111543138,SIMULATED,NORMAL
2026-06-18T12:39:30.346982+00:00,DION_001,233339,-0.1259664712552348,SIMULATED,NORMAL
2026-06-18T12:39:30.357451+00:00,DION_001,233340,-0.2116034733327283,SIMULATED,NORMAL
2026-06-18T12:39:30.367939+00:00,DION_001,233341,-0.1301266158479114,SIMULATED,NORMAL
2026-06-18T12:39:30.378468+00:00,DION_001,233342,-0.236615197519393,SIMULATED,NORMAL
2026-06-18T12:39:30.389331+00:00,DION_001,233343,-0.2552975946342371,SIMULATED,NORMAL
2026-06-18T12:39:30.399806+00:00,DION_001,233344,2.209626220673928,SIMULATED,EVENT_DETECTED
2026-06-18T12:39:30.410501+00:00,DION_001,233345,-0.29493554827965296,SIMULATED,NORMAL
2026-06-18T12:39:30.420968+00:00,DION_001,233346,-0.44104143853236644,SIMULATED,NORMAL
2026-06-18T12:39:30.431402+00:00,DION_001,233347,-0.20614758414180978,SIMULATED,NORMAL
2026-06-18T12:39:30.441858+00:00,DION_001,233348,-0.5965609057078164,SIMULATED,NORMAL
2026-06-18T12:39:30.452335+00:00,DION_001,233349,-0.6761151763162275,SIMULATED,NORMAL
2026-06-18T12:39:30.462823+00:00,DION_001,233350,-0.8483699788493396,SIMULATED,NORMAL
2026-06-18T12:39:30.473269+00:00,DION_001,233351,-0.7499909338952103,SIMULATED,NORMAL
2026-06-18T12:39:30.483755+00:00,DION_001,233352,-0.7520325805898829,SIMULATED,NORMAL
2026-06-18T12:39:30.494258+00:00,DION_001,233353,-0.6200551830879889,SIMULATED,NORMAL
2026-06-18T12:39:30.504725+00:00,DION_001,233354,-0.9056039375850525,SIMULATED,NORMAL
2026-06-18T12:39:30.515252+00:00,DION_001,233355,-0.9017808204690203,SIMULATED,NORMAL
2026-06-18T12:39:30.525655+00:00,DION_001,233356,-0.9518761375468403,SIMULATED,NORMAL
2026-06-18T12:39:30.536177+00:00,DION_001,233357,-0.8303444913580703,SIMULATED,NORMAL
2026-06-18T12:39:30.546852+00:00,DION_001,233358,-0.9872375751149771,SIMULATED,NORMAL
2026-06-18T12:39:30.560745+00:00,DION_001,233359,-0.7624286758150793,SIMULATED,NORMAL
2026-06-18T12:39:30.571245+00:00,DION_001,233360,-1.1377167939935995,SIMULATED,NORMAL
2026-06-18T12:39:30.581761+00:00,DION_001,233361,-1.217825545810561,SIMULATED,NORMAL
2026-06-18T12:39:30.592263+00:00,DION_001,233362,-0.9623328284109827,SIMULATED,NORMAL
2026-06-18T12:39:30.602903+00:00,DION_001,233363,-0.951406630349543,SIMULATED,NORMAL
2026-06-18T12:39:30.613392+00:00,DION_001,233364,-0.8228762881745182,SIMULATED,NORMAL
2026-06-18T12:39:30.623955+00:00,DION_001,233365,-1.1308795740307005,SIMULATED,NORMAL
2026-06-18T12:39:30.634527+00:00,DION_001,233366,-0.9926205295869799,SIMULATED,NORMAL
2026-06-18T12:39:30.645048+00:00,DION_001,233367,-0.9003728371972228,SIMULATED,NORMAL
2026-06-18T12:39:30.655552+00:00,DION_001,233368,-1.1864065970246185,SIMULATED,NORMAL
2026-06-18T12:39:30.666057+00:00,DION_001,233369,-1.02204341820555,SIMULATED,NORMAL
2026-06-18T12:39:30.676709+00:00,DION_001,233370,-1.2457965680428678,SIMULATED,NORMAL
2026-06-18T12:39:30.687164+00:00,DION_001,233371,-0.9103070317988828,SIMULATED,NORMAL
2026-06-18T12:39:30.697570+00:00,DION_001,233372,-1.1664387969164063,SIMULATED,NORMAL
2026-06-18T12:39:30.708059+00:00,DION_001,233373,-1.1666100299315072,SIMULATED,NORMAL
2026-06-18T12:39:30.718575+00:00,DION_001,233374,-1.1422850209096018,SIMULATED,NORMAL
2026-06-18T12:39:30.729090+00:00,DION_001,233375,-1.109888014120055,SIMULATED,NORMAL
2026-06-18T12:39:30.739653+00:00,DION_001,233376,-1.1890478788828065,SIMULATED,NORMAL
2026-06-18T12:39:30.750276+00:00,DION_001,233377,-0.8463826381958512,SIMULATED,NORMAL
2026-06-18T12:39:30.760833+00:00,DION_001,233378,-1.004114651459314,SIMULATED,NORMAL
2026-06-18T12:39:30.771471+00:00,DION_001,233379,-0.7665349138781602,SIMULATED,NORMAL
2026-06-18T12:39:30.781961+00:00,DION_001,233380,-1.002567687493216,SIMULATED,NORMAL
2026-06-18T12:39:30.792674+00:00,DION_001,233381,-0.8863961659665303,SIMULATED,NORMAL
2026-06-18T12:39:30.803199+00:00,DION_001,233382,-0.4779008899632998,SIMULATED,NORMAL
2026-06-18T12:39:30.813711+00:00,DION_001,233383,-0.9841654295701174,SIMULATED,NORMAL
2026-06-18T12:39:30.824149+00:00,DION_001,233384,-0.9909824004401876,SIMULATED,NORMAL
2026-06-18T12:39:30.834571+00:00,DION_001,233385,-0.6933331026113695,SIMULATED,NORMAL
2026-06-18T12:39:30.845025+00:00,DION_001,233386,-0.8109601562217488,SIMULATED,NORMAL
2026-06-18T12:39:30.855443+00:00,DION_001,233387,-0.5439836911233893,SIMULATED,NORMAL
2026-06-18T12:39:30.865927+00:00,DION_001,233388,-0.7581243966827877,SIMULATED,NORMAL
2026-06-18T12:39:30.876459+00:00,DION_001,233389,-0.678405259057244,SIMULATED,NORMAL
2026-06-18T12:39:30.886820+00:00,DION_001,233390,-0.7726034081177587,SIMULATED,NORMAL
2026-06-18T12:39:30.897163+00:00,DION_001,233391,-0.5212451145626136,SIMULATED,NORMAL
2026-06-18T12:39:30.907851+00:00,DION_001,233392,-0.529638494023572,SIMULATED,NORMAL
2026-06-18T12:39:30.918305+00:00,DION_001,233393,-0.6900772954496506,SIMULATED,NORMAL
2026-06-18T12:39:30.928737+00:00,DION_001,233394,1.7827645634394722,SIMULATED,NORMAL
2026-06-18T12:39:30.939499+00:00,DION_001,233395,-0.44857238140262246,SIMULATED,NORMAL
2026-06-18T12:39:30.949868+00:00,DION_001,233396,-0.4894055454563309,SIMULATED,NORMAL
2026-06-18T12:39:30.960268+00:00,DION_001,233397,-0.37478651043828487,SIMULATED,NORMAL
2026-06-18T12:39:30.970778+00:00,DION_001,233398,-0.4746669139167928,SIMULATED,NORMAL
2026-06-18T12:39:30.981194+00:00,DION_001,233399,-0.256601313650497,SIMULATED,NORMAL
2026-06-18T12:39:30.991578+00:00,DION_001,233400,-0.44818453160220234,SIMULATED,NORMAL
2026-06-18T12:39:31.002094+00:00,DION_001,233401,-0.5501040217151929,SIMULATED,NORMAL
2026-06-18T12:39:31.012713+00:00,DION_001,233402,-0.5397412539608981,SIMULATED,NORMAL
2026-06-18T12:39:31.023056+00:00,DION_001,233403,-0.3343991913283465,SIMULATED,NORMAL
2026-06-18T12:39:31.033388+00:00,DION_001,233404,-0.3701097961781727,SIMULATED,NORMAL
2026-06-18T12:39:31.043750+00:00,DION_001,233405,-0.4635376614608909,SIMULATED,NORMAL
2026-06-18T12:39:31.054120+00:00,DION_001,233406,-0.4195672731662358,SIMULATED,NORMAL
2026-06-18T12:39:31.064598+00:00,DION_001,233407,-0.4032009351022249,SIMULATED,NORMAL
2026-06-18T12:39:31.074916+00:00,DION_001,233408,-0.28415997172220275,SIMULATED,NORMAL
2026-06-18T12:39:31.085225+00:00,DION_001,233409,-0.048214472476522496,SIMULATED,NORMAL
2026-06-18T12:39:31.095511+00:00,DION_001,233410,-0.6956644524709206,SIMULATED,NORMAL
2026-06-18T12:39:31.105837+00:00,DION_001,233411,-0.5417992071417355,SIMULATED,NORMAL
2026-06-18T12:39:31.116155+00:00,DION_001,233412,-2.2186213770286223,SIMULATED,EVENT_DETECTED
2026-06-18T12:39:31.126628+00:00,DION_001,233413,-0.40227962627097724,SIMULATED,NORMAL
2026-06-18T12:39:31.137004+00:00,DION_001,233414,-0.471186807852705,SIMULATED,NORMAL
2026-06-18T12:39:31.147441+00:00,DION_001,233415,-0.5652253261745268,SIMULATED,NORMAL
2026-06-18T12:39:31.158290+00:00,DION_001,233416,-0.852971830253692,SIMULATED,NORMAL
2026-06-18T12:39:31.168737+00:00,DION_001,233417,-0.43053710507638493,SIMULATED,NORMAL
2026-06-18T12:39:31.179176+00:00,DION_001,233418,-0.7724731626582118,SIMULATED,NORMAL
2026-06-18T12:39:31.189696+00:00,DION_001,233419,-2.78446020102178,SIMULATED,EVENT_DETECTED
2026-06-18T12:39:31.200287+00:00,DION_001,233420,-0.46915625417984436,SIMULATED,NORMAL
2026-06-18T12:39:31.210710+00:00,DION_001,233421,-0.4923036592987692,SIMULATED,NORMAL
2026-06-18T12:39:31.221067+00:00,DION_001,233422,-0.6745117271442829,SIMULATED,NORMAL
2026-06-18T12:39:31.231598+00:00,DION_001,233423,-0.8539333625521581,SIMULATED,NORMAL
2026-06-18T12:39:31.242054+00:00,DION_001,233424,-0.9008717686799901,SIMULATED,NORMAL
2026-06-18T12:39:31.252780+00:00,DION_001,233425,-0.7353352257987189,SIMULATED,NORMAL
2026-06-18T12:39:31.263244+00:00,DION_001,233426,-0.7963181286441261,SIMULATED,NORMAL
2026-06-18T12:39:31.273735+00:00,DION_001,233427,-0.7988297620599244,SIMULATED,NORMAL
2026-06-18T12:39:31.284110+00:00,DION_001,233428,-0.693718703994388,SIMULATED,NORMAL
2026-06-18T12:39:31.294577+00:00,DION_001,233429,-1.0129216443235995,SIMULATED,NORMAL
2026-06-18T12:39:31.305084+00:00,DION_001,233430,-0.932261138555633,SIMULATED,NORMAL
2026-06-18T12:39:31.315471+00:00,DION_001,233431,-0.7541325742144256,SIMULATED,NORMAL
2026-06-18T12:39:31.325919+00:00,DION_001,233432,-0.7738614308842332,SIMULATED,NORMAL
2026-06-18T12:39:31.336508+00:00,DION_001,233433,-1.0236905523884021,SIMULATED,NORMAL
2026-06-18T12:39:31.346810+00:00,DION_001,233434,-1.2248447647888396,SIMULATED,NORMAL
2026-06-18T12:39:31.357153+00:00,DION_001,233435,-0.7798328920422352,SIMULATED,NORMAL
2026-06-18T12:39:31.367495+00:00,DION_001,233436,-1.4255320902423347,SIMULATED,NORMAL
2026-06-18T12:39:31.377819+00:00,DION_001,233437,-0.731847603469598,SIMULATED,NORMAL
2026-06-18T12:39:31.388092+00:00,DION_001,233438,-0.9388887025202095,SIMULATED,NORMAL
2026-06-18T12:39:31.398576+00:00,DION_001,233439,-1.026787507162917,SIMULATED,NORMAL
2026-06-18T12:39:31.409367+00:00,DION_001,233440,-1.0049230677188068,SIMULATED,NORMAL
2026-06-18T12:39:31.419756+00:00,DION_001,233441,-1.2154173570176774,SIMULATED,NORMAL
2026-06-18T12:39:31.430207+00:00,DION_001,233442,-0.9156305555575639,SIMULATED,NORMAL
2026-06-18T12:39:31.440580+00:00,DION_001,233443,-0.8470583677448169,SIMULATED,NORMAL
2026-06-18T12:39:31.451081+00:00,DION_001,233444,-0.9596966341920283,SIMULATED,NORMAL
2026-06-18T12:39:31.461549+00:00,DION_001,233445,-1.116677784336759,SIMULATED,NORMAL
2026-06-18T12:39:31.472001+00:00,DION_001,233446,-0.7871447302292842,SIMULATED,NORMAL
2026-06-18T12:39:31.482528+00:00,DION_001,233447,-0.9719280645136982,SIMULATED,NORMAL
2026-06-18T12:39:31.492957+00:00,DION_001,233448,-1.0455935597402621,SIMULATED,NORMAL
2026-06-18T12:39:31.503443+00:00,DION_001,233449,-1.0793375180690243,SIMULATED,NORMAL
2026-06-18T12:39:31.513925+00:00,DION_001,233450,-0.8053101127369238,SIMULATED,NORMAL
2026-06-18T12:39:31.525302+00:00,DION_001,233451,-0.7682156435518487,SIMULATED,NORMAL
2026-06-18T12:39:31.535793+00:00,DION_001,233452,-0.8234886470389264,SIMULATED,NORMAL
2026-06-18T12:39:31.546272+00:00,DION_001,233453,-1.0874789064649142,SIMULATED,NORMAL
2026-06-18T12:39:31.556844+00:00,DION_001,233454,-0.8319393097726854,SIMULATED,NORMAL
2026-06-18T12:39:31.567311+00:00,DION_001,233455,-0.6698994677027444,SIMULATED,NORMAL
2026-06-18T12:39:31.577694+00:00,DION_001,233456,-0.6958484806107252,SIMULATED,NORMAL
2026-06-18T12:39:31.588142+00:00,DION_001,233457,-0.5336203358086957,SIMULATED,NORMAL
2026-06-18T12:39:31.598538+00:00,DION_001,233458,-0.7460634821696723,SIMULATED,NORMAL
2026-06-18T12:39:31.608939+00:00,DION_001,233459,-0.5913158581225559,SIMULATED,NORMAL
2026-06-18T12:39:31.619277+00:00,DION_001,233460,-0.58348056455865,SIMULATED,NORMAL
2026-06-18T12:39:31.629694+00:00,DION_001,233461,-0.6128975718318885,SIMULATED,NORMAL
2026-06-18T12:39:31.640147+00:00,DION_001,233462,-0.6251438222049689,SIMULATED,NORMAL
2026-06-18T12:39:31.650607+00:00,DION_001,233463,-0.5472697593457307,SIMULATED,NORMAL
2026-06-18T12:39:31.661334+00:00,DION_001,233464,-0.2985137197052067,SIMULATED,NORMAL
2026-06-18T12:39:31.671565+00:00,DION_001,233465,-0.4969629906538122,SIMULATED,NORMAL
2026-06-18T12:39:31.681984+00:00,DION_001,233466,-0.34127605505047803,SIMULATED,NORMAL
2026-06-18T12:39:31.692654+00:00,DION_001,233467,-0.20840266941504454,SIMULATED,NORMAL
2026-06-18T12:39:31.703238+00:00,DION_001,233468,1.155513070722319,SIMULATED,NORMAL
2026-06-18T12:39:31.713812+00:00,DION_001,233469,-0.10825799688245612,SIMULATED,NORMAL
2026-06-18T12:39:31.724296+00:00,DION_001,233470,-0.16147090525590085,SIMULATED,NORMAL
2026-06-18T12:39:31.734819+00:00,DION_001,233471,0.007186513228367997,SIMULATED,NORMAL
2026-06-18T12:39:31.745201+00:00,DION_001,233472,-0.04915320517711092,SIMULATED,NORMAL
2026-06-18T12:39:31.755623+00:00,DION_001,233473,0.02239358991406154,SIMULATED,NORMAL
2026-06-18T12:39:31.766038+00:00,DION_001,233474,0.026498315527502883,SIMULATED,NORMAL
2026-06-18T12:39:31.776619+00:00,DION_001,233475,0.06777962741220765,SIMULATED,NORMAL
2026-06-18T12:39:31.787018+00:00,DION_001,233476,0.2243200342445754,SIMULATED,NORMAL
2026-06-18T12:39:31.797479+00:00,DION_001,233477,0.19925145539149516,SIMULATED,NORMAL
2026-06-18T12:39:31.808010+00:00,DION_001,233478,-0.039417063892533216,SIMULATED,NORMAL
2026-06-18T12:39:31.818503+00:00,DION_001,233479,-0.11197785416002679,SIMULATED,NORMAL
2026-06-18T12:39:31.828903+00:00,DION_001,233480,-0.05007644908344572,SIMULATED,NORMAL
2026-06-18T12:39:31.839379+00:00,DION_001,233481,0.08468687733969006,SIMULATED,NORMAL
2026-06-18T12:39:31.849676+00:00,DION_001,233482,0.2322895694419195,SIMULATED,NORMAL
2026-06-18T12:39:31.860110+00:00,DION_001,233483,0.3891203339350977,SIMULATED,NORMAL
2026-06-18T12:39:31.870550+00:00,DION_001,233484,0.24863774306971748,SIMULATED,NORMAL
2026-06-18T12:39:31.880899+00:00,DION_001,233485,2.575212201798248,SIMULATED,EVENT_DETECTED
2026-06-18T12:39:31.891430+00:00,DION_001,233486,0.4498826941860946,SIMULATED,NORMAL
2026-06-18T12:39:31.901833+00:00,DION_001,233487,0.15431915176083322,SIMULATED,NORMAL
2026-06-18T12:39:31.912220+00:00,DION_001,233488,2.67021155183109,SIMULATED,EVENT_DETECTED
2026-06-18T12:39:31.922986+00:00,DION_001,233489,0.07328031598709459,SIMULATED,NORMAL
2026-06-18T12:39:31.933332+00:00,DION_001,233490,0.22906490594752105,SIMULATED,NORMAL
2026-06-18T12:39:31.943692+00:00,DION_001,233491,0.2868064621336532,SIMULATED,NORMAL
2026-06-18T12:39:31.954226+00:00,DION_001,233492,0.21982316529778348,SIMULATED,NORMAL
2026-06-18T12:39:31.964853+00:00,DION_001,233493,0.07603178730149926,SIMULATED,NORMAL
2026-06-18T12:39:31.975264+00:00,DION_001,233494,0.5358787591574323,SIMULATED,NORMAL
2026-06-18T12:39:31.985662+00:00,DION_001,233495,0.31725653837252676,SIMULATED,NORMAL
2026-06-18T12:39:31.995972+00:00,DION_001,233496,0.3545612086650572,SIMULATED,NORMAL
2026-06-18T12:39:32.006336+00:00,DION_001,233497,0.2963977521890148,SIMULATED,NORMAL
2026-06-18T12:39:32.016732+00:00,DION_001,233498,0.4117476247011702,SIMULATED,NORMAL
2026-06-18T12:39:32.027167+00:00,DION_001,233499,0.2692570505234313,SIMULATED,NORMAL
2026-06-18T12:39:32.037531+00:00,DION_001,233500,-0.045090875567244976,SIMULATED,NORMAL
2026-06-18T12:39:32.047878+00:00,DION_001,233501,-2.550215065939069,SIMULATED,EVENT_DETECTED
2026-06-18T12:39:32.058600+00:00,DION_001,233502,0.12262780252834292,SIMULATED,NORMAL
2026-06-18T12:39:32.069121+00:00,DION_001,233503,0.08049514452899972,SIMULATED,NORMAL
2026-06-18T12:39:32.079464+00:00,DION_001,233504,0.4121579652785077,SIMULATED,NORMAL
2026-06-18T12:39:32.090070+00:00,DION_001,233505,0.20418274818966553,SIMULATED,NORMAL
2026-06-18T12:39:32.100776+00:00,DION_001,233506,0.24053259675480998,SIMULATED,NORMAL
2026-06-18T12:39:32.111255+00:00,DION_001,233507,-2.69614574823894,SIMULATED,EVENT_DETECTED
2026-06-18T12:39:32.121836+00:00,DION_001,233508,-0.06825984212650962,SIMULATED,NORMAL
2026-06-18T12:39:32.132197+00:00,DION_001,233509,-0.08939925676590446,SIMULATED,NORMAL
2026-06-18T12:39:32.142510+00:00,DION_001,233510,-0.04549076895249642,SIMULATED,NORMAL
2026-06-18T12:39:32.152947+00:00,DION_001,233511,-0.02856938064955999,SIMULATED,NORMAL
2026-06-18T12:39:32.163377+00:00,DION_001,233512,-0.06287158230551661,SIMULATED,NORMAL
2026-06-18T12:39:32.173759+00:00,DION_001,233513,0.19808455379026613,SIMULATED,NORMAL
2026-06-18T12:39:32.184044+00:00,DION_001,233514,0.1770557081279082,SIMULATED,NORMAL
2026-06-18T12:39:32.194360+00:00,DION_001,233515,0.09794349629204546,SIMULATED,NORMAL
2026-06-18T12:39:32.204699+00:00,DION_001,233516,0.11874227784589061,SIMULATED,NORMAL
2026-06-18T12:39:32.215050+00:00,DION_001,233517,0.01845007093119916,SIMULATED,NORMAL
2026-06-18T12:39:32.225596+00:00,DION_001,233518,0.007335424547281394,SIMULATED,NORMAL
2026-06-18T12:39:32.235871+00:00,DION_001,233519,-0.24201135952630265,SIMULATED,NORMAL
2026-06-18T12:39:32.246319+00:00,DION_001,233520,-0.11229706448272594,SIMULATED,NORMAL
2026-06-18T12:39:32.256755+00:00,DION_001,233521,0.15606402117818025,SIMULATED,NORMAL
2026-06-18T12:39:32.267065+00:00,DION_001,233522,0.10431756454601102,SIMULATED,NORMAL
2026-06-18T12:39:32.277443+00:00,DION_001,233523,-0.03808244050301342,SIMULATED,NORMAL
2026-06-18T12:39:32.287738+00:00,DION_001,233524,0.15496913634263484,SIMULATED,NORMAL
2026-06-18T12:39:32.298013+00:00,DION_001,233525,0.03656405413516045,SIMULATED,NORMAL
2026-06-18T12:39:32.308499+00:00,DION_001,233526,-0.047226007554623126,SIMULATED,NORMAL
2026-06-18T12:39:32.318906+00:00,DION_001,233527,0.1361649661724286,SIMULATED,NORMAL
2026-06-18T12:39:32.329229+00:00,DION_001,233528,0.0006002379818545994,SIMULATED,NORMAL
2026-06-18T12:39:32.339692+00:00,DION_001,233529,0.13641521338785462,SIMULATED,NORMAL
2026-06-18T12:39:32.350108+00:00,DION_001,233530,-0.008755998089428493,SIMULATED,NORMAL
2026-06-18T12:39:32.360748+00:00,DION_001,233531,0.14123070380303285,SIMULATED,NORMAL
2026-06-18T12:39:32.371151+00:00,DION_001,233532,0.13062012696753827,SIMULATED,NORMAL
2026-06-18T12:39:32.381648+00:00,DION_001,233533,0.11641128482229039,SIMULATED,NORMAL
2026-06-18T12:39:32.392134+00:00,DION_001,233534,0.38820731993915514,SIMULATED,NORMAL
2026-06-18T12:39:32.402504+00:00,DION_001,233535,0.39257846172833166,SIMULATED,NORMAL
2026-06-18T12:39:32.412927+00:00,DION_001,233536,0.12777077511861118,SIMULATED,NORMAL
2026-06-18T12:39:32.423368+00:00,DION_001,233537,0.23931815169381787,SIMULATED,NORMAL
2026-06-18T12:39:32.433725+00:00,DION_001,233538,0.15352622734006235,SIMULATED,NORMAL
2026-06-18T12:39:32.444117+00:00,DION_001,233539,0.4034915492125682,SIMULATED,NORMAL
2026-06-18T12:39:32.454491+00:00,DION_001,233540,0.42671278729731515,SIMULATED,NORMAL
2026-06-18T12:39:32.464841+00:00,DION_001,233541,0.7072648157422698,SIMULATED,NORMAL
2026-06-18T12:39:32.475140+00:00,DION_001,233542,0.24231119735722872,SIMULATED,NORMAL
2026-06-18T12:39:32.485419+00:00,DION_001,233543,0.44494529451254106,SIMULATED,NORMAL
2026-06-18T12:39:32.495667+00:00,DION_001,233544,0.3295528233429844,SIMULATED,NORMAL
2026-06-18T12:39:32.506049+00:00,DION_001,233545,0.5059666338960583,SIMULATED,NORMAL
2026-06-18T12:39:32.516710+00:00,DION_001,233546,0.4624030576911069,SIMULATED,NORMAL
2026-06-18T12:39:32.527059+00:00,DION_001,233547,0.9756061637982429,SIMULATED,NORMAL
2026-06-18T12:39:32.537472+00:00,DION_001,233548,0.469568771884029,SIMULATED,NORMAL
2026-06-18T12:39:32.547875+00:00,DION_001,233549,0.5311728606840629,SIMULATED,NORMAL
2026-06-18T12:39:32.558304+00:00,DION_001,233550,0.676759134195461,SIMULATED,NORMAL
2026-06-18T12:39:32.571444+00:00,DION_001,233551,0.8797556733264154,SIMULATED,NORMAL
2026-06-18T12:39:32.581879+00:00,DION_001,233552,0.8676786742601932,SIMULATED,NORMAL
2026-06-18T12:39:32.592281+00:00,DION_001,233553,1.008848864671012,SIMULATED,NORMAL
2026-06-18T12:39:32.602668+00:00,DION_001,233554,0.8190334299670585,SIMULATED,NORMAL
2026-06-18T12:39:32.613116+00:00,DION_001,233555,0.7979069166408137,SIMULATED,NORMAL
2026-06-18T12:39:32.623419+00:00,DION_001,233556,1.150899698422188,SIMULATED,NORMAL
2026-06-18T12:39:32.633738+00:00,DION_001,233557,0.9592610214498608,SIMULATED,NORMAL
2026-06-18T12:39:32.644034+00:00,DION_001,233558,0.9271608522387493,SIMULATED,NORMAL
2026-06-18T12:39:32.654480+00:00,DION_001,233559,1.153579566828609,SIMULATED,NORMAL
2026-06-18T12:39:32.664731+00:00,DION_001,233560,0.7750585585088431,SIMULATED,NORMAL
2026-06-18T12:39:32.675031+00:00,DION_001,233561,1.1605012333332831,SIMULATED,NORMAL
2026-06-18T12:39:32.685349+00:00,DION_001,233562,1.4086989408770718,SIMULATED,NORMAL
2026-06-18T12:39:32.695714+00:00,DION_001,233563,0.930588347094209,SIMULATED,NORMAL
2026-06-18T12:39:32.706226+00:00,DION_001,233564,1.1992700841432555,SIMULATED,NORMAL
2026-06-18T12:39:32.716677+00:00,DION_001,233565,1.2435912694355475,SIMULATED,NORMAL
2026-06-18T12:39:32.727193+00:00,DION_001,233566,1.1706712232675187,SIMULATED,NORMAL
2026-06-18T12:39:32.737620+00:00,DION_001,233567,1.1717695708999858,SIMULATED,NORMAL
2026-06-18T12:39:32.748028+00:00,DION_001,233568,1.2511967611231802,SIMULATED,NORMAL
2026-06-18T12:39:32.758339+00:00,DION_001,233569,1.1200724809393903,SIMULATED,NORMAL
2026-06-18T12:39:32.768682+00:00,DION_001,233570,1.0354125956964169,SIMULATED,NORMAL
2026-06-18T12:39:32.779099+00:00,DION_001,233571,0.9158358501626389,SIMULATED,NORMAL
2026-06-18T12:39:32.789515+00:00,DION_001,233572,1.2255636357132424,SIMULATED,NORMAL
2026-06-18T12:39:32.800020+00:00,DION_001,233573,1.1614129105208737,SIMULATED,NORMAL
2026-06-18T12:39:32.810464+00:00,DION_001,233574,1.1572893234953627,SIMULATED,NORMAL
2026-06-18T12:39:32.820875+00:00,DION_001,233575,1.0993356154216865,SIMULATED,NORMAL
2026-06-18T12:39:32.831227+00:00,DION_001,233576,1.0936753744277021,SIMULATED,NORMAL
2026-06-18T12:39:32.842753+00:00,DION_001,233577,1.0556070484722397,SIMULATED,NORMAL
2026-06-18T12:39:32.853169+00:00,DION_001,233578,0.5591440543893867,SIMULATED,NORMAL
2026-06-18T12:39:32.863579+00:00,DION_001,233579,0.9862622868747046,SIMULATED,NORMAL
2026-06-18T12:39:32.873945+00:00,DION_001,233580,0.7062973131848619,SIMULATED,NORMAL
2026-06-18T12:39:32.884388+00:00,DION_001,233581,0.6328882327363737,SIMULATED,NORMAL
2026-06-18T12:39:32.894668+00:00,DION_001,233582,1.0661427763960458,SIMULATED,NORMAL
2026-06-18T12:39:32.905129+00:00,DION_001,233583,0.8876970097696792,SIMULATED,NORMAL
2026-06-18T12:39:32.915417+00:00,DION_001,233584,0.7437205387118553,SIMULATED,NORMAL
2026-06-18T12:39:32.925941+00:00,DION_001,233585,0.8855819259520801,SIMULATED,NORMAL
2026-06-18T12:39:32.936485+00:00,DION_001,233586,0.8816026209470621,SIMULATED,NORMAL
2026-06-18T12:39:32.946824+00:00,DION_001,233587,0.6734062239207281,SIMULATED,NORMAL
2026-06-18T12:39:32.957198+00:00,DION_001,233588,0.5452783643421324,SIMULATED,NORMAL
2026-06-18T12:39:32.967610+00:00,DION_001,233589,0.7585833776482198,SIMULATED,NORMAL
2026-06-18T12:39:32.977904+00:00,DION_001,233590,0.5118542761642007,SIMULATED,NORMAL
2026-06-18T12:39:32.988293+00:00,DION_001,233591,0.8558723234599418,SIMULATED,NORMAL
2026-06-18T12:39:32.998582+00:00,DION_001,233592,0.38313851741328386,SIMULATED,NORMAL
2026-06-18T12:39:33.008977+00:00,DION_001,233593,0.36567552633396366,SIMULATED,NORMAL
2026-06-18T12:39:33.019275+00:00,DION_001,233594,0.40911311063477374,SIMULATED,NORMAL
2026-06-18T12:39:33.029568+00:00,DION_001,233595,0.4833828282253963,SIMULATED,NORMAL
2026-06-18T12:39:33.039837+00:00,DION_001,233596,0.35571935283318934,SIMULATED,NORMAL
2026-06-18T12:39:33.050210+00:00,DION_001,233597,0.41742811991721457,SIMULATED,NORMAL
2026-06-18T12:39:33.060548+00:00,DION_001,233598,-2.253046348583122,SIMULATED,EVENT_DETECTED
2026-06-18T12:39:33.071100+00:00,DION_001,233599,0.6029135086803916,SIMULATED,NORMAL
2026-06-18T12:39:33.081499+00:00,DION_001,233600,0.4431348495007004,SIMULATED,NORMAL
2026-06-18T12:39:33.091833+00:00,DION_001,233601,0.4571399390144919,SIMULATED,NORMAL
2026-06-18T12:39:33.102290+00:00,DION_001,233602,0.5594540321616884,SIMULATED,NORMAL
2026-06-18T12:39:33.112813+00:00,DION_001,233603,0.6328906951015033,SIMULATED,NORMAL
2026-06-18T12:39:33.123199+00:00,DION_001,233604,0.5428774323189091,SIMULATED,NORMAL
2026-06-18T12:39:33.133600+00:00,DION_001,233605,0.3989299437091903,SIMULATED,NORMAL
2026-06-18T12:39:33.144088+00:00,DION_001,233606,0.4285773427382702,SIMULATED,NORMAL
2026-06-18T12:39:33.154491+00:00,DION_001,233607,0.6098460736717606,SIMULATED,NORMAL
2026-06-18T12:39:33.164917+00:00,DION_001,233608,0.6215605174325691,SIMULATED,NORMAL
2026-06-18T12:39:33.175304+00:00,DION_001,233609,0.4088348077799926,SIMULATED,NORMAL
2026-06-18T12:39:33.185822+00:00,DION_001,233610,0.505708396822215,SIMULATED,NORMAL
2026-06-18T12:39:33.196163+00:00,DION_001,233611,0.42956751551576045,SIMULATED,NORMAL
2026-06-18T12:39:33.206532+00:00,DION_001,233612,0.5196383502750948,SIMULATED,NORMAL
2026-06-18T12:39:33.216888+00:00,DION_001,233613,0.4109523721836426,SIMULATED,NORMAL
2026-06-18T12:39:33.227211+00:00,DION_001,233614,0.6501430621705122,SIMULATED,NORMAL
2026-06-18T12:39:33.237592+00:00,DION_001,233615,0.4042781893274313,SIMULATED,NORMAL
2026-06-18T12:39:33.247969+00:00,DION_001,233616,0.4290454240355469,SIMULATED,NORMAL
2026-06-18T12:39:33.258282+00:00,DION_001,233617,0.3211530591308477,SIMULATED,NORMAL
2026-06-18T12:39:33.268658+00:00,DION_001,233618,0.34953272036869154,SIMULATED,NORMAL
2026-06-18T12:39:33.278980+00:00,DION_001,233619,0.4071458570278077,SIMULATED,NORMAL
2026-06-18T12:39:33.289302+00:00,DION_001,233620,0.5664823267050266,SIMULATED,NORMAL
2026-06-18T12:39:33.299661+00:00,DION_001,233621,0.33931222115597753,SIMULATED,NORMAL
2026-06-18T12:39:33.309950+00:00,DION_001,233622,0.5589736579208772,SIMULATED,NORMAL
2026-06-18T12:39:33.320331+00:00,DION_001,233623,0.4851250884694118,SIMULATED,NORMAL
2026-06-18T12:39:33.330599+00:00,DION_001,233624,0.7680954980700857,SIMULATED,NORMAL
2026-06-18T12:39:33.340912+00:00,DION_001,233625,0.8319660037140153,SIMULATED,NORMAL
2026-06-18T12:39:33.351205+00:00,DION_001,233626,0.979524594428521,SIMULATED,NORMAL
2026-06-18T12:39:33.361505+00:00,DION_001,233627,0.668652955388037,SIMULATED,NORMAL
2026-06-18T12:39:33.371855+00:00,DION_001,233628,0.7352411765706005,SIMULATED,NORMAL
2026-06-18T12:39:33.382291+00:00,DION_001,233629,0.5831602071342136,SIMULATED,NORMAL
2026-06-18T12:39:33.392596+00:00,DION_001,233630,0.6109618164188575,SIMULATED,NORMAL
2026-06-18T12:39:33.402848+00:00,DION_001,233631,0.9217915205906108,SIMULATED,NORMAL
2026-06-18T12:39:33.413081+00:00,DION_001,233632,1.0822464260726423,SIMULATED,NORMAL
2026-06-18T12:39:33.423314+00:00,DION_001,233633,0.9636802623688286,SIMULATED,NORMAL
2026-06-18T12:39:33.433559+00:00,DION_001,233634,0.6672270510794335,SIMULATED,NORMAL
2026-06-18T12:39:33.443853+00:00,DION_001,233635,0.793073031682718,SIMULATED,NORMAL
2026-06-18T12:39:33.454236+00:00,DION_001,233636,0.8609978881463922,SIMULATED,NORMAL
2026-06-18T12:39:33.464615+00:00,DION_001,233637,0.9239049684319317,SIMULATED,NORMAL
2026-06-18T12:39:33.475071+00:00,DION_001,233638,1.0420415982318807,SIMULATED,NORMAL
2026-06-18T12:39:33.485421+00:00,DION_001,233639,0.9473345318572922,SIMULATED,NORMAL
2026-06-18T12:39:33.495826+00:00,DION_001,233640,0.8603853084257124,SIMULATED,NORMAL
2026-06-18T12:39:33.506196+00:00,DION_001,233641,0.952953955137634,SIMULATED,NORMAL
2026-06-18T12:39:33.516519+00:00,DION_001,233642,0.9224081620755453,SIMULATED,NORMAL
2026-06-18T12:39:33.526695+00:00,DION_001,233643,1.0656067213024882,SIMULATED,NORMAL
2026-06-18T12:39:33.536971+00:00,DION_001,233644,1.0733146092234842,SIMULATED,NORMAL
2026-06-18T12:39:33.547312+00:00,DION_001,233645,0.9473323508169741,SIMULATED,NORMAL
2026-06-18T12:39:33.557649+00:00,DION_001,233646,0.6775771076347443,SIMULATED,NORMAL
2026-06-18T12:39:33.568077+00:00,DION_001,233647,0.9201781945404945,SIMULATED,NORMAL
2026-06-18T12:39:33.578371+00:00,DION_001,233648,0.9453375715631459,SIMULATED,NORMAL
2026-06-18T12:39:33.588756+00:00,DION_001,233649,0.8481087043437784,SIMULATED,NORMAL
2026-06-18T12:39:33.599113+00:00,DION_001,233650,0.7676143190816361,SIMULATED,NORMAL
2026-06-18T12:39:33.609448+00:00,DION_001,233651,0.8406234455456534,SIMULATED,NORMAL
2026-06-18T12:39:33.619765+00:00,DION_001,233652,0.7141634204254226,SIMULATED,NORMAL
2026-06-18T12:39:33.630083+00:00,DION_001,233653,0.916796246661504,SIMULATED,NORMAL
2026-06-18T12:39:33.640566+00:00,DION_001,233654,0.6020097631685363,SIMULATED,NORMAL
2026-06-18T12:39:33.650883+00:00,DION_001,233655,0.8183083022868979,SIMULATED,NORMAL
2026-06-18T12:39:33.661225+00:00,DION_001,233656,0.5916582447707249,SIMULATED,NORMAL
2026-06-18T12:39:33.671547+00:00,DION_001,233657,0.44007042391660134,SIMULATED,NORMAL
2026-06-18T12:39:33.681889+00:00,DION_001,233658,0.6724098319945084,SIMULATED,NORMAL
2026-06-18T12:39:33.692365+00:00,DION_001,233659,0.3225944534958255,SIMULATED,NORMAL
2026-06-18T12:39:33.702857+00:00,DION_001,233660,0.49775625477167235,SIMULATED,NORMAL
2026-06-18T12:39:33.713184+00:00,DION_001,233661,0.35280448297632405,SIMULATED,NORMAL
2026-06-18T12:39:33.723470+00:00,DION_001,233662,0.34506203476839475,SIMULATED,NORMAL
2026-06-18T12:39:33.733796+00:00,DION_001,233663,0.6076228369129518,SIMULATED,NORMAL
2026-06-18T12:39:33.744089+00:00,DION_001,233664,0.2302206657209438,SIMULATED,NORMAL
2026-06-18T12:39:33.754329+00:00,DION_001,233665,0.33413373099978294,SIMULATED,NORMAL
2026-06-18T12:39:33.764616+00:00,DION_001,233666,0.10992742840228409,SIMULATED,NORMAL
2026-06-18T12:39:33.774867+00:00,DION_001,233667,0.42145574905079053,SIMULATED,NORMAL
2026-06-18T12:39:33.785125+00:00,DION_001,233668,0.11445194464742608,SIMULATED,NORMAL
2026-06-18T12:39:33.795362+00:00,DION_001,233669,0.2767869630742591,SIMULATED,NORMAL
2026-06-18T12:39:33.805793+00:00,DION_001,233670,0.25189086066119293,SIMULATED,NORMAL
2026-06-18T12:39:33.816167+00:00,DION_001,233671,-0.13962250229943568,SIMULATED,NORMAL
2026-06-18T12:39:33.826530+00:00,DION_001,233672,0.1594577083287319,SIMULATED,NORMAL
2026-06-18T12:39:33.836811+00:00,DION_001,233673,0.23940374407450454,SIMULATED,NORMAL
2026-06-18T12:39:33.847070+00:00,DION_001,233674,-0.23054033400521287,SIMULATED,NORMAL
2026-06-18T12:39:33.857382+00:00,DION_001,233675,-0.10310956968915869,SIMULATED,NORMAL
2026-06-18T12:39:33.867639+00:00,DION_001,233676,-0.05866463211784667,SIMULATED,NORMAL
2026-06-18T12:39:33.877963+00:00,DION_001,233677,-0.11383541090643656,SIMULATED,NORMAL
2026-06-18T12:39:33.888443+00:00,DION_001,233678,-0.1257726730263679,SIMULATED,NORMAL
2026-06-18T12:39:33.898704+00:00,DION_001,233679,-0.15532723168913984,SIMULATED,NORMAL
2026-06-18T12:39:33.908999+00:00,DION_001,233680,-0.3179207248496278,SIMULATED,NORMAL
2026-06-18T12:39:33.919226+00:00,DION_001,233681,-0.44638049935764684,SIMULATED,NORMAL
2026-06-18T12:39:33.929408+00:00,DION_001,233682,-0.5107367797661324,SIMULATED,NORMAL
2026-06-18T12:39:33.939711+00:00,DION_001,233683,-0.079892318285221,SIMULATED,NORMAL
2026-06-18T12:39:33.949992+00:00,DION_001,233684,-0.2194253567359406,SIMULATED,NORMAL
2026-06-18T12:39:33.960301+00:00,DION_001,233685,-0.247775884417765,SIMULATED,NORMAL
2026-06-18T12:39:33.970658+00:00,DION_001,233686,-0.3569730997315033,SIMULATED,NORMAL
2026-06-18T12:39:33.981123+00:00,DION_001,233687,-0.42024628368569,SIMULATED,NORMAL
2026-06-18T12:39:33.991554+00:00,DION_001,233688,-0.4605434093100842,SIMULATED,NORMAL
2026-06-18T12:39:34.001890+00:00,DION_001,233689,-0.3235920181197955,SIMULATED,NORMAL
2026-06-18T12:39:34.012361+00:00,DION_001,233690,-0.24593253598991846,SIMULATED,NORMAL
2026-06-18T12:39:34.022819+00:00,DION_001,233691,-0.5120473254338367,SIMULATED,NORMAL
2026-06-18T12:39:34.033253+00:00,DION_001,233692,0.003958548180799715,SIMULATED,NORMAL
2026-06-18T12:39:34.043715+00:00,DION_001,233693,-0.1839643870303949,SIMULATED,NORMAL
2026-06-18T12:39:34.054282+00:00,DION_001,233694,-0.09658075405438765,SIMULATED,NORMAL
2026-06-18T12:39:34.064725+00:00,DION_001,233695,-0.48539610687322154,SIMULATED,NORMAL
2026-06-18T12:39:34.075192+00:00,DION_001,233696,-0.517428125553028,SIMULATED,NORMAL
2026-06-18T12:39:34.085598+00:00,DION_001,233697,-0.2409639133680927,SIMULATED,NORMAL
2026-06-18T12:39:34.096005+00:00,DION_001,233698,-0.10441895780309846,SIMULATED,NORMAL
2026-06-18T12:39:34.106502+00:00,DION_001,233699,-0.45466808960492144,SIMULATED,NORMAL
2026-06-18T12:39:34.116899+00:00,DION_001,233700,-0.046505731591601124,SIMULATED,NORMAL
2026-06-18T12:39:34.127265+00:00,DION_001,233701,-0.13721963952388452,SIMULATED,NORMAL
2026-06-18T12:39:34.137703+00:00,DION_001,233702,0.019510709683983996,SIMULATED,NORMAL
2026-06-18T12:39:34.148049+00:00,DION_001,233703,-0.25502744402344946,SIMULATED,NORMAL
2026-06-18T12:39:34.158468+00:00,DION_001,233704,-0.1507392521547747,SIMULATED,NORMAL
2026-06-18T12:39:34.168924+00:00,DION_001,233705,-0.4378421812836306,SIMULATED,NORMAL
2026-06-18T12:39:34.179258+00:00,DION_001,233706,-0.30814199878689136,SIMULATED,NORMAL
2026-06-18T12:39:34.189702+00:00,DION_001,233707,-0.09027881574306505,SIMULATED,NORMAL
2026-06-18T12:39:34.200073+00:00,DION_001,233708,-0.3603703085523258,SIMULATED,NORMAL
2026-06-18T12:39:34.210430+00:00,DION_001,233709,-0.24992848890665081,SIMULATED,NORMAL
2026-06-18T12:39:34.220818+00:00,DION_001,233710,0.003964547721514777,SIMULATED,NORMAL
2026-06-18T12:39:34.231118+00:00,DION_001,233711,-0.05543921229316807,SIMULATED,NORMAL
2026-06-18T12:39:34.241565+00:00,DION_001,233712,-0.00841802855583261,SIMULATED,NORMAL
2026-06-18T12:39:34.251911+00:00,DION_001,233713,-0.060885093493882804,SIMULATED,NORMAL
2026-06-18T12:39:34.262267+00:00,DION_001,233714,-0.0513547720135464,SIMULATED,NORMAL
2026-06-18T12:39:34.272628+00:00,DION_001,233715,-0.2740247240149278,SIMULATED,NORMAL
2026-06-18T12:39:34.283001+00:00,DION_001,233716,0.119808362445815,SIMULATED,NORMAL
2026-06-18T12:39:34.293396+00:00,DION_001,233717,-0.0402254539954533,SIMULATED,NORMAL
2026-06-18T12:39:34.303871+00:00,DION_001,233718,0.14191212165617248,SIMULATED,NORMAL
2026-06-18T12:39:34.314378+00:00,DION_001,233719,-0.01105402059569845,SIMULATED,NORMAL
2026-06-18T12:39:34.324841+00:00,DION_001,233720,0.163115351251294,SIMULATED,NORMAL
2026-06-18T12:39:34.335384+00:00,DION_001,233721,-0.074834640801229,SIMULATED,NORMAL
2026-06-18T12:39:34.345867+00:00,DION_001,233722,-0.22287613331364772,SIMULATED,NORMAL
2026-06-18T12:39:34.359612+00:00,DION_001,233723,-0.05869580070373588,SIMULATED,NORMAL
2026-06-18T12:39:34.370086+00:00,DION_001,233724,-0.09244825649608962,SIMULATED,NORMAL
2026-06-18T12:39:34.380655+00:00,DION_001,233725,-0.2119724984847118,SIMULATED,NORMAL
2026-06-18T12:39:34.391024+00:00,DION_001,233726,0.11836740589471681,SIMULATED,NORMAL
2026-06-18T12:39:34.401433+00:00,DION_001,233727,-0.1585506913535913,SIMULATED,NORMAL
2026-06-18T12:39:34.411772+00:00,DION_001,233728,-0.002703353472980133,SIMULATED,NORMAL
2026-06-18T12:39:34.422112+00:00,DION_001,233729,0.22070822339085705,SIMULATED,NORMAL
2026-06-18T12:39:34.432595+00:00,DION_001,233730,-0.07395325797682749,SIMULATED,NORMAL
2026-06-18T12:39:34.443097+00:00,DION_001,233731,-0.10338805812753463,SIMULATED,NORMAL
2026-06-18T12:39:34.453597+00:00,DION_001,233732,-0.18976163207992064,SIMULATED,NORMAL
2026-06-18T12:39:34.463983+00:00,DION_001,233733,-0.34583245949473806,SIMULATED,NORMAL
2026-06-18T12:39:34.474393+00:00,DION_001,233734,-0.13388825426301493,SIMULATED,NORMAL
2026-06-18T12:39:34.484906+00:00,DION_001,233735,-0.4952939862514375,SIMULATED,NORMAL
2026-06-18T12:39:34.495229+00:00,DION_001,233736,-0.41728801116431213,SIMULATED,NORMAL
2026-06-18T12:39:34.505633+00:00,DION_001,233737,-2.368174425271124,SIMULATED,EVENT_DETECTED
2026-06-18T12:39:34.516238+00:00,DION_001,233738,-0.4852923398341473,SIMULATED,NORMAL
2026-06-18T12:39:34.526621+00:00,DION_001,233739,-0.37799720006909776,SIMULATED,NORMAL
2026-06-18T12:39:34.537062+00:00,DION_001,233740,-0.5608187128048306,SIMULATED,NORMAL
2026-06-18T12:39:34.547418+00:00,DION_001,233741,-0.48856950311506614,SIMULATED,NORMAL
2026-06-18T12:39:34.557795+00:00,DION_001,233742,-0.45157138829774773,SIMULATED,NORMAL
2026-06-18T12:39:34.568133+00:00,DION_001,233743,-0.5901463581418858,SIMULATED,NORMAL
2026-06-18T12:39:34.578520+00:00,DION_001,233744,-0.5673282741744645,SIMULATED,NORMAL
2026-06-18T12:39:34.588840+00:00,DION_001,233745,-0.6202808087538727,SIMULATED,NORMAL
2026-06-18T12:39:34.599257+00:00,DION_001,233746,-0.625625934013971,SIMULATED,NORMAL
2026-06-18T12:39:34.609681+00:00,DION_001,233747,-0.8382114371886998,SIMULATED,NORMAL
2026-06-18T12:39:34.619971+00:00,DION_001,233748,-0.8344457695836218,SIMULATED,NORMAL
2026-06-18T12:39:34.630361+00:00,DION_001,233749,-0.8695569430882041,SIMULATED,NORMAL
2026-06-18T12:39:34.640837+00:00,DION_001,233750,-0.8954879225183221,SIMULATED,NORMAL
2026-06-18T12:39:34.651250+00:00,DION_001,233751,-0.5877831462953065,SIMULATED,NORMAL
2026-06-18T12:39:34.661651+00:00,DION_001,233752,-0.8968458401987176,SIMULATED,NORMAL
2026-06-18T12:39:34.672105+00:00,DION_001,233753,-0.7957397581674813,SIMULATED,NORMAL
2026-06-18T12:39:34.682447+00:00,DION_001,233754,-1.0822989520361714,SIMULATED,NORMAL
2026-06-18T12:39:34.692753+00:00,DION_001,233755,-1.0113675364067456,SIMULATED,NORMAL
2026-06-18T12:39:34.703135+00:00,DION_001,233756,-0.8428657667735925,SIMULATED,NORMAL
2026-06-18T12:39:34.713408+00:00,DION_001,233757,-0.8775261081867912,SIMULATED,NORMAL
2026-06-18T12:39:34.723667+00:00,DION_001,233758,-1.0269962839684748,SIMULATED,NORMAL
2026-06-18T12:39:34.733994+00:00,DION_001,233759,-1.1971844430375183,SIMULATED,NORMAL
2026-06-18T12:39:34.747277+00:00,DION_001,233760,-1.2030074334167535,SIMULATED,NORMAL
2026-06-18T12:39:34.757596+00:00,DION_001,233761,-1.0537689762909972,SIMULATED,NORMAL
2026-06-18T12:39:34.767860+00:00,DION_001,233762,-1.2346527115129473,SIMULATED,NORMAL
2026-06-18T12:39:34.778261+00:00,DION_001,233763,-0.9743135705483111,SIMULATED,NORMAL
2026-06-18T12:39:34.788490+00:00,DION_001,233764,-1.3117926971481082,SIMULATED,NORMAL
2026-06-18T12:39:34.798786+00:00,DION_001,233765,-1.157200781492065,SIMULATED,NORMAL
2026-06-18T12:39:34.809090+00:00,DION_001,233766,-1.1318882337223333,SIMULATED,NORMAL
2026-06-18T12:39:34.819570+00:00,DION_001,233767,-1.2686558688798992,SIMULATED,NORMAL
2026-06-18T12:39:34.829946+00:00,DION_001,233768,-1.2566942395256322,SIMULATED,NORMAL
2026-06-18T12:39:34.840639+00:00,DION_001,233769,-1.0229970068049203,SIMULATED,NORMAL
2026-06-18T12:39:34.851035+00:00,DION_001,233770,-1.1104597586748297,SIMULATED,NORMAL
2026-06-18T12:39:34.861352+00:00,DION_001,233771,-1.0088565679477932,SIMULATED,NORMAL
2026-06-18T12:39:34.871725+00:00,DION_001,233772,-1.1148453145020765,SIMULATED,NORMAL
2026-06-18T12:39:34.882251+00:00,DION_001,233773,-3.1244519662444765,SIMULATED,EVENT_DETECTED
2026-06-18T12:39:34.892824+00:00,DION_001,233774,-0.9482856402728894,SIMULATED,NORMAL
2026-06-18T12:39:34.903303+00:00,DION_001,233775,-0.9599467873022728,SIMULATED,NORMAL
2026-06-18T12:39:34.913827+00:00,DION_001,233776,-1.047498104339874,SIMULATED,NORMAL
2026-06-18T12:39:34.924429+00:00,DION_001,233777,-1.2116329444963987,SIMULATED,NORMAL
2026-06-18T12:39:34.934808+00:00,DION_001,233778,-1.0153215055361633,SIMULATED,NORMAL
2026-06-18T12:39:34.945161+00:00,DION_001,233779,-0.8822307873574979,SIMULATED,NORMAL
2026-06-18T12:39:34.955634+00:00,DION_001,233780,-1.0568851703636095,SIMULATED,NORMAL
2026-06-18T12:39:34.966271+00:00,DION_001,233781,-0.8144338992495697,SIMULATED,NORMAL
2026-06-18T12:39:34.976791+00:00,DION_001,233782,-0.8557237251301404,SIMULATED,NORMAL
2026-06-18T12:39:34.987176+00:00,DION_001,233783,-0.8520082947811424,SIMULATED,NORMAL
2026-06-18T12:39:34.997600+00:00,DION_001,233784,-0.9360197620851136,SIMULATED,NORMAL
2026-06-18T12:39:35.008118+00:00,DION_001,233785,-0.591423377280583,SIMULATED,NORMAL
2026-06-18T12:39:35.018509+00:00,DION_001,233786,-0.563861988167218,SIMULATED,NORMAL
2026-06-18T12:39:35.029071+00:00,DION_001,233787,-0.7715793039220091,SIMULATED,NORMAL
2026-06-18T12:39:35.039421+00:00,DION_001,233788,-0.8424207400253977,SIMULATED,NORMAL
2026-06-18T12:39:35.049774+00:00,DION_001,233789,-0.6553947695213921,SIMULATED,NORMAL
2026-06-18T12:39:35.060133+00:00,DION_001,233790,-0.4319108965634251,SIMULATED,NORMAL
2026-06-18T12:39:35.070464+00:00,DION_001,233791,-0.5557112104253696,SIMULATED,NORMAL
2026-06-18T12:39:35.080879+00:00,DION_001,233792,-0.4979950358677496,SIMULATED,NORMAL
2026-06-18T12:39:35.091290+00:00,DION_001,233793,-0.6866135916370171,SIMULATED,NORMAL
2026-06-18T12:39:35.101699+00:00,DION_001,233794,-0.6555833498257421,SIMULATED,NORMAL
2026-06-18T12:39:35.112035+00:00,DION_001,233795,-0.5629939902801746,SIMULATED,NORMAL
2026-06-18T12:39:35.122471+00:00,DION_001,233796,-0.2789211320546528,SIMULATED,NORMAL
2026-06-18T12:39:35.132847+00:00,DION_001,233797,-0.4675182750512783,SIMULATED,NORMAL
2026-06-18T12:39:35.143182+00:00,DION_001,233798,-0.7000934879553941,SIMULATED,NORMAL
2026-06-18T12:39:35.153667+00:00,DION_001,233799,-0.4745277457091732,SIMULATED,NORMAL
2026-06-18T12:39:35.164005+00:00,DION_001,233800,-0.5506718086036092,SIMULATED,NORMAL
2026-06-18T12:39:35.174279+00:00,DION_001,233801,-0.13532573099974707,SIMULATED,NORMAL
2026-06-18T12:39:35.184559+00:00,DION_001,233802,-0.38345688342760836,SIMULATED,NORMAL
2026-06-18T12:39:35.194877+00:00,DION_001,233803,-0.6419997254934637,SIMULATED,NORMAL
2026-06-18T12:39:35.205271+00:00,DION_001,233804,-0.37380328925429296,SIMULATED,NORMAL
2026-06-18T12:39:35.215636+00:00,DION_001,233805,-0.26725617374292054,SIMULATED,NORMAL
2026-06-18T12:39:35.226019+00:00,DION_001,233806,-0.3500564189323251,SIMULATED,NORMAL
2026-06-18T12:39:35.236464+00:00,DION_001,233807,-0.5690440342574391,SIMULATED,NORMAL
2026-06-18T12:39:35.246812+00:00,DION_001,233808,-0.2739854953192934,SIMULATED,NORMAL
2026-06-18T12:39:35.257166+00:00,DION_001,233809,-0.32555782853839266,SIMULATED,NORMAL
2026-06-18T12:39:35.267602+00:00,DION_001,233810,-0.5277686138880369,SIMULATED,NORMAL
2026-06-18T12:39:35.278082+00:00,DION_001,233811,-0.36879183891249734,SIMULATED,NORMAL
2026-06-18T12:39:35.288559+00:00,DION_001,233812,-0.2878064469712524,SIMULATED,NORMAL
2026-06-18T12:39:35.298995+00:00,DION_001,233813,-0.30566032265669063,SIMULATED,NORMAL
2026-06-18T12:39:35.309490+00:00,DION_001,233814,-0.3415982512575219,SIMULATED,NORMAL
2026-06-18T12:39:35.320002+00:00,DION_001,233815,-0.3612684604789836,SIMULATED,NORMAL
2026-06-18T12:39:35.330414+00:00,DION_001,233816,-0.2694548322780129,SIMULATED,NORMAL
2026-06-18T12:39:35.340803+00:00,DION_001,233817,-0.6199123276552877,SIMULATED,NORMAL
2026-06-18T12:39:35.351295+00:00,DION_001,233818,-0.44785112406570565,SIMULATED,NORMAL
2026-06-18T12:39:35.361767+00:00,DION_001,233819,-0.6968368255960482,SIMULATED,NORMAL
2026-06-18T12:39:35.372156+00:00,DION_001,233820,-0.5910060487899523,SIMULATED,NORMAL
2026-06-18T12:39:35.382543+00:00,DION_001,233821,-0.5846892240662996,SIMULATED,NORMAL
2026-06-18T12:39:35.392959+00:00,DION_001,233822,0.943508752979313,SIMULATED,NORMAL
2026-06-18T12:39:35.403545+00:00,DION_001,233823,-0.6046983599732202,SIMULATED,NORMAL
2026-06-18T12:39:35.413864+00:00,DION_001,233824,-0.7336624659510976,SIMULATED,NORMAL
2026-06-18T12:39:35.424178+00:00,DION_001,233825,-0.5215113887855689,SIMULATED,NORMAL
2026-06-18T12:39:35.434498+00:00,DION_001,233826,-0.5505209322750753,SIMULATED,NORMAL
2026-06-18T12:39:35.444785+00:00,DION_001,233827,-0.3981890905858282,SIMULATED,NORMAL
2026-06-18T12:39:35.455068+00:00,DION_001,233828,-0.949796026156837,SIMULATED,NORMAL
2026-06-18T12:39:35.465314+00:00,DION_001,233829,-0.6561798799525199,SIMULATED,NORMAL
2026-06-18T12:39:35.475610+00:00,DION_001,233830,-0.799546439407893,SIMULATED,NORMAL
2026-06-18T12:39:35.485971+00:00,DION_001,233831,-0.6905978217292159,SIMULATED,NORMAL
2026-06-18T12:39:35.496512+00:00,DION_001,233832,-0.8691546526997093,SIMULATED,NORMAL
2026-06-18T12:39:35.506940+00:00,DION_001,233833,-0.9422929011493281,SIMULATED,NORMAL
2026-06-18T12:39:35.517334+00:00,DION_001,233834,-0.9922287520042864,SIMULATED,NORMAL
2026-06-18T12:39:35.527679+00:00,DION_001,233835,-0.5598759830899505,SIMULATED,NORMAL
2026-06-18T12:39:35.537990+00:00,DION_001,233836,-0.9254369738848554,SIMULATED,NORMAL
2026-06-18T12:39:35.548350+00:00,DION_001,233837,-0.92444439973786,SIMULATED,NORMAL
2026-06-18T12:39:35.558681+00:00,DION_001,233838,-0.8510438670489944,SIMULATED,NORMAL
2026-06-18T12:39:35.569060+00:00,DION_001,233839,-0.9086255562195971,SIMULATED,NORMAL
2026-06-18T12:39:35.579346+00:00,DION_001,233840,-1.1656633397389453,SIMULATED,NORMAL
2026-06-18T12:39:35.589704+00:00,DION_001,233841,-0.7754208607860087,SIMULATED,NORMAL
2026-06-18T12:39:35.599918+00:00,DION_001,233842,-0.9895887107730049,SIMULATED,NORMAL
2026-06-18T12:39:35.610205+00:00,DION_001,233843,-0.9535350013034275,SIMULATED,NORMAL
2026-06-18T12:39:35.620511+00:00,DION_001,233844,-0.956300460574243,SIMULATED,NORMAL
2026-06-18T12:39:35.630780+00:00,DION_001,233845,-0.8467840681338106,SIMULATED,NORMAL
2026-06-18T12:39:35.641104+00:00,DION_001,233846,-0.8209571902634125,SIMULATED,NORMAL
2026-06-18T12:39:35.651330+00:00,DION_001,233847,-0.4148717870799841,SIMULATED,NORMAL
2026-06-18T12:39:35.661579+00:00,DION_001,233848,-0.8299142737664592,SIMULATED,NORMAL
2026-06-18T12:39:35.671789+00:00,DION_001,233849,-0.6847932920044173,SIMULATED,NORMAL
2026-06-18T12:39:35.682197+00:00,DION_001,233850,-0.8422344593092029,SIMULATED,NORMAL
2026-06-18T12:39:35.692494+00:00,DION_001,233851,-0.7723360233998986,SIMULATED,NORMAL
2026-06-18T12:39:35.702927+00:00,DION_001,233852,-0.8085575426489727,SIMULATED,NORMAL
2026-06-18T12:39:35.713319+00:00,DION_001,233853,-0.6243530983558808,SIMULATED,NORMAL
2026-06-18T12:39:35.723580+00:00,DION_001,233854,-0.6080000682284911,SIMULATED,NORMAL
2026-06-18T12:39:35.733877+00:00,DION_001,233855,-0.4568965028075508,SIMULATED,NORMAL
2026-06-18T12:39:35.744212+00:00,DION_001,233856,-0.43717514499825705,SIMULATED,NORMAL
2026-06-18T12:39:35.754485+00:00,DION_001,233857,-0.31967443182231425,SIMULATED,NORMAL
2026-06-18T12:39:35.764743+00:00,DION_001,233858,-0.4642644030965767,SIMULATED,NORMAL
2026-06-18T12:39:35.774968+00:00,DION_001,233859,-0.24433722397461133,SIMULATED,NORMAL
2026-06-18T12:39:35.785213+00:00,DION_001,233860,-0.4187848901171863,SIMULATED,NORMAL
2026-06-18T12:39:35.795419+00:00,DION_001,233861,-0.22055630913678365,SIMULATED,NORMAL
2026-06-18T12:39:35.805711+00:00,DION_001,233862,-0.48915473610362536,SIMULATED,NORMAL
2026-06-18T12:39:35.815995+00:00,DION_001,233863,-0.24795555367842642,SIMULATED,NORMAL
2026-06-18T12:39:35.826251+00:00,DION_001,233864,-0.23484055635674755,SIMULATED,NORMAL
2026-06-18T12:39:35.836568+00:00,DION_001,233865,-0.2584432527769111,SIMULATED,NORMAL
2026-06-18T12:39:35.846777+00:00,DION_001,233866,-0.45517439055943126,SIMULATED,NORMAL
2026-06-18T12:39:35.857037+00:00,DION_001,233867,-0.34606814260798513,SIMULATED,NORMAL
2026-06-18T12:39:35.867350+00:00,DION_001,233868,0.08994211827196481,SIMULATED,NORMAL
2026-06-18T12:39:35.877605+00:00,DION_001,233869,0.23856327709032907,SIMULATED,NORMAL
2026-06-18T12:39:35.887874+00:00,DION_001,233870,0.02550890757383286,SIMULATED,NORMAL
2026-06-18T12:39:35.898227+00:00,DION_001,233871,-0.10338585491949939,SIMULATED,NORMAL
2026-06-18T12:39:35.908534+00:00,DION_001,233872,-0.027927252837124494,SIMULATED,NORMAL
2026-06-18T12:39:35.918810+00:00,DION_001,233873,0.07349187073211214,SIMULATED,NORMAL
2026-06-18T12:39:35.929107+00:00,DION_001,233874,0.2301681742402689,SIMULATED,NORMAL
2026-06-18T12:39:35.939336+00:00,DION_001,233875,0.2159614017041388,SIMULATED,NORMAL
2026-06-18T12:39:35.949676+00:00,DION_001,233876,0.27013175894527003,SIMULATED,NORMAL
2026-06-18T12:39:35.959950+00:00,DION_001,233877,0.05431184078596929,SIMULATED,NORMAL
