timestamp_utc,station_id,sample_index,raw_value,source,event_status
2026-06-17T16:22:07.700117+00:00,DION_001,213021,-0.06690172726994757,SIMULATED,NORMAL
2026-06-17T16:22:07.710611+00:00,DION_001,213022,0.13248524046338878,SIMULATED,NORMAL
2026-06-17T16:22:07.720963+00:00,DION_001,213023,0.020862111885006092,SIMULATED,NORMAL
2026-06-17T16:22:07.731317+00:00,DION_001,213024,0.02765274745093342,SIMULATED,NORMAL
2026-06-17T16:22:07.741634+00:00,DION_001,213025,0.24753273129906972,SIMULATED,NORMAL
2026-06-17T16:22:07.751959+00:00,DION_001,213026,0.2362984850275364,SIMULATED,NORMAL
2026-06-17T16:22:07.762315+00:00,DION_001,213027,0.1651521085604773,SIMULATED,NORMAL
2026-06-17T16:22:07.772652+00:00,DION_001,213028,-0.05469058537793617,SIMULATED,NORMAL
2026-06-17T16:22:07.782968+00:00,DION_001,213029,0.02614435700993422,SIMULATED,NORMAL
2026-06-17T16:22:07.793356+00:00,DION_001,213030,-0.13456514796567104,SIMULATED,NORMAL
2026-06-17T16:22:07.803802+00:00,DION_001,213031,0.16257341812018225,SIMULATED,NORMAL
2026-06-17T16:22:07.814123+00:00,DION_001,213032,-0.07054843404082371,SIMULATED,NORMAL
2026-06-17T16:22:07.824398+00:00,DION_001,213033,0.04629939433941647,SIMULATED,NORMAL
2026-06-17T16:22:07.834752+00:00,DION_001,213034,-0.11647259027394088,SIMULATED,NORMAL
2026-06-17T16:22:07.845060+00:00,DION_001,213035,0.14268209333508206,SIMULATED,NORMAL
2026-06-17T16:22:07.855374+00:00,DION_001,213036,-0.3704272311066754,SIMULATED,NORMAL
2026-06-17T16:22:07.865833+00:00,DION_001,213037,-0.3078573516693225,SIMULATED,NORMAL
2026-06-17T16:22:07.876175+00:00,DION_001,213038,-0.024131267103705112,SIMULATED,NORMAL
2026-06-17T16:22:07.886559+00:00,DION_001,213039,0.08762958477778071,SIMULATED,NORMAL
2026-06-17T16:22:07.896821+00:00,DION_001,213040,-0.05241690323946649,SIMULATED,NORMAL
2026-06-17T16:22:07.907060+00:00,DION_001,213041,0.06331317285363075,SIMULATED,NORMAL
2026-06-17T16:22:07.917448+00:00,DION_001,213042,-0.03482439291560631,SIMULATED,NORMAL
2026-06-17T16:22:07.927743+00:00,DION_001,213043,-0.14468432761553224,SIMULATED,NORMAL
2026-06-17T16:22:07.938031+00:00,DION_001,213044,-0.27416845152814073,SIMULATED,NORMAL
2026-06-17T16:22:07.948318+00:00,DION_001,213045,-0.20789272274570675,SIMULATED,NORMAL
2026-06-17T16:22:07.958620+00:00,DION_001,213046,-0.15692465424167593,SIMULATED,NORMAL
2026-06-17T16:22:07.968926+00:00,DION_001,213047,-0.017999523851606747,SIMULATED,NORMAL
2026-06-17T16:22:07.979245+00:00,DION_001,213048,-0.18578254830120278,SIMULATED,NORMAL
2026-06-17T16:22:07.989556+00:00,DION_001,213049,-0.09399480799449847,SIMULATED,NORMAL
2026-06-17T16:22:07.999934+00:00,DION_001,213050,-0.20288845158893756,SIMULATED,NORMAL
2026-06-17T16:22:08.010283+00:00,DION_001,213051,-0.2890878489047182,SIMULATED,NORMAL
2026-06-17T16:22:08.020588+00:00,DION_001,213052,-0.3950323203110323,SIMULATED,NORMAL
2026-06-17T16:22:08.030983+00:00,DION_001,213053,-0.12086987609117628,SIMULATED,NORMAL
2026-06-17T16:22:08.041314+00:00,DION_001,213054,-0.3928205580347199,SIMULATED,NORMAL
2026-06-17T16:22:08.051717+00:00,DION_001,213055,-0.29902234915529885,SIMULATED,NORMAL
2026-06-17T16:22:08.062066+00:00,DION_001,213056,-0.3096892539927085,SIMULATED,NORMAL
2026-06-17T16:22:08.072351+00:00,DION_001,213057,-0.6606769609543187,SIMULATED,NORMAL
2026-06-17T16:22:08.082661+00:00,DION_001,213058,-0.34097958570298087,SIMULATED,NORMAL
2026-06-17T16:22:08.092975+00:00,DION_001,213059,-0.2725057391384021,SIMULATED,NORMAL
2026-06-17T16:22:08.103283+00:00,DION_001,213060,-0.22685404773259454,SIMULATED,NORMAL
2026-06-17T16:22:08.113633+00:00,DION_001,213061,-0.2826956611989218,SIMULATED,NORMAL
2026-06-17T16:22:08.123938+00:00,DION_001,213062,-0.2982619723316838,SIMULATED,NORMAL
2026-06-17T16:22:08.134254+00:00,DION_001,213063,-2.318796756141818,SIMULATED,EVENT_DETECTED
2026-06-17T16:22:08.144725+00:00,DION_001,213064,-0.25355819133843127,SIMULATED,NORMAL
2026-06-17T16:22:08.155020+00:00,DION_001,213065,-0.17143004229054626,SIMULATED,NORMAL
2026-06-17T16:22:08.165302+00:00,DION_001,213066,-0.4267557483489786,SIMULATED,NORMAL
2026-06-17T16:22:08.175595+00:00,DION_001,213067,-0.02566617066290161,SIMULATED,NORMAL
2026-06-17T16:22:08.185870+00:00,DION_001,213068,-0.1684988434425087,SIMULATED,NORMAL
2026-06-17T16:22:08.196148+00:00,DION_001,213069,-0.11624373352078984,SIMULATED,NORMAL
2026-06-17T16:22:08.206440+00:00,DION_001,213070,-0.29695326534279193,SIMULATED,NORMAL
2026-06-17T16:22:08.216732+00:00,DION_001,213071,-0.26363295462490094,SIMULATED,NORMAL
2026-06-17T16:22:08.227105+00:00,DION_001,213072,-0.0726083741583736,SIMULATED,NORMAL
2026-06-17T16:22:08.237620+00:00,DION_001,213073,-0.024511296986736812,SIMULATED,NORMAL
2026-06-17T16:22:08.248015+00:00,DION_001,213074,0.09068903409090202,SIMULATED,NORMAL
2026-06-17T16:22:08.258570+00:00,DION_001,213075,0.05091064529746548,SIMULATED,NORMAL
2026-06-17T16:22:08.269254+00:00,DION_001,213076,0.06897135717446884,SIMULATED,NORMAL
2026-06-17T16:22:08.279783+00:00,DION_001,213077,0.31452890421207114,SIMULATED,NORMAL
2026-06-17T16:22:08.290143+00:00,DION_001,213078,0.24538229516371088,SIMULATED,NORMAL
2026-06-17T16:22:08.300644+00:00,DION_001,213079,0.5234358016043164,SIMULATED,NORMAL
2026-06-17T16:22:08.311200+00:00,DION_001,213080,0.367252376185173,SIMULATED,NORMAL
2026-06-17T16:22:08.321606+00:00,DION_001,213081,0.679343943238812,SIMULATED,NORMAL
2026-06-17T16:22:08.331924+00:00,DION_001,213082,0.2882381990829602,SIMULATED,NORMAL
2026-06-17T16:22:08.342361+00:00,DION_001,213083,0.40563637569758515,SIMULATED,NORMAL
2026-06-17T16:22:08.352790+00:00,DION_001,213084,0.5550679768718975,SIMULATED,NORMAL
2026-06-17T16:22:08.363224+00:00,DION_001,213085,0.6131545898058698,SIMULATED,NORMAL
2026-06-17T16:22:08.373542+00:00,DION_001,213086,0.5236684715677103,SIMULATED,NORMAL
2026-06-17T16:22:08.383872+00:00,DION_001,213087,0.5978189859391259,SIMULATED,NORMAL
2026-06-17T16:22:08.394290+00:00,DION_001,213088,0.591823960558469,SIMULATED,NORMAL
2026-06-17T16:22:08.404776+00:00,DION_001,213089,0.7246401102123452,SIMULATED,NORMAL
2026-06-17T16:22:08.415322+00:00,DION_001,213090,0.5795904986658539,SIMULATED,NORMAL
2026-06-17T16:22:08.425915+00:00,DION_001,213091,0.49209558276418464,SIMULATED,NORMAL
2026-06-17T16:22:08.436244+00:00,DION_001,213092,0.639149269505045,SIMULATED,NORMAL
2026-06-17T16:22:08.446558+00:00,DION_001,213093,0.7844665448534602,SIMULATED,NORMAL
2026-06-17T16:22:08.456950+00:00,DION_001,213094,0.5439814155434648,SIMULATED,NORMAL
2026-06-17T16:22:08.467296+00:00,DION_001,213095,1.214686623099861,SIMULATED,NORMAL
2026-06-17T16:22:08.477656+00:00,DION_001,213096,0.9249477496452572,SIMULATED,NORMAL
2026-06-17T16:22:08.488019+00:00,DION_001,213097,1.0577394311519912,SIMULATED,NORMAL
2026-06-17T16:22:08.498381+00:00,DION_001,213098,1.0649557403288201,SIMULATED,NORMAL
2026-06-17T16:22:08.508779+00:00,DION_001,213099,1.0407304318105277,SIMULATED,NORMAL
2026-06-17T16:22:08.519131+00:00,DION_001,213100,1.0570756774387158,SIMULATED,NORMAL
2026-06-17T16:22:08.529398+00:00,DION_001,213101,0.972267123880613,SIMULATED,NORMAL
2026-06-17T16:22:08.539741+00:00,DION_001,213102,1.2557396357116615,SIMULATED,NORMAL
2026-06-17T16:22:08.550110+00:00,DION_001,213103,1.0845680305634262,SIMULATED,NORMAL
2026-06-17T16:22:08.560486+00:00,DION_001,213104,0.9317592565716344,SIMULATED,NORMAL
2026-06-17T16:22:08.570913+00:00,DION_001,213105,0.9522869410039612,SIMULATED,NORMAL
2026-06-17T16:22:08.581235+00:00,DION_001,213106,0.9394793543355549,SIMULATED,NORMAL
2026-06-17T16:22:08.591607+00:00,DION_001,213107,1.146481486295094,SIMULATED,NORMAL
2026-06-17T16:22:08.601993+00:00,DION_001,213108,0.9929431395527687,SIMULATED,NORMAL
2026-06-17T16:22:08.612278+00:00,DION_001,213109,1.1583503920591587,SIMULATED,NORMAL
2026-06-17T16:22:08.622578+00:00,DION_001,213110,0.796778687716834,SIMULATED,NORMAL
2026-06-17T16:22:08.632958+00:00,DION_001,213111,0.862045926190846,SIMULATED,NORMAL
2026-06-17T16:22:08.643314+00:00,DION_001,213112,0.7378176169602324,SIMULATED,NORMAL
2026-06-17T16:22:08.653617+00:00,DION_001,213113,0.8349724086660465,SIMULATED,NORMAL
2026-06-17T16:22:08.663921+00:00,DION_001,213114,0.822056671797089,SIMULATED,NORMAL
2026-06-17T16:22:08.674348+00:00,DION_001,213115,0.9634758557436763,SIMULATED,NORMAL
2026-06-17T16:22:08.684692+00:00,DION_001,213116,0.9312084392512864,SIMULATED,NORMAL
2026-06-17T16:22:08.695034+00:00,DION_001,213117,1.0832476592853253,SIMULATED,NORMAL
2026-06-17T16:22:08.705422+00:00,DION_001,213118,0.7994229938456398,SIMULATED,NORMAL
2026-06-17T16:22:08.715861+00:00,DION_001,213119,0.5572467586358978,SIMULATED,NORMAL
2026-06-17T16:22:08.726316+00:00,DION_001,213120,0.7341209605294388,SIMULATED,NORMAL
2026-06-17T16:22:08.736676+00:00,DION_001,213121,0.9332679634332133,SIMULATED,NORMAL
2026-06-17T16:22:08.746954+00:00,DION_001,213122,0.5711430141102093,SIMULATED,NORMAL
2026-06-17T16:22:08.757386+00:00,DION_001,213123,0.547194334006776,SIMULATED,NORMAL
2026-06-17T16:22:08.767711+00:00,DION_001,213124,0.782282554443412,SIMULATED,NORMAL
2026-06-17T16:22:08.778187+00:00,DION_001,213125,0.335566829313033,SIMULATED,NORMAL
2026-06-17T16:22:08.788488+00:00,DION_001,213126,0.9882260716107008,SIMULATED,NORMAL
2026-06-17T16:22:08.798992+00:00,DION_001,213127,0.6496609947499132,SIMULATED,NORMAL
2026-06-17T16:22:08.809429+00:00,DION_001,213128,0.26837564046854223,SIMULATED,NORMAL
2026-06-17T16:22:08.819876+00:00,DION_001,213129,0.34204917403878365,SIMULATED,NORMAL
2026-06-17T16:22:08.830299+00:00,DION_001,213130,0.4885769889299672,SIMULATED,NORMAL
2026-06-17T16:22:08.840696+00:00,DION_001,213131,0.5901795970479963,SIMULATED,NORMAL
2026-06-17T16:22:08.851037+00:00,DION_001,213132,0.47060029540928505,SIMULATED,NORMAL
2026-06-17T16:22:08.861629+00:00,DION_001,213133,0.5154556018532713,SIMULATED,NORMAL
2026-06-17T16:22:08.872070+00:00,DION_001,213134,0.4254542894569592,SIMULATED,NORMAL
2026-06-17T16:22:08.882419+00:00,DION_001,213135,0.5273328991798292,SIMULATED,NORMAL
2026-06-17T16:22:08.892899+00:00,DION_001,213136,0.4392096620868604,SIMULATED,NORMAL
2026-06-17T16:22:08.903375+00:00,DION_001,213137,0.3533307459302251,SIMULATED,NORMAL
2026-06-17T16:22:08.913652+00:00,DION_001,213138,0.3076136886644148,SIMULATED,NORMAL
2026-06-17T16:22:08.924012+00:00,DION_001,213139,0.5860416532970392,SIMULATED,NORMAL
2026-06-17T16:22:08.934395+00:00,DION_001,213140,0.41169516555049707,SIMULATED,NORMAL
2026-06-17T16:22:08.944798+00:00,DION_001,213141,0.4292377202850516,SIMULATED,NORMAL
2026-06-17T16:22:08.955188+00:00,DION_001,213142,0.5001625396960565,SIMULATED,NORMAL
2026-06-17T16:22:08.965582+00:00,DION_001,213143,0.21663655513786603,SIMULATED,NORMAL
2026-06-17T16:22:08.976214+00:00,DION_001,213144,0.3333068747366134,SIMULATED,NORMAL
2026-06-17T16:22:08.986605+00:00,DION_001,213145,0.42223838307615974,SIMULATED,NORMAL
2026-06-17T16:22:08.996957+00:00,DION_001,213146,0.33395333358029383,SIMULATED,NORMAL
2026-06-17T16:22:09.007263+00:00,DION_001,213147,0.5271961115765053,SIMULATED,NORMAL
2026-06-17T16:22:09.017646+00:00,DION_001,213148,0.5330320830880659,SIMULATED,NORMAL
2026-06-17T16:22:09.027966+00:00,DION_001,213149,0.6643493201214459,SIMULATED,NORMAL
2026-06-17T16:22:09.038297+00:00,DION_001,213150,0.47193335341314374,SIMULATED,NORMAL
2026-06-17T16:22:09.048638+00:00,DION_001,213151,0.4819614903739694,SIMULATED,NORMAL
2026-06-17T16:22:09.058973+00:00,DION_001,213152,0.33309028476123603,SIMULATED,NORMAL
2026-06-17T16:22:09.069268+00:00,DION_001,213153,0.40770164274937615,SIMULATED,NORMAL
2026-06-17T16:22:09.079510+00:00,DION_001,213154,0.5609860716310129,SIMULATED,NORMAL
2026-06-17T16:22:09.089749+00:00,DION_001,213155,0.8488310437933851,SIMULATED,NORMAL
2026-06-17T16:22:09.100024+00:00,DION_001,213156,0.7093844828329385,SIMULATED,NORMAL
2026-06-17T16:22:09.110443+00:00,DION_001,213157,0.4083520275937861,SIMULATED,NORMAL
2026-06-17T16:22:09.120789+00:00,DION_001,213158,0.3177708723630761,SIMULATED,NORMAL
2026-06-17T16:22:09.131131+00:00,DION_001,213159,0.8038465751373733,SIMULATED,NORMAL
2026-06-17T16:22:09.141560+00:00,DION_001,213160,0.7041085729878502,SIMULATED,NORMAL
2026-06-17T16:22:09.152044+00:00,DION_001,213161,0.6316878551213492,SIMULATED,NORMAL
2026-06-17T16:22:09.162441+00:00,DION_001,213162,0.4555785329232722,SIMULATED,NORMAL
2026-06-17T16:22:09.172753+00:00,DION_001,213163,0.8017141912289374,SIMULATED,NORMAL
2026-06-17T16:22:09.183071+00:00,DION_001,213164,0.8395390621117065,SIMULATED,NORMAL
2026-06-17T16:22:09.193484+00:00,DION_001,213165,0.8093905969850517,SIMULATED,NORMAL
2026-06-17T16:22:09.203801+00:00,DION_001,213166,1.0989802897446377,SIMULATED,NORMAL
2026-06-17T16:22:09.214041+00:00,DION_001,213167,0.6594107018676721,SIMULATED,NORMAL
2026-06-17T16:22:09.224262+00:00,DION_001,213168,1.0767661443861223,SIMULATED,NORMAL
2026-06-17T16:22:09.234531+00:00,DION_001,213169,1.204159144272706,SIMULATED,NORMAL
2026-06-17T16:22:09.244943+00:00,DION_001,213170,1.0978936095198235,SIMULATED,NORMAL
2026-06-17T16:22:09.255310+00:00,DION_001,213171,0.8911153107211385,SIMULATED,NORMAL
2026-06-17T16:22:09.265641+00:00,DION_001,213172,1.0300101609512082,SIMULATED,NORMAL
2026-06-17T16:22:09.276056+00:00,DION_001,213173,0.9992275231110442,SIMULATED,NORMAL
2026-06-17T16:22:09.286282+00:00,DION_001,213174,0.8646697801424701,SIMULATED,NORMAL
2026-06-17T16:22:09.296628+00:00,DION_001,213175,0.8817470992349818,SIMULATED,NORMAL
2026-06-17T16:22:09.306953+00:00,DION_001,213176,1.03343316318083,SIMULATED,NORMAL
2026-06-17T16:22:09.317342+00:00,DION_001,213177,0.6578189627983163,SIMULATED,NORMAL
2026-06-17T16:22:09.327737+00:00,DION_001,213178,1.1448667612980374,SIMULATED,NORMAL
2026-06-17T16:22:09.338219+00:00,DION_001,213179,1.004088517092708,SIMULATED,NORMAL
2026-06-17T16:22:09.348683+00:00,DION_001,213180,0.8405667960906757,SIMULATED,NORMAL
2026-06-17T16:22:09.359125+00:00,DION_001,213181,1.0008052206881193,SIMULATED,NORMAL
2026-06-17T16:22:09.369447+00:00,DION_001,213182,0.8745055659185771,SIMULATED,NORMAL
2026-06-17T16:22:09.379831+00:00,DION_001,213183,1.1159185871869184,SIMULATED,NORMAL
2026-06-17T16:22:09.390402+00:00,DION_001,213184,1.1808255841165949,SIMULATED,NORMAL
2026-06-17T16:22:09.401153+00:00,DION_001,213185,0.9929401518815466,SIMULATED,NORMAL
2026-06-17T16:22:09.411453+00:00,DION_001,213186,0.9817949560794208,SIMULATED,NORMAL
2026-06-17T16:22:09.421915+00:00,DION_001,213187,0.8822735011288612,SIMULATED,NORMAL
2026-06-17T16:22:09.432201+00:00,DION_001,213188,0.8918945931361539,SIMULATED,NORMAL
2026-06-17T16:22:09.442531+00:00,DION_001,213189,0.9881653467428958,SIMULATED,NORMAL
2026-06-17T16:22:09.452831+00:00,DION_001,213190,1.0246072510766884,SIMULATED,NORMAL
2026-06-17T16:22:09.463103+00:00,DION_001,213191,0.7634930098700625,SIMULATED,NORMAL
2026-06-17T16:22:09.473458+00:00,DION_001,213192,1.0830293743095676,SIMULATED,NORMAL
2026-06-17T16:22:09.483810+00:00,DION_001,213193,1.0293309381982068,SIMULATED,NORMAL
2026-06-17T16:22:09.494146+00:00,DION_001,213194,0.994720966076214,SIMULATED,NORMAL
2026-06-17T16:22:09.504441+00:00,DION_001,213195,0.8326991930204422,SIMULATED,NORMAL
2026-06-17T16:22:09.514810+00:00,DION_001,213196,0.825288797820496,SIMULATED,NORMAL
2026-06-17T16:22:09.525223+00:00,DION_001,213197,0.5370742906518624,SIMULATED,NORMAL
2026-06-17T16:22:09.535712+00:00,DION_001,213198,0.41768576445616645,SIMULATED,NORMAL
2026-06-17T16:22:09.546059+00:00,DION_001,213199,0.6916638648178031,SIMULATED,NORMAL
2026-06-17T16:22:09.556322+00:00,DION_001,213200,0.5678445236781673,SIMULATED,NORMAL
2026-06-17T16:22:09.566590+00:00,DION_001,213201,0.5928128047271605,SIMULATED,NORMAL
2026-06-17T16:22:09.576835+00:00,DION_001,213202,0.33128306377925676,SIMULATED,NORMAL
2026-06-17T16:22:09.587061+00:00,DION_001,213203,0.49612084885940666,SIMULATED,NORMAL
2026-06-17T16:22:09.597306+00:00,DION_001,213204,0.44220318669172776,SIMULATED,NORMAL
2026-06-17T16:22:09.607536+00:00,DION_001,213205,0.6229286638900929,SIMULATED,NORMAL
2026-06-17T16:22:09.617789+00:00,DION_001,213206,0.040256525036687696,SIMULATED,NORMAL
2026-06-17T16:22:09.628146+00:00,DION_001,213207,0.42986472032244666,SIMULATED,NORMAL
2026-06-17T16:22:09.638450+00:00,DION_001,213208,0.02337243943698286,SIMULATED,NORMAL
2026-06-17T16:22:09.648755+00:00,DION_001,213209,0.1935639835968147,SIMULATED,NORMAL
2026-06-17T16:22:09.659110+00:00,DION_001,213210,0.16061697143221942,SIMULATED,NORMAL
2026-06-17T16:22:09.669485+00:00,DION_001,213211,0.16775924944605108,SIMULATED,NORMAL
2026-06-17T16:22:09.679746+00:00,DION_001,213212,0.30396992288900493,SIMULATED,NORMAL
2026-06-17T16:22:09.690003+00:00,DION_001,213213,0.11745259504453773,SIMULATED,NORMAL
2026-06-17T16:22:09.700263+00:00,DION_001,213214,-0.07976661225354967,SIMULATED,NORMAL
2026-06-17T16:22:09.710543+00:00,DION_001,213215,0.08858310534233849,SIMULATED,NORMAL
2026-06-17T16:22:09.720859+00:00,DION_001,213216,0.11679683716907248,SIMULATED,NORMAL
2026-06-17T16:22:09.731131+00:00,DION_001,213217,-0.052339155875399605,SIMULATED,NORMAL
2026-06-17T16:22:09.741511+00:00,DION_001,213218,-0.15516082316635205,SIMULATED,NORMAL
2026-06-17T16:22:09.751941+00:00,DION_001,213219,-0.07352874015098926,SIMULATED,NORMAL
2026-06-17T16:22:09.762378+00:00,DION_001,213220,0.26224263123902986,SIMULATED,NORMAL
2026-06-17T16:22:09.772630+00:00,DION_001,213221,-0.3152786357988271,SIMULATED,NORMAL
2026-06-17T16:22:09.783057+00:00,DION_001,213222,-0.030783407318282927,SIMULATED,NORMAL
2026-06-17T16:22:09.793375+00:00,DION_001,213223,-0.46503924124232593,SIMULATED,NORMAL
2026-06-17T16:22:09.803768+00:00,DION_001,213224,-0.1697441583244178,SIMULATED,NORMAL
2026-06-17T16:22:09.814020+00:00,DION_001,213225,-0.00982280096065738,SIMULATED,NORMAL
2026-06-17T16:22:09.824277+00:00,DION_001,213226,0.18471723891085387,SIMULATED,NORMAL
2026-06-17T16:22:09.834584+00:00,DION_001,213227,-0.26739198552171967,SIMULATED,NORMAL
2026-06-17T16:22:09.844904+00:00,DION_001,213228,-0.24961636985535662,SIMULATED,NORMAL
2026-06-17T16:22:09.855152+00:00,DION_001,213229,-0.0767882716427073,SIMULATED,NORMAL
2026-06-17T16:22:09.865403+00:00,DION_001,213230,-0.040191575312025385,SIMULATED,NORMAL
2026-06-17T16:22:09.875654+00:00,DION_001,213231,0.04122300267806364,SIMULATED,NORMAL
2026-06-17T16:22:09.885859+00:00,DION_001,213232,-0.1377837312205231,SIMULATED,NORMAL
2026-06-17T16:22:09.896161+00:00,DION_001,213233,2.127451021795624,SIMULATED,EVENT_DETECTED
2026-06-17T16:22:09.906543+00:00,DION_001,213234,-0.15053873344090196,SIMULATED,NORMAL
2026-06-17T16:22:09.916774+00:00,DION_001,213235,-0.2522370674772849,SIMULATED,NORMAL
2026-06-17T16:22:09.927028+00:00,DION_001,213236,-0.08761006696727744,SIMULATED,NORMAL
2026-06-17T16:22:09.937218+00:00,DION_001,213237,0.0013430965119122507,SIMULATED,NORMAL
2026-06-17T16:22:09.947404+00:00,DION_001,213238,-0.22051538113819352,SIMULATED,NORMAL
2026-06-17T16:22:09.957667+00:00,DION_001,213239,-0.061147516288671086,SIMULATED,NORMAL
2026-06-17T16:22:09.967860+00:00,DION_001,213240,-0.10670546322814112,SIMULATED,NORMAL
2026-06-17T16:22:09.978058+00:00,DION_001,213241,-0.17336748983033554,SIMULATED,NORMAL
2026-06-17T16:22:09.988237+00:00,DION_001,213242,0.05972305347313266,SIMULATED,NORMAL
2026-06-17T16:22:09.998417+00:00,DION_001,213243,0.0595169073341767,SIMULATED,NORMAL
2026-06-17T16:22:10.008686+00:00,DION_001,213244,0.2689491305456271,SIMULATED,NORMAL
2026-06-17T16:22:10.018971+00:00,DION_001,213245,0.016421665419129962,SIMULATED,NORMAL
2026-06-17T16:22:10.029196+00:00,DION_001,213246,-0.07873212278352479,SIMULATED,NORMAL
2026-06-17T16:22:10.039470+00:00,DION_001,213247,-0.15015661956112022,SIMULATED,NORMAL
2026-06-17T16:22:10.049714+00:00,DION_001,213248,0.17380930186584903,SIMULATED,NORMAL
2026-06-17T16:22:10.059950+00:00,DION_001,213249,0.3193736811320312,SIMULATED,NORMAL
2026-06-17T16:22:10.070183+00:00,DION_001,213250,-0.04276088138964662,SIMULATED,NORMAL
2026-06-17T16:22:10.080400+00:00,DION_001,213251,-0.03719095519651469,SIMULATED,NORMAL
2026-06-17T16:22:10.090600+00:00,DION_001,213252,-0.13169083689053981,SIMULATED,NORMAL
2026-06-17T16:22:10.100827+00:00,DION_001,213253,0.25189756735350155,SIMULATED,NORMAL
2026-06-17T16:22:10.111093+00:00,DION_001,213254,0.18584296723119503,SIMULATED,NORMAL
2026-06-17T16:22:10.121446+00:00,DION_001,213255,0.17585732255059633,SIMULATED,NORMAL
2026-06-17T16:22:10.131718+00:00,DION_001,213256,0.3647662767784585,SIMULATED,NORMAL
2026-06-17T16:22:10.142032+00:00,DION_001,213257,0.07363536549120109,SIMULATED,NORMAL
2026-06-17T16:22:10.152289+00:00,DION_001,213258,0.255961583690155,SIMULATED,NORMAL
2026-06-17T16:22:10.162542+00:00,DION_001,213259,0.27643956844240886,SIMULATED,NORMAL
2026-06-17T16:22:10.172784+00:00,DION_001,213260,0.06752389326657067,SIMULATED,NORMAL
2026-06-17T16:22:10.183041+00:00,DION_001,213261,0.13727410526062794,SIMULATED,NORMAL
2026-06-17T16:22:10.193290+00:00,DION_001,213262,0.1654437345642801,SIMULATED,NORMAL
2026-06-17T16:22:10.203522+00:00,DION_001,213263,-0.055768318953270474,SIMULATED,NORMAL
2026-06-17T16:22:10.213761+00:00,DION_001,213264,0.08604563230691092,SIMULATED,NORMAL
2026-06-17T16:22:10.223983+00:00,DION_001,213265,0.01851952888566767,SIMULATED,NORMAL
2026-06-17T16:22:10.234226+00:00,DION_001,213266,-0.017177348378451557,SIMULATED,NORMAL
2026-06-17T16:22:10.244510+00:00,DION_001,213267,0.13411508650218967,SIMULATED,NORMAL
2026-06-17T16:22:10.254853+00:00,DION_001,213268,0.12263290611895067,SIMULATED,NORMAL
2026-06-17T16:22:10.265142+00:00,DION_001,213269,-0.06935360801483319,SIMULATED,NORMAL
2026-06-17T16:22:10.275405+00:00,DION_001,213270,0.06480062677225246,SIMULATED,NORMAL
2026-06-17T16:22:10.285619+00:00,DION_001,213271,0.01885046496501265,SIMULATED,NORMAL
2026-06-17T16:22:10.295859+00:00,DION_001,213272,-0.20935814067674388,SIMULATED,NORMAL
2026-06-17T16:22:10.306132+00:00,DION_001,213273,0.19214258722417576,SIMULATED,NORMAL
2026-06-17T16:22:10.316357+00:00,DION_001,213274,1.525757207659378,SIMULATED,NORMAL
2026-06-17T16:22:10.326732+00:00,DION_001,213275,-0.09957651394061802,SIMULATED,NORMAL
2026-06-17T16:22:10.337007+00:00,DION_001,213276,-0.42328697409217175,SIMULATED,NORMAL
2026-06-17T16:22:10.347283+00:00,DION_001,213277,-0.18090633589223287,SIMULATED,NORMAL
2026-06-17T16:22:10.357619+00:00,DION_001,213278,-0.23527018125781932,SIMULATED,NORMAL
2026-06-17T16:22:10.367996+00:00,DION_001,213279,-0.19233335321762962,SIMULATED,NORMAL
2026-06-17T16:22:10.378265+00:00,DION_001,213280,-0.24527110194786628,SIMULATED,NORMAL
2026-06-17T16:22:10.388595+00:00,DION_001,213281,-0.2938638135632168,SIMULATED,NORMAL
2026-06-17T16:22:10.398809+00:00,DION_001,213282,-0.6052960290314795,SIMULATED,NORMAL
2026-06-17T16:22:10.409071+00:00,DION_001,213283,-0.45102099068808527,SIMULATED,NORMAL
2026-06-17T16:22:10.419390+00:00,DION_001,213284,-0.3032557770668719,SIMULATED,NORMAL
2026-06-17T16:22:10.429855+00:00,DION_001,213285,-0.44127435737546944,SIMULATED,NORMAL
2026-06-17T16:22:10.440158+00:00,DION_001,213286,-0.64075911948587,SIMULATED,NORMAL
2026-06-17T16:22:10.450483+00:00,DION_001,213287,-0.20456946916765573,SIMULATED,NORMAL
2026-06-17T16:22:10.460886+00:00,DION_001,213288,-0.7349805041351904,SIMULATED,NORMAL
2026-06-17T16:22:10.471537+00:00,DION_001,213289,-0.7863691194670666,SIMULATED,NORMAL
2026-06-17T16:22:10.481911+00:00,DION_001,213290,-0.8719723913267272,SIMULATED,NORMAL
2026-06-17T16:22:10.493355+00:00,DION_001,213291,-0.1945979513690561,SIMULATED,NORMAL
2026-06-17T16:22:10.503730+00:00,DION_001,213292,-0.8295734469710739,SIMULATED,NORMAL
2026-06-17T16:22:10.514183+00:00,DION_001,213293,-0.9193911276055786,SIMULATED,NORMAL
2026-06-17T16:22:10.524492+00:00,DION_001,213294,-0.8279844693321133,SIMULATED,NORMAL
2026-06-17T16:22:10.534911+00:00,DION_001,213295,-0.8766445819196695,SIMULATED,NORMAL
2026-06-17T16:22:10.545262+00:00,DION_001,213296,-0.91558547335946,SIMULATED,NORMAL
2026-06-17T16:22:10.555621+00:00,DION_001,213297,-0.7692626375083487,SIMULATED,NORMAL
2026-06-17T16:22:10.565979+00:00,DION_001,213298,-0.82526569808648,SIMULATED,NORMAL
2026-06-17T16:22:10.576421+00:00,DION_001,213299,-0.8769301996157558,SIMULATED,NORMAL
2026-06-17T16:22:10.586845+00:00,DION_001,213300,-0.7372788294115309,SIMULATED,NORMAL
2026-06-17T16:22:10.597100+00:00,DION_001,213301,-1.05105574590305,SIMULATED,NORMAL
2026-06-17T16:22:10.607392+00:00,DION_001,213302,-0.8115695756617638,SIMULATED,NORMAL
2026-06-17T16:22:10.617778+00:00,DION_001,213303,-1.2450173596590228,SIMULATED,NORMAL
2026-06-17T16:22:10.628087+00:00,DION_001,213304,-1.201827404126338,SIMULATED,NORMAL
2026-06-17T16:22:10.638415+00:00,DION_001,213305,-1.1869053301279442,SIMULATED,NORMAL
2026-06-17T16:22:10.648704+00:00,DION_001,213306,-0.9600874236332673,SIMULATED,NORMAL
2026-06-17T16:22:10.658978+00:00,DION_001,213307,-1.2220862638060725,SIMULATED,NORMAL
2026-06-17T16:22:10.669196+00:00,DION_001,213308,-0.9998975699948902,SIMULATED,NORMAL
2026-06-17T16:22:10.679452+00:00,DION_001,213309,-0.9073257390810698,SIMULATED,NORMAL
2026-06-17T16:22:10.689638+00:00,DION_001,213310,-1.1456024680020573,SIMULATED,NORMAL
2026-06-17T16:22:10.699877+00:00,DION_001,213311,-1.04251766628002,SIMULATED,NORMAL
2026-06-17T16:22:10.710121+00:00,DION_001,213312,-1.2449940222311708,SIMULATED,NORMAL
2026-06-17T16:22:10.720353+00:00,DION_001,213313,-1.0733240055409141,SIMULATED,NORMAL
2026-06-17T16:22:10.730605+00:00,DION_001,213314,-1.271581528903572,SIMULATED,NORMAL
2026-06-17T16:22:10.740882+00:00,DION_001,213315,-0.9130747502184627,SIMULATED,NORMAL
2026-06-17T16:22:10.751166+00:00,DION_001,213316,-1.2713584076390674,SIMULATED,NORMAL
2026-06-17T16:22:10.761509+00:00,DION_001,213317,-0.898000798004784,SIMULATED,NORMAL
2026-06-17T16:22:10.771875+00:00,DION_001,213318,-0.656917850749553,SIMULATED,NORMAL
2026-06-17T16:22:10.782128+00:00,DION_001,213319,-0.8654248148700775,SIMULATED,NORMAL
2026-06-17T16:22:10.792354+00:00,DION_001,213320,-0.9048007914211939,SIMULATED,NORMAL
2026-06-17T16:22:10.802652+00:00,DION_001,213321,-0.7773937802266079,SIMULATED,NORMAL
2026-06-17T16:22:10.812875+00:00,DION_001,213322,-0.6615372798455234,SIMULATED,NORMAL
2026-06-17T16:22:10.823125+00:00,DION_001,213323,-0.9439525990382565,SIMULATED,NORMAL
2026-06-17T16:22:10.833391+00:00,DION_001,213324,-0.8807079228767338,SIMULATED,NORMAL
2026-06-17T16:22:10.843736+00:00,DION_001,213325,-1.0816244177071992,SIMULATED,NORMAL
2026-06-17T16:22:10.854062+00:00,DION_001,213326,-0.6240711662438628,SIMULATED,NORMAL
2026-06-17T16:22:10.864347+00:00,DION_001,213327,-0.7597980624147355,SIMULATED,NORMAL
2026-06-17T16:22:10.874787+00:00,DION_001,213328,-0.711620682109872,SIMULATED,NORMAL
2026-06-17T16:22:10.885076+00:00,DION_001,213329,-0.7977625431871904,SIMULATED,NORMAL
2026-06-17T16:22:10.895331+00:00,DION_001,213330,-0.6010744193607453,SIMULATED,NORMAL
2026-06-17T16:22:10.905562+00:00,DION_001,213331,-0.6799810885469144,SIMULATED,NORMAL
2026-06-17T16:22:10.915855+00:00,DION_001,213332,-0.3741718421489668,SIMULATED,NORMAL
2026-06-17T16:22:10.926076+00:00,DION_001,213333,-2.7266576189792437,SIMULATED,EVENT_DETECTED
2026-06-17T16:22:10.936517+00:00,DION_001,213334,-0.8567422162386777,SIMULATED,NORMAL
2026-06-17T16:22:10.946864+00:00,DION_001,213335,-0.2924096956164807,SIMULATED,NORMAL
2026-06-17T16:22:10.957082+00:00,DION_001,213336,-0.4392553501923853,SIMULATED,NORMAL
2026-06-17T16:22:10.967328+00:00,DION_001,213337,-0.285626560974678,SIMULATED,NORMAL
2026-06-17T16:22:10.977595+00:00,DION_001,213338,-0.38472986768637,SIMULATED,NORMAL
2026-06-17T16:22:10.987873+00:00,DION_001,213339,-0.40950305202378817,SIMULATED,NORMAL
2026-06-17T16:22:10.998137+00:00,DION_001,213340,-0.46987183860324394,SIMULATED,NORMAL
2026-06-17T16:22:11.008321+00:00,DION_001,213341,-0.5201197810490437,SIMULATED,NORMAL
2026-06-17T16:22:11.018576+00:00,DION_001,213342,-0.2651738491859251,SIMULATED,NORMAL
2026-06-17T16:22:11.028807+00:00,DION_001,213343,-0.5215315106536589,SIMULATED,NORMAL
2026-06-17T16:22:11.039022+00:00,DION_001,213344,-0.26421702655431334,SIMULATED,NORMAL
2026-06-17T16:22:11.049213+00:00,DION_001,213345,-0.44731532921093775,SIMULATED,NORMAL
2026-06-17T16:22:11.059435+00:00,DION_001,213346,-0.5311405606035575,SIMULATED,NORMAL
2026-06-17T16:22:11.069669+00:00,DION_001,213347,-0.45382507795685484,SIMULATED,NORMAL
2026-06-17T16:22:11.079970+00:00,DION_001,213348,-0.4294811687329153,SIMULATED,NORMAL
2026-06-17T16:22:11.090263+00:00,DION_001,213349,-0.6244065982723428,SIMULATED,NORMAL
2026-06-17T16:22:11.100527+00:00,DION_001,213350,-0.31206440069054675,SIMULATED,NORMAL
2026-06-17T16:22:11.110911+00:00,DION_001,213351,-0.30884376908252187,SIMULATED,NORMAL
2026-06-17T16:22:11.121197+00:00,DION_001,213352,-0.6254549386501433,SIMULATED,NORMAL
2026-06-17T16:22:11.131458+00:00,DION_001,213353,-0.5820544877138567,SIMULATED,NORMAL
2026-06-17T16:22:11.141699+00:00,DION_001,213354,-0.3407801360387862,SIMULATED,NORMAL
2026-06-17T16:22:11.151952+00:00,DION_001,213355,-0.4925211506468479,SIMULATED,NORMAL
2026-06-17T16:22:11.162194+00:00,DION_001,213356,-0.21907588652194593,SIMULATED,NORMAL
2026-06-17T16:22:11.172414+00:00,DION_001,213357,-0.5740218567851098,SIMULATED,NORMAL
2026-06-17T16:22:11.182640+00:00,DION_001,213358,-0.6091790042787025,SIMULATED,NORMAL
2026-06-17T16:22:11.192874+00:00,DION_001,213359,-0.5421709723647271,SIMULATED,NORMAL
2026-06-17T16:22:11.203170+00:00,DION_001,213360,-0.8894430252119596,SIMULATED,NORMAL
2026-06-17T16:22:11.213637+00:00,DION_001,213361,-2.6757844419095047,SIMULATED,EVENT_DETECTED
2026-06-17T16:22:11.224068+00:00,DION_001,213362,-0.7330876632922455,SIMULATED,NORMAL
2026-06-17T16:22:11.234454+00:00,DION_001,213363,-0.8050700411704139,SIMULATED,NORMAL
2026-06-17T16:22:11.244753+00:00,DION_001,213364,-0.5631876795800331,SIMULATED,NORMAL
2026-06-17T16:22:11.255060+00:00,DION_001,213365,-0.4600856524225934,SIMULATED,NORMAL
2026-06-17T16:22:11.265318+00:00,DION_001,213366,-0.570532709890343,SIMULATED,NORMAL
2026-06-17T16:22:11.275572+00:00,DION_001,213367,-0.8432981838013904,SIMULATED,NORMAL
2026-06-17T16:22:11.285800+00:00,DION_001,213368,-0.6151985525787214,SIMULATED,NORMAL
2026-06-17T16:22:11.296127+00:00,DION_001,213369,-0.8040202999074886,SIMULATED,NORMAL
2026-06-17T16:22:11.306410+00:00,DION_001,213370,-0.6635078012305242,SIMULATED,NORMAL
2026-06-17T16:22:11.316836+00:00,DION_001,213371,-0.783685887532429,SIMULATED,NORMAL
2026-06-17T16:22:11.327243+00:00,DION_001,213372,-0.9165740870187857,SIMULATED,NORMAL
2026-06-17T16:22:11.337511+00:00,DION_001,213373,-0.919856840870417,SIMULATED,NORMAL
2026-06-17T16:22:11.347767+00:00,DION_001,213374,-0.5170609317362336,SIMULATED,NORMAL
2026-06-17T16:22:11.358060+00:00,DION_001,213375,-0.8691396766807478,SIMULATED,NORMAL
2026-06-17T16:22:11.368362+00:00,DION_001,213376,-0.7732538126027112,SIMULATED,NORMAL
2026-06-17T16:22:11.378589+00:00,DION_001,213377,-1.170918365029466,SIMULATED,NORMAL
2026-06-17T16:22:11.388818+00:00,DION_001,213378,-1.073584851904871,SIMULATED,NORMAL
2026-06-17T16:22:11.399307+00:00,DION_001,213379,-1.1005486381699139,SIMULATED,NORMAL
2026-06-17T16:22:11.409623+00:00,DION_001,213380,-0.8340793531361971,SIMULATED,NORMAL
2026-06-17T16:22:11.419999+00:00,DION_001,213381,-0.9750785010811078,SIMULATED,NORMAL
2026-06-17T16:22:11.430261+00:00,DION_001,213382,-1.1577844329158802,SIMULATED,NORMAL
2026-06-17T16:22:11.440607+00:00,DION_001,213383,-1.0720841411099447,SIMULATED,NORMAL
2026-06-17T16:22:11.450961+00:00,DION_001,213384,-0.6507351420863117,SIMULATED,NORMAL
2026-06-17T16:22:11.461225+00:00,DION_001,213385,2.1634363179213727,SIMULATED,EVENT_DETECTED
2026-06-17T16:22:11.471617+00:00,DION_001,213386,-0.9814357412244104,SIMULATED,NORMAL
2026-06-17T16:22:11.481875+00:00,DION_001,213387,-0.8050082623553744,SIMULATED,NORMAL
2026-06-17T16:22:11.492162+00:00,DION_001,213388,-1.154632668967595,SIMULATED,NORMAL
2026-06-17T16:22:11.502501+00:00,DION_001,213389,-0.9282703521711401,SIMULATED,NORMAL
2026-06-17T16:22:11.512843+00:00,DION_001,213390,-1.1137225993566324,SIMULATED,NORMAL
2026-06-17T16:22:11.523132+00:00,DION_001,213391,-0.6832648577044467,SIMULATED,NORMAL
2026-06-17T16:22:11.533515+00:00,DION_001,213392,-0.9627405774026748,SIMULATED,NORMAL
2026-06-17T16:22:11.543911+00:00,DION_001,213393,-0.5503938763575238,SIMULATED,NORMAL
2026-06-17T16:22:11.554433+00:00,DION_001,213394,-0.8720350484150188,SIMULATED,NORMAL
2026-06-17T16:22:11.564682+00:00,DION_001,213395,-0.7064780740023647,SIMULATED,NORMAL
2026-06-17T16:22:11.574989+00:00,DION_001,213396,-0.8922804930349515,SIMULATED,NORMAL
2026-06-17T16:22:11.585286+00:00,DION_001,213397,-0.7959539240227576,SIMULATED,NORMAL
2026-06-17T16:22:11.595715+00:00,DION_001,213398,-0.455412714111222,SIMULATED,NORMAL
2026-06-17T16:22:11.606031+00:00,DION_001,213399,-0.5829017174212813,SIMULATED,NORMAL
2026-06-17T16:22:11.616343+00:00,DION_001,213400,-0.7678526040087137,SIMULATED,NORMAL
2026-06-17T16:22:11.626708+00:00,DION_001,213401,-2.3688839245647033,SIMULATED,EVENT_DETECTED
2026-06-17T16:22:11.637142+00:00,DION_001,213402,-0.8601441840515371,SIMULATED,NORMAL
2026-06-17T16:22:11.647469+00:00,DION_001,213403,-0.45406108863573785,SIMULATED,NORMAL
2026-06-17T16:22:11.657769+00:00,DION_001,213404,-0.3103002089830296,SIMULATED,NORMAL
2026-06-17T16:22:11.668211+00:00,DION_001,213405,-0.1930913346838342,SIMULATED,NORMAL
2026-06-17T16:22:11.678562+00:00,DION_001,213406,-0.29674182815498606,SIMULATED,NORMAL
2026-06-17T16:22:11.688851+00:00,DION_001,213407,-0.16882040426409337,SIMULATED,NORMAL
2026-06-17T16:22:11.699104+00:00,DION_001,213408,-0.3499717758188007,SIMULATED,NORMAL
2026-06-17T16:22:11.709362+00:00,DION_001,213409,-0.13968763399084674,SIMULATED,NORMAL
2026-06-17T16:22:11.719605+00:00,DION_001,213410,-0.1424680990323341,SIMULATED,NORMAL
2026-06-17T16:22:11.729886+00:00,DION_001,213411,-0.15957181939000278,SIMULATED,NORMAL
2026-06-17T16:22:11.740152+00:00,DION_001,213412,-0.22829061154749397,SIMULATED,NORMAL
2026-06-17T16:22:11.750437+00:00,DION_001,213413,0.0013573040424793154,SIMULATED,NORMAL
2026-06-17T16:22:11.760719+00:00,DION_001,213414,0.008874227149592823,SIMULATED,NORMAL
2026-06-17T16:22:11.770910+00:00,DION_001,213415,-0.16223473263455876,SIMULATED,NORMAL
2026-06-17T16:22:11.781151+00:00,DION_001,213416,0.10953681323566808,SIMULATED,NORMAL
2026-06-17T16:22:11.791333+00:00,DION_001,213417,0.06462030156611441,SIMULATED,NORMAL
2026-06-17T16:22:11.801628+00:00,DION_001,213418,0.35844819612323675,SIMULATED,NORMAL
2026-06-17T16:22:11.811931+00:00,DION_001,213419,0.2015265434843983,SIMULATED,NORMAL
2026-06-17T16:22:11.822238+00:00,DION_001,213420,0.20230332263001652,SIMULATED,NORMAL
2026-06-17T16:22:11.832608+00:00,DION_001,213421,0.23726711516525617,SIMULATED,NORMAL
2026-06-17T16:22:11.842922+00:00,DION_001,213422,0.16757998949259728,SIMULATED,NORMAL
2026-06-17T16:22:11.853193+00:00,DION_001,213423,0.19925789814322406,SIMULATED,NORMAL
2026-06-17T16:22:11.863562+00:00,DION_001,213424,0.14372239106577822,SIMULATED,NORMAL
2026-06-17T16:22:11.873875+00:00,DION_001,213425,0.1992046111622175,SIMULATED,NORMAL
2026-06-17T16:22:11.884131+00:00,DION_001,213426,0.32626492319354006,SIMULATED,NORMAL
2026-06-17T16:22:11.894357+00:00,DION_001,213427,0.10171179725059087,SIMULATED,NORMAL
2026-06-17T16:22:11.904591+00:00,DION_001,213428,0.20883720971735312,SIMULATED,NORMAL
2026-06-17T16:22:11.914811+00:00,DION_001,213429,0.1384942132032352,SIMULATED,NORMAL
2026-06-17T16:22:11.925063+00:00,DION_001,213430,0.25619824439591204,SIMULATED,NORMAL
2026-06-17T16:22:11.935455+00:00,DION_001,213431,0.18638342421233772,SIMULATED,NORMAL
2026-06-17T16:22:11.945735+00:00,DION_001,213432,0.4211477476700891,SIMULATED,NORMAL
2026-06-17T16:22:11.955977+00:00,DION_001,213433,0.16736214344624425,SIMULATED,NORMAL
2026-06-17T16:22:11.966196+00:00,DION_001,213434,0.2570355251261951,SIMULATED,NORMAL
2026-06-17T16:22:11.976446+00:00,DION_001,213435,0.3564209890726233,SIMULATED,NORMAL
2026-06-17T16:22:11.986636+00:00,DION_001,213436,0.575457046293514,SIMULATED,NORMAL
2026-06-17T16:22:11.996895+00:00,DION_001,213437,0.38662530679110874,SIMULATED,NORMAL
2026-06-17T16:22:12.007140+00:00,DION_001,213438,0.2935595020160142,SIMULATED,NORMAL
2026-06-17T16:22:12.017382+00:00,DION_001,213439,0.14438778209705705,SIMULATED,NORMAL
2026-06-17T16:22:12.027592+00:00,DION_001,213440,0.03996450759145398,SIMULATED,NORMAL
2026-06-17T16:22:12.037828+00:00,DION_001,213441,0.28081042716815136,SIMULATED,NORMAL
2026-06-17T16:22:12.048119+00:00,DION_001,213442,0.4193918688184276,SIMULATED,NORMAL
2026-06-17T16:22:12.058452+00:00,DION_001,213443,0.052946713450363975,SIMULATED,NORMAL
2026-06-17T16:22:12.068780+00:00,DION_001,213444,0.30081438815987493,SIMULATED,NORMAL
2026-06-17T16:22:12.079283+00:00,DION_001,213445,-0.25315789458753235,SIMULATED,NORMAL
2026-06-17T16:22:12.089578+00:00,DION_001,213446,-0.09722150200252604,SIMULATED,NORMAL
2026-06-17T16:22:12.099874+00:00,DION_001,213447,-2.482595474348798,SIMULATED,EVENT_DETECTED
2026-06-17T16:22:12.110281+00:00,DION_001,213448,0.16356632694474835,SIMULATED,NORMAL
2026-06-17T16:22:12.120608+00:00,DION_001,213449,-0.012747360315446252,SIMULATED,NORMAL
2026-06-17T16:22:12.130859+00:00,DION_001,213450,-0.05811327280544361,SIMULATED,NORMAL
2026-06-17T16:22:12.141073+00:00,DION_001,213451,0.10370769993505959,SIMULATED,NORMAL
2026-06-17T16:22:12.151497+00:00,DION_001,213452,0.2727445457529923,SIMULATED,NORMAL
2026-06-17T16:22:12.161736+00:00,DION_001,213453,0.1636829432889915,SIMULATED,NORMAL
2026-06-17T16:22:12.171943+00:00,DION_001,213454,0.06944933822836319,SIMULATED,NORMAL
2026-06-17T16:22:12.182331+00:00,DION_001,213455,-0.02548788047642812,SIMULATED,NORMAL
2026-06-17T16:22:12.192585+00:00,DION_001,213456,0.00464932500140193,SIMULATED,NORMAL
2026-06-17T16:22:12.202824+00:00,DION_001,213457,-0.09740552365076638,SIMULATED,NORMAL
2026-06-17T16:22:12.213063+00:00,DION_001,213458,-0.12103941459552518,SIMULATED,NORMAL
2026-06-17T16:22:12.223277+00:00,DION_001,213459,0.0572328727071936,SIMULATED,NORMAL
2026-06-17T16:22:12.233734+00:00,DION_001,213460,0.18892368981727597,SIMULATED,NORMAL
2026-06-17T16:22:12.244062+00:00,DION_001,213461,0.011875238789218506,SIMULATED,NORMAL
2026-06-17T16:22:12.254383+00:00,DION_001,213462,0.009750330850997857,SIMULATED,NORMAL
2026-06-17T16:22:12.264638+00:00,DION_001,213463,0.008219626446613407,SIMULATED,NORMAL
2026-06-17T16:22:12.274927+00:00,DION_001,213464,-0.11123684520050808,SIMULATED,NORMAL
2026-06-17T16:22:12.285235+00:00,DION_001,213465,-0.026582768145791535,SIMULATED,NORMAL
2026-06-17T16:22:12.295648+00:00,DION_001,213466,-0.19612770884234934,SIMULATED,NORMAL
2026-06-17T16:22:12.305979+00:00,DION_001,213467,-0.42842800980583534,SIMULATED,NORMAL
2026-06-17T16:22:12.316319+00:00,DION_001,213468,-0.14433862139099082,SIMULATED,NORMAL
2026-06-17T16:22:12.326616+00:00,DION_001,213469,0.030221746203749494,SIMULATED,NORMAL
2026-06-17T16:22:12.336920+00:00,DION_001,213470,-0.011437295204690008,SIMULATED,NORMAL
2026-06-17T16:22:12.347151+00:00,DION_001,213471,-0.15125862836630796,SIMULATED,NORMAL
2026-06-17T16:22:12.357482+00:00,DION_001,213472,0.173454489222852,SIMULATED,NORMAL
2026-06-17T16:22:12.367726+00:00,DION_001,213473,0.05773383400786726,SIMULATED,NORMAL
2026-06-17T16:22:12.377954+00:00,DION_001,213474,0.2472373118467135,SIMULATED,NORMAL
2026-06-17T16:22:12.388255+00:00,DION_001,213475,0.1184563362469589,SIMULATED,NORMAL
2026-06-17T16:22:12.398497+00:00,DION_001,213476,0.14864863707638465,SIMULATED,NORMAL
2026-06-17T16:22:12.408790+00:00,DION_001,213477,0.24901837771724672,SIMULATED,NORMAL
2026-06-17T16:22:12.419155+00:00,DION_001,213478,0.43193182385939,SIMULATED,NORMAL
2026-06-17T16:22:12.429483+00:00,DION_001,213479,0.40903226975888957,SIMULATED,NORMAL
2026-06-17T16:22:12.439901+00:00,DION_001,213480,0.3420953191888173,SIMULATED,NORMAL
2026-06-17T16:22:12.450270+00:00,DION_001,213481,0.3670559296557742,SIMULATED,NORMAL
2026-06-17T16:22:12.460719+00:00,DION_001,213482,0.3843476181843662,SIMULATED,NORMAL
2026-06-17T16:22:12.471208+00:00,DION_001,213483,0.4874311544983383,SIMULATED,NORMAL
2026-06-17T16:22:12.481494+00:00,DION_001,213484,0.5730184866099943,SIMULATED,NORMAL
2026-06-17T16:22:12.491754+00:00,DION_001,213485,0.5730822839821212,SIMULATED,NORMAL
2026-06-17T16:22:12.502119+00:00,DION_001,213486,0.6743246520299627,SIMULATED,NORMAL
2026-06-17T16:22:12.512384+00:00,DION_001,213487,0.7730598211644705,SIMULATED,NORMAL
2026-06-17T16:22:12.522658+00:00,DION_001,213488,0.6263883637833857,SIMULATED,NORMAL
2026-06-17T16:22:12.532986+00:00,DION_001,213489,0.6971431440883976,SIMULATED,NORMAL
2026-06-17T16:22:12.543316+00:00,DION_001,213490,0.6708818112297498,SIMULATED,NORMAL
2026-06-17T16:22:12.553699+00:00,DION_001,213491,0.5798331492640869,SIMULATED,NORMAL
2026-06-17T16:22:12.564060+00:00,DION_001,213492,0.7407272849566636,SIMULATED,NORMAL
2026-06-17T16:22:12.574502+00:00,DION_001,213493,0.8319887095739279,SIMULATED,NORMAL
2026-06-17T16:22:12.584864+00:00,DION_001,213494,0.895002161405131,SIMULATED,NORMAL
2026-06-17T16:22:12.595205+00:00,DION_001,213495,0.8752240990814403,SIMULATED,NORMAL
2026-06-17T16:22:12.605544+00:00,DION_001,213496,0.8313950242943907,SIMULATED,NORMAL
2026-06-17T16:22:12.615912+00:00,DION_001,213497,1.1900227329641861,SIMULATED,NORMAL
2026-06-17T16:22:12.626216+00:00,DION_001,213498,0.8832097089338846,SIMULATED,NORMAL
2026-06-17T16:22:12.636591+00:00,DION_001,213499,0.8143229142674397,SIMULATED,NORMAL
2026-06-17T16:22:12.646891+00:00,DION_001,213500,0.9259758643313811,SIMULATED,NORMAL
2026-06-17T16:22:12.657221+00:00,DION_001,213501,1.224488750623775,SIMULATED,NORMAL
2026-06-17T16:22:12.667538+00:00,DION_001,213502,0.9873146874303785,SIMULATED,NORMAL
2026-06-17T16:22:12.677872+00:00,DION_001,213503,0.9731435041589325,SIMULATED,NORMAL
2026-06-17T16:22:12.688164+00:00,DION_001,213504,0.8994296965377067,SIMULATED,NORMAL
2026-06-17T16:22:12.698585+00:00,DION_001,213505,1.2689212816137954,SIMULATED,NORMAL
2026-06-17T16:22:12.708988+00:00,DION_001,213506,0.9520385361455405,SIMULATED,NORMAL
2026-06-17T16:22:12.719298+00:00,DION_001,213507,1.1161552912057586,SIMULATED,NORMAL
2026-06-17T16:22:12.729597+00:00,DION_001,213508,1.217990904406397,SIMULATED,NORMAL
2026-06-17T16:22:12.740125+00:00,DION_001,213509,1.0081598281415292,SIMULATED,NORMAL
2026-06-17T16:22:12.750586+00:00,DION_001,213510,1.014544749753926,SIMULATED,NORMAL
2026-06-17T16:22:12.760885+00:00,DION_001,213511,1.0938505631323003,SIMULATED,NORMAL
2026-06-17T16:22:12.771143+00:00,DION_001,213512,1.049878945879639,SIMULATED,NORMAL
2026-06-17T16:22:12.781442+00:00,DION_001,213513,0.9285269576409076,SIMULATED,NORMAL
2026-06-17T16:22:12.791694+00:00,DION_001,213514,1.139829936199102,SIMULATED,NORMAL
2026-06-17T16:22:12.801997+00:00,DION_001,213515,0.8852611466555826,SIMULATED,NORMAL
2026-06-17T16:22:12.812286+00:00,DION_001,213516,-1.4446216372576874,SIMULATED,NORMAL
2026-06-17T16:22:12.822733+00:00,DION_001,213517,1.1763632589369295,SIMULATED,NORMAL
2026-06-17T16:22:12.832995+00:00,DION_001,213518,0.9526811513187319,SIMULATED,NORMAL
2026-06-17T16:22:12.843429+00:00,DION_001,213519,1.1138805719378637,SIMULATED,NORMAL
2026-06-17T16:22:12.853851+00:00,DION_001,213520,0.8893964342377958,SIMULATED,NORMAL
2026-06-17T16:22:12.864202+00:00,DION_001,213521,0.9423413581029675,SIMULATED,NORMAL
2026-06-17T16:22:12.874533+00:00,DION_001,213522,1.0130873833338767,SIMULATED,NORMAL
2026-06-17T16:22:12.884839+00:00,DION_001,213523,0.9945335651287409,SIMULATED,NORMAL
2026-06-17T16:22:12.895087+00:00,DION_001,213524,0.7767692986248848,SIMULATED,NORMAL
2026-06-17T16:22:12.905471+00:00,DION_001,213525,0.9601031062002886,SIMULATED,NORMAL
2026-06-17T16:22:12.915790+00:00,DION_001,213526,0.7902062117807815,SIMULATED,NORMAL
2026-06-17T16:22:12.926034+00:00,DION_001,213527,0.8625068288975645,SIMULATED,NORMAL
2026-06-17T16:22:12.936320+00:00,DION_001,213528,0.6928724772625035,SIMULATED,NORMAL
2026-06-17T16:22:12.946600+00:00,DION_001,213529,0.75256482015685,SIMULATED,NORMAL
2026-06-17T16:22:12.956813+00:00,DION_001,213530,0.6067640156451563,SIMULATED,NORMAL
2026-06-17T16:22:12.967282+00:00,DION_001,213531,0.5767648389440521,SIMULATED,NORMAL
2026-06-17T16:22:12.977578+00:00,DION_001,213532,0.7733802305776485,SIMULATED,NORMAL
2026-06-17T16:22:12.987802+00:00,DION_001,213533,0.5545147929683293,SIMULATED,NORMAL
2026-06-17T16:22:12.998181+00:00,DION_001,213534,0.671325481116836,SIMULATED,NORMAL
2026-06-17T16:22:13.008451+00:00,DION_001,213535,0.5018303614650269,SIMULATED,NORMAL
2026-06-17T16:22:13.018823+00:00,DION_001,213536,0.6816086747630814,SIMULATED,NORMAL
2026-06-17T16:22:13.029131+00:00,DION_001,213537,0.28413343494573845,SIMULATED,NORMAL
2026-06-17T16:22:13.039410+00:00,DION_001,213538,0.40059029603080404,SIMULATED,NORMAL
2026-06-17T16:22:13.049746+00:00,DION_001,213539,0.5546515265447182,SIMULATED,NORMAL
2026-06-17T16:22:13.060103+00:00,DION_001,213540,0.3533924403652594,SIMULATED,NORMAL
2026-06-17T16:22:13.070468+00:00,DION_001,213541,0.5122225738383135,SIMULATED,NORMAL
2026-06-17T16:22:13.080791+00:00,DION_001,213542,0.535810784205744,SIMULATED,NORMAL
2026-06-17T16:22:13.091071+00:00,DION_001,213543,0.4839094894049665,SIMULATED,NORMAL
2026-06-17T16:22:13.101392+00:00,DION_001,213544,0.488778663926362,SIMULATED,NORMAL
2026-06-17T16:22:13.111660+00:00,DION_001,213545,0.42666299474374136,SIMULATED,NORMAL
2026-06-17T16:22:13.121930+00:00,DION_001,213546,0.2569877999492806,SIMULATED,NORMAL
2026-06-17T16:22:13.132285+00:00,DION_001,213547,0.39181715486048546,SIMULATED,NORMAL
2026-06-17T16:22:13.142610+00:00,DION_001,213548,0.40495483709094166,SIMULATED,NORMAL
2026-06-17T16:22:13.152902+00:00,DION_001,213549,0.4811685642325055,SIMULATED,NORMAL
2026-06-17T16:22:13.163145+00:00,DION_001,213550,0.5284436764696016,SIMULATED,NORMAL
2026-06-17T16:22:13.173367+00:00,DION_001,213551,0.670177219146586,SIMULATED,NORMAL
2026-06-17T16:22:13.183592+00:00,DION_001,213552,0.6994286036216011,SIMULATED,NORMAL
2026-06-17T16:22:13.193800+00:00,DION_001,213553,0.5794420027544458,SIMULATED,NORMAL
2026-06-17T16:22:13.204008+00:00,DION_001,213554,0.31841454271814407,SIMULATED,NORMAL
2026-06-17T16:22:13.214293+00:00,DION_001,213555,0.08875715439742793,SIMULATED,NORMAL
2026-06-17T16:22:13.224594+00:00,DION_001,213556,0.5585094691173501,SIMULATED,NORMAL
2026-06-17T16:22:13.234858+00:00,DION_001,213557,0.4555926054208218,SIMULATED,NORMAL
2026-06-17T16:22:13.245111+00:00,DION_001,213558,0.4822699744685251,SIMULATED,NORMAL
2026-06-17T16:22:13.255309+00:00,DION_001,213559,0.3577019551361958,SIMULATED,NORMAL
2026-06-17T16:22:13.265524+00:00,DION_001,213560,0.7318072209278064,SIMULATED,NORMAL
2026-06-17T16:22:13.275790+00:00,DION_001,213561,0.5463773533548263,SIMULATED,NORMAL
2026-06-17T16:22:13.286076+00:00,DION_001,213562,0.4778166174536244,SIMULATED,NORMAL
2026-06-17T16:22:13.296343+00:00,DION_001,213563,0.6594962298115367,SIMULATED,NORMAL
2026-06-17T16:22:13.306675+00:00,DION_001,213564,0.4991382420586007,SIMULATED,NORMAL
2026-06-17T16:22:13.316977+00:00,DION_001,213565,0.3560334491260072,SIMULATED,NORMAL
2026-06-17T16:22:13.327289+00:00,DION_001,213566,0.5698116943804962,SIMULATED,NORMAL
2026-06-17T16:22:13.337662+00:00,DION_001,213567,0.23996377758930348,SIMULATED,NORMAL
2026-06-17T16:22:13.347956+00:00,DION_001,213568,0.7577233417793118,SIMULATED,NORMAL
2026-06-17T16:22:13.358243+00:00,DION_001,213569,0.6281974368510709,SIMULATED,NORMAL
2026-06-17T16:22:13.368506+00:00,DION_001,213570,0.8157259141960969,SIMULATED,NORMAL
2026-06-17T16:22:13.378857+00:00,DION_001,213571,0.960428619775633,SIMULATED,NORMAL
2026-06-17T16:22:13.389100+00:00,DION_001,213572,0.9998388867807284,SIMULATED,NORMAL
2026-06-17T16:22:13.399368+00:00,DION_001,213573,0.6228840611292666,SIMULATED,NORMAL
2026-06-17T16:22:13.409661+00:00,DION_001,213574,0.6997075153517663,SIMULATED,NORMAL
2026-06-17T16:22:13.419904+00:00,DION_001,213575,0.9478421685306198,SIMULATED,NORMAL
2026-06-17T16:22:13.430140+00:00,DION_001,213576,0.8556368831575698,SIMULATED,NORMAL
2026-06-17T16:22:13.440387+00:00,DION_001,213577,0.6843837488877189,SIMULATED,NORMAL
2026-06-17T16:22:13.450780+00:00,DION_001,213578,1.085187552520263,SIMULATED,NORMAL
2026-06-17T16:22:13.461059+00:00,DION_001,213579,0.7655589405261458,SIMULATED,NORMAL
2026-06-17T16:22:13.471421+00:00,DION_001,213580,0.8604042743273789,SIMULATED,NORMAL
2026-06-17T16:22:13.481658+00:00,DION_001,213581,1.006592689489587,SIMULATED,NORMAL
2026-06-17T16:22:13.491988+00:00,DION_001,213582,0.8650369195377221,SIMULATED,NORMAL
2026-06-17T16:22:13.502366+00:00,DION_001,213583,0.7100033036438624,SIMULATED,NORMAL
2026-06-17T16:22:13.512657+00:00,DION_001,213584,1.0472378080352147,SIMULATED,NORMAL
2026-06-17T16:22:13.522897+00:00,DION_001,213585,0.7062400741444181,SIMULATED,NORMAL
2026-06-17T16:22:13.533152+00:00,DION_001,213586,0.9696101011963386,SIMULATED,NORMAL
2026-06-17T16:22:13.543472+00:00,DION_001,213587,1.0090148971936237,SIMULATED,NORMAL
2026-06-17T16:22:13.553830+00:00,DION_001,213588,0.9211985654702689,SIMULATED,NORMAL
2026-06-17T16:22:13.564112+00:00,DION_001,213589,0.7724792194877604,SIMULATED,NORMAL
2026-06-17T16:22:13.574526+00:00,DION_001,213590,0.9197714454287093,SIMULATED,NORMAL
2026-06-17T16:22:13.584819+00:00,DION_001,213591,0.9101574769006612,SIMULATED,NORMAL
2026-06-17T16:22:13.595062+00:00,DION_001,213592,0.5948288306487577,SIMULATED,NORMAL
2026-06-17T16:22:13.605298+00:00,DION_001,213593,0.9524884689890187,SIMULATED,NORMAL
2026-06-17T16:22:13.615676+00:00,DION_001,213594,0.8260668744218925,SIMULATED,NORMAL
2026-06-17T16:22:13.625958+00:00,DION_001,213595,0.8176980308738462,SIMULATED,NORMAL
2026-06-17T16:22:13.636188+00:00,DION_001,213596,0.47951573564535127,SIMULATED,NORMAL
2026-06-17T16:22:13.646508+00:00,DION_001,213597,0.7965541824851609,SIMULATED,NORMAL
2026-06-17T16:22:13.656880+00:00,DION_001,213598,0.5972157348200368,SIMULATED,NORMAL
2026-06-17T16:22:13.667195+00:00,DION_001,213599,0.6077888378338704,SIMULATED,NORMAL
2026-06-17T16:22:13.677519+00:00,DION_001,213600,0.6497932023502606,SIMULATED,NORMAL
2026-06-17T16:22:13.687791+00:00,DION_001,213601,0.7150256116566467,SIMULATED,NORMAL
2026-06-17T16:22:13.698061+00:00,DION_001,213602,0.4433058894019515,SIMULATED,NORMAL
2026-06-17T16:22:13.708448+00:00,DION_001,213603,0.20681790491835012,SIMULATED,NORMAL
2026-06-17T16:22:13.718881+00:00,DION_001,213604,0.30588615950922365,SIMULATED,NORMAL
2026-06-17T16:22:13.729245+00:00,DION_001,213605,0.33960919243992693,SIMULATED,NORMAL
2026-06-17T16:22:13.739656+00:00,DION_001,213606,0.2851243010449387,SIMULATED,NORMAL
2026-06-17T16:22:13.749913+00:00,DION_001,213607,0.15078866355240372,SIMULATED,NORMAL
2026-06-17T16:22:13.760203+00:00,DION_001,213608,0.5249397356389698,SIMULATED,NORMAL
2026-06-17T16:22:13.770519+00:00,DION_001,213609,0.17208163415031835,SIMULATED,NORMAL
2026-06-17T16:22:13.780850+00:00,DION_001,213610,0.2533526693807954,SIMULATED,NORMAL
2026-06-17T16:22:13.791187+00:00,DION_001,213611,0.2883823764797461,SIMULATED,NORMAL
2026-06-17T16:22:13.801522+00:00,DION_001,213612,-0.006060918838095883,SIMULATED,NORMAL
2026-06-17T16:22:13.811985+00:00,DION_001,213613,-0.24077461476296005,SIMULATED,NORMAL
2026-06-17T16:22:13.822502+00:00,DION_001,213614,-0.031198074234466723,SIMULATED,NORMAL
2026-06-17T16:22:13.832851+00:00,DION_001,213615,0.15950650926208731,SIMULATED,NORMAL
2026-06-17T16:22:13.843313+00:00,DION_001,213616,0.19117553703426615,SIMULATED,NORMAL
2026-06-17T16:22:13.853676+00:00,DION_001,213617,-0.15662065585373253,SIMULATED,NORMAL
2026-06-17T16:22:13.863972+00:00,DION_001,213618,-0.3040355727002342,SIMULATED,NORMAL
2026-06-17T16:22:13.874221+00:00,DION_001,213619,-0.2690942708635787,SIMULATED,NORMAL
2026-06-17T16:22:13.885087+00:00,DION_001,213620,-0.42837171331253815,SIMULATED,NORMAL
2026-06-17T16:22:13.895414+00:00,DION_001,213621,-0.15133255231480397,SIMULATED,NORMAL
2026-06-17T16:22:13.905679+00:00,DION_001,213622,-0.23973049696800286,SIMULATED,NORMAL
2026-06-17T16:22:13.915966+00:00,DION_001,213623,-0.3007327210818734,SIMULATED,NORMAL
2026-06-17T16:22:13.926183+00:00,DION_001,213624,-0.2579484568830911,SIMULATED,NORMAL
2026-06-17T16:22:13.936397+00:00,DION_001,213625,-0.46144029694148164,SIMULATED,NORMAL
2026-06-17T16:22:13.946683+00:00,DION_001,213626,-0.35736359595184,SIMULATED,NORMAL
2026-06-17T16:22:13.957011+00:00,DION_001,213627,-0.3905283439247784,SIMULATED,NORMAL
2026-06-17T16:22:13.967290+00:00,DION_001,213628,-0.24091515616697198,SIMULATED,NORMAL
2026-06-17T16:22:13.977546+00:00,DION_001,213629,-0.19567412860100025,SIMULATED,NORMAL
2026-06-17T16:22:13.987837+00:00,DION_001,213630,-0.4091500695844282,SIMULATED,NORMAL
2026-06-17T16:22:13.998137+00:00,DION_001,213631,-0.32521830708799654,SIMULATED,NORMAL
2026-06-17T16:22:14.008384+00:00,DION_001,213632,-0.6060636923338849,SIMULATED,NORMAL
2026-06-17T16:22:14.018626+00:00,DION_001,213633,-0.31642657692398624,SIMULATED,NORMAL
2026-06-17T16:22:14.028858+00:00,DION_001,213634,-0.319300890790382,SIMULATED,NORMAL
2026-06-17T16:22:14.039082+00:00,DION_001,213635,-0.33434310700614195,SIMULATED,NORMAL
2026-06-17T16:22:14.049296+00:00,DION_001,213636,-0.4067283864487249,SIMULATED,NORMAL
2026-06-17T16:22:14.059505+00:00,DION_001,213637,-0.37472373515281154,SIMULATED,NORMAL
2026-06-17T16:22:14.069770+00:00,DION_001,213638,-0.5532106521752735,SIMULATED,NORMAL
2026-06-17T16:22:14.080064+00:00,DION_001,213639,-0.3591967481439835,SIMULATED,NORMAL
2026-06-17T16:22:14.090396+00:00,DION_001,213640,-0.2787043444604319,SIMULATED,NORMAL
2026-06-17T16:22:14.100697+00:00,DION_001,213641,-0.18397403460729,SIMULATED,NORMAL
2026-06-17T16:22:14.111004+00:00,DION_001,213642,-0.5508622651068275,SIMULATED,NORMAL
2026-06-17T16:22:14.121250+00:00,DION_001,213643,-0.14870299271235973,SIMULATED,NORMAL
2026-06-17T16:22:14.131486+00:00,DION_001,213644,-0.36483975632669774,SIMULATED,NORMAL
2026-06-17T16:22:14.141671+00:00,DION_001,213645,-0.12545429426648877,SIMULATED,NORMAL
2026-06-17T16:22:14.151906+00:00,DION_001,213646,-0.3128033456565197,SIMULATED,NORMAL
2026-06-17T16:22:14.162130+00:00,DION_001,213647,-0.17228771690093908,SIMULATED,NORMAL
2026-06-17T16:22:14.172336+00:00,DION_001,213648,-0.17576385983118636,SIMULATED,NORMAL
2026-06-17T16:22:14.182625+00:00,DION_001,213649,0.08510562989372764,SIMULATED,NORMAL
2026-06-17T16:22:14.192909+00:00,DION_001,213650,0.04556978077785789,SIMULATED,NORMAL
2026-06-17T16:22:14.203199+00:00,DION_001,213651,0.1016369281455764,SIMULATED,NORMAL
2026-06-17T16:22:14.213445+00:00,DION_001,213652,-0.1361549456959724,SIMULATED,NORMAL
2026-06-17T16:22:14.223683+00:00,DION_001,213653,-0.0033678205657447086,SIMULATED,NORMAL
2026-06-17T16:22:14.233920+00:00,DION_001,213654,0.02521920975098918,SIMULATED,NORMAL
2026-06-17T16:22:14.244154+00:00,DION_001,213655,-0.1044772538908551,SIMULATED,NORMAL
2026-06-17T16:22:14.254383+00:00,DION_001,213656,0.09367165681181536,SIMULATED,NORMAL
2026-06-17T16:22:14.264667+00:00,DION_001,213657,0.1195109503769404,SIMULATED,NORMAL
2026-06-17T16:22:14.274961+00:00,DION_001,213658,0.23931678383206095,SIMULATED,NORMAL
2026-06-17T16:22:14.285250+00:00,DION_001,213659,0.23069249546997395,SIMULATED,NORMAL
2026-06-17T16:22:14.295596+00:00,DION_001,213660,0.15573679816556008,SIMULATED,NORMAL
2026-06-17T16:22:14.305932+00:00,DION_001,213661,-0.016630527352300445,SIMULATED,NORMAL
2026-06-17T16:22:14.316204+00:00,DION_001,213662,-0.09163620966116727,SIMULATED,NORMAL
2026-06-17T16:22:14.326468+00:00,DION_001,213663,0.07605444893004339,SIMULATED,NORMAL
2026-06-17T16:22:14.336674+00:00,DION_001,213664,0.1801303520611048,SIMULATED,NORMAL
2026-06-17T16:22:14.346915+00:00,DION_001,213665,0.01816751350122446,SIMULATED,NORMAL
2026-06-17T16:22:14.357183+00:00,DION_001,213666,-0.12602982827117917,SIMULATED,NORMAL
2026-06-17T16:22:14.367442+00:00,DION_001,213667,-0.01192239888700685,SIMULATED,NORMAL
2026-06-17T16:22:14.377687+00:00,DION_001,213668,-0.13465210607347763,SIMULATED,NORMAL
2026-06-17T16:22:14.387898+00:00,DION_001,213669,-0.0452727722058334,SIMULATED,NORMAL
2026-06-17T16:22:14.398185+00:00,DION_001,213670,1.5848240909390894,SIMULATED,NORMAL
2026-06-17T16:22:14.408539+00:00,DION_001,213671,-0.14754866039170952,SIMULATED,NORMAL
2026-06-17T16:22:14.418895+00:00,DION_001,213672,-0.11146926976499356,SIMULATED,NORMAL
2026-06-17T16:22:14.429162+00:00,DION_001,213673,-0.21274228952821564,SIMULATED,NORMAL
2026-06-17T16:22:14.439419+00:00,DION_001,213674,-0.1592958023374688,SIMULATED,NORMAL
2026-06-17T16:22:14.449691+00:00,DION_001,213675,-0.12525013597183085,SIMULATED,NORMAL
2026-06-17T16:22:14.459944+00:00,DION_001,213676,-0.091812405645163,SIMULATED,NORMAL
2026-06-17T16:22:14.470189+00:00,DION_001,213677,-0.12393127133488349,SIMULATED,NORMAL
2026-06-17T16:22:14.480429+00:00,DION_001,213678,-0.202426325253323,SIMULATED,NORMAL
2026-06-17T16:22:14.490795+00:00,DION_001,213679,-0.1979659820145136,SIMULATED,NORMAL
2026-06-17T16:22:14.501113+00:00,DION_001,213680,-0.4301331138042288,SIMULATED,NORMAL
2026-06-17T16:22:14.511450+00:00,DION_001,213681,-0.04218787948902153,SIMULATED,NORMAL
2026-06-17T16:22:14.521789+00:00,DION_001,213682,-0.507021364570706,SIMULATED,NORMAL
2026-06-17T16:22:14.532129+00:00,DION_001,213683,-0.20616354949834556,SIMULATED,NORMAL
2026-06-17T16:22:14.542446+00:00,DION_001,213684,-0.45020416302130833,SIMULATED,NORMAL
2026-06-17T16:22:14.552716+00:00,DION_001,213685,-0.8017431831119612,SIMULATED,NORMAL
2026-06-17T16:22:14.562964+00:00,DION_001,213686,-0.7572510614711164,SIMULATED,NORMAL
2026-06-17T16:22:14.573217+00:00,DION_001,213687,-0.4347023830010849,SIMULATED,NORMAL
2026-06-17T16:22:14.583490+00:00,DION_001,213688,-0.609913045947468,SIMULATED,NORMAL
2026-06-17T16:22:14.593770+00:00,DION_001,213689,-0.539515067354314,SIMULATED,NORMAL
2026-06-17T16:22:14.603997+00:00,DION_001,213690,-0.7811839208081515,SIMULATED,NORMAL
2026-06-17T16:22:14.614215+00:00,DION_001,213691,-0.7746094482015295,SIMULATED,NORMAL
2026-06-17T16:22:14.624446+00:00,DION_001,213692,-0.8984551946489674,SIMULATED,NORMAL
2026-06-17T16:22:14.634887+00:00,DION_001,213693,-0.6841644930442984,SIMULATED,NORMAL
2026-06-17T16:22:14.645149+00:00,DION_001,213694,-0.7289186683340552,SIMULATED,NORMAL
2026-06-17T16:22:14.655425+00:00,DION_001,213695,-0.865305459951293,SIMULATED,NORMAL
2026-06-17T16:22:14.665781+00:00,DION_001,213696,-0.8836313713194284,SIMULATED,NORMAL
2026-06-17T16:22:14.676143+00:00,DION_001,213697,-0.7503352692427849,SIMULATED,NORMAL
2026-06-17T16:22:14.686388+00:00,DION_001,213698,-1.1016010174443784,SIMULATED,NORMAL
2026-06-17T16:22:14.696626+00:00,DION_001,213699,-0.5829376454172088,SIMULATED,NORMAL
2026-06-17T16:22:14.706859+00:00,DION_001,213700,-0.9066806110265733,SIMULATED,NORMAL
2026-06-17T16:22:14.717062+00:00,DION_001,213701,-0.8567451510806581,SIMULATED,NORMAL
2026-06-17T16:22:14.727296+00:00,DION_001,213702,-1.300864303326464,SIMULATED,NORMAL
2026-06-17T16:22:14.737592+00:00,DION_001,213703,-1.0993383987150658,SIMULATED,NORMAL
2026-06-17T16:22:14.748009+00:00,DION_001,213704,-1.0273457494990474,SIMULATED,NORMAL
2026-06-17T16:22:14.758426+00:00,DION_001,213705,-1.3017032666556068,SIMULATED,NORMAL
2026-06-17T16:22:14.768808+00:00,DION_001,213706,-1.1835617584427949,SIMULATED,NORMAL
2026-06-17T16:22:14.779095+00:00,DION_001,213707,-1.3042608289237996,SIMULATED,NORMAL
2026-06-17T16:22:14.789431+00:00,DION_001,213708,-1.3212686607097999,SIMULATED,NORMAL
2026-06-17T16:22:14.799879+00:00,DION_001,213709,-0.9617328447257325,SIMULATED,NORMAL
2026-06-17T16:22:14.810575+00:00,DION_001,213710,-1.2671551472350087,SIMULATED,NORMAL
2026-06-17T16:22:14.820949+00:00,DION_001,213711,-1.1577380373592168,SIMULATED,NORMAL
2026-06-17T16:22:14.831227+00:00,DION_001,213712,-0.9182457361314434,SIMULATED,NORMAL
2026-06-17T16:22:14.841464+00:00,DION_001,213713,-1.0887472972172805,SIMULATED,NORMAL
2026-06-17T16:22:14.851725+00:00,DION_001,213714,-1.1810187395672767,SIMULATED,NORMAL
2026-06-17T16:22:14.861970+00:00,DION_001,213715,-1.0784999756333997,SIMULATED,NORMAL
2026-06-17T16:22:14.872218+00:00,DION_001,213716,-0.9788352089675685,SIMULATED,NORMAL
2026-06-17T16:22:14.882633+00:00,DION_001,213717,-1.023066091304864,SIMULATED,NORMAL
2026-06-17T16:22:14.893063+00:00,DION_001,213718,-1.204393099163931,SIMULATED,NORMAL
2026-06-17T16:22:14.903422+00:00,DION_001,213719,-0.9588557282598831,SIMULATED,NORMAL
2026-06-17T16:22:14.913815+00:00,DION_001,213720,-1.0568539415448577,SIMULATED,NORMAL
2026-06-17T16:22:14.924107+00:00,DION_001,213721,-0.9314330557125562,SIMULATED,NORMAL
2026-06-17T16:22:14.934561+00:00,DION_001,213722,-0.8922450600832306,SIMULATED,NORMAL
2026-06-17T16:22:14.944834+00:00,DION_001,213723,-1.1805926078894329,SIMULATED,NORMAL
2026-06-17T16:22:14.955061+00:00,DION_001,213724,-1.1004104563697905,SIMULATED,NORMAL
2026-06-17T16:22:14.965296+00:00,DION_001,213725,-0.8894012623091003,SIMULATED,NORMAL
2026-06-17T16:22:14.975520+00:00,DION_001,213726,-0.8466628547006639,SIMULATED,NORMAL
2026-06-17T16:22:14.985749+00:00,DION_001,213727,-0.8245016941551885,SIMULATED,NORMAL
2026-06-17T16:22:14.996070+00:00,DION_001,213728,-0.9353832348039506,SIMULATED,NORMAL
2026-06-17T16:22:15.006312+00:00,DION_001,213729,-0.6732750070623408,SIMULATED,NORMAL
2026-06-17T16:22:15.016609+00:00,DION_001,213730,-0.8545686965847352,SIMULATED,NORMAL
2026-06-17T16:22:15.026904+00:00,DION_001,213731,-0.6830050380302064,SIMULATED,NORMAL
2026-06-17T16:22:15.037196+00:00,DION_001,213732,-0.7203354201408344,SIMULATED,NORMAL
2026-06-17T16:22:15.047447+00:00,DION_001,213733,-0.737582884856571,SIMULATED,NORMAL
2026-06-17T16:22:15.057693+00:00,DION_001,213734,-0.8989979314729535,SIMULATED,NORMAL
2026-06-17T16:22:15.067962+00:00,DION_001,213735,-0.9813610534583171,SIMULATED,NORMAL
2026-06-17T16:22:15.078510+00:00,DION_001,213736,-0.42111297579020807,SIMULATED,NORMAL
2026-06-17T16:22:15.088811+00:00,DION_001,213737,-0.24626069972828585,SIMULATED,NORMAL
2026-06-17T16:22:15.099157+00:00,DION_001,213738,-0.5142229716738826,SIMULATED,NORMAL
2026-06-17T16:22:15.109428+00:00,DION_001,213739,-0.7550440988283988,SIMULATED,NORMAL
2026-06-17T16:22:15.119700+00:00,DION_001,213740,-0.42384335732197514,SIMULATED,NORMAL
2026-06-17T16:22:15.130056+00:00,DION_001,213741,-0.6783321123597723,SIMULATED,NORMAL
2026-06-17T16:22:15.140387+00:00,DION_001,213742,-0.5501101163277671,SIMULATED,NORMAL
2026-06-17T16:22:15.150637+00:00,DION_001,213743,-0.45624549986916146,SIMULATED,NORMAL
2026-06-17T16:22:15.160880+00:00,DION_001,213744,-0.4272726402223082,SIMULATED,NORMAL
2026-06-17T16:22:15.171079+00:00,DION_001,213745,-0.5730733851456951,SIMULATED,NORMAL
2026-06-17T16:22:15.181313+00:00,DION_001,213746,-0.33614031771084935,SIMULATED,NORMAL
2026-06-17T16:22:15.191543+00:00,DION_001,213747,-0.4827400680351287,SIMULATED,NORMAL
2026-06-17T16:22:15.201891+00:00,DION_001,213748,-0.41252494548821533,SIMULATED,NORMAL
2026-06-17T16:22:15.212144+00:00,DION_001,213749,-0.32381083056589754,SIMULATED,NORMAL
2026-06-17T16:22:15.222465+00:00,DION_001,213750,-0.6918595205642326,SIMULATED,NORMAL
2026-06-17T16:22:15.232767+00:00,DION_001,213751,-0.27257329073087566,SIMULATED,NORMAL
2026-06-17T16:22:15.243086+00:00,DION_001,213752,-0.32011989871199237,SIMULATED,NORMAL
2026-06-17T16:22:15.253397+00:00,DION_001,213753,-0.42822987591897443,SIMULATED,NORMAL
2026-06-17T16:22:15.263655+00:00,DION_001,213754,-0.11360047273308138,SIMULATED,NORMAL
2026-06-17T16:22:15.276199+00:00,DION_001,213755,-0.27266133330785214,SIMULATED,NORMAL
2026-06-17T16:22:15.286576+00:00,DION_001,213756,-0.342989301017722,SIMULATED,NORMAL
2026-06-17T16:22:15.296868+00:00,DION_001,213757,-0.6159006934240057,SIMULATED,NORMAL
2026-06-17T16:22:15.307149+00:00,DION_001,213758,-0.2776801999953819,SIMULATED,NORMAL
2026-06-17T16:22:15.317406+00:00,DION_001,213759,-0.527768191394048,SIMULATED,NORMAL
2026-06-17T16:22:15.327637+00:00,DION_001,213760,-0.3632517866942083,SIMULATED,NORMAL
2026-06-17T16:22:15.337868+00:00,DION_001,213761,-0.6165779852165939,SIMULATED,NORMAL
2026-06-17T16:22:15.348096+00:00,DION_001,213762,-0.3288329575977734,SIMULATED,NORMAL
2026-06-17T16:22:15.358322+00:00,DION_001,213763,-0.3288968572357345,SIMULATED,NORMAL
2026-06-17T16:22:15.368605+00:00,DION_001,213764,-0.809265217168164,SIMULATED,NORMAL
2026-06-17T16:22:15.378884+00:00,DION_001,213765,-0.5750667849291119,SIMULATED,NORMAL
2026-06-17T16:22:15.389145+00:00,DION_001,213766,-0.83674013814189,SIMULATED,NORMAL
2026-06-17T16:22:15.399398+00:00,DION_001,213767,-0.5191713986629353,SIMULATED,NORMAL
2026-06-17T16:22:15.409664+00:00,DION_001,213768,-0.393848732476681,SIMULATED,NORMAL
2026-06-17T16:22:15.419939+00:00,DION_001,213769,-0.783801958286279,SIMULATED,NORMAL
2026-06-17T16:22:15.430161+00:00,DION_001,213770,-0.6095146161342989,SIMULATED,NORMAL
2026-06-17T16:22:15.440392+00:00,DION_001,213771,-0.6139106755687462,SIMULATED,NORMAL
2026-06-17T16:22:15.450690+00:00,DION_001,213772,-0.9369279381530395,SIMULATED,NORMAL
2026-06-17T16:22:15.460992+00:00,DION_001,213773,-0.8069588111383997,SIMULATED,NORMAL
2026-06-17T16:22:15.471231+00:00,DION_001,213774,-0.43608917169627454,SIMULATED,NORMAL
2026-06-17T16:22:15.481556+00:00,DION_001,213775,-0.6590815177351326,SIMULATED,NORMAL
2026-06-17T16:22:15.491909+00:00,DION_001,213776,-0.9304553236021532,SIMULATED,NORMAL
2026-06-17T16:22:15.502256+00:00,DION_001,213777,-0.6400448350170497,SIMULATED,NORMAL
2026-06-17T16:22:15.512520+00:00,DION_001,213778,-1.0082230283863518,SIMULATED,NORMAL
2026-06-17T16:22:15.522997+00:00,DION_001,213779,-0.8710005232037756,SIMULATED,NORMAL
2026-06-17T16:22:15.533281+00:00,DION_001,213780,-0.7863714364768127,SIMULATED,NORMAL
2026-06-17T16:22:15.543522+00:00,DION_001,213781,-0.8561752771396988,SIMULATED,NORMAL
2026-06-17T16:22:15.553831+00:00,DION_001,213782,-0.8089574525077755,SIMULATED,NORMAL
2026-06-17T16:22:15.564103+00:00,DION_001,213783,-0.9326127870164741,SIMULATED,NORMAL
2026-06-17T16:22:15.574411+00:00,DION_001,213784,-0.7435367663071577,SIMULATED,NORMAL
2026-06-17T16:22:15.584702+00:00,DION_001,213785,-0.7965650955291032,SIMULATED,NORMAL
2026-06-17T16:22:15.594953+00:00,DION_001,213786,-1.0815719644640718,SIMULATED,NORMAL
2026-06-17T16:22:15.605213+00:00,DION_001,213787,1.06465309972329,SIMULATED,NORMAL
2026-06-17T16:22:15.615751+00:00,DION_001,213788,-0.9618838001513882,SIMULATED,NORMAL
2026-06-17T16:22:15.626168+00:00,DION_001,213789,-0.8996657769180804,SIMULATED,NORMAL
2026-06-17T16:22:15.636636+00:00,DION_001,213790,-1.0220481164781539,SIMULATED,NORMAL
2026-06-17T16:22:15.646984+00:00,DION_001,213791,-1.1775660030164807,SIMULATED,NORMAL
2026-06-17T16:22:15.657239+00:00,DION_001,213792,-0.6717267784753357,SIMULATED,NORMAL
2026-06-17T16:22:15.667497+00:00,DION_001,213793,-0.7121340974059118,SIMULATED,NORMAL
2026-06-17T16:22:15.677750+00:00,DION_001,213794,-0.6856319605391256,SIMULATED,NORMAL
2026-06-17T16:22:15.688014+00:00,DION_001,213795,-0.9059969185747822,SIMULATED,NORMAL
2026-06-17T16:22:15.698366+00:00,DION_001,213796,-0.5626225345371958,SIMULATED,NORMAL
2026-06-17T16:22:15.708635+00:00,DION_001,213797,-0.7729117926710874,SIMULATED,NORMAL
2026-06-17T16:22:15.718893+00:00,DION_001,213798,-0.9581474747095617,SIMULATED,NORMAL
2026-06-17T16:22:15.729265+00:00,DION_001,213799,-0.7203886828548278,SIMULATED,NORMAL
2026-06-17T16:22:15.739588+00:00,DION_001,213800,-0.3871703869660744,SIMULATED,NORMAL
2026-06-17T16:22:15.749925+00:00,DION_001,213801,-0.5780855119881259,SIMULATED,NORMAL
2026-06-17T16:22:15.760255+00:00,DION_001,213802,-0.6904374964569356,SIMULATED,NORMAL
2026-06-17T16:22:15.770566+00:00,DION_001,213803,-0.5433860516689357,SIMULATED,NORMAL
2026-06-17T16:22:15.780918+00:00,DION_001,213804,-0.5022442779621553,SIMULATED,NORMAL
2026-06-17T16:22:15.791205+00:00,DION_001,213805,-0.4175629068013844,SIMULATED,NORMAL
2026-06-17T16:22:15.801470+00:00,DION_001,213806,-0.5208068038679892,SIMULATED,NORMAL
2026-06-17T16:22:15.811715+00:00,DION_001,213807,-0.33904411649113303,SIMULATED,NORMAL
2026-06-17T16:22:15.822091+00:00,DION_001,213808,-0.20912462094138107,SIMULATED,NORMAL
2026-06-17T16:22:15.832414+00:00,DION_001,213809,-0.041237544895012135,SIMULATED,NORMAL
2026-06-17T16:22:15.842809+00:00,DION_001,213810,-0.26862016921960724,SIMULATED,NORMAL
2026-06-17T16:22:15.853134+00:00,DION_001,213811,-0.0646085879363513,SIMULATED,NORMAL
2026-06-17T16:22:15.863435+00:00,DION_001,213812,-0.057295914393989775,SIMULATED,NORMAL
2026-06-17T16:22:15.873798+00:00,DION_001,213813,-0.08915374441442597,SIMULATED,NORMAL
2026-06-17T16:22:15.884190+00:00,DION_001,213814,-0.11162703300047491,SIMULATED,NORMAL
2026-06-17T16:22:15.894513+00:00,DION_001,213815,0.05551205172152296,SIMULATED,NORMAL
2026-06-17T16:22:15.904899+00:00,DION_001,213816,0.06482807205410734,SIMULATED,NORMAL
2026-06-17T16:22:15.915143+00:00,DION_001,213817,-0.22489119226278925,SIMULATED,NORMAL
2026-06-17T16:22:15.925398+00:00,DION_001,213818,-0.016267388261888394,SIMULATED,NORMAL
2026-06-17T16:22:15.935623+00:00,DION_001,213819,0.31769060322622267,SIMULATED,NORMAL
2026-06-17T16:22:15.945900+00:00,DION_001,213820,0.27874616781501704,SIMULATED,NORMAL
2026-06-17T16:22:15.956268+00:00,DION_001,213821,0.14614624025366446,SIMULATED,NORMAL
2026-06-17T16:22:15.966552+00:00,DION_001,213822,0.14517439332672863,SIMULATED,NORMAL
2026-06-17T16:22:15.976874+00:00,DION_001,213823,0.3295520662624279,SIMULATED,NORMAL
2026-06-17T16:22:15.987322+00:00,DION_001,213824,0.6021360751155308,SIMULATED,NORMAL
2026-06-17T16:22:15.997897+00:00,DION_001,213825,0.49716559897833273,SIMULATED,NORMAL
2026-06-17T16:22:16.008253+00:00,DION_001,213826,0.4367965312155936,SIMULATED,NORMAL
2026-06-17T16:22:16.018542+00:00,DION_001,213827,0.5122392481093295,SIMULATED,NORMAL
2026-06-17T16:22:16.028748+00:00,DION_001,213828,2.3855102566144284,SIMULATED,EVENT_DETECTED
2026-06-17T16:22:16.039258+00:00,DION_001,213829,0.568834982004158,SIMULATED,NORMAL
2026-06-17T16:22:16.049525+00:00,DION_001,213830,0.15829354040343002,SIMULATED,NORMAL
2026-06-17T16:22:16.059767+00:00,DION_001,213831,0.25482611699699775,SIMULATED,NORMAL
2026-06-17T16:22:16.070006+00:00,DION_001,213832,0.5417502209261409,SIMULATED,NORMAL
2026-06-17T16:22:16.080243+00:00,DION_001,213833,0.4142982816442465,SIMULATED,NORMAL
2026-06-17T16:22:16.090486+00:00,DION_001,213834,0.30303169193324453,SIMULATED,NORMAL
2026-06-17T16:22:16.100702+00:00,DION_001,213835,0.8841004464750952,SIMULATED,NORMAL
2026-06-17T16:22:16.110937+00:00,DION_001,213836,0.4624565166016117,SIMULATED,NORMAL
2026-06-17T16:22:16.121181+00:00,DION_001,213837,0.4175213921646403,SIMULATED,NORMAL
2026-06-17T16:22:16.131465+00:00,DION_001,213838,0.38109817725324246,SIMULATED,NORMAL
2026-06-17T16:22:16.141778+00:00,DION_001,213839,0.2191572162149711,SIMULATED,NORMAL
2026-06-17T16:22:16.152070+00:00,DION_001,213840,0.37233714400502294,SIMULATED,NORMAL
2026-06-17T16:22:16.162288+00:00,DION_001,213841,0.507695431021623,SIMULATED,NORMAL
2026-06-17T16:22:16.172517+00:00,DION_001,213842,0.27740334645776504,SIMULATED,NORMAL
2026-06-17T16:22:16.182788+00:00,DION_001,213843,0.5602692769736735,SIMULATED,NORMAL
2026-06-17T16:22:16.193080+00:00,DION_001,213844,0.49992552516018096,SIMULATED,NORMAL
2026-06-17T16:22:16.203333+00:00,DION_001,213845,0.48400238578784904,SIMULATED,NORMAL
2026-06-17T16:22:16.213641+00:00,DION_001,213846,0.47184015130856805,SIMULATED,NORMAL
2026-06-17T16:22:16.223925+00:00,DION_001,213847,0.1793977048542163,SIMULATED,NORMAL
2026-06-17T16:22:16.234221+00:00,DION_001,213848,0.8481714854305216,SIMULATED,NORMAL
2026-06-17T16:22:16.244502+00:00,DION_001,213849,0.34578596651664617,SIMULATED,NORMAL
2026-06-17T16:22:16.254846+00:00,DION_001,213850,0.07015079996120493,SIMULATED,NORMAL
2026-06-17T16:22:16.265120+00:00,DION_001,213851,0.07908699139867673,SIMULATED,NORMAL
2026-06-17T16:22:16.275362+00:00,DION_001,213852,0.3054468918023022,SIMULATED,NORMAL
2026-06-17T16:22:16.285615+00:00,DION_001,213853,0.2337834170985187,SIMULATED,NORMAL
2026-06-17T16:22:16.295842+00:00,DION_001,213854,-0.10925285107238439,SIMULATED,NORMAL
2026-06-17T16:22:16.306074+00:00,DION_001,213855,0.13157038722356612,SIMULATED,NORMAL
2026-06-17T16:22:16.316306+00:00,DION_001,213856,0.19001518883060148,SIMULATED,NORMAL
2026-06-17T16:22:16.326507+00:00,DION_001,213857,-0.2606770645533699,SIMULATED,NORMAL
2026-06-17T16:22:16.336703+00:00,DION_001,213858,0.34451492350541235,SIMULATED,NORMAL
2026-06-17T16:22:16.346982+00:00,DION_001,213859,0.06623237206581528,SIMULATED,NORMAL
2026-06-17T16:22:16.357231+00:00,DION_001,213860,0.03509314235957704,SIMULATED,NORMAL
2026-06-17T16:22:16.367552+00:00,DION_001,213861,0.16578741779044787,SIMULATED,NORMAL
2026-06-17T16:22:16.377778+00:00,DION_001,213862,0.1861285509726387,SIMULATED,NORMAL
2026-06-17T16:22:16.388001+00:00,DION_001,213863,0.40149077807700867,SIMULATED,NORMAL
2026-06-17T16:22:16.398269+00:00,DION_001,213864,-0.06337824195092837,SIMULATED,NORMAL
2026-06-17T16:22:16.408650+00:00,DION_001,213865,0.1571944319632012,SIMULATED,NORMAL
2026-06-17T16:22:16.419019+00:00,DION_001,213866,0.11198799250471958,SIMULATED,NORMAL
2026-06-17T16:22:16.429410+00:00,DION_001,213867,-0.0771446563067821,SIMULATED,NORMAL
2026-06-17T16:22:16.439732+00:00,DION_001,213868,-0.032968866399653796,SIMULATED,NORMAL
2026-06-17T16:22:16.449976+00:00,DION_001,213869,0.26420964923561896,SIMULATED,NORMAL
2026-06-17T16:22:16.460297+00:00,DION_001,213870,0.09101101770727626,SIMULATED,NORMAL
2026-06-17T16:22:16.470772+00:00,DION_001,213871,-0.06446977422870273,SIMULATED,NORMAL
2026-06-17T16:22:16.481055+00:00,DION_001,213872,0.18036561759289496,SIMULATED,NORMAL
2026-06-17T16:22:16.491331+00:00,DION_001,213873,0.3830904447506466,SIMULATED,NORMAL
2026-06-17T16:22:16.501626+00:00,DION_001,213874,-0.0991762540956515,SIMULATED,NORMAL
2026-06-17T16:22:16.511876+00:00,DION_001,213875,0.41557563447049733,SIMULATED,NORMAL
2026-06-17T16:22:16.522094+00:00,DION_001,213876,0.20735770442299586,SIMULATED,NORMAL
2026-06-17T16:22:16.532322+00:00,DION_001,213877,0.16731475025650738,SIMULATED,NORMAL
2026-06-17T16:22:16.542620+00:00,DION_001,213878,0.28707899603103576,SIMULATED,NORMAL
2026-06-17T16:22:16.552916+00:00,DION_001,213879,0.40076616903840434,SIMULATED,NORMAL
2026-06-17T16:22:16.563171+00:00,DION_001,213880,0.250434511712769,SIMULATED,NORMAL
2026-06-17T16:22:16.573391+00:00,DION_001,213881,0.4787780932742461,SIMULATED,NORMAL
2026-06-17T16:22:16.583646+00:00,DION_001,213882,0.38606723471620286,SIMULATED,NORMAL
2026-06-17T16:22:16.593919+00:00,DION_001,213883,0.10819977820387527,SIMULATED,NORMAL
2026-06-17T16:22:16.606295+00:00,DION_001,213884,0.2939413153074538,SIMULATED,NORMAL
2026-06-17T16:22:16.616599+00:00,DION_001,213885,0.4960137374043014,SIMULATED,NORMAL
2026-06-17T16:22:16.626996+00:00,DION_001,213886,0.5164558284550378,SIMULATED,NORMAL
2026-06-17T16:22:16.637306+00:00,DION_001,213887,0.3767832082958079,SIMULATED,NORMAL
2026-06-17T16:22:16.647561+00:00,DION_001,213888,0.6542440899755781,SIMULATED,NORMAL
2026-06-17T16:22:16.657811+00:00,DION_001,213889,0.3158837636778426,SIMULATED,NORMAL
2026-06-17T16:22:16.668060+00:00,DION_001,213890,0.6414680123778811,SIMULATED,NORMAL
2026-06-17T16:22:16.678404+00:00,DION_001,213891,0.9567950542655612,SIMULATED,NORMAL
2026-06-17T16:22:16.688666+00:00,DION_001,213892,0.8262984322184713,SIMULATED,NORMAL
2026-06-17T16:22:16.698978+00:00,DION_001,213893,0.7456845846429029,SIMULATED,NORMAL
2026-06-17T16:22:16.709328+00:00,DION_001,213894,0.712597888353836,SIMULATED,NORMAL
2026-06-17T16:22:16.719621+00:00,DION_001,213895,1.0205879177577741,SIMULATED,NORMAL
2026-06-17T16:22:16.729867+00:00,DION_001,213896,0.7601634118651849,SIMULATED,NORMAL
2026-06-17T16:22:16.740112+00:00,DION_001,213897,0.9566577857236845,SIMULATED,NORMAL
2026-06-17T16:22:16.750453+00:00,DION_001,213898,0.9508307131297757,SIMULATED,NORMAL
2026-06-17T16:22:16.760665+00:00,DION_001,213899,0.8752350948453916,SIMULATED,NORMAL
2026-06-17T16:22:16.770916+00:00,DION_001,213900,0.8931331882352505,SIMULATED,NORMAL
2026-06-17T16:22:16.781144+00:00,DION_001,213901,1.1226258593754308,SIMULATED,NORMAL
2026-06-17T16:22:16.791375+00:00,DION_001,213902,1.142397539479941,SIMULATED,NORMAL
2026-06-17T16:22:16.801617+00:00,DION_001,213903,1.0790463778968649,SIMULATED,NORMAL
2026-06-17T16:22:16.811852+00:00,DION_001,213904,1.1633635536414209,SIMULATED,NORMAL
2026-06-17T16:22:16.822093+00:00,DION_001,213905,1.1856893174948522,SIMULATED,NORMAL
2026-06-17T16:22:16.832370+00:00,DION_001,213906,1.2995388309366032,SIMULATED,NORMAL
2026-06-17T16:22:16.842837+00:00,DION_001,213907,1.2651045798742515,SIMULATED,NORMAL
2026-06-17T16:22:16.853201+00:00,DION_001,213908,1.1231099411081453,SIMULATED,NORMAL
2026-06-17T16:22:16.863464+00:00,DION_001,213909,1.106841986278258,SIMULATED,NORMAL
2026-06-17T16:22:16.873811+00:00,DION_001,213910,1.5035139820213386,SIMULATED,NORMAL
2026-06-17T16:22:16.884116+00:00,DION_001,213911,1.0059940404472352,SIMULATED,NORMAL
2026-06-17T16:22:16.894347+00:00,DION_001,213912,1.3559293252948201,SIMULATED,NORMAL
2026-06-17T16:22:16.904673+00:00,DION_001,213913,1.3297135644357665,SIMULATED,NORMAL
2026-06-17T16:22:16.914927+00:00,DION_001,213914,1.1664459075887779,SIMULATED,NORMAL
2026-06-17T16:22:16.925189+00:00,DION_001,213915,1.0581336298673336,SIMULATED,NORMAL
2026-06-17T16:22:16.935473+00:00,DION_001,213916,1.1402387458490124,SIMULATED,NORMAL
2026-06-17T16:22:16.945785+00:00,DION_001,213917,1.2507156727084296,SIMULATED,NORMAL
2026-06-17T16:22:16.956107+00:00,DION_001,213918,1.0695161969298883,SIMULATED,NORMAL
2026-06-17T16:22:16.966467+00:00,DION_001,213919,1.2413564507240042,SIMULATED,NORMAL
2026-06-17T16:22:16.976891+00:00,DION_001,213920,1.0692628930479966,SIMULATED,NORMAL
2026-06-17T16:22:16.987212+00:00,DION_001,213921,1.040104739948035,SIMULATED,NORMAL
2026-06-17T16:22:16.997456+00:00,DION_001,213922,1.1672060958332446,SIMULATED,NORMAL
2026-06-17T16:22:17.007712+00:00,DION_001,213923,1.2006701245323539,SIMULATED,NORMAL
2026-06-17T16:22:17.017989+00:00,DION_001,213924,0.8983992919788485,SIMULATED,NORMAL
2026-06-17T16:22:17.028293+00:00,DION_001,213925,1.2764250832416943,SIMULATED,NORMAL
2026-06-17T16:22:17.038582+00:00,DION_001,213926,0.6567595643328358,SIMULATED,NORMAL
2026-06-17T16:22:17.048818+00:00,DION_001,213927,0.7949282333474613,SIMULATED,NORMAL
2026-06-17T16:22:17.059093+00:00,DION_001,213928,0.6746261411956477,SIMULATED,NORMAL
2026-06-17T16:22:17.069484+00:00,DION_001,213929,0.7459336979290068,SIMULATED,NORMAL
2026-06-17T16:22:17.079828+00:00,DION_001,213930,0.8457067496503297,SIMULATED,NORMAL
2026-06-17T16:22:17.090152+00:00,DION_001,213931,0.6949807700653687,SIMULATED,NORMAL
2026-06-17T16:22:17.100453+00:00,DION_001,213932,0.7518160602929665,SIMULATED,NORMAL
2026-06-17T16:22:17.110740+00:00,DION_001,213933,0.3082190878579842,SIMULATED,NORMAL
2026-06-17T16:22:17.120992+00:00,DION_001,213934,0.7266536442120864,SIMULATED,NORMAL
2026-06-17T16:22:17.131227+00:00,DION_001,213935,0.6671586919654077,SIMULATED,NORMAL
2026-06-17T16:22:17.141450+00:00,DION_001,213936,0.7684010230936039,SIMULATED,NORMAL
2026-06-17T16:22:17.151701+00:00,DION_001,213937,0.5868256004182016,SIMULATED,NORMAL
2026-06-17T16:22:17.161919+00:00,DION_001,213938,0.6790621876081404,SIMULATED,NORMAL
2026-06-17T16:22:17.172222+00:00,DION_001,213939,0.4813110317975823,SIMULATED,NORMAL
2026-06-17T16:22:17.182560+00:00,DION_001,213940,0.30647149679713936,SIMULATED,NORMAL
2026-06-17T16:22:17.192908+00:00,DION_001,213941,0.7873294354404812,SIMULATED,NORMAL
2026-06-17T16:22:17.203243+00:00,DION_001,213942,0.5596852125176641,SIMULATED,NORMAL
2026-06-17T16:22:17.213571+00:00,DION_001,213943,0.6633384241777743,SIMULATED,NORMAL
2026-06-17T16:22:17.223853+00:00,DION_001,213944,0.49614138403020625,SIMULATED,NORMAL
2026-06-17T16:22:17.234132+00:00,DION_001,213945,0.5150560315616984,SIMULATED,NORMAL
2026-06-17T16:22:17.244371+00:00,DION_001,213946,-1.1327781577651523,SIMULATED,NORMAL
2026-06-17T16:22:17.254836+00:00,DION_001,213947,0.3313349922209737,SIMULATED,NORMAL
2026-06-17T16:22:17.265147+00:00,DION_001,213948,0.275631194885793,SIMULATED,NORMAL
2026-06-17T16:22:17.275342+00:00,DION_001,213949,-0.00576288212897097,SIMULATED,NORMAL
2026-06-17T16:22:17.285568+00:00,DION_001,213950,0.301460943652728,SIMULATED,NORMAL
2026-06-17T16:22:17.295888+00:00,DION_001,213951,0.18145261080715802,SIMULATED,NORMAL
2026-06-17T16:22:17.306248+00:00,DION_001,213952,0.550550497289757,SIMULATED,NORMAL
2026-06-17T16:22:17.316534+00:00,DION_001,213953,0.28515657531606203,SIMULATED,NORMAL
2026-06-17T16:22:17.326853+00:00,DION_001,213954,0.37834790244383915,SIMULATED,NORMAL
2026-06-17T16:22:17.337134+00:00,DION_001,213955,0.32052820006941657,SIMULATED,NORMAL
2026-06-17T16:22:17.347400+00:00,DION_001,213956,0.47131830192870194,SIMULATED,NORMAL
2026-06-17T16:22:17.357654+00:00,DION_001,213957,0.18157006289230682,SIMULATED,NORMAL
2026-06-17T16:22:17.368074+00:00,DION_001,213958,0.1584707804213073,SIMULATED,NORMAL
2026-06-17T16:22:17.378315+00:00,DION_001,213959,0.3657533632537632,SIMULATED,NORMAL
2026-06-17T16:22:17.388571+00:00,DION_001,213960,0.4412200565816433,SIMULATED,NORMAL
2026-06-17T16:22:17.398762+00:00,DION_001,213961,0.15122353212628198,SIMULATED,NORMAL
2026-06-17T16:22:17.408980+00:00,DION_001,213962,0.40696694364250036,SIMULATED,NORMAL
2026-06-17T16:22:17.419254+00:00,DION_001,213963,0.22446318565312656,SIMULATED,NORMAL
2026-06-17T16:22:17.429513+00:00,DION_001,213964,0.5160184197699245,SIMULATED,NORMAL
2026-06-17T16:22:17.439799+00:00,DION_001,213965,0.6221553238655997,SIMULATED,NORMAL
2026-06-17T16:22:17.450267+00:00,DION_001,213966,0.4927588184347259,SIMULATED,NORMAL
2026-06-17T16:22:17.460645+00:00,DION_001,213967,0.1744570629639643,SIMULATED,NORMAL
2026-06-17T16:22:17.470947+00:00,DION_001,213968,0.6402911163992475,SIMULATED,NORMAL
2026-06-17T16:22:17.481329+00:00,DION_001,213969,0.5629204944801326,SIMULATED,NORMAL
2026-06-17T16:22:17.491573+00:00,DION_001,213970,0.6174655924171556,SIMULATED,NORMAL
2026-06-17T16:22:17.501835+00:00,DION_001,213971,0.4802463998838016,SIMULATED,NORMAL
2026-06-17T16:22:17.512068+00:00,DION_001,213972,0.6645464734871314,SIMULATED,NORMAL
2026-06-17T16:22:17.522393+00:00,DION_001,213973,0.48647902017361055,SIMULATED,NORMAL
2026-06-17T16:22:17.532718+00:00,DION_001,213974,0.8633175330904318,SIMULATED,NORMAL
2026-06-17T16:22:17.543077+00:00,DION_001,213975,0.5977773899787547,SIMULATED,NORMAL
2026-06-17T16:22:17.553360+00:00,DION_001,213976,0.827330659836865,SIMULATED,NORMAL
2026-06-17T16:22:17.563585+00:00,DION_001,213977,0.9585386096491741,SIMULATED,NORMAL
2026-06-17T16:22:17.573801+00:00,DION_001,213978,0.48814187184281604,SIMULATED,NORMAL
2026-06-17T16:22:17.584111+00:00,DION_001,213979,0.45180661100297104,SIMULATED,NORMAL
2026-06-17T16:22:17.594374+00:00,DION_001,213980,0.7588500430361478,SIMULATED,NORMAL
2026-06-17T16:22:17.604614+00:00,DION_001,213981,0.9804061588255971,SIMULATED,NORMAL
2026-06-17T16:22:17.614948+00:00,DION_001,213982,0.721431501288289,SIMULATED,NORMAL
2026-06-17T16:22:17.625365+00:00,DION_001,213983,0.9707002817604902,SIMULATED,NORMAL
2026-06-17T16:22:17.635741+00:00,DION_001,213984,0.8419159206594,SIMULATED,NORMAL
2026-06-17T16:22:17.646065+00:00,DION_001,213985,0.8329758753531583,SIMULATED,NORMAL
2026-06-17T16:22:17.656346+00:00,DION_001,213986,0.8938821882381722,SIMULATED,NORMAL
2026-06-17T16:22:17.666614+00:00,DION_001,213987,0.93248712872239,SIMULATED,NORMAL
2026-06-17T16:22:17.676934+00:00,DION_001,213988,0.8558593550837863,SIMULATED,NORMAL
2026-06-17T16:22:17.687276+00:00,DION_001,213989,0.8673085354882581,SIMULATED,NORMAL
2026-06-17T16:22:17.697616+00:00,DION_001,213990,0.947103060139748,SIMULATED,NORMAL
2026-06-17T16:22:17.707885+00:00,DION_001,213991,0.724945826765757,SIMULATED,NORMAL
2026-06-17T16:22:17.718175+00:00,DION_001,213992,0.6603270682010424,SIMULATED,NORMAL
2026-06-17T16:22:17.728628+00:00,DION_001,213993,0.7165932298097085,SIMULATED,NORMAL
2026-06-17T16:22:17.739030+00:00,DION_001,213994,0.7798390138538124,SIMULATED,NORMAL
2026-06-17T16:22:17.749385+00:00,DION_001,213995,0.6553223615454978,SIMULATED,NORMAL
2026-06-17T16:22:17.759691+00:00,DION_001,213996,0.3974392036728295,SIMULATED,NORMAL
2026-06-17T16:22:17.769990+00:00,DION_001,213997,0.8188752657930058,SIMULATED,NORMAL
2026-06-17T16:22:17.780227+00:00,DION_001,213998,0.43941189422529914,SIMULATED,NORMAL
2026-06-17T16:22:17.790467+00:00,DION_001,213999,0.5652263445729947,SIMULATED,NORMAL
2026-06-17T16:22:17.800763+00:00,DION_001,214000,0.3823281350012155,SIMULATED,NORMAL
2026-06-17T16:22:17.811018+00:00,DION_001,214001,0.43987360355485294,SIMULATED,NORMAL
2026-06-17T16:22:17.821289+00:00,DION_001,214002,0.27027803274569684,SIMULATED,NORMAL
2026-06-17T16:22:17.831558+00:00,DION_001,214003,0.23080236336319618,SIMULATED,NORMAL
2026-06-17T16:22:17.841829+00:00,DION_001,214004,0.2775070552913971,SIMULATED,NORMAL
2026-06-17T16:22:17.852107+00:00,DION_001,214005,0.302249521541761,SIMULATED,NORMAL
2026-06-17T16:22:17.862323+00:00,DION_001,214006,0.29463373868268655,SIMULATED,NORMAL
2026-06-17T16:22:17.872605+00:00,DION_001,214007,0.292422860905799,SIMULATED,NORMAL
2026-06-17T16:22:17.882848+00:00,DION_001,214008,0.2925040644806144,SIMULATED,NORMAL
2026-06-17T16:22:17.893076+00:00,DION_001,214009,0.17202461199723817,SIMULATED,NORMAL
2026-06-17T16:22:17.903296+00:00,DION_001,214010,-0.09917760988015101,SIMULATED,NORMAL
2026-06-17T16:22:17.913511+00:00,DION_001,214011,-0.17230401520643046,SIMULATED,NORMAL
2026-06-17T16:22:17.923756+00:00,DION_001,214012,-0.22635349117246367,SIMULATED,NORMAL
2026-06-17T16:22:17.934099+00:00,DION_001,214013,-0.002743882698906408,SIMULATED,NORMAL
2026-06-17T16:22:17.944387+00:00,DION_001,214014,0.08310996758554655,SIMULATED,NORMAL
2026-06-17T16:22:17.954666+00:00,DION_001,214015,-0.2087177674970693,SIMULATED,NORMAL
2026-06-17T16:22:17.964990+00:00,DION_001,214016,-0.19876825686515187,SIMULATED,NORMAL
2026-06-17T16:22:17.975309+00:00,DION_001,214017,-0.060822582885085144,SIMULATED,NORMAL
2026-06-17T16:22:17.985578+00:00,DION_001,214018,-0.187080282952415,SIMULATED,NORMAL
2026-06-17T16:22:17.995813+00:00,DION_001,214019,-0.11764341505804059,SIMULATED,NORMAL
2026-06-17T16:22:18.006096+00:00,DION_001,214020,-0.19915899956507688,SIMULATED,NORMAL
2026-06-17T16:22:18.016529+00:00,DION_001,214021,-0.012521810601647032,SIMULATED,NORMAL
2026-06-17T16:22:18.026895+00:00,DION_001,214022,-0.43733183316585267,SIMULATED,NORMAL
2026-06-17T16:22:18.037253+00:00,DION_001,214023,-0.2566616343173079,SIMULATED,NORMAL
2026-06-17T16:22:18.047574+00:00,DION_001,214024,-0.43694599672142687,SIMULATED,NORMAL
2026-06-17T16:22:18.057960+00:00,DION_001,214025,-0.5987126212665175,SIMULATED,NORMAL
2026-06-17T16:22:18.068292+00:00,DION_001,214026,-0.3280023432592491,SIMULATED,NORMAL
2026-06-17T16:22:18.078591+00:00,DION_001,214027,-0.4546634284163478,SIMULATED,NORMAL
2026-06-17T16:22:18.088867+00:00,DION_001,214028,-0.4663224131374004,SIMULATED,NORMAL
2026-06-17T16:22:18.099228+00:00,DION_001,214029,2.2873421974495507,SIMULATED,EVENT_DETECTED
2026-06-17T16:22:18.109761+00:00,DION_001,214030,-0.5018952758986288,SIMULATED,NORMAL
2026-06-17T16:22:18.120053+00:00,DION_001,214031,-0.3587446123677335,SIMULATED,NORMAL
2026-06-17T16:22:18.130366+00:00,DION_001,214032,-0.4432749999245359,SIMULATED,NORMAL
2026-06-17T16:22:18.140682+00:00,DION_001,214033,-0.7700949637724633,SIMULATED,NORMAL
2026-06-17T16:22:18.150952+00:00,DION_001,214034,-0.284544154415275,SIMULATED,NORMAL
2026-06-17T16:22:18.161247+00:00,DION_001,214035,-0.4919210307728568,SIMULATED,NORMAL
2026-06-17T16:22:18.171579+00:00,DION_001,214036,-0.5991081248718594,SIMULATED,NORMAL
2026-06-17T16:22:18.181912+00:00,DION_001,214037,-0.46552757200801426,SIMULATED,NORMAL
2026-06-17T16:22:18.192146+00:00,DION_001,214038,-0.3833767387949022,SIMULATED,NORMAL
2026-06-17T16:22:18.202446+00:00,DION_001,214039,-0.7011917885636376,SIMULATED,NORMAL
2026-06-17T16:22:18.212698+00:00,DION_001,214040,-0.6834613924882671,SIMULATED,NORMAL
2026-06-17T16:22:18.222927+00:00,DION_001,214041,-0.4890662486697207,SIMULATED,NORMAL
2026-06-17T16:22:18.233181+00:00,DION_001,214042,1.8717640662692763,SIMULATED,NORMAL
2026-06-17T16:22:18.243511+00:00,DION_001,214043,-0.5002991859718334,SIMULATED,NORMAL
2026-06-17T16:22:18.253858+00:00,DION_001,214044,-0.403106593932655,SIMULATED,NORMAL
2026-06-17T16:22:18.264084+00:00,DION_001,214045,-0.4083964945045921,SIMULATED,NORMAL
2026-06-17T16:22:18.274320+00:00,DION_001,214046,-0.4516328933741526,SIMULATED,NORMAL
2026-06-17T16:22:18.284616+00:00,DION_001,214047,-0.7012430901972299,SIMULATED,NORMAL
2026-06-17T16:22:18.294938+00:00,DION_001,214048,-0.6912436015360068,SIMULATED,NORMAL
2026-06-17T16:22:18.305269+00:00,DION_001,214049,-0.5443146274073718,SIMULATED,NORMAL
2026-06-17T16:22:18.315498+00:00,DION_001,214050,-0.4482520869643592,SIMULATED,NORMAL
2026-06-17T16:22:18.325773+00:00,DION_001,214051,-0.6447401686540495,SIMULATED,NORMAL
2026-06-17T16:22:18.336021+00:00,DION_001,214052,-0.3894720546771198,SIMULATED,NORMAL
2026-06-17T16:22:18.346264+00:00,DION_001,214053,-0.24648005797063677,SIMULATED,NORMAL
2026-06-17T16:22:18.356490+00:00,DION_001,214054,-0.397504028844954,SIMULATED,NORMAL
2026-06-17T16:22:18.366798+00:00,DION_001,214055,-0.6255678242794407,SIMULATED,NORMAL
2026-06-17T16:22:18.377036+00:00,DION_001,214056,-0.4421755517769506,SIMULATED,NORMAL
2026-06-17T16:22:18.387307+00:00,DION_001,214057,-0.5777139865472728,SIMULATED,NORMAL
2026-06-17T16:22:18.397634+00:00,DION_001,214058,-0.56790282412264,SIMULATED,NORMAL
2026-06-17T16:22:18.407909+00:00,DION_001,214059,-0.2787409323284612,SIMULATED,NORMAL
2026-06-17T16:22:18.418170+00:00,DION_001,214060,-0.22140563405398098,SIMULATED,NORMAL
2026-06-17T16:22:18.428411+00:00,DION_001,214061,-0.20011239863194108,SIMULATED,NORMAL
2026-06-17T16:22:18.438703+00:00,DION_001,214062,-0.1767760729846929,SIMULATED,NORMAL
2026-06-17T16:22:18.448963+00:00,DION_001,214063,-0.023175435915486653,SIMULATED,NORMAL
2026-06-17T16:22:18.459473+00:00,DION_001,214064,-0.2829524580683079,SIMULATED,NORMAL
2026-06-17T16:22:18.469748+00:00,DION_001,214065,-0.34681304433095667,SIMULATED,NORMAL
2026-06-17T16:22:18.479986+00:00,DION_001,214066,0.005051078864461489,SIMULATED,NORMAL
2026-06-17T16:22:18.490221+00:00,DION_001,214067,0.07084839110777269,SIMULATED,NORMAL
2026-06-17T16:22:18.500445+00:00,DION_001,214068,-0.2648585679879938,SIMULATED,NORMAL
2026-06-17T16:22:18.510718+00:00,DION_001,214069,-0.008669347559415591,SIMULATED,NORMAL
2026-06-17T16:22:18.520990+00:00,DION_001,214070,-0.1297199618532385,SIMULATED,NORMAL
2026-06-17T16:22:18.531252+00:00,DION_001,214071,-0.3443765191216749,SIMULATED,NORMAL
2026-06-17T16:22:18.541581+00:00,DION_001,214072,-0.3428112447898527,SIMULATED,NORMAL
2026-06-17T16:22:18.551856+00:00,DION_001,214073,-0.06821901190488724,SIMULATED,NORMAL
2026-06-17T16:22:18.562097+00:00,DION_001,214074,-0.01850388643348469,SIMULATED,NORMAL
2026-06-17T16:22:18.572450+00:00,DION_001,214075,-0.07910439448004189,SIMULATED,NORMAL
2026-06-17T16:22:18.582819+00:00,DION_001,214076,-0.42055898702745176,SIMULATED,NORMAL
2026-06-17T16:22:18.593189+00:00,DION_001,214077,-0.004691702530130126,SIMULATED,NORMAL
2026-06-17T16:22:18.603447+00:00,DION_001,214078,-0.24214586094187174,SIMULATED,NORMAL
2026-06-17T16:22:18.613738+00:00,DION_001,214079,-0.39894960973703775,SIMULATED,NORMAL
2026-06-17T16:22:18.624039+00:00,DION_001,214080,-0.2878762749755342,SIMULATED,NORMAL
2026-06-17T16:22:18.634526+00:00,DION_001,214081,-0.38734170161118403,SIMULATED,NORMAL
2026-06-17T16:22:18.644836+00:00,DION_001,214082,-0.6636636629338226,SIMULATED,NORMAL
2026-06-17T16:22:18.655170+00:00,DION_001,214083,-0.21340409921932044,SIMULATED,NORMAL
2026-06-17T16:22:18.665484+00:00,DION_001,214084,-0.47081264051857474,SIMULATED,NORMAL
2026-06-17T16:22:18.675758+00:00,DION_001,214085,-0.8010492470370529,SIMULATED,NORMAL
2026-06-17T16:22:18.686010+00:00,DION_001,214086,-0.5892984553821276,SIMULATED,NORMAL
2026-06-17T16:22:18.696278+00:00,DION_001,214087,-0.6087781053721825,SIMULATED,NORMAL
2026-06-17T16:22:18.706581+00:00,DION_001,214088,-0.7998008083648331,SIMULATED,NORMAL
2026-06-17T16:22:18.716890+00:00,DION_001,214089,-0.8394931178747799,SIMULATED,NORMAL
2026-06-17T16:22:18.727159+00:00,DION_001,214090,-0.6600882503387078,SIMULATED,NORMAL
2026-06-17T16:22:18.737452+00:00,DION_001,214091,-0.9075146346192808,SIMULATED,NORMAL
2026-06-17T16:22:18.747778+00:00,DION_001,214092,-0.8886045341255235,SIMULATED,NORMAL
2026-06-17T16:22:18.758051+00:00,DION_001,214093,-0.4286762959635464,SIMULATED,NORMAL
2026-06-17T16:22:18.768322+00:00,DION_001,214094,-0.7370191363436661,SIMULATED,NORMAL
2026-06-17T16:22:18.778570+00:00,DION_001,214095,-1.1371003099868207,SIMULATED,NORMAL
2026-06-17T16:22:18.788913+00:00,DION_001,214096,-0.9007969058456204,SIMULATED,NORMAL
2026-06-17T16:22:18.799186+00:00,DION_001,214097,-0.9212908307303052,SIMULATED,NORMAL
2026-06-17T16:22:18.809538+00:00,DION_001,214098,-0.7984189480663516,SIMULATED,NORMAL
2026-06-17T16:22:18.819817+00:00,DION_001,214099,-1.101625875216105,SIMULATED,NORMAL
2026-06-17T16:22:18.830106+00:00,DION_001,214100,-0.7629572804461657,SIMULATED,NORMAL
2026-06-17T16:22:18.840346+00:00,DION_001,214101,-0.8577641493419683,SIMULATED,NORMAL
2026-06-17T16:22:18.850686+00:00,DION_001,214102,-1.0493711498143212,SIMULATED,NORMAL
2026-06-17T16:22:18.860930+00:00,DION_001,214103,-1.240881782224399,SIMULATED,NORMAL
2026-06-17T16:22:18.871310+00:00,DION_001,214104,-1.0006742718828314,SIMULATED,NORMAL
2026-06-17T16:22:18.881663+00:00,DION_001,214105,-1.1868288805583924,SIMULATED,NORMAL
2026-06-17T16:22:18.891972+00:00,DION_001,214106,-1.1584715791535194,SIMULATED,NORMAL
2026-06-17T16:22:18.902289+00:00,DION_001,214107,-1.4242894950878504,SIMULATED,NORMAL
2026-06-17T16:22:18.912528+00:00,DION_001,214108,-1.1689349312008521,SIMULATED,NORMAL
2026-06-17T16:22:18.922857+00:00,DION_001,214109,-1.2446624579123529,SIMULATED,NORMAL
2026-06-17T16:22:18.933120+00:00,DION_001,214110,-0.9419655418638498,SIMULATED,NORMAL
2026-06-17T16:22:18.943378+00:00,DION_001,214111,-1.0934376166284645,SIMULATED,NORMAL
2026-06-17T16:22:18.953613+00:00,DION_001,214112,-1.1846821191467116,SIMULATED,NORMAL
2026-06-17T16:22:18.963821+00:00,DION_001,214113,-1.1556746290012938,SIMULATED,NORMAL
2026-06-17T16:22:18.974096+00:00,DION_001,214114,-1.0466810874779013,SIMULATED,NORMAL
2026-06-17T16:22:18.984329+00:00,DION_001,214115,-1.0469075501752307,SIMULATED,NORMAL
2026-06-17T16:22:18.994551+00:00,DION_001,214116,-1.1054889893608448,SIMULATED,NORMAL
2026-06-17T16:22:19.004757+00:00,DION_001,214117,-0.9224922060617318,SIMULATED,NORMAL
2026-06-17T16:22:19.014970+00:00,DION_001,214118,0.26473255497607195,SIMULATED,NORMAL
2026-06-17T16:22:19.025331+00:00,DION_001,214119,-1.3001562564384304,SIMULATED,NORMAL
2026-06-17T16:22:19.035573+00:00,DION_001,214120,-0.9082147571372563,SIMULATED,NORMAL
2026-06-17T16:22:19.045788+00:00,DION_001,214121,-0.9940770480341166,SIMULATED,NORMAL
2026-06-17T16:22:19.056019+00:00,DION_001,214122,-0.9693898699772919,SIMULATED,NORMAL
2026-06-17T16:22:19.066353+00:00,DION_001,214123,-1.223846116153492,SIMULATED,NORMAL
2026-06-17T16:22:19.076827+00:00,DION_001,214124,-1.0571668040378663,SIMULATED,NORMAL
2026-06-17T16:22:19.087244+00:00,DION_001,214125,-1.0317013491043243,SIMULATED,NORMAL
2026-06-17T16:22:19.097606+00:00,DION_001,214126,-1.1369859913759095,SIMULATED,NORMAL
2026-06-17T16:22:19.107941+00:00,DION_001,214127,-0.8103654529122524,SIMULATED,NORMAL
2026-06-17T16:22:19.118244+00:00,DION_001,214128,-0.8997146111603335,SIMULATED,NORMAL
2026-06-17T16:22:19.128618+00:00,DION_001,214129,-1.2425138552966786,SIMULATED,NORMAL
2026-06-17T16:22:19.139016+00:00,DION_001,214130,-0.7228333496579245,SIMULATED,NORMAL
2026-06-17T16:22:19.149438+00:00,DION_001,214131,-0.8838710939373875,SIMULATED,NORMAL
2026-06-17T16:22:19.159729+00:00,DION_001,214132,-0.6487165960166803,SIMULATED,NORMAL
2026-06-17T16:22:19.170028+00:00,DION_001,214133,-0.6924829634801801,SIMULATED,NORMAL
2026-06-17T16:22:19.180374+00:00,DION_001,214134,-0.849229014024398,SIMULATED,NORMAL
2026-06-17T16:22:19.191321+00:00,DION_001,214135,-0.9110832557675136,SIMULATED,NORMAL
2026-06-17T16:22:19.202429+00:00,DION_001,214136,-0.7756144390999509,SIMULATED,NORMAL
2026-06-17T16:22:19.213132+00:00,DION_001,214137,-0.891226255392569,SIMULATED,NORMAL
2026-06-17T16:22:19.223443+00:00,DION_001,214138,-0.3377653389509864,SIMULATED,NORMAL
2026-06-17T16:22:19.233758+00:00,DION_001,214139,-0.47848028958264643,SIMULATED,NORMAL
2026-06-17T16:22:19.244017+00:00,DION_001,214140,-0.7229870427184061,SIMULATED,NORMAL
2026-06-17T16:22:19.254270+00:00,DION_001,214141,-0.30561987554811476,SIMULATED,NORMAL
2026-06-17T16:22:19.264587+00:00,DION_001,214142,-0.46244354035041285,SIMULATED,NORMAL
2026-06-17T16:22:19.274826+00:00,DION_001,214143,-0.5000185711058965,SIMULATED,NORMAL
2026-06-17T16:22:19.285092+00:00,DION_001,214144,-0.5058171354686591,SIMULATED,NORMAL
2026-06-17T16:22:19.295345+00:00,DION_001,214145,-0.3504625889837423,SIMULATED,NORMAL
2026-06-17T16:22:19.305588+00:00,DION_001,214146,-0.32382386952486086,SIMULATED,NORMAL
2026-06-17T16:22:19.315885+00:00,DION_001,214147,-0.3399719316121941,SIMULATED,NORMAL
2026-06-17T16:22:19.326197+00:00,DION_001,214148,-0.31639140933713883,SIMULATED,NORMAL
2026-06-17T16:22:19.336444+00:00,DION_001,214149,-0.1090244390355582,SIMULATED,NORMAL
2026-06-17T16:22:19.346689+00:00,DION_001,214150,-0.14306198724489694,SIMULATED,NORMAL
2026-06-17T16:22:19.356920+00:00,DION_001,214151,-0.18059005350310925,SIMULATED,NORMAL
2026-06-17T16:22:19.367171+00:00,DION_001,214152,-0.34707675547638683,SIMULATED,NORMAL
2026-06-17T16:22:19.377513+00:00,DION_001,214153,-0.010997660912256513,SIMULATED,NORMAL
2026-06-17T16:22:19.387790+00:00,DION_001,214154,-0.24642932675774754,SIMULATED,NORMAL
2026-06-17T16:22:19.398142+00:00,DION_001,214155,-0.3346842773242317,SIMULATED,NORMAL
2026-06-17T16:22:19.408409+00:00,DION_001,214156,-0.07754066564038739,SIMULATED,NORMAL
2026-06-17T16:22:19.418715+00:00,DION_001,214157,-0.2532837283984242,SIMULATED,NORMAL
2026-06-17T16:22:19.429006+00:00,DION_001,214158,-0.47125688216533523,SIMULATED,NORMAL
2026-06-17T16:22:19.439248+00:00,DION_001,214159,-0.4118513496013948,SIMULATED,NORMAL
2026-06-17T16:22:19.449502+00:00,DION_001,214160,-0.28364378222030073,SIMULATED,NORMAL
2026-06-17T16:22:19.459828+00:00,DION_001,214161,-0.4899688442184975,SIMULATED,NORMAL
2026-06-17T16:22:19.470045+00:00,DION_001,214162,-0.03703664000454526,SIMULATED,NORMAL
2026-06-17T16:22:19.480274+00:00,DION_001,214163,-0.12759176236616834,SIMULATED,NORMAL
2026-06-17T16:22:19.490497+00:00,DION_001,214164,-0.09276434084225674,SIMULATED,NORMAL
2026-06-17T16:22:19.500774+00:00,DION_001,214165,-0.3441975367102888,SIMULATED,NORMAL
2026-06-17T16:22:19.511151+00:00,DION_001,214166,-0.6312394802451418,SIMULATED,NORMAL
2026-06-17T16:22:19.521439+00:00,DION_001,214167,-0.47830267708758256,SIMULATED,NORMAL
2026-06-17T16:22:19.531685+00:00,DION_001,214168,-0.3738631779953382,SIMULATED,NORMAL
2026-06-17T16:22:19.542030+00:00,DION_001,214169,-0.29022764217675634,SIMULATED,NORMAL
2026-06-17T16:22:19.552403+00:00,DION_001,214170,-0.39606334530973425,SIMULATED,NORMAL
2026-06-17T16:22:19.562679+00:00,DION_001,214171,-0.3948005089425,SIMULATED,NORMAL
2026-06-17T16:22:19.572912+00:00,DION_001,214172,-0.40117142984502097,SIMULATED,NORMAL
2026-06-17T16:22:19.583157+00:00,DION_001,214173,-0.7257832571027668,SIMULATED,NORMAL
2026-06-17T16:22:19.593389+00:00,DION_001,214174,-0.6044672938230246,SIMULATED,NORMAL
2026-06-17T16:22:19.603620+00:00,DION_001,214175,-0.22289116630330946,SIMULATED,NORMAL
2026-06-17T16:22:19.613851+00:00,DION_001,214176,-0.5214794764588171,SIMULATED,NORMAL
2026-06-17T16:22:19.624090+00:00,DION_001,214177,-0.48894324229489045,SIMULATED,NORMAL
2026-06-17T16:22:19.634386+00:00,DION_001,214178,-0.6318364238406509,SIMULATED,NORMAL
2026-06-17T16:22:19.644668+00:00,DION_001,214179,-0.5524722994143034,SIMULATED,NORMAL
2026-06-17T16:22:19.654974+00:00,DION_001,214180,-0.6095273409366292,SIMULATED,NORMAL
2026-06-17T16:22:19.665269+00:00,DION_001,214181,-0.48268177786787037,SIMULATED,NORMAL
2026-06-17T16:22:19.675487+00:00,DION_001,214182,-0.6159237931457703,SIMULATED,NORMAL
2026-06-17T16:22:19.685712+00:00,DION_001,214183,-0.6250220489579871,SIMULATED,NORMAL
2026-06-17T16:22:19.695942+00:00,DION_001,214184,-0.691066605247056,SIMULATED,NORMAL
2026-06-17T16:22:19.706300+00:00,DION_001,214185,-0.5207657623672106,SIMULATED,NORMAL
2026-06-17T16:22:19.716603+00:00,DION_001,214186,-0.892584017161572,SIMULATED,NORMAL
2026-06-17T16:22:19.726843+00:00,DION_001,214187,-0.9815547623315133,SIMULATED,NORMAL
2026-06-17T16:22:19.737139+00:00,DION_001,214188,-0.7320279344135505,SIMULATED,NORMAL
2026-06-17T16:22:19.747465+00:00,DION_001,214189,-0.8465309781152768,SIMULATED,NORMAL
2026-06-17T16:22:19.757767+00:00,DION_001,214190,-0.8890202463408667,SIMULATED,NORMAL
2026-06-17T16:22:19.768057+00:00,DION_001,214191,-0.5264380147345454,SIMULATED,NORMAL
2026-06-17T16:22:19.778313+00:00,DION_001,214192,-0.5732659444137279,SIMULATED,NORMAL
2026-06-17T16:22:19.788592+00:00,DION_001,214193,-0.4043217571413743,SIMULATED,NORMAL
2026-06-17T16:22:19.798843+00:00,DION_001,214194,-0.416390339906639,SIMULATED,NORMAL
2026-06-17T16:22:19.809035+00:00,DION_001,214195,-0.5623154470033572,SIMULATED,NORMAL
2026-06-17T16:22:19.819265+00:00,DION_001,214196,-0.5220103923549901,SIMULATED,NORMAL
2026-06-17T16:22:19.829495+00:00,DION_001,214197,-0.7407242052667788,SIMULATED,NORMAL
2026-06-17T16:22:19.839749+00:00,DION_001,214198,-2.3661492072097765,SIMULATED,EVENT_DETECTED
2026-06-17T16:22:19.850156+00:00,DION_001,214199,-0.5953109789555988,SIMULATED,NORMAL
2026-06-17T16:22:19.860541+00:00,DION_001,214200,-0.5334690461009657,SIMULATED,NORMAL
2026-06-17T16:22:19.870972+00:00,DION_001,214201,-0.5498090401540746,SIMULATED,NORMAL
2026-06-17T16:22:19.881255+00:00,DION_001,214202,-0.5808641162029771,SIMULATED,NORMAL
2026-06-17T16:22:19.891644+00:00,DION_001,214203,-0.25378075407601525,SIMULATED,NORMAL
2026-06-17T16:22:19.901921+00:00,DION_001,214204,-0.5187333017267222,SIMULATED,NORMAL
2026-06-17T16:22:19.912185+00:00,DION_001,214205,0.023452548307998866,SIMULATED,NORMAL
2026-06-17T16:22:19.922465+00:00,DION_001,214206,-0.17973048454883528,SIMULATED,NORMAL
2026-06-17T16:22:19.932940+00:00,DION_001,214207,-0.3592363345850432,SIMULATED,NORMAL
2026-06-17T16:22:19.943189+00:00,DION_001,214208,-0.4861971975502828,SIMULATED,NORMAL
2026-06-17T16:22:19.953416+00:00,DION_001,214209,0.026792359093569196,SIMULATED,NORMAL
2026-06-17T16:22:19.963767+00:00,DION_001,214210,-0.04389414519864206,SIMULATED,NORMAL
2026-06-17T16:22:19.973988+00:00,DION_001,214211,-0.09540497945587198,SIMULATED,NORMAL
2026-06-17T16:22:19.984276+00:00,DION_001,214212,-0.021612247348348636,SIMULATED,NORMAL
2026-06-17T16:22:19.994656+00:00,DION_001,214213,0.11912442360022951,SIMULATED,NORMAL
2026-06-17T16:22:20.004977+00:00,DION_001,214214,-0.4621782133206006,SIMULATED,NORMAL
2026-06-17T16:22:20.015238+00:00,DION_001,214215,0.31853499382388994,SIMULATED,NORMAL
2026-06-17T16:22:20.025456+00:00,DION_001,214216,0.12159724012586146,SIMULATED,NORMAL
2026-06-17T16:22:20.035700+00:00,DION_001,214217,0.1607174905848819,SIMULATED,NORMAL
2026-06-17T16:22:20.045941+00:00,DION_001,214218,0.0614028905257574,SIMULATED,NORMAL
2026-06-17T16:22:20.056168+00:00,DION_001,214219,0.36816801035149327,SIMULATED,NORMAL
2026-06-17T16:22:20.066443+00:00,DION_001,214220,0.3000517984753092,SIMULATED,NORMAL
2026-06-17T16:22:20.076677+00:00,DION_001,214221,0.4314283746193112,SIMULATED,NORMAL
2026-06-17T16:22:20.086885+00:00,DION_001,214222,0.1810829091229698,SIMULATED,NORMAL
2026-06-17T16:22:20.097150+00:00,DION_001,214223,0.39185220225723916,SIMULATED,NORMAL
2026-06-17T16:22:20.107403+00:00,DION_001,214224,0.35914937812574094,SIMULATED,NORMAL
2026-06-17T16:22:20.117740+00:00,DION_001,214225,0.2452191404998877,SIMULATED,NORMAL
2026-06-17T16:22:20.128031+00:00,DION_001,214226,0.3833605156078592,SIMULATED,NORMAL
2026-06-17T16:22:20.138307+00:00,DION_001,214227,0.6001879599794394,SIMULATED,NORMAL
2026-06-17T16:22:20.148618+00:00,DION_001,214228,0.514765846220618,SIMULATED,NORMAL
2026-06-17T16:22:20.158865+00:00,DION_001,214229,0.7586480555652089,SIMULATED,NORMAL
2026-06-17T16:22:20.169419+00:00,DION_001,214230,0.39111563248397185,SIMULATED,NORMAL
2026-06-17T16:22:20.179700+00:00,DION_001,214231,0.46041969184228426,SIMULATED,NORMAL
2026-06-17T16:22:20.189979+00:00,DION_001,214232,0.5134827400874478,SIMULATED,NORMAL
2026-06-17T16:22:20.200272+00:00,DION_001,214233,0.7080218809049043,SIMULATED,NORMAL
2026-06-17T16:22:20.210572+00:00,DION_001,214234,0.41887784589146615,SIMULATED,NORMAL
2026-06-17T16:22:20.221018+00:00,DION_001,214235,0.41133717905868367,SIMULATED,NORMAL
2026-06-17T16:22:20.231452+00:00,DION_001,214236,0.812216210995592,SIMULATED,NORMAL
2026-06-17T16:22:20.241744+00:00,DION_001,214237,0.6854796050432294,SIMULATED,NORMAL
2026-06-17T16:22:20.252106+00:00,DION_001,214238,0.4876232139334352,SIMULATED,NORMAL
2026-06-17T16:22:20.262484+00:00,DION_001,214239,0.7536697238083903,SIMULATED,NORMAL
2026-06-17T16:22:20.272902+00:00,DION_001,214240,0.659709572955579,SIMULATED,NORMAL
2026-06-17T16:22:20.283198+00:00,DION_001,214241,0.8456134176561179,SIMULATED,NORMAL
2026-06-17T16:22:20.293434+00:00,DION_001,214242,0.7389160476757102,SIMULATED,NORMAL
2026-06-17T16:22:20.303654+00:00,DION_001,214243,0.8869790179254107,SIMULATED,NORMAL
2026-06-17T16:22:20.313880+00:00,DION_001,214244,0.5960580034437118,SIMULATED,NORMAL
2026-06-17T16:22:20.324112+00:00,DION_001,214245,0.7694380981314944,SIMULATED,NORMAL
2026-06-17T16:22:20.334405+00:00,DION_001,214246,0.30879912963397155,SIMULATED,NORMAL
2026-06-17T16:22:20.344707+00:00,DION_001,214247,0.41933745724086946,SIMULATED,NORMAL
2026-06-17T16:22:20.354978+00:00,DION_001,214248,0.5804809506440233,SIMULATED,NORMAL
2026-06-17T16:22:20.365261+00:00,DION_001,214249,0.5020805876103763,SIMULATED,NORMAL
2026-06-17T16:22:20.375547+00:00,DION_001,214250,0.7510239928204113,SIMULATED,NORMAL
2026-06-17T16:22:20.385759+00:00,DION_001,214251,0.5428768468434956,SIMULATED,NORMAL
2026-06-17T16:22:20.396035+00:00,DION_001,214252,0.6397137932290153,SIMULATED,NORMAL
2026-06-17T16:22:20.406328+00:00,DION_001,214253,0.44976480720361145,SIMULATED,NORMAL
2026-06-17T16:22:20.416588+00:00,DION_001,214254,0.5363096854741863,SIMULATED,NORMAL
2026-06-17T16:22:20.426821+00:00,DION_001,214255,0.5295720348097886,SIMULATED,NORMAL
2026-06-17T16:22:20.436998+00:00,DION_001,214256,0.36723610314128796,SIMULATED,NORMAL
2026-06-17T16:22:20.447209+00:00,DION_001,214257,0.5023103078406304,SIMULATED,NORMAL
2026-06-17T16:22:20.457503+00:00,DION_001,214258,0.6196144875023493,SIMULATED,NORMAL
2026-06-17T16:22:20.467799+00:00,DION_001,214259,0.5395526369250215,SIMULATED,NORMAL
2026-06-17T16:22:20.478064+00:00,DION_001,214260,0.12511876142205802,SIMULATED,NORMAL
2026-06-17T16:22:20.488319+00:00,DION_001,214261,0.39866791710946464,SIMULATED,NORMAL
2026-06-17T16:22:20.498581+00:00,DION_001,214262,0.28518988227707276,SIMULATED,NORMAL
2026-06-17T16:22:20.508756+00:00,DION_001,214263,0.25661402655759286,SIMULATED,NORMAL
2026-06-17T16:22:20.519011+00:00,DION_001,214264,0.35303744632402795,SIMULATED,NORMAL
2026-06-17T16:22:20.529246+00:00,DION_001,214265,0.002582613143125634,SIMULATED,NORMAL
2026-06-17T16:22:20.539489+00:00,DION_001,214266,0.24699525435035424,SIMULATED,NORMAL
2026-06-17T16:22:20.549803+00:00,DION_001,214267,0.3733588399537857,SIMULATED,NORMAL
2026-06-17T16:22:20.560117+00:00,DION_001,214268,0.3247728035479347,SIMULATED,NORMAL
2026-06-17T16:22:20.570420+00:00,DION_001,214269,0.2690405902634367,SIMULATED,NORMAL
2026-06-17T16:22:20.580691+00:00,DION_001,214270,0.19933358565258796,SIMULATED,NORMAL
2026-06-17T16:22:20.590947+00:00,DION_001,214271,0.3401356123639221,SIMULATED,NORMAL
2026-06-17T16:22:20.601241+00:00,DION_001,214272,0.5525805135750606,SIMULATED,NORMAL
2026-06-17T16:22:20.611506+00:00,DION_001,214273,0.29416936784778763,SIMULATED,NORMAL
2026-06-17T16:22:20.621880+00:00,DION_001,214274,0.1798861981740238,SIMULATED,NORMAL
2026-06-17T16:22:20.632147+00:00,DION_001,214275,0.2616292424007187,SIMULATED,NORMAL
2026-06-17T16:22:20.642385+00:00,DION_001,214276,0.22492869307652036,SIMULATED,NORMAL
2026-06-17T16:22:20.652618+00:00,DION_001,214277,0.25274097917983024,SIMULATED,NORMAL
2026-06-17T16:22:20.662830+00:00,DION_001,214278,0.477857651970561,SIMULATED,NORMAL
2026-06-17T16:22:20.673013+00:00,DION_001,214279,3.217791813294767,SIMULATED,EVENT_DETECTED
2026-06-17T16:22:20.683504+00:00,DION_001,214280,0.2879944631754474,SIMULATED,NORMAL
2026-06-17T16:22:20.693816+00:00,DION_001,214281,0.4324116778750008,SIMULATED,NORMAL
2026-06-17T16:22:20.704105+00:00,DION_001,214282,0.3767061930372497,SIMULATED,NORMAL
2026-06-17T16:22:20.714363+00:00,DION_001,214283,0.4111973271816836,SIMULATED,NORMAL
2026-06-17T16:22:20.724621+00:00,DION_001,214284,0.15611533108158027,SIMULATED,NORMAL
2026-06-17T16:22:20.734894+00:00,DION_001,214285,0.5078067645402354,SIMULATED,NORMAL
2026-06-17T16:22:20.745176+00:00,DION_001,214286,0.41330340472185323,SIMULATED,NORMAL
2026-06-17T16:22:20.755457+00:00,DION_001,214287,0.6031172635929991,SIMULATED,NORMAL
2026-06-17T16:22:20.765698+00:00,DION_001,214288,0.5349278035663108,SIMULATED,NORMAL
2026-06-17T16:22:20.776014+00:00,DION_001,214289,0.7841733937993224,SIMULATED,NORMAL
2026-06-17T16:22:20.786341+00:00,DION_001,214290,0.5560874562744724,SIMULATED,NORMAL
2026-06-17T16:22:20.796671+00:00,DION_001,214291,0.42345977207020585,SIMULATED,NORMAL
2026-06-17T16:22:20.807070+00:00,DION_001,214292,0.38212135417475196,SIMULATED,NORMAL
2026-06-17T16:22:20.817438+00:00,DION_001,214293,0.6321180989881177,SIMULATED,NORMAL
2026-06-17T16:22:20.827716+00:00,DION_001,214294,0.9251658774879462,SIMULATED,NORMAL
2026-06-17T16:22:20.838025+00:00,DION_001,214295,0.6065512633471265,SIMULATED,NORMAL
2026-06-17T16:22:20.848290+00:00,DION_001,214296,0.9967677020873914,SIMULATED,NORMAL
2026-06-17T16:22:20.858536+00:00,DION_001,214297,0.624437975079925,SIMULATED,NORMAL
2026-06-17T16:22:20.868807+00:00,DION_001,214298,0.813512149744483,SIMULATED,NORMAL
2026-06-17T16:22:20.879072+00:00,DION_001,214299,1.1222593959545337,SIMULATED,NORMAL
2026-06-17T16:22:20.889321+00:00,DION_001,214300,0.9990715545758946,SIMULATED,NORMAL
2026-06-17T16:22:20.899575+00:00,DION_001,214301,0.843474146939373,SIMULATED,NORMAL
2026-06-17T16:22:20.909823+00:00,DION_001,214302,1.1983368504858103,SIMULATED,NORMAL
2026-06-17T16:22:20.920072+00:00,DION_001,214303,1.1398738104797852,SIMULATED,NORMAL
2026-06-17T16:22:20.930321+00:00,DION_001,214304,0.9645018372115428,SIMULATED,NORMAL
2026-06-17T16:22:20.940597+00:00,DION_001,214305,1.2503150124367473,SIMULATED,NORMAL
2026-06-17T16:22:20.950870+00:00,DION_001,214306,1.072621972027627,SIMULATED,NORMAL
2026-06-17T16:22:20.961093+00:00,DION_001,214307,1.3325416631259515,SIMULATED,NORMAL
2026-06-17T16:22:20.971322+00:00,DION_001,214308,1.1212515046215734,SIMULATED,NORMAL
2026-06-17T16:22:20.981540+00:00,DION_001,214309,1.0816281708016027,SIMULATED,NORMAL
2026-06-17T16:22:20.991764+00:00,DION_001,214310,1.2416907139841589,SIMULATED,NORMAL
2026-06-17T16:22:21.002073+00:00,DION_001,214311,1.2127028607120496,SIMULATED,NORMAL
2026-06-17T16:22:21.012381+00:00,DION_001,214312,1.2349521988522971,SIMULATED,NORMAL
2026-06-17T16:22:21.022759+00:00,DION_001,214313,0.9908499101432259,SIMULATED,NORMAL
2026-06-17T16:22:21.033002+00:00,DION_001,214314,1.081693359626419,SIMULATED,NORMAL
2026-06-17T16:22:21.043266+00:00,DION_001,214315,1.0140047092972395,SIMULATED,NORMAL
2026-06-17T16:22:21.053516+00:00,DION_001,214316,1.1074970941343434,SIMULATED,NORMAL
2026-06-17T16:22:21.063762+00:00,DION_001,214317,1.0556045353003058,SIMULATED,NORMAL
2026-06-17T16:22:21.074007+00:00,DION_001,214318,1.2452212141684826,SIMULATED,NORMAL
2026-06-17T16:22:21.084249+00:00,DION_001,214319,1.4390467073422308,SIMULATED,NORMAL
2026-06-17T16:22:21.094483+00:00,DION_001,214320,1.1038510976839175,SIMULATED,NORMAL
2026-06-17T16:22:21.104724+00:00,DION_001,214321,0.8527991104402568,SIMULATED,NORMAL
2026-06-17T16:22:21.114982+00:00,DION_001,214322,1.3086642311690508,SIMULATED,NORMAL
2026-06-17T16:22:21.125248+00:00,DION_001,214323,1.1358850940480032,SIMULATED,NORMAL
2026-06-17T16:22:21.135506+00:00,DION_001,214324,0.9108511004761481,SIMULATED,NORMAL
2026-06-17T16:22:21.145743+00:00,DION_001,214325,1.0766023661149529,SIMULATED,NORMAL
2026-06-17T16:22:21.155985+00:00,DION_001,214326,1.1798611163945445,SIMULATED,NORMAL
2026-06-17T16:22:21.166257+00:00,DION_001,214327,1.0988797425087427,SIMULATED,NORMAL
2026-06-17T16:22:21.176509+00:00,DION_001,214328,1.0210615980740407,SIMULATED,NORMAL
2026-06-17T16:22:21.186781+00:00,DION_001,214329,0.9160662416917951,SIMULATED,NORMAL
2026-06-17T16:22:21.197001+00:00,DION_001,214330,0.623142708359103,SIMULATED,NORMAL
2026-06-17T16:22:21.207214+00:00,DION_001,214331,1.1454697433195404,SIMULATED,NORMAL
2026-06-17T16:22:21.217452+00:00,DION_001,214332,0.6257505124121729,SIMULATED,NORMAL
2026-06-17T16:22:21.227738+00:00,DION_001,214333,0.505105264604467,SIMULATED,NORMAL
2026-06-17T16:22:21.238148+00:00,DION_001,214334,2.5343406617126494,SIMULATED,EVENT_DETECTED
2026-06-17T16:22:21.248601+00:00,DION_001,214335,0.6611487280858825,SIMULATED,NORMAL
2026-06-17T16:22:21.258927+00:00,DION_001,214336,0.43063713927990177,SIMULATED,NORMAL
2026-06-17T16:22:21.269214+00:00,DION_001,214337,0.7118220147467735,SIMULATED,NORMAL
2026-06-17T16:22:21.279553+00:00,DION_001,214338,0.7466781934333158,SIMULATED,NORMAL
2026-06-17T16:22:21.289976+00:00,DION_001,214339,0.7269175126362226,SIMULATED,NORMAL
2026-06-17T16:22:21.300321+00:00,DION_001,214340,0.5328243230005233,SIMULATED,NORMAL
2026-06-17T16:22:21.310635+00:00,DION_001,214341,0.4718261158208317,SIMULATED,NORMAL
2026-06-17T16:22:21.320963+00:00,DION_001,214342,0.4812964038360169,SIMULATED,NORMAL
2026-06-17T16:22:21.331323+00:00,DION_001,214343,0.4926179020910273,SIMULATED,NORMAL
2026-06-17T16:22:21.341668+00:00,DION_001,214344,0.42907246667329835,SIMULATED,NORMAL
2026-06-17T16:22:21.351968+00:00,DION_001,214345,0.5431307560594081,SIMULATED,NORMAL
2026-06-17T16:22:21.362230+00:00,DION_001,214346,0.5757020156971998,SIMULATED,NORMAL
2026-06-17T16:22:21.372515+00:00,DION_001,214347,0.26791265549348353,SIMULATED,NORMAL
2026-06-17T16:22:21.382796+00:00,DION_001,214348,0.25770869273860547,SIMULATED,NORMAL
2026-06-17T16:22:21.393052+00:00,DION_001,214349,0.3397524687554792,SIMULATED,NORMAL
2026-06-17T16:22:21.403314+00:00,DION_001,214350,0.3399333724891492,SIMULATED,NORMAL
2026-06-17T16:22:21.413544+00:00,DION_001,214351,0.23770814098768905,SIMULATED,NORMAL
2026-06-17T16:22:21.423793+00:00,DION_001,214352,-0.0029898186561857776,SIMULATED,NORMAL
2026-06-17T16:22:21.434048+00:00,DION_001,214353,0.2669197703210143,SIMULATED,NORMAL
2026-06-17T16:22:21.444279+00:00,DION_001,214354,0.21207608593576444,SIMULATED,NORMAL
2026-06-17T16:22:21.454528+00:00,DION_001,214355,-0.024795099273943105,SIMULATED,NORMAL
2026-06-17T16:22:21.464934+00:00,DION_001,214356,0.6149126478670572,SIMULATED,NORMAL
2026-06-17T16:22:21.475348+00:00,DION_001,214357,0.18375051413173124,SIMULATED,NORMAL
2026-06-17T16:22:21.485662+00:00,DION_001,214358,0.3886693675316435,SIMULATED,NORMAL
2026-06-17T16:22:21.495950+00:00,DION_001,214359,0.008563184388453021,SIMULATED,NORMAL
2026-06-17T16:22:21.506245+00:00,DION_001,214360,0.21510434543074441,SIMULATED,NORMAL
2026-06-17T16:22:21.516647+00:00,DION_001,214361,0.10355882498850454,SIMULATED,NORMAL
2026-06-17T16:22:21.526986+00:00,DION_001,214362,0.32821954246767227,SIMULATED,NORMAL
2026-06-17T16:22:21.537254+00:00,DION_001,214363,0.30750477259317954,SIMULATED,NORMAL
2026-06-17T16:22:21.547482+00:00,DION_001,214364,0.11571443554066725,SIMULATED,NORMAL
2026-06-17T16:22:21.557657+00:00,DION_001,214365,0.27094805705545677,SIMULATED,NORMAL
2026-06-17T16:22:21.567901+00:00,DION_001,214366,0.16962467090429395,SIMULATED,NORMAL
2026-06-17T16:22:21.578131+00:00,DION_001,214367,0.38757211171778605,SIMULATED,NORMAL
2026-06-17T16:22:21.588348+00:00,DION_001,214368,0.09829646240364001,SIMULATED,NORMAL
2026-06-17T16:22:21.598698+00:00,DION_001,214369,0.20635022686339843,SIMULATED,NORMAL
2026-06-17T16:22:21.608947+00:00,DION_001,214370,0.3479385826424104,SIMULATED,NORMAL
2026-06-17T16:22:21.619281+00:00,DION_001,214371,0.12073160725861073,SIMULATED,NORMAL
2026-06-17T16:22:21.631538+00:00,DION_001,214372,0.3410891768240722,SIMULATED,NORMAL
2026-06-17T16:22:21.641942+00:00,DION_001,214373,0.21294224496104053,SIMULATED,NORMAL
2026-06-17T16:22:21.652295+00:00,DION_001,214374,0.347217821423453,SIMULATED,NORMAL
2026-06-17T16:22:21.662667+00:00,DION_001,214375,0.5055027342374302,SIMULATED,NORMAL
2026-06-17T16:22:21.672928+00:00,DION_001,214376,0.5755241431694895,SIMULATED,NORMAL
2026-06-17T16:22:21.683132+00:00,DION_001,214377,0.32150493197577185,SIMULATED,NORMAL
2026-06-17T16:22:21.693452+00:00,DION_001,214378,0.33702379952989625,SIMULATED,NORMAL
2026-06-17T16:22:21.703820+00:00,DION_001,214379,0.4517621714819671,SIMULATED,NORMAL
2026-06-17T16:22:21.714089+00:00,DION_001,214380,0.3460893191703272,SIMULATED,NORMAL
2026-06-17T16:22:21.724487+00:00,DION_001,214381,0.4564614227834065,SIMULATED,NORMAL
2026-06-17T16:22:21.734977+00:00,DION_001,214382,0.7397871892107333,SIMULATED,NORMAL
2026-06-17T16:22:21.745247+00:00,DION_001,214383,0.38070895401461285,SIMULATED,NORMAL
2026-06-17T16:22:21.755605+00:00,DION_001,214384,0.41998556177366997,SIMULATED,NORMAL
2026-06-17T16:22:21.765861+00:00,DION_001,214385,0.4322660465745419,SIMULATED,NORMAL
2026-06-17T16:22:21.776226+00:00,DION_001,214386,0.653158648537171,SIMULATED,NORMAL
2026-06-17T16:22:21.786600+00:00,DION_001,214387,0.675527245006604,SIMULATED,NORMAL
2026-06-17T16:22:21.796839+00:00,DION_001,214388,0.7124590435524968,SIMULATED,NORMAL
2026-06-17T16:22:21.807050+00:00,DION_001,214389,0.4774398583273701,SIMULATED,NORMAL
2026-06-17T16:22:21.817298+00:00,DION_001,214390,0.5539706518532128,SIMULATED,NORMAL
2026-06-17T16:22:21.827531+00:00,DION_001,214391,0.47244638796135796,SIMULATED,NORMAL
2026-06-17T16:22:21.837807+00:00,DION_001,214392,0.6155691159319592,SIMULATED,NORMAL
2026-06-17T16:22:21.848029+00:00,DION_001,214393,0.4888943165130861,SIMULATED,NORMAL
2026-06-17T16:22:21.858298+00:00,DION_001,214394,0.5999788586233011,SIMULATED,NORMAL
2026-06-17T16:22:21.868581+00:00,DION_001,214395,0.43712780782745553,SIMULATED,NORMAL
2026-06-17T16:22:21.878873+00:00,DION_001,214396,0.4847872089327539,SIMULATED,NORMAL
2026-06-17T16:22:21.889109+00:00,DION_001,214397,0.5077853013011808,SIMULATED,NORMAL
2026-06-17T16:22:21.899338+00:00,DION_001,214398,0.40405083986575674,SIMULATED,NORMAL
2026-06-17T16:22:21.909633+00:00,DION_001,214399,0.6028890333200293,SIMULATED,NORMAL
2026-06-17T16:22:21.919960+00:00,DION_001,214400,0.5026643343285186,SIMULATED,NORMAL
2026-06-17T16:22:21.930324+00:00,DION_001,214401,0.709300041132569,SIMULATED,NORMAL
2026-06-17T16:22:21.940587+00:00,DION_001,214402,0.2875417540375764,SIMULATED,NORMAL
2026-06-17T16:22:21.950864+00:00,DION_001,214403,0.5251558433683412,SIMULATED,NORMAL
2026-06-17T16:22:21.961191+00:00,DION_001,214404,0.335570464335831,SIMULATED,NORMAL
2026-06-17T16:22:21.971549+00:00,DION_001,214405,0.2800077682996003,SIMULATED,NORMAL
2026-06-17T16:22:21.981853+00:00,DION_001,214406,0.34830068431562045,SIMULATED,NORMAL
2026-06-17T16:22:21.992068+00:00,DION_001,214407,0.522720233513406,SIMULATED,NORMAL
2026-06-17T16:22:22.002336+00:00,DION_001,214408,0.2964615333285938,SIMULATED,NORMAL
2026-06-17T16:22:22.012578+00:00,DION_001,214409,0.24902184101920588,SIMULATED,NORMAL
2026-06-17T16:22:22.022806+00:00,DION_001,214410,-0.16706225965128227,SIMULATED,NORMAL
2026-06-17T16:22:22.033039+00:00,DION_001,214411,0.016270686573326518,SIMULATED,NORMAL
2026-06-17T16:22:22.043263+00:00,DION_001,214412,0.20700113209434778,SIMULATED,NORMAL
2026-06-17T16:22:22.053432+00:00,DION_001,214413,-0.10557215689109256,SIMULATED,NORMAL
2026-06-17T16:22:22.063664+00:00,DION_001,214414,0.11921236604452158,SIMULATED,NORMAL
2026-06-17T16:22:22.073915+00:00,DION_001,214415,-0.15150419111118338,SIMULATED,NORMAL
2026-06-17T16:22:22.084313+00:00,DION_001,214416,0.1537155483679279,SIMULATED,NORMAL
2026-06-17T16:22:22.094591+00:00,DION_001,214417,0.03168733752511324,SIMULATED,NORMAL
2026-06-17T16:22:22.104863+00:00,DION_001,214418,-0.3872622152684587,SIMULATED,NORMAL
2026-06-17T16:22:22.115099+00:00,DION_001,214419,-0.08696036850862027,SIMULATED,NORMAL
2026-06-17T16:22:22.125393+00:00,DION_001,214420,-0.32269598591800325,SIMULATED,NORMAL
2026-06-17T16:22:22.135714+00:00,DION_001,214421,-0.4439903839163756,SIMULATED,NORMAL
2026-06-17T16:22:22.145949+00:00,DION_001,214422,-0.11163782218455509,SIMULATED,NORMAL
2026-06-17T16:22:22.156172+00:00,DION_001,214423,-0.21321833932750153,SIMULATED,NORMAL
2026-06-17T16:22:22.166406+00:00,DION_001,214424,-0.40982374597311727,SIMULATED,NORMAL
2026-06-17T16:22:22.176614+00:00,DION_001,214425,-0.4075573724766258,SIMULATED,NORMAL
2026-06-17T16:22:22.186882+00:00,DION_001,214426,-0.47216942868554673,SIMULATED,NORMAL
2026-06-17T16:22:22.197343+00:00,DION_001,214427,-0.4814068317517375,SIMULATED,NORMAL
2026-06-17T16:22:22.207778+00:00,DION_001,214428,-0.3110080326297394,SIMULATED,NORMAL
2026-06-17T16:22:22.218052+00:00,DION_001,214429,-0.4896399630396182,SIMULATED,NORMAL
2026-06-17T16:22:22.228334+00:00,DION_001,214430,-0.3733157014523554,SIMULATED,NORMAL
2026-06-17T16:22:22.238600+00:00,DION_001,214431,-0.601503276831391,SIMULATED,NORMAL
2026-06-17T16:22:22.248848+00:00,DION_001,214432,-0.7365307200575244,SIMULATED,NORMAL
2026-06-17T16:22:22.259088+00:00,DION_001,214433,-0.9523885590384394,SIMULATED,NORMAL
2026-06-17T16:22:22.269377+00:00,DION_001,214434,-0.41378710649292494,SIMULATED,NORMAL
2026-06-17T16:22:22.279646+00:00,DION_001,214435,-0.5143851586397105,SIMULATED,NORMAL
2026-06-17T16:22:22.289818+00:00,DION_001,214436,-0.7517440826991463,SIMULATED,NORMAL
2026-06-17T16:22:22.300114+00:00,DION_001,214437,-0.7235056327389234,SIMULATED,NORMAL
2026-06-17T16:22:22.310470+00:00,DION_001,214438,-0.4532986787546635,SIMULATED,NORMAL
2026-06-17T16:22:22.320841+00:00,DION_001,214439,-0.8999723573141828,SIMULATED,NORMAL
2026-06-17T16:22:22.331186+00:00,DION_001,214440,-0.7622173762253871,SIMULATED,NORMAL
2026-06-17T16:22:22.341623+00:00,DION_001,214441,-0.7123687576059913,SIMULATED,NORMAL
2026-06-17T16:22:22.351990+00:00,DION_001,214442,-0.5953454950502365,SIMULATED,NORMAL
2026-06-17T16:22:22.362443+00:00,DION_001,214443,-0.47260785684860046,SIMULATED,NORMAL
2026-06-17T16:22:22.372830+00:00,DION_001,214444,-0.6463790506848417,SIMULATED,NORMAL
2026-06-17T16:22:22.383186+00:00,DION_001,214445,-0.6510268172152285,SIMULATED,NORMAL
2026-06-17T16:22:22.393530+00:00,DION_001,214446,-0.6807765748061071,SIMULATED,NORMAL
2026-06-17T16:22:22.403932+00:00,DION_001,214447,-0.6901482623292807,SIMULATED,NORMAL
2026-06-17T16:22:22.414395+00:00,DION_001,214448,-0.812956604770432,SIMULATED,NORMAL
2026-06-17T16:22:22.424729+00:00,DION_001,214449,-0.6260037291694759,SIMULATED,NORMAL
2026-06-17T16:22:22.435280+00:00,DION_001,214450,-1.1011017532714829,SIMULATED,NORMAL
2026-06-17T16:22:22.445616+00:00,DION_001,214451,-0.3905156792085145,SIMULATED,NORMAL
2026-06-17T16:22:22.456169+00:00,DION_001,214452,-0.7793159549462906,SIMULATED,NORMAL
2026-06-17T16:22:22.466571+00:00,DION_001,214453,-0.6293950662190079,SIMULATED,NORMAL
2026-06-17T16:22:22.476802+00:00,DION_001,214454,-0.5065585096153643,SIMULATED,NORMAL
2026-06-17T16:22:22.487078+00:00,DION_001,214455,-0.7279082846951734,SIMULATED,NORMAL
2026-06-17T16:22:22.497387+00:00,DION_001,214456,-0.5934720373904457,SIMULATED,NORMAL
2026-06-17T16:22:22.507681+00:00,DION_001,214457,-0.14068849002945494,SIMULATED,NORMAL
2026-06-17T16:22:22.517964+00:00,DION_001,214458,-0.49429502529798663,SIMULATED,NORMAL
2026-06-17T16:22:22.528254+00:00,DION_001,214459,-0.611907439758008,SIMULATED,NORMAL
2026-06-17T16:22:22.538577+00:00,DION_001,214460,-0.6964387059577843,SIMULATED,NORMAL
2026-06-17T16:22:22.548829+00:00,DION_001,214461,-0.3553948518707388,SIMULATED,NORMAL
2026-06-17T16:22:22.559076+00:00,DION_001,214462,-0.42666597790545546,SIMULATED,NORMAL
2026-06-17T16:22:22.569314+00:00,DION_001,214463,-0.3395360416229114,SIMULATED,NORMAL
2026-06-17T16:22:22.579620+00:00,DION_001,214464,-0.7448269696467447,SIMULATED,NORMAL
2026-06-17T16:22:22.589846+00:00,DION_001,214465,-0.32209605762833227,SIMULATED,NORMAL
2026-06-17T16:22:22.600079+00:00,DION_001,214466,-0.1348822883235116,SIMULATED,NORMAL
2026-06-17T16:22:22.610342+00:00,DION_001,214467,-0.5259971053303915,SIMULATED,NORMAL
2026-06-17T16:22:22.620737+00:00,DION_001,214468,-0.4679882087344188,SIMULATED,NORMAL
2026-06-17T16:22:22.631013+00:00,DION_001,214469,-0.10614747809598624,SIMULATED,NORMAL
2026-06-17T16:22:22.641272+00:00,DION_001,214470,-0.3869700384662304,SIMULATED,NORMAL
2026-06-17T16:22:22.651658+00:00,DION_001,214471,-0.3895872336801012,SIMULATED,NORMAL
2026-06-17T16:22:22.661926+00:00,DION_001,214472,-0.306553763936793,SIMULATED,NORMAL
2026-06-17T16:22:22.672183+00:00,DION_001,214473,-0.38864750589510777,SIMULATED,NORMAL
2026-06-17T16:22:22.682608+00:00,DION_001,214474,-0.27850152673946116,SIMULATED,NORMAL
2026-06-17T16:22:22.692959+00:00,DION_001,214475,-0.4662477914328572,SIMULATED,NORMAL
2026-06-17T16:22:22.703313+00:00,DION_001,214476,-0.4528132616146213,SIMULATED,NORMAL
2026-06-17T16:22:22.713617+00:00,DION_001,214477,-0.46374959980986397,SIMULATED,NORMAL
2026-06-17T16:22:22.723921+00:00,DION_001,214478,-0.2145509986978864,SIMULATED,NORMAL
2026-06-17T16:22:22.734268+00:00,DION_001,214479,-0.20534857312725122,SIMULATED,NORMAL
2026-06-17T16:22:22.744644+00:00,DION_001,214480,-0.2782622301279124,SIMULATED,NORMAL
2026-06-17T16:22:22.754977+00:00,DION_001,214481,-0.42477998330448336,SIMULATED,NORMAL
2026-06-17T16:22:22.765242+00:00,DION_001,214482,-0.5840415773373171,SIMULATED,NORMAL
2026-06-17T16:22:22.775573+00:00,DION_001,214483,-0.27365555673293324,SIMULATED,NORMAL
2026-06-17T16:22:22.785830+00:00,DION_001,214484,-0.5275471793740694,SIMULATED,NORMAL
2026-06-17T16:22:22.796039+00:00,DION_001,214485,-2.4017549457183085,SIMULATED,EVENT_DETECTED
2026-06-17T16:22:22.806471+00:00,DION_001,214486,-0.45322257020592516,SIMULATED,NORMAL
2026-06-17T16:22:22.816661+00:00,DION_001,214487,-0.6416933097251919,SIMULATED,NORMAL
2026-06-17T16:22:22.826824+00:00,DION_001,214488,-0.5574652244376695,SIMULATED,NORMAL
2026-06-17T16:22:22.837040+00:00,DION_001,214489,-0.5249697595022983,SIMULATED,NORMAL
2026-06-17T16:22:22.847287+00:00,DION_001,214490,-0.5131530834184391,SIMULATED,NORMAL
2026-06-17T16:22:22.857577+00:00,DION_001,214491,-0.6132920639676317,SIMULATED,NORMAL
2026-06-17T16:22:22.867977+00:00,DION_001,214492,-0.44811644605215806,SIMULATED,NORMAL
2026-06-17T16:22:22.878324+00:00,DION_001,214493,-0.782984656167004,SIMULATED,NORMAL
2026-06-17T16:22:22.888655+00:00,DION_001,214494,-0.6583914446768102,SIMULATED,NORMAL
2026-06-17T16:22:22.898928+00:00,DION_001,214495,-0.6787589059682281,SIMULATED,NORMAL
2026-06-17T16:22:22.909164+00:00,DION_001,214496,-0.7861229398161683,SIMULATED,NORMAL
2026-06-17T16:22:22.919377+00:00,DION_001,214497,-1.0202934263350976,SIMULATED,NORMAL
2026-06-17T16:22:22.929622+00:00,DION_001,214498,-0.856461512479009,SIMULATED,NORMAL
2026-06-17T16:22:22.939939+00:00,DION_001,214499,-1.0278087728026872,SIMULATED,NORMAL
2026-06-17T16:22:22.950210+00:00,DION_001,214500,-0.9405203169462939,SIMULATED,NORMAL
2026-06-17T16:22:22.960430+00:00,DION_001,214501,-0.8813161503320309,SIMULATED,NORMAL
2026-06-17T16:22:22.970689+00:00,DION_001,214502,-1.0676041430684111,SIMULATED,NORMAL
2026-06-17T16:22:22.981003+00:00,DION_001,214503,-1.2352253802983022,SIMULATED,NORMAL
2026-06-17T16:22:22.991270+00:00,DION_001,214504,-0.8608785065663273,SIMULATED,NORMAL
2026-06-17T16:22:23.001519+00:00,DION_001,214505,-0.9233377982866439,SIMULATED,NORMAL
2026-06-17T16:22:23.011786+00:00,DION_001,214506,-1.0795768927150053,SIMULATED,NORMAL
2026-06-17T16:22:23.022059+00:00,DION_001,214507,-1.122425003649265,SIMULATED,NORMAL
2026-06-17T16:22:23.032265+00:00,DION_001,214508,-1.1864352771404556,SIMULATED,NORMAL
2026-06-17T16:22:23.042503+00:00,DION_001,214509,-1.0922314330367755,SIMULATED,NORMAL
2026-06-17T16:22:23.052730+00:00,DION_001,214510,-0.9586770297395099,SIMULATED,NORMAL
2026-06-17T16:22:23.062998+00:00,DION_001,214511,-0.8276387843756698,SIMULATED,NORMAL
2026-06-17T16:22:23.073237+00:00,DION_001,214512,-1.429557978296283,SIMULATED,NORMAL
2026-06-17T16:22:23.083526+00:00,DION_001,214513,-1.1345370202965783,SIMULATED,NORMAL
2026-06-17T16:22:23.093803+00:00,DION_001,214514,-1.1112814891959157,SIMULATED,NORMAL
2026-06-17T16:22:23.104062+00:00,DION_001,214515,-0.9989464976951709,SIMULATED,NORMAL
2026-06-17T16:22:23.114327+00:00,DION_001,214516,-0.9061202140597582,SIMULATED,NORMAL
2026-06-17T16:22:23.124586+00:00,DION_001,214517,-0.978155435278456,SIMULATED,NORMAL
2026-06-17T16:22:23.134782+00:00,DION_001,214518,-1.2338863129740496,SIMULATED,NORMAL
2026-06-17T16:22:23.145008+00:00,DION_001,214519,-1.383496140483292,SIMULATED,NORMAL
2026-06-17T16:22:23.155228+00:00,DION_001,214520,-1.0913079861550445,SIMULATED,NORMAL
2026-06-17T16:22:23.165436+00:00,DION_001,214521,-1.1788644796224474,SIMULATED,NORMAL
2026-06-17T16:22:23.175688+00:00,DION_001,214522,-0.9164944692401734,SIMULATED,NORMAL
2026-06-17T16:22:23.185922+00:00,DION_001,214523,-1.025845934824342,SIMULATED,NORMAL
2026-06-17T16:22:23.196245+00:00,DION_001,214524,-1.0413457222492108,SIMULATED,NORMAL
2026-06-17T16:22:23.206596+00:00,DION_001,214525,-0.961173434976065,SIMULATED,NORMAL
2026-06-17T16:22:23.216920+00:00,DION_001,214526,-1.242543706884463,SIMULATED,NORMAL
2026-06-17T16:22:23.227196+00:00,DION_001,214527,-1.0067887914707214,SIMULATED,NORMAL
2026-06-17T16:22:23.237471+00:00,DION_001,214528,-0.8788497142084666,SIMULATED,NORMAL
2026-06-17T16:22:23.247790+00:00,DION_001,214529,-1.0132466452833113,SIMULATED,NORMAL
2026-06-17T16:22:23.258052+00:00,DION_001,214530,-0.8676473661050691,SIMULATED,NORMAL
2026-06-17T16:22:23.268354+00:00,DION_001,214531,-0.8395380762366008,SIMULATED,NORMAL
2026-06-17T16:22:23.278626+00:00,DION_001,214532,-0.860595133071454,SIMULATED,NORMAL
2026-06-17T16:22:23.288910+00:00,DION_001,214533,-1.1180700217843276,SIMULATED,NORMAL
2026-06-17T16:22:23.299121+00:00,DION_001,214534,-0.9397881653309028,SIMULATED,NORMAL
2026-06-17T16:22:23.309393+00:00,DION_001,214535,-0.5991890078254879,SIMULATED,NORMAL
2026-06-17T16:22:23.319628+00:00,DION_001,214536,-0.8612435522405038,SIMULATED,NORMAL
2026-06-17T16:22:23.329915+00:00,DION_001,214537,-0.5350885120971698,SIMULATED,NORMAL
2026-06-17T16:22:23.340313+00:00,DION_001,214538,-0.48487954352752793,SIMULATED,NORMAL
2026-06-17T16:22:23.350715+00:00,DION_001,214539,-0.6335744084058264,SIMULATED,NORMAL
2026-06-17T16:22:23.361011+00:00,DION_001,214540,0.9550986499949462,SIMULATED,NORMAL
2026-06-17T16:22:23.371435+00:00,DION_001,214541,-0.4232451171912152,SIMULATED,NORMAL
2026-06-17T16:22:23.381764+00:00,DION_001,214542,-0.5416397956653243,SIMULATED,NORMAL
2026-06-17T16:22:23.392041+00:00,DION_001,214543,-0.5108439469115428,SIMULATED,NORMAL
2026-06-17T16:22:23.402373+00:00,DION_001,214544,-0.46138103452465395,SIMULATED,NORMAL
2026-06-17T16:22:23.412779+00:00,DION_001,214545,-0.29381036706166413,SIMULATED,NORMAL
2026-06-17T16:22:23.423210+00:00,DION_001,214546,-0.6550180119737589,SIMULATED,NORMAL
2026-06-17T16:22:23.433596+00:00,DION_001,214547,-0.5903038558369054,SIMULATED,NORMAL
2026-06-17T16:22:23.443954+00:00,DION_001,214548,-0.30434592272320615,SIMULATED,NORMAL
2026-06-17T16:22:23.454699+00:00,DION_001,214549,-0.2614159235188832,SIMULATED,NORMAL
2026-06-17T16:22:23.465060+00:00,DION_001,214550,-0.11845238286719884,SIMULATED,NORMAL
2026-06-17T16:22:23.475449+00:00,DION_001,214551,-0.34292090811212933,SIMULATED,NORMAL
2026-06-17T16:22:23.485789+00:00,DION_001,214552,-0.2864888672390086,SIMULATED,NORMAL
2026-06-17T16:22:23.496322+00:00,DION_001,214553,-0.2647835814490562,SIMULATED,NORMAL
2026-06-17T16:22:23.506669+00:00,DION_001,214554,-0.10146977010528394,SIMULATED,NORMAL
2026-06-17T16:22:23.516985+00:00,DION_001,214555,-0.20895798010901157,SIMULATED,NORMAL
2026-06-17T16:22:23.527706+00:00,DION_001,214556,-0.22554023456757832,SIMULATED,NORMAL
2026-06-17T16:22:23.538159+00:00,DION_001,214557,-0.02465024350350789,SIMULATED,NORMAL
2026-06-17T16:22:23.548524+00:00,DION_001,214558,-0.10903520624566468,SIMULATED,NORMAL
2026-06-17T16:22:23.559106+00:00,DION_001,214559,-0.35365185111438113,SIMULATED,NORMAL
2026-06-17T16:22:23.569589+00:00,DION_001,214560,-0.22959666386419694,SIMULATED,NORMAL
2026-06-17T16:22:23.580092+00:00,DION_001,214561,-0.19707041633404387,SIMULATED,NORMAL
2026-06-17T16:22:23.590653+00:00,DION_001,214562,-0.012700956575994946,SIMULATED,NORMAL
2026-06-17T16:22:23.600986+00:00,DION_001,214563,-0.004184814439301368,SIMULATED,NORMAL
2026-06-17T16:22:23.611304+00:00,DION_001,214564,-0.17466263871695006,SIMULATED,NORMAL
2026-06-17T16:22:23.621624+00:00,DION_001,214565,-0.03420735822681546,SIMULATED,NORMAL
2026-06-17T16:22:23.631983+00:00,DION_001,214566,-0.08416375028367237,SIMULATED,NORMAL
2026-06-17T16:22:23.642359+00:00,DION_001,214567,-0.2268597003590453,SIMULATED,NORMAL
2026-06-17T16:22:23.652686+00:00,DION_001,214568,0.03921870617405243,SIMULATED,NORMAL
2026-06-17T16:22:23.662962+00:00,DION_001,214569,-0.2979552325625358,SIMULATED,NORMAL
2026-06-17T16:22:23.673214+00:00,DION_001,214570,-0.22933287688650153,SIMULATED,NORMAL
2026-06-17T16:22:23.683482+00:00,DION_001,214571,-0.03130518470386562,SIMULATED,NORMAL
2026-06-17T16:22:23.693841+00:00,DION_001,214572,-0.05085831807751989,SIMULATED,NORMAL
2026-06-17T16:22:23.704169+00:00,DION_001,214573,-0.3998039368139513,SIMULATED,NORMAL
2026-06-17T16:22:23.714492+00:00,DION_001,214574,-0.2448283645060681,SIMULATED,NORMAL
2026-06-17T16:22:23.724727+00:00,DION_001,214575,-0.3939083296956256,SIMULATED,NORMAL
2026-06-17T16:22:23.734963+00:00,DION_001,214576,-0.08981344671594035,SIMULATED,NORMAL
2026-06-17T16:22:23.745279+00:00,DION_001,214577,-0.5695888066345178,SIMULATED,NORMAL
2026-06-17T16:22:23.755638+00:00,DION_001,214578,-0.4103962321671318,SIMULATED,NORMAL
2026-06-17T16:22:23.765968+00:00,DION_001,214579,-0.4255829479015891,SIMULATED,NORMAL
2026-06-17T16:22:23.776360+00:00,DION_001,214580,-0.5875097871402839,SIMULATED,NORMAL
2026-06-17T16:22:23.786683+00:00,DION_001,214581,-0.3925041186218582,SIMULATED,NORMAL
2026-06-17T16:22:23.797010+00:00,DION_001,214582,-0.5728219949947433,SIMULATED,NORMAL
2026-06-17T16:22:23.807183+00:00,DION_001,214583,-0.3767060737279817,SIMULATED,NORMAL
2026-06-17T16:22:23.817471+00:00,DION_001,214584,-0.35621776846629977,SIMULATED,NORMAL
2026-06-17T16:22:23.827676+00:00,DION_001,214585,-0.3829283427727262,SIMULATED,NORMAL
2026-06-17T16:22:23.837934+00:00,DION_001,214586,-0.33194583287725216,SIMULATED,NORMAL
2026-06-17T16:22:23.848333+00:00,DION_001,214587,-0.33558814383595487,SIMULATED,NORMAL
2026-06-17T16:22:23.858561+00:00,DION_001,214588,-0.4853292655532399,SIMULATED,NORMAL
2026-06-17T16:22:23.868887+00:00,DION_001,214589,-0.35652924452387746,SIMULATED,NORMAL
2026-06-17T16:22:23.879137+00:00,DION_001,214590,-0.3008861080997825,SIMULATED,NORMAL
2026-06-17T16:22:23.889394+00:00,DION_001,214591,-0.5683168959975131,SIMULATED,NORMAL
2026-06-17T16:22:23.899711+00:00,DION_001,214592,-0.2726382082363221,SIMULATED,NORMAL
2026-06-17T16:22:23.911715+00:00,DION_001,214593,-0.868971500016501,SIMULATED,NORMAL
2026-06-17T16:22:23.921967+00:00,DION_001,214594,-0.6342981429847785,SIMULATED,NORMAL
2026-06-17T16:22:23.932254+00:00,DION_001,214595,-0.3280578839984505,SIMULATED,NORMAL
2026-06-17T16:22:23.942495+00:00,DION_001,214596,-0.3337677053648544,SIMULATED,NORMAL
2026-06-17T16:22:23.952743+00:00,DION_001,214597,-0.3052588636461988,SIMULATED,NORMAL
2026-06-17T16:22:23.962966+00:00,DION_001,214598,-0.4445624279301924,SIMULATED,NORMAL
2026-06-17T16:22:23.973173+00:00,DION_001,214599,-0.3003064418601979,SIMULATED,NORMAL
2026-06-17T16:22:23.983422+00:00,DION_001,214600,-0.3352947797659021,SIMULATED,NORMAL
2026-06-17T16:22:23.993730+00:00,DION_001,214601,-0.5711891882665796,SIMULATED,NORMAL
2026-06-17T16:22:24.004025+00:00,DION_001,214602,-0.1496804887735381,SIMULATED,NORMAL
2026-06-17T16:22:24.014444+00:00,DION_001,214603,-0.2697934151859565,SIMULATED,NORMAL
2026-06-17T16:22:24.024732+00:00,DION_001,214604,-0.4624331678609609,SIMULATED,NORMAL
2026-06-17T16:22:24.034983+00:00,DION_001,214605,-0.2593346334252114,SIMULATED,NORMAL
2026-06-17T16:22:24.045233+00:00,DION_001,214606,-0.3166837231311807,SIMULATED,NORMAL
2026-06-17T16:22:24.055499+00:00,DION_001,214607,-0.2833277623897587,SIMULATED,NORMAL
2026-06-17T16:22:24.065714+00:00,DION_001,214608,-0.1981658739637326,SIMULATED,NORMAL
2026-06-17T16:22:24.075943+00:00,DION_001,214609,-0.4066254406882769,SIMULATED,NORMAL
2026-06-17T16:22:24.086174+00:00,DION_001,214610,-0.16217564281655578,SIMULATED,NORMAL
2026-06-17T16:22:24.096407+00:00,DION_001,214611,0.05037339845515691,SIMULATED,NORMAL
2026-06-17T16:22:24.106613+00:00,DION_001,214612,-0.08548029131886897,SIMULATED,NORMAL
2026-06-17T16:22:24.116878+00:00,DION_001,214613,-0.15263257259990412,SIMULATED,NORMAL
2026-06-17T16:22:24.127136+00:00,DION_001,214614,-0.06774040260425106,SIMULATED,NORMAL
2026-06-17T16:22:24.137398+00:00,DION_001,214615,0.0489096233545129,SIMULATED,NORMAL
2026-06-17T16:22:24.147654+00:00,DION_001,214616,0.00031601062019398496,SIMULATED,NORMAL
2026-06-17T16:22:24.157889+00:00,DION_001,214617,0.42447036013765393,SIMULATED,NORMAL
2026-06-17T16:22:24.168110+00:00,DION_001,214618,0.28439617364558384,SIMULATED,NORMAL
2026-06-17T16:22:24.178336+00:00,DION_001,214619,0.06352244950502753,SIMULATED,NORMAL
2026-06-17T16:22:24.188614+00:00,DION_001,214620,0.32747193317166556,SIMULATED,NORMAL
2026-06-17T16:22:24.198826+00:00,DION_001,214621,0.26568261977296287,SIMULATED,NORMAL
2026-06-17T16:22:24.209087+00:00,DION_001,214622,0.3967923023408557,SIMULATED,NORMAL
2026-06-17T16:22:24.219367+00:00,DION_001,214623,0.5189440077822305,SIMULATED,NORMAL
2026-06-17T16:22:24.229780+00:00,DION_001,214624,0.5302166841622016,SIMULATED,NORMAL
2026-06-17T16:22:24.240289+00:00,DION_001,214625,0.5149690924394517,SIMULATED,NORMAL
2026-06-17T16:22:24.250703+00:00,DION_001,214626,0.5156026638034964,SIMULATED,NORMAL
2026-06-17T16:22:24.261031+00:00,DION_001,214627,0.5369006969609453,SIMULATED,NORMAL
2026-06-17T16:22:24.271352+00:00,DION_001,214628,0.7732730055038406,SIMULATED,NORMAL
2026-06-17T16:22:24.281602+00:00,DION_001,214629,0.2965437142299182,SIMULATED,NORMAL
2026-06-17T16:22:24.291922+00:00,DION_001,214630,0.4812083818996684,SIMULATED,NORMAL
2026-06-17T16:22:24.302315+00:00,DION_001,214631,0.7901202409289576,SIMULATED,NORMAL
2026-06-17T16:22:24.312628+00:00,DION_001,214632,0.8308716557377281,SIMULATED,NORMAL
2026-06-17T16:22:24.322838+00:00,DION_001,214633,0.7498821533910977,SIMULATED,NORMAL
2026-06-17T16:22:24.333063+00:00,DION_001,214634,0.8437603354451453,SIMULATED,NORMAL
2026-06-17T16:22:24.343280+00:00,DION_001,214635,0.6726082856771614,SIMULATED,NORMAL
2026-06-17T16:22:24.353581+00:00,DION_001,214636,0.7133337077556652,SIMULATED,NORMAL
2026-06-17T16:22:24.363847+00:00,DION_001,214637,0.9174692715099496,SIMULATED,NORMAL
2026-06-17T16:22:24.374133+00:00,DION_001,214638,1.0707567725713465,SIMULATED,NORMAL
2026-06-17T16:22:24.384401+00:00,DION_001,214639,0.8806703652202975,SIMULATED,NORMAL
2026-06-17T16:22:24.394638+00:00,DION_001,214640,0.7149507991561443,SIMULATED,NORMAL
2026-06-17T16:22:24.404865+00:00,DION_001,214641,0.7572323202337063,SIMULATED,NORMAL
2026-06-17T16:22:24.415193+00:00,DION_001,214642,0.8761819049147505,SIMULATED,NORMAL
2026-06-17T16:22:24.425431+00:00,DION_001,214643,1.0703136913329898,SIMULATED,NORMAL
2026-06-17T16:22:24.435664+00:00,DION_001,214644,0.7736405230809056,SIMULATED,NORMAL
2026-06-17T16:22:24.445922+00:00,DION_001,214645,1.3560691227569224,SIMULATED,NORMAL
2026-06-17T16:22:24.456290+00:00,DION_001,214646,0.7169039936366283,SIMULATED,NORMAL
2026-06-17T16:22:24.466607+00:00,DION_001,214647,0.9232507606284903,SIMULATED,NORMAL
2026-06-17T16:22:24.477031+00:00,DION_001,214648,0.7126623339713479,SIMULATED,NORMAL
2026-06-17T16:22:24.487463+00:00,DION_001,214649,0.7774378944605455,SIMULATED,NORMAL
2026-06-17T16:22:24.497752+00:00,DION_001,214650,0.6236159756834121,SIMULATED,NORMAL
2026-06-17T16:22:24.508163+00:00,DION_001,214651,0.7560162865568097,SIMULATED,NORMAL
2026-06-17T16:22:24.518598+00:00,DION_001,214652,0.7427718973016718,SIMULATED,NORMAL
2026-06-17T16:22:24.528931+00:00,DION_001,214653,0.6812585570230504,SIMULATED,NORMAL
2026-06-17T16:22:24.539278+00:00,DION_001,214654,0.8616814149378318,SIMULATED,NORMAL
2026-06-17T16:22:24.549619+00:00,DION_001,214655,0.7857222642244112,SIMULATED,NORMAL
2026-06-17T16:22:24.560039+00:00,DION_001,214656,0.43775361067469387,SIMULATED,NORMAL
2026-06-17T16:22:24.570724+00:00,DION_001,214657,0.6442383110498158,SIMULATED,NORMAL
2026-06-17T16:22:24.581185+00:00,DION_001,214658,0.5538803540802308,SIMULATED,NORMAL
2026-06-17T16:22:24.591575+00:00,DION_001,214659,0.6782870538791036,SIMULATED,NORMAL
2026-06-17T16:22:24.602083+00:00,DION_001,214660,0.7173796313897525,SIMULATED,NORMAL
2026-06-17T16:22:24.612538+00:00,DION_001,214661,0.5924551632105313,SIMULATED,NORMAL
2026-06-17T16:22:24.622940+00:00,DION_001,214662,0.5406637494084748,SIMULATED,NORMAL
2026-06-17T16:22:24.633380+00:00,DION_001,214663,0.41792266289764224,SIMULATED,NORMAL
2026-06-17T16:22:24.643716+00:00,DION_001,214664,0.49952368601448477,SIMULATED,NORMAL
2026-06-17T16:22:24.654264+00:00,DION_001,214665,0.7444073320953561,SIMULATED,NORMAL
2026-06-17T16:22:24.664766+00:00,DION_001,214666,0.7192567105801162,SIMULATED,NORMAL
2026-06-17T16:22:24.675128+00:00,DION_001,214667,0.6313628261224582,SIMULATED,NORMAL
2026-06-17T16:22:24.685585+00:00,DION_001,214668,-0.9782251273178748,SIMULATED,NORMAL
2026-06-17T16:22:24.696445+00:00,DION_001,214669,0.514518007006699,SIMULATED,NORMAL
2026-06-17T16:22:24.706901+00:00,DION_001,214670,0.15107145412873796,SIMULATED,NORMAL
2026-06-17T16:22:24.717228+00:00,DION_001,214671,0.4167091894088813,SIMULATED,NORMAL
2026-06-17T16:22:24.727571+00:00,DION_001,214672,0.28140345124786187,SIMULATED,NORMAL
2026-06-17T16:22:24.737819+00:00,DION_001,214673,0.42610559199647224,SIMULATED,NORMAL
2026-06-17T16:22:24.748081+00:00,DION_001,214674,0.4988066729481869,SIMULATED,NORMAL
2026-06-17T16:22:24.758426+00:00,DION_001,214675,0.32303736476053935,SIMULATED,NORMAL
2026-06-17T16:22:24.768794+00:00,DION_001,214676,0.48720880066642386,SIMULATED,NORMAL
2026-06-17T16:22:24.779196+00:00,DION_001,214677,0.4716362064857962,SIMULATED,NORMAL
2026-06-17T16:22:24.789466+00:00,DION_001,214678,0.18072220772834457,SIMULATED,NORMAL
2026-06-17T16:22:24.799795+00:00,DION_001,214679,0.2948325942481588,SIMULATED,NORMAL
2026-06-17T16:22:24.810170+00:00,DION_001,214680,0.3419882281237429,SIMULATED,NORMAL
2026-06-17T16:22:24.820491+00:00,DION_001,214681,0.3491025493978885,SIMULATED,NORMAL
2026-06-17T16:22:24.830849+00:00,DION_001,214682,0.48398782798071216,SIMULATED,NORMAL
2026-06-17T16:22:24.841145+00:00,DION_001,214683,0.4118202387341238,SIMULATED,NORMAL
2026-06-17T16:22:24.851418+00:00,DION_001,214684,0.5553355652699257,SIMULATED,NORMAL
2026-06-17T16:22:24.861622+00:00,DION_001,214685,3.3990605029941037,SIMULATED,EVENT_DETECTED
2026-06-17T16:22:24.872137+00:00,DION_001,214686,0.4552456745223629,SIMULATED,NORMAL
2026-06-17T16:22:24.882352+00:00,DION_001,214687,0.23501318568849688,SIMULATED,NORMAL
2026-06-17T16:22:24.892586+00:00,DION_001,214688,0.5178033070936775,SIMULATED,NORMAL
2026-06-17T16:22:24.902819+00:00,DION_001,214689,0.41508755766810446,SIMULATED,NORMAL
2026-06-17T16:22:24.913059+00:00,DION_001,214690,0.42615178963246786,SIMULATED,NORMAL
2026-06-17T16:22:24.923327+00:00,DION_001,214691,0.3928724865684806,SIMULATED,NORMAL
2026-06-17T16:22:24.933618+00:00,DION_001,214692,2.5435275947073155,SIMULATED,EVENT_DETECTED
2026-06-17T16:22:24.944009+00:00,DION_001,214693,0.6705748859186138,SIMULATED,NORMAL
2026-06-17T16:22:24.954238+00:00,DION_001,214694,0.7753777171316445,SIMULATED,NORMAL
2026-06-17T16:22:24.964496+00:00,DION_001,214695,0.5123477222186315,SIMULATED,NORMAL
2026-06-17T16:22:24.974791+00:00,DION_001,214696,0.5392767583961606,SIMULATED,NORMAL
2026-06-17T16:22:24.985061+00:00,DION_001,214697,1.0189403124130638,SIMULATED,NORMAL
2026-06-17T16:22:24.995312+00:00,DION_001,214698,0.5621114683590518,SIMULATED,NORMAL
2026-06-17T16:22:25.005537+00:00,DION_001,214699,0.683100694753114,SIMULATED,NORMAL
2026-06-17T16:22:25.015762+00:00,DION_001,214700,0.6036054193620539,SIMULATED,NORMAL
2026-06-17T16:22:25.026214+00:00,DION_001,214701,0.8283894489835908,SIMULATED,NORMAL
2026-06-17T16:22:25.036533+00:00,DION_001,214702,1.0758578237175986,SIMULATED,NORMAL
2026-06-17T16:22:25.046841+00:00,DION_001,214703,0.9262626499621835,SIMULATED,NORMAL
2026-06-17T16:22:25.057090+00:00,DION_001,214704,0.856595471464687,SIMULATED,NORMAL
2026-06-17T16:22:25.067398+00:00,DION_001,214705,0.7592905093090407,SIMULATED,NORMAL
2026-06-17T16:22:25.077626+00:00,DION_001,214706,0.8947589663499659,SIMULATED,NORMAL
2026-06-17T16:22:25.087857+00:00,DION_001,214707,1.0543408792315059,SIMULATED,NORMAL
2026-06-17T16:22:25.098074+00:00,DION_001,214708,1.1652798445715322,SIMULATED,NORMAL
2026-06-17T16:22:25.108310+00:00,DION_001,214709,0.8798122369503738,SIMULATED,NORMAL
2026-06-17T16:22:25.118609+00:00,DION_001,214710,1.2753795345595509,SIMULATED,NORMAL
2026-06-17T16:22:25.128796+00:00,DION_001,214711,1.1615510077461781,SIMULATED,NORMAL
2026-06-17T16:22:25.139045+00:00,DION_001,214712,0.8442042019578091,SIMULATED,NORMAL
2026-06-17T16:22:25.149347+00:00,DION_001,214713,1.2072019294762102,SIMULATED,NORMAL
2026-06-17T16:22:25.159728+00:00,DION_001,214714,1.1199826998473692,SIMULATED,NORMAL
2026-06-17T16:22:25.170014+00:00,DION_001,214715,1.2443515561564313,SIMULATED,NORMAL
2026-06-17T16:22:25.180262+00:00,DION_001,214716,1.2260817781748592,SIMULATED,NORMAL
2026-06-17T16:22:25.190475+00:00,DION_001,214717,0.9850870106917257,SIMULATED,NORMAL
2026-06-17T16:22:25.200821+00:00,DION_001,214718,1.2519350022716036,SIMULATED,NORMAL
2026-06-17T16:22:25.211077+00:00,DION_001,214719,1.1893333678627747,SIMULATED,NORMAL
2026-06-17T16:22:25.221261+00:00,DION_001,214720,1.0812247113212607,SIMULATED,NORMAL
2026-06-17T16:22:25.231484+00:00,DION_001,214721,1.28780014081714,SIMULATED,NORMAL
2026-06-17T16:22:25.241702+00:00,DION_001,214722,1.116647095887467,SIMULATED,NORMAL
2026-06-17T16:22:25.251961+00:00,DION_001,214723,1.1352455751762136,SIMULATED,NORMAL
2026-06-17T16:22:25.262260+00:00,DION_001,214724,1.338712117135528,SIMULATED,NORMAL
2026-06-17T16:22:25.272615+00:00,DION_001,214725,0.9769378339473059,SIMULATED,NORMAL
2026-06-17T16:22:25.282867+00:00,DION_001,214726,0.8018834955931624,SIMULATED,NORMAL
2026-06-17T16:22:25.293141+00:00,DION_001,214727,0.9702155456199357,SIMULATED,NORMAL
2026-06-17T16:22:25.303415+00:00,DION_001,214728,1.0970369231742692,SIMULATED,NORMAL
2026-06-17T16:22:25.313618+00:00,DION_001,214729,3.681319666435934,SIMULATED,EVENT_DETECTED
2026-06-17T16:22:25.323953+00:00,DION_001,214730,1.2391157619696527,SIMULATED,NORMAL
2026-06-17T16:22:25.334208+00:00,DION_001,214731,0.9030014612159779,SIMULATED,NORMAL
2026-06-17T16:22:25.344437+00:00,DION_001,214732,0.6346095678537786,SIMULATED,NORMAL
2026-06-17T16:22:25.354643+00:00,DION_001,214733,0.976841758163023,SIMULATED,NORMAL
2026-06-17T16:22:25.364864+00:00,DION_001,214734,0.9349819444529358,SIMULATED,NORMAL
2026-06-17T16:22:25.375111+00:00,DION_001,214735,0.7679655273664335,SIMULATED,NORMAL
2026-06-17T16:22:25.385390+00:00,DION_001,214736,0.6908563386902427,SIMULATED,NORMAL
2026-06-17T16:22:25.395672+00:00,DION_001,214737,0.7767996701315977,SIMULATED,NORMAL
2026-06-17T16:22:25.405969+00:00,DION_001,214738,0.592264105235637,SIMULATED,NORMAL
2026-06-17T16:22:25.416190+00:00,DION_001,214739,0.42093463665972486,SIMULATED,NORMAL
2026-06-17T16:22:25.426414+00:00,DION_001,214740,0.3181458938855693,SIMULATED,NORMAL
2026-06-17T16:22:25.436615+00:00,DION_001,214741,0.3886732992337597,SIMULATED,NORMAL
2026-06-17T16:22:25.446794+00:00,DION_001,214742,0.41896232914737425,SIMULATED,NORMAL
2026-06-17T16:22:25.457015+00:00,DION_001,214743,0.5931731973608406,SIMULATED,NORMAL
2026-06-17T16:22:25.467239+00:00,DION_001,214744,0.46067630403477,SIMULATED,NORMAL
2026-06-17T16:22:25.477474+00:00,DION_001,214745,0.38836157910216523,SIMULATED,NORMAL
2026-06-17T16:22:25.487737+00:00,DION_001,214746,0.48920433641835764,SIMULATED,NORMAL
2026-06-17T16:22:25.498025+00:00,DION_001,214747,0.46293077878707495,SIMULATED,NORMAL
2026-06-17T16:22:25.508312+00:00,DION_001,214748,0.5528330756157777,SIMULATED,NORMAL
2026-06-17T16:22:25.518620+00:00,DION_001,214749,0.31617606490239897,SIMULATED,NORMAL
2026-06-17T16:22:25.528869+00:00,DION_001,214750,0.11996835772949445,SIMULATED,NORMAL
2026-06-17T16:22:25.539106+00:00,DION_001,214751,0.3874673834949657,SIMULATED,NORMAL
2026-06-17T16:22:25.549391+00:00,DION_001,214752,0.26165227899656673,SIMULATED,NORMAL
2026-06-17T16:22:25.559680+00:00,DION_001,214753,-0.04988938193575079,SIMULATED,NORMAL
2026-06-17T16:22:25.569925+00:00,DION_001,214754,0.18213985004916128,SIMULATED,NORMAL
2026-06-17T16:22:25.580230+00:00,DION_001,214755,0.1463727010937434,SIMULATED,NORMAL
2026-06-17T16:22:25.590446+00:00,DION_001,214756,0.17657641660560613,SIMULATED,NORMAL
2026-06-17T16:22:25.600672+00:00,DION_001,214757,0.028101301649104675,SIMULATED,NORMAL
2026-06-17T16:22:25.610906+00:00,DION_001,214758,0.125958323711224,SIMULATED,NORMAL
2026-06-17T16:22:25.621298+00:00,DION_001,214759,0.13784439625313205,SIMULATED,NORMAL
2026-06-17T16:22:25.631736+00:00,DION_001,214760,-0.09408610117963506,SIMULATED,NORMAL
2026-06-17T16:22:25.642131+00:00,DION_001,214761,-0.06707589546401213,SIMULATED,NORMAL
2026-06-17T16:22:25.652672+00:00,DION_001,214762,0.12888593093264272,SIMULATED,NORMAL
2026-06-17T16:22:25.663456+00:00,DION_001,214763,-0.11418963318433242,SIMULATED,NORMAL
2026-06-17T16:22:25.673808+00:00,DION_001,214764,0.020318599485415017,SIMULATED,NORMAL
2026-06-17T16:22:25.684216+00:00,DION_001,214765,0.17285988614471165,SIMULATED,NORMAL
2026-06-17T16:22:25.694537+00:00,DION_001,214766,0.12105924677143404,SIMULATED,NORMAL
2026-06-17T16:22:25.704824+00:00,DION_001,214767,0.29201376157798936,SIMULATED,NORMAL
2026-06-17T16:22:25.715140+00:00,DION_001,214768,-0.11791687434474823,SIMULATED,NORMAL
2026-06-17T16:22:25.725483+00:00,DION_001,214769,0.33541371733875874,SIMULATED,NORMAL
2026-06-17T16:22:25.735825+00:00,DION_001,214770,0.059311861316016706,SIMULATED,NORMAL
2026-06-17T16:22:25.746172+00:00,DION_001,214771,0.15257306651193814,SIMULATED,NORMAL
2026-06-17T16:22:25.756768+00:00,DION_001,214772,0.047194472424103774,SIMULATED,NORMAL
2026-06-17T16:22:25.767267+00:00,DION_001,214773,-0.18678769030450063,SIMULATED,NORMAL
2026-06-17T16:22:25.777761+00:00,DION_001,214774,-0.16281854952831817,SIMULATED,NORMAL
2026-06-17T16:22:25.788234+00:00,DION_001,214775,-0.09634451526132057,SIMULATED,NORMAL
2026-06-17T16:22:25.798815+00:00,DION_001,214776,0.07789989784857004,SIMULATED,NORMAL
2026-06-17T16:22:25.809271+00:00,DION_001,214777,-0.0020340225018558034,SIMULATED,NORMAL
2026-06-17T16:22:25.819838+00:00,DION_001,214778,0.07170362746786217,SIMULATED,NORMAL
2026-06-17T16:22:25.830516+00:00,DION_001,214779,0.049342229968332374,SIMULATED,NORMAL
2026-06-17T16:22:25.840852+00:00,DION_001,214780,0.20430900308540217,SIMULATED,NORMAL
2026-06-17T16:22:25.851183+00:00,DION_001,214781,0.3206748290569842,SIMULATED,NORMAL
2026-06-17T16:22:25.861435+00:00,DION_001,214782,0.3439218618160341,SIMULATED,NORMAL
2026-06-17T16:22:25.871708+00:00,DION_001,214783,0.19874378222962175,SIMULATED,NORMAL
2026-06-17T16:22:25.881929+00:00,DION_001,214784,0.3922535289725666,SIMULATED,NORMAL
2026-06-17T16:22:25.892107+00:00,DION_001,214785,0.10076822187106296,SIMULATED,NORMAL
2026-06-17T16:22:25.902329+00:00,DION_001,214786,0.6116585575994404,SIMULATED,NORMAL
2026-06-17T16:22:25.912700+00:00,DION_001,214787,0.16922988482050394,SIMULATED,NORMAL
2026-06-17T16:22:25.923068+00:00,DION_001,214788,0.20337025656414232,SIMULATED,NORMAL
2026-06-17T16:22:25.933350+00:00,DION_001,214789,0.4855849337722577,SIMULATED,NORMAL
2026-06-17T16:22:25.943622+00:00,DION_001,214790,0.46946495366517066,SIMULATED,NORMAL
2026-06-17T16:22:25.953909+00:00,DION_001,214791,0.2903574008619862,SIMULATED,NORMAL
2026-06-17T16:22:25.964158+00:00,DION_001,214792,0.3036690063312655,SIMULATED,NORMAL
2026-06-17T16:22:25.974413+00:00,DION_001,214793,0.24243860087632962,SIMULATED,NORMAL
2026-06-17T16:22:25.984656+00:00,DION_001,214794,0.6057460825495594,SIMULATED,NORMAL
2026-06-17T16:22:25.994882+00:00,DION_001,214795,0.5109835473692473,SIMULATED,NORMAL
2026-06-17T16:22:26.005106+00:00,DION_001,214796,0.2911798545834071,SIMULATED,NORMAL
2026-06-17T16:22:26.015342+00:00,DION_001,214797,0.5050340775940299,SIMULATED,NORMAL
2026-06-17T16:22:26.025603+00:00,DION_001,214798,0.4029092436011559,SIMULATED,NORMAL
2026-06-17T16:22:26.035875+00:00,DION_001,214799,0.1600363253648229,SIMULATED,NORMAL
2026-06-17T16:22:26.046169+00:00,DION_001,214800,-2.0240136281228107,SIMULATED,EVENT_DETECTED
2026-06-17T16:22:26.056607+00:00,DION_001,214801,0.37472733913807177,SIMULATED,NORMAL
2026-06-17T16:22:26.066905+00:00,DION_001,214802,0.22394441638103235,SIMULATED,NORMAL
2026-06-17T16:22:26.077186+00:00,DION_001,214803,0.6147372763180914,SIMULATED,NORMAL
2026-06-17T16:22:26.087438+00:00,DION_001,214804,0.20071125159052094,SIMULATED,NORMAL
2026-06-17T16:22:26.097684+00:00,DION_001,214805,0.0711381377475652,SIMULATED,NORMAL
2026-06-17T16:22:26.107930+00:00,DION_001,214806,0.03939240012743131,SIMULATED,NORMAL
2026-06-17T16:22:26.118220+00:00,DION_001,214807,0.19546553315476528,SIMULATED,NORMAL
2026-06-17T16:22:26.128425+00:00,DION_001,214808,0.09390035973261121,SIMULATED,NORMAL
2026-06-17T16:22:26.138595+00:00,DION_001,214809,0.07715849788228987,SIMULATED,NORMAL
2026-06-17T16:22:26.148794+00:00,DION_001,214810,-0.07441513338905742,SIMULATED,NORMAL
2026-06-17T16:22:26.158994+00:00,DION_001,214811,0.04395094577456867,SIMULATED,NORMAL
2026-06-17T16:22:26.169225+00:00,DION_001,214812,0.12158926501512528,SIMULATED,NORMAL
2026-06-17T16:22:26.179502+00:00,DION_001,214813,0.13819689365968138,SIMULATED,NORMAL
2026-06-17T16:22:26.189796+00:00,DION_001,214814,-0.01925502929844581,SIMULATED,NORMAL
2026-06-17T16:22:26.200060+00:00,DION_001,214815,0.04786785335634147,SIMULATED,NORMAL
2026-06-17T16:22:26.210305+00:00,DION_001,214816,0.08277924481163304,SIMULATED,NORMAL
2026-06-17T16:22:26.220569+00:00,DION_001,214817,-0.20494568761442938,SIMULATED,NORMAL
2026-06-17T16:22:26.230754+00:00,DION_001,214818,-0.25309791741865123,SIMULATED,NORMAL
2026-06-17T16:22:26.240964+00:00,DION_001,214819,-0.45618326124823483,SIMULATED,NORMAL
2026-06-17T16:22:26.251227+00:00,DION_001,214820,-0.5218682333507864,SIMULATED,NORMAL
2026-06-17T16:22:26.261514+00:00,DION_001,214821,-0.2747937667791667,SIMULATED,NORMAL
2026-06-17T16:22:26.271817+00:00,DION_001,214822,-0.6771941140512382,SIMULATED,NORMAL
2026-06-17T16:22:26.282145+00:00,DION_001,214823,-0.44094348634422553,SIMULATED,NORMAL
2026-06-17T16:22:26.292456+00:00,DION_001,214824,-0.3490437005271627,SIMULATED,NORMAL
2026-06-17T16:22:26.302787+00:00,DION_001,214825,-0.5040557333272514,SIMULATED,NORMAL
2026-06-17T16:22:26.313036+00:00,DION_001,214826,-0.3928389274036994,SIMULATED,NORMAL
2026-06-17T16:22:26.323273+00:00,DION_001,214827,-0.5103035121096176,SIMULATED,NORMAL
2026-06-17T16:22:26.333570+00:00,DION_001,214828,-0.4095250891228489,SIMULATED,NORMAL
2026-06-17T16:22:26.343966+00:00,DION_001,214829,-0.46877568515076207,SIMULATED,NORMAL
2026-06-17T16:22:26.354223+00:00,DION_001,214830,-0.7785473702039831,SIMULATED,NORMAL
2026-06-17T16:22:26.364493+00:00,DION_001,214831,-0.5618775451762936,SIMULATED,NORMAL
2026-06-17T16:22:26.374833+00:00,DION_001,214832,-2.3208195127848477,SIMULATED,EVENT_DETECTED
2026-06-17T16:22:26.385183+00:00,DION_001,214833,-0.5986583105974739,SIMULATED,NORMAL
2026-06-17T16:22:26.395389+00:00,DION_001,214834,-0.7222802436394451,SIMULATED,NORMAL
2026-06-17T16:22:26.405759+00:00,DION_001,214835,-0.8347110529636323,SIMULATED,NORMAL
2026-06-17T16:22:26.416248+00:00,DION_001,214836,-0.7624605091084375,SIMULATED,NORMAL
2026-06-17T16:22:26.426540+00:00,DION_001,214837,-0.9664761556498351,SIMULATED,NORMAL
2026-06-17T16:22:26.436837+00:00,DION_001,214838,-0.9432652998864425,SIMULATED,NORMAL
2026-06-17T16:22:26.447113+00:00,DION_001,214839,-0.902584415507211,SIMULATED,NORMAL
2026-06-17T16:22:26.457316+00:00,DION_001,214840,-0.8718423497593945,SIMULATED,NORMAL
2026-06-17T16:22:26.467543+00:00,DION_001,214841,-0.9446243169620975,SIMULATED,NORMAL
2026-06-17T16:22:26.477785+00:00,DION_001,214842,-0.6483273032326986,SIMULATED,NORMAL
2026-06-17T16:22:26.488107+00:00,DION_001,214843,-1.2080059170122721,SIMULATED,NORMAL
2026-06-17T16:22:26.498602+00:00,DION_001,214844,-1.0804001833664336,SIMULATED,NORMAL
2026-06-17T16:22:26.508916+00:00,DION_001,214845,-1.1491864604677524,SIMULATED,NORMAL
2026-06-17T16:22:26.519296+00:00,DION_001,214846,-1.2706679037447355,SIMULATED,NORMAL
2026-06-17T16:22:26.529564+00:00,DION_001,214847,-1.0402431755273704,SIMULATED,NORMAL
2026-06-17T16:22:26.539917+00:00,DION_001,214848,-0.6092876597951946,SIMULATED,NORMAL
2026-06-17T16:22:26.550219+00:00,DION_001,214849,-1.1083256178901861,SIMULATED,NORMAL
2026-06-17T16:22:26.560527+00:00,DION_001,214850,-0.5633714257610836,SIMULATED,NORMAL
2026-06-17T16:22:26.570907+00:00,DION_001,214851,-0.8615722424900535,SIMULATED,NORMAL
2026-06-17T16:22:26.581204+00:00,DION_001,214852,-0.7876653822530205,SIMULATED,NORMAL
2026-06-17T16:22:26.591418+00:00,DION_001,214853,-0.4057208134842357,SIMULATED,NORMAL
2026-06-17T16:22:26.601677+00:00,DION_001,214854,-0.6791904407790627,SIMULATED,NORMAL
2026-06-17T16:22:26.611857+00:00,DION_001,214855,-0.7859806363374827,SIMULATED,NORMAL
2026-06-17T16:22:26.622095+00:00,DION_001,214856,-0.7286513056443099,SIMULATED,NORMAL
2026-06-17T16:22:26.632346+00:00,DION_001,214857,-0.8436286557076808,SIMULATED,NORMAL
2026-06-17T16:22:26.642575+00:00,DION_001,214858,-0.5442119650013595,SIMULATED,NORMAL
2026-06-17T16:22:26.653124+00:00,DION_001,214859,-0.6879948665361603,SIMULATED,NORMAL
2026-06-17T16:22:26.663497+00:00,DION_001,214860,-0.7698892645994977,SIMULATED,NORMAL
2026-06-17T16:22:26.673861+00:00,DION_001,214861,-0.8522075336853576,SIMULATED,NORMAL
2026-06-17T16:22:26.684150+00:00,DION_001,214862,-0.9099161233596824,SIMULATED,NORMAL
2026-06-17T16:22:26.694457+00:00,DION_001,214863,-0.7036456522766822,SIMULATED,NORMAL
2026-06-17T16:22:26.704763+00:00,DION_001,214864,-0.6114577244137783,SIMULATED,NORMAL
2026-06-17T16:22:26.715194+00:00,DION_001,214865,-0.35600449867790424,SIMULATED,NORMAL
2026-06-17T16:22:26.725596+00:00,DION_001,214866,-0.5545692456780513,SIMULATED,NORMAL
2026-06-17T16:22:26.735893+00:00,DION_001,214867,-0.5723583938771017,SIMULATED,NORMAL
2026-06-17T16:22:26.746219+00:00,DION_001,214868,-0.4228131786737718,SIMULATED,NORMAL
2026-06-17T16:22:26.756671+00:00,DION_001,214869,-0.46129826685024566,SIMULATED,NORMAL
2026-06-17T16:22:26.766962+00:00,DION_001,214870,-0.17747147829122706,SIMULATED,NORMAL
2026-06-17T16:22:26.777317+00:00,DION_001,214871,-0.34771732763989677,SIMULATED,NORMAL
2026-06-17T16:22:26.787607+00:00,DION_001,214872,-0.437826218712056,SIMULATED,NORMAL
2026-06-17T16:22:26.797978+00:00,DION_001,214873,-0.1505132982331191,SIMULATED,NORMAL
2026-06-17T16:22:26.808291+00:00,DION_001,214874,-0.49259435836270016,SIMULATED,NORMAL
2026-06-17T16:22:26.818581+00:00,DION_001,214875,-0.7037740114262574,SIMULATED,NORMAL
2026-06-17T16:22:26.828884+00:00,DION_001,214876,-0.3925927382488494,SIMULATED,NORMAL
2026-06-17T16:22:26.839316+00:00,DION_001,214877,-0.5851477593833759,SIMULATED,NORMAL
2026-06-17T16:22:26.849892+00:00,DION_001,214878,-0.32739728987513617,SIMULATED,NORMAL
2026-06-17T16:22:26.860208+00:00,DION_001,214879,-0.6227913379328324,SIMULATED,NORMAL
2026-06-17T16:22:26.870581+00:00,DION_001,214880,-0.5018232008213228,SIMULATED,NORMAL
2026-06-17T16:22:26.881006+00:00,DION_001,214881,-0.3300049672538471,SIMULATED,NORMAL
2026-06-17T16:22:26.891451+00:00,DION_001,214882,-0.39490109558696995,SIMULATED,NORMAL
2026-06-17T16:22:26.901915+00:00,DION_001,214883,-0.5074597253611983,SIMULATED,NORMAL
2026-06-17T16:22:26.912532+00:00,DION_001,214884,-0.46247852210204476,SIMULATED,NORMAL
2026-06-17T16:22:26.923073+00:00,DION_001,214885,-0.34417070405474476,SIMULATED,NORMAL
2026-06-17T16:22:26.933418+00:00,DION_001,214886,-0.475077636785246,SIMULATED,NORMAL
2026-06-17T16:22:26.943997+00:00,DION_001,214887,-0.41263595177633217,SIMULATED,NORMAL
2026-06-17T16:22:26.954565+00:00,DION_001,214888,-0.3600518094120175,SIMULATED,NORMAL
2026-06-17T16:22:26.964963+00:00,DION_001,214889,-0.5738173270864924,SIMULATED,NORMAL
2026-06-17T16:22:26.975276+00:00,DION_001,214890,-0.15575514071570018,SIMULATED,NORMAL
2026-06-17T16:22:26.985546+00:00,DION_001,214891,-0.3848452787694874,SIMULATED,NORMAL
2026-06-17T16:22:26.995798+00:00,DION_001,214892,-0.6805240441909192,SIMULATED,NORMAL
2026-06-17T16:22:27.006029+00:00,DION_001,214893,-0.5409574882964552,SIMULATED,NORMAL
2026-06-17T16:22:27.016257+00:00,DION_001,214894,-0.41157029657281174,SIMULATED,NORMAL
2026-06-17T16:22:27.026482+00:00,DION_001,214895,-0.5462577363365728,SIMULATED,NORMAL
2026-06-17T16:22:27.036690+00:00,DION_001,214896,-0.4831296840932212,SIMULATED,NORMAL
2026-06-17T16:22:27.046921+00:00,DION_001,214897,-0.7264293977113798,SIMULATED,NORMAL
2026-06-17T16:22:27.057124+00:00,DION_001,214898,-0.5825387616098252,SIMULATED,NORMAL
2026-06-17T16:22:27.067326+00:00,DION_001,214899,-0.42745994510518126,SIMULATED,NORMAL
2026-06-17T16:22:27.077611+00:00,DION_001,214900,-0.6857252745778727,SIMULATED,NORMAL
2026-06-17T16:22:27.087914+00:00,DION_001,214901,-0.8443571516404361,SIMULATED,NORMAL
2026-06-17T16:22:27.098215+00:00,DION_001,214902,-0.9038722619248452,SIMULATED,NORMAL
2026-06-17T16:22:27.108697+00:00,DION_001,214903,-0.620023582636216,SIMULATED,NORMAL
2026-06-17T16:22:27.119000+00:00,DION_001,214904,-0.815036012837709,SIMULATED,NORMAL
2026-06-17T16:22:27.129366+00:00,DION_001,214905,-0.9265408819275994,SIMULATED,NORMAL
2026-06-17T16:22:27.139628+00:00,DION_001,214906,-1.0492361488403992,SIMULATED,NORMAL
2026-06-17T16:22:27.149844+00:00,DION_001,214907,-0.9065604812794152,SIMULATED,NORMAL
2026-06-17T16:22:27.160078+00:00,DION_001,214908,-0.9772637613694416,SIMULATED,NORMAL
2026-06-17T16:22:27.170295+00:00,DION_001,214909,-1.1445354601800504,SIMULATED,NORMAL
2026-06-17T16:22:27.180520+00:00,DION_001,214910,-0.9677003673642859,SIMULATED,NORMAL
2026-06-17T16:22:27.190882+00:00,DION_001,214911,-1.0953807399170732,SIMULATED,NORMAL
2026-06-17T16:22:27.201120+00:00,DION_001,214912,-1.0787840803595048,SIMULATED,NORMAL
2026-06-17T16:22:27.211377+00:00,DION_001,214913,-0.8914868010128683,SIMULATED,NORMAL
2026-06-17T16:22:27.221649+00:00,DION_001,214914,-1.1137158445882098,SIMULATED,NORMAL
2026-06-17T16:22:27.231983+00:00,DION_001,214915,-1.027044294630145,SIMULATED,NORMAL
2026-06-17T16:22:27.242233+00:00,DION_001,214916,-1.3618061033086082,SIMULATED,NORMAL
2026-06-17T16:22:27.252478+00:00,DION_001,214917,-1.2213689354055692,SIMULATED,NORMAL
2026-06-17T16:22:27.262793+00:00,DION_001,214918,-1.1794973085473852,SIMULATED,NORMAL
2026-06-17T16:22:27.273019+00:00,DION_001,214919,-1.0455907555368498,SIMULATED,NORMAL
2026-06-17T16:22:27.283412+00:00,DION_001,214920,-1.0286309874264026,SIMULATED,NORMAL
2026-06-17T16:22:27.293702+00:00,DION_001,214921,-1.295915931647033,SIMULATED,NORMAL
2026-06-17T16:22:27.303942+00:00,DION_001,214922,-1.1754736570157982,SIMULATED,NORMAL
2026-06-17T16:22:27.314212+00:00,DION_001,214923,-0.9813500244901776,SIMULATED,NORMAL
2026-06-17T16:22:27.324499+00:00,DION_001,214924,-1.1625509142153487,SIMULATED,NORMAL
2026-06-17T16:22:27.334871+00:00,DION_001,214925,-1.1388235593205396,SIMULATED,NORMAL
2026-06-17T16:22:27.345196+00:00,DION_001,214926,-1.0089570843427729,SIMULATED,NORMAL
2026-06-17T16:22:27.355539+00:00,DION_001,214927,-0.66386087397114,SIMULATED,NORMAL
2026-06-17T16:22:27.365922+00:00,DION_001,214928,-1.0721332843563145,SIMULATED,NORMAL
2026-06-17T16:22:27.376294+00:00,DION_001,214929,-0.8308834836457037,SIMULATED,NORMAL
2026-06-17T16:22:27.386547+00:00,DION_001,214930,-0.8714732783181718,SIMULATED,NORMAL
2026-06-17T16:22:27.396785+00:00,DION_001,214931,-0.8292689633539521,SIMULATED,NORMAL
2026-06-17T16:22:27.407007+00:00,DION_001,214932,-0.9138612939783114,SIMULATED,NORMAL
2026-06-17T16:22:27.417240+00:00,DION_001,214933,-1.0831810940905344,SIMULATED,NORMAL
2026-06-17T16:22:27.427438+00:00,DION_001,214934,-1.0106976891833963,SIMULATED,NORMAL
2026-06-17T16:22:27.437650+00:00,DION_001,214935,-0.8545623688586919,SIMULATED,NORMAL
2026-06-17T16:22:27.447844+00:00,DION_001,214936,-0.494706967862569,SIMULATED,NORMAL
2026-06-17T16:22:27.458116+00:00,DION_001,214937,-0.8081142335918422,SIMULATED,NORMAL
2026-06-17T16:22:27.468517+00:00,DION_001,214938,-0.6433290757749854,SIMULATED,NORMAL
2026-06-17T16:22:27.479177+00:00,DION_001,214939,-0.8495785581347366,SIMULATED,NORMAL
2026-06-17T16:22:27.489572+00:00,DION_001,214940,-0.6287570266974336,SIMULATED,NORMAL
2026-06-17T16:22:27.499852+00:00,DION_001,214941,-0.6565008443879021,SIMULATED,NORMAL
2026-06-17T16:22:27.510184+00:00,DION_001,214942,-0.5783446843788439,SIMULATED,NORMAL
2026-06-17T16:22:27.520400+00:00,DION_001,214943,-0.34025936573440974,SIMULATED,NORMAL
2026-06-17T16:22:27.530630+00:00,DION_001,214944,-0.452319836790483,SIMULATED,NORMAL
2026-06-17T16:22:27.540973+00:00,DION_001,214945,-0.18689062987141025,SIMULATED,NORMAL
2026-06-17T16:22:27.551246+00:00,DION_001,214946,-0.6201828654750405,SIMULATED,NORMAL
2026-06-17T16:22:27.561500+00:00,DION_001,214947,-0.3553707148277801,SIMULATED,NORMAL
2026-06-17T16:22:27.571860+00:00,DION_001,214948,-0.376900845989532,SIMULATED,NORMAL
2026-06-17T16:22:27.582201+00:00,DION_001,214949,-0.34554318958269054,SIMULATED,NORMAL
2026-06-17T16:22:27.592618+00:00,DION_001,214950,-0.6319902119001339,SIMULATED,NORMAL
2026-06-17T16:22:27.602997+00:00,DION_001,214951,-0.6557545926080937,SIMULATED,NORMAL
2026-06-17T16:22:27.613310+00:00,DION_001,214952,0.06305474768269462,SIMULATED,NORMAL
2026-06-17T16:22:27.623665+00:00,DION_001,214953,0.019251139869707834,SIMULATED,NORMAL
2026-06-17T16:22:27.633955+00:00,DION_001,214954,-0.05659497356480941,SIMULATED,NORMAL
2026-06-17T16:22:27.644260+00:00,DION_001,214955,-0.4605591642793024,SIMULATED,NORMAL
2026-06-17T16:22:27.654534+00:00,DION_001,214956,-0.18598110295752987,SIMULATED,NORMAL
2026-06-17T16:22:27.664801+00:00,DION_001,214957,-0.2662092667594853,SIMULATED,NORMAL
2026-06-17T16:22:27.675062+00:00,DION_001,214958,-0.20698509164481374,SIMULATED,NORMAL
2026-06-17T16:22:27.685393+00:00,DION_001,214959,0.05602484547810384,SIMULATED,NORMAL
2026-06-17T16:22:27.695602+00:00,DION_001,214960,0.20665101131044086,SIMULATED,NORMAL
2026-06-17T16:22:27.705832+00:00,DION_001,214961,0.2604547333417101,SIMULATED,NORMAL
2026-06-17T16:22:27.716062+00:00,DION_001,214962,-0.07522788360213808,SIMULATED,NORMAL
2026-06-17T16:22:27.726255+00:00,DION_001,214963,-0.019297930512266345,SIMULATED,NORMAL
2026-06-17T16:22:27.736530+00:00,DION_001,214964,0.18452527134380398,SIMULATED,NORMAL
2026-06-17T16:22:27.746813+00:00,DION_001,214965,0.04118742326889128,SIMULATED,NORMAL
2026-06-17T16:22:27.757076+00:00,DION_001,214966,0.14873861984414416,SIMULATED,NORMAL
2026-06-17T16:22:27.767494+00:00,DION_001,214967,0.054674057532581935,SIMULATED,NORMAL
2026-06-17T16:22:27.778013+00:00,DION_001,214968,0.23137047762696425,SIMULATED,NORMAL
2026-06-17T16:22:27.788334+00:00,DION_001,214969,0.017701525629906893,SIMULATED,NORMAL
2026-06-17T16:22:27.798650+00:00,DION_001,214970,0.08084300286679387,SIMULATED,NORMAL
2026-06-17T16:22:27.809074+00:00,DION_001,214971,0.02967066271448787,SIMULATED,NORMAL
2026-06-17T16:22:27.819376+00:00,DION_001,214972,-0.1081969254146222,SIMULATED,NORMAL
2026-06-17T16:22:27.829740+00:00,DION_001,214973,0.017061749890304588,SIMULATED,NORMAL
2026-06-17T16:22:27.840035+00:00,DION_001,214974,-0.10621769706854,SIMULATED,NORMAL
2026-06-17T16:22:27.850338+00:00,DION_001,214975,-0.039902838976493514,SIMULATED,NORMAL
2026-06-17T16:22:27.860674+00:00,DION_001,214976,-0.06049675882625188,SIMULATED,NORMAL
2026-06-17T16:22:27.871013+00:00,DION_001,214977,0.12217961902884236,SIMULATED,NORMAL
2026-06-17T16:22:27.881281+00:00,DION_001,214978,0.03867631223427705,SIMULATED,NORMAL
2026-06-17T16:22:27.891533+00:00,DION_001,214979,-0.05654150812305253,SIMULATED,NORMAL
2026-06-17T16:22:27.901808+00:00,DION_001,214980,-0.019197938007244224,SIMULATED,NORMAL
2026-06-17T16:22:27.912168+00:00,DION_001,214981,0.02716592939218032,SIMULATED,NORMAL
2026-06-17T16:22:27.922503+00:00,DION_001,214982,-0.14458116307716115,SIMULATED,NORMAL
2026-06-17T16:22:27.932730+00:00,DION_001,214983,-0.12728434771614114,SIMULATED,NORMAL
2026-06-17T16:22:27.942900+00:00,DION_001,214984,-0.044636134121437354,SIMULATED,NORMAL
2026-06-17T16:22:27.953123+00:00,DION_001,214985,-0.18587888564346902,SIMULATED,NORMAL
2026-06-17T16:22:27.963368+00:00,DION_001,214986,-2.883197245714324,SIMULATED,EVENT_DETECTED
2026-06-17T16:22:27.973857+00:00,DION_001,214987,-0.10987191489298785,SIMULATED,NORMAL
2026-06-17T16:22:27.984174+00:00,DION_001,214988,-0.1918010705714271,SIMULATED,NORMAL
2026-06-17T16:22:27.994485+00:00,DION_001,214989,-0.28066239367563006,SIMULATED,NORMAL
2026-06-17T16:22:28.004891+00:00,DION_001,214990,-0.2346514348752262,SIMULATED,NORMAL
2026-06-17T16:22:28.015286+00:00,DION_001,214991,-0.4193202172045326,SIMULATED,NORMAL
2026-06-17T16:22:28.025712+00:00,DION_001,214992,-0.419296279395219,SIMULATED,NORMAL
2026-06-17T16:22:28.036058+00:00,DION_001,214993,-0.3818360306700551,SIMULATED,NORMAL
2026-06-17T16:22:28.046522+00:00,DION_001,214994,-0.24244582390846925,SIMULATED,NORMAL
2026-06-17T16:22:28.056798+00:00,DION_001,214995,-0.25844222957480095,SIMULATED,NORMAL
2026-06-17T16:22:28.067075+00:00,DION_001,214996,-0.4363548275731837,SIMULATED,NORMAL
2026-06-17T16:22:28.077348+00:00,DION_001,214997,-0.41065172769095254,SIMULATED,NORMAL
2026-06-17T16:22:28.087681+00:00,DION_001,214998,-0.568235983232385,SIMULATED,NORMAL
2026-06-17T16:22:28.098015+00:00,DION_001,214999,-0.6191672064528062,SIMULATED,NORMAL
2026-06-17T16:22:28.108286+00:00,DION_001,215000,-0.0871369715608554,SIMULATED,NORMAL
2026-06-17T16:22:28.118563+00:00,DION_001,215001,-0.18944174857744855,SIMULATED,NORMAL
2026-06-17T16:22:28.128840+00:00,DION_001,215002,-0.4678631094172715,SIMULATED,NORMAL
2026-06-17T16:22:28.139272+00:00,DION_001,215003,-0.1387249235124583,SIMULATED,NORMAL
2026-06-17T16:22:28.149559+00:00,DION_001,215004,-0.5023568108065781,SIMULATED,NORMAL
2026-06-17T16:22:28.159927+00:00,DION_001,215005,1.2751709938673463,SIMULATED,NORMAL
2026-06-17T16:22:28.170372+00:00,DION_001,215006,-0.29301566077870456,SIMULATED,NORMAL
2026-06-17T16:22:28.180673+00:00,DION_001,215007,0.004654240991189829,SIMULATED,NORMAL
2026-06-17T16:22:28.190914+00:00,DION_001,215008,0.014794681801889809,SIMULATED,NORMAL
2026-06-17T16:22:28.201137+00:00,DION_001,215009,0.079058107976588,SIMULATED,NORMAL
2026-06-17T16:22:28.211376+00:00,DION_001,215010,0.13145220028628743,SIMULATED,NORMAL
2026-06-17T16:22:28.221668+00:00,DION_001,215011,-0.0869498134085652,SIMULATED,NORMAL
2026-06-17T16:22:28.231950+00:00,DION_001,215012,0.2377237842053127,SIMULATED,NORMAL
2026-06-17T16:22:28.242295+00:00,DION_001,215013,-0.10204143705725338,SIMULATED,NORMAL
2026-06-17T16:22:28.252583+00:00,DION_001,215014,0.28604054522647315,SIMULATED,NORMAL
2026-06-17T16:22:28.262858+00:00,DION_001,215015,0.2927543110833991,SIMULATED,NORMAL
2026-06-17T16:22:28.273101+00:00,DION_001,215016,0.4157747709782321,SIMULATED,NORMAL
2026-06-17T16:22:28.283326+00:00,DION_001,215017,0.5927119782867957,SIMULATED,NORMAL
2026-06-17T16:22:28.293546+00:00,DION_001,215018,0.32116943260626457,SIMULATED,NORMAL
2026-06-17T16:22:28.303709+00:00,DION_001,215019,0.40755851598918935,SIMULATED,NORMAL
2026-06-17T16:22:28.314033+00:00,DION_001,215020,0.1794100116636818,SIMULATED,NORMAL
2026-06-17T16:22:28.324416+00:00,DION_001,215021,0.4116566520966627,SIMULATED,NORMAL
2026-06-17T16:22:28.334736+00:00,DION_001,215022,0.4250018316415491,SIMULATED,NORMAL
2026-06-17T16:22:28.345011+00:00,DION_001,215023,0.43718765282793365,SIMULATED,NORMAL
2026-06-17T16:22:28.355319+00:00,DION_001,215024,0.4640753194779742,SIMULATED,NORMAL
2026-06-17T16:22:28.365601+00:00,DION_001,215025,0.37005300201712843,SIMULATED,NORMAL
2026-06-17T16:22:28.375870+00:00,DION_001,215026,0.2536009522925701,SIMULATED,NORMAL
2026-06-17T16:22:28.386092+00:00,DION_001,215027,0.7363463209667549,SIMULATED,NORMAL
2026-06-17T16:22:28.396342+00:00,DION_001,215028,0.8108148107801932,SIMULATED,NORMAL
2026-06-17T16:22:28.406589+00:00,DION_001,215029,0.9484933211753448,SIMULATED,NORMAL
2026-06-17T16:22:28.416813+00:00,DION_001,215030,0.6550718789552752,SIMULATED,NORMAL
2026-06-17T16:22:28.427119+00:00,DION_001,215031,0.8523058108748437,SIMULATED,NORMAL
2026-06-17T16:22:28.437373+00:00,DION_001,215032,1.001250762351698,SIMULATED,NORMAL
2026-06-17T16:22:28.447637+00:00,DION_001,215033,0.8170591759613779,SIMULATED,NORMAL
2026-06-17T16:22:28.457915+00:00,DION_001,215034,0.7268503657433594,SIMULATED,NORMAL
2026-06-17T16:22:28.468254+00:00,DION_001,215035,0.9285506913052408,SIMULATED,NORMAL
2026-06-17T16:22:28.478554+00:00,DION_001,215036,1.2507590446613837,SIMULATED,NORMAL
2026-06-17T16:22:28.488890+00:00,DION_001,215037,0.7436855255254481,SIMULATED,NORMAL
2026-06-17T16:22:28.499114+00:00,DION_001,215038,0.9519186986155527,SIMULATED,NORMAL
2026-06-17T16:22:28.509357+00:00,DION_001,215039,0.8947200102036615,SIMULATED,NORMAL
2026-06-17T16:22:28.519636+00:00,DION_001,215040,0.9555959205321778,SIMULATED,NORMAL
2026-06-17T16:22:28.529920+00:00,DION_001,215041,0.6716718769129923,SIMULATED,NORMAL
2026-06-17T16:22:28.540157+00:00,DION_001,215042,1.0941123711293559,SIMULATED,NORMAL
2026-06-17T16:22:28.550408+00:00,DION_001,215043,0.9943583790476002,SIMULATED,NORMAL
2026-06-17T16:22:28.560710+00:00,DION_001,215044,1.032108551566773,SIMULATED,NORMAL
2026-06-17T16:22:28.571000+00:00,DION_001,215045,0.6970123882267673,SIMULATED,NORMAL
2026-06-17T16:22:28.581283+00:00,DION_001,215046,0.7679918535769275,SIMULATED,NORMAL
2026-06-17T16:22:28.591590+00:00,DION_001,215047,0.8302750012373051,SIMULATED,NORMAL
2026-06-17T16:22:28.601923+00:00,DION_001,215048,1.0162674044645523,SIMULATED,NORMAL
2026-06-17T16:22:28.612199+00:00,DION_001,215049,0.9806443720570692,SIMULATED,NORMAL
2026-06-17T16:22:28.622541+00:00,DION_001,215050,0.7994343657704954,SIMULATED,NORMAL
2026-06-17T16:22:28.632794+00:00,DION_001,215051,0.8327929827417726,SIMULATED,NORMAL
2026-06-17T16:22:28.643014+00:00,DION_001,215052,0.9094014721281537,SIMULATED,NORMAL
2026-06-17T16:22:28.653233+00:00,DION_001,215053,1.0246809149864673,SIMULATED,NORMAL
2026-06-17T16:22:28.663460+00:00,DION_001,215054,1.0055925460487607,SIMULATED,NORMAL
2026-06-17T16:22:28.673691+00:00,DION_001,215055,0.8644716849703935,SIMULATED,NORMAL
2026-06-17T16:22:28.684010+00:00,DION_001,215056,1.0122349272108564,SIMULATED,NORMAL
2026-06-17T16:22:28.694293+00:00,DION_001,215057,0.9621910532841074,SIMULATED,NORMAL
2026-06-17T16:22:28.704618+00:00,DION_001,215058,1.0818998631123136,SIMULATED,NORMAL
2026-06-17T16:22:28.714873+00:00,DION_001,215059,0.7788081133267479,SIMULATED,NORMAL
2026-06-17T16:22:28.725117+00:00,DION_001,215060,0.6473532296546456,SIMULATED,NORMAL
2026-06-17T16:22:28.735373+00:00,DION_001,215061,3.649612923282552,SIMULATED,EVENT_DETECTED
2026-06-17T16:22:28.745726+00:00,DION_001,215062,0.5155433091562207,SIMULATED,NORMAL
2026-06-17T16:22:28.755938+00:00,DION_001,215063,0.7470803803996586,SIMULATED,NORMAL
2026-06-17T16:22:28.766215+00:00,DION_001,215064,0.6493385868344561,SIMULATED,NORMAL
2026-06-17T16:22:28.776462+00:00,DION_001,215065,0.7920842905182552,SIMULATED,NORMAL
2026-06-17T16:22:28.786738+00:00,DION_001,215066,0.6790570752445391,SIMULATED,NORMAL
2026-06-17T16:22:28.797022+00:00,DION_001,215067,0.6806003703485807,SIMULATED,NORMAL
2026-06-17T16:22:28.807297+00:00,DION_001,215068,0.35830771586508503,SIMULATED,NORMAL
2026-06-17T16:22:28.817640+00:00,DION_001,215069,0.6802107179237179,SIMULATED,NORMAL
2026-06-17T16:22:28.827950+00:00,DION_001,215070,0.6157281355604232,SIMULATED,NORMAL
2026-06-17T16:22:28.838269+00:00,DION_001,215071,0.44557428909794555,SIMULATED,NORMAL
2026-06-17T16:22:28.848623+00:00,DION_001,215072,0.5521783447215786,SIMULATED,NORMAL
2026-06-17T16:22:28.858952+00:00,DION_001,215073,0.4920173694578086,SIMULATED,NORMAL
2026-06-17T16:22:28.869396+00:00,DION_001,215074,0.3851551694653712,SIMULATED,NORMAL
2026-06-17T16:22:28.879803+00:00,DION_001,215075,0.17444729806752152,SIMULATED,NORMAL
2026-06-17T16:22:28.890092+00:00,DION_001,215076,0.4159585364505985,SIMULATED,NORMAL
2026-06-17T16:22:28.900391+00:00,DION_001,215077,0.3880366873204215,SIMULATED,NORMAL
2026-06-17T16:22:28.912610+00:00,DION_001,215078,0.48326553385803767,SIMULATED,NORMAL
2026-06-17T16:22:28.922882+00:00,DION_001,215079,0.415772425196618,SIMULATED,NORMAL
2026-06-17T16:22:28.933172+00:00,DION_001,215080,0.28681688829010166,SIMULATED,NORMAL
2026-06-17T16:22:28.943415+00:00,DION_001,215081,0.5748081906400788,SIMULATED,NORMAL
2026-06-17T16:22:28.953643+00:00,DION_001,215082,0.5158569702207998,SIMULATED,NORMAL
2026-06-17T16:22:28.963877+00:00,DION_001,215083,0.24134646768112497,SIMULATED,NORMAL
2026-06-17T16:22:28.974095+00:00,DION_001,215084,0.2958246037449619,SIMULATED,NORMAL
2026-06-17T16:22:28.984295+00:00,DION_001,215085,0.34708610295595355,SIMULATED,NORMAL
2026-06-17T16:22:28.994545+00:00,DION_001,215086,0.5373908214219363,SIMULATED,NORMAL
2026-06-17T16:22:29.004747+00:00,DION_001,215087,0.4422870213722189,SIMULATED,NORMAL
2026-06-17T16:22:29.014927+00:00,DION_001,215088,0.5150206221705649,SIMULATED,NORMAL
2026-06-17T16:22:29.025231+00:00,DION_001,215089,0.5044355531204363,SIMULATED,NORMAL
2026-06-17T16:22:29.035584+00:00,DION_001,215090,0.42069790724835965,SIMULATED,NORMAL
2026-06-17T16:22:29.045881+00:00,DION_001,215091,0.3528778050985334,SIMULATED,NORMAL
2026-06-17T16:22:29.056271+00:00,DION_001,215092,0.5992169443405219,SIMULATED,NORMAL
2026-06-17T16:22:29.066605+00:00,DION_001,215093,0.8309215513308688,SIMULATED,NORMAL
2026-06-17T16:22:29.076959+00:00,DION_001,215094,0.39740001041241646,SIMULATED,NORMAL
2026-06-17T16:22:29.087394+00:00,DION_001,215095,0.3883891380803426,SIMULATED,NORMAL
2026-06-17T16:22:29.097872+00:00,DION_001,215096,0.6703477536682487,SIMULATED,NORMAL
2026-06-17T16:22:29.108282+00:00,DION_001,215097,0.6963478451058627,SIMULATED,NORMAL
2026-06-17T16:22:29.118702+00:00,DION_001,215098,0.6865704178125497,SIMULATED,NORMAL
2026-06-17T16:22:29.128968+00:00,DION_001,215099,0.7966984326716948,SIMULATED,NORMAL
2026-06-17T16:22:29.139233+00:00,DION_001,215100,0.7208686775292589,SIMULATED,NORMAL
2026-06-17T16:22:29.149559+00:00,DION_001,215101,0.7085776780215538,SIMULATED,NORMAL
2026-06-17T16:22:29.159796+00:00,DION_001,215102,0.8502005536457818,SIMULATED,NORMAL
2026-06-17T16:22:29.170099+00:00,DION_001,215103,0.7039442725673707,SIMULATED,NORMAL
2026-06-17T16:22:29.180365+00:00,DION_001,215104,0.8445714831273811,SIMULATED,NORMAL
2026-06-17T16:22:29.190634+00:00,DION_001,215105,0.8760687018462413,SIMULATED,NORMAL
2026-06-17T16:22:29.200903+00:00,DION_001,215106,0.7569219388773397,SIMULATED,NORMAL
2026-06-17T16:22:29.211183+00:00,DION_001,215107,0.7160989156350083,SIMULATED,NORMAL
2026-06-17T16:22:29.221476+00:00,DION_001,215108,0.6269298205777034,SIMULATED,NORMAL
2026-06-17T16:22:29.231697+00:00,DION_001,215109,1.127511761489849,SIMULATED,NORMAL
2026-06-17T16:22:29.241896+00:00,DION_001,215110,0.7812289702460794,SIMULATED,NORMAL
2026-06-17T16:22:29.252142+00:00,DION_001,215111,0.9899873548370066,SIMULATED,NORMAL
2026-06-17T16:22:29.262406+00:00,DION_001,215112,0.9130859425528586,SIMULATED,NORMAL
2026-06-17T16:22:29.272647+00:00,DION_001,215113,0.9605081574157541,SIMULATED,NORMAL
2026-06-17T16:22:29.282881+00:00,DION_001,215114,1.0179983958743328,SIMULATED,NORMAL
2026-06-17T16:22:29.293153+00:00,DION_001,215115,1.1534750114825618,SIMULATED,NORMAL
2026-06-17T16:22:29.303441+00:00,DION_001,215116,0.9836955089589753,SIMULATED,NORMAL
2026-06-17T16:22:29.313713+00:00,DION_001,215117,1.1189905914229679,SIMULATED,NORMAL
2026-06-17T16:22:29.323974+00:00,DION_001,215118,1.3963365410496902,SIMULATED,NORMAL
2026-06-17T16:22:29.334285+00:00,DION_001,215119,0.8975286549554535,SIMULATED,NORMAL
2026-06-17T16:22:29.344630+00:00,DION_001,215120,0.9212288531246096,SIMULATED,NORMAL
2026-06-17T16:22:29.354890+00:00,DION_001,215121,1.2001217630148326,SIMULATED,NORMAL
2026-06-17T16:22:29.365134+00:00,DION_001,215122,0.9119353355121985,SIMULATED,NORMAL
2026-06-17T16:22:29.375312+00:00,DION_001,215123,1.095416656556787,SIMULATED,NORMAL
2026-06-17T16:22:29.385621+00:00,DION_001,215124,0.9925323538301393,SIMULATED,NORMAL
2026-06-17T16:22:29.395866+00:00,DION_001,215125,0.82908454029413,SIMULATED,NORMAL
2026-06-17T16:22:29.406156+00:00,DION_001,215126,0.9591709289825034,SIMULATED,NORMAL
2026-06-17T16:22:29.416529+00:00,DION_001,215127,1.2418465640359333,SIMULATED,NORMAL
2026-06-17T16:22:29.426897+00:00,DION_001,215128,0.8744842138755204,SIMULATED,NORMAL
2026-06-17T16:22:29.437150+00:00,DION_001,215129,0.8477024500856716,SIMULATED,NORMAL
2026-06-17T16:22:29.447383+00:00,DION_001,215130,0.6828649351574649,SIMULATED,NORMAL
2026-06-17T16:22:29.457763+00:00,DION_001,215131,0.7193233945555153,SIMULATED,NORMAL
2026-06-17T16:22:29.468022+00:00,DION_001,215132,0.9051289272652187,SIMULATED,NORMAL
2026-06-17T16:22:29.478260+00:00,DION_001,215133,0.7544042147671125,SIMULATED,NORMAL
2026-06-17T16:22:29.488514+00:00,DION_001,215134,0.9501451322776683,SIMULATED,NORMAL
2026-06-17T16:22:29.498793+00:00,DION_001,215135,0.7448442229706592,SIMULATED,NORMAL
2026-06-17T16:22:29.509057+00:00,DION_001,215136,0.6431476495048977,SIMULATED,NORMAL
2026-06-17T16:22:29.519422+00:00,DION_001,215137,0.5986020010782895,SIMULATED,NORMAL
2026-06-17T16:22:29.529704+00:00,DION_001,215138,0.7685077097788305,SIMULATED,NORMAL
2026-06-17T16:22:29.540090+00:00,DION_001,215139,0.8320355576295049,SIMULATED,NORMAL
2026-06-17T16:22:29.550374+00:00,DION_001,215140,0.8214096124555478,SIMULATED,NORMAL
2026-06-17T16:22:29.560680+00:00,DION_001,215141,0.7902802403427969,SIMULATED,NORMAL
2026-06-17T16:22:29.570969+00:00,DION_001,215142,0.7597030693907935,SIMULATED,NORMAL
2026-06-17T16:22:29.581300+00:00,DION_001,215143,0.3411068198643744,SIMULATED,NORMAL
2026-06-17T16:22:29.591584+00:00,DION_001,215144,0.624631009776006,SIMULATED,NORMAL
2026-06-17T16:22:29.601875+00:00,DION_001,215145,0.1505860461216097,SIMULATED,NORMAL
2026-06-17T16:22:29.612184+00:00,DION_001,215146,0.433169020284533,SIMULATED,NORMAL
2026-06-17T16:22:29.622486+00:00,DION_001,215147,0.3126266093690965,SIMULATED,NORMAL
2026-06-17T16:22:29.632798+00:00,DION_001,215148,0.34846941608789744,SIMULATED,NORMAL
2026-06-17T16:22:29.643138+00:00,DION_001,215149,0.24842321358411942,SIMULATED,NORMAL
2026-06-17T16:22:29.653371+00:00,DION_001,215150,0.4295902579093511,SIMULATED,NORMAL
2026-06-17T16:22:29.663603+00:00,DION_001,215151,0.05947513383490888,SIMULATED,NORMAL
2026-06-17T16:22:29.673836+00:00,DION_001,215152,0.25041845052297856,SIMULATED,NORMAL
2026-06-17T16:22:29.684107+00:00,DION_001,215153,0.29319374630376027,SIMULATED,NORMAL
2026-06-17T16:22:29.694357+00:00,DION_001,215154,-0.13533358969069906,SIMULATED,NORMAL
2026-06-17T16:22:29.704637+00:00,DION_001,215155,0.15543974528813004,SIMULATED,NORMAL
2026-06-17T16:22:29.714844+00:00,DION_001,215156,-0.08092494574856114,SIMULATED,NORMAL
2026-06-17T16:22:29.725064+00:00,DION_001,215157,0.17501454874568675,SIMULATED,NORMAL
2026-06-17T16:22:29.735332+00:00,DION_001,215158,-0.09408457019324182,SIMULATED,NORMAL
2026-06-17T16:22:29.745592+00:00,DION_001,215159,-0.031416853911726654,SIMULATED,NORMAL
2026-06-17T16:22:29.755858+00:00,DION_001,215160,-0.1833315550519572,SIMULATED,NORMAL
2026-06-17T16:22:29.766127+00:00,DION_001,215161,0.09137828432460396,SIMULATED,NORMAL
2026-06-17T16:22:29.776525+00:00,DION_001,215162,-0.26167524154862754,SIMULATED,NORMAL
2026-06-17T16:22:29.786894+00:00,DION_001,215163,-0.25535457734900574,SIMULATED,NORMAL
2026-06-17T16:22:29.797209+00:00,DION_001,215164,-0.31539637328701053,SIMULATED,NORMAL
2026-06-17T16:22:29.807521+00:00,DION_001,215165,-2.1660823465601142,SIMULATED,EVENT_DETECTED
2026-06-17T16:22:29.817970+00:00,DION_001,215166,-0.17860310732924065,SIMULATED,NORMAL
2026-06-17T16:22:29.828218+00:00,DION_001,215167,-0.34448742173789626,SIMULATED,NORMAL
2026-06-17T16:22:29.838504+00:00,DION_001,215168,-0.25750091025197114,SIMULATED,NORMAL
2026-06-17T16:22:29.848803+00:00,DION_001,215169,0.03037046937633009,SIMULATED,NORMAL
2026-06-17T16:22:29.859093+00:00,DION_001,215170,-0.022380746635301096,SIMULATED,NORMAL
2026-06-17T16:22:29.869367+00:00,DION_001,215171,-0.030534359724775972,SIMULATED,NORMAL
2026-06-17T16:22:29.879631+00:00,DION_001,215172,-0.13152007251942605,SIMULATED,NORMAL
2026-06-17T16:22:29.889886+00:00,DION_001,215173,-0.24389403398707815,SIMULATED,NORMAL
2026-06-17T16:22:29.900174+00:00,DION_001,215174,-0.20136045214701476,SIMULATED,NORMAL
2026-06-17T16:22:29.910509+00:00,DION_001,215175,-0.48866233162346595,SIMULATED,NORMAL
2026-06-17T16:22:29.920844+00:00,DION_001,215176,-0.14934331958814026,SIMULATED,NORMAL
2026-06-17T16:22:29.931215+00:00,DION_001,215177,0.0015206624161963611,SIMULATED,NORMAL
2026-06-17T16:22:29.941679+00:00,DION_001,215178,-0.1865788071224045,SIMULATED,NORMAL
2026-06-17T16:22:29.952029+00:00,DION_001,215179,0.05446733638903373,SIMULATED,NORMAL
2026-06-17T16:22:29.962496+00:00,DION_001,215180,-0.0030736541867420336,SIMULATED,NORMAL
2026-06-17T16:22:29.973197+00:00,DION_001,215181,0.003558079337831657,SIMULATED,NORMAL
2026-06-17T16:22:29.983572+00:00,DION_001,215182,-0.25732955298153654,SIMULATED,NORMAL
2026-06-17T16:22:29.993851+00:00,DION_001,215183,-0.011152477563482597,SIMULATED,NORMAL
2026-06-17T16:22:30.004498+00:00,DION_001,215184,-0.006267936149577349,SIMULATED,NORMAL
2026-06-17T16:22:30.015354+00:00,DION_001,215185,0.3052621009342142,SIMULATED,NORMAL
2026-06-17T16:22:30.025689+00:00,DION_001,215186,0.10411458581711397,SIMULATED,NORMAL
2026-06-17T16:22:30.035996+00:00,DION_001,215187,0.16738334895899962,SIMULATED,NORMAL
2026-06-17T16:22:30.046254+00:00,DION_001,215188,0.09628740678769046,SIMULATED,NORMAL
2026-06-17T16:22:30.056598+00:00,DION_001,215189,0.20039462646148862,SIMULATED,NORMAL
2026-06-17T16:22:30.067005+00:00,DION_001,215190,-0.2527800154519909,SIMULATED,NORMAL
2026-06-17T16:22:30.077283+00:00,DION_001,215191,0.12657205148982448,SIMULATED,NORMAL
2026-06-17T16:22:30.087563+00:00,DION_001,215192,0.13649530976006877,SIMULATED,NORMAL
2026-06-17T16:22:30.097930+00:00,DION_001,215193,0.14710912923851832,SIMULATED,NORMAL
2026-06-17T16:22:30.108254+00:00,DION_001,215194,0.2028201185025527,SIMULATED,NORMAL
2026-06-17T16:22:30.118554+00:00,DION_001,215195,0.20478149839201365,SIMULATED,NORMAL
2026-06-17T16:22:30.128890+00:00,DION_001,215196,-0.08998804906387659,SIMULATED,NORMAL
2026-06-17T16:22:30.139221+00:00,DION_001,215197,0.40151159526548885,SIMULATED,NORMAL
2026-06-17T16:22:30.149512+00:00,DION_001,215198,0.2287779604696802,SIMULATED,NORMAL
2026-06-17T16:22:30.159813+00:00,DION_001,215199,0.14354180828267282,SIMULATED,NORMAL
2026-06-17T16:22:30.170131+00:00,DION_001,215200,0.24146846239502961,SIMULATED,NORMAL
2026-06-17T16:22:30.180434+00:00,DION_001,215201,0.32342993370779405,SIMULATED,NORMAL
2026-06-17T16:22:30.190817+00:00,DION_001,215202,0.40914586095952,SIMULATED,NORMAL
2026-06-17T16:22:30.201095+00:00,DION_001,215203,0.3971211592167935,SIMULATED,NORMAL
2026-06-17T16:22:30.211442+00:00,DION_001,215204,0.04580226766159724,SIMULATED,NORMAL
2026-06-17T16:22:30.221741+00:00,DION_001,215205,0.19978915051588297,SIMULATED,NORMAL
2026-06-17T16:22:30.232050+00:00,DION_001,215206,0.10220238195606718,SIMULATED,NORMAL
2026-06-17T16:22:30.242416+00:00,DION_001,215207,0.19518480980965064,SIMULATED,NORMAL
2026-06-17T16:22:30.252687+00:00,DION_001,215208,-0.18208763211978796,SIMULATED,NORMAL
2026-06-17T16:22:30.262975+00:00,DION_001,215209,0.14070544820771458,SIMULATED,NORMAL
2026-06-17T16:22:30.273277+00:00,DION_001,215210,0.010484693718850059,SIMULATED,NORMAL
2026-06-17T16:22:30.283543+00:00,DION_001,215211,-0.14453466437125853,SIMULATED,NORMAL
2026-06-17T16:22:30.293856+00:00,DION_001,215212,0.17985160793394472,SIMULATED,NORMAL
2026-06-17T16:22:30.304208+00:00,DION_001,215213,-0.14218112589084586,SIMULATED,NORMAL
2026-06-17T16:22:30.314585+00:00,DION_001,215214,-0.1931151767715608,SIMULATED,NORMAL
2026-06-17T16:22:30.324889+00:00,DION_001,215215,0.03377745120754738,SIMULATED,NORMAL
2026-06-17T16:22:30.335207+00:00,DION_001,215216,-0.06287250378691972,SIMULATED,NORMAL
2026-06-17T16:22:30.345576+00:00,DION_001,215217,-0.23042836667072306,SIMULATED,NORMAL
2026-06-17T16:22:30.355961+00:00,DION_001,215218,-0.20945156468346454,SIMULATED,NORMAL
2026-06-17T16:22:30.366309+00:00,DION_001,215219,-0.39617555530197046,SIMULATED,NORMAL
2026-06-17T16:22:30.376752+00:00,DION_001,215220,-0.34558230213892255,SIMULATED,NORMAL
2026-06-17T16:22:30.387091+00:00,DION_001,215221,-0.4079614068524059,SIMULATED,NORMAL
2026-06-17T16:22:30.397581+00:00,DION_001,215222,-0.5322298468551062,SIMULATED,NORMAL
2026-06-17T16:22:30.407930+00:00,DION_001,215223,-0.5531610693209417,SIMULATED,NORMAL
2026-06-17T16:22:30.418313+00:00,DION_001,215224,-0.5742427057588264,SIMULATED,NORMAL
2026-06-17T16:22:30.428686+00:00,DION_001,215225,-0.6151544343955097,SIMULATED,NORMAL
2026-06-17T16:22:30.439095+00:00,DION_001,215226,-0.292042425426838,SIMULATED,NORMAL
2026-06-17T16:22:30.449452+00:00,DION_001,215227,-0.3398643021635227,SIMULATED,NORMAL
2026-06-17T16:22:30.459772+00:00,DION_001,215228,-0.794962016669182,SIMULATED,NORMAL
2026-06-17T16:22:30.470206+00:00,DION_001,215229,-0.8135343170824855,SIMULATED,NORMAL
2026-06-17T16:22:30.480619+00:00,DION_001,215230,-1.0628158130659386,SIMULATED,NORMAL
2026-06-17T16:22:30.491066+00:00,DION_001,215231,-0.8484711978246874,SIMULATED,NORMAL
2026-06-17T16:22:30.501493+00:00,DION_001,215232,-0.7192538636475544,SIMULATED,NORMAL
2026-06-17T16:22:30.511898+00:00,DION_001,215233,-1.1509839112296605,SIMULATED,NORMAL
2026-06-17T16:22:30.522205+00:00,DION_001,215234,-0.9431774303200127,SIMULATED,NORMAL
2026-06-17T16:22:30.532526+00:00,DION_001,215235,-2.5867961271690665,SIMULATED,EVENT_DETECTED
2026-06-17T16:22:30.543242+00:00,DION_001,215236,-0.8279883275682788,SIMULATED,NORMAL
2026-06-17T16:22:30.553596+00:00,DION_001,215237,-0.8541171819648518,SIMULATED,NORMAL
2026-06-17T16:22:30.564026+00:00,DION_001,215238,-1.2351650304388337,SIMULATED,NORMAL
2026-06-17T16:22:30.574409+00:00,DION_001,215239,-0.8404333636855236,SIMULATED,NORMAL
2026-06-17T16:22:30.584748+00:00,DION_001,215240,-1.0655679857402347,SIMULATED,NORMAL
2026-06-17T16:22:30.595065+00:00,DION_001,215241,-1.1700102494011704,SIMULATED,NORMAL
2026-06-17T16:22:30.605448+00:00,DION_001,215242,-0.9357724831667766,SIMULATED,NORMAL
2026-06-17T16:22:30.615777+00:00,DION_001,215243,-0.9410646792729908,SIMULATED,NORMAL
2026-06-17T16:22:30.626101+00:00,DION_001,215244,-1.1838077862189222,SIMULATED,NORMAL
2026-06-17T16:22:30.636422+00:00,DION_001,215245,-1.0389528264006982,SIMULATED,NORMAL
2026-06-17T16:22:30.646793+00:00,DION_001,215246,-1.0065600321868369,SIMULATED,NORMAL
2026-06-17T16:22:30.657177+00:00,DION_001,215247,-0.878299310248777,SIMULATED,NORMAL
2026-06-17T16:22:30.667567+00:00,DION_001,215248,-1.3775083305794855,SIMULATED,NORMAL
2026-06-17T16:22:30.677933+00:00,DION_001,215249,-0.6742719421895836,SIMULATED,NORMAL
2026-06-17T16:22:30.688326+00:00,DION_001,215250,-1.13837612964779,SIMULATED,NORMAL
2026-06-17T16:22:30.698622+00:00,DION_001,215251,-0.8906151124464449,SIMULATED,NORMAL
2026-06-17T16:22:30.708994+00:00,DION_001,215252,-0.9437108778548678,SIMULATED,NORMAL
2026-06-17T16:22:30.719298+00:00,DION_001,215253,-1.214361652451345,SIMULATED,NORMAL
2026-06-17T16:22:30.729569+00:00,DION_001,215254,-0.9957596047792351,SIMULATED,NORMAL
2026-06-17T16:22:30.739820+00:00,DION_001,215255,-1.1506063390061054,SIMULATED,NORMAL
2026-06-17T16:22:30.750120+00:00,DION_001,215256,-1.2244709101314861,SIMULATED,NORMAL
2026-06-17T16:22:30.760450+00:00,DION_001,215257,-1.0065988689621967,SIMULATED,NORMAL
2026-06-17T16:22:30.770855+00:00,DION_001,215258,-1.0447401391936058,SIMULATED,NORMAL
2026-06-17T16:22:30.781178+00:00,DION_001,215259,-0.6972489628468526,SIMULATED,NORMAL
2026-06-17T16:22:30.791503+00:00,DION_001,215260,-0.5868615812271551,SIMULATED,NORMAL
2026-06-17T16:22:30.801829+00:00,DION_001,215261,-0.8882327560418135,SIMULATED,NORMAL
2026-06-17T16:22:30.812142+00:00,DION_001,215262,-0.8169256016634676,SIMULATED,NORMAL
2026-06-17T16:22:30.822532+00:00,DION_001,215263,-0.5437876451772248,SIMULATED,NORMAL
2026-06-17T16:22:30.832977+00:00,DION_001,215264,-0.6767106105526774,SIMULATED,NORMAL
2026-06-17T16:22:30.843292+00:00,DION_001,215265,-0.819584996075914,SIMULATED,NORMAL
2026-06-17T16:22:30.853634+00:00,DION_001,215266,-0.6681582753448982,SIMULATED,NORMAL
2026-06-17T16:22:30.863871+00:00,DION_001,215267,-0.8147744721043666,SIMULATED,NORMAL
2026-06-17T16:22:30.874141+00:00,DION_001,215268,-0.8292738942710942,SIMULATED,NORMAL
2026-06-17T16:22:30.884380+00:00,DION_001,215269,-0.4275100093905422,SIMULATED,NORMAL
2026-06-17T16:22:30.894664+00:00,DION_001,215270,-0.7977896581533794,SIMULATED,NORMAL
2026-06-17T16:22:30.905087+00:00,DION_001,215271,-0.6575485350498191,SIMULATED,NORMAL
2026-06-17T16:22:30.915362+00:00,DION_001,215272,-0.8155488687189405,SIMULATED,NORMAL
2026-06-17T16:22:30.925651+00:00,DION_001,215273,-0.5947671010846254,SIMULATED,NORMAL
2026-06-17T16:22:30.935964+00:00,DION_001,215274,-0.44365100251995915,SIMULATED,NORMAL
2026-06-17T16:22:30.946276+00:00,DION_001,215275,-0.16558573120656545,SIMULATED,NORMAL
2026-06-17T16:22:30.956513+00:00,DION_001,215276,-0.25355334033443544,SIMULATED,NORMAL
2026-06-17T16:22:30.966823+00:00,DION_001,215277,-0.35681839147315375,SIMULATED,NORMAL
2026-06-17T16:22:30.977210+00:00,DION_001,215278,-0.34033364942430233,SIMULATED,NORMAL
2026-06-17T16:22:30.987507+00:00,DION_001,215279,-0.3587537578592157,SIMULATED,NORMAL
2026-06-17T16:22:30.997747+00:00,DION_001,215280,-0.8223545601545571,SIMULATED,NORMAL
2026-06-17T16:22:31.007962+00:00,DION_001,215281,-0.30424850202612636,SIMULATED,NORMAL
2026-06-17T16:22:31.018194+00:00,DION_001,215282,-0.5073098647460089,SIMULATED,NORMAL
2026-06-17T16:22:31.028480+00:00,DION_001,215283,-0.42163113652726564,SIMULATED,NORMAL
2026-06-17T16:22:31.038864+00:00,DION_001,215284,-0.6940513839845459,SIMULATED,NORMAL
2026-06-17T16:22:31.049204+00:00,DION_001,215285,-0.3743224388387147,SIMULATED,NORMAL
2026-06-17T16:22:31.059524+00:00,DION_001,215286,-0.4036040939300127,SIMULATED,NORMAL
2026-06-17T16:22:31.070022+00:00,DION_001,215287,-0.14598524154742842,SIMULATED,NORMAL
2026-06-17T16:22:31.080374+00:00,DION_001,215288,-0.17394301752277985,SIMULATED,NORMAL
2026-06-17T16:22:31.090707+00:00,DION_001,215289,-0.6167922506873387,SIMULATED,NORMAL
2026-06-17T16:22:31.101031+00:00,DION_001,215290,-0.3941342565556622,SIMULATED,NORMAL
2026-06-17T16:22:31.111263+00:00,DION_001,215291,-0.4009914263746148,SIMULATED,NORMAL
2026-06-17T16:22:31.121509+00:00,DION_001,215292,-0.5181518911155194,SIMULATED,NORMAL
2026-06-17T16:22:31.131821+00:00,DION_001,215293,-0.41665542362940045,SIMULATED,NORMAL
2026-06-17T16:22:31.142126+00:00,DION_001,215294,-0.3740778946567936,SIMULATED,NORMAL
2026-06-17T16:22:31.152353+00:00,DION_001,215295,-0.2533970080336664,SIMULATED,NORMAL
2026-06-17T16:22:31.162600+00:00,DION_001,215296,-0.7067144142004635,SIMULATED,NORMAL
2026-06-17T16:22:31.172843+00:00,DION_001,215297,-0.6048474172905492,SIMULATED,NORMAL
2026-06-17T16:22:31.183225+00:00,DION_001,215298,-0.4114967907499629,SIMULATED,NORMAL
2026-06-17T16:22:31.193471+00:00,DION_001,215299,-0.7126593311716822,SIMULATED,NORMAL
2026-06-17T16:22:31.203733+00:00,DION_001,215300,-0.4415593749411345,SIMULATED,NORMAL
2026-06-17T16:22:31.213970+00:00,DION_001,215301,-0.6595265550985404,SIMULATED,NORMAL
2026-06-17T16:22:31.224260+00:00,DION_001,215302,-0.23003620141706677,SIMULATED,NORMAL
2026-06-17T16:22:31.234638+00:00,DION_001,215303,-0.39290251499078377,SIMULATED,NORMAL
2026-06-17T16:22:31.244935+00:00,DION_001,215304,-0.7090910475463867,SIMULATED,NORMAL
2026-06-17T16:22:31.255356+00:00,DION_001,215305,-0.5410807183876789,SIMULATED,NORMAL
2026-06-17T16:22:31.265791+00:00,DION_001,215306,-0.8674537148771633,SIMULATED,NORMAL
2026-06-17T16:22:31.276164+00:00,DION_001,215307,-0.821403007682793,SIMULATED,NORMAL
2026-06-17T16:22:31.286880+00:00,DION_001,215308,-0.8986496765598273,SIMULATED,NORMAL
2026-06-17T16:22:31.297311+00:00,DION_001,215309,-0.7915792555759991,SIMULATED,NORMAL
2026-06-17T16:22:31.307712+00:00,DION_001,215310,-0.6649672205838248,SIMULATED,NORMAL
2026-06-17T16:22:31.317985+00:00,DION_001,215311,-0.9650137412706653,SIMULATED,NORMAL
2026-06-17T16:22:31.328296+00:00,DION_001,215312,-1.0366135602435753,SIMULATED,NORMAL
2026-06-17T16:22:31.338598+00:00,DION_001,215313,-1.1175068431832311,SIMULATED,NORMAL
2026-06-17T16:22:31.349471+00:00,DION_001,215314,-1.131660070527836,SIMULATED,NORMAL
2026-06-17T16:22:31.360797+00:00,DION_001,215315,-0.9626405152706199,SIMULATED,NORMAL
2026-06-17T16:22:31.371154+00:00,DION_001,215316,-0.852784652878135,SIMULATED,NORMAL
2026-06-17T16:22:31.381640+00:00,DION_001,215317,-1.1929618773342192,SIMULATED,NORMAL
2026-06-17T16:22:31.392042+00:00,DION_001,215318,-0.9903398349446851,SIMULATED,NORMAL
2026-06-17T16:22:31.402560+00:00,DION_001,215319,-1.2578077322570917,SIMULATED,NORMAL
2026-06-17T16:22:31.412827+00:00,DION_001,215320,-0.6305284726462326,SIMULATED,NORMAL
2026-06-17T16:22:31.423104+00:00,DION_001,215321,-0.9742489048611701,SIMULATED,NORMAL
2026-06-17T16:22:31.433442+00:00,DION_001,215322,-1.0971405653333357,SIMULATED,NORMAL
2026-06-17T16:22:31.443866+00:00,DION_001,215323,-1.1409135536450437,SIMULATED,NORMAL
2026-06-17T16:22:31.454199+00:00,DION_001,215324,-1.0227219073309117,SIMULATED,NORMAL
2026-06-17T16:22:31.464467+00:00,DION_001,215325,-0.8966937703097074,SIMULATED,NORMAL
2026-06-17T16:22:31.474768+00:00,DION_001,215326,-1.0009461402952484,SIMULATED,NORMAL
2026-06-17T16:22:31.485086+00:00,DION_001,215327,-0.9635921629983754,SIMULATED,NORMAL
2026-06-17T16:22:31.495467+00:00,DION_001,215328,-0.8702296174920201,SIMULATED,NORMAL
2026-06-17T16:22:31.505922+00:00,DION_001,215329,-1.0531784814090968,SIMULATED,NORMAL
2026-06-17T16:22:31.516270+00:00,DION_001,215330,-0.8013029760801363,SIMULATED,NORMAL
2026-06-17T16:22:31.526728+00:00,DION_001,215331,-0.8990449637416243,SIMULATED,NORMAL
2026-06-17T16:22:31.537056+00:00,DION_001,215332,-1.073695412256021,SIMULATED,NORMAL
2026-06-17T16:22:31.547422+00:00,DION_001,215333,-0.9510020610499178,SIMULATED,NORMAL
2026-06-17T16:22:31.557682+00:00,DION_001,215334,-0.8471569786490576,SIMULATED,NORMAL
2026-06-17T16:22:31.567941+00:00,DION_001,215335,-0.7428681553045048,SIMULATED,NORMAL
2026-06-17T16:22:31.578179+00:00,DION_001,215336,-0.7866936273751073,SIMULATED,NORMAL
2026-06-17T16:22:31.588365+00:00,DION_001,215337,-0.6874401578928488,SIMULATED,NORMAL
2026-06-17T16:22:31.598654+00:00,DION_001,215338,-0.5372967105505579,SIMULATED,NORMAL
2026-06-17T16:22:31.608925+00:00,DION_001,215339,-0.698628342956897,SIMULATED,NORMAL
2026-06-17T16:22:31.619210+00:00,DION_001,215340,-0.43996090399032844,SIMULATED,NORMAL
2026-06-17T16:22:31.629613+00:00,DION_001,215341,-0.6082334665450883,SIMULATED,NORMAL
2026-06-17T16:22:31.640043+00:00,DION_001,215342,-0.18324270696517947,SIMULATED,NORMAL
2026-06-17T16:22:31.650427+00:00,DION_001,215343,-0.4803658310998051,SIMULATED,NORMAL
2026-06-17T16:22:31.660754+00:00,DION_001,215344,-0.6234642514738125,SIMULATED,NORMAL
2026-06-17T16:22:31.671040+00:00,DION_001,215345,-0.5089467840907826,SIMULATED,NORMAL
2026-06-17T16:22:31.681396+00:00,DION_001,215346,-0.3895320925909119,SIMULATED,NORMAL
2026-06-17T16:22:31.691823+00:00,DION_001,215347,-0.1896193641838626,SIMULATED,NORMAL
2026-06-17T16:22:31.702171+00:00,DION_001,215348,-0.10375447985739594,SIMULATED,NORMAL
2026-06-17T16:22:31.712652+00:00,DION_001,215349,-0.5948672377627048,SIMULATED,NORMAL
2026-06-17T16:22:31.722960+00:00,DION_001,215350,-0.11802198346242956,SIMULATED,NORMAL
2026-06-17T16:22:31.733286+00:00,DION_001,215351,0.03494190536411129,SIMULATED,NORMAL
2026-06-17T16:22:31.743595+00:00,DION_001,215352,-0.06205612966290879,SIMULATED,NORMAL
2026-06-17T16:22:31.753909+00:00,DION_001,215353,-0.35377783895014664,SIMULATED,NORMAL
2026-06-17T16:22:31.764219+00:00,DION_001,215354,-0.30272668098942096,SIMULATED,NORMAL
2026-06-17T16:22:31.774511+00:00,DION_001,215355,-0.19326312594774522,SIMULATED,NORMAL
2026-06-17T16:22:31.784827+00:00,DION_001,215356,-0.11402822102558699,SIMULATED,NORMAL
2026-06-17T16:22:31.795171+00:00,DION_001,215357,-0.05900200073225864,SIMULATED,NORMAL
2026-06-17T16:22:31.805534+00:00,DION_001,215358,0.020198946680919413,SIMULATED,NORMAL
2026-06-17T16:22:31.815840+00:00,DION_001,215359,0.21597303748172814,SIMULATED,NORMAL
2026-06-17T16:22:31.826178+00:00,DION_001,215360,0.01046310678398657,SIMULATED,NORMAL
2026-06-17T16:22:31.836526+00:00,DION_001,215361,0.11320693317430681,SIMULATED,NORMAL
2026-06-17T16:22:31.846902+00:00,DION_001,215362,0.027224675483466493,SIMULATED,NORMAL
2026-06-17T16:22:31.857223+00:00,DION_001,215363,0.2157665417927211,SIMULATED,NORMAL
2026-06-17T16:22:31.867564+00:00,DION_001,215364,0.15923158368589052,SIMULATED,NORMAL
2026-06-17T16:22:31.877868+00:00,DION_001,215365,0.37700467498307383,SIMULATED,NORMAL
2026-06-17T16:22:31.888174+00:00,DION_001,215366,0.5270521528530356,SIMULATED,NORMAL
2026-06-17T16:22:31.898478+00:00,DION_001,215367,0.034308613396429655,SIMULATED,NORMAL
2026-06-17T16:22:31.908756+00:00,DION_001,215368,0.3665075159724048,SIMULATED,NORMAL
2026-06-17T16:22:31.919136+00:00,DION_001,215369,0.23549429050763088,SIMULATED,NORMAL
2026-06-17T16:22:31.929620+00:00,DION_001,215370,0.14630555792580047,SIMULATED,NORMAL
2026-06-17T16:22:31.939961+00:00,DION_001,215371,0.3087871769785896,SIMULATED,NORMAL
2026-06-17T16:22:31.950287+00:00,DION_001,215372,0.12111665781541167,SIMULATED,NORMAL
2026-06-17T16:22:31.960617+00:00,DION_001,215373,0.5130806852994245,SIMULATED,NORMAL
2026-06-17T16:22:31.970910+00:00,DION_001,215374,0.43234114461598494,SIMULATED,NORMAL
2026-06-17T16:22:31.981292+00:00,DION_001,215375,0.17263193900340854,SIMULATED,NORMAL
2026-06-17T16:22:31.991639+00:00,DION_001,215376,0.16223931099273564,SIMULATED,NORMAL
2026-06-17T16:22:32.002028+00:00,DION_001,215377,0.2035566437922601,SIMULATED,NORMAL
2026-06-17T16:22:32.012357+00:00,DION_001,215378,0.4643542395312267,SIMULATED,NORMAL
2026-06-17T16:22:32.022704+00:00,DION_001,215379,0.24993173602016724,SIMULATED,NORMAL
2026-06-17T16:22:32.033034+00:00,DION_001,215380,-0.08230483214590856,SIMULATED,NORMAL
2026-06-17T16:22:32.043403+00:00,DION_001,215381,0.1720541888353445,SIMULATED,NORMAL
2026-06-17T16:22:32.053754+00:00,DION_001,215382,0.16164596903184103,SIMULATED,NORMAL
2026-06-17T16:22:32.064097+00:00,DION_001,215383,0.006112460597693992,SIMULATED,NORMAL
2026-06-17T16:22:32.074430+00:00,DION_001,215384,0.02032863847404255,SIMULATED,NORMAL
2026-06-17T16:22:32.084853+00:00,DION_001,215385,0.24707440369314,SIMULATED,NORMAL
2026-06-17T16:22:32.095180+00:00,DION_001,215386,0.2022548126414953,SIMULATED,NORMAL
2026-06-17T16:22:32.105593+00:00,DION_001,215387,-0.004434001731450893,SIMULATED,NORMAL
2026-06-17T16:22:32.116003+00:00,DION_001,215388,0.013880710745945886,SIMULATED,NORMAL
2026-06-17T16:22:32.126374+00:00,DION_001,215389,0.13359553038007654,SIMULATED,NORMAL
2026-06-17T16:22:32.136724+00:00,DION_001,215390,0.02639855334856017,SIMULATED,NORMAL
2026-06-17T16:22:32.147043+00:00,DION_001,215391,0.14644793608385087,SIMULATED,NORMAL
2026-06-17T16:22:32.157405+00:00,DION_001,215392,0.04942182202952057,SIMULATED,NORMAL
2026-06-17T16:22:32.167794+00:00,DION_001,215393,-0.1792881037198871,SIMULATED,NORMAL
2026-06-17T16:22:32.178183+00:00,DION_001,215394,0.12663514625138728,SIMULATED,NORMAL
2026-06-17T16:22:32.188457+00:00,DION_001,215395,-0.1787373836828488,SIMULATED,NORMAL
2026-06-17T16:22:32.198784+00:00,DION_001,215396,-0.03059677417342333,SIMULATED,NORMAL
2026-06-17T16:22:32.209063+00:00,DION_001,215397,-0.20548686512772307,SIMULATED,NORMAL
2026-06-17T16:22:32.219343+00:00,DION_001,215398,-0.010027149842865735,SIMULATED,NORMAL
2026-06-17T16:22:32.229670+00:00,DION_001,215399,0.012812438075759061,SIMULATED,NORMAL
2026-06-17T16:22:32.239940+00:00,DION_001,215400,-0.08890017573679666,SIMULATED,NORMAL
2026-06-17T16:22:32.250311+00:00,DION_001,215401,-0.041860003826936956,SIMULATED,NORMAL
2026-06-17T16:22:32.260630+00:00,DION_001,215402,0.13445341360216537,SIMULATED,NORMAL
2026-06-17T16:22:32.270938+00:00,DION_001,215403,-0.49760458973744637,SIMULATED,NORMAL
2026-06-17T16:22:32.281182+00:00,DION_001,215404,-0.33316233968629383,SIMULATED,NORMAL
2026-06-17T16:22:32.291717+00:00,DION_001,215405,0.24088905237975788,SIMULATED,NORMAL
2026-06-17T16:22:32.302039+00:00,DION_001,215406,-0.08306853148181764,SIMULATED,NORMAL
2026-06-17T16:22:32.312443+00:00,DION_001,215407,-0.16133478642019589,SIMULATED,NORMAL
2026-06-17T16:22:32.322880+00:00,DION_001,215408,0.006303287445023021,SIMULATED,NORMAL
2026-06-17T16:22:32.333196+00:00,DION_001,215409,-0.05259392922131137,SIMULATED,NORMAL
2026-06-17T16:22:32.343532+00:00,DION_001,215410,-0.005046434835671042,SIMULATED,NORMAL
2026-06-17T16:22:32.353966+00:00,DION_001,215411,-0.3364845335253994,SIMULATED,NORMAL
2026-06-17T16:22:32.364410+00:00,DION_001,215412,0.06606040436111676,SIMULATED,NORMAL
2026-06-17T16:22:32.374859+00:00,DION_001,215413,0.08644368198960804,SIMULATED,NORMAL
2026-06-17T16:22:32.385175+00:00,DION_001,215414,0.040109930460690515,SIMULATED,NORMAL
2026-06-17T16:22:32.395437+00:00,DION_001,215415,0.3489776332376685,SIMULATED,NORMAL
2026-06-17T16:22:32.405633+00:00,DION_001,215416,0.23678120842043315,SIMULATED,NORMAL
2026-06-17T16:22:32.415908+00:00,DION_001,215417,0.010438198652957836,SIMULATED,NORMAL
2026-06-17T16:22:32.426163+00:00,DION_001,215418,0.3521531513258278,SIMULATED,NORMAL
2026-06-17T16:22:32.436451+00:00,DION_001,215419,0.749170546675415,SIMULATED,NORMAL
2026-06-17T16:22:32.446700+00:00,DION_001,215420,0.28639931243997113,SIMULATED,NORMAL
2026-06-17T16:22:32.456927+00:00,DION_001,215421,0.45647022838467793,SIMULATED,NORMAL
2026-06-17T16:22:32.467182+00:00,DION_001,215422,0.4237087992429518,SIMULATED,NORMAL
2026-06-17T16:22:32.477438+00:00,DION_001,215423,0.4613584407609308,SIMULATED,NORMAL
2026-06-17T16:22:32.487832+00:00,DION_001,215424,0.4074689714727877,SIMULATED,NORMAL
2026-06-17T16:22:32.498099+00:00,DION_001,215425,0.4521967849522435,SIMULATED,NORMAL
2026-06-17T16:22:32.508414+00:00,DION_001,215426,0.6939391798901906,SIMULATED,NORMAL
2026-06-17T16:22:32.518735+00:00,DION_001,215427,0.6914387137952823,SIMULATED,NORMAL
2026-06-17T16:22:32.529000+00:00,DION_001,215428,0.5293596455605116,SIMULATED,NORMAL
2026-06-17T16:22:32.539224+00:00,DION_001,215429,0.834881502044936,SIMULATED,NORMAL
2026-06-17T16:22:32.549431+00:00,DION_001,215430,0.5119996295836853,SIMULATED,NORMAL
2026-06-17T16:22:32.559705+00:00,DION_001,215431,0.8193752045570273,SIMULATED,NORMAL
2026-06-17T16:22:32.570015+00:00,DION_001,215432,0.9727439510747237,SIMULATED,NORMAL
2026-06-17T16:22:32.580247+00:00,DION_001,215433,0.9242383093398019,SIMULATED,NORMAL
2026-06-17T16:22:32.590468+00:00,DION_001,215434,0.8913679278185768,SIMULATED,NORMAL
2026-06-17T16:22:32.600712+00:00,DION_001,215435,1.0650924585312733,SIMULATED,NORMAL
2026-06-17T16:22:32.610948+00:00,DION_001,215436,0.7736892434581584,SIMULATED,NORMAL
2026-06-17T16:22:32.621187+00:00,DION_001,215437,0.9075950697101236,SIMULATED,NORMAL
2026-06-17T16:22:32.631425+00:00,DION_001,215438,1.017001812781479,SIMULATED,NORMAL
2026-06-17T16:22:32.641651+00:00,DION_001,215439,0.9878951253023137,SIMULATED,NORMAL
2026-06-17T16:22:32.651960+00:00,DION_001,215440,1.288914083156886,SIMULATED,NORMAL
2026-06-17T16:22:32.662225+00:00,DION_001,215441,0.8590339328042077,SIMULATED,NORMAL
2026-06-17T16:22:32.672459+00:00,DION_001,215442,0.9695416576637206,SIMULATED,NORMAL
2026-06-17T16:22:32.682841+00:00,DION_001,215443,1.0142313203948863,SIMULATED,NORMAL
2026-06-17T16:22:32.693298+00:00,DION_001,215444,1.0853529914752562,SIMULATED,NORMAL
2026-06-17T16:22:32.703541+00:00,DION_001,215445,1.1989112606929917,SIMULATED,NORMAL
2026-06-17T16:22:32.713779+00:00,DION_001,215446,1.359419624011619,SIMULATED,NORMAL
2026-06-17T16:22:32.724008+00:00,DION_001,215447,0.7969388339671,SIMULATED,NORMAL
2026-06-17T16:22:32.734374+00:00,DION_001,215448,1.0914183534743331,SIMULATED,NORMAL
2026-06-17T16:22:32.744722+00:00,DION_001,215449,1.195641526361773,SIMULATED,NORMAL
2026-06-17T16:22:32.755054+00:00,DION_001,215450,1.044313716630214,SIMULATED,NORMAL
2026-06-17T16:22:32.765442+00:00,DION_001,215451,0.7669212957957104,SIMULATED,NORMAL
2026-06-17T16:22:32.775827+00:00,DION_001,215452,1.1353301713473605,SIMULATED,NORMAL
2026-06-17T16:22:32.786320+00:00,DION_001,215453,1.3097689940053772,SIMULATED,NORMAL
2026-06-17T16:22:32.796681+00:00,DION_001,215454,0.9619022408325293,SIMULATED,NORMAL
2026-06-17T16:22:32.807032+00:00,DION_001,215455,1.2718417086112572,SIMULATED,NORMAL
2026-06-17T16:22:32.817307+00:00,DION_001,215456,1.1294493257507239,SIMULATED,NORMAL
2026-06-17T16:22:32.827557+00:00,DION_001,215457,1.0240284421644044,SIMULATED,NORMAL
2026-06-17T16:22:32.837869+00:00,DION_001,215458,0.8561239899654387,SIMULATED,NORMAL
2026-06-17T16:22:32.848143+00:00,DION_001,215459,1.0417831333248673,SIMULATED,NORMAL
2026-06-17T16:22:32.858466+00:00,DION_001,215460,0.7572816935851873,SIMULATED,NORMAL
2026-06-17T16:22:32.868783+00:00,DION_001,215461,1.0325658606435322,SIMULATED,NORMAL
2026-06-17T16:22:32.879041+00:00,DION_001,215462,0.918687049545197,SIMULATED,NORMAL
2026-06-17T16:22:32.889281+00:00,DION_001,215463,0.9191488603081508,SIMULATED,NORMAL
2026-06-17T16:22:32.899701+00:00,DION_001,215464,0.7007540737239926,SIMULATED,NORMAL
2026-06-17T16:22:32.909922+00:00,DION_001,215465,0.7558647777536687,SIMULATED,NORMAL
2026-06-17T16:22:32.920136+00:00,DION_001,215466,0.7544051987222884,SIMULATED,NORMAL
2026-06-17T16:22:32.930352+00:00,DION_001,215467,0.9535677175715237,SIMULATED,NORMAL
2026-06-17T16:22:32.940655+00:00,DION_001,215468,1.0484708699707235,SIMULATED,NORMAL
2026-06-17T16:22:32.950867+00:00,DION_001,215469,0.7057751454735507,SIMULATED,NORMAL
2026-06-17T16:22:32.961187+00:00,DION_001,215470,0.2877418907585956,SIMULATED,NORMAL
2026-06-17T16:22:32.971406+00:00,DION_001,215471,0.32978977078341437,SIMULATED,NORMAL
2026-06-17T16:22:32.981700+00:00,DION_001,215472,0.3333368213578016,SIMULATED,NORMAL
2026-06-17T16:22:32.991917+00:00,DION_001,215473,0.6031789126028346,SIMULATED,NORMAL
2026-06-17T16:22:33.002157+00:00,DION_001,215474,0.517834388229334,SIMULATED,NORMAL
2026-06-17T16:22:33.012456+00:00,DION_001,215475,0.6090244410494864,SIMULATED,NORMAL
2026-06-17T16:22:33.022740+00:00,DION_001,215476,0.24094841555759333,SIMULATED,NORMAL
2026-06-17T16:22:33.033067+00:00,DION_001,215477,0.47120237072076987,SIMULATED,NORMAL
2026-06-17T16:22:33.043394+00:00,DION_001,215478,0.6254070235353406,SIMULATED,NORMAL
2026-06-17T16:22:33.053617+00:00,DION_001,215479,0.6180303371191829,SIMULATED,NORMAL
2026-06-17T16:22:33.063916+00:00,DION_001,215480,0.34788745323139947,SIMULATED,NORMAL
2026-06-17T16:22:33.074144+00:00,DION_001,215481,0.342872662882892,SIMULATED,NORMAL
2026-06-17T16:22:33.084389+00:00,DION_001,215482,0.5219411877050208,SIMULATED,NORMAL
2026-06-17T16:22:33.094611+00:00,DION_001,215483,0.43002483005994974,SIMULATED,NORMAL
2026-06-17T16:22:33.104870+00:00,DION_001,215484,0.2664890402700395,SIMULATED,NORMAL
2026-06-17T16:22:33.115122+00:00,DION_001,215485,0.3401533027217522,SIMULATED,NORMAL
2026-06-17T16:22:33.125392+00:00,DION_001,215486,0.42931595581767473,SIMULATED,NORMAL
2026-06-17T16:22:33.135787+00:00,DION_001,215487,0.35527907337266257,SIMULATED,NORMAL
2026-06-17T16:22:33.146108+00:00,DION_001,215488,0.23838944445917856,SIMULATED,NORMAL
2026-06-17T16:22:33.156413+00:00,DION_001,215489,0.355394300593737,SIMULATED,NORMAL
2026-06-17T16:22:33.166987+00:00,DION_001,215490,0.4278814175570794,SIMULATED,NORMAL
2026-06-17T16:22:33.177340+00:00,DION_001,215491,0.11587916157843575,SIMULATED,NORMAL
2026-06-17T16:22:33.187703+00:00,DION_001,215492,0.35910134873237415,SIMULATED,NORMAL
2026-06-17T16:22:33.198050+00:00,DION_001,215493,0.4432085291163386,SIMULATED,NORMAL
2026-06-17T16:22:33.208505+00:00,DION_001,215494,0.42289165084505004,SIMULATED,NORMAL
2026-06-17T16:22:33.218832+00:00,DION_001,215495,0.06846695011147613,SIMULATED,NORMAL
2026-06-17T16:22:33.229142+00:00,DION_001,215496,0.26436356132174044,SIMULATED,NORMAL
2026-06-17T16:22:33.239628+00:00,DION_001,215497,0.7425173846163318,SIMULATED,NORMAL
2026-06-17T16:22:33.250022+00:00,DION_001,215498,0.510389924354042,SIMULATED,NORMAL
2026-06-17T16:22:33.260433+00:00,DION_001,215499,0.4533997049777103,SIMULATED,NORMAL
2026-06-17T16:22:33.270960+00:00,DION_001,215500,0.8233160797064504,SIMULATED,NORMAL
2026-06-17T16:22:33.281268+00:00,DION_001,215501,0.5007784637140499,SIMULATED,NORMAL
2026-06-17T16:22:33.291706+00:00,DION_001,215502,0.6370608185277503,SIMULATED,NORMAL
2026-06-17T16:22:33.302044+00:00,DION_001,215503,0.4375726805137402,SIMULATED,NORMAL
2026-06-17T16:22:33.312355+00:00,DION_001,215504,0.43874184418884843,SIMULATED,NORMAL
2026-06-17T16:22:33.322688+00:00,DION_001,215505,0.36349699195562096,SIMULATED,NORMAL
2026-06-17T16:22:33.333044+00:00,DION_001,215506,0.6416230981687099,SIMULATED,NORMAL
2026-06-17T16:22:33.343418+00:00,DION_001,215507,0.6223458870672551,SIMULATED,NORMAL
2026-06-17T16:22:33.353885+00:00,DION_001,215508,0.8217633866095685,SIMULATED,NORMAL
2026-06-17T16:22:33.364293+00:00,DION_001,215509,1.0474821131679821,SIMULATED,NORMAL
2026-06-17T16:22:33.374631+00:00,DION_001,215510,0.946895452188474,SIMULATED,NORMAL
2026-06-17T16:22:33.384952+00:00,DION_001,215511,0.5554243033023054,SIMULATED,NORMAL
2026-06-17T16:22:33.395373+00:00,DION_001,215512,0.6964006789663141,SIMULATED,NORMAL
2026-06-17T16:22:33.405856+00:00,DION_001,215513,0.8933438863554377,SIMULATED,NORMAL
2026-06-17T16:22:33.416213+00:00,DION_001,215514,0.7810871470178505,SIMULATED,NORMAL
2026-06-17T16:22:33.426709+00:00,DION_001,215515,0.8083849431154607,SIMULATED,NORMAL
2026-06-17T16:22:33.437259+00:00,DION_001,215516,0.8150010119339541,SIMULATED,NORMAL
2026-06-17T16:22:33.447820+00:00,DION_001,215517,1.1565335226069406,SIMULATED,NORMAL
2026-06-17T16:22:33.458193+00:00,DION_001,215518,0.9002828249695762,SIMULATED,NORMAL
2026-06-17T16:22:33.468794+00:00,DION_001,215519,1.2596617626608582,SIMULATED,NORMAL
2026-06-17T16:22:33.479468+00:00,DION_001,215520,0.9509873726378805,SIMULATED,NORMAL
2026-06-17T16:22:33.489806+00:00,DION_001,215521,1.0235652946905398,SIMULATED,NORMAL
2026-06-17T16:22:33.500525+00:00,DION_001,215522,0.8605272912557912,SIMULATED,NORMAL
2026-06-17T16:22:33.511083+00:00,DION_001,215523,0.7595383593204763,SIMULATED,NORMAL
2026-06-17T16:22:33.521495+00:00,DION_001,215524,1.0299632846644202,SIMULATED,NORMAL
2026-06-17T16:22:33.532005+00:00,DION_001,215525,1.180350962297512,SIMULATED,NORMAL
2026-06-17T16:22:33.542457+00:00,DION_001,215526,0.6842657701969739,SIMULATED,NORMAL
2026-06-17T16:22:33.552911+00:00,DION_001,215527,0.8148432158116989,SIMULATED,NORMAL
2026-06-17T16:22:33.563449+00:00,DION_001,215528,0.9132325734537685,SIMULATED,NORMAL
2026-06-17T16:22:33.573858+00:00,DION_001,215529,0.8171809548068366,SIMULATED,NORMAL
2026-06-17T16:22:33.584325+00:00,DION_001,215530,0.901604005145288,SIMULATED,NORMAL
2026-06-17T16:22:33.594766+00:00,DION_001,215531,0.8625219677893327,SIMULATED,NORMAL
2026-06-17T16:22:33.605102+00:00,DION_001,215532,0.7316283941293137,SIMULATED,NORMAL
2026-06-17T16:22:33.615503+00:00,DION_001,215533,0.9999495406496193,SIMULATED,NORMAL
2026-06-17T16:22:33.625898+00:00,DION_001,215534,0.8726502735636066,SIMULATED,NORMAL
2026-06-17T16:22:33.636324+00:00,DION_001,215535,0.6372733067547304,SIMULATED,NORMAL
2026-06-17T16:22:33.646974+00:00,DION_001,215536,-1.6020653041065094,SIMULATED,NORMAL
2026-06-17T16:22:33.657553+00:00,DION_001,215537,0.756383810203184,SIMULATED,NORMAL
2026-06-17T16:22:33.667951+00:00,DION_001,215538,0.3363441883198514,SIMULATED,NORMAL
2026-06-17T16:22:33.678436+00:00,DION_001,215539,0.5171218571751399,SIMULATED,NORMAL
2026-06-17T16:22:33.688793+00:00,DION_001,215540,0.5025016840335081,SIMULATED,NORMAL
2026-06-17T16:22:33.699213+00:00,DION_001,215541,0.8512028646754545,SIMULATED,NORMAL
2026-06-17T16:22:33.709842+00:00,DION_001,215542,0.23005162909356236,SIMULATED,NORMAL
2026-06-17T16:22:33.720338+00:00,DION_001,215543,0.48620250634076484,SIMULATED,NORMAL
2026-06-17T16:22:33.730945+00:00,DION_001,215544,0.34308244641463126,SIMULATED,NORMAL
2026-06-17T16:22:33.741458+00:00,DION_001,215545,0.586847490572268,SIMULATED,NORMAL
2026-06-17T16:22:33.751972+00:00,DION_001,215546,0.2831658274366339,SIMULATED,NORMAL
2026-06-17T16:22:33.762420+00:00,DION_001,215547,0.2928204221099349,SIMULATED,NORMAL
2026-06-17T16:22:33.772870+00:00,DION_001,215548,0.22376187234475353,SIMULATED,NORMAL
2026-06-17T16:22:33.783429+00:00,DION_001,215549,0.3309538152646667,SIMULATED,NORMAL
2026-06-17T16:22:33.794016+00:00,DION_001,215550,0.1826997864264318,SIMULATED,NORMAL
2026-06-17T16:22:33.804483+00:00,DION_001,215551,0.17804278853556813,SIMULATED,NORMAL
2026-06-17T16:22:33.815013+00:00,DION_001,215552,-0.09288400529933494,SIMULATED,NORMAL
2026-06-17T16:22:33.825448+00:00,DION_001,215553,-0.2727128137868754,SIMULATED,NORMAL
2026-06-17T16:22:33.835882+00:00,DION_001,215554,-0.046358669573646955,SIMULATED,NORMAL
2026-06-17T16:22:33.846387+00:00,DION_001,215555,-0.16236945749787893,SIMULATED,NORMAL
2026-06-17T16:22:33.856882+00:00,DION_001,215556,-0.13102321649649143,SIMULATED,NORMAL
2026-06-17T16:22:33.867425+00:00,DION_001,215557,0.004235889687908251,SIMULATED,NORMAL
2026-06-17T16:22:33.877973+00:00,DION_001,215558,-0.5117995557235113,SIMULATED,NORMAL
2026-06-17T16:22:33.888501+00:00,DION_001,215559,0.0038880707740020226,SIMULATED,NORMAL
2026-06-17T16:22:33.899168+00:00,DION_001,215560,-0.3270311832504803,SIMULATED,NORMAL
2026-06-17T16:22:33.909833+00:00,DION_001,215561,-0.10243976335396471,SIMULATED,NORMAL
2026-06-17T16:22:33.920321+00:00,DION_001,215562,-0.19406617946295085,SIMULATED,NORMAL
2026-06-17T16:22:33.930949+00:00,DION_001,215563,-0.34173626238100724,SIMULATED,NORMAL
2026-06-17T16:22:33.941582+00:00,DION_001,215564,-0.4668470662555503,SIMULATED,NORMAL
2026-06-17T16:22:33.952352+00:00,DION_001,215565,-0.21047675039207606,SIMULATED,NORMAL
2026-06-17T16:22:33.962902+00:00,DION_001,215566,-0.29751423967798946,SIMULATED,NORMAL
2026-06-17T16:22:33.973361+00:00,DION_001,215567,-0.5685858514801041,SIMULATED,NORMAL
2026-06-17T16:22:33.983881+00:00,DION_001,215568,-0.21822268303935616,SIMULATED,NORMAL
2026-06-17T16:22:33.994640+00:00,DION_001,215569,-0.24062665854019394,SIMULATED,NORMAL
2026-06-17T16:22:34.005205+00:00,DION_001,215570,-0.2299396626755397,SIMULATED,NORMAL
2026-06-17T16:22:34.015793+00:00,DION_001,215571,-0.14883885740586394,SIMULATED,NORMAL
2026-06-17T16:22:34.026488+00:00,DION_001,215572,-0.4015334959479524,SIMULATED,NORMAL
2026-06-17T16:22:34.037081+00:00,DION_001,215573,-0.49204842621287137,SIMULATED,NORMAL
2026-06-17T16:22:34.047701+00:00,DION_001,215574,-0.5066986278222089,SIMULATED,NORMAL
2026-06-17T16:22:34.058267+00:00,DION_001,215575,-0.21624671996699044,SIMULATED,NORMAL
2026-06-17T16:22:34.068993+00:00,DION_001,215576,-0.3986874983847415,SIMULATED,NORMAL
2026-06-17T16:22:34.079483+00:00,DION_001,215577,-0.44398500483225223,SIMULATED,NORMAL
2026-06-17T16:22:34.090051+00:00,DION_001,215578,-0.3040151475674062,SIMULATED,NORMAL
2026-06-17T16:22:34.100501+00:00,DION_001,215579,-0.17162023821336292,SIMULATED,NORMAL
2026-06-17T16:22:34.111194+00:00,DION_001,215580,-0.28628270231221514,SIMULATED,NORMAL
2026-06-17T16:22:34.121890+00:00,DION_001,215581,-0.32639408248713825,SIMULATED,NORMAL
2026-06-17T16:22:34.132626+00:00,DION_001,215582,-0.6507140179527384,SIMULATED,NORMAL
2026-06-17T16:22:34.143119+00:00,DION_001,215583,-0.2850120774559764,SIMULATED,NORMAL
2026-06-17T16:22:34.153592+00:00,DION_001,215584,-0.3765196941502874,SIMULATED,NORMAL
2026-06-17T16:22:34.164133+00:00,DION_001,215585,-0.06010610752010223,SIMULATED,NORMAL
2026-06-17T16:22:34.174585+00:00,DION_001,215586,-0.008340758323307162,SIMULATED,NORMAL
2026-06-17T16:22:34.185044+00:00,DION_001,215587,-0.02399496029186929,SIMULATED,NORMAL
2026-06-17T16:22:34.195577+00:00,DION_001,215588,-0.4154766942995701,SIMULATED,NORMAL
2026-06-17T16:22:34.205971+00:00,DION_001,215589,0.14795574074276752,SIMULATED,NORMAL
2026-06-17T16:22:34.216480+00:00,DION_001,215590,-0.18249690398096668,SIMULATED,NORMAL
2026-06-17T16:22:34.226959+00:00,DION_001,215591,-0.17403153360856705,SIMULATED,NORMAL
2026-06-17T16:22:34.237390+00:00,DION_001,215592,-0.34373734745710055,SIMULATED,NORMAL
2026-06-17T16:22:34.247890+00:00,DION_001,215593,-0.06141256484723945,SIMULATED,NORMAL
2026-06-17T16:22:34.258296+00:00,DION_001,215594,-0.1644706798821656,SIMULATED,NORMAL
2026-06-17T16:22:34.268814+00:00,DION_001,215595,-0.06750187728386019,SIMULATED,NORMAL
2026-06-17T16:22:34.279328+00:00,DION_001,215596,-0.3295307229055663,SIMULATED,NORMAL
2026-06-17T16:22:34.289822+00:00,DION_001,215597,-0.05576425450795108,SIMULATED,NORMAL
2026-06-17T16:22:34.300241+00:00,DION_001,215598,0.13578657189865675,SIMULATED,NORMAL
2026-06-17T16:22:34.310634+00:00,DION_001,215599,-0.0528186840067894,SIMULATED,NORMAL
2026-06-17T16:22:34.321000+00:00,DION_001,215600,0.018717478895531825,SIMULATED,NORMAL
2026-06-17T16:22:34.331521+00:00,DION_001,215601,0.031582974038330804,SIMULATED,NORMAL
2026-06-17T16:22:34.342324+00:00,DION_001,215602,-0.3982606947233732,SIMULATED,NORMAL
2026-06-17T16:22:34.352779+00:00,DION_001,215603,0.13405019365332635,SIMULATED,NORMAL
2026-06-17T16:22:34.364966+00:00,DION_001,215604,-0.07325967510307249,SIMULATED,NORMAL
2026-06-17T16:22:34.375405+00:00,DION_001,215605,0.012464559987510351,SIMULATED,NORMAL
2026-06-17T16:22:34.385797+00:00,DION_001,215606,-0.172017947617277,SIMULATED,NORMAL
2026-06-17T16:22:34.396280+00:00,DION_001,215607,0.2981185504102213,SIMULATED,NORMAL
2026-06-17T16:22:34.406774+00:00,DION_001,215608,-0.20356759839936672,SIMULATED,NORMAL
2026-06-17T16:22:34.417194+00:00,DION_001,215609,0.19179151309226078,SIMULATED,NORMAL
2026-06-17T16:22:34.427680+00:00,DION_001,215610,-0.25731970778846436,SIMULATED,NORMAL
2026-06-17T16:22:34.438123+00:00,DION_001,215611,-0.20395948255216173,SIMULATED,NORMAL
2026-06-17T16:22:34.448668+00:00,DION_001,215612,-0.45012895730161234,SIMULATED,NORMAL
2026-06-17T16:22:34.459071+00:00,DION_001,215613,-0.25830965011408674,SIMULATED,NORMAL
2026-06-17T16:22:34.469584+00:00,DION_001,215614,-0.3555954036966591,SIMULATED,NORMAL
2026-06-17T16:22:34.480099+00:00,DION_001,215615,-0.10668387561403675,SIMULATED,NORMAL
2026-06-17T16:22:34.490514+00:00,DION_001,215616,-0.10751396241821554,SIMULATED,NORMAL
2026-06-17T16:22:34.500941+00:00,DION_001,215617,-0.37323946203788144,SIMULATED,NORMAL
2026-06-17T16:22:34.511534+00:00,DION_001,215618,-0.467857497039075,SIMULATED,NORMAL
2026-06-17T16:22:34.521926+00:00,DION_001,215619,-0.42826120827442377,SIMULATED,NORMAL
2026-06-17T16:22:34.532327+00:00,DION_001,215620,-0.3905484880894312,SIMULATED,NORMAL
2026-06-17T16:22:34.542772+00:00,DION_001,215621,-0.6215731159840632,SIMULATED,NORMAL
2026-06-17T16:22:34.553244+00:00,DION_001,215622,-0.23409227863332016,SIMULATED,NORMAL
2026-06-17T16:22:34.563632+00:00,DION_001,215623,-0.5967085299562287,SIMULATED,NORMAL
2026-06-17T16:22:34.574197+00:00,DION_001,215624,-0.876457469672212,SIMULATED,NORMAL
2026-06-17T16:22:34.584637+00:00,DION_001,215625,-0.42808890400719907,SIMULATED,NORMAL
2026-06-17T16:22:34.594950+00:00,DION_001,215626,-0.7047853386418769,SIMULATED,NORMAL
2026-06-17T16:22:34.605246+00:00,DION_001,215627,-0.5329371397605832,SIMULATED,NORMAL
2026-06-17T16:22:34.615755+00:00,DION_001,215628,-0.6363692699623585,SIMULATED,NORMAL
2026-06-17T16:22:34.626324+00:00,DION_001,215629,-0.9610397471987425,SIMULATED,NORMAL
2026-06-17T16:22:34.636757+00:00,DION_001,215630,-0.7833716939288364,SIMULATED,NORMAL
2026-06-17T16:22:34.647361+00:00,DION_001,215631,-1.0856322364976119,SIMULATED,NORMAL
2026-06-17T16:22:34.657871+00:00,DION_001,215632,-1.0700501178494273,SIMULATED,NORMAL
2026-06-17T16:22:34.668700+00:00,DION_001,215633,-1.2113529533326124,SIMULATED,NORMAL
2026-06-17T16:22:34.679763+00:00,DION_001,215634,-1.124696810374126,SIMULATED,NORMAL
2026-06-17T16:22:34.690373+00:00,DION_001,215635,-1.2438143086365967,SIMULATED,NORMAL
2026-06-17T16:22:34.700877+00:00,DION_001,215636,-0.8445939691700894,SIMULATED,NORMAL
2026-06-17T16:22:34.711432+00:00,DION_001,215637,-0.989938943358935,SIMULATED,NORMAL
2026-06-17T16:22:34.722012+00:00,DION_001,215638,-1.2904040522847886,SIMULATED,NORMAL
2026-06-17T16:22:34.732445+00:00,DION_001,215639,-1.129627287031635,SIMULATED,NORMAL
2026-06-17T16:22:34.743067+00:00,DION_001,215640,-1.0634260533322122,SIMULATED,NORMAL
2026-06-17T16:22:34.753556+00:00,DION_001,215641,-0.8351330959558672,SIMULATED,NORMAL
2026-06-17T16:22:34.764033+00:00,DION_001,215642,-1.098296761487858,SIMULATED,NORMAL
2026-06-17T16:22:34.774407+00:00,DION_001,215643,-1.1646750492070506,SIMULATED,NORMAL
2026-06-17T16:22:34.784937+00:00,DION_001,215644,-1.2249681141243465,SIMULATED,NORMAL
2026-06-17T16:22:34.795702+00:00,DION_001,215645,-1.327579776820024,SIMULATED,NORMAL
2026-06-17T16:22:34.806021+00:00,DION_001,215646,-1.2895854202160464,SIMULATED,NORMAL
2026-06-17T16:22:34.816444+00:00,DION_001,215647,-0.8793184653555651,SIMULATED,NORMAL
2026-06-17T16:22:34.827115+00:00,DION_001,215648,-1.2290584242229547,SIMULATED,NORMAL
2026-06-17T16:22:34.837949+00:00,DION_001,215649,-0.9482174449341031,SIMULATED,NORMAL
2026-06-17T16:22:34.848440+00:00,DION_001,215650,-1.0939100735861564,SIMULATED,NORMAL
2026-06-17T16:22:34.859139+00:00,DION_001,215651,-1.0598057436085624,SIMULATED,NORMAL
2026-06-17T16:22:34.869709+00:00,DION_001,215652,-1.0554790553756555,SIMULATED,NORMAL
2026-06-17T16:22:34.880213+00:00,DION_001,215653,-0.9895329146822816,SIMULATED,NORMAL
2026-06-17T16:22:34.890751+00:00,DION_001,215654,-1.0118244108974546,SIMULATED,NORMAL
2026-06-17T16:22:34.901391+00:00,DION_001,215655,-1.0331952991465234,SIMULATED,NORMAL
2026-06-17T16:22:34.911921+00:00,DION_001,215656,-1.2084375103500677,SIMULATED,NORMAL
2026-06-17T16:22:34.922453+00:00,DION_001,215657,-1.1695137146503178,SIMULATED,NORMAL
2026-06-17T16:22:34.933000+00:00,DION_001,215658,-1.1078511113607439,SIMULATED,NORMAL
2026-06-17T16:22:34.943637+00:00,DION_001,215659,-1.047195974751692,SIMULATED,NORMAL
2026-06-17T16:22:34.954490+00:00,DION_001,215660,-0.9911836497144209,SIMULATED,NORMAL
2026-06-17T16:22:34.965155+00:00,DION_001,215661,-1.1216590153191621,SIMULATED,NORMAL
2026-06-17T16:22:34.975835+00:00,DION_001,215662,-0.9462031405987513,SIMULATED,NORMAL
2026-06-17T16:22:34.986381+00:00,DION_001,215663,-0.5884501801917847,SIMULATED,NORMAL
2026-06-17T16:22:34.996944+00:00,DION_001,215664,-0.4796103080948469,SIMULATED,NORMAL
2026-06-17T16:22:35.007519+00:00,DION_001,215665,-0.8646453398719933,SIMULATED,NORMAL
2026-06-17T16:22:35.018122+00:00,DION_001,215666,-0.5587743868972901,SIMULATED,NORMAL
2026-06-17T16:22:35.028730+00:00,DION_001,215667,-0.8940358992166306,SIMULATED,NORMAL
2026-06-17T16:22:35.039276+00:00,DION_001,215668,-0.5888101229333766,SIMULATED,NORMAL
2026-06-17T16:22:35.049837+00:00,DION_001,215669,-0.6799133337842133,SIMULATED,NORMAL
2026-06-17T16:22:35.060278+00:00,DION_001,215670,-0.6291274617174942,SIMULATED,NORMAL
2026-06-17T16:22:35.070810+00:00,DION_001,215671,-0.49886939513887996,SIMULATED,NORMAL
2026-06-17T16:22:35.081421+00:00,DION_001,215672,-0.6947208199387976,SIMULATED,NORMAL
2026-06-17T16:22:35.091956+00:00,DION_001,215673,-0.3977444892640552,SIMULATED,NORMAL
2026-06-17T16:22:35.102951+00:00,DION_001,215674,-0.7898675080822792,SIMULATED,NORMAL
2026-06-17T16:22:35.113486+00:00,DION_001,215675,-0.2763279268685179,SIMULATED,NORMAL
2026-06-17T16:22:35.124011+00:00,DION_001,215676,-0.4841837340480215,SIMULATED,NORMAL
2026-06-17T16:22:35.134553+00:00,DION_001,215677,-0.24604127106215712,SIMULATED,NORMAL
2026-06-17T16:22:35.145227+00:00,DION_001,215678,-0.583057129042748,SIMULATED,NORMAL
2026-06-17T16:22:35.155814+00:00,DION_001,215679,-0.7381288221762834,SIMULATED,NORMAL
2026-06-17T16:22:35.166456+00:00,DION_001,215680,-0.6089646537567234,SIMULATED,NORMAL
2026-06-17T16:22:35.177424+00:00,DION_001,215681,-0.4827095172664998,SIMULATED,NORMAL
2026-06-17T16:22:35.187964+00:00,DION_001,215682,-0.33968471533226663,SIMULATED,NORMAL
2026-06-17T16:22:35.198549+00:00,DION_001,215683,-0.39187589097605624,SIMULATED,NORMAL
2026-06-17T16:22:35.209423+00:00,DION_001,215684,-0.47281817593510833,SIMULATED,NORMAL
2026-06-17T16:22:35.219985+00:00,DION_001,215685,-0.5386702748098999,SIMULATED,NORMAL
2026-06-17T16:22:35.230547+00:00,DION_001,215686,-0.29752613421832624,SIMULATED,NORMAL
2026-06-17T16:22:35.241221+00:00,DION_001,215687,-0.342247612500848,SIMULATED,NORMAL
2026-06-17T16:22:35.251794+00:00,DION_001,215688,-0.3243189648032628,SIMULATED,NORMAL
2026-06-17T16:22:35.262424+00:00,DION_001,215689,-0.2941503111894102,SIMULATED,NORMAL
2026-06-17T16:22:35.272968+00:00,DION_001,215690,-0.33706072353243044,SIMULATED,NORMAL
2026-06-17T16:22:35.283767+00:00,DION_001,215691,-0.4390810985454262,SIMULATED,NORMAL
2026-06-17T16:22:35.294268+00:00,DION_001,215692,-0.3762251955864518,SIMULATED,NORMAL
2026-06-17T16:22:35.304827+00:00,DION_001,215693,-0.626717871228309,SIMULATED,NORMAL
2026-06-17T16:22:35.315281+00:00,DION_001,215694,-0.3547339854584458,SIMULATED,NORMAL
2026-06-17T16:22:35.325837+00:00,DION_001,215695,-0.3021690537784187,SIMULATED,NORMAL
2026-06-17T16:22:35.336417+00:00,DION_001,215696,-0.49983825165886003,SIMULATED,NORMAL
2026-06-17T16:22:35.347223+00:00,DION_001,215697,-0.49047942980863213,SIMULATED,NORMAL
2026-06-17T16:22:35.358182+00:00,DION_001,215698,-0.3299768653909143,SIMULATED,NORMAL
2026-06-17T16:22:35.368800+00:00,DION_001,215699,-0.7886316404989729,SIMULATED,NORMAL
2026-06-17T16:22:35.379406+00:00,DION_001,215700,-0.5107314582974072,SIMULATED,NORMAL
2026-06-17T16:22:35.389887+00:00,DION_001,215701,-0.559522821179864,SIMULATED,NORMAL
2026-06-17T16:22:35.400765+00:00,DION_001,215702,-0.3352577062096845,SIMULATED,NORMAL
2026-06-17T16:22:35.411413+00:00,DION_001,215703,-0.48682889057950174,SIMULATED,NORMAL
2026-06-17T16:22:35.422132+00:00,DION_001,215704,-0.6783019378382134,SIMULATED,NORMAL
2026-06-17T16:22:35.432867+00:00,DION_001,215705,-0.5334083238869503,SIMULATED,NORMAL
2026-06-17T16:22:35.443553+00:00,DION_001,215706,-0.7014891927117598,SIMULATED,NORMAL
2026-06-17T16:22:35.453997+00:00,DION_001,215707,-0.6170763989396728,SIMULATED,NORMAL
2026-06-17T16:22:35.464342+00:00,DION_001,215708,-0.5618253950176676,SIMULATED,NORMAL
2026-06-17T16:22:35.474706+00:00,DION_001,215709,-0.7581479623155747,SIMULATED,NORMAL
2026-06-17T16:22:35.485139+00:00,DION_001,215710,-0.6810644171236492,SIMULATED,NORMAL
2026-06-17T16:22:35.495632+00:00,DION_001,215711,-0.6611738215647168,SIMULATED,NORMAL
2026-06-17T16:22:35.506522+00:00,DION_001,215712,-1.0185171261882278,SIMULATED,NORMAL
2026-06-17T16:22:35.517184+00:00,DION_001,215713,-0.9415941941042593,SIMULATED,NORMAL
2026-06-17T16:22:35.527743+00:00,DION_001,215714,-0.7665307850839889,SIMULATED,NORMAL
2026-06-17T16:22:35.538340+00:00,DION_001,215715,-0.8012379919816873,SIMULATED,NORMAL
2026-06-17T16:22:35.548933+00:00,DION_001,215716,-0.9421597761149576,SIMULATED,NORMAL
2026-06-17T16:22:35.559556+00:00,DION_001,215717,-1.0480030711634876,SIMULATED,NORMAL
2026-06-17T16:22:35.570567+00:00,DION_001,215718,-1.0984565518555396,SIMULATED,NORMAL
2026-06-17T16:22:35.581229+00:00,DION_001,215719,-0.9199660996001952,SIMULATED,NORMAL
2026-06-17T16:22:35.591748+00:00,DION_001,215720,-0.7675255013454095,SIMULATED,NORMAL
2026-06-17T16:22:35.602391+00:00,DION_001,215721,-0.9007914644153032,SIMULATED,NORMAL
2026-06-17T16:22:35.612915+00:00,DION_001,215722,-0.8330999338345905,SIMULATED,NORMAL
2026-06-17T16:22:35.623436+00:00,DION_001,215723,-0.8232999831641752,SIMULATED,NORMAL
2026-06-17T16:22:35.633909+00:00,DION_001,215724,-0.9783671882619125,SIMULATED,NORMAL
2026-06-17T16:22:35.644347+00:00,DION_001,215725,-0.8673189586190166,SIMULATED,NORMAL
2026-06-17T16:22:35.654940+00:00,DION_001,215726,-0.8440804120015477,SIMULATED,NORMAL
2026-06-17T16:22:35.665797+00:00,DION_001,215727,-0.9007105688097923,SIMULATED,NORMAL
2026-06-17T16:22:35.676247+00:00,DION_001,215728,-0.43517148479757206,SIMULATED,NORMAL
2026-06-17T16:22:35.686710+00:00,DION_001,215729,-0.8277639945581883,SIMULATED,NORMAL
2026-06-17T16:22:35.697111+00:00,DION_001,215730,-0.7585740794003863,SIMULATED,NORMAL
2026-06-17T16:22:35.707535+00:00,DION_001,215731,-0.8424206056046012,SIMULATED,NORMAL
2026-06-17T16:22:35.718151+00:00,DION_001,215732,-0.7557914455050847,SIMULATED,NORMAL
2026-06-17T16:22:35.729492+00:00,DION_001,215733,-0.8902308911275036,SIMULATED,NORMAL
2026-06-17T16:22:35.740073+00:00,DION_001,215734,-0.5439827403526952,SIMULATED,NORMAL
2026-06-17T16:22:35.750578+00:00,DION_001,215735,-0.48802446326665955,SIMULATED,NORMAL
2026-06-17T16:22:35.761172+00:00,DION_001,215736,-0.6203479941965283,SIMULATED,NORMAL
2026-06-17T16:22:35.771813+00:00,DION_001,215737,-0.3971047843181721,SIMULATED,NORMAL
2026-06-17T16:22:35.782473+00:00,DION_001,215738,-0.49319888705660986,SIMULATED,NORMAL
2026-06-17T16:22:35.793118+00:00,DION_001,215739,-0.07707494991018549,SIMULATED,NORMAL
2026-06-17T16:22:35.803753+00:00,DION_001,215740,-0.3719602767478092,SIMULATED,NORMAL
2026-06-17T16:22:35.814394+00:00,DION_001,215741,-0.30906940478419337,SIMULATED,NORMAL
2026-06-17T16:22:35.824982+00:00,DION_001,215742,-0.046294654878868635,SIMULATED,NORMAL
2026-06-17T16:22:35.835611+00:00,DION_001,215743,-0.3116676433498617,SIMULATED,NORMAL
2026-06-17T16:22:35.846434+00:00,DION_001,215744,-0.09925777960441398,SIMULATED,NORMAL
2026-06-17T16:22:35.856891+00:00,DION_001,215745,-0.08779669791997181,SIMULATED,NORMAL
2026-06-17T16:22:35.867405+00:00,DION_001,215746,-0.3471576138725926,SIMULATED,NORMAL
2026-06-17T16:22:35.877997+00:00,DION_001,215747,-0.42055088082576864,SIMULATED,NORMAL
2026-06-17T16:22:35.888490+00:00,DION_001,215748,-0.062062796693852965,SIMULATED,NORMAL
2026-06-17T16:22:35.899226+00:00,DION_001,215749,0.072355318750094,SIMULATED,NORMAL
2026-06-17T16:22:35.909772+00:00,DION_001,215750,0.1715840775619986,SIMULATED,NORMAL
2026-06-17T16:22:35.920246+00:00,DION_001,215751,0.08194234791027154,SIMULATED,NORMAL
2026-06-17T16:22:35.930813+00:00,DION_001,215752,0.14071844366793768,SIMULATED,NORMAL
2026-06-17T16:22:35.941342+00:00,DION_001,215753,0.25674792479344205,SIMULATED,NORMAL
2026-06-17T16:22:35.951985+00:00,DION_001,215754,0.1640777563494452,SIMULATED,NORMAL
2026-06-17T16:22:35.962566+00:00,DION_001,215755,0.3002189891001752,SIMULATED,NORMAL
2026-06-17T16:22:35.972936+00:00,DION_001,215756,0.21686331359958838,SIMULATED,NORMAL
2026-06-17T16:22:35.983641+00:00,DION_001,215757,0.39121090597425684,SIMULATED,NORMAL
2026-06-17T16:22:35.994258+00:00,DION_001,215758,0.364042516291889,SIMULATED,NORMAL
2026-06-17T16:22:36.004776+00:00,DION_001,215759,0.46609997352411753,SIMULATED,NORMAL
2026-06-17T16:22:36.015855+00:00,DION_001,215760,0.24874254038157376,SIMULATED,NORMAL
2026-06-17T16:22:36.026435+00:00,DION_001,215761,0.28699731491730796,SIMULATED,NORMAL
2026-06-17T16:22:36.037010+00:00,DION_001,215762,0.5536671596981918,SIMULATED,NORMAL
2026-06-17T16:22:36.047520+00:00,DION_001,215763,0.4370510996067675,SIMULATED,NORMAL
2026-06-17T16:22:36.058062+00:00,DION_001,215764,0.35370742451867926,SIMULATED,NORMAL
2026-06-17T16:22:36.068700+00:00,DION_001,215765,0.6215223117692952,SIMULATED,NORMAL
2026-06-17T16:22:36.079359+00:00,DION_001,215766,0.6140137247980074,SIMULATED,NORMAL
2026-06-17T16:22:36.090340+00:00,DION_001,215767,0.3249684225748902,SIMULATED,NORMAL
2026-06-17T16:22:36.100862+00:00,DION_001,215768,0.5041372181647957,SIMULATED,NORMAL
2026-06-17T16:22:36.111373+00:00,DION_001,215769,0.49841262581445406,SIMULATED,NORMAL
2026-06-17T16:22:36.121869+00:00,DION_001,215770,0.5165496669584686,SIMULATED,NORMAL
2026-06-17T16:22:36.132494+00:00,DION_001,215771,0.44619068261753225,SIMULATED,NORMAL
2026-06-17T16:22:36.143287+00:00,DION_001,215772,0.5099614746192436,SIMULATED,NORMAL
2026-06-17T16:22:36.153707+00:00,DION_001,215773,0.43527328725565534,SIMULATED,NORMAL
2026-06-17T16:22:36.164454+00:00,DION_001,215774,0.5837939650567281,SIMULATED,NORMAL
2026-06-17T16:22:36.175006+00:00,DION_001,215775,0.43892350270303154,SIMULATED,NORMAL
2026-06-17T16:22:36.185486+00:00,DION_001,215776,0.29183985248140265,SIMULATED,NORMAL
2026-06-17T16:22:36.196030+00:00,DION_001,215777,0.011017654562582357,SIMULATED,NORMAL
2026-06-17T16:22:36.206368+00:00,DION_001,215778,0.37948355219373725,SIMULATED,NORMAL
2026-06-17T16:22:36.216932+00:00,DION_001,215779,0.5210164832177023,SIMULATED,NORMAL
2026-06-17T16:22:36.227502+00:00,DION_001,215780,0.25247763998194095,SIMULATED,NORMAL
2026-06-17T16:22:36.238560+00:00,DION_001,215781,0.031436770724039775,SIMULATED,NORMAL
2026-06-17T16:22:36.249128+00:00,DION_001,215782,0.3911688106619614,SIMULATED,NORMAL
2026-06-17T16:22:36.259778+00:00,DION_001,215783,0.23929650305862787,SIMULATED,NORMAL
2026-06-17T16:22:36.270401+00:00,DION_001,215784,0.4519873316378218,SIMULATED,NORMAL
2026-06-17T16:22:36.280931+00:00,DION_001,215785,0.31721114035161574,SIMULATED,NORMAL
2026-06-17T16:22:36.291446+00:00,DION_001,215786,0.28888356318198805,SIMULATED,NORMAL
2026-06-17T16:22:36.301983+00:00,DION_001,215787,0.19696994768656478,SIMULATED,NORMAL
2026-06-17T16:22:36.312669+00:00,DION_001,215788,-0.02244929864102521,SIMULATED,NORMAL
2026-06-17T16:22:36.323380+00:00,DION_001,215789,0.23138244297280314,SIMULATED,NORMAL
2026-06-17T16:22:36.333932+00:00,DION_001,215790,0.24626344915402648,SIMULATED,NORMAL
2026-06-17T16:22:36.344664+00:00,DION_001,215791,-0.16506219758610907,SIMULATED,NORMAL
2026-06-17T16:22:36.355259+00:00,DION_001,215792,0.5089271555621409,SIMULATED,NORMAL
2026-06-17T16:22:36.365872+00:00,DION_001,215793,0.03352643014565963,SIMULATED,NORMAL
2026-06-17T16:22:36.376444+00:00,DION_001,215794,0.12941719192009174,SIMULATED,NORMAL
2026-06-17T16:22:36.387227+00:00,DION_001,215795,0.10505393624585438,SIMULATED,NORMAL
2026-06-17T16:22:36.397626+00:00,DION_001,215796,0.16480170022074012,SIMULATED,NORMAL
2026-06-17T16:22:36.408110+00:00,DION_001,215797,0.1556318354040373,SIMULATED,NORMAL
2026-06-17T16:22:36.418743+00:00,DION_001,215798,0.11220774996962918,SIMULATED,NORMAL
2026-06-17T16:22:36.429290+00:00,DION_001,215799,0.35872477731957286,SIMULATED,NORMAL
2026-06-17T16:22:36.439868+00:00,DION_001,215800,-0.07567206854875727,SIMULATED,NORMAL
2026-06-17T16:22:36.450346+00:00,DION_001,215801,0.3484939267382207,SIMULATED,NORMAL
2026-06-17T16:22:36.460883+00:00,DION_001,215802,0.11563247612877,SIMULATED,NORMAL
2026-06-17T16:22:36.471482+00:00,DION_001,215803,0.112200976911533,SIMULATED,NORMAL
2026-06-17T16:22:36.482177+00:00,DION_001,215804,0.13592574926322984,SIMULATED,NORMAL
2026-06-17T16:22:36.492700+00:00,DION_001,215805,-0.1294120234888041,SIMULATED,NORMAL
2026-06-17T16:22:36.503188+00:00,DION_001,215806,0.26922075516291866,SIMULATED,NORMAL
2026-06-17T16:22:36.513652+00:00,DION_001,215807,0.22239718705620753,SIMULATED,NORMAL
2026-06-17T16:22:36.524151+00:00,DION_001,215808,0.34118969636208657,SIMULATED,NORMAL
2026-06-17T16:22:36.534565+00:00,DION_001,215809,0.02671551809334982,SIMULATED,NORMAL
2026-06-17T16:22:36.544936+00:00,DION_001,215810,0.19695457110330775,SIMULATED,NORMAL
2026-06-17T16:22:36.555326+00:00,DION_001,215811,0.43016208801366856,SIMULATED,NORMAL
2026-06-17T16:22:36.565736+00:00,DION_001,215812,0.1940150324710654,SIMULATED,NORMAL
2026-06-17T16:22:36.575988+00:00,DION_001,215813,0.5399893843861876,SIMULATED,NORMAL
2026-06-17T16:22:36.586433+00:00,DION_001,215814,0.38939159181749106,SIMULATED,NORMAL
2026-06-17T16:22:36.596935+00:00,DION_001,215815,0.24591022711991606,SIMULATED,NORMAL
2026-06-17T16:22:36.607553+00:00,DION_001,215816,0.44969919616224796,SIMULATED,NORMAL
2026-06-17T16:22:36.618170+00:00,DION_001,215817,0.6067278291694387,SIMULATED,NORMAL
2026-06-17T16:22:36.628754+00:00,DION_001,215818,0.7022624661184055,SIMULATED,NORMAL
2026-06-17T16:22:36.639364+00:00,DION_001,215819,0.5096922230950304,SIMULATED,NORMAL
2026-06-17T16:22:36.649916+00:00,DION_001,215820,0.8510707323356961,SIMULATED,NORMAL
2026-06-17T16:22:36.660720+00:00,DION_001,215821,0.44791966201727473,SIMULATED,NORMAL
2026-06-17T16:22:36.671337+00:00,DION_001,215822,0.6881736868306491,SIMULATED,NORMAL
2026-06-17T16:22:36.682050+00:00,DION_001,215823,0.8323066825715622,SIMULATED,NORMAL
2026-06-17T16:22:36.692634+00:00,DION_001,215824,0.3652381479420595,SIMULATED,NORMAL
2026-06-17T16:22:36.704332+00:00,DION_001,215825,0.9685345245221832,SIMULATED,NORMAL
2026-06-17T16:22:36.714941+00:00,DION_001,215826,0.7896779953114776,SIMULATED,NORMAL
2026-06-17T16:22:36.725390+00:00,DION_001,215827,0.8687951715626991,SIMULATED,NORMAL
2026-06-17T16:22:36.735820+00:00,DION_001,215828,0.8017820603150345,SIMULATED,NORMAL
2026-06-17T16:22:36.746278+00:00,DION_001,215829,1.0615488844847323,SIMULATED,NORMAL
2026-06-17T16:22:36.756769+00:00,DION_001,215830,1.2911259872279617,SIMULATED,NORMAL
2026-06-17T16:22:36.767297+00:00,DION_001,215831,1.2437760338243995,SIMULATED,NORMAL
2026-06-17T16:22:36.777741+00:00,DION_001,215832,1.046860754214599,SIMULATED,NORMAL
2026-06-17T16:22:36.788225+00:00,DION_001,215833,1.1508431521120053,SIMULATED,NORMAL
2026-06-17T16:22:36.798972+00:00,DION_001,215834,1.1965266626135913,SIMULATED,NORMAL
2026-06-17T16:22:36.809429+00:00,DION_001,215835,0.955277657134193,SIMULATED,NORMAL
2026-06-17T16:22:36.819779+00:00,DION_001,215836,0.9677633544701206,SIMULATED,NORMAL
2026-06-17T16:22:36.830332+00:00,DION_001,215837,1.1859664688276221,SIMULATED,NORMAL
2026-06-17T16:22:36.840621+00:00,DION_001,215838,1.1912376861937553,SIMULATED,NORMAL
2026-06-17T16:22:36.850992+00:00,DION_001,215839,1.2158700596297174,SIMULATED,NORMAL
2026-06-17T16:22:36.861445+00:00,DION_001,215840,1.2634315069081783,SIMULATED,NORMAL
2026-06-17T16:22:36.871939+00:00,DION_001,215841,1.2218414242659883,SIMULATED,NORMAL
2026-06-17T16:22:36.882525+00:00,DION_001,215842,1.1188013525183476,SIMULATED,NORMAL
2026-06-17T16:22:36.893180+00:00,DION_001,215843,1.381037938336092,SIMULATED,NORMAL
2026-06-17T16:22:36.903794+00:00,DION_001,215844,1.0452270231706036,SIMULATED,NORMAL
2026-06-17T16:22:36.914585+00:00,DION_001,215845,1.3237148091022144,SIMULATED,NORMAL
2026-06-17T16:22:36.925099+00:00,DION_001,215846,1.2493477205008898,SIMULATED,NORMAL
2026-06-17T16:22:36.935647+00:00,DION_001,215847,1.3277246592198058,SIMULATED,NORMAL
2026-06-17T16:22:36.946483+00:00,DION_001,215848,1.0967808296352572,SIMULATED,NORMAL
2026-06-17T16:22:36.957107+00:00,DION_001,215849,0.9992902861842626,SIMULATED,NORMAL
2026-06-17T16:22:36.967772+00:00,DION_001,215850,1.264052868738946,SIMULATED,NORMAL
2026-06-17T16:22:36.978435+00:00,DION_001,215851,1.0079504866170175,SIMULATED,NORMAL
2026-06-17T16:22:36.989046+00:00,DION_001,215852,1.0689384210434725,SIMULATED,NORMAL
2026-06-17T16:22:36.999870+00:00,DION_001,215853,1.1773018994391737,SIMULATED,NORMAL
2026-06-17T16:22:37.010685+00:00,DION_001,215854,0.9203983628670426,SIMULATED,NORMAL
2026-06-17T16:22:37.021226+00:00,DION_001,215855,1.2615571555202898,SIMULATED,NORMAL
2026-06-17T16:22:37.031894+00:00,DION_001,215856,1.1181337864374163,SIMULATED,NORMAL
2026-06-17T16:22:37.042507+00:00,DION_001,215857,0.8086233483764216,SIMULATED,NORMAL
2026-06-17T16:22:37.053168+00:00,DION_001,215858,1.1289561545256863,SIMULATED,NORMAL
2026-06-17T16:22:37.063851+00:00,DION_001,215859,0.8977682405913364,SIMULATED,NORMAL
2026-06-17T16:22:37.074539+00:00,DION_001,215860,1.0798626125213413,SIMULATED,NORMAL
2026-06-17T16:22:37.085110+00:00,DION_001,215861,0.7536790428741296,SIMULATED,NORMAL
2026-06-17T16:22:37.095763+00:00,DION_001,215862,0.6278783617150878,SIMULATED,NORMAL
2026-06-17T16:22:37.106421+00:00,DION_001,215863,0.36429953963243095,SIMULATED,NORMAL
2026-06-17T16:22:37.117063+00:00,DION_001,215864,0.4497266080387058,SIMULATED,NORMAL
2026-06-17T16:22:37.127780+00:00,DION_001,215865,0.4362167533196789,SIMULATED,NORMAL
2026-06-17T16:22:37.138320+00:00,DION_001,215866,0.586184568431063,SIMULATED,NORMAL
2026-06-17T16:22:37.148949+00:00,DION_001,215867,0.5443114610324444,SIMULATED,NORMAL
2026-06-17T16:22:37.159531+00:00,DION_001,215868,0.4425890537038296,SIMULATED,NORMAL
2026-06-17T16:22:37.170237+00:00,DION_001,215869,0.44368988096655976,SIMULATED,NORMAL
2026-06-17T16:22:37.180889+00:00,DION_001,215870,0.43106062211133533,SIMULATED,NORMAL
2026-06-17T16:22:37.191679+00:00,DION_001,215871,0.3752207859007096,SIMULATED,NORMAL
2026-06-17T16:22:37.202275+00:00,DION_001,215872,0.574087154857201,SIMULATED,NORMAL
2026-06-17T16:22:37.212993+00:00,DION_001,215873,0.36002843916359495,SIMULATED,NORMAL
2026-06-17T16:22:37.223633+00:00,DION_001,215874,0.5555203448601577,SIMULATED,NORMAL
2026-06-17T16:22:37.234267+00:00,DION_001,215875,0.3324858594611582,SIMULATED,NORMAL
2026-06-17T16:22:37.244916+00:00,DION_001,215876,0.9022502022586096,SIMULATED,NORMAL
2026-06-17T16:22:37.255604+00:00,DION_001,215877,0.7039673695131923,SIMULATED,NORMAL
2026-06-17T16:22:37.266417+00:00,DION_001,215878,0.1654026014272845,SIMULATED,NORMAL
2026-06-17T16:22:37.277092+00:00,DION_001,215879,0.4273516344224143,SIMULATED,NORMAL
2026-06-17T16:22:37.287835+00:00,DION_001,215880,0.39693402824945645,SIMULATED,NORMAL
2026-06-17T16:22:37.298457+00:00,DION_001,215881,0.2578190526746693,SIMULATED,NORMAL
2026-06-17T16:22:37.309123+00:00,DION_001,215882,0.3958798910662627,SIMULATED,NORMAL
2026-06-17T16:22:37.319709+00:00,DION_001,215883,0.2732138594396868,SIMULATED,NORMAL
2026-06-17T16:22:37.330310+00:00,DION_001,215884,0.3538299957104408,SIMULATED,NORMAL
2026-06-17T16:22:37.341116+00:00,DION_001,215885,0.26757759057373853,SIMULATED,NORMAL
2026-06-17T16:22:37.351764+00:00,DION_001,215886,0.23492197631536565,SIMULATED,NORMAL
2026-06-17T16:22:37.362357+00:00,DION_001,215887,0.5138220854475211,SIMULATED,NORMAL
2026-06-17T16:22:37.372969+00:00,DION_001,215888,0.3745201916268866,SIMULATED,NORMAL
2026-06-17T16:22:37.383493+00:00,DION_001,215889,0.44160833112973147,SIMULATED,NORMAL
2026-06-17T16:22:37.394071+00:00,DION_001,215890,0.3833736909903836,SIMULATED,NORMAL
2026-06-17T16:22:37.404689+00:00,DION_001,215891,0.3747291835470334,SIMULATED,NORMAL
2026-06-17T16:22:37.415314+00:00,DION_001,215892,0.3158233693754767,SIMULATED,NORMAL
2026-06-17T16:22:37.425987+00:00,DION_001,215893,0.48967934234741667,SIMULATED,NORMAL
2026-06-17T16:22:37.436734+00:00,DION_001,215894,0.4148188346718564,SIMULATED,NORMAL
2026-06-17T16:22:37.447388+00:00,DION_001,215895,0.5541781887102077,SIMULATED,NORMAL
2026-06-17T16:22:37.457993+00:00,DION_001,215896,0.49168716833109444,SIMULATED,NORMAL
2026-06-17T16:22:37.468736+00:00,DION_001,215897,0.7322567866108008,SIMULATED,NORMAL
2026-06-17T16:22:37.479374+00:00,DION_001,215898,0.608471952248178,SIMULATED,NORMAL
2026-06-17T16:22:37.490033+00:00,DION_001,215899,0.49637688021201415,SIMULATED,NORMAL
2026-06-17T16:22:37.500683+00:00,DION_001,215900,0.5059722563756405,SIMULATED,NORMAL
2026-06-17T16:22:37.511477+00:00,DION_001,215901,0.7052694091588786,SIMULATED,NORMAL
2026-06-17T16:22:37.522033+00:00,DION_001,215902,0.7700617502056901,SIMULATED,NORMAL
2026-06-17T16:22:37.532706+00:00,DION_001,215903,0.9609045718552143,SIMULATED,NORMAL
2026-06-17T16:22:37.543434+00:00,DION_001,215904,0.6925016018097466,SIMULATED,NORMAL
2026-06-17T16:22:37.554126+00:00,DION_001,215905,0.7439240400556427,SIMULATED,NORMAL
2026-06-17T16:22:37.564769+00:00,DION_001,215906,0.614785112157715,SIMULATED,NORMAL
2026-06-17T16:22:37.575472+00:00,DION_001,215907,0.6256458927006837,SIMULATED,NORMAL
2026-06-17T16:22:37.586233+00:00,DION_001,215908,0.4561987350519748,SIMULATED,NORMAL
2026-06-17T16:22:37.596716+00:00,DION_001,215909,0.745338402200285,SIMULATED,NORMAL
2026-06-17T16:22:37.607277+00:00,DION_001,215910,0.7599046404134213,SIMULATED,NORMAL
2026-06-17T16:22:37.617727+00:00,DION_001,215911,0.8971674743744238,SIMULATED,NORMAL
2026-06-17T16:22:37.628239+00:00,DION_001,215912,0.6243013163834211,SIMULATED,NORMAL
2026-06-17T16:22:37.639275+00:00,DION_001,215913,0.5035149681983582,SIMULATED,NORMAL
2026-06-17T16:22:37.649858+00:00,DION_001,215914,1.2211758032102722,SIMULATED,NORMAL
2026-06-17T16:22:37.660201+00:00,DION_001,215915,0.629374411842737,SIMULATED,NORMAL
2026-06-17T16:22:37.670455+00:00,DION_001,215916,0.664880228810188,SIMULATED,NORMAL
2026-06-17T16:22:37.680835+00:00,DION_001,215917,0.8866223371215666,SIMULATED,NORMAL
2026-06-17T16:22:37.691365+00:00,DION_001,215918,0.8982147465745073,SIMULATED,NORMAL
2026-06-17T16:22:37.701904+00:00,DION_001,215919,0.83522049322669,SIMULATED,NORMAL
2026-06-17T16:22:37.712474+00:00,DION_001,215920,0.35268495692896507,SIMULATED,NORMAL
2026-06-17T16:22:37.723353+00:00,DION_001,215921,0.6673101226284754,SIMULATED,NORMAL
2026-06-17T16:22:37.733858+00:00,DION_001,215922,0.9098975690702682,SIMULATED,NORMAL
2026-06-17T16:22:37.744488+00:00,DION_001,215923,0.6573822751464091,SIMULATED,NORMAL
2026-06-17T16:22:37.755339+00:00,DION_001,215924,0.4743672275732699,SIMULATED,NORMAL
2026-06-17T16:22:37.765975+00:00,DION_001,215925,0.5399780651960322,SIMULATED,NORMAL
2026-06-17T16:22:37.776649+00:00,DION_001,215926,0.5663851404314887,SIMULATED,NORMAL
2026-06-17T16:22:37.787436+00:00,DION_001,215927,0.7080038982483912,SIMULATED,NORMAL
2026-06-17T16:22:37.798085+00:00,DION_001,215928,0.44420211284071953,SIMULATED,NORMAL
2026-06-17T16:22:37.808972+00:00,DION_001,215929,0.30294291123701533,SIMULATED,NORMAL
2026-06-17T16:22:37.819650+00:00,DION_001,215930,0.43038041163472546,SIMULATED,NORMAL
2026-06-17T16:22:37.830275+00:00,DION_001,215931,0.4348382063393753,SIMULATED,NORMAL
2026-06-17T16:22:37.840815+00:00,DION_001,215932,0.3852510101938704,SIMULATED,NORMAL
2026-06-17T16:22:37.851426+00:00,DION_001,215933,0.3420936977874497,SIMULATED,NORMAL
2026-06-17T16:22:37.861915+00:00,DION_001,215934,0.6334508550292173,SIMULATED,NORMAL
2026-06-17T16:22:37.872375+00:00,DION_001,215935,0.2753638115891453,SIMULATED,NORMAL
2026-06-17T16:22:37.883035+00:00,DION_001,215936,0.5692311695045462,SIMULATED,NORMAL
2026-06-17T16:22:37.893471+00:00,DION_001,215937,0.43489608302207516,SIMULATED,NORMAL
2026-06-17T16:22:37.903918+00:00,DION_001,215938,0.09831238810097273,SIMULATED,NORMAL
2026-06-17T16:22:37.914307+00:00,DION_001,215939,0.26620712851667083,SIMULATED,NORMAL
2026-06-17T16:22:37.925288+00:00,DION_001,215940,-0.07186242471458407,SIMULATED,NORMAL
2026-06-17T16:22:37.935616+00:00,DION_001,215941,0.14045415693546418,SIMULATED,NORMAL
2026-06-17T16:22:37.945948+00:00,DION_001,215942,0.045551276410030164,SIMULATED,NORMAL
2026-06-17T16:22:37.956500+00:00,DION_001,215943,-0.05287840621089199,SIMULATED,NORMAL
2026-06-17T16:22:37.966981+00:00,DION_001,215944,-0.1780643574872564,SIMULATED,NORMAL
2026-06-17T16:22:37.977554+00:00,DION_001,215945,-0.11923557267723126,SIMULATED,NORMAL
2026-06-17T16:22:37.988135+00:00,DION_001,215946,-0.15030376151284208,SIMULATED,NORMAL
2026-06-17T16:22:37.998846+00:00,DION_001,215947,-0.4661074376606257,SIMULATED,NORMAL
2026-06-17T16:22:38.009549+00:00,DION_001,215948,0.04481162132190675,SIMULATED,NORMAL
2026-06-17T16:22:38.020169+00:00,DION_001,215949,-0.4386136973210757,SIMULATED,NORMAL
2026-06-17T16:22:38.030892+00:00,DION_001,215950,-0.22283958837029222,SIMULATED,NORMAL
2026-06-17T16:22:38.041352+00:00,DION_001,215951,-0.5216313540764511,SIMULATED,NORMAL
2026-06-17T16:22:38.051957+00:00,DION_001,215952,-0.11840255289483942,SIMULATED,NORMAL
2026-06-17T16:22:38.062619+00:00,DION_001,215953,-0.4715402466839477,SIMULATED,NORMAL
2026-06-17T16:22:38.073259+00:00,DION_001,215954,-0.6349662594428349,SIMULATED,NORMAL
2026-06-17T16:22:38.083770+00:00,DION_001,215955,-0.7682540970297547,SIMULATED,NORMAL
2026-06-17T16:22:38.094251+00:00,DION_001,215956,-0.5303175566108363,SIMULATED,NORMAL
2026-06-17T16:22:38.104769+00:00,DION_001,215957,-0.24177263208670813,SIMULATED,NORMAL
2026-06-17T16:22:38.115389+00:00,DION_001,215958,-0.502203183169249,SIMULATED,NORMAL
2026-06-17T16:22:38.125830+00:00,DION_001,215959,-0.6602631899182613,SIMULATED,NORMAL
2026-06-17T16:22:38.136300+00:00,DION_001,215960,-0.6811981900714854,SIMULATED,NORMAL
2026-06-17T16:22:38.146906+00:00,DION_001,215961,-0.6785634024051188,SIMULATED,NORMAL
2026-06-17T16:22:38.157406+00:00,DION_001,215962,-0.7706220959423218,SIMULATED,NORMAL
2026-06-17T16:22:38.167894+00:00,DION_001,215963,-0.6079392388707755,SIMULATED,NORMAL
2026-06-17T16:22:38.178500+00:00,DION_001,215964,-0.5611922103813254,SIMULATED,NORMAL
2026-06-17T16:22:38.189102+00:00,DION_001,215965,-0.6984290149540705,SIMULATED,NORMAL
2026-06-17T16:22:38.199648+00:00,DION_001,215966,-0.6070743940941737,SIMULATED,NORMAL
2026-06-17T16:22:38.210339+00:00,DION_001,215967,-0.5335972819882818,SIMULATED,NORMAL
2026-06-17T16:22:38.220980+00:00,DION_001,215968,-0.40706177888564976,SIMULATED,NORMAL
2026-06-17T16:22:38.231556+00:00,DION_001,215969,-0.6586634680326843,SIMULATED,NORMAL
2026-06-17T16:22:38.242148+00:00,DION_001,215970,-0.607634334174277,SIMULATED,NORMAL
2026-06-17T16:22:38.252691+00:00,DION_001,215971,-0.377421884845483,SIMULATED,NORMAL
2026-06-17T16:22:38.263238+00:00,DION_001,215972,-0.3637689894138308,SIMULATED,NORMAL
2026-06-17T16:22:38.273862+00:00,DION_001,215973,-0.40217007544069117,SIMULATED,NORMAL
2026-06-17T16:22:38.284383+00:00,DION_001,215974,-0.4548396358598473,SIMULATED,NORMAL
2026-06-17T16:22:38.295196+00:00,DION_001,215975,-0.42923117864804927,SIMULATED,NORMAL
2026-06-17T16:22:38.305795+00:00,DION_001,215976,-0.42835104914969424,SIMULATED,NORMAL
2026-06-17T16:22:38.316410+00:00,DION_001,215977,-0.3557033246675827,SIMULATED,NORMAL
2026-06-17T16:22:38.327240+00:00,DION_001,215978,-0.6195375940263957,SIMULATED,NORMAL
2026-06-17T16:22:38.337867+00:00,DION_001,215979,-0.27688677720257276,SIMULATED,NORMAL
2026-06-17T16:22:38.348457+00:00,DION_001,215980,-0.37816030572028914,SIMULATED,NORMAL
2026-06-17T16:22:38.359225+00:00,DION_001,215981,-0.35478956501132525,SIMULATED,NORMAL
2026-06-17T16:22:38.369857+00:00,DION_001,215982,-0.3807069201658993,SIMULATED,NORMAL
2026-06-17T16:22:38.380689+00:00,DION_001,215983,-0.5239337330976466,SIMULATED,NORMAL
2026-06-17T16:22:38.391494+00:00,DION_001,215984,-0.3691801389807761,SIMULATED,NORMAL
2026-06-17T16:22:38.402082+00:00,DION_001,215985,-0.3594576898543279,SIMULATED,NORMAL
2026-06-17T16:22:38.412763+00:00,DION_001,215986,-0.18065820917592865,SIMULATED,NORMAL
2026-06-17T16:22:38.423450+00:00,DION_001,215987,-0.23914163407676664,SIMULATED,NORMAL
2026-06-17T16:22:38.434021+00:00,DION_001,215988,1.816917462256132,SIMULATED,NORMAL
2026-06-17T16:22:38.444814+00:00,DION_001,215989,-0.17769122209445712,SIMULATED,NORMAL
2026-06-17T16:22:38.455465+00:00,DION_001,215990,0.049829852198735425,SIMULATED,NORMAL
2026-06-17T16:22:38.466068+00:00,DION_001,215991,-0.19760748863931568,SIMULATED,NORMAL
2026-06-17T16:22:38.476784+00:00,DION_001,215992,-0.3031400530827944,SIMULATED,NORMAL
2026-06-17T16:22:38.487554+00:00,DION_001,215993,-0.14061022974801618,SIMULATED,NORMAL
2026-06-17T16:22:38.498195+00:00,DION_001,215994,-0.23099446451944639,SIMULATED,NORMAL
2026-06-17T16:22:38.508942+00:00,DION_001,215995,-0.4399101210841203,SIMULATED,NORMAL
2026-06-17T16:22:38.519560+00:00,DION_001,215996,-0.18026377251076312,SIMULATED,NORMAL
2026-06-17T16:22:38.530189+00:00,DION_001,215997,-0.1823665535479328,SIMULATED,NORMAL
2026-06-17T16:22:38.540894+00:00,DION_001,215998,-0.2517863700302895,SIMULATED,NORMAL
2026-06-17T16:22:38.551437+00:00,DION_001,215999,-0.022398311215676536,SIMULATED,NORMAL
2026-06-17T16:22:38.561956+00:00,DION_001,216000,-0.1407756216891453,SIMULATED,NORMAL
2026-06-17T16:22:38.572693+00:00,DION_001,216001,-0.22322966173408126,SIMULATED,NORMAL
2026-06-17T16:22:38.583387+00:00,DION_001,216002,-0.32399163300793943,SIMULATED,NORMAL
2026-06-17T16:22:38.594100+00:00,DION_001,216003,-0.31627932777878015,SIMULATED,NORMAL
2026-06-17T16:22:38.604614+00:00,DION_001,216004,-0.028366390188414692,SIMULATED,NORMAL
2026-06-17T16:22:38.615421+00:00,DION_001,216005,-0.23684489818706916,SIMULATED,NORMAL
2026-06-17T16:22:38.626143+00:00,DION_001,216006,-0.18259587833276686,SIMULATED,NORMAL
2026-06-17T16:22:38.636871+00:00,DION_001,216007,-0.7178114356320235,SIMULATED,NORMAL
2026-06-17T16:22:38.647667+00:00,DION_001,216008,-0.6491867846088333,SIMULATED,NORMAL
2026-06-17T16:22:38.658323+00:00,DION_001,216009,-0.3896865756887571,SIMULATED,NORMAL
2026-06-17T16:22:38.668848+00:00,DION_001,216010,-0.5362597242782076,SIMULATED,NORMAL
2026-06-17T16:22:38.679382+00:00,DION_001,216011,-0.7124190234545694,SIMULATED,NORMAL
2026-06-17T16:22:38.689869+00:00,DION_001,216012,-0.6314219360373945,SIMULATED,NORMAL
2026-06-17T16:22:38.700393+00:00,DION_001,216013,-0.6712792062819194,SIMULATED,NORMAL
2026-06-17T16:22:38.710976+00:00,DION_001,216014,-0.6088203883250289,SIMULATED,NORMAL
2026-06-17T16:22:38.721357+00:00,DION_001,216015,-0.4568479130923382,SIMULATED,NORMAL
2026-06-17T16:22:38.731742+00:00,DION_001,216016,-0.7812032210768352,SIMULATED,NORMAL
2026-06-17T16:22:38.742067+00:00,DION_001,216017,-0.5708472062086052,SIMULATED,NORMAL
2026-06-17T16:22:38.752366+00:00,DION_001,216018,-0.6553711342107983,SIMULATED,NORMAL
2026-06-17T16:22:38.762583+00:00,DION_001,216019,-0.6465951668792875,SIMULATED,NORMAL
2026-06-17T16:22:38.773077+00:00,DION_001,216020,-1.0050187394199352,SIMULATED,NORMAL
2026-06-17T16:22:38.783498+00:00,DION_001,216021,-0.6926033109702778,SIMULATED,NORMAL
2026-06-17T16:22:38.794162+00:00,DION_001,216022,-0.8755246119521182,SIMULATED,NORMAL
2026-06-17T16:22:38.804757+00:00,DION_001,216023,-1.1040026899023117,SIMULATED,NORMAL
2026-06-17T16:22:38.815406+00:00,DION_001,216024,-0.7623938785729153,SIMULATED,NORMAL
2026-06-17T16:22:38.825998+00:00,DION_001,216025,-0.8488825346174739,SIMULATED,NORMAL
2026-06-17T16:22:38.836633+00:00,DION_001,216026,-1.0163230085157138,SIMULATED,NORMAL
2026-06-17T16:22:38.847253+00:00,DION_001,216027,-1.3018567726852437,SIMULATED,NORMAL
2026-06-17T16:22:38.857829+00:00,DION_001,216028,-0.9653002176173524,SIMULATED,NORMAL
2026-06-17T16:22:38.868860+00:00,DION_001,216029,-1.1154708297465148,SIMULATED,NORMAL
2026-06-17T16:22:38.879491+00:00,DION_001,216030,-1.1930325196172429,SIMULATED,NORMAL
2026-06-17T16:22:38.890139+00:00,DION_001,216031,-1.2180136103874684,SIMULATED,NORMAL
2026-06-17T16:22:38.900722+00:00,DION_001,216032,-1.3507495838071804,SIMULATED,NORMAL
2026-06-17T16:22:38.911241+00:00,DION_001,216033,-1.2753416159040163,SIMULATED,NORMAL
2026-06-17T16:22:38.921907+00:00,DION_001,216034,-1.4111656427928674,SIMULATED,NORMAL
2026-06-17T16:22:38.932520+00:00,DION_001,216035,-1.320605946008933,SIMULATED,NORMAL
2026-06-17T16:22:38.943587+00:00,DION_001,216036,-1.3070430362840315,SIMULATED,NORMAL
2026-06-17T16:22:38.955511+00:00,DION_001,216037,-0.9601941842138141,SIMULATED,NORMAL
2026-06-17T16:22:38.966189+00:00,DION_001,216038,-0.9774199946890433,SIMULATED,NORMAL
2026-06-17T16:22:38.976790+00:00,DION_001,216039,-0.9974684683723054,SIMULATED,NORMAL
2026-06-17T16:22:38.987314+00:00,DION_001,216040,-1.2389022367367548,SIMULATED,NORMAL
2026-06-17T16:22:38.997702+00:00,DION_001,216041,-1.3392787534003343,SIMULATED,NORMAL
2026-06-17T16:22:39.008152+00:00,DION_001,216042,-1.347203050104602,SIMULATED,NORMAL
2026-06-17T16:22:39.018590+00:00,DION_001,216043,-1.315121117712101,SIMULATED,NORMAL
2026-06-17T16:22:39.029169+00:00,DION_001,216044,-1.0616277996444958,SIMULATED,NORMAL
2026-06-17T16:22:39.039632+00:00,DION_001,216045,-1.102803620156042,SIMULATED,NORMAL
2026-06-17T16:22:39.050065+00:00,DION_001,216046,-0.9915988834769625,SIMULATED,NORMAL
2026-06-17T16:22:39.060584+00:00,DION_001,216047,-1.4668534348897424,SIMULATED,NORMAL
2026-06-17T16:22:39.070945+00:00,DION_001,216048,-1.235660479944915,SIMULATED,NORMAL
2026-06-17T16:22:39.081565+00:00,DION_001,216049,-1.1252577576127814,SIMULATED,NORMAL
2026-06-17T16:22:39.092111+00:00,DION_001,216050,-1.2578893974115417,SIMULATED,NORMAL
2026-06-17T16:22:39.102570+00:00,DION_001,216051,-1.0774098981222406,SIMULATED,NORMAL
2026-06-17T16:22:39.112988+00:00,DION_001,216052,-0.8864441043818873,SIMULATED,NORMAL
2026-06-17T16:22:39.123460+00:00,DION_001,216053,-0.8185300011714703,SIMULATED,NORMAL
2026-06-17T16:22:39.133873+00:00,DION_001,216054,-0.7342536904452269,SIMULATED,NORMAL
2026-06-17T16:22:39.144398+00:00,DION_001,216055,-0.8546760274429189,SIMULATED,NORMAL
2026-06-17T16:22:39.155032+00:00,DION_001,216056,-1.0579720685891782,SIMULATED,NORMAL
2026-06-17T16:22:39.165596+00:00,DION_001,216057,-0.6628687031820528,SIMULATED,NORMAL
2026-06-17T16:22:39.176174+00:00,DION_001,216058,-0.523027701645135,SIMULATED,NORMAL
2026-06-17T16:22:39.186757+00:00,DION_001,216059,-0.7016815736338806,SIMULATED,NORMAL
2026-06-17T16:22:39.197411+00:00,DION_001,216060,-0.533933976659507,SIMULATED,NORMAL
2026-06-17T16:22:39.208142+00:00,DION_001,216061,-0.3376036590447543,SIMULATED,NORMAL
2026-06-17T16:22:39.218747+00:00,DION_001,216062,-0.6696665553935376,SIMULATED,NORMAL
2026-06-17T16:22:39.229320+00:00,DION_001,216063,-2.846893724764495,SIMULATED,EVENT_DETECTED
2026-06-17T16:22:39.240279+00:00,DION_001,216064,-0.613016484941549,SIMULATED,NORMAL
2026-06-17T16:22:39.250814+00:00,DION_001,216065,-0.5695732315095101,SIMULATED,NORMAL
2026-06-17T16:22:39.261452+00:00,DION_001,216066,-0.49716945891715925,SIMULATED,NORMAL
2026-06-17T16:22:39.272010+00:00,DION_001,216067,-0.6391307543257271,SIMULATED,NORMAL
2026-06-17T16:22:39.282638+00:00,DION_001,216068,-0.3894543414116959,SIMULATED,NORMAL
2026-06-17T16:22:39.293392+00:00,DION_001,216069,-0.3113268534443481,SIMULATED,NORMAL
2026-06-17T16:22:39.304155+00:00,DION_001,216070,-0.32683886565272935,SIMULATED,NORMAL
2026-06-17T16:22:39.314865+00:00,DION_001,216071,-0.382623594494353,SIMULATED,NORMAL
2026-06-17T16:22:39.325550+00:00,DION_001,216072,-0.24216485484840689,SIMULATED,NORMAL
2026-06-17T16:22:39.336276+00:00,DION_001,216073,-0.1659133701400103,SIMULATED,NORMAL
2026-06-17T16:22:39.346923+00:00,DION_001,216074,-0.5349395774024795,SIMULATED,NORMAL
2026-06-17T16:22:39.357430+00:00,DION_001,216075,-0.5377482080870309,SIMULATED,NORMAL
2026-06-17T16:22:39.368075+00:00,DION_001,216076,0.09235726386756493,SIMULATED,NORMAL
2026-06-17T16:22:39.378695+00:00,DION_001,216077,-0.3636442434191097,SIMULATED,NORMAL
2026-06-17T16:22:39.389307+00:00,DION_001,216078,-0.33221448879937543,SIMULATED,NORMAL
2026-06-17T16:22:39.400121+00:00,DION_001,216079,-0.26773533596633403,SIMULATED,NORMAL
2026-06-17T16:22:39.410902+00:00,DION_001,216080,-0.3853745680558358,SIMULATED,NORMAL
2026-06-17T16:22:39.421520+00:00,DION_001,216081,-0.32529003831462233,SIMULATED,NORMAL
2026-06-17T16:22:39.432168+00:00,DION_001,216082,-0.053558385832794125,SIMULATED,NORMAL
2026-06-17T16:22:39.442808+00:00,DION_001,216083,-0.2729393333270678,SIMULATED,NORMAL
2026-06-17T16:22:39.453351+00:00,DION_001,216084,-0.15076152078606786,SIMULATED,NORMAL
2026-06-17T16:22:39.463972+00:00,DION_001,216085,0.014540834046623097,SIMULATED,NORMAL
2026-06-17T16:22:39.474520+00:00,DION_001,216086,-0.38402079833672936,SIMULATED,NORMAL
2026-06-17T16:22:39.485242+00:00,DION_001,216087,-0.41865515011970444,SIMULATED,NORMAL
2026-06-17T16:22:39.495884+00:00,DION_001,216088,-0.41086343241341317,SIMULATED,NORMAL
2026-06-17T16:22:39.506522+00:00,DION_001,216089,-0.4180827188564269,SIMULATED,NORMAL
2026-06-17T16:22:39.517025+00:00,DION_001,216090,-0.1545457848074184,SIMULATED,NORMAL
2026-06-17T16:22:39.527639+00:00,DION_001,216091,-0.217738030054858,SIMULATED,NORMAL
2026-06-17T16:22:39.538175+00:00,DION_001,216092,-0.38274895373042367,SIMULATED,NORMAL
2026-06-17T16:22:39.548874+00:00,DION_001,216093,-0.3872222149827015,SIMULATED,NORMAL
2026-06-17T16:22:39.559523+00:00,DION_001,216094,-0.4369930212286249,SIMULATED,NORMAL
2026-06-17T16:22:39.570148+00:00,DION_001,216095,-0.6410367392837856,SIMULATED,NORMAL
2026-06-17T16:22:39.580842+00:00,DION_001,216096,-0.2720604284757103,SIMULATED,NORMAL
2026-06-17T16:22:39.591478+00:00,DION_001,216097,-0.5711506619672961,SIMULATED,NORMAL
2026-06-17T16:22:39.602049+00:00,DION_001,216098,-0.5241374395550576,SIMULATED,NORMAL
2026-06-17T16:22:39.612639+00:00,DION_001,216099,-0.9577684523148471,SIMULATED,NORMAL
2026-06-17T16:22:39.623414+00:00,DION_001,216100,-0.5955715834373463,SIMULATED,NORMAL
2026-06-17T16:22:39.633919+00:00,DION_001,216101,-0.6008875239860645,SIMULATED,NORMAL
2026-06-17T16:22:39.644687+00:00,DION_001,216102,-0.9367806251629652,SIMULATED,NORMAL
2026-06-17T16:22:39.655492+00:00,DION_001,216103,-0.6614801912852191,SIMULATED,NORMAL
2026-06-17T16:22:39.666067+00:00,DION_001,216104,-0.7460458720933392,SIMULATED,NORMAL
2026-06-17T16:22:39.676702+00:00,DION_001,216105,-0.6788719090728992,SIMULATED,NORMAL
2026-06-17T16:22:39.687354+00:00,DION_001,216106,-0.6006312425155607,SIMULATED,NORMAL
2026-06-17T16:22:39.697971+00:00,DION_001,216107,-0.8198593812575614,SIMULATED,NORMAL
2026-06-17T16:22:39.708543+00:00,DION_001,216108,-0.8159728146063566,SIMULATED,NORMAL
2026-06-17T16:22:39.719193+00:00,DION_001,216109,-1.0377244957989884,SIMULATED,NORMAL
2026-06-17T16:22:39.729612+00:00,DION_001,216110,-0.9403519829330582,SIMULATED,NORMAL
2026-06-17T16:22:39.740061+00:00,DION_001,216111,-0.8396787284822754,SIMULATED,NORMAL
2026-06-17T16:22:39.750564+00:00,DION_001,216112,-0.4482511717043656,SIMULATED,NORMAL
2026-06-17T16:22:39.761185+00:00,DION_001,216113,-0.9595935156974744,SIMULATED,NORMAL
2026-06-17T16:22:39.771770+00:00,DION_001,216114,-0.9663947895807815,SIMULATED,NORMAL
2026-06-17T16:22:39.782230+00:00,DION_001,216115,-0.5111551721236927,SIMULATED,NORMAL
2026-06-17T16:22:39.792706+00:00,DION_001,216116,-0.5143996371276014,SIMULATED,NORMAL
2026-06-17T16:22:39.803056+00:00,DION_001,216117,-0.6165437301111846,SIMULATED,NORMAL
2026-06-17T16:22:39.813497+00:00,DION_001,216118,-0.6091353255412085,SIMULATED,NORMAL
2026-06-17T16:22:39.824361+00:00,DION_001,216119,-0.6797328562034897,SIMULATED,NORMAL
2026-06-17T16:22:39.834803+00:00,DION_001,216120,-0.7252948878370116,SIMULATED,NORMAL
2026-06-17T16:22:39.845306+00:00,DION_001,216121,-0.7914697559513382,SIMULATED,NORMAL
2026-06-17T16:22:39.855764+00:00,DION_001,216122,-0.5054513589704394,SIMULATED,NORMAL
2026-06-17T16:22:39.866420+00:00,DION_001,216123,0.021986946927740836,SIMULATED,NORMAL
2026-06-17T16:22:39.877118+00:00,DION_001,216124,-0.7465673521903242,SIMULATED,NORMAL
2026-06-17T16:22:39.887721+00:00,DION_001,216125,-0.3457426363749537,SIMULATED,NORMAL
2026-06-17T16:22:39.898284+00:00,DION_001,216126,-0.7409630811837138,SIMULATED,NORMAL
2026-06-17T16:22:39.908792+00:00,DION_001,216127,-0.4622346350430798,SIMULATED,NORMAL
2026-06-17T16:22:39.919416+00:00,DION_001,216128,-0.2640108900347082,SIMULATED,NORMAL
2026-06-17T16:22:39.930059+00:00,DION_001,216129,-0.12764567324493298,SIMULATED,NORMAL
2026-06-17T16:22:39.940845+00:00,DION_001,216130,-0.19809029263519756,SIMULATED,NORMAL
2026-06-17T16:22:39.951493+00:00,DION_001,216131,-2.296702230513362,SIMULATED,EVENT_DETECTED
2026-06-17T16:22:39.962270+00:00,DION_001,216132,-0.15495088685045197,SIMULATED,NORMAL
2026-06-17T16:22:39.973004+00:00,DION_001,216133,-0.36229976639566336,SIMULATED,NORMAL
2026-06-17T16:22:39.983696+00:00,DION_001,216134,-0.08794935062177084,SIMULATED,NORMAL
2026-06-17T16:22:39.994419+00:00,DION_001,216135,-0.08043786758074255,SIMULATED,NORMAL
2026-06-17T16:22:40.005049+00:00,DION_001,216136,-0.07078928425173198,SIMULATED,NORMAL
2026-06-17T16:22:40.015664+00:00,DION_001,216137,-0.0009672429842378094,SIMULATED,NORMAL
2026-06-17T16:22:40.026184+00:00,DION_001,216138,0.047246093625879323,SIMULATED,NORMAL
2026-06-17T16:22:40.036765+00:00,DION_001,216139,0.2738662114308623,SIMULATED,NORMAL
2026-06-17T16:22:40.047433+00:00,DION_001,216140,0.20777868219282805,SIMULATED,NORMAL
2026-06-17T16:22:40.058086+00:00,DION_001,216141,0.11806155439678162,SIMULATED,NORMAL
2026-06-17T16:22:40.068632+00:00,DION_001,216142,0.04624817929891628,SIMULATED,NORMAL
2026-06-17T16:22:40.079015+00:00,DION_001,216143,0.4342617313748835,SIMULATED,NORMAL
2026-06-17T16:22:40.089510+00:00,DION_001,216144,0.4853475361327869,SIMULATED,NORMAL
2026-06-17T16:22:40.100064+00:00,DION_001,216145,0.37017996630781197,SIMULATED,NORMAL
2026-06-17T16:22:40.110465+00:00,DION_001,216146,0.5080210597048824,SIMULATED,NORMAL
2026-06-17T16:22:40.120897+00:00,DION_001,216147,0.5435384300281458,SIMULATED,NORMAL
2026-06-17T16:22:40.131406+00:00,DION_001,216148,0.4885874169602374,SIMULATED,NORMAL
2026-06-17T16:22:40.141891+00:00,DION_001,216149,0.27544819796863096,SIMULATED,NORMAL
2026-06-17T16:22:40.152174+00:00,DION_001,216150,0.49513290608043037,SIMULATED,NORMAL
2026-06-17T16:22:40.162621+00:00,DION_001,216151,0.6942409885231275,SIMULATED,NORMAL
2026-06-17T16:22:40.173195+00:00,DION_001,216152,0.5623358929405518,SIMULATED,NORMAL
2026-06-17T16:22:40.183760+00:00,DION_001,216153,0.5191315315752639,SIMULATED,NORMAL
2026-06-17T16:22:40.194361+00:00,DION_001,216154,0.7298344624849379,SIMULATED,NORMAL
2026-06-17T16:22:40.204986+00:00,DION_001,216155,0.34500779313224145,SIMULATED,NORMAL
2026-06-17T16:22:40.215599+00:00,DION_001,216156,0.7280187804606201,SIMULATED,NORMAL
2026-06-17T16:22:40.226204+00:00,DION_001,216157,0.8419762855028649,SIMULATED,NORMAL
2026-06-17T16:22:40.236903+00:00,DION_001,216158,0.6674740214083367,SIMULATED,NORMAL
2026-06-17T16:22:40.247513+00:00,DION_001,216159,0.6577693252245346,SIMULATED,NORMAL
2026-06-17T16:22:40.258157+00:00,DION_001,216160,0.8289743493661182,SIMULATED,NORMAL
2026-06-17T16:22:40.268764+00:00,DION_001,216161,0.6526135396645227,SIMULATED,NORMAL
2026-06-17T16:22:40.279332+00:00,DION_001,216162,0.7216742033856051,SIMULATED,NORMAL
2026-06-17T16:22:40.289920+00:00,DION_001,216163,0.9081707179972967,SIMULATED,NORMAL
2026-06-17T16:22:40.300406+00:00,DION_001,216164,0.711116992694689,SIMULATED,NORMAL
2026-06-17T16:22:40.311214+00:00,DION_001,216165,0.2969920892333081,SIMULATED,NORMAL
2026-06-17T16:22:40.321835+00:00,DION_001,216166,0.847607316876209,SIMULATED,NORMAL
2026-06-17T16:22:40.332474+00:00,DION_001,216167,0.6849425232871775,SIMULATED,NORMAL
2026-06-17T16:22:40.343249+00:00,DION_001,216168,0.7556436571857762,SIMULATED,NORMAL
2026-06-17T16:22:40.353882+00:00,DION_001,216169,0.6274786425373917,SIMULATED,NORMAL
2026-06-17T16:22:40.364709+00:00,DION_001,216170,0.7206546560492693,SIMULATED,NORMAL
2026-06-17T16:22:40.375461+00:00,DION_001,216171,0.64269787999682,SIMULATED,NORMAL
2026-06-17T16:22:40.386244+00:00,DION_001,216172,0.7357908324816553,SIMULATED,NORMAL
2026-06-17T16:22:40.396862+00:00,DION_001,216173,0.4312137704014002,SIMULATED,NORMAL
2026-06-17T16:22:40.407498+00:00,DION_001,216174,0.5183248779214485,SIMULATED,NORMAL
2026-06-17T16:22:40.418088+00:00,DION_001,216175,0.10132193040413817,SIMULATED,NORMAL
2026-06-17T16:22:40.428802+00:00,DION_001,216176,0.8478133824527618,SIMULATED,NORMAL
2026-06-17T16:22:40.439499+00:00,DION_001,216177,0.3733967835101877,SIMULATED,NORMAL
2026-06-17T16:22:40.450064+00:00,DION_001,216178,0.5506775821256963,SIMULATED,NORMAL
2026-06-17T16:22:40.460684+00:00,DION_001,216179,0.3660966861763841,SIMULATED,NORMAL
2026-06-17T16:22:40.471330+00:00,DION_001,216180,0.23473788834242407,SIMULATED,NORMAL
2026-06-17T16:22:40.481932+00:00,DION_001,216181,0.21250727021945684,SIMULATED,NORMAL
2026-06-17T16:22:40.492699+00:00,DION_001,216182,0.5225039807747122,SIMULATED,NORMAL
2026-06-17T16:22:40.503343+00:00,DION_001,216183,0.3667092346037711,SIMULATED,NORMAL
2026-06-17T16:22:40.513986+00:00,DION_001,216184,0.4702096508896286,SIMULATED,NORMAL
2026-06-17T16:22:40.524645+00:00,DION_001,216185,0.4802793463497206,SIMULATED,NORMAL
2026-06-17T16:22:40.535255+00:00,DION_001,216186,0.231451585170229,SIMULATED,NORMAL
2026-06-17T16:22:40.545883+00:00,DION_001,216187,0.06944046702091286,SIMULATED,NORMAL
2026-06-17T16:22:40.556520+00:00,DION_001,216188,0.3577126327402097,SIMULATED,NORMAL
2026-06-17T16:22:40.567224+00:00,DION_001,216189,0.45350008716094825,SIMULATED,NORMAL
2026-06-17T16:22:40.577901+00:00,DION_001,216190,0.29425858143809497,SIMULATED,NORMAL
2026-06-17T16:22:40.588522+00:00,DION_001,216191,0.26555459483101607,SIMULATED,NORMAL
2026-06-17T16:22:40.599526+00:00,DION_001,216192,0.013405756099049398,SIMULATED,NORMAL
2026-06-17T16:22:40.610241+00:00,DION_001,216193,0.43645986502900436,SIMULATED,NORMAL
2026-06-17T16:22:40.620868+00:00,DION_001,216194,0.42733657535141223,SIMULATED,NORMAL
2026-06-17T16:22:40.631518+00:00,DION_001,216195,0.1895363666281267,SIMULATED,NORMAL
2026-06-17T16:22:40.642173+00:00,DION_001,216196,0.4049169458992226,SIMULATED,NORMAL
2026-06-17T16:22:40.652839+00:00,DION_001,216197,-0.16516631437429802,SIMULATED,NORMAL
2026-06-17T16:22:40.663440+00:00,DION_001,216198,0.3402175280682293,SIMULATED,NORMAL
2026-06-17T16:22:40.674049+00:00,DION_001,216199,0.405082332653802,SIMULATED,NORMAL
2026-06-17T16:22:40.684704+00:00,DION_001,216200,0.5166141479311446,SIMULATED,NORMAL
2026-06-17T16:22:40.695363+00:00,DION_001,216201,0.5782402014319878,SIMULATED,NORMAL
2026-06-17T16:22:40.705991+00:00,DION_001,216202,0.45725321843563316,SIMULATED,NORMAL
2026-06-17T16:22:40.716761+00:00,DION_001,216203,0.3764366162378671,SIMULATED,NORMAL
2026-06-17T16:22:40.727430+00:00,DION_001,216204,0.5633364733321207,SIMULATED,NORMAL
2026-06-17T16:22:40.737975+00:00,DION_001,216205,0.32706158547424785,SIMULATED,NORMAL
2026-06-17T16:22:40.748649+00:00,DION_001,216206,0.6251021610080677,SIMULATED,NORMAL
2026-06-17T16:22:40.759301+00:00,DION_001,216207,0.7343310309247948,SIMULATED,NORMAL
2026-06-17T16:22:40.769931+00:00,DION_001,216208,0.5976140412680627,SIMULATED,NORMAL
2026-06-17T16:22:40.780676+00:00,DION_001,216209,0.8661377655992833,SIMULATED,NORMAL
2026-06-17T16:22:40.791462+00:00,DION_001,216210,0.737090234240567,SIMULATED,NORMAL
2026-06-17T16:22:40.802071+00:00,DION_001,216211,0.561306407739624,SIMULATED,NORMAL
2026-06-17T16:22:40.812718+00:00,DION_001,216212,0.6752145287757809,SIMULATED,NORMAL
2026-06-17T16:22:40.823520+00:00,DION_001,216213,0.9520661160421429,SIMULATED,NORMAL
2026-06-17T16:22:40.834189+00:00,DION_001,216214,0.7588911810928233,SIMULATED,NORMAL
2026-06-17T16:22:40.844656+00:00,DION_001,216215,0.8717286116020497,SIMULATED,NORMAL
2026-06-17T16:22:40.855126+00:00,DION_001,216216,0.7132584491321081,SIMULATED,NORMAL
2026-06-17T16:22:40.865592+00:00,DION_001,216217,0.5357755966902588,SIMULATED,NORMAL
2026-06-17T16:22:40.876018+00:00,DION_001,216218,0.7385498915501758,SIMULATED,NORMAL
2026-06-17T16:22:40.886375+00:00,DION_001,216219,1.1133615485437214,SIMULATED,NORMAL
2026-06-17T16:22:40.896644+00:00,DION_001,216220,1.011435269348343,SIMULATED,NORMAL
2026-06-17T16:22:40.907099+00:00,DION_001,216221,0.8846106632558897,SIMULATED,NORMAL
2026-06-17T16:22:40.917481+00:00,DION_001,216222,0.6579088840482548,SIMULATED,NORMAL
2026-06-17T16:22:40.928059+00:00,DION_001,216223,1.1864208469894315,SIMULATED,NORMAL
2026-06-17T16:22:40.938642+00:00,DION_001,216224,1.030778830503918,SIMULATED,NORMAL
2026-06-17T16:22:40.949246+00:00,DION_001,216225,-1.4919469370002512,SIMULATED,NORMAL
2026-06-17T16:22:40.960081+00:00,DION_001,216226,1.104703967707177,SIMULATED,NORMAL
2026-06-17T16:22:40.970603+00:00,DION_001,216227,0.8579545022848262,SIMULATED,NORMAL
2026-06-17T16:22:40.981227+00:00,DION_001,216228,1.383870067404099,SIMULATED,NORMAL
2026-06-17T16:22:40.991913+00:00,DION_001,216229,1.207759645078288,SIMULATED,NORMAL
2026-06-17T16:22:41.002513+00:00,DION_001,216230,1.1110798327153917,SIMULATED,NORMAL
2026-06-17T16:22:41.013129+00:00,DION_001,216231,1.209683511080402,SIMULATED,NORMAL
2026-06-17T16:22:41.023622+00:00,DION_001,216232,1.3658549577624368,SIMULATED,NORMAL
2026-06-17T16:22:41.034156+00:00,DION_001,216233,1.270953464531024,SIMULATED,NORMAL
2026-06-17T16:22:41.044822+00:00,DION_001,216234,1.5463313298884354,SIMULATED,NORMAL
2026-06-17T16:22:41.055432+00:00,DION_001,216235,1.3363356676591767,SIMULATED,NORMAL
2026-06-17T16:22:41.066103+00:00,DION_001,216236,1.1077477672031004,SIMULATED,NORMAL
2026-06-17T16:22:41.076749+00:00,DION_001,216237,1.1793871000304534,SIMULATED,NORMAL
2026-06-17T16:22:41.087386+00:00,DION_001,216238,-1.0677219256475459,SIMULATED,NORMAL
2026-06-17T16:22:41.098251+00:00,DION_001,216239,1.4427845472763703,SIMULATED,NORMAL
2026-06-17T16:22:41.108930+00:00,DION_001,216240,1.2066662612853596,SIMULATED,NORMAL
2026-06-17T16:22:41.119493+00:00,DION_001,216241,0.9095716394773368,SIMULATED,NORMAL
2026-06-17T16:22:41.130120+00:00,DION_001,216242,1.210182381194215,SIMULATED,NORMAL
2026-06-17T16:22:41.140653+00:00,DION_001,216243,0.9673730358230579,SIMULATED,NORMAL
2026-06-17T16:22:41.151186+00:00,DION_001,216244,1.281156951896897,SIMULATED,NORMAL
2026-06-17T16:22:41.161733+00:00,DION_001,216245,1.0984125665822826,SIMULATED,NORMAL
2026-06-17T16:22:41.172266+00:00,DION_001,216246,1.0461991362277268,SIMULATED,NORMAL
2026-06-17T16:22:41.182723+00:00,DION_001,216247,1.037870433539471,SIMULATED,NORMAL
2026-06-17T16:22:41.193216+00:00,DION_001,216248,0.9915547517427239,SIMULATED,NORMAL
2026-06-17T16:22:41.203586+00:00,DION_001,216249,0.9178423469598483,SIMULATED,NORMAL
2026-06-17T16:22:41.213953+00:00,DION_001,216250,1.093368109057999,SIMULATED,NORMAL
2026-06-17T16:22:41.224135+00:00,DION_001,216251,1.0498466704101628,SIMULATED,NORMAL
2026-06-17T16:22:41.234339+00:00,DION_001,216252,0.4681574973723753,SIMULATED,NORMAL
2026-06-17T16:22:41.244540+00:00,DION_001,216253,0.7639437493167642,SIMULATED,NORMAL
2026-06-17T16:22:41.254932+00:00,DION_001,216254,0.8231563419323937,SIMULATED,NORMAL
2026-06-17T16:22:41.265335+00:00,DION_001,216255,0.8961137235346567,SIMULATED,NORMAL
2026-06-17T16:22:41.275761+00:00,DION_001,216256,0.8459659497631662,SIMULATED,NORMAL
2026-06-17T16:22:41.286252+00:00,DION_001,216257,0.5151764425408367,SIMULATED,NORMAL
2026-06-17T16:22:41.296813+00:00,DION_001,216258,0.7754466150078959,SIMULATED,NORMAL
2026-06-17T16:22:41.307476+00:00,DION_001,216259,0.7545880524434359,SIMULATED,NORMAL
2026-06-17T16:22:41.318041+00:00,DION_001,216260,0.43444941657482533,SIMULATED,NORMAL
2026-06-17T16:22:41.328660+00:00,DION_001,216261,0.27247030739184225,SIMULATED,NORMAL
2026-06-17T16:22:41.339331+00:00,DION_001,216262,0.5046065981614305,SIMULATED,NORMAL
2026-06-17T16:22:41.349971+00:00,DION_001,216263,0.6045760453268438,SIMULATED,NORMAL
2026-06-17T16:22:41.360679+00:00,DION_001,216264,0.34272647675643864,SIMULATED,NORMAL
2026-06-17T16:22:41.371316+00:00,DION_001,216265,0.28660246739432577,SIMULATED,NORMAL
2026-06-17T16:22:41.381957+00:00,DION_001,216266,0.5942175321269645,SIMULATED,NORMAL
2026-06-17T16:22:41.392726+00:00,DION_001,216267,0.0008576793198276644,SIMULATED,NORMAL
2026-06-17T16:22:41.403606+00:00,DION_001,216268,0.2284822161103424,SIMULATED,NORMAL
2026-06-17T16:22:41.414345+00:00,DION_001,216269,0.3812433677497342,SIMULATED,NORMAL
2026-06-17T16:22:41.425033+00:00,DION_001,216270,0.35907011668728783,SIMULATED,NORMAL
2026-06-17T16:22:41.435609+00:00,DION_001,216271,0.28549012700111603,SIMULATED,NORMAL
2026-06-17T16:22:41.446228+00:00,DION_001,216272,0.3247558903827336,SIMULATED,NORMAL
2026-06-17T16:22:41.456903+00:00,DION_001,216273,0.09147551898675897,SIMULATED,NORMAL
2026-06-17T16:22:41.467428+00:00,DION_001,216274,0.32653030337531364,SIMULATED,NORMAL
2026-06-17T16:22:41.478067+00:00,DION_001,216275,-0.04892061137875778,SIMULATED,NORMAL
2026-06-17T16:22:41.488732+00:00,DION_001,216276,0.006922743359535022,SIMULATED,NORMAL
2026-06-17T16:22:41.499670+00:00,DION_001,216277,0.090761717875382,SIMULATED,NORMAL
2026-06-17T16:22:41.510478+00:00,DION_001,216278,0.4274022416663036,SIMULATED,NORMAL
2026-06-17T16:22:41.521207+00:00,DION_001,216279,0.13645817636253804,SIMULATED,NORMAL
2026-06-17T16:22:41.531856+00:00,DION_001,216280,0.14662996355337926,SIMULATED,NORMAL
2026-06-17T16:22:41.542469+00:00,DION_001,216281,0.18650533080736903,SIMULATED,NORMAL
2026-06-17T16:22:41.553156+00:00,DION_001,216282,0.18733463469082542,SIMULATED,NORMAL
2026-06-17T16:22:41.563817+00:00,DION_001,216283,0.34608502919266565,SIMULATED,NORMAL
2026-06-17T16:22:41.574602+00:00,DION_001,216284,0.35217627623642467,SIMULATED,NORMAL
2026-06-17T16:22:41.585169+00:00,DION_001,216285,0.34033233302043014,SIMULATED,NORMAL
2026-06-17T16:22:41.595779+00:00,DION_001,216286,0.297750760709214,SIMULATED,NORMAL
2026-06-17T16:22:41.606363+00:00,DION_001,216287,0.16647676712533005,SIMULATED,NORMAL
2026-06-17T16:22:41.617049+00:00,DION_001,216288,0.3003101286119209,SIMULATED,NORMAL
2026-06-17T16:22:41.627709+00:00,DION_001,216289,0.28275284390926536,SIMULATED,NORMAL
2026-06-17T16:22:41.638343+00:00,DION_001,216290,0.46324229614172374,SIMULATED,NORMAL
2026-06-17T16:22:41.648974+00:00,DION_001,216291,0.3920568980071947,SIMULATED,NORMAL
2026-06-17T16:22:41.659598+00:00,DION_001,216292,0.13869952512292982,SIMULATED,NORMAL
2026-06-17T16:22:41.670227+00:00,DION_001,216293,0.2193741822542973,SIMULATED,NORMAL
2026-06-17T16:22:41.680858+00:00,DION_001,216294,0.7307363337456239,SIMULATED,NORMAL
2026-06-17T16:22:41.691505+00:00,DION_001,216295,0.1649942254124528,SIMULATED,NORMAL
2026-06-17T16:22:41.702102+00:00,DION_001,216296,0.40157018924797006,SIMULATED,NORMAL
2026-06-17T16:22:41.712707+00:00,DION_001,216297,0.3225044008390069,SIMULATED,NORMAL
2026-06-17T16:22:41.723388+00:00,DION_001,216298,0.5472901711011137,SIMULATED,NORMAL
2026-06-17T16:22:41.735972+00:00,DION_001,216299,0.5911388822448783,SIMULATED,NORMAL
2026-06-17T16:22:41.746480+00:00,DION_001,216300,0.4030674321094247,SIMULATED,NORMAL
2026-06-17T16:22:41.756814+00:00,DION_001,216301,0.7929220638291354,SIMULATED,NORMAL
2026-06-17T16:22:41.767293+00:00,DION_001,216302,-1.2919466835534457,SIMULATED,NORMAL
2026-06-17T16:22:41.778170+00:00,DION_001,216303,0.41834350045427704,SIMULATED,NORMAL
2026-06-17T16:22:41.788721+00:00,DION_001,216304,0.6222186314069994,SIMULATED,NORMAL
2026-06-17T16:22:41.799571+00:00,DION_001,216305,0.2754693873307531,SIMULATED,NORMAL
2026-06-17T16:22:41.810221+00:00,DION_001,216306,0.6685912812915107,SIMULATED,NORMAL
2026-06-17T16:22:41.820799+00:00,DION_001,216307,0.5240408676259143,SIMULATED,NORMAL
2026-06-17T16:22:41.831422+00:00,DION_001,216308,0.6682340643677304,SIMULATED,NORMAL
2026-06-17T16:22:41.842083+00:00,DION_001,216309,0.3893994114176641,SIMULATED,NORMAL
2026-06-17T16:22:41.852676+00:00,DION_001,216310,0.637345917764987,SIMULATED,NORMAL
2026-06-17T16:22:41.863400+00:00,DION_001,216311,0.48139673116641396,SIMULATED,NORMAL
2026-06-17T16:22:41.873994+00:00,DION_001,216312,0.5710275456874684,SIMULATED,NORMAL
2026-06-17T16:22:41.884523+00:00,DION_001,216313,0.4717197626075562,SIMULATED,NORMAL
2026-06-17T16:22:41.895225+00:00,DION_001,216314,0.6002010176781291,SIMULATED,NORMAL
2026-06-17T16:22:41.905685+00:00,DION_001,216315,0.6019928179639963,SIMULATED,NORMAL
2026-06-17T16:22:41.916284+00:00,DION_001,216316,0.6750808738596499,SIMULATED,NORMAL
2026-06-17T16:22:41.926805+00:00,DION_001,216317,0.4057440771672075,SIMULATED,NORMAL
2026-06-17T16:22:41.937281+00:00,DION_001,216318,0.6086533358676662,SIMULATED,NORMAL
2026-06-17T16:22:41.947708+00:00,DION_001,216319,0.5589706390617893,SIMULATED,NORMAL
2026-06-17T16:22:41.958170+00:00,DION_001,216320,0.2583435928450983,SIMULATED,NORMAL
2026-06-17T16:22:41.968530+00:00,DION_001,216321,0.16845950806087726,SIMULATED,NORMAL
2026-06-17T16:22:41.978837+00:00,DION_001,216322,0.18673630670848607,SIMULATED,NORMAL
2026-06-17T16:22:41.989372+00:00,DION_001,216323,0.15698290879066273,SIMULATED,NORMAL
2026-06-17T16:22:41.999861+00:00,DION_001,216324,0.38998261137237683,SIMULATED,NORMAL
2026-06-17T16:22:42.010379+00:00,DION_001,216325,0.2680714381597954,SIMULATED,NORMAL
2026-06-17T16:22:42.020823+00:00,DION_001,216326,0.36396787491079907,SIMULATED,NORMAL
2026-06-17T16:22:42.031548+00:00,DION_001,216327,0.16351149360137235,SIMULATED,NORMAL
2026-06-17T16:22:42.042058+00:00,DION_001,216328,0.18956077183311046,SIMULATED,NORMAL
2026-06-17T16:22:42.052647+00:00,DION_001,216329,-0.08675517505548601,SIMULATED,NORMAL
2026-06-17T16:22:42.063262+00:00,DION_001,216330,-0.0580342037296395,SIMULATED,NORMAL
2026-06-17T16:22:42.073801+00:00,DION_001,216331,-0.17558344660967273,SIMULATED,NORMAL
2026-06-17T16:22:42.084306+00:00,DION_001,216332,-0.2718980972407815,SIMULATED,NORMAL
2026-06-17T16:22:42.095180+00:00,DION_001,216333,-0.39200157764270627,SIMULATED,NORMAL
2026-06-17T16:22:42.105682+00:00,DION_001,216334,-0.19211515556706119,SIMULATED,NORMAL
2026-06-17T16:22:42.116417+00:00,DION_001,216335,-0.4843889988887932,SIMULATED,NORMAL
2026-06-17T16:22:42.127340+00:00,DION_001,216336,-0.012239308799803283,SIMULATED,NORMAL
2026-06-17T16:22:42.137789+00:00,DION_001,216337,-0.36569399560590793,SIMULATED,NORMAL
2026-06-17T16:22:42.148483+00:00,DION_001,216338,-0.06472669919051571,SIMULATED,NORMAL
2026-06-17T16:22:42.159060+00:00,DION_001,216339,-0.34370526065887286,SIMULATED,NORMAL
2026-06-17T16:22:42.169565+00:00,DION_001,216340,-0.5729468431775884,SIMULATED,NORMAL
2026-06-17T16:22:42.180229+00:00,DION_001,216341,-0.4936973706357033,SIMULATED,NORMAL
2026-06-17T16:22:42.190996+00:00,DION_001,216342,-0.6440125244998555,SIMULATED,NORMAL
2026-06-17T16:22:42.201595+00:00,DION_001,216343,-0.5256100748797459,SIMULATED,NORMAL
2026-06-17T16:22:42.212228+00:00,DION_001,216344,-0.6528666442203184,SIMULATED,NORMAL
2026-06-17T16:22:42.222875+00:00,DION_001,216345,-0.4679834417493768,SIMULATED,NORMAL
2026-06-17T16:22:42.233500+00:00,DION_001,216346,-0.684919365977549,SIMULATED,NORMAL
2026-06-17T16:22:42.243951+00:00,DION_001,216347,-0.635096138068677,SIMULATED,NORMAL
2026-06-17T16:22:42.254349+00:00,DION_001,216348,-0.5842435644450681,SIMULATED,NORMAL
2026-06-17T16:22:42.264805+00:00,DION_001,216349,-0.620404428137114,SIMULATED,NORMAL
2026-06-17T16:22:42.275228+00:00,DION_001,216350,-0.7157407873670657,SIMULATED,NORMAL
2026-06-17T16:22:42.285588+00:00,DION_001,216351,-0.9067431936208568,SIMULATED,NORMAL
2026-06-17T16:22:42.296078+00:00,DION_001,216352,-0.7058119697769067,SIMULATED,NORMAL
2026-06-17T16:22:42.306370+00:00,DION_001,216353,-0.6498042754536543,SIMULATED,NORMAL
2026-06-17T16:22:42.316598+00:00,DION_001,216354,-1.0168714952696565,SIMULATED,NORMAL
2026-06-17T16:22:42.326840+00:00,DION_001,216355,-0.6277977538668144,SIMULATED,NORMAL
2026-06-17T16:22:42.337266+00:00,DION_001,216356,-0.9560822746906061,SIMULATED,NORMAL
2026-06-17T16:22:42.348005+00:00,DION_001,216357,-0.6751468633863295,SIMULATED,NORMAL
2026-06-17T16:22:42.358574+00:00,DION_001,216358,-0.5978893272959268,SIMULATED,NORMAL
2026-06-17T16:22:42.369127+00:00,DION_001,216359,-0.8735309083216171,SIMULATED,NORMAL
2026-06-17T16:22:42.379624+00:00,DION_001,216360,-1.1177914565754767,SIMULATED,NORMAL
2026-06-17T16:22:42.390299+00:00,DION_001,216361,-0.9330430648293744,SIMULATED,NORMAL
2026-06-17T16:22:42.400782+00:00,DION_001,216362,-0.579402565638496,SIMULATED,NORMAL
2026-06-17T16:22:42.411405+00:00,DION_001,216363,-0.8662949209911567,SIMULATED,NORMAL
2026-06-17T16:22:42.422059+00:00,DION_001,216364,-1.0006723744702597,SIMULATED,NORMAL
2026-06-17T16:22:42.432643+00:00,DION_001,216365,-0.4686291170660798,SIMULATED,NORMAL
2026-06-17T16:22:42.443319+00:00,DION_001,216366,-0.7078554509651247,SIMULATED,NORMAL
2026-06-17T16:22:42.453825+00:00,DION_001,216367,-0.5782010422316886,SIMULATED,NORMAL
2026-06-17T16:22:42.464450+00:00,DION_001,216368,-0.5243411597192362,SIMULATED,NORMAL
2026-06-17T16:22:42.475411+00:00,DION_001,216369,-0.7199104644378334,SIMULATED,NORMAL
2026-06-17T16:22:42.486004+00:00,DION_001,216370,-0.4604333260352358,SIMULATED,NORMAL
2026-06-17T16:22:42.496486+00:00,DION_001,216371,-0.7023526848302368,SIMULATED,NORMAL
2026-06-17T16:22:42.507217+00:00,DION_001,216372,-0.5053145415372556,SIMULATED,NORMAL
2026-06-17T16:22:42.517743+00:00,DION_001,216373,-0.6299103600732048,SIMULATED,NORMAL
2026-06-17T16:22:42.528413+00:00,DION_001,216374,-0.6025323377171269,SIMULATED,NORMAL
2026-06-17T16:22:42.539209+00:00,DION_001,216375,-0.6967967577896111,SIMULATED,NORMAL
2026-06-17T16:22:42.549730+00:00,DION_001,216376,-0.6015229913174889,SIMULATED,NORMAL
2026-06-17T16:22:42.560387+00:00,DION_001,216377,-0.41104654394857154,SIMULATED,NORMAL
2026-06-17T16:22:42.571055+00:00,DION_001,216378,-0.3225115230554273,SIMULATED,NORMAL
2026-06-17T16:22:42.581663+00:00,DION_001,216379,-0.360119961849814,SIMULATED,NORMAL
2026-06-17T16:22:42.592356+00:00,DION_001,216380,-0.47545417761317005,SIMULATED,NORMAL
2026-06-17T16:22:42.603134+00:00,DION_001,216381,-0.5418983633509344,SIMULATED,NORMAL
2026-06-17T16:22:42.613815+00:00,DION_001,216382,-0.3392427233837483,SIMULATED,NORMAL
2026-06-17T16:22:42.624493+00:00,DION_001,216383,-0.25137368531921,SIMULATED,NORMAL
2026-06-17T16:22:42.635199+00:00,DION_001,216384,-0.5367827172507313,SIMULATED,NORMAL
2026-06-17T16:22:42.645769+00:00,DION_001,216385,-0.17933480668466872,SIMULATED,NORMAL
2026-06-17T16:22:42.656509+00:00,DION_001,216386,-0.24312194525847283,SIMULATED,NORMAL
2026-06-17T16:22:42.667248+00:00,DION_001,216387,-0.4622571059705128,SIMULATED,NORMAL
2026-06-17T16:22:42.677862+00:00,DION_001,216388,-0.4072545832142843,SIMULATED,NORMAL
2026-06-17T16:22:42.688532+00:00,DION_001,216389,-0.35345538743100907,SIMULATED,NORMAL
2026-06-17T16:22:42.699336+00:00,DION_001,216390,-0.25151815696648994,SIMULATED,NORMAL
2026-06-17T16:22:42.710031+00:00,DION_001,216391,-0.135228688896439,SIMULATED,NORMAL
2026-06-17T16:22:42.720690+00:00,DION_001,216392,-0.4123169280141701,SIMULATED,NORMAL
2026-06-17T16:22:42.731359+00:00,DION_001,216393,-0.19685766058682252,SIMULATED,NORMAL
2026-06-17T16:22:42.741908+00:00,DION_001,216394,-0.38521440880921126,SIMULATED,NORMAL
2026-06-17T16:22:42.752472+00:00,DION_001,216395,-0.08525625825557032,SIMULATED,NORMAL
2026-06-17T16:22:42.763182+00:00,DION_001,216396,-0.46897252234977055,SIMULATED,NORMAL
2026-06-17T16:22:42.773884+00:00,DION_001,216397,-0.43332789659657167,SIMULATED,NORMAL
2026-06-17T16:22:42.784528+00:00,DION_001,216398,-0.525453900520206,SIMULATED,NORMAL
2026-06-17T16:22:42.795273+00:00,DION_001,216399,-0.3589204367416858,SIMULATED,NORMAL
2026-06-17T16:22:42.805902+00:00,DION_001,216400,-0.5077363974162463,SIMULATED,NORMAL
2026-06-17T16:22:42.816512+00:00,DION_001,216401,-0.6754726706137346,SIMULATED,NORMAL
2026-06-17T16:22:42.827355+00:00,DION_001,216402,-0.5723985677839328,SIMULATED,NORMAL
2026-06-17T16:22:42.837968+00:00,DION_001,216403,-0.789435163110155,SIMULATED,NORMAL
2026-06-17T16:22:42.848705+00:00,DION_001,216404,-0.6532008753246897,SIMULATED,NORMAL
2026-06-17T16:22:42.859351+00:00,DION_001,216405,-0.549615857683431,SIMULATED,NORMAL
2026-06-17T16:22:42.869813+00:00,DION_001,216406,-0.6025758300062473,SIMULATED,NORMAL
2026-06-17T16:22:42.880399+00:00,DION_001,216407,-0.4029069012298245,SIMULATED,NORMAL
2026-06-17T16:22:42.891179+00:00,DION_001,216408,-0.7836624639454883,SIMULATED,NORMAL
2026-06-17T16:22:42.901688+00:00,DION_001,216409,-0.7450850711569769,SIMULATED,NORMAL
2026-06-17T16:22:42.912357+00:00,DION_001,216410,-0.8020993143683842,SIMULATED,NORMAL
2026-06-17T16:22:42.923160+00:00,DION_001,216411,-0.6479779410106372,SIMULATED,NORMAL
2026-06-17T16:22:42.933699+00:00,DION_001,216412,-0.934698535823575,SIMULATED,NORMAL
2026-06-17T16:22:42.944544+00:00,DION_001,216413,-1.1164817559960631,SIMULATED,NORMAL
2026-06-17T16:22:42.955348+00:00,DION_001,216414,-0.739899652203308,SIMULATED,NORMAL
2026-06-17T16:22:42.965961+00:00,DION_001,216415,-0.6782081958608472,SIMULATED,NORMAL
2026-06-17T16:22:42.976836+00:00,DION_001,216416,-1.162499883327353,SIMULATED,NORMAL
2026-06-17T16:22:42.987500+00:00,DION_001,216417,-1.0340317398190948,SIMULATED,NORMAL
2026-06-17T16:22:42.998182+00:00,DION_001,216418,-1.1183681830693122,SIMULATED,NORMAL
2026-06-17T16:22:43.008695+00:00,DION_001,216419,-1.1658525542274927,SIMULATED,NORMAL
2026-06-17T16:22:43.019258+00:00,DION_001,216420,-1.1534073363870267,SIMULATED,NORMAL
2026-06-17T16:22:43.029832+00:00,DION_001,216421,-1.231706912353104,SIMULATED,NORMAL
2026-06-17T16:22:43.040248+00:00,DION_001,216422,-0.9272960203037361,SIMULATED,NORMAL
2026-06-17T16:22:43.050810+00:00,DION_001,216423,-1.0641991347539086,SIMULATED,NORMAL
2026-06-17T16:22:43.061395+00:00,DION_001,216424,-1.3920757368048142,SIMULATED,NORMAL
2026-06-17T16:22:43.071889+00:00,DION_001,216425,-1.1832058576965787,SIMULATED,NORMAL
2026-06-17T16:22:43.082259+00:00,DION_001,216426,-1.1392155733796998,SIMULATED,NORMAL
2026-06-17T16:22:43.092669+00:00,DION_001,216427,-1.329850804139394,SIMULATED,NORMAL
2026-06-17T16:22:43.103302+00:00,DION_001,216428,-0.9774190907130959,SIMULATED,NORMAL
2026-06-17T16:22:43.113765+00:00,DION_001,216429,-1.0808836358161549,SIMULATED,NORMAL
2026-06-17T16:22:43.124249+00:00,DION_001,216430,-1.1558191552371733,SIMULATED,NORMAL
2026-06-17T16:22:43.134655+00:00,DION_001,216431,-1.5868388340681328,SIMULATED,NORMAL
2026-06-17T16:22:43.145264+00:00,DION_001,216432,-1.3542708813565547,SIMULATED,NORMAL
2026-06-17T16:22:43.155839+00:00,DION_001,216433,-1.0181358722497493,SIMULATED,NORMAL
2026-06-17T16:22:43.166437+00:00,DION_001,216434,-1.2970838498983683,SIMULATED,NORMAL
2026-06-17T16:22:43.177082+00:00,DION_001,216435,-1.1527385159201355,SIMULATED,NORMAL
2026-06-17T16:22:43.187741+00:00,DION_001,216436,-1.0623793775405679,SIMULATED,NORMAL
2026-06-17T16:22:43.198500+00:00,DION_001,216437,-1.307534406301465,SIMULATED,NORMAL
2026-06-17T16:22:43.209222+00:00,DION_001,216438,-0.9529787769837631,SIMULATED,NORMAL
2026-06-17T16:22:43.219846+00:00,DION_001,216439,-1.1788451161191182,SIMULATED,NORMAL
2026-06-17T16:22:43.230531+00:00,DION_001,216440,-1.1160525229696947,SIMULATED,NORMAL
2026-06-17T16:22:43.241252+00:00,DION_001,216441,-1.0184559656090137,SIMULATED,NORMAL
2026-06-17T16:22:43.251858+00:00,DION_001,216442,-1.0785456501524724,SIMULATED,NORMAL
2026-06-17T16:22:43.262530+00:00,DION_001,216443,-1.1352310580805915,SIMULATED,NORMAL
2026-06-17T16:22:43.273058+00:00,DION_001,216444,-0.5617778262588251,SIMULATED,NORMAL
2026-06-17T16:22:43.283750+00:00,DION_001,216445,-0.9606782548527941,SIMULATED,NORMAL
2026-06-17T16:22:43.294298+00:00,DION_001,216446,-1.0148148822432654,SIMULATED,NORMAL
2026-06-17T16:22:43.305076+00:00,DION_001,216447,-0.643435934511427,SIMULATED,NORMAL
2026-06-17T16:22:43.315626+00:00,DION_001,216448,-0.9158685634458743,SIMULATED,NORMAL
2026-06-17T16:22:43.326317+00:00,DION_001,216449,-0.7330514527158098,SIMULATED,NORMAL
2026-06-17T16:22:43.336909+00:00,DION_001,216450,-1.0821049082124148,SIMULATED,NORMAL
2026-06-17T16:22:43.347518+00:00,DION_001,216451,-0.604707231163857,SIMULATED,NORMAL
2026-06-17T16:22:43.358003+00:00,DION_001,216452,-0.5354524640511406,SIMULATED,NORMAL
2026-06-17T16:22:43.368482+00:00,DION_001,216453,-0.7901922239772283,SIMULATED,NORMAL
2026-06-17T16:22:43.379064+00:00,DION_001,216454,-0.527121704340427,SIMULATED,NORMAL
2026-06-17T16:22:43.389585+00:00,DION_001,216455,-0.4180035424867422,SIMULATED,NORMAL
2026-06-17T16:22:43.400022+00:00,DION_001,216456,-0.4722076310344993,SIMULATED,NORMAL
2026-06-17T16:22:43.410545+00:00,DION_001,216457,-0.2574982572204205,SIMULATED,NORMAL
2026-06-17T16:22:43.420987+00:00,DION_001,216458,-0.3324538901605029,SIMULATED,NORMAL
2026-06-17T16:22:43.431298+00:00,DION_001,216459,-0.344568144400204,SIMULATED,NORMAL
2026-06-17T16:22:43.441526+00:00,DION_001,216460,-0.16176884586076729,SIMULATED,NORMAL
2026-06-17T16:22:43.451900+00:00,DION_001,216461,-0.0434277559671194,SIMULATED,NORMAL
2026-06-17T16:22:43.462557+00:00,DION_001,216462,-0.10001636350028398,SIMULATED,NORMAL
2026-06-17T16:22:43.473081+00:00,DION_001,216463,-0.48222326321196446,SIMULATED,NORMAL
2026-06-17T16:22:43.483564+00:00,DION_001,216464,-0.3951245432763322,SIMULATED,NORMAL
2026-06-17T16:22:43.494204+00:00,DION_001,216465,-0.45319789915219594,SIMULATED,NORMAL
2026-06-17T16:22:43.504808+00:00,DION_001,216466,-0.32061650848597784,SIMULATED,NORMAL
2026-06-17T16:22:43.515452+00:00,DION_001,216467,-0.052173216562929225,SIMULATED,NORMAL
2026-06-17T16:22:43.526024+00:00,DION_001,216468,-0.17453566207924143,SIMULATED,NORMAL
2026-06-17T16:22:43.536618+00:00,DION_001,216469,-0.07815483519184548,SIMULATED,NORMAL
2026-06-17T16:22:43.547242+00:00,DION_001,216470,-0.158180477644419,SIMULATED,NORMAL
2026-06-17T16:22:43.557836+00:00,DION_001,216471,0.04706267529747099,SIMULATED,NORMAL
2026-06-17T16:22:43.568374+00:00,DION_001,216472,-0.2681748514031473,SIMULATED,NORMAL
2026-06-17T16:22:43.579077+00:00,DION_001,216473,0.04762488897427558,SIMULATED,NORMAL
2026-06-17T16:22:43.589712+00:00,DION_001,216474,-0.08521188941489291,SIMULATED,NORMAL
2026-06-17T16:22:43.600290+00:00,DION_001,216475,-0.4936562983786569,SIMULATED,NORMAL
2026-06-17T16:22:43.610986+00:00,DION_001,216476,0.02359915549102984,SIMULATED,NORMAL
2026-06-17T16:22:43.621648+00:00,DION_001,216477,-0.17452351123558002,SIMULATED,NORMAL
2026-06-17T16:22:43.632364+00:00,DION_001,216478,-0.021582642308506872,SIMULATED,NORMAL
2026-06-17T16:22:43.643109+00:00,DION_001,216479,-0.3457270697319731,SIMULATED,NORMAL
2026-06-17T16:22:43.653642+00:00,DION_001,216480,0.1296771918926123,SIMULATED,NORMAL
2026-06-17T16:22:43.664235+00:00,DION_001,216481,-0.013268498018145003,SIMULATED,NORMAL
2026-06-17T16:22:43.674854+00:00,DION_001,216482,-0.3041068919483956,SIMULATED,NORMAL
2026-06-17T16:22:43.685411+00:00,DION_001,216483,-0.10958993031112173,SIMULATED,NORMAL
2026-06-17T16:22:43.696020+00:00,DION_001,216484,-0.11894257972627316,SIMULATED,NORMAL
2026-06-17T16:22:43.706630+00:00,DION_001,216485,-0.3504089602456476,SIMULATED,NORMAL
2026-06-17T16:22:43.717182+00:00,DION_001,216486,-0.10401165942092991,SIMULATED,NORMAL
2026-06-17T16:22:43.727968+00:00,DION_001,216487,0.0019938923423853394,SIMULATED,NORMAL
2026-06-17T16:22:43.738566+00:00,DION_001,216488,-0.43873472072362457,SIMULATED,NORMAL
2026-06-17T16:22:43.749228+00:00,DION_001,216489,-0.33028764275139605,SIMULATED,NORMAL
2026-06-17T16:22:43.760013+00:00,DION_001,216490,-0.3354601047427509,SIMULATED,NORMAL
2026-06-17T16:22:43.770585+00:00,DION_001,216491,-0.3877462000371923,SIMULATED,NORMAL
2026-06-17T16:22:43.781293+00:00,DION_001,216492,-0.23163574177536136,SIMULATED,NORMAL
2026-06-17T16:22:43.791938+00:00,DION_001,216493,-0.25739998965371774,SIMULATED,NORMAL
2026-06-17T16:22:43.802574+00:00,DION_001,216494,-0.37830739700476895,SIMULATED,NORMAL
2026-06-17T16:22:43.813158+00:00,DION_001,216495,-0.3651770187870167,SIMULATED,NORMAL
2026-06-17T16:22:43.823960+00:00,DION_001,216496,-0.49248288751225955,SIMULATED,NORMAL
2026-06-17T16:22:43.834534+00:00,DION_001,216497,-0.29316489796254563,SIMULATED,NORMAL
2026-06-17T16:22:43.845198+00:00,DION_001,216498,-0.7415653464211178,SIMULATED,NORMAL
2026-06-17T16:22:43.855787+00:00,DION_001,216499,-0.6009025314690297,SIMULATED,NORMAL
2026-06-17T16:22:43.866449+00:00,DION_001,216500,-0.14437602172734776,SIMULATED,NORMAL
2026-06-17T16:22:43.877110+00:00,DION_001,216501,-0.6143831647627744,SIMULATED,NORMAL
2026-06-17T16:22:43.887849+00:00,DION_001,216502,-0.6393929984149047,SIMULATED,NORMAL
2026-06-17T16:22:43.898513+00:00,DION_001,216503,-0.5123105606156064,SIMULATED,NORMAL
2026-06-17T16:22:43.909056+00:00,DION_001,216504,-0.6723738116680591,SIMULATED,NORMAL
2026-06-17T16:22:43.919654+00:00,DION_001,216505,-0.5749971787666063,SIMULATED,NORMAL
2026-06-17T16:22:43.930329+00:00,DION_001,216506,-0.461546923274262,SIMULATED,NORMAL
2026-06-17T16:22:43.940958+00:00,DION_001,216507,-0.3762539402178799,SIMULATED,NORMAL
2026-06-17T16:22:43.951572+00:00,DION_001,216508,-0.2536354543647282,SIMULATED,NORMAL
2026-06-17T16:22:43.962218+00:00,DION_001,216509,-0.38696910474966095,SIMULATED,NORMAL
2026-06-17T16:22:43.972823+00:00,DION_001,216510,-0.4630190530913655,SIMULATED,NORMAL
2026-06-17T16:22:43.985126+00:00,DION_001,216511,-0.4243207596769595,SIMULATED,NORMAL
2026-06-17T16:22:43.995821+00:00,DION_001,216512,-0.517922541360013,SIMULATED,NORMAL
2026-06-17T16:22:44.006426+00:00,DION_001,216513,-0.3417520794495446,SIMULATED,NORMAL
2026-06-17T16:22:44.016925+00:00,DION_001,216514,-0.27605466009629276,SIMULATED,NORMAL
2026-06-17T16:22:44.027681+00:00,DION_001,216515,-0.7066951716697181,SIMULATED,NORMAL
2026-06-17T16:22:44.038127+00:00,DION_001,216516,-0.15545102833879168,SIMULATED,NORMAL
2026-06-17T16:22:44.048692+00:00,DION_001,216517,-0.14982091774759299,SIMULATED,NORMAL
2026-06-17T16:22:44.059282+00:00,DION_001,216518,-0.19819065933399138,SIMULATED,NORMAL
2026-06-17T16:22:44.069984+00:00,DION_001,216519,0.028242776000859837,SIMULATED,NORMAL
2026-06-17T16:22:44.080683+00:00,DION_001,216520,-0.13530714074297193,SIMULATED,NORMAL
2026-06-17T16:22:44.091287+00:00,DION_001,216521,-0.18024196151918373,SIMULATED,NORMAL
2026-06-17T16:22:44.101770+00:00,DION_001,216522,0.24482171320132326,SIMULATED,NORMAL
2026-06-17T16:22:44.112353+00:00,DION_001,216523,-0.03879787395560256,SIMULATED,NORMAL
2026-06-17T16:22:44.122971+00:00,DION_001,216524,0.28758548446241494,SIMULATED,NORMAL
2026-06-17T16:22:44.133551+00:00,DION_001,216525,-0.014346058893027994,SIMULATED,NORMAL
2026-06-17T16:22:44.144085+00:00,DION_001,216526,0.10819546760131131,SIMULATED,NORMAL
2026-06-17T16:22:44.154531+00:00,DION_001,216527,0.07486203364282269,SIMULATED,NORMAL
2026-06-17T16:22:44.164913+00:00,DION_001,216528,-0.013076536045057985,SIMULATED,NORMAL
2026-06-17T16:22:44.175341+00:00,DION_001,216529,2.996039195102612,SIMULATED,EVENT_DETECTED
2026-06-17T16:22:44.186140+00:00,DION_001,216530,0.3452666292294415,SIMULATED,NORMAL
2026-06-17T16:22:44.196602+00:00,DION_001,216531,0.15021135461716373,SIMULATED,NORMAL
2026-06-17T16:22:44.206874+00:00,DION_001,216532,0.42447559173393484,SIMULATED,NORMAL
2026-06-17T16:22:44.217215+00:00,DION_001,216533,0.6154213115088114,SIMULATED,NORMAL
2026-06-17T16:22:44.227495+00:00,DION_001,216534,0.5184799563166307,SIMULATED,NORMAL
2026-06-17T16:22:44.237983+00:00,DION_001,216535,0.5349320827433391,SIMULATED,NORMAL
2026-06-17T16:22:44.248407+00:00,DION_001,216536,0.44831617765858156,SIMULATED,NORMAL
2026-06-17T16:22:44.258998+00:00,DION_001,216537,0.5091496939705087,SIMULATED,NORMAL
2026-06-17T16:22:44.269418+00:00,DION_001,216538,0.8395899051416353,SIMULATED,NORMAL
2026-06-17T16:22:44.280001+00:00,DION_001,216539,0.632878101331926,SIMULATED,NORMAL
2026-06-17T16:22:44.290609+00:00,DION_001,216540,0.5864837827996509,SIMULATED,NORMAL
2026-06-17T16:22:44.301192+00:00,DION_001,216541,0.46421233517548044,SIMULATED,NORMAL
2026-06-17T16:22:44.311880+00:00,DION_001,216542,0.6503058643147178,SIMULATED,NORMAL
2026-06-17T16:22:44.322398+00:00,DION_001,216543,0.4376786288904411,SIMULATED,NORMAL
2026-06-17T16:22:44.332937+00:00,DION_001,216544,0.8413492958784764,SIMULATED,NORMAL
2026-06-17T16:22:44.343561+00:00,DION_001,216545,1.1077468409858646,SIMULATED,NORMAL
2026-06-17T16:22:44.354119+00:00,DION_001,216546,0.8374508182259286,SIMULATED,NORMAL
2026-06-17T16:22:44.364727+00:00,DION_001,216547,0.5716138190870503,SIMULATED,NORMAL
2026-06-17T16:22:44.375364+00:00,DION_001,216548,0.8920726575819478,SIMULATED,NORMAL
2026-06-17T16:22:44.386105+00:00,DION_001,216549,0.6687873775993846,SIMULATED,NORMAL
2026-06-17T16:22:44.396714+00:00,DION_001,216550,0.975146496943533,SIMULATED,NORMAL
2026-06-17T16:22:44.407560+00:00,DION_001,216551,0.9739298148492017,SIMULATED,NORMAL
2026-06-17T16:22:44.418110+00:00,DION_001,216552,0.8546225123899942,SIMULATED,NORMAL
2026-06-17T16:22:44.428747+00:00,DION_001,216553,0.8931329870997928,SIMULATED,NORMAL
2026-06-17T16:22:44.439367+00:00,DION_001,216554,0.8108506886351996,SIMULATED,NORMAL
2026-06-17T16:22:44.449864+00:00,DION_001,216555,1.1302666904466134,SIMULATED,NORMAL
2026-06-17T16:22:44.460363+00:00,DION_001,216556,0.5113420824421706,SIMULATED,NORMAL
2026-06-17T16:22:44.470942+00:00,DION_001,216557,0.4949241362964763,SIMULATED,NORMAL
2026-06-17T16:22:44.481464+00:00,DION_001,216558,1.0045379069469487,SIMULATED,NORMAL
2026-06-17T16:22:44.492036+00:00,DION_001,216559,1.0387153489503609,SIMULATED,NORMAL
2026-06-17T16:22:44.502768+00:00,DION_001,216560,0.938604523336283,SIMULATED,NORMAL
2026-06-17T16:22:44.513219+00:00,DION_001,216561,0.7812263020190305,SIMULATED,NORMAL
2026-06-17T16:22:44.523794+00:00,DION_001,216562,0.7395219192961179,SIMULATED,NORMAL
2026-06-17T16:22:44.534552+00:00,DION_001,216563,0.39583137232081744,SIMULATED,NORMAL
2026-06-17T16:22:44.544936+00:00,DION_001,216564,0.5116633161585387,SIMULATED,NORMAL
2026-06-17T16:22:44.555447+00:00,DION_001,216565,0.46935300976121663,SIMULATED,NORMAL
2026-06-17T16:22:44.565749+00:00,DION_001,216566,0.34235217877337343,SIMULATED,NORMAL
2026-06-17T16:22:44.576470+00:00,DION_001,216567,0.4109487039940767,SIMULATED,NORMAL
2026-06-17T16:22:44.587359+00:00,DION_001,216568,0.4261133395445081,SIMULATED,NORMAL
2026-06-17T16:22:44.597938+00:00,DION_001,216569,0.6345782258423074,SIMULATED,NORMAL
2026-06-17T16:22:44.608667+00:00,DION_001,216570,0.6513681279760831,SIMULATED,NORMAL
2026-06-17T16:22:44.619283+00:00,DION_001,216571,0.5219996991757251,SIMULATED,NORMAL
2026-06-17T16:22:44.629901+00:00,DION_001,216572,0.47179412011956695,SIMULATED,NORMAL
2026-06-17T16:22:44.640507+00:00,DION_001,216573,0.9456204681920231,SIMULATED,NORMAL
2026-06-17T16:22:44.651180+00:00,DION_001,216574,0.6672680749984157,SIMULATED,NORMAL
2026-06-17T16:22:44.661824+00:00,DION_001,216575,0.40138838404111576,SIMULATED,NORMAL
2026-06-17T16:22:44.672445+00:00,DION_001,216576,0.4408438873467641,SIMULATED,NORMAL
2026-06-17T16:22:44.683204+00:00,DION_001,216577,0.44559591383103064,SIMULATED,NORMAL
2026-06-17T16:22:44.693863+00:00,DION_001,216578,-1.3290615028289394,SIMULATED,NORMAL
2026-06-17T16:22:44.704675+00:00,DION_001,216579,0.21090213446194486,SIMULATED,NORMAL
2026-06-17T16:22:44.715475+00:00,DION_001,216580,0.36044353143872204,SIMULATED,NORMAL
2026-06-17T16:22:44.726104+00:00,DION_001,216581,0.5572836100625871,SIMULATED,NORMAL
2026-06-17T16:22:44.736739+00:00,DION_001,216582,0.3604382709593806,SIMULATED,NORMAL
2026-06-17T16:22:44.747238+00:00,DION_001,216583,0.4757395187235757,SIMULATED,NORMAL
2026-06-17T16:22:44.757947+00:00,DION_001,216584,0.46846165289773123,SIMULATED,NORMAL
2026-06-17T16:22:44.768679+00:00,DION_001,216585,0.38941523920804333,SIMULATED,NORMAL
2026-06-17T16:22:44.779389+00:00,DION_001,216586,0.6944410486035484,SIMULATED,NORMAL
2026-06-17T16:22:44.789982+00:00,DION_001,216587,0.26830777257130395,SIMULATED,NORMAL
2026-06-17T16:22:44.800487+00:00,DION_001,216588,0.3960508938498147,SIMULATED,NORMAL
2026-06-17T16:22:44.811425+00:00,DION_001,216589,0.34457948090984647,SIMULATED,NORMAL
2026-06-17T16:22:44.822042+00:00,DION_001,216590,0.29277228617103196,SIMULATED,NORMAL
2026-06-17T16:22:44.832646+00:00,DION_001,216591,0.4029517995082957,SIMULATED,NORMAL
2026-06-17T16:22:44.843418+00:00,DION_001,216592,1.950352310342074,SIMULATED,NORMAL
2026-06-17T16:22:44.854415+00:00,DION_001,216593,0.3510538527300902,SIMULATED,NORMAL
2026-06-17T16:22:44.865039+00:00,DION_001,216594,0.9033821341667271,SIMULATED,NORMAL
2026-06-17T16:22:44.875642+00:00,DION_001,216595,0.6554066918638317,SIMULATED,NORMAL
2026-06-17T16:22:44.886107+00:00,DION_001,216596,0.39108606334007295,SIMULATED,NORMAL
2026-06-17T16:22:44.896704+00:00,DION_001,216597,0.4399264764483793,SIMULATED,NORMAL
2026-06-17T16:22:44.907306+00:00,DION_001,216598,0.7765134309384787,SIMULATED,NORMAL
2026-06-17T16:22:44.917841+00:00,DION_001,216599,0.5079341758311374,SIMULATED,NORMAL
2026-06-17T16:22:44.928483+00:00,DION_001,216600,0.579078479977219,SIMULATED,NORMAL
2026-06-17T16:22:44.939268+00:00,DION_001,216601,0.27902315381351217,SIMULATED,NORMAL
2026-06-17T16:22:44.949852+00:00,DION_001,216602,0.583351132117248,SIMULATED,NORMAL
2026-06-17T16:22:44.960485+00:00,DION_001,216603,0.6798634628374868,SIMULATED,NORMAL
2026-06-17T16:22:44.971281+00:00,DION_001,216604,0.6419632078767842,SIMULATED,NORMAL
2026-06-17T16:22:44.981961+00:00,DION_001,216605,0.7055607168316043,SIMULATED,NORMAL
2026-06-17T16:22:44.992736+00:00,DION_001,216606,0.7075364757775885,SIMULATED,NORMAL
2026-06-17T16:22:45.003349+00:00,DION_001,216607,0.7147462269348849,SIMULATED,NORMAL
2026-06-17T16:22:45.014038+00:00,DION_001,216608,0.5403166267258617,SIMULATED,NORMAL
2026-06-17T16:22:45.024494+00:00,DION_001,216609,3.7533912181990594,SIMULATED,EVENT_DETECTED
2026-06-17T16:22:45.035301+00:00,DION_001,216610,0.9405465540658207,SIMULATED,NORMAL
2026-06-17T16:22:45.045924+00:00,DION_001,216611,0.9586583407153759,SIMULATED,NORMAL
2026-06-17T16:22:45.056683+00:00,DION_001,216612,0.9420769242242217,SIMULATED,NORMAL
2026-06-17T16:22:45.067174+00:00,DION_001,216613,0.8797612269910635,SIMULATED,NORMAL
2026-06-17T16:22:45.077810+00:00,DION_001,216614,1.0282993966611556,SIMULATED,NORMAL
2026-06-17T16:22:45.088450+00:00,DION_001,216615,0.8934521785762806,SIMULATED,NORMAL
2026-06-17T16:22:45.099150+00:00,DION_001,216616,0.8485350180784994,SIMULATED,NORMAL
2026-06-17T16:22:45.109799+00:00,DION_001,216617,1.0725714886303157,SIMULATED,NORMAL
2026-06-17T16:22:45.120288+00:00,DION_001,216618,0.9890322675923002,SIMULATED,NORMAL
2026-06-17T16:22:45.131017+00:00,DION_001,216619,1.0863593790289185,SIMULATED,NORMAL
2026-06-17T16:22:45.141536+00:00,DION_001,216620,0.9190697829434136,SIMULATED,NORMAL
2026-06-17T16:22:45.152194+00:00,DION_001,216621,1.4046739857341117,SIMULATED,NORMAL
2026-06-17T16:22:45.162828+00:00,DION_001,216622,1.1511454045756029,SIMULATED,NORMAL
2026-06-17T16:22:45.173437+00:00,DION_001,216623,1.0674623525097193,SIMULATED,NORMAL
2026-06-17T16:22:45.184097+00:00,DION_001,216624,1.284187691995478,SIMULATED,NORMAL
2026-06-17T16:22:45.194726+00:00,DION_001,216625,1.3238030854199474,SIMULATED,NORMAL
2026-06-17T16:22:45.205416+00:00,DION_001,216626,0.9957609826260941,SIMULATED,NORMAL
2026-06-17T16:22:45.215986+00:00,DION_001,216627,0.9432832276307538,SIMULATED,NORMAL
2026-06-17T16:22:45.226806+00:00,DION_001,216628,1.0989209836949736,SIMULATED,NORMAL
2026-06-17T16:22:45.237438+00:00,DION_001,216629,1.2166450690915982,SIMULATED,NORMAL
2026-06-17T16:22:45.247975+00:00,DION_001,216630,1.109196688418757,SIMULATED,NORMAL
2026-06-17T16:22:45.258464+00:00,DION_001,216631,0.9746576004071059,SIMULATED,NORMAL
2026-06-17T16:22:45.268939+00:00,DION_001,216632,1.2211056043655113,SIMULATED,NORMAL
2026-06-17T16:22:45.279525+00:00,DION_001,216633,0.931102245626223,SIMULATED,NORMAL
2026-06-17T16:22:45.290071+00:00,DION_001,216634,0.7608414582236054,SIMULATED,NORMAL
2026-06-17T16:22:45.300708+00:00,DION_001,216635,0.959759716470211,SIMULATED,NORMAL
2026-06-17T16:22:45.311185+00:00,DION_001,216636,1.0071090246254817,SIMULATED,NORMAL
2026-06-17T16:22:45.321406+00:00,DION_001,216637,0.9258289314499525,SIMULATED,NORMAL
2026-06-17T16:22:45.331713+00:00,DION_001,216638,0.7862777514631494,SIMULATED,NORMAL
2026-06-17T16:22:45.341927+00:00,DION_001,216639,0.723261652417795,SIMULATED,NORMAL
2026-06-17T16:22:45.352304+00:00,DION_001,216640,0.645837395943269,SIMULATED,NORMAL
2026-06-17T16:22:45.363012+00:00,DION_001,216641,0.6558419159020452,SIMULATED,NORMAL
2026-06-17T16:22:45.373575+00:00,DION_001,216642,1.173601111021214,SIMULATED,NORMAL
2026-06-17T16:22:45.384163+00:00,DION_001,216643,0.743323828436105,SIMULATED,NORMAL
2026-06-17T16:22:45.394837+00:00,DION_001,216644,0.735244408553867,SIMULATED,NORMAL
2026-06-17T16:22:45.405418+00:00,DION_001,216645,0.5700804709085575,SIMULATED,NORMAL
2026-06-17T16:22:45.416086+00:00,DION_001,216646,0.7202425271239541,SIMULATED,NORMAL
2026-06-17T16:22:45.426757+00:00,DION_001,216647,0.9103063093335304,SIMULATED,NORMAL
2026-06-17T16:22:45.437200+00:00,DION_001,216648,0.643741352674911,SIMULATED,NORMAL
2026-06-17T16:22:45.447794+00:00,DION_001,216649,0.6087799026011622,SIMULATED,NORMAL
2026-06-17T16:22:45.458396+00:00,DION_001,216650,0.6322809282510923,SIMULATED,NORMAL
2026-06-17T16:22:45.468868+00:00,DION_001,216651,0.5034524354147607,SIMULATED,NORMAL
2026-06-17T16:22:45.479468+00:00,DION_001,216652,0.7182168094099496,SIMULATED,NORMAL
2026-06-17T16:22:45.490118+00:00,DION_001,216653,0.2894241755798015,SIMULATED,NORMAL
2026-06-17T16:22:45.500770+00:00,DION_001,216654,0.41531609813431547,SIMULATED,NORMAL
2026-06-17T16:22:45.511312+00:00,DION_001,216655,0.28632990365860905,SIMULATED,NORMAL
2026-06-17T16:22:45.521941+00:00,DION_001,216656,0.12588977139483115,SIMULATED,NORMAL
2026-06-17T16:22:45.532663+00:00,DION_001,216657,0.07352307515635945,SIMULATED,NORMAL
2026-06-17T16:22:45.543328+00:00,DION_001,216658,0.07869817256059311,SIMULATED,NORMAL
2026-06-17T16:22:45.553970+00:00,DION_001,216659,0.27018687298037875,SIMULATED,NORMAL
2026-06-17T16:22:45.564740+00:00,DION_001,216660,1.8394269739916986,SIMULATED,NORMAL
2026-06-17T16:22:45.575624+00:00,DION_001,216661,0.2503220432745857,SIMULATED,NORMAL
2026-06-17T16:22:45.586223+00:00,DION_001,216662,0.05575821813358944,SIMULATED,NORMAL
2026-06-17T16:22:45.596687+00:00,DION_001,216663,0.010375099631967574,SIMULATED,NORMAL
2026-06-17T16:22:45.607233+00:00,DION_001,216664,0.1002912812306555,SIMULATED,NORMAL
2026-06-17T16:22:45.617698+00:00,DION_001,216665,-0.0216304432258147,SIMULATED,NORMAL
2026-06-17T16:22:45.628180+00:00,DION_001,216666,0.1418914925771001,SIMULATED,NORMAL
2026-06-17T16:22:45.638579+00:00,DION_001,216667,-0.1512446040392719,SIMULATED,NORMAL
2026-06-17T16:22:45.648945+00:00,DION_001,216668,0.12242412497944032,SIMULATED,NORMAL
2026-06-17T16:22:45.659101+00:00,DION_001,216669,-0.05083550577531945,SIMULATED,NORMAL
2026-06-17T16:22:45.669348+00:00,DION_001,216670,0.020620225933187446,SIMULATED,NORMAL
2026-06-17T16:22:45.679571+00:00,DION_001,216671,-0.03167758859071287,SIMULATED,NORMAL
2026-06-17T16:22:45.690041+00:00,DION_001,216672,-0.19789856099541184,SIMULATED,NORMAL
2026-06-17T16:22:45.700382+00:00,DION_001,216673,2.19989189570024,SIMULATED,EVENT_DETECTED
2026-06-17T16:22:45.711392+00:00,DION_001,216674,-0.16784792884556327,SIMULATED,NORMAL
2026-06-17T16:22:45.721989+00:00,DION_001,216675,-0.08689556861672995,SIMULATED,NORMAL
2026-06-17T16:22:45.732665+00:00,DION_001,216676,-0.08287898624553466,SIMULATED,NORMAL
2026-06-17T16:22:45.743476+00:00,DION_001,216677,-1.9691374749370785,SIMULATED,NORMAL
2026-06-17T16:22:45.754291+00:00,DION_001,216678,0.032025782247006356,SIMULATED,NORMAL
2026-06-17T16:22:45.764892+00:00,DION_001,216679,0.3504054370297508,SIMULATED,NORMAL
2026-06-17T16:22:45.775479+00:00,DION_001,216680,0.4221181710306755,SIMULATED,NORMAL
2026-06-17T16:22:45.786067+00:00,DION_001,216681,0.42850840579952654,SIMULATED,NORMAL
2026-06-17T16:22:45.796711+00:00,DION_001,216682,-0.06665245385405866,SIMULATED,NORMAL
2026-06-17T16:22:45.807394+00:00,DION_001,216683,-0.009585796415757464,SIMULATED,NORMAL
2026-06-17T16:22:45.817939+00:00,DION_001,216684,0.26479801905010003,SIMULATED,NORMAL
2026-06-17T16:22:45.828670+00:00,DION_001,216685,-0.19338774824035782,SIMULATED,NORMAL
2026-06-17T16:22:45.839228+00:00,DION_001,216686,0.12567918727142233,SIMULATED,NORMAL
2026-06-17T16:22:45.849939+00:00,DION_001,216687,0.0037197878013632,SIMULATED,NORMAL
2026-06-17T16:22:45.860623+00:00,DION_001,216688,0.2645791271492322,SIMULATED,NORMAL
2026-06-17T16:22:45.871304+00:00,DION_001,216689,0.27878046763762504,SIMULATED,NORMAL
2026-06-17T16:22:45.881915+00:00,DION_001,216690,0.28622182618401043,SIMULATED,NORMAL
2026-06-17T16:22:45.892445+00:00,DION_001,216691,0.5357397485525957,SIMULATED,NORMAL
2026-06-17T16:22:45.903223+00:00,DION_001,216692,0.3997040258893234,SIMULATED,NORMAL
2026-06-17T16:22:45.913856+00:00,DION_001,216693,0.37801486886712954,SIMULATED,NORMAL
2026-06-17T16:22:45.924496+00:00,DION_001,216694,0.1105826586469873,SIMULATED,NORMAL
2026-06-17T16:22:45.935141+00:00,DION_001,216695,0.7609751420530418,SIMULATED,NORMAL
2026-06-17T16:22:45.945861+00:00,DION_001,216696,0.3746766973855364,SIMULATED,NORMAL
2026-06-17T16:22:45.956505+00:00,DION_001,216697,0.4247327138073036,SIMULATED,NORMAL
2026-06-17T16:22:45.967109+00:00,DION_001,216698,0.4633667283782194,SIMULATED,NORMAL
2026-06-17T16:22:45.977718+00:00,DION_001,216699,0.5753500857708282,SIMULATED,NORMAL
2026-06-17T16:22:45.988408+00:00,DION_001,216700,-0.0004412249690933234,SIMULATED,NORMAL
2026-06-17T16:22:45.999160+00:00,DION_001,216701,0.228552711711522,SIMULATED,NORMAL
2026-06-17T16:22:46.009874+00:00,DION_001,216702,0.5251071045204339,SIMULATED,NORMAL
2026-06-17T16:22:46.020400+00:00,DION_001,216703,0.18676066498840968,SIMULATED,NORMAL
2026-06-17T16:22:46.031136+00:00,DION_001,216704,0.17170146106248388,SIMULATED,NORMAL
2026-06-17T16:22:46.041646+00:00,DION_001,216705,0.3596290881864445,SIMULATED,NORMAL
2026-06-17T16:22:46.052208+00:00,DION_001,216706,0.502387012215054,SIMULATED,NORMAL
2026-06-17T16:22:46.062853+00:00,DION_001,216707,0.3759066367629991,SIMULATED,NORMAL
2026-06-17T16:22:46.073500+00:00,DION_001,216708,-2.2247432340479385,SIMULATED,EVENT_DETECTED
2026-06-17T16:22:46.084420+00:00,DION_001,216709,0.1947618897182874,SIMULATED,NORMAL
2026-06-17T16:22:46.095220+00:00,DION_001,216710,0.21313940081283078,SIMULATED,NORMAL
2026-06-17T16:22:46.105767+00:00,DION_001,216711,0.17432852212476968,SIMULATED,NORMAL
2026-06-17T16:22:46.116395+00:00,DION_001,216712,0.12425820432569816,SIMULATED,NORMAL
2026-06-17T16:22:46.127302+00:00,DION_001,216713,0.048827035057325704,SIMULATED,NORMAL
2026-06-17T16:22:46.137807+00:00,DION_001,216714,0.3933060023977748,SIMULATED,NORMAL
2026-06-17T16:22:46.148478+00:00,DION_001,216715,-0.0343777618389271,SIMULATED,NORMAL
2026-06-17T16:22:46.159269+00:00,DION_001,216716,-0.022707776120923798,SIMULATED,NORMAL
2026-06-17T16:22:46.169904+00:00,DION_001,216717,-0.036093598071419174,SIMULATED,NORMAL
2026-06-17T16:22:46.180523+00:00,DION_001,216718,-0.13864850109501592,SIMULATED,NORMAL
2026-06-17T16:22:46.191334+00:00,DION_001,216719,-0.23661895903490895,SIMULATED,NORMAL
2026-06-17T16:22:46.201907+00:00,DION_001,216720,-0.16466652892637637,SIMULATED,NORMAL
2026-06-17T16:22:46.212536+00:00,DION_001,216721,-0.1042019659224928,SIMULATED,NORMAL
2026-06-17T16:22:46.223294+00:00,DION_001,216722,-0.27298294768411124,SIMULATED,NORMAL
2026-06-17T16:22:46.233866+00:00,DION_001,216723,-0.26616841041263317,SIMULATED,NORMAL
2026-06-17T16:22:46.244675+00:00,DION_001,216724,-0.5016946900891402,SIMULATED,NORMAL
2026-06-17T16:22:46.255386+00:00,DION_001,216725,-0.5117936478341097,SIMULATED,NORMAL
2026-06-17T16:22:46.266014+00:00,DION_001,216726,-0.2798029547940965,SIMULATED,NORMAL
2026-06-17T16:22:46.276848+00:00,DION_001,216727,-0.26617033268850765,SIMULATED,NORMAL
2026-06-17T16:22:46.287466+00:00,DION_001,216728,-0.45739653923627815,SIMULATED,NORMAL
2026-06-17T16:22:46.298086+00:00,DION_001,216729,-0.44698329763458006,SIMULATED,NORMAL
2026-06-17T16:22:46.308739+00:00,DION_001,216730,-0.6516319412958869,SIMULATED,NORMAL
2026-06-17T16:22:46.319568+00:00,DION_001,216731,-0.653358026922451,SIMULATED,NORMAL
2026-06-17T16:22:46.330085+00:00,DION_001,216732,-0.7407351664519133,SIMULATED,NORMAL
2026-06-17T16:22:46.340628+00:00,DION_001,216733,-0.6861659933846919,SIMULATED,NORMAL
2026-06-17T16:22:46.351240+00:00,DION_001,216734,-0.6480029155466951,SIMULATED,NORMAL
2026-06-17T16:22:46.361669+00:00,DION_001,216735,-0.8296318445197082,SIMULATED,NORMAL
2026-06-17T16:22:46.372126+00:00,DION_001,216736,-0.6083083996717651,SIMULATED,NORMAL
2026-06-17T16:22:46.382519+00:00,DION_001,216737,-0.6737612952167258,SIMULATED,NORMAL
2026-06-17T16:22:46.392832+00:00,DION_001,216738,-0.8924022628525684,SIMULATED,NORMAL
2026-06-17T16:22:46.403090+00:00,DION_001,216739,-0.7102377294083715,SIMULATED,NORMAL
2026-06-17T16:22:46.413284+00:00,DION_001,216740,-0.9341521690382628,SIMULATED,NORMAL
2026-06-17T16:22:46.423607+00:00,DION_001,216741,-0.8242858762053965,SIMULATED,NORMAL
2026-06-17T16:22:46.433990+00:00,DION_001,216742,-0.9231508903605017,SIMULATED,NORMAL
2026-06-17T16:22:46.444468+00:00,DION_001,216743,-0.7169006554713107,SIMULATED,NORMAL
2026-06-17T16:22:46.455201+00:00,DION_001,216744,-1.0754966259879806,SIMULATED,NORMAL
2026-06-17T16:22:46.465697+00:00,DION_001,216745,-0.7949268968884012,SIMULATED,NORMAL
2026-06-17T16:22:46.476301+00:00,DION_001,216746,-1.020898945034256,SIMULATED,NORMAL
2026-06-17T16:22:46.486921+00:00,DION_001,216747,-0.966397515361056,SIMULATED,NORMAL
2026-06-17T16:22:46.497483+00:00,DION_001,216748,-1.1123413829037245,SIMULATED,NORMAL
2026-06-17T16:22:46.508084+00:00,DION_001,216749,-0.8069347469051443,SIMULATED,NORMAL
2026-06-17T16:22:46.518618+00:00,DION_001,216750,-1.1897236229729724,SIMULATED,NORMAL
2026-06-17T16:22:46.529257+00:00,DION_001,216751,-1.0544562035942828,SIMULATED,NORMAL
2026-06-17T16:22:46.539888+00:00,DION_001,216752,-1.0063260408639172,SIMULATED,NORMAL
2026-06-17T16:22:46.550503+00:00,DION_001,216753,-0.9630278595935884,SIMULATED,NORMAL
2026-06-17T16:22:46.561211+00:00,DION_001,216754,-0.7786496720607757,SIMULATED,NORMAL
2026-06-17T16:22:46.571856+00:00,DION_001,216755,-0.7706569377123553,SIMULATED,NORMAL
2026-06-17T16:22:46.582475+00:00,DION_001,216756,-1.0453588828991023,SIMULATED,NORMAL
2026-06-17T16:22:46.593108+00:00,DION_001,216757,-0.8919605803160453,SIMULATED,NORMAL
2026-06-17T16:22:46.603634+00:00,DION_001,216758,-0.6195801605456099,SIMULATED,NORMAL
2026-06-17T16:22:46.614303+00:00,DION_001,216759,-0.6929623406412476,SIMULATED,NORMAL
2026-06-17T16:22:46.624925+00:00,DION_001,216760,-0.7781086363391614,SIMULATED,NORMAL
2026-06-17T16:22:46.635482+00:00,DION_001,216761,-0.8885331573436226,SIMULATED,NORMAL
2026-06-17T16:22:46.646258+00:00,DION_001,216762,-0.6952637209648638,SIMULATED,NORMAL
2026-06-17T16:22:46.656861+00:00,DION_001,216763,-0.8800329194626993,SIMULATED,NORMAL
2026-06-17T16:22:46.667360+00:00,DION_001,216764,-0.9472550331839708,SIMULATED,NORMAL
2026-06-17T16:22:46.677923+00:00,DION_001,216765,-0.5297712152304512,SIMULATED,NORMAL
2026-06-17T16:22:46.688405+00:00,DION_001,216766,-0.7108110880677863,SIMULATED,NORMAL
2026-06-17T16:22:46.699126+00:00,DION_001,216767,-1.0346534565322507,SIMULATED,NORMAL
2026-06-17T16:22:46.709731+00:00,DION_001,216768,-0.4240304743721567,SIMULATED,NORMAL
2026-06-17T16:22:46.720170+00:00,DION_001,216769,-0.6601934492696729,SIMULATED,NORMAL
2026-06-17T16:22:46.730743+00:00,DION_001,216770,-0.2893818830761974,SIMULATED,NORMAL
2026-06-17T16:22:46.741226+00:00,DION_001,216771,-0.7505108416087427,SIMULATED,NORMAL
2026-06-17T16:22:46.751888+00:00,DION_001,216772,-0.6037547562857108,SIMULATED,NORMAL
2026-06-17T16:22:46.764593+00:00,DION_001,216773,-0.5775125902369178,SIMULATED,NORMAL
2026-06-17T16:22:46.774964+00:00,DION_001,216774,-0.197851595966964,SIMULATED,NORMAL
2026-06-17T16:22:46.785328+00:00,DION_001,216775,-0.22765851263646517,SIMULATED,NORMAL
2026-06-17T16:22:46.795718+00:00,DION_001,216776,-0.6463741034043338,SIMULATED,NORMAL
2026-06-17T16:22:46.806152+00:00,DION_001,216777,-0.5112258020354895,SIMULATED,NORMAL
2026-06-17T16:22:46.816790+00:00,DION_001,216778,-0.4300929556571175,SIMULATED,NORMAL
2026-06-17T16:22:46.827402+00:00,DION_001,216779,-0.33361163918615,SIMULATED,NORMAL
2026-06-17T16:22:46.837977+00:00,DION_001,216780,-0.4241252317095439,SIMULATED,NORMAL
2026-06-17T16:22:46.848521+00:00,DION_001,216781,-0.5752600414132423,SIMULATED,NORMAL
2026-06-17T16:22:46.859241+00:00,DION_001,216782,-0.27843123297125905,SIMULATED,NORMAL
2026-06-17T16:22:46.869773+00:00,DION_001,216783,-0.5014037851573143,SIMULATED,NORMAL
2026-06-17T16:22:46.880376+00:00,DION_001,216784,-0.27777037825534534,SIMULATED,NORMAL
2026-06-17T16:22:46.890975+00:00,DION_001,216785,-0.35754247462432354,SIMULATED,NORMAL
2026-06-17T16:22:46.901514+00:00,DION_001,216786,-0.3721211724154506,SIMULATED,NORMAL
2026-06-17T16:22:46.912205+00:00,DION_001,216787,-0.4576457015131928,SIMULATED,NORMAL
2026-06-17T16:22:46.922832+00:00,DION_001,216788,-0.4615916389490187,SIMULATED,NORMAL
2026-06-17T16:22:46.933402+00:00,DION_001,216789,-0.5478790878526189,SIMULATED,NORMAL
2026-06-17T16:22:46.944040+00:00,DION_001,216790,-0.2796070740730555,SIMULATED,NORMAL
2026-06-17T16:22:46.954546+00:00,DION_001,216791,-0.516514700819767,SIMULATED,NORMAL
2026-06-17T16:22:46.965086+00:00,DION_001,216792,-0.5772892080236949,SIMULATED,NORMAL
2026-06-17T16:22:46.975671+00:00,DION_001,216793,-0.3125832194306306,SIMULATED,NORMAL
2026-06-17T16:22:46.986265+00:00,DION_001,216794,-0.50345608009172,SIMULATED,NORMAL
2026-06-17T16:22:46.997021+00:00,DION_001,216795,-0.6616911938564202,SIMULATED,NORMAL
2026-06-17T16:22:47.007674+00:00,DION_001,216796,-0.5116761782131707,SIMULATED,NORMAL
2026-06-17T16:22:47.018174+00:00,DION_001,216797,-0.8704846982592194,SIMULATED,NORMAL
2026-06-17T16:22:47.028961+00:00,DION_001,216798,-0.565535780432126,SIMULATED,NORMAL
2026-06-17T16:22:47.039402+00:00,DION_001,216799,-0.7824754632635719,SIMULATED,NORMAL
2026-06-17T16:22:47.050176+00:00,DION_001,216800,-0.6181719246469233,SIMULATED,NORMAL
2026-06-17T16:22:47.060890+00:00,DION_001,216801,-0.6225784733692994,SIMULATED,NORMAL
2026-06-17T16:22:47.071499+00:00,DION_001,216802,-0.7717857491074802,SIMULATED,NORMAL
2026-06-17T16:22:47.082146+00:00,DION_001,216803,-0.5905361591795947,SIMULATED,NORMAL
2026-06-17T16:22:47.092783+00:00,DION_001,216804,-0.8567907221935098,SIMULATED,NORMAL
2026-06-17T16:22:47.103455+00:00,DION_001,216805,-0.9457835671701061,SIMULATED,NORMAL
2026-06-17T16:22:47.114106+00:00,DION_001,216806,-1.0905996171168193,SIMULATED,NORMAL
2026-06-17T16:22:47.124625+00:00,DION_001,216807,-0.9998105695283187,SIMULATED,NORMAL
2026-06-17T16:22:47.135176+00:00,DION_001,216808,-0.9744383358541099,SIMULATED,NORMAL
2026-06-17T16:22:47.145873+00:00,DION_001,216809,-0.7978374045052872,SIMULATED,NORMAL
2026-06-17T16:22:47.156481+00:00,DION_001,216810,-0.6341548566172432,SIMULATED,NORMAL
2026-06-17T16:22:47.167159+00:00,DION_001,216811,-1.0276304150992683,SIMULATED,NORMAL
2026-06-17T16:22:47.177734+00:00,DION_001,216812,-1.4458593974541623,SIMULATED,NORMAL
2026-06-17T16:22:47.188444+00:00,DION_001,216813,-0.9186510233861154,SIMULATED,NORMAL
2026-06-17T16:22:47.199199+00:00,DION_001,216814,-1.119789271736217,SIMULATED,NORMAL
2026-06-17T16:22:47.209838+00:00,DION_001,216815,-1.3790058224479107,SIMULATED,NORMAL
2026-06-17T16:22:47.220752+00:00,DION_001,216816,-1.1752318476381143,SIMULATED,NORMAL
2026-06-17T16:22:47.231620+00:00,DION_001,216817,-1.13854231225366,SIMULATED,NORMAL
2026-06-17T16:22:47.242261+00:00,DION_001,216818,-0.892018324985365,SIMULATED,NORMAL
2026-06-17T16:22:47.252966+00:00,DION_001,216819,-1.1406500082602753,SIMULATED,NORMAL
2026-06-17T16:22:47.263695+00:00,DION_001,216820,-1.1277189134689178,SIMULATED,NORMAL
2026-06-17T16:22:47.274363+00:00,DION_001,216821,-1.3325424313294927,SIMULATED,NORMAL
2026-06-17T16:22:47.284852+00:00,DION_001,216822,-1.0966346801449038,SIMULATED,NORMAL
2026-06-17T16:22:47.295506+00:00,DION_001,216823,-1.1825586374471668,SIMULATED,NORMAL
2026-06-17T16:22:47.306122+00:00,DION_001,216824,-1.3225216595875888,SIMULATED,NORMAL
2026-06-17T16:22:47.316853+00:00,DION_001,216825,-1.0652781630064916,SIMULATED,NORMAL
2026-06-17T16:22:47.327614+00:00,DION_001,216826,-1.0247338272030053,SIMULATED,NORMAL
2026-06-17T16:22:47.338227+00:00,DION_001,216827,-0.8905774930718641,SIMULATED,NORMAL
2026-06-17T16:22:47.348838+00:00,DION_001,216828,-0.9770549414339447,SIMULATED,NORMAL
2026-06-17T16:22:47.359524+00:00,DION_001,216829,-0.9253401241944007,SIMULATED,NORMAL
2026-06-17T16:22:47.370147+00:00,DION_001,216830,-1.018122767588547,SIMULATED,NORMAL
2026-06-17T16:22:47.380769+00:00,DION_001,216831,-1.1405074093767584,SIMULATED,NORMAL
2026-06-17T16:22:47.391441+00:00,DION_001,216832,-1.0603353639384259,SIMULATED,NORMAL
2026-06-17T16:22:47.402006+00:00,DION_001,216833,-1.0342987888817627,SIMULATED,NORMAL
2026-06-17T16:22:47.412632+00:00,DION_001,216834,-0.874572427037664,SIMULATED,NORMAL
2026-06-17T16:22:47.423120+00:00,DION_001,216835,-0.5295809759719232,SIMULATED,NORMAL
2026-06-17T16:22:47.433680+00:00,DION_001,216836,-0.9563846687413258,SIMULATED,NORMAL
2026-06-17T16:22:47.444265+00:00,DION_001,216837,-0.720734220023943,SIMULATED,NORMAL
2026-06-17T16:22:47.454644+00:00,DION_001,216838,-0.7518542189180292,SIMULATED,NORMAL
2026-06-17T16:22:47.465095+00:00,DION_001,216839,-0.5934375190234595,SIMULATED,NORMAL
2026-06-17T16:22:47.475437+00:00,DION_001,216840,-0.6004900869238813,SIMULATED,NORMAL
2026-06-17T16:22:47.485774+00:00,DION_001,216841,-0.6697660160924039,SIMULATED,NORMAL
2026-06-17T16:22:47.496083+00:00,DION_001,216842,-0.7238297844700704,SIMULATED,NORMAL
2026-06-17T16:22:47.506350+00:00,DION_001,216843,-0.24522916079165236,SIMULATED,NORMAL
2026-06-17T16:22:47.516620+00:00,DION_001,216844,-0.35093744611138217,SIMULATED,NORMAL
2026-06-17T16:22:47.527152+00:00,DION_001,216845,-0.3505010765237317,SIMULATED,NORMAL
2026-06-17T16:22:47.537571+00:00,DION_001,216846,-0.4418440158721376,SIMULATED,NORMAL
2026-06-17T16:22:47.548075+00:00,DION_001,216847,-0.3527242358316619,SIMULATED,NORMAL
2026-06-17T16:22:47.558789+00:00,DION_001,216848,-0.11057529704978744,SIMULATED,NORMAL
2026-06-17T16:22:47.569263+00:00,DION_001,216849,-0.4615197835391258,SIMULATED,NORMAL
2026-06-17T16:22:47.579751+00:00,DION_001,216850,-0.26986724122028205,SIMULATED,NORMAL
2026-06-17T16:22:47.590208+00:00,DION_001,216851,-0.4045543336773785,SIMULATED,NORMAL
2026-06-17T16:22:47.600593+00:00,DION_001,216852,-0.47160546161949696,SIMULATED,NORMAL
2026-06-17T16:22:47.610898+00:00,DION_001,216853,-0.09377075327976629,SIMULATED,NORMAL
2026-06-17T16:22:47.621198+00:00,DION_001,216854,-0.1062848912709468,SIMULATED,NORMAL
2026-06-17T16:22:47.631497+00:00,DION_001,216855,-0.3305657552354131,SIMULATED,NORMAL
2026-06-17T16:22:47.641796+00:00,DION_001,216856,0.02127777264896112,SIMULATED,NORMAL
2026-06-17T16:22:47.652110+00:00,DION_001,216857,-0.17673268012492038,SIMULATED,NORMAL
2026-06-17T16:22:47.662402+00:00,DION_001,216858,-0.14385941677158487,SIMULATED,NORMAL
2026-06-17T16:22:47.672702+00:00,DION_001,216859,0.06739309771923871,SIMULATED,NORMAL
2026-06-17T16:22:47.683035+00:00,DION_001,216860,0.08397247367635997,SIMULATED,NORMAL
2026-06-17T16:22:47.693338+00:00,DION_001,216861,0.24589863896462302,SIMULATED,NORMAL
2026-06-17T16:22:47.703821+00:00,DION_001,216862,0.040173429347044154,SIMULATED,NORMAL
2026-06-17T16:22:47.714110+00:00,DION_001,216863,0.17431495844306918,SIMULATED,NORMAL
2026-06-17T16:22:47.724422+00:00,DION_001,216864,0.2608012614286831,SIMULATED,NORMAL
2026-06-17T16:22:47.734795+00:00,DION_001,216865,0.14254552001722415,SIMULATED,NORMAL
2026-06-17T16:22:47.745173+00:00,DION_001,216866,0.20924824653079646,SIMULATED,NORMAL
2026-06-17T16:22:47.755436+00:00,DION_001,216867,0.09777340815105949,SIMULATED,NORMAL
2026-06-17T16:22:47.765639+00:00,DION_001,216868,0.43042819605837424,SIMULATED,NORMAL
2026-06-17T16:22:47.775883+00:00,DION_001,216869,0.18201170330172767,SIMULATED,NORMAL
2026-06-17T16:22:47.786145+00:00,DION_001,216870,0.02864742436064472,SIMULATED,NORMAL
2026-06-17T16:22:47.796509+00:00,DION_001,216871,-2.9710457293241026,SIMULATED,EVENT_DETECTED
2026-06-17T16:22:47.807408+00:00,DION_001,216872,-0.07740839372656991,SIMULATED,NORMAL
2026-06-17T16:22:47.817800+00:00,DION_001,216873,0.15866932239096065,SIMULATED,NORMAL
2026-06-17T16:22:47.828230+00:00,DION_001,216874,0.07090811537245459,SIMULATED,NORMAL
2026-06-17T16:22:47.838691+00:00,DION_001,216875,-0.023745202319890975,SIMULATED,NORMAL
2026-06-17T16:22:47.849133+00:00,DION_001,216876,-0.01596669760440993,SIMULATED,NORMAL
2026-06-17T16:22:47.859490+00:00,DION_001,216877,-0.06498504211194159,SIMULATED,NORMAL
2026-06-17T16:22:47.869818+00:00,DION_001,216878,0.4523181886462343,SIMULATED,NORMAL
2026-06-17T16:22:47.879989+00:00,DION_001,216879,0.1353632474612796,SIMULATED,NORMAL
2026-06-17T16:22:47.890277+00:00,DION_001,216880,0.05614893858183559,SIMULATED,NORMAL
2026-06-17T16:22:47.900524+00:00,DION_001,216881,-0.012843279698295532,SIMULATED,NORMAL
2026-06-17T16:22:47.910967+00:00,DION_001,216882,-0.10375287235327608,SIMULATED,NORMAL
2026-06-17T16:22:47.921420+00:00,DION_001,216883,-0.16470511489176182,SIMULATED,NORMAL
2026-06-17T16:22:47.931940+00:00,DION_001,216884,0.20105681829799465,SIMULATED,NORMAL
2026-06-17T16:22:47.942537+00:00,DION_001,216885,-0.1200929650731669,SIMULATED,NORMAL
2026-06-17T16:22:47.953242+00:00,DION_001,216886,-0.254480534686304,SIMULATED,NORMAL
2026-06-17T16:22:47.963860+00:00,DION_001,216887,-0.3938427170071682,SIMULATED,NORMAL
2026-06-17T16:22:47.974458+00:00,DION_001,216888,-0.19642411547945238,SIMULATED,NORMAL
2026-06-17T16:22:47.986751+00:00,DION_001,216889,-0.08988007784025415,SIMULATED,NORMAL
2026-06-17T16:22:47.997413+00:00,DION_001,216890,-0.27914599055883244,SIMULATED,NORMAL
2026-06-17T16:22:48.008059+00:00,DION_001,216891,-0.37134485056216726,SIMULATED,NORMAL
2026-06-17T16:22:48.018529+00:00,DION_001,216892,-0.37648925403489486,SIMULATED,NORMAL
2026-06-17T16:22:48.029117+00:00,DION_001,216893,2.4146804784765674,SIMULATED,EVENT_DETECTED
2026-06-17T16:22:48.039816+00:00,DION_001,216894,-0.3160376045036558,SIMULATED,NORMAL
2026-06-17T16:22:48.050433+00:00,DION_001,216895,-0.16133862063726218,SIMULATED,NORMAL
2026-06-17T16:22:48.061137+00:00,DION_001,216896,-0.11591803736070153,SIMULATED,NORMAL
2026-06-17T16:22:48.071725+00:00,DION_001,216897,-0.220919468095213,SIMULATED,NORMAL
2026-06-17T16:22:48.082217+00:00,DION_001,216898,-0.26276929014340455,SIMULATED,NORMAL
2026-06-17T16:22:48.092801+00:00,DION_001,216899,-0.21895190393768135,SIMULATED,NORMAL
2026-06-17T16:22:48.103321+00:00,DION_001,216900,-0.21511798098712578,SIMULATED,NORMAL
2026-06-17T16:22:48.114070+00:00,DION_001,216901,-0.23321560657307144,SIMULATED,NORMAL
2026-06-17T16:22:48.124674+00:00,DION_001,216902,-0.15662067779423183,SIMULATED,NORMAL
2026-06-17T16:22:48.135186+00:00,DION_001,216903,-0.385663722738965,SIMULATED,NORMAL
2026-06-17T16:22:48.145766+00:00,DION_001,216904,-0.3998011853226174,SIMULATED,NORMAL
2026-06-17T16:22:48.156408+00:00,DION_001,216905,-0.2666981340833653,SIMULATED,NORMAL
2026-06-17T16:22:48.167005+00:00,DION_001,216906,-0.41339583545850456,SIMULATED,NORMAL
2026-06-17T16:22:48.177606+00:00,DION_001,216907,-0.20222625213726012,SIMULATED,NORMAL
2026-06-17T16:22:48.188231+00:00,DION_001,216908,0.03401116060011228,SIMULATED,NORMAL
2026-06-17T16:22:48.198862+00:00,DION_001,216909,-0.15718562459943114,SIMULATED,NORMAL
2026-06-17T16:22:48.209604+00:00,DION_001,216910,-0.14554560707749048,SIMULATED,NORMAL
2026-06-17T16:22:48.220250+00:00,DION_001,216911,-0.007701097389495818,SIMULATED,NORMAL
2026-06-17T16:22:48.230884+00:00,DION_001,216912,0.04930225880383817,SIMULATED,NORMAL
2026-06-17T16:22:48.241495+00:00,DION_001,216913,-0.06476338567009611,SIMULATED,NORMAL
2026-06-17T16:22:48.252070+00:00,DION_001,216914,0.18003556444169724,SIMULATED,NORMAL
2026-06-17T16:22:48.262670+00:00,DION_001,216915,0.19581094857614123,SIMULATED,NORMAL
2026-06-17T16:22:48.273319+00:00,DION_001,216916,0.3716037214223399,SIMULATED,NORMAL
2026-06-17T16:22:48.283901+00:00,DION_001,216917,0.06169894620386171,SIMULATED,NORMAL
2026-06-17T16:22:48.294664+00:00,DION_001,216918,0.35237218871722076,SIMULATED,NORMAL
2026-06-17T16:22:48.305290+00:00,DION_001,216919,0.21709957801556218,SIMULATED,NORMAL
2026-06-17T16:22:48.316043+00:00,DION_001,216920,0.2356079525880445,SIMULATED,NORMAL
2026-06-17T16:22:48.326869+00:00,DION_001,216921,0.4350953861744179,SIMULATED,NORMAL
2026-06-17T16:22:48.337403+00:00,DION_001,216922,0.377380859265044,SIMULATED,NORMAL
2026-06-17T16:22:48.347962+00:00,DION_001,216923,0.6468506229709422,SIMULATED,NORMAL
2026-06-17T16:22:48.358517+00:00,DION_001,216924,0.27899049832919043,SIMULATED,NORMAL
2026-06-17T16:22:48.369029+00:00,DION_001,216925,0.5360106874790084,SIMULATED,NORMAL
2026-06-17T16:22:48.379475+00:00,DION_001,216926,0.36427658998089124,SIMULATED,NORMAL
2026-06-17T16:22:48.389796+00:00,DION_001,216927,0.8039737479085316,SIMULATED,NORMAL
2026-06-17T16:22:48.400097+00:00,DION_001,216928,0.6906225604310601,SIMULATED,NORMAL
2026-06-17T16:22:48.410402+00:00,DION_001,216929,0.844247657616163,SIMULATED,NORMAL
2026-06-17T16:22:48.420717+00:00,DION_001,216930,-0.7944464904522517,SIMULATED,NORMAL
2026-06-17T16:22:48.431141+00:00,DION_001,216931,0.8320311950970934,SIMULATED,NORMAL
2026-06-17T16:22:48.441467+00:00,DION_001,216932,0.8199909474767001,SIMULATED,NORMAL
2026-06-17T16:22:48.451791+00:00,DION_001,216933,0.7524664946185827,SIMULATED,NORMAL
2026-06-17T16:22:48.462115+00:00,DION_001,216934,0.9010952532512897,SIMULATED,NORMAL
2026-06-17T16:22:48.472413+00:00,DION_001,216935,0.8269347527896456,SIMULATED,NORMAL
2026-06-17T16:22:48.482949+00:00,DION_001,216936,0.784123911441069,SIMULATED,NORMAL
2026-06-17T16:22:48.493300+00:00,DION_001,216937,0.8907338183613733,SIMULATED,NORMAL
2026-06-17T16:22:48.503617+00:00,DION_001,216938,1.383090182165612,SIMULATED,NORMAL
2026-06-17T16:22:48.513865+00:00,DION_001,216939,1.2271731586167827,SIMULATED,NORMAL
2026-06-17T16:22:48.524150+00:00,DION_001,216940,1.0413643894673195,SIMULATED,NORMAL
2026-06-17T16:22:48.534447+00:00,DION_001,216941,1.0400861646620534,SIMULATED,NORMAL
2026-06-17T16:22:48.544796+00:00,DION_001,216942,0.929840264792865,SIMULATED,NORMAL
2026-06-17T16:22:48.555119+00:00,DION_001,216943,1.0598695143887547,SIMULATED,NORMAL
2026-06-17T16:22:48.565477+00:00,DION_001,216944,0.910873086015331,SIMULATED,NORMAL
2026-06-17T16:22:48.575694+00:00,DION_001,216945,0.7361979112772536,SIMULATED,NORMAL
2026-06-17T16:22:48.585987+00:00,DION_001,216946,1.245845372178811,SIMULATED,NORMAL
2026-06-17T16:22:48.596403+00:00,DION_001,216947,0.9730840179859588,SIMULATED,NORMAL
2026-06-17T16:22:48.606907+00:00,DION_001,216948,0.9819500863869322,SIMULATED,NORMAL
2026-06-17T16:22:48.617495+00:00,DION_001,216949,0.8030398330846621,SIMULATED,NORMAL
2026-06-17T16:22:48.628177+00:00,DION_001,216950,1.2219893939989226,SIMULATED,NORMAL
2026-06-17T16:22:48.638774+00:00,DION_001,216951,0.8628809370755489,SIMULATED,NORMAL
2026-06-17T16:22:48.649371+00:00,DION_001,216952,0.9501622334113409,SIMULATED,NORMAL
2026-06-17T16:22:48.659982+00:00,DION_001,216953,0.7544381708302017,SIMULATED,NORMAL
2026-06-17T16:22:48.670523+00:00,DION_001,216954,0.8789982507656384,SIMULATED,NORMAL
2026-06-17T16:22:48.680977+00:00,DION_001,216955,0.9996115714444457,SIMULATED,NORMAL
2026-06-17T16:22:48.691673+00:00,DION_001,216956,0.9604655146188077,SIMULATED,NORMAL
2026-06-17T16:22:48.702217+00:00,DION_001,216957,0.9642368143942892,SIMULATED,NORMAL
2026-06-17T16:22:48.712829+00:00,DION_001,216958,0.9807473352065492,SIMULATED,NORMAL
2026-06-17T16:22:48.723478+00:00,DION_001,216959,1.0695775213707197,SIMULATED,NORMAL
2026-06-17T16:22:48.733989+00:00,DION_001,216960,0.7164626037419224,SIMULATED,NORMAL
2026-06-17T16:22:48.744460+00:00,DION_001,216961,0.5991337523791747,SIMULATED,NORMAL
2026-06-17T16:22:48.754940+00:00,DION_001,216962,0.950742110717992,SIMULATED,NORMAL
2026-06-17T16:22:48.765284+00:00,DION_001,216963,0.7270072270190061,SIMULATED,NORMAL
2026-06-17T16:22:48.775628+00:00,DION_001,216964,0.5096102245192569,SIMULATED,NORMAL
2026-06-17T16:22:48.786031+00:00,DION_001,216965,0.461888182259838,SIMULATED,NORMAL
2026-06-17T16:22:48.796463+00:00,DION_001,216966,0.8333038972977891,SIMULATED,NORMAL
2026-06-17T16:22:48.807078+00:00,DION_001,216967,0.501362375555858,SIMULATED,NORMAL
2026-06-17T16:22:48.817584+00:00,DION_001,216968,0.29745282060912287,SIMULATED,NORMAL
2026-06-17T16:22:48.828213+00:00,DION_001,216969,0.45597675940168414,SIMULATED,NORMAL
2026-06-17T16:22:48.838839+00:00,DION_001,216970,0.4975684796759164,SIMULATED,NORMAL
2026-06-17T16:22:48.849494+00:00,DION_001,216971,0.22576510496467433,SIMULATED,NORMAL
2026-06-17T16:22:48.860082+00:00,DION_001,216972,0.3089773685613093,SIMULATED,NORMAL
2026-06-17T16:22:48.870714+00:00,DION_001,216973,0.24328006893691823,SIMULATED,NORMAL
2026-06-17T16:22:48.881522+00:00,DION_001,216974,0.28200080863247035,SIMULATED,NORMAL
2026-06-17T16:22:48.891984+00:00,DION_001,216975,0.33904564161743583,SIMULATED,NORMAL
2026-06-17T16:22:48.902456+00:00,DION_001,216976,0.7597141948600439,SIMULATED,NORMAL
2026-06-17T16:22:48.912910+00:00,DION_001,216977,0.4050663772166982,SIMULATED,NORMAL
2026-06-17T16:22:48.923374+00:00,DION_001,216978,0.4178344043422201,SIMULATED,NORMAL
2026-06-17T16:22:48.933756+00:00,DION_001,216979,0.21758369837381986,SIMULATED,NORMAL
2026-06-17T16:22:48.944233+00:00,DION_001,216980,0.5962089948832185,SIMULATED,NORMAL
2026-06-17T16:22:48.954614+00:00,DION_001,216981,0.5277513760117807,SIMULATED,NORMAL
2026-06-17T16:22:48.964828+00:00,DION_001,216982,0.3132216017353747,SIMULATED,NORMAL
2026-06-17T16:22:48.975067+00:00,DION_001,216983,0.42744165044542515,SIMULATED,NORMAL
2026-06-17T16:22:48.987171+00:00,DION_001,216984,0.16649744726373006,SIMULATED,NORMAL
2026-06-17T16:22:48.997620+00:00,DION_001,216985,0.2659622387917725,SIMULATED,NORMAL
2026-06-17T16:22:49.008277+00:00,DION_001,216986,0.2827921964532338,SIMULATED,NORMAL
2026-06-17T16:22:49.018725+00:00,DION_001,216987,0.2475145097770807,SIMULATED,NORMAL
2026-06-17T16:22:49.029391+00:00,DION_001,216988,0.7362718020721254,SIMULATED,NORMAL
2026-06-17T16:22:49.039935+00:00,DION_001,216989,0.2978344124324198,SIMULATED,NORMAL
2026-06-17T16:22:49.050448+00:00,DION_001,216990,0.3905521251399152,SIMULATED,NORMAL
2026-06-17T16:22:49.061081+00:00,DION_001,216991,0.8437809759641173,SIMULATED,NORMAL
2026-06-17T16:22:49.071613+00:00,DION_001,216992,0.28616342792499927,SIMULATED,NORMAL
2026-06-17T16:22:49.082274+00:00,DION_001,216993,0.4176415586953589,SIMULATED,NORMAL
2026-06-17T16:22:49.092820+00:00,DION_001,216994,0.7639110175000494,SIMULATED,NORMAL
2026-06-17T16:22:49.103416+00:00,DION_001,216995,0.6590931973448496,SIMULATED,NORMAL
2026-06-17T16:22:49.114013+00:00,DION_001,216996,0.5978142598795739,SIMULATED,NORMAL
2026-06-17T16:22:49.124528+00:00,DION_001,216997,0.8162255899592633,SIMULATED,NORMAL
2026-06-17T16:22:49.135247+00:00,DION_001,216998,0.5858371148597729,SIMULATED,NORMAL
2026-06-17T16:22:49.145873+00:00,DION_001,216999,0.4889335531775537,SIMULATED,NORMAL
2026-06-17T16:22:49.156455+00:00,DION_001,217000,0.36533129855851326,SIMULATED,NORMAL
2026-06-17T16:22:49.167198+00:00,DION_001,217001,1.1956349802424329,SIMULATED,NORMAL
2026-06-17T16:22:49.177823+00:00,DION_001,217002,0.49146949512019766,SIMULATED,NORMAL
2026-06-17T16:22:49.188406+00:00,DION_001,217003,1.0951245156413654,SIMULATED,NORMAL
2026-06-17T16:22:49.199131+00:00,DION_001,217004,0.6664477532348445,SIMULATED,NORMAL
2026-06-17T16:22:49.209737+00:00,DION_001,217005,0.6251080736086253,SIMULATED,NORMAL
2026-06-17T16:22:49.220382+00:00,DION_001,217006,0.9001477723259669,SIMULATED,NORMAL
2026-06-17T16:22:49.231332+00:00,DION_001,217007,0.9306508032930255,SIMULATED,NORMAL
2026-06-17T16:22:49.241897+00:00,DION_001,217008,1.0270619585451237,SIMULATED,NORMAL
2026-06-17T16:22:49.252483+00:00,DION_001,217009,1.0412736568363117,SIMULATED,NORMAL
2026-06-17T16:22:49.263209+00:00,DION_001,217010,1.102705080946465,SIMULATED,NORMAL
2026-06-17T16:22:49.273871+00:00,DION_001,217011,1.0222305321034713,SIMULATED,NORMAL
2026-06-17T16:22:49.284453+00:00,DION_001,217012,1.0629486254923455,SIMULATED,NORMAL
2026-06-17T16:22:49.295303+00:00,DION_001,217013,0.9324229385507522,SIMULATED,NORMAL
2026-06-17T16:22:49.305895+00:00,DION_001,217014,1.1378868905912851,SIMULATED,NORMAL
2026-06-17T16:22:49.316639+00:00,DION_001,217015,0.9708448758737128,SIMULATED,NORMAL
2026-06-17T16:22:49.327364+00:00,DION_001,217016,0.9040837067078391,SIMULATED,NORMAL
2026-06-17T16:22:49.338043+00:00,DION_001,217017,1.0351773202183119,SIMULATED,NORMAL
2026-06-17T16:22:49.348819+00:00,DION_001,217018,1.4040615854908807,SIMULATED,NORMAL
2026-06-17T16:22:49.362067+00:00,DION_001,217019,1.0425195150267421,SIMULATED,NORMAL
2026-06-17T16:22:49.372655+00:00,DION_001,217020,1.0866001773988667,SIMULATED,NORMAL
2026-06-17T16:22:49.383355+00:00,DION_001,217021,1.0146708390094612,SIMULATED,NORMAL
2026-06-17T16:22:49.394077+00:00,DION_001,217022,1.1882096627134393,SIMULATED,NORMAL
2026-06-17T16:22:49.404673+00:00,DION_001,217023,0.8535220725483815,SIMULATED,NORMAL
2026-06-17T16:22:49.415478+00:00,DION_001,217024,1.047957005345296,SIMULATED,NORMAL
2026-06-17T16:22:49.426113+00:00,DION_001,217025,0.9666245901982263,SIMULATED,NORMAL
2026-06-17T16:22:49.436710+00:00,DION_001,217026,0.9593339059502446,SIMULATED,NORMAL
2026-06-17T16:22:49.447301+00:00,DION_001,217027,1.0260529331929276,SIMULATED,NORMAL
2026-06-17T16:22:49.457890+00:00,DION_001,217028,0.916644045541004,SIMULATED,NORMAL
2026-06-17T16:22:49.468665+00:00,DION_001,217029,0.6678644439260428,SIMULATED,NORMAL
2026-06-17T16:22:49.479263+00:00,DION_001,217030,0.7611713142604765,SIMULATED,NORMAL
2026-06-17T16:22:49.489957+00:00,DION_001,217031,0.68199738074831,SIMULATED,NORMAL
2026-06-17T16:22:49.500545+00:00,DION_001,217032,0.8327027499412122,SIMULATED,NORMAL
2026-06-17T16:22:49.511650+00:00,DION_001,217033,0.6889325373650679,SIMULATED,NORMAL
2026-06-17T16:22:49.522236+00:00,DION_001,217034,0.5319488170831679,SIMULATED,NORMAL
2026-06-17T16:22:49.533003+00:00,DION_001,217035,1.1726870265865428,SIMULATED,NORMAL
2026-06-17T16:22:49.543663+00:00,DION_001,217036,0.7697019650218165,SIMULATED,NORMAL
2026-06-17T16:22:49.554264+00:00,DION_001,217037,0.8592567271211266,SIMULATED,NORMAL
2026-06-17T16:22:49.565006+00:00,DION_001,217038,0.3216384137846229,SIMULATED,NORMAL
2026-06-17T16:22:49.575574+00:00,DION_001,217039,0.6360458700065097,SIMULATED,NORMAL
2026-06-17T16:22:49.586153+00:00,DION_001,217040,0.5161499710545037,SIMULATED,NORMAL
2026-06-17T16:22:49.596667+00:00,DION_001,217041,0.15929354549606783,SIMULATED,NORMAL
2026-06-17T16:22:49.607136+00:00,DION_001,217042,0.17720051847958643,SIMULATED,NORMAL
2026-06-17T16:22:49.617847+00:00,DION_001,217043,0.43563699706590386,SIMULATED,NORMAL
2026-06-17T16:22:49.628656+00:00,DION_001,217044,0.37398915816045664,SIMULATED,NORMAL
2026-06-17T16:22:49.639255+00:00,DION_001,217045,0.27647361951060784,SIMULATED,NORMAL
2026-06-17T16:22:49.649638+00:00,DION_001,217046,0.1367186348171343,SIMULATED,NORMAL
2026-06-17T16:22:49.659874+00:00,DION_001,217047,0.19686178018729045,SIMULATED,NORMAL
2026-06-17T16:22:49.670114+00:00,DION_001,217048,-0.06243275932078471,SIMULATED,NORMAL
2026-06-17T16:22:49.680544+00:00,DION_001,217049,-0.05698403433126362,SIMULATED,NORMAL
2026-06-17T16:22:49.691342+00:00,DION_001,217050,0.05578803885052079,SIMULATED,NORMAL
2026-06-17T16:22:49.702099+00:00,DION_001,217051,-0.02085700470314851,SIMULATED,NORMAL
2026-06-17T16:22:49.712722+00:00,DION_001,217052,0.045042472540710546,SIMULATED,NORMAL
2026-06-17T16:22:49.723249+00:00,DION_001,217053,0.3011698470838227,SIMULATED,NORMAL
2026-06-17T16:22:49.733896+00:00,DION_001,217054,0.17946397144386275,SIMULATED,NORMAL
2026-06-17T16:22:49.744526+00:00,DION_001,217055,0.06024961672104774,SIMULATED,NORMAL
2026-06-17T16:22:49.755332+00:00,DION_001,217056,-0.10093433315979079,SIMULATED,NORMAL
2026-06-17T16:22:49.765913+00:00,DION_001,217057,-0.1840428279190962,SIMULATED,NORMAL
2026-06-17T16:22:49.776518+00:00,DION_001,217058,-0.15946609547419358,SIMULATED,NORMAL
2026-06-17T16:22:49.787256+00:00,DION_001,217059,-0.12962094049890602,SIMULATED,NORMAL
2026-06-17T16:22:49.797841+00:00,DION_001,217060,-0.040641786234459645,SIMULATED,NORMAL
2026-06-17T16:22:49.808441+00:00,DION_001,217061,-0.494056502715302,SIMULATED,NORMAL
2026-06-17T16:22:49.818986+00:00,DION_001,217062,-0.22127248466712957,SIMULATED,NORMAL
2026-06-17T16:22:49.829529+00:00,DION_001,217063,0.12111712132223715,SIMULATED,NORMAL
2026-06-17T16:22:49.840026+00:00,DION_001,217064,-0.05011737182383676,SIMULATED,NORMAL
2026-06-17T16:22:49.850633+00:00,DION_001,217065,-0.26735913214190304,SIMULATED,NORMAL
2026-06-17T16:22:49.861300+00:00,DION_001,217066,-0.5768781298766801,SIMULATED,NORMAL
2026-06-17T16:22:49.871880+00:00,DION_001,217067,-0.07022475133734057,SIMULATED,NORMAL
2026-06-17T16:22:49.882524+00:00,DION_001,217068,-0.3045974760309365,SIMULATED,NORMAL
2026-06-17T16:22:49.893220+00:00,DION_001,217069,-0.09410815670097966,SIMULATED,NORMAL
2026-06-17T16:22:49.903734+00:00,DION_001,217070,0.08226776877109762,SIMULATED,NORMAL
2026-06-17T16:22:49.914276+00:00,DION_001,217071,0.06496847770314865,SIMULATED,NORMAL
2026-06-17T16:22:49.924825+00:00,DION_001,217072,0.06387772545729305,SIMULATED,NORMAL
2026-06-17T16:22:49.935225+00:00,DION_001,217073,0.029311493053592444,SIMULATED,NORMAL
2026-06-17T16:22:49.945590+00:00,DION_001,217074,-0.10074614935573978,SIMULATED,NORMAL
2026-06-17T16:22:49.955932+00:00,DION_001,217075,-0.029023408908944795,SIMULATED,NORMAL
2026-06-17T16:22:49.966309+00:00,DION_001,217076,-0.08978850720137732,SIMULATED,NORMAL
2026-06-17T16:22:49.976675+00:00,DION_001,217077,-0.015926092709509707,SIMULATED,NORMAL
2026-06-17T16:22:49.987091+00:00,DION_001,217078,-0.15080844339978314,SIMULATED,NORMAL
2026-06-17T16:22:49.997570+00:00,DION_001,217079,-0.005378387404939948,SIMULATED,NORMAL
2026-06-17T16:22:50.008115+00:00,DION_001,217080,0.2954943631962696,SIMULATED,NORMAL
2026-06-17T16:22:50.018639+00:00,DION_001,217081,0.050817071500360286,SIMULATED,NORMAL
2026-06-17T16:22:50.029177+00:00,DION_001,217082,0.13085463456604451,SIMULATED,NORMAL
2026-06-17T16:22:50.039602+00:00,DION_001,217083,-0.016646715812640045,SIMULATED,NORMAL
2026-06-17T16:22:50.050048+00:00,DION_001,217084,-2.3351095791116383,SIMULATED,EVENT_DETECTED
2026-06-17T16:22:50.060878+00:00,DION_001,217085,0.12939549635700648,SIMULATED,NORMAL
2026-06-17T16:22:50.071059+00:00,DION_001,217086,0.1487625068965894,SIMULATED,NORMAL
2026-06-17T16:22:50.081304+00:00,DION_001,217087,-0.05821896265383514,SIMULATED,NORMAL
2026-06-17T16:22:50.091746+00:00,DION_001,217088,0.2215276305316714,SIMULATED,NORMAL
2026-06-17T16:22:50.102220+00:00,DION_001,217089,0.19203149731857808,SIMULATED,NORMAL
2026-06-17T16:22:50.112891+00:00,DION_001,217090,0.259936174471026,SIMULATED,NORMAL
2026-06-17T16:22:50.123395+00:00,DION_001,217091,0.2835893426965167,SIMULATED,NORMAL
2026-06-17T16:22:50.134000+00:00,DION_001,217092,0.22780331166299914,SIMULATED,NORMAL
2026-06-17T16:22:50.144625+00:00,DION_001,217093,0.006259819010655615,SIMULATED,NORMAL
2026-06-17T16:22:50.155225+00:00,DION_001,217094,0.04964354224083198,SIMULATED,NORMAL
2026-06-17T16:22:50.165855+00:00,DION_001,217095,-0.019477641846067817,SIMULATED,NORMAL
2026-06-17T16:22:50.176493+00:00,DION_001,217096,-0.002103850230094323,SIMULATED,NORMAL
2026-06-17T16:22:50.187283+00:00,DION_001,217097,0.14619925518152108,SIMULATED,NORMAL
2026-06-17T16:22:50.197886+00:00,DION_001,217098,0.2226141677024703,SIMULATED,NORMAL
2026-06-17T16:22:50.208485+00:00,DION_001,217099,0.11022552771565636,SIMULATED,NORMAL
2026-06-17T16:22:50.219233+00:00,DION_001,217100,0.234074039070716,SIMULATED,NORMAL
2026-06-17T16:22:50.229864+00:00,DION_001,217101,0.0765170979716992,SIMULATED,NORMAL
2026-06-17T16:22:50.240486+00:00,DION_001,217102,-0.11679579064593446,SIMULATED,NORMAL
2026-06-17T16:22:50.251177+00:00,DION_001,217103,0.32270409646007797,SIMULATED,NORMAL
2026-06-17T16:22:50.261875+00:00,DION_001,217104,0.02775590013134631,SIMULATED,NORMAL
2026-06-17T16:22:50.272526+00:00,DION_001,217105,-0.03200623912289873,SIMULATED,NORMAL
2026-06-17T16:22:50.283350+00:00,DION_001,217106,0.26595446007718876,SIMULATED,NORMAL
2026-06-17T16:22:50.294066+00:00,DION_001,217107,-0.10957087212072188,SIMULATED,NORMAL
2026-06-17T16:22:50.304768+00:00,DION_001,217108,-0.2104997358974665,SIMULATED,NORMAL
2026-06-17T16:22:50.315537+00:00,DION_001,217109,-0.16390412824584266,SIMULATED,NORMAL
2026-06-17T16:22:50.326141+00:00,DION_001,217110,-0.09340340383868925,SIMULATED,NORMAL
2026-06-17T16:22:50.336856+00:00,DION_001,217111,-0.3577456579020124,SIMULATED,NORMAL
2026-06-17T16:22:50.347612+00:00,DION_001,217112,-0.474903336029242,SIMULATED,NORMAL
2026-06-17T16:22:50.358245+00:00,DION_001,217113,-0.18622296719328463,SIMULATED,NORMAL
2026-06-17T16:22:50.368814+00:00,DION_001,217114,-0.4991397095583857,SIMULATED,NORMAL
2026-06-17T16:22:50.379431+00:00,DION_001,217115,-0.3361575700727588,SIMULATED,NORMAL
2026-06-17T16:22:50.390068+00:00,DION_001,217116,-0.33793137587777283,SIMULATED,NORMAL
2026-06-17T16:22:50.400727+00:00,DION_001,217117,-0.3936407491721804,SIMULATED,NORMAL
2026-06-17T16:22:50.411432+00:00,DION_001,217118,-0.8347771554227581,SIMULATED,NORMAL
2026-06-17T16:22:50.422049+00:00,DION_001,217119,-0.4801001493992749,SIMULATED,NORMAL
2026-06-17T16:22:50.432665+00:00,DION_001,217120,-0.5449319321495618,SIMULATED,NORMAL
2026-06-17T16:22:50.443491+00:00,DION_001,217121,-0.43685867683999546,SIMULATED,NORMAL
2026-06-17T16:22:50.454216+00:00,DION_001,217122,-0.30520405478454593,SIMULATED,NORMAL
2026-06-17T16:22:50.464819+00:00,DION_001,217123,-0.7644319584875118,SIMULATED,NORMAL
2026-06-17T16:22:50.475447+00:00,DION_001,217124,-0.6443156963879394,SIMULATED,NORMAL
2026-06-17T16:22:50.486049+00:00,DION_001,217125,2.261209850955294,SIMULATED,EVENT_DETECTED
2026-06-17T16:22:50.496935+00:00,DION_001,217126,-0.5932503141080173,SIMULATED,NORMAL
2026-06-17T16:22:50.507602+00:00,DION_001,217127,-0.8992791145939634,SIMULATED,NORMAL
2026-06-17T16:22:50.518192+00:00,DION_001,217128,-0.7212786493285694,SIMULATED,NORMAL
2026-06-17T16:22:50.528821+00:00,DION_001,217129,-0.9632170140667232,SIMULATED,NORMAL
2026-06-17T16:22:50.539641+00:00,DION_001,217130,-1.0402854382405509,SIMULATED,NORMAL
2026-06-17T16:22:50.550434+00:00,DION_001,217131,-1.0222069572553345,SIMULATED,NORMAL
2026-06-17T16:22:50.561007+00:00,DION_001,217132,-2.6835316603879695,SIMULATED,EVENT_DETECTED
2026-06-17T16:22:50.571907+00:00,DION_001,217133,-1.0253677401703012,SIMULATED,NORMAL
2026-06-17T16:22:50.582535+00:00,DION_001,217134,-1.1306074482725905,SIMULATED,NORMAL
2026-06-17T16:22:50.593163+00:00,DION_001,217135,-0.8952102992071667,SIMULATED,NORMAL
2026-06-17T16:22:50.603636+00:00,DION_001,217136,-0.9371838002529781,SIMULATED,NORMAL
2026-06-17T16:22:50.614261+00:00,DION_001,217137,-1.1653334664510948,SIMULATED,NORMAL
2026-06-17T16:22:50.624977+00:00,DION_001,217138,-1.2184875248387277,SIMULATED,NORMAL
2026-06-17T16:22:50.635566+00:00,DION_001,217139,-1.0080022020244865,SIMULATED,NORMAL
2026-06-17T16:22:50.646242+00:00,DION_001,217140,-1.0043933347878324,SIMULATED,NORMAL
2026-06-17T16:22:50.656832+00:00,DION_001,217141,-1.0627908218175859,SIMULATED,NORMAL
2026-06-17T16:22:50.667358+00:00,DION_001,217142,-1.0761743782923574,SIMULATED,NORMAL
2026-06-17T16:22:50.678001+00:00,DION_001,217143,-1.0521630886338957,SIMULATED,NORMAL
2026-06-17T16:22:50.688492+00:00,DION_001,217144,-1.0001354587990643,SIMULATED,NORMAL
2026-06-17T16:22:50.699119+00:00,DION_001,217145,-1.1734874683933363,SIMULATED,NORMAL
2026-06-17T16:22:50.709734+00:00,DION_001,217146,-0.8543983253767544,SIMULATED,NORMAL
2026-06-17T16:22:50.720218+00:00,DION_001,217147,-0.6653222092321316,SIMULATED,NORMAL
2026-06-17T16:22:50.730627+00:00,DION_001,217148,-1.0265103439141767,SIMULATED,NORMAL
2026-06-17T16:22:50.741049+00:00,DION_001,217149,-0.8079328891068478,SIMULATED,NORMAL
2026-06-17T16:22:50.751434+00:00,DION_001,217150,-0.853906385923868,SIMULATED,NORMAL
2026-06-17T16:22:50.761800+00:00,DION_001,217151,-1.0599417716670652,SIMULATED,NORMAL
2026-06-17T16:22:50.772153+00:00,DION_001,217152,-0.812549243069393,SIMULATED,NORMAL
2026-06-17T16:22:50.782457+00:00,DION_001,217153,-0.7220298362178587,SIMULATED,NORMAL
2026-06-17T16:22:50.792958+00:00,DION_001,217154,-0.8000366911654644,SIMULATED,NORMAL
2026-06-17T16:22:50.803296+00:00,DION_001,217155,-0.8570297130467651,SIMULATED,NORMAL
2026-06-17T16:22:50.813785+00:00,DION_001,217156,-0.8252987456222385,SIMULATED,NORMAL
2026-06-17T16:22:50.824233+00:00,DION_001,217157,-1.0072848100819165,SIMULATED,NORMAL
2026-06-17T16:22:50.834620+00:00,DION_001,217158,-0.7394016515807872,SIMULATED,NORMAL
2026-06-17T16:22:50.845013+00:00,DION_001,217159,-0.7274612364341821,SIMULATED,NORMAL
2026-06-17T16:22:50.855417+00:00,DION_001,217160,-0.7656780801923002,SIMULATED,NORMAL
2026-06-17T16:22:50.865985+00:00,DION_001,217161,-0.7556125182429374,SIMULATED,NORMAL
2026-06-17T16:22:50.876652+00:00,DION_001,217162,-0.48101047927220053,SIMULATED,NORMAL
2026-06-17T16:22:50.887199+00:00,DION_001,217163,-0.6464084768160125,SIMULATED,NORMAL
2026-06-17T16:22:50.897822+00:00,DION_001,217164,-0.6395347199926147,SIMULATED,NORMAL
2026-06-17T16:22:50.908344+00:00,DION_001,217165,-0.49387211245767343,SIMULATED,NORMAL
2026-06-17T16:22:50.919043+00:00,DION_001,217166,-0.5335999426287031,SIMULATED,NORMAL
2026-06-17T16:22:50.929644+00:00,DION_001,217167,-0.48198977642111646,SIMULATED,NORMAL
2026-06-17T16:22:50.940091+00:00,DION_001,217168,-0.5565932974815476,SIMULATED,NORMAL
2026-06-17T16:22:50.950638+00:00,DION_001,217169,-0.5897607484037273,SIMULATED,NORMAL
2026-06-17T16:22:50.961372+00:00,DION_001,217170,-0.5316477008287591,SIMULATED,NORMAL
2026-06-17T16:22:50.971860+00:00,DION_001,217171,-0.3847419643580455,SIMULATED,NORMAL
2026-06-17T16:22:50.982424+00:00,DION_001,217172,-0.8029155730912758,SIMULATED,NORMAL
2026-06-17T16:22:50.993070+00:00,DION_001,217173,-0.28834811849472614,SIMULATED,NORMAL
2026-06-17T16:22:51.003536+00:00,DION_001,217174,-0.7043313488682588,SIMULATED,NORMAL
2026-06-17T16:22:51.014118+00:00,DION_001,217175,-0.4248388420328696,SIMULATED,NORMAL
2026-06-17T16:22:51.024620+00:00,DION_001,217176,-0.20279426709589482,SIMULATED,NORMAL
2026-06-17T16:22:51.035082+00:00,DION_001,217177,-0.5745394011414973,SIMULATED,NORMAL
2026-06-17T16:22:51.045607+00:00,DION_001,217178,-0.46903907872956807,SIMULATED,NORMAL
2026-06-17T16:22:51.056146+00:00,DION_001,217179,-0.528814495268265,SIMULATED,NORMAL
2026-06-17T16:22:51.066747+00:00,DION_001,217180,-0.13108192893790138,SIMULATED,NORMAL
2026-06-17T16:22:51.077267+00:00,DION_001,217181,-0.4864539196999177,SIMULATED,NORMAL
2026-06-17T16:22:51.087812+00:00,DION_001,217182,-0.43097497538560114,SIMULATED,NORMAL
2026-06-17T16:22:51.098183+00:00,DION_001,217183,-0.6388474711293612,SIMULATED,NORMAL
2026-06-17T16:22:51.108632+00:00,DION_001,217184,-0.00787780325562143,SIMULATED,NORMAL
2026-06-17T16:22:51.118990+00:00,DION_001,217185,-0.6180105227499044,SIMULATED,NORMAL
2026-06-17T16:22:51.129579+00:00,DION_001,217186,-0.3648911086445586,SIMULATED,NORMAL
2026-06-17T16:22:51.140128+00:00,DION_001,217187,-0.47740407519347644,SIMULATED,NORMAL
2026-06-17T16:22:51.150425+00:00,DION_001,217188,-0.6776052868533922,SIMULATED,NORMAL
2026-06-17T16:22:51.160737+00:00,DION_001,217189,-0.8737455825967879,SIMULATED,NORMAL
2026-06-17T16:22:51.171095+00:00,DION_001,217190,-0.29080941790498055,SIMULATED,NORMAL
2026-06-17T16:22:51.181549+00:00,DION_001,217191,-0.4487098021508653,SIMULATED,NORMAL
2026-06-17T16:22:51.192148+00:00,DION_001,217192,-0.5700667365553521,SIMULATED,NORMAL
2026-06-17T16:22:51.202823+00:00,DION_001,217193,-0.6598229741108133,SIMULATED,NORMAL
2026-06-17T16:22:51.213276+00:00,DION_001,217194,-0.78539668989727,SIMULATED,NORMAL
2026-06-17T16:22:51.223715+00:00,DION_001,217195,-0.49622625079281946,SIMULATED,NORMAL
2026-06-17T16:22:51.234129+00:00,DION_001,217196,-0.6618996333222357,SIMULATED,NORMAL
2026-06-17T16:22:51.244546+00:00,DION_001,217197,-0.6478732736135806,SIMULATED,NORMAL
2026-06-17T16:22:51.255035+00:00,DION_001,217198,-0.8488470020223237,SIMULATED,NORMAL
2026-06-17T16:22:51.265523+00:00,DION_001,217199,-0.8762059846208013,SIMULATED,NORMAL
2026-06-17T16:22:51.276011+00:00,DION_001,217200,-0.9551127710794587,SIMULATED,NORMAL
2026-06-17T16:22:51.286541+00:00,DION_001,217201,-1.02487021704977,SIMULATED,NORMAL
2026-06-17T16:22:51.297182+00:00,DION_001,217202,-0.8166436465570049,SIMULATED,NORMAL
2026-06-17T16:22:51.307720+00:00,DION_001,217203,-0.9535753673424727,SIMULATED,NORMAL
2026-06-17T16:22:51.318369+00:00,DION_001,217204,-0.9084975486781844,SIMULATED,NORMAL
2026-06-17T16:22:51.329020+00:00,DION_001,217205,-0.8537483398549944,SIMULATED,NORMAL
2026-06-17T16:22:51.339475+00:00,DION_001,217206,-0.8063735852326273,SIMULATED,NORMAL
2026-06-17T16:22:51.349977+00:00,DION_001,217207,-0.8995683182841138,SIMULATED,NORMAL
2026-06-17T16:22:51.360540+00:00,DION_001,217208,-0.9340201056856424,SIMULATED,NORMAL
2026-06-17T16:22:51.371312+00:00,DION_001,217209,-0.8666831823968328,SIMULATED,NORMAL
2026-06-17T16:22:51.381843+00:00,DION_001,217210,-1.103312896638357,SIMULATED,NORMAL
2026-06-17T16:22:51.392457+00:00,DION_001,217211,-1.1269147630191914,SIMULATED,NORMAL
2026-06-17T16:22:51.403027+00:00,DION_001,217212,-0.9949928313109546,SIMULATED,NORMAL
2026-06-17T16:22:51.413527+00:00,DION_001,217213,-1.170961009003102,SIMULATED,NORMAL
2026-06-17T16:22:51.424105+00:00,DION_001,217214,-0.8199652783545721,SIMULATED,NORMAL
2026-06-17T16:22:51.434518+00:00,DION_001,217215,-0.9312918495017861,SIMULATED,NORMAL
2026-06-17T16:22:51.445010+00:00,DION_001,217216,-0.85352900824799,SIMULATED,NORMAL
2026-06-17T16:22:51.455352+00:00,DION_001,217217,-0.7627589983651043,SIMULATED,NORMAL
2026-06-17T16:22:51.465825+00:00,DION_001,217218,-1.1150145890480616,SIMULATED,NORMAL
2026-06-17T16:22:51.476184+00:00,DION_001,217219,-1.2822417328764195,SIMULATED,NORMAL
2026-06-17T16:22:51.486503+00:00,DION_001,217220,-0.8942847356535286,SIMULATED,NORMAL
2026-06-17T16:22:51.496797+00:00,DION_001,217221,-0.8352598017708734,SIMULATED,NORMAL
2026-06-17T16:22:51.507045+00:00,DION_001,217222,-0.9652767880741835,SIMULATED,NORMAL
2026-06-17T16:22:51.517385+00:00,DION_001,217223,-0.9599744977221297,SIMULATED,NORMAL
2026-06-17T16:22:51.527820+00:00,DION_001,217224,-0.7899344880154997,SIMULATED,NORMAL
2026-06-17T16:22:51.538235+00:00,DION_001,217225,-0.610611810138988,SIMULATED,NORMAL
2026-06-17T16:22:51.548610+00:00,DION_001,217226,-0.6989265068318197,SIMULATED,NORMAL
2026-06-17T16:22:51.558902+00:00,DION_001,217227,-0.8275049825899982,SIMULATED,NORMAL
2026-06-17T16:22:51.569294+00:00,DION_001,217228,-0.9174232595372576,SIMULATED,NORMAL
2026-06-17T16:22:51.579580+00:00,DION_001,217229,-0.5907903004336676,SIMULATED,NORMAL
2026-06-17T16:22:51.589910+00:00,DION_001,217230,-0.5949405646528579,SIMULATED,NORMAL
2026-06-17T16:22:51.600291+00:00,DION_001,217231,-0.538177090646705,SIMULATED,NORMAL
2026-06-17T16:22:51.610643+00:00,DION_001,217232,-0.6058497506261054,SIMULATED,NORMAL
2026-06-17T16:22:51.620963+00:00,DION_001,217233,-0.561051883849475,SIMULATED,NORMAL
2026-06-17T16:22:51.631407+00:00,DION_001,217234,-0.7826980217891127,SIMULATED,NORMAL
2026-06-17T16:22:51.641801+00:00,DION_001,217235,-2.620620953162852,SIMULATED,EVENT_DETECTED
2026-06-17T16:22:51.652311+00:00,DION_001,217236,-0.3710838275430842,SIMULATED,NORMAL
2026-06-17T16:22:51.662853+00:00,DION_001,217237,-0.37219144156179534,SIMULATED,NORMAL
2026-06-17T16:22:51.673307+00:00,DION_001,217238,-0.5061008744202131,SIMULATED,NORMAL
2026-06-17T16:22:51.683762+00:00,DION_001,217239,-0.4071002461982717,SIMULATED,NORMAL
2026-06-17T16:22:51.694158+00:00,DION_001,217240,0.003716338552156029,SIMULATED,NORMAL
2026-06-17T16:22:51.704670+00:00,DION_001,217241,-0.23011477893152674,SIMULATED,NORMAL
2026-06-17T16:22:51.715203+00:00,DION_001,217242,-0.0353188796357472,SIMULATED,NORMAL
2026-06-17T16:22:51.725678+00:00,DION_001,217243,-0.2138538583268188,SIMULATED,NORMAL
2026-06-17T16:22:51.736170+00:00,DION_001,217244,-0.1781861910606872,SIMULATED,NORMAL
2026-06-17T16:22:51.746636+00:00,DION_001,217245,-0.21131216878003567,SIMULATED,NORMAL
2026-06-17T16:22:51.756962+00:00,DION_001,217246,-0.21538476686924257,SIMULATED,NORMAL
2026-06-17T16:22:51.767571+00:00,DION_001,217247,0.16892283111288806,SIMULATED,NORMAL
2026-06-17T16:22:51.778135+00:00,DION_001,217248,-0.2275798028758177,SIMULATED,NORMAL
2026-06-17T16:22:51.788494+00:00,DION_001,217249,0.1726940116336564,SIMULATED,NORMAL
2026-06-17T16:22:51.798838+00:00,DION_001,217250,-0.18695159314454518,SIMULATED,NORMAL
2026-06-17T16:22:51.809140+00:00,DION_001,217251,0.38157569201417985,SIMULATED,NORMAL
2026-06-17T16:22:51.819492+00:00,DION_001,217252,0.4131104005044123,SIMULATED,NORMAL
2026-06-17T16:22:51.829956+00:00,DION_001,217253,-0.01758225952967149,SIMULATED,NORMAL
2026-06-17T16:22:51.840408+00:00,DION_001,217254,0.22091719983657493,SIMULATED,NORMAL
2026-06-17T16:22:51.851271+00:00,DION_001,217255,0.2614145457184375,SIMULATED,NORMAL
2026-06-17T16:22:51.861592+00:00,DION_001,217256,0.05037017739380878,SIMULATED,NORMAL
2026-06-17T16:22:51.871919+00:00,DION_001,217257,0.11608980709207024,SIMULATED,NORMAL
2026-06-17T16:22:51.882423+00:00,DION_001,217258,-0.1306655850256992,SIMULATED,NORMAL
2026-06-17T16:22:51.892952+00:00,DION_001,217259,0.14842665154939766,SIMULATED,NORMAL
2026-06-17T16:22:51.903402+00:00,DION_001,217260,0.2981944049400221,SIMULATED,NORMAL
2026-06-17T16:22:51.913960+00:00,DION_001,217261,0.417429680409476,SIMULATED,NORMAL
2026-06-17T16:22:51.924484+00:00,DION_001,217262,0.35582572803824447,SIMULATED,NORMAL
2026-06-17T16:22:51.935201+00:00,DION_001,217263,0.15844170180849315,SIMULATED,NORMAL
2026-06-17T16:22:51.945770+00:00,DION_001,217264,0.3063677718143781,SIMULATED,NORMAL
2026-06-17T16:22:51.956405+00:00,DION_001,217265,0.3809890056357644,SIMULATED,NORMAL
2026-06-17T16:22:51.967003+00:00,DION_001,217266,0.4221726751507948,SIMULATED,NORMAL
2026-06-17T16:22:51.977774+00:00,DION_001,217267,0.23567052601640193,SIMULATED,NORMAL
2026-06-17T16:22:51.988303+00:00,DION_001,217268,0.1877771844482521,SIMULATED,NORMAL
2026-06-17T16:22:51.998849+00:00,DION_001,217269,0.14324911882092917,SIMULATED,NORMAL
2026-06-17T16:22:52.009517+00:00,DION_001,217270,0.6084484441993578,SIMULATED,NORMAL
2026-06-17T16:22:52.020033+00:00,DION_001,217271,0.14808005375319755,SIMULATED,NORMAL
2026-06-17T16:22:52.030758+00:00,DION_001,217272,0.2739141159259524,SIMULATED,NORMAL
2026-06-17T16:22:52.041286+00:00,DION_001,217273,0.2416209468437418,SIMULATED,NORMAL
2026-06-17T16:22:52.051841+00:00,DION_001,217274,0.4608413739903732,SIMULATED,NORMAL
2026-06-17T16:22:52.062419+00:00,DION_001,217275,0.1705929200212657,SIMULATED,NORMAL
2026-06-17T16:22:52.072990+00:00,DION_001,217276,6.603020889410505e-05,SIMULATED,NORMAL
2026-06-17T16:22:52.083698+00:00,DION_001,217277,-0.02329254856076314,SIMULATED,NORMAL
2026-06-17T16:22:52.094411+00:00,DION_001,217278,-0.0888472038758573,SIMULATED,NORMAL
2026-06-17T16:22:52.104926+00:00,DION_001,217279,0.06429049150635346,SIMULATED,NORMAL
2026-06-17T16:22:52.115643+00:00,DION_001,217280,0.1142830985955394,SIMULATED,NORMAL
2026-06-17T16:22:52.126164+00:00,DION_001,217281,-0.17328851320281236,SIMULATED,NORMAL
2026-06-17T16:22:52.136742+00:00,DION_001,217282,0.05933361082436768,SIMULATED,NORMAL
2026-06-17T16:22:52.147329+00:00,DION_001,217283,-0.11546455863680696,SIMULATED,NORMAL
2026-06-17T16:22:52.157937+00:00,DION_001,217284,-0.021945236259912466,SIMULATED,NORMAL
2026-06-17T16:22:52.168908+00:00,DION_001,217285,0.10678080020729216,SIMULATED,NORMAL
2026-06-17T16:22:52.179445+00:00,DION_001,217286,0.018819933059984494,SIMULATED,NORMAL
2026-06-17T16:22:52.192843+00:00,DION_001,217287,-0.17922737478453105,SIMULATED,NORMAL
2026-06-17T16:22:52.203279+00:00,DION_001,217288,-0.02753079971538295,SIMULATED,NORMAL
2026-06-17T16:22:52.213835+00:00,DION_001,217289,-0.3459280804520708,SIMULATED,NORMAL
2026-06-17T16:22:52.224338+00:00,DION_001,217290,0.022345852463347554,SIMULATED,NORMAL
2026-06-17T16:22:52.234672+00:00,DION_001,217291,0.11044400346288882,SIMULATED,NORMAL
2026-06-17T16:22:52.244991+00:00,DION_001,217292,-0.008178336816348816,SIMULATED,NORMAL
2026-06-17T16:22:52.255272+00:00,DION_001,217293,-0.3244562148630434,SIMULATED,NORMAL
2026-06-17T16:22:52.265542+00:00,DION_001,217294,-0.0852288041824805,SIMULATED,NORMAL
2026-06-17T16:22:52.275826+00:00,DION_001,217295,-0.06597363059081854,SIMULATED,NORMAL
2026-06-17T16:22:52.286223+00:00,DION_001,217296,-0.08290660323579455,SIMULATED,NORMAL
2026-06-17T16:22:52.296663+00:00,DION_001,217297,-0.36813914280384247,SIMULATED,NORMAL
2026-06-17T16:22:52.307103+00:00,DION_001,217298,0.08645513197232366,SIMULATED,NORMAL
2026-06-17T16:22:52.317526+00:00,DION_001,217299,-0.05311975949022909,SIMULATED,NORMAL
2026-06-17T16:22:52.328267+00:00,DION_001,217300,0.0425656274961987,SIMULATED,NORMAL
2026-06-17T16:22:52.338896+00:00,DION_001,217301,0.008820547282363589,SIMULATED,NORMAL
2026-06-17T16:22:52.349445+00:00,DION_001,217302,0.1727203610014179,SIMULATED,NORMAL
2026-06-17T16:22:52.360032+00:00,DION_001,217303,0.022616993769956836,SIMULATED,NORMAL
2026-06-17T16:22:52.370588+00:00,DION_001,217304,-0.10414843692389633,SIMULATED,NORMAL
2026-06-17T16:22:52.381113+00:00,DION_001,217305,0.24637658102137103,SIMULATED,NORMAL
2026-06-17T16:22:52.391684+00:00,DION_001,217306,0.2790622584417607,SIMULATED,NORMAL
2026-06-17T16:22:52.402266+00:00,DION_001,217307,0.22065702607789345,SIMULATED,NORMAL
2026-06-17T16:22:52.412833+00:00,DION_001,217308,0.2158286515993683,SIMULATED,NORMAL
2026-06-17T16:22:52.423391+00:00,DION_001,217309,0.15286181516580738,SIMULATED,NORMAL
2026-06-17T16:22:52.433945+00:00,DION_001,217310,0.29032763445131166,SIMULATED,NORMAL
2026-06-17T16:22:52.444384+00:00,DION_001,217311,0.15879917292777035,SIMULATED,NORMAL
2026-06-17T16:22:52.454626+00:00,DION_001,217312,0.2870712776094725,SIMULATED,NORMAL
2026-06-17T16:22:52.464878+00:00,DION_001,217313,0.40658789371607024,SIMULATED,NORMAL
2026-06-17T16:22:52.475236+00:00,DION_001,217314,0.515385319736766,SIMULATED,NORMAL
2026-06-17T16:22:52.485520+00:00,DION_001,217315,2.030613913069847,SIMULATED,EVENT_DETECTED
2026-06-17T16:22:52.496005+00:00,DION_001,217316,0.49446410698485616,SIMULATED,NORMAL
2026-06-17T16:22:52.506207+00:00,DION_001,217317,0.6563497501886986,SIMULATED,NORMAL
2026-06-17T16:22:52.516501+00:00,DION_001,217318,0.644256239512044,SIMULATED,NORMAL
2026-06-17T16:22:52.526911+00:00,DION_001,217319,0.8889184954071946,SIMULATED,NORMAL
2026-06-17T16:22:52.537332+00:00,DION_001,217320,0.9055583827503964,SIMULATED,NORMAL
2026-06-17T16:22:52.547661+00:00,DION_001,217321,0.8736354389939568,SIMULATED,NORMAL
2026-06-17T16:22:52.557999+00:00,DION_001,217322,0.7043556733996182,SIMULATED,NORMAL
2026-06-17T16:22:52.568671+00:00,DION_001,217323,0.8748184470624872,SIMULATED,NORMAL
2026-06-17T16:22:52.579211+00:00,DION_001,217324,0.9377838053278638,SIMULATED,NORMAL
2026-06-17T16:22:52.589724+00:00,DION_001,217325,-1.2678964717972607,SIMULATED,NORMAL
2026-06-17T16:22:52.600381+00:00,DION_001,217326,0.8454980245616242,SIMULATED,NORMAL
2026-06-17T16:22:52.610892+00:00,DION_001,217327,1.3475807306157908,SIMULATED,NORMAL
2026-06-17T16:22:52.621223+00:00,DION_001,217328,0.7745642949087612,SIMULATED,NORMAL
2026-06-17T16:22:52.631544+00:00,DION_001,217329,-1.4026717463524756,SIMULATED,NORMAL
2026-06-17T16:22:52.641985+00:00,DION_001,217330,0.9362191192147026,SIMULATED,NORMAL
2026-06-17T16:22:52.652308+00:00,DION_001,217331,0.7921876557071585,SIMULATED,NORMAL
2026-06-17T16:22:52.662767+00:00,DION_001,217332,1.148222780793237,SIMULATED,NORMAL
2026-06-17T16:22:52.673070+00:00,DION_001,217333,1.4558345547042464,SIMULATED,NORMAL
2026-06-17T16:22:52.683440+00:00,DION_001,217334,1.2515360516038947,SIMULATED,NORMAL
2026-06-17T16:22:52.693909+00:00,DION_001,217335,1.0484839322509711,SIMULATED,NORMAL
2026-06-17T16:22:52.704230+00:00,DION_001,217336,1.2392568482463377,SIMULATED,NORMAL
2026-06-17T16:22:52.714590+00:00,DION_001,217337,0.9687594992291496,SIMULATED,NORMAL
2026-06-17T16:22:52.724955+00:00,DION_001,217338,1.1985382979558676,SIMULATED,NORMAL
2026-06-17T16:22:52.735267+00:00,DION_001,217339,1.1904840495365825,SIMULATED,NORMAL
2026-06-17T16:22:52.745649+00:00,DION_001,217340,1.582589436819862,SIMULATED,NORMAL
2026-06-17T16:22:52.756085+00:00,DION_001,217341,1.1487659466774118,SIMULATED,NORMAL
2026-06-17T16:22:52.766491+00:00,DION_001,217342,1.214536452900241,SIMULATED,NORMAL
2026-06-17T16:22:52.776939+00:00,DION_001,217343,1.153302539908714,SIMULATED,NORMAL
2026-06-17T16:22:52.787238+00:00,DION_001,217344,1.1087844637748654,SIMULATED,NORMAL
2026-06-17T16:22:52.797560+00:00,DION_001,217345,1.2806119835515655,SIMULATED,NORMAL
2026-06-17T16:22:52.807986+00:00,DION_001,217346,1.1945961683358715,SIMULATED,NORMAL
2026-06-17T16:22:52.818447+00:00,DION_001,217347,1.0984785113766196,SIMULATED,NORMAL
2026-06-17T16:22:52.829104+00:00,DION_001,217348,0.9154110427019516,SIMULATED,NORMAL
2026-06-17T16:22:52.839625+00:00,DION_001,217349,1.168371504053194,SIMULATED,NORMAL
2026-06-17T16:22:52.850135+00:00,DION_001,217350,0.9574658396383618,SIMULATED,NORMAL
2026-06-17T16:22:52.860853+00:00,DION_001,217351,0.734119600691342,SIMULATED,NORMAL
2026-06-17T16:22:52.871423+00:00,DION_001,217352,0.9115889632011075,SIMULATED,NORMAL
2026-06-17T16:22:52.881973+00:00,DION_001,217353,0.9040959153678396,SIMULATED,NORMAL
2026-06-17T16:22:52.892462+00:00,DION_001,217354,1.031101133025615,SIMULATED,NORMAL
2026-06-17T16:22:52.903002+00:00,DION_001,217355,0.8885880961801798,SIMULATED,NORMAL
2026-06-17T16:22:52.913399+00:00,DION_001,217356,0.8592221153983512,SIMULATED,NORMAL
2026-06-17T16:22:52.924976+00:00,DION_001,217357,0.7923425457048985,SIMULATED,NORMAL
2026-06-17T16:22:52.935768+00:00,DION_001,217358,0.8383284231108702,SIMULATED,NORMAL
2026-06-17T16:22:52.946390+00:00,DION_001,217359,0.7171487885105066,SIMULATED,NORMAL
2026-06-17T16:22:52.956768+00:00,DION_001,217360,0.8424969283796662,SIMULATED,NORMAL
2026-06-17T16:22:52.967077+00:00,DION_001,217361,0.9991638783624155,SIMULATED,NORMAL
2026-06-17T16:22:52.977582+00:00,DION_001,217362,0.5206506529864419,SIMULATED,NORMAL
2026-06-17T16:22:52.988238+00:00,DION_001,217363,0.45506977457072395,SIMULATED,NORMAL
2026-06-17T16:22:52.998726+00:00,DION_001,217364,0.6437201467785932,SIMULATED,NORMAL
2026-06-17T16:22:53.009444+00:00,DION_001,217365,0.37169264738997004,SIMULATED,NORMAL
2026-06-17T16:22:53.019906+00:00,DION_001,217366,0.48236286629451314,SIMULATED,NORMAL
2026-06-17T16:22:53.030483+00:00,DION_001,217367,0.4957390531026701,SIMULATED,NORMAL
2026-06-17T16:22:53.040986+00:00,DION_001,217368,0.5930430684120269,SIMULATED,NORMAL
2026-06-17T16:22:53.051536+00:00,DION_001,217369,0.5242035097587097,SIMULATED,NORMAL
2026-06-17T16:22:53.062074+00:00,DION_001,217370,0.5412089307565731,SIMULATED,NORMAL
2026-06-17T16:22:53.072651+00:00,DION_001,217371,0.43484212957932333,SIMULATED,NORMAL
2026-06-17T16:22:53.083179+00:00,DION_001,217372,0.42795785993422164,SIMULATED,NORMAL
2026-06-17T16:22:53.093795+00:00,DION_001,217373,0.37447475605452585,SIMULATED,NORMAL
2026-06-17T16:22:53.104329+00:00,DION_001,217374,0.4271362154555394,SIMULATED,NORMAL
2026-06-17T16:22:53.114954+00:00,DION_001,217375,0.5151208057146159,SIMULATED,NORMAL
2026-06-17T16:22:53.125701+00:00,DION_001,217376,0.5045377884086932,SIMULATED,NORMAL
2026-06-17T16:22:53.136241+00:00,DION_001,217377,0.39202880834247966,SIMULATED,NORMAL
2026-06-17T16:22:53.146926+00:00,DION_001,217378,0.4080726345288814,SIMULATED,NORMAL
2026-06-17T16:22:53.157474+00:00,DION_001,217379,0.28701932930035645,SIMULATED,NORMAL
2026-06-17T16:22:53.168158+00:00,DION_001,217380,0.4142007871500265,SIMULATED,NORMAL
2026-06-17T16:22:53.178642+00:00,DION_001,217381,0.4041679506111802,SIMULATED,NORMAL
2026-06-17T16:22:53.189369+00:00,DION_001,217382,0.2848516865119893,SIMULATED,NORMAL
2026-06-17T16:22:53.200437+00:00,DION_001,217383,0.6530095937507499,SIMULATED,NORMAL
2026-06-17T16:22:53.211517+00:00,DION_001,217384,0.6428719504722042,SIMULATED,NORMAL
2026-06-17T16:22:53.222070+00:00,DION_001,217385,0.3772944558575607,SIMULATED,NORMAL
2026-06-17T16:22:53.232702+00:00,DION_001,217386,0.5054701470132809,SIMULATED,NORMAL
2026-06-17T16:22:53.243443+00:00,DION_001,217387,0.5053645248980243,SIMULATED,NORMAL
2026-06-17T16:22:53.254007+00:00,DION_001,217388,0.4141541434948728,SIMULATED,NORMAL
2026-06-17T16:22:53.264668+00:00,DION_001,217389,0.3790709783784757,SIMULATED,NORMAL
2026-06-17T16:22:53.275177+00:00,DION_001,217390,0.6227351567679003,SIMULATED,NORMAL
2026-06-17T16:22:53.285856+00:00,DION_001,217391,0.7698791513696064,SIMULATED,NORMAL
2026-06-17T16:22:53.296477+00:00,DION_001,217392,0.6221063044994285,SIMULATED,NORMAL
2026-06-17T16:22:53.307653+00:00,DION_001,217393,0.45587870243156514,SIMULATED,NORMAL
2026-06-17T16:22:53.318261+00:00,DION_001,217394,0.485371061159869,SIMULATED,NORMAL
2026-06-17T16:22:53.328781+00:00,DION_001,217395,0.5730350356908377,SIMULATED,NORMAL
2026-06-17T16:22:53.339391+00:00,DION_001,217396,0.7037056153957177,SIMULATED,NORMAL
2026-06-17T16:22:53.349813+00:00,DION_001,217397,0.44032395441121375,SIMULATED,NORMAL
2026-06-17T16:22:53.360244+00:00,DION_001,217398,0.8277168410098447,SIMULATED,NORMAL
2026-06-17T16:22:53.370868+00:00,DION_001,217399,0.7014090322131725,SIMULATED,NORMAL
2026-06-17T16:22:53.381282+00:00,DION_001,217400,0.9517767626420088,SIMULATED,NORMAL
2026-06-17T16:22:53.391784+00:00,DION_001,217401,0.8961085353633268,SIMULATED,NORMAL
2026-06-17T16:22:53.402277+00:00,DION_001,217402,0.561676933544976,SIMULATED,NORMAL
2026-06-17T16:22:53.412945+00:00,DION_001,217403,0.8785211381528433,SIMULATED,NORMAL
2026-06-17T16:22:53.423481+00:00,DION_001,217404,0.7768601771576954,SIMULATED,NORMAL
2026-06-17T16:22:53.433976+00:00,DION_001,217405,1.2334887664918242,SIMULATED,NORMAL
2026-06-17T16:22:53.444542+00:00,DION_001,217406,1.1049153888076193,SIMULATED,NORMAL
2026-06-17T16:22:53.455104+00:00,DION_001,217407,0.9214954164817382,SIMULATED,NORMAL
2026-06-17T16:22:53.465647+00:00,DION_001,217408,0.9613536715829193,SIMULATED,NORMAL
2026-06-17T16:22:53.476176+00:00,DION_001,217409,0.8176433738945161,SIMULATED,NORMAL
2026-06-17T16:22:53.486715+00:00,DION_001,217410,0.9721810155235198,SIMULATED,NORMAL
2026-06-17T16:22:53.497084+00:00,DION_001,217411,0.8154114040319971,SIMULATED,NORMAL
2026-06-17T16:22:53.507701+00:00,DION_001,217412,0.9762229112514731,SIMULATED,NORMAL
2026-06-17T16:22:53.518256+00:00,DION_001,217413,0.8904999526307459,SIMULATED,NORMAL
2026-06-17T16:22:53.528871+00:00,DION_001,217414,0.7834918709477392,SIMULATED,NORMAL
2026-06-17T16:22:53.539461+00:00,DION_001,217415,0.9082724796364428,SIMULATED,NORMAL
2026-06-17T16:22:53.550045+00:00,DION_001,217416,0.8605881459265106,SIMULATED,NORMAL
2026-06-17T16:22:53.560773+00:00,DION_001,217417,0.6564392953198406,SIMULATED,NORMAL
2026-06-17T16:22:53.571339+00:00,DION_001,217418,0.8183392598779429,SIMULATED,NORMAL
2026-06-17T16:22:53.582071+00:00,DION_001,217419,0.7188663336714027,SIMULATED,NORMAL
2026-06-17T16:22:53.592786+00:00,DION_001,217420,1.026083003371843,SIMULATED,NORMAL
2026-06-17T16:22:53.603413+00:00,DION_001,217421,0.7202335812890527,SIMULATED,NORMAL
2026-06-17T16:22:53.614075+00:00,DION_001,217422,0.8638577647948552,SIMULATED,NORMAL
2026-06-17T16:22:53.624669+00:00,DION_001,217423,0.4674632658324467,SIMULATED,NORMAL
2026-06-17T16:22:53.635214+00:00,DION_001,217424,0.7361276732217511,SIMULATED,NORMAL
2026-06-17T16:22:53.645780+00:00,DION_001,217425,0.845523592696609,SIMULATED,NORMAL
2026-06-17T16:22:53.656362+00:00,DION_001,217426,0.6841956431507616,SIMULATED,NORMAL
2026-06-17T16:22:53.667094+00:00,DION_001,217427,0.6467489020687125,SIMULATED,NORMAL
2026-06-17T16:22:53.677674+00:00,DION_001,217428,0.5322496707580977,SIMULATED,NORMAL
2026-06-17T16:22:53.688270+00:00,DION_001,217429,0.5466622154122476,SIMULATED,NORMAL
2026-06-17T16:22:53.698809+00:00,DION_001,217430,0.4624525495314021,SIMULATED,NORMAL
2026-06-17T16:22:53.709283+00:00,DION_001,217431,0.4843404936301929,SIMULATED,NORMAL
2026-06-17T16:22:53.719892+00:00,DION_001,217432,0.5003614001838751,SIMULATED,NORMAL
2026-06-17T16:22:53.730535+00:00,DION_001,217433,0.7258728434398756,SIMULATED,NORMAL
2026-06-17T16:22:53.740983+00:00,DION_001,217434,0.5030297495118004,SIMULATED,NORMAL
2026-06-17T16:22:53.751995+00:00,DION_001,217435,0.6288946587940308,SIMULATED,NORMAL
2026-06-17T16:22:53.762995+00:00,DION_001,217436,0.13540819957851197,SIMULATED,NORMAL
2026-06-17T16:22:53.773444+00:00,DION_001,217437,0.31807528174232047,SIMULATED,NORMAL
2026-06-17T16:22:53.784007+00:00,DION_001,217438,-0.027410800780810263,SIMULATED,NORMAL
2026-06-17T16:22:53.794708+00:00,DION_001,217439,0.12320633905862349,SIMULATED,NORMAL
2026-06-17T16:22:53.805284+00:00,DION_001,217440,0.2718114782606508,SIMULATED,NORMAL
2026-06-17T16:22:53.815824+00:00,DION_001,217441,-0.037868695978448344,SIMULATED,NORMAL
2026-06-17T16:22:53.826548+00:00,DION_001,217442,0.17063645213086007,SIMULATED,NORMAL
2026-06-17T16:22:53.837232+00:00,DION_001,217443,-0.1464628079223243,SIMULATED,NORMAL
2026-06-17T16:22:53.847807+00:00,DION_001,217444,-0.12765204177425674,SIMULATED,NORMAL
2026-06-17T16:22:53.858402+00:00,DION_001,217445,-0.2004583208256911,SIMULATED,NORMAL
2026-06-17T16:22:53.868998+00:00,DION_001,217446,-0.24205341132333114,SIMULATED,NORMAL
2026-06-17T16:22:53.879555+00:00,DION_001,217447,-0.10544579033879713,SIMULATED,NORMAL
2026-06-17T16:22:53.890085+00:00,DION_001,217448,-0.35760296904527916,SIMULATED,NORMAL
2026-06-17T16:22:53.900633+00:00,DION_001,217449,-0.2802531643849454,SIMULATED,NORMAL
2026-06-17T16:22:53.911276+00:00,DION_001,217450,-0.10840472275466065,SIMULATED,NORMAL
2026-06-17T16:22:53.921764+00:00,DION_001,217451,-0.5547791270922517,SIMULATED,NORMAL
2026-06-17T16:22:53.932294+00:00,DION_001,217452,-0.20451503010622277,SIMULATED,NORMAL
2026-06-17T16:22:53.942826+00:00,DION_001,217453,-0.1969236132820448,SIMULATED,NORMAL
2026-06-17T16:22:53.953426+00:00,DION_001,217454,-0.2054755067412897,SIMULATED,NORMAL
2026-06-17T16:22:53.963992+00:00,DION_001,217455,-0.2287854831062132,SIMULATED,NORMAL
2026-06-17T16:22:53.974530+00:00,DION_001,217456,-0.4980569428438135,SIMULATED,NORMAL
2026-06-17T16:22:53.985016+00:00,DION_001,217457,-0.2931838792867205,SIMULATED,NORMAL
2026-06-17T16:22:53.995420+00:00,DION_001,217458,-0.4057307869267254,SIMULATED,NORMAL
2026-06-17T16:22:54.005853+00:00,DION_001,217459,-0.2982243171778257,SIMULATED,NORMAL
2026-06-17T16:22:54.016267+00:00,DION_001,217460,-0.49464182193826894,SIMULATED,NORMAL
2026-06-17T16:22:54.026680+00:00,DION_001,217461,-0.3396906467692835,SIMULATED,NORMAL
2026-06-17T16:22:54.036985+00:00,DION_001,217462,-0.355836551336236,SIMULATED,NORMAL
2026-06-17T16:22:54.047492+00:00,DION_001,217463,-0.05314502984497421,SIMULATED,NORMAL
2026-06-17T16:22:54.058108+00:00,DION_001,217464,-0.4630698037056846,SIMULATED,NORMAL
2026-06-17T16:22:54.068531+00:00,DION_001,217465,-0.26849220365757526,SIMULATED,NORMAL
2026-06-17T16:22:54.079004+00:00,DION_001,217466,-0.4963295381548767,SIMULATED,NORMAL
2026-06-17T16:22:54.089386+00:00,DION_001,217467,-0.29601052288664365,SIMULATED,NORMAL
2026-06-17T16:22:54.099940+00:00,DION_001,217468,-0.2657540100854012,SIMULATED,NORMAL
2026-06-17T16:22:54.110512+00:00,DION_001,217469,-0.2909216312521917,SIMULATED,NORMAL
2026-06-17T16:22:54.121112+00:00,DION_001,217470,-0.62282744252816,SIMULATED,NORMAL
2026-06-17T16:22:54.131913+00:00,DION_001,217471,-1.6659014645100312,SIMULATED,NORMAL
2026-06-17T16:22:54.142623+00:00,DION_001,217472,-0.258720671618843,SIMULATED,NORMAL
2026-06-17T16:22:54.153131+00:00,DION_001,217473,-0.6856015785702609,SIMULATED,NORMAL
2026-06-17T16:22:54.163671+00:00,DION_001,217474,-0.2692688606996813,SIMULATED,NORMAL
2026-06-17T16:22:54.174260+00:00,DION_001,217475,-0.04933583480048098,SIMULATED,NORMAL
2026-06-17T16:22:54.184871+00:00,DION_001,217476,-0.13035370446138853,SIMULATED,NORMAL
2026-06-17T16:22:54.195487+00:00,DION_001,217477,-0.2258803618576289,SIMULATED,NORMAL
2026-06-17T16:22:54.206011+00:00,DION_001,217478,-0.2904663110954461,SIMULATED,NORMAL
2026-06-17T16:22:54.216530+00:00,DION_001,217479,-0.2650962945345097,SIMULATED,NORMAL
2026-06-17T16:22:54.227088+00:00,DION_001,217480,-0.3834518426133895,SIMULATED,NORMAL
2026-06-17T16:22:54.237582+00:00,DION_001,217481,-0.3999671922354779,SIMULATED,NORMAL
2026-06-17T16:22:54.247979+00:00,DION_001,217482,0.29450466984793455,SIMULATED,NORMAL
2026-06-17T16:22:54.258307+00:00,DION_001,217483,-0.021771683383742337,SIMULATED,NORMAL
2026-06-17T16:22:54.268740+00:00,DION_001,217484,-0.21076669343164825,SIMULATED,NORMAL
2026-06-17T16:22:54.279297+00:00,DION_001,217485,0.056536892223935487,SIMULATED,NORMAL
2026-06-17T16:22:54.289852+00:00,DION_001,217486,0.003291348786632786,SIMULATED,NORMAL
2026-06-17T16:22:54.300359+00:00,DION_001,217487,0.15602099132564543,SIMULATED,NORMAL
2026-06-17T16:22:54.311186+00:00,DION_001,217488,-0.08144554207114568,SIMULATED,NORMAL
2026-06-17T16:22:54.321857+00:00,DION_001,217489,-0.10994105556994475,SIMULATED,NORMAL
2026-06-17T16:22:54.332708+00:00,DION_001,217490,0.05561407711331387,SIMULATED,NORMAL
2026-06-17T16:22:54.343341+00:00,DION_001,217491,0.1410273444349605,SIMULATED,NORMAL
2026-06-17T16:22:54.353795+00:00,DION_001,217492,2.1053379073017138,SIMULATED,EVENT_DETECTED
2026-06-17T16:22:54.364672+00:00,DION_001,217493,0.14542399104189982,SIMULATED,NORMAL
2026-06-17T16:22:54.375347+00:00,DION_001,217494,-0.029582933264121695,SIMULATED,NORMAL
2026-06-17T16:22:54.385797+00:00,DION_001,217495,-0.05902334341522224,SIMULATED,NORMAL
2026-06-17T16:22:54.396318+00:00,DION_001,217496,-0.11730766069772275,SIMULATED,NORMAL
2026-06-17T16:22:54.407007+00:00,DION_001,217497,-0.09371083294905126,SIMULATED,NORMAL
2026-06-17T16:22:54.417458+00:00,DION_001,217498,-0.10794695111107479,SIMULATED,NORMAL
2026-06-17T16:22:54.427863+00:00,DION_001,217499,-0.16684861385644073,SIMULATED,NORMAL
2026-06-17T16:22:54.438280+00:00,DION_001,217500,-0.23128908840052514,SIMULATED,NORMAL
2026-06-17T16:22:54.448595+00:00,DION_001,217501,-0.07158693696256688,SIMULATED,NORMAL
2026-06-17T16:22:54.458989+00:00,DION_001,217502,-0.41995251471349715,SIMULATED,NORMAL
2026-06-17T16:22:54.469586+00:00,DION_001,217503,-0.23243390320613636,SIMULATED,NORMAL
2026-06-17T16:22:54.479998+00:00,DION_001,217504,-0.25094095215265505,SIMULATED,NORMAL
2026-06-17T16:22:54.490438+00:00,DION_001,217505,-0.22584203472697925,SIMULATED,NORMAL
2026-06-17T16:22:54.500797+00:00,DION_001,217506,-0.1515627583244478,SIMULATED,NORMAL
2026-06-17T16:22:54.511482+00:00,DION_001,217507,-0.26428607150554917,SIMULATED,NORMAL
2026-06-17T16:22:54.521820+00:00,DION_001,217508,-0.6124292734327819,SIMULATED,NORMAL
2026-06-17T16:22:54.532225+00:00,DION_001,217509,-0.5536129453198095,SIMULATED,NORMAL
2026-06-17T16:22:54.542737+00:00,DION_001,217510,-0.6747777954216572,SIMULATED,NORMAL
2026-06-17T16:22:54.553220+00:00,DION_001,217511,-0.5473646876766861,SIMULATED,NORMAL
2026-06-17T16:22:54.563793+00:00,DION_001,217512,-0.5183887600058597,SIMULATED,NORMAL
2026-06-17T16:22:54.574358+00:00,DION_001,217513,-0.6402168682943999,SIMULATED,NORMAL
2026-06-17T16:22:54.584854+00:00,DION_001,217514,-0.8183290380340296,SIMULATED,NORMAL
2026-06-17T16:22:54.595466+00:00,DION_001,217515,-0.6079784350841163,SIMULATED,NORMAL
2026-06-17T16:22:54.605936+00:00,DION_001,217516,-0.7835613439107387,SIMULATED,NORMAL
2026-06-17T16:22:54.616474+00:00,DION_001,217517,-1.0402555902465156,SIMULATED,NORMAL
2026-06-17T16:22:54.627212+00:00,DION_001,217518,-0.7139956206377676,SIMULATED,NORMAL
2026-06-17T16:22:54.637768+00:00,DION_001,217519,-0.8956859626841,SIMULATED,NORMAL
2026-06-17T16:22:54.648307+00:00,DION_001,217520,-0.8562432307846405,SIMULATED,NORMAL
2026-06-17T16:22:54.659025+00:00,DION_001,217521,-1.11517051975876,SIMULATED,NORMAL
2026-06-17T16:22:54.669583+00:00,DION_001,217522,-0.9694234126516399,SIMULATED,NORMAL
2026-06-17T16:22:54.680128+00:00,DION_001,217523,-1.2542719429878906,SIMULATED,NORMAL
2026-06-17T16:22:54.690745+00:00,DION_001,217524,-0.6251398495620464,SIMULATED,NORMAL
2026-06-17T16:22:54.701307+00:00,DION_001,217525,-0.8501057801421184,SIMULATED,NORMAL
2026-06-17T16:22:54.712100+00:00,DION_001,217526,-1.0617510578822151,SIMULATED,NORMAL
2026-06-17T16:22:54.722716+00:00,DION_001,217527,-1.256559056594325,SIMULATED,NORMAL
2026-06-17T16:22:54.733324+00:00,DION_001,217528,-1.1480715753004158,SIMULATED,NORMAL
2026-06-17T16:22:54.743784+00:00,DION_001,217529,-0.9419561602927742,SIMULATED,NORMAL
2026-06-17T16:22:54.754355+00:00,DION_001,217530,-1.187499427320627,SIMULATED,NORMAL
2026-06-17T16:22:54.764879+00:00,DION_001,217531,-1.0050460023723407,SIMULATED,NORMAL
2026-06-17T16:22:54.775603+00:00,DION_001,217532,-1.1752584069600316,SIMULATED,NORMAL
2026-06-17T16:22:54.786195+00:00,DION_001,217533,-1.1358758095987416,SIMULATED,NORMAL
2026-06-17T16:22:54.796747+00:00,DION_001,217534,-1.432869682643143,SIMULATED,NORMAL
2026-06-17T16:22:54.807276+00:00,DION_001,217535,0.4057868949454022,SIMULATED,NORMAL
2026-06-17T16:22:54.818141+00:00,DION_001,217536,-1.1785134022885215,SIMULATED,NORMAL
2026-06-17T16:22:54.828796+00:00,DION_001,217537,-1.163810539247725,SIMULATED,NORMAL
2026-06-17T16:22:54.839373+00:00,DION_001,217538,-0.9349932546167551,SIMULATED,NORMAL
2026-06-17T16:22:54.849983+00:00,DION_001,217539,1.4499999016885259,SIMULATED,NORMAL
2026-06-17T16:22:54.860857+00:00,DION_001,217540,-0.9874940260634957,SIMULATED,NORMAL
2026-06-17T16:22:54.871520+00:00,DION_001,217541,-0.7638320379914476,SIMULATED,NORMAL
2026-06-17T16:22:54.882241+00:00,DION_001,217542,-1.202941159917961,SIMULATED,NORMAL
2026-06-17T16:22:54.892891+00:00,DION_001,217543,-1.2341073176143935,SIMULATED,NORMAL
2026-06-17T16:22:54.903470+00:00,DION_001,217544,-1.128329966202983,SIMULATED,NORMAL
2026-06-17T16:22:54.914105+00:00,DION_001,217545,-0.8720922342546475,SIMULATED,NORMAL
2026-06-17T16:22:54.924772+00:00,DION_001,217546,1.8191820495511342,SIMULATED,NORMAL
2026-06-17T16:22:54.935614+00:00,DION_001,217547,-1.058413203752795,SIMULATED,NORMAL
2026-06-17T16:22:54.946415+00:00,DION_001,217548,-0.9624595117989498,SIMULATED,NORMAL
2026-06-17T16:22:54.957120+00:00,DION_001,217549,-1.2330718416290518,SIMULATED,NORMAL
2026-06-17T16:22:54.967747+00:00,DION_001,217550,-1.2183618776302902,SIMULATED,NORMAL
2026-06-17T16:22:54.978393+00:00,DION_001,217551,-0.6203971347212445,SIMULATED,NORMAL
2026-06-17T16:22:54.988982+00:00,DION_001,217552,-0.6094135844700017,SIMULATED,NORMAL
2026-06-17T16:22:54.999663+00:00,DION_001,217553,-0.8922414090597459,SIMULATED,NORMAL
2026-06-17T16:22:55.010383+00:00,DION_001,217554,-0.831611124779638,SIMULATED,NORMAL
2026-06-17T16:22:55.021069+00:00,DION_001,217555,-0.80023191930827,SIMULATED,NORMAL
2026-06-17T16:22:55.031775+00:00,DION_001,217556,-0.7740153950242217,SIMULATED,NORMAL
2026-06-17T16:22:55.042227+00:00,DION_001,217557,-0.7685639504655036,SIMULATED,NORMAL
2026-06-17T16:22:55.052812+00:00,DION_001,217558,-0.7322795753568643,SIMULATED,NORMAL
2026-06-17T16:22:55.063495+00:00,DION_001,217559,-0.5414232763051788,SIMULATED,NORMAL
2026-06-17T16:22:55.074108+00:00,DION_001,217560,-0.46000268106859016,SIMULATED,NORMAL
2026-06-17T16:22:55.084682+00:00,DION_001,217561,-0.477142220852385,SIMULATED,NORMAL
2026-06-17T16:22:55.095243+00:00,DION_001,217562,-0.43740860931752024,SIMULATED,NORMAL
2026-06-17T16:22:55.105804+00:00,DION_001,217563,-0.5860173367560136,SIMULATED,NORMAL
2026-06-17T16:22:55.116413+00:00,DION_001,217564,-0.4581781497153905,SIMULATED,NORMAL
2026-06-17T16:22:55.127107+00:00,DION_001,217565,-0.3974589475461491,SIMULATED,NORMAL
2026-06-17T16:22:55.137629+00:00,DION_001,217566,-0.23363428440571676,SIMULATED,NORMAL
2026-06-17T16:22:55.148314+00:00,DION_001,217567,-0.7008342450750376,SIMULATED,NORMAL
2026-06-17T16:22:55.158925+00:00,DION_001,217568,-0.5591923928252767,SIMULATED,NORMAL
2026-06-17T16:22:55.169249+00:00,DION_001,217569,-0.18595887897485258,SIMULATED,NORMAL
2026-06-17T16:22:55.179532+00:00,DION_001,217570,-0.5058673357802508,SIMULATED,NORMAL
2026-06-17T16:22:55.189759+00:00,DION_001,217571,-0.5319676127547208,SIMULATED,NORMAL
2026-06-17T16:22:55.199980+00:00,DION_001,217572,-0.28577149379082517,SIMULATED,NORMAL
2026-06-17T16:22:55.210316+00:00,DION_001,217573,-0.36230162137883565,SIMULATED,NORMAL
2026-06-17T16:22:55.220730+00:00,DION_001,217574,-0.37660894849967885,SIMULATED,NORMAL
2026-06-17T16:22:55.231234+00:00,DION_001,217575,-0.353897133840316,SIMULATED,NORMAL
2026-06-17T16:22:55.241769+00:00,DION_001,217576,-0.2691019420650286,SIMULATED,NORMAL
2026-06-17T16:22:55.252331+00:00,DION_001,217577,-0.5074048712791045,SIMULATED,NORMAL
2026-06-17T16:22:55.262657+00:00,DION_001,217578,-0.1853865051192398,SIMULATED,NORMAL
2026-06-17T16:22:55.272933+00:00,DION_001,217579,-0.5192010902175797,SIMULATED,NORMAL
2026-06-17T16:22:55.283230+00:00,DION_001,217580,-0.29573731304723117,SIMULATED,NORMAL
2026-06-17T16:22:55.293663+00:00,DION_001,217581,-0.3588635473315207,SIMULATED,NORMAL
2026-06-17T16:22:55.304169+00:00,DION_001,217582,-0.43878151922479125,SIMULATED,NORMAL
2026-06-17T16:22:55.314701+00:00,DION_001,217583,-0.39458029759145574,SIMULATED,NORMAL
2026-06-17T16:22:55.325152+00:00,DION_001,217584,-0.40701874282945866,SIMULATED,NORMAL
2026-06-17T16:22:55.335792+00:00,DION_001,217585,-0.2229039724468488,SIMULATED,NORMAL
2026-06-17T16:22:55.346295+00:00,DION_001,217586,-0.5744745616686064,SIMULATED,NORMAL
2026-06-17T16:22:55.356640+00:00,DION_001,217587,-0.6095487746899894,SIMULATED,NORMAL
2026-06-17T16:22:55.367008+00:00,DION_001,217588,-0.36048796993449095,SIMULATED,NORMAL
2026-06-17T16:22:55.377538+00:00,DION_001,217589,-0.5279518839575545,SIMULATED,NORMAL
2026-06-17T16:22:55.388154+00:00,DION_001,217590,-0.44929889932460276,SIMULATED,NORMAL
2026-06-17T16:22:55.398664+00:00,DION_001,217591,-0.3814530901049108,SIMULATED,NORMAL
2026-06-17T16:22:55.409159+00:00,DION_001,217592,-0.7611442199063837,SIMULATED,NORMAL
2026-06-17T16:22:55.419911+00:00,DION_001,217593,-0.7225853345388624,SIMULATED,NORMAL
2026-06-17T16:22:55.430395+00:00,DION_001,217594,-0.39934223983416234,SIMULATED,NORMAL
2026-06-17T16:22:55.440743+00:00,DION_001,217595,-0.2937686261624697,SIMULATED,NORMAL
2026-06-17T16:22:55.451204+00:00,DION_001,217596,-0.6113666526955215,SIMULATED,NORMAL
2026-06-17T16:22:55.461608+00:00,DION_001,217597,-0.9216533302085954,SIMULATED,NORMAL
2026-06-17T16:22:55.471903+00:00,DION_001,217598,-1.0031673016464098,SIMULATED,NORMAL
2026-06-17T16:22:55.482332+00:00,DION_001,217599,-0.692776803625191,SIMULATED,NORMAL
2026-06-17T16:22:55.492691+00:00,DION_001,217600,-0.7032847821583055,SIMULATED,NORMAL
2026-06-17T16:22:55.503110+00:00,DION_001,217601,1.4445544631643572,SIMULATED,NORMAL
2026-06-17T16:22:55.513713+00:00,DION_001,217602,-0.658947446663027,SIMULATED,NORMAL
2026-06-17T16:22:55.524077+00:00,DION_001,217603,-0.883812615531823,SIMULATED,NORMAL
2026-06-17T16:22:55.534442+00:00,DION_001,217604,-0.927508101660903,SIMULATED,NORMAL
2026-06-17T16:22:55.544848+00:00,DION_001,217605,-0.6226720925196751,SIMULATED,NORMAL
2026-06-17T16:22:55.555198+00:00,DION_001,217606,-0.8474725832115725,SIMULATED,NORMAL
2026-06-17T16:22:55.565531+00:00,DION_001,217607,-0.8561061143187744,SIMULATED,NORMAL
2026-06-17T16:22:55.575794+00:00,DION_001,217608,-0.7363421280427114,SIMULATED,NORMAL
2026-06-17T16:22:55.586063+00:00,DION_001,217609,-0.5230671343089676,SIMULATED,NORMAL
2026-06-17T16:22:55.596329+00:00,DION_001,217610,-0.8108289631199371,SIMULATED,NORMAL
2026-06-17T16:22:55.606645+00:00,DION_001,217611,-0.9404450100272914,SIMULATED,NORMAL
2026-06-17T16:22:55.617092+00:00,DION_001,217612,-0.9363465183617904,SIMULATED,NORMAL
2026-06-17T16:22:55.627613+00:00,DION_001,217613,-0.8672108903574505,SIMULATED,NORMAL
2026-06-17T16:22:55.638183+00:00,DION_001,217614,-1.172158571760217,SIMULATED,NORMAL
2026-06-17T16:22:55.648677+00:00,DION_001,217615,-0.6986308343148118,SIMULATED,NORMAL
2026-06-17T16:22:55.659256+00:00,DION_001,217616,-0.7042024045926651,SIMULATED,NORMAL
2026-06-17T16:22:55.669884+00:00,DION_001,217617,-1.2299701791063344,SIMULATED,NORMAL
2026-06-17T16:22:55.680425+00:00,DION_001,217618,-1.023330669632143,SIMULATED,NORMAL
2026-06-17T16:22:55.691261+00:00,DION_001,217619,-0.702670093243184,SIMULATED,NORMAL
2026-06-17T16:22:55.701781+00:00,DION_001,217620,-0.7569220509596397,SIMULATED,NORMAL
2026-06-17T16:22:55.712323+00:00,DION_001,217621,-0.5265682562125871,SIMULATED,NORMAL
2026-06-17T16:22:55.722986+00:00,DION_001,217622,-0.8633404864989601,SIMULATED,NORMAL
2026-06-17T16:22:55.733491+00:00,DION_001,217623,-0.5160919018332666,SIMULATED,NORMAL
2026-06-17T16:22:55.744025+00:00,DION_001,217624,-0.651543824135566,SIMULATED,NORMAL
2026-06-17T16:22:55.754398+00:00,DION_001,217625,-0.4370475948393602,SIMULATED,NORMAL
2026-06-17T16:22:55.764843+00:00,DION_001,217626,-0.5419614810313618,SIMULATED,NORMAL
2026-06-17T16:22:55.775369+00:00,DION_001,217627,-0.5028910489192345,SIMULATED,NORMAL
2026-06-17T16:22:55.785865+00:00,DION_001,217628,-0.42124717004628576,SIMULATED,NORMAL
2026-06-17T16:22:55.796378+00:00,DION_001,217629,-0.26065015816185294,SIMULATED,NORMAL
2026-06-17T16:22:55.807121+00:00,DION_001,217630,-0.3886760270023075,SIMULATED,NORMAL
2026-06-17T16:22:55.817598+00:00,DION_001,217631,-0.24730389114092446,SIMULATED,NORMAL
2026-06-17T16:22:55.828099+00:00,DION_001,217632,-0.06043601525294537,SIMULATED,NORMAL
2026-06-17T16:22:55.838579+00:00,DION_001,217633,-0.12611936118870976,SIMULATED,NORMAL
2026-06-17T16:22:55.848974+00:00,DION_001,217634,-0.02318622442062003,SIMULATED,NORMAL
2026-06-17T16:22:55.859335+00:00,DION_001,217635,0.16858530412304773,SIMULATED,NORMAL
2026-06-17T16:22:55.869852+00:00,DION_001,217636,-0.5994740317886704,SIMULATED,NORMAL
2026-06-17T16:22:55.880308+00:00,DION_001,217637,0.13017297580913487,SIMULATED,NORMAL
2026-06-17T16:22:55.890825+00:00,DION_001,217638,0.1153091698266283,SIMULATED,NORMAL
2026-06-17T16:22:55.901377+00:00,DION_001,217639,-0.1607456881549579,SIMULATED,NORMAL
2026-06-17T16:22:55.911950+00:00,DION_001,217640,0.16503379971655507,SIMULATED,NORMAL
2026-06-17T16:22:55.922541+00:00,DION_001,217641,-0.035674262577143234,SIMULATED,NORMAL
2026-06-17T16:22:55.933044+00:00,DION_001,217642,0.22124637719516893,SIMULATED,NORMAL
2026-06-17T16:22:55.943745+00:00,DION_001,217643,0.3752124603717633,SIMULATED,NORMAL
2026-06-17T16:22:55.954236+00:00,DION_001,217644,0.10615918210262187,SIMULATED,NORMAL
2026-06-17T16:22:55.964736+00:00,DION_001,217645,0.4086070293189727,SIMULATED,NORMAL
2026-06-17T16:22:55.975407+00:00,DION_001,217646,0.4175540317519516,SIMULATED,NORMAL
2026-06-17T16:22:55.985888+00:00,DION_001,217647,0.2547999081459372,SIMULATED,NORMAL
2026-06-17T16:22:55.996473+00:00,DION_001,217648,0.30714530550693897,SIMULATED,NORMAL
2026-06-17T16:22:56.007116+00:00,DION_001,217649,0.19202152405978828,SIMULATED,NORMAL
2026-06-17T16:22:56.017603+00:00,DION_001,217650,0.4941873563157915,SIMULATED,NORMAL
2026-06-17T16:22:56.028140+00:00,DION_001,217651,0.5010390908904349,SIMULATED,NORMAL
2026-06-17T16:22:56.038697+00:00,DION_001,217652,0.4983485457377741,SIMULATED,NORMAL
2026-06-17T16:22:56.049294+00:00,DION_001,217653,0.23379020404147924,SIMULATED,NORMAL
2026-06-17T16:22:56.060067+00:00,DION_001,217654,0.6282876684401492,SIMULATED,NORMAL
2026-06-17T16:22:56.070701+00:00,DION_001,217655,0.5677965520678268,SIMULATED,NORMAL
2026-06-17T16:22:56.081374+00:00,DION_001,217656,0.5407030097251407,SIMULATED,NORMAL
2026-06-17T16:22:56.091875+00:00,DION_001,217657,0.5373807397216872,SIMULATED,NORMAL
2026-06-17T16:22:56.102443+00:00,DION_001,217658,0.5814871992402727,SIMULATED,NORMAL
2026-06-17T16:22:56.112972+00:00,DION_001,217659,0.2862035198503561,SIMULATED,NORMAL
2026-06-17T16:22:56.123490+00:00,DION_001,217660,0.6990269739055561,SIMULATED,NORMAL
2026-06-17T16:22:56.133985+00:00,DION_001,217661,0.3328199113581761,SIMULATED,NORMAL
2026-06-17T16:22:56.144527+00:00,DION_001,217662,0.5110445759391959,SIMULATED,NORMAL
2026-06-17T16:22:56.154986+00:00,DION_001,217663,0.3473194942281177,SIMULATED,NORMAL
2026-06-17T16:22:56.165336+00:00,DION_001,217664,0.46607697890387156,SIMULATED,NORMAL
2026-06-17T16:22:56.175789+00:00,DION_001,217665,0.3458944629222114,SIMULATED,NORMAL
2026-06-17T16:22:56.186322+00:00,DION_001,217666,0.5311470080560918,SIMULATED,NORMAL
2026-06-17T16:22:56.196747+00:00,DION_001,217667,0.33402438877835167,SIMULATED,NORMAL
2026-06-17T16:22:56.207084+00:00,DION_001,217668,0.3689320760698548,SIMULATED,NORMAL
2026-06-17T16:22:56.217610+00:00,DION_001,217669,0.04122733860985117,SIMULATED,NORMAL
2026-06-17T16:22:56.228049+00:00,DION_001,217670,0.28340547993172854,SIMULATED,NORMAL
2026-06-17T16:22:56.238430+00:00,DION_001,217671,0.2848227609140673,SIMULATED,NORMAL
2026-06-17T16:22:56.248665+00:00,DION_001,217672,0.28367038341562695,SIMULATED,NORMAL
2026-06-17T16:22:56.258953+00:00,DION_001,217673,0.22735550429196455,SIMULATED,NORMAL
2026-06-17T16:22:56.269249+00:00,DION_001,217674,0.2666354713605277,SIMULATED,NORMAL
2026-06-17T16:22:56.279665+00:00,DION_001,217675,0.28619386830929383,SIMULATED,NORMAL
2026-06-17T16:22:56.290040+00:00,DION_001,217676,0.24817999652070147,SIMULATED,NORMAL
2026-06-17T16:22:56.300397+00:00,DION_001,217677,0.07411172429314047,SIMULATED,NORMAL
2026-06-17T16:22:56.311032+00:00,DION_001,217678,0.06729871533554085,SIMULATED,NORMAL
2026-06-17T16:22:56.321481+00:00,DION_001,217679,-0.017379620921533834,SIMULATED,NORMAL
2026-06-17T16:22:56.332079+00:00,DION_001,217680,0.01185067417463892,SIMULATED,NORMAL
2026-06-17T16:22:56.342648+00:00,DION_001,217681,2.787870888532105,SIMULATED,EVENT_DETECTED
2026-06-17T16:22:56.353382+00:00,DION_001,217682,-0.08891386678787944,SIMULATED,NORMAL
2026-06-17T16:22:56.363818+00:00,DION_001,217683,0.22972367628092916,SIMULATED,NORMAL
2026-06-17T16:22:56.374244+00:00,DION_001,217684,-2.535481448841805,SIMULATED,EVENT_DETECTED
2026-06-17T16:22:56.384759+00:00,DION_001,217685,0.2282103847628817,SIMULATED,NORMAL
2026-06-17T16:22:56.395206+00:00,DION_001,217686,-0.00589080612172764,SIMULATED,NORMAL
2026-06-17T16:22:56.405660+00:00,DION_001,217687,0.39121227048332563,SIMULATED,NORMAL
2026-06-17T16:22:56.416070+00:00,DION_001,217688,0.2576401401764731,SIMULATED,NORMAL
2026-06-17T16:22:56.426553+00:00,DION_001,217689,0.13667639873279855,SIMULATED,NORMAL
2026-06-17T16:22:56.437132+00:00,DION_001,217690,0.10998613709692161,SIMULATED,NORMAL
2026-06-17T16:22:56.447593+00:00,DION_001,217691,-0.24750341791249952,SIMULATED,NORMAL
2026-06-17T16:22:56.458041+00:00,DION_001,217692,0.028459422273541354,SIMULATED,NORMAL
2026-06-17T16:22:56.468414+00:00,DION_001,217693,0.14281296036689942,SIMULATED,NORMAL
2026-06-17T16:22:56.479006+00:00,DION_001,217694,-0.029124855997864046,SIMULATED,NORMAL
2026-06-17T16:22:56.489390+00:00,DION_001,217695,-1.6439174599199844,SIMULATED,NORMAL
2026-06-17T16:22:56.499994+00:00,DION_001,217696,0.061911308029868425,SIMULATED,NORMAL
2026-06-17T16:22:56.510572+00:00,DION_001,217697,0.10017468152282585,SIMULATED,NORMAL
2026-06-17T16:22:56.521040+00:00,DION_001,217698,0.2865933753324708,SIMULATED,NORMAL
2026-06-17T16:22:56.531388+00:00,DION_001,217699,0.21419090664500773,SIMULATED,NORMAL
2026-06-17T16:22:56.541870+00:00,DION_001,217700,0.44230002418210645,SIMULATED,NORMAL
2026-06-17T16:22:56.552292+00:00,DION_001,217701,0.26955689341088057,SIMULATED,NORMAL
2026-06-17T16:22:56.562731+00:00,DION_001,217702,0.4884001152991171,SIMULATED,NORMAL
2026-06-17T16:22:56.573103+00:00,DION_001,217703,0.533393314025947,SIMULATED,NORMAL
2026-06-17T16:22:56.583673+00:00,DION_001,217704,0.3686635708826726,SIMULATED,NORMAL
2026-06-17T16:22:56.594349+00:00,DION_001,217705,0.5307846427171642,SIMULATED,NORMAL
2026-06-17T16:22:56.604889+00:00,DION_001,217706,0.46032768198551616,SIMULATED,NORMAL
2026-06-17T16:22:56.615351+00:00,DION_001,217707,0.19888836571700547,SIMULATED,NORMAL
2026-06-17T16:22:56.625810+00:00,DION_001,217708,0.43272015616143494,SIMULATED,NORMAL
2026-06-17T16:22:56.636330+00:00,DION_001,217709,-2.2763252906397637,SIMULATED,EVENT_DETECTED
2026-06-17T16:22:56.647474+00:00,DION_001,217710,0.6751553580413222,SIMULATED,NORMAL
2026-06-17T16:22:56.657843+00:00,DION_001,217711,0.7870747501007689,SIMULATED,NORMAL
2026-06-17T16:22:56.668176+00:00,DION_001,217712,0.5130328414099103,SIMULATED,NORMAL
2026-06-17T16:22:56.678519+00:00,DION_001,217713,0.8298991798305224,SIMULATED,NORMAL
2026-06-17T16:22:56.688896+00:00,DION_001,217714,0.6993846014377317,SIMULATED,NORMAL
2026-06-17T16:22:56.699377+00:00,DION_001,217715,0.7668225727989441,SIMULATED,NORMAL
2026-06-17T16:22:56.709828+00:00,DION_001,217716,0.6438133794831439,SIMULATED,NORMAL
2026-06-17T16:22:56.720303+00:00,DION_001,217717,0.992969825852122,SIMULATED,NORMAL
2026-06-17T16:22:56.730785+00:00,DION_001,217718,0.923363155410456,SIMULATED,NORMAL
2026-06-17T16:22:56.741164+00:00,DION_001,217719,3.8197924013786033,SIMULATED,EVENT_DETECTED
2026-06-17T16:22:56.751696+00:00,DION_001,217720,1.0570716734987378,SIMULATED,NORMAL
2026-06-17T16:22:56.762175+00:00,DION_001,217721,1.0635208586237004,SIMULATED,NORMAL
2026-06-17T16:22:56.772697+00:00,DION_001,217722,1.0502921677653967,SIMULATED,NORMAL
2026-06-17T16:22:56.783218+00:00,DION_001,217723,0.7948147683012394,SIMULATED,NORMAL
2026-06-17T16:22:56.793908+00:00,DION_001,217724,1.2537863241595777,SIMULATED,NORMAL
2026-06-17T16:22:56.804426+00:00,DION_001,217725,1.1363297381196504,SIMULATED,NORMAL
2026-06-17T16:22:56.814980+00:00,DION_001,217726,0.9792296652757971,SIMULATED,NORMAL
2026-06-17T16:22:56.825735+00:00,DION_001,217727,1.0542237559148155,SIMULATED,NORMAL
2026-06-17T16:22:56.839123+00:00,DION_001,217728,1.165630828485183,SIMULATED,NORMAL
2026-06-17T16:22:56.849612+00:00,DION_001,217729,1.1997921180908906,SIMULATED,NORMAL
2026-06-17T16:22:56.860137+00:00,DION_001,217730,1.3195821421424592,SIMULATED,NORMAL
2026-06-17T16:22:56.870643+00:00,DION_001,217731,1.4254094090972604,SIMULATED,NORMAL
2026-06-17T16:22:56.881223+00:00,DION_001,217732,1.0812391089897078,SIMULATED,NORMAL
2026-06-17T16:22:56.891762+00:00,DION_001,217733,0.9530979661896266,SIMULATED,NORMAL
2026-06-17T16:22:56.902215+00:00,DION_001,217734,1.2164439777864342,SIMULATED,NORMAL
2026-06-17T16:22:56.912887+00:00,DION_001,217735,1.3353605041266212,SIMULATED,NORMAL
2026-06-17T16:22:56.923396+00:00,DION_001,217736,1.125285230421554,SIMULATED,NORMAL
2026-06-17T16:22:56.933960+00:00,DION_001,217737,1.1714745654350913,SIMULATED,NORMAL
2026-06-17T16:22:56.944646+00:00,DION_001,217738,0.9661203686348973,SIMULATED,NORMAL
2026-06-17T16:22:56.955139+00:00,DION_001,217739,1.3686287953954093,SIMULATED,NORMAL
2026-06-17T16:22:56.965610+00:00,DION_001,217740,1.018612226456869,SIMULATED,NORMAL
2026-06-17T16:22:56.976129+00:00,DION_001,217741,0.9111264558495263,SIMULATED,NORMAL
2026-06-17T16:22:56.986499+00:00,DION_001,217742,1.0949989635721806,SIMULATED,NORMAL
2026-06-17T16:22:56.996983+00:00,DION_001,217743,0.9733386969164063,SIMULATED,NORMAL
2026-06-17T16:22:57.007587+00:00,DION_001,217744,0.9776399430585369,SIMULATED,NORMAL
2026-06-17T16:22:57.018015+00:00,DION_001,217745,0.983368948637364,SIMULATED,NORMAL
2026-06-17T16:22:57.028686+00:00,DION_001,217746,1.0864331955752764,SIMULATED,NORMAL
2026-06-17T16:22:57.039388+00:00,DION_001,217747,1.0216670053774404,SIMULATED,NORMAL
2026-06-17T16:22:57.049982+00:00,DION_001,217748,1.0536869670112528,SIMULATED,NORMAL
2026-06-17T16:22:57.060750+00:00,DION_001,217749,0.800881741809067,SIMULATED,NORMAL
2026-06-17T16:22:57.071351+00:00,DION_001,217750,0.4966245894925379,SIMULATED,NORMAL
2026-06-17T16:22:57.082068+00:00,DION_001,217751,0.6708952174282844,SIMULATED,NORMAL
2026-06-17T16:22:57.092808+00:00,DION_001,217752,0.6177598451478028,SIMULATED,NORMAL
2026-06-17T16:22:57.103322+00:00,DION_001,217753,0.7249523678262537,SIMULATED,NORMAL
2026-06-17T16:22:57.113861+00:00,DION_001,217754,0.5397711024701707,SIMULATED,NORMAL
2026-06-17T16:22:57.124327+00:00,DION_001,217755,0.4728066167239148,SIMULATED,NORMAL
2026-06-17T16:22:57.134893+00:00,DION_001,217756,0.6307100157908845,SIMULATED,NORMAL
2026-06-17T16:22:57.145305+00:00,DION_001,217757,0.4862298793091563,SIMULATED,NORMAL
2026-06-17T16:22:57.155724+00:00,DION_001,217758,0.470379531614772,SIMULATED,NORMAL
2026-06-17T16:22:57.166126+00:00,DION_001,217759,0.5153847138083468,SIMULATED,NORMAL
2026-06-17T16:22:57.176607+00:00,DION_001,217760,0.2648794096661726,SIMULATED,NORMAL
2026-06-17T16:22:57.186920+00:00,DION_001,217761,0.6823364088102958,SIMULATED,NORMAL
2026-06-17T16:22:57.197316+00:00,DION_001,217762,0.6548453744886354,SIMULATED,NORMAL
2026-06-17T16:22:57.207822+00:00,DION_001,217763,0.4604038441585162,SIMULATED,NORMAL
2026-06-17T16:22:57.218303+00:00,DION_001,217764,0.33822050044211466,SIMULATED,NORMAL
2026-06-17T16:22:57.228817+00:00,DION_001,217765,0.3997935521445983,SIMULATED,NORMAL
2026-06-17T16:22:57.239369+00:00,DION_001,217766,0.5916017773515204,SIMULATED,NORMAL
2026-06-17T16:22:57.249892+00:00,DION_001,217767,0.09565362133278588,SIMULATED,NORMAL
2026-06-17T16:22:57.260463+00:00,DION_001,217768,0.3456482887160569,SIMULATED,NORMAL
2026-06-17T16:22:57.271063+00:00,DION_001,217769,0.2567002098914204,SIMULATED,NORMAL
2026-06-17T16:22:57.281565+00:00,DION_001,217770,0.3556995605098426,SIMULATED,NORMAL
2026-06-17T16:22:57.292239+00:00,DION_001,217771,0.2843981662672264,SIMULATED,NORMAL
2026-06-17T16:22:57.302726+00:00,DION_001,217772,0.4709714716736545,SIMULATED,NORMAL
2026-06-17T16:22:57.313267+00:00,DION_001,217773,0.35071033490814985,SIMULATED,NORMAL
2026-06-17T16:22:57.323833+00:00,DION_001,217774,0.5661076585457678,SIMULATED,NORMAL
2026-06-17T16:22:57.334377+00:00,DION_001,217775,0.2622024353951441,SIMULATED,NORMAL
2026-06-17T16:22:57.344998+00:00,DION_001,217776,0.03797564518717683,SIMULATED,NORMAL
2026-06-17T16:22:57.355752+00:00,DION_001,217777,0.4459809649244427,SIMULATED,NORMAL
2026-06-17T16:22:57.366301+00:00,DION_001,217778,0.258152842149395,SIMULATED,NORMAL
2026-06-17T16:22:57.377432+00:00,DION_001,217779,0.38258361697270543,SIMULATED,NORMAL
2026-06-17T16:22:57.387830+00:00,DION_001,217780,0.3898206135102665,SIMULATED,NORMAL
2026-06-17T16:22:57.398182+00:00,DION_001,217781,0.3242623904389153,SIMULATED,NORMAL
2026-06-17T16:22:57.408646+00:00,DION_001,217782,0.5250526904996842,SIMULATED,NORMAL
2026-06-17T16:22:57.419174+00:00,DION_001,217783,0.46740372379172324,SIMULATED,NORMAL
2026-06-17T16:22:57.429712+00:00,DION_001,217784,0.5662090760516092,SIMULATED,NORMAL
2026-06-17T16:22:57.440210+00:00,DION_001,217785,0.5502965206057238,SIMULATED,NORMAL
2026-06-17T16:22:57.450934+00:00,DION_001,217786,0.5636664697995442,SIMULATED,NORMAL
2026-06-17T16:22:57.461545+00:00,DION_001,217787,0.4210475359093252,SIMULATED,NORMAL
2026-06-17T16:22:57.472230+00:00,DION_001,217788,0.7042080098918275,SIMULATED,NORMAL
2026-06-17T16:22:57.482843+00:00,DION_001,217789,0.7588180400002644,SIMULATED,NORMAL
2026-06-17T16:22:57.493475+00:00,DION_001,217790,0.979823958238031,SIMULATED,NORMAL
2026-06-17T16:22:57.504064+00:00,DION_001,217791,0.5534428636365507,SIMULATED,NORMAL
2026-06-17T16:22:57.514639+00:00,DION_001,217792,0.5592508641246368,SIMULATED,NORMAL
2026-06-17T16:22:57.525250+00:00,DION_001,217793,0.29602381141304107,SIMULATED,NORMAL
2026-06-17T16:22:57.535810+00:00,DION_001,217794,0.691222671189803,SIMULATED,NORMAL
2026-06-17T16:22:57.546452+00:00,DION_001,217795,0.6953568414829926,SIMULATED,NORMAL
2026-06-17T16:22:57.557081+00:00,DION_001,217796,0.8797580932747224,SIMULATED,NORMAL
2026-06-17T16:22:57.567514+00:00,DION_001,217797,0.5578624925617347,SIMULATED,NORMAL
2026-06-17T16:22:57.578113+00:00,DION_001,217798,0.6531405184812349,SIMULATED,NORMAL
2026-06-17T16:22:57.588727+00:00,DION_001,217799,0.6790061768267285,SIMULATED,NORMAL
2026-06-17T16:22:57.599475+00:00,DION_001,217800,0.6354806321512114,SIMULATED,NORMAL
2026-06-17T16:22:57.610194+00:00,DION_001,217801,0.6634203654482396,SIMULATED,NORMAL
2026-06-17T16:22:57.620815+00:00,DION_001,217802,0.81654746524135,SIMULATED,NORMAL
2026-06-17T16:22:57.631513+00:00,DION_001,217803,0.8146982030742446,SIMULATED,NORMAL
2026-06-17T16:22:57.642131+00:00,DION_001,217804,0.7554115113885108,SIMULATED,NORMAL
2026-06-17T16:22:57.652722+00:00,DION_001,217805,0.3118956145366038,SIMULATED,NORMAL
2026-06-17T16:22:57.663323+00:00,DION_001,217806,0.429426219666694,SIMULATED,NORMAL
2026-06-17T16:22:57.673920+00:00,DION_001,217807,0.8422531045562801,SIMULATED,NORMAL
2026-06-17T16:22:57.684540+00:00,DION_001,217808,0.83453179166845,SIMULATED,NORMAL
2026-06-17T16:22:57.695254+00:00,DION_001,217809,1.0089009142851804,SIMULATED,NORMAL
2026-06-17T16:22:57.705811+00:00,DION_001,217810,0.7905125996868052,SIMULATED,NORMAL
2026-06-17T16:22:57.716403+00:00,DION_001,217811,0.824567564802463,SIMULATED,NORMAL
2026-06-17T16:22:57.727010+00:00,DION_001,217812,0.8285047866527507,SIMULATED,NORMAL
2026-06-17T16:22:57.737511+00:00,DION_001,217813,0.6036821251951711,SIMULATED,NORMAL
2026-06-17T16:22:57.748264+00:00,DION_001,217814,0.5630925327859146,SIMULATED,NORMAL
2026-06-17T16:22:57.759349+00:00,DION_001,217815,0.5339253412421248,SIMULATED,NORMAL
2026-06-17T16:22:57.770232+00:00,DION_001,217816,0.8313879470122344,SIMULATED,NORMAL
2026-06-17T16:22:57.780635+00:00,DION_001,217817,0.5893196562876319,SIMULATED,NORMAL
2026-06-17T16:22:57.790910+00:00,DION_001,217818,0.44475330907780464,SIMULATED,NORMAL
2026-06-17T16:22:57.801356+00:00,DION_001,217819,0.4355046477540452,SIMULATED,NORMAL
2026-06-17T16:22:57.811977+00:00,DION_001,217820,0.560169963682887,SIMULATED,NORMAL
2026-06-17T16:22:57.822524+00:00,DION_001,217821,0.17823774731479514,SIMULATED,NORMAL
2026-06-17T16:22:57.833160+00:00,DION_001,217822,0.42634641436844944,SIMULATED,NORMAL
2026-06-17T16:22:57.843769+00:00,DION_001,217823,0.5327469480642648,SIMULATED,NORMAL
2026-06-17T16:22:57.854288+00:00,DION_001,217824,0.2798045201267983,SIMULATED,NORMAL
2026-06-17T16:22:57.864901+00:00,DION_001,217825,0.28519008469464835,SIMULATED,NORMAL
2026-06-17T16:22:57.875460+00:00,DION_001,217826,0.2648485823326272,SIMULATED,NORMAL
2026-06-17T16:22:57.886010+00:00,DION_001,217827,0.023273107139587967,SIMULATED,NORMAL
2026-06-17T16:22:57.896643+00:00,DION_001,217828,0.13144699113157193,SIMULATED,NORMAL
2026-06-17T16:22:57.907117+00:00,DION_001,217829,0.06630221837337862,SIMULATED,NORMAL
2026-06-17T16:22:57.917635+00:00,DION_001,217830,-0.029549366201522806,SIMULATED,NORMAL
2026-06-17T16:22:57.928247+00:00,DION_001,217831,-0.0611186505424379,SIMULATED,NORMAL
2026-06-17T16:22:57.938718+00:00,DION_001,217832,-0.14892328713257846,SIMULATED,NORMAL
2026-06-17T16:22:57.949260+00:00,DION_001,217833,-0.12372873113928376,SIMULATED,NORMAL
2026-06-17T16:22:57.959834+00:00,DION_001,217834,0.012399100649035169,SIMULATED,NORMAL
2026-06-17T16:22:57.970520+00:00,DION_001,217835,-0.5101752733039254,SIMULATED,NORMAL
2026-06-17T16:22:57.981015+00:00,DION_001,217836,-0.017391529957152457,SIMULATED,NORMAL
2026-06-17T16:22:57.991570+00:00,DION_001,217837,-0.01576784722910657,SIMULATED,NORMAL
2026-06-17T16:22:58.002063+00:00,DION_001,217838,-0.42151336928799255,SIMULATED,NORMAL
2026-06-17T16:22:58.012671+00:00,DION_001,217839,-0.087924566358391,SIMULATED,NORMAL
2026-06-17T16:22:58.023342+00:00,DION_001,217840,-0.0829847404791556,SIMULATED,NORMAL
2026-06-17T16:22:58.033916+00:00,DION_001,217841,-0.42687781773452643,SIMULATED,NORMAL
2026-06-17T16:22:58.044535+00:00,DION_001,217842,-0.28333323145236916,SIMULATED,NORMAL
2026-06-17T16:22:58.055115+00:00,DION_001,217843,-0.4305226569922375,SIMULATED,NORMAL
2026-06-17T16:22:58.065815+00:00,DION_001,217844,-0.5895253290415191,SIMULATED,NORMAL
2026-06-17T16:22:58.076474+00:00,DION_001,217845,-0.46904333609800003,SIMULATED,NORMAL
2026-06-17T16:22:58.087124+00:00,DION_001,217846,-0.4970353486309683,SIMULATED,NORMAL
2026-06-17T16:22:58.097721+00:00,DION_001,217847,-0.4932500562117092,SIMULATED,NORMAL
2026-06-17T16:22:58.108283+00:00,DION_001,217848,-0.8583815127423768,SIMULATED,NORMAL
2026-06-17T16:22:58.118986+00:00,DION_001,217849,-0.5722298212797974,SIMULATED,NORMAL
2026-06-17T16:22:58.129570+00:00,DION_001,217850,-0.7877158353571392,SIMULATED,NORMAL
2026-06-17T16:22:58.140134+00:00,DION_001,217851,-0.3949324192353503,SIMULATED,NORMAL
2026-06-17T16:22:58.150929+00:00,DION_001,217852,-0.6698023560524016,SIMULATED,NORMAL
2026-06-17T16:22:58.161436+00:00,DION_001,217853,-0.7166404277303929,SIMULATED,NORMAL
2026-06-17T16:22:58.172149+00:00,DION_001,217854,-0.5525094088694129,SIMULATED,NORMAL
2026-06-17T16:22:58.182642+00:00,DION_001,217855,-0.5784856924806517,SIMULATED,NORMAL
2026-06-17T16:22:58.193392+00:00,DION_001,217856,-0.42801167307855925,SIMULATED,NORMAL
2026-06-17T16:22:58.204090+00:00,DION_001,217857,-0.5120412162423543,SIMULATED,NORMAL
2026-06-17T16:22:58.214666+00:00,DION_001,217858,-0.5272620657168675,SIMULATED,NORMAL
2026-06-17T16:22:58.225255+00:00,DION_001,217859,-0.37577720501266487,SIMULATED,NORMAL
2026-06-17T16:22:58.235797+00:00,DION_001,217860,-0.5113623755967872,SIMULATED,NORMAL
2026-06-17T16:22:58.246327+00:00,DION_001,217861,-0.47699310061151656,SIMULATED,NORMAL
2026-06-17T16:22:58.256921+00:00,DION_001,217862,-0.43475931353983743,SIMULATED,NORMAL
2026-06-17T16:22:58.267506+00:00,DION_001,217863,-0.8207123198126436,SIMULATED,NORMAL
2026-06-17T16:22:58.278083+00:00,DION_001,217864,-0.28296343549524183,SIMULATED,NORMAL
2026-06-17T16:22:58.288641+00:00,DION_001,217865,-0.24407057544175823,SIMULATED,NORMAL
2026-06-17T16:22:58.299180+00:00,DION_001,217866,-0.41615544368275864,SIMULATED,NORMAL
2026-06-17T16:22:58.309821+00:00,DION_001,217867,-0.5872724683955691,SIMULATED,NORMAL
2026-06-17T16:22:58.320531+00:00,DION_001,217868,-0.24158875433957164,SIMULATED,NORMAL
2026-06-17T16:22:58.331125+00:00,DION_001,217869,-0.31479723016625677,SIMULATED,NORMAL
2026-06-17T16:22:58.341921+00:00,DION_001,217870,-0.4604711707266247,SIMULATED,NORMAL
2026-06-17T16:22:58.352501+00:00,DION_001,217871,-0.596250507797449,SIMULATED,NORMAL
2026-06-17T16:22:58.363139+00:00,DION_001,217872,-0.3016795966491264,SIMULATED,NORMAL
2026-06-17T16:22:58.373936+00:00,DION_001,217873,-0.3692191105132522,SIMULATED,NORMAL
2026-06-17T16:22:58.384468+00:00,DION_001,217874,-0.4352725305675986,SIMULATED,NORMAL
2026-06-17T16:22:58.395188+00:00,DION_001,217875,-0.04490801385754603,SIMULATED,NORMAL
2026-06-17T16:22:58.405702+00:00,DION_001,217876,-0.082723906025195,SIMULATED,NORMAL
2026-06-17T16:22:58.416178+00:00,DION_001,217877,-0.017753005969182722,SIMULATED,NORMAL
2026-06-17T16:22:58.426586+00:00,DION_001,217878,-0.4270398514505144,SIMULATED,NORMAL
2026-06-17T16:22:58.437045+00:00,DION_001,217879,-0.49203650275922,SIMULATED,NORMAL
2026-06-17T16:22:58.447486+00:00,DION_001,217880,-0.20001173308060652,SIMULATED,NORMAL
2026-06-17T16:22:58.457934+00:00,DION_001,217881,-0.04596094380348201,SIMULATED,NORMAL
2026-06-17T16:22:58.468135+00:00,DION_001,217882,-0.20153809684502377,SIMULATED,NORMAL
2026-06-17T16:22:58.478405+00:00,DION_001,217883,-0.25431358204085414,SIMULATED,NORMAL
2026-06-17T16:22:58.488710+00:00,DION_001,217884,-0.18648534921776663,SIMULATED,NORMAL
2026-06-17T16:22:58.499095+00:00,DION_001,217885,-0.09936513381230486,SIMULATED,NORMAL
2026-06-17T16:22:58.509653+00:00,DION_001,217886,-0.08873893187850297,SIMULATED,NORMAL
2026-06-17T16:22:58.520236+00:00,DION_001,217887,-0.41274319429323014,SIMULATED,NORMAL
2026-06-17T16:22:58.530706+00:00,DION_001,217888,-0.34559878324781984,SIMULATED,NORMAL
2026-06-17T16:22:58.541284+00:00,DION_001,217889,-0.04193801400477215,SIMULATED,NORMAL
2026-06-17T16:22:58.551739+00:00,DION_001,217890,-0.35979011309345355,SIMULATED,NORMAL
2026-06-17T16:22:58.562344+00:00,DION_001,217891,-0.20480506837721388,SIMULATED,NORMAL
2026-06-17T16:22:58.572917+00:00,DION_001,217892,-0.08569493355645882,SIMULATED,NORMAL
2026-06-17T16:22:58.583494+00:00,DION_001,217893,-0.14049166995720425,SIMULATED,NORMAL
2026-06-17T16:22:58.594149+00:00,DION_001,217894,-0.0040826398027367095,SIMULATED,NORMAL
2026-06-17T16:22:58.604645+00:00,DION_001,217895,-0.4458103892224442,SIMULATED,NORMAL
2026-06-17T16:22:58.615265+00:00,DION_001,217896,-0.168943020615884,SIMULATED,NORMAL
2026-06-17T16:22:58.625841+00:00,DION_001,217897,-0.40819666293839446,SIMULATED,NORMAL
2026-06-17T16:22:58.636384+00:00,DION_001,217898,-0.17562212721496834,SIMULATED,NORMAL
2026-06-17T16:22:58.647325+00:00,DION_001,217899,-0.2688282533946862,SIMULATED,NORMAL
2026-06-17T16:22:58.657895+00:00,DION_001,217900,-0.49103963151427754,SIMULATED,NORMAL
2026-06-17T16:22:58.668702+00:00,DION_001,217901,-0.2817443841130707,SIMULATED,NORMAL
2026-06-17T16:22:58.679303+00:00,DION_001,217902,-0.6085538553539575,SIMULATED,NORMAL
2026-06-17T16:22:58.689879+00:00,DION_001,217903,-0.8625962642405414,SIMULATED,NORMAL
2026-06-17T16:22:58.700484+00:00,DION_001,217904,-0.5380211483638822,SIMULATED,NORMAL
2026-06-17T16:22:58.711325+00:00,DION_001,217905,-0.5813755517045661,SIMULATED,NORMAL
2026-06-17T16:22:58.721963+00:00,DION_001,217906,-0.6407175010451838,SIMULATED,NORMAL
2026-06-17T16:22:58.732532+00:00,DION_001,217907,-0.7386578993043158,SIMULATED,NORMAL
2026-06-17T16:22:58.743081+00:00,DION_001,217908,-0.7696927655553653,SIMULATED,NORMAL
2026-06-17T16:22:58.753498+00:00,DION_001,217909,-0.9485904975933493,SIMULATED,NORMAL
2026-06-17T16:22:58.763857+00:00,DION_001,217910,-0.8414420795855384,SIMULATED,NORMAL
2026-06-17T16:22:58.774356+00:00,DION_001,217911,-0.7619363748066907,SIMULATED,NORMAL
2026-06-17T16:22:58.784874+00:00,DION_001,217912,-1.049445177203182,SIMULATED,NORMAL
2026-06-17T16:22:58.795406+00:00,DION_001,217913,-0.6970131195119755,SIMULATED,NORMAL
2026-06-17T16:22:58.805822+00:00,DION_001,217914,-0.9701635032019655,SIMULATED,NORMAL
2026-06-17T16:22:58.816330+00:00,DION_001,217915,-0.757811674674554,SIMULATED,NORMAL
2026-06-17T16:22:58.826960+00:00,DION_001,217916,-1.016592553248002,SIMULATED,NORMAL
2026-06-17T16:22:58.837583+00:00,DION_001,217917,-1.0546533365908977,SIMULATED,NORMAL
2026-06-17T16:22:58.848207+00:00,DION_001,217918,-1.033533469747722,SIMULATED,NORMAL
2026-06-17T16:22:58.858422+00:00,DION_001,217919,-1.373609761952245,SIMULATED,NORMAL
2026-06-17T16:22:58.868674+00:00,DION_001,217920,-1.1884983889964686,SIMULATED,NORMAL
2026-06-17T16:22:58.878812+00:00,DION_001,217921,-1.0368472568483247,SIMULATED,NORMAL
2026-06-17T16:22:58.889323+00:00,DION_001,217922,-0.9770015456142751,SIMULATED,NORMAL
2026-06-17T16:22:58.899934+00:00,DION_001,217923,-1.0739826318349532,SIMULATED,NORMAL
2026-06-17T16:22:58.910580+00:00,DION_001,217924,-1.0665388660125439,SIMULATED,NORMAL
2026-06-17T16:22:58.921123+00:00,DION_001,217925,-1.2690460969441877,SIMULATED,NORMAL
2026-06-17T16:22:58.931769+00:00,DION_001,217926,-1.3073083517372006,SIMULATED,NORMAL
2026-06-17T16:22:58.942344+00:00,DION_001,217927,-1.026461084249626,SIMULATED,NORMAL
2026-06-17T16:22:58.952944+00:00,DION_001,217928,-1.3334508700939023,SIMULATED,NORMAL
2026-06-17T16:22:58.963531+00:00,DION_001,217929,-1.2332574918084365,SIMULATED,NORMAL
2026-06-17T16:22:58.974037+00:00,DION_001,217930,-1.2018814116307897,SIMULATED,NORMAL
2026-06-17T16:22:58.984675+00:00,DION_001,217931,-1.1459908292417067,SIMULATED,NORMAL
2026-06-17T16:22:58.995346+00:00,DION_001,217932,-1.175189089272729,SIMULATED,NORMAL
2026-06-17T16:22:59.006011+00:00,DION_001,217933,-1.188286156625629,SIMULATED,NORMAL
2026-06-17T16:22:59.016682+00:00,DION_001,217934,-0.8834508800292813,SIMULATED,NORMAL
2026-06-17T16:22:59.027302+00:00,DION_001,217935,-1.0704707436424974,SIMULATED,NORMAL
2026-06-17T16:22:59.037868+00:00,DION_001,217936,-1.083289724895779,SIMULATED,NORMAL
2026-06-17T16:22:59.048475+00:00,DION_001,217937,-1.0978174583275235,SIMULATED,NORMAL
2026-06-17T16:22:59.059341+00:00,DION_001,217938,-0.9381231356616302,SIMULATED,NORMAL
2026-06-17T16:22:59.070018+00:00,DION_001,217939,-0.7516593842952635,SIMULATED,NORMAL
2026-06-17T16:22:59.080631+00:00,DION_001,217940,-1.4277711526220445,SIMULATED,NORMAL
2026-06-17T16:22:59.091143+00:00,DION_001,217941,-1.0775328938444941,SIMULATED,NORMAL
2026-06-17T16:22:59.101751+00:00,DION_001,217942,-1.2110101605644221,SIMULATED,NORMAL
2026-06-17T16:22:59.112409+00:00,DION_001,217943,-1.0076969731947465,SIMULATED,NORMAL
2026-06-17T16:22:59.123106+00:00,DION_001,217944,-0.8439926637759041,SIMULATED,NORMAL
2026-06-17T16:22:59.133745+00:00,DION_001,217945,-0.9632351586526204,SIMULATED,NORMAL
2026-06-17T16:22:59.144456+00:00,DION_001,217946,-1.1418146046707842,SIMULATED,NORMAL
2026-06-17T16:22:59.155199+00:00,DION_001,217947,-0.7055745122513383,SIMULATED,NORMAL
2026-06-17T16:22:59.165788+00:00,DION_001,217948,-0.8192212553992785,SIMULATED,NORMAL
2026-06-17T16:22:59.176490+00:00,DION_001,217949,-0.620374265512257,SIMULATED,NORMAL
2026-06-17T16:22:59.187285+00:00,DION_001,217950,-0.7228467609722102,SIMULATED,NORMAL
2026-06-17T16:22:59.197909+00:00,DION_001,217951,-0.6433032893719187,SIMULATED,NORMAL
2026-06-17T16:22:59.208543+00:00,DION_001,217952,-0.5733065529670552,SIMULATED,NORMAL
2026-06-17T16:22:59.219405+00:00,DION_001,217953,-1.0472034468585174,SIMULATED,NORMAL
2026-06-17T16:22:59.229998+00:00,DION_001,217954,-0.43773836165209334,SIMULATED,NORMAL
2026-06-17T16:22:59.240692+00:00,DION_001,217955,-0.383043294569151,SIMULATED,NORMAL
2026-06-17T16:22:59.251324+00:00,DION_001,217956,-0.4097687050241813,SIMULATED,NORMAL
2026-06-17T16:22:59.262059+00:00,DION_001,217957,-0.4067489116931398,SIMULATED,NORMAL
2026-06-17T16:22:59.272694+00:00,DION_001,217958,-0.5080420207867875,SIMULATED,NORMAL
2026-06-17T16:22:59.283155+00:00,DION_001,217959,-0.3286877150032473,SIMULATED,NORMAL
2026-06-17T16:22:59.293820+00:00,DION_001,217960,-0.3366575442648164,SIMULATED,NORMAL
2026-06-17T16:22:59.304413+00:00,DION_001,217961,-0.30986594078976337,SIMULATED,NORMAL
2026-06-17T16:22:59.315183+00:00,DION_001,217962,-0.3361767981687834,SIMULATED,NORMAL
2026-06-17T16:22:59.325822+00:00,DION_001,217963,-0.28226429061162234,SIMULATED,NORMAL
2026-06-17T16:22:59.336492+00:00,DION_001,217964,-0.2997916138435966,SIMULATED,NORMAL
2026-06-17T16:22:59.347192+00:00,DION_001,217965,-0.18857402328536532,SIMULATED,NORMAL
2026-06-17T16:22:59.357788+00:00,DION_001,217966,-0.270256518364061,SIMULATED,NORMAL
2026-06-17T16:22:59.368368+00:00,DION_001,217967,-0.2222191553196008,SIMULATED,NORMAL
2026-06-17T16:22:59.379090+00:00,DION_001,217968,-0.526082551482616,SIMULATED,NORMAL
2026-06-17T16:22:59.389708+00:00,DION_001,217969,-0.26627793075443096,SIMULATED,NORMAL
2026-06-17T16:22:59.400293+00:00,DION_001,217970,-0.37963235351931296,SIMULATED,NORMAL
2026-06-17T16:22:59.410889+00:00,DION_001,217971,-0.3215668645805347,SIMULATED,NORMAL
2026-06-17T16:22:59.421443+00:00,DION_001,217972,-0.08408280833513823,SIMULATED,NORMAL
2026-06-17T16:22:59.432048+00:00,DION_001,217973,-0.5437674163349849,SIMULATED,NORMAL
2026-06-17T16:22:59.442637+00:00,DION_001,217974,-0.2014076805900994,SIMULATED,NORMAL
2026-06-17T16:22:59.453418+00:00,DION_001,217975,-0.14671161065645813,SIMULATED,NORMAL
2026-06-17T16:22:59.464002+00:00,DION_001,217976,-0.4276393678967678,SIMULATED,NORMAL
2026-06-17T16:22:59.474604+00:00,DION_001,217977,0.015384658571510723,SIMULATED,NORMAL
2026-06-17T16:22:59.485124+00:00,DION_001,217978,-0.6185906248989288,SIMULATED,NORMAL
2026-06-17T16:22:59.495680+00:00,DION_001,217979,-0.365175768938213,SIMULATED,NORMAL
2026-06-17T16:22:59.506239+00:00,DION_001,217980,-0.22959618741293128,SIMULATED,NORMAL
2026-06-17T16:22:59.516773+00:00,DION_001,217981,-0.3835983661253015,SIMULATED,NORMAL
2026-06-17T16:22:59.527290+00:00,DION_001,217982,-0.5724527299980107,SIMULATED,NORMAL
2026-06-17T16:22:59.537738+00:00,DION_001,217983,-0.46370743825684174,SIMULATED,NORMAL
2026-06-17T16:22:59.548003+00:00,DION_001,217984,-0.3628833684778821,SIMULATED,NORMAL
2026-06-17T16:22:59.558287+00:00,DION_001,217985,0.06274233154642289,SIMULATED,NORMAL
2026-06-17T16:22:59.568508+00:00,DION_001,217986,-0.6539349812836612,SIMULATED,NORMAL
2026-06-17T16:22:59.578951+00:00,DION_001,217987,-0.2815136486330747,SIMULATED,NORMAL
2026-06-17T16:22:59.589365+00:00,DION_001,217988,-0.5294263655761114,SIMULATED,NORMAL
2026-06-17T16:22:59.599903+00:00,DION_001,217989,-0.7797713568069733,SIMULATED,NORMAL
2026-06-17T16:22:59.610442+00:00,DION_001,217990,-0.4531420978559729,SIMULATED,NORMAL
2026-06-17T16:22:59.621042+00:00,DION_001,217991,-0.6499625692472542,SIMULATED,NORMAL
2026-06-17T16:22:59.631721+00:00,DION_001,217992,-0.36474453248488625,SIMULATED,NORMAL
2026-06-17T16:22:59.642299+00:00,DION_001,217993,-0.42286566978453577,SIMULATED,NORMAL
2026-06-17T16:22:59.652863+00:00,DION_001,217994,-0.5679085860699876,SIMULATED,NORMAL
2026-06-17T16:22:59.663465+00:00,DION_001,217995,-0.6037319918781808,SIMULATED,NORMAL
2026-06-17T16:22:59.674109+00:00,DION_001,217996,-0.6533873272530212,SIMULATED,NORMAL
2026-06-17T16:22:59.684645+00:00,DION_001,217997,-0.9898076019029713,SIMULATED,NORMAL
2026-06-17T16:22:59.695345+00:00,DION_001,217998,-0.624705878496424,SIMULATED,NORMAL
2026-06-17T16:22:59.705924+00:00,DION_001,217999,-0.25609673255198795,SIMULATED,NORMAL
2026-06-17T16:22:59.716522+00:00,DION_001,218000,-0.5501632738567719,SIMULATED,NORMAL
2026-06-17T16:22:59.727365+00:00,DION_001,218001,-0.6697886962618024,SIMULATED,NORMAL
2026-06-17T16:22:59.738046+00:00,DION_001,218002,-0.9339810764296799,SIMULATED,NORMAL
2026-06-17T16:22:59.748736+00:00,DION_001,218003,-0.8890352269738163,SIMULATED,NORMAL
2026-06-17T16:22:59.759379+00:00,DION_001,218004,-0.6701249219877626,SIMULATED,NORMAL
2026-06-17T16:22:59.771762+00:00,DION_001,218005,-0.8347421308744777,SIMULATED,NORMAL
2026-06-17T16:22:59.782249+00:00,DION_001,218006,-0.6682371322845984,SIMULATED,NORMAL
2026-06-17T16:22:59.792652+00:00,DION_001,218007,-0.605327669555009,SIMULATED,NORMAL
2026-06-17T16:22:59.803075+00:00,DION_001,218008,-0.6661757076457621,SIMULATED,NORMAL
2026-06-17T16:22:59.813712+00:00,DION_001,218009,-0.8291390759635286,SIMULATED,NORMAL
2026-06-17T16:22:59.824315+00:00,DION_001,218010,-0.5895125195928629,SIMULATED,NORMAL
2026-06-17T16:22:59.834809+00:00,DION_001,218011,-0.5826587314445971,SIMULATED,NORMAL
2026-06-17T16:22:59.845465+00:00,DION_001,218012,-0.6122370653901541,SIMULATED,NORMAL
2026-06-17T16:22:59.856067+00:00,DION_001,218013,-0.5706216576213369,SIMULATED,NORMAL
2026-06-17T16:22:59.866528+00:00,DION_001,218014,-0.35778027080992336,SIMULATED,NORMAL
2026-06-17T16:22:59.877028+00:00,DION_001,218015,-0.19845563500023045,SIMULATED,NORMAL
2026-06-17T16:22:59.887442+00:00,DION_001,218016,-0.6011797389685763,SIMULATED,NORMAL
2026-06-17T16:22:59.897887+00:00,DION_001,218017,-2.939488199764768,SIMULATED,EVENT_DETECTED
2026-06-17T16:22:59.908938+00:00,DION_001,218018,-0.2861321466881939,SIMULATED,NORMAL
2026-06-17T16:22:59.919339+00:00,DION_001,218019,-0.3004026831488984,SIMULATED,NORMAL
2026-06-17T16:22:59.929787+00:00,DION_001,218020,-0.3793234788009848,SIMULATED,NORMAL
2026-06-17T16:22:59.940185+00:00,DION_001,218021,0.0005735990841116423,SIMULATED,NORMAL
2026-06-17T16:22:59.950637+00:00,DION_001,218022,0.04722804043467488,SIMULATED,NORMAL
2026-06-17T16:22:59.961011+00:00,DION_001,218023,-0.20804292847562333,SIMULATED,NORMAL
2026-06-17T16:22:59.971298+00:00,DION_001,218024,-0.07879490675279818,SIMULATED,NORMAL
2026-06-17T16:22:59.981596+00:00,DION_001,218025,-0.3034231052326898,SIMULATED,NORMAL
2026-06-17T16:22:59.991957+00:00,DION_001,218026,-0.018743135493981038,SIMULATED,NORMAL
2026-06-17T16:23:00.002386+00:00,DION_001,218027,0.19004777610679344,SIMULATED,NORMAL
2026-06-17T16:23:00.012708+00:00,DION_001,218028,-0.07823098836731542,SIMULATED,NORMAL
2026-06-17T16:23:00.023047+00:00,DION_001,218029,-0.08140204062798802,SIMULATED,NORMAL
2026-06-17T16:23:00.033364+00:00,DION_001,218030,0.3098675018897574,SIMULATED,NORMAL
2026-06-17T16:23:00.043672+00:00,DION_001,218031,0.38655011647251986,SIMULATED,NORMAL
2026-06-17T16:23:00.054033+00:00,DION_001,218032,0.030576280765724995,SIMULATED,NORMAL
2026-06-17T16:23:00.064387+00:00,DION_001,218033,0.12023505101652762,SIMULATED,NORMAL
2026-06-17T16:23:00.074859+00:00,DION_001,218034,0.3120609051139777,SIMULATED,NORMAL
2026-06-17T16:23:00.085279+00:00,DION_001,218035,0.4980675695415882,SIMULATED,NORMAL
2026-06-17T16:23:00.095869+00:00,DION_001,218036,0.5501557632028631,SIMULATED,NORMAL
2026-06-17T16:23:00.106325+00:00,DION_001,218037,0.13413725743460392,SIMULATED,NORMAL
2026-06-17T16:23:00.116931+00:00,DION_001,218038,0.42816217574408066,SIMULATED,NORMAL
2026-06-17T16:23:00.127527+00:00,DION_001,218039,0.3242471209644955,SIMULATED,NORMAL
2026-06-17T16:23:00.138017+00:00,DION_001,218040,0.4349583186510484,SIMULATED,NORMAL
2026-06-17T16:23:00.148664+00:00,DION_001,218041,2.546257402129105,SIMULATED,EVENT_DETECTED
2026-06-17T16:23:00.159406+00:00,DION_001,218042,0.556003895602481,SIMULATED,NORMAL
2026-06-17T16:23:00.169986+00:00,DION_001,218043,0.7324735626632821,SIMULATED,NORMAL
2026-06-17T16:23:00.180621+00:00,DION_001,218044,0.5415724427666849,SIMULATED,NORMAL
2026-06-17T16:23:00.191236+00:00,DION_001,218045,0.7945246963175061,SIMULATED,NORMAL
2026-06-17T16:23:00.201820+00:00,DION_001,218046,0.6059931392191424,SIMULATED,NORMAL
2026-06-17T16:23:00.212522+00:00,DION_001,218047,0.6178290066638823,SIMULATED,NORMAL
2026-06-17T16:23:00.223214+00:00,DION_001,218048,0.7278417601885352,SIMULATED,NORMAL
2026-06-17T16:23:00.233786+00:00,DION_001,218049,0.7020849473891332,SIMULATED,NORMAL
2026-06-17T16:23:00.244512+00:00,DION_001,218050,0.49645530955967254,SIMULATED,NORMAL
2026-06-17T16:23:00.256957+00:00,DION_001,218051,0.7918886327369568,SIMULATED,NORMAL
2026-06-17T16:23:00.267535+00:00,DION_001,218052,0.5305073483443122,SIMULATED,NORMAL
2026-06-17T16:23:00.278117+00:00,DION_001,218053,0.730442732565019,SIMULATED,NORMAL
2026-06-17T16:23:00.288703+00:00,DION_001,218054,0.4468023439223508,SIMULATED,NORMAL
2026-06-17T16:23:00.299202+00:00,DION_001,218055,0.723213057068555,SIMULATED,NORMAL
2026-06-17T16:23:00.309768+00:00,DION_001,218056,0.6656468399063887,SIMULATED,NORMAL
2026-06-17T16:23:00.320281+00:00,DION_001,218057,0.6373522986630105,SIMULATED,NORMAL
2026-06-17T16:23:00.330906+00:00,DION_001,218058,0.7135470056815619,SIMULATED,NORMAL
2026-06-17T16:23:00.341542+00:00,DION_001,218059,0.6560040484746403,SIMULATED,NORMAL
2026-06-17T16:23:00.352027+00:00,DION_001,218060,0.7369954447665207,SIMULATED,NORMAL
2026-06-17T16:23:00.362763+00:00,DION_001,218061,0.6629467862200266,SIMULATED,NORMAL
2026-06-17T16:23:00.373284+00:00,DION_001,218062,0.6322708371271848,SIMULATED,NORMAL
2026-06-17T16:23:00.383843+00:00,DION_001,218063,0.7333706367731981,SIMULATED,NORMAL
2026-06-17T16:23:00.394562+00:00,DION_001,218064,0.5656442445779293,SIMULATED,NORMAL
2026-06-17T16:23:00.405128+00:00,DION_001,218065,0.522408612690568,SIMULATED,NORMAL
2026-06-17T16:23:00.415693+00:00,DION_001,218066,0.5179137561215875,SIMULATED,NORMAL
2026-06-17T16:23:00.426367+00:00,DION_001,218067,0.6081366967509362,SIMULATED,NORMAL
2026-06-17T16:23:00.436940+00:00,DION_001,218068,0.23539174547612815,SIMULATED,NORMAL
2026-06-17T16:23:00.447489+00:00,DION_001,218069,0.5359244220311487,SIMULATED,NORMAL
2026-06-17T16:23:00.458072+00:00,DION_001,218070,0.41150491838880626,SIMULATED,NORMAL
2026-06-17T16:23:00.468667+00:00,DION_001,218071,0.4646416179892647,SIMULATED,NORMAL
2026-06-17T16:23:00.479382+00:00,DION_001,218072,0.10656581876092897,SIMULATED,NORMAL
2026-06-17T16:23:00.490000+00:00,DION_001,218073,0.5674925493340883,SIMULATED,NORMAL
2026-06-17T16:23:00.500496+00:00,DION_001,218074,0.16441183780190866,SIMULATED,NORMAL
2026-06-17T16:23:00.511309+00:00,DION_001,218075,0.4141649876406613,SIMULATED,NORMAL
2026-06-17T16:23:00.522027+00:00,DION_001,218076,0.4330427623420454,SIMULATED,NORMAL
2026-06-17T16:23:00.532499+00:00,DION_001,218077,0.5708632432829035,SIMULATED,NORMAL
2026-06-17T16:23:00.543114+00:00,DION_001,218078,-0.08544049120282077,SIMULATED,NORMAL
2026-06-17T16:23:00.553729+00:00,DION_001,218079,0.03839133453382218,SIMULATED,NORMAL
2026-06-17T16:23:00.564238+00:00,DION_001,218080,-0.08314957996627381,SIMULATED,NORMAL
2026-06-17T16:23:00.574743+00:00,DION_001,218081,0.18717168983587076,SIMULATED,NORMAL
2026-06-17T16:23:00.585217+00:00,DION_001,218082,0.13201317842364724,SIMULATED,NORMAL
2026-06-17T16:23:00.595856+00:00,DION_001,218083,0.28518119388405766,SIMULATED,NORMAL
2026-06-17T16:23:00.606351+00:00,DION_001,218084,0.026341730614314746,SIMULATED,NORMAL
2026-06-17T16:23:00.616750+00:00,DION_001,218085,0.22242379539154097,SIMULATED,NORMAL
2026-06-17T16:23:00.627341+00:00,DION_001,218086,0.11924481637620107,SIMULATED,NORMAL
2026-06-17T16:23:00.638525+00:00,DION_001,218087,0.3298302628822718,SIMULATED,NORMAL
2026-06-17T16:23:00.648842+00:00,DION_001,218088,0.2619788339988504,SIMULATED,NORMAL
2026-06-17T16:23:00.659129+00:00,DION_001,218089,0.2933230790593358,SIMULATED,NORMAL
2026-06-17T16:23:00.669391+00:00,DION_001,218090,0.3895292923323558,SIMULATED,NORMAL
2026-06-17T16:23:00.679897+00:00,DION_001,218091,0.45485709214486064,SIMULATED,NORMAL
2026-06-17T16:23:00.690446+00:00,DION_001,218092,0.19971344198950838,SIMULATED,NORMAL
2026-06-17T16:23:00.701153+00:00,DION_001,218093,0.6440329521519947,SIMULATED,NORMAL
2026-06-17T16:23:00.711992+00:00,DION_001,218094,0.22709791783876815,SIMULATED,NORMAL
2026-06-17T16:23:00.722569+00:00,DION_001,218095,0.5924687300296956,SIMULATED,NORMAL
2026-06-17T16:23:00.733152+00:00,DION_001,218096,0.5653129981445171,SIMULATED,NORMAL
2026-06-17T16:23:00.743839+00:00,DION_001,218097,0.694804607918648,SIMULATED,NORMAL
2026-06-17T16:23:00.754357+00:00,DION_001,218098,0.7055270077360521,SIMULATED,NORMAL
2026-06-17T16:23:00.765027+00:00,DION_001,218099,0.48721566784589054,SIMULATED,NORMAL
2026-06-17T16:23:00.775768+00:00,DION_001,218100,0.35328481665724026,SIMULATED,NORMAL
2026-06-17T16:23:00.786356+00:00,DION_001,218101,0.7531363680664489,SIMULATED,NORMAL
2026-06-17T16:23:00.796943+00:00,DION_001,218102,0.5899498956226197,SIMULATED,NORMAL
2026-06-17T16:23:00.807473+00:00,DION_001,218103,0.8051179547687483,SIMULATED,NORMAL
2026-06-17T16:23:00.817926+00:00,DION_001,218104,0.41758116976356524,SIMULATED,NORMAL
2026-06-17T16:23:00.828446+00:00,DION_001,218105,0.7483728257468929,SIMULATED,NORMAL
2026-06-17T16:23:00.839113+00:00,DION_001,218106,0.7182847572717359,SIMULATED,NORMAL
2026-06-17T16:23:00.849614+00:00,DION_001,218107,0.728175062855041,SIMULATED,NORMAL
2026-06-17T16:23:00.860191+00:00,DION_001,218108,0.9468008678037491,SIMULATED,NORMAL
2026-06-17T16:23:00.870730+00:00,DION_001,218109,0.9660975395199638,SIMULATED,NORMAL
2026-06-17T16:23:00.881505+00:00,DION_001,218110,1.1258013502867257,SIMULATED,NORMAL
2026-06-17T16:23:00.892188+00:00,DION_001,218111,0.8667313241500572,SIMULATED,NORMAL
2026-06-17T16:23:00.902703+00:00,DION_001,218112,1.0226653655422486,SIMULATED,NORMAL
2026-06-17T16:23:00.913471+00:00,DION_001,218113,0.8766402169421263,SIMULATED,NORMAL
2026-06-17T16:23:00.924051+00:00,DION_001,218114,1.306546312960604,SIMULATED,NORMAL
2026-06-17T16:23:00.934580+00:00,DION_001,218115,1.1128055744038703,SIMULATED,NORMAL
2026-06-17T16:23:00.945289+00:00,DION_001,218116,1.0498861365011074,SIMULATED,NORMAL
2026-06-17T16:23:00.955849+00:00,DION_001,218117,1.0809599038891786,SIMULATED,NORMAL
2026-06-17T16:23:00.966864+00:00,DION_001,218118,1.1484049837204093,SIMULATED,NORMAL
2026-06-17T16:23:00.977407+00:00,DION_001,218119,1.0552795339737473,SIMULATED,NORMAL
2026-06-17T16:23:00.987866+00:00,DION_001,218120,1.3687718394990824,SIMULATED,NORMAL
2026-06-17T16:23:00.998330+00:00,DION_001,218121,0.9513131153737104,SIMULATED,NORMAL
2026-06-17T16:23:01.008816+00:00,DION_001,218122,1.2105579750036233,SIMULATED,NORMAL
2026-06-17T16:23:01.019209+00:00,DION_001,218123,1.283563754477647,SIMULATED,NORMAL
2026-06-17T16:23:01.029527+00:00,DION_001,218124,1.079004942402133,SIMULATED,NORMAL
2026-06-17T16:23:01.039793+00:00,DION_001,218125,1.251861238883424,SIMULATED,NORMAL
2026-06-17T16:23:01.050129+00:00,DION_001,218126,1.046338897382565,SIMULATED,NORMAL
2026-06-17T16:23:01.060517+00:00,DION_001,218127,1.319422569683525,SIMULATED,NORMAL
2026-06-17T16:23:01.071074+00:00,DION_001,218128,1.2746631837284215,SIMULATED,NORMAL
2026-06-17T16:23:01.081433+00:00,DION_001,218129,1.2459906522827013,SIMULATED,NORMAL
2026-06-17T16:23:01.092033+00:00,DION_001,218130,1.3914527132065087,SIMULATED,NORMAL
2026-06-17T16:23:01.102569+00:00,DION_001,218131,1.375072764031469,SIMULATED,NORMAL
2026-06-17T16:23:01.113170+00:00,DION_001,218132,1.0048910604584127,SIMULATED,NORMAL
2026-06-17T16:23:01.123760+00:00,DION_001,218133,1.0982576833387154,SIMULATED,NORMAL
2026-06-17T16:23:01.134312+00:00,DION_001,218134,0.7272037750548379,SIMULATED,NORMAL
2026-06-17T16:23:01.144931+00:00,DION_001,218135,1.1962045776660448,SIMULATED,NORMAL
2026-06-17T16:23:01.155484+00:00,DION_001,218136,3.3597988811017245,SIMULATED,EVENT_DETECTED
2026-06-17T16:23:01.166285+00:00,DION_001,218137,0.8727868337517769,SIMULATED,NORMAL
2026-06-17T16:23:01.177056+00:00,DION_001,218138,0.8858518286911636,SIMULATED,NORMAL
2026-06-17T16:23:01.187726+00:00,DION_001,218139,0.9277419830943078,SIMULATED,NORMAL
2026-06-17T16:23:01.198282+00:00,DION_001,218140,0.776425477420823,SIMULATED,NORMAL
2026-06-17T16:23:01.208968+00:00,DION_001,218141,0.8314198195419865,SIMULATED,NORMAL
2026-06-17T16:23:01.219527+00:00,DION_001,218142,0.7625853522579514,SIMULATED,NORMAL
2026-06-17T16:23:01.230215+00:00,DION_001,218143,0.7173360041971384,SIMULATED,NORMAL
2026-06-17T16:23:01.240778+00:00,DION_001,218144,0.7149607128605614,SIMULATED,NORMAL
2026-06-17T16:23:01.251338+00:00,DION_001,218145,0.844617376857723,SIMULATED,NORMAL
2026-06-17T16:23:01.261950+00:00,DION_001,218146,0.8547145326416352,SIMULATED,NORMAL
2026-06-17T16:23:01.272716+00:00,DION_001,218147,0.6045807961770101,SIMULATED,NORMAL
2026-06-17T16:23:01.283205+00:00,DION_001,218148,0.7124020453665072,SIMULATED,NORMAL
2026-06-17T16:23:01.293864+00:00,DION_001,218149,0.6952581425829353,SIMULATED,NORMAL
2026-06-17T16:23:01.304434+00:00,DION_001,218150,0.48640360483182654,SIMULATED,NORMAL
2026-06-17T16:23:01.315243+00:00,DION_001,218151,0.4152596240506953,SIMULATED,NORMAL
2026-06-17T16:23:01.326013+00:00,DION_001,218152,0.3725700262997115,SIMULATED,NORMAL
2026-06-17T16:23:01.336629+00:00,DION_001,218153,0.33765576567152145,SIMULATED,NORMAL
2026-06-17T16:23:01.347185+00:00,DION_001,218154,0.46777317157866777,SIMULATED,NORMAL
2026-06-17T16:23:01.357763+00:00,DION_001,218155,0.4364955962264619,SIMULATED,NORMAL
2026-06-17T16:23:01.368295+00:00,DION_001,218156,0.32852126632205636,SIMULATED,NORMAL
2026-06-17T16:23:01.379390+00:00,DION_001,218157,0.15127622239723162,SIMULATED,NORMAL
2026-06-17T16:23:01.390032+00:00,DION_001,218158,0.12398581399382241,SIMULATED,NORMAL
2026-06-17T16:23:01.400780+00:00,DION_001,218159,-0.03146510698573346,SIMULATED,NORMAL
2026-06-17T16:23:01.411438+00:00,DION_001,218160,0.04818510943439744,SIMULATED,NORMAL
2026-06-17T16:23:01.422035+00:00,DION_001,218161,0.07601660514675224,SIMULATED,NORMAL
2026-06-17T16:23:01.432651+00:00,DION_001,218162,0.43804319671231123,SIMULATED,NORMAL
2026-06-17T16:23:01.443467+00:00,DION_001,218163,0.1836995770575663,SIMULATED,NORMAL
2026-06-17T16:23:01.454085+00:00,DION_001,218164,0.089308239464754,SIMULATED,NORMAL
2026-06-17T16:23:01.464935+00:00,DION_001,218165,0.2460386493835645,SIMULATED,NORMAL
2026-06-17T16:23:01.475687+00:00,DION_001,218166,0.32798599058364286,SIMULATED,NORMAL
2026-06-17T16:23:01.486372+00:00,DION_001,218167,0.2613102571797733,SIMULATED,NORMAL
2026-06-17T16:23:01.496978+00:00,DION_001,218168,0.4498251969655223,SIMULATED,NORMAL
2026-06-17T16:23:01.507667+00:00,DION_001,218169,0.01303663171439487,SIMULATED,NORMAL
2026-06-17T16:23:01.518198+00:00,DION_001,218170,0.1701453704577957,SIMULATED,NORMAL
2026-06-17T16:23:01.528887+00:00,DION_001,218171,0.18016695801462157,SIMULATED,NORMAL
2026-06-17T16:23:01.539419+00:00,DION_001,218172,0.2519207050835652,SIMULATED,NORMAL
2026-06-17T16:23:01.550100+00:00,DION_001,218173,0.4980941259667933,SIMULATED,NORMAL
2026-06-17T16:23:01.560699+00:00,DION_001,218174,0.21366929763518344,SIMULATED,NORMAL
2026-06-17T16:23:01.571227+00:00,DION_001,218175,0.0594418591613225,SIMULATED,NORMAL
2026-06-17T16:23:01.581827+00:00,DION_001,218176,0.29537229799559933,SIMULATED,NORMAL
2026-06-17T16:23:01.592475+00:00,DION_001,218177,0.34200025676440104,SIMULATED,NORMAL
2026-06-17T16:23:01.603424+00:00,DION_001,218178,0.27269982595130726,SIMULATED,NORMAL
2026-06-17T16:23:01.613979+00:00,DION_001,218179,0.22848679895399407,SIMULATED,NORMAL
2026-06-17T16:23:01.624683+00:00,DION_001,218180,0.3522440826474581,SIMULATED,NORMAL
2026-06-17T16:23:01.635232+00:00,DION_001,218181,0.35866905543349054,SIMULATED,NORMAL
2026-06-17T16:23:01.645763+00:00,DION_001,218182,0.6524685052371924,SIMULATED,NORMAL
2026-06-17T16:23:01.656377+00:00,DION_001,218183,0.52706681078715,SIMULATED,NORMAL
2026-06-17T16:23:01.667067+00:00,DION_001,218184,0.4368300222110511,SIMULATED,NORMAL
2026-06-17T16:23:01.677690+00:00,DION_001,218185,0.5070724007036378,SIMULATED,NORMAL
2026-06-17T16:23:01.688152+00:00,DION_001,218186,0.6210959461049074,SIMULATED,NORMAL
2026-06-17T16:23:01.698607+00:00,DION_001,218187,0.4835667003912074,SIMULATED,NORMAL
2026-06-17T16:23:01.709165+00:00,DION_001,218188,0.661105168755109,SIMULATED,NORMAL
2026-06-17T16:23:01.719565+00:00,DION_001,218189,0.6836352481209721,SIMULATED,NORMAL
2026-06-17T16:23:01.729973+00:00,DION_001,218190,0.7138269598976288,SIMULATED,NORMAL
2026-06-17T16:23:01.740494+00:00,DION_001,218191,0.5193826804671136,SIMULATED,NORMAL
2026-06-17T16:23:01.751105+00:00,DION_001,218192,0.4979015944903409,SIMULATED,NORMAL
2026-06-17T16:23:01.761463+00:00,DION_001,218193,0.7029479460738004,SIMULATED,NORMAL
2026-06-17T16:23:01.772083+00:00,DION_001,218194,0.6007915817035938,SIMULATED,NORMAL
2026-06-17T16:23:01.782485+00:00,DION_001,218195,0.4344438916307674,SIMULATED,NORMAL
2026-06-17T16:23:01.792920+00:00,DION_001,218196,0.6635043069054295,SIMULATED,NORMAL
2026-06-17T16:23:01.803381+00:00,DION_001,218197,0.8192217523445441,SIMULATED,NORMAL
2026-06-17T16:23:01.813948+00:00,DION_001,218198,0.4683654676261355,SIMULATED,NORMAL
2026-06-17T16:23:01.824498+00:00,DION_001,218199,0.5808391574525599,SIMULATED,NORMAL
2026-06-17T16:23:01.835272+00:00,DION_001,218200,0.8849757040764865,SIMULATED,NORMAL
2026-06-17T16:23:01.845917+00:00,DION_001,218201,0.6403108732092777,SIMULATED,NORMAL
2026-06-17T16:23:01.856502+00:00,DION_001,218202,0.8405602875502187,SIMULATED,NORMAL
2026-06-17T16:23:01.867209+00:00,DION_001,218203,0.6625807110035263,SIMULATED,NORMAL
2026-06-17T16:23:01.877861+00:00,DION_001,218204,0.33471411307926974,SIMULATED,NORMAL
2026-06-17T16:23:01.888318+00:00,DION_001,218205,0.7322503781453075,SIMULATED,NORMAL
2026-06-17T16:23:01.899079+00:00,DION_001,218206,0.3196603718089185,SIMULATED,NORMAL
2026-06-17T16:23:01.909862+00:00,DION_001,218207,0.522542501771253,SIMULATED,NORMAL
2026-06-17T16:23:01.920468+00:00,DION_001,218208,0.5333791231059694,SIMULATED,NORMAL
2026-06-17T16:23:01.931225+00:00,DION_001,218209,0.5094068673388912,SIMULATED,NORMAL
2026-06-17T16:23:01.941766+00:00,DION_001,218210,0.4045405195730668,SIMULATED,NORMAL
2026-06-17T16:23:01.952444+00:00,DION_001,218211,0.3603550099573204,SIMULATED,NORMAL
2026-06-17T16:23:01.963526+00:00,DION_001,218212,0.4998968133830068,SIMULATED,NORMAL
2026-06-17T16:23:01.974121+00:00,DION_001,218213,0.32623724184401864,SIMULATED,NORMAL
2026-06-17T16:23:01.984752+00:00,DION_001,218214,0.29622392488271276,SIMULATED,NORMAL
2026-06-17T16:23:01.995542+00:00,DION_001,218215,0.4197561841384525,SIMULATED,NORMAL
2026-06-17T16:23:02.006121+00:00,DION_001,218216,0.1597930595121835,SIMULATED,NORMAL
2026-06-17T16:23:02.016681+00:00,DION_001,218217,0.1633361290758488,SIMULATED,NORMAL
2026-06-17T16:23:02.027304+00:00,DION_001,218218,0.381763329785082,SIMULATED,NORMAL
2026-06-17T16:23:02.037828+00:00,DION_001,218219,0.01236316372783998,SIMULATED,NORMAL
2026-06-17T16:23:02.048316+00:00,DION_001,218220,0.21551079078331709,SIMULATED,NORMAL
2026-06-17T16:23:02.059085+00:00,DION_001,218221,0.13276679350756238,SIMULATED,NORMAL
2026-06-17T16:23:02.069661+00:00,DION_001,218222,-0.11165067963570932,SIMULATED,NORMAL
2026-06-17T16:23:02.080169+00:00,DION_001,218223,-0.04007448829442469,SIMULATED,NORMAL
2026-06-17T16:23:02.090668+00:00,DION_001,218224,-0.38041083564442096,SIMULATED,NORMAL
2026-06-17T16:23:02.101085+00:00,DION_001,218225,-0.14731003922869304,SIMULATED,NORMAL
2026-06-17T16:23:02.111471+00:00,DION_001,218226,-0.46910457687283913,SIMULATED,NORMAL
2026-06-17T16:23:02.121902+00:00,DION_001,218227,-0.2158260723799092,SIMULATED,NORMAL
2026-06-17T16:23:02.132409+00:00,DION_001,218228,-0.3106406766340744,SIMULATED,NORMAL
2026-06-17T16:23:02.143277+00:00,DION_001,218229,-0.33306737908930945,SIMULATED,NORMAL
2026-06-17T16:23:02.153566+00:00,DION_001,218230,-0.028534334339322398,SIMULATED,NORMAL
2026-06-17T16:23:02.163835+00:00,DION_001,218231,-0.33430225573327943,SIMULATED,NORMAL
2026-06-17T16:23:02.174254+00:00,DION_001,218232,-0.5949298891905446,SIMULATED,NORMAL
2026-06-17T16:23:02.184766+00:00,DION_001,218233,-0.7242668315770423,SIMULATED,NORMAL
2026-06-17T16:23:02.195460+00:00,DION_001,218234,-0.6488281009989372,SIMULATED,NORMAL
2026-06-17T16:23:02.206004+00:00,DION_001,218235,-0.9378146403159577,SIMULATED,NORMAL
2026-06-17T16:23:02.216676+00:00,DION_001,218236,-3.607569700567152,SIMULATED,EVENT_DETECTED
2026-06-17T16:23:02.227757+00:00,DION_001,218237,-0.42383452398111643,SIMULATED,NORMAL
2026-06-17T16:23:02.238490+00:00,DION_001,218238,-0.38461796049390384,SIMULATED,NORMAL
2026-06-17T16:23:02.249089+00:00,DION_001,218239,-0.4022021335367461,SIMULATED,NORMAL
2026-06-17T16:23:02.259671+00:00,DION_001,218240,-0.699224232052458,SIMULATED,NORMAL
2026-06-17T16:23:02.270183+00:00,DION_001,218241,-0.6739116741623269,SIMULATED,NORMAL
2026-06-17T16:23:02.280795+00:00,DION_001,218242,-0.556696032329176,SIMULATED,NORMAL
2026-06-17T16:23:02.291414+00:00,DION_001,218243,-0.6103461933174229,SIMULATED,NORMAL
2026-06-17T16:23:02.301949+00:00,DION_001,218244,-0.6298189416499347,SIMULATED,NORMAL
2026-06-17T16:23:02.312698+00:00,DION_001,218245,-0.7006954670450105,SIMULATED,NORMAL
2026-06-17T16:23:02.323290+00:00,DION_001,218246,-0.6830640268232127,SIMULATED,NORMAL
2026-06-17T16:23:02.333877+00:00,DION_001,218247,-0.9218012229353556,SIMULATED,NORMAL
2026-06-17T16:23:02.344655+00:00,DION_001,218248,-0.7569262930239301,SIMULATED,NORMAL
2026-06-17T16:23:02.355318+00:00,DION_001,218249,-0.6261068591326843,SIMULATED,NORMAL
2026-06-17T16:23:02.366067+00:00,DION_001,218250,-0.9246714184781474,SIMULATED,NORMAL
2026-06-17T16:23:02.376731+00:00,DION_001,218251,-0.8554583976517033,SIMULATED,NORMAL
2026-06-17T16:23:02.387317+00:00,DION_001,218252,-0.6442852929282892,SIMULATED,NORMAL
2026-06-17T16:23:02.398162+00:00,DION_001,218253,-0.640541618514774,SIMULATED,NORMAL
2026-06-17T16:23:02.408854+00:00,DION_001,218254,-0.9056405879361735,SIMULATED,NORMAL
2026-06-17T16:23:02.419635+00:00,DION_001,218255,-0.8264511919512736,SIMULATED,NORMAL
2026-06-17T16:23:02.430236+00:00,DION_001,218256,-0.7364394760273274,SIMULATED,NORMAL
2026-06-17T16:23:02.440756+00:00,DION_001,218257,-0.8465644291424588,SIMULATED,NORMAL
2026-06-17T16:23:02.451431+00:00,DION_001,218258,-0.827169123892996,SIMULATED,NORMAL
2026-06-17T16:23:02.461958+00:00,DION_001,218259,-0.5031835327407898,SIMULATED,NORMAL
2026-06-17T16:23:02.472404+00:00,DION_001,218260,-0.7556547306488038,SIMULATED,NORMAL
2026-06-17T16:23:02.482775+00:00,DION_001,218261,-0.3905464126827235,SIMULATED,NORMAL
2026-06-17T16:23:02.493181+00:00,DION_001,218262,-0.5176847826413367,SIMULATED,NORMAL
2026-06-17T16:23:02.503584+00:00,DION_001,218263,-0.4686551886853157,SIMULATED,NORMAL
2026-06-17T16:23:02.513926+00:00,DION_001,218264,-0.5938228093910449,SIMULATED,NORMAL
2026-06-17T16:23:02.524250+00:00,DION_001,218265,-0.23231026930606247,SIMULATED,NORMAL
2026-06-17T16:23:02.534649+00:00,DION_001,218266,-0.40628261378382197,SIMULATED,NORMAL
2026-06-17T16:23:02.545133+00:00,DION_001,218267,-0.3389793959817734,SIMULATED,NORMAL
2026-06-17T16:23:02.555507+00:00,DION_001,218268,-0.6143683697161851,SIMULATED,NORMAL
2026-06-17T16:23:02.565829+00:00,DION_001,218269,-0.28040022909904694,SIMULATED,NORMAL
2026-06-17T16:23:02.576126+00:00,DION_001,218270,-0.3632779836527902,SIMULATED,NORMAL
2026-06-17T16:23:02.586402+00:00,DION_001,218271,-0.46103410719274013,SIMULATED,NORMAL
2026-06-17T16:23:02.596726+00:00,DION_001,218272,-0.37931773475348113,SIMULATED,NORMAL
2026-06-17T16:23:02.607023+00:00,DION_001,218273,-0.3642628740777493,SIMULATED,NORMAL
2026-06-17T16:23:02.617311+00:00,DION_001,218274,-0.24472176273418866,SIMULATED,NORMAL
2026-06-17T16:23:02.627700+00:00,DION_001,218275,-0.28039728217293713,SIMULATED,NORMAL
2026-06-17T16:23:02.638010+00:00,DION_001,218276,-0.25151792820125884,SIMULATED,NORMAL
2026-06-17T16:23:02.648318+00:00,DION_001,218277,-0.48557519707244823,SIMULATED,NORMAL
2026-06-17T16:23:02.658903+00:00,DION_001,218278,-0.5959413122241629,SIMULATED,NORMAL
2026-06-17T16:23:02.669234+00:00,DION_001,218279,-0.20981978725231795,SIMULATED,NORMAL
2026-06-17T16:23:02.679569+00:00,DION_001,218280,-0.3953247517090432,SIMULATED,NORMAL
2026-06-17T16:23:02.689867+00:00,DION_001,218281,-0.21893232883183436,SIMULATED,NORMAL
2026-06-17T16:23:02.700197+00:00,DION_001,218282,-0.2632850430878566,SIMULATED,NORMAL
2026-06-17T16:23:02.710548+00:00,DION_001,218283,-0.2929718020503564,SIMULATED,NORMAL
2026-06-17T16:23:02.720871+00:00,DION_001,218284,-0.20379041742970486,SIMULATED,NORMAL
2026-06-17T16:23:02.731255+00:00,DION_001,218285,-0.33763286040128887,SIMULATED,NORMAL
2026-06-17T16:23:02.741592+00:00,DION_001,218286,-0.4906285281480849,SIMULATED,NORMAL
2026-06-17T16:23:02.752005+00:00,DION_001,218287,-0.40827612241297034,SIMULATED,NORMAL
2026-06-17T16:23:02.762323+00:00,DION_001,218288,-0.3666840059402699,SIMULATED,NORMAL
2026-06-17T16:23:02.772649+00:00,DION_001,218289,-0.4596648926487894,SIMULATED,NORMAL
2026-06-17T16:23:02.782979+00:00,DION_001,218290,-0.35213224315176006,SIMULATED,NORMAL
2026-06-17T16:23:02.793258+00:00,DION_001,218291,-0.666813214131771,SIMULATED,NORMAL
2026-06-17T16:23:02.803619+00:00,DION_001,218292,-0.6576377030256996,SIMULATED,NORMAL
2026-06-17T16:23:02.814028+00:00,DION_001,218293,-0.6010150029418906,SIMULATED,NORMAL
2026-06-17T16:23:02.824422+00:00,DION_001,218294,-0.5055818722475142,SIMULATED,NORMAL
2026-06-17T16:23:02.834921+00:00,DION_001,218295,-0.7840049466050127,SIMULATED,NORMAL
2026-06-17T16:23:02.845348+00:00,DION_001,218296,-0.7806809076376521,SIMULATED,NORMAL
2026-06-17T16:23:02.855675+00:00,DION_001,218297,-0.8418665100323419,SIMULATED,NORMAL
2026-06-17T16:23:02.865977+00:00,DION_001,218298,-0.6999653741010845,SIMULATED,NORMAL
2026-06-17T16:23:02.876300+00:00,DION_001,218299,-0.6989026691414275,SIMULATED,NORMAL
2026-06-17T16:23:02.886591+00:00,DION_001,218300,-0.6363671553811742,SIMULATED,NORMAL
2026-06-17T16:23:02.896849+00:00,DION_001,218301,-0.9289532442427781,SIMULATED,NORMAL
2026-06-17T16:23:02.907217+00:00,DION_001,218302,-0.7517321485289923,SIMULATED,NORMAL
2026-06-17T16:23:02.917481+00:00,DION_001,218303,-0.6777597432122329,SIMULATED,NORMAL
2026-06-17T16:23:02.927754+00:00,DION_001,218304,-0.9339525576523316,SIMULATED,NORMAL
2026-06-17T16:23:02.938206+00:00,DION_001,218305,-0.7352792652830005,SIMULATED,NORMAL
2026-06-17T16:23:02.948856+00:00,DION_001,218306,-0.7378175146243053,SIMULATED,NORMAL
2026-06-17T16:23:02.959442+00:00,DION_001,218307,-0.8879323326386875,SIMULATED,NORMAL
2026-06-17T16:23:02.969949+00:00,DION_001,218308,-0.9318373566079731,SIMULATED,NORMAL
2026-06-17T16:23:02.980394+00:00,DION_001,218309,-1.2420835556078822,SIMULATED,NORMAL
2026-06-17T16:23:02.990975+00:00,DION_001,218310,-0.950575243154992,SIMULATED,NORMAL
2026-06-17T16:23:03.001465+00:00,DION_001,218311,-0.8755635971002587,SIMULATED,NORMAL
2026-06-17T16:23:03.012062+00:00,DION_001,218312,-1.1796861722612821,SIMULATED,NORMAL
2026-06-17T16:23:03.022636+00:00,DION_001,218313,-0.8938229655121769,SIMULATED,NORMAL
2026-06-17T16:23:03.033165+00:00,DION_001,218314,-0.9058826667993173,SIMULATED,NORMAL
2026-06-17T16:23:03.043866+00:00,DION_001,218315,-1.1936537537237784,SIMULATED,NORMAL
2026-06-17T16:23:03.054375+00:00,DION_001,218316,-1.1136566048831749,SIMULATED,NORMAL
2026-06-17T16:23:03.064973+00:00,DION_001,218317,-1.0977521421635923,SIMULATED,NORMAL
2026-06-17T16:23:03.075630+00:00,DION_001,218318,-1.120779747372155,SIMULATED,NORMAL
2026-06-17T16:23:03.086132+00:00,DION_001,218319,-1.2689925621370939,SIMULATED,NORMAL
2026-06-17T16:23:03.096822+00:00,DION_001,218320,-1.1887349496856097,SIMULATED,NORMAL
2026-06-17T16:23:03.107405+00:00,DION_001,218321,-1.1774880144124615,SIMULATED,NORMAL
2026-06-17T16:23:03.117991+00:00,DION_001,218322,-1.1729441691349747,SIMULATED,NORMAL
2026-06-17T16:23:03.128998+00:00,DION_001,218323,-1.10507393313256,SIMULATED,NORMAL
2026-06-17T16:23:03.139559+00:00,DION_001,218324,-1.0714579373943338,SIMULATED,NORMAL
2026-06-17T16:23:03.150078+00:00,DION_001,218325,-1.0183128434408697,SIMULATED,NORMAL
2026-06-17T16:23:03.160808+00:00,DION_001,218326,-1.1567439378972624,SIMULATED,NORMAL
2026-06-17T16:23:03.171333+00:00,DION_001,218327,-1.1501697875577765,SIMULATED,NORMAL
2026-06-17T16:23:03.181897+00:00,DION_001,218328,-1.3307740245594981,SIMULATED,NORMAL
2026-06-17T16:23:03.192494+00:00,DION_001,218329,-1.1151179887898413,SIMULATED,NORMAL
2026-06-17T16:23:03.203172+00:00,DION_001,218330,-1.0074963086886926,SIMULATED,NORMAL
2026-06-17T16:23:03.213677+00:00,DION_001,218331,-0.7093325577557319,SIMULATED,NORMAL
2026-06-17T16:23:03.224189+00:00,DION_001,218332,-0.8258231690445554,SIMULATED,NORMAL
2026-06-17T16:23:03.234675+00:00,DION_001,218333,-0.9558550957439699,SIMULATED,NORMAL
2026-06-17T16:23:03.245128+00:00,DION_001,218334,-0.9744486015419577,SIMULATED,NORMAL
2026-06-17T16:23:03.255424+00:00,DION_001,218335,-1.0145696605304257,SIMULATED,NORMAL
2026-06-17T16:23:03.265887+00:00,DION_001,218336,-0.9156120534816905,SIMULATED,NORMAL
2026-06-17T16:23:03.276318+00:00,DION_001,218337,-0.9648578321692141,SIMULATED,NORMAL
2026-06-17T16:23:03.286775+00:00,DION_001,218338,-0.5750150756357955,SIMULATED,NORMAL
2026-06-17T16:23:03.297414+00:00,DION_001,218339,-0.9098210606023488,SIMULATED,NORMAL
2026-06-17T16:23:03.307940+00:00,DION_001,218340,-0.9301777691207717,SIMULATED,NORMAL
2026-06-17T16:23:03.318662+00:00,DION_001,218341,-0.9383474910411347,SIMULATED,NORMAL
2026-06-17T16:23:03.329334+00:00,DION_001,218342,-1.067506263127916,SIMULATED,NORMAL
2026-06-17T16:23:03.339923+00:00,DION_001,218343,-0.8383877286532317,SIMULATED,NORMAL
2026-06-17T16:23:03.350640+00:00,DION_001,218344,-0.6168318478542152,SIMULATED,NORMAL
2026-06-17T16:23:03.361511+00:00,DION_001,218345,-0.31607772438399584,SIMULATED,NORMAL
2026-06-17T16:23:03.372082+00:00,DION_001,218346,-0.31547504396227133,SIMULATED,NORMAL
2026-06-17T16:23:03.382544+00:00,DION_001,218347,-0.5293290962308832,SIMULATED,NORMAL
2026-06-17T16:23:03.393142+00:00,DION_001,218348,-0.5323980211825456,SIMULATED,NORMAL
2026-06-17T16:23:03.403670+00:00,DION_001,218349,-0.4914321410902249,SIMULATED,NORMAL
2026-06-17T16:23:03.414185+00:00,DION_001,218350,-0.5151487909203597,SIMULATED,NORMAL
2026-06-17T16:23:03.424846+00:00,DION_001,218351,0.0052677283721544454,SIMULATED,NORMAL
2026-06-17T16:23:03.435494+00:00,DION_001,218352,-0.5776480453263337,SIMULATED,NORMAL
2026-06-17T16:23:03.446132+00:00,DION_001,218353,-0.4829889804232128,SIMULATED,NORMAL
2026-06-17T16:23:03.456703+00:00,DION_001,218354,2.729729142622629,SIMULATED,EVENT_DETECTED
2026-06-17T16:23:03.467437+00:00,DION_001,218355,-0.011611582723503239,SIMULATED,NORMAL
2026-06-17T16:23:03.478283+00:00,DION_001,218356,-0.1887100676243875,SIMULATED,NORMAL
2026-06-17T16:23:03.488866+00:00,DION_001,218357,-0.22226932593551169,SIMULATED,NORMAL
2026-06-17T16:23:03.499456+00:00,DION_001,218358,-0.23088559236246176,SIMULATED,NORMAL
2026-06-17T16:23:03.509945+00:00,DION_001,218359,-0.07985328040609238,SIMULATED,NORMAL
2026-06-17T16:23:03.520482+00:00,DION_001,218360,0.4211854769386116,SIMULATED,NORMAL
2026-06-17T16:23:03.531225+00:00,DION_001,218361,-0.499114564433525,SIMULATED,NORMAL
2026-06-17T16:23:03.541753+00:00,DION_001,218362,-0.03555783526550883,SIMULATED,NORMAL
2026-06-17T16:23:03.552428+00:00,DION_001,218363,-0.25855933979096457,SIMULATED,NORMAL
2026-06-17T16:23:03.563201+00:00,DION_001,218364,-0.0005512546337233526,SIMULATED,NORMAL
2026-06-17T16:23:03.573725+00:00,DION_001,218365,-0.03848543918826175,SIMULATED,NORMAL
2026-06-17T16:23:03.584239+00:00,DION_001,218366,-0.08319478683446599,SIMULATED,NORMAL
2026-06-17T16:23:03.595013+00:00,DION_001,218367,-0.2592109882929893,SIMULATED,NORMAL
2026-06-17T16:23:03.605591+00:00,DION_001,218368,-0.00048488985516741134,SIMULATED,NORMAL
2026-06-17T16:23:03.616090+00:00,DION_001,218369,-0.04442346428137653,SIMULATED,NORMAL
2026-06-17T16:23:03.626520+00:00,DION_001,218370,-0.20765845211901293,SIMULATED,NORMAL
2026-06-17T16:23:03.636884+00:00,DION_001,218371,-0.007640426109891116,SIMULATED,NORMAL
2026-06-17T16:23:03.647287+00:00,DION_001,218372,-0.38899774169421114,SIMULATED,NORMAL
2026-06-17T16:23:03.657670+00:00,DION_001,218373,0.1172632595083864,SIMULATED,NORMAL
2026-06-17T16:23:03.668262+00:00,DION_001,218374,-0.053625031425269115,SIMULATED,NORMAL
2026-06-17T16:23:03.678952+00:00,DION_001,218375,0.010346673369967446,SIMULATED,NORMAL
2026-06-17T16:23:03.689270+00:00,DION_001,218376,-0.10676058397601375,SIMULATED,NORMAL
2026-06-17T16:23:03.699591+00:00,DION_001,218377,-0.05799812048637898,SIMULATED,NORMAL
2026-06-17T16:23:03.710047+00:00,DION_001,218378,-0.19746292524877612,SIMULATED,NORMAL
2026-06-17T16:23:03.720513+00:00,DION_001,218379,-0.14962786048770507,SIMULATED,NORMAL
2026-06-17T16:23:03.730994+00:00,DION_001,218380,-0.2430618861233299,SIMULATED,NORMAL
2026-06-17T16:23:03.744505+00:00,DION_001,218381,2.4112088737703763,SIMULATED,EVENT_DETECTED
2026-06-17T16:23:03.755342+00:00,DION_001,218382,-0.2662444726108465,SIMULATED,NORMAL
2026-06-17T16:23:03.765789+00:00,DION_001,218383,-0.1547869285923844,SIMULATED,NORMAL
2026-06-17T16:23:03.776137+00:00,DION_001,218384,-0.05701102497595917,SIMULATED,NORMAL
2026-06-17T16:23:03.786492+00:00,DION_001,218385,-0.37807012101676896,SIMULATED,NORMAL
2026-06-17T16:23:03.797003+00:00,DION_001,218386,-0.37300961471676386,SIMULATED,NORMAL
2026-06-17T16:23:03.807681+00:00,DION_001,218387,-0.5407420497888893,SIMULATED,NORMAL
2026-06-17T16:23:03.818164+00:00,DION_001,218388,-0.5426535616669526,SIMULATED,NORMAL
2026-06-17T16:23:03.828838+00:00,DION_001,218389,-0.3524768631628821,SIMULATED,NORMAL
2026-06-17T16:23:03.839396+00:00,DION_001,218390,-0.35921745725173054,SIMULATED,NORMAL
2026-06-17T16:23:03.849929+00:00,DION_001,218391,-0.42382248705933123,SIMULATED,NORMAL
2026-06-17T16:23:03.860671+00:00,DION_001,218392,-0.893770364632523,SIMULATED,NORMAL
2026-06-17T16:23:03.871243+00:00,DION_001,218393,-0.28417164318943383,SIMULATED,NORMAL
2026-06-17T16:23:03.881873+00:00,DION_001,218394,-0.46938445369859066,SIMULATED,NORMAL
2026-06-17T16:23:03.892500+00:00,DION_001,218395,-0.6041045619074372,SIMULATED,NORMAL
2026-06-17T16:23:03.903320+00:00,DION_001,218396,-0.5725456405397099,SIMULATED,NORMAL
2026-06-17T16:23:03.913873+00:00,DION_001,218397,-0.4087330209751154,SIMULATED,NORMAL
2026-06-17T16:23:03.924466+00:00,DION_001,218398,-0.2796846951613876,SIMULATED,NORMAL
2026-06-17T16:23:03.935076+00:00,DION_001,218399,-0.6395202936550664,SIMULATED,NORMAL
2026-06-17T16:23:03.945579+00:00,DION_001,218400,-0.39521875335483897,SIMULATED,NORMAL
2026-06-17T16:23:03.956137+00:00,DION_001,218401,-0.786841330480707,SIMULATED,NORMAL
2026-06-17T16:23:03.966709+00:00,DION_001,218402,-0.21500429005268384,SIMULATED,NORMAL
2026-06-17T16:23:03.977101+00:00,DION_001,218403,-0.6550827481525009,SIMULATED,NORMAL
2026-06-17T16:23:03.987486+00:00,DION_001,218404,-0.5821492489131705,SIMULATED,NORMAL
2026-06-17T16:23:03.997861+00:00,DION_001,218405,-0.41270429487799715,SIMULATED,NORMAL
2026-06-17T16:23:04.008489+00:00,DION_001,218406,-0.32523776521024517,SIMULATED,NORMAL
2026-06-17T16:23:04.019085+00:00,DION_001,218407,-0.34826919607630025,SIMULATED,NORMAL
2026-06-17T16:23:04.029684+00:00,DION_001,218408,0.02849647120771126,SIMULATED,NORMAL
2026-06-17T16:23:04.040205+00:00,DION_001,218409,-0.2075256386816732,SIMULATED,NORMAL
2026-06-17T16:23:04.050734+00:00,DION_001,218410,-0.06870931814153047,SIMULATED,NORMAL
2026-06-17T16:23:04.061412+00:00,DION_001,218411,-0.17739592754623834,SIMULATED,NORMAL
2026-06-17T16:23:04.071988+00:00,DION_001,218412,-0.3478781744707149,SIMULATED,NORMAL
2026-06-17T16:23:04.082590+00:00,DION_001,218413,-0.26147408674294004,SIMULATED,NORMAL
2026-06-17T16:23:04.093309+00:00,DION_001,218414,-0.12246496093497752,SIMULATED,NORMAL
2026-06-17T16:23:04.103857+00:00,DION_001,218415,0.2603232916496382,SIMULATED,NORMAL
2026-06-17T16:23:04.114428+00:00,DION_001,218416,-0.1083254557108034,SIMULATED,NORMAL
2026-06-17T16:23:04.125023+00:00,DION_001,218417,0.043868427099300396,SIMULATED,NORMAL
2026-06-17T16:23:04.135669+00:00,DION_001,218418,-0.11566106920389221,SIMULATED,NORMAL
2026-06-17T16:23:04.146290+00:00,DION_001,218419,0.25526491849200295,SIMULATED,NORMAL
2026-06-17T16:23:04.156837+00:00,DION_001,218420,0.05669098315390622,SIMULATED,NORMAL
2026-06-17T16:23:04.167621+00:00,DION_001,218421,0.22578766287305777,SIMULATED,NORMAL
2026-06-17T16:23:04.178549+00:00,DION_001,218422,0.33162139275621466,SIMULATED,NORMAL
2026-06-17T16:23:04.189132+00:00,DION_001,218423,0.12354688139810868,SIMULATED,NORMAL
2026-06-17T16:23:04.199745+00:00,DION_001,218424,0.3798224341038936,SIMULATED,NORMAL
2026-06-17T16:23:04.210459+00:00,DION_001,218425,0.5277579876854255,SIMULATED,NORMAL
2026-06-17T16:23:04.220964+00:00,DION_001,218426,0.17925612838423532,SIMULATED,NORMAL
2026-06-17T16:23:04.231488+00:00,DION_001,218427,0.7750566393312264,SIMULATED,NORMAL
2026-06-17T16:23:04.242035+00:00,DION_001,218428,0.6733052879703771,SIMULATED,NORMAL
2026-06-17T16:23:04.252696+00:00,DION_001,218429,0.3676802628250253,SIMULATED,NORMAL
2026-06-17T16:23:04.263239+00:00,DION_001,218430,0.3935895915386874,SIMULATED,NORMAL
2026-06-17T16:23:04.273711+00:00,DION_001,218431,0.5469314184025671,SIMULATED,NORMAL
2026-06-17T16:23:04.284179+00:00,DION_001,218432,0.642636628080555,SIMULATED,NORMAL
2026-06-17T16:23:04.294765+00:00,DION_001,218433,0.798520900142293,SIMULATED,NORMAL
2026-06-17T16:23:04.305319+00:00,DION_001,218434,0.578124712152518,SIMULATED,NORMAL
2026-06-17T16:23:04.315776+00:00,DION_001,218435,0.8103734815512487,SIMULATED,NORMAL
2026-06-17T16:23:04.326091+00:00,DION_001,218436,0.6270627394323975,SIMULATED,NORMAL
2026-06-17T16:23:04.336476+00:00,DION_001,218437,0.9230064000279283,SIMULATED,NORMAL
2026-06-17T16:23:04.346837+00:00,DION_001,218438,0.7838018704417912,SIMULATED,NORMAL
2026-06-17T16:23:04.357147+00:00,DION_001,218439,1.0150077957636603,SIMULATED,NORMAL
2026-06-17T16:23:04.367728+00:00,DION_001,218440,1.0552729515980395,SIMULATED,NORMAL
2026-06-17T16:23:04.378484+00:00,DION_001,218441,0.8511111070940365,SIMULATED,NORMAL
2026-06-17T16:23:04.389047+00:00,DION_001,218442,0.8797285965148688,SIMULATED,NORMAL
2026-06-17T16:23:04.399631+00:00,DION_001,218443,0.8188978939936499,SIMULATED,NORMAL
2026-06-17T16:23:04.410253+00:00,DION_001,218444,1.1613905038736618,SIMULATED,NORMAL
2026-06-17T16:23:04.420825+00:00,DION_001,218445,0.8809765492351675,SIMULATED,NORMAL
2026-06-17T16:23:04.431444+00:00,DION_001,218446,0.5563417852435795,SIMULATED,NORMAL
2026-06-17T16:23:04.441899+00:00,DION_001,218447,1.0278009035106301,SIMULATED,NORMAL
2026-06-17T16:23:04.452435+00:00,DION_001,218448,0.7624163277437549,SIMULATED,NORMAL
2026-06-17T16:23:04.463165+00:00,DION_001,218449,2.9748916204645295,SIMULATED,EVENT_DETECTED
2026-06-17T16:23:04.474330+00:00,DION_001,218450,0.5418151232449984,SIMULATED,NORMAL
2026-06-17T16:23:04.484953+00:00,DION_001,218451,0.6846060832453591,SIMULATED,NORMAL
2026-06-17T16:23:04.495726+00:00,DION_001,218452,1.0379489384280938,SIMULATED,NORMAL
2026-06-17T16:23:04.506302+00:00,DION_001,218453,0.7233084805267433,SIMULATED,NORMAL
2026-06-17T16:23:04.517026+00:00,DION_001,218454,0.6468710063622329,SIMULATED,NORMAL
2026-06-17T16:23:04.527732+00:00,DION_001,218455,3.78108311503869,SIMULATED,EVENT_DETECTED
2026-06-17T16:23:04.538518+00:00,DION_001,218456,0.9226801207344013,SIMULATED,NORMAL
2026-06-17T16:23:04.549181+00:00,DION_001,218457,0.6714606279415269,SIMULATED,NORMAL
2026-06-17T16:23:04.559921+00:00,DION_001,218458,0.6371847496450667,SIMULATED,NORMAL
2026-06-17T16:23:04.570530+00:00,DION_001,218459,0.6497155090160209,SIMULATED,NORMAL
2026-06-17T16:23:04.581233+00:00,DION_001,218460,0.8423795339730541,SIMULATED,NORMAL
2026-06-17T16:23:04.591950+00:00,DION_001,218461,0.30250055808512305,SIMULATED,NORMAL
2026-06-17T16:23:04.602506+00:00,DION_001,218462,-1.8436580217995777,SIMULATED,NORMAL
2026-06-17T16:23:04.613166+00:00,DION_001,218463,0.5800355833742046,SIMULATED,NORMAL
2026-06-17T16:23:04.623665+00:00,DION_001,218464,0.6746942775099083,SIMULATED,NORMAL
2026-06-17T16:23:04.634189+00:00,DION_001,218465,0.6178417008443553,SIMULATED,NORMAL
2026-06-17T16:23:04.644772+00:00,DION_001,218466,0.3681107582433053,SIMULATED,NORMAL
2026-06-17T16:23:04.655444+00:00,DION_001,218467,0.536747605791726,SIMULATED,NORMAL
2026-06-17T16:23:04.665990+00:00,DION_001,218468,0.28149841299643413,SIMULATED,NORMAL
2026-06-17T16:23:04.676636+00:00,DION_001,218469,0.3636551290337422,SIMULATED,NORMAL
2026-06-17T16:23:04.687256+00:00,DION_001,218470,0.7253626829924478,SIMULATED,NORMAL
2026-06-17T16:23:04.697809+00:00,DION_001,218471,0.5020237152814975,SIMULATED,NORMAL
2026-06-17T16:23:04.708439+00:00,DION_001,218472,0.418043502246813,SIMULATED,NORMAL
2026-06-17T16:23:04.719166+00:00,DION_001,218473,0.5105818978628087,SIMULATED,NORMAL
2026-06-17T16:23:04.729678+00:00,DION_001,218474,0.2635321877174705,SIMULATED,NORMAL
2026-06-17T16:23:04.740359+00:00,DION_001,218475,0.0765820159700788,SIMULATED,NORMAL
2026-06-17T16:23:04.751015+00:00,DION_001,218476,0.3230448575009449,SIMULATED,NORMAL
2026-06-17T16:23:04.761684+00:00,DION_001,218477,0.26088944994145774,SIMULATED,NORMAL
2026-06-17T16:23:04.772261+00:00,DION_001,218478,0.7340091715122569,SIMULATED,NORMAL
2026-06-17T16:23:04.782802+00:00,DION_001,218479,0.33068875167392753,SIMULATED,NORMAL
2026-06-17T16:23:04.793427+00:00,DION_001,218480,0.29223103922790916,SIMULATED,NORMAL
2026-06-17T16:23:04.803908+00:00,DION_001,218481,0.31275798266036486,SIMULATED,NORMAL
2026-06-17T16:23:04.814585+00:00,DION_001,218482,0.6330894082261049,SIMULATED,NORMAL
2026-06-17T16:23:04.824967+00:00,DION_001,218483,0.5327502069787153,SIMULATED,NORMAL
2026-06-17T16:23:04.835519+00:00,DION_001,218484,0.7630244082727895,SIMULATED,NORMAL
2026-06-17T16:23:04.846453+00:00,DION_001,218485,0.17914746399618314,SIMULATED,NORMAL
2026-06-17T16:23:04.856917+00:00,DION_001,218486,0.3329143612117578,SIMULATED,NORMAL
2026-06-17T16:23:04.867613+00:00,DION_001,218487,0.4834441748340237,SIMULATED,NORMAL
2026-06-17T16:23:04.878160+00:00,DION_001,218488,0.5451330871234382,SIMULATED,NORMAL
2026-06-17T16:23:04.888708+00:00,DION_001,218489,0.7087052217984636,SIMULATED,NORMAL
2026-06-17T16:23:04.899171+00:00,DION_001,218490,0.37115855421087013,SIMULATED,NORMAL
2026-06-17T16:23:04.909750+00:00,DION_001,218491,0.5221334331022542,SIMULATED,NORMAL
2026-06-17T16:23:04.920237+00:00,DION_001,218492,0.22846326669918443,SIMULATED,NORMAL
2026-06-17T16:23:04.930778+00:00,DION_001,218493,0.615972832779876,SIMULATED,NORMAL
2026-06-17T16:23:04.941410+00:00,DION_001,218494,0.5240383668707551,SIMULATED,NORMAL
2026-06-17T16:23:04.951915+00:00,DION_001,218495,0.4415041690604181,SIMULATED,NORMAL
2026-06-17T16:23:04.962593+00:00,DION_001,218496,0.7705746700384346,SIMULATED,NORMAL
2026-06-17T16:23:04.973064+00:00,DION_001,218497,0.6414527254044052,SIMULATED,NORMAL
2026-06-17T16:23:04.983701+00:00,DION_001,218498,0.8406358423971817,SIMULATED,NORMAL
2026-06-17T16:23:04.994274+00:00,DION_001,218499,0.7418470752890283,SIMULATED,NORMAL
2026-06-17T16:23:05.004753+00:00,DION_001,218500,0.7365414747658663,SIMULATED,NORMAL
2026-06-17T16:23:05.015298+00:00,DION_001,218501,0.7843746615819387,SIMULATED,NORMAL
2026-06-17T16:23:05.025759+00:00,DION_001,218502,0.9489095728001702,SIMULATED,NORMAL
2026-06-17T16:23:05.036348+00:00,DION_001,218503,1.0880673204220228,SIMULATED,NORMAL
2026-06-17T16:23:05.046951+00:00,DION_001,218504,0.7826322011363336,SIMULATED,NORMAL
2026-06-17T16:23:05.057439+00:00,DION_001,218505,1.2639366908500356,SIMULATED,NORMAL
2026-06-17T16:23:05.067996+00:00,DION_001,218506,1.1911704259637828,SIMULATED,NORMAL
2026-06-17T16:23:05.078610+00:00,DION_001,218507,1.0518727432199928,SIMULATED,NORMAL
2026-06-17T16:23:05.088922+00:00,DION_001,218508,1.0327377674924048,SIMULATED,NORMAL
2026-06-17T16:23:05.099243+00:00,DION_001,218509,1.2038082860592252,SIMULATED,NORMAL
2026-06-17T16:23:05.109631+00:00,DION_001,218510,1.2123234405949948,SIMULATED,NORMAL
2026-06-17T16:23:05.120162+00:00,DION_001,218511,1.073009506586692,SIMULATED,NORMAL
2026-06-17T16:23:05.130588+00:00,DION_001,218512,0.9303640230933028,SIMULATED,NORMAL
2026-06-17T16:23:05.141303+00:00,DION_001,218513,1.319284076950776,SIMULATED,NORMAL
2026-06-17T16:23:05.151753+00:00,DION_001,218514,1.1786643450278222,SIMULATED,NORMAL
2026-06-17T16:23:05.162323+00:00,DION_001,218515,1.0988047267772312,SIMULATED,NORMAL
2026-06-17T16:23:05.172813+00:00,DION_001,218516,1.1116881376251444,SIMULATED,NORMAL
2026-06-17T16:23:05.183434+00:00,DION_001,218517,1.0764787766794148,SIMULATED,NORMAL
2026-06-17T16:23:05.194052+00:00,DION_001,218518,1.2617039403171182,SIMULATED,NORMAL
2026-06-17T16:23:05.204497+00:00,DION_001,218519,1.2836741298528629,SIMULATED,NORMAL
2026-06-17T16:23:05.215203+00:00,DION_001,218520,1.2748484063112036,SIMULATED,NORMAL
2026-06-17T16:23:05.225747+00:00,DION_001,218521,1.0265127270274563,SIMULATED,NORMAL
2026-06-17T16:23:05.236187+00:00,DION_001,218522,1.2803154912271106,SIMULATED,NORMAL
2026-06-17T16:23:05.246852+00:00,DION_001,218523,0.9870967891101582,SIMULATED,NORMAL
2026-06-17T16:23:05.257346+00:00,DION_001,218524,1.441911862117272,SIMULATED,NORMAL
2026-06-17T16:23:05.267798+00:00,DION_001,218525,0.8291178045115514,SIMULATED,NORMAL
2026-06-17T16:23:05.278280+00:00,DION_001,218526,0.8360997153403249,SIMULATED,NORMAL
2026-06-17T16:23:05.288767+00:00,DION_001,218527,0.7360870536334461,SIMULATED,NORMAL
2026-06-17T16:23:05.299348+00:00,DION_001,218528,0.7885032800294407,SIMULATED,NORMAL
2026-06-17T16:23:05.309955+00:00,DION_001,218529,1.0175627971371763,SIMULATED,NORMAL
2026-06-17T16:23:05.320447+00:00,DION_001,218530,0.7676339649225187,SIMULATED,NORMAL
2026-06-17T16:23:05.331321+00:00,DION_001,218531,0.9660266923153593,SIMULATED,NORMAL
2026-06-17T16:23:05.341923+00:00,DION_001,218532,0.9365707503887671,SIMULATED,NORMAL
2026-06-17T16:23:05.352758+00:00,DION_001,218533,0.8871428501743167,SIMULATED,NORMAL
2026-06-17T16:23:05.363288+00:00,DION_001,218534,0.9277045474253599,SIMULATED,NORMAL
2026-06-17T16:23:05.373798+00:00,DION_001,218535,0.8862986716111282,SIMULATED,NORMAL
2026-06-17T16:23:05.384332+00:00,DION_001,218536,0.7176122972547241,SIMULATED,NORMAL
2026-06-17T16:23:05.395209+00:00,DION_001,218537,0.8429225304315104,SIMULATED,NORMAL
2026-06-17T16:23:05.405703+00:00,DION_001,218538,0.3604927824934071,SIMULATED,NORMAL
2026-06-17T16:23:05.416112+00:00,DION_001,218539,0.6318721962237932,SIMULATED,NORMAL
2026-06-17T16:23:05.426657+00:00,DION_001,218540,0.83565294428378,SIMULATED,NORMAL
2026-06-17T16:23:05.437209+00:00,DION_001,218541,0.6682300041501185,SIMULATED,NORMAL
2026-06-17T16:23:05.447672+00:00,DION_001,218542,0.28847946263502094,SIMULATED,NORMAL
2026-06-17T16:23:05.457891+00:00,DION_001,218543,0.6665913342244186,SIMULATED,NORMAL
2026-06-17T16:23:05.468164+00:00,DION_001,218544,0.26080881665807365,SIMULATED,NORMAL
2026-06-17T16:23:05.478636+00:00,DION_001,218545,0.49156464889329876,SIMULATED,NORMAL
2026-06-17T16:23:05.489157+00:00,DION_001,218546,0.4331597334307872,SIMULATED,NORMAL
2026-06-17T16:23:05.499709+00:00,DION_001,218547,0.24999408764745062,SIMULATED,NORMAL
2026-06-17T16:23:05.510443+00:00,DION_001,218548,0.20119439193629107,SIMULATED,NORMAL
2026-06-17T16:23:05.521016+00:00,DION_001,218549,0.2044532556513489,SIMULATED,NORMAL
2026-06-17T16:23:05.531584+00:00,DION_001,218550,0.23524285400820516,SIMULATED,NORMAL
2026-06-17T16:23:05.542117+00:00,DION_001,218551,0.15347454049572581,SIMULATED,NORMAL
2026-06-17T16:23:05.552744+00:00,DION_001,218552,0.29700502633066755,SIMULATED,NORMAL
2026-06-17T16:23:05.563496+00:00,DION_001,218553,0.15407032796614759,SIMULATED,NORMAL
2026-06-17T16:23:05.573954+00:00,DION_001,218554,0.1629068259284526,SIMULATED,NORMAL
2026-06-17T16:23:05.584449+00:00,DION_001,218555,-0.04322633253580635,SIMULATED,NORMAL
2026-06-17T16:23:05.595197+00:00,DION_001,218556,-0.09131162590872349,SIMULATED,NORMAL
2026-06-17T16:23:05.605680+00:00,DION_001,218557,-0.049374981078805474,SIMULATED,NORMAL
2026-06-17T16:23:05.616169+00:00,DION_001,218558,0.21850454566906274,SIMULATED,NORMAL
2026-06-17T16:23:05.626617+00:00,DION_001,218559,0.24658586220227344,SIMULATED,NORMAL
2026-06-17T16:23:05.637125+00:00,DION_001,218560,-0.1706513784000296,SIMULATED,NORMAL
2026-06-17T16:23:05.647697+00:00,DION_001,218561,0.2272394284992804,SIMULATED,NORMAL
2026-06-17T16:23:05.658178+00:00,DION_001,218562,-0.12468456826419175,SIMULATED,NORMAL
2026-06-17T16:23:05.668852+00:00,DION_001,218563,-0.09049282044983047,SIMULATED,NORMAL
2026-06-17T16:23:05.679519+00:00,DION_001,218564,-0.03328511063932041,SIMULATED,NORMAL
2026-06-17T16:23:05.689957+00:00,DION_001,218565,-0.07089633774431497,SIMULATED,NORMAL
2026-06-17T16:23:05.700538+00:00,DION_001,218566,3.0831429357480404,SIMULATED,EVENT_DETECTED
2026-06-17T16:23:05.711807+00:00,DION_001,218567,-0.2532189355656568,SIMULATED,NORMAL
2026-06-17T16:23:05.722722+00:00,DION_001,218568,0.011850379376242483,SIMULATED,NORMAL
2026-06-17T16:23:05.733279+00:00,DION_001,218569,-0.2072053306685107,SIMULATED,NORMAL
2026-06-17T16:23:05.743919+00:00,DION_001,218570,0.11415314004681608,SIMULATED,NORMAL
2026-06-17T16:23:05.754392+00:00,DION_001,218571,-0.21548522613761012,SIMULATED,NORMAL
2026-06-17T16:23:05.764895+00:00,DION_001,218572,0.010465975130326738,SIMULATED,NORMAL
2026-06-17T16:23:05.775406+00:00,DION_001,218573,0.09170457661912194,SIMULATED,NORMAL
2026-06-17T16:23:05.785905+00:00,DION_001,218574,-1.5179721725470459,SIMULATED,NORMAL
2026-06-17T16:23:05.796815+00:00,DION_001,218575,0.3537372958379852,SIMULATED,NORMAL
2026-06-17T16:23:05.807368+00:00,DION_001,218576,0.05079737241360402,SIMULATED,NORMAL
2026-06-17T16:23:05.818014+00:00,DION_001,218577,0.29643197031034363,SIMULATED,NORMAL
2026-06-17T16:23:05.828691+00:00,DION_001,218578,0.4212803652509103,SIMULATED,NORMAL
2026-06-17T16:23:05.839317+00:00,DION_001,218579,0.2534740681401817,SIMULATED,NORMAL
2026-06-17T16:23:05.849774+00:00,DION_001,218580,0.30699018539485384,SIMULATED,NORMAL
2026-06-17T16:23:05.860476+00:00,DION_001,218581,0.29894157821154554,SIMULATED,NORMAL
2026-06-17T16:23:05.871078+00:00,DION_001,218582,0.09743938985351736,SIMULATED,NORMAL
2026-06-17T16:23:05.881676+00:00,DION_001,218583,0.2071020640510648,SIMULATED,NORMAL
2026-06-17T16:23:05.892447+00:00,DION_001,218584,0.6173933441397428,SIMULATED,NORMAL
2026-06-17T16:23:05.903116+00:00,DION_001,218585,0.2040912062098847,SIMULATED,NORMAL
2026-06-17T16:23:05.913727+00:00,DION_001,218586,0.3454883401208013,SIMULATED,NORMAL
2026-06-17T16:23:05.924252+00:00,DION_001,218587,0.4181134146885753,SIMULATED,NORMAL
2026-06-17T16:23:05.935164+00:00,DION_001,218588,0.5337896925888771,SIMULATED,NORMAL
2026-06-17T16:23:05.945725+00:00,DION_001,218589,0.4793019018582453,SIMULATED,NORMAL
2026-06-17T16:23:05.956312+00:00,DION_001,218590,0.3777008078815881,SIMULATED,NORMAL
2026-06-17T16:23:05.966863+00:00,DION_001,218591,0.42337592276239494,SIMULATED,NORMAL
2026-06-17T16:23:05.977496+00:00,DION_001,218592,0.2955441188239738,SIMULATED,NORMAL
2026-06-17T16:23:05.988026+00:00,DION_001,218593,-0.03538694653345276,SIMULATED,NORMAL
2026-06-17T16:23:05.998645+00:00,DION_001,218594,0.4157861303013139,SIMULATED,NORMAL
2026-06-17T16:23:06.009178+00:00,DION_001,218595,0.3593482140789382,SIMULATED,NORMAL
2026-06-17T16:23:06.019873+00:00,DION_001,218596,0.2929689644985823,SIMULATED,NORMAL
2026-06-17T16:23:06.030459+00:00,DION_001,218597,0.3571293473152618,SIMULATED,NORMAL
2026-06-17T16:23:06.041110+00:00,DION_001,218598,0.724989164025339,SIMULATED,NORMAL
2026-06-17T16:23:06.051754+00:00,DION_001,218599,0.266678572995585,SIMULATED,NORMAL
2026-06-17T16:23:06.062486+00:00,DION_001,218600,0.34235715462975924,SIMULATED,NORMAL
2026-06-17T16:23:06.073030+00:00,DION_001,218601,1.7562381370424383,SIMULATED,NORMAL
2026-06-17T16:23:06.083763+00:00,DION_001,218602,0.265015732692717,SIMULATED,NORMAL
2026-06-17T16:23:06.094342+00:00,DION_001,218603,0.1736471163671068,SIMULATED,NORMAL
2026-06-17T16:23:06.104781+00:00,DION_001,218604,0.2944559453580982,SIMULATED,NORMAL
2026-06-17T16:23:06.115244+00:00,DION_001,218605,0.13384796547181624,SIMULATED,NORMAL
2026-06-17T16:23:06.125707+00:00,DION_001,218606,0.04649510438313188,SIMULATED,NORMAL
2026-06-17T16:23:06.136099+00:00,DION_001,218607,0.15193525867382382,SIMULATED,NORMAL
2026-06-17T16:23:06.146475+00:00,DION_001,218608,0.20490347475049225,SIMULATED,NORMAL
2026-06-17T16:23:06.157154+00:00,DION_001,218609,0.23810747952649133,SIMULATED,NORMAL
2026-06-17T16:23:06.167546+00:00,DION_001,218610,-0.0802791287740007,SIMULATED,NORMAL
2026-06-17T16:23:06.178166+00:00,DION_001,218611,0.016502073295666074,SIMULATED,NORMAL
2026-06-17T16:23:06.188731+00:00,DION_001,218612,-0.02573802009763751,SIMULATED,NORMAL
2026-06-17T16:23:06.199460+00:00,DION_001,218613,-0.17939212572359908,SIMULATED,NORMAL
2026-06-17T16:23:06.209795+00:00,DION_001,218614,-0.14590868299818416,SIMULATED,NORMAL
2026-06-17T16:23:06.220243+00:00,DION_001,218615,-0.19150296072637732,SIMULATED,NORMAL
2026-06-17T16:23:06.230660+00:00,DION_001,218616,0.04150414503639957,SIMULATED,NORMAL
2026-06-17T16:23:06.241083+00:00,DION_001,218617,-0.41433354729702787,SIMULATED,NORMAL
2026-06-17T16:23:06.251549+00:00,DION_001,218618,-0.6038637921671657,SIMULATED,NORMAL
2026-06-17T16:23:06.261862+00:00,DION_001,218619,-0.3450694240639782,SIMULATED,NORMAL
2026-06-17T16:23:06.272174+00:00,DION_001,218620,-0.5501617917729824,SIMULATED,NORMAL
2026-06-17T16:23:06.282534+00:00,DION_001,218621,-0.538967151552295,SIMULATED,NORMAL
2026-06-17T16:23:06.292964+00:00,DION_001,218622,-0.4755783935364664,SIMULATED,NORMAL
2026-06-17T16:23:06.303265+00:00,DION_001,218623,-0.2583533012649224,SIMULATED,NORMAL
2026-06-17T16:23:06.313592+00:00,DION_001,218624,-0.6263069263772767,SIMULATED,NORMAL
2026-06-17T16:23:06.323945+00:00,DION_001,218625,-0.40363399250324283,SIMULATED,NORMAL
2026-06-17T16:23:06.334350+00:00,DION_001,218626,-0.5309117680676618,SIMULATED,NORMAL
2026-06-17T16:23:06.344751+00:00,DION_001,218627,-0.6743745447836275,SIMULATED,NORMAL
2026-06-17T16:23:06.355212+00:00,DION_001,218628,-0.6366872350952577,SIMULATED,NORMAL
2026-06-17T16:23:06.365584+00:00,DION_001,218629,-0.7232353365959706,SIMULATED,NORMAL
2026-06-17T16:23:06.376111+00:00,DION_001,218630,-0.7881611927413017,SIMULATED,NORMAL
2026-06-17T16:23:06.386714+00:00,DION_001,218631,-0.959484590571725,SIMULATED,NORMAL
2026-06-17T16:23:06.397276+00:00,DION_001,218632,-0.8213507006393163,SIMULATED,NORMAL
2026-06-17T16:23:06.407738+00:00,DION_001,218633,-0.8572781947148324,SIMULATED,NORMAL
2026-06-17T16:23:06.418108+00:00,DION_001,218634,-0.8061112578468257,SIMULATED,NORMAL
2026-06-17T16:23:06.428469+00:00,DION_001,218635,-0.8664572140380621,SIMULATED,NORMAL
2026-06-17T16:23:06.438884+00:00,DION_001,218636,-0.9835902671881287,SIMULATED,NORMAL
2026-06-17T16:23:06.449224+00:00,DION_001,218637,-1.094288178504214,SIMULATED,NORMAL
2026-06-17T16:23:06.459574+00:00,DION_001,218638,-0.8648505455090013,SIMULATED,NORMAL
2026-06-17T16:23:06.469875+00:00,DION_001,218639,-0.9890758911187303,SIMULATED,NORMAL
2026-06-17T16:23:06.480206+00:00,DION_001,218640,-0.967388524232049,SIMULATED,NORMAL
2026-06-17T16:23:06.490764+00:00,DION_001,218641,-1.0721453043395888,SIMULATED,NORMAL
2026-06-17T16:23:06.501743+00:00,DION_001,218642,-0.7006058551580303,SIMULATED,NORMAL
2026-06-17T16:23:06.512283+00:00,DION_001,218643,-1.0420857354489874,SIMULATED,NORMAL
2026-06-17T16:23:06.522699+00:00,DION_001,218644,-1.0918255206738068,SIMULATED,NORMAL
2026-06-17T16:23:06.533027+00:00,DION_001,218645,-1.0614038209639536,SIMULATED,NORMAL
2026-06-17T16:23:06.543528+00:00,DION_001,218646,-0.9007703361638683,SIMULATED,NORMAL
2026-06-17T16:23:06.554015+00:00,DION_001,218647,-0.8127065444788395,SIMULATED,NORMAL
2026-06-17T16:23:06.564324+00:00,DION_001,218648,0.5892339117158378,SIMULATED,NORMAL
2026-06-17T16:23:06.574971+00:00,DION_001,218649,-1.1438951975746687,SIMULATED,NORMAL
2026-06-17T16:23:06.585380+00:00,DION_001,218650,-0.8528889758588729,SIMULATED,NORMAL
2026-06-17T16:23:06.595824+00:00,DION_001,218651,-0.666341515302116,SIMULATED,NORMAL
2026-06-17T16:23:06.606158+00:00,DION_001,218652,-0.524381791415747,SIMULATED,NORMAL
2026-06-17T16:23:06.616464+00:00,DION_001,218653,-0.8974557632436759,SIMULATED,NORMAL
2026-06-17T16:23:06.626842+00:00,DION_001,218654,-0.7193539559379034,SIMULATED,NORMAL
2026-06-17T16:23:06.637157+00:00,DION_001,218655,-0.8630030858154795,SIMULATED,NORMAL
2026-06-17T16:23:06.647443+00:00,DION_001,218656,-0.6325964577711032,SIMULATED,NORMAL
2026-06-17T16:23:06.657741+00:00,DION_001,218657,-0.6457021833496152,SIMULATED,NORMAL
2026-06-17T16:23:06.668147+00:00,DION_001,218658,-0.8356720874802004,SIMULATED,NORMAL
2026-06-17T16:23:06.678529+00:00,DION_001,218659,-0.656995808102951,SIMULATED,NORMAL
2026-06-17T16:23:06.688820+00:00,DION_001,218660,-0.8824876504024135,SIMULATED,NORMAL
2026-06-17T16:23:06.699205+00:00,DION_001,218661,-0.5228155495780634,SIMULATED,NORMAL
2026-06-17T16:23:06.709482+00:00,DION_001,218662,-0.6261892725147972,SIMULATED,NORMAL
2026-06-17T16:23:06.719885+00:00,DION_001,218663,-0.6205494790401709,SIMULATED,NORMAL
2026-06-17T16:23:06.730099+00:00,DION_001,218664,-0.9086556149156,SIMULATED,NORMAL
2026-06-17T16:23:06.740336+00:00,DION_001,218665,-0.5176247179677694,SIMULATED,NORMAL
2026-06-17T16:23:06.750611+00:00,DION_001,218666,-0.4367883783799725,SIMULATED,NORMAL
2026-06-17T16:23:06.761093+00:00,DION_001,218667,-0.4824795146246097,SIMULATED,NORMAL
2026-06-17T16:23:06.771460+00:00,DION_001,218668,-0.5071756938145956,SIMULATED,NORMAL
2026-06-17T16:23:06.781751+00:00,DION_001,218669,-0.4861081207423261,SIMULATED,NORMAL
2026-06-17T16:23:06.792120+00:00,DION_001,218670,-0.8013949314747874,SIMULATED,NORMAL
2026-06-17T16:23:06.802637+00:00,DION_001,218671,-0.2983577934508342,SIMULATED,NORMAL
2026-06-17T16:23:06.813302+00:00,DION_001,218672,-0.3655995069680506,SIMULATED,NORMAL
2026-06-17T16:23:06.823961+00:00,DION_001,218673,-2.4137978427951245,SIMULATED,EVENT_DETECTED
2026-06-17T16:23:06.834930+00:00,DION_001,218674,-0.6955412049725787,SIMULATED,NORMAL
2026-06-17T16:23:06.845629+00:00,DION_001,218675,-0.42432347132296305,SIMULATED,NORMAL
2026-06-17T16:23:06.856213+00:00,DION_001,218676,-0.6560910562365772,SIMULATED,NORMAL
2026-06-17T16:23:06.867055+00:00,DION_001,218677,-0.6498944585649188,SIMULATED,NORMAL
2026-06-17T16:23:06.877830+00:00,DION_001,218678,-0.17618864534601636,SIMULATED,NORMAL
2026-06-17T16:23:06.888376+00:00,DION_001,218679,-0.30615767578077696,SIMULATED,NORMAL
2026-06-17T16:23:06.899194+00:00,DION_001,218680,-0.46414265945341493,SIMULATED,NORMAL
2026-06-17T16:23:06.909763+00:00,DION_001,218681,-0.3082374545169965,SIMULATED,NORMAL
2026-06-17T16:23:06.920688+00:00,DION_001,218682,-0.17407013737827814,SIMULATED,NORMAL
2026-06-17T16:23:06.931173+00:00,DION_001,218683,-0.40637596458451314,SIMULATED,NORMAL
2026-06-17T16:23:06.941823+00:00,DION_001,218684,-0.43014795977931297,SIMULATED,NORMAL
2026-06-17T16:23:06.952453+00:00,DION_001,218685,-0.6748944058903263,SIMULATED,NORMAL
2026-06-17T16:23:06.963138+00:00,DION_001,218686,-0.4746615883076505,SIMULATED,NORMAL
2026-06-17T16:23:06.973624+00:00,DION_001,218687,-0.7242541795165467,SIMULATED,NORMAL
2026-06-17T16:23:06.984279+00:00,DION_001,218688,-0.8302682025972004,SIMULATED,NORMAL
2026-06-17T16:23:06.995010+00:00,DION_001,218689,-0.6043038820723294,SIMULATED,NORMAL
2026-06-17T16:23:07.005455+00:00,DION_001,218690,-0.5101590985814324,SIMULATED,NORMAL
2026-06-17T16:23:07.015981+00:00,DION_001,218691,-0.41992099438675023,SIMULATED,NORMAL
2026-06-17T16:23:07.026454+00:00,DION_001,218692,-0.4868490090001182,SIMULATED,NORMAL
2026-06-17T16:23:07.036813+00:00,DION_001,218693,-0.6360639484230246,SIMULATED,NORMAL
2026-06-17T16:23:07.047327+00:00,DION_001,218694,-0.5584471250221639,SIMULATED,NORMAL
2026-06-17T16:23:07.057773+00:00,DION_001,218695,-0.7076081254047628,SIMULATED,NORMAL
2026-06-17T16:23:07.068161+00:00,DION_001,218696,-0.8141999831600579,SIMULATED,NORMAL
2026-06-17T16:23:07.078585+00:00,DION_001,218697,-0.7264569545416576,SIMULATED,NORMAL
2026-06-17T16:23:07.088969+00:00,DION_001,218698,-0.5367524029892597,SIMULATED,NORMAL
2026-06-17T16:23:07.099660+00:00,DION_001,218699,-1.0043091382399885,SIMULATED,NORMAL
2026-06-17T16:23:07.110186+00:00,DION_001,218700,-0.7196859910811555,SIMULATED,NORMAL
2026-06-17T16:23:07.120716+00:00,DION_001,218701,-1.1583512103344926,SIMULATED,NORMAL
2026-06-17T16:23:07.131414+00:00,DION_001,218702,-0.8800190067793875,SIMULATED,NORMAL
2026-06-17T16:23:07.141927+00:00,DION_001,218703,-0.7795286216333693,SIMULATED,NORMAL
2026-06-17T16:23:07.152722+00:00,DION_001,218704,-1.079050850076696,SIMULATED,NORMAL
2026-06-17T16:23:07.163486+00:00,DION_001,218705,-1.2663227543261564,SIMULATED,NORMAL
2026-06-17T16:23:07.174096+00:00,DION_001,218706,-0.9542141870224923,SIMULATED,NORMAL
2026-06-17T16:23:07.185020+00:00,DION_001,218707,-0.8493728069647181,SIMULATED,NORMAL
2026-06-17T16:23:07.195631+00:00,DION_001,218708,-1.0143310321270915,SIMULATED,NORMAL
2026-06-17T16:23:07.206124+00:00,DION_001,218709,-0.9536103929118518,SIMULATED,NORMAL
2026-06-17T16:23:07.216653+00:00,DION_001,218710,-1.3236676826313687,SIMULATED,NORMAL
2026-06-17T16:23:07.227106+00:00,DION_001,218711,-1.0568576761839186,SIMULATED,NORMAL
2026-06-17T16:23:07.237592+00:00,DION_001,218712,-1.1943558548824855,SIMULATED,NORMAL
2026-06-17T16:23:07.248078+00:00,DION_001,218713,-1.1930010836501022,SIMULATED,NORMAL
2026-06-17T16:23:07.258547+00:00,DION_001,218714,-1.0165615890605826,SIMULATED,NORMAL
2026-06-17T16:23:07.269022+00:00,DION_001,218715,-1.371683173556712,SIMULATED,NORMAL
2026-06-17T16:23:07.279481+00:00,DION_001,218716,-1.0056910911697834,SIMULATED,NORMAL
2026-06-17T16:23:07.290148+00:00,DION_001,218717,-1.1323994384159788,SIMULATED,NORMAL
2026-06-17T16:23:07.300615+00:00,DION_001,218718,-0.9481350138771675,SIMULATED,NORMAL
2026-06-17T16:23:07.310925+00:00,DION_001,218719,-1.1837704435028857,SIMULATED,NORMAL
2026-06-17T16:23:07.321285+00:00,DION_001,218720,-0.7938795808753295,SIMULATED,NORMAL
2026-06-17T16:23:07.331764+00:00,DION_001,218721,-1.2038914920009045,SIMULATED,NORMAL
2026-06-17T16:23:07.342343+00:00,DION_001,218722,-0.9708759140995155,SIMULATED,NORMAL
2026-06-17T16:23:07.352932+00:00,DION_001,218723,-1.1384167682702289,SIMULATED,NORMAL
2026-06-17T16:23:07.363531+00:00,DION_001,218724,-0.771505662606037,SIMULATED,NORMAL
2026-06-17T16:23:07.374089+00:00,DION_001,218725,-1.1235187395237811,SIMULATED,NORMAL
2026-06-17T16:23:07.384784+00:00,DION_001,218726,-0.8706205655480532,SIMULATED,NORMAL
2026-06-17T16:23:07.395722+00:00,DION_001,218727,-0.8402818770033751,SIMULATED,NORMAL
2026-06-17T16:23:07.406275+00:00,DION_001,218728,-0.9330920003327382,SIMULATED,NORMAL
2026-06-17T16:23:07.416853+00:00,DION_001,218729,-0.9106708619368128,SIMULATED,NORMAL
2026-06-17T16:23:07.427493+00:00,DION_001,218730,-0.7894795354358548,SIMULATED,NORMAL
2026-06-17T16:23:07.438058+00:00,DION_001,218731,-0.845872070069531,SIMULATED,NORMAL
2026-06-17T16:23:07.448770+00:00,DION_001,218732,-0.5563745835011591,SIMULATED,NORMAL
2026-06-17T16:23:07.459482+00:00,DION_001,218733,-0.5978744397017132,SIMULATED,NORMAL
2026-06-17T16:23:07.469999+00:00,DION_001,218734,-0.8392411143975551,SIMULATED,NORMAL
2026-06-17T16:23:07.480636+00:00,DION_001,218735,-0.7128049721624881,SIMULATED,NORMAL
2026-06-17T16:23:07.491216+00:00,DION_001,218736,-0.475186932160451,SIMULATED,NORMAL
2026-06-17T16:23:07.501833+00:00,DION_001,218737,-0.5357525936172659,SIMULATED,NORMAL
2026-06-17T16:23:07.512510+00:00,DION_001,218738,-0.5613692389637273,SIMULATED,NORMAL
2026-06-17T16:23:07.523238+00:00,DION_001,218739,-0.31234980884992686,SIMULATED,NORMAL
2026-06-17T16:23:07.533761+00:00,DION_001,218740,-0.5718325818049197,SIMULATED,NORMAL
2026-06-17T16:23:07.544354+00:00,DION_001,218741,-0.46118557116311915,SIMULATED,NORMAL
2026-06-17T16:23:07.555066+00:00,DION_001,218742,-0.04416500559303771,SIMULATED,NORMAL
2026-06-17T16:23:07.565685+00:00,DION_001,218743,-0.32389592291457286,SIMULATED,NORMAL
2026-06-17T16:23:07.576466+00:00,DION_001,218744,-0.22240644630568815,SIMULATED,NORMAL
2026-06-17T16:23:07.587082+00:00,DION_001,218745,-0.23542744150332842,SIMULATED,NORMAL
2026-06-17T16:23:07.597718+00:00,DION_001,218746,-0.372589356615745,SIMULATED,NORMAL
2026-06-17T16:23:07.608474+00:00,DION_001,218747,-0.22985358638942144,SIMULATED,NORMAL
2026-06-17T16:23:07.619153+00:00,DION_001,218748,-0.0074851972847558845,SIMULATED,NORMAL
2026-06-17T16:23:07.629615+00:00,DION_001,218749,-0.28115036230010165,SIMULATED,NORMAL
2026-06-17T16:23:07.640158+00:00,DION_001,218750,-0.12317396957873548,SIMULATED,NORMAL
2026-06-17T16:23:07.650578+00:00,DION_001,218751,-0.27709543665730396,SIMULATED,NORMAL
2026-06-17T16:23:07.661303+00:00,DION_001,218752,-0.11791385592770025,SIMULATED,NORMAL
2026-06-17T16:23:07.671818+00:00,DION_001,218753,-0.10474967600774474,SIMULATED,NORMAL
2026-06-17T16:23:07.682252+00:00,DION_001,218754,-0.153463684593361,SIMULATED,NORMAL
2026-06-17T16:23:07.692645+00:00,DION_001,218755,-0.07256263439901756,SIMULATED,NORMAL
