timestamp_utc,station_id,sample_index,raw_value,source,event_status
2026-06-17T18:14:09.805456+00:00,DION_001,0,-0.16854891156229174,SIMULATED,NORMAL
2026-06-17T18:14:09.842823+00:00,DION_001,1,-0.11039579213210438,SIMULATED,NORMAL
2026-06-17T18:14:09.853082+00:00,DION_001,2,-0.2967389015347125,SIMULATED,NORMAL
2026-06-17T18:14:09.863273+00:00,DION_001,3,-0.21729630497199398,SIMULATED,NORMAL
2026-06-17T18:14:09.873404+00:00,DION_001,4,-0.4463742633671917,SIMULATED,NORMAL
2026-06-17T18:14:09.883564+00:00,DION_001,5,-0.4139362966859143,SIMULATED,NORMAL
2026-06-17T18:14:09.893817+00:00,DION_001,6,-0.18489542335458484,SIMULATED,NORMAL
2026-06-17T18:14:09.904005+00:00,DION_001,7,0.09909034521715934,SIMULATED,NORMAL
2026-06-17T18:14:09.914250+00:00,DION_001,8,-0.13122966245927128,SIMULATED,NORMAL
2026-06-17T18:14:09.924501+00:00,DION_001,9,0.15860347140596814,SIMULATED,NORMAL
2026-06-17T18:14:09.934799+00:00,DION_001,10,-0.03933989041448137,SIMULATED,NORMAL
2026-06-17T18:14:09.945081+00:00,DION_001,11,0.02043880170839578,SIMULATED,NORMAL
2026-06-17T18:14:09.955385+00:00,DION_001,12,-0.2167190733297551,SIMULATED,NORMAL
2026-06-17T18:14:09.965699+00:00,DION_001,13,-0.029493945302481034,SIMULATED,NORMAL
2026-06-17T18:14:09.976134+00:00,DION_001,14,-0.04821674858063357,SIMULATED,NORMAL
2026-06-17T18:14:09.986709+00:00,DION_001,15,2.779716531420452,SIMULATED,EVENT_DETECTED
2026-06-17T18:14:09.997759+00:00,DION_001,16,-0.2913664363680112,SIMULATED,NORMAL
2026-06-17T18:14:10.008327+00:00,DION_001,17,0.14582181120903837,SIMULATED,NORMAL
2026-06-17T18:14:10.018929+00:00,DION_001,18,0.07476097509723484,SIMULATED,NORMAL
2026-06-17T18:14:10.029411+00:00,DION_001,19,0.4531825368270023,SIMULATED,NORMAL
2026-06-17T18:14:10.040068+00:00,DION_001,20,-0.005188176483462856,SIMULATED,NORMAL
2026-06-17T18:14:10.050943+00:00,DION_001,21,0.08943082998679053,SIMULATED,NORMAL
2026-06-17T18:14:10.061609+00:00,DION_001,22,0.03335158589548115,SIMULATED,NORMAL
2026-06-17T18:14:10.072241+00:00,DION_001,23,-0.01789338772597253,SIMULATED,NORMAL
2026-06-17T18:14:10.083047+00:00,DION_001,24,-0.16310060911839738,SIMULATED,NORMAL
2026-06-17T18:14:10.093719+00:00,DION_001,25,0.06934510488050653,SIMULATED,NORMAL
2026-06-17T18:14:10.104312+00:00,DION_001,26,-0.07011113928073015,SIMULATED,NORMAL
2026-06-17T18:14:10.115051+00:00,DION_001,27,0.1247177613098096,SIMULATED,NORMAL
2026-06-17T18:14:10.125700+00:00,DION_001,28,0.2293737188422473,SIMULATED,NORMAL
2026-06-17T18:14:10.136295+00:00,DION_001,29,0.133583172383828,SIMULATED,NORMAL
2026-06-17T18:14:10.147031+00:00,DION_001,30,0.08542730789930511,SIMULATED,NORMAL
2026-06-17T18:14:10.157654+00:00,DION_001,31,0.2068023902272068,SIMULATED,NORMAL
2026-06-17T18:14:10.168212+00:00,DION_001,32,0.12440378285669919,SIMULATED,NORMAL
2026-06-17T18:14:10.178719+00:00,DION_001,33,-0.01350308000497713,SIMULATED,NORMAL
2026-06-17T18:14:10.189229+00:00,DION_001,34,0.035918722895779714,SIMULATED,NORMAL
2026-06-17T18:14:10.199668+00:00,DION_001,35,0.32212646587781724,SIMULATED,NORMAL
2026-06-17T18:14:10.210260+00:00,DION_001,36,0.19674562123201536,SIMULATED,NORMAL
2026-06-17T18:14:10.220962+00:00,DION_001,37,-0.09899294118425883,SIMULATED,NORMAL
2026-06-17T18:14:10.231516+00:00,DION_001,38,0.2327702507293665,SIMULATED,NORMAL
2026-06-17T18:14:10.242130+00:00,DION_001,39,0.17868234760535323,SIMULATED,NORMAL
2026-06-17T18:14:10.252751+00:00,DION_001,40,0.01925972064768358,SIMULATED,NORMAL
2026-06-17T18:14:10.263330+00:00,DION_001,41,-0.1214955530742306,SIMULATED,NORMAL
2026-06-17T18:14:10.273976+00:00,DION_001,42,-0.10985657185938624,SIMULATED,NORMAL
2026-06-17T18:14:10.284469+00:00,DION_001,43,0.08716810809437862,SIMULATED,NORMAL
2026-06-17T18:14:10.295251+00:00,DION_001,44,-0.5677569047526213,SIMULATED,NORMAL
2026-06-17T18:14:10.305930+00:00,DION_001,45,0.0213161286456382,SIMULATED,NORMAL
2026-06-17T18:14:10.316521+00:00,DION_001,46,-0.15301165430199856,SIMULATED,NORMAL
2026-06-17T18:14:10.327243+00:00,DION_001,47,0.002302993583851304,SIMULATED,NORMAL
2026-06-17T18:14:10.337950+00:00,DION_001,48,-0.4932669223130532,SIMULATED,NORMAL
2026-06-17T18:14:10.348349+00:00,DION_001,49,-0.3515445754066534,SIMULATED,NORMAL
2026-06-17T18:14:10.358710+00:00,DION_001,50,-0.31257930456084915,SIMULATED,NORMAL
2026-06-17T18:14:10.369178+00:00,DION_001,51,-0.3355175486545363,SIMULATED,NORMAL
2026-06-17T18:14:10.379534+00:00,DION_001,52,-0.3479781338719856,SIMULATED,NORMAL
2026-06-17T18:14:10.389981+00:00,DION_001,53,-0.2655657985970447,SIMULATED,NORMAL
2026-06-17T18:14:10.400294+00:00,DION_001,54,-0.5225742662611965,SIMULATED,NORMAL
2026-06-17T18:14:10.410687+00:00,DION_001,55,-0.7271801805453684,SIMULATED,NORMAL
2026-06-17T18:14:10.421073+00:00,DION_001,56,-0.4596410848633452,SIMULATED,NORMAL
2026-06-17T18:14:10.431394+00:00,DION_001,57,-0.4533781584131709,SIMULATED,NORMAL
2026-06-17T18:14:10.441600+00:00,DION_001,58,-0.6833515725272956,SIMULATED,NORMAL
2026-06-17T18:14:10.451979+00:00,DION_001,59,-0.5624429625687796,SIMULATED,NORMAL
2026-06-17T18:14:10.462416+00:00,DION_001,60,-0.6254366800204628,SIMULATED,NORMAL
2026-06-17T18:14:10.472925+00:00,DION_001,61,-0.914649363815918,SIMULATED,NORMAL
2026-06-17T18:14:10.483496+00:00,DION_001,62,-0.5320320363456361,SIMULATED,NORMAL
2026-06-17T18:14:10.494050+00:00,DION_001,63,-0.41072640484428663,SIMULATED,NORMAL
2026-06-17T18:14:10.504608+00:00,DION_001,64,-0.6978898490800345,SIMULATED,NORMAL
2026-06-17T18:14:10.515179+00:00,DION_001,65,-0.8672342662272028,SIMULATED,NORMAL
2026-06-17T18:14:10.525691+00:00,DION_001,66,-0.8825761190348743,SIMULATED,NORMAL
2026-06-17T18:14:10.536375+00:00,DION_001,67,-0.9783061050960448,SIMULATED,NORMAL
2026-06-17T18:14:10.547136+00:00,DION_001,68,-0.9627906056221374,SIMULATED,NORMAL
2026-06-17T18:14:10.557732+00:00,DION_001,69,-0.8039233408680675,SIMULATED,NORMAL
2026-06-17T18:14:10.568308+00:00,DION_001,70,1.4316612478149733,SIMULATED,NORMAL
2026-06-17T18:14:10.579303+00:00,DION_001,71,-1.0695006786006171,SIMULATED,NORMAL
2026-06-17T18:14:10.589923+00:00,DION_001,72,-0.8948309309985795,SIMULATED,NORMAL
2026-06-17T18:14:10.600519+00:00,DION_001,73,-1.1683943438180222,SIMULATED,NORMAL
2026-06-17T18:14:10.611303+00:00,DION_001,74,-1.1784774087045744,SIMULATED,NORMAL
2026-06-17T18:14:10.621936+00:00,DION_001,75,-0.9044687555130356,SIMULATED,NORMAL
2026-06-17T18:14:10.632450+00:00,DION_001,76,-1.2086011836819437,SIMULATED,NORMAL
2026-06-17T18:14:10.643070+00:00,DION_001,77,-0.7173304965876277,SIMULATED,NORMAL
2026-06-17T18:14:10.653459+00:00,DION_001,78,-1.1528551075228923,SIMULATED,NORMAL
2026-06-17T18:14:10.663942+00:00,DION_001,79,-0.8537407449580237,SIMULATED,NORMAL
2026-06-17T18:14:10.674484+00:00,DION_001,80,-0.995288590241689,SIMULATED,NORMAL
2026-06-17T18:14:10.684986+00:00,DION_001,81,-1.1009862686750576,SIMULATED,NORMAL
2026-06-17T18:14:10.695657+00:00,DION_001,82,-0.9471778064829345,SIMULATED,NORMAL
2026-06-17T18:14:10.706242+00:00,DION_001,83,-1.4266543686474318,SIMULATED,NORMAL
2026-06-17T18:14:10.716843+00:00,DION_001,84,-1.0563414402914975,SIMULATED,NORMAL
2026-06-17T18:14:10.727429+00:00,DION_001,85,-1.2186321984436197,SIMULATED,NORMAL
2026-06-17T18:14:10.738089+00:00,DION_001,86,-0.9364047602834497,SIMULATED,NORMAL
2026-06-17T18:14:10.748928+00:00,DION_001,87,-0.882601737245495,SIMULATED,NORMAL
2026-06-17T18:14:10.759618+00:00,DION_001,88,-0.8780900967928486,SIMULATED,NORMAL
2026-06-17T18:14:10.770211+00:00,DION_001,89,-0.7885503965227167,SIMULATED,NORMAL
2026-06-17T18:14:10.781039+00:00,DION_001,90,-1.138639464962331,SIMULATED,NORMAL
2026-06-17T18:14:10.791687+00:00,DION_001,91,-0.915990030818276,SIMULATED,NORMAL
2026-06-17T18:14:10.802291+00:00,DION_001,92,-0.8424699335876594,SIMULATED,NORMAL
2026-06-17T18:14:10.812952+00:00,DION_001,93,-0.7692163032669541,SIMULATED,NORMAL
2026-06-17T18:14:10.823599+00:00,DION_001,94,-0.6980281876110686,SIMULATED,NORMAL
2026-06-17T18:14:10.834262+00:00,DION_001,95,-0.7023164900037333,SIMULATED,NORMAL
2026-06-17T18:14:10.844927+00:00,DION_001,96,-0.8606688837453363,SIMULATED,NORMAL
2026-06-17T18:14:10.855604+00:00,DION_001,97,-0.7232683726447348,SIMULATED,NORMAL
2026-06-17T18:14:10.866228+00:00,DION_001,98,-0.47621047701480074,SIMULATED,NORMAL
2026-06-17T18:14:10.876842+00:00,DION_001,99,-0.6142535921377895,SIMULATED,NORMAL
2026-06-17T18:14:10.887431+00:00,DION_001,100,-0.5208326362712881,SIMULATED,NORMAL
2026-06-17T18:14:10.897994+00:00,DION_001,101,-0.672456105210604,SIMULATED,NORMAL
2026-06-17T18:14:10.908678+00:00,DION_001,102,-0.6174720224545464,SIMULATED,NORMAL
2026-06-17T18:14:10.919294+00:00,DION_001,103,-0.8440267694053367,SIMULATED,NORMAL
2026-06-17T18:14:10.929883+00:00,DION_001,104,-0.7680948046613598,SIMULATED,NORMAL
2026-06-17T18:14:10.940462+00:00,DION_001,105,-0.27581729446455483,SIMULATED,NORMAL
2026-06-17T18:14:10.951236+00:00,DION_001,106,-0.6702460300092793,SIMULATED,NORMAL
2026-06-17T18:14:10.964238+00:00,DION_001,107,-0.3790420575254666,SIMULATED,NORMAL
2026-06-17T18:14:10.974953+00:00,DION_001,108,-0.5826015839830552,SIMULATED,NORMAL
2026-06-17T18:14:10.985548+00:00,DION_001,109,-0.43905207335203483,SIMULATED,NORMAL
2026-06-17T18:14:10.996251+00:00,DION_001,110,-0.6056089122197637,SIMULATED,NORMAL
2026-06-17T18:14:11.006869+00:00,DION_001,111,-0.43805429353648956,SIMULATED,NORMAL
2026-06-17T18:14:11.017523+00:00,DION_001,112,-0.3349545438799024,SIMULATED,NORMAL
2026-06-17T18:14:11.028157+00:00,DION_001,113,-0.41584846655904917,SIMULATED,NORMAL
2026-06-17T18:14:11.038791+00:00,DION_001,114,-0.4414338870859093,SIMULATED,NORMAL
2026-06-17T18:14:11.049375+00:00,DION_001,115,-0.25338097908778034,SIMULATED,NORMAL
2026-06-17T18:14:11.060016+00:00,DION_001,116,-0.28791596253486107,SIMULATED,NORMAL
2026-06-17T18:14:11.070690+00:00,DION_001,117,-0.5151594983417424,SIMULATED,NORMAL
2026-06-17T18:14:11.081263+00:00,DION_001,118,-0.4377390876655591,SIMULATED,NORMAL
2026-06-17T18:14:11.091904+00:00,DION_001,119,-0.24931257103207125,SIMULATED,NORMAL
2026-06-17T18:14:11.102515+00:00,DION_001,120,-0.5890144715157172,SIMULATED,NORMAL
2026-06-17T18:14:11.113137+00:00,DION_001,121,-0.26539481406952936,SIMULATED,NORMAL
2026-06-17T18:14:11.123726+00:00,DION_001,122,-0.5263366334820309,SIMULATED,NORMAL
2026-06-17T18:14:11.134488+00:00,DION_001,123,-0.39833624566401327,SIMULATED,NORMAL
2026-06-17T18:14:11.145142+00:00,DION_001,124,-0.6195041389100525,SIMULATED,NORMAL
2026-06-17T18:14:11.155825+00:00,DION_001,125,-0.5180789508002833,SIMULATED,NORMAL
2026-06-17T18:14:11.166596+00:00,DION_001,126,-0.521598180639758,SIMULATED,NORMAL
2026-06-17T18:14:11.177186+00:00,DION_001,127,-0.6403778063132255,SIMULATED,NORMAL
2026-06-17T18:14:11.187782+00:00,DION_001,128,-0.516286120902075,SIMULATED,NORMAL
2026-06-17T18:14:11.198602+00:00,DION_001,129,-0.5145108616449752,SIMULATED,NORMAL
2026-06-17T18:14:11.209032+00:00,DION_001,130,-0.5960121814966365,SIMULATED,NORMAL
2026-06-17T18:14:11.219627+00:00,DION_001,131,-0.8458125649693281,SIMULATED,NORMAL
2026-06-17T18:14:11.230309+00:00,DION_001,132,-0.710460729993859,SIMULATED,NORMAL
2026-06-17T18:14:11.240913+00:00,DION_001,133,-0.7690957982663985,SIMULATED,NORMAL
2026-06-17T18:14:11.251491+00:00,DION_001,134,-0.5538050282768713,SIMULATED,NORMAL
2026-06-17T18:14:11.262110+00:00,DION_001,135,-0.9147295414416452,SIMULATED,NORMAL
2026-06-17T18:14:11.272719+00:00,DION_001,136,-0.7780435734694149,SIMULATED,NORMAL
2026-06-17T18:14:11.283247+00:00,DION_001,137,-0.8427321140768731,SIMULATED,NORMAL
2026-06-17T18:14:11.293827+00:00,DION_001,138,-0.6024817433126602,SIMULATED,NORMAL
2026-06-17T18:14:11.304346+00:00,DION_001,139,-0.7347414241374952,SIMULATED,NORMAL
2026-06-17T18:14:11.315061+00:00,DION_001,140,-0.7695527072106557,SIMULATED,NORMAL
2026-06-17T18:14:11.325665+00:00,DION_001,141,-0.857787001663138,SIMULATED,NORMAL
2026-06-17T18:14:11.336248+00:00,DION_001,142,-0.7926681121010606,SIMULATED,NORMAL
2026-06-17T18:14:11.346844+00:00,DION_001,143,-1.1154933707796109,SIMULATED,NORMAL
2026-06-17T18:14:11.357476+00:00,DION_001,144,-0.9882453915002501,SIMULATED,NORMAL
2026-06-17T18:14:11.368066+00:00,DION_001,145,-1.2387706177404576,SIMULATED,NORMAL
2026-06-17T18:14:11.378672+00:00,DION_001,146,-0.8955215502045685,SIMULATED,NORMAL
2026-06-17T18:14:11.389295+00:00,DION_001,147,-0.8791941602309612,SIMULATED,NORMAL
2026-06-17T18:14:11.399893+00:00,DION_001,148,-1.0518055608149373,SIMULATED,NORMAL
2026-06-17T18:14:11.410493+00:00,DION_001,149,-0.8761056141534611,SIMULATED,NORMAL
2026-06-17T18:14:11.421204+00:00,DION_001,150,-1.0912778517667092,SIMULATED,NORMAL
2026-06-17T18:14:11.431806+00:00,DION_001,151,-0.8811808630820273,SIMULATED,NORMAL
2026-06-17T18:14:11.442407+00:00,DION_001,152,-0.8209167307146576,SIMULATED,NORMAL
2026-06-17T18:14:11.452895+00:00,DION_001,153,-1.0071018066184019,SIMULATED,NORMAL
2026-06-17T18:14:11.463522+00:00,DION_001,154,-0.8072863245798114,SIMULATED,NORMAL
2026-06-17T18:14:11.474047+00:00,DION_001,155,-0.842746514723074,SIMULATED,NORMAL
2026-06-17T18:14:11.484457+00:00,DION_001,156,-1.3997758265111346,SIMULATED,NORMAL
2026-06-17T18:14:11.495003+00:00,DION_001,157,-1.1305295791014078,SIMULATED,NORMAL
2026-06-17T18:14:11.505448+00:00,DION_001,158,-0.8883938595826502,SIMULATED,NORMAL
2026-06-17T18:14:11.515847+00:00,DION_001,159,-0.8942509208853917,SIMULATED,NORMAL
2026-06-17T18:14:11.526249+00:00,DION_001,160,-0.43446911774764774,SIMULATED,NORMAL
2026-06-17T18:14:11.536490+00:00,DION_001,161,-0.8835356482696047,SIMULATED,NORMAL
2026-06-17T18:14:11.546949+00:00,DION_001,162,-0.8183277838290194,SIMULATED,NORMAL
2026-06-17T18:14:11.557303+00:00,DION_001,163,-0.8667110085641561,SIMULATED,NORMAL
2026-06-17T18:14:11.567755+00:00,DION_001,164,-0.468709052234547,SIMULATED,NORMAL
2026-06-17T18:14:11.578301+00:00,DION_001,165,-0.6001877374073442,SIMULATED,NORMAL
2026-06-17T18:14:11.588920+00:00,DION_001,166,-0.7777236938568383,SIMULATED,NORMAL
2026-06-17T18:14:11.599483+00:00,DION_001,167,-0.7494036474123477,SIMULATED,NORMAL
2026-06-17T18:14:11.610090+00:00,DION_001,168,-0.35135719004149807,SIMULATED,NORMAL
2026-06-17T18:14:11.620747+00:00,DION_001,169,-0.527608974407064,SIMULATED,NORMAL
2026-06-17T18:14:11.631348+00:00,DION_001,170,-0.4314358098020132,SIMULATED,NORMAL
2026-06-17T18:14:11.641918+00:00,DION_001,171,-0.5069476524443435,SIMULATED,NORMAL
2026-06-17T18:14:11.652530+00:00,DION_001,172,-0.24078606990359408,SIMULATED,NORMAL
2026-06-17T18:14:11.663285+00:00,DION_001,173,-0.3408818541946738,SIMULATED,NORMAL
2026-06-17T18:14:11.673875+00:00,DION_001,174,-0.14487099130753375,SIMULATED,NORMAL
2026-06-17T18:14:11.684494+00:00,DION_001,175,-0.41024533276834807,SIMULATED,NORMAL
2026-06-17T18:14:11.695232+00:00,DION_001,176,-0.4874487665250009,SIMULATED,NORMAL
2026-06-17T18:14:11.705869+00:00,DION_001,177,-0.5498550822323066,SIMULATED,NORMAL
2026-06-17T18:14:11.716521+00:00,DION_001,178,-0.2366640275315982,SIMULATED,NORMAL
2026-06-17T18:14:11.727263+00:00,DION_001,179,-0.5603082103043228,SIMULATED,NORMAL
2026-06-17T18:14:11.737844+00:00,DION_001,180,-0.22758935614256315,SIMULATED,NORMAL
2026-06-17T18:14:11.748442+00:00,DION_001,181,-0.07469221525498061,SIMULATED,NORMAL
2026-06-17T18:14:11.759172+00:00,DION_001,182,-0.003966761863807934,SIMULATED,NORMAL
2026-06-17T18:14:11.769758+00:00,DION_001,183,0.020226612322492257,SIMULATED,NORMAL
2026-06-17T18:14:11.780356+00:00,DION_001,184,0.001152447888555317,SIMULATED,NORMAL
2026-06-17T18:14:11.791083+00:00,DION_001,185,0.04463159549682047,SIMULATED,NORMAL
2026-06-17T18:14:11.801599+00:00,DION_001,186,0.09491394211785667,SIMULATED,NORMAL
2026-06-17T18:14:11.812250+00:00,DION_001,187,0.3016503881704532,SIMULATED,NORMAL
2026-06-17T18:14:11.822845+00:00,DION_001,188,-0.08961357331284509,SIMULATED,NORMAL
2026-06-17T18:14:11.833526+00:00,DION_001,189,-0.0039176974972961465,SIMULATED,NORMAL
2026-06-17T18:14:11.844172+00:00,DION_001,190,0.43152447256440984,SIMULATED,NORMAL
2026-06-17T18:14:11.854797+00:00,DION_001,191,0.5640618511772806,SIMULATED,NORMAL
2026-06-17T18:14:11.865395+00:00,DION_001,192,0.301056221845276,SIMULATED,NORMAL
2026-06-17T18:14:11.876015+00:00,DION_001,193,-0.0502743744836395,SIMULATED,NORMAL
2026-06-17T18:14:11.886600+00:00,DION_001,194,0.4095683863427849,SIMULATED,NORMAL
2026-06-17T18:14:11.897351+00:00,DION_001,195,0.18906906957985614,SIMULATED,NORMAL
2026-06-17T18:14:11.908153+00:00,DION_001,196,0.44340800613827935,SIMULATED,NORMAL
2026-06-17T18:14:11.918789+00:00,DION_001,197,0.3414877331402383,SIMULATED,NORMAL
2026-06-17T18:14:11.929354+00:00,DION_001,198,0.10947563355655676,SIMULATED,NORMAL
2026-06-17T18:14:11.939963+00:00,DION_001,199,0.30254059004366185,SIMULATED,NORMAL
2026-06-17T18:14:11.950546+00:00,DION_001,200,0.2834679741604481,SIMULATED,NORMAL
2026-06-17T18:14:11.961171+00:00,DION_001,201,0.6650903769047728,SIMULATED,NORMAL
2026-06-17T18:14:11.971773+00:00,DION_001,202,0.23071560681782094,SIMULATED,NORMAL
2026-06-17T18:14:11.982470+00:00,DION_001,203,0.4714002786029383,SIMULATED,NORMAL
2026-06-17T18:14:11.993051+00:00,DION_001,204,0.1582115534234477,SIMULATED,NORMAL
2026-06-17T18:14:12.003651+00:00,DION_001,205,0.16516713794304239,SIMULATED,NORMAL
2026-06-17T18:14:12.014218+00:00,DION_001,206,0.21357168704076854,SIMULATED,NORMAL
2026-06-17T18:14:12.024853+00:00,DION_001,207,0.05590950124015637,SIMULATED,NORMAL
2026-06-17T18:14:12.035622+00:00,DION_001,208,0.3417320841999534,SIMULATED,NORMAL
2026-06-17T18:14:12.046223+00:00,DION_001,209,-0.04191388234662913,SIMULATED,NORMAL
2026-06-17T18:14:12.056824+00:00,DION_001,210,-0.060615821467701225,SIMULATED,NORMAL
2026-06-17T18:14:12.067391+00:00,DION_001,211,0.0004587357324866981,SIMULATED,NORMAL
2026-06-17T18:14:12.077988+00:00,DION_001,212,0.290786820466419,SIMULATED,NORMAL
2026-06-17T18:14:12.088671+00:00,DION_001,213,0.0012480488233099912,SIMULATED,NORMAL
2026-06-17T18:14:12.099429+00:00,DION_001,214,0.1283304721758614,SIMULATED,NORMAL
2026-06-17T18:14:12.109996+00:00,DION_001,215,-0.09717433169191847,SIMULATED,NORMAL
2026-06-17T18:14:12.120659+00:00,DION_001,216,0.10290293571559682,SIMULATED,NORMAL
2026-06-17T18:14:12.131276+00:00,DION_001,217,0.17940907592135452,SIMULATED,NORMAL
2026-06-17T18:14:12.141878+00:00,DION_001,218,0.07886796575691832,SIMULATED,NORMAL
2026-06-17T18:14:12.152532+00:00,DION_001,219,0.054438175848155246,SIMULATED,NORMAL
2026-06-17T18:14:12.163211+00:00,DION_001,220,0.047163274367126265,SIMULATED,NORMAL
2026-06-17T18:14:12.173793+00:00,DION_001,221,0.06632009513884725,SIMULATED,NORMAL
2026-06-17T18:14:12.184641+00:00,DION_001,222,-0.01240863646987967,SIMULATED,NORMAL
2026-06-17T18:14:12.195288+00:00,DION_001,223,0.12491664138876016,SIMULATED,NORMAL
2026-06-17T18:14:12.205910+00:00,DION_001,224,-0.004999922127870829,SIMULATED,NORMAL
2026-06-17T18:14:12.216756+00:00,DION_001,225,0.027164552417985002,SIMULATED,NORMAL
2026-06-17T18:14:12.227253+00:00,DION_001,226,-0.17677886601727877,SIMULATED,NORMAL
2026-06-17T18:14:12.237831+00:00,DION_001,227,-0.17470507575252536,SIMULATED,NORMAL
2026-06-17T18:14:12.248422+00:00,DION_001,228,-0.23776172432627268,SIMULATED,NORMAL
2026-06-17T18:14:12.259458+00:00,DION_001,229,0.0013318596372297598,SIMULATED,NORMAL
2026-06-17T18:14:12.270036+00:00,DION_001,230,0.02196189099491873,SIMULATED,NORMAL
2026-06-17T18:14:12.280632+00:00,DION_001,231,-0.2075623994565409,SIMULATED,NORMAL
2026-06-17T18:14:12.291108+00:00,DION_001,232,0.166407194080239,SIMULATED,NORMAL
2026-06-17T18:14:12.301563+00:00,DION_001,233,-0.042540891654171506,SIMULATED,NORMAL
2026-06-17T18:14:12.311970+00:00,DION_001,234,-0.0677290624238114,SIMULATED,NORMAL
2026-06-17T18:14:12.322514+00:00,DION_001,235,-0.04779007267431759,SIMULATED,NORMAL
2026-06-17T18:14:12.333072+00:00,DION_001,236,-0.30540997774027273,SIMULATED,NORMAL
2026-06-17T18:14:12.343668+00:00,DION_001,237,-0.019343745362114084,SIMULATED,NORMAL
2026-06-17T18:14:12.354246+00:00,DION_001,238,0.2969694359221301,SIMULATED,NORMAL
2026-06-17T18:14:12.364835+00:00,DION_001,239,0.30186940838585247,SIMULATED,NORMAL
2026-06-17T18:14:12.375457+00:00,DION_001,240,0.22572040766593957,SIMULATED,NORMAL
2026-06-17T18:14:12.386075+00:00,DION_001,241,0.17637025673872908,SIMULATED,NORMAL
2026-06-17T18:14:12.396743+00:00,DION_001,242,0.059588949534295166,SIMULATED,NORMAL
2026-06-17T18:14:12.407345+00:00,DION_001,243,0.21677898663383469,SIMULATED,NORMAL
2026-06-17T18:14:12.417992+00:00,DION_001,244,0.3806233734547871,SIMULATED,NORMAL
2026-06-17T18:14:12.428614+00:00,DION_001,245,0.379874440261908,SIMULATED,NORMAL
2026-06-17T18:14:12.439206+00:00,DION_001,246,0.28035698455896235,SIMULATED,NORMAL
2026-06-17T18:14:12.449821+00:00,DION_001,247,0.3755942730514094,SIMULATED,NORMAL
2026-06-17T18:14:12.460407+00:00,DION_001,248,0.7612835991248617,SIMULATED,NORMAL
2026-06-17T18:14:12.471169+00:00,DION_001,249,0.44972344505168055,SIMULATED,NORMAL
2026-06-17T18:14:12.481773+00:00,DION_001,250,0.18351529190566146,SIMULATED,NORMAL
2026-06-17T18:14:12.492388+00:00,DION_001,251,0.3712885485346487,SIMULATED,NORMAL
2026-06-17T18:14:12.503509+00:00,DION_001,252,0.6325796236312069,SIMULATED,NORMAL
2026-06-17T18:14:12.514211+00:00,DION_001,253,0.7006220825792665,SIMULATED,NORMAL
2026-06-17T18:14:12.524844+00:00,DION_001,254,0.719747882619209,SIMULATED,NORMAL
2026-06-17T18:14:12.535446+00:00,DION_001,255,0.5841122789208364,SIMULATED,NORMAL
2026-06-17T18:14:12.546041+00:00,DION_001,256,-1.1491451162573565,SIMULATED,NORMAL
2026-06-17T18:14:12.556850+00:00,DION_001,257,0.9231351182012923,SIMULATED,NORMAL
2026-06-17T18:14:12.567424+00:00,DION_001,258,0.9322842624804244,SIMULATED,NORMAL
2026-06-17T18:14:12.577902+00:00,DION_001,259,0.5750187280177841,SIMULATED,NORMAL
2026-06-17T18:14:12.588544+00:00,DION_001,260,1.1140642724428778,SIMULATED,NORMAL
2026-06-17T18:14:12.599124+00:00,DION_001,261,0.8231748229598083,SIMULATED,NORMAL
2026-06-17T18:14:12.609612+00:00,DION_001,262,1.2463570280166691,SIMULATED,NORMAL
2026-06-17T18:14:12.620010+00:00,DION_001,263,0.7895901414400501,SIMULATED,NORMAL
2026-06-17T18:14:12.630441+00:00,DION_001,264,0.8371775440605304,SIMULATED,NORMAL
2026-06-17T18:14:12.641020+00:00,DION_001,265,0.7513379487011267,SIMULATED,NORMAL
2026-06-17T18:14:12.651315+00:00,DION_001,266,1.1478381533667523,SIMULATED,NORMAL
2026-06-17T18:14:12.661769+00:00,DION_001,267,0.8597863350201025,SIMULATED,NORMAL
2026-06-17T18:14:12.672274+00:00,DION_001,268,1.4405550568636287,SIMULATED,NORMAL
2026-06-17T18:14:12.682889+00:00,DION_001,269,0.9379524034027846,SIMULATED,NORMAL
2026-06-17T18:14:12.693475+00:00,DION_001,270,1.033561312898003,SIMULATED,NORMAL
2026-06-17T18:14:12.704062+00:00,DION_001,271,0.9579299969872755,SIMULATED,NORMAL
2026-06-17T18:14:12.714659+00:00,DION_001,272,1.23290762386755,SIMULATED,NORMAL
2026-06-17T18:14:12.725272+00:00,DION_001,273,0.972143284495143,SIMULATED,NORMAL
2026-06-17T18:14:12.735866+00:00,DION_001,274,1.1184631067791209,SIMULATED,NORMAL
2026-06-17T18:14:12.746441+00:00,DION_001,275,0.8694481416616782,SIMULATED,NORMAL
2026-06-17T18:14:12.757053+00:00,DION_001,276,1.1411616977484162,SIMULATED,NORMAL
2026-06-17T18:14:12.767764+00:00,DION_001,277,1.2067712792015568,SIMULATED,NORMAL
2026-06-17T18:14:12.778347+00:00,DION_001,278,1.2095885002959765,SIMULATED,NORMAL
2026-06-17T18:14:12.788925+00:00,DION_001,279,1.2321748435376998,SIMULATED,NORMAL
2026-06-17T18:14:12.799527+00:00,DION_001,280,0.9878819746931579,SIMULATED,NORMAL
2026-06-17T18:14:12.810208+00:00,DION_001,281,1.1365384117626178,SIMULATED,NORMAL
2026-06-17T18:14:12.820850+00:00,DION_001,282,1.0535446928557586,SIMULATED,NORMAL
2026-06-17T18:14:12.831592+00:00,DION_001,283,1.0816854347359652,SIMULATED,NORMAL
2026-06-17T18:14:12.842306+00:00,DION_001,284,0.7704592688621443,SIMULATED,NORMAL
2026-06-17T18:14:12.852960+00:00,DION_001,285,1.3457282634884011,SIMULATED,NORMAL
2026-06-17T18:14:12.863784+00:00,DION_001,286,0.9058468349392127,SIMULATED,NORMAL
2026-06-17T18:14:12.874558+00:00,DION_001,287,0.8843882393770446,SIMULATED,NORMAL
2026-06-17T18:14:12.885266+00:00,DION_001,288,0.8753821334208839,SIMULATED,NORMAL
2026-06-17T18:14:12.895878+00:00,DION_001,289,0.7139422170523398,SIMULATED,NORMAL
2026-06-17T18:14:12.906494+00:00,DION_001,290,0.6949383373171607,SIMULATED,NORMAL
2026-06-17T18:14:12.917143+00:00,DION_001,291,0.7086610800092392,SIMULATED,NORMAL
2026-06-17T18:14:12.927809+00:00,DION_001,292,0.699114996295586,SIMULATED,NORMAL
2026-06-17T18:14:12.938417+00:00,DION_001,293,1.0343012116775068,SIMULATED,NORMAL
2026-06-17T18:14:12.949082+00:00,DION_001,294,0.42227456929670343,SIMULATED,NORMAL
2026-06-17T18:14:12.959695+00:00,DION_001,295,0.4937657988591435,SIMULATED,NORMAL
2026-06-17T18:14:12.970398+00:00,DION_001,296,0.5545425497135082,SIMULATED,NORMAL
2026-06-17T18:14:12.981021+00:00,DION_001,297,0.6769298624670521,SIMULATED,NORMAL
2026-06-17T18:14:12.991627+00:00,DION_001,298,0.5945017233470297,SIMULATED,NORMAL
2026-06-17T18:14:13.002218+00:00,DION_001,299,0.5667699659144312,SIMULATED,NORMAL
2026-06-17T18:14:13.012848+00:00,DION_001,300,0.5610514154964573,SIMULATED,NORMAL
2026-06-17T18:14:13.023506+00:00,DION_001,301,0.6004591470466426,SIMULATED,NORMAL
2026-06-17T18:14:13.034121+00:00,DION_001,302,0.4740493739200885,SIMULATED,NORMAL
2026-06-17T18:14:13.044857+00:00,DION_001,303,0.4275201025201324,SIMULATED,NORMAL
2026-06-17T18:14:13.055574+00:00,DION_001,304,0.24555846534416137,SIMULATED,NORMAL
2026-06-17T18:14:13.066269+00:00,DION_001,305,0.6060790552687496,SIMULATED,NORMAL
2026-06-17T18:14:13.076977+00:00,DION_001,306,0.2448177959138872,SIMULATED,NORMAL
2026-06-17T18:14:13.087626+00:00,DION_001,307,0.5453832236833072,SIMULATED,NORMAL
2026-06-17T18:14:13.098329+00:00,DION_001,308,0.404251950575979,SIMULATED,NORMAL
2026-06-17T18:14:13.108942+00:00,DION_001,309,0.19663768035387327,SIMULATED,NORMAL
2026-06-17T18:14:13.119686+00:00,DION_001,310,0.5294903382286092,SIMULATED,NORMAL
2026-06-17T18:14:13.130382+00:00,DION_001,311,0.48425744017012307,SIMULATED,NORMAL
2026-06-17T18:14:13.141134+00:00,DION_001,312,0.31195580384030575,SIMULATED,NORMAL
2026-06-17T18:14:13.151936+00:00,DION_001,313,0.28537109938018096,SIMULATED,NORMAL
2026-06-17T18:14:13.162651+00:00,DION_001,314,0.5517723329869453,SIMULATED,NORMAL
2026-06-17T18:14:13.173353+00:00,DION_001,315,0.5433779849144332,SIMULATED,NORMAL
2026-06-17T18:14:13.183938+00:00,DION_001,316,0.33061209597985836,SIMULATED,NORMAL
2026-06-17T18:14:13.194655+00:00,DION_001,317,0.4748987142346636,SIMULATED,NORMAL
2026-06-17T18:14:13.205339+00:00,DION_001,318,0.2833467569951402,SIMULATED,NORMAL
2026-06-17T18:14:13.216001+00:00,DION_001,319,0.5256427834667751,SIMULATED,NORMAL
2026-06-17T18:14:13.226672+00:00,DION_001,320,0.28669844233670305,SIMULATED,NORMAL
2026-06-17T18:14:13.237431+00:00,DION_001,321,0.4625647772911466,SIMULATED,NORMAL
2026-06-17T18:14:13.248073+00:00,DION_001,322,0.6188348733899781,SIMULATED,NORMAL
2026-06-17T18:14:13.258783+00:00,DION_001,323,0.6089969147536811,SIMULATED,NORMAL
2026-06-17T18:14:13.269455+00:00,DION_001,324,0.2763749342891994,SIMULATED,NORMAL
2026-06-17T18:14:13.280383+00:00,DION_001,325,0.6624882949081858,SIMULATED,NORMAL
2026-06-17T18:14:13.291114+00:00,DION_001,326,0.36271485985004426,SIMULATED,NORMAL
2026-06-17T18:14:13.301713+00:00,DION_001,327,0.7533925006107363,SIMULATED,NORMAL
2026-06-17T18:14:13.312345+00:00,DION_001,328,0.6785759238618447,SIMULATED,NORMAL
2026-06-17T18:14:13.323101+00:00,DION_001,329,0.6687238592416173,SIMULATED,NORMAL
2026-06-17T18:14:13.333763+00:00,DION_001,330,0.7333029039944642,SIMULATED,NORMAL
2026-06-17T18:14:13.344375+00:00,DION_001,331,0.977063527286221,SIMULATED,NORMAL
2026-06-17T18:14:13.355141+00:00,DION_001,332,0.9163087729655474,SIMULATED,NORMAL
2026-06-17T18:14:13.365764+00:00,DION_001,333,0.8806142251685047,SIMULATED,NORMAL
2026-06-17T18:14:13.376384+00:00,DION_001,334,0.5865766496904676,SIMULATED,NORMAL
2026-06-17T18:14:13.387117+00:00,DION_001,335,0.8185750050589853,SIMULATED,NORMAL
2026-06-17T18:14:13.397698+00:00,DION_001,336,1.000254538405799,SIMULATED,NORMAL
2026-06-17T18:14:13.408326+00:00,DION_001,337,0.9927937629847252,SIMULATED,NORMAL
2026-06-17T18:14:13.419218+00:00,DION_001,338,0.6970669608641161,SIMULATED,NORMAL
2026-06-17T18:14:13.429840+00:00,DION_001,339,1.028938876713695,SIMULATED,NORMAL
2026-06-17T18:14:13.440508+00:00,DION_001,340,0.9553346108028893,SIMULATED,NORMAL
2026-06-17T18:14:13.451305+00:00,DION_001,341,0.9347495932594034,SIMULATED,NORMAL
2026-06-17T18:14:13.461932+00:00,DION_001,342,0.8535157453771887,SIMULATED,NORMAL
2026-06-17T18:14:13.472726+00:00,DION_001,343,0.777212451888974,SIMULATED,NORMAL
2026-06-17T18:14:13.483388+00:00,DION_001,344,0.6608494903947899,SIMULATED,NORMAL
2026-06-17T18:14:13.494095+00:00,DION_001,345,0.8893558947358592,SIMULATED,NORMAL
2026-06-17T18:14:13.504743+00:00,DION_001,346,0.8965918483336964,SIMULATED,NORMAL
2026-06-17T18:14:13.515461+00:00,DION_001,347,0.9230385313354434,SIMULATED,NORMAL
2026-06-17T18:14:13.526239+00:00,DION_001,348,1.295930822545212,SIMULATED,NORMAL
2026-06-17T18:14:13.536938+00:00,DION_001,349,0.8713215814938516,SIMULATED,NORMAL
2026-06-17T18:14:13.547671+00:00,DION_001,350,1.1468080737865454,SIMULATED,NORMAL
2026-06-17T18:14:13.558248+00:00,DION_001,351,1.0338801467184644,SIMULATED,NORMAL
2026-06-17T18:14:13.568896+00:00,DION_001,352,0.5521317415091328,SIMULATED,NORMAL
2026-06-17T18:14:13.579646+00:00,DION_001,353,0.4956417404931596,SIMULATED,NORMAL
2026-06-17T18:14:13.590301+00:00,DION_001,354,0.8239882675224307,SIMULATED,NORMAL
2026-06-17T18:14:13.600970+00:00,DION_001,355,0.6650034384896042,SIMULATED,NORMAL
2026-06-17T18:14:13.611645+00:00,DION_001,356,0.8714196217505306,SIMULATED,NORMAL
2026-06-17T18:14:13.622381+00:00,DION_001,357,0.8060504336554702,SIMULATED,NORMAL
2026-06-17T18:14:13.633050+00:00,DION_001,358,-1.0404229860666878,SIMULATED,NORMAL
2026-06-17T18:14:13.643967+00:00,DION_001,359,0.49558823593842216,SIMULATED,NORMAL
2026-06-17T18:14:13.654479+00:00,DION_001,360,0.7344688490887068,SIMULATED,NORMAL
2026-06-17T18:14:13.665114+00:00,DION_001,361,0.4910894018452903,SIMULATED,NORMAL
2026-06-17T18:14:13.675599+00:00,DION_001,362,0.6253196999250192,SIMULATED,NORMAL
2026-06-17T18:14:13.686093+00:00,DION_001,363,0.8012475360154732,SIMULATED,NORMAL
2026-06-17T18:14:13.696545+00:00,DION_001,364,0.6229117599023793,SIMULATED,NORMAL
2026-06-17T18:14:13.707086+00:00,DION_001,365,0.5259678861492304,SIMULATED,NORMAL
2026-06-17T18:14:13.717519+00:00,DION_001,366,0.11865436532230972,SIMULATED,NORMAL
2026-06-17T18:14:13.727809+00:00,DION_001,367,0.5109259844625984,SIMULATED,NORMAL
2026-06-17T18:14:13.738339+00:00,DION_001,368,0.27986830121865525,SIMULATED,NORMAL
2026-06-17T18:14:13.748767+00:00,DION_001,369,0.3281044754740524,SIMULATED,NORMAL
2026-06-17T18:14:13.759163+00:00,DION_001,370,0.11015229044165906,SIMULATED,NORMAL
2026-06-17T18:14:13.769464+00:00,DION_001,371,0.22294327806845174,SIMULATED,NORMAL
2026-06-17T18:14:13.779974+00:00,DION_001,372,0.042947005803519706,SIMULATED,NORMAL
2026-06-17T18:14:13.790614+00:00,DION_001,373,-0.05443387848005407,SIMULATED,NORMAL
2026-06-17T18:14:13.801053+00:00,DION_001,374,0.15826987968374562,SIMULATED,NORMAL
2026-06-17T18:14:13.811676+00:00,DION_001,375,-0.05281198555787585,SIMULATED,NORMAL
2026-06-17T18:14:13.822310+00:00,DION_001,376,-0.2073425277240765,SIMULATED,NORMAL
2026-06-17T18:14:13.832939+00:00,DION_001,377,-0.16413187402560042,SIMULATED,NORMAL
2026-06-17T18:14:13.843572+00:00,DION_001,378,-0.09725039393462293,SIMULATED,NORMAL
2026-06-17T18:14:13.854153+00:00,DION_001,379,-0.09741058829093532,SIMULATED,NORMAL
2026-06-17T18:14:13.864799+00:00,DION_001,380,-0.21469978806584633,SIMULATED,NORMAL
2026-06-17T18:14:13.875455+00:00,DION_001,381,-0.05847959128695486,SIMULATED,NORMAL
2026-06-17T18:14:13.886116+00:00,DION_001,382,-0.3148303739360755,SIMULATED,NORMAL
2026-06-17T18:14:13.896801+00:00,DION_001,383,-0.3376592062795376,SIMULATED,NORMAL
2026-06-17T18:14:13.907482+00:00,DION_001,384,0.14016742357203266,SIMULATED,NORMAL
2026-06-17T18:14:13.918169+00:00,DION_001,385,-0.14168716886909127,SIMULATED,NORMAL
2026-06-17T18:14:13.928779+00:00,DION_001,386,-0.30281014233447867,SIMULATED,NORMAL
2026-06-17T18:14:13.939381+00:00,DION_001,387,-0.37767692818994725,SIMULATED,NORMAL
2026-06-17T18:14:13.950037+00:00,DION_001,388,-0.5212002764457979,SIMULATED,NORMAL
2026-06-17T18:14:13.960685+00:00,DION_001,389,-0.38105476044387,SIMULATED,NORMAL
2026-06-17T18:14:13.971288+00:00,DION_001,390,-0.17351268056059269,SIMULATED,NORMAL
2026-06-17T18:14:13.981907+00:00,DION_001,391,-0.46160563255766857,SIMULATED,NORMAL
2026-06-17T18:14:13.992720+00:00,DION_001,392,-0.6109841282429184,SIMULATED,NORMAL
2026-06-17T18:14:14.003357+00:00,DION_001,393,-0.35139294805122034,SIMULATED,NORMAL
2026-06-17T18:14:14.013969+00:00,DION_001,394,-0.2092199526532044,SIMULATED,NORMAL
2026-06-17T18:14:14.024624+00:00,DION_001,395,-0.4473819327516718,SIMULATED,NORMAL
2026-06-17T18:14:14.035251+00:00,DION_001,396,-0.330630317474486,SIMULATED,NORMAL
2026-06-17T18:14:14.045941+00:00,DION_001,397,-0.12980436201058088,SIMULATED,NORMAL
2026-06-17T18:14:14.056618+00:00,DION_001,398,-0.29195086159397554,SIMULATED,NORMAL
2026-06-17T18:14:14.067248+00:00,DION_001,399,-0.5632270706142692,SIMULATED,NORMAL
2026-06-17T18:14:14.077899+00:00,DION_001,400,-0.20217279903329294,SIMULATED,NORMAL
2026-06-17T18:14:14.088481+00:00,DION_001,401,-0.44638544717762674,SIMULATED,NORMAL
2026-06-17T18:14:14.099269+00:00,DION_001,402,-0.2432008503001439,SIMULATED,NORMAL
2026-06-17T18:14:14.109893+00:00,DION_001,403,-0.2419220510905522,SIMULATED,NORMAL
2026-06-17T18:14:14.120534+00:00,DION_001,404,-0.11687025350388308,SIMULATED,NORMAL
2026-06-17T18:14:14.131282+00:00,DION_001,405,-0.36768185749655347,SIMULATED,NORMAL
2026-06-17T18:14:14.141953+00:00,DION_001,406,-0.2702077353509079,SIMULATED,NORMAL
2026-06-17T18:14:14.152719+00:00,DION_001,407,-0.2733551907995225,SIMULATED,NORMAL
2026-06-17T18:14:14.163382+00:00,DION_001,408,-0.0921960605986007,SIMULATED,NORMAL
2026-06-17T18:14:14.174044+00:00,DION_001,409,0.06054489181739081,SIMULATED,NORMAL
2026-06-17T18:14:14.184702+00:00,DION_001,410,0.02884101035640038,SIMULATED,NORMAL
2026-06-17T18:14:14.195379+00:00,DION_001,411,-0.249428622406224,SIMULATED,NORMAL
2026-06-17T18:14:14.205983+00:00,DION_001,412,0.037777852348168384,SIMULATED,NORMAL
2026-06-17T18:14:14.216676+00:00,DION_001,413,-0.013678342024752502,SIMULATED,NORMAL
2026-06-17T18:14:14.227316+00:00,DION_001,414,0.02809908445780332,SIMULATED,NORMAL
2026-06-17T18:14:14.237923+00:00,DION_001,415,0.3144536778818384,SIMULATED,NORMAL
2026-06-17T18:14:14.248719+00:00,DION_001,416,-0.16720763856178106,SIMULATED,NORMAL
2026-06-17T18:14:14.259440+00:00,DION_001,417,0.11267961655811817,SIMULATED,NORMAL
2026-06-17T18:14:14.269986+00:00,DION_001,418,0.09028975127587419,SIMULATED,NORMAL
2026-06-17T18:14:14.280751+00:00,DION_001,419,0.0787492134224555,SIMULATED,NORMAL
2026-06-17T18:14:14.291198+00:00,DION_001,420,0.16216984195270742,SIMULATED,NORMAL
2026-06-17T18:14:14.301643+00:00,DION_001,421,-0.16979786489726564,SIMULATED,NORMAL
2026-06-17T18:14:14.311934+00:00,DION_001,422,-0.09672078188298937,SIMULATED,NORMAL
2026-06-17T18:14:14.322203+00:00,DION_001,423,0.13007902245714162,SIMULATED,NORMAL
2026-06-17T18:14:14.332419+00:00,DION_001,424,0.02810759283325752,SIMULATED,NORMAL
2026-06-17T18:14:14.342938+00:00,DION_001,425,0.1869620522165355,SIMULATED,NORMAL
2026-06-17T18:14:14.353564+00:00,DION_001,426,-0.06951659470766203,SIMULATED,NORMAL
2026-06-17T18:14:14.364016+00:00,DION_001,427,-0.11395344906033063,SIMULATED,NORMAL
2026-06-17T18:14:14.374678+00:00,DION_001,428,-0.1703906431003682,SIMULATED,NORMAL
2026-06-17T18:14:14.385335+00:00,DION_001,429,-0.06254759760965709,SIMULATED,NORMAL
2026-06-17T18:14:14.395878+00:00,DION_001,430,-0.1239895150195246,SIMULATED,NORMAL
2026-06-17T18:14:14.406535+00:00,DION_001,431,0.03653131171813452,SIMULATED,NORMAL
2026-06-17T18:14:14.417182+00:00,DION_001,432,-0.14934126351664173,SIMULATED,NORMAL
2026-06-17T18:14:14.427801+00:00,DION_001,433,-0.23123584736191338,SIMULATED,NORMAL
2026-06-17T18:14:14.438446+00:00,DION_001,434,-0.2501180825267934,SIMULATED,NORMAL
2026-06-17T18:14:14.449057+00:00,DION_001,435,-0.2851638214156797,SIMULATED,NORMAL
2026-06-17T18:14:14.459721+00:00,DION_001,436,0.05914026529474892,SIMULATED,NORMAL
2026-06-17T18:14:14.470361+00:00,DION_001,437,-0.3579774166887515,SIMULATED,NORMAL
2026-06-17T18:14:14.480955+00:00,DION_001,438,-0.40565068835410556,SIMULATED,NORMAL
2026-06-17T18:14:14.491590+00:00,DION_001,439,-0.3776266216561565,SIMULATED,NORMAL
2026-06-17T18:14:14.502180+00:00,DION_001,440,-0.35679116489692675,SIMULATED,NORMAL
2026-06-17T18:14:14.512970+00:00,DION_001,441,-0.542764797024802,SIMULATED,NORMAL
2026-06-17T18:14:14.523691+00:00,DION_001,442,-0.4468507387459003,SIMULATED,NORMAL
2026-06-17T18:14:14.534361+00:00,DION_001,443,-0.5132491031836162,SIMULATED,NORMAL
2026-06-17T18:14:14.545039+00:00,DION_001,444,-0.352185821079379,SIMULATED,NORMAL
2026-06-17T18:14:14.555687+00:00,DION_001,445,-0.6519844986635335,SIMULATED,NORMAL
2026-06-17T18:14:14.566314+00:00,DION_001,446,-0.5681811246704387,SIMULATED,NORMAL
2026-06-17T18:14:14.576941+00:00,DION_001,447,-0.5088137541181753,SIMULATED,NORMAL
2026-06-17T18:14:14.587574+00:00,DION_001,448,-0.712346552121879,SIMULATED,NORMAL
2026-06-17T18:14:14.598211+00:00,DION_001,449,-0.7975797043679447,SIMULATED,NORMAL
2026-06-17T18:14:14.608877+00:00,DION_001,450,-0.892657539366932,SIMULATED,NORMAL
2026-06-17T18:14:14.619502+00:00,DION_001,451,-0.6014033866006887,SIMULATED,NORMAL
2026-06-17T18:14:14.630137+00:00,DION_001,452,-0.5654177266455469,SIMULATED,NORMAL
2026-06-17T18:14:14.640772+00:00,DION_001,453,-0.9897586737435748,SIMULATED,NORMAL
2026-06-17T18:14:14.651417+00:00,DION_001,454,-0.8217068070988574,SIMULATED,NORMAL
2026-06-17T18:14:14.662272+00:00,DION_001,455,-0.7262972389286596,SIMULATED,NORMAL
2026-06-17T18:14:14.672879+00:00,DION_001,456,-0.943037011193311,SIMULATED,NORMAL
2026-06-17T18:14:14.683509+00:00,DION_001,457,-1.1407802201227666,SIMULATED,NORMAL
2026-06-17T18:14:14.694330+00:00,DION_001,458,-0.8077649966878966,SIMULATED,NORMAL
2026-06-17T18:14:14.705036+00:00,DION_001,459,-0.9441840167517079,SIMULATED,NORMAL
2026-06-17T18:14:14.715679+00:00,DION_001,460,-1.0423814829904732,SIMULATED,NORMAL
2026-06-17T18:14:14.726379+00:00,DION_001,461,-0.9991488561581938,SIMULATED,NORMAL
2026-06-17T18:14:14.737043+00:00,DION_001,462,-1.2013969233677197,SIMULATED,NORMAL
2026-06-17T18:14:14.749888+00:00,DION_001,463,-1.0631190419123036,SIMULATED,NORMAL
2026-06-17T18:14:14.760401+00:00,DION_001,464,-1.0893506358416853,SIMULATED,NORMAL
2026-06-17T18:14:14.771246+00:00,DION_001,465,-1.183481148292772,SIMULATED,NORMAL
2026-06-17T18:14:14.781711+00:00,DION_001,466,-1.114329945680757,SIMULATED,NORMAL
2026-06-17T18:14:14.792124+00:00,DION_001,467,-1.2205490016659615,SIMULATED,NORMAL
2026-06-17T18:14:14.802596+00:00,DION_001,468,-1.1998374185631675,SIMULATED,NORMAL
2026-06-17T18:14:14.813147+00:00,DION_001,469,-1.3302035327236286,SIMULATED,NORMAL
2026-06-17T18:14:14.823726+00:00,DION_001,470,0.4811429725874343,SIMULATED,NORMAL
2026-06-17T18:14:14.834218+00:00,DION_001,471,-1.1593206964207443,SIMULATED,NORMAL
2026-06-17T18:14:14.844712+00:00,DION_001,472,-0.9940644545874269,SIMULATED,NORMAL
2026-06-17T18:14:14.855107+00:00,DION_001,473,-1.177725378340454,SIMULATED,NORMAL
2026-06-17T18:14:14.865512+00:00,DION_001,474,-0.8899621550943464,SIMULATED,NORMAL
2026-06-17T18:14:14.876019+00:00,DION_001,475,-1.3850748544535192,SIMULATED,NORMAL
2026-06-17T18:14:14.886493+00:00,DION_001,476,-1.2331717079344373,SIMULATED,NORMAL
2026-06-17T18:14:14.896945+00:00,DION_001,477,-0.9549930940465885,SIMULATED,NORMAL
2026-06-17T18:14:14.907441+00:00,DION_001,478,-1.0357837604399274,SIMULATED,NORMAL
2026-06-17T18:14:14.918014+00:00,DION_001,479,-0.9148920498028053,SIMULATED,NORMAL
2026-06-17T18:14:14.928713+00:00,DION_001,480,-0.749527387942551,SIMULATED,NORMAL
2026-06-17T18:14:14.939308+00:00,DION_001,481,-0.787005513426456,SIMULATED,NORMAL
2026-06-17T18:14:14.949886+00:00,DION_001,482,-0.9144269305517743,SIMULATED,NORMAL
2026-06-17T18:14:14.960419+00:00,DION_001,483,-1.0138466077926118,SIMULATED,NORMAL
2026-06-17T18:14:14.971165+00:00,DION_001,484,-1.2175613494764241,SIMULATED,NORMAL
2026-06-17T18:14:14.981740+00:00,DION_001,485,-1.0680253285545338,SIMULATED,NORMAL
2026-06-17T18:14:14.992322+00:00,DION_001,486,-1.0520001135998975,SIMULATED,NORMAL
2026-06-17T18:14:15.002964+00:00,DION_001,487,-0.7711004880370197,SIMULATED,NORMAL
2026-06-17T18:14:15.013557+00:00,DION_001,488,-0.8563681956037517,SIMULATED,NORMAL
2026-06-17T18:14:15.024216+00:00,DION_001,489,-0.8204119583757457,SIMULATED,NORMAL
2026-06-17T18:14:15.034834+00:00,DION_001,490,-0.6393511614700454,SIMULATED,NORMAL
2026-06-17T18:14:15.045489+00:00,DION_001,491,-0.5706484368291244,SIMULATED,NORMAL
2026-06-17T18:14:15.056082+00:00,DION_001,492,-0.40910614116561733,SIMULATED,NORMAL
2026-06-17T18:14:15.066702+00:00,DION_001,493,-0.2394360981671006,SIMULATED,NORMAL
2026-06-17T18:14:15.077321+00:00,DION_001,494,-0.30858720484160573,SIMULATED,NORMAL
2026-06-17T18:14:15.087947+00:00,DION_001,495,-0.6371734989481198,SIMULATED,NORMAL
2026-06-17T18:14:15.098457+00:00,DION_001,496,-0.6167944470155181,SIMULATED,NORMAL
2026-06-17T18:14:15.108962+00:00,DION_001,497,-0.2524187038950656,SIMULATED,NORMAL
2026-06-17T18:14:15.119548+00:00,DION_001,498,-0.41939302863149164,SIMULATED,NORMAL
2026-06-17T18:14:15.130118+00:00,DION_001,499,-0.6268336001081606,SIMULATED,NORMAL
2026-06-17T18:14:15.140733+00:00,DION_001,500,-0.43803470479047674,SIMULATED,NORMAL
2026-06-17T18:14:15.151317+00:00,DION_001,501,-0.6053940296945172,SIMULATED,NORMAL
2026-06-17T18:14:15.161901+00:00,DION_001,502,-0.5884784009815215,SIMULATED,NORMAL
2026-06-17T18:14:15.172657+00:00,DION_001,503,-0.29580511937883097,SIMULATED,NORMAL
2026-06-17T18:14:15.183312+00:00,DION_001,504,-0.44651736509528245,SIMULATED,NORMAL
2026-06-17T18:14:15.193983+00:00,DION_001,505,-0.38746906434578415,SIMULATED,NORMAL
2026-06-17T18:14:15.204617+00:00,DION_001,506,-0.4104337069594669,SIMULATED,NORMAL
2026-06-17T18:14:15.215238+00:00,DION_001,507,-0.08733219102348866,SIMULATED,NORMAL
2026-06-17T18:14:15.225929+00:00,DION_001,508,-0.09680679671082992,SIMULATED,NORMAL
2026-06-17T18:14:15.236544+00:00,DION_001,509,-0.4120373048436666,SIMULATED,NORMAL
2026-06-17T18:14:15.247191+00:00,DION_001,510,-0.141535856003143,SIMULATED,NORMAL
2026-06-17T18:14:15.257879+00:00,DION_001,511,-0.2140738918415815,SIMULATED,NORMAL
2026-06-17T18:14:15.268515+00:00,DION_001,512,-0.338316834521728,SIMULATED,NORMAL
2026-06-17T18:14:15.279130+00:00,DION_001,513,-0.5477509419868223,SIMULATED,NORMAL
2026-06-17T18:14:15.289695+00:00,DION_001,514,-0.21998958289093337,SIMULATED,NORMAL
2026-06-17T18:14:15.300304+00:00,DION_001,515,-0.28499320641340736,SIMULATED,NORMAL
2026-06-17T18:14:15.311018+00:00,DION_001,516,-0.4412764089564598,SIMULATED,NORMAL
2026-06-17T18:14:15.321522+00:00,DION_001,517,-0.506102157338548,SIMULATED,NORMAL
2026-06-17T18:14:15.332186+00:00,DION_001,518,-0.7238622342427504,SIMULATED,NORMAL
2026-06-17T18:14:15.342824+00:00,DION_001,519,-0.3774574318317735,SIMULATED,NORMAL
2026-06-17T18:14:15.353710+00:00,DION_001,520,-2.4337063502257283,SIMULATED,EVENT_DETECTED
2026-06-17T18:14:15.364815+00:00,DION_001,521,-0.12017576770102006,SIMULATED,NORMAL
2026-06-17T18:14:15.375444+00:00,DION_001,522,-0.4679521529066303,SIMULATED,NORMAL
2026-06-17T18:14:15.386146+00:00,DION_001,523,-0.8112547327384136,SIMULATED,NORMAL
2026-06-17T18:14:15.396844+00:00,DION_001,524,-0.7792328035626359,SIMULATED,NORMAL
2026-06-17T18:14:15.407534+00:00,DION_001,525,-0.7414890402480896,SIMULATED,NORMAL
2026-06-17T18:14:15.418225+00:00,DION_001,526,-0.635980887943497,SIMULATED,NORMAL
2026-06-17T18:14:15.428929+00:00,DION_001,527,-0.8119200645395668,SIMULATED,NORMAL
2026-06-17T18:14:15.439616+00:00,DION_001,528,-0.7269944567635582,SIMULATED,NORMAL
2026-06-17T18:14:15.450299+00:00,DION_001,529,-0.6743581746727076,SIMULATED,NORMAL
2026-06-17T18:14:15.460984+00:00,DION_001,530,-0.5846881409015579,SIMULATED,NORMAL
2026-06-17T18:14:15.471788+00:00,DION_001,531,-0.6592411875901355,SIMULATED,NORMAL
2026-06-17T18:14:15.482502+00:00,DION_001,532,-0.9323120701777496,SIMULATED,NORMAL
2026-06-17T18:14:15.493182+00:00,DION_001,533,-0.977261142127383,SIMULATED,NORMAL
2026-06-17T18:14:15.503818+00:00,DION_001,534,-1.0596518589192596,SIMULATED,NORMAL
2026-06-17T18:14:15.514556+00:00,DION_001,535,-0.8674056937012062,SIMULATED,NORMAL
2026-06-17T18:14:15.525125+00:00,DION_001,536,-1.0497656386232082,SIMULATED,NORMAL
2026-06-17T18:14:15.535819+00:00,DION_001,537,-0.5018935286400912,SIMULATED,NORMAL
2026-06-17T18:14:15.546597+00:00,DION_001,538,-0.9437562743775109,SIMULATED,NORMAL
2026-06-17T18:14:15.557164+00:00,DION_001,539,-0.46049996682621547,SIMULATED,NORMAL
2026-06-17T18:14:15.567821+00:00,DION_001,540,-0.7100690163174075,SIMULATED,NORMAL
2026-06-17T18:14:15.578464+00:00,DION_001,541,-1.2313438999349355,SIMULATED,NORMAL
2026-06-17T18:14:15.589025+00:00,DION_001,542,-0.7149190148131546,SIMULATED,NORMAL
2026-06-17T18:14:15.599666+00:00,DION_001,543,-0.694033224370004,SIMULATED,NORMAL
2026-06-17T18:14:15.610285+00:00,DION_001,544,-0.9398746783355991,SIMULATED,NORMAL
2026-06-17T18:14:15.620910+00:00,DION_001,545,-1.1330880640537795,SIMULATED,NORMAL
2026-06-17T18:14:15.631531+00:00,DION_001,546,-0.8553048443254481,SIMULATED,NORMAL
2026-06-17T18:14:15.642185+00:00,DION_001,547,-0.7139774366777883,SIMULATED,NORMAL
2026-06-17T18:14:15.652965+00:00,DION_001,548,-0.678939360035017,SIMULATED,NORMAL
2026-06-17T18:14:15.663581+00:00,DION_001,549,-0.8327233654038392,SIMULATED,NORMAL
2026-06-17T18:14:15.674222+00:00,DION_001,550,-0.6345998426517571,SIMULATED,NORMAL
2026-06-17T18:14:15.684849+00:00,DION_001,551,-0.6875432879320031,SIMULATED,NORMAL
2026-06-17T18:14:15.695483+00:00,DION_001,552,-0.6752136150500596,SIMULATED,NORMAL
2026-06-17T18:14:15.706223+00:00,DION_001,553,-0.9197245413148758,SIMULATED,NORMAL
2026-06-17T18:14:15.716908+00:00,DION_001,554,-0.6805239208415648,SIMULATED,NORMAL
2026-06-17T18:14:15.727532+00:00,DION_001,555,-0.5887611868889218,SIMULATED,NORMAL
2026-06-17T18:14:15.738186+00:00,DION_001,556,-0.5616882608298067,SIMULATED,NORMAL
2026-06-17T18:14:15.748902+00:00,DION_001,557,-0.4501914694568531,SIMULATED,NORMAL
2026-06-17T18:14:15.759528+00:00,DION_001,558,-0.39144998428129973,SIMULATED,NORMAL
2026-06-17T18:14:15.770178+00:00,DION_001,559,-2.420569513056381,SIMULATED,EVENT_DETECTED
2026-06-17T18:14:15.781076+00:00,DION_001,560,-0.29964688861217703,SIMULATED,NORMAL
2026-06-17T18:14:15.791693+00:00,DION_001,561,-0.735544932158504,SIMULATED,NORMAL
2026-06-17T18:14:15.802342+00:00,DION_001,562,-0.4081151546280856,SIMULATED,NORMAL
2026-06-17T18:14:15.813031+00:00,DION_001,563,-0.4407449899862257,SIMULATED,NORMAL
2026-06-17T18:14:15.823664+00:00,DION_001,564,-0.48416052391452247,SIMULATED,NORMAL
2026-06-17T18:14:15.834336+00:00,DION_001,565,-0.32914746066089756,SIMULATED,NORMAL
2026-06-17T18:14:15.845043+00:00,DION_001,566,-0.18782290900072646,SIMULATED,NORMAL
2026-06-17T18:14:15.855771+00:00,DION_001,567,-0.059383591272764026,SIMULATED,NORMAL
2026-06-17T18:14:15.866425+00:00,DION_001,568,-0.3508978701325084,SIMULATED,NORMAL
2026-06-17T18:14:15.876952+00:00,DION_001,569,-0.10815277205590312,SIMULATED,NORMAL
2026-06-17T18:14:15.887410+00:00,DION_001,570,-0.18703380642976142,SIMULATED,NORMAL
2026-06-17T18:14:15.897850+00:00,DION_001,571,-0.031216844002017574,SIMULATED,NORMAL
2026-06-17T18:14:15.908280+00:00,DION_001,572,0.19585221753065818,SIMULATED,NORMAL
2026-06-17T18:14:15.918796+00:00,DION_001,573,0.1976119147406085,SIMULATED,NORMAL
2026-06-17T18:14:15.929257+00:00,DION_001,574,0.13711140304658903,SIMULATED,NORMAL
2026-06-17T18:14:15.939571+00:00,DION_001,575,0.45271207419088755,SIMULATED,NORMAL
2026-06-17T18:14:15.949896+00:00,DION_001,576,-0.13541025785867833,SIMULATED,NORMAL
2026-06-17T18:14:15.960203+00:00,DION_001,577,0.536422718116252,SIMULATED,NORMAL
2026-06-17T18:14:15.970744+00:00,DION_001,578,0.4116232238169141,SIMULATED,NORMAL
2026-06-17T18:14:15.981193+00:00,DION_001,579,0.20556505363543334,SIMULATED,NORMAL
2026-06-17T18:14:15.991718+00:00,DION_001,580,0.6429848849119857,SIMULATED,NORMAL
2026-06-17T18:14:16.002190+00:00,DION_001,581,0.39186823666859893,SIMULATED,NORMAL
2026-06-17T18:14:16.012756+00:00,DION_001,582,0.30139102151614616,SIMULATED,NORMAL
2026-06-17T18:14:16.023266+00:00,DION_001,583,0.39848175919430673,SIMULATED,NORMAL
2026-06-17T18:14:16.033890+00:00,DION_001,584,0.4713619137665492,SIMULATED,NORMAL
2026-06-17T18:14:16.044426+00:00,DION_001,585,0.49211456215738564,SIMULATED,NORMAL
2026-06-17T18:14:16.055315+00:00,DION_001,586,0.4425563008814276,SIMULATED,NORMAL
2026-06-17T18:14:16.065960+00:00,DION_001,587,0.3796479980176962,SIMULATED,NORMAL
2026-06-17T18:14:16.076664+00:00,DION_001,588,0.25670672432688535,SIMULATED,NORMAL
2026-06-17T18:14:16.087241+00:00,DION_001,589,0.42916162722112,SIMULATED,NORMAL
2026-06-17T18:14:16.097768+00:00,DION_001,590,0.589732182617287,SIMULATED,NORMAL
2026-06-17T18:14:16.108404+00:00,DION_001,591,0.2950128747162616,SIMULATED,NORMAL
2026-06-17T18:14:16.119132+00:00,DION_001,592,0.38940259344450545,SIMULATED,NORMAL
2026-06-17T18:14:16.129808+00:00,DION_001,593,0.4403329338391779,SIMULATED,NORMAL
2026-06-17T18:14:16.140438+00:00,DION_001,594,0.4570989676531423,SIMULATED,NORMAL
2026-06-17T18:14:16.151181+00:00,DION_001,595,0.5035201582164106,SIMULATED,NORMAL
2026-06-17T18:14:16.161797+00:00,DION_001,596,0.3855347540979849,SIMULATED,NORMAL
2026-06-17T18:14:16.172379+00:00,DION_001,597,0.4040334220815328,SIMULATED,NORMAL
2026-06-17T18:14:16.183152+00:00,DION_001,598,0.6319204415818369,SIMULATED,NORMAL
2026-06-17T18:14:16.193923+00:00,DION_001,599,0.6962355179290756,SIMULATED,NORMAL
2026-06-17T18:14:16.204677+00:00,DION_001,600,0.2506076152795893,SIMULATED,NORMAL
2026-06-17T18:14:16.215323+00:00,DION_001,601,0.47340760525336556,SIMULATED,NORMAL
2026-06-17T18:14:16.225993+00:00,DION_001,602,0.24138484982451036,SIMULATED,NORMAL
2026-06-17T18:14:16.236623+00:00,DION_001,603,0.42057143312199996,SIMULATED,NORMAL
2026-06-17T18:14:16.247252+00:00,DION_001,604,0.11088920071053537,SIMULATED,NORMAL
2026-06-17T18:14:16.257731+00:00,DION_001,605,0.15058774644294667,SIMULATED,NORMAL
2026-06-17T18:14:16.268063+00:00,DION_001,606,0.41518232715914827,SIMULATED,NORMAL
2026-06-17T18:14:16.278377+00:00,DION_001,607,-6.165135682384415e-05,SIMULATED,NORMAL
2026-06-17T18:14:16.288687+00:00,DION_001,608,0.39228169177998595,SIMULATED,NORMAL
2026-06-17T18:14:16.299141+00:00,DION_001,609,0.028388530109561882,SIMULATED,NORMAL
2026-06-17T18:14:16.309566+00:00,DION_001,610,0.2537530535381605,SIMULATED,NORMAL
2026-06-17T18:14:16.319947+00:00,DION_001,611,0.3719296786661358,SIMULATED,NORMAL
2026-06-17T18:14:16.330453+00:00,DION_001,612,0.277912616797633,SIMULATED,NORMAL
2026-06-17T18:14:16.340903+00:00,DION_001,613,0.22480408595673712,SIMULATED,NORMAL
2026-06-17T18:14:16.351274+00:00,DION_001,614,0.24723055492447243,SIMULATED,NORMAL
2026-06-17T18:14:16.361768+00:00,DION_001,615,-0.034274001744984545,SIMULATED,NORMAL
2026-06-17T18:14:16.372285+00:00,DION_001,616,0.07521634801795415,SIMULATED,NORMAL
2026-06-17T18:14:16.382846+00:00,DION_001,617,0.06716637535303766,SIMULATED,NORMAL
2026-06-17T18:14:16.393399+00:00,DION_001,618,0.2801223747736617,SIMULATED,NORMAL
2026-06-17T18:14:16.404042+00:00,DION_001,619,0.14665860257769905,SIMULATED,NORMAL
2026-06-17T18:14:16.414670+00:00,DION_001,620,0.07318004371010439,SIMULATED,NORMAL
2026-06-17T18:14:16.425260+00:00,DION_001,621,0.16808817197190046,SIMULATED,NORMAL
2026-06-17T18:14:16.435902+00:00,DION_001,622,-0.09279987561390249,SIMULATED,NORMAL
2026-06-17T18:14:16.446577+00:00,DION_001,623,0.04836239514600592,SIMULATED,NORMAL
2026-06-17T18:14:16.457231+00:00,DION_001,624,0.408341153808352,SIMULATED,NORMAL
2026-06-17T18:14:16.467889+00:00,DION_001,625,0.32867399211327136,SIMULATED,NORMAL
2026-06-17T18:14:16.478505+00:00,DION_001,626,0.08946936259047486,SIMULATED,NORMAL
2026-06-17T18:14:16.489139+00:00,DION_001,627,-0.055083895989489456,SIMULATED,NORMAL
2026-06-17T18:14:16.499811+00:00,DION_001,628,0.07303267839281273,SIMULATED,NORMAL
2026-06-17T18:14:16.510468+00:00,DION_001,629,0.0827022592729151,SIMULATED,NORMAL
2026-06-17T18:14:16.521137+00:00,DION_001,630,0.16355883232300522,SIMULATED,NORMAL
2026-06-17T18:14:16.531838+00:00,DION_001,631,-0.025370935510056314,SIMULATED,NORMAL
2026-06-17T18:14:16.542451+00:00,DION_001,632,0.4355888582052033,SIMULATED,NORMAL
2026-06-17T18:14:16.553106+00:00,DION_001,633,0.29490026463404007,SIMULATED,NORMAL
2026-06-17T18:14:16.563777+00:00,DION_001,634,0.4362516161509799,SIMULATED,NORMAL
2026-06-17T18:14:16.574406+00:00,DION_001,635,0.5217276967251782,SIMULATED,NORMAL
2026-06-17T18:14:16.585035+00:00,DION_001,636,0.2468950616215663,SIMULATED,NORMAL
2026-06-17T18:14:16.595678+00:00,DION_001,637,0.49609899365203153,SIMULATED,NORMAL
2026-06-17T18:14:16.606324+00:00,DION_001,638,0.24448693755965356,SIMULATED,NORMAL
2026-06-17T18:14:16.616956+00:00,DION_001,639,0.5330594678372068,SIMULATED,NORMAL
2026-06-17T18:14:16.627583+00:00,DION_001,640,0.5060427555306602,SIMULATED,NORMAL
2026-06-17T18:14:16.638228+00:00,DION_001,641,0.5119066013808361,SIMULATED,NORMAL
2026-06-17T18:14:16.648851+00:00,DION_001,642,0.7510978968322459,SIMULATED,NORMAL
2026-06-17T18:14:16.659460+00:00,DION_001,643,0.7305258473256064,SIMULATED,NORMAL
2026-06-17T18:14:16.670111+00:00,DION_001,644,0.8466931139699472,SIMULATED,NORMAL
2026-06-17T18:14:16.680747+00:00,DION_001,645,0.6220058110420794,SIMULATED,NORMAL
2026-06-17T18:14:16.691326+00:00,DION_001,646,0.7763288122178451,SIMULATED,NORMAL
2026-06-17T18:14:16.701961+00:00,DION_001,647,0.8861874851567264,SIMULATED,NORMAL
2026-06-17T18:14:16.712706+00:00,DION_001,648,0.6950207660571894,SIMULATED,NORMAL
2026-06-17T18:14:16.723385+00:00,DION_001,649,0.7413766844745875,SIMULATED,NORMAL
2026-06-17T18:14:16.733995+00:00,DION_001,650,0.8812011885196335,SIMULATED,NORMAL
2026-06-17T18:14:16.744506+00:00,DION_001,651,0.8947124780901922,SIMULATED,NORMAL
2026-06-17T18:14:16.755274+00:00,DION_001,652,0.9772174529032673,SIMULATED,NORMAL
2026-06-17T18:14:16.765941+00:00,DION_001,653,1.1046261989365527,SIMULATED,NORMAL
2026-06-17T18:14:16.776493+00:00,DION_001,654,1.1401016350827244,SIMULATED,NORMAL
2026-06-17T18:14:16.787300+00:00,DION_001,655,0.9171415784405094,SIMULATED,NORMAL
2026-06-17T18:14:16.797906+00:00,DION_001,656,1.2863577264879134,SIMULATED,NORMAL
2026-06-17T18:14:16.808706+00:00,DION_001,657,1.364906013777602,SIMULATED,NORMAL
2026-06-17T18:14:16.819406+00:00,DION_001,658,0.9811812683672444,SIMULATED,NORMAL
2026-06-17T18:14:16.830109+00:00,DION_001,659,1.151044324130029,SIMULATED,NORMAL
2026-06-17T18:14:16.840772+00:00,DION_001,660,0.9377276631000001,SIMULATED,NORMAL
2026-06-17T18:14:16.851451+00:00,DION_001,661,1.441530200339506,SIMULATED,NORMAL
2026-06-17T18:14:16.862187+00:00,DION_001,662,1.3629990200019084,SIMULATED,NORMAL
2026-06-17T18:14:16.872976+00:00,DION_001,663,1.3859506159123118,SIMULATED,NORMAL
2026-06-17T18:14:16.883679+00:00,DION_001,664,1.4285013039325356,SIMULATED,NORMAL
2026-06-17T18:14:16.894427+00:00,DION_001,665,1.0586609649268834,SIMULATED,NORMAL
2026-06-17T18:14:16.904987+00:00,DION_001,666,1.186482416648636,SIMULATED,NORMAL
2026-06-17T18:14:16.915845+00:00,DION_001,667,1.0874949925702078,SIMULATED,NORMAL
2026-06-17T18:14:16.926587+00:00,DION_001,668,1.2459788317143536,SIMULATED,NORMAL
2026-06-17T18:14:16.937116+00:00,DION_001,669,1.110707294179538,SIMULATED,NORMAL
2026-06-17T18:14:16.947576+00:00,DION_001,670,1.0668886249936533,SIMULATED,NORMAL
2026-06-17T18:14:16.957906+00:00,DION_001,671,1.0893557114771673,SIMULATED,NORMAL
2026-06-17T18:14:16.968219+00:00,DION_001,672,1.0271312927036738,SIMULATED,NORMAL
2026-06-17T18:14:16.978550+00:00,DION_001,673,0.9744571592241699,SIMULATED,NORMAL
2026-06-17T18:14:16.988957+00:00,DION_001,674,1.102593417363049,SIMULATED,NORMAL
2026-06-17T18:14:16.999267+00:00,DION_001,675,0.8922820813701529,SIMULATED,NORMAL
2026-06-17T18:14:17.009608+00:00,DION_001,676,3.602779746101706,SIMULATED,EVENT_DETECTED
2026-06-17T18:14:17.020201+00:00,DION_001,677,1.09966456820464,SIMULATED,NORMAL
2026-06-17T18:14:17.030544+00:00,DION_001,678,0.9774025323637981,SIMULATED,NORMAL
2026-06-17T18:14:17.040891+00:00,DION_001,679,0.6401720971232725,SIMULATED,NORMAL
2026-06-17T18:14:17.051183+00:00,DION_001,680,0.9005472934364757,SIMULATED,NORMAL
2026-06-17T18:14:17.061446+00:00,DION_001,681,0.9063163035240861,SIMULATED,NORMAL
2026-06-17T18:14:17.071787+00:00,DION_001,682,1.061628317310215,SIMULATED,NORMAL
2026-06-17T18:14:17.082344+00:00,DION_001,683,0.7290366542554613,SIMULATED,NORMAL
2026-06-17T18:14:17.093145+00:00,DION_001,684,0.5706450620453721,SIMULATED,NORMAL
2026-06-17T18:14:17.103689+00:00,DION_001,685,0.7127308616276383,SIMULATED,NORMAL
2026-06-17T18:14:17.114293+00:00,DION_001,686,0.8534251774717091,SIMULATED,NORMAL
2026-06-17T18:14:17.124904+00:00,DION_001,687,0.8001423775871965,SIMULATED,NORMAL
2026-06-17T18:14:17.135405+00:00,DION_001,688,0.7544214297552636,SIMULATED,NORMAL
2026-06-17T18:14:17.146108+00:00,DION_001,689,0.5608705239726438,SIMULATED,NORMAL
2026-06-17T18:14:17.156719+00:00,DION_001,690,0.6426120415514314,SIMULATED,NORMAL
2026-06-17T18:14:17.167300+00:00,DION_001,691,0.9467355071813252,SIMULATED,NORMAL
2026-06-17T18:14:17.177953+00:00,DION_001,692,0.4799977565857768,SIMULATED,NORMAL
2026-06-17T18:14:17.188661+00:00,DION_001,693,0.5217381445575794,SIMULATED,NORMAL
2026-06-17T18:14:17.199333+00:00,DION_001,694,0.5286015958490754,SIMULATED,NORMAL
2026-06-17T18:14:17.209885+00:00,DION_001,695,0.22826520348668436,SIMULATED,NORMAL
2026-06-17T18:14:17.220480+00:00,DION_001,696,0.509929172863559,SIMULATED,NORMAL
2026-06-17T18:14:17.231192+00:00,DION_001,697,0.5893162852903626,SIMULATED,NORMAL
2026-06-17T18:14:17.241756+00:00,DION_001,698,0.5232725915009768,SIMULATED,NORMAL
2026-06-17T18:14:17.252445+00:00,DION_001,699,0.2423886488064585,SIMULATED,NORMAL
2026-06-17T18:14:17.263276+00:00,DION_001,700,0.1770462252671389,SIMULATED,NORMAL
2026-06-17T18:14:17.273865+00:00,DION_001,701,0.39761214984724647,SIMULATED,NORMAL
2026-06-17T18:14:17.284460+00:00,DION_001,702,0.29944634186951014,SIMULATED,NORMAL
2026-06-17T18:14:17.295013+00:00,DION_001,703,0.25049594944221637,SIMULATED,NORMAL
2026-06-17T18:14:17.305619+00:00,DION_001,704,0.3296933490035727,SIMULATED,NORMAL
2026-06-17T18:14:17.316242+00:00,DION_001,705,-0.028461280455181648,SIMULATED,NORMAL
2026-06-17T18:14:17.330227+00:00,DION_001,706,0.4708392902550945,SIMULATED,NORMAL
2026-06-17T18:14:17.340677+00:00,DION_001,707,0.3061640760298358,SIMULATED,NORMAL
2026-06-17T18:14:17.351079+00:00,DION_001,708,0.22389012392795293,SIMULATED,NORMAL
2026-06-17T18:14:17.361623+00:00,DION_001,709,0.474465558714801,SIMULATED,NORMAL
2026-06-17T18:14:17.372451+00:00,DION_001,710,0.2216316500579075,SIMULATED,NORMAL
2026-06-17T18:14:17.383251+00:00,DION_001,711,0.37821672253203503,SIMULATED,NORMAL
2026-06-17T18:14:17.393795+00:00,DION_001,712,0.4190766172904533,SIMULATED,NORMAL
2026-06-17T18:14:17.404363+00:00,DION_001,713,0.6695361498048464,SIMULATED,NORMAL
2026-06-17T18:14:17.415061+00:00,DION_001,714,0.6442394026136684,SIMULATED,NORMAL
2026-06-17T18:14:17.425659+00:00,DION_001,715,0.6373833029506374,SIMULATED,NORMAL
2026-06-17T18:14:17.436234+00:00,DION_001,716,0.23501973642650434,SIMULATED,NORMAL
2026-06-17T18:14:17.446820+00:00,DION_001,717,0.19208307796752566,SIMULATED,NORMAL
2026-06-17T18:14:17.457342+00:00,DION_001,718,0.3719672213363958,SIMULATED,NORMAL
2026-06-17T18:14:17.467829+00:00,DION_001,719,2.7076179972908005,SIMULATED,EVENT_DETECTED
2026-06-17T18:14:17.478824+00:00,DION_001,720,0.366287560861849,SIMULATED,NORMAL
2026-06-17T18:14:17.489394+00:00,DION_001,721,0.46529338245221324,SIMULATED,NORMAL
2026-06-17T18:14:17.500006+00:00,DION_001,722,0.5059269001513924,SIMULATED,NORMAL
2026-06-17T18:14:17.510574+00:00,DION_001,723,0.43593473989755627,SIMULATED,NORMAL
2026-06-17T18:14:17.521056+00:00,DION_001,724,0.5340611733510275,SIMULATED,NORMAL
2026-06-17T18:14:17.531635+00:00,DION_001,725,0.6852307588935387,SIMULATED,NORMAL
2026-06-17T18:14:17.542225+00:00,DION_001,726,0.8344287103927954,SIMULATED,NORMAL
2026-06-17T18:14:17.552895+00:00,DION_001,727,0.6933919479680761,SIMULATED,NORMAL
2026-06-17T18:14:17.563516+00:00,DION_001,728,0.6721052239183324,SIMULATED,NORMAL
2026-06-17T18:14:17.574071+00:00,DION_001,729,0.8228352457416326,SIMULATED,NORMAL
2026-06-17T18:14:17.584703+00:00,DION_001,730,0.7234836493076737,SIMULATED,NORMAL
2026-06-17T18:14:17.595271+00:00,DION_001,731,0.7029800921887526,SIMULATED,NORMAL
2026-06-17T18:14:17.605890+00:00,DION_001,732,0.6440428663675404,SIMULATED,NORMAL
2026-06-17T18:14:17.616468+00:00,DION_001,733,0.6444057190105338,SIMULATED,NORMAL
2026-06-17T18:14:17.627232+00:00,DION_001,734,0.505282341324641,SIMULATED,NORMAL
2026-06-17T18:14:17.637939+00:00,DION_001,735,0.65659262649081,SIMULATED,NORMAL
2026-06-17T18:14:17.648642+00:00,DION_001,736,0.8256715598985369,SIMULATED,NORMAL
2026-06-17T18:14:17.659221+00:00,DION_001,737,0.8318701070863047,SIMULATED,NORMAL
2026-06-17T18:14:17.669819+00:00,DION_001,738,0.8932814364207077,SIMULATED,NORMAL
2026-06-17T18:14:17.680397+00:00,DION_001,739,0.8729186127270802,SIMULATED,NORMAL
2026-06-17T18:14:17.691133+00:00,DION_001,740,0.9180277411934042,SIMULATED,NORMAL
2026-06-17T18:14:17.701961+00:00,DION_001,741,0.8090622659674745,SIMULATED,NORMAL
2026-06-17T18:14:17.712659+00:00,DION_001,742,0.7045106888295095,SIMULATED,NORMAL
2026-06-17T18:14:17.723136+00:00,DION_001,743,0.7899561808244543,SIMULATED,NORMAL
2026-06-17T18:14:17.733739+00:00,DION_001,744,0.9880366695649663,SIMULATED,NORMAL
2026-06-17T18:14:17.744314+00:00,DION_001,745,0.41585725972133986,SIMULATED,NORMAL
2026-06-17T18:14:17.755096+00:00,DION_001,746,0.6835310409405916,SIMULATED,NORMAL
2026-06-17T18:14:17.765704+00:00,DION_001,747,0.7186978890574293,SIMULATED,NORMAL
2026-06-17T18:14:17.776340+00:00,DION_001,748,0.5818597562966739,SIMULATED,NORMAL
2026-06-17T18:14:17.787070+00:00,DION_001,749,0.3812504485026419,SIMULATED,NORMAL
2026-06-17T18:14:17.797654+00:00,DION_001,750,0.5579264552381374,SIMULATED,NORMAL
2026-06-17T18:14:17.808264+00:00,DION_001,751,0.6853175949564322,SIMULATED,NORMAL
2026-06-17T18:14:17.818870+00:00,DION_001,752,0.46465274769319187,SIMULATED,NORMAL
2026-06-17T18:14:17.829551+00:00,DION_001,753,0.5409724800323905,SIMULATED,NORMAL
2026-06-17T18:14:17.840158+00:00,DION_001,754,0.30905525926357663,SIMULATED,NORMAL
2026-06-17T18:14:17.850775+00:00,DION_001,755,0.3711376225609081,SIMULATED,NORMAL
2026-06-17T18:14:17.861415+00:00,DION_001,756,0.2551491463369225,SIMULATED,NORMAL
2026-06-17T18:14:17.872509+00:00,DION_001,757,0.5107626314089907,SIMULATED,NORMAL
2026-06-17T18:14:17.883288+00:00,DION_001,758,0.2849222149652616,SIMULATED,NORMAL
2026-06-17T18:14:17.894348+00:00,DION_001,759,0.20460696715435464,SIMULATED,NORMAL
2026-06-17T18:14:17.904973+00:00,DION_001,760,-0.09495955971316491,SIMULATED,NORMAL
2026-06-17T18:14:17.915938+00:00,DION_001,761,0.21105986274639,SIMULATED,NORMAL
2026-06-17T18:14:17.926888+00:00,DION_001,762,0.2241755583091115,SIMULATED,NORMAL
2026-06-17T18:14:17.937869+00:00,DION_001,763,0.07117875928608645,SIMULATED,NORMAL
2026-06-17T18:14:17.948772+00:00,DION_001,764,-0.04939426138058883,SIMULATED,NORMAL
2026-06-17T18:14:17.959824+00:00,DION_001,765,-0.1777672761292478,SIMULATED,NORMAL
2026-06-17T18:14:17.970746+00:00,DION_001,766,-0.03591530469983317,SIMULATED,NORMAL
2026-06-17T18:14:17.981709+00:00,DION_001,767,-0.41559225498545643,SIMULATED,NORMAL
2026-06-17T18:14:17.992234+00:00,DION_001,768,-0.28665098187079807,SIMULATED,NORMAL
2026-06-17T18:14:18.003176+00:00,DION_001,769,-0.03694207628378268,SIMULATED,NORMAL
2026-06-17T18:14:18.014104+00:00,DION_001,770,-0.3846938117730848,SIMULATED,NORMAL
2026-06-17T18:14:18.024718+00:00,DION_001,771,-0.41824329208957967,SIMULATED,NORMAL
2026-06-17T18:14:18.035640+00:00,DION_001,772,-0.3176952743439685,SIMULATED,NORMAL
2026-06-17T18:14:18.046287+00:00,DION_001,773,-0.35453497303184867,SIMULATED,NORMAL
2026-06-17T18:14:18.056783+00:00,DION_001,774,-0.6183158379265202,SIMULATED,NORMAL
2026-06-17T18:14:18.067217+00:00,DION_001,775,-0.4707491474203305,SIMULATED,NORMAL
2026-06-17T18:14:18.077711+00:00,DION_001,776,-0.4320913964750965,SIMULATED,NORMAL
2026-06-17T18:14:18.088246+00:00,DION_001,777,-0.6637291140625723,SIMULATED,NORMAL
2026-06-17T18:14:18.098695+00:00,DION_001,778,-0.5276770737612505,SIMULATED,NORMAL
2026-06-17T18:14:18.109156+00:00,DION_001,779,-0.6129953206215195,SIMULATED,NORMAL
2026-06-17T18:14:18.119583+00:00,DION_001,780,-0.3060840526163108,SIMULATED,NORMAL
2026-06-17T18:14:18.130028+00:00,DION_001,781,-0.1879164935425472,SIMULATED,NORMAL
2026-06-17T18:14:18.140395+00:00,DION_001,782,-0.6944622549195553,SIMULATED,NORMAL
2026-06-17T18:14:18.151091+00:00,DION_001,783,-0.5058974282030124,SIMULATED,NORMAL
2026-06-17T18:14:18.161554+00:00,DION_001,784,-0.2771525511238944,SIMULATED,NORMAL
2026-06-17T18:14:18.172054+00:00,DION_001,785,-0.6625270069355412,SIMULATED,NORMAL
2026-06-17T18:14:18.182596+00:00,DION_001,786,-0.7380712722124454,SIMULATED,NORMAL
2026-06-17T18:14:18.193115+00:00,DION_001,787,-0.6419840713642503,SIMULATED,NORMAL
2026-06-17T18:14:18.203667+00:00,DION_001,788,-0.6054505833435433,SIMULATED,NORMAL
2026-06-17T18:14:18.214280+00:00,DION_001,789,-0.5440130446945557,SIMULATED,NORMAL
2026-06-17T18:14:18.224942+00:00,DION_001,790,-0.6069410127581852,SIMULATED,NORMAL
2026-06-17T18:14:18.235642+00:00,DION_001,791,-0.5174410686951599,SIMULATED,NORMAL
2026-06-17T18:14:18.246239+00:00,DION_001,792,-0.5887233762780695,SIMULATED,NORMAL
2026-06-17T18:14:18.256715+00:00,DION_001,793,-0.6213858331536212,SIMULATED,NORMAL
2026-06-17T18:14:18.267400+00:00,DION_001,794,-0.24981686170794676,SIMULATED,NORMAL
2026-06-17T18:14:18.277957+00:00,DION_001,795,-0.6415926579833812,SIMULATED,NORMAL
2026-06-17T18:14:18.288618+00:00,DION_001,796,-2.379348822558412,SIMULATED,EVENT_DETECTED
2026-06-17T18:14:18.299425+00:00,DION_001,797,-0.2920677020561887,SIMULATED,NORMAL
2026-06-17T18:14:18.310016+00:00,DION_001,798,-0.5690823755485643,SIMULATED,NORMAL
2026-06-17T18:14:18.320643+00:00,DION_001,799,-0.4187026926159254,SIMULATED,NORMAL
2026-06-17T18:14:18.331251+00:00,DION_001,800,-0.2757099344137605,SIMULATED,NORMAL
2026-06-17T18:14:18.341868+00:00,DION_001,801,-0.6173098351221994,SIMULATED,NORMAL
2026-06-17T18:14:18.352510+00:00,DION_001,802,-0.4465132483060031,SIMULATED,NORMAL
2026-06-17T18:14:18.363317+00:00,DION_001,803,-0.5664904187523991,SIMULATED,NORMAL
2026-06-17T18:14:18.374151+00:00,DION_001,804,-0.3373433520892643,SIMULATED,NORMAL
2026-06-17T18:14:18.384659+00:00,DION_001,805,-0.18658442135812647,SIMULATED,NORMAL
2026-06-17T18:14:18.395252+00:00,DION_001,806,-0.3253513635665985,SIMULATED,NORMAL
2026-06-17T18:14:18.406175+00:00,DION_001,807,-0.3571946083700215,SIMULATED,NORMAL
2026-06-17T18:14:18.417050+00:00,DION_001,808,-0.18980349301163518,SIMULATED,NORMAL
2026-06-17T18:14:18.427601+00:00,DION_001,809,-0.28996889196784487,SIMULATED,NORMAL
2026-06-17T18:14:18.438574+00:00,DION_001,810,-0.059729197326260974,SIMULATED,NORMAL
2026-06-17T18:14:18.449484+00:00,DION_001,811,-0.43361740199773374,SIMULATED,NORMAL
2026-06-17T18:14:18.460140+00:00,DION_001,812,-0.37414222517733475,SIMULATED,NORMAL
2026-06-17T18:14:18.471060+00:00,DION_001,813,-0.6224897323100751,SIMULATED,NORMAL
2026-06-17T18:14:18.481683+00:00,DION_001,814,-0.3503233432545796,SIMULATED,NORMAL
2026-06-17T18:14:18.492624+00:00,DION_001,815,-0.4055471158480015,SIMULATED,NORMAL
2026-06-17T18:14:18.503573+00:00,DION_001,816,-0.14605384771236235,SIMULATED,NORMAL
2026-06-17T18:14:18.514614+00:00,DION_001,817,-0.006797109402126689,SIMULATED,NORMAL
2026-06-17T18:14:18.525073+00:00,DION_001,818,-0.3324858138382198,SIMULATED,NORMAL
2026-06-17T18:14:18.536021+00:00,DION_001,819,-0.2429022546076815,SIMULATED,NORMAL
2026-06-17T18:14:18.547104+00:00,DION_001,820,-0.1729558203779486,SIMULATED,NORMAL
2026-06-17T18:14:18.557745+00:00,DION_001,821,-0.32122364543793414,SIMULATED,NORMAL
2026-06-17T18:14:18.568288+00:00,DION_001,822,-0.19198754314327496,SIMULATED,NORMAL
2026-06-17T18:14:18.578724+00:00,DION_001,823,0.05024094263528123,SIMULATED,NORMAL
2026-06-17T18:14:18.589241+00:00,DION_001,824,-0.4287164898024526,SIMULATED,NORMAL
2026-06-17T18:14:18.599909+00:00,DION_001,825,-0.151148615478542,SIMULATED,NORMAL
2026-06-17T18:14:18.610358+00:00,DION_001,826,-0.2564321587832491,SIMULATED,NORMAL
2026-06-17T18:14:18.620926+00:00,DION_001,827,-0.29205340823010995,SIMULATED,NORMAL
2026-06-17T18:14:18.631474+00:00,DION_001,828,-0.2558267902229517,SIMULATED,NORMAL
2026-06-17T18:14:18.642131+00:00,DION_001,829,-0.6241375464470792,SIMULATED,NORMAL
2026-06-17T18:14:18.652646+00:00,DION_001,830,-2.1901634109044745,SIMULATED,EVENT_DETECTED
2026-06-17T18:14:18.663406+00:00,DION_001,831,-0.38453970492685297,SIMULATED,NORMAL
2026-06-17T18:14:18.673941+00:00,DION_001,832,-0.5508981749244253,SIMULATED,NORMAL
2026-06-17T18:14:18.684444+00:00,DION_001,833,-0.9263389862057687,SIMULATED,NORMAL
2026-06-17T18:14:18.695179+00:00,DION_001,834,-0.8142234690677816,SIMULATED,NORMAL
2026-06-17T18:14:18.705689+00:00,DION_001,835,-0.5846596525850488,SIMULATED,NORMAL
2026-06-17T18:14:18.716371+00:00,DION_001,836,-0.5492082729306593,SIMULATED,NORMAL
2026-06-17T18:14:18.727168+00:00,DION_001,837,-0.5822545019642344,SIMULATED,NORMAL
2026-06-17T18:14:18.737803+00:00,DION_001,838,-0.7052473329165936,SIMULATED,NORMAL
2026-06-17T18:14:18.748445+00:00,DION_001,839,-0.8075399137127507,SIMULATED,NORMAL
2026-06-17T18:14:18.759130+00:00,DION_001,840,-0.7401606236113982,SIMULATED,NORMAL
2026-06-17T18:14:18.769669+00:00,DION_001,841,-0.9332862498567094,SIMULATED,NORMAL
2026-06-17T18:14:18.780233+00:00,DION_001,842,-0.7217890677600372,SIMULATED,NORMAL
2026-06-17T18:14:18.790797+00:00,DION_001,843,-0.9029375597997125,SIMULATED,NORMAL
2026-06-17T18:14:18.801271+00:00,DION_001,844,-0.7768615359919904,SIMULATED,NORMAL
2026-06-17T18:14:18.811891+00:00,DION_001,845,-0.8709062525146889,SIMULATED,NORMAL
2026-06-17T18:14:18.822466+00:00,DION_001,846,-0.8498547890081619,SIMULATED,NORMAL
2026-06-17T18:14:18.833040+00:00,DION_001,847,-0.9377507129303542,SIMULATED,NORMAL
2026-06-17T18:14:18.843683+00:00,DION_001,848,-1.0262907853204948,SIMULATED,NORMAL
2026-06-17T18:14:18.854305+00:00,DION_001,849,-0.9973644481416387,SIMULATED,NORMAL
2026-06-17T18:14:18.864970+00:00,DION_001,850,-1.1164761052419718,SIMULATED,NORMAL
2026-06-17T18:14:18.875597+00:00,DION_001,851,-0.9223066097961914,SIMULATED,NORMAL
2026-06-17T18:14:18.886262+00:00,DION_001,852,0.44817246657357535,SIMULATED,NORMAL
2026-06-17T18:14:18.897111+00:00,DION_001,853,-1.1726694100991146,SIMULATED,NORMAL
2026-06-17T18:14:18.907879+00:00,DION_001,854,-1.0282045715824792,SIMULATED,NORMAL
2026-06-17T18:14:18.918541+00:00,DION_001,855,-1.343572920223455,SIMULATED,NORMAL
2026-06-17T18:14:18.929253+00:00,DION_001,856,-1.145868766721071,SIMULATED,NORMAL
2026-06-17T18:14:18.939934+00:00,DION_001,857,-1.2341713539000916,SIMULATED,NORMAL
2026-06-17T18:14:18.950627+00:00,DION_001,858,-1.293453495142702,SIMULATED,NORMAL
2026-06-17T18:14:18.961301+00:00,DION_001,859,-1.0651244217460005,SIMULATED,NORMAL
2026-06-17T18:14:18.971976+00:00,DION_001,860,-1.1007968676933548,SIMULATED,NORMAL
2026-06-17T18:14:18.982546+00:00,DION_001,861,-0.9735299079799031,SIMULATED,NORMAL
2026-06-17T18:14:18.993317+00:00,DION_001,862,-1.1422419326306332,SIMULATED,NORMAL
2026-06-17T18:14:19.003860+00:00,DION_001,863,-0.9533518511175183,SIMULATED,NORMAL
2026-06-17T18:14:19.014330+00:00,DION_001,864,-1.1397924585426027,SIMULATED,NORMAL
2026-06-17T18:14:19.024928+00:00,DION_001,865,-1.388713915290835,SIMULATED,NORMAL
2026-06-17T18:14:19.035482+00:00,DION_001,866,-1.377990544838576,SIMULATED,NORMAL
2026-06-17T18:14:19.045952+00:00,DION_001,867,-0.9924363208155231,SIMULATED,NORMAL
2026-06-17T18:14:19.056529+00:00,DION_001,868,-0.9179883932277979,SIMULATED,NORMAL
2026-06-17T18:14:19.067320+00:00,DION_001,869,-1.0121594867339743,SIMULATED,NORMAL
2026-06-17T18:14:19.078064+00:00,DION_001,870,-1.1199108022988704,SIMULATED,NORMAL
2026-06-17T18:14:19.088827+00:00,DION_001,871,-0.8441051728102792,SIMULATED,NORMAL
2026-06-17T18:14:19.099400+00:00,DION_001,872,-1.2511798025327034,SIMULATED,NORMAL
2026-06-17T18:14:19.109887+00:00,DION_001,873,-0.8362207909847047,SIMULATED,NORMAL
2026-06-17T18:14:19.120478+00:00,DION_001,874,-0.8205110902314314,SIMULATED,NORMAL
2026-06-17T18:14:19.131366+00:00,DION_001,875,-0.8568841129555466,SIMULATED,NORMAL
2026-06-17T18:14:19.141923+00:00,DION_001,876,-0.6233484096265569,SIMULATED,NORMAL
2026-06-17T18:14:19.152406+00:00,DION_001,877,-1.04404252340664,SIMULATED,NORMAL
2026-06-17T18:14:19.162916+00:00,DION_001,878,-0.6791436021030577,SIMULATED,NORMAL
2026-06-17T18:14:19.173403+00:00,DION_001,879,-0.8629493081234866,SIMULATED,NORMAL
2026-06-17T18:14:19.183921+00:00,DION_001,880,-0.9804920694476849,SIMULATED,NORMAL
2026-06-17T18:14:19.194383+00:00,DION_001,881,-0.9309777416842739,SIMULATED,NORMAL
2026-06-17T18:14:19.204831+00:00,DION_001,882,-0.41538730617223063,SIMULATED,NORMAL
2026-06-17T18:14:19.215200+00:00,DION_001,883,-0.655446436272238,SIMULATED,NORMAL
2026-06-17T18:14:19.225673+00:00,DION_001,884,-0.6982805319706783,SIMULATED,NORMAL
2026-06-17T18:14:19.236111+00:00,DION_001,885,-0.6272194941811786,SIMULATED,NORMAL
2026-06-17T18:14:19.246695+00:00,DION_001,886,-0.4445929941214617,SIMULATED,NORMAL
2026-06-17T18:14:19.257096+00:00,DION_001,887,-0.5896189329761132,SIMULATED,NORMAL
2026-06-17T18:14:19.267464+00:00,DION_001,888,-0.16953452525412632,SIMULATED,NORMAL
2026-06-17T18:14:19.277871+00:00,DION_001,889,-0.2242924372901516,SIMULATED,NORMAL
2026-06-17T18:14:19.288394+00:00,DION_001,890,-0.582080985469387,SIMULATED,NORMAL
2026-06-17T18:14:19.299437+00:00,DION_001,891,-0.520799977271492,SIMULATED,NORMAL
2026-06-17T18:14:19.310067+00:00,DION_001,892,-0.41683729704991374,SIMULATED,NORMAL
2026-06-17T18:14:19.320622+00:00,DION_001,893,-0.36494579630879304,SIMULATED,NORMAL
2026-06-17T18:14:19.331096+00:00,DION_001,894,-0.2363637191487522,SIMULATED,NORMAL
2026-06-17T18:14:19.341604+00:00,DION_001,895,-0.08246917781904464,SIMULATED,NORMAL
2026-06-17T18:14:19.352268+00:00,DION_001,896,-0.34090632394745,SIMULATED,NORMAL
2026-06-17T18:14:19.363261+00:00,DION_001,897,-0.24828087801655088,SIMULATED,NORMAL
2026-06-17T18:14:19.374267+00:00,DION_001,898,-0.11216549524339864,SIMULATED,NORMAL
2026-06-17T18:14:19.384880+00:00,DION_001,899,-0.1309089664765768,SIMULATED,NORMAL
2026-06-17T18:14:19.395815+00:00,DION_001,900,-0.28759581595581174,SIMULATED,NORMAL
2026-06-17T18:14:19.406656+00:00,DION_001,901,-0.0616252320227475,SIMULATED,NORMAL
2026-06-17T18:14:19.417060+00:00,DION_001,902,-0.5717651691690449,SIMULATED,NORMAL
2026-06-17T18:14:19.427718+00:00,DION_001,903,-0.41029419665528755,SIMULATED,NORMAL
2026-06-17T18:14:19.438327+00:00,DION_001,904,-0.25258518527090246,SIMULATED,NORMAL
2026-06-17T18:14:19.448925+00:00,DION_001,905,-0.2955085700554752,SIMULATED,NORMAL
2026-06-17T18:14:19.459742+00:00,DION_001,906,-0.5170241172136929,SIMULATED,NORMAL
2026-06-17T18:14:19.470439+00:00,DION_001,907,-0.48444757096236835,SIMULATED,NORMAL
2026-06-17T18:14:19.480922+00:00,DION_001,908,-0.4229640198811676,SIMULATED,NORMAL
2026-06-17T18:14:19.491390+00:00,DION_001,909,-0.3647522834685734,SIMULATED,NORMAL
2026-06-17T18:14:19.501944+00:00,DION_001,910,-0.17717243262304203,SIMULATED,NORMAL
2026-06-17T18:14:19.512789+00:00,DION_001,911,0.02178187326792741,SIMULATED,NORMAL
2026-06-17T18:14:19.523636+00:00,DION_001,912,-0.24842744743917666,SIMULATED,NORMAL
2026-06-17T18:14:19.534372+00:00,DION_001,913,-0.6092171956784781,SIMULATED,NORMAL
2026-06-17T18:14:19.544879+00:00,DION_001,914,-0.3420139767931769,SIMULATED,NORMAL
2026-06-17T18:14:19.555582+00:00,DION_001,915,-0.3385400679059091,SIMULATED,NORMAL
2026-06-17T18:14:19.566124+00:00,DION_001,916,-0.2119542362001382,SIMULATED,NORMAL
2026-06-17T18:14:19.576678+00:00,DION_001,917,-0.5346355470456995,SIMULATED,NORMAL
2026-06-17T18:14:19.587140+00:00,DION_001,918,-0.5324228924393307,SIMULATED,NORMAL
2026-06-17T18:14:19.597639+00:00,DION_001,919,-0.4134780716538268,SIMULATED,NORMAL
2026-06-17T18:14:19.608686+00:00,DION_001,920,-0.694253594102312,SIMULATED,NORMAL
2026-06-17T18:14:19.619398+00:00,DION_001,921,-0.7327278754646032,SIMULATED,NORMAL
2026-06-17T18:14:19.629923+00:00,DION_001,922,-0.4724212239528505,SIMULATED,NORMAL
2026-06-17T18:14:19.640497+00:00,DION_001,923,-0.5763296046416374,SIMULATED,NORMAL
2026-06-17T18:14:19.651193+00:00,DION_001,924,-0.6917373780846838,SIMULATED,NORMAL
2026-06-17T18:14:19.661719+00:00,DION_001,925,-0.4653887033686353,SIMULATED,NORMAL
2026-06-17T18:14:19.672358+00:00,DION_001,926,-0.4121896295530279,SIMULATED,NORMAL
2026-06-17T18:14:19.682950+00:00,DION_001,927,-0.6076454590316167,SIMULATED,NORMAL
2026-06-17T18:14:19.693731+00:00,DION_001,928,-0.8354416018184918,SIMULATED,NORMAL
2026-06-17T18:14:19.704504+00:00,DION_001,929,-0.804407208139247,SIMULATED,NORMAL
2026-06-17T18:14:19.715234+00:00,DION_001,930,-0.738473726980278,SIMULATED,NORMAL
2026-06-17T18:14:19.725828+00:00,DION_001,931,-0.7651044110781676,SIMULATED,NORMAL
2026-06-17T18:14:19.736393+00:00,DION_001,932,-0.875930738377061,SIMULATED,NORMAL
2026-06-17T18:14:19.747187+00:00,DION_001,933,-0.5647373067895851,SIMULATED,NORMAL
2026-06-17T18:14:19.757840+00:00,DION_001,934,-0.7466320153087533,SIMULATED,NORMAL
2026-06-17T18:14:19.768314+00:00,DION_001,935,-0.994577603599347,SIMULATED,NORMAL
2026-06-17T18:14:19.779074+00:00,DION_001,936,-0.7085367910994341,SIMULATED,NORMAL
2026-06-17T18:14:19.789783+00:00,DION_001,937,-0.9636371992594075,SIMULATED,NORMAL
2026-06-17T18:14:19.800222+00:00,DION_001,938,-0.7635393832972929,SIMULATED,NORMAL
2026-06-17T18:14:19.810812+00:00,DION_001,939,-0.4719364502417869,SIMULATED,NORMAL
2026-06-17T18:14:19.821383+00:00,DION_001,940,-0.5654459017072528,SIMULATED,NORMAL
2026-06-17T18:14:19.831953+00:00,DION_001,941,-0.5572783755667778,SIMULATED,NORMAL
2026-06-17T18:14:19.842630+00:00,DION_001,942,-0.4864963639008,SIMULATED,NORMAL
2026-06-17T18:14:19.853180+00:00,DION_001,943,-0.6427975870685009,SIMULATED,NORMAL
2026-06-17T18:14:19.863739+00:00,DION_001,944,-0.39705967109479906,SIMULATED,NORMAL
2026-06-17T18:14:19.874465+00:00,DION_001,945,-0.20242148841375895,SIMULATED,NORMAL
2026-06-17T18:14:19.885042+00:00,DION_001,946,-0.835776074686915,SIMULATED,NORMAL
2026-06-17T18:14:19.895628+00:00,DION_001,947,-0.6212943690774121,SIMULATED,NORMAL
2026-06-17T18:14:19.906372+00:00,DION_001,948,-0.08069475511280716,SIMULATED,NORMAL
2026-06-17T18:14:19.917005+00:00,DION_001,949,-0.3333368123698564,SIMULATED,NORMAL
2026-06-17T18:14:19.927608+00:00,DION_001,950,-0.415714859641262,SIMULATED,NORMAL
2026-06-17T18:14:19.938302+00:00,DION_001,951,-0.4326915942728116,SIMULATED,NORMAL
2026-06-17T18:14:19.948759+00:00,DION_001,952,-0.30035562313636543,SIMULATED,NORMAL
2026-06-17T18:14:19.959356+00:00,DION_001,953,-0.24340279245312074,SIMULATED,NORMAL
2026-06-17T18:14:19.969923+00:00,DION_001,954,-0.1929596768843898,SIMULATED,NORMAL
2026-06-17T18:14:19.980435+00:00,DION_001,955,-0.07031349809153745,SIMULATED,NORMAL
2026-06-17T18:14:19.991367+00:00,DION_001,956,-0.06904273327013535,SIMULATED,NORMAL
2026-06-17T18:14:20.002003+00:00,DION_001,957,-0.08093072199906533,SIMULATED,NORMAL
2026-06-17T18:14:20.012712+00:00,DION_001,958,0.20072090494095968,SIMULATED,NORMAL
2026-06-17T18:14:20.023423+00:00,DION_001,959,0.050269915327513605,SIMULATED,NORMAL
2026-06-17T18:14:20.034000+00:00,DION_001,960,0.08797780260395843,SIMULATED,NORMAL
2026-06-17T18:14:20.044465+00:00,DION_001,961,0.2390956477913357,SIMULATED,NORMAL
2026-06-17T18:14:20.055140+00:00,DION_001,962,0.2614676840789524,SIMULATED,NORMAL
2026-06-17T18:14:20.065579+00:00,DION_001,963,0.2673288906324949,SIMULATED,NORMAL
2026-06-17T18:14:20.076066+00:00,DION_001,964,0.4297567340265712,SIMULATED,NORMAL
2026-06-17T18:14:20.086570+00:00,DION_001,965,0.10514084711868463,SIMULATED,NORMAL
2026-06-17T18:14:20.097044+00:00,DION_001,966,0.4447922548356128,SIMULATED,NORMAL
2026-06-17T18:14:20.107593+00:00,DION_001,967,0.3854267809561385,SIMULATED,NORMAL
2026-06-17T18:14:20.118149+00:00,DION_001,968,0.35567217007758845,SIMULATED,NORMAL
2026-06-17T18:14:20.128663+00:00,DION_001,969,0.5379279823029177,SIMULATED,NORMAL
2026-06-17T18:14:20.139239+00:00,DION_001,970,0.3186776517590198,SIMULATED,NORMAL
2026-06-17T18:14:20.149857+00:00,DION_001,971,0.38933258968856943,SIMULATED,NORMAL
2026-06-17T18:14:20.160417+00:00,DION_001,972,0.6037767235806103,SIMULATED,NORMAL
2026-06-17T18:14:20.171093+00:00,DION_001,973,0.457571407550305,SIMULATED,NORMAL
2026-06-17T18:14:20.181663+00:00,DION_001,974,0.4826593789540282,SIMULATED,NORMAL
2026-06-17T18:14:20.192308+00:00,DION_001,975,0.8014069036729599,SIMULATED,NORMAL
2026-06-17T18:14:20.203162+00:00,DION_001,976,0.8282596677758554,SIMULATED,NORMAL
2026-06-17T18:14:20.213707+00:00,DION_001,977,0.6968838935180565,SIMULATED,NORMAL
2026-06-17T18:14:20.224315+00:00,DION_001,978,0.6183959212994306,SIMULATED,NORMAL
2026-06-17T18:14:20.235246+00:00,DION_001,979,1.1241537755810478,SIMULATED,NORMAL
2026-06-17T18:14:20.246020+00:00,DION_001,980,0.7048678652720273,SIMULATED,NORMAL
2026-06-17T18:14:20.256618+00:00,DION_001,981,0.8320554151342807,SIMULATED,NORMAL
2026-06-17T18:14:20.267112+00:00,DION_001,982,0.6437757297061435,SIMULATED,NORMAL
2026-06-17T18:14:20.277755+00:00,DION_001,983,0.6814729088505458,SIMULATED,NORMAL
2026-06-17T18:14:20.288457+00:00,DION_001,984,0.6995473795455094,SIMULATED,NORMAL
2026-06-17T18:14:20.299519+00:00,DION_001,985,0.5353208819790735,SIMULATED,NORMAL
2026-06-17T18:14:20.311263+00:00,DION_001,986,3.3090371707022226,SIMULATED,EVENT_DETECTED
2026-06-17T18:14:20.322324+00:00,DION_001,987,0.5417614386887032,SIMULATED,NORMAL
2026-06-17T18:14:20.332817+00:00,DION_001,988,0.666180654169755,SIMULATED,NORMAL
2026-06-17T18:14:20.343272+00:00,DION_001,989,0.5882661278468441,SIMULATED,NORMAL
2026-06-17T18:14:20.353713+00:00,DION_001,990,0.6575539540709416,SIMULATED,NORMAL
2026-06-17T18:14:20.364127+00:00,DION_001,991,0.73474233838966,SIMULATED,NORMAL
2026-06-17T18:14:20.374473+00:00,DION_001,992,0.7433179291665558,SIMULATED,NORMAL
2026-06-17T18:14:20.384824+00:00,DION_001,993,0.28848032215209246,SIMULATED,NORMAL
2026-06-17T18:14:20.395179+00:00,DION_001,994,0.41741997421723026,SIMULATED,NORMAL
2026-06-17T18:14:20.405470+00:00,DION_001,995,0.3511675883026768,SIMULATED,NORMAL
2026-06-17T18:14:20.415831+00:00,DION_001,996,0.6350180968097457,SIMULATED,NORMAL
2026-06-17T18:14:20.426137+00:00,DION_001,997,0.1862012095825199,SIMULATED,NORMAL
2026-06-17T18:14:20.436631+00:00,DION_001,998,0.45076355512611466,SIMULATED,NORMAL
2026-06-17T18:14:20.446983+00:00,DION_001,999,0.5432844429677344,SIMULATED,NORMAL
2026-06-17T18:14:20.457460+00:00,DION_001,1000,0.3142252903871921,SIMULATED,NORMAL
2026-06-17T18:14:20.467975+00:00,DION_001,1001,0.21790936032937613,SIMULATED,NORMAL
2026-06-17T18:14:20.478441+00:00,DION_001,1002,0.43661335673847507,SIMULATED,NORMAL
2026-06-17T18:14:20.489021+00:00,DION_001,1003,0.5131982723619137,SIMULATED,NORMAL
2026-06-17T18:14:20.499516+00:00,DION_001,1004,0.32581143268924073,SIMULATED,NORMAL
2026-06-17T18:14:20.510032+00:00,DION_001,1005,0.2228298774014444,SIMULATED,NORMAL
2026-06-17T18:14:20.520454+00:00,DION_001,1006,0.3919325198065521,SIMULATED,NORMAL
2026-06-17T18:14:20.530908+00:00,DION_001,1007,0.22129026437125254,SIMULATED,NORMAL
2026-06-17T18:14:20.541418+00:00,DION_001,1008,0.12213711271411923,SIMULATED,NORMAL
2026-06-17T18:14:20.551805+00:00,DION_001,1009,0.13112238642120091,SIMULATED,NORMAL
2026-06-17T18:14:20.562197+00:00,DION_001,1010,0.129223859750833,SIMULATED,NORMAL
2026-06-17T18:14:20.572663+00:00,DION_001,1011,-0.14507048020139424,SIMULATED,NORMAL
2026-06-17T18:14:20.583210+00:00,DION_001,1012,0.5415379234168836,SIMULATED,NORMAL
2026-06-17T18:14:20.593682+00:00,DION_001,1013,0.27192588702232334,SIMULATED,NORMAL
2026-06-17T18:14:20.604144+00:00,DION_001,1014,0.21563370695317408,SIMULATED,NORMAL
2026-06-17T18:14:20.614514+00:00,DION_001,1015,0.3764439307601186,SIMULATED,NORMAL
2026-06-17T18:14:20.625016+00:00,DION_001,1016,0.190749696972269,SIMULATED,NORMAL
2026-06-17T18:14:20.635540+00:00,DION_001,1017,0.3482029504988695,SIMULATED,NORMAL
2026-06-17T18:14:20.645993+00:00,DION_001,1018,0.457452030287817,SIMULATED,NORMAL
2026-06-17T18:14:20.656418+00:00,DION_001,1019,0.30934262428297876,SIMULATED,NORMAL
2026-06-17T18:14:20.666970+00:00,DION_001,1020,0.5346973598545226,SIMULATED,NORMAL
2026-06-17T18:14:20.677474+00:00,DION_001,1021,0.3082207575147822,SIMULATED,NORMAL
2026-06-17T18:14:20.687985+00:00,DION_001,1022,0.27015426851344204,SIMULATED,NORMAL
2026-06-17T18:14:20.698532+00:00,DION_001,1023,0.35441201838408204,SIMULATED,NORMAL
2026-06-17T18:14:20.708943+00:00,DION_001,1024,0.2988642302018432,SIMULATED,NORMAL
2026-06-17T18:14:20.719436+00:00,DION_001,1025,0.26550245648177173,SIMULATED,NORMAL
2026-06-17T18:14:20.729862+00:00,DION_001,1026,0.7115879690373792,SIMULATED,NORMAL
2026-06-17T18:14:20.740381+00:00,DION_001,1027,0.5443935064914152,SIMULATED,NORMAL
2026-06-17T18:14:20.751140+00:00,DION_001,1028,0.8664451518432477,SIMULATED,NORMAL
2026-06-17T18:14:20.761537+00:00,DION_001,1029,0.5873179993029528,SIMULATED,NORMAL
2026-06-17T18:14:20.771967+00:00,DION_001,1030,0.44915685212411505,SIMULATED,NORMAL
2026-06-17T18:14:20.782374+00:00,DION_001,1031,0.29773991695894614,SIMULATED,NORMAL
2026-06-17T18:14:20.792798+00:00,DION_001,1032,0.59304053754412,SIMULATED,NORMAL
2026-06-17T18:14:20.803050+00:00,DION_001,1033,0.8715629932135407,SIMULATED,NORMAL
2026-06-17T18:14:20.813426+00:00,DION_001,1034,0.6064017436464366,SIMULATED,NORMAL
2026-06-17T18:14:20.823843+00:00,DION_001,1035,0.905610086248617,SIMULATED,NORMAL
2026-06-17T18:14:20.834245+00:00,DION_001,1036,0.5517165986525491,SIMULATED,NORMAL
2026-06-17T18:14:20.844640+00:00,DION_001,1037,0.6613375199265232,SIMULATED,NORMAL
2026-06-17T18:14:20.855370+00:00,DION_001,1038,0.5907796112767139,SIMULATED,NORMAL
2026-06-17T18:14:20.866336+00:00,DION_001,1039,0.8758672242248817,SIMULATED,NORMAL
2026-06-17T18:14:20.876809+00:00,DION_001,1040,0.7565459451689582,SIMULATED,NORMAL
2026-06-17T18:14:20.887228+00:00,DION_001,1041,0.9718002729096734,SIMULATED,NORMAL
2026-06-17T18:14:20.897739+00:00,DION_001,1042,0.898417919655694,SIMULATED,NORMAL
2026-06-17T18:14:20.908081+00:00,DION_001,1043,0.6214162308850988,SIMULATED,NORMAL
2026-06-17T18:14:20.918586+00:00,DION_001,1044,0.8056564325741796,SIMULATED,NORMAL
2026-06-17T18:14:20.928951+00:00,DION_001,1045,1.1507994076200867,SIMULATED,NORMAL
2026-06-17T18:14:20.939499+00:00,DION_001,1046,1.4227631006617532,SIMULATED,NORMAL
2026-06-17T18:14:20.949811+00:00,DION_001,1047,1.3796442889945293,SIMULATED,NORMAL
2026-06-17T18:14:20.960132+00:00,DION_001,1048,1.365496368661903,SIMULATED,NORMAL
2026-06-17T18:14:20.970545+00:00,DION_001,1049,1.077047162148292,SIMULATED,NORMAL
2026-06-17T18:14:20.980977+00:00,DION_001,1050,1.0513539988304634,SIMULATED,NORMAL
2026-06-17T18:14:20.991353+00:00,DION_001,1051,1.0775859935526648,SIMULATED,NORMAL
2026-06-17T18:14:21.001870+00:00,DION_001,1052,1.3085300124742236,SIMULATED,NORMAL
2026-06-17T18:14:21.012526+00:00,DION_001,1053,1.159049959689041,SIMULATED,NORMAL
2026-06-17T18:14:21.023258+00:00,DION_001,1054,1.305311330641886,SIMULATED,NORMAL
2026-06-17T18:14:21.034056+00:00,DION_001,1055,1.114809536705691,SIMULATED,NORMAL
2026-06-17T18:14:21.044654+00:00,DION_001,1056,1.0644625704610102,SIMULATED,NORMAL
2026-06-17T18:14:21.055215+00:00,DION_001,1057,0.8896535095673961,SIMULATED,NORMAL
2026-06-17T18:14:21.065700+00:00,DION_001,1058,1.237849470011694,SIMULATED,NORMAL
2026-06-17T18:14:21.076183+00:00,DION_001,1059,1.1050498320756428,SIMULATED,NORMAL
2026-06-17T18:14:21.086671+00:00,DION_001,1060,1.1629543338139041,SIMULATED,NORMAL
2026-06-17T18:14:21.097249+00:00,DION_001,1061,1.1388061911338307,SIMULATED,NORMAL
2026-06-17T18:14:21.107517+00:00,DION_001,1062,0.9792859530730414,SIMULATED,NORMAL
2026-06-17T18:14:21.117949+00:00,DION_001,1063,1.3945422251688044,SIMULATED,NORMAL
2026-06-17T18:14:21.128492+00:00,DION_001,1064,0.8664564117372456,SIMULATED,NORMAL
2026-06-17T18:14:21.139204+00:00,DION_001,1065,1.0225007582640444,SIMULATED,NORMAL
2026-06-17T18:14:21.149773+00:00,DION_001,1066,1.0628571522647716,SIMULATED,NORMAL
2026-06-17T18:14:21.160335+00:00,DION_001,1067,1.1021885932341084,SIMULATED,NORMAL
2026-06-17T18:14:21.171191+00:00,DION_001,1068,1.116071304008378,SIMULATED,NORMAL
2026-06-17T18:14:21.181823+00:00,DION_001,1069,1.1464761273746784,SIMULATED,NORMAL
2026-06-17T18:14:21.192427+00:00,DION_001,1070,0.7961928443434043,SIMULATED,NORMAL
2026-06-17T18:14:21.203178+00:00,DION_001,1071,0.7841327697611402,SIMULATED,NORMAL
2026-06-17T18:14:21.213779+00:00,DION_001,1072,1.0191184465342087,SIMULATED,NORMAL
2026-06-17T18:14:21.224418+00:00,DION_001,1073,0.6277335869966403,SIMULATED,NORMAL
2026-06-17T18:14:21.235155+00:00,DION_001,1074,0.6560335136098734,SIMULATED,NORMAL
2026-06-17T18:14:21.245764+00:00,DION_001,1075,2.237026903069195,SIMULATED,EVENT_DETECTED
2026-06-17T18:14:21.256722+00:00,DION_001,1076,0.76434495507597,SIMULATED,NORMAL
2026-06-17T18:14:21.267198+00:00,DION_001,1077,0.6368153072877464,SIMULATED,NORMAL
2026-06-17T18:14:21.277772+00:00,DION_001,1078,0.6381465576281812,SIMULATED,NORMAL
2026-06-17T18:14:21.288376+00:00,DION_001,1079,0.7591025589545841,SIMULATED,NORMAL
2026-06-17T18:14:21.299186+00:00,DION_001,1080,0.522404212818186,SIMULATED,NORMAL
2026-06-17T18:14:21.309786+00:00,DION_001,1081,0.5870560794531445,SIMULATED,NORMAL
2026-06-17T18:14:21.320375+00:00,DION_001,1082,0.43688056070755504,SIMULATED,NORMAL
2026-06-17T18:14:21.331100+00:00,DION_001,1083,0.3271582823182699,SIMULATED,NORMAL
2026-06-17T18:14:21.341714+00:00,DION_001,1084,0.44431927147785205,SIMULATED,NORMAL
2026-06-17T18:14:21.352401+00:00,DION_001,1085,0.4098590637872824,SIMULATED,NORMAL
2026-06-17T18:14:21.363172+00:00,DION_001,1086,0.45711831163152916,SIMULATED,NORMAL
2026-06-17T18:14:21.373770+00:00,DION_001,1087,0.5132492528897732,SIMULATED,NORMAL
2026-06-17T18:14:21.384306+00:00,DION_001,1088,0.11499137403054385,SIMULATED,NORMAL
2026-06-17T18:14:21.394897+00:00,DION_001,1089,0.19777679343437998,SIMULATED,NORMAL
2026-06-17T18:14:21.405412+00:00,DION_001,1090,0.4379926010396391,SIMULATED,NORMAL
2026-06-17T18:14:21.416359+00:00,DION_001,1091,0.22325886418797025,SIMULATED,NORMAL
2026-06-17T18:14:21.426878+00:00,DION_001,1092,0.2669351461364024,SIMULATED,NORMAL
2026-06-17T18:14:21.437233+00:00,DION_001,1093,0.14000271269340692,SIMULATED,NORMAL
2026-06-17T18:14:21.447654+00:00,DION_001,1094,0.27259490203016323,SIMULATED,NORMAL
2026-06-17T18:14:21.458049+00:00,DION_001,1095,0.30167022765038276,SIMULATED,NORMAL
2026-06-17T18:14:21.468513+00:00,DION_001,1096,-0.0920265503255952,SIMULATED,NORMAL
2026-06-17T18:14:21.479130+00:00,DION_001,1097,0.15035513363609596,SIMULATED,NORMAL
2026-06-17T18:14:21.489724+00:00,DION_001,1098,0.30199119207927727,SIMULATED,NORMAL
2026-06-17T18:14:21.500143+00:00,DION_001,1099,0.09147731612596878,SIMULATED,NORMAL
2026-06-17T18:14:21.510513+00:00,DION_001,1100,0.19845360181016236,SIMULATED,NORMAL
2026-06-17T18:14:21.521039+00:00,DION_001,1101,0.4427281166374355,SIMULATED,NORMAL
2026-06-17T18:14:21.531594+00:00,DION_001,1102,0.37737772425406435,SIMULATED,NORMAL
2026-06-17T18:14:21.542009+00:00,DION_001,1103,-0.01464805478305109,SIMULATED,NORMAL
2026-06-17T18:14:21.552610+00:00,DION_001,1104,0.20947958472404088,SIMULATED,NORMAL
2026-06-17T18:14:21.563056+00:00,DION_001,1105,0.19491755649367207,SIMULATED,NORMAL
2026-06-17T18:14:21.573477+00:00,DION_001,1106,-0.07247995029430693,SIMULATED,NORMAL
2026-06-17T18:14:21.583974+00:00,DION_001,1107,0.17944995165070668,SIMULATED,NORMAL
2026-06-17T18:14:21.594351+00:00,DION_001,1108,0.5330940596676809,SIMULATED,NORMAL
2026-06-17T18:14:21.605367+00:00,DION_001,1109,0.24901897713217097,SIMULATED,NORMAL
2026-06-17T18:14:21.615937+00:00,DION_001,1110,0.18097149375533628,SIMULATED,NORMAL
2026-06-17T18:14:21.626305+00:00,DION_001,1111,0.36429758275697127,SIMULATED,NORMAL
2026-06-17T18:14:21.636781+00:00,DION_001,1112,0.18501022485018442,SIMULATED,NORMAL
2026-06-17T18:14:21.647215+00:00,DION_001,1113,0.07033891461381053,SIMULATED,NORMAL
2026-06-17T18:14:21.657762+00:00,DION_001,1114,0.3709158596790858,SIMULATED,NORMAL
2026-06-17T18:14:21.668340+00:00,DION_001,1115,0.5890941981263026,SIMULATED,NORMAL
2026-06-17T18:14:21.678721+00:00,DION_001,1116,0.514967506394617,SIMULATED,NORMAL
2026-06-17T18:14:21.689020+00:00,DION_001,1117,0.4073752729262519,SIMULATED,NORMAL
2026-06-17T18:14:21.699595+00:00,DION_001,1118,0.5202252769443668,SIMULATED,NORMAL
2026-06-17T18:14:21.710052+00:00,DION_001,1119,0.310669988584779,SIMULATED,NORMAL
2026-06-17T18:14:21.720705+00:00,DION_001,1120,0.5000506276903653,SIMULATED,NORMAL
2026-06-17T18:14:21.731256+00:00,DION_001,1121,0.4453353648514936,SIMULATED,NORMAL
2026-06-17T18:14:21.741808+00:00,DION_001,1122,0.4207293796664413,SIMULATED,NORMAL
2026-06-17T18:14:21.752381+00:00,DION_001,1123,0.4821655314441723,SIMULATED,NORMAL
2026-06-17T18:14:21.763010+00:00,DION_001,1124,0.6954698624480756,SIMULATED,NORMAL
2026-06-17T18:14:21.773740+00:00,DION_001,1125,0.5462279580372367,SIMULATED,NORMAL
2026-06-17T18:14:21.784532+00:00,DION_001,1126,0.46791560561264445,SIMULATED,NORMAL
2026-06-17T18:14:21.795124+00:00,DION_001,1127,0.9969647783275317,SIMULATED,NORMAL
2026-06-17T18:14:21.805560+00:00,DION_001,1128,0.48885355319586377,SIMULATED,NORMAL
2026-06-17T18:14:21.816100+00:00,DION_001,1129,0.5280588182563051,SIMULATED,NORMAL
2026-06-17T18:14:21.826536+00:00,DION_001,1130,0.4610681631810534,SIMULATED,NORMAL
2026-06-17T18:14:21.836912+00:00,DION_001,1131,0.5540170855099136,SIMULATED,NORMAL
2026-06-17T18:14:21.847290+00:00,DION_001,1132,0.40178361153975223,SIMULATED,NORMAL
2026-06-17T18:14:21.857826+00:00,DION_001,1133,0.3212470784621379,SIMULATED,NORMAL
2026-06-17T18:14:21.868666+00:00,DION_001,1134,0.9492503304392579,SIMULATED,NORMAL
2026-06-17T18:14:21.879072+00:00,DION_001,1135,0.6075472527441101,SIMULATED,NORMAL
2026-06-17T18:14:21.889477+00:00,DION_001,1136,0.4457845210920844,SIMULATED,NORMAL
2026-06-17T18:14:21.899978+00:00,DION_001,1137,0.6469733026058803,SIMULATED,NORMAL
2026-06-17T18:14:21.910273+00:00,DION_001,1138,0.34492453952022517,SIMULATED,NORMAL
2026-06-17T18:14:21.920797+00:00,DION_001,1139,0.1453065635568747,SIMULATED,NORMAL
2026-06-17T18:14:21.931384+00:00,DION_001,1140,0.5345996976302507,SIMULATED,NORMAL
2026-06-17T18:14:21.941784+00:00,DION_001,1141,0.42771231324931386,SIMULATED,NORMAL
2026-06-17T18:14:21.952236+00:00,DION_001,1142,0.5524946439817279,SIMULATED,NORMAL
2026-06-17T18:14:21.962676+00:00,DION_001,1143,0.3023192741457452,SIMULATED,NORMAL
2026-06-17T18:14:21.973165+00:00,DION_001,1144,0.18228956494085038,SIMULATED,NORMAL
2026-06-17T18:14:21.983814+00:00,DION_001,1145,0.21525995769013007,SIMULATED,NORMAL
2026-06-17T18:14:21.994209+00:00,DION_001,1146,0.12474400008000036,SIMULATED,NORMAL
2026-06-17T18:14:22.004625+00:00,DION_001,1147,-0.020965330081683747,SIMULATED,NORMAL
2026-06-17T18:14:22.015182+00:00,DION_001,1148,0.33736550168397345,SIMULATED,NORMAL
2026-06-17T18:14:22.025619+00:00,DION_001,1149,0.06146599205022092,SIMULATED,NORMAL
2026-06-17T18:14:22.036051+00:00,DION_001,1150,0.13180121375984663,SIMULATED,NORMAL
2026-06-17T18:14:22.046548+00:00,DION_001,1151,0.11542664978121824,SIMULATED,NORMAL
2026-06-17T18:14:22.056971+00:00,DION_001,1152,0.029247508710022924,SIMULATED,NORMAL
2026-06-17T18:14:22.067474+00:00,DION_001,1153,-0.13918924967723678,SIMULATED,NORMAL
2026-06-17T18:14:22.077855+00:00,DION_001,1154,0.05784982909737943,SIMULATED,NORMAL
2026-06-17T18:14:22.088380+00:00,DION_001,1155,-0.24342448526488705,SIMULATED,NORMAL
2026-06-17T18:14:22.099047+00:00,DION_001,1156,0.012163531509855718,SIMULATED,NORMAL
2026-06-17T18:14:22.109634+00:00,DION_001,1157,-0.14006211770703347,SIMULATED,NORMAL
2026-06-17T18:14:22.120296+00:00,DION_001,1158,-0.4443502447512285,SIMULATED,NORMAL
2026-06-17T18:14:22.130753+00:00,DION_001,1159,-0.3274134267773722,SIMULATED,NORMAL
2026-06-17T18:14:22.141572+00:00,DION_001,1160,-0.2056330073244562,SIMULATED,NORMAL
2026-06-17T18:14:22.152389+00:00,DION_001,1161,-0.37611474138917644,SIMULATED,NORMAL
2026-06-17T18:14:22.162811+00:00,DION_001,1162,-0.08714926507576731,SIMULATED,NORMAL
2026-06-17T18:14:22.173321+00:00,DION_001,1163,-0.601145310009046,SIMULATED,NORMAL
2026-06-17T18:14:22.183920+00:00,DION_001,1164,-0.7111400097493612,SIMULATED,NORMAL
2026-06-17T18:14:22.194454+00:00,DION_001,1165,-0.5719300280231553,SIMULATED,NORMAL
2026-06-17T18:14:22.204901+00:00,DION_001,1166,-0.2701514447277425,SIMULATED,NORMAL
2026-06-17T18:14:22.215622+00:00,DION_001,1167,-0.719186544844904,SIMULATED,NORMAL
2026-06-17T18:14:22.227739+00:00,DION_001,1168,-0.3774528077618633,SIMULATED,NORMAL
2026-06-17T18:14:22.238242+00:00,DION_001,1169,-0.6721181486207672,SIMULATED,NORMAL
2026-06-17T18:14:22.248826+00:00,DION_001,1170,-0.6996363634677295,SIMULATED,NORMAL
2026-06-17T18:14:22.259306+00:00,DION_001,1171,-0.6791376030242627,SIMULATED,NORMAL
2026-06-17T18:14:22.269933+00:00,DION_001,1172,-0.3860840434152866,SIMULATED,NORMAL
2026-06-17T18:14:22.280389+00:00,DION_001,1173,-0.8016639045539173,SIMULATED,NORMAL
2026-06-17T18:14:22.290940+00:00,DION_001,1174,-0.6682502462107761,SIMULATED,NORMAL
2026-06-17T18:14:22.301417+00:00,DION_001,1175,-0.9208485437780436,SIMULATED,NORMAL
2026-06-17T18:14:22.312138+00:00,DION_001,1176,-0.5806339221690286,SIMULATED,NORMAL
2026-06-17T18:14:22.322763+00:00,DION_001,1177,-0.8625409943598991,SIMULATED,NORMAL
2026-06-17T18:14:22.333316+00:00,DION_001,1178,-0.8485442930280453,SIMULATED,NORMAL
2026-06-17T18:14:22.343886+00:00,DION_001,1179,-1.106613465668809,SIMULATED,NORMAL
2026-06-17T18:14:22.354452+00:00,DION_001,1180,-0.7389845065863729,SIMULATED,NORMAL
2026-06-17T18:14:22.365056+00:00,DION_001,1181,-0.6824331491740764,SIMULATED,NORMAL
2026-06-17T18:14:22.375675+00:00,DION_001,1182,-0.7011937316150244,SIMULATED,NORMAL
2026-06-17T18:14:22.386338+00:00,DION_001,1183,-0.5588994965037549,SIMULATED,NORMAL
2026-06-17T18:14:22.396935+00:00,DION_001,1184,-0.6714729154261316,SIMULATED,NORMAL
2026-06-17T18:14:22.407392+00:00,DION_001,1185,-0.6559222780897048,SIMULATED,NORMAL
2026-06-17T18:14:22.418118+00:00,DION_001,1186,-0.8401683756122966,SIMULATED,NORMAL
2026-06-17T18:14:22.428645+00:00,DION_001,1187,-0.7344422967427809,SIMULATED,NORMAL
2026-06-17T18:14:22.439235+00:00,DION_001,1188,-0.6878067530225046,SIMULATED,NORMAL
2026-06-17T18:14:22.449872+00:00,DION_001,1189,-0.4561194768438185,SIMULATED,NORMAL
2026-06-17T18:14:22.460675+00:00,DION_001,1190,-0.589278172224496,SIMULATED,NORMAL
2026-06-17T18:14:22.471505+00:00,DION_001,1191,-0.9325048932420632,SIMULATED,NORMAL
2026-06-17T18:14:22.482205+00:00,DION_001,1192,-0.7751321268434795,SIMULATED,NORMAL
2026-06-17T18:14:22.493200+00:00,DION_001,1193,-0.5650967593239279,SIMULATED,NORMAL
2026-06-17T18:14:22.503716+00:00,DION_001,1194,-0.7875167245747363,SIMULATED,NORMAL
2026-06-17T18:14:22.514212+00:00,DION_001,1195,-0.817532735789827,SIMULATED,NORMAL
2026-06-17T18:14:22.524729+00:00,DION_001,1196,-0.5280086670662164,SIMULATED,NORMAL
2026-06-17T18:14:22.535261+00:00,DION_001,1197,-0.45344648090863193,SIMULATED,NORMAL
2026-06-17T18:14:22.545619+00:00,DION_001,1198,-0.5552561657305366,SIMULATED,NORMAL
2026-06-17T18:14:22.556033+00:00,DION_001,1199,-0.587316821862741,SIMULATED,NORMAL
2026-06-17T18:14:22.566453+00:00,DION_001,1200,-0.32308466203237585,SIMULATED,NORMAL
2026-06-17T18:14:22.576860+00:00,DION_001,1201,-0.30900185919391476,SIMULATED,NORMAL
2026-06-17T18:14:22.587282+00:00,DION_001,1202,-0.5194530113494444,SIMULATED,NORMAL
2026-06-17T18:14:22.597549+00:00,DION_001,1203,-0.5120962015115339,SIMULATED,NORMAL
2026-06-17T18:14:22.608111+00:00,DION_001,1204,-0.8113733824080589,SIMULATED,NORMAL
2026-06-17T18:14:22.618791+00:00,DION_001,1205,-0.10818985404798218,SIMULATED,NORMAL
2026-06-17T18:14:22.629305+00:00,DION_001,1206,-0.4250274228604403,SIMULATED,NORMAL
2026-06-17T18:14:22.639802+00:00,DION_001,1207,-0.3876555052637161,SIMULATED,NORMAL
2026-06-17T18:14:22.650327+00:00,DION_001,1208,-0.3166769294110744,SIMULATED,NORMAL
2026-06-17T18:14:22.660877+00:00,DION_001,1209,-0.3814455880082145,SIMULATED,NORMAL
2026-06-17T18:14:22.671483+00:00,DION_001,1210,-0.40941012978735464,SIMULATED,NORMAL
2026-06-17T18:14:22.682285+00:00,DION_001,1211,-0.4614206438244741,SIMULATED,NORMAL
2026-06-17T18:14:22.692748+00:00,DION_001,1212,-0.23718996917812185,SIMULATED,NORMAL
2026-06-17T18:14:22.703398+00:00,DION_001,1213,-0.3952868124736161,SIMULATED,NORMAL
2026-06-17T18:14:22.713974+00:00,DION_001,1214,-0.30777330923132595,SIMULATED,NORMAL
2026-06-17T18:14:22.724498+00:00,DION_001,1215,0.02036612372598695,SIMULATED,NORMAL
2026-06-17T18:14:22.735104+00:00,DION_001,1216,-0.5905175718591047,SIMULATED,NORMAL
2026-06-17T18:14:22.745728+00:00,DION_001,1217,-0.23223664275944983,SIMULATED,NORMAL
2026-06-17T18:14:22.756262+00:00,DION_001,1218,-0.3361219716840104,SIMULATED,NORMAL
2026-06-17T18:14:22.767108+00:00,DION_001,1219,-0.35995315881963913,SIMULATED,NORMAL
2026-06-17T18:14:22.777706+00:00,DION_001,1220,-0.41361630687461887,SIMULATED,NORMAL
2026-06-17T18:14:22.788393+00:00,DION_001,1221,-0.3142785381728149,SIMULATED,NORMAL
2026-06-17T18:14:22.799209+00:00,DION_001,1222,-0.5025362306086857,SIMULATED,NORMAL
2026-06-17T18:14:22.809706+00:00,DION_001,1223,-0.769028868168852,SIMULATED,NORMAL
2026-06-17T18:14:22.820282+00:00,DION_001,1224,-0.43401648819550925,SIMULATED,NORMAL
2026-06-17T18:14:22.830839+00:00,DION_001,1225,-0.4603958137591283,SIMULATED,NORMAL
2026-06-17T18:14:22.841571+00:00,DION_001,1226,-0.5643367291302668,SIMULATED,NORMAL
2026-06-17T18:14:22.852055+00:00,DION_001,1227,-0.5393560466026538,SIMULATED,NORMAL
2026-06-17T18:14:22.862603+00:00,DION_001,1228,-0.37626048854505645,SIMULATED,NORMAL
2026-06-17T18:14:22.873120+00:00,DION_001,1229,-0.5201302426859704,SIMULATED,NORMAL
2026-06-17T18:14:22.884134+00:00,DION_001,1230,-0.37765051596020127,SIMULATED,NORMAL
2026-06-17T18:14:22.894931+00:00,DION_001,1231,-0.5355475582026591,SIMULATED,NORMAL
2026-06-17T18:14:22.905583+00:00,DION_001,1232,-0.8585607456933482,SIMULATED,NORMAL
2026-06-17T18:14:22.916395+00:00,DION_001,1233,-0.7660132436200283,SIMULATED,NORMAL
2026-06-17T18:14:22.927132+00:00,DION_001,1234,-0.7103288119222558,SIMULATED,NORMAL
2026-06-17T18:14:22.937854+00:00,DION_001,1235,-1.2278173113466506,SIMULATED,NORMAL
2026-06-17T18:14:22.948472+00:00,DION_001,1236,-0.8495812734259965,SIMULATED,NORMAL
2026-06-17T18:14:22.959172+00:00,DION_001,1237,-1.0188152356055389,SIMULATED,NORMAL
2026-06-17T18:14:22.969886+00:00,DION_001,1238,-0.9025037178488595,SIMULATED,NORMAL
2026-06-17T18:14:22.980828+00:00,DION_001,1239,-0.9654973101956195,SIMULATED,NORMAL
2026-06-17T18:14:22.991429+00:00,DION_001,1240,-1.1308498301174068,SIMULATED,NORMAL
2026-06-17T18:14:23.002158+00:00,DION_001,1241,-0.9434753442125218,SIMULATED,NORMAL
2026-06-17T18:14:23.013120+00:00,DION_001,1242,-1.135486399619508,SIMULATED,NORMAL
2026-06-17T18:14:23.023574+00:00,DION_001,1243,-1.0000591007741086,SIMULATED,NORMAL
2026-06-17T18:14:23.034134+00:00,DION_001,1244,-1.178257624437938,SIMULATED,NORMAL
2026-06-17T18:14:23.044818+00:00,DION_001,1245,-0.9359273360445954,SIMULATED,NORMAL
2026-06-17T18:14:23.055355+00:00,DION_001,1246,-0.9524347183965511,SIMULATED,NORMAL
2026-06-17T18:14:23.065999+00:00,DION_001,1247,-1.417443563723583,SIMULATED,NORMAL
2026-06-17T18:14:23.077045+00:00,DION_001,1248,-1.242694536206633,SIMULATED,NORMAL
2026-06-17T18:14:23.087763+00:00,DION_001,1249,-1.0650349254834215,SIMULATED,NORMAL
2026-06-17T18:14:23.098487+00:00,DION_001,1250,-0.9933371010255059,SIMULATED,NORMAL
2026-06-17T18:14:23.109132+00:00,DION_001,1251,-1.1383066883726558,SIMULATED,NORMAL
2026-06-17T18:14:23.119724+00:00,DION_001,1252,-1.2083957240496601,SIMULATED,NORMAL
2026-06-17T18:14:23.130250+00:00,DION_001,1253,-1.2377429417730352,SIMULATED,NORMAL
2026-06-17T18:14:23.140975+00:00,DION_001,1254,-1.2908493467998008,SIMULATED,NORMAL
2026-06-17T18:14:23.151706+00:00,DION_001,1255,-1.140694494419701,SIMULATED,NORMAL
2026-06-17T18:14:23.162282+00:00,DION_001,1256,-1.2989872409246332,SIMULATED,NORMAL
2026-06-17T18:14:23.172780+00:00,DION_001,1257,-1.2735426848125986,SIMULATED,NORMAL
2026-06-17T18:14:23.183373+00:00,DION_001,1258,-1.075632469898262,SIMULATED,NORMAL
2026-06-17T18:14:23.194001+00:00,DION_001,1259,-1.282064471072744,SIMULATED,NORMAL
2026-06-17T18:14:23.204855+00:00,DION_001,1260,-1.0616264162158022,SIMULATED,NORMAL
2026-06-17T18:14:23.215450+00:00,DION_001,1261,-1.0925538043111729,SIMULATED,NORMAL
2026-06-17T18:14:23.226048+00:00,DION_001,1262,-0.942144500542682,SIMULATED,NORMAL
2026-06-17T18:14:23.236649+00:00,DION_001,1263,-1.0205093390425664,SIMULATED,NORMAL
2026-06-17T18:14:23.247265+00:00,DION_001,1264,-0.9831588891209202,SIMULATED,NORMAL
2026-06-17T18:14:23.257872+00:00,DION_001,1265,-0.8909358524597896,SIMULATED,NORMAL
2026-06-17T18:14:23.268443+00:00,DION_001,1266,-0.8752233087023576,SIMULATED,NORMAL
2026-06-17T18:14:23.279238+00:00,DION_001,1267,-2.6170465400911054,SIMULATED,EVENT_DETECTED
2026-06-17T18:14:23.290252+00:00,DION_001,1268,-1.0130516612220393,SIMULATED,NORMAL
2026-06-17T18:14:23.300921+00:00,DION_001,1269,-0.8509056106759888,SIMULATED,NORMAL
2026-06-17T18:14:23.311352+00:00,DION_001,1270,-1.0659886677897057,SIMULATED,NORMAL
2026-06-17T18:14:23.321795+00:00,DION_001,1271,-0.6937861045829888,SIMULATED,NORMAL
2026-06-17T18:14:23.332416+00:00,DION_001,1272,-0.777724788574722,SIMULATED,NORMAL
2026-06-17T18:14:23.342981+00:00,DION_001,1273,-0.8022070295226059,SIMULATED,NORMAL
2026-06-17T18:14:23.353579+00:00,DION_001,1274,-0.7065540162302147,SIMULATED,NORMAL
2026-06-17T18:14:23.364069+00:00,DION_001,1275,-0.7726148914665116,SIMULATED,NORMAL
2026-06-17T18:14:23.374443+00:00,DION_001,1276,-0.49738639017321395,SIMULATED,NORMAL
2026-06-17T18:14:23.385061+00:00,DION_001,1277,-0.5470838321813447,SIMULATED,NORMAL
2026-06-17T18:14:23.395589+00:00,DION_001,1278,-0.7224829786147369,SIMULATED,NORMAL
2026-06-17T18:14:23.406067+00:00,DION_001,1279,-0.3918624455067811,SIMULATED,NORMAL
2026-06-17T18:14:23.416642+00:00,DION_001,1280,-0.39892861557254444,SIMULATED,NORMAL
2026-06-17T18:14:23.427236+00:00,DION_001,1281,-0.41112903244041876,SIMULATED,NORMAL
2026-06-17T18:14:23.437946+00:00,DION_001,1282,-0.15747632340048226,SIMULATED,NORMAL
2026-06-17T18:14:23.448670+00:00,DION_001,1283,-0.20732814249023368,SIMULATED,NORMAL
2026-06-17T18:14:23.459280+00:00,DION_001,1284,-0.2766056539125981,SIMULATED,NORMAL
2026-06-17T18:14:23.469875+00:00,DION_001,1285,-0.25147448744568535,SIMULATED,NORMAL
2026-06-17T18:14:23.480516+00:00,DION_001,1286,-0.09679144178373139,SIMULATED,NORMAL
2026-06-17T18:14:23.491362+00:00,DION_001,1287,0.06195103847300282,SIMULATED,NORMAL
2026-06-17T18:14:23.502072+00:00,DION_001,1288,-0.07507955107913719,SIMULATED,NORMAL
2026-06-17T18:14:23.512834+00:00,DION_001,1289,-0.018317389054627653,SIMULATED,NORMAL
2026-06-17T18:14:23.523449+00:00,DION_001,1290,0.07198446599908925,SIMULATED,NORMAL
2026-06-17T18:14:23.534033+00:00,DION_001,1291,-0.12832445738264342,SIMULATED,NORMAL
2026-06-17T18:14:23.544670+00:00,DION_001,1292,-0.15024872816558485,SIMULATED,NORMAL
2026-06-17T18:14:23.555290+00:00,DION_001,1293,-0.2215047384587992,SIMULATED,NORMAL
2026-06-17T18:14:23.565932+00:00,DION_001,1294,-0.10268896262605542,SIMULATED,NORMAL
2026-06-17T18:14:23.576443+00:00,DION_001,1295,-0.15454596146291016,SIMULATED,NORMAL
2026-06-17T18:14:23.587038+00:00,DION_001,1296,-0.0979838922949654,SIMULATED,NORMAL
2026-06-17T18:14:23.597551+00:00,DION_001,1297,0.19661818837395761,SIMULATED,NORMAL
2026-06-17T18:14:23.608080+00:00,DION_001,1298,-0.01640237023817026,SIMULATED,NORMAL
2026-06-17T18:14:23.618497+00:00,DION_001,1299,0.016947552436967994,SIMULATED,NORMAL
2026-06-17T18:14:23.628836+00:00,DION_001,1300,-0.31425908156958504,SIMULATED,NORMAL
2026-06-17T18:14:23.639369+00:00,DION_001,1301,-0.1892056940919375,SIMULATED,NORMAL
2026-06-17T18:14:23.650072+00:00,DION_001,1302,-0.31014385299259706,SIMULATED,NORMAL
2026-06-17T18:14:23.660514+00:00,DION_001,1303,-0.17383726751958167,SIMULATED,NORMAL
2026-06-17T18:14:23.670975+00:00,DION_001,1304,0.04520289429725677,SIMULATED,NORMAL
2026-06-17T18:14:23.681348+00:00,DION_001,1305,-0.33154792544542105,SIMULATED,NORMAL
2026-06-17T18:14:23.691986+00:00,DION_001,1306,-0.32267748853496964,SIMULATED,NORMAL
2026-06-17T18:14:23.702601+00:00,DION_001,1307,0.010462497115340974,SIMULATED,NORMAL
2026-06-17T18:14:23.713329+00:00,DION_001,1308,-0.49276110060252,SIMULATED,NORMAL
2026-06-17T18:14:23.723873+00:00,DION_001,1309,-0.36996705399064167,SIMULATED,NORMAL
2026-06-17T18:14:23.734465+00:00,DION_001,1310,-0.12409212888801346,SIMULATED,NORMAL
2026-06-17T18:14:23.745065+00:00,DION_001,1311,-0.3018285839080221,SIMULATED,NORMAL
2026-06-17T18:14:23.755615+00:00,DION_001,1312,-0.19761289307657048,SIMULATED,NORMAL
2026-06-17T18:14:23.766092+00:00,DION_001,1313,-0.1693308744175179,SIMULATED,NORMAL
2026-06-17T18:14:23.776694+00:00,DION_001,1314,-0.458714171240218,SIMULATED,NORMAL
2026-06-17T18:14:23.787260+00:00,DION_001,1315,-0.2648041004892112,SIMULATED,NORMAL
2026-06-17T18:14:23.797926+00:00,DION_001,1316,-0.5985339371952413,SIMULATED,NORMAL
2026-06-17T18:14:23.808529+00:00,DION_001,1317,-0.23953103554218005,SIMULATED,NORMAL
2026-06-17T18:14:23.819667+00:00,DION_001,1318,-0.44087183282199877,SIMULATED,NORMAL
2026-06-17T18:14:23.830388+00:00,DION_001,1319,-0.34921902797236726,SIMULATED,NORMAL
2026-06-17T18:14:23.841020+00:00,DION_001,1320,-0.44266442908240416,SIMULATED,NORMAL
2026-06-17T18:14:23.851818+00:00,DION_001,1321,-0.24887563834156032,SIMULATED,NORMAL
2026-06-17T18:14:23.862427+00:00,DION_001,1322,-0.4329230315172868,SIMULATED,NORMAL
2026-06-17T18:14:23.872955+00:00,DION_001,1323,-0.294869345058713,SIMULATED,NORMAL
2026-06-17T18:14:23.883596+00:00,DION_001,1324,-0.49494434363556644,SIMULATED,NORMAL
2026-06-17T18:14:23.894160+00:00,DION_001,1325,-0.4797424023923524,SIMULATED,NORMAL
2026-06-17T18:14:23.904874+00:00,DION_001,1326,-0.3917275210653407,SIMULATED,NORMAL
2026-06-17T18:14:23.916019+00:00,DION_001,1327,-0.6124639878943194,SIMULATED,NORMAL
2026-06-17T18:14:23.926682+00:00,DION_001,1328,-0.7826174466026843,SIMULATED,NORMAL
2026-06-17T18:14:23.937250+00:00,DION_001,1329,-0.38241643812042303,SIMULATED,NORMAL
2026-06-17T18:14:23.948003+00:00,DION_001,1330,-0.43010441673659766,SIMULATED,NORMAL
2026-06-17T18:14:23.958611+00:00,DION_001,1331,-0.3082879644067089,SIMULATED,NORMAL
2026-06-17T18:14:23.969150+00:00,DION_001,1332,-0.7405483387449501,SIMULATED,NORMAL
2026-06-17T18:14:23.979630+00:00,DION_001,1333,-0.5155060499604851,SIMULATED,NORMAL
2026-06-17T18:14:23.990312+00:00,DION_001,1334,-0.4267375994394562,SIMULATED,NORMAL
2026-06-17T18:14:24.001246+00:00,DION_001,1335,-0.4297764349212756,SIMULATED,NORMAL
2026-06-17T18:14:24.011730+00:00,DION_001,1336,-0.6664810189324564,SIMULATED,NORMAL
2026-06-17T18:14:24.022205+00:00,DION_001,1337,-0.2304903666082742,SIMULATED,NORMAL
2026-06-17T18:14:24.032710+00:00,DION_001,1338,-0.46859295169510207,SIMULATED,NORMAL
2026-06-17T18:14:24.043020+00:00,DION_001,1339,-0.06544907776831246,SIMULATED,NORMAL
2026-06-17T18:14:24.053618+00:00,DION_001,1340,-0.4772318975788271,SIMULATED,NORMAL
2026-06-17T18:14:24.064028+00:00,DION_001,1341,-0.3461623987868013,SIMULATED,NORMAL
2026-06-17T18:14:24.074759+00:00,DION_001,1342,-0.33799279580629765,SIMULATED,NORMAL
2026-06-17T18:14:24.085357+00:00,DION_001,1343,-0.1194730268643494,SIMULATED,NORMAL
2026-06-17T18:14:24.095709+00:00,DION_001,1344,-0.09254558738954242,SIMULATED,NORMAL
2026-06-17T18:14:24.106143+00:00,DION_001,1345,-0.025864515096458835,SIMULATED,NORMAL
2026-06-17T18:14:24.116641+00:00,DION_001,1346,0.06009065887557676,SIMULATED,NORMAL
2026-06-17T18:14:24.126997+00:00,DION_001,1347,0.037523921036059234,SIMULATED,NORMAL
2026-06-17T18:14:24.137453+00:00,DION_001,1348,-0.04803941327442579,SIMULATED,NORMAL
2026-06-17T18:14:24.147948+00:00,DION_001,1349,0.3781923911013116,SIMULATED,NORMAL
2026-06-17T18:14:24.158483+00:00,DION_001,1350,0.12747890650663768,SIMULATED,NORMAL
2026-06-17T18:14:24.168937+00:00,DION_001,1351,-0.00027158319325912283,SIMULATED,NORMAL
2026-06-17T18:14:24.179346+00:00,DION_001,1352,0.23658194337991523,SIMULATED,NORMAL
2026-06-17T18:14:24.189780+00:00,DION_001,1353,0.7262962112428812,SIMULATED,NORMAL
2026-06-17T18:14:24.200246+00:00,DION_001,1354,0.04707671551254766,SIMULATED,NORMAL
2026-06-17T18:14:24.210584+00:00,DION_001,1355,0.47512725862835636,SIMULATED,NORMAL
2026-06-17T18:14:24.220890+00:00,DION_001,1356,0.5054089106946682,SIMULATED,NORMAL
2026-06-17T18:14:24.231466+00:00,DION_001,1357,0.4720121291911825,SIMULATED,NORMAL
2026-06-17T18:14:24.242133+00:00,DION_001,1358,0.5292179156382761,SIMULATED,NORMAL
2026-06-17T18:14:24.252802+00:00,DION_001,1359,0.537281241589009,SIMULATED,NORMAL
2026-06-17T18:14:24.263184+00:00,DION_001,1360,0.6320490431584603,SIMULATED,NORMAL
2026-06-17T18:14:24.273524+00:00,DION_001,1361,0.4481626559425289,SIMULATED,NORMAL
2026-06-17T18:14:24.284024+00:00,DION_001,1362,0.6743818619992346,SIMULATED,NORMAL
2026-06-17T18:14:24.294438+00:00,DION_001,1363,0.45377226325707926,SIMULATED,NORMAL
2026-06-17T18:14:24.304973+00:00,DION_001,1364,0.940574583943218,SIMULATED,NORMAL
2026-06-17T18:14:24.315583+00:00,DION_001,1365,1.0389995922500233,SIMULATED,NORMAL
2026-06-17T18:14:24.326076+00:00,DION_001,1366,0.8370292948484086,SIMULATED,NORMAL
2026-06-17T18:14:24.336653+00:00,DION_001,1367,0.763971662689133,SIMULATED,NORMAL
2026-06-17T18:14:24.347202+00:00,DION_001,1368,0.7064434664954533,SIMULATED,NORMAL
2026-06-17T18:14:24.357828+00:00,DION_001,1369,1.0854666622875808,SIMULATED,NORMAL
2026-06-17T18:14:24.369261+00:00,DION_001,1370,0.5111857485306408,SIMULATED,NORMAL
2026-06-17T18:14:24.379792+00:00,DION_001,1371,0.9267974907953156,SIMULATED,NORMAL
2026-06-17T18:14:24.390336+00:00,DION_001,1372,0.9426307351769061,SIMULATED,NORMAL
2026-06-17T18:14:24.401005+00:00,DION_001,1373,0.9319525209525954,SIMULATED,NORMAL
2026-06-17T18:14:24.411583+00:00,DION_001,1374,0.906332443701281,SIMULATED,NORMAL
2026-06-17T18:14:24.422392+00:00,DION_001,1375,1.0677953776247922,SIMULATED,NORMAL
2026-06-17T18:14:24.432990+00:00,DION_001,1376,0.8005425723268784,SIMULATED,NORMAL
2026-06-17T18:14:24.443518+00:00,DION_001,1377,0.930507921874547,SIMULATED,NORMAL
2026-06-17T18:14:24.454048+00:00,DION_001,1378,0.8473816945516471,SIMULATED,NORMAL
2026-06-17T18:14:24.464537+00:00,DION_001,1379,0.769522918864356,SIMULATED,NORMAL
2026-06-17T18:14:24.475407+00:00,DION_001,1380,0.8749079883566979,SIMULATED,NORMAL
2026-06-17T18:14:24.486003+00:00,DION_001,1381,0.4063098380334999,SIMULATED,NORMAL
2026-06-17T18:14:24.496624+00:00,DION_001,1382,0.8378757466433466,SIMULATED,NORMAL
2026-06-17T18:14:24.507107+00:00,DION_001,1383,0.7733028168013799,SIMULATED,NORMAL
2026-06-17T18:14:24.517617+00:00,DION_001,1384,0.9331730560577507,SIMULATED,NORMAL
2026-06-17T18:14:24.528116+00:00,DION_001,1385,0.7273359530151022,SIMULATED,NORMAL
2026-06-17T18:14:24.538762+00:00,DION_001,1386,0.6914159203142886,SIMULATED,NORMAL
2026-06-17T18:14:24.549494+00:00,DION_001,1387,0.5710928246869518,SIMULATED,NORMAL
2026-06-17T18:14:24.560084+00:00,DION_001,1388,0.6103955140317423,SIMULATED,NORMAL
2026-06-17T18:14:24.570682+00:00,DION_001,1389,1.028626350592261,SIMULATED,NORMAL
2026-06-17T18:14:24.581280+00:00,DION_001,1390,0.6862219156621991,SIMULATED,NORMAL
2026-06-17T18:14:24.591980+00:00,DION_001,1391,0.4194252696611931,SIMULATED,NORMAL
2026-06-17T18:14:24.602528+00:00,DION_001,1392,0.7147670697440842,SIMULATED,NORMAL
2026-06-17T18:14:24.613017+00:00,DION_001,1393,0.39226166117164585,SIMULATED,NORMAL
2026-06-17T18:14:24.623566+00:00,DION_001,1394,0.9528991508546705,SIMULATED,NORMAL
2026-06-17T18:14:24.634015+00:00,DION_001,1395,0.3695122240138714,SIMULATED,NORMAL
2026-06-17T18:14:24.644712+00:00,DION_001,1396,0.570031315679768,SIMULATED,NORMAL
2026-06-17T18:14:24.655334+00:00,DION_001,1397,0.6134316681604558,SIMULATED,NORMAL
2026-06-17T18:14:24.666092+00:00,DION_001,1398,0.710619598143071,SIMULATED,NORMAL
2026-06-17T18:14:24.676659+00:00,DION_001,1399,0.5472157173846495,SIMULATED,NORMAL
2026-06-17T18:14:24.687254+00:00,DION_001,1400,-0.05178238076559866,SIMULATED,NORMAL
2026-06-17T18:14:24.697729+00:00,DION_001,1401,0.1593723411330147,SIMULATED,NORMAL
2026-06-17T18:14:24.708189+00:00,DION_001,1402,0.5144888269331941,SIMULATED,NORMAL
2026-06-17T18:14:24.718577+00:00,DION_001,1403,0.4187974374737292,SIMULATED,NORMAL
2026-06-17T18:14:24.729040+00:00,DION_001,1404,0.2855735184741647,SIMULATED,NORMAL
2026-06-17T18:14:24.739391+00:00,DION_001,1405,0.12307002841760062,SIMULATED,NORMAL
2026-06-17T18:14:24.749707+00:00,DION_001,1406,0.22370010983862276,SIMULATED,NORMAL
2026-06-17T18:14:24.760007+00:00,DION_001,1407,0.6592296919447851,SIMULATED,NORMAL
2026-06-17T18:14:24.770397+00:00,DION_001,1408,0.50797497531114,SIMULATED,NORMAL
2026-06-17T18:14:24.780955+00:00,DION_001,1409,0.1577693058520486,SIMULATED,NORMAL
2026-06-17T18:14:24.791530+00:00,DION_001,1410,0.3562949628736488,SIMULATED,NORMAL
2026-06-17T18:14:24.802567+00:00,DION_001,1411,0.40114707238997493,SIMULATED,NORMAL
2026-06-17T18:14:24.812989+00:00,DION_001,1412,0.7578551899077834,SIMULATED,NORMAL
2026-06-17T18:14:24.823465+00:00,DION_001,1413,0.4953053689420261,SIMULATED,NORMAL
2026-06-17T18:14:24.834004+00:00,DION_001,1414,0.42692566198664567,SIMULATED,NORMAL
2026-06-17T18:14:24.844674+00:00,DION_001,1415,0.5270638301501692,SIMULATED,NORMAL
2026-06-17T18:14:24.855287+00:00,DION_001,1416,0.39236591663596393,SIMULATED,NORMAL
2026-06-17T18:14:24.866344+00:00,DION_001,1417,0.3541701811444907,SIMULATED,NORMAL
2026-06-17T18:14:24.876985+00:00,DION_001,1418,0.44751044426697745,SIMULATED,NORMAL
2026-06-17T18:14:24.887569+00:00,DION_001,1419,0.5661885101071247,SIMULATED,NORMAL
2026-06-17T18:14:24.898327+00:00,DION_001,1420,0.6939540471019614,SIMULATED,NORMAL
2026-06-17T18:14:24.908864+00:00,DION_001,1421,0.5568574276584933,SIMULATED,NORMAL
2026-06-17T18:14:24.919523+00:00,DION_001,1422,0.40329849926612915,SIMULATED,NORMAL
2026-06-17T18:14:24.930131+00:00,DION_001,1423,0.5356317723317814,SIMULATED,NORMAL
2026-06-17T18:14:24.941245+00:00,DION_001,1424,0.5052781466071327,SIMULATED,NORMAL
2026-06-17T18:14:24.951964+00:00,DION_001,1425,0.46802846143462795,SIMULATED,NORMAL
2026-06-17T18:14:24.962485+00:00,DION_001,1426,0.799124715768615,SIMULATED,NORMAL
2026-06-17T18:14:24.973091+00:00,DION_001,1427,0.7985883378749714,SIMULATED,NORMAL
2026-06-17T18:14:24.983868+00:00,DION_001,1428,0.9021093941594814,SIMULATED,NORMAL
2026-06-17T18:14:24.994365+00:00,DION_001,1429,0.5965907575699877,SIMULATED,NORMAL
2026-06-17T18:14:25.004971+00:00,DION_001,1430,0.7219718813309197,SIMULATED,NORMAL
2026-06-17T18:14:25.015621+00:00,DION_001,1431,1.0663517773283064,SIMULATED,NORMAL
2026-06-17T18:14:25.026164+00:00,DION_001,1432,1.0630629179795894,SIMULATED,NORMAL
2026-06-17T18:14:25.036770+00:00,DION_001,1433,0.7933069074311855,SIMULATED,NORMAL
2026-06-17T18:14:25.047799+00:00,DION_001,1434,1.0528612201270966,SIMULATED,NORMAL
2026-06-17T18:14:25.058359+00:00,DION_001,1435,0.7228056830327616,SIMULATED,NORMAL
2026-06-17T18:14:25.069089+00:00,DION_001,1436,3.8988293376025567,SIMULATED,EVENT_DETECTED
2026-06-17T18:14:25.079943+00:00,DION_001,1437,0.9296538787712109,SIMULATED,NORMAL
2026-06-17T18:14:25.090559+00:00,DION_001,1438,-1.6358332215618991,SIMULATED,NORMAL
2026-06-17T18:14:25.101413+00:00,DION_001,1439,1.2002225022905677,SIMULATED,NORMAL
2026-06-17T18:14:25.112034+00:00,DION_001,1440,1.008800042147585,SIMULATED,NORMAL
2026-06-17T18:14:25.122686+00:00,DION_001,1441,1.0906637267911203,SIMULATED,NORMAL
2026-06-17T18:14:25.133304+00:00,DION_001,1442,1.0602635284284703,SIMULATED,NORMAL
2026-06-17T18:14:25.144337+00:00,DION_001,1443,1.085159336294259,SIMULATED,NORMAL
2026-06-17T18:14:25.154819+00:00,DION_001,1444,1.0921181596478962,SIMULATED,NORMAL
2026-06-17T18:14:25.165570+00:00,DION_001,1445,1.4726097831117824,SIMULATED,NORMAL
2026-06-17T18:14:25.176150+00:00,DION_001,1446,1.3044328465834607,SIMULATED,NORMAL
2026-06-17T18:14:25.186722+00:00,DION_001,1447,1.082548023837743,SIMULATED,NORMAL
2026-06-17T18:14:25.197396+00:00,DION_001,1448,1.1263346299605617,SIMULATED,NORMAL
2026-06-17T18:14:25.208462+00:00,DION_001,1449,1.0050795327535913,SIMULATED,NORMAL
2026-06-17T18:14:25.219324+00:00,DION_001,1450,0.9876378810152776,SIMULATED,NORMAL
2026-06-17T18:14:25.229912+00:00,DION_001,1451,0.8650540814620888,SIMULATED,NORMAL
2026-06-17T18:14:25.240989+00:00,DION_001,1452,1.0630197093932134,SIMULATED,NORMAL
2026-06-17T18:14:25.251566+00:00,DION_001,1453,1.2888689522898815,SIMULATED,NORMAL
2026-06-17T18:14:25.262089+00:00,DION_001,1454,1.0936387296186083,SIMULATED,NORMAL
2026-06-17T18:14:25.272671+00:00,DION_001,1455,1.1680526773136441,SIMULATED,NORMAL
2026-06-17T18:14:25.283334+00:00,DION_001,1456,0.7065796098604584,SIMULATED,NORMAL
2026-06-17T18:14:25.293934+00:00,DION_001,1457,0.9365857422713473,SIMULATED,NORMAL
2026-06-17T18:14:25.304920+00:00,DION_001,1458,0.9723243326543539,SIMULATED,NORMAL
2026-06-17T18:14:25.315631+00:00,DION_001,1459,1.0855672851402,SIMULATED,NORMAL
2026-06-17T18:14:25.326201+00:00,DION_001,1460,1.1022006099241353,SIMULATED,NORMAL
2026-06-17T18:14:25.337165+00:00,DION_001,1461,0.6739569428022595,SIMULATED,NORMAL
2026-06-17T18:14:25.347805+00:00,DION_001,1462,0.7823248196339783,SIMULATED,NORMAL
2026-06-17T18:14:25.358349+00:00,DION_001,1463,0.857513529653585,SIMULATED,NORMAL
2026-06-17T18:14:25.369046+00:00,DION_001,1464,0.602988301967268,SIMULATED,NORMAL
2026-06-17T18:14:25.379536+00:00,DION_001,1465,0.9056984618574464,SIMULATED,NORMAL
2026-06-17T18:14:25.390099+00:00,DION_001,1466,0.4838599813931507,SIMULATED,NORMAL
2026-06-17T18:14:25.400684+00:00,DION_001,1467,0.7734256963492923,SIMULATED,NORMAL
2026-06-17T18:14:25.411703+00:00,DION_001,1468,0.6557729807195405,SIMULATED,NORMAL
2026-06-17T18:14:25.422406+00:00,DION_001,1469,0.5459282087468685,SIMULATED,NORMAL
2026-06-17T18:14:25.433186+00:00,DION_001,1470,0.6716637695346129,SIMULATED,NORMAL
2026-06-17T18:14:25.443757+00:00,DION_001,1471,0.5769141842039461,SIMULATED,NORMAL
2026-06-17T18:14:25.454292+00:00,DION_001,1472,0.5930933709634141,SIMULATED,NORMAL
2026-06-17T18:14:25.464896+00:00,DION_001,1473,0.3264483866276223,SIMULATED,NORMAL
2026-06-17T18:14:25.475850+00:00,DION_001,1474,0.7086609674995688,SIMULATED,NORMAL
2026-06-17T18:14:25.486517+00:00,DION_001,1475,-1.2566073073903987,SIMULATED,NORMAL
2026-06-17T18:14:25.497319+00:00,DION_001,1476,0.4062625118428526,SIMULATED,NORMAL
2026-06-17T18:14:25.507946+00:00,DION_001,1477,0.5226264239014393,SIMULATED,NORMAL
2026-06-17T18:14:25.518496+00:00,DION_001,1478,0.4804024351471796,SIMULATED,NORMAL
2026-06-17T18:14:25.529056+00:00,DION_001,1479,0.17343602285532592,SIMULATED,NORMAL
2026-06-17T18:14:25.539517+00:00,DION_001,1480,0.25554033756077504,SIMULATED,NORMAL
2026-06-17T18:14:25.550182+00:00,DION_001,1481,0.3715511800894581,SIMULATED,NORMAL
2026-06-17T18:14:25.560959+00:00,DION_001,1482,0.22010117382921496,SIMULATED,NORMAL
2026-06-17T18:14:25.571673+00:00,DION_001,1483,0.182043710121733,SIMULATED,NORMAL
2026-06-17T18:14:25.582373+00:00,DION_001,1484,-0.07604587622969816,SIMULATED,NORMAL
2026-06-17T18:14:25.592859+00:00,DION_001,1485,-0.048710998054171645,SIMULATED,NORMAL
2026-06-17T18:14:25.603418+00:00,DION_001,1486,0.157885363583946,SIMULATED,NORMAL
2026-06-17T18:14:25.613940+00:00,DION_001,1487,-0.05687097566375279,SIMULATED,NORMAL
2026-06-17T18:14:25.624443+00:00,DION_001,1488,0.12492917646375461,SIMULATED,NORMAL
2026-06-17T18:14:25.635222+00:00,DION_001,1489,-0.050453280098061326,SIMULATED,NORMAL
2026-06-17T18:14:25.645807+00:00,DION_001,1490,-0.04525092702688527,SIMULATED,NORMAL
2026-06-17T18:14:25.656351+00:00,DION_001,1491,0.2259723594199273,SIMULATED,NORMAL
2026-06-17T18:14:25.667121+00:00,DION_001,1492,0.13905746841792654,SIMULATED,NORMAL
2026-06-17T18:14:25.677724+00:00,DION_001,1493,-2.414338147080031,SIMULATED,EVENT_DETECTED
2026-06-17T18:14:25.688785+00:00,DION_001,1494,-0.033841676337920595,SIMULATED,NORMAL
2026-06-17T18:14:25.699676+00:00,DION_001,1495,0.0216952907604765,SIMULATED,NORMAL
2026-06-17T18:14:25.710219+00:00,DION_001,1496,-0.15906722466720327,SIMULATED,NORMAL
2026-06-17T18:14:25.720808+00:00,DION_001,1497,-0.1947436101548335,SIMULATED,NORMAL
2026-06-17T18:14:25.731371+00:00,DION_001,1498,0.14937792123032306,SIMULATED,NORMAL
2026-06-17T18:14:25.741901+00:00,DION_001,1499,0.0883298498844798,SIMULATED,NORMAL
2026-06-17T18:14:25.752497+00:00,DION_001,1500,0.06233723028325305,SIMULATED,NORMAL
2026-06-17T18:14:25.763258+00:00,DION_001,1501,-0.05627147652413553,SIMULATED,NORMAL
2026-06-17T18:14:25.773779+00:00,DION_001,1502,0.1128970680686294,SIMULATED,NORMAL
2026-06-17T18:14:25.784395+00:00,DION_001,1503,0.347544426862621,SIMULATED,NORMAL
2026-06-17T18:14:25.794924+00:00,DION_001,1504,0.34054237722843006,SIMULATED,NORMAL
2026-06-17T18:14:25.805354+00:00,DION_001,1505,0.2691421678989281,SIMULATED,NORMAL
2026-06-17T18:14:25.815842+00:00,DION_001,1506,0.18746675772081245,SIMULATED,NORMAL
2026-06-17T18:14:25.826245+00:00,DION_001,1507,0.24809832556744044,SIMULATED,NORMAL
2026-06-17T18:14:25.836605+00:00,DION_001,1508,0.26798706906659436,SIMULATED,NORMAL
2026-06-17T18:14:25.847041+00:00,DION_001,1509,0.3444839117273695,SIMULATED,NORMAL
2026-06-17T18:14:25.857354+00:00,DION_001,1510,-0.171962209280076,SIMULATED,NORMAL
2026-06-17T18:14:25.867667+00:00,DION_001,1511,0.3196828852703537,SIMULATED,NORMAL
2026-06-17T18:14:25.878052+00:00,DION_001,1512,0.48073609609124357,SIMULATED,NORMAL
2026-06-17T18:14:25.888683+00:00,DION_001,1513,0.37885675174971856,SIMULATED,NORMAL
2026-06-17T18:14:25.899184+00:00,DION_001,1514,0.18228684217983504,SIMULATED,NORMAL
2026-06-17T18:14:25.909599+00:00,DION_001,1515,0.3910418506166057,SIMULATED,NORMAL
2026-06-17T18:14:25.920206+00:00,DION_001,1516,0.35352775787161855,SIMULATED,NORMAL
2026-06-17T18:14:25.930735+00:00,DION_001,1517,0.5998796473246533,SIMULATED,NORMAL
2026-06-17T18:14:25.941313+00:00,DION_001,1518,-2.4865703923989138,SIMULATED,EVENT_DETECTED
2026-06-17T18:14:25.952018+00:00,DION_001,1519,0.5024046818056508,SIMULATED,NORMAL
2026-06-17T18:14:25.962538+00:00,DION_001,1520,0.3436445475851987,SIMULATED,NORMAL
2026-06-17T18:14:25.973074+00:00,DION_001,1521,0.5243870978876213,SIMULATED,NORMAL
2026-06-17T18:14:25.983836+00:00,DION_001,1522,0.27548913901153516,SIMULATED,NORMAL
2026-06-17T18:14:25.994508+00:00,DION_001,1523,0.07115119083516458,SIMULATED,NORMAL
2026-06-17T18:14:26.005432+00:00,DION_001,1524,0.5002105334274141,SIMULATED,NORMAL
2026-06-17T18:14:26.016031+00:00,DION_001,1525,0.5165972322013461,SIMULATED,NORMAL
2026-06-17T18:14:26.026578+00:00,DION_001,1526,0.4153634823226825,SIMULATED,NORMAL
2026-06-17T18:14:26.037149+00:00,DION_001,1527,0.33777808148665495,SIMULATED,NORMAL
2026-06-17T18:14:26.047739+00:00,DION_001,1528,0.5884391665127884,SIMULATED,NORMAL
2026-06-17T18:14:26.058180+00:00,DION_001,1529,0.15612411182733119,SIMULATED,NORMAL
2026-06-17T18:14:26.068680+00:00,DION_001,1530,0.4608654239151738,SIMULATED,NORMAL
2026-06-17T18:14:26.079591+00:00,DION_001,1531,0.25696988199181275,SIMULATED,NORMAL
2026-06-17T18:14:26.090294+00:00,DION_001,1532,0.08307334588911039,SIMULATED,NORMAL
2026-06-17T18:14:26.100804+00:00,DION_001,1533,0.19568161009811516,SIMULATED,NORMAL
2026-06-17T18:14:26.111264+00:00,DION_001,1534,0.07588383058567391,SIMULATED,NORMAL
2026-06-17T18:14:26.121983+00:00,DION_001,1535,0.024870911221595876,SIMULATED,NORMAL
2026-06-17T18:14:26.132404+00:00,DION_001,1536,0.40434759178518276,SIMULATED,NORMAL
2026-06-17T18:14:26.142815+00:00,DION_001,1537,0.0268513259257631,SIMULATED,NORMAL
2026-06-17T18:14:26.153190+00:00,DION_001,1538,0.3201410009699882,SIMULATED,NORMAL
2026-06-17T18:14:26.163522+00:00,DION_001,1539,0.2958337031300059,SIMULATED,NORMAL
2026-06-17T18:14:26.173854+00:00,DION_001,1540,-0.11138783585146637,SIMULATED,NORMAL
2026-06-17T18:14:26.184290+00:00,DION_001,1541,-0.21003836192349917,SIMULATED,NORMAL
2026-06-17T18:14:26.194912+00:00,DION_001,1542,-0.05501666752792323,SIMULATED,NORMAL
2026-06-17T18:14:26.205444+00:00,DION_001,1543,-0.02050102986239112,SIMULATED,NORMAL
2026-06-17T18:14:26.216003+00:00,DION_001,1544,-0.26092689345935394,SIMULATED,NORMAL
2026-06-17T18:14:26.226468+00:00,DION_001,1545,-0.41788022900999733,SIMULATED,NORMAL
2026-06-17T18:14:26.237074+00:00,DION_001,1546,-0.37028301319656415,SIMULATED,NORMAL
2026-06-17T18:14:26.247665+00:00,DION_001,1547,-0.344704177900445,SIMULATED,NORMAL
2026-06-17T18:14:26.258413+00:00,DION_001,1548,-0.11195291473999658,SIMULATED,NORMAL
2026-06-17T18:14:26.269008+00:00,DION_001,1549,-0.644185346807566,SIMULATED,NORMAL
2026-06-17T18:14:26.279475+00:00,DION_001,1550,-0.43794974215144505,SIMULATED,NORMAL
2026-06-17T18:14:26.290015+00:00,DION_001,1551,-0.4683091440062484,SIMULATED,NORMAL
2026-06-17T18:14:26.300543+00:00,DION_001,1552,-0.3315985900687973,SIMULATED,NORMAL
2026-06-17T18:14:26.311300+00:00,DION_001,1553,-0.43548877220835513,SIMULATED,NORMAL
2026-06-17T18:14:26.321907+00:00,DION_001,1554,-0.6000163319256928,SIMULATED,NORMAL
2026-06-17T18:14:26.332899+00:00,DION_001,1555,-0.45467118149813057,SIMULATED,NORMAL
2026-06-17T18:14:26.343479+00:00,DION_001,1556,-0.5904171436633502,SIMULATED,NORMAL
2026-06-17T18:14:26.354113+00:00,DION_001,1557,-0.6343233780035608,SIMULATED,NORMAL
2026-06-17T18:14:26.364830+00:00,DION_001,1558,-0.4521413306079223,SIMULATED,NORMAL
2026-06-17T18:14:26.375527+00:00,DION_001,1559,-0.8012686914520959,SIMULATED,NORMAL
2026-06-17T18:14:26.386146+00:00,DION_001,1560,-0.760050871390979,SIMULATED,NORMAL
2026-06-17T18:14:26.396697+00:00,DION_001,1561,-0.8389732466139945,SIMULATED,NORMAL
2026-06-17T18:14:26.407192+00:00,DION_001,1562,-0.924692028218379,SIMULATED,NORMAL
2026-06-17T18:14:26.417747+00:00,DION_001,1563,-0.8355284108553314,SIMULATED,NORMAL
2026-06-17T18:14:26.428217+00:00,DION_001,1564,-1.0258146124671281,SIMULATED,NORMAL
2026-06-17T18:14:26.439308+00:00,DION_001,1565,-0.9422929262278632,SIMULATED,NORMAL
2026-06-17T18:14:26.450121+00:00,DION_001,1566,-1.0210100920231708,SIMULATED,NORMAL
2026-06-17T18:14:26.460687+00:00,DION_001,1567,-0.903657768024574,SIMULATED,NORMAL
2026-06-17T18:14:26.471280+00:00,DION_001,1568,-0.8247849906221667,SIMULATED,NORMAL
2026-06-17T18:14:26.481811+00:00,DION_001,1569,-1.279169926506811,SIMULATED,NORMAL
2026-06-17T18:14:26.492448+00:00,DION_001,1570,-1.094348749752691,SIMULATED,NORMAL
2026-06-17T18:14:26.503141+00:00,DION_001,1571,-0.5346516003769269,SIMULATED,NORMAL
2026-06-17T18:14:26.513606+00:00,DION_001,1572,-0.9244680493849654,SIMULATED,NORMAL
2026-06-17T18:14:26.524062+00:00,DION_001,1573,-0.8364887106131871,SIMULATED,NORMAL
2026-06-17T18:14:26.534495+00:00,DION_001,1574,-3.7069132598621213,SIMULATED,EVENT_DETECTED
2026-06-17T18:14:26.545151+00:00,DION_001,1575,-0.9339299175249507,SIMULATED,NORMAL
2026-06-17T18:14:26.555873+00:00,DION_001,1576,-1.0231317706349476,SIMULATED,NORMAL
2026-06-17T18:14:26.566376+00:00,DION_001,1577,-0.9152536698510909,SIMULATED,NORMAL
2026-06-17T18:14:26.577296+00:00,DION_001,1578,-0.9066289452826776,SIMULATED,NORMAL
2026-06-17T18:14:26.587815+00:00,DION_001,1579,-0.685258686659372,SIMULATED,NORMAL
2026-06-17T18:14:26.598450+00:00,DION_001,1580,-0.915928723454236,SIMULATED,NORMAL
2026-06-17T18:14:26.608859+00:00,DION_001,1581,-0.664527355856984,SIMULATED,NORMAL
2026-06-17T18:14:26.619299+00:00,DION_001,1582,-0.45891384325557155,SIMULATED,NORMAL
2026-06-17T18:14:26.629823+00:00,DION_001,1583,-0.8017956678939355,SIMULATED,NORMAL
2026-06-17T18:14:26.640250+00:00,DION_001,1584,-0.7660622707479318,SIMULATED,NORMAL
2026-06-17T18:14:26.650706+00:00,DION_001,1585,-0.8394553902677061,SIMULATED,NORMAL
2026-06-17T18:14:26.661159+00:00,DION_001,1586,-0.7799619660930099,SIMULATED,NORMAL
2026-06-17T18:14:26.671862+00:00,DION_001,1587,-0.17395205596516738,SIMULATED,NORMAL
2026-06-17T18:14:26.682604+00:00,DION_001,1588,-0.4623816495907823,SIMULATED,NORMAL
2026-06-17T18:14:26.693603+00:00,DION_001,1589,-0.699310394795764,SIMULATED,NORMAL
2026-06-17T18:14:26.704205+00:00,DION_001,1590,-0.6195049953344803,SIMULATED,NORMAL
2026-06-17T18:14:26.715602+00:00,DION_001,1591,-0.5212179767721923,SIMULATED,NORMAL
2026-06-17T18:14:26.726334+00:00,DION_001,1592,-0.5303274787616487,SIMULATED,NORMAL
2026-06-17T18:14:26.737008+00:00,DION_001,1593,-0.5839743605461625,SIMULATED,NORMAL
2026-06-17T18:14:26.747585+00:00,DION_001,1594,-0.5110763035205096,SIMULATED,NORMAL
2026-06-17T18:14:26.758240+00:00,DION_001,1595,-0.6194554318023237,SIMULATED,NORMAL
2026-06-17T18:14:26.768848+00:00,DION_001,1596,-0.36169689695772267,SIMULATED,NORMAL
2026-06-17T18:14:26.779403+00:00,DION_001,1597,-0.44453436520963724,SIMULATED,NORMAL
2026-06-17T18:14:26.790142+00:00,DION_001,1598,-0.3893813864853984,SIMULATED,NORMAL
2026-06-17T18:14:26.800669+00:00,DION_001,1599,-0.617366163191429,SIMULATED,NORMAL
2026-06-17T18:14:26.811378+00:00,DION_001,1600,-0.25124160352018976,SIMULATED,NORMAL
2026-06-17T18:14:26.822376+00:00,DION_001,1601,-2.4574484064930586,SIMULATED,EVENT_DETECTED
2026-06-17T18:14:26.833332+00:00,DION_001,1602,-0.3857628053907204,SIMULATED,NORMAL
2026-06-17T18:14:26.843927+00:00,DION_001,1603,-0.4142656659315908,SIMULATED,NORMAL
2026-06-17T18:14:26.854543+00:00,DION_001,1604,-0.5163327614616436,SIMULATED,NORMAL
2026-06-17T18:14:26.865188+00:00,DION_001,1605,-0.38201638032242935,SIMULATED,NORMAL
2026-06-17T18:14:26.875728+00:00,DION_001,1606,-0.30849049433911085,SIMULATED,NORMAL
2026-06-17T18:14:26.886322+00:00,DION_001,1607,-0.19102144318526834,SIMULATED,NORMAL
2026-06-17T18:14:26.896786+00:00,DION_001,1608,-0.49429747589195283,SIMULATED,NORMAL
2026-06-17T18:14:26.907429+00:00,DION_001,1609,-0.4170349735300554,SIMULATED,NORMAL
2026-06-17T18:14:26.918025+00:00,DION_001,1610,-0.2276607205154246,SIMULATED,NORMAL
2026-06-17T18:14:26.928482+00:00,DION_001,1611,-0.4497701219011296,SIMULATED,NORMAL
2026-06-17T18:14:26.938994+00:00,DION_001,1612,-0.48144126703306384,SIMULATED,NORMAL
2026-06-17T18:14:26.949467+00:00,DION_001,1613,-0.4162632621166602,SIMULATED,NORMAL
2026-06-17T18:14:26.959974+00:00,DION_001,1614,-0.3723048130327812,SIMULATED,NORMAL
2026-06-17T18:14:26.970245+00:00,DION_001,1615,-0.459968210729307,SIMULATED,NORMAL
2026-06-17T18:14:26.980687+00:00,DION_001,1616,-0.40565981130099016,SIMULATED,NORMAL
2026-06-17T18:14:26.991206+00:00,DION_001,1617,-0.6609419059849274,SIMULATED,NORMAL
2026-06-17T18:14:27.001779+00:00,DION_001,1618,-0.47422043073708253,SIMULATED,NORMAL
2026-06-17T18:14:27.012294+00:00,DION_001,1619,-0.7314395382132857,SIMULATED,NORMAL
2026-06-17T18:14:27.022935+00:00,DION_001,1620,-0.555146117291994,SIMULATED,NORMAL
2026-06-17T18:14:27.033479+00:00,DION_001,1621,-0.7265751029648044,SIMULATED,NORMAL
2026-06-17T18:14:27.044054+00:00,DION_001,1622,-0.7572634227105396,SIMULATED,NORMAL
2026-06-17T18:14:27.054627+00:00,DION_001,1623,-0.7977177940991852,SIMULATED,NORMAL
2026-06-17T18:14:27.065296+00:00,DION_001,1624,-0.9793588968696862,SIMULATED,NORMAL
2026-06-17T18:14:27.075913+00:00,DION_001,1625,-0.4977703107962659,SIMULATED,NORMAL
2026-06-17T18:14:27.086488+00:00,DION_001,1626,-0.8203263630277299,SIMULATED,NORMAL
2026-06-17T18:14:27.096910+00:00,DION_001,1627,-1.1309670284655196,SIMULATED,NORMAL
2026-06-17T18:14:27.107470+00:00,DION_001,1628,-0.7938916806036173,SIMULATED,NORMAL
2026-06-17T18:14:27.118068+00:00,DION_001,1629,-0.807114642768527,SIMULATED,NORMAL
2026-06-17T18:14:27.128723+00:00,DION_001,1630,-0.756638298444,SIMULATED,NORMAL
2026-06-17T18:14:27.139395+00:00,DION_001,1631,-0.8962865948585147,SIMULATED,NORMAL
2026-06-17T18:14:27.150125+00:00,DION_001,1632,-1.097209034046116,SIMULATED,NORMAL
2026-06-17T18:14:27.160701+00:00,DION_001,1633,-1.1878116095131719,SIMULATED,NORMAL
2026-06-17T18:14:27.171281+00:00,DION_001,1634,-1.0432592208727751,SIMULATED,NORMAL
2026-06-17T18:14:27.182055+00:00,DION_001,1635,-1.1384177288048276,SIMULATED,NORMAL
2026-06-17T18:14:27.192773+00:00,DION_001,1636,-1.0850607047878431,SIMULATED,NORMAL
2026-06-17T18:14:27.203377+00:00,DION_001,1637,-1.1749643530568654,SIMULATED,NORMAL
2026-06-17T18:14:27.213921+00:00,DION_001,1638,-1.1863282171877707,SIMULATED,NORMAL
2026-06-17T18:14:27.224651+00:00,DION_001,1639,-1.28754712619697,SIMULATED,NORMAL
2026-06-17T18:14:27.235628+00:00,DION_001,1640,-1.4043840760945612,SIMULATED,NORMAL
2026-06-17T18:14:27.246164+00:00,DION_001,1641,-0.9292208189536342,SIMULATED,NORMAL
2026-06-17T18:14:27.256783+00:00,DION_001,1642,-1.2813828706256902,SIMULATED,NORMAL
2026-06-17T18:14:27.267365+00:00,DION_001,1643,-1.0086229351161473,SIMULATED,NORMAL
2026-06-17T18:14:27.277926+00:00,DION_001,1644,-1.1787834707140967,SIMULATED,NORMAL
2026-06-17T18:14:27.288462+00:00,DION_001,1645,-1.3145898751912177,SIMULATED,NORMAL
2026-06-17T18:14:27.299282+00:00,DION_001,1646,-1.1548463628000754,SIMULATED,NORMAL
2026-06-17T18:14:27.310005+00:00,DION_001,1647,-1.3046317369738252,SIMULATED,NORMAL
2026-06-17T18:14:27.320760+00:00,DION_001,1648,-0.9592947324208616,SIMULATED,NORMAL
2026-06-17T18:14:27.331866+00:00,DION_001,1649,-1.228390725514037,SIMULATED,NORMAL
2026-06-17T18:14:27.342498+00:00,DION_001,1650,-0.9146014710030471,SIMULATED,NORMAL
2026-06-17T18:14:27.353148+00:00,DION_001,1651,-0.9676796293265834,SIMULATED,NORMAL
2026-06-17T18:14:27.363722+00:00,DION_001,1652,-1.0852754100412052,SIMULATED,NORMAL
2026-06-17T18:14:27.374331+00:00,DION_001,1653,-0.8531046312382436,SIMULATED,NORMAL
2026-06-17T18:14:27.384818+00:00,DION_001,1654,-0.6636193382508155,SIMULATED,NORMAL
2026-06-17T18:14:27.395386+00:00,DION_001,1655,-1.0784968698744521,SIMULATED,NORMAL
2026-06-17T18:14:27.405914+00:00,DION_001,1656,-0.8170012754898457,SIMULATED,NORMAL
2026-06-17T18:14:27.416627+00:00,DION_001,1657,-0.8775538144632792,SIMULATED,NORMAL
2026-06-17T18:14:27.427281+00:00,DION_001,1658,-0.978154481638157,SIMULATED,NORMAL
2026-06-17T18:14:27.438048+00:00,DION_001,1659,-0.5592971632496596,SIMULATED,NORMAL
2026-06-17T18:14:27.448733+00:00,DION_001,1660,-0.7715657968545746,SIMULATED,NORMAL
2026-06-17T18:14:27.459315+00:00,DION_001,1661,-0.7244422141348005,SIMULATED,NORMAL
2026-06-17T18:14:27.469887+00:00,DION_001,1662,-0.616243907596829,SIMULATED,NORMAL
2026-06-17T18:14:27.480386+00:00,DION_001,1663,-0.5484363055874091,SIMULATED,NORMAL
2026-06-17T18:14:27.491144+00:00,DION_001,1664,-0.43632456402697894,SIMULATED,NORMAL
2026-06-17T18:14:27.501719+00:00,DION_001,1665,-0.4549556940942069,SIMULATED,NORMAL
2026-06-17T18:14:27.512231+00:00,DION_001,1666,-0.4248816622028869,SIMULATED,NORMAL
2026-06-17T18:14:27.522798+00:00,DION_001,1667,-0.19432271858377198,SIMULATED,NORMAL
2026-06-17T18:14:27.533436+00:00,DION_001,1668,-0.5234699541730663,SIMULATED,NORMAL
2026-06-17T18:14:27.544016+00:00,DION_001,1669,-0.25478601346828167,SIMULATED,NORMAL
2026-06-17T18:14:27.554945+00:00,DION_001,1670,-0.1691092609328987,SIMULATED,NORMAL
2026-06-17T18:14:27.565684+00:00,DION_001,1671,-0.5971284197929023,SIMULATED,NORMAL
2026-06-17T18:14:27.576275+00:00,DION_001,1672,-0.24002319111481696,SIMULATED,NORMAL
2026-06-17T18:14:27.587302+00:00,DION_001,1673,-0.4663021495265176,SIMULATED,NORMAL
2026-06-17T18:14:27.597826+00:00,DION_001,1674,-0.07323506625956533,SIMULATED,NORMAL
2026-06-17T18:14:27.608449+00:00,DION_001,1675,-0.39135425411675573,SIMULATED,NORMAL
2026-06-17T18:14:27.619018+00:00,DION_001,1676,-0.2324760225622725,SIMULATED,NORMAL
2026-06-17T18:14:27.629490+00:00,DION_001,1677,-0.009716353276967862,SIMULATED,NORMAL
2026-06-17T18:14:27.639905+00:00,DION_001,1678,-0.0799524432001781,SIMULATED,NORMAL
2026-06-17T18:14:27.650432+00:00,DION_001,1679,-0.1797352014989195,SIMULATED,NORMAL
2026-06-17T18:14:27.660976+00:00,DION_001,1680,-0.2940501132983108,SIMULATED,NORMAL
2026-06-17T18:14:27.671671+00:00,DION_001,1681,-0.2043874320796943,SIMULATED,NORMAL
2026-06-17T18:14:27.682362+00:00,DION_001,1682,0.18269447835965086,SIMULATED,NORMAL
2026-06-17T18:14:27.692943+00:00,DION_001,1683,0.0037167640138367312,SIMULATED,NORMAL
2026-06-17T18:14:27.703418+00:00,DION_001,1684,0.08792403455680847,SIMULATED,NORMAL
2026-06-17T18:14:27.714123+00:00,DION_001,1685,-0.03314802009243603,SIMULATED,NORMAL
2026-06-17T18:14:27.724673+00:00,DION_001,1686,0.283096144331767,SIMULATED,NORMAL
2026-06-17T18:14:27.735390+00:00,DION_001,1687,-0.11503339187196188,SIMULATED,NORMAL
2026-06-17T18:14:27.745960+00:00,DION_001,1688,0.11098374138730344,SIMULATED,NORMAL
2026-06-17T18:14:27.756835+00:00,DION_001,1689,-0.31462417449514474,SIMULATED,NORMAL
2026-06-17T18:14:27.767532+00:00,DION_001,1690,0.13921817560427263,SIMULATED,NORMAL
2026-06-17T18:14:27.778106+00:00,DION_001,1691,0.18398022400256753,SIMULATED,NORMAL
2026-06-17T18:14:27.788996+00:00,DION_001,1692,0.24622429230378298,SIMULATED,NORMAL
2026-06-17T18:14:27.800030+00:00,DION_001,1693,0.32155008136194974,SIMULATED,NORMAL
2026-06-17T18:14:27.810720+00:00,DION_001,1694,0.11106030857486343,SIMULATED,NORMAL
2026-06-17T18:14:27.821374+00:00,DION_001,1695,-0.254359185164033,SIMULATED,NORMAL
2026-06-17T18:14:27.832701+00:00,DION_001,1696,-0.09109636546176185,SIMULATED,NORMAL
2026-06-17T18:14:27.843455+00:00,DION_001,1697,-0.256191211129986,SIMULATED,NORMAL
2026-06-17T18:14:27.854136+00:00,DION_001,1698,-0.02667857678656121,SIMULATED,NORMAL
2026-06-17T18:14:27.864891+00:00,DION_001,1699,-0.11493134427874757,SIMULATED,NORMAL
2026-06-17T18:14:27.875475+00:00,DION_001,1700,-0.11789235880604514,SIMULATED,NORMAL
2026-06-17T18:14:27.886081+00:00,DION_001,1701,-0.09489397432643551,SIMULATED,NORMAL
2026-06-17T18:14:27.896690+00:00,DION_001,1702,-0.03833829183788734,SIMULATED,NORMAL
2026-06-17T18:14:27.907318+00:00,DION_001,1703,-0.03532132335472546,SIMULATED,NORMAL
2026-06-17T18:14:27.918419+00:00,DION_001,1704,-0.39912778904187596,SIMULATED,NORMAL
2026-06-17T18:14:27.929076+00:00,DION_001,1705,0.1304765800019287,SIMULATED,NORMAL
2026-06-17T18:14:27.939606+00:00,DION_001,1706,-0.26853646506127055,SIMULATED,NORMAL
2026-06-17T18:14:27.950395+00:00,DION_001,1707,-0.0539926303902485,SIMULATED,NORMAL
2026-06-17T18:14:27.960995+00:00,DION_001,1708,-0.23506887474082463,SIMULATED,NORMAL
2026-06-17T18:14:27.971662+00:00,DION_001,1709,-0.4854441783471075,SIMULATED,NORMAL
2026-06-17T18:14:27.982428+00:00,DION_001,1710,-0.19780408077078052,SIMULATED,NORMAL
2026-06-17T18:14:27.992873+00:00,DION_001,1711,-0.18180715665418096,SIMULATED,NORMAL
2026-06-17T18:14:28.003368+00:00,DION_001,1712,-0.013096834730024376,SIMULATED,NORMAL
2026-06-17T18:14:28.013824+00:00,DION_001,1713,-0.26246857643142557,SIMULATED,NORMAL
2026-06-17T18:14:28.024148+00:00,DION_001,1714,-0.1606651255441935,SIMULATED,NORMAL
2026-06-17T18:14:28.034736+00:00,DION_001,1715,-0.038277172982592644,SIMULATED,NORMAL
2026-06-17T18:14:28.045027+00:00,DION_001,1716,-0.250677090108965,SIMULATED,NORMAL
2026-06-17T18:14:28.055559+00:00,DION_001,1717,-0.2176129682046254,SIMULATED,NORMAL
2026-06-17T18:14:28.066223+00:00,DION_001,1718,-0.331347440616529,SIMULATED,NORMAL
2026-06-17T18:14:28.076679+00:00,DION_001,1719,-0.25230402246472744,SIMULATED,NORMAL
2026-06-17T18:14:28.087086+00:00,DION_001,1720,-0.3559633010740767,SIMULATED,NORMAL
2026-06-17T18:14:28.097525+00:00,DION_001,1721,-0.14762239656772186,SIMULATED,NORMAL
2026-06-17T18:14:28.107988+00:00,DION_001,1722,-0.14673175675173228,SIMULATED,NORMAL
2026-06-17T18:14:28.118956+00:00,DION_001,1723,-0.15006563044187585,SIMULATED,NORMAL
2026-06-17T18:14:28.129502+00:00,DION_001,1724,0.18953976043017484,SIMULATED,NORMAL
2026-06-17T18:14:28.140078+00:00,DION_001,1725,-0.03251847669699201,SIMULATED,NORMAL
2026-06-17T18:14:28.150642+00:00,DION_001,1726,-0.14283481886707,SIMULATED,NORMAL
2026-06-17T18:14:28.161335+00:00,DION_001,1727,-0.04510462387688313,SIMULATED,NORMAL
2026-06-17T18:14:28.171901+00:00,DION_001,1728,-0.2362595908332832,SIMULATED,NORMAL
2026-06-17T18:14:28.182605+00:00,DION_001,1729,-0.08061147512541583,SIMULATED,NORMAL
2026-06-17T18:14:28.193730+00:00,DION_001,1730,-0.10155531824892314,SIMULATED,NORMAL
2026-06-17T18:14:28.204727+00:00,DION_001,1731,-0.004782434745560782,SIMULATED,NORMAL
2026-06-17T18:14:28.215655+00:00,DION_001,1732,-0.019828522731360137,SIMULATED,NORMAL
2026-06-17T18:14:28.226270+00:00,DION_001,1733,-0.23233313714909218,SIMULATED,NORMAL
2026-06-17T18:14:28.236811+00:00,DION_001,1734,-1.7842098943491729,SIMULATED,NORMAL
2026-06-17T18:14:28.247633+00:00,DION_001,1735,0.036974713700116624,SIMULATED,NORMAL
2026-06-17T18:14:28.258214+00:00,DION_001,1736,-0.0859513174224796,SIMULATED,NORMAL
2026-06-17T18:14:28.268752+00:00,DION_001,1737,0.04331437247226892,SIMULATED,NORMAL
2026-06-17T18:14:28.279314+00:00,DION_001,1738,0.1586287894377958,SIMULATED,NORMAL
2026-06-17T18:14:28.289933+00:00,DION_001,1739,0.221521923198759,SIMULATED,NORMAL
2026-06-17T18:14:28.300735+00:00,DION_001,1740,0.38303532450244016,SIMULATED,NORMAL
2026-06-17T18:14:28.311385+00:00,DION_001,1741,0.14766173414813374,SIMULATED,NORMAL
2026-06-17T18:14:28.321994+00:00,DION_001,1742,0.39079479045777454,SIMULATED,NORMAL
2026-06-17T18:14:28.332711+00:00,DION_001,1743,0.4038148780162108,SIMULATED,NORMAL
2026-06-17T18:14:28.343271+00:00,DION_001,1744,0.49437762268177715,SIMULATED,NORMAL
2026-06-17T18:14:28.353968+00:00,DION_001,1745,0.6837043805606289,SIMULATED,NORMAL
2026-06-17T18:14:28.364449+00:00,DION_001,1746,-1.2131739028855977,SIMULATED,NORMAL
2026-06-17T18:14:28.375508+00:00,DION_001,1747,0.5232445409063948,SIMULATED,NORMAL
2026-06-17T18:14:28.386366+00:00,DION_001,1748,0.5541872954534771,SIMULATED,NORMAL
2026-06-17T18:14:28.396959+00:00,DION_001,1749,0.835616614070309,SIMULATED,NORMAL
2026-06-17T18:14:28.407656+00:00,DION_001,1750,0.5607964617381731,SIMULATED,NORMAL
2026-06-17T18:14:28.418315+00:00,DION_001,1751,0.5207672334241813,SIMULATED,NORMAL
2026-06-17T18:14:28.428841+00:00,DION_001,1752,-1.4140706375999659,SIMULATED,NORMAL
2026-06-17T18:14:28.439570+00:00,DION_001,1753,0.4627581498389993,SIMULATED,NORMAL
2026-06-17T18:14:28.450178+00:00,DION_001,1754,0.7987617006781546,SIMULATED,NORMAL
2026-06-17T18:14:28.460721+00:00,DION_001,1755,0.9018860240906527,SIMULATED,NORMAL
2026-06-17T18:14:28.471379+00:00,DION_001,1756,0.8973136728356584,SIMULATED,NORMAL
2026-06-17T18:14:28.482055+00:00,DION_001,1757,1.0392761391997176,SIMULATED,NORMAL
2026-06-17T18:14:28.492743+00:00,DION_001,1758,1.139705054684774,SIMULATED,NORMAL
2026-06-17T18:14:28.503386+00:00,DION_001,1759,1.0813291346966318,SIMULATED,NORMAL
2026-06-17T18:14:28.513921+00:00,DION_001,1760,0.5920208924511883,SIMULATED,NORMAL
2026-06-17T18:14:28.524513+00:00,DION_001,1761,0.986169412666434,SIMULATED,NORMAL
2026-06-17T18:14:28.535145+00:00,DION_001,1762,0.9221035008137464,SIMULATED,NORMAL
2026-06-17T18:14:28.545793+00:00,DION_001,1763,1.0334170217378504,SIMULATED,NORMAL
2026-06-17T18:14:28.556468+00:00,DION_001,1764,0.968816881409333,SIMULATED,NORMAL
2026-06-17T18:14:28.567186+00:00,DION_001,1765,1.1666164219951058,SIMULATED,NORMAL
2026-06-17T18:14:28.577746+00:00,DION_001,1766,1.0230298594706169,SIMULATED,NORMAL
2026-06-17T18:14:28.588392+00:00,DION_001,1767,1.033069533256525,SIMULATED,NORMAL
2026-06-17T18:14:28.599060+00:00,DION_001,1768,0.9805097652323794,SIMULATED,NORMAL
2026-06-17T18:14:28.609514+00:00,DION_001,1769,1.1521087121438376,SIMULATED,NORMAL
2026-06-17T18:14:28.620148+00:00,DION_001,1770,1.0229454774640556,SIMULATED,NORMAL
2026-06-17T18:14:28.630662+00:00,DION_001,1771,0.8612320838372974,SIMULATED,NORMAL
2026-06-17T18:14:28.641354+00:00,DION_001,1772,1.0446953296864834,SIMULATED,NORMAL
2026-06-17T18:14:28.652040+00:00,DION_001,1773,0.9126421409008671,SIMULATED,NORMAL
2026-06-17T18:14:28.662554+00:00,DION_001,1774,0.8336072424163303,SIMULATED,NORMAL
2026-06-17T18:14:28.673247+00:00,DION_001,1775,1.0774971786511287,SIMULATED,NORMAL
2026-06-17T18:14:28.683753+00:00,DION_001,1776,1.076624969825306,SIMULATED,NORMAL
2026-06-17T18:14:28.694420+00:00,DION_001,1777,0.8494722828759899,SIMULATED,NORMAL
2026-06-17T18:14:28.704979+00:00,DION_001,1778,0.7862223226580437,SIMULATED,NORMAL
2026-06-17T18:14:28.715756+00:00,DION_001,1779,0.8320530166397897,SIMULATED,NORMAL
2026-06-17T18:14:28.726371+00:00,DION_001,1780,0.9554976642442503,SIMULATED,NORMAL
2026-06-17T18:14:28.737058+00:00,DION_001,1781,0.6305505287183667,SIMULATED,NORMAL
2026-06-17T18:14:28.747608+00:00,DION_001,1782,0.8112776859565828,SIMULATED,NORMAL
2026-06-17T18:14:28.760479+00:00,DION_001,1783,0.8289663075462279,SIMULATED,NORMAL
2026-06-17T18:14:28.771443+00:00,DION_001,1784,0.719962830250314,SIMULATED,NORMAL
2026-06-17T18:14:28.782186+00:00,DION_001,1785,0.5218329079445037,SIMULATED,NORMAL
2026-06-17T18:14:28.792780+00:00,DION_001,1786,0.6972553799004362,SIMULATED,NORMAL
2026-06-17T18:14:28.803238+00:00,DION_001,1787,0.8951786443671803,SIMULATED,NORMAL
2026-06-17T18:14:28.813735+00:00,DION_001,1788,0.5688506213495331,SIMULATED,NORMAL
2026-06-17T18:14:28.824698+00:00,DION_001,1789,0.25586082789868475,SIMULATED,NORMAL
2026-06-17T18:14:28.835453+00:00,DION_001,1790,0.43209736578349683,SIMULATED,NORMAL
2026-06-17T18:14:28.846018+00:00,DION_001,1791,0.4204392201517442,SIMULATED,NORMAL
2026-06-17T18:14:28.856682+00:00,DION_001,1792,0.6651623475269741,SIMULATED,NORMAL
2026-06-17T18:14:28.867268+00:00,DION_001,1793,0.41713825970559437,SIMULATED,NORMAL
2026-06-17T18:14:28.877912+00:00,DION_001,1794,0.3546612071058893,SIMULATED,NORMAL
2026-06-17T18:14:28.888516+00:00,DION_001,1795,0.5524489875202219,SIMULATED,NORMAL
2026-06-17T18:14:28.899521+00:00,DION_001,1796,0.21789222706012976,SIMULATED,NORMAL
2026-06-17T18:14:28.910152+00:00,DION_001,1797,0.5385543114635688,SIMULATED,NORMAL
2026-06-17T18:14:28.921123+00:00,DION_001,1798,0.5578161031538722,SIMULATED,NORMAL
2026-06-17T18:14:28.931826+00:00,DION_001,1799,0.31401150548184265,SIMULATED,NORMAL
2026-06-17T18:14:28.942440+00:00,DION_001,1800,0.3260894984740527,SIMULATED,NORMAL
2026-06-17T18:14:28.953366+00:00,DION_001,1801,0.250654211256058,SIMULATED,NORMAL
2026-06-17T18:14:28.964005+00:00,DION_001,1802,0.47264898557813323,SIMULATED,NORMAL
2026-06-17T18:14:28.974519+00:00,DION_001,1803,0.46687769726991923,SIMULATED,NORMAL
2026-06-17T18:14:28.985167+00:00,DION_001,1804,0.3064913830110704,SIMULATED,NORMAL
2026-06-17T18:14:28.995726+00:00,DION_001,1805,0.589208266802539,SIMULATED,NORMAL
2026-06-17T18:14:29.006362+00:00,DION_001,1806,0.4948808913488665,SIMULATED,NORMAL
2026-06-17T18:14:29.016924+00:00,DION_001,1807,0.41253631992803086,SIMULATED,NORMAL
2026-06-17T18:14:29.027769+00:00,DION_001,1808,0.38695514473778353,SIMULATED,NORMAL
2026-06-17T18:14:29.038523+00:00,DION_001,1809,0.4925052184100145,SIMULATED,NORMAL
2026-06-17T18:14:29.049221+00:00,DION_001,1810,0.4290478987260582,SIMULATED,NORMAL
2026-06-17T18:14:29.059689+00:00,DION_001,1811,0.49962015692124045,SIMULATED,NORMAL
2026-06-17T18:14:29.070190+00:00,DION_001,1812,0.33141383936720603,SIMULATED,NORMAL
2026-06-17T18:14:29.080673+00:00,DION_001,1813,0.28098030746858416,SIMULATED,NORMAL
2026-06-17T18:14:29.091215+00:00,DION_001,1814,0.4699998828341875,SIMULATED,NORMAL
2026-06-17T18:14:29.101676+00:00,DION_001,1815,0.927845773989568,SIMULATED,NORMAL
2026-06-17T18:14:29.112112+00:00,DION_001,1816,0.40115654010397517,SIMULATED,NORMAL
2026-06-17T18:14:29.122451+00:00,DION_001,1817,0.6488401216315425,SIMULATED,NORMAL
2026-06-17T18:14:29.133038+00:00,DION_001,1818,0.7466216077570803,SIMULATED,NORMAL
2026-06-17T18:14:29.143473+00:00,DION_001,1819,0.8480281296856063,SIMULATED,NORMAL
2026-06-17T18:14:29.153965+00:00,DION_001,1820,0.6677274731764278,SIMULATED,NORMAL
2026-06-17T18:14:29.164871+00:00,DION_001,1821,0.3699804568844145,SIMULATED,NORMAL
2026-06-17T18:14:29.175259+00:00,DION_001,1822,0.7287311933775984,SIMULATED,NORMAL
2026-06-17T18:14:29.185682+00:00,DION_001,1823,0.5263914996064915,SIMULATED,NORMAL
2026-06-17T18:14:29.196013+00:00,DION_001,1824,0.6245175407980545,SIMULATED,NORMAL
2026-06-17T18:14:29.206350+00:00,DION_001,1825,0.6462933805189794,SIMULATED,NORMAL
2026-06-17T18:14:29.216798+00:00,DION_001,1826,1.0356269175046429,SIMULATED,NORMAL
2026-06-17T18:14:29.227287+00:00,DION_001,1827,0.8806497357479307,SIMULATED,NORMAL
2026-06-17T18:14:29.237995+00:00,DION_001,1828,0.7013312924036662,SIMULATED,NORMAL
2026-06-17T18:14:29.248617+00:00,DION_001,1829,1.0094063913836524,SIMULATED,NORMAL
2026-06-17T18:14:29.259198+00:00,DION_001,1830,0.797025358691236,SIMULATED,NORMAL
2026-06-17T18:14:29.270087+00:00,DION_001,1831,1.1768537240990797,SIMULATED,NORMAL
2026-06-17T18:14:29.280626+00:00,DION_001,1832,0.9107952465414871,SIMULATED,NORMAL
2026-06-17T18:14:29.291272+00:00,DION_001,1833,1.2714153911634631,SIMULATED,NORMAL
2026-06-17T18:14:29.301847+00:00,DION_001,1834,1.152110277490177,SIMULATED,NORMAL
2026-06-17T18:14:29.312403+00:00,DION_001,1835,1.34569650481098,SIMULATED,NORMAL
2026-06-17T18:14:29.322960+00:00,DION_001,1836,1.290919971856332,SIMULATED,NORMAL
2026-06-17T18:14:29.333651+00:00,DION_001,1837,1.1763648425862698,SIMULATED,NORMAL
2026-06-17T18:14:29.344706+00:00,DION_001,1838,1.025963242243051,SIMULATED,NORMAL
2026-06-17T18:14:29.355365+00:00,DION_001,1839,1.012492189441084,SIMULATED,NORMAL
2026-06-17T18:14:29.366580+00:00,DION_001,1840,1.1981366941999045,SIMULATED,NORMAL
2026-06-17T18:14:29.377281+00:00,DION_001,1841,1.0485302934139524,SIMULATED,NORMAL
2026-06-17T18:14:29.388023+00:00,DION_001,1842,1.2245356776476084,SIMULATED,NORMAL
2026-06-17T18:14:29.398685+00:00,DION_001,1843,0.8205467446602738,SIMULATED,NORMAL
2026-06-17T18:14:29.409307+00:00,DION_001,1844,1.024739947634137,SIMULATED,NORMAL
2026-06-17T18:14:29.419803+00:00,DION_001,1845,1.0941796870480132,SIMULATED,NORMAL
2026-06-17T18:14:29.430313+00:00,DION_001,1846,0.9321494470751488,SIMULATED,NORMAL
2026-06-17T18:14:29.441102+00:00,DION_001,1847,0.9667343006674739,SIMULATED,NORMAL
2026-06-17T18:14:29.451662+00:00,DION_001,1848,0.8789737732827125,SIMULATED,NORMAL
2026-06-17T18:14:29.462292+00:00,DION_001,1849,1.0434196226762058,SIMULATED,NORMAL
2026-06-17T18:14:29.473254+00:00,DION_001,1850,0.702759430187408,SIMULATED,NORMAL
2026-06-17T18:14:29.483829+00:00,DION_001,1851,0.919427473150761,SIMULATED,NORMAL
2026-06-17T18:14:29.494407+00:00,DION_001,1852,0.9174721349340379,SIMULATED,NORMAL
2026-06-17T18:14:29.505006+00:00,DION_001,1853,0.6826712952840864,SIMULATED,NORMAL
2026-06-17T18:14:29.515615+00:00,DION_001,1854,0.5570383486991022,SIMULATED,NORMAL
2026-06-17T18:14:29.526211+00:00,DION_001,1855,0.5739892214129165,SIMULATED,NORMAL
2026-06-17T18:14:29.536730+00:00,DION_001,1856,0.49453671277056044,SIMULATED,NORMAL
2026-06-17T18:14:29.547626+00:00,DION_001,1857,0.7932605616175974,SIMULATED,NORMAL
2026-06-17T18:14:29.558158+00:00,DION_001,1858,0.545076049387676,SIMULATED,NORMAL
2026-06-17T18:14:29.568624+00:00,DION_001,1859,0.6888215016795026,SIMULATED,NORMAL
2026-06-17T18:14:29.579223+00:00,DION_001,1860,0.6171564607530516,SIMULATED,NORMAL
2026-06-17T18:14:29.589722+00:00,DION_001,1861,0.46479433092342815,SIMULATED,NORMAL
2026-06-17T18:14:29.600231+00:00,DION_001,1862,0.3760855298568018,SIMULATED,NORMAL
2026-06-17T18:14:29.610648+00:00,DION_001,1863,0.14670845063451127,SIMULATED,NORMAL
2026-06-17T18:14:29.621185+00:00,DION_001,1864,0.25841092365290963,SIMULATED,NORMAL
2026-06-17T18:14:29.631701+00:00,DION_001,1865,0.3860806775671474,SIMULATED,NORMAL
2026-06-17T18:14:29.642083+00:00,DION_001,1866,0.2586288619056663,SIMULATED,NORMAL
2026-06-17T18:14:29.652725+00:00,DION_001,1867,0.49389973843480495,SIMULATED,NORMAL
2026-06-17T18:14:29.663322+00:00,DION_001,1868,0.13176262160513807,SIMULATED,NORMAL
2026-06-17T18:14:29.674074+00:00,DION_001,1869,0.09995488812819084,SIMULATED,NORMAL
2026-06-17T18:14:29.684657+00:00,DION_001,1870,0.08052295219179856,SIMULATED,NORMAL
2026-06-17T18:14:29.695164+00:00,DION_001,1871,-0.12537208744577608,SIMULATED,NORMAL
2026-06-17T18:14:29.706079+00:00,DION_001,1872,0.03356197462450093,SIMULATED,NORMAL
2026-06-17T18:14:29.716655+00:00,DION_001,1873,0.016278673586373166,SIMULATED,NORMAL
2026-06-17T18:14:29.727226+00:00,DION_001,1874,-0.13255157768215353,SIMULATED,NORMAL
2026-06-17T18:14:29.738029+00:00,DION_001,1875,0.02452395213264917,SIMULATED,NORMAL
2026-06-17T18:14:29.748796+00:00,DION_001,1876,-0.04138704721519845,SIMULATED,NORMAL
2026-06-17T18:14:29.759299+00:00,DION_001,1877,-0.029180178160542733,SIMULATED,NORMAL
2026-06-17T18:14:29.769979+00:00,DION_001,1878,-0.240563440595561,SIMULATED,NORMAL
2026-06-17T18:14:29.780626+00:00,DION_001,1879,-0.38487674251125303,SIMULATED,NORMAL
2026-06-17T18:14:29.792854+00:00,DION_001,1880,-0.1696209893559072,SIMULATED,NORMAL
2026-06-17T18:14:29.803442+00:00,DION_001,1881,-0.2536627915879778,SIMULATED,NORMAL
2026-06-17T18:14:29.813980+00:00,DION_001,1882,0.002833346289965094,SIMULATED,NORMAL
2026-06-17T18:14:29.824496+00:00,DION_001,1883,-0.24037710135794932,SIMULATED,NORMAL
2026-06-17T18:14:29.835323+00:00,DION_001,1884,-0.16160735552117322,SIMULATED,NORMAL
2026-06-17T18:14:29.845992+00:00,DION_001,1885,0.009943769147129827,SIMULATED,NORMAL
2026-06-17T18:14:29.856657+00:00,DION_001,1886,-0.026543799816393016,SIMULATED,NORMAL
2026-06-17T18:14:29.867379+00:00,DION_001,1887,-0.20688246653155057,SIMULATED,NORMAL
2026-06-17T18:14:29.877911+00:00,DION_001,1888,-0.2479292321223603,SIMULATED,NORMAL
2026-06-17T18:14:29.888395+00:00,DION_001,1889,-0.2558769219705178,SIMULATED,NORMAL
2026-06-17T18:14:29.899175+00:00,DION_001,1890,-0.2765449606722684,SIMULATED,NORMAL
2026-06-17T18:14:29.909695+00:00,DION_001,1891,-0.05736845981176425,SIMULATED,NORMAL
2026-06-17T18:14:29.920230+00:00,DION_001,1892,-0.19198144406480588,SIMULATED,NORMAL
2026-06-17T18:14:29.930820+00:00,DION_001,1893,-0.3820099637560429,SIMULATED,NORMAL
2026-06-17T18:14:29.941451+00:00,DION_001,1894,-0.18692698636588004,SIMULATED,NORMAL
2026-06-17T18:14:29.952127+00:00,DION_001,1895,-0.04569119363544936,SIMULATED,NORMAL
2026-06-17T18:14:29.962888+00:00,DION_001,1896,-0.03476452084142581,SIMULATED,NORMAL
2026-06-17T18:14:29.973473+00:00,DION_001,1897,-0.10941011084911446,SIMULATED,NORMAL
2026-06-17T18:14:29.984145+00:00,DION_001,1898,-2.155695631524127,SIMULATED,EVENT_DETECTED
2026-06-17T18:14:29.995382+00:00,DION_001,1899,-0.24571245214922283,SIMULATED,NORMAL
2026-06-17T18:14:30.005905+00:00,DION_001,1900,-0.028472990863922257,SIMULATED,NORMAL
2026-06-17T18:14:30.016528+00:00,DION_001,1901,-0.20895450589915315,SIMULATED,NORMAL
2026-06-17T18:14:30.027274+00:00,DION_001,1902,0.09439912437495185,SIMULATED,NORMAL
2026-06-17T18:14:30.037889+00:00,DION_001,1903,0.14844869915672387,SIMULATED,NORMAL
2026-06-17T18:14:30.048490+00:00,DION_001,1904,0.2573321987156655,SIMULATED,NORMAL
2026-06-17T18:14:30.058928+00:00,DION_001,1905,0.06720921055821086,SIMULATED,NORMAL
2026-06-17T18:14:30.069600+00:00,DION_001,1906,0.044690790438689246,SIMULATED,NORMAL
2026-06-17T18:14:30.080126+00:00,DION_001,1907,0.10664877648173743,SIMULATED,NORMAL
2026-06-17T18:14:30.090746+00:00,DION_001,1908,0.13862251830419123,SIMULATED,NORMAL
2026-06-17T18:14:30.101273+00:00,DION_001,1909,0.3731278720816257,SIMULATED,NORMAL
2026-06-17T18:14:30.111714+00:00,DION_001,1910,0.021932332145401218,SIMULATED,NORMAL
2026-06-17T18:14:30.122232+00:00,DION_001,1911,0.3554795017902607,SIMULATED,NORMAL
2026-06-17T18:14:30.132675+00:00,DION_001,1912,0.32092368821098227,SIMULATED,NORMAL
2026-06-17T18:14:30.143068+00:00,DION_001,1913,0.01670847086888061,SIMULATED,NORMAL
2026-06-17T18:14:30.153568+00:00,DION_001,1914,0.41928379978159314,SIMULATED,NORMAL
2026-06-17T18:14:30.164011+00:00,DION_001,1915,0.4240176597394276,SIMULATED,NORMAL
2026-06-17T18:14:30.174481+00:00,DION_001,1916,-0.10069247671681991,SIMULATED,NORMAL
2026-06-17T18:14:30.185056+00:00,DION_001,1917,0.09813007107266758,SIMULATED,NORMAL
2026-06-17T18:14:30.195337+00:00,DION_001,1918,-0.028060407620767863,SIMULATED,NORMAL
2026-06-17T18:14:30.205710+00:00,DION_001,1919,0.32818144102262004,SIMULATED,NORMAL
2026-06-17T18:14:30.216153+00:00,DION_001,1920,0.21360484435336746,SIMULATED,NORMAL
2026-06-17T18:14:30.226474+00:00,DION_001,1921,0.2875598821189651,SIMULATED,NORMAL
2026-06-17T18:14:30.236964+00:00,DION_001,1922,0.1095746184427317,SIMULATED,NORMAL
2026-06-17T18:14:30.247436+00:00,DION_001,1923,0.051997162884352,SIMULATED,NORMAL
2026-06-17T18:14:30.257930+00:00,DION_001,1924,0.28111223744848046,SIMULATED,NORMAL
2026-06-17T18:14:30.268507+00:00,DION_001,1925,0.16742826944644784,SIMULATED,NORMAL
2026-06-17T18:14:30.279142+00:00,DION_001,1926,-0.04386953541378533,SIMULATED,NORMAL
2026-06-17T18:14:30.289460+00:00,DION_001,1927,-0.05299532930118339,SIMULATED,NORMAL
2026-06-17T18:14:30.299954+00:00,DION_001,1928,-0.2911550859028835,SIMULATED,NORMAL
2026-06-17T18:14:30.310314+00:00,DION_001,1929,-0.27966759092501753,SIMULATED,NORMAL
2026-06-17T18:14:30.320872+00:00,DION_001,1930,-0.1725893420130527,SIMULATED,NORMAL
2026-06-17T18:14:30.331329+00:00,DION_001,1931,-0.08254460045150998,SIMULATED,NORMAL
2026-06-17T18:14:30.341797+00:00,DION_001,1932,-0.13069718445017453,SIMULATED,NORMAL
2026-06-17T18:14:30.352408+00:00,DION_001,1933,-0.17206137677795785,SIMULATED,NORMAL
2026-06-17T18:14:30.362775+00:00,DION_001,1934,-0.27976531981587427,SIMULATED,NORMAL
2026-06-17T18:14:30.373296+00:00,DION_001,1935,-0.5165421807220106,SIMULATED,NORMAL
2026-06-17T18:14:30.383940+00:00,DION_001,1936,-0.5491831208359726,SIMULATED,NORMAL
2026-06-17T18:14:30.394359+00:00,DION_001,1937,-0.4221057296907341,SIMULATED,NORMAL
2026-06-17T18:14:30.405429+00:00,DION_001,1938,-0.5431626778272776,SIMULATED,NORMAL
2026-06-17T18:14:30.415906+00:00,DION_001,1939,-0.2862722145725799,SIMULATED,NORMAL
2026-06-17T18:14:30.426269+00:00,DION_001,1940,-0.8107618094584551,SIMULATED,NORMAL
2026-06-17T18:14:30.436673+00:00,DION_001,1941,-0.7016160837159859,SIMULATED,NORMAL
2026-06-17T18:14:30.447104+00:00,DION_001,1942,-0.3841650768082462,SIMULATED,NORMAL
2026-06-17T18:14:30.457960+00:00,DION_001,1943,-0.6547674659873451,SIMULATED,NORMAL
2026-06-17T18:14:30.468544+00:00,DION_001,1944,-0.568226068432649,SIMULATED,NORMAL
2026-06-17T18:14:30.479021+00:00,DION_001,1945,-0.7714638289061325,SIMULATED,NORMAL
2026-06-17T18:14:30.489680+00:00,DION_001,1946,-0.6743779715283356,SIMULATED,NORMAL
2026-06-17T18:14:30.500176+00:00,DION_001,1947,-0.7779446179895662,SIMULATED,NORMAL
2026-06-17T18:14:30.510579+00:00,DION_001,1948,-0.570039550977619,SIMULATED,NORMAL
2026-06-17T18:14:30.521179+00:00,DION_001,1949,-0.8012036215662794,SIMULATED,NORMAL
2026-06-17T18:14:30.531720+00:00,DION_001,1950,-0.7760746201284171,SIMULATED,NORMAL
2026-06-17T18:14:30.542209+00:00,DION_001,1951,-1.0972153361565022,SIMULATED,NORMAL
2026-06-17T18:14:30.552802+00:00,DION_001,1952,-1.0514173424185933,SIMULATED,NORMAL
2026-06-17T18:14:30.563238+00:00,DION_001,1953,-1.1933926459729243,SIMULATED,NORMAL
2026-06-17T18:14:30.573799+00:00,DION_001,1954,-0.7268835150278885,SIMULATED,NORMAL
2026-06-17T18:14:30.584472+00:00,DION_001,1955,-0.8737318659114226,SIMULATED,NORMAL
2026-06-17T18:14:30.594961+00:00,DION_001,1956,-1.2051614036898375,SIMULATED,NORMAL
2026-06-17T18:14:30.605386+00:00,DION_001,1957,-1.268783626879384,SIMULATED,NORMAL
2026-06-17T18:14:30.615826+00:00,DION_001,1958,1.7777122320682828,SIMULATED,NORMAL
2026-06-17T18:14:30.626450+00:00,DION_001,1959,-1.042824975875382,SIMULATED,NORMAL
2026-06-17T18:14:30.636922+00:00,DION_001,1960,-1.1329374292920629,SIMULATED,NORMAL
2026-06-17T18:14:30.647386+00:00,DION_001,1961,-0.7252753522218602,SIMULATED,NORMAL
2026-06-17T18:14:30.657939+00:00,DION_001,1962,-1.0612158293167964,SIMULATED,NORMAL
2026-06-17T18:14:30.668455+00:00,DION_001,1963,-0.8192742937620179,SIMULATED,NORMAL
2026-06-17T18:14:30.679090+00:00,DION_001,1964,-0.9557690837039227,SIMULATED,NORMAL
2026-06-17T18:14:30.689532+00:00,DION_001,1965,-1.2297003546688685,SIMULATED,NORMAL
2026-06-17T18:14:30.700166+00:00,DION_001,1966,-1.2782643995376035,SIMULATED,NORMAL
2026-06-17T18:14:30.710596+00:00,DION_001,1967,-1.0445729281440792,SIMULATED,NORMAL
2026-06-17T18:14:30.721127+00:00,DION_001,1968,-1.036294440296425,SIMULATED,NORMAL
2026-06-17T18:14:30.731903+00:00,DION_001,1969,-0.9353825754584574,SIMULATED,NORMAL
2026-06-17T18:14:30.742303+00:00,DION_001,1970,-0.7889088538173263,SIMULATED,NORMAL
2026-06-17T18:14:30.752946+00:00,DION_001,1971,-0.8929876997896273,SIMULATED,NORMAL
2026-06-17T18:14:30.763299+00:00,DION_001,1972,-0.911082529212605,SIMULATED,NORMAL
2026-06-17T18:14:30.773669+00:00,DION_001,1973,-0.806871993597918,SIMULATED,NORMAL
2026-06-17T18:14:30.784288+00:00,DION_001,1974,-1.106584136315181,SIMULATED,NORMAL
2026-06-17T18:14:30.795073+00:00,DION_001,1975,-0.6335032802346289,SIMULATED,NORMAL
2026-06-17T18:14:30.805753+00:00,DION_001,1976,-0.7648009298580917,SIMULATED,NORMAL
2026-06-17T18:14:30.816472+00:00,DION_001,1977,-0.9365858012174526,SIMULATED,NORMAL
2026-06-17T18:14:30.827199+00:00,DION_001,1978,-0.8709923475486947,SIMULATED,NORMAL
2026-06-17T18:14:30.837928+00:00,DION_001,1979,-0.784245625270233,SIMULATED,NORMAL
2026-06-17T18:14:30.848532+00:00,DION_001,1980,-0.9408888454824853,SIMULATED,NORMAL
2026-06-17T18:14:30.859248+00:00,DION_001,1981,-0.7752775865860556,SIMULATED,NORMAL
2026-06-17T18:14:30.869822+00:00,DION_001,1982,-0.8722779428804164,SIMULATED,NORMAL
2026-06-17T18:14:30.880367+00:00,DION_001,1983,-0.9188008914947002,SIMULATED,NORMAL
2026-06-17T18:14:30.891024+00:00,DION_001,1984,-0.5924079319091313,SIMULATED,NORMAL
2026-06-17T18:14:30.901619+00:00,DION_001,1985,-0.23759398580509128,SIMULATED,NORMAL
2026-06-17T18:14:30.912356+00:00,DION_001,1986,-1.0059081524256652,SIMULATED,NORMAL
2026-06-17T18:14:30.922954+00:00,DION_001,1987,-0.5970199823253636,SIMULATED,NORMAL
2026-06-17T18:14:30.933546+00:00,DION_001,1988,-0.5461157726280508,SIMULATED,NORMAL
2026-06-17T18:14:30.944202+00:00,DION_001,1989,-0.4638550415094002,SIMULATED,NORMAL
2026-06-17T18:14:30.954799+00:00,DION_001,1990,-0.6086680952931831,SIMULATED,NORMAL
2026-06-17T18:14:30.965504+00:00,DION_001,1991,-0.5809266160092004,SIMULATED,NORMAL
2026-06-17T18:14:30.976108+00:00,DION_001,1992,-0.725089146640949,SIMULATED,NORMAL
2026-06-17T18:14:30.986699+00:00,DION_001,1993,-0.48847400321004886,SIMULATED,NORMAL
2026-06-17T18:14:30.997161+00:00,DION_001,1994,-0.5058209178575724,SIMULATED,NORMAL
2026-06-17T18:14:31.007908+00:00,DION_001,1995,-0.520253761185399,SIMULATED,NORMAL
2026-06-17T18:14:31.018470+00:00,DION_001,1996,-0.3608345247227193,SIMULATED,NORMAL
2026-06-17T18:14:31.029048+00:00,DION_001,1997,-0.5347683872128827,SIMULATED,NORMAL
2026-06-17T18:14:31.039731+00:00,DION_001,1998,-0.4230474470270933,SIMULATED,NORMAL
2026-06-17T18:14:31.050292+00:00,DION_001,1999,-0.42319119788839293,SIMULATED,NORMAL
2026-06-17T18:14:31.061081+00:00,DION_001,2000,-0.34546854632973223,SIMULATED,NORMAL
2026-06-17T18:14:31.071710+00:00,DION_001,2001,-0.49215750341159487,SIMULATED,NORMAL
2026-06-17T18:14:31.082422+00:00,DION_001,2002,-0.38998747133278716,SIMULATED,NORMAL
2026-06-17T18:14:31.092997+00:00,DION_001,2003,-0.445134415011741,SIMULATED,NORMAL
2026-06-17T18:14:31.103584+00:00,DION_001,2004,-0.3759946457700337,SIMULATED,NORMAL
2026-06-17T18:14:31.114303+00:00,DION_001,2005,-0.4915796691815469,SIMULATED,NORMAL
2026-06-17T18:14:31.124852+00:00,DION_001,2006,-0.02824573527559715,SIMULATED,NORMAL
2026-06-17T18:14:31.135666+00:00,DION_001,2007,-0.44078196200849334,SIMULATED,NORMAL
2026-06-17T18:14:31.146311+00:00,DION_001,2008,-0.6262981027880423,SIMULATED,NORMAL
2026-06-17T18:14:31.156925+00:00,DION_001,2009,-0.45650981762860693,SIMULATED,NORMAL
2026-06-17T18:14:31.167655+00:00,DION_001,2010,-0.3360907006250512,SIMULATED,NORMAL
2026-06-17T18:14:31.178283+00:00,DION_001,2011,-0.6310724716020281,SIMULATED,NORMAL
2026-06-17T18:14:31.188889+00:00,DION_001,2012,-0.6159523516163846,SIMULATED,NORMAL
2026-06-17T18:14:31.199559+00:00,DION_001,2013,-0.5366821257503713,SIMULATED,NORMAL
2026-06-17T18:14:31.210200+00:00,DION_001,2014,-0.5273692339694281,SIMULATED,NORMAL
2026-06-17T18:14:31.220829+00:00,DION_001,2015,-0.6477603779984081,SIMULATED,NORMAL
2026-06-17T18:14:31.231602+00:00,DION_001,2016,-0.5930526753258637,SIMULATED,NORMAL
2026-06-17T18:14:31.242303+00:00,DION_001,2017,-0.6702569501575635,SIMULATED,NORMAL
2026-06-17T18:14:31.252913+00:00,DION_001,2018,-0.7299341905184896,SIMULATED,NORMAL
2026-06-17T18:14:31.263483+00:00,DION_001,2019,-0.7547314188874376,SIMULATED,NORMAL
2026-06-17T18:14:31.274062+00:00,DION_001,2020,-0.7751353621054939,SIMULATED,NORMAL
2026-06-17T18:14:31.285064+00:00,DION_001,2021,-1.0520001538556507,SIMULATED,NORMAL
2026-06-17T18:14:31.295616+00:00,DION_001,2022,-0.8931551881672692,SIMULATED,NORMAL
2026-06-17T18:14:31.306140+00:00,DION_001,2023,-0.9573017074006647,SIMULATED,NORMAL
2026-06-17T18:14:31.316729+00:00,DION_001,2024,-0.8124853118082107,SIMULATED,NORMAL
2026-06-17T18:14:31.327113+00:00,DION_001,2025,-0.6875665998833185,SIMULATED,NORMAL
2026-06-17T18:14:31.337563+00:00,DION_001,2026,-0.8349712736312362,SIMULATED,NORMAL
2026-06-17T18:14:31.348000+00:00,DION_001,2027,-0.9562055190377245,SIMULATED,NORMAL
2026-06-17T18:14:31.358443+00:00,DION_001,2028,-0.8394129013034153,SIMULATED,NORMAL
2026-06-17T18:14:31.368755+00:00,DION_001,2029,-1.2309131506904663,SIMULATED,NORMAL
2026-06-17T18:14:31.379235+00:00,DION_001,2030,-0.9865011628341142,SIMULATED,NORMAL
2026-06-17T18:14:31.389682+00:00,DION_001,2031,-1.0032217514311341,SIMULATED,NORMAL
2026-06-17T18:14:31.400226+00:00,DION_001,2032,-1.083516920236834,SIMULATED,NORMAL
2026-06-17T18:14:31.410646+00:00,DION_001,2033,-1.1209234135346278,SIMULATED,NORMAL
2026-06-17T18:14:31.421392+00:00,DION_001,2034,-1.2695049628693504,SIMULATED,NORMAL
2026-06-17T18:14:31.431933+00:00,DION_001,2035,-1.081636106742307,SIMULATED,NORMAL
2026-06-17T18:14:31.442483+00:00,DION_001,2036,-0.8843941084318067,SIMULATED,NORMAL
2026-06-17T18:14:31.453234+00:00,DION_001,2037,-0.9249558568601252,SIMULATED,NORMAL
2026-06-17T18:14:31.463681+00:00,DION_001,2038,-1.354406364448399,SIMULATED,NORMAL
2026-06-17T18:14:31.474097+00:00,DION_001,2039,-0.8373020525734702,SIMULATED,NORMAL
2026-06-17T18:14:31.484624+00:00,DION_001,2040,-0.9908216358278555,SIMULATED,NORMAL
2026-06-17T18:14:31.494966+00:00,DION_001,2041,-1.1119129548678959,SIMULATED,NORMAL
2026-06-17T18:14:31.505371+00:00,DION_001,2042,-1.279197995966003,SIMULATED,NORMAL
2026-06-17T18:14:31.515757+00:00,DION_001,2043,-0.867509443044671,SIMULATED,NORMAL
2026-06-17T18:14:31.526160+00:00,DION_001,2044,-0.9636166935772755,SIMULATED,NORMAL
2026-06-17T18:14:31.536777+00:00,DION_001,2045,-0.8393570752022598,SIMULATED,NORMAL
2026-06-17T18:14:31.547155+00:00,DION_001,2046,-0.8853697344659729,SIMULATED,NORMAL
2026-06-17T18:14:31.557550+00:00,DION_001,2047,-0.5581787531531904,SIMULATED,NORMAL
2026-06-17T18:14:31.568191+00:00,DION_001,2048,-1.008032351139243,SIMULATED,NORMAL
2026-06-17T18:14:31.578541+00:00,DION_001,2049,-0.7378315289254951,SIMULATED,NORMAL
2026-06-17T18:14:31.588990+00:00,DION_001,2050,-0.5081298978792351,SIMULATED,NORMAL
2026-06-17T18:14:31.599441+00:00,DION_001,2051,-0.5669619939583985,SIMULATED,NORMAL
2026-06-17T18:14:31.609800+00:00,DION_001,2052,-0.6194736136835921,SIMULATED,NORMAL
2026-06-17T18:14:31.620452+00:00,DION_001,2053,-0.44488833307441034,SIMULATED,NORMAL
2026-06-17T18:14:31.631232+00:00,DION_001,2054,-0.6738679149646104,SIMULATED,NORMAL
2026-06-17T18:14:31.641759+00:00,DION_001,2055,-0.6322148078365137,SIMULATED,NORMAL
2026-06-17T18:14:31.652422+00:00,DION_001,2056,-0.40568136728411014,SIMULATED,NORMAL
2026-06-17T18:14:31.662828+00:00,DION_001,2057,-0.5874720195936177,SIMULATED,NORMAL
2026-06-17T18:14:31.673311+00:00,DION_001,2058,-0.6022283122764494,SIMULATED,NORMAL
2026-06-17T18:14:31.684067+00:00,DION_001,2059,-0.2899770905578593,SIMULATED,NORMAL
2026-06-17T18:14:31.694496+00:00,DION_001,2060,-0.03817558211677685,SIMULATED,NORMAL
2026-06-17T18:14:31.704840+00:00,DION_001,2061,-0.05680294913633763,SIMULATED,NORMAL
2026-06-17T18:14:31.715402+00:00,DION_001,2062,-0.26822798310890467,SIMULATED,NORMAL
2026-06-17T18:14:31.725808+00:00,DION_001,2063,-0.005440051924150868,SIMULATED,NORMAL
2026-06-17T18:14:31.736334+00:00,DION_001,2064,-0.11870083960497774,SIMULATED,NORMAL
2026-06-17T18:14:31.746739+00:00,DION_001,2065,0.1387781202488188,SIMULATED,NORMAL
2026-06-17T18:14:31.757486+00:00,DION_001,2066,0.0513307268670334,SIMULATED,NORMAL
2026-06-17T18:14:31.768156+00:00,DION_001,2067,-0.1413194582919573,SIMULATED,NORMAL
2026-06-17T18:14:31.778625+00:00,DION_001,2068,0.12717135213815273,SIMULATED,NORMAL
2026-06-17T18:14:31.789053+00:00,DION_001,2069,0.38033347230695147,SIMULATED,NORMAL
2026-06-17T18:14:31.799496+00:00,DION_001,2070,-0.29603265522455025,SIMULATED,NORMAL
2026-06-17T18:14:31.809855+00:00,DION_001,2071,0.22764380176535037,SIMULATED,NORMAL
2026-06-17T18:14:31.820372+00:00,DION_001,2072,0.05746413235235885,SIMULATED,NORMAL
2026-06-17T18:14:31.830743+00:00,DION_001,2073,0.27603136113006876,SIMULATED,NORMAL
2026-06-17T18:14:31.841202+00:00,DION_001,2074,0.43973342518212494,SIMULATED,NORMAL
2026-06-17T18:14:31.851921+00:00,DION_001,2075,0.07794148775880269,SIMULATED,NORMAL
2026-06-17T18:14:31.862383+00:00,DION_001,2076,0.21769177114732696,SIMULATED,NORMAL
2026-06-17T18:14:31.872856+00:00,DION_001,2077,0.16316607355944707,SIMULATED,NORMAL
2026-06-17T18:14:31.883399+00:00,DION_001,2078,0.145614012954008,SIMULATED,NORMAL
2026-06-17T18:14:31.893784+00:00,DION_001,2079,0.18902693111479457,SIMULATED,NORMAL
2026-06-17T18:14:31.904253+00:00,DION_001,2080,0.2944880958624584,SIMULATED,NORMAL
2026-06-17T18:14:31.914701+00:00,DION_001,2081,0.2585624496344705,SIMULATED,NORMAL
2026-06-17T18:14:31.925369+00:00,DION_001,2082,0.18585608888670369,SIMULATED,NORMAL
2026-06-17T18:14:31.936337+00:00,DION_001,2083,0.3614388925808932,SIMULATED,NORMAL
2026-06-17T18:14:31.946838+00:00,DION_001,2084,0.33251452536822323,SIMULATED,NORMAL
2026-06-17T18:14:31.957234+00:00,DION_001,2085,0.5882912832955085,SIMULATED,NORMAL
2026-06-17T18:14:31.967702+00:00,DION_001,2086,0.4439634915952652,SIMULATED,NORMAL
2026-06-17T18:14:31.978058+00:00,DION_001,2087,0.39314755374086263,SIMULATED,NORMAL
2026-06-17T18:14:31.988467+00:00,DION_001,2088,0.3875239478658976,SIMULATED,NORMAL
2026-06-17T18:14:31.999113+00:00,DION_001,2089,0.16698683519698573,SIMULATED,NORMAL
2026-06-17T18:14:32.009801+00:00,DION_001,2090,0.26071843413132,SIMULATED,NORMAL
2026-06-17T18:14:32.020436+00:00,DION_001,2091,0.24675657004828705,SIMULATED,NORMAL
2026-06-17T18:14:32.030988+00:00,DION_001,2092,0.14996865889072822,SIMULATED,NORMAL
2026-06-17T18:14:32.041524+00:00,DION_001,2093,0.09591402778872977,SIMULATED,NORMAL
2026-06-17T18:14:32.052088+00:00,DION_001,2094,0.1516325720342068,SIMULATED,NORMAL
2026-06-17T18:14:32.062482+00:00,DION_001,2095,0.0899326095069142,SIMULATED,NORMAL
2026-06-17T18:14:32.072950+00:00,DION_001,2096,-0.08496960768874849,SIMULATED,NORMAL
2026-06-17T18:14:32.083520+00:00,DION_001,2097,0.22214409985886513,SIMULATED,NORMAL
2026-06-17T18:14:32.094112+00:00,DION_001,2098,-1.7802099549740917,SIMULATED,NORMAL
2026-06-17T18:14:32.104901+00:00,DION_001,2099,0.09852210210998616,SIMULATED,NORMAL
2026-06-17T18:14:32.115581+00:00,DION_001,2100,-0.020352676136384945,SIMULATED,NORMAL
2026-06-17T18:14:32.126109+00:00,DION_001,2101,-1.821636091805989,SIMULATED,NORMAL
2026-06-17T18:14:32.136838+00:00,DION_001,2102,0.03935112168425811,SIMULATED,NORMAL
2026-06-17T18:14:32.147595+00:00,DION_001,2103,0.22809313911374354,SIMULATED,NORMAL
2026-06-17T18:14:32.158211+00:00,DION_001,2104,-0.2847816009519061,SIMULATED,NORMAL
2026-06-17T18:14:32.168810+00:00,DION_001,2105,-0.04981071728158809,SIMULATED,NORMAL
2026-06-17T18:14:32.179501+00:00,DION_001,2106,0.15985321608780156,SIMULATED,NORMAL
2026-06-17T18:14:32.190038+00:00,DION_001,2107,-0.11211497828471058,SIMULATED,NORMAL
2026-06-17T18:14:32.200642+00:00,DION_001,2108,-0.35010746028707385,SIMULATED,NORMAL
2026-06-17T18:14:32.211233+00:00,DION_001,2109,-0.10233124154041379,SIMULATED,NORMAL
2026-06-17T18:14:32.221845+00:00,DION_001,2110,0.17115722061868172,SIMULATED,NORMAL
2026-06-17T18:14:32.232758+00:00,DION_001,2111,0.11252487864101726,SIMULATED,NORMAL
2026-06-17T18:14:32.243409+00:00,DION_001,2112,0.016282262754669846,SIMULATED,NORMAL
2026-06-17T18:14:32.253909+00:00,DION_001,2113,-0.035378524640523656,SIMULATED,NORMAL
2026-06-17T18:14:32.264482+00:00,DION_001,2114,-0.12077951396856153,SIMULATED,NORMAL
2026-06-17T18:14:32.275237+00:00,DION_001,2115,-0.19608267122133544,SIMULATED,NORMAL
2026-06-17T18:14:32.285830+00:00,DION_001,2116,-0.08171087621032312,SIMULATED,NORMAL
2026-06-17T18:14:32.296392+00:00,DION_001,2117,0.07402290175066159,SIMULATED,NORMAL
2026-06-17T18:14:32.306959+00:00,DION_001,2118,0.10420214661684993,SIMULATED,NORMAL
2026-06-17T18:14:32.317562+00:00,DION_001,2119,0.14076228201498783,SIMULATED,NORMAL
2026-06-17T18:14:32.328153+00:00,DION_001,2120,0.0037123315994885197,SIMULATED,NORMAL
2026-06-17T18:14:32.338787+00:00,DION_001,2121,-0.17068020658014763,SIMULATED,NORMAL
2026-06-17T18:14:32.349471+00:00,DION_001,2122,-0.05600177731051577,SIMULATED,NORMAL
2026-06-17T18:14:32.360039+00:00,DION_001,2123,-1.621938528479569,SIMULATED,NORMAL
2026-06-17T18:14:32.370851+00:00,DION_001,2124,0.1739276854469663,SIMULATED,NORMAL
2026-06-17T18:14:32.381287+00:00,DION_001,2125,0.08722760010596825,SIMULATED,NORMAL
2026-06-17T18:14:32.391851+00:00,DION_001,2126,0.2002458195452289,SIMULATED,NORMAL
2026-06-17T18:14:32.402362+00:00,DION_001,2127,0.10805835881132743,SIMULATED,NORMAL
2026-06-17T18:14:32.412763+00:00,DION_001,2128,0.543560858589919,SIMULATED,NORMAL
2026-06-17T18:14:32.425599+00:00,DION_001,2129,0.3732931827651458,SIMULATED,NORMAL
2026-06-17T18:14:32.436018+00:00,DION_001,2130,0.25125558835525696,SIMULATED,NORMAL
2026-06-17T18:14:32.446386+00:00,DION_001,2131,0.1869011519950045,SIMULATED,NORMAL
2026-06-17T18:14:32.456962+00:00,DION_001,2132,0.6022860174441721,SIMULATED,NORMAL
2026-06-17T18:14:32.467295+00:00,DION_001,2133,0.38147139853501305,SIMULATED,NORMAL
2026-06-17T18:14:32.477563+00:00,DION_001,2134,0.5400623332312088,SIMULATED,NORMAL
2026-06-17T18:14:32.487918+00:00,DION_001,2135,0.6078677188253764,SIMULATED,NORMAL
2026-06-17T18:14:32.498430+00:00,DION_001,2136,0.6116007416855107,SIMULATED,NORMAL
2026-06-17T18:14:32.508860+00:00,DION_001,2137,0.532309754777317,SIMULATED,NORMAL
2026-06-17T18:14:32.519390+00:00,DION_001,2138,0.6833792117529242,SIMULATED,NORMAL
2026-06-17T18:14:32.529898+00:00,DION_001,2139,0.8977434056047618,SIMULATED,NORMAL
2026-06-17T18:14:32.540400+00:00,DION_001,2140,1.0459347387498923,SIMULATED,NORMAL
2026-06-17T18:14:32.551018+00:00,DION_001,2141,0.9015468525418358,SIMULATED,NORMAL
2026-06-17T18:14:32.561536+00:00,DION_001,2142,0.8146848168281079,SIMULATED,NORMAL
2026-06-17T18:14:32.572126+00:00,DION_001,2143,0.6396850356143402,SIMULATED,NORMAL
2026-06-17T18:14:32.582707+00:00,DION_001,2144,0.7986506370175773,SIMULATED,NORMAL
2026-06-17T18:14:32.593446+00:00,DION_001,2145,0.6321205831637545,SIMULATED,NORMAL
2026-06-17T18:14:32.603956+00:00,DION_001,2146,1.1367124152170383,SIMULATED,NORMAL
2026-06-17T18:14:32.614496+00:00,DION_001,2147,0.9858529876116552,SIMULATED,NORMAL
2026-06-17T18:14:32.625165+00:00,DION_001,2148,0.8519656296055401,SIMULATED,NORMAL
2026-06-17T18:14:32.635698+00:00,DION_001,2149,1.002748971662354,SIMULATED,NORMAL
2026-06-17T18:14:32.646195+00:00,DION_001,2150,0.9595677828929398,SIMULATED,NORMAL
2026-06-17T18:14:32.656733+00:00,DION_001,2151,1.4626405618308025,SIMULATED,NORMAL
2026-06-17T18:14:32.667371+00:00,DION_001,2152,1.0597661215795737,SIMULATED,NORMAL
2026-06-17T18:14:32.677970+00:00,DION_001,2153,1.312895403969217,SIMULATED,NORMAL
2026-06-17T18:14:32.688631+00:00,DION_001,2154,1.4266479696907093,SIMULATED,NORMAL
2026-06-17T18:14:32.699337+00:00,DION_001,2155,1.128781787843403,SIMULATED,NORMAL
2026-06-17T18:14:32.709884+00:00,DION_001,2156,1.1475736675728831,SIMULATED,NORMAL
2026-06-17T18:14:32.720490+00:00,DION_001,2157,0.89171094661398,SIMULATED,NORMAL
2026-06-17T18:14:32.731166+00:00,DION_001,2158,1.1185653258971702,SIMULATED,NORMAL
2026-06-17T18:14:32.741760+00:00,DION_001,2159,1.0815296803388361,SIMULATED,NORMAL
2026-06-17T18:14:32.752421+00:00,DION_001,2160,1.0588451907089427,SIMULATED,NORMAL
2026-06-17T18:14:32.763101+00:00,DION_001,2161,1.216811848601059,SIMULATED,NORMAL
2026-06-17T18:14:32.773604+00:00,DION_001,2162,1.04024104354263,SIMULATED,NORMAL
2026-06-17T18:14:32.784195+00:00,DION_001,2163,1.2802513668028608,SIMULATED,NORMAL
2026-06-17T18:14:32.794849+00:00,DION_001,2164,0.9535553088719981,SIMULATED,NORMAL
2026-06-17T18:14:32.805489+00:00,DION_001,2165,0.9699096977306269,SIMULATED,NORMAL
2026-06-17T18:14:32.816098+00:00,DION_001,2166,1.2800400688534994,SIMULATED,NORMAL
2026-06-17T18:14:32.826724+00:00,DION_001,2167,1.256243494890397,SIMULATED,NORMAL
2026-06-17T18:14:32.837379+00:00,DION_001,2168,0.7816360109104926,SIMULATED,NORMAL
2026-06-17T18:14:32.848048+00:00,DION_001,2169,1.296922413469349,SIMULATED,NORMAL
2026-06-17T18:14:32.858590+00:00,DION_001,2170,0.984947091063089,SIMULATED,NORMAL
2026-06-17T18:14:32.869230+00:00,DION_001,2171,0.8573160257086654,SIMULATED,NORMAL
2026-06-17T18:14:32.879882+00:00,DION_001,2172,0.9784348252775311,SIMULATED,NORMAL
2026-06-17T18:14:32.890428+00:00,DION_001,2173,0.9324067549754952,SIMULATED,NORMAL
2026-06-17T18:14:32.901021+00:00,DION_001,2174,0.6747738067202514,SIMULATED,NORMAL
2026-06-17T18:14:32.911633+00:00,DION_001,2175,0.7743715177856605,SIMULATED,NORMAL
2026-06-17T18:14:32.922282+00:00,DION_001,2176,1.0672776797514258,SIMULATED,NORMAL
2026-06-17T18:14:32.932846+00:00,DION_001,2177,0.5878427358194867,SIMULATED,NORMAL
2026-06-17T18:14:32.943446+00:00,DION_001,2178,0.9763168535328176,SIMULATED,NORMAL
2026-06-17T18:14:32.953997+00:00,DION_001,2179,0.7236955698134228,SIMULATED,NORMAL
2026-06-17T18:14:32.964618+00:00,DION_001,2180,0.4189012571641799,SIMULATED,NORMAL
2026-06-17T18:14:32.975139+00:00,DION_001,2181,0.3239612210700564,SIMULATED,NORMAL
2026-06-17T18:14:32.985777+00:00,DION_001,2182,0.8156671174556914,SIMULATED,NORMAL
2026-06-17T18:14:32.996343+00:00,DION_001,2183,0.49468627674991966,SIMULATED,NORMAL
2026-06-17T18:14:33.007040+00:00,DION_001,2184,0.39417549968853394,SIMULATED,NORMAL
2026-06-17T18:14:33.017649+00:00,DION_001,2185,0.6825375041281623,SIMULATED,NORMAL
2026-06-17T18:14:33.028182+00:00,DION_001,2186,0.29994874852526776,SIMULATED,NORMAL
2026-06-17T18:14:33.038805+00:00,DION_001,2187,0.49002096599362255,SIMULATED,NORMAL
2026-06-17T18:14:33.049639+00:00,DION_001,2188,0.3776556148927788,SIMULATED,NORMAL
2026-06-17T18:14:33.060143+00:00,DION_001,2189,0.7215363126065603,SIMULATED,NORMAL
2026-06-17T18:14:33.070782+00:00,DION_001,2190,0.46275295557248275,SIMULATED,NORMAL
2026-06-17T18:14:33.081277+00:00,DION_001,2191,0.4436842694152006,SIMULATED,NORMAL
2026-06-17T18:14:33.091879+00:00,DION_001,2192,0.4038122491987611,SIMULATED,NORMAL
2026-06-17T18:14:33.102463+00:00,DION_001,2193,0.3206714727753797,SIMULATED,NORMAL
2026-06-17T18:14:33.112938+00:00,DION_001,2194,0.4901203030205117,SIMULATED,NORMAL
2026-06-17T18:14:33.123857+00:00,DION_001,2195,0.5412992435176553,SIMULATED,NORMAL
2026-06-17T18:14:33.134496+00:00,DION_001,2196,0.13586084869337908,SIMULATED,NORMAL
2026-06-17T18:14:33.145088+00:00,DION_001,2197,0.4047745990787207,SIMULATED,NORMAL
2026-06-17T18:14:33.155798+00:00,DION_001,2198,0.47098474585532196,SIMULATED,NORMAL
2026-06-17T18:14:33.166484+00:00,DION_001,2199,0.19415714865079275,SIMULATED,NORMAL
2026-06-17T18:14:33.177081+00:00,DION_001,2200,0.3960963316869865,SIMULATED,NORMAL
2026-06-17T18:14:33.187657+00:00,DION_001,2201,0.6035829401590229,SIMULATED,NORMAL
2026-06-17T18:14:33.198396+00:00,DION_001,2202,0.10915313295337914,SIMULATED,NORMAL
2026-06-17T18:14:33.208876+00:00,DION_001,2203,0.3339166884063268,SIMULATED,NORMAL
2026-06-17T18:14:33.219474+00:00,DION_001,2204,0.6779697653239445,SIMULATED,NORMAL
2026-06-17T18:14:33.230134+00:00,DION_001,2205,0.21923413180630744,SIMULATED,NORMAL
2026-06-17T18:14:33.240769+00:00,DION_001,2206,0.5718055240334763,SIMULATED,NORMAL
2026-06-17T18:14:33.251353+00:00,DION_001,2207,0.5095478505962191,SIMULATED,NORMAL
2026-06-17T18:14:33.261897+00:00,DION_001,2208,0.6627625713439279,SIMULATED,NORMAL
2026-06-17T18:14:33.272518+00:00,DION_001,2209,0.22945283631868224,SIMULATED,NORMAL
2026-06-17T18:14:33.283484+00:00,DION_001,2210,0.7727230602868534,SIMULATED,NORMAL
2026-06-17T18:14:33.294559+00:00,DION_001,2211,0.5863880589918882,SIMULATED,NORMAL
2026-06-17T18:14:33.305166+00:00,DION_001,2212,0.6845370645103146,SIMULATED,NORMAL
2026-06-17T18:14:33.315926+00:00,DION_001,2213,0.6291611212190472,SIMULATED,NORMAL
2026-06-17T18:14:33.326497+00:00,DION_001,2214,0.7696818669785519,SIMULATED,NORMAL
2026-06-17T18:14:33.337177+00:00,DION_001,2215,0.6479144381660735,SIMULATED,NORMAL
2026-06-17T18:14:33.347710+00:00,DION_001,2216,0.7707606528943376,SIMULATED,NORMAL
2026-06-17T18:14:33.358291+00:00,DION_001,2217,0.6396716243671775,SIMULATED,NORMAL
2026-06-17T18:14:33.369071+00:00,DION_001,2218,0.9121270431417723,SIMULATED,NORMAL
2026-06-17T18:14:33.379667+00:00,DION_001,2219,0.8407162587633922,SIMULATED,NORMAL
2026-06-17T18:14:33.390229+00:00,DION_001,2220,0.7852441316607377,SIMULATED,NORMAL
2026-06-17T18:14:33.400788+00:00,DION_001,2221,0.726552948913679,SIMULATED,NORMAL
2026-06-17T18:14:33.411248+00:00,DION_001,2222,0.9554373997386533,SIMULATED,NORMAL
2026-06-17T18:14:33.421788+00:00,DION_001,2223,0.5445233334798634,SIMULATED,NORMAL
2026-06-17T18:14:33.432381+00:00,DION_001,2224,0.7991760494798374,SIMULATED,NORMAL
2026-06-17T18:14:33.443466+00:00,DION_001,2225,0.7719749613229578,SIMULATED,NORMAL
2026-06-17T18:14:33.454113+00:00,DION_001,2226,0.7864093989187977,SIMULATED,NORMAL
2026-06-17T18:14:33.465272+00:00,DION_001,2227,0.7950198586857954,SIMULATED,NORMAL
2026-06-17T18:14:33.475780+00:00,DION_001,2228,0.9370702938721369,SIMULATED,NORMAL
2026-06-17T18:14:33.486394+00:00,DION_001,2229,0.9856334206547835,SIMULATED,NORMAL
2026-06-17T18:14:33.496929+00:00,DION_001,2230,1.0411180995284848,SIMULATED,NORMAL
2026-06-17T18:14:33.507458+00:00,DION_001,2231,0.9234852537190824,SIMULATED,NORMAL
2026-06-17T18:14:33.517823+00:00,DION_001,2232,2.986623231052288,SIMULATED,EVENT_DETECTED
2026-06-17T18:14:33.528489+00:00,DION_001,2233,0.9100924494810925,SIMULATED,NORMAL
2026-06-17T18:14:33.538987+00:00,DION_001,2234,1.1693146349911603,SIMULATED,NORMAL
2026-06-17T18:14:33.549560+00:00,DION_001,2235,0.9783620253274588,SIMULATED,NORMAL
2026-06-17T18:14:33.559902+00:00,DION_001,2236,0.844682600146994,SIMULATED,NORMAL
2026-06-17T18:14:33.570334+00:00,DION_001,2237,0.8483688776111731,SIMULATED,NORMAL
2026-06-17T18:14:33.580604+00:00,DION_001,2238,0.9550923087354971,SIMULATED,NORMAL
2026-06-17T18:14:33.591425+00:00,DION_001,2239,0.8257815874650747,SIMULATED,NORMAL
2026-06-17T18:14:33.601865+00:00,DION_001,2240,0.9435064540192136,SIMULATED,NORMAL
2026-06-17T18:14:33.612306+00:00,DION_001,2241,0.824851184825533,SIMULATED,NORMAL
2026-06-17T18:14:33.622820+00:00,DION_001,2242,0.7026975197490447,SIMULATED,NORMAL
2026-06-17T18:14:33.633244+00:00,DION_001,2243,0.5560029700680165,SIMULATED,NORMAL
2026-06-17T18:14:33.643743+00:00,DION_001,2244,0.6675116583744879,SIMULATED,NORMAL
2026-06-17T18:14:33.654255+00:00,DION_001,2245,0.5758877373991115,SIMULATED,NORMAL
2026-06-17T18:14:33.664803+00:00,DION_001,2246,0.6826203232981922,SIMULATED,NORMAL
2026-06-17T18:14:33.675322+00:00,DION_001,2247,0.588902649959422,SIMULATED,NORMAL
2026-06-17T18:14:33.685936+00:00,DION_001,2248,0.5681938579662108,SIMULATED,NORMAL
2026-06-17T18:14:33.696712+00:00,DION_001,2249,0.2845181646167728,SIMULATED,NORMAL
2026-06-17T18:14:33.707313+00:00,DION_001,2250,0.6023754179047826,SIMULATED,NORMAL
2026-06-17T18:14:33.718092+00:00,DION_001,2251,0.4882007221943136,SIMULATED,NORMAL
2026-06-17T18:14:33.728678+00:00,DION_001,2252,0.2090106699322207,SIMULATED,NORMAL
2026-06-17T18:14:33.739222+00:00,DION_001,2253,0.6306476649667712,SIMULATED,NORMAL
2026-06-17T18:14:33.750285+00:00,DION_001,2254,0.25865196112980926,SIMULATED,NORMAL
2026-06-17T18:14:33.760968+00:00,DION_001,2255,0.23716673757622433,SIMULATED,NORMAL
2026-06-17T18:14:33.771545+00:00,DION_001,2256,0.09433661086419565,SIMULATED,NORMAL
2026-06-17T18:14:33.782295+00:00,DION_001,2257,0.36296415803031057,SIMULATED,NORMAL
2026-06-17T18:14:33.792937+00:00,DION_001,2258,-0.08167847833483297,SIMULATED,NORMAL
2026-06-17T18:14:33.803543+00:00,DION_001,2259,0.378654004553166,SIMULATED,NORMAL
2026-06-17T18:14:33.814279+00:00,DION_001,2260,-0.1827744920860367,SIMULATED,NORMAL
2026-06-17T18:14:33.824918+00:00,DION_001,2261,-0.1596295822994397,SIMULATED,NORMAL
2026-06-17T18:14:33.835533+00:00,DION_001,2262,-0.30416753661553847,SIMULATED,NORMAL
2026-06-17T18:14:33.846140+00:00,DION_001,2263,-0.04845446730466017,SIMULATED,NORMAL
2026-06-17T18:14:33.856643+00:00,DION_001,2264,-0.011049452256080283,SIMULATED,NORMAL
2026-06-17T18:14:33.867195+00:00,DION_001,2265,-0.24817034473822824,SIMULATED,NORMAL
2026-06-17T18:14:33.877682+00:00,DION_001,2266,-0.49133537980184233,SIMULATED,NORMAL
2026-06-17T18:14:33.888660+00:00,DION_001,2267,-0.08871556205691505,SIMULATED,NORMAL
2026-06-17T18:14:33.899361+00:00,DION_001,2268,-0.5781823168516673,SIMULATED,NORMAL
2026-06-17T18:14:33.909960+00:00,DION_001,2269,-0.13469964763126402,SIMULATED,NORMAL
2026-06-17T18:14:33.920650+00:00,DION_001,2270,-0.40615964263466303,SIMULATED,NORMAL
2026-06-17T18:14:33.931284+00:00,DION_001,2271,-0.11526009291292058,SIMULATED,NORMAL
2026-06-17T18:14:33.942009+00:00,DION_001,2272,-0.3677590310758259,SIMULATED,NORMAL
2026-06-17T18:14:33.952618+00:00,DION_001,2273,-0.5535237845054946,SIMULATED,NORMAL
2026-06-17T18:14:33.963205+00:00,DION_001,2274,-0.08355333337312942,SIMULATED,NORMAL
2026-06-17T18:14:33.973958+00:00,DION_001,2275,-0.5778939380806638,SIMULATED,NORMAL
2026-06-17T18:14:33.984543+00:00,DION_001,2276,-0.5112911554300004,SIMULATED,NORMAL
2026-06-17T18:14:33.995671+00:00,DION_001,2277,-0.10360552313715132,SIMULATED,NORMAL
2026-06-17T18:14:34.006271+00:00,DION_001,2278,-0.23046483323315387,SIMULATED,NORMAL
2026-06-17T18:14:34.016993+00:00,DION_001,2279,-0.5928412733446118,SIMULATED,NORMAL
2026-06-17T18:14:34.027679+00:00,DION_001,2280,-0.13991057688461347,SIMULATED,NORMAL
2026-06-17T18:14:34.038185+00:00,DION_001,2281,-0.30841395026901564,SIMULATED,NORMAL
2026-06-17T18:14:34.048898+00:00,DION_001,2282,-0.3426126963003177,SIMULATED,NORMAL
2026-06-17T18:14:34.059610+00:00,DION_001,2283,-0.274223489764567,SIMULATED,NORMAL
2026-06-17T18:14:34.070293+00:00,DION_001,2284,-0.3363274101572191,SIMULATED,NORMAL
2026-06-17T18:14:34.080871+00:00,DION_001,2285,-0.3604536261759949,SIMULATED,NORMAL
2026-06-17T18:14:34.091810+00:00,DION_001,2286,-0.5191857161280191,SIMULATED,NORMAL
2026-06-17T18:14:34.102419+00:00,DION_001,2287,-0.6357105508563363,SIMULATED,NORMAL
2026-06-17T18:14:34.112947+00:00,DION_001,2288,-0.12190343136339726,SIMULATED,NORMAL
2026-06-17T18:14:34.123399+00:00,DION_001,2289,-0.31935493279692534,SIMULATED,NORMAL
2026-06-17T18:14:34.133986+00:00,DION_001,2290,-0.4608304553945862,SIMULATED,NORMAL
2026-06-17T18:14:34.144529+00:00,DION_001,2291,-0.4168436023997176,SIMULATED,NORMAL
2026-06-17T18:14:34.155201+00:00,DION_001,2292,-0.37032472200843947,SIMULATED,NORMAL
2026-06-17T18:14:34.166555+00:00,DION_001,2293,-0.06954299972393227,SIMULATED,NORMAL
2026-06-17T18:14:34.177160+00:00,DION_001,2294,-0.42721706455166136,SIMULATED,NORMAL
2026-06-17T18:14:34.187721+00:00,DION_001,2295,-0.3241685813198838,SIMULATED,NORMAL
2026-06-17T18:14:34.198465+00:00,DION_001,2296,-0.14329990696282804,SIMULATED,NORMAL
2026-06-17T18:14:34.209068+00:00,DION_001,2297,0.27002870500783094,SIMULATED,NORMAL
2026-06-17T18:14:34.219653+00:00,DION_001,2298,0.05277958205880265,SIMULATED,NORMAL
2026-06-17T18:14:34.230498+00:00,DION_001,2299,0.1799315021184348,SIMULATED,NORMAL
2026-06-17T18:14:34.241053+00:00,DION_001,2300,-0.023091882997447626,SIMULATED,NORMAL
2026-06-17T18:14:34.251735+00:00,DION_001,2301,-0.0507166390042289,SIMULATED,NORMAL
2026-06-17T18:14:34.262799+00:00,DION_001,2302,-0.2968876480792586,SIMULATED,NORMAL
2026-06-17T18:14:34.273267+00:00,DION_001,2303,-0.09775700980129895,SIMULATED,NORMAL
2026-06-17T18:14:34.283839+00:00,DION_001,2304,-0.1267108173276254,SIMULATED,NORMAL
2026-06-17T18:14:34.294433+00:00,DION_001,2305,0.0826263417405557,SIMULATED,NORMAL
2026-06-17T18:14:34.304984+00:00,DION_001,2306,0.051137086018320746,SIMULATED,NORMAL
2026-06-17T18:14:34.315746+00:00,DION_001,2307,-0.09661391454363813,SIMULATED,NORMAL
2026-06-17T18:14:34.326629+00:00,DION_001,2308,0.010969510072288476,SIMULATED,NORMAL
2026-06-17T18:14:34.337105+00:00,DION_001,2309,-0.04887327302256046,SIMULATED,NORMAL
2026-06-17T18:14:34.347726+00:00,DION_001,2310,0.025594789973037636,SIMULATED,NORMAL
2026-06-17T18:14:34.358489+00:00,DION_001,2311,0.05613567683242257,SIMULATED,NORMAL
2026-06-17T18:14:34.369133+00:00,DION_001,2312,-0.02120703848510872,SIMULATED,NORMAL
2026-06-17T18:14:34.379691+00:00,DION_001,2313,-0.06158171945626464,SIMULATED,NORMAL
2026-06-17T18:14:34.390209+00:00,DION_001,2314,-0.06669110261846876,SIMULATED,NORMAL
2026-06-17T18:14:34.401069+00:00,DION_001,2315,-0.028215447267305703,SIMULATED,NORMAL
2026-06-17T18:14:34.411710+00:00,DION_001,2316,-0.04566520031046889,SIMULATED,NORMAL
2026-06-17T18:14:34.422195+00:00,DION_001,2317,-0.21425669896877836,SIMULATED,NORMAL
2026-06-17T18:14:34.433038+00:00,DION_001,2318,-0.07582570026255558,SIMULATED,NORMAL
2026-06-17T18:14:34.443794+00:00,DION_001,2319,-0.38615503174296856,SIMULATED,NORMAL
2026-06-17T18:14:34.454318+00:00,DION_001,2320,-0.015672786441278647,SIMULATED,NORMAL
2026-06-17T18:14:34.464976+00:00,DION_001,2321,-0.3297521141930863,SIMULATED,NORMAL
2026-06-17T18:14:34.475568+00:00,DION_001,2322,-0.3322230665907102,SIMULATED,NORMAL
2026-06-17T18:14:34.486100+00:00,DION_001,2323,-0.1113850891742362,SIMULATED,NORMAL
2026-06-17T18:14:34.496657+00:00,DION_001,2324,-0.25150967307820227,SIMULATED,NORMAL
2026-06-17T18:14:34.507182+00:00,DION_001,2325,-0.32245506847550304,SIMULATED,NORMAL
2026-06-17T18:14:34.517726+00:00,DION_001,2326,-0.21505411575798036,SIMULATED,NORMAL
2026-06-17T18:14:34.528203+00:00,DION_001,2327,-0.5221043354563569,SIMULATED,NORMAL
2026-06-17T18:14:34.538989+00:00,DION_001,2328,-0.568390552426493,SIMULATED,NORMAL
2026-06-17T18:14:34.549829+00:00,DION_001,2329,-0.7949507651836313,SIMULATED,NORMAL
2026-06-17T18:14:34.560389+00:00,DION_001,2330,-0.4019029391859855,SIMULATED,NORMAL
2026-06-17T18:14:34.571142+00:00,DION_001,2331,-0.8602344631561332,SIMULATED,NORMAL
2026-06-17T18:14:34.581615+00:00,DION_001,2332,-0.7350792281003915,SIMULATED,NORMAL
2026-06-17T18:14:34.592158+00:00,DION_001,2333,-0.6955102333397641,SIMULATED,NORMAL
2026-06-17T18:14:34.602599+00:00,DION_001,2334,-0.5872246793525253,SIMULATED,NORMAL
2026-06-17T18:14:34.612928+00:00,DION_001,2335,-2.7770297435950653,SIMULATED,EVENT_DETECTED
2026-06-17T18:14:34.623391+00:00,DION_001,2336,-0.8534971077643887,SIMULATED,NORMAL
2026-06-17T18:14:34.633876+00:00,DION_001,2337,-0.9319351031754222,SIMULATED,NORMAL
2026-06-17T18:14:34.644256+00:00,DION_001,2338,-0.946229867638754,SIMULATED,NORMAL
2026-06-17T18:14:34.654603+00:00,DION_001,2339,-0.596651921261495,SIMULATED,NORMAL
2026-06-17T18:14:34.665089+00:00,DION_001,2340,-0.9548370808827412,SIMULATED,NORMAL
2026-06-17T18:14:34.675434+00:00,DION_001,2341,-0.709047320185896,SIMULATED,NORMAL
2026-06-17T18:14:34.685956+00:00,DION_001,2342,-0.864724454521643,SIMULATED,NORMAL
2026-06-17T18:14:34.696615+00:00,DION_001,2343,-1.3477757283651128,SIMULATED,NORMAL
2026-06-17T18:14:34.707161+00:00,DION_001,2344,-1.1157678137516536,SIMULATED,NORMAL
2026-06-17T18:14:34.717770+00:00,DION_001,2345,-1.1632426649867487,SIMULATED,NORMAL
2026-06-17T18:14:34.728400+00:00,DION_001,2346,-1.1746781962351676,SIMULATED,NORMAL
2026-06-17T18:14:34.739118+00:00,DION_001,2347,-1.114157353350766,SIMULATED,NORMAL
2026-06-17T18:14:34.749759+00:00,DION_001,2348,-1.1320710206815348,SIMULATED,NORMAL
2026-06-17T18:14:34.760390+00:00,DION_001,2349,-0.9589315187791015,SIMULATED,NORMAL
2026-06-17T18:14:34.771130+00:00,DION_001,2350,-1.0239595672987187,SIMULATED,NORMAL
2026-06-17T18:14:34.781725+00:00,DION_001,2351,-1.393708047649724,SIMULATED,NORMAL
2026-06-17T18:14:34.792316+00:00,DION_001,2352,-1.1291192772704879,SIMULATED,NORMAL
2026-06-17T18:14:34.802951+00:00,DION_001,2353,-0.9547683087054777,SIMULATED,NORMAL
2026-06-17T18:14:34.813528+00:00,DION_001,2354,-1.5302169608291778,SIMULATED,NORMAL
2026-06-17T18:14:34.824143+00:00,DION_001,2355,-1.1791402669597946,SIMULATED,NORMAL
2026-06-17T18:14:34.834775+00:00,DION_001,2356,-1.2500735962580467,SIMULATED,NORMAL
2026-06-17T18:14:34.845454+00:00,DION_001,2357,-0.8312920695760744,SIMULATED,NORMAL
2026-06-17T18:14:34.855992+00:00,DION_001,2358,-1.1550895401921677,SIMULATED,NORMAL
2026-06-17T18:14:34.866700+00:00,DION_001,2359,-1.1735906983615914,SIMULATED,NORMAL
2026-06-17T18:14:34.877427+00:00,DION_001,2360,-1.0944540077993126,SIMULATED,NORMAL
2026-06-17T18:14:34.888019+00:00,DION_001,2361,-0.982728035626806,SIMULATED,NORMAL
2026-06-17T18:14:34.898700+00:00,DION_001,2362,-1.1553383532946881,SIMULATED,NORMAL
2026-06-17T18:14:34.909279+00:00,DION_001,2363,-0.9873806877685849,SIMULATED,NORMAL
2026-06-17T18:14:34.919969+00:00,DION_001,2364,-1.2679368522788277,SIMULATED,NORMAL
2026-06-17T18:14:34.930601+00:00,DION_001,2365,-0.9761913512103665,SIMULATED,NORMAL
2026-06-17T18:14:34.941209+00:00,DION_001,2366,-0.8583932857163071,SIMULATED,NORMAL
2026-06-17T18:14:34.951773+00:00,DION_001,2367,-0.6591730522802324,SIMULATED,NORMAL
2026-06-17T18:14:34.962281+00:00,DION_001,2368,-0.88958955696786,SIMULATED,NORMAL
2026-06-17T18:14:34.972797+00:00,DION_001,2369,-0.8441007682045363,SIMULATED,NORMAL
2026-06-17T18:14:34.983528+00:00,DION_001,2370,-0.9099725892353416,SIMULATED,NORMAL
2026-06-17T18:14:34.994140+00:00,DION_001,2371,-0.785493726629074,SIMULATED,NORMAL
2026-06-17T18:14:35.004730+00:00,DION_001,2372,-0.5400078857023344,SIMULATED,NORMAL
2026-06-17T18:14:35.015388+00:00,DION_001,2373,-0.7240797781576129,SIMULATED,NORMAL
2026-06-17T18:14:35.025999+00:00,DION_001,2374,-0.6549764468089447,SIMULATED,NORMAL
2026-06-17T18:14:35.036696+00:00,DION_001,2375,-0.7692912799382299,SIMULATED,NORMAL
2026-06-17T18:14:35.047268+00:00,DION_001,2376,-0.7461852296681046,SIMULATED,NORMAL
2026-06-17T18:14:35.057840+00:00,DION_001,2377,-0.527000436789452,SIMULATED,NORMAL
2026-06-17T18:14:35.068425+00:00,DION_001,2378,-0.6927515928203639,SIMULATED,NORMAL
2026-06-17T18:14:35.079172+00:00,DION_001,2379,-0.6441600124731952,SIMULATED,NORMAL
2026-06-17T18:14:35.089844+00:00,DION_001,2380,-0.5721745277388312,SIMULATED,NORMAL
2026-06-17T18:14:35.100699+00:00,DION_001,2381,-0.5145662085680583,SIMULATED,NORMAL
2026-06-17T18:14:35.111341+00:00,DION_001,2382,-0.506739744628589,SIMULATED,NORMAL
2026-06-17T18:14:35.121974+00:00,DION_001,2383,-0.44596858934934,SIMULATED,NORMAL
2026-06-17T18:14:35.132710+00:00,DION_001,2384,-0.48746226550992583,SIMULATED,NORMAL
2026-06-17T18:14:35.143315+00:00,DION_001,2385,-0.5634101583829865,SIMULATED,NORMAL
2026-06-17T18:14:35.153920+00:00,DION_001,2386,-0.5275671285463749,SIMULATED,NORMAL
2026-06-17T18:14:35.164506+00:00,DION_001,2387,-0.49896513604468373,SIMULATED,NORMAL
2026-06-17T18:14:35.175228+00:00,DION_001,2388,-0.4174317701442087,SIMULATED,NORMAL
2026-06-17T18:14:35.185835+00:00,DION_001,2389,-0.23949820646340914,SIMULATED,NORMAL
2026-06-17T18:14:35.196485+00:00,DION_001,2390,-0.6290496296014296,SIMULATED,NORMAL
2026-06-17T18:14:35.207255+00:00,DION_001,2391,-0.7310853867349465,SIMULATED,NORMAL
2026-06-17T18:14:35.217792+00:00,DION_001,2392,-0.2709141947052291,SIMULATED,NORMAL
2026-06-17T18:14:35.228545+00:00,DION_001,2393,-2.1328562253203582,SIMULATED,EVENT_DETECTED
2026-06-17T18:14:35.239500+00:00,DION_001,2394,-0.45558632644783326,SIMULATED,NORMAL
2026-06-17T18:14:35.250086+00:00,DION_001,2395,-0.5242567495122797,SIMULATED,NORMAL
2026-06-17T18:14:35.260670+00:00,DION_001,2396,-0.21774815809450296,SIMULATED,NORMAL
2026-06-17T18:14:35.271144+00:00,DION_001,2397,-0.5155427943742059,SIMULATED,NORMAL
2026-06-17T18:14:35.281737+00:00,DION_001,2398,-0.29869842922432366,SIMULATED,NORMAL
2026-06-17T18:14:35.292355+00:00,DION_001,2399,-0.5894169406588741,SIMULATED,NORMAL
2026-06-17T18:14:35.303190+00:00,DION_001,2400,-0.5829557815190722,SIMULATED,NORMAL
2026-06-17T18:14:35.313751+00:00,DION_001,2401,-0.33955121106111086,SIMULATED,NORMAL
2026-06-17T18:14:35.324335+00:00,DION_001,2402,-0.42257798662233154,SIMULATED,NORMAL
2026-06-17T18:14:35.335078+00:00,DION_001,2403,-0.4145427541696463,SIMULATED,NORMAL
2026-06-17T18:14:35.345666+00:00,DION_001,2404,-0.3677220903898058,SIMULATED,NORMAL
2026-06-17T18:14:35.356235+00:00,DION_001,2405,-0.4112727320276545,SIMULATED,NORMAL
2026-06-17T18:14:35.366829+00:00,DION_001,2406,-0.6023804160360504,SIMULATED,NORMAL
2026-06-17T18:14:35.377378+00:00,DION_001,2407,-0.6195898820951059,SIMULATED,NORMAL
2026-06-17T18:14:35.387949+00:00,DION_001,2408,-0.5719930812827131,SIMULATED,NORMAL
2026-06-17T18:14:35.398684+00:00,DION_001,2409,-0.6233262249627177,SIMULATED,NORMAL
2026-06-17T18:14:35.409333+00:00,DION_001,2410,-0.7859266482887084,SIMULATED,NORMAL
2026-06-17T18:14:35.419929+00:00,DION_001,2411,-0.4756641160175077,SIMULATED,NORMAL
2026-06-17T18:14:35.430424+00:00,DION_001,2412,-0.5226175281931095,SIMULATED,NORMAL
2026-06-17T18:14:35.441033+00:00,DION_001,2413,-0.6934094381541265,SIMULATED,NORMAL
2026-06-17T18:14:35.451619+00:00,DION_001,2414,-0.4963292148564752,SIMULATED,NORMAL
2026-06-17T18:14:35.462333+00:00,DION_001,2415,-0.7770081170603884,SIMULATED,NORMAL
2026-06-17T18:14:35.473041+00:00,DION_001,2416,-0.9211648695082925,SIMULATED,NORMAL
2026-06-17T18:14:35.483728+00:00,DION_001,2417,-0.614578094577442,SIMULATED,NORMAL
2026-06-17T18:14:35.494317+00:00,DION_001,2418,-0.769241467826245,SIMULATED,NORMAL
2026-06-17T18:14:35.504975+00:00,DION_001,2419,-0.6708196986585424,SIMULATED,NORMAL
2026-06-17T18:14:35.515580+00:00,DION_001,2420,-0.8009985703264988,SIMULATED,NORMAL
2026-06-17T18:14:35.526088+00:00,DION_001,2421,-1.073870890281214,SIMULATED,NORMAL
2026-06-17T18:14:35.536716+00:00,DION_001,2422,-1.047513387738368,SIMULATED,NORMAL
2026-06-17T18:14:35.547386+00:00,DION_001,2423,1.42029935202972,SIMULATED,NORMAL
2026-06-17T18:14:35.558320+00:00,DION_001,2424,-1.091804613117846,SIMULATED,NORMAL
2026-06-17T18:14:35.568888+00:00,DION_001,2425,-0.9686954179782516,SIMULATED,NORMAL
2026-06-17T18:14:35.579914+00:00,DION_001,2426,-0.7686024518674877,SIMULATED,NORMAL
2026-06-17T18:14:35.590464+00:00,DION_001,2427,-0.7177700115071373,SIMULATED,NORMAL
2026-06-17T18:14:35.600901+00:00,DION_001,2428,-0.6555623624325715,SIMULATED,NORMAL
2026-06-17T18:14:35.611468+00:00,DION_001,2429,0.8058458623742332,SIMULATED,NORMAL
2026-06-17T18:14:35.622193+00:00,DION_001,2430,-0.946034267857185,SIMULATED,NORMAL
2026-06-17T18:14:35.634794+00:00,DION_001,2431,-0.6461215534925722,SIMULATED,NORMAL
2026-06-17T18:14:35.645420+00:00,DION_001,2432,-0.8139561784461325,SIMULATED,NORMAL
2026-06-17T18:14:35.655947+00:00,DION_001,2433,-0.5197143736117773,SIMULATED,NORMAL
2026-06-17T18:14:35.666659+00:00,DION_001,2434,-0.996059700155935,SIMULATED,NORMAL
2026-06-17T18:14:35.677251+00:00,DION_001,2435,-0.9005627859099683,SIMULATED,NORMAL
2026-06-17T18:14:35.687717+00:00,DION_001,2436,-0.8303280550710547,SIMULATED,NORMAL
2026-06-17T18:14:35.698302+00:00,DION_001,2437,-0.6213320063939906,SIMULATED,NORMAL
2026-06-17T18:14:35.708774+00:00,DION_001,2438,-0.5122586624546875,SIMULATED,NORMAL
2026-06-17T18:14:35.719107+00:00,DION_001,2439,-0.5582313706375605,SIMULATED,NORMAL
2026-06-17T18:14:35.729456+00:00,DION_001,2440,-0.6551304920827552,SIMULATED,NORMAL
2026-06-17T18:14:35.739879+00:00,DION_001,2441,-0.8280113644084963,SIMULATED,NORMAL
2026-06-17T18:14:35.750355+00:00,DION_001,2442,-0.9761163916560709,SIMULATED,NORMAL
2026-06-17T18:14:35.760773+00:00,DION_001,2443,-0.4571138543948629,SIMULATED,NORMAL
2026-06-17T18:14:35.771208+00:00,DION_001,2444,-0.5998775560386057,SIMULATED,NORMAL
2026-06-17T18:14:35.781748+00:00,DION_001,2445,-0.2742992323584311,SIMULATED,NORMAL
2026-06-17T18:14:35.792320+00:00,DION_001,2446,-0.6118368149141032,SIMULATED,NORMAL
2026-06-17T18:14:35.802958+00:00,DION_001,2447,-0.169183784175469,SIMULATED,NORMAL
2026-06-17T18:14:35.813623+00:00,DION_001,2448,-0.26546948234559326,SIMULATED,NORMAL
2026-06-17T18:14:35.824225+00:00,DION_001,2449,-0.3560219283176614,SIMULATED,NORMAL
2026-06-17T18:14:35.834840+00:00,DION_001,2450,-0.37793053843722657,SIMULATED,NORMAL
2026-06-17T18:14:35.845577+00:00,DION_001,2451,-0.17122713342658907,SIMULATED,NORMAL
2026-06-17T18:14:35.856378+00:00,DION_001,2452,-0.11181132285377732,SIMULATED,NORMAL
2026-06-17T18:14:35.867156+00:00,DION_001,2453,0.24334322114969142,SIMULATED,NORMAL
2026-06-17T18:14:35.877741+00:00,DION_001,2454,-0.13991374810794782,SIMULATED,NORMAL
2026-06-17T18:14:35.888751+00:00,DION_001,2455,0.0062110852908593694,SIMULATED,NORMAL
2026-06-17T18:14:35.899504+00:00,DION_001,2456,0.06633796034388072,SIMULATED,NORMAL
2026-06-17T18:14:35.910154+00:00,DION_001,2457,-1.4421598185966864,SIMULATED,NORMAL
2026-06-17T18:14:35.920976+00:00,DION_001,2458,-0.04166335963588688,SIMULATED,NORMAL
2026-06-17T18:14:35.931639+00:00,DION_001,2459,0.012406794483931588,SIMULATED,NORMAL
2026-06-17T18:14:35.942216+00:00,DION_001,2460,0.28219492948299896,SIMULATED,NORMAL
2026-06-17T18:14:35.952874+00:00,DION_001,2461,0.2061112911152122,SIMULATED,NORMAL
2026-06-17T18:14:35.963521+00:00,DION_001,2462,0.30597208797347075,SIMULATED,NORMAL
2026-06-17T18:14:35.974061+00:00,DION_001,2463,0.3339013493195502,SIMULATED,NORMAL
2026-06-17T18:14:35.984701+00:00,DION_001,2464,0.43322891001390523,SIMULATED,NORMAL
2026-06-17T18:14:35.995252+00:00,DION_001,2465,0.36919989212025633,SIMULATED,NORMAL
2026-06-17T18:14:36.005710+00:00,DION_001,2466,0.6356294955094258,SIMULATED,NORMAL
2026-06-17T18:14:36.016104+00:00,DION_001,2467,0.384450040132079,SIMULATED,NORMAL
2026-06-17T18:14:36.026534+00:00,DION_001,2468,0.607518698166866,SIMULATED,NORMAL
2026-06-17T18:14:36.037139+00:00,DION_001,2469,0.3888871265655622,SIMULATED,NORMAL
2026-06-17T18:14:36.047579+00:00,DION_001,2470,0.5435513735949222,SIMULATED,NORMAL
2026-06-17T18:14:36.058123+00:00,DION_001,2471,0.6289262631540709,SIMULATED,NORMAL
2026-06-17T18:14:36.068787+00:00,DION_001,2472,0.2772344007975871,SIMULATED,NORMAL
2026-06-17T18:14:36.079219+00:00,DION_001,2473,0.28641615310314517,SIMULATED,NORMAL
2026-06-17T18:14:36.089554+00:00,DION_001,2474,0.19139528643115256,SIMULATED,NORMAL
2026-06-17T18:14:36.100085+00:00,DION_001,2475,0.4270224226945782,SIMULATED,NORMAL
2026-06-17T18:14:36.110488+00:00,DION_001,2476,0.6303340289512633,SIMULATED,NORMAL
2026-06-17T18:14:36.120988+00:00,DION_001,2477,0.482051686296626,SIMULATED,NORMAL
2026-06-17T18:14:36.131326+00:00,DION_001,2478,0.5572928704126799,SIMULATED,NORMAL
2026-06-17T18:14:36.141790+00:00,DION_001,2479,0.5865552934451136,SIMULATED,NORMAL
2026-06-17T18:14:36.152497+00:00,DION_001,2480,0.39102220844764507,SIMULATED,NORMAL
2026-06-17T18:14:36.163026+00:00,DION_001,2481,0.6044339975841235,SIMULATED,NORMAL
2026-06-17T18:14:36.173626+00:00,DION_001,2482,0.47281722561815986,SIMULATED,NORMAL
2026-06-17T18:14:36.184378+00:00,DION_001,2483,0.5211006555150954,SIMULATED,NORMAL
2026-06-17T18:14:36.194819+00:00,DION_001,2484,0.6038865015337254,SIMULATED,NORMAL
2026-06-17T18:14:36.205595+00:00,DION_001,2485,0.49002602079700125,SIMULATED,NORMAL
2026-06-17T18:14:36.216253+00:00,DION_001,2486,0.37727749813075323,SIMULATED,NORMAL
2026-06-17T18:14:36.226677+00:00,DION_001,2487,0.3923567349717751,SIMULATED,NORMAL
2026-06-17T18:14:36.237237+00:00,DION_001,2488,0.4044456831619919,SIMULATED,NORMAL
2026-06-17T18:14:36.247627+00:00,DION_001,2489,0.5752325327806878,SIMULATED,NORMAL
2026-06-17T18:14:36.258101+00:00,DION_001,2490,0.31190543248621405,SIMULATED,NORMAL
2026-06-17T18:14:36.268669+00:00,DION_001,2491,0.2677554825259385,SIMULATED,NORMAL
2026-06-17T18:14:36.279092+00:00,DION_001,2492,0.24969191150699843,SIMULATED,NORMAL
2026-06-17T18:14:36.289723+00:00,DION_001,2493,0.03012238826154373,SIMULATED,NORMAL
2026-06-17T18:14:36.300145+00:00,DION_001,2494,-0.005450637686308629,SIMULATED,NORMAL
2026-06-17T18:14:36.310493+00:00,DION_001,2495,0.03393392148868882,SIMULATED,NORMAL
2026-06-17T18:14:36.321153+00:00,DION_001,2496,0.23011738867838152,SIMULATED,NORMAL
2026-06-17T18:14:36.331651+00:00,DION_001,2497,0.09250643869995752,SIMULATED,NORMAL
2026-06-17T18:14:36.342257+00:00,DION_001,2498,0.1427285345695632,SIMULATED,NORMAL
2026-06-17T18:14:36.352928+00:00,DION_001,2499,0.09752129770075121,SIMULATED,NORMAL
2026-06-17T18:14:36.363628+00:00,DION_001,2500,0.2903631815909235,SIMULATED,NORMAL
2026-06-17T18:14:36.374164+00:00,DION_001,2501,0.22881550197876066,SIMULATED,NORMAL
2026-06-17T18:14:36.384920+00:00,DION_001,2502,-0.004658250198892794,SIMULATED,NORMAL
2026-06-17T18:14:36.395454+00:00,DION_001,2503,0.12172740146946867,SIMULATED,NORMAL
2026-06-17T18:14:36.406041+00:00,DION_001,2504,0.1775331656357065,SIMULATED,NORMAL
2026-06-17T18:14:36.416641+00:00,DION_001,2505,0.19769031946921292,SIMULATED,NORMAL
2026-06-17T18:14:36.427209+00:00,DION_001,2506,0.03256688143258621,SIMULATED,NORMAL
2026-06-17T18:14:36.437726+00:00,DION_001,2507,0.013099373953358528,SIMULATED,NORMAL
2026-06-17T18:14:36.448136+00:00,DION_001,2508,0.3678715326359422,SIMULATED,NORMAL
2026-06-17T18:14:36.458512+00:00,DION_001,2509,0.1650512827981995,SIMULATED,NORMAL
2026-06-17T18:14:36.468956+00:00,DION_001,2510,0.0027684709893460724,SIMULATED,NORMAL
2026-06-17T18:14:36.479290+00:00,DION_001,2511,0.22824008546077934,SIMULATED,NORMAL
2026-06-17T18:14:36.489841+00:00,DION_001,2512,0.4912297127153366,SIMULATED,NORMAL
2026-06-17T18:14:36.500457+00:00,DION_001,2513,0.19222710045195135,SIMULATED,NORMAL
2026-06-17T18:14:36.510911+00:00,DION_001,2514,0.2683655595193292,SIMULATED,NORMAL
2026-06-17T18:14:36.521477+00:00,DION_001,2515,0.1870184605751192,SIMULATED,NORMAL
2026-06-17T18:14:36.532003+00:00,DION_001,2516,0.07138204457162653,SIMULATED,NORMAL
2026-06-17T18:14:36.542552+00:00,DION_001,2517,0.3488535158793713,SIMULATED,NORMAL
2026-06-17T18:14:36.553330+00:00,DION_001,2518,0.3321564988098091,SIMULATED,NORMAL
2026-06-17T18:14:36.563726+00:00,DION_001,2519,0.06489800821347735,SIMULATED,NORMAL
2026-06-17T18:14:36.574239+00:00,DION_001,2520,0.41986300049848874,SIMULATED,NORMAL
2026-06-17T18:14:36.584940+00:00,DION_001,2521,0.4483834328935618,SIMULATED,NORMAL
2026-06-17T18:14:36.595492+00:00,DION_001,2522,0.5062289079447916,SIMULATED,NORMAL
2026-06-17T18:14:36.605891+00:00,DION_001,2523,0.4744697752816771,SIMULATED,NORMAL
2026-06-17T18:14:36.616501+00:00,DION_001,2524,0.5918865196239337,SIMULATED,NORMAL
2026-06-17T18:14:36.627035+00:00,DION_001,2525,0.5165024498625985,SIMULATED,NORMAL
2026-06-17T18:14:36.637689+00:00,DION_001,2526,0.5968751624732493,SIMULATED,NORMAL
2026-06-17T18:14:36.648078+00:00,DION_001,2527,0.4785484662750856,SIMULATED,NORMAL
2026-06-17T18:14:36.658491+00:00,DION_001,2528,0.47680399910786087,SIMULATED,NORMAL
2026-06-17T18:14:36.669112+00:00,DION_001,2529,0.7084499567074594,SIMULATED,NORMAL
2026-06-17T18:14:36.679561+00:00,DION_001,2530,0.8242236852945276,SIMULATED,NORMAL
2026-06-17T18:14:36.690061+00:00,DION_001,2531,0.9578728419067133,SIMULATED,NORMAL
2026-06-17T18:14:36.700634+00:00,DION_001,2532,0.9502930186473115,SIMULATED,NORMAL
2026-06-17T18:14:36.711016+00:00,DION_001,2533,0.9522138669209693,SIMULATED,NORMAL
2026-06-17T18:14:36.721682+00:00,DION_001,2534,0.9046640820242479,SIMULATED,NORMAL
2026-06-17T18:14:36.732624+00:00,DION_001,2535,0.8365724789327597,SIMULATED,NORMAL
2026-06-17T18:14:36.743197+00:00,DION_001,2536,0.6738300797926977,SIMULATED,NORMAL
2026-06-17T18:14:36.753855+00:00,DION_001,2537,0.8997859301088734,SIMULATED,NORMAL
2026-06-17T18:14:36.764231+00:00,DION_001,2538,1.0376901928595414,SIMULATED,NORMAL
2026-06-17T18:14:36.774766+00:00,DION_001,2539,1.1382243976095903,SIMULATED,NORMAL
2026-06-17T18:14:36.785219+00:00,DION_001,2540,0.7856155691043603,SIMULATED,NORMAL
2026-06-17T18:14:36.795553+00:00,DION_001,2541,1.0524595570752275,SIMULATED,NORMAL
2026-06-17T18:14:36.805919+00:00,DION_001,2542,0.9373637421491042,SIMULATED,NORMAL
2026-06-17T18:14:36.816301+00:00,DION_001,2543,1.2497496062222642,SIMULATED,NORMAL
2026-06-17T18:14:36.826796+00:00,DION_001,2544,1.5692930083365453,SIMULATED,NORMAL
2026-06-17T18:14:36.837160+00:00,DION_001,2545,1.1570386083915436,SIMULATED,NORMAL
2026-06-17T18:14:36.847728+00:00,DION_001,2546,1.0591872277160315,SIMULATED,NORMAL
2026-06-17T18:14:36.858137+00:00,DION_001,2547,1.3244025579149936,SIMULATED,NORMAL
2026-06-17T18:14:36.868677+00:00,DION_001,2548,1.1275882410022053,SIMULATED,NORMAL
2026-06-17T18:14:36.879133+00:00,DION_001,2549,1.3486690736216476,SIMULATED,NORMAL
2026-06-17T18:14:36.889620+00:00,DION_001,2550,0.9391705035505407,SIMULATED,NORMAL
2026-06-17T18:14:36.900011+00:00,DION_001,2551,1.0957707808933888,SIMULATED,NORMAL
2026-06-17T18:14:36.910550+00:00,DION_001,2552,1.0487159362017513,SIMULATED,NORMAL
2026-06-17T18:14:36.921319+00:00,DION_001,2553,1.0133607070185318,SIMULATED,NORMAL
2026-06-17T18:14:36.931888+00:00,DION_001,2554,1.2338381854298213,SIMULATED,NORMAL
2026-06-17T18:14:36.942302+00:00,DION_001,2555,1.0823337921956127,SIMULATED,NORMAL
2026-06-17T18:14:36.952881+00:00,DION_001,2556,1.031643171796591,SIMULATED,NORMAL
2026-06-17T18:14:36.963301+00:00,DION_001,2557,1.0325181478929495,SIMULATED,NORMAL
2026-06-17T18:14:36.973842+00:00,DION_001,2558,0.975041077565861,SIMULATED,NORMAL
2026-06-17T18:14:36.984757+00:00,DION_001,2559,1.3151983055454548,SIMULATED,NORMAL
2026-06-17T18:14:36.995307+00:00,DION_001,2560,1.017217429503888,SIMULATED,NORMAL
2026-06-17T18:14:37.005806+00:00,DION_001,2561,1.087298272113968,SIMULATED,NORMAL
2026-06-17T18:14:37.016396+00:00,DION_001,2562,1.1168233288829206,SIMULATED,NORMAL
2026-06-17T18:14:37.027080+00:00,DION_001,2563,0.9886784013963835,SIMULATED,NORMAL
2026-06-17T18:14:37.037659+00:00,DION_001,2564,1.1415268997053494,SIMULATED,NORMAL
2026-06-17T18:14:37.048204+00:00,DION_001,2565,0.7015803274208605,SIMULATED,NORMAL
2026-06-17T18:14:37.058779+00:00,DION_001,2566,0.8611495563236761,SIMULATED,NORMAL
2026-06-17T18:14:37.069405+00:00,DION_001,2567,0.7248432842435613,SIMULATED,NORMAL
2026-06-17T18:14:37.079871+00:00,DION_001,2568,0.8206576349083781,SIMULATED,NORMAL
2026-06-17T18:14:37.090283+00:00,DION_001,2569,0.9100257160998276,SIMULATED,NORMAL
2026-06-17T18:14:37.100739+00:00,DION_001,2570,0.7007024160576658,SIMULATED,NORMAL
2026-06-17T18:14:37.111271+00:00,DION_001,2571,0.7213021024183983,SIMULATED,NORMAL
2026-06-17T18:14:37.121861+00:00,DION_001,2572,0.5347275210675434,SIMULATED,NORMAL
2026-06-17T18:14:37.132508+00:00,DION_001,2573,0.7900124526484142,SIMULATED,NORMAL
2026-06-17T18:14:37.143293+00:00,DION_001,2574,0.4938322479949794,SIMULATED,NORMAL
2026-06-17T18:14:37.154046+00:00,DION_001,2575,0.6896409102111434,SIMULATED,NORMAL
2026-06-17T18:14:37.164654+00:00,DION_001,2576,0.8421956645327668,SIMULATED,NORMAL
2026-06-17T18:14:37.175270+00:00,DION_001,2577,0.5129049332087257,SIMULATED,NORMAL
2026-06-17T18:14:37.185777+00:00,DION_001,2578,0.49842851048280074,SIMULATED,NORMAL
2026-06-17T18:14:37.196301+00:00,DION_001,2579,0.418938135577901,SIMULATED,NORMAL
2026-06-17T18:14:37.207122+00:00,DION_001,2580,0.5515793603056268,SIMULATED,NORMAL
2026-06-17T18:14:37.217685+00:00,DION_001,2581,0.5445150053355168,SIMULATED,NORMAL
2026-06-17T18:14:37.228223+00:00,DION_001,2582,0.5582472587049626,SIMULATED,NORMAL
2026-06-17T18:14:37.238827+00:00,DION_001,2583,0.313222798406619,SIMULATED,NORMAL
2026-06-17T18:14:37.249512+00:00,DION_001,2584,0.5394466101588622,SIMULATED,NORMAL
2026-06-17T18:14:37.260265+00:00,DION_001,2585,0.37596122881536875,SIMULATED,NORMAL
2026-06-17T18:14:37.271153+00:00,DION_001,2586,0.6498036910118501,SIMULATED,NORMAL
2026-06-17T18:14:37.281976+00:00,DION_001,2587,0.31663465240005045,SIMULATED,NORMAL
2026-06-17T18:14:37.292617+00:00,DION_001,2588,0.22227467348297797,SIMULATED,NORMAL
2026-06-17T18:14:37.303188+00:00,DION_001,2589,0.34656085720045365,SIMULATED,NORMAL
2026-06-17T18:14:37.313822+00:00,DION_001,2590,0.4695721637155944,SIMULATED,NORMAL
2026-06-17T18:14:37.324438+00:00,DION_001,2591,0.2426715914863552,SIMULATED,NORMAL
2026-06-17T18:14:37.335170+00:00,DION_001,2592,0.34142312726091506,SIMULATED,NORMAL
2026-06-17T18:14:37.345635+00:00,DION_001,2593,0.37876816087589993,SIMULATED,NORMAL
2026-06-17T18:14:37.356288+00:00,DION_001,2594,0.4960562401333971,SIMULATED,NORMAL
2026-06-17T18:14:37.366831+00:00,DION_001,2595,0.22410665054146262,SIMULATED,NORMAL
2026-06-17T18:14:37.377458+00:00,DION_001,2596,0.17975715334118086,SIMULATED,NORMAL
2026-06-17T18:14:37.388276+00:00,DION_001,2597,0.3726853008633908,SIMULATED,NORMAL
2026-06-17T18:14:37.399504+00:00,DION_001,2598,0.20485031725728658,SIMULATED,NORMAL
2026-06-17T18:14:37.410108+00:00,DION_001,2599,0.6901155140939111,SIMULATED,NORMAL
2026-06-17T18:14:37.420796+00:00,DION_001,2600,0.3389956032732254,SIMULATED,NORMAL
2026-06-17T18:14:37.431383+00:00,DION_001,2601,0.4183014490959112,SIMULATED,NORMAL
2026-06-17T18:14:37.441955+00:00,DION_001,2602,0.5024865225829576,SIMULATED,NORMAL
2026-06-17T18:14:37.452698+00:00,DION_001,2603,0.3902940237158956,SIMULATED,NORMAL
2026-06-17T18:14:37.463198+00:00,DION_001,2604,0.6619471847766847,SIMULATED,NORMAL
2026-06-17T18:14:37.473745+00:00,DION_001,2605,0.7228058217103248,SIMULATED,NORMAL
2026-06-17T18:14:37.484214+00:00,DION_001,2606,0.20445679449051868,SIMULATED,NORMAL
2026-06-17T18:14:37.494685+00:00,DION_001,2607,0.5779193481908018,SIMULATED,NORMAL
2026-06-17T18:14:37.505276+00:00,DION_001,2608,3.1720885281149016,SIMULATED,EVENT_DETECTED
2026-06-17T18:14:37.516468+00:00,DION_001,2609,0.7114458476609065,SIMULATED,NORMAL
2026-06-17T18:14:37.527209+00:00,DION_001,2610,0.6142813440667005,SIMULATED,NORMAL
2026-06-17T18:14:37.537827+00:00,DION_001,2611,0.8184245169723058,SIMULATED,NORMAL
2026-06-17T18:14:37.548469+00:00,DION_001,2612,0.6358123444121674,SIMULATED,NORMAL
2026-06-17T18:14:37.559162+00:00,DION_001,2613,0.48528659150747055,SIMULATED,NORMAL
2026-06-17T18:14:37.569771+00:00,DION_001,2614,0.8218162646821271,SIMULATED,NORMAL
2026-06-17T18:14:37.580347+00:00,DION_001,2615,0.5025622112804202,SIMULATED,NORMAL
2026-06-17T18:14:37.591126+00:00,DION_001,2616,0.8097577535574723,SIMULATED,NORMAL
2026-06-17T18:14:37.601664+00:00,DION_001,2617,0.7322636559917464,SIMULATED,NORMAL
2026-06-17T18:14:37.612251+00:00,DION_001,2618,0.7665085276191314,SIMULATED,NORMAL
2026-06-17T18:14:37.622885+00:00,DION_001,2619,0.836174857796092,SIMULATED,NORMAL
2026-06-17T18:14:37.633777+00:00,DION_001,2620,0.85981047577772,SIMULATED,NORMAL
2026-06-17T18:14:37.644340+00:00,DION_001,2621,0.8934499685611486,SIMULATED,NORMAL
2026-06-17T18:14:37.655116+00:00,DION_001,2622,0.7900535385524553,SIMULATED,NORMAL
2026-06-17T18:14:37.665921+00:00,DION_001,2623,0.516275706177278,SIMULATED,NORMAL
2026-06-17T18:14:37.676520+00:00,DION_001,2624,0.8282266781358985,SIMULATED,NORMAL
2026-06-17T18:14:37.687282+00:00,DION_001,2625,0.5709009284127995,SIMULATED,NORMAL
2026-06-17T18:14:37.697888+00:00,DION_001,2626,0.6786861250013192,SIMULATED,NORMAL
2026-06-17T18:14:37.708481+00:00,DION_001,2627,0.7058204792312347,SIMULATED,NORMAL
2026-06-17T18:14:37.719158+00:00,DION_001,2628,0.9166680299828648,SIMULATED,NORMAL
2026-06-17T18:14:37.729690+00:00,DION_001,2629,-2.2660710876765546,SIMULATED,EVENT_DETECTED
2026-06-17T18:14:37.740441+00:00,DION_001,2630,0.7897232121104394,SIMULATED,NORMAL
2026-06-17T18:14:37.751099+00:00,DION_001,2631,0.667328473050458,SIMULATED,NORMAL
2026-06-17T18:14:37.761686+00:00,DION_001,2632,0.9295103796659088,SIMULATED,NORMAL
2026-06-17T18:14:37.772394+00:00,DION_001,2633,0.5341440542657954,SIMULATED,NORMAL
2026-06-17T18:14:37.783174+00:00,DION_001,2634,0.5727235446043033,SIMULATED,NORMAL
2026-06-17T18:14:37.793764+00:00,DION_001,2635,0.46270780116467186,SIMULATED,NORMAL
2026-06-17T18:14:37.804364+00:00,DION_001,2636,0.2054463386791366,SIMULATED,NORMAL
2026-06-17T18:14:37.815092+00:00,DION_001,2637,0.27833814967675086,SIMULATED,NORMAL
2026-06-17T18:14:37.825690+00:00,DION_001,2638,0.17673550252157766,SIMULATED,NORMAL
2026-06-17T18:14:37.836369+00:00,DION_001,2639,0.5064326355957074,SIMULATED,NORMAL
2026-06-17T18:14:37.847126+00:00,DION_001,2640,0.2152850642180476,SIMULATED,NORMAL
2026-06-17T18:14:37.857673+00:00,DION_001,2641,0.3253888244361529,SIMULATED,NORMAL
2026-06-17T18:14:37.868200+00:00,DION_001,2642,0.37711895998828227,SIMULATED,NORMAL
2026-06-17T18:14:37.878718+00:00,DION_001,2643,0.2873319621876891,SIMULATED,NORMAL
2026-06-17T18:14:37.889201+00:00,DION_001,2644,0.3585590531709262,SIMULATED,NORMAL
2026-06-17T18:14:37.899648+00:00,DION_001,2645,0.04323979681618903,SIMULATED,NORMAL
2026-06-17T18:14:37.909981+00:00,DION_001,2646,0.008179922859040956,SIMULATED,NORMAL
2026-06-17T18:14:37.920263+00:00,DION_001,2647,0.21994657581866273,SIMULATED,NORMAL
2026-06-17T18:14:37.930592+00:00,DION_001,2648,0.01780804491309442,SIMULATED,NORMAL
2026-06-17T18:14:37.940965+00:00,DION_001,2649,-0.12914726851679328,SIMULATED,NORMAL
2026-06-17T18:14:37.951563+00:00,DION_001,2650,-0.008400610242928742,SIMULATED,NORMAL
2026-06-17T18:14:37.962186+00:00,DION_001,2651,-0.20305445964718283,SIMULATED,NORMAL
2026-06-17T18:14:37.972688+00:00,DION_001,2652,-0.11408521519581877,SIMULATED,NORMAL
2026-06-17T18:14:37.983293+00:00,DION_001,2653,0.0002710590233056531,SIMULATED,NORMAL
2026-06-17T18:14:37.993865+00:00,DION_001,2654,-0.2267299028018174,SIMULATED,NORMAL
2026-06-17T18:14:38.004443+00:00,DION_001,2655,0.10718085970030933,SIMULATED,NORMAL
2026-06-17T18:14:38.015223+00:00,DION_001,2656,-0.0666544427908119,SIMULATED,NORMAL
2026-06-17T18:14:38.025725+00:00,DION_001,2657,-0.35307089872872105,SIMULATED,NORMAL
2026-06-17T18:14:38.036279+00:00,DION_001,2658,-0.3816024754638521,SIMULATED,NORMAL
2026-06-17T18:14:38.046847+00:00,DION_001,2659,-0.241291119207938,SIMULATED,NORMAL
2026-06-17T18:14:38.057343+00:00,DION_001,2660,-0.40566966219844064,SIMULATED,NORMAL
2026-06-17T18:14:38.067975+00:00,DION_001,2661,-0.828023963380494,SIMULATED,NORMAL
2026-06-17T18:14:38.078624+00:00,DION_001,2662,-0.4715374459014725,SIMULATED,NORMAL
2026-06-17T18:14:38.089182+00:00,DION_001,2663,-0.62436628465979,SIMULATED,NORMAL
2026-06-17T18:14:38.099857+00:00,DION_001,2664,-0.5614219583823346,SIMULATED,NORMAL
2026-06-17T18:14:38.110508+00:00,DION_001,2665,-0.7033276434339103,SIMULATED,NORMAL
2026-06-17T18:14:38.121191+00:00,DION_001,2666,2.202837136313836,SIMULATED,EVENT_DETECTED
2026-06-17T18:14:38.132155+00:00,DION_001,2667,-0.7346226308978444,SIMULATED,NORMAL
2026-06-17T18:14:38.143110+00:00,DION_001,2668,-0.40607243847358954,SIMULATED,NORMAL
2026-06-17T18:14:38.153665+00:00,DION_001,2669,-0.534537948838479,SIMULATED,NORMAL
2026-06-17T18:14:38.164254+00:00,DION_001,2670,-0.4195473335683809,SIMULATED,NORMAL
2026-06-17T18:14:38.174814+00:00,DION_001,2671,-0.807865203707774,SIMULATED,NORMAL
2026-06-17T18:14:38.185542+00:00,DION_001,2672,-0.6580679360968557,SIMULATED,NORMAL
2026-06-17T18:14:38.196214+00:00,DION_001,2673,-0.9405648961939026,SIMULATED,NORMAL
2026-06-17T18:14:38.206665+00:00,DION_001,2674,-0.35203068777314434,SIMULATED,NORMAL
2026-06-17T18:14:38.217248+00:00,DION_001,2675,-0.6172182130671316,SIMULATED,NORMAL
2026-06-17T18:14:38.227906+00:00,DION_001,2676,-0.4311162787337194,SIMULATED,NORMAL
2026-06-17T18:14:38.238552+00:00,DION_001,2677,-0.7056193122891138,SIMULATED,NORMAL
2026-06-17T18:14:38.249512+00:00,DION_001,2678,-0.40583804542709223,SIMULATED,NORMAL
2026-06-17T18:14:38.260031+00:00,DION_001,2679,-0.6428032179400729,SIMULATED,NORMAL
2026-06-17T18:14:38.270522+00:00,DION_001,2680,-0.3597710589749926,SIMULATED,NORMAL
2026-06-17T18:14:38.281195+00:00,DION_001,2681,-0.4780340495926778,SIMULATED,NORMAL
2026-06-17T18:14:38.291668+00:00,DION_001,2682,-0.28255971446603845,SIMULATED,NORMAL
2026-06-17T18:14:38.302123+00:00,DION_001,2683,-0.45004604536067183,SIMULATED,NORMAL
2026-06-17T18:14:38.312510+00:00,DION_001,2684,-0.3670498839301441,SIMULATED,NORMAL
2026-06-17T18:14:38.323264+00:00,DION_001,2685,-0.5331861399271184,SIMULATED,NORMAL
2026-06-17T18:14:38.333859+00:00,DION_001,2686,-0.43314636300464837,SIMULATED,NORMAL
2026-06-17T18:14:38.344515+00:00,DION_001,2687,-0.4408179540509409,SIMULATED,NORMAL
2026-06-17T18:14:38.354863+00:00,DION_001,2688,-0.3192621885417257,SIMULATED,NORMAL
2026-06-17T18:14:38.365287+00:00,DION_001,2689,-0.3028822284489741,SIMULATED,NORMAL
2026-06-17T18:14:38.375737+00:00,DION_001,2690,-0.22543288278091334,SIMULATED,NORMAL
2026-06-17T18:14:38.386428+00:00,DION_001,2691,-0.3966830684026893,SIMULATED,NORMAL
2026-06-17T18:14:38.396816+00:00,DION_001,2692,-0.13055786146632592,SIMULATED,NORMAL
2026-06-17T18:14:38.407239+00:00,DION_001,2693,-0.3281005254277158,SIMULATED,NORMAL
2026-06-17T18:14:38.417941+00:00,DION_001,2694,-0.33297282282108137,SIMULATED,NORMAL
2026-06-17T18:14:38.428292+00:00,DION_001,2695,-0.2009274312550034,SIMULATED,NORMAL
2026-06-17T18:14:38.438806+00:00,DION_001,2696,-0.20017932776613492,SIMULATED,NORMAL
2026-06-17T18:14:38.449312+00:00,DION_001,2697,-0.07061744709377143,SIMULATED,NORMAL
2026-06-17T18:14:38.459746+00:00,DION_001,2698,-0.4273710442401141,SIMULATED,NORMAL
2026-06-17T18:14:38.470389+00:00,DION_001,2699,-0.3915217624645233,SIMULATED,NORMAL
2026-06-17T18:14:38.480870+00:00,DION_001,2700,-0.056637225470325764,SIMULATED,NORMAL
2026-06-17T18:14:38.491575+00:00,DION_001,2701,-0.16306681145555377,SIMULATED,NORMAL
2026-06-17T18:14:38.502351+00:00,DION_001,2702,0.018874863338220582,SIMULATED,NORMAL
2026-06-17T18:14:38.512739+00:00,DION_001,2703,-0.42846594778143265,SIMULATED,NORMAL
2026-06-17T18:14:38.523101+00:00,DION_001,2704,-0.23973428393902285,SIMULATED,NORMAL
2026-06-17T18:14:38.533723+00:00,DION_001,2705,0.004139150441230893,SIMULATED,NORMAL
2026-06-17T18:14:38.544145+00:00,DION_001,2706,-0.4122295601346181,SIMULATED,NORMAL
2026-06-17T18:14:38.554710+00:00,DION_001,2707,-0.12346652256103076,SIMULATED,NORMAL
2026-06-17T18:14:38.565353+00:00,DION_001,2708,-0.15149887629051922,SIMULATED,NORMAL
2026-06-17T18:14:38.575826+00:00,DION_001,2709,0.11885862710565015,SIMULATED,NORMAL
2026-06-17T18:14:38.586330+00:00,DION_001,2710,-0.2350755301688341,SIMULATED,NORMAL
2026-06-17T18:14:38.596778+00:00,DION_001,2711,-0.2451423663159303,SIMULATED,NORMAL
2026-06-17T18:14:38.607411+00:00,DION_001,2712,-0.4271888821812666,SIMULATED,NORMAL
2026-06-17T18:14:38.618162+00:00,DION_001,2713,-0.2138057329315749,SIMULATED,NORMAL
2026-06-17T18:14:38.628503+00:00,DION_001,2714,-0.14593806666058623,SIMULATED,NORMAL
2026-06-17T18:14:38.639164+00:00,DION_001,2715,-0.2932398374092954,SIMULATED,NORMAL
2026-06-17T18:14:38.649667+00:00,DION_001,2716,-0.6454376106486635,SIMULATED,NORMAL
2026-06-17T18:14:38.660063+00:00,DION_001,2717,-0.2570230035777169,SIMULATED,NORMAL
2026-06-17T18:14:38.670524+00:00,DION_001,2718,-0.3603400106301573,SIMULATED,NORMAL
2026-06-17T18:14:38.680990+00:00,DION_001,2719,-0.33052017014688884,SIMULATED,NORMAL
2026-06-17T18:14:38.691475+00:00,DION_001,2720,-0.3777798124909617,SIMULATED,NORMAL
2026-06-17T18:14:38.702135+00:00,DION_001,2721,-0.4626843566420912,SIMULATED,NORMAL
2026-06-17T18:14:38.712503+00:00,DION_001,2722,-0.3707381870895315,SIMULATED,NORMAL
2026-06-17T18:14:38.722967+00:00,DION_001,2723,-0.9522829746266002,SIMULATED,NORMAL
2026-06-17T18:14:38.733465+00:00,DION_001,2724,-0.7007886020047858,SIMULATED,NORMAL
2026-06-17T18:14:38.743897+00:00,DION_001,2725,2.01565103713494,SIMULATED,EVENT_DETECTED
2026-06-17T18:14:38.754526+00:00,DION_001,2726,-0.6570189032648445,SIMULATED,NORMAL
2026-06-17T18:14:38.765030+00:00,DION_001,2727,-0.7271674534525423,SIMULATED,NORMAL
2026-06-17T18:14:38.775539+00:00,DION_001,2728,-0.6948695345283918,SIMULATED,NORMAL
2026-06-17T18:14:38.786009+00:00,DION_001,2729,-0.8240581148167644,SIMULATED,NORMAL
2026-06-17T18:14:38.796678+00:00,DION_001,2730,-0.9612029286943887,SIMULATED,NORMAL
2026-06-17T18:14:38.807179+00:00,DION_001,2731,-0.9474295408991114,SIMULATED,NORMAL
2026-06-17T18:14:38.817754+00:00,DION_001,2732,-1.0448439831498817,SIMULATED,NORMAL
2026-06-17T18:14:38.828107+00:00,DION_001,2733,-0.9772930938686222,SIMULATED,NORMAL
2026-06-17T18:14:38.838624+00:00,DION_001,2734,-0.9919090872334417,SIMULATED,NORMAL
2026-06-17T18:14:38.849198+00:00,DION_001,2735,-1.2367678440944152,SIMULATED,NORMAL
2026-06-17T18:14:38.859777+00:00,DION_001,2736,-0.908773795669849,SIMULATED,NORMAL
2026-06-17T18:14:38.870256+00:00,DION_001,2737,-0.909898863074011,SIMULATED,NORMAL
2026-06-17T18:14:38.880807+00:00,DION_001,2738,-1.1477132244547112,SIMULATED,NORMAL
2026-06-17T18:14:38.891311+00:00,DION_001,2739,-0.9204672924539835,SIMULATED,NORMAL
2026-06-17T18:14:38.901910+00:00,DION_001,2740,-1.1350649508688504,SIMULATED,NORMAL
2026-06-17T18:14:38.912325+00:00,DION_001,2741,-0.9587105795348939,SIMULATED,NORMAL
2026-06-17T18:14:38.922983+00:00,DION_001,2742,-1.2522880822011888,SIMULATED,NORMAL
2026-06-17T18:14:38.933362+00:00,DION_001,2743,-0.895662764718478,SIMULATED,NORMAL
2026-06-17T18:14:38.943679+00:00,DION_001,2744,-1.1074434289932575,SIMULATED,NORMAL
2026-06-17T18:14:38.954247+00:00,DION_001,2745,-1.264781744603305,SIMULATED,NORMAL
2026-06-17T18:14:38.964756+00:00,DION_001,2746,-0.9628897196618317,SIMULATED,NORMAL
2026-06-17T18:14:38.975135+00:00,DION_001,2747,-1.464227222142732,SIMULATED,NORMAL
2026-06-17T18:14:38.985465+00:00,DION_001,2748,-1.114264608135344,SIMULATED,NORMAL
2026-06-17T18:14:38.995831+00:00,DION_001,2749,-1.3309360768549696,SIMULATED,NORMAL
2026-06-17T18:14:39.006314+00:00,DION_001,2750,-1.0806989725217142,SIMULATED,NORMAL
2026-06-17T18:14:39.016740+00:00,DION_001,2751,-1.3663108733701355,SIMULATED,NORMAL
2026-06-17T18:14:39.027074+00:00,DION_001,2752,-1.177467164577418,SIMULATED,NORMAL
2026-06-17T18:14:39.037424+00:00,DION_001,2753,-1.0741558430191471,SIMULATED,NORMAL
2026-06-17T18:14:39.047900+00:00,DION_001,2754,-0.9996354525010348,SIMULATED,NORMAL
2026-06-17T18:14:39.058341+00:00,DION_001,2755,-1.0401115141787485,SIMULATED,NORMAL
2026-06-17T18:14:39.068842+00:00,DION_001,2756,-1.0378813386557046,SIMULATED,NORMAL
2026-06-17T18:14:39.079295+00:00,DION_001,2757,-1.2472177517414837,SIMULATED,NORMAL
2026-06-17T18:14:39.089921+00:00,DION_001,2758,-1.0839820703595313,SIMULATED,NORMAL
2026-06-17T18:14:39.100468+00:00,DION_001,2759,-0.9602012599689043,SIMULATED,NORMAL
2026-06-17T18:14:39.110884+00:00,DION_001,2760,-0.9391294347888387,SIMULATED,NORMAL
2026-06-17T18:14:39.121948+00:00,DION_001,2761,-0.8844813619207214,SIMULATED,NORMAL
2026-06-17T18:14:39.132395+00:00,DION_001,2762,-0.8277992832670926,SIMULATED,NORMAL
2026-06-17T18:14:39.142993+00:00,DION_001,2763,-0.7257268600622644,SIMULATED,NORMAL
2026-06-17T18:14:39.153557+00:00,DION_001,2764,-0.7111668657260022,SIMULATED,NORMAL
2026-06-17T18:14:39.164091+00:00,DION_001,2765,-0.7049655083412919,SIMULATED,NORMAL
2026-06-17T18:14:39.174585+00:00,DION_001,2766,-1.03533964327513,SIMULATED,NORMAL
2026-06-17T18:14:39.185142+00:00,DION_001,2767,-0.7004758027110078,SIMULATED,NORMAL
2026-06-17T18:14:39.195580+00:00,DION_001,2768,-0.7618512384617521,SIMULATED,NORMAL
2026-06-17T18:14:39.206143+00:00,DION_001,2769,-0.31289460774018557,SIMULATED,NORMAL
2026-06-17T18:14:39.216753+00:00,DION_001,2770,-0.5554468586650508,SIMULATED,NORMAL
2026-06-17T18:14:39.227227+00:00,DION_001,2771,2.1811254120724612,SIMULATED,EVENT_DETECTED
2026-06-17T18:14:39.238053+00:00,DION_001,2772,-0.6920683585510248,SIMULATED,NORMAL
2026-06-17T18:14:39.248660+00:00,DION_001,2773,-0.4290089968577587,SIMULATED,NORMAL
2026-06-17T18:14:39.259131+00:00,DION_001,2774,-0.5006965344791598,SIMULATED,NORMAL
2026-06-17T18:14:39.269558+00:00,DION_001,2775,-0.4043837430136785,SIMULATED,NORMAL
2026-06-17T18:14:39.279928+00:00,DION_001,2776,-0.09153340674107613,SIMULATED,NORMAL
2026-06-17T18:14:39.290330+00:00,DION_001,2777,-0.4540989840652468,SIMULATED,NORMAL
2026-06-17T18:14:39.300825+00:00,DION_001,2778,-0.27842957823650194,SIMULATED,NORMAL
2026-06-17T18:14:39.311259+00:00,DION_001,2779,-0.26654669915502616,SIMULATED,NORMAL
2026-06-17T18:14:39.321752+00:00,DION_001,2780,-0.2132629197119023,SIMULATED,NORMAL
2026-06-17T18:14:39.332230+00:00,DION_001,2781,-0.5415146932836667,SIMULATED,NORMAL
2026-06-17T18:14:39.342716+00:00,DION_001,2782,-0.36681606306206815,SIMULATED,NORMAL
2026-06-17T18:14:39.353372+00:00,DION_001,2783,0.17324897575774667,SIMULATED,NORMAL
2026-06-17T18:14:39.363828+00:00,DION_001,2784,-0.3204460760409214,SIMULATED,NORMAL
2026-06-17T18:14:39.374677+00:00,DION_001,2785,-0.15671882883130067,SIMULATED,NORMAL
2026-06-17T18:14:39.385173+00:00,DION_001,2786,-0.5801516609628636,SIMULATED,NORMAL
2026-06-17T18:14:39.395688+00:00,DION_001,2787,-0.28788924873341026,SIMULATED,NORMAL
2026-06-17T18:14:39.406231+00:00,DION_001,2788,-0.33102053852443614,SIMULATED,NORMAL
2026-06-17T18:14:39.416876+00:00,DION_001,2789,-0.3222890562580717,SIMULATED,NORMAL
2026-06-17T18:14:39.427483+00:00,DION_001,2790,-0.3987727168777214,SIMULATED,NORMAL
2026-06-17T18:14:39.438218+00:00,DION_001,2791,-0.2783629950460695,SIMULATED,NORMAL
2026-06-17T18:14:39.449008+00:00,DION_001,2792,0.05360759928078923,SIMULATED,NORMAL
2026-06-17T18:14:39.459691+00:00,DION_001,2793,-0.29304076962267817,SIMULATED,NORMAL
2026-06-17T18:14:39.470317+00:00,DION_001,2794,0.01664157741436073,SIMULATED,NORMAL
2026-06-17T18:14:39.481002+00:00,DION_001,2795,-0.31042582796233686,SIMULATED,NORMAL
2026-06-17T18:14:39.491481+00:00,DION_001,2796,-0.6533661446089496,SIMULATED,NORMAL
2026-06-17T18:14:39.502011+00:00,DION_001,2797,-0.30267618266135604,SIMULATED,NORMAL
2026-06-17T18:14:39.512716+00:00,DION_001,2798,-0.22603396038844203,SIMULATED,NORMAL
2026-06-17T18:14:39.523277+00:00,DION_001,2799,-0.18365922589022896,SIMULATED,NORMAL
2026-06-17T18:14:39.533921+00:00,DION_001,2800,-0.3035458555489619,SIMULATED,NORMAL
2026-06-17T18:14:39.544719+00:00,DION_001,2801,-0.5207850864591888,SIMULATED,NORMAL
2026-06-17T18:14:39.555327+00:00,DION_001,2802,-0.5507501705192922,SIMULATED,NORMAL
2026-06-17T18:14:39.565879+00:00,DION_001,2803,-0.39095108871555545,SIMULATED,NORMAL
2026-06-17T18:14:39.576518+00:00,DION_001,2804,-0.5232503617148629,SIMULATED,NORMAL
2026-06-17T18:14:39.587461+00:00,DION_001,2805,-0.3589754708616213,SIMULATED,NORMAL
2026-06-17T18:14:39.597937+00:00,DION_001,2806,-0.4455090198517496,SIMULATED,NORMAL
2026-06-17T18:14:39.608510+00:00,DION_001,2807,-0.6572914371143752,SIMULATED,NORMAL
2026-06-17T18:14:39.619106+00:00,DION_001,2808,-0.5771852473539555,SIMULATED,NORMAL
2026-06-17T18:14:39.629616+00:00,DION_001,2809,-0.7625342327604624,SIMULATED,NORMAL
2026-06-17T18:14:39.640103+00:00,DION_001,2810,-0.4261143780900698,SIMULATED,NORMAL
2026-06-17T18:14:39.650733+00:00,DION_001,2811,-0.29417281177111443,SIMULATED,NORMAL
2026-06-17T18:14:39.661342+00:00,DION_001,2812,-0.7526334209160607,SIMULATED,NORMAL
2026-06-17T18:14:39.671867+00:00,DION_001,2813,-0.7408750135023722,SIMULATED,NORMAL
2026-06-17T18:14:39.682679+00:00,DION_001,2814,-0.7987755659544781,SIMULATED,NORMAL
2026-06-17T18:14:39.693280+00:00,DION_001,2815,-0.4596684569457302,SIMULATED,NORMAL
2026-06-17T18:14:39.703946+00:00,DION_001,2816,-0.7299130806665224,SIMULATED,NORMAL
2026-06-17T18:14:39.714478+00:00,DION_001,2817,-0.6461525000485395,SIMULATED,NORMAL
2026-06-17T18:14:39.725198+00:00,DION_001,2818,-0.6015036522553903,SIMULATED,NORMAL
2026-06-17T18:14:39.736004+00:00,DION_001,2819,-0.7775735571602393,SIMULATED,NORMAL
2026-06-17T18:14:39.746708+00:00,DION_001,2820,-0.9124948477367112,SIMULATED,NORMAL
2026-06-17T18:14:39.757260+00:00,DION_001,2821,-0.3703565205439599,SIMULATED,NORMAL
2026-06-17T18:14:39.768019+00:00,DION_001,2822,-0.729359485568832,SIMULATED,NORMAL
2026-06-17T18:14:39.778605+00:00,DION_001,2823,-0.761281679718049,SIMULATED,NORMAL
2026-06-17T18:14:39.789328+00:00,DION_001,2824,-0.7520149675144366,SIMULATED,NORMAL
2026-06-17T18:14:39.799985+00:00,DION_001,2825,-0.6218682306276556,SIMULATED,NORMAL
2026-06-17T18:14:39.810607+00:00,DION_001,2826,-0.3738337280600038,SIMULATED,NORMAL
2026-06-17T18:14:39.821176+00:00,DION_001,2827,-0.40680319907120827,SIMULATED,NORMAL
2026-06-17T18:14:39.831832+00:00,DION_001,2828,-0.4231972446555884,SIMULATED,NORMAL
2026-06-17T18:14:39.842428+00:00,DION_001,2829,-0.5865877922560013,SIMULATED,NORMAL
2026-06-17T18:14:39.853010+00:00,DION_001,2830,-0.4296903398832568,SIMULATED,NORMAL
2026-06-17T18:14:39.863582+00:00,DION_001,2831,-0.41146936385366967,SIMULATED,NORMAL
2026-06-17T18:14:39.874067+00:00,DION_001,2832,-0.4904288485030017,SIMULATED,NORMAL
2026-06-17T18:14:39.884671+00:00,DION_001,2833,-0.2665622061356084,SIMULATED,NORMAL
2026-06-17T18:14:39.895302+00:00,DION_001,2834,-0.29601969669064343,SIMULATED,NORMAL
2026-06-17T18:14:39.905903+00:00,DION_001,2835,-0.18126494919150105,SIMULATED,NORMAL
2026-06-17T18:14:39.916718+00:00,DION_001,2836,-0.5077005253602006,SIMULATED,NORMAL
2026-06-17T18:14:39.927374+00:00,DION_001,2837,-0.28143648900368406,SIMULATED,NORMAL
2026-06-17T18:14:39.938115+00:00,DION_001,2838,-0.33618046791506556,SIMULATED,NORMAL
2026-06-17T18:14:39.948844+00:00,DION_001,2839,-0.2621230093457886,SIMULATED,NORMAL
2026-06-17T18:14:39.959435+00:00,DION_001,2840,-0.12112729396448543,SIMULATED,NORMAL
2026-06-17T18:14:39.970150+00:00,DION_001,2841,-0.06670618035244982,SIMULATED,NORMAL
2026-06-17T18:14:39.980848+00:00,DION_001,2842,-0.23024594033300289,SIMULATED,NORMAL
2026-06-17T18:14:39.991494+00:00,DION_001,2843,0.01839643098039371,SIMULATED,NORMAL
2026-06-17T18:14:40.002195+00:00,DION_001,2844,0.004016704183971065,SIMULATED,NORMAL
2026-06-17T18:14:40.012820+00:00,DION_001,2845,0.1872087952206969,SIMULATED,NORMAL
2026-06-17T18:14:40.023326+00:00,DION_001,2846,0.15019333576698388,SIMULATED,NORMAL
2026-06-17T18:14:40.033860+00:00,DION_001,2847,0.26310573265083487,SIMULATED,NORMAL
2026-06-17T18:14:40.044533+00:00,DION_001,2848,0.30258537582094625,SIMULATED,NORMAL
2026-06-17T18:14:40.055158+00:00,DION_001,2849,0.07982842329350229,SIMULATED,NORMAL
2026-06-17T18:14:40.065703+00:00,DION_001,2850,0.2707981489724678,SIMULATED,NORMAL
2026-06-17T18:14:40.076205+00:00,DION_001,2851,0.3105852700445484,SIMULATED,NORMAL
2026-06-17T18:14:40.086626+00:00,DION_001,2852,0.2826438360397716,SIMULATED,NORMAL
2026-06-17T18:14:40.097162+00:00,DION_001,2853,0.2806816790645796,SIMULATED,NORMAL
2026-06-17T18:14:40.108121+00:00,DION_001,2854,0.4759497983645267,SIMULATED,NORMAL
2026-06-17T18:14:40.118491+00:00,DION_001,2855,0.4176563040675101,SIMULATED,NORMAL
2026-06-17T18:14:40.128866+00:00,DION_001,2856,0.6754036635005564,SIMULATED,NORMAL
2026-06-17T18:14:40.139111+00:00,DION_001,2857,0.5476106405687513,SIMULATED,NORMAL
2026-06-17T18:14:40.149596+00:00,DION_001,2858,0.3818106958442036,SIMULATED,NORMAL
2026-06-17T18:14:40.160190+00:00,DION_001,2859,0.8411150134390912,SIMULATED,NORMAL
2026-06-17T18:14:40.170728+00:00,DION_001,2860,0.7439086888427381,SIMULATED,NORMAL
2026-06-17T18:14:40.181341+00:00,DION_001,2861,0.6818306921291255,SIMULATED,NORMAL
2026-06-17T18:14:40.191932+00:00,DION_001,2862,0.3549164868368804,SIMULATED,NORMAL
2026-06-17T18:14:40.202520+00:00,DION_001,2863,0.2848033869098647,SIMULATED,NORMAL
2026-06-17T18:14:40.213135+00:00,DION_001,2864,0.7376868086258469,SIMULATED,NORMAL
2026-06-17T18:14:40.223675+00:00,DION_001,2865,0.7543794813038546,SIMULATED,NORMAL
2026-06-17T18:14:40.234335+00:00,DION_001,2866,0.7149981815424515,SIMULATED,NORMAL
2026-06-17T18:14:40.245013+00:00,DION_001,2867,0.37270989797474935,SIMULATED,NORMAL
2026-06-17T18:14:40.255505+00:00,DION_001,2868,0.46071424487059504,SIMULATED,NORMAL
2026-06-17T18:14:40.266129+00:00,DION_001,2869,0.4505852018412263,SIMULATED,NORMAL
2026-06-17T18:14:40.276855+00:00,DION_001,2870,0.5791219743451992,SIMULATED,NORMAL
2026-06-17T18:14:40.287368+00:00,DION_001,2871,0.5615817156652974,SIMULATED,NORMAL
2026-06-17T18:14:40.298049+00:00,DION_001,2872,0.6562085240982,SIMULATED,NORMAL
2026-06-17T18:14:40.308769+00:00,DION_001,2873,0.8654348228935385,SIMULATED,NORMAL
2026-06-17T18:14:40.319344+00:00,DION_001,2874,0.5694923601174313,SIMULATED,NORMAL
2026-06-17T18:14:40.329940+00:00,DION_001,2875,0.6449892839033092,SIMULATED,NORMAL
2026-06-17T18:14:40.340722+00:00,DION_001,2876,0.6718190797569403,SIMULATED,NORMAL
2026-06-17T18:14:40.351334+00:00,DION_001,2877,0.7234132794956103,SIMULATED,NORMAL
2026-06-17T18:14:40.361900+00:00,DION_001,2878,0.5022845124092119,SIMULATED,NORMAL
2026-06-17T18:14:40.372468+00:00,DION_001,2879,0.8779682894561815,SIMULATED,NORMAL
2026-06-17T18:14:40.383180+00:00,DION_001,2880,0.5098564222070003,SIMULATED,NORMAL
2026-06-17T18:14:40.393738+00:00,DION_001,2881,0.2539759387627227,SIMULATED,NORMAL
2026-06-17T18:14:40.404460+00:00,DION_001,2882,0.5301508952511907,SIMULATED,NORMAL
2026-06-17T18:14:40.415167+00:00,DION_001,2883,0.4037914380208654,SIMULATED,NORMAL
2026-06-17T18:14:40.425744+00:00,DION_001,2884,3.3524660576471117,SIMULATED,EVENT_DETECTED
2026-06-17T18:14:40.436765+00:00,DION_001,2885,0.7081470752673418,SIMULATED,NORMAL
2026-06-17T18:14:40.447456+00:00,DION_001,2886,0.11758978949466597,SIMULATED,NORMAL
2026-06-17T18:14:40.458054+00:00,DION_001,2887,0.40620449456178714,SIMULATED,NORMAL
2026-06-17T18:14:40.468635+00:00,DION_001,2888,0.1993556998395377,SIMULATED,NORMAL
2026-06-17T18:14:40.479227+00:00,DION_001,2889,0.1058637561902927,SIMULATED,NORMAL
2026-06-17T18:14:40.489828+00:00,DION_001,2890,0.24089804030724554,SIMULATED,NORMAL
2026-06-17T18:14:40.500686+00:00,DION_001,2891,0.38927881280353216,SIMULATED,NORMAL
2026-06-17T18:14:40.511281+00:00,DION_001,2892,0.08033215321472897,SIMULATED,NORMAL
2026-06-17T18:14:40.521883+00:00,DION_001,2893,0.3358531141584981,SIMULATED,NORMAL
2026-06-17T18:14:40.532468+00:00,DION_001,2894,0.2745109836117815,SIMULATED,NORMAL
2026-06-17T18:14:40.543131+00:00,DION_001,2895,0.4514007062157771,SIMULATED,NORMAL
2026-06-17T18:14:40.553660+00:00,DION_001,2896,0.4328622053408333,SIMULATED,NORMAL
2026-06-17T18:14:40.564123+00:00,DION_001,2897,0.24099453049868308,SIMULATED,NORMAL
2026-06-17T18:14:40.574710+00:00,DION_001,2898,0.4531393405695098,SIMULATED,NORMAL
2026-06-17T18:14:40.585200+00:00,DION_001,2899,0.2911682852630738,SIMULATED,NORMAL
2026-06-17T18:14:40.595661+00:00,DION_001,2900,0.11201788399140694,SIMULATED,NORMAL
2026-06-17T18:14:40.606187+00:00,DION_001,2901,0.13298437252675926,SIMULATED,NORMAL
2026-06-17T18:14:40.616845+00:00,DION_001,2902,0.36934054412063705,SIMULATED,NORMAL
2026-06-17T18:14:40.627201+00:00,DION_001,2903,0.2612633216836676,SIMULATED,NORMAL
2026-06-17T18:14:40.637741+00:00,DION_001,2904,0.09993250392623512,SIMULATED,NORMAL
2026-06-17T18:14:40.648191+00:00,DION_001,2905,0.3113707565354359,SIMULATED,NORMAL
2026-06-17T18:14:40.658890+00:00,DION_001,2906,0.46691657301987544,SIMULATED,NORMAL
2026-06-17T18:14:40.669625+00:00,DION_001,2907,0.314949064340117,SIMULATED,NORMAL
2026-06-17T18:14:40.680100+00:00,DION_001,2908,0.25544474891458036,SIMULATED,NORMAL
2026-06-17T18:14:40.690469+00:00,DION_001,2909,0.5656692833887136,SIMULATED,NORMAL
2026-06-17T18:14:40.701081+00:00,DION_001,2910,0.42504577915444497,SIMULATED,NORMAL
2026-06-17T18:14:40.711470+00:00,DION_001,2911,0.4764940888987781,SIMULATED,NORMAL
2026-06-17T18:14:40.721884+00:00,DION_001,2912,0.5231046572897831,SIMULATED,NORMAL
2026-06-17T18:14:40.732603+00:00,DION_001,2913,0.26617413278823054,SIMULATED,NORMAL
2026-06-17T18:14:40.743231+00:00,DION_001,2914,0.46488569399164414,SIMULATED,NORMAL
2026-06-17T18:14:40.753783+00:00,DION_001,2915,0.4492072521397695,SIMULATED,NORMAL
2026-06-17T18:14:40.764213+00:00,DION_001,2916,0.6895957081863683,SIMULATED,NORMAL
2026-06-17T18:14:40.774737+00:00,DION_001,2917,0.4474357984944135,SIMULATED,NORMAL
2026-06-17T18:14:40.785284+00:00,DION_001,2918,0.5963751698200057,SIMULATED,NORMAL
2026-06-17T18:14:40.795614+00:00,DION_001,2919,1.0143271032450025,SIMULATED,NORMAL
2026-06-17T18:14:40.806085+00:00,DION_001,2920,0.5714747910629091,SIMULATED,NORMAL
2026-06-17T18:14:40.816511+00:00,DION_001,2921,0.7380693623615944,SIMULATED,NORMAL
2026-06-17T18:14:40.827100+00:00,DION_001,2922,1.0974250230092015,SIMULATED,NORMAL
2026-06-17T18:14:40.837546+00:00,DION_001,2923,0.7826484273037186,SIMULATED,NORMAL
2026-06-17T18:14:40.847990+00:00,DION_001,2924,0.7615500093033583,SIMULATED,NORMAL
2026-06-17T18:14:40.858530+00:00,DION_001,2925,0.6930472424839508,SIMULATED,NORMAL
2026-06-17T18:14:40.869116+00:00,DION_001,2926,1.1092986417803559,SIMULATED,NORMAL
2026-06-17T18:14:40.879518+00:00,DION_001,2927,0.8944471260793665,SIMULATED,NORMAL
2026-06-17T18:14:40.889928+00:00,DION_001,2928,0.7559942025960693,SIMULATED,NORMAL
2026-06-17T18:14:40.900363+00:00,DION_001,2929,1.0756203099555939,SIMULATED,NORMAL
2026-06-17T18:14:40.910673+00:00,DION_001,2930,0.8922648168597581,SIMULATED,NORMAL
2026-06-17T18:14:40.921089+00:00,DION_001,2931,0.598873091402693,SIMULATED,NORMAL
2026-06-17T18:14:40.931531+00:00,DION_001,2932,0.8635139965350573,SIMULATED,NORMAL
2026-06-17T18:14:40.941930+00:00,DION_001,2933,0.8433122905984907,SIMULATED,NORMAL
2026-06-17T18:14:40.952633+00:00,DION_001,2934,1.1931495730238109,SIMULATED,NORMAL
2026-06-17T18:14:40.963050+00:00,DION_001,2935,1.022521819928877,SIMULATED,NORMAL
2026-06-17T18:14:40.973520+00:00,DION_001,2936,1.0868665784809817,SIMULATED,NORMAL
2026-06-17T18:14:40.984146+00:00,DION_001,2937,0.9566848110921495,SIMULATED,NORMAL
2026-06-17T18:14:40.994711+00:00,DION_001,2938,0.9730637200760767,SIMULATED,NORMAL
2026-06-17T18:14:41.005362+00:00,DION_001,2939,1.3275072232664031,SIMULATED,NORMAL
2026-06-17T18:14:41.015887+00:00,DION_001,2940,1.0924079970540388,SIMULATED,NORMAL
2026-06-17T18:14:41.026226+00:00,DION_001,2941,1.1470604835078173,SIMULATED,NORMAL
2026-06-17T18:14:41.036675+00:00,DION_001,2942,1.383146863320635,SIMULATED,NORMAL
2026-06-17T18:14:41.046984+00:00,DION_001,2943,1.155773560590449,SIMULATED,NORMAL
2026-06-17T18:14:41.057474+00:00,DION_001,2944,1.095114446978726,SIMULATED,NORMAL
2026-06-17T18:14:41.067959+00:00,DION_001,2945,0.9818796042928086,SIMULATED,NORMAL
2026-06-17T18:14:41.078375+00:00,DION_001,2946,1.1267190152627815,SIMULATED,NORMAL
2026-06-17T18:14:41.088904+00:00,DION_001,2947,1.0534045080712104,SIMULATED,NORMAL
2026-06-17T18:14:41.099415+00:00,DION_001,2948,1.4735450699096915,SIMULATED,NORMAL
2026-06-17T18:14:41.109839+00:00,DION_001,2949,1.1964361304740465,SIMULATED,NORMAL
2026-06-17T18:14:41.120435+00:00,DION_001,2950,1.031820488267583,SIMULATED,NORMAL
2026-06-17T18:14:41.130928+00:00,DION_001,2951,1.141006004852741,SIMULATED,NORMAL
2026-06-17T18:14:41.141355+00:00,DION_001,2952,1.0011522660385483,SIMULATED,NORMAL
2026-06-17T18:14:41.151995+00:00,DION_001,2953,0.8649818160036846,SIMULATED,NORMAL
2026-06-17T18:14:41.162389+00:00,DION_001,2954,0.8710543112008668,SIMULATED,NORMAL
2026-06-17T18:14:41.172717+00:00,DION_001,2955,1.101893093381422,SIMULATED,NORMAL
2026-06-17T18:14:41.183200+00:00,DION_001,2956,0.9394265596366362,SIMULATED,NORMAL
2026-06-17T18:14:41.193552+00:00,DION_001,2957,1.1553017008978739,SIMULATED,NORMAL
2026-06-17T18:14:41.203958+00:00,DION_001,2958,0.777085742700184,SIMULATED,NORMAL
2026-06-17T18:14:41.214257+00:00,DION_001,2959,0.6389744393211683,SIMULATED,NORMAL
2026-06-17T18:14:41.224944+00:00,DION_001,2960,0.6699545062700465,SIMULATED,NORMAL
2026-06-17T18:14:41.235437+00:00,DION_001,2961,0.806843972578945,SIMULATED,NORMAL
2026-06-17T18:14:41.245800+00:00,DION_001,2962,0.7279138633253983,SIMULATED,NORMAL
2026-06-17T18:14:41.256290+00:00,DION_001,2963,0.8324171702009192,SIMULATED,NORMAL
2026-06-17T18:14:41.266694+00:00,DION_001,2964,0.6185002255783071,SIMULATED,NORMAL
2026-06-17T18:14:41.277197+00:00,DION_001,2965,0.7848886624577642,SIMULATED,NORMAL
2026-06-17T18:14:41.287786+00:00,DION_001,2966,0.43019773979812626,SIMULATED,NORMAL
2026-06-17T18:14:41.298566+00:00,DION_001,2967,0.27665501824330657,SIMULATED,NORMAL
2026-06-17T18:14:41.309116+00:00,DION_001,2968,0.5074373707951657,SIMULATED,NORMAL
2026-06-17T18:14:41.319719+00:00,DION_001,2969,0.4672578326361325,SIMULATED,NORMAL
2026-06-17T18:14:41.330281+00:00,DION_001,2970,0.37444652588776206,SIMULATED,NORMAL
2026-06-17T18:14:41.340891+00:00,DION_001,2971,0.15007568557641604,SIMULATED,NORMAL
2026-06-17T18:14:41.351491+00:00,DION_001,2972,0.5690417149325083,SIMULATED,NORMAL
2026-06-17T18:14:41.362048+00:00,DION_001,2973,0.3071708693829293,SIMULATED,NORMAL
2026-06-17T18:14:41.373049+00:00,DION_001,2974,0.22022845587415837,SIMULATED,NORMAL
2026-06-17T18:14:41.383591+00:00,DION_001,2975,0.2517089701479397,SIMULATED,NORMAL
2026-06-17T18:14:41.394144+00:00,DION_001,2976,0.44271153314567446,SIMULATED,NORMAL
2026-06-17T18:14:41.404833+00:00,DION_001,2977,0.4851012341039143,SIMULATED,NORMAL
2026-06-17T18:14:41.415440+00:00,DION_001,2978,0.4536782714879206,SIMULATED,NORMAL
2026-06-17T18:14:41.426094+00:00,DION_001,2979,-0.0003096348679105243,SIMULATED,NORMAL
2026-06-17T18:14:41.436921+00:00,DION_001,2980,0.1869368231725528,SIMULATED,NORMAL
2026-06-17T18:14:41.447524+00:00,DION_001,2981,-1.9158278594724962,SIMULATED,NORMAL
2026-06-17T18:14:41.458477+00:00,DION_001,2982,-0.03385606925882906,SIMULATED,NORMAL
2026-06-17T18:14:41.469078+00:00,DION_001,2983,0.357638763309102,SIMULATED,NORMAL
2026-06-17T18:14:41.479605+00:00,DION_001,2984,0.2882106498270587,SIMULATED,NORMAL
2026-06-17T18:14:41.490222+00:00,DION_001,2985,-0.07375052847873809,SIMULATED,NORMAL
2026-06-17T18:14:41.500905+00:00,DION_001,2986,0.38513380364773636,SIMULATED,NORMAL
2026-06-17T18:14:41.511438+00:00,DION_001,2987,0.1782787759659555,SIMULATED,NORMAL
2026-06-17T18:14:41.522059+00:00,DION_001,2988,0.1256612241152953,SIMULATED,NORMAL
2026-06-17T18:14:41.532700+00:00,DION_001,2989,0.02666716568164057,SIMULATED,NORMAL
2026-06-17T18:14:41.543394+00:00,DION_001,2990,0.2663249435390723,SIMULATED,NORMAL
2026-06-17T18:14:41.553975+00:00,DION_001,2991,0.23355577667303565,SIMULATED,NORMAL
2026-06-17T18:14:41.564627+00:00,DION_001,2992,-0.036463007460896424,SIMULATED,NORMAL
2026-06-17T18:14:41.575337+00:00,DION_001,2993,0.09747828457746896,SIMULATED,NORMAL
2026-06-17T18:14:41.586001+00:00,DION_001,2994,0.5261615951405902,SIMULATED,NORMAL
2026-06-17T18:14:41.596690+00:00,DION_001,2995,0.37992935312572834,SIMULATED,NORMAL
2026-06-17T18:14:41.607408+00:00,DION_001,2996,0.34625226687812394,SIMULATED,NORMAL
2026-06-17T18:14:41.617916+00:00,DION_001,2997,0.08943867061992261,SIMULATED,NORMAL
2026-06-17T18:14:41.628518+00:00,DION_001,2998,0.13178465052907548,SIMULATED,NORMAL
2026-06-17T18:14:41.639223+00:00,DION_001,2999,0.18197678993544153,SIMULATED,NORMAL
2026-06-17T18:14:41.649811+00:00,DION_001,3000,0.5045461319545084,SIMULATED,NORMAL
2026-06-17T18:14:41.660336+00:00,DION_001,3001,0.271949132040001,SIMULATED,NORMAL
2026-06-17T18:14:41.671030+00:00,DION_001,3002,0.4260874598852149,SIMULATED,NORMAL
2026-06-17T18:14:41.681692+00:00,DION_001,3003,0.44484782592809047,SIMULATED,NORMAL
2026-06-17T18:14:41.692243+00:00,DION_001,3004,0.47428729959460997,SIMULATED,NORMAL
2026-06-17T18:14:41.702829+00:00,DION_001,3005,0.29078284037615365,SIMULATED,NORMAL
2026-06-17T18:14:41.713479+00:00,DION_001,3006,0.30662608671355496,SIMULATED,NORMAL
2026-06-17T18:14:41.723976+00:00,DION_001,3007,0.5408677173501794,SIMULATED,NORMAL
2026-06-17T18:14:41.734687+00:00,DION_001,3008,0.4759027029548351,SIMULATED,NORMAL
2026-06-17T18:14:41.745296+00:00,DION_001,3009,0.5081612182086161,SIMULATED,NORMAL
2026-06-17T18:14:41.756100+00:00,DION_001,3010,3.138705820345047,SIMULATED,EVENT_DETECTED
2026-06-17T18:14:41.767078+00:00,DION_001,3011,0.7658534703376526,SIMULATED,NORMAL
2026-06-17T18:14:41.777603+00:00,DION_001,3012,0.6864748558126349,SIMULATED,NORMAL
2026-06-17T18:14:41.788292+00:00,DION_001,3013,0.6496706664968892,SIMULATED,NORMAL
2026-06-17T18:14:41.799093+00:00,DION_001,3014,0.6146967122587133,SIMULATED,NORMAL
2026-06-17T18:14:41.809652+00:00,DION_001,3015,0.37003465854268874,SIMULATED,NORMAL
2026-06-17T18:14:41.820275+00:00,DION_001,3016,0.45218027449304776,SIMULATED,NORMAL
2026-06-17T18:14:41.830843+00:00,DION_001,3017,0.7170033216227456,SIMULATED,NORMAL
2026-06-17T18:14:41.841414+00:00,DION_001,3018,0.5853425830292687,SIMULATED,NORMAL
2026-06-17T18:14:41.852111+00:00,DION_001,3019,0.5518324632366775,SIMULATED,NORMAL
2026-06-17T18:14:41.862630+00:00,DION_001,3020,0.372265728944069,SIMULATED,NORMAL
2026-06-17T18:14:41.873174+00:00,DION_001,3021,0.5253478411394317,SIMULATED,NORMAL
2026-06-17T18:14:41.883692+00:00,DION_001,3022,0.7973687068658643,SIMULATED,NORMAL
2026-06-17T18:14:41.894183+00:00,DION_001,3023,0.5298161577050026,SIMULATED,NORMAL
2026-06-17T18:14:41.904744+00:00,DION_001,3024,0.3944215436911441,SIMULATED,NORMAL
2026-06-17T18:14:41.915403+00:00,DION_001,3025,0.31758007095299073,SIMULATED,NORMAL
2026-06-17T18:14:41.925955+00:00,DION_001,3026,0.416779541158677,SIMULATED,NORMAL
2026-06-17T18:14:41.936503+00:00,DION_001,3027,0.33599602281922264,SIMULATED,NORMAL
2026-06-17T18:14:41.947177+00:00,DION_001,3028,0.16849754255707242,SIMULATED,NORMAL
2026-06-17T18:14:41.957793+00:00,DION_001,3029,0.2263456914096674,SIMULATED,NORMAL
2026-06-17T18:14:41.968389+00:00,DION_001,3030,0.343529350084665,SIMULATED,NORMAL
2026-06-17T18:14:41.979013+00:00,DION_001,3031,0.09900143748631587,SIMULATED,NORMAL
2026-06-17T18:14:41.989622+00:00,DION_001,3032,0.166644942811844,SIMULATED,NORMAL
2026-06-17T18:14:42.000303+00:00,DION_001,3033,0.27374141838551647,SIMULATED,NORMAL
2026-06-17T18:14:42.010879+00:00,DION_001,3034,0.16648377891959126,SIMULATED,NORMAL
2026-06-17T18:14:42.021462+00:00,DION_001,3035,0.37583679778362594,SIMULATED,NORMAL
2026-06-17T18:14:42.032137+00:00,DION_001,3036,-0.03333217932838525,SIMULATED,NORMAL
2026-06-17T18:14:42.042684+00:00,DION_001,3037,0.027392820076109575,SIMULATED,NORMAL
2026-06-17T18:14:42.053238+00:00,DION_001,3038,-0.060712896093504595,SIMULATED,NORMAL
2026-06-17T18:14:42.063730+00:00,DION_001,3039,-0.1426532224824267,SIMULATED,NORMAL
2026-06-17T18:14:42.074292+00:00,DION_001,3040,0.0641936907391599,SIMULATED,NORMAL
2026-06-17T18:14:42.084863+00:00,DION_001,3041,-0.12533027520866594,SIMULATED,NORMAL
2026-06-17T18:14:42.095617+00:00,DION_001,3042,-0.004005717829435151,SIMULATED,NORMAL
2026-06-17T18:14:42.106203+00:00,DION_001,3043,-0.16797404020299642,SIMULATED,NORMAL
2026-06-17T18:14:42.116883+00:00,DION_001,3044,-0.19491096220818624,SIMULATED,NORMAL
2026-06-17T18:14:42.127490+00:00,DION_001,3045,-0.27781666272293026,SIMULATED,NORMAL
2026-06-17T18:14:42.138060+00:00,DION_001,3046,-0.2791523414450669,SIMULATED,NORMAL
2026-06-17T18:14:42.148661+00:00,DION_001,3047,-0.28954705318403806,SIMULATED,NORMAL
2026-06-17T18:14:42.159321+00:00,DION_001,3048,-0.2478397205359823,SIMULATED,NORMAL
2026-06-17T18:14:42.169756+00:00,DION_001,3049,-0.22781808173452703,SIMULATED,NORMAL
2026-06-17T18:14:42.180263+00:00,DION_001,3050,-0.5983701121969325,SIMULATED,NORMAL
2026-06-17T18:14:42.191145+00:00,DION_001,3051,-0.6108531352621005,SIMULATED,NORMAL
2026-06-17T18:14:42.201660+00:00,DION_001,3052,-0.7458080429644229,SIMULATED,NORMAL
2026-06-17T18:14:42.212169+00:00,DION_001,3053,-0.5750747241473466,SIMULATED,NORMAL
2026-06-17T18:14:42.222828+00:00,DION_001,3054,-0.5459206942167371,SIMULATED,NORMAL
2026-06-17T18:14:42.233524+00:00,DION_001,3055,-0.5500466706831668,SIMULATED,NORMAL
2026-06-17T18:14:42.244041+00:00,DION_001,3056,-0.8285357042404642,SIMULATED,NORMAL
2026-06-17T18:14:42.254538+00:00,DION_001,3057,-0.8110299623652093,SIMULATED,NORMAL
2026-06-17T18:14:42.264977+00:00,DION_001,3058,-0.5700884791883992,SIMULATED,NORMAL
2026-06-17T18:14:42.275401+00:00,DION_001,3059,-0.5399437046255259,SIMULATED,NORMAL
2026-06-17T18:14:42.285809+00:00,DION_001,3060,-0.7923264167293861,SIMULATED,NORMAL
2026-06-17T18:14:42.296272+00:00,DION_001,3061,-0.6938673058895745,SIMULATED,NORMAL
2026-06-17T18:14:42.306725+00:00,DION_001,3062,-0.9179671328048772,SIMULATED,NORMAL
2026-06-17T18:14:42.317231+00:00,DION_001,3063,-0.7271200421083068,SIMULATED,NORMAL
2026-06-17T18:14:42.327586+00:00,DION_001,3064,-0.6274152247932534,SIMULATED,NORMAL
2026-06-17T18:14:42.338040+00:00,DION_001,3065,-0.8866284396931862,SIMULATED,NORMAL
2026-06-17T18:14:42.348738+00:00,DION_001,3066,-0.8195722274485142,SIMULATED,NORMAL
2026-06-17T18:14:42.359433+00:00,DION_001,3067,-0.7412909630529201,SIMULATED,NORMAL
2026-06-17T18:14:42.369983+00:00,DION_001,3068,-0.6162000973817503,SIMULATED,NORMAL
2026-06-17T18:14:42.380470+00:00,DION_001,3069,-0.767088703394942,SIMULATED,NORMAL
2026-06-17T18:14:42.391098+00:00,DION_001,3070,-0.7119380150782366,SIMULATED,NORMAL
2026-06-17T18:14:42.401747+00:00,DION_001,3071,-1.0596663169290506,SIMULATED,NORMAL
2026-06-17T18:14:42.412277+00:00,DION_001,3072,-0.6641972433180228,SIMULATED,NORMAL
2026-06-17T18:14:42.423063+00:00,DION_001,3073,-0.8535040847530075,SIMULATED,NORMAL
2026-06-17T18:14:42.433710+00:00,DION_001,3074,-0.8893188793948729,SIMULATED,NORMAL
2026-06-17T18:14:42.444251+00:00,DION_001,3075,-0.748372661483228,SIMULATED,NORMAL
2026-06-17T18:14:42.454883+00:00,DION_001,3076,1.9187421947855268,SIMULATED,NORMAL
2026-06-17T18:14:42.465777+00:00,DION_001,3077,-0.7578379344878596,SIMULATED,NORMAL
2026-06-17T18:14:42.476397+00:00,DION_001,3078,-0.5905988048739588,SIMULATED,NORMAL
2026-06-17T18:14:42.487268+00:00,DION_001,3079,-0.7348687832096943,SIMULATED,NORMAL
2026-06-17T18:14:42.497950+00:00,DION_001,3080,-0.4881072175883569,SIMULATED,NORMAL
2026-06-17T18:14:42.508441+00:00,DION_001,3081,-0.6730296307510353,SIMULATED,NORMAL
2026-06-17T18:14:42.519109+00:00,DION_001,3082,-0.4255114553266341,SIMULATED,NORMAL
2026-06-17T18:14:42.529695+00:00,DION_001,3083,-0.4423529955287011,SIMULATED,NORMAL
2026-06-17T18:14:42.540408+00:00,DION_001,3084,-0.4414692492833352,SIMULATED,NORMAL
2026-06-17T18:14:42.551056+00:00,DION_001,3085,-1.694197468048464,SIMULATED,NORMAL
2026-06-17T18:14:42.561769+00:00,DION_001,3086,-0.582428529472234,SIMULATED,NORMAL
2026-06-17T18:14:42.572532+00:00,DION_001,3087,-0.49379217564878897,SIMULATED,NORMAL
2026-06-17T18:14:42.583283+00:00,DION_001,3088,-0.4963825431554173,SIMULATED,NORMAL
2026-06-17T18:14:42.593770+00:00,DION_001,3089,-0.5197617840874655,SIMULATED,NORMAL
2026-06-17T18:14:42.604235+00:00,DION_001,3090,-0.2587649596592653,SIMULATED,NORMAL
2026-06-17T18:14:42.614722+00:00,DION_001,3091,-0.4247110065010806,SIMULATED,NORMAL
2026-06-17T18:14:42.625268+00:00,DION_001,3092,-0.29252532436946843,SIMULATED,NORMAL
2026-06-17T18:14:42.635836+00:00,DION_001,3093,-0.4112377651873106,SIMULATED,NORMAL
2026-06-17T18:14:42.646521+00:00,DION_001,3094,-0.36702947136573233,SIMULATED,NORMAL
2026-06-17T18:14:42.657005+00:00,DION_001,3095,-0.333000481807576,SIMULATED,NORMAL
2026-06-17T18:14:42.667581+00:00,DION_001,3096,-0.16963405513526683,SIMULATED,NORMAL
2026-06-17T18:14:42.678226+00:00,DION_001,3097,-0.21136781483699446,SIMULATED,NORMAL
2026-06-17T18:14:42.688823+00:00,DION_001,3098,-0.49637855961620525,SIMULATED,NORMAL
2026-06-17T18:14:42.699497+00:00,DION_001,3099,-0.2526041118960541,SIMULATED,NORMAL
2026-06-17T18:14:42.710083+00:00,DION_001,3100,-0.3432655740572988,SIMULATED,NORMAL
2026-06-17T18:14:42.720701+00:00,DION_001,3101,-0.6772779824433497,SIMULATED,NORMAL
2026-06-17T18:14:42.731170+00:00,DION_001,3102,-0.35817129711121654,SIMULATED,NORMAL
2026-06-17T18:14:42.741851+00:00,DION_001,3103,-0.25961229021403864,SIMULATED,NORMAL
2026-06-17T18:14:42.752450+00:00,DION_001,3104,-0.4438934586169814,SIMULATED,NORMAL
2026-06-17T18:14:42.763229+00:00,DION_001,3105,-0.4612639036825622,SIMULATED,NORMAL
2026-06-17T18:14:42.773926+00:00,DION_001,3106,-0.27762206196797856,SIMULATED,NORMAL
2026-06-17T18:14:42.784545+00:00,DION_001,3107,-0.3354185822576523,SIMULATED,NORMAL
2026-06-17T18:14:42.795372+00:00,DION_001,3108,-0.2817794445754104,SIMULATED,NORMAL
2026-06-17T18:14:42.805927+00:00,DION_001,3109,-0.4750762124786449,SIMULATED,NORMAL
2026-06-17T18:14:42.816709+00:00,DION_001,3110,-0.4146047798879481,SIMULATED,NORMAL
2026-06-17T18:14:42.827296+00:00,DION_001,3111,-0.723865190776183,SIMULATED,NORMAL
2026-06-17T18:14:42.837920+00:00,DION_001,3112,-0.5677110794838833,SIMULATED,NORMAL
2026-06-17T18:14:42.848542+00:00,DION_001,3113,-0.6871478287430732,SIMULATED,NORMAL
2026-06-17T18:14:42.859224+00:00,DION_001,3114,-0.8093769089094355,SIMULATED,NORMAL
2026-06-17T18:14:42.869813+00:00,DION_001,3115,-0.6243313683835761,SIMULATED,NORMAL
2026-06-17T18:14:42.880348+00:00,DION_001,3116,-0.5228276930899376,SIMULATED,NORMAL
2026-06-17T18:14:42.891110+00:00,DION_001,3117,-0.8036914830812834,SIMULATED,NORMAL
2026-06-17T18:14:42.901706+00:00,DION_001,3118,-0.6360123075525763,SIMULATED,NORMAL
2026-06-17T18:14:42.912252+00:00,DION_001,3119,-0.6200075526521124,SIMULATED,NORMAL
2026-06-17T18:14:42.922844+00:00,DION_001,3120,-0.7580731920259602,SIMULATED,NORMAL
2026-06-17T18:14:42.933332+00:00,DION_001,3121,-0.9371868515692715,SIMULATED,NORMAL
2026-06-17T18:14:42.944004+00:00,DION_001,3122,-0.9003944298671188,SIMULATED,NORMAL
2026-06-17T18:14:42.954601+00:00,DION_001,3123,-0.756693729641018,SIMULATED,NORMAL
2026-06-17T18:14:42.965350+00:00,DION_001,3124,-0.882462706941223,SIMULATED,NORMAL
2026-06-17T18:14:42.976061+00:00,DION_001,3125,-0.9370600799270934,SIMULATED,NORMAL
2026-06-17T18:14:42.986627+00:00,DION_001,3126,-0.9288914302216839,SIMULATED,NORMAL
2026-06-17T18:14:42.997168+00:00,DION_001,3127,-1.2076274042397472,SIMULATED,NORMAL
2026-06-17T18:14:43.007740+00:00,DION_001,3128,-1.226671140020135,SIMULATED,NORMAL
2026-06-17T18:14:43.018323+00:00,DION_001,3129,-1.097812130547887,SIMULATED,NORMAL
2026-06-17T18:14:43.028795+00:00,DION_001,3130,-1.0092837291223808,SIMULATED,NORMAL
2026-06-17T18:14:43.039473+00:00,DION_001,3131,0.5831153228625838,SIMULATED,NORMAL
2026-06-17T18:14:43.050235+00:00,DION_001,3132,-0.9633378045968841,SIMULATED,NORMAL
2026-06-17T18:14:43.060821+00:00,DION_001,3133,-1.151660128771557,SIMULATED,NORMAL
2026-06-17T18:14:43.071416+00:00,DION_001,3134,-1.2249416469403496,SIMULATED,NORMAL
2026-06-17T18:14:43.082067+00:00,DION_001,3135,-1.2649881221582928,SIMULATED,NORMAL
2026-06-17T18:14:43.092632+00:00,DION_001,3136,-1.3474847008591027,SIMULATED,NORMAL
2026-06-17T18:14:43.103248+00:00,DION_001,3137,-1.1156891618400238,SIMULATED,NORMAL
2026-06-17T18:14:43.113870+00:00,DION_001,3138,-0.9564420367366752,SIMULATED,NORMAL
2026-06-17T18:14:43.124437+00:00,DION_001,3139,-0.9699978144927507,SIMULATED,NORMAL
2026-06-17T18:14:43.135346+00:00,DION_001,3140,-1.0009943040583755,SIMULATED,NORMAL
2026-06-17T18:14:43.145925+00:00,DION_001,3141,-1.011666274159036,SIMULATED,NORMAL
2026-06-17T18:14:43.156535+00:00,DION_001,3142,-1.147904106700053,SIMULATED,NORMAL
2026-06-17T18:14:43.167268+00:00,DION_001,3143,-1.1744127381141578,SIMULATED,NORMAL
2026-06-17T18:14:43.177837+00:00,DION_001,3144,-1.4509121534168439,SIMULATED,NORMAL
2026-06-17T18:14:43.188434+00:00,DION_001,3145,-1.151857113523404,SIMULATED,NORMAL
2026-06-17T18:14:43.199281+00:00,DION_001,3146,-1.3219111713392553,SIMULATED,NORMAL
2026-06-17T18:14:43.209890+00:00,DION_001,3147,-1.0221508896705445,SIMULATED,NORMAL
2026-06-17T18:14:43.220648+00:00,DION_001,3148,-1.2051490954059867,SIMULATED,NORMAL
2026-06-17T18:14:43.231319+00:00,DION_001,3149,-1.13026014614323,SIMULATED,NORMAL
2026-06-17T18:14:43.241901+00:00,DION_001,3150,-0.8785643010736683,SIMULATED,NORMAL
2026-06-17T18:14:43.252462+00:00,DION_001,3151,-1.0226873838360024,SIMULATED,NORMAL
2026-06-17T18:14:43.263223+00:00,DION_001,3152,-0.9689388739427032,SIMULATED,NORMAL
2026-06-17T18:14:43.273808+00:00,DION_001,3153,-0.7041153262303363,SIMULATED,NORMAL
2026-06-17T18:14:43.284401+00:00,DION_001,3154,-1.2597860739171225,SIMULATED,NORMAL
2026-06-17T18:14:43.295177+00:00,DION_001,3155,-0.8024975427341211,SIMULATED,NORMAL
2026-06-17T18:14:43.305743+00:00,DION_001,3156,-0.882617426340626,SIMULATED,NORMAL
2026-06-17T18:14:43.316419+00:00,DION_001,3157,-1.0161014141625258,SIMULATED,NORMAL
2026-06-17T18:14:43.327016+00:00,DION_001,3158,-0.8318466421848728,SIMULATED,NORMAL
2026-06-17T18:14:43.337921+00:00,DION_001,3159,-0.8601475171961475,SIMULATED,NORMAL
2026-06-17T18:14:43.348422+00:00,DION_001,3160,-0.578098780470017,SIMULATED,NORMAL
2026-06-17T18:14:43.359148+00:00,DION_001,3161,-0.486809071903742,SIMULATED,NORMAL
2026-06-17T18:14:43.369665+00:00,DION_001,3162,-0.4782208290663895,SIMULATED,NORMAL
2026-06-17T18:14:43.380155+00:00,DION_001,3163,-0.452927229991279,SIMULATED,NORMAL
2026-06-17T18:14:43.390689+00:00,DION_001,3164,-0.4664204513089497,SIMULATED,NORMAL
2026-06-17T18:14:43.401152+00:00,DION_001,3165,-0.3825153790758544,SIMULATED,NORMAL
2026-06-17T18:14:43.411528+00:00,DION_001,3166,-0.5775823912360049,SIMULATED,NORMAL
2026-06-17T18:14:43.421944+00:00,DION_001,3167,-0.40591155618225416,SIMULATED,NORMAL
2026-06-17T18:14:43.432350+00:00,DION_001,3168,-0.3125631932320385,SIMULATED,NORMAL
2026-06-17T18:14:43.442777+00:00,DION_001,3169,-0.4776892708593854,SIMULATED,NORMAL
2026-06-17T18:14:43.453565+00:00,DION_001,3170,-0.2730707454848522,SIMULATED,NORMAL
2026-06-17T18:14:43.464013+00:00,DION_001,3171,-0.03930394848024604,SIMULATED,NORMAL
2026-06-17T18:14:43.474508+00:00,DION_001,3172,-0.6497077128650032,SIMULATED,NORMAL
2026-06-17T18:14:43.484829+00:00,DION_001,3173,-0.2763607813370551,SIMULATED,NORMAL
2026-06-17T18:14:43.495425+00:00,DION_001,3174,-0.02354008922068354,SIMULATED,NORMAL
2026-06-17T18:14:43.506073+00:00,DION_001,3175,-0.1627104439810986,SIMULATED,NORMAL
2026-06-17T18:14:43.516653+00:00,DION_001,3176,0.16620393864056326,SIMULATED,NORMAL
2026-06-17T18:14:43.527105+00:00,DION_001,3177,0.032899083845698646,SIMULATED,NORMAL
2026-06-17T18:14:43.537808+00:00,DION_001,3178,-0.19260153467408075,SIMULATED,NORMAL
2026-06-17T18:14:43.548418+00:00,DION_001,3179,-0.2350966574370464,SIMULATED,NORMAL
2026-06-17T18:14:43.559238+00:00,DION_001,3180,0.1931072838466928,SIMULATED,NORMAL
2026-06-17T18:14:43.569774+00:00,DION_001,3181,-0.24359945889021456,SIMULATED,NORMAL
2026-06-17T18:14:43.580374+00:00,DION_001,3182,-0.201980950636799,SIMULATED,NORMAL
2026-06-17T18:14:43.591097+00:00,DION_001,3183,-0.22919840483009107,SIMULATED,NORMAL
2026-06-17T18:14:43.601665+00:00,DION_001,3184,-0.06976922342417871,SIMULATED,NORMAL
2026-06-17T18:14:43.612296+00:00,DION_001,3185,-0.17205881296864728,SIMULATED,NORMAL
2026-06-17T18:14:43.622968+00:00,DION_001,3186,-0.3977228693045437,SIMULATED,NORMAL
2026-06-17T18:14:43.633792+00:00,DION_001,3187,-1.9565145773524082,SIMULATED,NORMAL
2026-06-17T18:14:43.644879+00:00,DION_001,3188,-0.06607297288545787,SIMULATED,NORMAL
2026-06-17T18:14:43.655538+00:00,DION_001,3189,-0.2555993195310916,SIMULATED,NORMAL
2026-06-17T18:14:43.666405+00:00,DION_001,3190,0.02862049885045803,SIMULATED,NORMAL
2026-06-17T18:14:43.677025+00:00,DION_001,3191,-0.2670030357477844,SIMULATED,NORMAL
2026-06-17T18:14:43.687636+00:00,DION_001,3192,-0.316561827430388,SIMULATED,NORMAL
2026-06-17T18:14:43.698298+00:00,DION_001,3193,-0.3505080753911073,SIMULATED,NORMAL
2026-06-17T18:14:43.708895+00:00,DION_001,3194,-0.1957199201980396,SIMULATED,NORMAL
2026-06-17T18:14:43.719497+00:00,DION_001,3195,-0.24691630004234597,SIMULATED,NORMAL
2026-06-17T18:14:43.730102+00:00,DION_001,3196,-0.1750115049433026,SIMULATED,NORMAL
2026-06-17T18:14:43.740678+00:00,DION_001,3197,0.22740487537235865,SIMULATED,NORMAL
2026-06-17T18:14:43.751208+00:00,DION_001,3198,-0.12930106075165806,SIMULATED,NORMAL
2026-06-17T18:14:43.761828+00:00,DION_001,3199,-0.36173351530168923,SIMULATED,NORMAL
2026-06-17T18:14:43.772489+00:00,DION_001,3200,-0.27463147109840114,SIMULATED,NORMAL
2026-06-17T18:14:43.783268+00:00,DION_001,3201,-0.29538064484300197,SIMULATED,NORMAL
2026-06-17T18:14:43.793848+00:00,DION_001,3202,-0.40081460666620145,SIMULATED,NORMAL
2026-06-17T18:14:43.804421+00:00,DION_001,3203,-0.6436056529617086,SIMULATED,NORMAL
2026-06-17T18:14:43.815089+00:00,DION_001,3204,-0.3129435128588218,SIMULATED,NORMAL
2026-06-17T18:14:43.825702+00:00,DION_001,3205,-0.4793960179965713,SIMULATED,NORMAL
2026-06-17T18:14:43.836291+00:00,DION_001,3206,-0.28650984059532225,SIMULATED,NORMAL
2026-06-17T18:14:43.846855+00:00,DION_001,3207,-0.5594576037300268,SIMULATED,NORMAL
2026-06-17T18:14:43.857276+00:00,DION_001,3208,-0.40195872191868914,SIMULATED,NORMAL
2026-06-17T18:14:43.867928+00:00,DION_001,3209,-0.6822764772847736,SIMULATED,NORMAL
2026-06-17T18:14:43.878528+00:00,DION_001,3210,-0.1805339483695751,SIMULATED,NORMAL
2026-06-17T18:14:43.889111+00:00,DION_001,3211,-0.47989976234195697,SIMULATED,NORMAL
2026-06-17T18:14:43.899917+00:00,DION_001,3212,-0.23202792172945536,SIMULATED,NORMAL
2026-06-17T18:14:43.910444+00:00,DION_001,3213,-0.6003410063963114,SIMULATED,NORMAL
2026-06-17T18:14:43.920988+00:00,DION_001,3214,-0.5020498181265829,SIMULATED,NORMAL
2026-06-17T18:14:43.931570+00:00,DION_001,3215,-0.4677855292055384,SIMULATED,NORMAL
2026-06-17T18:14:43.942217+00:00,DION_001,3216,-0.7080994938612835,SIMULATED,NORMAL
2026-06-17T18:14:43.952832+00:00,DION_001,3217,-0.40077456763350205,SIMULATED,NORMAL
2026-06-17T18:14:43.963470+00:00,DION_001,3218,-0.6185745324535402,SIMULATED,NORMAL
2026-06-17T18:14:43.974024+00:00,DION_001,3219,-0.2576569149555944,SIMULATED,NORMAL
2026-06-17T18:14:43.984697+00:00,DION_001,3220,-0.5681680227367024,SIMULATED,NORMAL
2026-06-17T18:14:43.995272+00:00,DION_001,3221,-0.3099181480902672,SIMULATED,NORMAL
2026-06-17T18:14:44.005886+00:00,DION_001,3222,-3.191156495530889,SIMULATED,EVENT_DETECTED
2026-06-17T18:14:44.016818+00:00,DION_001,3223,-0.03961467845667055,SIMULATED,NORMAL
2026-06-17T18:14:44.027460+00:00,DION_001,3224,-0.1942121982605297,SIMULATED,NORMAL
2026-06-17T18:14:44.038038+00:00,DION_001,3225,-2.831026485789639,SIMULATED,EVENT_DETECTED
2026-06-17T18:14:44.048857+00:00,DION_001,3226,-0.4132429269677709,SIMULATED,NORMAL
2026-06-17T18:14:44.059420+00:00,DION_001,3227,-0.15719904753449543,SIMULATED,NORMAL
2026-06-17T18:14:44.070013+00:00,DION_001,3228,-0.33431378025082453,SIMULATED,NORMAL
2026-06-17T18:14:44.080757+00:00,DION_001,3229,-0.2100373559701595,SIMULATED,NORMAL
2026-06-17T18:14:44.091276+00:00,DION_001,3230,-0.04851477448912025,SIMULATED,NORMAL
2026-06-17T18:14:44.101855+00:00,DION_001,3231,-0.2506296680169352,SIMULATED,NORMAL
2026-06-17T18:14:44.112410+00:00,DION_001,3232,-0.27124770451610364,SIMULATED,NORMAL
2026-06-17T18:14:44.123145+00:00,DION_001,3233,0.2492311535002986,SIMULATED,NORMAL
2026-06-17T18:14:44.133717+00:00,DION_001,3234,0.05998996388392998,SIMULATED,NORMAL
2026-06-17T18:14:44.144289+00:00,DION_001,3235,0.13515718308792768,SIMULATED,NORMAL
2026-06-17T18:14:44.154865+00:00,DION_001,3236,0.3194781719122893,SIMULATED,NORMAL
2026-06-17T18:14:44.165520+00:00,DION_001,3237,0.27387389569065557,SIMULATED,NORMAL
2026-06-17T18:14:44.176241+00:00,DION_001,3238,0.30744183169113815,SIMULATED,NORMAL
2026-06-17T18:14:44.186753+00:00,DION_001,3239,0.19873096501721704,SIMULATED,NORMAL
2026-06-17T18:14:44.197251+00:00,DION_001,3240,0.1811889469776225,SIMULATED,NORMAL
2026-06-17T18:14:44.207792+00:00,DION_001,3241,0.539253664657365,SIMULATED,NORMAL
2026-06-17T18:14:44.218351+00:00,DION_001,3242,0.6556961757383793,SIMULATED,NORMAL
2026-06-17T18:14:44.228866+00:00,DION_001,3243,0.38527749441155124,SIMULATED,NORMAL
2026-06-17T18:14:44.239401+00:00,DION_001,3244,0.5177414466583427,SIMULATED,NORMAL
2026-06-17T18:14:44.250118+00:00,DION_001,3245,0.6842062257373208,SIMULATED,NORMAL
2026-06-17T18:14:44.260736+00:00,DION_001,3246,0.26170183701306254,SIMULATED,NORMAL
2026-06-17T18:14:44.271310+00:00,DION_001,3247,0.542832367582088,SIMULATED,NORMAL
2026-06-17T18:14:44.281932+00:00,DION_001,3248,0.4381387159248074,SIMULATED,NORMAL
2026-06-17T18:14:44.292507+00:00,DION_001,3249,0.6762948310003898,SIMULATED,NORMAL
2026-06-17T18:14:44.303155+00:00,DION_001,3250,0.5444442361582671,SIMULATED,NORMAL
2026-06-17T18:14:44.313686+00:00,DION_001,3251,0.8320457027552255,SIMULATED,NORMAL
2026-06-17T18:14:44.324269+00:00,DION_001,3252,0.5778473387939885,SIMULATED,NORMAL
2026-06-17T18:14:44.334961+00:00,DION_001,3253,0.7876236161909212,SIMULATED,NORMAL
2026-06-17T18:14:44.345519+00:00,DION_001,3254,0.7665123456528137,SIMULATED,NORMAL
2026-06-17T18:14:44.356071+00:00,DION_001,3255,0.7887168314676433,SIMULATED,NORMAL
2026-06-17T18:14:44.366667+00:00,DION_001,3256,0.855810984670521,SIMULATED,NORMAL
2026-06-17T18:14:44.377275+00:00,DION_001,3257,0.9445562925034565,SIMULATED,NORMAL
2026-06-17T18:14:44.387822+00:00,DION_001,3258,0.9624829165582804,SIMULATED,NORMAL
2026-06-17T18:14:44.398552+00:00,DION_001,3259,1.1432704690555628,SIMULATED,NORMAL
2026-06-17T18:14:44.409098+00:00,DION_001,3260,0.7318396619806979,SIMULATED,NORMAL
2026-06-17T18:14:44.419703+00:00,DION_001,3261,0.5082877071812454,SIMULATED,NORMAL
2026-06-17T18:14:44.430291+00:00,DION_001,3262,0.6676854452280284,SIMULATED,NORMAL
2026-06-17T18:14:44.440824+00:00,DION_001,3263,0.9731301240838295,SIMULATED,NORMAL
2026-06-17T18:14:44.451475+00:00,DION_001,3264,0.8082707578606366,SIMULATED,NORMAL
2026-06-17T18:14:44.462001+00:00,DION_001,3265,0.7997454732644019,SIMULATED,NORMAL
2026-06-17T18:14:44.472649+00:00,DION_001,3266,0.9141977450578986,SIMULATED,NORMAL
2026-06-17T18:14:44.483264+00:00,DION_001,3267,0.7861492327730589,SIMULATED,NORMAL
2026-06-17T18:14:44.493647+00:00,DION_001,3268,0.8483745791847345,SIMULATED,NORMAL
2026-06-17T18:14:44.504084+00:00,DION_001,3269,0.5831991756386568,SIMULATED,NORMAL
2026-06-17T18:14:44.514509+00:00,DION_001,3270,0.899911472481018,SIMULATED,NORMAL
2026-06-17T18:14:44.524921+00:00,DION_001,3271,0.9828727400702812,SIMULATED,NORMAL
2026-06-17T18:14:44.535917+00:00,DION_001,3272,0.8538230684533559,SIMULATED,NORMAL
2026-06-17T18:14:44.546294+00:00,DION_001,3273,0.682681319555837,SIMULATED,NORMAL
2026-06-17T18:14:44.556709+00:00,DION_001,3274,0.4886908251723987,SIMULATED,NORMAL
2026-06-17T18:14:44.567115+00:00,DION_001,3275,0.301635910504665,SIMULATED,NORMAL
2026-06-17T18:14:44.577512+00:00,DION_001,3276,0.7044344014578426,SIMULATED,NORMAL
2026-06-17T18:14:44.587906+00:00,DION_001,3277,0.50741915190668,SIMULATED,NORMAL
2026-06-17T18:14:44.598271+00:00,DION_001,3278,0.5725422113057497,SIMULATED,NORMAL
2026-06-17T18:14:44.608631+00:00,DION_001,3279,0.5764102165701667,SIMULATED,NORMAL
2026-06-17T18:14:44.618958+00:00,DION_001,3280,0.42408338929016837,SIMULATED,NORMAL
2026-06-17T18:14:44.629327+00:00,DION_001,3281,0.6340562300885917,SIMULATED,NORMAL
2026-06-17T18:14:44.639699+00:00,DION_001,3282,0.41481627099568136,SIMULATED,NORMAL
2026-06-17T18:14:44.650033+00:00,DION_001,3283,1.9530861952153917,SIMULATED,NORMAL
2026-06-17T18:14:44.660628+00:00,DION_001,3284,0.4668999836326594,SIMULATED,NORMAL
2026-06-17T18:14:44.670905+00:00,DION_001,3285,0.2817319708916233,SIMULATED,NORMAL
2026-06-17T18:14:44.681278+00:00,DION_001,3286,0.4971612108724542,SIMULATED,NORMAL
2026-06-17T18:14:44.691573+00:00,DION_001,3287,0.401706632362959,SIMULATED,NORMAL
2026-06-17T18:14:44.701936+00:00,DION_001,3288,0.39694160257699285,SIMULATED,NORMAL
2026-06-17T18:14:44.712310+00:00,DION_001,3289,0.3580328987471635,SIMULATED,NORMAL
2026-06-17T18:14:44.722757+00:00,DION_001,3290,0.3724574202827866,SIMULATED,NORMAL
2026-06-17T18:14:44.733245+00:00,DION_001,3291,0.4166856099196261,SIMULATED,NORMAL
2026-06-17T18:14:44.743708+00:00,DION_001,3292,0.23814224513405122,SIMULATED,NORMAL
2026-06-17T18:14:44.754206+00:00,DION_001,3293,0.3539712526548855,SIMULATED,NORMAL
2026-06-17T18:14:44.764720+00:00,DION_001,3294,0.37530161942773843,SIMULATED,NORMAL
2026-06-17T18:14:44.775068+00:00,DION_001,3295,0.2893407610723993,SIMULATED,NORMAL
2026-06-17T18:14:44.785503+00:00,DION_001,3296,0.28371416480968925,SIMULATED,NORMAL
2026-06-17T18:14:44.795942+00:00,DION_001,3297,0.5495074428738633,SIMULATED,NORMAL
2026-06-17T18:14:44.806420+00:00,DION_001,3298,0.3619285218213509,SIMULATED,NORMAL
2026-06-17T18:14:44.816834+00:00,DION_001,3299,0.22635692249238717,SIMULATED,NORMAL
2026-06-17T18:14:44.827310+00:00,DION_001,3300,0.24679856312919554,SIMULATED,NORMAL
2026-06-17T18:14:44.837766+00:00,DION_001,3301,0.566614777284918,SIMULATED,NORMAL
2026-06-17T18:14:44.848230+00:00,DION_001,3302,0.5479686294181292,SIMULATED,NORMAL
2026-06-17T18:14:44.858669+00:00,DION_001,3303,0.4265639801881055,SIMULATED,NORMAL
2026-06-17T18:14:44.869134+00:00,DION_001,3304,0.524424050893049,SIMULATED,NORMAL
2026-06-17T18:14:44.879537+00:00,DION_001,3305,0.5090174887159706,SIMULATED,NORMAL
2026-06-17T18:14:44.889966+00:00,DION_001,3306,0.4305403845804004,SIMULATED,NORMAL
2026-06-17T18:14:44.900458+00:00,DION_001,3307,0.5316086914257361,SIMULATED,NORMAL
2026-06-17T18:14:44.911085+00:00,DION_001,3308,0.6676352844173106,SIMULATED,NORMAL
2026-06-17T18:14:44.921604+00:00,DION_001,3309,0.5030576338881576,SIMULATED,NORMAL
2026-06-17T18:14:44.932127+00:00,DION_001,3310,0.590515903076618,SIMULATED,NORMAL
2026-06-17T18:14:44.942615+00:00,DION_001,3311,0.5242261509116591,SIMULATED,NORMAL
2026-06-17T18:14:44.953068+00:00,DION_001,3312,0.6582611574881464,SIMULATED,NORMAL
2026-06-17T18:14:44.963504+00:00,DION_001,3313,0.6335056367296095,SIMULATED,NORMAL
2026-06-17T18:14:44.973956+00:00,DION_001,3314,0.9506699168503336,SIMULATED,NORMAL
2026-06-17T18:14:44.984467+00:00,DION_001,3315,0.9065776356609163,SIMULATED,NORMAL
2026-06-17T18:14:44.994982+00:00,DION_001,3316,0.8738103576315397,SIMULATED,NORMAL
2026-06-17T18:14:45.005408+00:00,DION_001,3317,0.8671693341240144,SIMULATED,NORMAL
2026-06-17T18:14:45.015896+00:00,DION_001,3318,0.518296367202612,SIMULATED,NORMAL
2026-06-17T18:14:45.026326+00:00,DION_001,3319,1.084981987408829,SIMULATED,NORMAL
2026-06-17T18:14:45.036774+00:00,DION_001,3320,0.8518488103205706,SIMULATED,NORMAL
2026-06-17T18:14:45.047668+00:00,DION_001,3321,0.911999177359205,SIMULATED,NORMAL
2026-06-17T18:14:45.058172+00:00,DION_001,3322,1.2086223301875674,SIMULATED,NORMAL
2026-06-17T18:14:45.068667+00:00,DION_001,3323,0.9368298157038746,SIMULATED,NORMAL
2026-06-17T18:14:45.079196+00:00,DION_001,3324,1.0329593539229907,SIMULATED,NORMAL
2026-06-17T18:14:45.089595+00:00,DION_001,3325,0.9208265284614195,SIMULATED,NORMAL
2026-06-17T18:14:45.100023+00:00,DION_001,3326,0.9642715277097262,SIMULATED,NORMAL
2026-06-17T18:14:45.110450+00:00,DION_001,3327,1.0966396903860034,SIMULATED,NORMAL
2026-06-17T18:14:45.120877+00:00,DION_001,3328,1.1979391769890635,SIMULATED,NORMAL
2026-06-17T18:14:45.131371+00:00,DION_001,3329,1.095167657088361,SIMULATED,NORMAL
2026-06-17T18:14:45.141932+00:00,DION_001,3330,1.0459315121793966,SIMULATED,NORMAL
2026-06-17T18:14:45.152420+00:00,DION_001,3331,0.9197723752409719,SIMULATED,NORMAL
2026-06-17T18:14:45.162878+00:00,DION_001,3332,1.1323898210472592,SIMULATED,NORMAL
2026-06-17T18:14:45.173324+00:00,DION_001,3333,1.3385789949344467,SIMULATED,NORMAL
2026-06-17T18:14:45.183868+00:00,DION_001,3334,1.0521722444267343,SIMULATED,NORMAL
2026-06-17T18:14:45.194390+00:00,DION_001,3335,1.1241706098450703,SIMULATED,NORMAL
2026-06-17T18:14:45.204810+00:00,DION_001,3336,1.199881006109287,SIMULATED,NORMAL
2026-06-17T18:14:45.215276+00:00,DION_001,3337,3.4497735178533815,SIMULATED,EVENT_DETECTED
2026-06-17T18:14:45.226000+00:00,DION_001,3338,1.0875557871579338,SIMULATED,NORMAL
2026-06-17T18:14:45.236402+00:00,DION_001,3339,1.2025921967796345,SIMULATED,NORMAL
2026-06-17T18:14:45.246732+00:00,DION_001,3340,1.0664795013145396,SIMULATED,NORMAL
2026-06-17T18:14:45.257165+00:00,DION_001,3341,0.8673539303773751,SIMULATED,NORMAL
2026-06-17T18:14:45.267600+00:00,DION_001,3342,0.846655217870389,SIMULATED,NORMAL
2026-06-17T18:14:45.278087+00:00,DION_001,3343,1.2742687222286777,SIMULATED,NORMAL
2026-06-17T18:14:45.288430+00:00,DION_001,3344,0.9789796957416812,SIMULATED,NORMAL
2026-06-17T18:14:45.299033+00:00,DION_001,3345,0.6445584451275164,SIMULATED,NORMAL
2026-06-17T18:14:45.309536+00:00,DION_001,3346,0.7430783548963016,SIMULATED,NORMAL
2026-06-17T18:14:45.319947+00:00,DION_001,3347,1.012853368391734,SIMULATED,NORMAL
2026-06-17T18:14:45.330452+00:00,DION_001,3348,0.8173051305096268,SIMULATED,NORMAL
2026-06-17T18:14:45.341048+00:00,DION_001,3349,0.8703253269762101,SIMULATED,NORMAL
2026-06-17T18:14:45.351591+00:00,DION_001,3350,1.0334862836112,SIMULATED,NORMAL
2026-06-17T18:14:45.362196+00:00,DION_001,3351,0.7720425867509368,SIMULATED,NORMAL
2026-06-17T18:14:45.372782+00:00,DION_001,3352,0.723307451620297,SIMULATED,NORMAL
2026-06-17T18:14:45.383331+00:00,DION_001,3353,0.8452541244977428,SIMULATED,NORMAL
2026-06-17T18:14:45.393983+00:00,DION_001,3354,0.6734739155223403,SIMULATED,NORMAL
2026-06-17T18:14:45.405043+00:00,DION_001,3355,0.7675948320483333,SIMULATED,NORMAL
2026-06-17T18:14:45.415816+00:00,DION_001,3356,0.3441371835398094,SIMULATED,NORMAL
2026-06-17T18:14:45.426355+00:00,DION_001,3357,0.5086511589475048,SIMULATED,NORMAL
2026-06-17T18:14:45.436945+00:00,DION_001,3358,0.6773661099172171,SIMULATED,NORMAL
2026-06-17T18:14:45.447546+00:00,DION_001,3359,0.7633882118219952,SIMULATED,NORMAL
2026-06-17T18:14:45.458109+00:00,DION_001,3360,0.3329988830698728,SIMULATED,NORMAL
2026-06-17T18:14:45.468696+00:00,DION_001,3361,0.6395844544682008,SIMULATED,NORMAL
2026-06-17T18:14:45.479226+00:00,DION_001,3362,0.6992398588723145,SIMULATED,NORMAL
2026-06-17T18:14:45.489884+00:00,DION_001,3363,0.4692731086889177,SIMULATED,NORMAL
2026-06-17T18:14:45.500383+00:00,DION_001,3364,-0.07071214085075789,SIMULATED,NORMAL
2026-06-17T18:14:45.510979+00:00,DION_001,3365,0.6241020527864847,SIMULATED,NORMAL
2026-06-17T18:14:45.521534+00:00,DION_001,3366,0.29681457886483914,SIMULATED,NORMAL
2026-06-17T18:14:45.531959+00:00,DION_001,3367,0.25999739856134874,SIMULATED,NORMAL
2026-06-17T18:14:45.542468+00:00,DION_001,3368,0.04212806577413619,SIMULATED,NORMAL
2026-06-17T18:14:45.552924+00:00,DION_001,3369,0.09445747308516657,SIMULATED,NORMAL
2026-06-17T18:14:45.563454+00:00,DION_001,3370,-0.05609700877080606,SIMULATED,NORMAL
2026-06-17T18:14:45.573865+00:00,DION_001,3371,-0.02913590205646635,SIMULATED,NORMAL
2026-06-17T18:14:45.584266+00:00,DION_001,3372,0.3001540464388256,SIMULATED,NORMAL
2026-06-17T18:14:45.594636+00:00,DION_001,3373,0.2660345380292631,SIMULATED,NORMAL
2026-06-17T18:14:45.604975+00:00,DION_001,3374,0.05002062290960354,SIMULATED,NORMAL
2026-06-17T18:14:45.615484+00:00,DION_001,3375,-0.14065277660870007,SIMULATED,NORMAL
2026-06-17T18:14:45.626015+00:00,DION_001,3376,0.1681920430580467,SIMULATED,NORMAL
2026-06-17T18:14:45.636319+00:00,DION_001,3377,0.150965225761029,SIMULATED,NORMAL
2026-06-17T18:14:45.646714+00:00,DION_001,3378,-0.2532669379616264,SIMULATED,NORMAL
2026-06-17T18:14:45.657100+00:00,DION_001,3379,2.5152208722010667,SIMULATED,EVENT_DETECTED
2026-06-17T18:14:45.667745+00:00,DION_001,3380,-0.05061224751325959,SIMULATED,NORMAL
2026-06-17T18:14:45.678361+00:00,DION_001,3381,-0.14701997462362476,SIMULATED,NORMAL
2026-06-17T18:14:45.688936+00:00,DION_001,3382,0.05683370076962838,SIMULATED,NORMAL
2026-06-17T18:14:45.699544+00:00,DION_001,3383,0.034815238838195164,SIMULATED,NORMAL
2026-06-17T18:14:45.710002+00:00,DION_001,3384,-0.08447265849461096,SIMULATED,NORMAL
2026-06-17T18:14:45.720670+00:00,DION_001,3385,-0.06217102758150177,SIMULATED,NORMAL
2026-06-17T18:14:45.731252+00:00,DION_001,3386,-0.2288950761424401,SIMULATED,NORMAL
2026-06-17T18:14:45.741807+00:00,DION_001,3387,-0.026481736866089456,SIMULATED,NORMAL
2026-06-17T18:14:45.752466+00:00,DION_001,3388,-0.16748260813635038,SIMULATED,NORMAL
2026-06-17T18:14:45.763016+00:00,DION_001,3389,0.26513829227535496,SIMULATED,NORMAL
2026-06-17T18:14:45.773575+00:00,DION_001,3390,0.24207118100774766,SIMULATED,NORMAL
2026-06-17T18:14:45.784179+00:00,DION_001,3391,0.14182414554510595,SIMULATED,NORMAL
2026-06-17T18:14:45.794767+00:00,DION_001,3392,0.17339714547780682,SIMULATED,NORMAL
2026-06-17T18:14:45.805374+00:00,DION_001,3393,0.06563160931253718,SIMULATED,NORMAL
2026-06-17T18:14:45.816067+00:00,DION_001,3394,0.46427854588108813,SIMULATED,NORMAL
2026-06-17T18:14:45.826687+00:00,DION_001,3395,0.2816289150800351,SIMULATED,NORMAL
2026-06-17T18:14:45.837345+00:00,DION_001,3396,0.12525688096071114,SIMULATED,NORMAL
2026-06-17T18:14:45.847950+00:00,DION_001,3397,0.2622175389229266,SIMULATED,NORMAL
2026-06-17T18:14:45.858494+00:00,DION_001,3398,0.14292248988382278,SIMULATED,NORMAL
2026-06-17T18:14:45.869201+00:00,DION_001,3399,0.11577146955564596,SIMULATED,NORMAL
2026-06-17T18:14:45.879777+00:00,DION_001,3400,0.4546360646753457,SIMULATED,NORMAL
2026-06-17T18:14:45.890413+00:00,DION_001,3401,0.2940364772706544,SIMULATED,NORMAL
2026-06-17T18:14:45.901019+00:00,DION_001,3402,0.41687351960693253,SIMULATED,NORMAL
2026-06-17T18:14:45.911673+00:00,DION_001,3403,0.4369792745209527,SIMULATED,NORMAL
2026-06-17T18:14:45.922264+00:00,DION_001,3404,0.0928248747415859,SIMULATED,NORMAL
2026-06-17T18:14:45.932938+00:00,DION_001,3405,0.5216388302866893,SIMULATED,NORMAL
2026-06-17T18:14:45.943451+00:00,DION_001,3406,0.4065178553469145,SIMULATED,NORMAL
2026-06-17T18:14:45.954067+00:00,DION_001,3407,0.275804168517014,SIMULATED,NORMAL
2026-06-17T18:14:45.964665+00:00,DION_001,3408,0.3018924068202201,SIMULATED,NORMAL
2026-06-17T18:14:45.975260+00:00,DION_001,3409,0.3043205541911658,SIMULATED,NORMAL
2026-06-17T18:14:45.985875+00:00,DION_001,3410,0.3483348629910765,SIMULATED,NORMAL
2026-06-17T18:14:45.996407+00:00,DION_001,3411,0.4557241912205509,SIMULATED,NORMAL
2026-06-17T18:14:46.007065+00:00,DION_001,3412,0.48330689629575935,SIMULATED,NORMAL
2026-06-17T18:14:46.017674+00:00,DION_001,3413,0.4244316361969991,SIMULATED,NORMAL
2026-06-17T18:14:46.028275+00:00,DION_001,3414,0.32754508270985394,SIMULATED,NORMAL
2026-06-17T18:14:46.039229+00:00,DION_001,3415,0.39883494759555543,SIMULATED,NORMAL
2026-06-17T18:14:46.050037+00:00,DION_001,3416,0.43244692669382634,SIMULATED,NORMAL
2026-06-17T18:14:46.060620+00:00,DION_001,3417,0.3709117935928773,SIMULATED,NORMAL
2026-06-17T18:14:46.071200+00:00,DION_001,3418,0.24003259718454784,SIMULATED,NORMAL
2026-06-17T18:14:46.081827+00:00,DION_001,3419,0.30893569674998544,SIMULATED,NORMAL
2026-06-17T18:14:46.092384+00:00,DION_001,3420,0.30521544870346023,SIMULATED,NORMAL
2026-06-17T18:14:46.103047+00:00,DION_001,3421,0.15506636921521544,SIMULATED,NORMAL
2026-06-17T18:14:46.113606+00:00,DION_001,3422,-0.08007815268183024,SIMULATED,NORMAL
2026-06-17T18:14:46.124115+00:00,DION_001,3423,-1.5130253782948486,SIMULATED,NORMAL
2026-06-17T18:14:46.134799+00:00,DION_001,3424,0.20257753896093578,SIMULATED,NORMAL
2026-06-17T18:14:46.145347+00:00,DION_001,3425,0.20451577181654518,SIMULATED,NORMAL
2026-06-17T18:14:46.155788+00:00,DION_001,3426,-0.012446506844515148,SIMULATED,NORMAL
2026-06-17T18:14:46.166339+00:00,DION_001,3427,-0.20374157747685814,SIMULATED,NORMAL
2026-06-17T18:14:46.176835+00:00,DION_001,3428,0.19007074623558395,SIMULATED,NORMAL
2026-06-17T18:14:46.187436+00:00,DION_001,3429,-0.12462903897359165,SIMULATED,NORMAL
2026-06-17T18:14:46.198124+00:00,DION_001,3430,-0.43301134874700264,SIMULATED,NORMAL
2026-06-17T18:14:46.208608+00:00,DION_001,3431,0.038688930401304694,SIMULATED,NORMAL
2026-06-17T18:14:46.219271+00:00,DION_001,3432,-0.31310827679746955,SIMULATED,NORMAL
2026-06-17T18:14:46.229796+00:00,DION_001,3433,-0.38536346522657083,SIMULATED,NORMAL
2026-06-17T18:14:46.240446+00:00,DION_001,3434,-0.13206185117196706,SIMULATED,NORMAL
2026-06-17T18:14:46.251099+00:00,DION_001,3435,-0.334251343038037,SIMULATED,NORMAL
2026-06-17T18:14:46.261722+00:00,DION_001,3436,-0.35526614936263046,SIMULATED,NORMAL
2026-06-17T18:14:46.272397+00:00,DION_001,3437,-0.5669116115749437,SIMULATED,NORMAL
2026-06-17T18:14:46.283624+00:00,DION_001,3438,-0.4001990050492849,SIMULATED,NORMAL
2026-06-17T18:14:46.294250+00:00,DION_001,3439,-0.5627085609972132,SIMULATED,NORMAL
2026-06-17T18:14:46.304810+00:00,DION_001,3440,-0.6112743272427529,SIMULATED,NORMAL
2026-06-17T18:14:46.315406+00:00,DION_001,3441,-0.6060917987695412,SIMULATED,NORMAL
2026-06-17T18:14:46.325955+00:00,DION_001,3442,-0.6665486415828933,SIMULATED,NORMAL
2026-06-17T18:14:46.336666+00:00,DION_001,3443,-0.6954232174665863,SIMULATED,NORMAL
2026-06-17T18:14:46.347400+00:00,DION_001,3444,-0.8149892640031431,SIMULATED,NORMAL
2026-06-17T18:14:46.357960+00:00,DION_001,3445,-1.156028221034062,SIMULATED,NORMAL
2026-06-17T18:14:46.368538+00:00,DION_001,3446,-0.7323100914643249,SIMULATED,NORMAL
2026-06-17T18:14:46.379259+00:00,DION_001,3447,2.2528030756445707,SIMULATED,EVENT_DETECTED
2026-06-17T18:14:46.390163+00:00,DION_001,3448,-0.7821505157696094,SIMULATED,NORMAL
2026-06-17T18:14:46.400698+00:00,DION_001,3449,-1.100000727858737,SIMULATED,NORMAL
2026-06-17T18:14:46.411324+00:00,DION_001,3450,-0.595846682628562,SIMULATED,NORMAL
2026-06-17T18:14:46.421951+00:00,DION_001,3451,-1.0375992472461368,SIMULATED,NORMAL
2026-06-17T18:14:46.432618+00:00,DION_001,3452,-0.8763401171646665,SIMULATED,NORMAL
2026-06-17T18:14:46.443207+00:00,DION_001,3453,-0.8702308573091344,SIMULATED,NORMAL
2026-06-17T18:14:46.453769+00:00,DION_001,3454,-0.9529142828356663,SIMULATED,NORMAL
2026-06-17T18:14:46.464471+00:00,DION_001,3455,-0.7605500993179977,SIMULATED,NORMAL
2026-06-17T18:14:46.475209+00:00,DION_001,3456,-0.9104534050113413,SIMULATED,NORMAL
2026-06-17T18:14:46.485804+00:00,DION_001,3457,-1.0667422581685504,SIMULATED,NORMAL
2026-06-17T18:14:46.496320+00:00,DION_001,3458,-0.9328464054703536,SIMULATED,NORMAL
2026-06-17T18:14:46.507213+00:00,DION_001,3459,-0.9497081751406843,SIMULATED,NORMAL
2026-06-17T18:14:46.517735+00:00,DION_001,3460,-0.8980965087010225,SIMULATED,NORMAL
2026-06-17T18:14:46.528286+00:00,DION_001,3461,-0.9667260951845762,SIMULATED,NORMAL
2026-06-17T18:14:46.539087+00:00,DION_001,3462,-0.9351278192337346,SIMULATED,NORMAL
2026-06-17T18:14:46.549718+00:00,DION_001,3463,-0.839640138102853,SIMULATED,NORMAL
2026-06-17T18:14:46.560320+00:00,DION_001,3464,-1.0372594436802745,SIMULATED,NORMAL
2026-06-17T18:14:46.570875+00:00,DION_001,3465,-0.878801139464988,SIMULATED,NORMAL
2026-06-17T18:14:46.581477+00:00,DION_001,3466,-0.5026156528646621,SIMULATED,NORMAL
2026-06-17T18:14:46.592045+00:00,DION_001,3467,-0.5896257839291946,SIMULATED,NORMAL
2026-06-17T18:14:46.602547+00:00,DION_001,3468,-0.8269381673197663,SIMULATED,NORMAL
2026-06-17T18:14:46.613020+00:00,DION_001,3469,-0.8159831353434158,SIMULATED,NORMAL
2026-06-17T18:14:46.623543+00:00,DION_001,3470,-0.8603417139334953,SIMULATED,NORMAL
2026-06-17T18:14:46.634069+00:00,DION_001,3471,-0.8817755498524963,SIMULATED,NORMAL
2026-06-17T18:14:46.644540+00:00,DION_001,3472,1.9573918035076958,SIMULATED,NORMAL
2026-06-17T18:14:46.655255+00:00,DION_001,3473,-0.8872802566515068,SIMULATED,NORMAL
2026-06-17T18:14:46.665802+00:00,DION_001,3474,-0.5795801973758442,SIMULATED,NORMAL
2026-06-17T18:14:46.676245+00:00,DION_001,3475,-0.49059680065580324,SIMULATED,NORMAL
2026-06-17T18:14:46.686654+00:00,DION_001,3476,-0.9997417786632545,SIMULATED,NORMAL
2026-06-17T18:14:46.697057+00:00,DION_001,3477,-0.7599306354043769,SIMULATED,NORMAL
2026-06-17T18:14:46.707709+00:00,DION_001,3478,-0.22440321499464427,SIMULATED,NORMAL
2026-06-17T18:14:46.718817+00:00,DION_001,3479,-0.6725608726293515,SIMULATED,NORMAL
2026-06-17T18:14:46.729234+00:00,DION_001,3480,-0.712365005863469,SIMULATED,NORMAL
2026-06-17T18:14:46.739771+00:00,DION_001,3481,-0.6310232492479986,SIMULATED,NORMAL
2026-06-17T18:14:46.750245+00:00,DION_001,3482,-0.716480334775382,SIMULATED,NORMAL
2026-06-17T18:14:46.760591+00:00,DION_001,3483,-0.49683954759764287,SIMULATED,NORMAL
2026-06-17T18:14:46.770925+00:00,DION_001,3484,-0.5530145829339018,SIMULATED,NORMAL
2026-06-17T18:14:46.781386+00:00,DION_001,3485,-0.4546897481069551,SIMULATED,NORMAL
2026-06-17T18:14:46.791796+00:00,DION_001,3486,-0.7130619501370776,SIMULATED,NORMAL
2026-06-17T18:14:46.802262+00:00,DION_001,3487,-0.5623019054187461,SIMULATED,NORMAL
2026-06-17T18:14:46.812796+00:00,DION_001,3488,-0.5682929800960375,SIMULATED,NORMAL
2026-06-17T18:14:46.823332+00:00,DION_001,3489,-0.49077044211173865,SIMULATED,NORMAL
2026-06-17T18:14:46.833967+00:00,DION_001,3490,-0.3129348707657456,SIMULATED,NORMAL
2026-06-17T18:14:46.844669+00:00,DION_001,3491,-0.26801649739830113,SIMULATED,NORMAL
2026-06-17T18:14:46.855269+00:00,DION_001,3492,-0.34837759774803767,SIMULATED,NORMAL
2026-06-17T18:14:46.866025+00:00,DION_001,3493,-0.2967949198961636,SIMULATED,NORMAL
2026-06-17T18:14:46.876645+00:00,DION_001,3494,-0.5754707684643551,SIMULATED,NORMAL
2026-06-17T18:14:46.887233+00:00,DION_001,3495,-0.42706864357989294,SIMULATED,NORMAL
2026-06-17T18:14:46.897810+00:00,DION_001,3496,-0.40147190134171046,SIMULATED,NORMAL
2026-06-17T18:14:46.908402+00:00,DION_001,3497,-0.2957252570261002,SIMULATED,NORMAL
2026-06-17T18:14:46.919139+00:00,DION_001,3498,-0.19708559631205574,SIMULATED,NORMAL
2026-06-17T18:14:46.929821+00:00,DION_001,3499,-0.2913953161948401,SIMULATED,NORMAL
2026-06-17T18:14:46.940377+00:00,DION_001,3500,-0.44896190234263816,SIMULATED,NORMAL
2026-06-17T18:14:46.951077+00:00,DION_001,3501,-0.7946398234338299,SIMULATED,NORMAL
2026-06-17T18:14:46.961609+00:00,DION_001,3502,-0.4608762962681778,SIMULATED,NORMAL
2026-06-17T18:14:46.972159+00:00,DION_001,3503,-0.46484563176417354,SIMULATED,NORMAL
2026-06-17T18:14:46.982854+00:00,DION_001,3504,-0.8397511617740361,SIMULATED,NORMAL
2026-06-17T18:14:46.993454+00:00,DION_001,3505,-0.6611429129857926,SIMULATED,NORMAL
2026-06-17T18:14:47.004035+00:00,DION_001,3506,-0.554422566123341,SIMULATED,NORMAL
2026-06-17T18:14:47.014596+00:00,DION_001,3507,-0.5519913650499153,SIMULATED,NORMAL
2026-06-17T18:14:47.025186+00:00,DION_001,3508,-0.5989548715854495,SIMULATED,NORMAL
2026-06-17T18:14:47.035773+00:00,DION_001,3509,-0.8686921023389711,SIMULATED,NORMAL
2026-06-17T18:14:47.046271+00:00,DION_001,3510,-0.5455945999681773,SIMULATED,NORMAL
2026-06-17T18:14:47.056837+00:00,DION_001,3511,-0.6794724930308432,SIMULATED,NORMAL
2026-06-17T18:14:47.067429+00:00,DION_001,3512,-0.6277780798931327,SIMULATED,NORMAL
2026-06-17T18:14:47.078058+00:00,DION_001,3513,-0.5336035935726301,SIMULATED,NORMAL
2026-06-17T18:14:47.088838+00:00,DION_001,3514,-0.8530901555558035,SIMULATED,NORMAL
2026-06-17T18:14:47.099729+00:00,DION_001,3515,-0.6427341933594295,SIMULATED,NORMAL
2026-06-17T18:14:47.110381+00:00,DION_001,3516,-0.9241391426093574,SIMULATED,NORMAL
2026-06-17T18:14:47.120982+00:00,DION_001,3517,-0.8227459642325463,SIMULATED,NORMAL
2026-06-17T18:14:47.131572+00:00,DION_001,3518,-0.9013264513062504,SIMULATED,NORMAL
2026-06-17T18:14:47.142400+00:00,DION_001,3519,-0.7871790354112398,SIMULATED,NORMAL
2026-06-17T18:14:47.153085+00:00,DION_001,3520,-0.6165801626803884,SIMULATED,NORMAL
2026-06-17T18:14:47.163579+00:00,DION_001,3521,-0.8991617750606717,SIMULATED,NORMAL
2026-06-17T18:14:47.174757+00:00,DION_001,3522,-0.9828789241452688,SIMULATED,NORMAL
2026-06-17T18:14:47.185338+00:00,DION_001,3523,-1.138651052745832,SIMULATED,NORMAL
2026-06-17T18:14:47.195992+00:00,DION_001,3524,-0.9511399471848804,SIMULATED,NORMAL
2026-06-17T18:14:47.206580+00:00,DION_001,3525,-0.7127151629205357,SIMULATED,NORMAL
2026-06-17T18:14:47.217098+00:00,DION_001,3526,-1.1626163883185288,SIMULATED,NORMAL
2026-06-17T18:14:47.227735+00:00,DION_001,3527,-1.0267911403586734,SIMULATED,NORMAL
2026-06-17T18:14:47.238339+00:00,DION_001,3528,-1.1062510488451458,SIMULATED,NORMAL
2026-06-17T18:14:47.249006+00:00,DION_001,3529,-1.3153186117649196,SIMULATED,NORMAL
2026-06-17T18:14:47.259665+00:00,DION_001,3530,-1.283007357481092,SIMULATED,NORMAL
2026-06-17T18:14:47.270254+00:00,DION_001,3531,-1.1549140380548621,SIMULATED,NORMAL
2026-06-17T18:14:47.280832+00:00,DION_001,3532,-1.2778803460770907,SIMULATED,NORMAL
2026-06-17T18:14:47.291465+00:00,DION_001,3533,-1.082491910107772,SIMULATED,NORMAL
2026-06-17T18:14:47.302082+00:00,DION_001,3534,-1.267483620878453,SIMULATED,NORMAL
2026-06-17T18:14:47.312694+00:00,DION_001,3535,-0.8567447876487325,SIMULATED,NORMAL
2026-06-17T18:14:47.323339+00:00,DION_001,3536,-1.1510067386032452,SIMULATED,NORMAL
2026-06-17T18:14:47.333920+00:00,DION_001,3537,-0.9663166928488561,SIMULATED,NORMAL
2026-06-17T18:14:47.344484+00:00,DION_001,3538,-0.8027730424793129,SIMULATED,NORMAL
2026-06-17T18:14:47.355294+00:00,DION_001,3539,-0.9640527396739285,SIMULATED,NORMAL
2026-06-17T18:14:47.365914+00:00,DION_001,3540,-0.856235058592551,SIMULATED,NORMAL
2026-06-17T18:14:47.376518+00:00,DION_001,3541,-1.342795091641536,SIMULATED,NORMAL
2026-06-17T18:14:47.387281+00:00,DION_001,3542,-1.051555564809471,SIMULATED,NORMAL
2026-06-17T18:14:47.398004+00:00,DION_001,3543,-0.9110161443958761,SIMULATED,NORMAL
2026-06-17T18:14:47.408483+00:00,DION_001,3544,-0.879958878458391,SIMULATED,NORMAL
2026-06-17T18:14:47.419238+00:00,DION_001,3545,-0.7941915533987115,SIMULATED,NORMAL
2026-06-17T18:14:47.429876+00:00,DION_001,3546,-0.8590735361962243,SIMULATED,NORMAL
2026-06-17T18:14:47.440468+00:00,DION_001,3547,-1.0728850246324246,SIMULATED,NORMAL
2026-06-17T18:14:47.451298+00:00,DION_001,3548,-0.490107014819814,SIMULATED,NORMAL
2026-06-17T18:14:47.462060+00:00,DION_001,3549,-0.7722022607317082,SIMULATED,NORMAL
2026-06-17T18:14:47.472676+00:00,DION_001,3550,-0.7532606319117082,SIMULATED,NORMAL
2026-06-17T18:14:47.483282+00:00,DION_001,3551,-0.6092664566288244,SIMULATED,NORMAL
2026-06-17T18:14:47.493862+00:00,DION_001,3552,-0.671761198238341,SIMULATED,NORMAL
2026-06-17T18:14:47.504464+00:00,DION_001,3553,-0.4409063362416042,SIMULATED,NORMAL
2026-06-17T18:14:47.515127+00:00,DION_001,3554,-0.6102576716539134,SIMULATED,NORMAL
2026-06-17T18:14:47.525715+00:00,DION_001,3555,-0.47281593386075593,SIMULATED,NORMAL
2026-06-17T18:14:47.536211+00:00,DION_001,3556,-0.4520953100119854,SIMULATED,NORMAL
2026-06-17T18:14:47.546624+00:00,DION_001,3557,-0.48956658443220535,SIMULATED,NORMAL
2026-06-17T18:14:47.557216+00:00,DION_001,3558,-0.2490531222814673,SIMULATED,NORMAL
2026-06-17T18:14:47.567782+00:00,DION_001,3559,-0.4399494142044732,SIMULATED,NORMAL
2026-06-17T18:14:47.578346+00:00,DION_001,3560,-0.33850310815922247,SIMULATED,NORMAL
2026-06-17T18:14:47.588882+00:00,DION_001,3561,-0.03937721441785627,SIMULATED,NORMAL
2026-06-17T18:14:47.599551+00:00,DION_001,3562,-0.061963317957273056,SIMULATED,NORMAL
2026-06-17T18:14:47.610040+00:00,DION_001,3563,0.12697696763457272,SIMULATED,NORMAL
2026-06-17T18:14:47.620708+00:00,DION_001,3564,-0.34989228150613183,SIMULATED,NORMAL
2026-06-17T18:14:47.631266+00:00,DION_001,3565,0.03615946907780221,SIMULATED,NORMAL
2026-06-17T18:14:47.641827+00:00,DION_001,3566,0.08828509665755441,SIMULATED,NORMAL
2026-06-17T18:14:47.652404+00:00,DION_001,3567,-0.03646432917765455,SIMULATED,NORMAL
2026-06-17T18:14:47.663115+00:00,DION_001,3568,0.13393983831921577,SIMULATED,NORMAL
2026-06-17T18:14:47.673786+00:00,DION_001,3569,0.20378842837426078,SIMULATED,NORMAL
2026-06-17T18:14:47.684413+00:00,DION_001,3570,0.055071710884672734,SIMULATED,NORMAL
2026-06-17T18:14:47.695193+00:00,DION_001,3571,0.03873201552679632,SIMULATED,NORMAL
2026-06-17T18:14:47.705714+00:00,DION_001,3572,-0.20421183853930028,SIMULATED,NORMAL
2026-06-17T18:14:47.716303+00:00,DION_001,3573,0.11628428206905955,SIMULATED,NORMAL
2026-06-17T18:14:47.726867+00:00,DION_001,3574,0.042678019843944204,SIMULATED,NORMAL
2026-06-17T18:14:47.737451+00:00,DION_001,3575,-0.20167401832813353,SIMULATED,NORMAL
2026-06-17T18:14:47.748057+00:00,DION_001,3576,0.004700595917492709,SIMULATED,NORMAL
2026-06-17T18:14:47.758545+00:00,DION_001,3577,-0.11836698535635701,SIMULATED,NORMAL
2026-06-17T18:14:47.769010+00:00,DION_001,3578,0.16162496797165737,SIMULATED,NORMAL
2026-06-17T18:14:47.779476+00:00,DION_001,3579,0.188763045873454,SIMULATED,NORMAL
2026-06-17T18:14:47.790020+00:00,DION_001,3580,0.13112600456541168,SIMULATED,NORMAL
2026-06-17T18:14:47.800375+00:00,DION_001,3581,-0.13309594233850733,SIMULATED,NORMAL
2026-06-17T18:14:47.810663+00:00,DION_001,3582,0.3144565878340798,SIMULATED,NORMAL
2026-06-17T18:14:47.821031+00:00,DION_001,3583,0.0748845617932144,SIMULATED,NORMAL
2026-06-17T18:14:47.831371+00:00,DION_001,3584,0.3720574367583055,SIMULATED,NORMAL
2026-06-17T18:14:47.841714+00:00,DION_001,3585,0.1409812458902253,SIMULATED,NORMAL
2026-06-17T18:14:47.852037+00:00,DION_001,3586,0.08561219706793373,SIMULATED,NORMAL
2026-06-17T18:14:47.862383+00:00,DION_001,3587,0.02911767748120931,SIMULATED,NORMAL
2026-06-17T18:14:47.872705+00:00,DION_001,3588,-0.16618038315879913,SIMULATED,NORMAL
2026-06-17T18:14:47.883154+00:00,DION_001,3589,-0.05743337009843298,SIMULATED,NORMAL
2026-06-17T18:14:47.893742+00:00,DION_001,3590,0.11081574433894273,SIMULATED,NORMAL
2026-06-17T18:14:47.904292+00:00,DION_001,3591,0.06387101119740665,SIMULATED,NORMAL
2026-06-17T18:14:47.914581+00:00,DION_001,3592,-0.3929824205322791,SIMULATED,NORMAL
2026-06-17T18:14:47.924945+00:00,DION_001,3593,-0.18732507977623558,SIMULATED,NORMAL
2026-06-17T18:14:47.935307+00:00,DION_001,3594,0.031981200620460476,SIMULATED,NORMAL
2026-06-17T18:14:47.945625+00:00,DION_001,3595,-0.25673776175984847,SIMULATED,NORMAL
2026-06-17T18:14:47.956082+00:00,DION_001,3596,-0.28236223613075095,SIMULATED,NORMAL
2026-06-17T18:14:47.966555+00:00,DION_001,3597,-0.28266698011477265,SIMULATED,NORMAL
2026-06-17T18:14:47.976875+00:00,DION_001,3598,-0.22621676003376395,SIMULATED,NORMAL
2026-06-17T18:14:47.987167+00:00,DION_001,3599,-0.09945587684579339,SIMULATED,NORMAL
2026-06-17T18:14:47.997473+00:00,DION_001,3600,-0.08368533868347933,SIMULATED,NORMAL
2026-06-17T18:14:48.007928+00:00,DION_001,3601,-0.2123128804262932,SIMULATED,NORMAL
2026-06-17T18:14:48.018381+00:00,DION_001,3602,-0.3518911296377024,SIMULATED,NORMAL
2026-06-17T18:14:48.028724+00:00,DION_001,3603,-0.18539859432244443,SIMULATED,NORMAL
2026-06-17T18:14:48.039058+00:00,DION_001,3604,-0.11222760146476302,SIMULATED,NORMAL
2026-06-17T18:14:48.049440+00:00,DION_001,3605,-0.44804442238623643,SIMULATED,NORMAL
2026-06-17T18:14:48.059741+00:00,DION_001,3606,-0.03325127026143959,SIMULATED,NORMAL
2026-06-17T18:14:48.070066+00:00,DION_001,3607,-0.27122709842675413,SIMULATED,NORMAL
2026-06-17T18:14:48.080372+00:00,DION_001,3608,-0.26947982349705313,SIMULATED,NORMAL
2026-06-17T18:14:48.090772+00:00,DION_001,3609,-0.1268594731041577,SIMULATED,NORMAL
2026-06-17T18:14:48.101191+00:00,DION_001,3610,-0.35107430901497205,SIMULATED,NORMAL
2026-06-17T18:14:48.111491+00:00,DION_001,3611,-0.21884237322557437,SIMULATED,NORMAL
2026-06-17T18:14:48.121800+00:00,DION_001,3612,-0.19528106476610307,SIMULATED,NORMAL
2026-06-17T18:14:48.132115+00:00,DION_001,3613,-0.00875759289300998,SIMULATED,NORMAL
2026-06-17T18:14:48.142413+00:00,DION_001,3614,-0.42577850987200994,SIMULATED,NORMAL
2026-06-17T18:14:48.152750+00:00,DION_001,3615,-0.3597205091853507,SIMULATED,NORMAL
2026-06-17T18:14:48.163049+00:00,DION_001,3616,-0.5386076027672113,SIMULATED,NORMAL
2026-06-17T18:14:48.173489+00:00,DION_001,3617,-0.24214147328991503,SIMULATED,NORMAL
2026-06-17T18:14:48.184026+00:00,DION_001,3618,-0.09644980306707343,SIMULATED,NORMAL
2026-06-17T18:14:48.194337+00:00,DION_001,3619,-0.07257961678029451,SIMULATED,NORMAL
2026-06-17T18:14:48.204684+00:00,DION_001,3620,0.0006290936647317114,SIMULATED,NORMAL
2026-06-17T18:14:48.215015+00:00,DION_001,3621,-0.11818018825980514,SIMULATED,NORMAL
2026-06-17T18:14:48.225363+00:00,DION_001,3622,-0.17073828754553363,SIMULATED,NORMAL
2026-06-17T18:14:48.235670+00:00,DION_001,3623,-0.027077436819171505,SIMULATED,NORMAL
2026-06-17T18:14:48.246024+00:00,DION_001,3624,0.13342358586814757,SIMULATED,NORMAL
2026-06-17T18:14:48.256442+00:00,DION_001,3625,0.25240409586448376,SIMULATED,NORMAL
2026-06-17T18:14:48.266984+00:00,DION_001,3626,0.12259915584397926,SIMULATED,NORMAL
2026-06-17T18:14:48.277259+00:00,DION_001,3627,0.3104850954908402,SIMULATED,NORMAL
2026-06-17T18:14:48.287571+00:00,DION_001,3628,0.08438400405527757,SIMULATED,NORMAL
2026-06-17T18:14:48.297860+00:00,DION_001,3629,0.31479858256190163,SIMULATED,NORMAL
2026-06-17T18:14:48.308223+00:00,DION_001,3630,0.21463746788779753,SIMULATED,NORMAL
2026-06-17T18:14:48.318551+00:00,DION_001,3631,0.30391372335461453,SIMULATED,NORMAL
2026-06-17T18:14:48.328878+00:00,DION_001,3632,0.3473369773912374,SIMULATED,NORMAL
2026-06-17T18:14:48.339212+00:00,DION_001,3633,0.41451695894949253,SIMULATED,NORMAL
2026-06-17T18:14:48.349524+00:00,DION_001,3634,0.24906756772327743,SIMULATED,NORMAL
2026-06-17T18:14:48.359810+00:00,DION_001,3635,0.4443450740902686,SIMULATED,NORMAL
2026-06-17T18:14:48.370081+00:00,DION_001,3636,0.5225493188510208,SIMULATED,NORMAL
2026-06-17T18:14:48.380460+00:00,DION_001,3637,0.44919569135188575,SIMULATED,NORMAL
2026-06-17T18:14:48.390879+00:00,DION_001,3638,0.5880000637278227,SIMULATED,NORMAL
2026-06-17T18:14:48.401283+00:00,DION_001,3639,0.7775756084733242,SIMULATED,NORMAL
2026-06-17T18:14:48.411661+00:00,DION_001,3640,0.6940925053610285,SIMULATED,NORMAL
2026-06-17T18:14:48.422083+00:00,DION_001,3641,0.7564777846466907,SIMULATED,NORMAL
2026-06-17T18:14:48.432441+00:00,DION_001,3642,1.0222508595795692,SIMULATED,NORMAL
2026-06-17T18:14:48.442936+00:00,DION_001,3643,0.6663341659676847,SIMULATED,NORMAL
2026-06-17T18:14:48.453377+00:00,DION_001,3644,0.6120673550692725,SIMULATED,NORMAL
2026-06-17T18:14:48.463945+00:00,DION_001,3645,0.8887492239406982,SIMULATED,NORMAL
2026-06-17T18:14:48.474469+00:00,DION_001,3646,0.5964614513493127,SIMULATED,NORMAL
2026-06-17T18:14:48.484976+00:00,DION_001,3647,1.0799741058907795,SIMULATED,NORMAL
2026-06-17T18:14:48.495514+00:00,DION_001,3648,0.8986494827196805,SIMULATED,NORMAL
2026-06-17T18:14:48.506130+00:00,DION_001,3649,0.8611763551547816,SIMULATED,NORMAL
2026-06-17T18:14:48.516622+00:00,DION_001,3650,0.6017392456116553,SIMULATED,NORMAL
2026-06-17T18:14:48.527100+00:00,DION_001,3651,0.9778007716725771,SIMULATED,NORMAL
2026-06-17T18:14:48.537682+00:00,DION_001,3652,1.1199177117778272,SIMULATED,NORMAL
2026-06-17T18:14:48.548162+00:00,DION_001,3653,1.0658210765211684,SIMULATED,NORMAL
2026-06-17T18:14:48.558621+00:00,DION_001,3654,0.8510762543266903,SIMULATED,NORMAL
2026-06-17T18:14:48.569037+00:00,DION_001,3655,1.0517591909607182,SIMULATED,NORMAL
2026-06-17T18:14:48.579463+00:00,DION_001,3656,1.1935977567254643,SIMULATED,NORMAL
2026-06-17T18:14:48.589997+00:00,DION_001,3657,1.2463478472298564,SIMULATED,NORMAL
2026-06-17T18:14:48.600681+00:00,DION_001,3658,1.032294229178412,SIMULATED,NORMAL
2026-06-17T18:14:48.611181+00:00,DION_001,3659,0.947153463774912,SIMULATED,NORMAL
2026-06-17T18:14:48.621684+00:00,DION_001,3660,3.1781266519833373,SIMULATED,EVENT_DETECTED
2026-06-17T18:14:48.632846+00:00,DION_001,3661,1.0699061986400438,SIMULATED,NORMAL
2026-06-17T18:14:48.643294+00:00,DION_001,3662,0.8865113180475706,SIMULATED,NORMAL
2026-06-17T18:14:48.653619+00:00,DION_001,3663,0.7891049670638097,SIMULATED,NORMAL
2026-06-17T18:14:48.664042+00:00,DION_001,3664,0.9841300835337754,SIMULATED,NORMAL
2026-06-17T18:14:48.674484+00:00,DION_001,3665,0.9864849152122035,SIMULATED,NORMAL
2026-06-17T18:14:48.684927+00:00,DION_001,3666,0.8488878799284066,SIMULATED,NORMAL
2026-06-17T18:14:48.695344+00:00,DION_001,3667,0.9567925523743397,SIMULATED,NORMAL
2026-06-17T18:14:48.705657+00:00,DION_001,3668,0.8576268537364837,SIMULATED,NORMAL
2026-06-17T18:14:48.716036+00:00,DION_001,3669,0.7683806392695317,SIMULATED,NORMAL
2026-06-17T18:14:48.726507+00:00,DION_001,3670,0.7768360311664776,SIMULATED,NORMAL
2026-06-17T18:14:48.736982+00:00,DION_001,3671,0.8557558138394332,SIMULATED,NORMAL
2026-06-17T18:14:48.747466+00:00,DION_001,3672,0.8689778884961592,SIMULATED,NORMAL
2026-06-17T18:14:48.757894+00:00,DION_001,3673,0.62824526867547,SIMULATED,NORMAL
2026-06-17T18:14:48.768368+00:00,DION_001,3674,0.5577673492900241,SIMULATED,NORMAL
2026-06-17T18:14:48.778929+00:00,DION_001,3675,0.9569396934649769,SIMULATED,NORMAL
2026-06-17T18:14:48.789347+00:00,DION_001,3676,0.6928589730524898,SIMULATED,NORMAL
2026-06-17T18:14:48.799806+00:00,DION_001,3677,1.0118300360005323,SIMULATED,NORMAL
2026-06-17T18:14:48.810277+00:00,DION_001,3678,0.427282066924635,SIMULATED,NORMAL
2026-06-17T18:14:48.820748+00:00,DION_001,3679,0.7476687742921092,SIMULATED,NORMAL
2026-06-17T18:14:48.831257+00:00,DION_001,3680,0.7414627765379926,SIMULATED,NORMAL
2026-06-17T18:14:48.841709+00:00,DION_001,3681,0.5706082420306974,SIMULATED,NORMAL
2026-06-17T18:14:48.852143+00:00,DION_001,3682,2.537141282446228,SIMULATED,EVENT_DETECTED
2026-06-17T18:14:48.862735+00:00,DION_001,3683,0.7321584017548213,SIMULATED,NORMAL
2026-06-17T18:14:48.873178+00:00,DION_001,3684,0.6045021054492818,SIMULATED,NORMAL
2026-06-17T18:14:48.883589+00:00,DION_001,3685,0.4084866505795579,SIMULATED,NORMAL
2026-06-17T18:14:48.893933+00:00,DION_001,3686,0.4218676906156749,SIMULATED,NORMAL
2026-06-17T18:14:48.904386+00:00,DION_001,3687,0.2473547607065643,SIMULATED,NORMAL
2026-06-17T18:14:48.914966+00:00,DION_001,3688,0.5319141728924601,SIMULATED,NORMAL
2026-06-17T18:14:48.925424+00:00,DION_001,3689,0.5588315926434677,SIMULATED,NORMAL
2026-06-17T18:14:48.935931+00:00,DION_001,3690,0.7283861723771237,SIMULATED,NORMAL
2026-06-17T18:14:48.946432+00:00,DION_001,3691,0.453096762454664,SIMULATED,NORMAL
2026-06-17T18:14:48.956814+00:00,DION_001,3692,0.2572944929250835,SIMULATED,NORMAL
2026-06-17T18:14:48.967222+00:00,DION_001,3693,0.3126194826770756,SIMULATED,NORMAL
2026-06-17T18:14:48.977741+00:00,DION_001,3694,0.5773358985562397,SIMULATED,NORMAL
2026-06-17T18:14:48.988215+00:00,DION_001,3695,0.16808847427540974,SIMULATED,NORMAL
2026-06-17T18:14:48.998515+00:00,DION_001,3696,0.5720055171217397,SIMULATED,NORMAL
2026-06-17T18:14:49.008841+00:00,DION_001,3697,0.24719155955180308,SIMULATED,NORMAL
2026-06-17T18:14:49.019202+00:00,DION_001,3698,0.47850671101462783,SIMULATED,NORMAL
2026-06-17T18:14:49.029602+00:00,DION_001,3699,0.6324240255025582,SIMULATED,NORMAL
2026-06-17T18:14:49.040010+00:00,DION_001,3700,0.37169401299418786,SIMULATED,NORMAL
2026-06-17T18:14:49.050849+00:00,DION_001,3701,0.6909506228812461,SIMULATED,NORMAL
2026-06-17T18:14:49.061237+00:00,DION_001,3702,0.43368508963536195,SIMULATED,NORMAL
2026-06-17T18:14:49.071608+00:00,DION_001,3703,0.7104320923265138,SIMULATED,NORMAL
2026-06-17T18:14:49.082101+00:00,DION_001,3704,0.598079562508495,SIMULATED,NORMAL
2026-06-17T18:14:49.092382+00:00,DION_001,3705,0.6445213606283671,SIMULATED,NORMAL
2026-06-17T18:14:49.102675+00:00,DION_001,3706,0.6719148273288325,SIMULATED,NORMAL
2026-06-17T18:14:49.112901+00:00,DION_001,3707,0.6912012138424375,SIMULATED,NORMAL
2026-06-17T18:14:49.123388+00:00,DION_001,3708,0.741828364949545,SIMULATED,NORMAL
2026-06-17T18:14:49.134080+00:00,DION_001,3709,0.5473010401732104,SIMULATED,NORMAL
2026-06-17T18:14:49.144396+00:00,DION_001,3710,0.8714852813704376,SIMULATED,NORMAL
2026-06-17T18:14:49.154832+00:00,DION_001,3711,0.8236189772035764,SIMULATED,NORMAL
2026-06-17T18:14:49.165339+00:00,DION_001,3712,3.280202403384246,SIMULATED,EVENT_DETECTED
2026-06-17T18:14:49.175752+00:00,DION_001,3713,0.753366884192076,SIMULATED,NORMAL
2026-06-17T18:14:49.186205+00:00,DION_001,3714,1.0326085080156444,SIMULATED,NORMAL
2026-06-17T18:14:49.196616+00:00,DION_001,3715,0.9718631683327096,SIMULATED,NORMAL
2026-06-17T18:14:49.206976+00:00,DION_001,3716,0.8251382366768651,SIMULATED,NORMAL
2026-06-17T18:14:49.217428+00:00,DION_001,3717,0.9187457613798117,SIMULATED,NORMAL
2026-06-17T18:14:49.227822+00:00,DION_001,3718,0.8554234518702002,SIMULATED,NORMAL
2026-06-17T18:14:49.238349+00:00,DION_001,3719,1.0228572229980173,SIMULATED,NORMAL
2026-06-17T18:14:49.248873+00:00,DION_001,3720,0.9574983716834563,SIMULATED,NORMAL
2026-06-17T18:14:49.261047+00:00,DION_001,3721,0.9546389183318701,SIMULATED,NORMAL
2026-06-17T18:14:49.271589+00:00,DION_001,3722,1.2649991274500885,SIMULATED,NORMAL
2026-06-17T18:14:49.282056+00:00,DION_001,3723,1.1680798655496722,SIMULATED,NORMAL
2026-06-17T18:14:49.292458+00:00,DION_001,3724,0.894736880867278,SIMULATED,NORMAL
2026-06-17T18:14:49.303036+00:00,DION_001,3725,1.0196456081496081,SIMULATED,NORMAL
2026-06-17T18:14:49.313584+00:00,DION_001,3726,1.278026405418236,SIMULATED,NORMAL
2026-06-17T18:14:49.324059+00:00,DION_001,3727,1.0272779933920355,SIMULATED,NORMAL
2026-06-17T18:14:49.334536+00:00,DION_001,3728,0.9314074141814613,SIMULATED,NORMAL
2026-06-17T18:14:49.344905+00:00,DION_001,3729,1.215080962904853,SIMULATED,NORMAL
2026-06-17T18:14:49.355272+00:00,DION_001,3730,1.2122711488423257,SIMULATED,NORMAL
2026-06-17T18:14:49.365660+00:00,DION_001,3731,0.9503300671666057,SIMULATED,NORMAL
2026-06-17T18:14:49.376229+00:00,DION_001,3732,0.7992540781868591,SIMULATED,NORMAL
2026-06-17T18:14:49.386923+00:00,DION_001,3733,1.0103612145485512,SIMULATED,NORMAL
2026-06-17T18:14:49.397346+00:00,DION_001,3734,0.9795668380306309,SIMULATED,NORMAL
2026-06-17T18:14:49.407772+00:00,DION_001,3735,0.9779975817471429,SIMULATED,NORMAL
2026-06-17T18:14:49.418135+00:00,DION_001,3736,2.69836918743826,SIMULATED,EVENT_DETECTED
2026-06-17T18:14:49.428631+00:00,DION_001,3737,0.6854328046435623,SIMULATED,NORMAL
2026-06-17T18:14:49.439064+00:00,DION_001,3738,1.1052689041786883,SIMULATED,NORMAL
2026-06-17T18:14:49.449652+00:00,DION_001,3739,0.918315464308795,SIMULATED,NORMAL
2026-06-17T18:14:49.460197+00:00,DION_001,3740,0.7047674176391665,SIMULATED,NORMAL
2026-06-17T18:14:49.470643+00:00,DION_001,3741,0.6733160574691075,SIMULATED,NORMAL
2026-06-17T18:14:49.481108+00:00,DION_001,3742,0.874385216795877,SIMULATED,NORMAL
2026-06-17T18:14:49.491533+00:00,DION_001,3743,0.7600573241068248,SIMULATED,NORMAL
2026-06-17T18:14:49.501994+00:00,DION_001,3744,0.9429015297741419,SIMULATED,NORMAL
2026-06-17T18:14:49.512480+00:00,DION_001,3745,0.5060068928560189,SIMULATED,NORMAL
2026-06-17T18:14:49.522855+00:00,DION_001,3746,0.8871642176450001,SIMULATED,NORMAL
2026-06-17T18:14:49.533352+00:00,DION_001,3747,0.709554272762046,SIMULATED,NORMAL
2026-06-17T18:14:49.543819+00:00,DION_001,3748,0.44797093942012667,SIMULATED,NORMAL
2026-06-17T18:14:49.554276+00:00,DION_001,3749,0.6474566564718646,SIMULATED,NORMAL
2026-06-17T18:14:49.564649+00:00,DION_001,3750,0.434067566004989,SIMULATED,NORMAL
2026-06-17T18:14:49.575036+00:00,DION_001,3751,0.7003153015021448,SIMULATED,NORMAL
2026-06-17T18:14:49.585470+00:00,DION_001,3752,0.6399900218840251,SIMULATED,NORMAL
2026-06-17T18:14:49.595796+00:00,DION_001,3753,0.6358231477500222,SIMULATED,NORMAL
2026-06-17T18:14:49.606114+00:00,DION_001,3754,0.30114464887406284,SIMULATED,NORMAL
2026-06-17T18:14:49.616662+00:00,DION_001,3755,0.4110302513393012,SIMULATED,NORMAL
2026-06-17T18:14:49.626997+00:00,DION_001,3756,0.5092391855569001,SIMULATED,NORMAL
2026-06-17T18:14:49.637342+00:00,DION_001,3757,0.4318177191005096,SIMULATED,NORMAL
2026-06-17T18:14:49.647689+00:00,DION_001,3758,0.41406690534555163,SIMULATED,NORMAL
2026-06-17T18:14:49.657964+00:00,DION_001,3759,0.23311661011532153,SIMULATED,NORMAL
2026-06-17T18:14:49.668295+00:00,DION_001,3760,0.06753057116164583,SIMULATED,NORMAL
2026-06-17T18:14:49.678601+00:00,DION_001,3761,0.15486376480705497,SIMULATED,NORMAL
2026-06-17T18:14:49.688943+00:00,DION_001,3762,0.12081889281992253,SIMULATED,NORMAL
2026-06-17T18:14:49.699368+00:00,DION_001,3763,-0.1715893319304625,SIMULATED,NORMAL
2026-06-17T18:14:49.709694+00:00,DION_001,3764,-0.06359273255044318,SIMULATED,NORMAL
2026-06-17T18:14:49.720158+00:00,DION_001,3765,0.13733721242754973,SIMULATED,NORMAL
2026-06-17T18:14:49.730451+00:00,DION_001,3766,-0.04991999144691858,SIMULATED,NORMAL
2026-06-17T18:14:49.740853+00:00,DION_001,3767,0.13484325092405303,SIMULATED,NORMAL
2026-06-17T18:14:49.751271+00:00,DION_001,3768,0.1636643450005992,SIMULATED,NORMAL
2026-06-17T18:14:49.761632+00:00,DION_001,3769,-0.25455089250737484,SIMULATED,NORMAL
2026-06-17T18:14:49.771956+00:00,DION_001,3770,-0.24327164582031852,SIMULATED,NORMAL
2026-06-17T18:14:49.782351+00:00,DION_001,3771,-0.1117373767635124,SIMULATED,NORMAL
2026-06-17T18:14:49.792651+00:00,DION_001,3772,-0.20725280541738184,SIMULATED,NORMAL
2026-06-17T18:14:49.803059+00:00,DION_001,3773,0.06212949821422395,SIMULATED,NORMAL
2026-06-17T18:14:49.813487+00:00,DION_001,3774,-0.3118221367366496,SIMULATED,NORMAL
2026-06-17T18:14:49.823846+00:00,DION_001,3775,-0.0847458039096766,SIMULATED,NORMAL
2026-06-17T18:14:49.834317+00:00,DION_001,3776,-0.296527101197849,SIMULATED,NORMAL
2026-06-17T18:14:49.844654+00:00,DION_001,3777,-0.3948860082202387,SIMULATED,NORMAL
2026-06-17T18:14:49.855036+00:00,DION_001,3778,-0.31870778498174335,SIMULATED,NORMAL
2026-06-17T18:14:49.865473+00:00,DION_001,3779,-0.1996631191841183,SIMULATED,NORMAL
2026-06-17T18:14:49.875994+00:00,DION_001,3780,-0.07663048493737339,SIMULATED,NORMAL
2026-06-17T18:14:49.886476+00:00,DION_001,3781,-0.20624492418798715,SIMULATED,NORMAL
2026-06-17T18:14:49.896875+00:00,DION_001,3782,0.12863703684387787,SIMULATED,NORMAL
2026-06-17T18:14:49.907296+00:00,DION_001,3783,-0.06589048292078435,SIMULATED,NORMAL
2026-06-17T18:14:49.917651+00:00,DION_001,3784,0.017924685316986128,SIMULATED,NORMAL
2026-06-17T18:14:49.927961+00:00,DION_001,3785,-0.04435722799871829,SIMULATED,NORMAL
2026-06-17T18:14:49.938365+00:00,DION_001,3786,-0.30815421480107485,SIMULATED,NORMAL
2026-06-17T18:14:49.948814+00:00,DION_001,3787,-0.036474197983818624,SIMULATED,NORMAL
2026-06-17T18:14:49.959181+00:00,DION_001,3788,-0.07739491278349155,SIMULATED,NORMAL
2026-06-17T18:14:49.969657+00:00,DION_001,3789,-0.27954373464767024,SIMULATED,NORMAL
2026-06-17T18:14:49.980047+00:00,DION_001,3790,-0.11166241917117256,SIMULATED,NORMAL
2026-06-17T18:14:49.990361+00:00,DION_001,3791,-0.12930263407709527,SIMULATED,NORMAL
2026-06-17T18:14:50.000750+00:00,DION_001,3792,-0.11955054620335016,SIMULATED,NORMAL
2026-06-17T18:14:50.011063+00:00,DION_001,3793,0.18738837681459186,SIMULATED,NORMAL
2026-06-17T18:14:50.021410+00:00,DION_001,3794,0.07731853097286194,SIMULATED,NORMAL
2026-06-17T18:14:50.031714+00:00,DION_001,3795,-0.05464288653540238,SIMULATED,NORMAL
2026-06-17T18:14:50.041991+00:00,DION_001,3796,-0.08951437745041949,SIMULATED,NORMAL
2026-06-17T18:14:50.052357+00:00,DION_001,3797,0.15659291708071923,SIMULATED,NORMAL
2026-06-17T18:14:50.062823+00:00,DION_001,3798,-0.03309107013042184,SIMULATED,NORMAL
2026-06-17T18:14:50.073339+00:00,DION_001,3799,0.16009505140040203,SIMULATED,NORMAL
2026-06-17T18:14:50.083924+00:00,DION_001,3800,0.13074661815724595,SIMULATED,NORMAL
2026-06-17T18:14:50.094410+00:00,DION_001,3801,0.10163444202760868,SIMULATED,NORMAL
2026-06-17T18:14:50.104894+00:00,DION_001,3802,0.052152165070768905,SIMULATED,NORMAL
2026-06-17T18:14:50.115652+00:00,DION_001,3803,0.039050155748618046,SIMULATED,NORMAL
2026-06-17T18:14:50.126165+00:00,DION_001,3804,0.4707206251687175,SIMULATED,NORMAL
2026-06-17T18:14:50.136833+00:00,DION_001,3805,-0.04308640414651499,SIMULATED,NORMAL
2026-06-17T18:14:50.147583+00:00,DION_001,3806,0.13549576232381716,SIMULATED,NORMAL
2026-06-17T18:14:50.158183+00:00,DION_001,3807,0.09621601084749008,SIMULATED,NORMAL
2026-06-17T18:14:50.168968+00:00,DION_001,3808,-0.020838174596384512,SIMULATED,NORMAL
2026-06-17T18:14:50.179740+00:00,DION_001,3809,-0.08692743470330344,SIMULATED,NORMAL
2026-06-17T18:14:50.190251+00:00,DION_001,3810,0.01806487683347263,SIMULATED,NORMAL
2026-06-17T18:14:50.200837+00:00,DION_001,3811,0.31964506785368074,SIMULATED,NORMAL
2026-06-17T18:14:50.211484+00:00,DION_001,3812,0.22003240230002102,SIMULATED,NORMAL
2026-06-17T18:14:50.222105+00:00,DION_001,3813,-0.07096219108163715,SIMULATED,NORMAL
2026-06-17T18:14:50.232813+00:00,DION_001,3814,0.2611456772184205,SIMULATED,NORMAL
2026-06-17T18:14:50.243401+00:00,DION_001,3815,-0.2537508058694208,SIMULATED,NORMAL
2026-06-17T18:14:50.254025+00:00,DION_001,3816,-0.23735270491926208,SIMULATED,NORMAL
2026-06-17T18:14:50.264612+00:00,DION_001,3817,0.11952176468935118,SIMULATED,NORMAL
2026-06-17T18:14:50.275194+00:00,DION_001,3818,0.13657509491512093,SIMULATED,NORMAL
2026-06-17T18:14:50.285799+00:00,DION_001,3819,-0.16522641001394242,SIMULATED,NORMAL
2026-06-17T18:14:50.296421+00:00,DION_001,3820,0.010561208553282478,SIMULATED,NORMAL
2026-06-17T18:14:50.307077+00:00,DION_001,3821,-0.33051605732443046,SIMULATED,NORMAL
2026-06-17T18:14:50.317621+00:00,DION_001,3822,-0.08052497817193857,SIMULATED,NORMAL
2026-06-17T18:14:50.328211+00:00,DION_001,3823,-0.07019463176365316,SIMULATED,NORMAL
2026-06-17T18:14:50.338774+00:00,DION_001,3824,-0.3539396640834941,SIMULATED,NORMAL
2026-06-17T18:14:50.349469+00:00,DION_001,3825,-0.23793453771574585,SIMULATED,NORMAL
2026-06-17T18:14:50.360141+00:00,DION_001,3826,-0.2716899689469534,SIMULATED,NORMAL
2026-06-17T18:14:50.370755+00:00,DION_001,3827,-0.2649310659127875,SIMULATED,NORMAL
2026-06-17T18:14:50.381197+00:00,DION_001,3828,0.01618632913857848,SIMULATED,NORMAL
2026-06-17T18:14:50.391701+00:00,DION_001,3829,-0.34701986497559867,SIMULATED,NORMAL
2026-06-17T18:14:50.402262+00:00,DION_001,3830,-0.5323849057082172,SIMULATED,NORMAL
2026-06-17T18:14:50.412850+00:00,DION_001,3831,-0.39509634782041897,SIMULATED,NORMAL
2026-06-17T18:14:50.423374+00:00,DION_001,3832,-0.5546944699836793,SIMULATED,NORMAL
2026-06-17T18:14:50.433954+00:00,DION_001,3833,-0.6908211444646524,SIMULATED,NORMAL
2026-06-17T18:14:50.444544+00:00,DION_001,3834,-0.6724787933854333,SIMULATED,NORMAL
2026-06-17T18:14:50.455280+00:00,DION_001,3835,-0.30126301318147536,SIMULATED,NORMAL
2026-06-17T18:14:50.466001+00:00,DION_001,3836,-0.6850496821005235,SIMULATED,NORMAL
2026-06-17T18:14:50.476689+00:00,DION_001,3837,-0.7778370715024644,SIMULATED,NORMAL
2026-06-17T18:14:50.487226+00:00,DION_001,3838,-0.7215856322954978,SIMULATED,NORMAL
2026-06-17T18:14:50.497852+00:00,DION_001,3839,-0.7245469662053561,SIMULATED,NORMAL
2026-06-17T18:14:50.508405+00:00,DION_001,3840,-0.7505446190573093,SIMULATED,NORMAL
2026-06-17T18:14:50.518976+00:00,DION_001,3841,-0.6937645933977213,SIMULATED,NORMAL
2026-06-17T18:14:50.529470+00:00,DION_001,3842,-0.5899467716782885,SIMULATED,NORMAL
2026-06-17T18:14:50.540007+00:00,DION_001,3843,-0.6731516565812747,SIMULATED,NORMAL
2026-06-17T18:14:50.550543+00:00,DION_001,3844,-0.8351781592455572,SIMULATED,NORMAL
2026-06-17T18:14:50.561099+00:00,DION_001,3845,-0.8812477144654945,SIMULATED,NORMAL
2026-06-17T18:14:50.571659+00:00,DION_001,3846,-1.0726012927677626,SIMULATED,NORMAL
2026-06-17T18:14:50.582162+00:00,DION_001,3847,-1.0950618411493527,SIMULATED,NORMAL
2026-06-17T18:14:50.592634+00:00,DION_001,3848,-0.9990621469433631,SIMULATED,NORMAL
2026-06-17T18:14:50.603103+00:00,DION_001,3849,-1.2447882704080033,SIMULATED,NORMAL
2026-06-17T18:14:50.613487+00:00,DION_001,3850,-1.315429136715938,SIMULATED,NORMAL
2026-06-17T18:14:50.623910+00:00,DION_001,3851,-1.2217641048188352,SIMULATED,NORMAL
2026-06-17T18:14:50.634531+00:00,DION_001,3852,-1.2841929204331926,SIMULATED,NORMAL
2026-06-17T18:14:50.644942+00:00,DION_001,3853,-1.2055815687474234,SIMULATED,NORMAL
2026-06-17T18:14:50.655346+00:00,DION_001,3854,-0.9057978430566304,SIMULATED,NORMAL
2026-06-17T18:14:50.665874+00:00,DION_001,3855,-1.3048502116257208,SIMULATED,NORMAL
2026-06-17T18:14:50.676278+00:00,DION_001,3856,-1.0740647983604734,SIMULATED,NORMAL
2026-06-17T18:14:50.686780+00:00,DION_001,3857,-1.092112677928374,SIMULATED,NORMAL
2026-06-17T18:14:50.697287+00:00,DION_001,3858,-1.0964137726801892,SIMULATED,NORMAL
2026-06-17T18:14:50.707686+00:00,DION_001,3859,-1.1946857753662374,SIMULATED,NORMAL
2026-06-17T18:14:50.718161+00:00,DION_001,3860,-0.708624399764106,SIMULATED,NORMAL
2026-06-17T18:14:50.728503+00:00,DION_001,3861,-1.2060956688829376,SIMULATED,NORMAL
2026-06-17T18:14:50.739141+00:00,DION_001,3862,-1.1362788085371078,SIMULATED,NORMAL
2026-06-17T18:14:50.749662+00:00,DION_001,3863,-0.9246995229159759,SIMULATED,NORMAL
2026-06-17T18:14:50.760019+00:00,DION_001,3864,-0.8161470957111807,SIMULATED,NORMAL
2026-06-17T18:14:50.770506+00:00,DION_001,3865,-0.8561514821456805,SIMULATED,NORMAL
2026-06-17T18:14:50.780893+00:00,DION_001,3866,-1.0566176499614566,SIMULATED,NORMAL
2026-06-17T18:14:50.791274+00:00,DION_001,3867,-0.7825524988724668,SIMULATED,NORMAL
2026-06-17T18:14:50.801762+00:00,DION_001,3868,1.8247660081265595,SIMULATED,NORMAL
2026-06-17T18:14:50.812233+00:00,DION_001,3869,-0.9439375587312703,SIMULATED,NORMAL
2026-06-17T18:14:50.822577+00:00,DION_001,3870,-0.7714832727795544,SIMULATED,NORMAL
2026-06-17T18:14:50.832956+00:00,DION_001,3871,-0.7588674639449027,SIMULATED,NORMAL
2026-06-17T18:14:50.843350+00:00,DION_001,3872,-0.8206130124897247,SIMULATED,NORMAL
2026-06-17T18:14:50.853877+00:00,DION_001,3873,-0.5898881660440445,SIMULATED,NORMAL
2026-06-17T18:14:50.864246+00:00,DION_001,3874,-0.5760499913365517,SIMULATED,NORMAL
2026-06-17T18:14:50.874616+00:00,DION_001,3875,-0.6122186117410275,SIMULATED,NORMAL
2026-06-17T18:14:50.884981+00:00,DION_001,3876,-0.6093268987914181,SIMULATED,NORMAL
2026-06-17T18:14:50.895423+00:00,DION_001,3877,-0.6333923034235921,SIMULATED,NORMAL
2026-06-17T18:14:50.905860+00:00,DION_001,3878,-0.478124473166995,SIMULATED,NORMAL
2026-06-17T18:14:50.916353+00:00,DION_001,3879,-0.7980873105846831,SIMULATED,NORMAL
2026-06-17T18:14:50.926794+00:00,DION_001,3880,-0.7244146995786378,SIMULATED,NORMAL
2026-06-17T18:14:50.937294+00:00,DION_001,3881,-0.9123414990989853,SIMULATED,NORMAL
2026-06-17T18:14:50.947795+00:00,DION_001,3882,-3.2264519296965055,SIMULATED,EVENT_DETECTED
2026-06-17T18:14:50.958684+00:00,DION_001,3883,-0.48985748983633215,SIMULATED,NORMAL
2026-06-17T18:14:50.969257+00:00,DION_001,3884,-0.6234836360666008,SIMULATED,NORMAL
2026-06-17T18:14:50.979809+00:00,DION_001,3885,-0.4870954298019565,SIMULATED,NORMAL
2026-06-17T18:14:50.990380+00:00,DION_001,3886,-0.18926184599315116,SIMULATED,NORMAL
2026-06-17T18:14:51.001081+00:00,DION_001,3887,-0.3114638795836445,SIMULATED,NORMAL
2026-06-17T18:14:51.011649+00:00,DION_001,3888,-0.39246503748702155,SIMULATED,NORMAL
2026-06-17T18:14:51.022230+00:00,DION_001,3889,-0.34628020167874224,SIMULATED,NORMAL
2026-06-17T18:14:51.032904+00:00,DION_001,3890,-3.276455058890541,SIMULATED,EVENT_DETECTED
2026-06-17T18:14:51.043533+00:00,DION_001,3891,-0.08990372755013193,SIMULATED,NORMAL
2026-06-17T18:14:51.054011+00:00,DION_001,3892,-0.5648315042245939,SIMULATED,NORMAL
2026-06-17T18:14:51.064495+00:00,DION_001,3893,-0.6357449135282285,SIMULATED,NORMAL
2026-06-17T18:14:51.075087+00:00,DION_001,3894,-0.5154451997230841,SIMULATED,NORMAL
2026-06-17T18:14:51.085524+00:00,DION_001,3895,-0.8176568332771831,SIMULATED,NORMAL
2026-06-17T18:14:51.095860+00:00,DION_001,3896,-0.24657096136514106,SIMULATED,NORMAL
2026-06-17T18:14:51.106312+00:00,DION_001,3897,-0.45485132177570475,SIMULATED,NORMAL
2026-06-17T18:14:51.116700+00:00,DION_001,3898,-0.25495257567431906,SIMULATED,NORMAL
2026-06-17T18:14:51.127088+00:00,DION_001,3899,-0.6935147994994872,SIMULATED,NORMAL
2026-06-17T18:14:51.137617+00:00,DION_001,3900,-0.19880991525575475,SIMULATED,NORMAL
2026-06-17T18:14:51.147958+00:00,DION_001,3901,-0.4723681762394017,SIMULATED,NORMAL
2026-06-17T18:14:51.158460+00:00,DION_001,3902,-0.45957969254863995,SIMULATED,NORMAL
2026-06-17T18:14:51.169003+00:00,DION_001,3903,-0.7359205365616263,SIMULATED,NORMAL
2026-06-17T18:14:51.179547+00:00,DION_001,3904,-0.44792155307966175,SIMULATED,NORMAL
2026-06-17T18:14:51.190360+00:00,DION_001,3905,-0.4892830357750034,SIMULATED,NORMAL
2026-06-17T18:14:51.200905+00:00,DION_001,3906,-0.5404635616092454,SIMULATED,NORMAL
2026-06-17T18:14:51.211481+00:00,DION_001,3907,-0.7103665613186362,SIMULATED,NORMAL
2026-06-17T18:14:51.222070+00:00,DION_001,3908,-0.6073646389783932,SIMULATED,NORMAL
2026-06-17T18:14:51.232787+00:00,DION_001,3909,-0.7390295243816509,SIMULATED,NORMAL
2026-06-17T18:14:51.243393+00:00,DION_001,3910,-0.850184257708807,SIMULATED,NORMAL
2026-06-17T18:14:51.253991+00:00,DION_001,3911,-0.5625992678929437,SIMULATED,NORMAL
2026-06-17T18:14:51.264670+00:00,DION_001,3912,-0.8876704324642609,SIMULATED,NORMAL
2026-06-17T18:14:51.275235+00:00,DION_001,3913,-0.7923142865643502,SIMULATED,NORMAL
2026-06-17T18:14:51.285847+00:00,DION_001,3914,-0.8711391559781398,SIMULATED,NORMAL
2026-06-17T18:14:51.296670+00:00,DION_001,3915,-0.8497968281163467,SIMULATED,NORMAL
2026-06-17T18:14:51.307313+00:00,DION_001,3916,-0.6384694197838248,SIMULATED,NORMAL
2026-06-17T18:14:51.317912+00:00,DION_001,3917,-0.9307320441205233,SIMULATED,NORMAL
2026-06-17T18:14:51.328544+00:00,DION_001,3918,-0.8011958084543387,SIMULATED,NORMAL
2026-06-17T18:14:51.339241+00:00,DION_001,3919,-0.5886053755373334,SIMULATED,NORMAL
2026-06-17T18:14:51.349875+00:00,DION_001,3920,-0.9588595743375448,SIMULATED,NORMAL
2026-06-17T18:14:51.360458+00:00,DION_001,3921,-1.0025502601671095,SIMULATED,NORMAL
2026-06-17T18:14:51.371318+00:00,DION_001,3922,-0.9905714664143414,SIMULATED,NORMAL
2026-06-17T18:14:51.381905+00:00,DION_001,3923,-1.0088858094388413,SIMULATED,NORMAL
2026-06-17T18:14:51.392401+00:00,DION_001,3924,-0.971522026692132,SIMULATED,NORMAL
2026-06-17T18:14:51.403098+00:00,DION_001,3925,-0.9579076265689785,SIMULATED,NORMAL
2026-06-17T18:14:51.413712+00:00,DION_001,3926,-0.8360701568177984,SIMULATED,NORMAL
2026-06-17T18:14:51.424263+00:00,DION_001,3927,-1.0213887596462685,SIMULATED,NORMAL
2026-06-17T18:14:51.435083+00:00,DION_001,3928,-1.0568940967725498,SIMULATED,NORMAL
2026-06-17T18:14:51.445673+00:00,DION_001,3929,-0.9387892056755747,SIMULATED,NORMAL
2026-06-17T18:14:51.456230+00:00,DION_001,3930,-0.8737568764956608,SIMULATED,NORMAL
2026-06-17T18:14:51.466930+00:00,DION_001,3931,-1.0200323924843575,SIMULATED,NORMAL
2026-06-17T18:14:51.477508+00:00,DION_001,3932,-0.758847882743337,SIMULATED,NORMAL
2026-06-17T18:14:51.488230+00:00,DION_001,3933,-0.7509230592064028,SIMULATED,NORMAL
2026-06-17T18:14:51.498869+00:00,DION_001,3934,-1.019853271461637,SIMULATED,NORMAL
2026-06-17T18:14:51.509413+00:00,DION_001,3935,-0.8824910323349691,SIMULATED,NORMAL
2026-06-17T18:14:51.520000+00:00,DION_001,3936,-0.9404204164110704,SIMULATED,NORMAL
2026-06-17T18:14:51.530565+00:00,DION_001,3937,-0.7339014885275313,SIMULATED,NORMAL
2026-06-17T18:14:51.541063+00:00,DION_001,3938,-0.944054042650893,SIMULATED,NORMAL
2026-06-17T18:14:51.552046+00:00,DION_001,3939,-0.7138685108828505,SIMULATED,NORMAL
2026-06-17T18:14:51.562690+00:00,DION_001,3940,-0.41668408405374796,SIMULATED,NORMAL
2026-06-17T18:14:51.573236+00:00,DION_001,3941,-0.5557306306478119,SIMULATED,NORMAL
2026-06-17T18:14:51.583667+00:00,DION_001,3942,-0.8415626360519916,SIMULATED,NORMAL
2026-06-17T18:14:51.594087+00:00,DION_001,3943,-0.6264203578231199,SIMULATED,NORMAL
2026-06-17T18:14:51.604667+00:00,DION_001,3944,-0.884686532832198,SIMULATED,NORMAL
2026-06-17T18:14:51.615206+00:00,DION_001,3945,-3.063180540131544,SIMULATED,EVENT_DETECTED
2026-06-17T18:14:51.625897+00:00,DION_001,3946,-0.6574459235410545,SIMULATED,NORMAL
2026-06-17T18:14:51.636478+00:00,DION_001,3947,-0.40259288430196416,SIMULATED,NORMAL
2026-06-17T18:14:51.646986+00:00,DION_001,3948,-0.6533146697238768,SIMULATED,NORMAL
2026-06-17T18:14:51.657377+00:00,DION_001,3949,-0.5323824881577817,SIMULATED,NORMAL
2026-06-17T18:14:51.667841+00:00,DION_001,3950,-0.41717030082419476,SIMULATED,NORMAL
2026-06-17T18:14:51.678256+00:00,DION_001,3951,-0.32296789902348444,SIMULATED,NORMAL
2026-06-17T18:14:51.688820+00:00,DION_001,3952,0.07003081562397045,SIMULATED,NORMAL
2026-06-17T18:14:51.699412+00:00,DION_001,3953,-0.2162519032164685,SIMULATED,NORMAL
2026-06-17T18:14:51.709969+00:00,DION_001,3954,-0.33102611362360573,SIMULATED,NORMAL
2026-06-17T18:14:51.720546+00:00,DION_001,3955,-0.10370056059607384,SIMULATED,NORMAL
2026-06-17T18:14:51.731197+00:00,DION_001,3956,-0.28635353858000895,SIMULATED,NORMAL
2026-06-17T18:14:51.741817+00:00,DION_001,3957,-0.22152854950026496,SIMULATED,NORMAL
2026-06-17T18:14:51.752352+00:00,DION_001,3958,-0.18320516271328816,SIMULATED,NORMAL
2026-06-17T18:14:51.763022+00:00,DION_001,3959,-0.030113594125702855,SIMULATED,NORMAL
2026-06-17T18:14:51.773538+00:00,DION_001,3960,-0.016467079471552234,SIMULATED,NORMAL
2026-06-17T18:14:51.783948+00:00,DION_001,3961,-0.1311236633003798,SIMULATED,NORMAL
2026-06-17T18:14:51.794388+00:00,DION_001,3962,-0.023092238546951804,SIMULATED,NORMAL
2026-06-17T18:14:51.805037+00:00,DION_001,3963,0.026591944647766805,SIMULATED,NORMAL
2026-06-17T18:14:51.815566+00:00,DION_001,3964,0.49901641022361115,SIMULATED,NORMAL
2026-06-17T18:14:51.826051+00:00,DION_001,3965,0.12065049481490285,SIMULATED,NORMAL
2026-06-17T18:14:51.837036+00:00,DION_001,3966,-0.022288841497605294,SIMULATED,NORMAL
2026-06-17T18:14:51.847343+00:00,DION_001,3967,0.011594756031177517,SIMULATED,NORMAL
2026-06-17T18:14:51.857682+00:00,DION_001,3968,0.1560109125902253,SIMULATED,NORMAL
2026-06-17T18:14:51.868360+00:00,DION_001,3969,0.1067437159456534,SIMULATED,NORMAL
2026-06-17T18:14:51.878678+00:00,DION_001,3970,0.34597794362712586,SIMULATED,NORMAL
2026-06-17T18:14:51.889158+00:00,DION_001,3971,0.08328746916645444,SIMULATED,NORMAL
2026-06-17T18:14:51.899751+00:00,DION_001,3972,0.2764693721366172,SIMULATED,NORMAL
2026-06-17T18:14:51.910179+00:00,DION_001,3973,0.7438737566666656,SIMULATED,NORMAL
2026-06-17T18:14:51.920703+00:00,DION_001,3974,0.3039963074665507,SIMULATED,NORMAL
2026-06-17T18:14:51.931107+00:00,DION_001,3975,0.48106988202745316,SIMULATED,NORMAL
2026-06-17T18:14:51.941540+00:00,DION_001,3976,2.6679512858895857,SIMULATED,EVENT_DETECTED
2026-06-17T18:14:51.952355+00:00,DION_001,3977,0.22278055307888928,SIMULATED,NORMAL
2026-06-17T18:14:51.962864+00:00,DION_001,3978,0.2574240999186067,SIMULATED,NORMAL
2026-06-17T18:14:51.973326+00:00,DION_001,3979,0.26307734531341304,SIMULATED,NORMAL
2026-06-17T18:14:51.983784+00:00,DION_001,3980,-0.07919456291689353,SIMULATED,NORMAL
2026-06-17T18:14:51.994312+00:00,DION_001,3981,0.4741502788737406,SIMULATED,NORMAL
2026-06-17T18:14:52.005030+00:00,DION_001,3982,-0.06272400860268826,SIMULATED,NORMAL
2026-06-17T18:14:52.015570+00:00,DION_001,3983,0.1627092000655524,SIMULATED,NORMAL
2026-06-17T18:14:52.026043+00:00,DION_001,3984,0.21492259801181882,SIMULATED,NORMAL
2026-06-17T18:14:52.036481+00:00,DION_001,3985,-2.335046517390134,SIMULATED,EVENT_DETECTED
2026-06-17T18:14:52.047105+00:00,DION_001,3986,0.06117976501923561,SIMULATED,NORMAL
2026-06-17T18:14:52.057594+00:00,DION_001,3987,0.276562561965471,SIMULATED,NORMAL
2026-06-17T18:14:52.068137+00:00,DION_001,3988,0.15944107552190617,SIMULATED,NORMAL
2026-06-17T18:14:52.078519+00:00,DION_001,3989,0.21236814937639525,SIMULATED,NORMAL
2026-06-17T18:14:52.089434+00:00,DION_001,3990,0.020821062849704974,SIMULATED,NORMAL
2026-06-17T18:14:52.100118+00:00,DION_001,3991,0.06698977779673834,SIMULATED,NORMAL
2026-06-17T18:14:52.110525+00:00,DION_001,3992,-0.09585325397616225,SIMULATED,NORMAL
2026-06-17T18:14:52.121124+00:00,DION_001,3993,-0.03562559656449135,SIMULATED,NORMAL
2026-06-17T18:14:52.131681+00:00,DION_001,3994,-0.011275644273666001,SIMULATED,NORMAL
2026-06-17T18:14:52.142200+00:00,DION_001,3995,-0.1974445428276596,SIMULATED,NORMAL
2026-06-17T18:14:52.152642+00:00,DION_001,3996,0.13364037257990763,SIMULATED,NORMAL
2026-06-17T18:14:52.163430+00:00,DION_001,3997,-0.029873589622507333,SIMULATED,NORMAL
2026-06-17T18:14:52.174064+00:00,DION_001,3998,0.05325984316826776,SIMULATED,NORMAL
2026-06-17T18:14:52.184484+00:00,DION_001,3999,-0.16128184275748939,SIMULATED,NORMAL
2026-06-17T18:14:52.195205+00:00,DION_001,4000,-0.29403612838946275,SIMULATED,NORMAL
2026-06-17T18:14:52.205663+00:00,DION_001,4001,-0.24298604926777437,SIMULATED,NORMAL
2026-06-17T18:14:52.216093+00:00,DION_001,4002,0.10240746091818675,SIMULATED,NORMAL
2026-06-17T18:14:52.226532+00:00,DION_001,4003,-0.14331781368857588,SIMULATED,NORMAL
2026-06-17T18:14:52.237035+00:00,DION_001,4004,0.030525188812650553,SIMULATED,NORMAL
2026-06-17T18:14:52.247493+00:00,DION_001,4005,-0.28785055037524526,SIMULATED,NORMAL
2026-06-17T18:14:52.257877+00:00,DION_001,4006,-0.07593436121714887,SIMULATED,NORMAL
2026-06-17T18:14:52.268329+00:00,DION_001,4007,0.004509434536785609,SIMULATED,NORMAL
2026-06-17T18:14:52.278859+00:00,DION_001,4008,0.2105851391634348,SIMULATED,NORMAL
2026-06-17T18:14:52.289385+00:00,DION_001,4009,-0.23172105821268196,SIMULATED,NORMAL
2026-06-17T18:14:52.299957+00:00,DION_001,4010,-0.04060321461962936,SIMULATED,NORMAL
2026-06-17T18:14:52.310519+00:00,DION_001,4011,-0.12487592679434308,SIMULATED,NORMAL
2026-06-17T18:14:52.321085+00:00,DION_001,4012,-0.12330892192239501,SIMULATED,NORMAL
2026-06-17T18:14:52.331671+00:00,DION_001,4013,0.0008228894897236126,SIMULATED,NORMAL
2026-06-17T18:14:52.342252+00:00,DION_001,4014,-0.07630638523952862,SIMULATED,NORMAL
2026-06-17T18:14:52.352912+00:00,DION_001,4015,-0.09910434478188054,SIMULATED,NORMAL
2026-06-17T18:14:52.363460+00:00,DION_001,4016,-0.06137020783966765,SIMULATED,NORMAL
2026-06-17T18:14:52.373985+00:00,DION_001,4017,0.13167015906771504,SIMULATED,NORMAL
2026-06-17T18:14:52.384635+00:00,DION_001,4018,0.06649677548795711,SIMULATED,NORMAL
2026-06-17T18:14:52.395174+00:00,DION_001,4019,0.4132560514060045,SIMULATED,NORMAL
2026-06-17T18:14:52.405825+00:00,DION_001,4020,0.49373385523073754,SIMULATED,NORMAL
2026-06-17T18:14:52.416682+00:00,DION_001,4021,0.40651362866644347,SIMULATED,NORMAL
2026-06-17T18:14:52.427328+00:00,DION_001,4022,0.23535922414934973,SIMULATED,NORMAL
2026-06-17T18:14:52.437888+00:00,DION_001,4023,0.2395720387723908,SIMULATED,NORMAL
2026-06-17T18:14:52.448458+00:00,DION_001,4024,0.2976877514495999,SIMULATED,NORMAL
2026-06-17T18:14:52.459130+00:00,DION_001,4025,0.23489966458807945,SIMULATED,NORMAL
2026-06-17T18:14:52.469730+00:00,DION_001,4026,0.41741440743038244,SIMULATED,NORMAL
2026-06-17T18:14:52.480253+00:00,DION_001,4027,0.5277209973616893,SIMULATED,NORMAL
2026-06-17T18:14:52.490828+00:00,DION_001,4028,3.0850009909342235,SIMULATED,EVENT_DETECTED
2026-06-17T18:14:52.501720+00:00,DION_001,4029,0.6152311760748447,SIMULATED,NORMAL
2026-06-17T18:14:52.512262+00:00,DION_001,4030,0.7638612730944403,SIMULATED,NORMAL
2026-06-17T18:14:52.522774+00:00,DION_001,4031,0.6861456971838413,SIMULATED,NORMAL
2026-06-17T18:14:52.533378+00:00,DION_001,4032,0.7931995279780921,SIMULATED,NORMAL
2026-06-17T18:14:52.543969+00:00,DION_001,4033,0.8127569546875333,SIMULATED,NORMAL
2026-06-17T18:14:52.554525+00:00,DION_001,4034,0.7106749348178538,SIMULATED,NORMAL
2026-06-17T18:14:52.565048+00:00,DION_001,4035,0.7012870058171147,SIMULATED,NORMAL
2026-06-17T18:14:52.575499+00:00,DION_001,4036,0.9961501274823891,SIMULATED,NORMAL
2026-06-17T18:14:52.586009+00:00,DION_001,4037,0.6527079671314047,SIMULATED,NORMAL
2026-06-17T18:14:52.596537+00:00,DION_001,4038,0.7418003195028434,SIMULATED,NORMAL
2026-06-17T18:14:52.607205+00:00,DION_001,4039,1.1237740046999516,SIMULATED,NORMAL
2026-06-17T18:14:52.617850+00:00,DION_001,4040,0.9195594441092209,SIMULATED,NORMAL
2026-06-17T18:14:52.628642+00:00,DION_001,4041,0.6780338233318277,SIMULATED,NORMAL
2026-06-17T18:14:52.639243+00:00,DION_001,4042,0.9964779510601685,SIMULATED,NORMAL
2026-06-17T18:14:52.649919+00:00,DION_001,4043,1.3275092260314354,SIMULATED,NORMAL
2026-06-17T18:14:52.660499+00:00,DION_001,4044,0.8314760370978723,SIMULATED,NORMAL
2026-06-17T18:14:52.671240+00:00,DION_001,4045,1.1640546864524224,SIMULATED,NORMAL
2026-06-17T18:14:52.681802+00:00,DION_001,4046,0.9661567240349618,SIMULATED,NORMAL
2026-06-17T18:14:52.692397+00:00,DION_001,4047,0.8315295859006636,SIMULATED,NORMAL
2026-06-17T18:14:52.703340+00:00,DION_001,4048,1.0837627247193276,SIMULATED,NORMAL
2026-06-17T18:14:52.713972+00:00,DION_001,4049,2.9814594937010934,SIMULATED,EVENT_DETECTED
2026-06-17T18:14:52.724770+00:00,DION_001,4050,1.2689527669584668,SIMULATED,NORMAL
2026-06-17T18:14:52.735390+00:00,DION_001,4051,1.0828128497865204,SIMULATED,NORMAL
2026-06-17T18:14:52.745986+00:00,DION_001,4052,1.0568669395274568,SIMULATED,NORMAL
2026-06-17T18:14:52.756665+00:00,DION_001,4053,1.3200486311999116,SIMULATED,NORMAL
2026-06-17T18:14:52.767267+00:00,DION_001,4054,1.0054283095963623,SIMULATED,NORMAL
2026-06-17T18:14:52.777870+00:00,DION_001,4055,1.0808271949313646,SIMULATED,NORMAL
2026-06-17T18:14:52.788437+00:00,DION_001,4056,0.8212594260277015,SIMULATED,NORMAL
2026-06-17T18:14:52.799200+00:00,DION_001,4057,0.8161846635801668,SIMULATED,NORMAL
2026-06-17T18:14:52.809880+00:00,DION_001,4058,1.0113864753399078,SIMULATED,NORMAL
2026-06-17T18:14:52.820479+00:00,DION_001,4059,1.2606763978430258,SIMULATED,NORMAL
2026-06-17T18:14:52.831093+00:00,DION_001,4060,0.8648239883315648,SIMULATED,NORMAL
2026-06-17T18:14:52.841648+00:00,DION_001,4061,1.03797036611158,SIMULATED,NORMAL
2026-06-17T18:14:52.852212+00:00,DION_001,4062,1.20915604544005,SIMULATED,NORMAL
2026-06-17T18:14:52.862905+00:00,DION_001,4063,0.9844298794177998,SIMULATED,NORMAL
2026-06-17T18:14:52.873419+00:00,DION_001,4064,1.0055663230210032,SIMULATED,NORMAL
2026-06-17T18:14:52.884103+00:00,DION_001,4065,0.7976816035381554,SIMULATED,NORMAL
2026-06-17T18:14:52.894669+00:00,DION_001,4066,0.6804442123722592,SIMULATED,NORMAL
2026-06-17T18:14:52.905317+00:00,DION_001,4067,0.9650511448356724,SIMULATED,NORMAL
2026-06-17T18:14:52.916008+00:00,DION_001,4068,0.8176946571641549,SIMULATED,NORMAL
2026-06-17T18:14:52.926562+00:00,DION_001,4069,0.5954410401857648,SIMULATED,NORMAL
2026-06-17T18:14:52.937169+00:00,DION_001,4070,0.5916494088565726,SIMULATED,NORMAL
2026-06-17T18:14:52.947763+00:00,DION_001,4071,0.6721453410652217,SIMULATED,NORMAL
2026-06-17T18:14:52.958242+00:00,DION_001,4072,0.453444866024048,SIMULATED,NORMAL
2026-06-17T18:14:52.968849+00:00,DION_001,4073,0.6581914007084159,SIMULATED,NORMAL
2026-06-17T18:14:52.979430+00:00,DION_001,4074,0.5635384766082674,SIMULATED,NORMAL
2026-06-17T18:14:52.989920+00:00,DION_001,4075,0.7568563121607826,SIMULATED,NORMAL
2026-06-17T18:14:53.000487+00:00,DION_001,4076,0.3008146606310487,SIMULATED,NORMAL
2026-06-17T18:14:53.011244+00:00,DION_001,4077,0.5903748310604525,SIMULATED,NORMAL
2026-06-17T18:14:53.021833+00:00,DION_001,4078,0.5284013521726219,SIMULATED,NORMAL
2026-06-17T18:14:53.032478+00:00,DION_001,4079,0.1144032289725555,SIMULATED,NORMAL
2026-06-17T18:14:53.043291+00:00,DION_001,4080,0.5816192281044729,SIMULATED,NORMAL
2026-06-17T18:14:53.053961+00:00,DION_001,4081,0.7083771514853077,SIMULATED,NORMAL
2026-06-17T18:14:53.064524+00:00,DION_001,4082,0.41819354598207736,SIMULATED,NORMAL
2026-06-17T18:14:53.075228+00:00,DION_001,4083,2.9174494997860134,SIMULATED,EVENT_DETECTED
2026-06-17T18:14:53.086254+00:00,DION_001,4084,0.47081337857008887,SIMULATED,NORMAL
2026-06-17T18:14:53.096880+00:00,DION_001,4085,0.4435483376090863,SIMULATED,NORMAL
2026-06-17T18:14:53.107463+00:00,DION_001,4086,0.35876414130494866,SIMULATED,NORMAL
2026-06-17T18:14:53.118075+00:00,DION_001,4087,0.21996330159563002,SIMULATED,NORMAL
2026-06-17T18:14:53.128666+00:00,DION_001,4088,0.3767258820133656,SIMULATED,NORMAL
2026-06-17T18:14:53.139317+00:00,DION_001,4089,0.47789890667381024,SIMULATED,NORMAL
2026-06-17T18:14:53.149942+00:00,DION_001,4090,0.4107572182256856,SIMULATED,NORMAL
2026-06-17T18:14:53.160545+00:00,DION_001,4091,0.45836953893371135,SIMULATED,NORMAL
2026-06-17T18:14:53.171276+00:00,DION_001,4092,0.28861287109825695,SIMULATED,NORMAL
2026-06-17T18:14:53.182040+00:00,DION_001,4093,0.24725183946591103,SIMULATED,NORMAL
2026-06-17T18:14:53.192639+00:00,DION_001,4094,0.2667258613235134,SIMULATED,NORMAL
2026-06-17T18:14:53.203282+00:00,DION_001,4095,0.5423934055970068,SIMULATED,NORMAL
2026-06-17T18:14:53.213904+00:00,DION_001,4096,0.456854210298822,SIMULATED,NORMAL
2026-06-17T18:14:53.224645+00:00,DION_001,4097,0.7529734416577365,SIMULATED,NORMAL
2026-06-17T18:14:53.235266+00:00,DION_001,4098,0.31613218821098954,SIMULATED,NORMAL
2026-06-17T18:14:53.245798+00:00,DION_001,4099,0.2995288113066905,SIMULATED,NORMAL
2026-06-17T18:14:53.256386+00:00,DION_001,4100,0.7390015932639072,SIMULATED,NORMAL
2026-06-17T18:14:53.267044+00:00,DION_001,4101,0.40336294316330895,SIMULATED,NORMAL
2026-06-17T18:14:53.277544+00:00,DION_001,4102,0.6646282862342565,SIMULATED,NORMAL
2026-06-17T18:14:53.288026+00:00,DION_001,4103,0.5272603421846055,SIMULATED,NORMAL
2026-06-17T18:14:53.298485+00:00,DION_001,4104,0.6609366762961736,SIMULATED,NORMAL
2026-06-17T18:14:53.308963+00:00,DION_001,4105,0.6617442496667715,SIMULATED,NORMAL
2026-06-17T18:14:53.319362+00:00,DION_001,4106,0.7835971522809079,SIMULATED,NORMAL
2026-06-17T18:14:53.329696+00:00,DION_001,4107,0.867147962886811,SIMULATED,NORMAL
2026-06-17T18:14:53.340132+00:00,DION_001,4108,0.8384477642176906,SIMULATED,NORMAL
2026-06-17T18:14:53.350506+00:00,DION_001,4109,0.9349615154875335,SIMULATED,NORMAL
2026-06-17T18:14:53.360934+00:00,DION_001,4110,0.8355913988510304,SIMULATED,NORMAL
2026-06-17T18:14:53.371421+00:00,DION_001,4111,0.6441977749498721,SIMULATED,NORMAL
2026-06-17T18:14:53.382028+00:00,DION_001,4112,0.8439626562848143,SIMULATED,NORMAL
2026-06-17T18:14:53.392535+00:00,DION_001,4113,0.8286440836363433,SIMULATED,NORMAL
2026-06-17T18:14:53.403338+00:00,DION_001,4114,0.8791481621555672,SIMULATED,NORMAL
2026-06-17T18:14:53.413902+00:00,DION_001,4115,1.10599083097964,SIMULATED,NORMAL
2026-06-17T18:14:53.424444+00:00,DION_001,4116,0.8650430992693963,SIMULATED,NORMAL
2026-06-17T18:14:53.435242+00:00,DION_001,4117,1.0111769413852991,SIMULATED,NORMAL
2026-06-17T18:14:53.445806+00:00,DION_001,4118,1.0444848249555492,SIMULATED,NORMAL
2026-06-17T18:14:53.456352+00:00,DION_001,4119,1.1176645288124947,SIMULATED,NORMAL
2026-06-17T18:14:53.467194+00:00,DION_001,4120,0.9239242055109298,SIMULATED,NORMAL
2026-06-17T18:14:53.477827+00:00,DION_001,4121,0.6617781375782594,SIMULATED,NORMAL
2026-06-17T18:14:53.488461+00:00,DION_001,4122,0.9807521056223263,SIMULATED,NORMAL
2026-06-17T18:14:53.499457+00:00,DION_001,4123,0.8858173290781992,SIMULATED,NORMAL
2026-06-17T18:14:53.509977+00:00,DION_001,4124,0.7944221229695311,SIMULATED,NORMAL
2026-06-17T18:14:53.520498+00:00,DION_001,4125,0.9406057780674457,SIMULATED,NORMAL
2026-06-17T18:14:53.531152+00:00,DION_001,4126,1.1540064040758282,SIMULATED,NORMAL
2026-06-17T18:14:53.541694+00:00,DION_001,4127,0.9821400692984656,SIMULATED,NORMAL
2026-06-17T18:14:53.552279+00:00,DION_001,4128,0.9466885482802221,SIMULATED,NORMAL
2026-06-17T18:14:53.562843+00:00,DION_001,4129,0.67305188672612,SIMULATED,NORMAL
2026-06-17T18:14:53.573413+00:00,DION_001,4130,0.7422126443269814,SIMULATED,NORMAL
2026-06-17T18:14:53.584014+00:00,DION_001,4131,0.6602075449147166,SIMULATED,NORMAL
2026-06-17T18:14:53.594553+00:00,DION_001,4132,0.5990025481392955,SIMULATED,NORMAL
2026-06-17T18:14:53.605332+00:00,DION_001,4133,0.9481404489409457,SIMULATED,NORMAL
2026-06-17T18:14:53.616101+00:00,DION_001,4134,0.9344855579201177,SIMULATED,NORMAL
2026-06-17T18:14:53.626648+00:00,DION_001,4135,0.9214385109005214,SIMULATED,NORMAL
2026-06-17T18:14:53.637454+00:00,DION_001,4136,0.8104277839610722,SIMULATED,NORMAL
2026-06-17T18:14:53.648115+00:00,DION_001,4137,0.755691635755921,SIMULATED,NORMAL
2026-06-17T18:14:53.658816+00:00,DION_001,4138,0.6300231779008529,SIMULATED,NORMAL
2026-06-17T18:14:53.669455+00:00,DION_001,4139,0.6086250148494836,SIMULATED,NORMAL
2026-06-17T18:14:53.680050+00:00,DION_001,4140,0.44164587608596434,SIMULATED,NORMAL
2026-06-17T18:14:53.690627+00:00,DION_001,4141,0.8716726983777339,SIMULATED,NORMAL
2026-06-17T18:14:53.701269+00:00,DION_001,4142,0.24267816075812282,SIMULATED,NORMAL
2026-06-17T18:14:53.711828+00:00,DION_001,4143,0.46403276116773584,SIMULATED,NORMAL
2026-06-17T18:14:53.722396+00:00,DION_001,4144,0.355269902401923,SIMULATED,NORMAL
2026-06-17T18:14:53.733075+00:00,DION_001,4145,0.46668866028492934,SIMULATED,NORMAL
2026-06-17T18:14:53.743645+00:00,DION_001,4146,0.5760022589127975,SIMULATED,NORMAL
2026-06-17T18:14:53.754271+00:00,DION_001,4147,0.07109380699932458,SIMULATED,NORMAL
2026-06-17T18:14:53.764846+00:00,DION_001,4148,0.34381183280301086,SIMULATED,NORMAL
2026-06-17T18:14:53.775483+00:00,DION_001,4149,0.2342644777706448,SIMULATED,NORMAL
2026-06-17T18:14:53.786087+00:00,DION_001,4150,0.24269812029326276,SIMULATED,NORMAL
2026-06-17T18:14:53.796773+00:00,DION_001,4151,0.2504359175709161,SIMULATED,NORMAL
2026-06-17T18:14:53.807382+00:00,DION_001,4152,-0.006007518236782042,SIMULATED,NORMAL
2026-06-17T18:14:53.817978+00:00,DION_001,4153,0.0034777073425975337,SIMULATED,NORMAL
2026-06-17T18:14:53.828680+00:00,DION_001,4154,0.29598512464413845,SIMULATED,NORMAL
2026-06-17T18:14:53.839317+00:00,DION_001,4155,-0.049450309913648016,SIMULATED,NORMAL
2026-06-17T18:14:53.849995+00:00,DION_001,4156,-0.1257308038557275,SIMULATED,NORMAL
2026-06-17T18:14:53.860680+00:00,DION_001,4157,0.03693718451113878,SIMULATED,NORMAL
2026-06-17T18:14:53.871294+00:00,DION_001,4158,0.02475685065177574,SIMULATED,NORMAL
2026-06-17T18:14:53.881876+00:00,DION_001,4159,0.043367767905190924,SIMULATED,NORMAL
2026-06-17T18:14:53.892453+00:00,DION_001,4160,-0.08525285176863623,SIMULATED,NORMAL
2026-06-17T18:14:53.903238+00:00,DION_001,4161,-0.3152867677907449,SIMULATED,NORMAL
2026-06-17T18:14:53.913762+00:00,DION_001,4162,-0.060262194997540375,SIMULATED,NORMAL
2026-06-17T18:14:53.924335+00:00,DION_001,4163,-0.22461705224959966,SIMULATED,NORMAL
2026-06-17T18:14:53.935721+00:00,DION_001,4164,-0.20233642295604354,SIMULATED,NORMAL
2026-06-17T18:14:53.946318+00:00,DION_001,4165,-0.16900764380480465,SIMULATED,NORMAL
2026-06-17T18:14:53.956956+00:00,DION_001,4166,-0.5352068846843206,SIMULATED,NORMAL
2026-06-17T18:14:53.967530+00:00,DION_001,4167,-0.12489630182968378,SIMULATED,NORMAL
2026-06-17T18:14:53.978121+00:00,DION_001,4168,-0.3875685404153297,SIMULATED,NORMAL
2026-06-17T18:14:53.988733+00:00,DION_001,4169,-0.4700956007683921,SIMULATED,NORMAL
2026-06-17T18:14:53.999327+00:00,DION_001,4170,-0.7832721850215922,SIMULATED,NORMAL
2026-06-17T18:14:54.009998+00:00,DION_001,4171,-0.061759611158535455,SIMULATED,NORMAL
2026-06-17T18:14:54.020733+00:00,DION_001,4172,-0.24366336716490322,SIMULATED,NORMAL
2026-06-17T18:14:54.031364+00:00,DION_001,4173,-2.9308927519060535,SIMULATED,EVENT_DETECTED
2026-06-17T18:14:54.042691+00:00,DION_001,4174,-0.350576292456075,SIMULATED,NORMAL
2026-06-17T18:14:54.053421+00:00,DION_001,4175,-0.16377299667968692,SIMULATED,NORMAL
2026-06-17T18:14:54.064006+00:00,DION_001,4176,-0.2593637073873261,SIMULATED,NORMAL
2026-06-17T18:14:54.074595+00:00,DION_001,4177,-0.30106638127013724,SIMULATED,NORMAL
2026-06-17T18:14:54.085144+00:00,DION_001,4178,-0.19373580221283146,SIMULATED,NORMAL
2026-06-17T18:14:54.095821+00:00,DION_001,4179,-0.3637726982542703,SIMULATED,NORMAL
2026-06-17T18:14:54.106340+00:00,DION_001,4180,-0.24604923736205894,SIMULATED,NORMAL
2026-06-17T18:14:54.116930+00:00,DION_001,4181,-0.44017189400996726,SIMULATED,NORMAL
2026-06-17T18:14:54.127525+00:00,DION_001,4182,-0.25299382989380215,SIMULATED,NORMAL
2026-06-17T18:14:54.138474+00:00,DION_001,4183,-0.18625130934421705,SIMULATED,NORMAL
2026-06-17T18:14:54.149194+00:00,DION_001,4184,-0.19163431508244005,SIMULATED,NORMAL
2026-06-17T18:14:54.159754+00:00,DION_001,4185,-0.16855647345430397,SIMULATED,NORMAL
2026-06-17T18:14:54.170380+00:00,DION_001,4186,-0.0232215775624523,SIMULATED,NORMAL
2026-06-17T18:14:54.180957+00:00,DION_001,4187,-0.09221718945909742,SIMULATED,NORMAL
2026-06-17T18:14:54.191551+00:00,DION_001,4188,0.09247704406778096,SIMULATED,NORMAL
2026-06-17T18:14:54.202143+00:00,DION_001,4189,0.1597543047968864,SIMULATED,NORMAL
2026-06-17T18:14:54.212708+00:00,DION_001,4190,-0.2997185220580315,SIMULATED,NORMAL
2026-06-17T18:14:54.223206+00:00,DION_001,4191,0.0855083211227311,SIMULATED,NORMAL
2026-06-17T18:14:54.233837+00:00,DION_001,4192,0.17788748665911408,SIMULATED,NORMAL
2026-06-17T18:14:54.244340+00:00,DION_001,4193,0.14851594844774282,SIMULATED,NORMAL
2026-06-17T18:14:54.255261+00:00,DION_001,4194,0.03187407491344081,SIMULATED,NORMAL
2026-06-17T18:14:54.265890+00:00,DION_001,4195,0.12748108809787193,SIMULATED,NORMAL
2026-06-17T18:14:54.276413+00:00,DION_001,4196,-0.014084926643195179,SIMULATED,NORMAL
2026-06-17T18:14:54.287063+00:00,DION_001,4197,-0.19449469951093687,SIMULATED,NORMAL
2026-06-17T18:14:54.297752+00:00,DION_001,4198,-0.09585479032065444,SIMULATED,NORMAL
2026-06-17T18:14:54.308320+00:00,DION_001,4199,-0.03440951951443798,SIMULATED,NORMAL
2026-06-17T18:14:54.318980+00:00,DION_001,4200,-0.19898016472162305,SIMULATED,NORMAL
2026-06-17T18:14:54.329599+00:00,DION_001,4201,-0.10818940453534732,SIMULATED,NORMAL
2026-06-17T18:14:54.340219+00:00,DION_001,4202,0.03322329531023894,SIMULATED,NORMAL
2026-06-17T18:14:54.350720+00:00,DION_001,4203,0.12516704129543962,SIMULATED,NORMAL
2026-06-17T18:14:54.361251+00:00,DION_001,4204,-0.20877071154291288,SIMULATED,NORMAL
2026-06-17T18:14:54.371747+00:00,DION_001,4205,0.08292550111710108,SIMULATED,NORMAL
2026-06-17T18:14:54.382268+00:00,DION_001,4206,0.007121310947358947,SIMULATED,NORMAL
2026-06-17T18:14:54.392658+00:00,DION_001,4207,-0.0713432409271426,SIMULATED,NORMAL
2026-06-17T18:14:54.403073+00:00,DION_001,4208,0.3461109466554004,SIMULATED,NORMAL
2026-06-17T18:14:54.413557+00:00,DION_001,4209,-0.3651325736206338,SIMULATED,NORMAL
2026-06-17T18:14:54.423974+00:00,DION_001,4210,-0.22615059765243817,SIMULATED,NORMAL
2026-06-17T18:14:54.434419+00:00,DION_001,4211,-0.06991284380250085,SIMULATED,NORMAL
2026-06-17T18:14:54.444811+00:00,DION_001,4212,-0.13011909878016292,SIMULATED,NORMAL
2026-06-17T18:14:54.455206+00:00,DION_001,4213,-0.18828016021351923,SIMULATED,NORMAL
2026-06-17T18:14:54.465627+00:00,DION_001,4214,-0.30745290512919765,SIMULATED,NORMAL
2026-06-17T18:14:54.476080+00:00,DION_001,4215,-0.08359630150416605,SIMULATED,NORMAL
2026-06-17T18:14:54.486794+00:00,DION_001,4216,-0.6113176198130651,SIMULATED,NORMAL
2026-06-17T18:14:54.497484+00:00,DION_001,4217,0.08741684487184875,SIMULATED,NORMAL
2026-06-17T18:14:54.508048+00:00,DION_001,4218,-0.21521247288963194,SIMULATED,NORMAL
2026-06-17T18:14:54.518750+00:00,DION_001,4219,-0.3458791773987953,SIMULATED,NORMAL
2026-06-17T18:14:54.529266+00:00,DION_001,4220,-0.5876360098481695,SIMULATED,NORMAL
2026-06-17T18:14:54.539911+00:00,DION_001,4221,-0.6588324287682428,SIMULATED,NORMAL
2026-06-17T18:14:54.550641+00:00,DION_001,4222,-0.4937706889319364,SIMULATED,NORMAL
2026-06-17T18:14:54.561218+00:00,DION_001,4223,-0.5544746432329678,SIMULATED,NORMAL
2026-06-17T18:14:54.572012+00:00,DION_001,4224,-0.5901936103643864,SIMULATED,NORMAL
2026-06-17T18:14:54.582705+00:00,DION_001,4225,-0.5958350244816453,SIMULATED,NORMAL
2026-06-17T18:14:54.593245+00:00,DION_001,4226,-0.7403278778252698,SIMULATED,NORMAL
2026-06-17T18:14:54.603752+00:00,DION_001,4227,-1.1165516498960608,SIMULATED,NORMAL
2026-06-17T18:14:54.614223+00:00,DION_001,4228,-0.7686167638056268,SIMULATED,NORMAL
2026-06-17T18:14:54.624699+00:00,DION_001,4229,-0.6229931619737429,SIMULATED,NORMAL
2026-06-17T18:14:54.634993+00:00,DION_001,4230,-0.8232699582622982,SIMULATED,NORMAL
2026-06-17T18:14:54.645307+00:00,DION_001,4231,-0.8644801784754454,SIMULATED,NORMAL
2026-06-17T18:14:54.655705+00:00,DION_001,4232,-0.9315844358370227,SIMULATED,NORMAL
2026-06-17T18:14:54.666194+00:00,DION_001,4233,-0.8332025885168142,SIMULATED,NORMAL
2026-06-17T18:14:54.676733+00:00,DION_001,4234,-0.6973125300306713,SIMULATED,NORMAL
2026-06-17T18:14:54.687306+00:00,DION_001,4235,-1.188502101086592,SIMULATED,NORMAL
2026-06-17T18:14:54.697878+00:00,DION_001,4236,-1.017088763670413,SIMULATED,NORMAL
2026-06-17T18:14:54.708482+00:00,DION_001,4237,-0.8723113696882125,SIMULATED,NORMAL
2026-06-17T18:14:54.719236+00:00,DION_001,4238,-1.1954720659030196,SIMULATED,NORMAL
2026-06-17T18:14:54.729830+00:00,DION_001,4239,-1.1542088197467508,SIMULATED,NORMAL
2026-06-17T18:14:54.740307+00:00,DION_001,4240,-0.9217370312641172,SIMULATED,NORMAL
2026-06-17T18:14:54.750729+00:00,DION_001,4241,-1.1408225048691722,SIMULATED,NORMAL
2026-06-17T18:14:54.761219+00:00,DION_001,4242,-1.1987435996080082,SIMULATED,NORMAL
2026-06-17T18:14:54.771725+00:00,DION_001,4243,-1.0245968230953575,SIMULATED,NORMAL
2026-06-17T18:14:54.782398+00:00,DION_001,4244,-1.231426325636665,SIMULATED,NORMAL
2026-06-17T18:14:54.792908+00:00,DION_001,4245,-1.0529211062663144,SIMULATED,NORMAL
2026-06-17T18:14:54.803473+00:00,DION_001,4246,-1.1711761872882485,SIMULATED,NORMAL
2026-06-17T18:14:54.813947+00:00,DION_001,4247,-1.137695642479735,SIMULATED,NORMAL
2026-06-17T18:14:54.824400+00:00,DION_001,4248,-1.2977668740477173,SIMULATED,NORMAL
2026-06-17T18:14:54.834971+00:00,DION_001,4249,-1.0387133999375364,SIMULATED,NORMAL
2026-06-17T18:14:54.845472+00:00,DION_001,4250,-1.0463134713432887,SIMULATED,NORMAL
2026-06-17T18:14:54.856041+00:00,DION_001,4251,-1.3611710385690874,SIMULATED,NORMAL
2026-06-17T18:14:54.866532+00:00,DION_001,4252,-1.403367700850304,SIMULATED,NORMAL
2026-06-17T18:14:54.876849+00:00,DION_001,4253,-1.095162537566381,SIMULATED,NORMAL
2026-06-17T18:14:54.887278+00:00,DION_001,4254,-1.1070064944957718,SIMULATED,NORMAL
2026-06-17T18:14:54.897800+00:00,DION_001,4255,-1.1702566697166836,SIMULATED,NORMAL
2026-06-17T18:14:54.908316+00:00,DION_001,4256,-1.1066204352682238,SIMULATED,NORMAL
2026-06-17T18:14:54.919120+00:00,DION_001,4257,-0.880739912187128,SIMULATED,NORMAL
2026-06-17T18:14:54.929450+00:00,DION_001,4258,-0.8890936156443638,SIMULATED,NORMAL
2026-06-17T18:14:54.939790+00:00,DION_001,4259,-0.7581389957159955,SIMULATED,NORMAL
2026-06-17T18:14:54.950214+00:00,DION_001,4260,-0.7237101327293383,SIMULATED,NORMAL
2026-06-17T18:14:54.960494+00:00,DION_001,4261,-0.885527602953797,SIMULATED,NORMAL
2026-06-17T18:14:54.971000+00:00,DION_001,4262,-0.9428496028996405,SIMULATED,NORMAL
2026-06-17T18:14:54.981468+00:00,DION_001,4263,-0.7425646050787693,SIMULATED,NORMAL
2026-06-17T18:14:54.991842+00:00,DION_001,4264,-1.151186792216439,SIMULATED,NORMAL
2026-06-17T18:14:55.002185+00:00,DION_001,4265,-0.9122086893083464,SIMULATED,NORMAL
2026-06-17T18:14:55.012532+00:00,DION_001,4266,-0.7245885336888375,SIMULATED,NORMAL
2026-06-17T18:14:55.023097+00:00,DION_001,4267,-0.7248673666364951,SIMULATED,NORMAL
2026-06-17T18:14:55.033908+00:00,DION_001,4268,-0.6619486718461283,SIMULATED,NORMAL
2026-06-17T18:14:55.044204+00:00,DION_001,4269,-0.5130810592953262,SIMULATED,NORMAL
2026-06-17T18:14:55.054627+00:00,DION_001,4270,-0.2224296406230009,SIMULATED,NORMAL
2026-06-17T18:14:55.064973+00:00,DION_001,4271,-0.6164397060477511,SIMULATED,NORMAL
2026-06-17T18:14:55.075338+00:00,DION_001,4272,-0.5338892193133249,SIMULATED,NORMAL
2026-06-17T18:14:55.085694+00:00,DION_001,4273,-0.4650664667686049,SIMULATED,NORMAL
2026-06-17T18:14:55.096090+00:00,DION_001,4274,-0.3091945435563348,SIMULATED,NORMAL
2026-06-17T18:14:55.106498+00:00,DION_001,4275,-0.8330853500170058,SIMULATED,NORMAL
2026-06-17T18:14:55.116976+00:00,DION_001,4276,-0.31309123828191976,SIMULATED,NORMAL
2026-06-17T18:14:55.127337+00:00,DION_001,4277,-0.14768077431507243,SIMULATED,NORMAL
2026-06-17T18:14:55.137644+00:00,DION_001,4278,-0.5849279807523308,SIMULATED,NORMAL
2026-06-17T18:14:55.148011+00:00,DION_001,4279,-0.625550195705175,SIMULATED,NORMAL
2026-06-17T18:14:55.158457+00:00,DION_001,4280,-0.3682203197373626,SIMULATED,NORMAL
2026-06-17T18:14:55.169046+00:00,DION_001,4281,-0.3883830877225543,SIMULATED,NORMAL
2026-06-17T18:14:55.179413+00:00,DION_001,4282,-0.5334754389080107,SIMULATED,NORMAL
2026-06-17T18:14:55.189845+00:00,DION_001,4283,-0.2745486323916496,SIMULATED,NORMAL
2026-06-17T18:14:55.200317+00:00,DION_001,4284,-0.47846194248657276,SIMULATED,NORMAL
2026-06-17T18:14:55.210670+00:00,DION_001,4285,-0.37597446154746006,SIMULATED,NORMAL
2026-06-17T18:14:55.221055+00:00,DION_001,4286,-0.6487397355852651,SIMULATED,NORMAL
2026-06-17T18:14:55.231398+00:00,DION_001,4287,-0.5368547477672778,SIMULATED,NORMAL
2026-06-17T18:14:55.241741+00:00,DION_001,4288,-0.47123277233243427,SIMULATED,NORMAL
2026-06-17T18:14:55.252061+00:00,DION_001,4289,-0.45567202496055015,SIMULATED,NORMAL
2026-06-17T18:14:55.262400+00:00,DION_001,4290,-0.20399741134559735,SIMULATED,NORMAL
2026-06-17T18:14:55.272714+00:00,DION_001,4291,-0.39757809299598473,SIMULATED,NORMAL
2026-06-17T18:14:55.283096+00:00,DION_001,4292,-0.6529568738532332,SIMULATED,NORMAL
2026-06-17T18:14:55.293439+00:00,DION_001,4293,-0.4524227631108418,SIMULATED,NORMAL
2026-06-17T18:14:55.303796+00:00,DION_001,4294,-0.36272357750580003,SIMULATED,NORMAL
2026-06-17T18:14:55.314165+00:00,DION_001,4295,-0.3024924204194233,SIMULATED,NORMAL
2026-06-17T18:14:55.324424+00:00,DION_001,4296,-0.1687466241731267,SIMULATED,NORMAL
2026-06-17T18:14:55.334827+00:00,DION_001,4297,-0.552723393063336,SIMULATED,NORMAL
2026-06-17T18:14:55.345104+00:00,DION_001,4298,-0.6045998428090211,SIMULATED,NORMAL
2026-06-17T18:14:55.355426+00:00,DION_001,4299,-0.46029538679256693,SIMULATED,NORMAL
2026-06-17T18:14:55.365785+00:00,DION_001,4300,-0.41831226159777446,SIMULATED,NORMAL
2026-06-17T18:14:55.376167+00:00,DION_001,4301,-0.5793844096663127,SIMULATED,NORMAL
2026-06-17T18:14:55.386551+00:00,DION_001,4302,-0.5363127137508554,SIMULATED,NORMAL
2026-06-17T18:14:55.397036+00:00,DION_001,4303,-0.4901205669491192,SIMULATED,NORMAL
2026-06-17T18:14:55.407605+00:00,DION_001,4304,-0.7936043917703852,SIMULATED,NORMAL
2026-06-17T18:14:55.418040+00:00,DION_001,4305,-0.6451910237753165,SIMULATED,NORMAL
2026-06-17T18:14:55.428420+00:00,DION_001,4306,-0.6778067962764444,SIMULATED,NORMAL
2026-06-17T18:14:55.438866+00:00,DION_001,4307,-0.7900804002061382,SIMULATED,NORMAL
2026-06-17T18:14:55.449218+00:00,DION_001,4308,-0.9213536524935441,SIMULATED,NORMAL
2026-06-17T18:14:55.459573+00:00,DION_001,4309,-0.6794507761652792,SIMULATED,NORMAL
2026-06-17T18:14:55.469891+00:00,DION_001,4310,-0.9114963291943982,SIMULATED,NORMAL
2026-06-17T18:14:55.480187+00:00,DION_001,4311,-0.7968501180941603,SIMULATED,NORMAL
2026-06-17T18:14:55.490531+00:00,DION_001,4312,-0.9013830236981974,SIMULATED,NORMAL
2026-06-17T18:14:55.500817+00:00,DION_001,4313,-0.7219264958533391,SIMULATED,NORMAL
2026-06-17T18:14:55.511155+00:00,DION_001,4314,-0.8054184586459278,SIMULATED,NORMAL
2026-06-17T18:14:55.521535+00:00,DION_001,4315,-0.9710422774632277,SIMULATED,NORMAL
2026-06-17T18:14:55.532116+00:00,DION_001,4316,-0.42921038185506527,SIMULATED,NORMAL
2026-06-17T18:14:55.542407+00:00,DION_001,4317,-1.0914773126357675,SIMULATED,NORMAL
2026-06-17T18:14:55.552741+00:00,DION_001,4318,-1.0957919275105685,SIMULATED,NORMAL
2026-06-17T18:14:55.563063+00:00,DION_001,4319,-0.7326229470555106,SIMULATED,NORMAL
2026-06-17T18:14:55.573376+00:00,DION_001,4320,-0.8712624330428758,SIMULATED,NORMAL
2026-06-17T18:14:55.583689+00:00,DION_001,4321,-1.0866639372568532,SIMULATED,NORMAL
2026-06-17T18:14:55.594005+00:00,DION_001,4322,-0.744911489595978,SIMULATED,NORMAL
2026-06-17T18:14:55.604321+00:00,DION_001,4323,-0.8666434303231941,SIMULATED,NORMAL
2026-06-17T18:14:55.614637+00:00,DION_001,4324,-1.0004828854943504,SIMULATED,NORMAL
2026-06-17T18:14:55.624940+00:00,DION_001,4325,-0.7037972826178323,SIMULATED,NORMAL
2026-06-17T18:14:55.635306+00:00,DION_001,4326,-0.7644091066783352,SIMULATED,NORMAL
2026-06-17T18:14:55.645684+00:00,DION_001,4327,-2.4602002807913337,SIMULATED,EVENT_DETECTED
2026-06-17T18:14:55.656239+00:00,DION_001,4328,-0.7088035691624658,SIMULATED,NORMAL
2026-06-17T18:14:55.666573+00:00,DION_001,4329,-0.8672748022216622,SIMULATED,NORMAL
2026-06-17T18:14:55.676875+00:00,DION_001,4330,-0.6132791230799935,SIMULATED,NORMAL
2026-06-17T18:14:55.687249+00:00,DION_001,4331,-0.5598227977881459,SIMULATED,NORMAL
2026-06-17T18:14:55.697575+00:00,DION_001,4332,-0.7812908182454081,SIMULATED,NORMAL
2026-06-17T18:14:55.707951+00:00,DION_001,4333,-0.7448390267708505,SIMULATED,NORMAL
2026-06-17T18:14:55.718424+00:00,DION_001,4334,-0.6101119155767936,SIMULATED,NORMAL
2026-06-17T18:14:55.728950+00:00,DION_001,4335,-0.5457471078389848,SIMULATED,NORMAL
2026-06-17T18:14:55.739334+00:00,DION_001,4336,1.4779454065376845,SIMULATED,NORMAL
2026-06-17T18:14:55.749973+00:00,DION_001,4337,-0.3929576418237558,SIMULATED,NORMAL
2026-06-17T18:14:55.760248+00:00,DION_001,4338,-0.6152816550772402,SIMULATED,NORMAL
2026-06-17T18:14:55.770513+00:00,DION_001,4339,-0.5600762838236509,SIMULATED,NORMAL
2026-06-17T18:14:55.780992+00:00,DION_001,4340,-0.22520186271191533,SIMULATED,NORMAL
2026-06-17T18:14:55.791445+00:00,DION_001,4341,-0.37566436152264565,SIMULATED,NORMAL
2026-06-17T18:14:55.802169+00:00,DION_001,4342,-0.31919313141560324,SIMULATED,NORMAL
2026-06-17T18:14:55.812927+00:00,DION_001,4343,-0.46197255575738005,SIMULATED,NORMAL
2026-06-17T18:14:55.823515+00:00,DION_001,4344,-0.33942327383949966,SIMULATED,NORMAL
2026-06-17T18:14:55.834071+00:00,DION_001,4345,-0.3544003305460427,SIMULATED,NORMAL
2026-06-17T18:14:55.844814+00:00,DION_001,4346,0.06771028355304257,SIMULATED,NORMAL
2026-06-17T18:14:55.855580+00:00,DION_001,4347,-0.003381255456457913,SIMULATED,NORMAL
2026-06-17T18:14:55.866202+00:00,DION_001,4348,-0.1793337626650831,SIMULATED,NORMAL
2026-06-17T18:14:55.876764+00:00,DION_001,4349,-0.127129823971509,SIMULATED,NORMAL
2026-06-17T18:14:55.887348+00:00,DION_001,4350,-0.22653149384676116,SIMULATED,NORMAL
2026-06-17T18:14:55.898080+00:00,DION_001,4351,0.0449751599664467,SIMULATED,NORMAL
2026-06-17T18:14:55.908793+00:00,DION_001,4352,-0.12324121757478486,SIMULATED,NORMAL
2026-06-17T18:14:55.919664+00:00,DION_001,4353,0.3524596968142547,SIMULATED,NORMAL
2026-06-17T18:14:55.930381+00:00,DION_001,4354,0.013481459159779302,SIMULATED,NORMAL
2026-06-17T18:14:55.941027+00:00,DION_001,4355,0.4402185581277909,SIMULATED,NORMAL
2026-06-17T18:14:55.951667+00:00,DION_001,4356,0.2850705222729915,SIMULATED,NORMAL
2026-06-17T18:14:55.962305+00:00,DION_001,4357,0.4740966571278529,SIMULATED,NORMAL
2026-06-17T18:14:55.972939+00:00,DION_001,4358,0.32997979771089186,SIMULATED,NORMAL
2026-06-17T18:14:55.983617+00:00,DION_001,4359,0.4540849826357188,SIMULATED,NORMAL
2026-06-17T18:14:55.994236+00:00,DION_001,4360,0.5890241524664037,SIMULATED,NORMAL
2026-06-17T18:14:56.005030+00:00,DION_001,4361,0.44345454937157297,SIMULATED,NORMAL
2026-06-17T18:14:56.015759+00:00,DION_001,4362,0.3125381704826882,SIMULATED,NORMAL
2026-06-17T18:14:56.026393+00:00,DION_001,4363,0.3950909031760246,SIMULATED,NORMAL
2026-06-17T18:14:56.037014+00:00,DION_001,4364,0.5742921340074076,SIMULATED,NORMAL
2026-06-17T18:14:56.047632+00:00,DION_001,4365,0.4407813778546082,SIMULATED,NORMAL
2026-06-17T18:14:56.058312+00:00,DION_001,4366,0.3483798069659998,SIMULATED,NORMAL
2026-06-17T18:14:56.068963+00:00,DION_001,4367,0.4958518939079325,SIMULATED,NORMAL
2026-06-17T18:14:56.079662+00:00,DION_001,4368,0.46922082742101157,SIMULATED,NORMAL
2026-06-17T18:14:56.090476+00:00,DION_001,4369,0.5210866851050162,SIMULATED,NORMAL
2026-06-17T18:14:56.101049+00:00,DION_001,4370,0.3311277014302333,SIMULATED,NORMAL
2026-06-17T18:14:56.111697+00:00,DION_001,4371,0.8172293109868467,SIMULATED,NORMAL
2026-06-17T18:14:56.122258+00:00,DION_001,4372,0.5795591931827508,SIMULATED,NORMAL
2026-06-17T18:14:56.132818+00:00,DION_001,4373,0.5129606189481539,SIMULATED,NORMAL
2026-06-17T18:14:56.143455+00:00,DION_001,4374,0.8069532934176671,SIMULATED,NORMAL
2026-06-17T18:14:56.154003+00:00,DION_001,4375,0.4875501431668369,SIMULATED,NORMAL
2026-06-17T18:14:56.164464+00:00,DION_001,4376,0.49142739355065296,SIMULATED,NORMAL
2026-06-17T18:14:56.175336+00:00,DION_001,4377,0.40770493651167206,SIMULATED,NORMAL
2026-06-17T18:14:56.185940+00:00,DION_001,4378,0.5203093128439444,SIMULATED,NORMAL
2026-06-17T18:14:56.196682+00:00,DION_001,4379,0.5216848694933974,SIMULATED,NORMAL
2026-06-17T18:14:56.207202+00:00,DION_001,4380,0.3758944420601305,SIMULATED,NORMAL
2026-06-17T18:14:56.217796+00:00,DION_001,4381,0.23980779269408414,SIMULATED,NORMAL
2026-06-17T18:14:56.228404+00:00,DION_001,4382,0.4440405147729313,SIMULATED,NORMAL
2026-06-17T18:14:56.239229+00:00,DION_001,4383,0.28788325744595167,SIMULATED,NORMAL
2026-06-17T18:14:56.249889+00:00,DION_001,4384,0.24302076802866485,SIMULATED,NORMAL
2026-06-17T18:14:56.260517+00:00,DION_001,4385,0.1702963146707114,SIMULATED,NORMAL
2026-06-17T18:14:56.271272+00:00,DION_001,4386,0.45063201304761547,SIMULATED,NORMAL
2026-06-17T18:14:56.281873+00:00,DION_001,4387,0.2109413960409616,SIMULATED,NORMAL
2026-06-17T18:14:56.292444+00:00,DION_001,4388,0.2362475549806338,SIMULATED,NORMAL
2026-06-17T18:14:56.303124+00:00,DION_001,4389,0.33339575731747295,SIMULATED,NORMAL
2026-06-17T18:14:56.313903+00:00,DION_001,4390,0.3387737789752845,SIMULATED,NORMAL
2026-06-17T18:14:56.324514+00:00,DION_001,4391,0.13818469854131576,SIMULATED,NORMAL
2026-06-17T18:14:56.335327+00:00,DION_001,4392,0.09758238221269094,SIMULATED,NORMAL
2026-06-17T18:14:56.346105+00:00,DION_001,4393,0.36251259798584734,SIMULATED,NORMAL
2026-06-17T18:14:56.356663+00:00,DION_001,4394,0.08800902400008603,SIMULATED,NORMAL
2026-06-17T18:14:56.367296+00:00,DION_001,4395,0.11077436833200119,SIMULATED,NORMAL
2026-06-17T18:14:56.377902+00:00,DION_001,4396,0.1330015605607491,SIMULATED,NORMAL
2026-06-17T18:14:56.388684+00:00,DION_001,4397,-0.1752655886016849,SIMULATED,NORMAL
2026-06-17T18:14:56.399344+00:00,DION_001,4398,0.08858186793602603,SIMULATED,NORMAL
2026-06-17T18:14:56.409917+00:00,DION_001,4399,0.05008419111449162,SIMULATED,NORMAL
2026-06-17T18:14:56.420516+00:00,DION_001,4400,0.17360876435012257,SIMULATED,NORMAL
2026-06-17T18:14:56.431495+00:00,DION_001,4401,0.1092145200776836,SIMULATED,NORMAL
2026-06-17T18:14:56.442121+00:00,DION_001,4402,0.0390280719302354,SIMULATED,NORMAL
2026-06-17T18:14:56.452739+00:00,DION_001,4403,0.09461416214640732,SIMULATED,NORMAL
2026-06-17T18:14:56.463356+00:00,DION_001,4404,0.505334211246685,SIMULATED,NORMAL
2026-06-17T18:14:56.473835+00:00,DION_001,4405,0.6026176771383673,SIMULATED,NORMAL
2026-06-17T18:14:56.484482+00:00,DION_001,4406,0.12810520427144415,SIMULATED,NORMAL
2026-06-17T18:14:56.495085+00:00,DION_001,4407,0.2240824910904464,SIMULATED,NORMAL
2026-06-17T18:14:56.505608+00:00,DION_001,4408,0.42495896989917537,SIMULATED,NORMAL
2026-06-17T18:14:56.516317+00:00,DION_001,4409,0.3272398195354702,SIMULATED,NORMAL
2026-06-17T18:14:56.526940+00:00,DION_001,4410,0.035584832029297214,SIMULATED,NORMAL
2026-06-17T18:14:56.537421+00:00,DION_001,4411,0.11606415563489039,SIMULATED,NORMAL
2026-06-17T18:14:56.551230+00:00,DION_001,4412,0.24593174729448294,SIMULATED,NORMAL
2026-06-17T18:14:56.563099+00:00,DION_001,4413,0.4084609504709855,SIMULATED,NORMAL
2026-06-17T18:14:56.573352+00:00,DION_001,4414,0.6334543167037465,SIMULATED,NORMAL
2026-06-17T18:14:56.583929+00:00,DION_001,4415,0.5585452962260113,SIMULATED,NORMAL
2026-06-17T18:14:56.594330+00:00,DION_001,4416,0.5673291659343187,SIMULATED,NORMAL
2026-06-17T18:14:56.604865+00:00,DION_001,4417,0.2505790068089222,SIMULATED,NORMAL
2026-06-17T18:14:56.615320+00:00,DION_001,4418,0.35162689017529114,SIMULATED,NORMAL
2026-06-17T18:14:56.625739+00:00,DION_001,4419,0.3671746672444598,SIMULATED,NORMAL
2026-06-17T18:14:56.636215+00:00,DION_001,4420,0.3807777970286856,SIMULATED,NORMAL
2026-06-17T18:14:56.646584+00:00,DION_001,4421,0.7110226826372916,SIMULATED,NORMAL
2026-06-17T18:14:56.657026+00:00,DION_001,4422,0.6469626634025042,SIMULATED,NORMAL
2026-06-17T18:14:56.667443+00:00,DION_001,4423,0.6082392253507837,SIMULATED,NORMAL
2026-06-17T18:14:56.677852+00:00,DION_001,4424,0.8522947065202818,SIMULATED,NORMAL
2026-06-17T18:14:56.688189+00:00,DION_001,4425,0.7649414974400657,SIMULATED,NORMAL
2026-06-17T18:14:56.698634+00:00,DION_001,4426,0.9840455619001065,SIMULATED,NORMAL
2026-06-17T18:14:56.709092+00:00,DION_001,4427,0.7079237996601684,SIMULATED,NORMAL
2026-06-17T18:14:56.719509+00:00,DION_001,4428,0.6196293218118856,SIMULATED,NORMAL
2026-06-17T18:14:56.730058+00:00,DION_001,4429,0.8347488005375396,SIMULATED,NORMAL
2026-06-17T18:14:56.740687+00:00,DION_001,4430,0.9272828758740396,SIMULATED,NORMAL
2026-06-17T18:14:56.751241+00:00,DION_001,4431,0.8346587508876966,SIMULATED,NORMAL
2026-06-17T18:14:56.761819+00:00,DION_001,4432,0.977023888226036,SIMULATED,NORMAL
2026-06-17T18:14:56.772436+00:00,DION_001,4433,1.1442254715149978,SIMULATED,NORMAL
2026-06-17T18:14:56.783309+00:00,DION_001,4434,0.9001777326127206,SIMULATED,NORMAL
2026-06-17T18:14:56.793915+00:00,DION_001,4435,0.9743305337276099,SIMULATED,NORMAL
2026-06-17T18:14:56.804677+00:00,DION_001,4436,1.0396037574763985,SIMULATED,NORMAL
2026-06-17T18:14:56.815313+00:00,DION_001,4437,1.1167036824691412,SIMULATED,NORMAL
2026-06-17T18:14:56.826084+00:00,DION_001,4438,1.126947887891539,SIMULATED,NORMAL
2026-06-17T18:14:56.836673+00:00,DION_001,4439,1.2915557060945253,SIMULATED,NORMAL
2026-06-17T18:14:56.847312+00:00,DION_001,4440,1.1436938421205236,SIMULATED,NORMAL
2026-06-17T18:14:56.857969+00:00,DION_001,4441,1.2359094267228232,SIMULATED,NORMAL
2026-06-17T18:14:56.868775+00:00,DION_001,4442,1.050439840313244,SIMULATED,NORMAL
2026-06-17T18:14:56.879395+00:00,DION_001,4443,1.120882856821068,SIMULATED,NORMAL
2026-06-17T18:14:56.890010+00:00,DION_001,4444,1.235631923775924,SIMULATED,NORMAL
2026-06-17T18:14:56.900661+00:00,DION_001,4445,1.5643816773648351,SIMULATED,NORMAL
2026-06-17T18:14:56.911261+00:00,DION_001,4446,1.2326056529422529,SIMULATED,NORMAL
2026-06-17T18:14:56.921883+00:00,DION_001,4447,1.2495506120512065,SIMULATED,NORMAL
2026-06-17T18:14:56.932706+00:00,DION_001,4448,1.435563411262006,SIMULATED,NORMAL
2026-06-17T18:14:56.943345+00:00,DION_001,4449,1.0229103837373026,SIMULATED,NORMAL
2026-06-17T18:14:56.953981+00:00,DION_001,4450,0.970421648571696,SIMULATED,NORMAL
2026-06-17T18:14:56.964653+00:00,DION_001,4451,0.8911369038227045,SIMULATED,NORMAL
2026-06-17T18:14:56.975286+00:00,DION_001,4452,1.0849640363957087,SIMULATED,NORMAL
2026-06-17T18:14:56.985930+00:00,DION_001,4453,1.0610050538004439,SIMULATED,NORMAL
2026-06-17T18:14:56.996684+00:00,DION_001,4454,0.9985971374837664,SIMULATED,NORMAL
2026-06-17T18:14:57.007248+00:00,DION_001,4455,0.9124250970764639,SIMULATED,NORMAL
2026-06-17T18:14:57.017909+00:00,DION_001,4456,0.9668637185051109,SIMULATED,NORMAL
2026-06-17T18:14:57.028676+00:00,DION_001,4457,0.9734954840092311,SIMULATED,NORMAL
2026-06-17T18:14:57.039478+00:00,DION_001,4458,1.4060038308002956,SIMULATED,NORMAL
2026-06-17T18:14:57.050099+00:00,DION_001,4459,0.598933045124352,SIMULATED,NORMAL
2026-06-17T18:14:57.060779+00:00,DION_001,4460,0.7926231308499943,SIMULATED,NORMAL
2026-06-17T18:14:57.071562+00:00,DION_001,4461,0.8011419601590428,SIMULATED,NORMAL
2026-06-17T18:14:57.082267+00:00,DION_001,4462,0.5556283071244178,SIMULATED,NORMAL
2026-06-17T18:14:57.092795+00:00,DION_001,4463,0.8957202015091149,SIMULATED,NORMAL
2026-06-17T18:14:57.103435+00:00,DION_001,4464,0.6016915622794994,SIMULATED,NORMAL
2026-06-17T18:14:57.114061+00:00,DION_001,4465,0.46948216436975165,SIMULATED,NORMAL
2026-06-17T18:14:57.124672+00:00,DION_001,4466,0.729464120156913,SIMULATED,NORMAL
2026-06-17T18:14:57.135243+00:00,DION_001,4467,0.7483536642439702,SIMULATED,NORMAL
2026-06-17T18:14:57.145885+00:00,DION_001,4468,0.9733363268185364,SIMULATED,NORMAL
2026-06-17T18:14:57.156473+00:00,DION_001,4469,0.7112271378617208,SIMULATED,NORMAL
2026-06-17T18:14:57.167309+00:00,DION_001,4470,0.5055723338259568,SIMULATED,NORMAL
2026-06-17T18:14:57.177898+00:00,DION_001,4471,0.6795752115538499,SIMULATED,NORMAL
2026-06-17T18:14:57.188497+00:00,DION_001,4472,0.6121452835129229,SIMULATED,NORMAL
2026-06-17T18:14:57.199340+00:00,DION_001,4473,0.3079710390858357,SIMULATED,NORMAL
2026-06-17T18:14:57.209969+00:00,DION_001,4474,0.2836476481796103,SIMULATED,NORMAL
2026-06-17T18:14:57.220724+00:00,DION_001,4475,0.3739602754509121,SIMULATED,NORMAL
2026-06-17T18:14:57.231318+00:00,DION_001,4476,0.6176629398469571,SIMULATED,NORMAL
2026-06-17T18:14:57.241931+00:00,DION_001,4477,0.4766983809582302,SIMULATED,NORMAL
2026-06-17T18:14:57.252707+00:00,DION_001,4478,0.24408907407243274,SIMULATED,NORMAL
2026-06-17T18:14:57.263241+00:00,DION_001,4479,0.6275614609987277,SIMULATED,NORMAL
2026-06-17T18:14:57.273723+00:00,DION_001,4480,0.18241882271716814,SIMULATED,NORMAL
2026-06-17T18:14:57.284453+00:00,DION_001,4481,0.2248091002059387,SIMULATED,NORMAL
2026-06-17T18:14:57.295295+00:00,DION_001,4482,0.2731456121330282,SIMULATED,NORMAL
2026-06-17T18:14:57.306587+00:00,DION_001,4483,0.5517952270162987,SIMULATED,NORMAL
2026-06-17T18:14:57.317233+00:00,DION_001,4484,0.43891114343245063,SIMULATED,NORMAL
2026-06-17T18:14:57.327836+00:00,DION_001,4485,0.41377248333719074,SIMULATED,NORMAL
2026-06-17T18:14:57.338366+00:00,DION_001,4486,0.32607477894030956,SIMULATED,NORMAL
2026-06-17T18:14:57.348942+00:00,DION_001,4487,0.44751306722805617,SIMULATED,NORMAL
2026-06-17T18:14:57.359470+00:00,DION_001,4488,0.40132689595299154,SIMULATED,NORMAL
2026-06-17T18:14:57.369969+00:00,DION_001,4489,0.2858983866796638,SIMULATED,NORMAL
2026-06-17T18:14:57.380719+00:00,DION_001,4490,0.22870794897334445,SIMULATED,NORMAL
2026-06-17T18:14:57.391256+00:00,DION_001,4491,0.31051247014955585,SIMULATED,NORMAL
2026-06-17T18:14:57.401673+00:00,DION_001,4492,0.3873164955538079,SIMULATED,NORMAL
2026-06-17T18:14:57.412047+00:00,DION_001,4493,0.5077105896383918,SIMULATED,NORMAL
2026-06-17T18:14:57.422651+00:00,DION_001,4494,0.4146088806548177,SIMULATED,NORMAL
2026-06-17T18:14:57.433133+00:00,DION_001,4495,0.5089939025870058,SIMULATED,NORMAL
2026-06-17T18:14:57.443706+00:00,DION_001,4496,0.568940716760394,SIMULATED,NORMAL
2026-06-17T18:14:57.454303+00:00,DION_001,4497,0.5894518915911968,SIMULATED,NORMAL
2026-06-17T18:14:57.464972+00:00,DION_001,4498,0.2560191274273741,SIMULATED,NORMAL
2026-06-17T18:14:57.475427+00:00,DION_001,4499,0.5102220223059617,SIMULATED,NORMAL
2026-06-17T18:14:57.486082+00:00,DION_001,4500,0.6849499945133324,SIMULATED,NORMAL
2026-06-17T18:14:57.496922+00:00,DION_001,4501,0.647825572424205,SIMULATED,NORMAL
2026-06-17T18:14:57.507545+00:00,DION_001,4502,0.7762757648110367,SIMULATED,NORMAL
2026-06-17T18:14:57.518141+00:00,DION_001,4503,0.3007690425885948,SIMULATED,NORMAL
2026-06-17T18:14:57.528768+00:00,DION_001,4504,0.775850110428681,SIMULATED,NORMAL
2026-06-17T18:14:57.539336+00:00,DION_001,4505,0.7158385454317,SIMULATED,NORMAL
2026-06-17T18:14:57.549914+00:00,DION_001,4506,0.9787510430279246,SIMULATED,NORMAL
2026-06-17T18:14:57.560320+00:00,DION_001,4507,0.7847104506727308,SIMULATED,NORMAL
2026-06-17T18:14:57.570859+00:00,DION_001,4508,0.7198776537248581,SIMULATED,NORMAL
2026-06-17T18:14:57.581354+00:00,DION_001,4509,0.7983080096241199,SIMULATED,NORMAL
2026-06-17T18:14:57.591688+00:00,DION_001,4510,0.8631411988491418,SIMULATED,NORMAL
2026-06-17T18:14:57.602132+00:00,DION_001,4511,0.47169772995520315,SIMULATED,NORMAL
2026-06-17T18:14:57.612445+00:00,DION_001,4512,0.8329180584804925,SIMULATED,NORMAL
2026-06-17T18:14:57.622979+00:00,DION_001,4513,0.6793218338479773,SIMULATED,NORMAL
2026-06-17T18:14:57.633353+00:00,DION_001,4514,0.5816848783431459,SIMULATED,NORMAL
2026-06-17T18:14:57.643727+00:00,DION_001,4515,1.0053996453860607,SIMULATED,NORMAL
2026-06-17T18:14:57.654016+00:00,DION_001,4516,0.6729241892151336,SIMULATED,NORMAL
2026-06-17T18:14:57.664462+00:00,DION_001,4517,0.5445792103800678,SIMULATED,NORMAL
2026-06-17T18:14:57.674871+00:00,DION_001,4518,0.6050069110862106,SIMULATED,NORMAL
2026-06-17T18:14:57.685261+00:00,DION_001,4519,0.9358308654485231,SIMULATED,NORMAL
2026-06-17T18:14:57.695595+00:00,DION_001,4520,0.7686279586741073,SIMULATED,NORMAL
2026-06-17T18:14:57.705924+00:00,DION_001,4521,0.8408842951440034,SIMULATED,NORMAL
2026-06-17T18:14:57.716265+00:00,DION_001,4522,0.9190706002457516,SIMULATED,NORMAL
2026-06-17T18:14:57.726546+00:00,DION_001,4523,0.5777738432856165,SIMULATED,NORMAL
2026-06-17T18:14:57.736889+00:00,DION_001,4524,0.7873329581021764,SIMULATED,NORMAL
2026-06-17T18:14:57.747262+00:00,DION_001,4525,0.5443646432479885,SIMULATED,NORMAL
2026-06-17T18:14:57.757701+00:00,DION_001,4526,0.39019814136745123,SIMULATED,NORMAL
2026-06-17T18:14:57.768020+00:00,DION_001,4527,0.7653713976519256,SIMULATED,NORMAL
2026-06-17T18:14:57.778283+00:00,DION_001,4528,0.5383570138120515,SIMULATED,NORMAL
2026-06-17T18:14:57.788687+00:00,DION_001,4529,0.44207742792562865,SIMULATED,NORMAL
2026-06-17T18:14:57.799168+00:00,DION_001,4530,0.49643144897876856,SIMULATED,NORMAL
2026-06-17T18:14:57.809672+00:00,DION_001,4531,-1.617889981372004,SIMULATED,NORMAL
2026-06-17T18:14:57.820371+00:00,DION_001,4532,0.5943559489405639,SIMULATED,NORMAL
2026-06-17T18:14:57.831148+00:00,DION_001,4533,0.44765156589148475,SIMULATED,NORMAL
2026-06-17T18:14:57.841714+00:00,DION_001,4534,0.3777283909299598,SIMULATED,NORMAL
2026-06-17T18:14:57.852353+00:00,DION_001,4535,0.3232779310666049,SIMULATED,NORMAL
2026-06-17T18:14:57.863137+00:00,DION_001,4536,0.28357823204220667,SIMULATED,NORMAL
2026-06-17T18:14:57.873641+00:00,DION_001,4537,0.18378157031481462,SIMULATED,NORMAL
2026-06-17T18:14:57.884217+00:00,DION_001,4538,0.06751967281044913,SIMULATED,NORMAL
2026-06-17T18:14:57.894789+00:00,DION_001,4539,0.10678906001514261,SIMULATED,NORMAL
2026-06-17T18:14:57.905310+00:00,DION_001,4540,0.23421897736470892,SIMULATED,NORMAL
2026-06-17T18:14:57.916002+00:00,DION_001,4541,0.15858581776915032,SIMULATED,NORMAL
2026-06-17T18:14:57.926574+00:00,DION_001,4542,-0.0006620200903510454,SIMULATED,NORMAL
2026-06-17T18:14:57.937167+00:00,DION_001,4543,0.19500455988308327,SIMULATED,NORMAL
2026-06-17T18:14:57.947769+00:00,DION_001,4544,0.10269175094876729,SIMULATED,NORMAL
2026-06-17T18:14:57.958332+00:00,DION_001,4545,-0.2478697970374077,SIMULATED,NORMAL
2026-06-17T18:14:57.968928+00:00,DION_001,4546,-0.16558868655778314,SIMULATED,NORMAL
2026-06-17T18:14:57.979507+00:00,DION_001,4547,-0.20952652349310497,SIMULATED,NORMAL
2026-06-17T18:14:57.990174+00:00,DION_001,4548,-0.22773820413586626,SIMULATED,NORMAL
2026-06-17T18:14:58.001049+00:00,DION_001,4549,-0.3024638249005662,SIMULATED,NORMAL
2026-06-17T18:14:58.011730+00:00,DION_001,4550,-0.5007162025662328,SIMULATED,NORMAL
2026-06-17T18:14:58.022247+00:00,DION_001,4551,-0.2699964086182647,SIMULATED,NORMAL
2026-06-17T18:14:58.032930+00:00,DION_001,4552,-0.42427548965221484,SIMULATED,NORMAL
2026-06-17T18:14:58.043654+00:00,DION_001,4553,-0.30653661889909284,SIMULATED,NORMAL
2026-06-17T18:14:58.054245+00:00,DION_001,4554,-0.21878249168164762,SIMULATED,NORMAL
2026-06-17T18:14:58.064967+00:00,DION_001,4555,-0.5259293750900975,SIMULATED,NORMAL
2026-06-17T18:14:58.075539+00:00,DION_001,4556,-0.4314193510544106,SIMULATED,NORMAL
2026-06-17T18:14:58.086082+00:00,DION_001,4557,-0.5067457142790365,SIMULATED,NORMAL
2026-06-17T18:14:58.096625+00:00,DION_001,4558,-0.426891940628373,SIMULATED,NORMAL
2026-06-17T18:14:58.107076+00:00,DION_001,4559,-0.28238835850186106,SIMULATED,NORMAL
2026-06-17T18:14:58.117554+00:00,DION_001,4560,-0.42884796524694124,SIMULATED,NORMAL
2026-06-17T18:14:58.127925+00:00,DION_001,4561,-0.662240320564196,SIMULATED,NORMAL
2026-06-17T18:14:58.138505+00:00,DION_001,4562,-0.506808873139921,SIMULATED,NORMAL
2026-06-17T18:14:58.148979+00:00,DION_001,4563,-0.8328848463097085,SIMULATED,NORMAL
2026-06-17T18:14:58.159370+00:00,DION_001,4564,-0.6332395003662242,SIMULATED,NORMAL
2026-06-17T18:14:58.169719+00:00,DION_001,4565,-0.6912514489696272,SIMULATED,NORMAL
2026-06-17T18:14:58.180212+00:00,DION_001,4566,-0.6820408052082628,SIMULATED,NORMAL
2026-06-17T18:14:58.190575+00:00,DION_001,4567,-0.711885246743496,SIMULATED,NORMAL
2026-06-17T18:14:58.200930+00:00,DION_001,4568,-0.6002614176901673,SIMULATED,NORMAL
2026-06-17T18:14:58.211491+00:00,DION_001,4569,-0.47948533760319373,SIMULATED,NORMAL
2026-06-17T18:14:58.222142+00:00,DION_001,4570,-0.5515422126164647,SIMULATED,NORMAL
2026-06-17T18:14:58.232884+00:00,DION_001,4571,-0.30949663782800546,SIMULATED,NORMAL
2026-06-17T18:14:58.243495+00:00,DION_001,4572,-0.63437094375455,SIMULATED,NORMAL
2026-06-17T18:14:58.254118+00:00,DION_001,4573,-0.4242277481706483,SIMULATED,NORMAL
2026-06-17T18:14:58.264774+00:00,DION_001,4574,-0.701797893072558,SIMULATED,NORMAL
2026-06-17T18:14:58.275349+00:00,DION_001,4575,-0.5376418275630425,SIMULATED,NORMAL
2026-06-17T18:14:58.286012+00:00,DION_001,4576,-0.6166937873263688,SIMULATED,NORMAL
2026-06-17T18:14:58.296740+00:00,DION_001,4577,-0.39029332107295434,SIMULATED,NORMAL
2026-06-17T18:14:58.307326+00:00,DION_001,4578,-0.5698192055256639,SIMULATED,NORMAL
2026-06-17T18:14:58.317980+00:00,DION_001,4579,-0.6251397686561889,SIMULATED,NORMAL
2026-06-17T18:14:58.328836+00:00,DION_001,4580,-0.5724774132685165,SIMULATED,NORMAL
2026-06-17T18:14:58.339555+00:00,DION_001,4581,-0.5007239311267598,SIMULATED,NORMAL
2026-06-17T18:14:58.350144+00:00,DION_001,4582,-0.3778165827369651,SIMULATED,NORMAL
2026-06-17T18:14:58.360746+00:00,DION_001,4583,-0.4440020728981853,SIMULATED,NORMAL
2026-06-17T18:14:58.371315+00:00,DION_001,4584,-0.4121202666245783,SIMULATED,NORMAL
2026-06-17T18:14:58.381660+00:00,DION_001,4585,-0.26599392616211737,SIMULATED,NORMAL
2026-06-17T18:14:58.392339+00:00,DION_001,4586,-0.4131974497930431,SIMULATED,NORMAL
2026-06-17T18:14:58.403195+00:00,DION_001,4587,-0.24272786637912463,SIMULATED,NORMAL
2026-06-17T18:14:58.413767+00:00,DION_001,4588,-0.3744862503377562,SIMULATED,NORMAL
2026-06-17T18:14:58.424344+00:00,DION_001,4589,-0.4749944099009916,SIMULATED,NORMAL
2026-06-17T18:14:58.435077+00:00,DION_001,4590,-0.24901862354760412,SIMULATED,NORMAL
2026-06-17T18:14:58.445665+00:00,DION_001,4591,-0.11219547660338812,SIMULATED,NORMAL
2026-06-17T18:14:58.456424+00:00,DION_001,4592,-0.25524603113389505,SIMULATED,NORMAL
2026-06-17T18:14:58.467321+00:00,DION_001,4593,-0.002550037973667235,SIMULATED,NORMAL
2026-06-17T18:14:58.477944+00:00,DION_001,4594,-0.16869131857811218,SIMULATED,NORMAL
2026-06-17T18:14:58.488542+00:00,DION_001,4595,-0.27194882238399887,SIMULATED,NORMAL
2026-06-17T18:14:58.499532+00:00,DION_001,4596,0.0032825469811049723,SIMULATED,NORMAL
2026-06-17T18:14:58.510117+00:00,DION_001,4597,-0.3328679566060659,SIMULATED,NORMAL
2026-06-17T18:14:58.520840+00:00,DION_001,4598,-0.2600151075136614,SIMULATED,NORMAL
2026-06-17T18:14:58.531316+00:00,DION_001,4599,-0.15888981275952424,SIMULATED,NORMAL
2026-06-17T18:14:58.541880+00:00,DION_001,4600,-0.08355972951132698,SIMULATED,NORMAL
2026-06-17T18:14:58.552509+00:00,DION_001,4601,-0.1827039966033205,SIMULATED,NORMAL
2026-06-17T18:14:58.563224+00:00,DION_001,4602,-0.13832576981003591,SIMULATED,NORMAL
2026-06-17T18:14:58.573838+00:00,DION_001,4603,-0.032380611517460245,SIMULATED,NORMAL
2026-06-17T18:14:58.584387+00:00,DION_001,4604,-0.2507316139198103,SIMULATED,NORMAL
2026-06-17T18:14:58.594994+00:00,DION_001,4605,-0.5294416622522078,SIMULATED,NORMAL
2026-06-17T18:14:58.605571+00:00,DION_001,4606,-0.29404799860442354,SIMULATED,NORMAL
2026-06-17T18:14:58.616146+00:00,DION_001,4607,-0.2769833915813185,SIMULATED,NORMAL
2026-06-17T18:14:58.626861+00:00,DION_001,4608,-0.6198894220412677,SIMULATED,NORMAL
2026-06-17T18:14:58.637547+00:00,DION_001,4609,-0.4175284403355002,SIMULATED,NORMAL
2026-06-17T18:14:58.648172+00:00,DION_001,4610,-0.4480003564669555,SIMULATED,NORMAL
2026-06-17T18:14:58.658782+00:00,DION_001,4611,-0.41724920968774126,SIMULATED,NORMAL
2026-06-17T18:14:58.669381+00:00,DION_001,4612,-0.5149645309669931,SIMULATED,NORMAL
2026-06-17T18:14:58.679981+00:00,DION_001,4613,-0.5644568016784397,SIMULATED,NORMAL
2026-06-17T18:14:58.690600+00:00,DION_001,4614,-0.4127953050728752,SIMULATED,NORMAL
2026-06-17T18:14:58.701220+00:00,DION_001,4615,-0.501780686875322,SIMULATED,NORMAL
2026-06-17T18:14:58.711827+00:00,DION_001,4616,-0.46279578959632167,SIMULATED,NORMAL
2026-06-17T18:14:58.722384+00:00,DION_001,4617,-0.8374590352255966,SIMULATED,NORMAL
2026-06-17T18:14:58.733096+00:00,DION_001,4618,-0.7454005410556139,SIMULATED,NORMAL
2026-06-17T18:14:58.743679+00:00,DION_001,4619,-0.45809384937286507,SIMULATED,NORMAL
2026-06-17T18:14:58.754265+00:00,DION_001,4620,-0.6558542605078308,SIMULATED,NORMAL
2026-06-17T18:14:58.764751+00:00,DION_001,4621,-0.7872629328139837,SIMULATED,NORMAL
2026-06-17T18:14:58.775236+00:00,DION_001,4622,-0.9230520905100249,SIMULATED,NORMAL
2026-06-17T18:14:58.785814+00:00,DION_001,4623,-0.9117042058204223,SIMULATED,NORMAL
2026-06-17T18:14:58.796219+00:00,DION_001,4624,-0.9306870713413589,SIMULATED,NORMAL
2026-06-17T18:14:58.806638+00:00,DION_001,4625,-0.8697925453498393,SIMULATED,NORMAL
2026-06-17T18:14:58.816956+00:00,DION_001,4626,-0.6583306522973238,SIMULATED,NORMAL
2026-06-17T18:14:58.827317+00:00,DION_001,4627,-1.0861337185622306,SIMULATED,NORMAL
2026-06-17T18:14:58.837664+00:00,DION_001,4628,-1.2315700636938989,SIMULATED,NORMAL
2026-06-17T18:14:58.848162+00:00,DION_001,4629,-1.1952641505213568,SIMULATED,NORMAL
2026-06-17T18:14:58.858519+00:00,DION_001,4630,-1.1421003283774982,SIMULATED,NORMAL
2026-06-17T18:14:58.869145+00:00,DION_001,4631,-1.271341009983646,SIMULATED,NORMAL
2026-06-17T18:14:58.879699+00:00,DION_001,4632,-1.2627367598737524,SIMULATED,NORMAL
2026-06-17T18:14:58.890261+00:00,DION_001,4633,-1.2472464382411954,SIMULATED,NORMAL
2026-06-17T18:14:58.900825+00:00,DION_001,4634,-1.1523917479143129,SIMULATED,NORMAL
2026-06-17T18:14:58.911407+00:00,DION_001,4635,-1.253348662056986,SIMULATED,NORMAL
2026-06-17T18:14:58.921968+00:00,DION_001,4636,-1.4339699019925254,SIMULATED,NORMAL
2026-06-17T18:14:58.932611+00:00,DION_001,4637,-1.2589930901279895,SIMULATED,NORMAL
2026-06-17T18:14:58.943186+00:00,DION_001,4638,-1.093209666820959,SIMULATED,NORMAL
2026-06-17T18:14:58.953773+00:00,DION_001,4639,-1.1559198522903094,SIMULATED,NORMAL
2026-06-17T18:14:58.964343+00:00,DION_001,4640,-1.2317461601319892,SIMULATED,NORMAL
2026-06-17T18:14:58.975048+00:00,DION_001,4641,-1.1191037869252987,SIMULATED,NORMAL
2026-06-17T18:14:58.985619+00:00,DION_001,4642,-0.9703443316550208,SIMULATED,NORMAL
2026-06-17T18:14:58.996316+00:00,DION_001,4643,-1.1860809105182883,SIMULATED,NORMAL
2026-06-17T18:14:59.006975+00:00,DION_001,4644,-1.1660085242206766,SIMULATED,NORMAL
2026-06-17T18:14:59.017584+00:00,DION_001,4645,-1.3574690014322335,SIMULATED,NORMAL
2026-06-17T18:14:59.028235+00:00,DION_001,4646,-1.330090538135094,SIMULATED,NORMAL
2026-06-17T18:14:59.038882+00:00,DION_001,4647,-1.2258696373457925,SIMULATED,NORMAL
2026-06-17T18:14:59.049628+00:00,DION_001,4648,-1.236984998044891,SIMULATED,NORMAL
2026-06-17T18:14:59.060239+00:00,DION_001,4649,-1.144482030215688,SIMULATED,NORMAL
2026-06-17T18:14:59.070842+00:00,DION_001,4650,-1.1480100042895842,SIMULATED,NORMAL
2026-06-17T18:14:59.081512+00:00,DION_001,4651,-0.8724921287170009,SIMULATED,NORMAL
2026-06-17T18:14:59.092219+00:00,DION_001,4652,-0.8791993693683731,SIMULATED,NORMAL
2026-06-17T18:14:59.102828+00:00,DION_001,4653,-0.9395666462645618,SIMULATED,NORMAL
2026-06-17T18:14:59.113416+00:00,DION_001,4654,-1.1016690083015201,SIMULATED,NORMAL
2026-06-17T18:14:59.124003+00:00,DION_001,4655,-1.2229230292996187,SIMULATED,NORMAL
2026-06-17T18:14:59.134758+00:00,DION_001,4656,-0.9655442906053009,SIMULATED,NORMAL
2026-06-17T18:14:59.145436+00:00,DION_001,4657,-0.8592329523970362,SIMULATED,NORMAL
2026-06-17T18:14:59.156037+00:00,DION_001,4658,-0.4989663495396861,SIMULATED,NORMAL
2026-06-17T18:14:59.166817+00:00,DION_001,4659,-0.659450103616546,SIMULATED,NORMAL
2026-06-17T18:14:59.177776+00:00,DION_001,4660,-0.7008207770993511,SIMULATED,NORMAL
2026-06-17T18:14:59.188774+00:00,DION_001,4661,-0.6121504702773011,SIMULATED,NORMAL
2026-06-17T18:14:59.199448+00:00,DION_001,4662,-0.5462259071363399,SIMULATED,NORMAL
2026-06-17T18:14:59.209981+00:00,DION_001,4663,-0.29541191086014357,SIMULATED,NORMAL
2026-06-17T18:14:59.220662+00:00,DION_001,4664,-0.5684970177179708,SIMULATED,NORMAL
2026-06-17T18:14:59.231240+00:00,DION_001,4665,-0.8367285972224259,SIMULATED,NORMAL
2026-06-17T18:14:59.242427+00:00,DION_001,4666,-0.5912177442393038,SIMULATED,NORMAL
2026-06-17T18:14:59.253469+00:00,DION_001,4667,-0.27327874937859353,SIMULATED,NORMAL
2026-06-17T18:14:59.263854+00:00,DION_001,4668,-0.5092184694453572,SIMULATED,NORMAL
2026-06-17T18:14:59.274228+00:00,DION_001,4669,-0.794443501014565,SIMULATED,NORMAL
2026-06-17T18:14:59.284751+00:00,DION_001,4670,-0.3362313096059763,SIMULATED,NORMAL
2026-06-17T18:14:59.295141+00:00,DION_001,4671,-0.4638902820773059,SIMULATED,NORMAL
2026-06-17T18:14:59.305594+00:00,DION_001,4672,-0.194830578375803,SIMULATED,NORMAL
2026-06-17T18:14:59.316087+00:00,DION_001,4673,-0.21835158146671457,SIMULATED,NORMAL
2026-06-17T18:14:59.326535+00:00,DION_001,4674,-0.3922269442393248,SIMULATED,NORMAL
2026-06-17T18:14:59.337270+00:00,DION_001,4675,-0.2819021953039286,SIMULATED,NORMAL
2026-06-17T18:14:59.347915+00:00,DION_001,4676,-0.17011000526879966,SIMULATED,NORMAL
2026-06-17T18:14:59.358374+00:00,DION_001,4677,-0.198985006908065,SIMULATED,NORMAL
2026-06-17T18:14:59.368905+00:00,DION_001,4678,-0.4380257403003781,SIMULATED,NORMAL
2026-06-17T18:14:59.379347+00:00,DION_001,4679,-0.4069615778132706,SIMULATED,NORMAL
2026-06-17T18:14:59.389824+00:00,DION_001,4680,-0.3512652997079642,SIMULATED,NORMAL
2026-06-17T18:14:59.400520+00:00,DION_001,4681,-0.20559348014891626,SIMULATED,NORMAL
2026-06-17T18:14:59.411311+00:00,DION_001,4682,-0.2525574000431085,SIMULATED,NORMAL
2026-06-17T18:14:59.421861+00:00,DION_001,4683,-0.0915439890727639,SIMULATED,NORMAL
2026-06-17T18:14:59.432454+00:00,DION_001,4684,-0.5930069707280758,SIMULATED,NORMAL
2026-06-17T18:14:59.443077+00:00,DION_001,4685,-0.16818019434380244,SIMULATED,NORMAL
2026-06-17T18:14:59.453589+00:00,DION_001,4686,-0.33207155854088416,SIMULATED,NORMAL
2026-06-17T18:14:59.464321+00:00,DION_001,4687,-0.3669046634766421,SIMULATED,NORMAL
2026-06-17T18:14:59.474797+00:00,DION_001,4688,0.0106102629257247,SIMULATED,NORMAL
2026-06-17T18:14:59.485289+00:00,DION_001,4689,-0.06904852319999033,SIMULATED,NORMAL
2026-06-17T18:14:59.495845+00:00,DION_001,4690,-0.31241531380617166,SIMULATED,NORMAL
2026-06-17T18:14:59.506333+00:00,DION_001,4691,-0.47125530703067176,SIMULATED,NORMAL
2026-06-17T18:14:59.516968+00:00,DION_001,4692,-0.36574316569060616,SIMULATED,NORMAL
2026-06-17T18:14:59.527535+00:00,DION_001,4693,-0.16923850533297377,SIMULATED,NORMAL
2026-06-17T18:14:59.538089+00:00,DION_001,4694,-0.3203828836765172,SIMULATED,NORMAL
2026-06-17T18:14:59.548693+00:00,DION_001,4695,-0.30655162915073475,SIMULATED,NORMAL
2026-06-17T18:14:59.559372+00:00,DION_001,4696,-0.1341578221280313,SIMULATED,NORMAL
2026-06-17T18:14:59.569963+00:00,DION_001,4697,-0.5284495188815694,SIMULATED,NORMAL
2026-06-17T18:14:59.580509+00:00,DION_001,4698,-0.2505288392034118,SIMULATED,NORMAL
2026-06-17T18:14:59.591061+00:00,DION_001,4699,-0.48050076521216295,SIMULATED,NORMAL
2026-06-17T18:14:59.601675+00:00,DION_001,4700,-0.377923689034955,SIMULATED,NORMAL
2026-06-17T18:14:59.612177+00:00,DION_001,4701,-0.45416783631198704,SIMULATED,NORMAL
2026-06-17T18:14:59.622643+00:00,DION_001,4702,-0.35944168564785617,SIMULATED,NORMAL
2026-06-17T18:14:59.633200+00:00,DION_001,4703,-0.4283554155475021,SIMULATED,NORMAL
2026-06-17T18:14:59.643796+00:00,DION_001,4704,-0.8670684747636705,SIMULATED,NORMAL
2026-06-17T18:14:59.654364+00:00,DION_001,4705,-0.7275603794285884,SIMULATED,NORMAL
2026-06-17T18:14:59.664984+00:00,DION_001,4706,-0.697931103155179,SIMULATED,NORMAL
2026-06-17T18:14:59.675560+00:00,DION_001,4707,-0.5359402227060401,SIMULATED,NORMAL
2026-06-17T18:14:59.686180+00:00,DION_001,4708,-0.5987502951544222,SIMULATED,NORMAL
2026-06-17T18:14:59.696853+00:00,DION_001,4709,-0.39703193756494876,SIMULATED,NORMAL
2026-06-17T18:14:59.707467+00:00,DION_001,4710,-0.5498015814679578,SIMULATED,NORMAL
2026-06-17T18:14:59.718146+00:00,DION_001,4711,-0.8235912151583491,SIMULATED,NORMAL
2026-06-17T18:14:59.728828+00:00,DION_001,4712,-0.5209911201869006,SIMULATED,NORMAL
2026-06-17T18:14:59.739368+00:00,DION_001,4713,-0.8252527916184054,SIMULATED,NORMAL
2026-06-17T18:14:59.750095+00:00,DION_001,4714,-0.5220091265741671,SIMULATED,NORMAL
2026-06-17T18:14:59.760695+00:00,DION_001,4715,-0.5161159769093248,SIMULATED,NORMAL
2026-06-17T18:14:59.771781+00:00,DION_001,4716,-0.9502669360775581,SIMULATED,NORMAL
2026-06-17T18:14:59.782580+00:00,DION_001,4717,-0.5341579486518807,SIMULATED,NORMAL
2026-06-17T18:14:59.793249+00:00,DION_001,4718,-0.584305486799498,SIMULATED,NORMAL
2026-06-17T18:14:59.803895+00:00,DION_001,4719,-0.6682034651760598,SIMULATED,NORMAL
2026-06-17T18:14:59.814591+00:00,DION_001,4720,-0.6778430807091195,SIMULATED,NORMAL
2026-06-17T18:14:59.825168+00:00,DION_001,4721,-0.5802828604646944,SIMULATED,NORMAL
2026-06-17T18:14:59.835912+00:00,DION_001,4722,-0.5026537486424515,SIMULATED,NORMAL
2026-06-17T18:14:59.846613+00:00,DION_001,4723,-0.7673594679519469,SIMULATED,NORMAL
2026-06-17T18:14:59.857165+00:00,DION_001,4724,-0.5097824624420789,SIMULATED,NORMAL
2026-06-17T18:14:59.867591+00:00,DION_001,4725,-0.3839114971577109,SIMULATED,NORMAL
2026-06-17T18:14:59.878102+00:00,DION_001,4726,-0.23896998030277974,SIMULATED,NORMAL
2026-06-17T18:14:59.888634+00:00,DION_001,4727,-0.5182800974158306,SIMULATED,NORMAL
2026-06-17T18:14:59.899157+00:00,DION_001,4728,-0.34738912893768675,SIMULATED,NORMAL
2026-06-17T18:14:59.909806+00:00,DION_001,4729,-0.3515579838811368,SIMULATED,NORMAL
2026-06-17T18:14:59.920347+00:00,DION_001,4730,-0.1788505356379276,SIMULATED,NORMAL
2026-06-17T18:14:59.930887+00:00,DION_001,4731,-0.5034020543006249,SIMULATED,NORMAL
2026-06-17T18:14:59.941437+00:00,DION_001,4732,-0.2476882400874272,SIMULATED,NORMAL
2026-06-17T18:14:59.951978+00:00,DION_001,4733,-0.04172881680152149,SIMULATED,NORMAL
2026-06-17T18:14:59.962455+00:00,DION_001,4734,-0.195144453946746,SIMULATED,NORMAL
2026-06-17T18:14:59.972867+00:00,DION_001,4735,-0.03278817862321298,SIMULATED,NORMAL
2026-06-17T18:14:59.983409+00:00,DION_001,4736,0.008876356001945224,SIMULATED,NORMAL
2026-06-17T18:14:59.994277+00:00,DION_001,4737,0.09297111117534093,SIMULATED,NORMAL
2026-06-17T18:15:00.004667+00:00,DION_001,4738,0.09225874895096077,SIMULATED,NORMAL
2026-06-17T18:15:00.015259+00:00,DION_001,4739,-0.0020442194863668217,SIMULATED,NORMAL
2026-06-17T18:15:00.025733+00:00,DION_001,4740,0.2960651268503543,SIMULATED,NORMAL
2026-06-17T18:15:00.036182+00:00,DION_001,4741,0.045849787481920715,SIMULATED,NORMAL
2026-06-17T18:15:00.046566+00:00,DION_001,4742,0.1756116085558961,SIMULATED,NORMAL
2026-06-17T18:15:00.056863+00:00,DION_001,4743,0.13899039677612882,SIMULATED,NORMAL
2026-06-17T18:15:00.067217+00:00,DION_001,4744,0.3891094521334347,SIMULATED,NORMAL
2026-06-17T18:15:00.077939+00:00,DION_001,4745,0.24575635309765448,SIMULATED,NORMAL
2026-06-17T18:15:00.088425+00:00,DION_001,4746,0.6485018704833885,SIMULATED,NORMAL
2026-06-17T18:15:00.099400+00:00,DION_001,4747,0.5579686978278692,SIMULATED,NORMAL
2026-06-17T18:15:00.110082+00:00,DION_001,4748,0.23205305879952312,SIMULATED,NORMAL
2026-06-17T18:15:00.120527+00:00,DION_001,4749,0.44817389193739576,SIMULATED,NORMAL
2026-06-17T18:15:00.131114+00:00,DION_001,4750,0.475128984290939,SIMULATED,NORMAL
2026-06-17T18:15:00.141481+00:00,DION_001,4751,0.415545609080711,SIMULATED,NORMAL
2026-06-17T18:15:00.151849+00:00,DION_001,4752,0.18014016829373564,SIMULATED,NORMAL
2026-06-17T18:15:00.162294+00:00,DION_001,4753,0.6872149391996183,SIMULATED,NORMAL
2026-06-17T18:15:00.172709+00:00,DION_001,4754,0.5977207243789062,SIMULATED,NORMAL
2026-06-17T18:15:00.183238+00:00,DION_001,4755,0.7197048431078565,SIMULATED,NORMAL
2026-06-17T18:15:00.193742+00:00,DION_001,4756,0.6651345714100586,SIMULATED,NORMAL
2026-06-17T18:15:00.204318+00:00,DION_001,4757,0.6811323507598944,SIMULATED,NORMAL
2026-06-17T18:15:00.214797+00:00,DION_001,4758,0.6463774941261539,SIMULATED,NORMAL
2026-06-17T18:15:00.225094+00:00,DION_001,4759,0.7986819277118109,SIMULATED,NORMAL
2026-06-17T18:15:00.235502+00:00,DION_001,4760,0.5058672972179503,SIMULATED,NORMAL
2026-06-17T18:15:00.246012+00:00,DION_001,4761,0.6618428621371083,SIMULATED,NORMAL
2026-06-17T18:15:00.256429+00:00,DION_001,4762,0.7473803903444334,SIMULATED,NORMAL
2026-06-17T18:15:00.267219+00:00,DION_001,4763,0.42267407553755887,SIMULATED,NORMAL
2026-06-17T18:15:00.277774+00:00,DION_001,4764,0.7696610898778014,SIMULATED,NORMAL
2026-06-17T18:15:00.288251+00:00,DION_001,4765,0.6700474158093245,SIMULATED,NORMAL
2026-06-17T18:15:00.298952+00:00,DION_001,4766,0.6486915642474917,SIMULATED,NORMAL
2026-06-17T18:15:00.309523+00:00,DION_001,4767,0.8474458132229133,SIMULATED,NORMAL
2026-06-17T18:15:00.320101+00:00,DION_001,4768,0.800125890592124,SIMULATED,NORMAL
2026-06-17T18:15:00.330717+00:00,DION_001,4769,0.7965793519830817,SIMULATED,NORMAL
2026-06-17T18:15:00.341315+00:00,DION_001,4770,0.563399004763853,SIMULATED,NORMAL
2026-06-17T18:15:00.351931+00:00,DION_001,4771,0.6294594958533402,SIMULATED,NORMAL
2026-06-17T18:15:00.362530+00:00,DION_001,4772,0.818350536334919,SIMULATED,NORMAL
2026-06-17T18:15:00.373024+00:00,DION_001,4773,0.7193633619518524,SIMULATED,NORMAL
2026-06-17T18:15:00.383504+00:00,DION_001,4774,0.5076182012044244,SIMULATED,NORMAL
2026-06-17T18:15:00.394064+00:00,DION_001,4775,0.599458022639168,SIMULATED,NORMAL
2026-06-17T18:15:00.404686+00:00,DION_001,4776,0.23466258056126688,SIMULATED,NORMAL
2026-06-17T18:15:00.415272+00:00,DION_001,4777,0.2783432170978576,SIMULATED,NORMAL
2026-06-17T18:15:00.425880+00:00,DION_001,4778,0.38680781645561585,SIMULATED,NORMAL
2026-06-17T18:15:00.436473+00:00,DION_001,4779,0.5124884121954468,SIMULATED,NORMAL
2026-06-17T18:15:00.447234+00:00,DION_001,4780,0.3819580330130072,SIMULATED,NORMAL
2026-06-17T18:15:00.457842+00:00,DION_001,4781,2.9932417562114915,SIMULATED,EVENT_DETECTED
2026-06-17T18:15:00.468846+00:00,DION_001,4782,0.30774683489655547,SIMULATED,NORMAL
2026-06-17T18:15:00.479407+00:00,DION_001,4783,0.005915633327299885,SIMULATED,NORMAL
2026-06-17T18:15:00.490051+00:00,DION_001,4784,0.5322223720865227,SIMULATED,NORMAL
2026-06-17T18:15:00.500715+00:00,DION_001,4785,0.3093866033540255,SIMULATED,NORMAL
2026-06-17T18:15:00.511244+00:00,DION_001,4786,0.3862975391621598,SIMULATED,NORMAL
2026-06-17T18:15:00.521840+00:00,DION_001,4787,-0.007986599249006188,SIMULATED,NORMAL
2026-06-17T18:15:00.532401+00:00,DION_001,4788,0.30422559182132514,SIMULATED,NORMAL
2026-06-17T18:15:00.543123+00:00,DION_001,4789,0.2916785972631092,SIMULATED,NORMAL
2026-06-17T18:15:00.553700+00:00,DION_001,4790,0.30403995291313246,SIMULATED,NORMAL
2026-06-17T18:15:00.564435+00:00,DION_001,4791,0.4362360807562542,SIMULATED,NORMAL
2026-06-17T18:15:00.575137+00:00,DION_001,4792,0.4219472307139388,SIMULATED,NORMAL
2026-06-17T18:15:00.585839+00:00,DION_001,4793,0.17732907696966865,SIMULATED,NORMAL
2026-06-17T18:15:00.596416+00:00,DION_001,4794,0.2373392718259198,SIMULATED,NORMAL
2026-06-17T18:15:00.607292+00:00,DION_001,4795,0.11156689922171881,SIMULATED,NORMAL
2026-06-17T18:15:00.619064+00:00,DION_001,4796,0.5748983887467659,SIMULATED,NORMAL
2026-06-17T18:15:00.629515+00:00,DION_001,4797,0.4489959057057703,SIMULATED,NORMAL
2026-06-17T18:15:00.640335+00:00,DION_001,4798,0.49246511284665573,SIMULATED,NORMAL
2026-06-17T18:15:00.651074+00:00,DION_001,4799,0.17468088609238408,SIMULATED,NORMAL
2026-06-17T18:15:00.661700+00:00,DION_001,4800,0.28904137379056627,SIMULATED,NORMAL
2026-06-17T18:15:00.672264+00:00,DION_001,4801,1.757034123206609,SIMULATED,NORMAL
2026-06-17T18:15:00.683500+00:00,DION_001,4802,0.4569332031725973,SIMULATED,NORMAL
2026-06-17T18:15:00.694000+00:00,DION_001,4803,0.4941625558045396,SIMULATED,NORMAL
2026-06-17T18:15:00.704533+00:00,DION_001,4804,0.1054650706772915,SIMULATED,NORMAL
2026-06-17T18:15:00.715260+00:00,DION_001,4805,2.5752741605922576,SIMULATED,EVENT_DETECTED
2026-06-17T18:15:00.726085+00:00,DION_001,4806,0.4093998338512986,SIMULATED,NORMAL
2026-06-17T18:15:00.736542+00:00,DION_001,4807,0.5073889860095598,SIMULATED,NORMAL
2026-06-17T18:15:00.747210+00:00,DION_001,4808,0.5044006541601271,SIMULATED,NORMAL
2026-06-17T18:15:00.757894+00:00,DION_001,4809,0.566047772736756,SIMULATED,NORMAL
2026-06-17T18:15:00.768418+00:00,DION_001,4810,0.6317125134820175,SIMULATED,NORMAL
2026-06-17T18:15:00.779162+00:00,DION_001,4811,0.38370280130859413,SIMULATED,NORMAL
2026-06-17T18:15:00.789676+00:00,DION_001,4812,0.7044512063186178,SIMULATED,NORMAL
2026-06-17T18:15:00.800300+00:00,DION_001,4813,0.5538304422099541,SIMULATED,NORMAL
2026-06-17T18:15:00.810798+00:00,DION_001,4814,0.6616969737473302,SIMULATED,NORMAL
2026-06-17T18:15:00.821403+00:00,DION_001,4815,0.7514707033124879,SIMULATED,NORMAL
2026-06-17T18:15:00.831971+00:00,DION_001,4816,0.9667683402117098,SIMULATED,NORMAL
2026-06-17T18:15:00.842454+00:00,DION_001,4817,0.8899780584433054,SIMULATED,NORMAL
2026-06-17T18:15:00.853032+00:00,DION_001,4818,0.9630870757032066,SIMULATED,NORMAL
2026-06-17T18:15:00.863543+00:00,DION_001,4819,0.8649638598390342,SIMULATED,NORMAL
2026-06-17T18:15:00.874196+00:00,DION_001,4820,0.7813886197344772,SIMULATED,NORMAL
2026-06-17T18:15:00.884748+00:00,DION_001,4821,1.0154831963159914,SIMULATED,NORMAL
2026-06-17T18:15:00.895415+00:00,DION_001,4822,1.1291852587110387,SIMULATED,NORMAL
2026-06-17T18:15:00.906017+00:00,DION_001,4823,0.9811272292040032,SIMULATED,NORMAL
2026-06-17T18:15:00.916651+00:00,DION_001,4824,1.1178379116856485,SIMULATED,NORMAL
2026-06-17T18:15:00.927275+00:00,DION_001,4825,1.1218827440775985,SIMULATED,NORMAL
2026-06-17T18:15:00.937947+00:00,DION_001,4826,0.9055584281010312,SIMULATED,NORMAL
2026-06-17T18:15:00.948615+00:00,DION_001,4827,0.9045757269359618,SIMULATED,NORMAL
2026-06-17T18:15:00.959615+00:00,DION_001,4828,1.3108348845286206,SIMULATED,NORMAL
2026-06-17T18:15:00.970191+00:00,DION_001,4829,1.0246014146056548,SIMULATED,NORMAL
2026-06-17T18:15:00.980841+00:00,DION_001,4830,1.175140008585898,SIMULATED,NORMAL
2026-06-17T18:15:00.991306+00:00,DION_001,4831,1.2127209277129893,SIMULATED,NORMAL
2026-06-17T18:15:01.001797+00:00,DION_001,4832,0.7767303859132816,SIMULATED,NORMAL
2026-06-17T18:15:01.012278+00:00,DION_001,4833,1.1735506681559709,SIMULATED,NORMAL
2026-06-17T18:15:01.022741+00:00,DION_001,4834,1.4665824904829594,SIMULATED,NORMAL
2026-06-17T18:15:01.033189+00:00,DION_001,4835,1.4483418684806098,SIMULATED,NORMAL
2026-06-17T18:15:01.043634+00:00,DION_001,4836,1.2905515246806976,SIMULATED,NORMAL
2026-06-17T18:15:01.053998+00:00,DION_001,4837,0.84141314126821,SIMULATED,NORMAL
2026-06-17T18:15:01.064744+00:00,DION_001,4838,1.4531488957016205,SIMULATED,NORMAL
2026-06-17T18:15:01.075244+00:00,DION_001,4839,0.9572074505378507,SIMULATED,NORMAL
2026-06-17T18:15:01.085845+00:00,DION_001,4840,1.0810737273392768,SIMULATED,NORMAL
2026-06-17T18:15:01.096387+00:00,DION_001,4841,1.2634854480587596,SIMULATED,NORMAL
2026-06-17T18:15:01.106998+00:00,DION_001,4842,1.030187831429752,SIMULATED,NORMAL
2026-06-17T18:15:01.117627+00:00,DION_001,4843,1.079987601568262,SIMULATED,NORMAL
2026-06-17T18:15:01.128182+00:00,DION_001,4844,1.0457103186289658,SIMULATED,NORMAL
2026-06-17T18:15:01.138764+00:00,DION_001,4845,1.1075905091394842,SIMULATED,NORMAL
2026-06-17T18:15:01.149461+00:00,DION_001,4846,1.4113641195691056,SIMULATED,NORMAL
2026-06-17T18:15:01.160015+00:00,DION_001,4847,1.0978866108065917,SIMULATED,NORMAL
2026-06-17T18:15:01.170527+00:00,DION_001,4848,0.8769234323527436,SIMULATED,NORMAL
2026-06-17T18:15:01.180977+00:00,DION_001,4849,0.9357564178283501,SIMULATED,NORMAL
2026-06-17T18:15:01.191527+00:00,DION_001,4850,0.7648387698841371,SIMULATED,NORMAL
2026-06-17T18:15:01.202174+00:00,DION_001,4851,1.1063851050846947,SIMULATED,NORMAL
2026-06-17T18:15:01.212849+00:00,DION_001,4852,0.7623243533655975,SIMULATED,NORMAL
2026-06-17T18:15:01.223480+00:00,DION_001,4853,0.9936073465370961,SIMULATED,NORMAL
2026-06-17T18:15:01.234114+00:00,DION_001,4854,1.0786188960814709,SIMULATED,NORMAL
2026-06-17T18:15:01.244852+00:00,DION_001,4855,0.7653874852172152,SIMULATED,NORMAL
2026-06-17T18:15:01.255638+00:00,DION_001,4856,0.679911215261434,SIMULATED,NORMAL
2026-06-17T18:15:01.266333+00:00,DION_001,4857,0.6176468184789374,SIMULATED,NORMAL
2026-06-17T18:15:01.277079+00:00,DION_001,4858,0.7778120789540888,SIMULATED,NORMAL
2026-06-17T18:15:01.287862+00:00,DION_001,4859,0.6903528122023566,SIMULATED,NORMAL
2026-06-17T18:15:01.298467+00:00,DION_001,4860,0.5108161258918371,SIMULATED,NORMAL
2026-06-17T18:15:01.309254+00:00,DION_001,4861,0.5780200640789981,SIMULATED,NORMAL
2026-06-17T18:15:01.320078+00:00,DION_001,4862,0.3740053566894713,SIMULATED,NORMAL
2026-06-17T18:15:01.330733+00:00,DION_001,4863,0.5353034236172827,SIMULATED,NORMAL
2026-06-17T18:15:01.341499+00:00,DION_001,4864,0.3349870016887617,SIMULATED,NORMAL
2026-06-17T18:15:01.352223+00:00,DION_001,4865,0.2613778561461268,SIMULATED,NORMAL
2026-06-17T18:15:01.362958+00:00,DION_001,4866,0.16633226485539157,SIMULATED,NORMAL
2026-06-17T18:15:01.373690+00:00,DION_001,4867,0.3580932215335178,SIMULATED,NORMAL
2026-06-17T18:15:01.384279+00:00,DION_001,4868,0.29530674176154725,SIMULATED,NORMAL
2026-06-17T18:15:01.394916+00:00,DION_001,4869,0.36194651851042,SIMULATED,NORMAL
2026-06-17T18:15:01.405567+00:00,DION_001,4870,0.11761035582430704,SIMULATED,NORMAL
2026-06-17T18:15:01.416295+00:00,DION_001,4871,0.1523007944195531,SIMULATED,NORMAL
2026-06-17T18:15:01.426964+00:00,DION_001,4872,0.11926452811657608,SIMULATED,NORMAL
2026-06-17T18:15:01.437560+00:00,DION_001,4873,0.2043792035471374,SIMULATED,NORMAL
2026-06-17T18:15:01.448261+00:00,DION_001,4874,0.21003993204256263,SIMULATED,NORMAL
2026-06-17T18:15:01.458850+00:00,DION_001,4875,0.2869513285027095,SIMULATED,NORMAL
2026-06-17T18:15:01.469439+00:00,DION_001,4876,0.4497929289021728,SIMULATED,NORMAL
2026-06-17T18:15:01.480162+00:00,DION_001,4877,0.2660290007934354,SIMULATED,NORMAL
2026-06-17T18:15:01.490730+00:00,DION_001,4878,0.270436681741341,SIMULATED,NORMAL
2026-06-17T18:15:01.501314+00:00,DION_001,4879,-0.0024833249335348417,SIMULATED,NORMAL
2026-06-17T18:15:01.511906+00:00,DION_001,4880,0.03271703596282172,SIMULATED,NORMAL
2026-06-17T18:15:01.522557+00:00,DION_001,4881,0.48310715323944825,SIMULATED,NORMAL
2026-06-17T18:15:01.533211+00:00,DION_001,4882,0.1436575989968996,SIMULATED,NORMAL
2026-06-17T18:15:01.543799+00:00,DION_001,4883,0.5216418516297283,SIMULATED,NORMAL
2026-06-17T18:15:01.554338+00:00,DION_001,4884,0.30396371425814844,SIMULATED,NORMAL
2026-06-17T18:15:01.564908+00:00,DION_001,4885,0.26910469864455483,SIMULATED,NORMAL
2026-06-17T18:15:01.575475+00:00,DION_001,4886,0.08407885864643683,SIMULATED,NORMAL
2026-06-17T18:15:01.586070+00:00,DION_001,4887,0.26207332888305573,SIMULATED,NORMAL
2026-06-17T18:15:01.596700+00:00,DION_001,4888,0.29013415360900185,SIMULATED,NORMAL
2026-06-17T18:15:01.607336+00:00,DION_001,4889,0.04274914022468945,SIMULATED,NORMAL
2026-06-17T18:15:01.617835+00:00,DION_001,4890,0.23314500788733922,SIMULATED,NORMAL
2026-06-17T18:15:01.628438+00:00,DION_001,4891,0.33930870874513297,SIMULATED,NORMAL
2026-06-17T18:15:01.638887+00:00,DION_001,4892,0.3484607696730634,SIMULATED,NORMAL
2026-06-17T18:15:01.649325+00:00,DION_001,4893,0.1358584047135987,SIMULATED,NORMAL
2026-06-17T18:15:01.659870+00:00,DION_001,4894,0.3149233652583786,SIMULATED,NORMAL
2026-06-17T18:15:01.670575+00:00,DION_001,4895,-0.004321635269221746,SIMULATED,NORMAL
2026-06-17T18:15:01.681295+00:00,DION_001,4896,0.27769497551024647,SIMULATED,NORMAL
2026-06-17T18:15:01.691906+00:00,DION_001,4897,0.3194810851956723,SIMULATED,NORMAL
2026-06-17T18:15:01.702506+00:00,DION_001,4898,0.6045429421487682,SIMULATED,NORMAL
2026-06-17T18:15:01.713159+00:00,DION_001,4899,0.46057461456851395,SIMULATED,NORMAL
2026-06-17T18:15:01.723759+00:00,DION_001,4900,0.4309493378344924,SIMULATED,NORMAL
2026-06-17T18:15:01.734469+00:00,DION_001,4901,0.4802628583174753,SIMULATED,NORMAL
2026-06-17T18:15:01.745053+00:00,DION_001,4902,0.18939808420200177,SIMULATED,NORMAL
2026-06-17T18:15:01.755659+00:00,DION_001,4903,0.5063719309644792,SIMULATED,NORMAL
2026-06-17T18:15:01.766170+00:00,DION_001,4904,0.27541859210385855,SIMULATED,NORMAL
2026-06-17T18:15:01.776770+00:00,DION_001,4905,-1.0359446233922542,SIMULATED,NORMAL
2026-06-17T18:15:01.787519+00:00,DION_001,4906,0.48300671752950397,SIMULATED,NORMAL
2026-06-17T18:15:01.798214+00:00,DION_001,4907,0.6851686212648267,SIMULATED,NORMAL
2026-06-17T18:15:01.808859+00:00,DION_001,4908,0.491267939741592,SIMULATED,NORMAL
2026-06-17T18:15:01.819421+00:00,DION_001,4909,0.32375625703985617,SIMULATED,NORMAL
2026-06-17T18:15:01.830068+00:00,DION_001,4910,0.4396082347991028,SIMULATED,NORMAL
2026-06-17T18:15:01.840688+00:00,DION_001,4911,0.6340128218205793,SIMULATED,NORMAL
2026-06-17T18:15:01.851227+00:00,DION_001,4912,0.5838086446476375,SIMULATED,NORMAL
2026-06-17T18:15:01.861960+00:00,DION_001,4913,0.2855403087265535,SIMULATED,NORMAL
2026-06-17T18:15:01.872469+00:00,DION_001,4914,0.46373972136658137,SIMULATED,NORMAL
2026-06-17T18:15:01.883137+00:00,DION_001,4915,0.47178641884280437,SIMULATED,NORMAL
2026-06-17T18:15:01.893724+00:00,DION_001,4916,0.46576587916052586,SIMULATED,NORMAL
2026-06-17T18:15:01.904316+00:00,DION_001,4917,0.3871484411156902,SIMULATED,NORMAL
2026-06-17T18:15:01.914857+00:00,DION_001,4918,2.234993918470751,SIMULATED,EVENT_DETECTED
2026-06-17T18:15:01.925583+00:00,DION_001,4919,0.5900516050906884,SIMULATED,NORMAL
2026-06-17T18:15:01.936189+00:00,DION_001,4920,0.3033230573206143,SIMULATED,NORMAL
2026-06-17T18:15:01.946772+00:00,DION_001,4921,0.7509827781142339,SIMULATED,NORMAL
2026-06-17T18:15:01.957342+00:00,DION_001,4922,0.42031400870986874,SIMULATED,NORMAL
2026-06-17T18:15:01.967940+00:00,DION_001,4923,0.630458285100866,SIMULATED,NORMAL
2026-06-17T18:15:01.978542+00:00,DION_001,4924,0.32306309276808465,SIMULATED,NORMAL
2026-06-17T18:15:01.989125+00:00,DION_001,4925,0.42899241623532847,SIMULATED,NORMAL
2026-06-17T18:15:01.999731+00:00,DION_001,4926,0.011999872728559291,SIMULATED,NORMAL
2026-06-17T18:15:02.010341+00:00,DION_001,4927,0.07116374208959744,SIMULATED,NORMAL
2026-06-17T18:15:02.020925+00:00,DION_001,4928,0.12672632718967158,SIMULATED,NORMAL
2026-06-17T18:15:02.031542+00:00,DION_001,4929,0.10847111151478207,SIMULATED,NORMAL
2026-06-17T18:15:02.042124+00:00,DION_001,4930,0.05986648213510794,SIMULATED,NORMAL
2026-06-17T18:15:02.052784+00:00,DION_001,4931,-0.11159542499005222,SIMULATED,NORMAL
2026-06-17T18:15:02.063376+00:00,DION_001,4932,-0.2610152846201309,SIMULATED,NORMAL
2026-06-17T18:15:02.073960+00:00,DION_001,4933,-0.1417892419737396,SIMULATED,NORMAL
2026-06-17T18:15:02.084687+00:00,DION_001,4934,0.050819730271045985,SIMULATED,NORMAL
2026-06-17T18:15:02.095170+00:00,DION_001,4935,-0.12506029342852562,SIMULATED,NORMAL
2026-06-17T18:15:02.105739+00:00,DION_001,4936,-0.20676453352102853,SIMULATED,NORMAL
2026-06-17T18:15:02.116207+00:00,DION_001,4937,-0.3972831032784304,SIMULATED,NORMAL
2026-06-17T18:15:02.126802+00:00,DION_001,4938,-0.1217297373296431,SIMULATED,NORMAL
2026-06-17T18:15:02.137280+00:00,DION_001,4939,-0.15737892246936955,SIMULATED,NORMAL
2026-06-17T18:15:02.147705+00:00,DION_001,4940,-0.3280029036961376,SIMULATED,NORMAL
2026-06-17T18:15:02.158169+00:00,DION_001,4941,-0.460361522900823,SIMULATED,NORMAL
2026-06-17T18:15:02.168608+00:00,DION_001,4942,-0.16286579262241058,SIMULATED,NORMAL
2026-06-17T18:15:02.178938+00:00,DION_001,4943,-0.18328938608626233,SIMULATED,NORMAL
2026-06-17T18:15:02.189247+00:00,DION_001,4944,-0.5055831983125803,SIMULATED,NORMAL
2026-06-17T18:15:02.199541+00:00,DION_001,4945,-0.449164184772446,SIMULATED,NORMAL
2026-06-17T18:15:02.209988+00:00,DION_001,4946,-0.4496364271576686,SIMULATED,NORMAL
2026-06-17T18:15:02.220450+00:00,DION_001,4947,-0.6516299277842013,SIMULATED,NORMAL
2026-06-17T18:15:02.230854+00:00,DION_001,4948,-0.5223582162385872,SIMULATED,NORMAL
2026-06-17T18:15:02.241327+00:00,DION_001,4949,-0.5692125044736202,SIMULATED,NORMAL
2026-06-17T18:15:02.251692+00:00,DION_001,4950,-0.7135933067802044,SIMULATED,NORMAL
2026-06-17T18:15:02.262040+00:00,DION_001,4951,-0.749624582343767,SIMULATED,NORMAL
2026-06-17T18:15:02.272437+00:00,DION_001,4952,-0.6654476984312873,SIMULATED,NORMAL
2026-06-17T18:15:02.282985+00:00,DION_001,4953,-0.7364302308972522,SIMULATED,NORMAL
2026-06-17T18:15:02.293379+00:00,DION_001,4954,-0.5833543993257234,SIMULATED,NORMAL
2026-06-17T18:15:02.303826+00:00,DION_001,4955,-0.7881241460620035,SIMULATED,NORMAL
2026-06-17T18:15:02.314239+00:00,DION_001,4956,-0.7432023638406645,SIMULATED,NORMAL
2026-06-17T18:15:02.324726+00:00,DION_001,4957,-0.8469191538419953,SIMULATED,NORMAL
2026-06-17T18:15:02.335314+00:00,DION_001,4958,-0.9074825043319725,SIMULATED,NORMAL
2026-06-17T18:15:02.345911+00:00,DION_001,4959,-0.9869303582755867,SIMULATED,NORMAL
2026-06-17T18:15:02.356454+00:00,DION_001,4960,-0.5007487231830198,SIMULATED,NORMAL
2026-06-17T18:15:02.367205+00:00,DION_001,4961,-0.7066672592429942,SIMULATED,NORMAL
2026-06-17T18:15:02.377820+00:00,DION_001,4962,-0.7777182453693577,SIMULATED,NORMAL
2026-06-17T18:15:02.388330+00:00,DION_001,4963,-0.9608818934771721,SIMULATED,NORMAL
2026-06-17T18:15:02.398930+00:00,DION_001,4964,-0.9184896891452171,SIMULATED,NORMAL
2026-06-17T18:15:02.409511+00:00,DION_001,4965,-0.6667186641630667,SIMULATED,NORMAL
2026-06-17T18:15:02.419958+00:00,DION_001,4966,-0.48943371006223774,SIMULATED,NORMAL
2026-06-17T18:15:02.430403+00:00,DION_001,4967,-0.8420273507099598,SIMULATED,NORMAL
2026-06-17T18:15:02.441089+00:00,DION_001,4968,-0.6395254402486398,SIMULATED,NORMAL
2026-06-17T18:15:02.451655+00:00,DION_001,4969,-0.6579172791867717,SIMULATED,NORMAL
2026-06-17T18:15:02.462098+00:00,DION_001,4970,-0.6161576021113973,SIMULATED,NORMAL
2026-06-17T18:15:02.472667+00:00,DION_001,4971,-0.6625390157255835,SIMULATED,NORMAL
2026-06-17T18:15:02.483404+00:00,DION_001,4972,-0.8189704569245887,SIMULATED,NORMAL
2026-06-17T18:15:02.493891+00:00,DION_001,4973,-0.5348134475429998,SIMULATED,NORMAL
2026-06-17T18:15:02.504474+00:00,DION_001,4974,-0.8933023453358467,SIMULATED,NORMAL
2026-06-17T18:15:02.515237+00:00,DION_001,4975,-0.6043940454036699,SIMULATED,NORMAL
2026-06-17T18:15:02.525776+00:00,DION_001,4976,-0.5269701849151118,SIMULATED,NORMAL
2026-06-17T18:15:02.536373+00:00,DION_001,4977,-0.516924355862044,SIMULATED,NORMAL
2026-06-17T18:15:02.547227+00:00,DION_001,4978,-0.5846173643947999,SIMULATED,NORMAL
2026-06-17T18:15:02.557736+00:00,DION_001,4979,-0.627050564139831,SIMULATED,NORMAL
2026-06-17T18:15:02.568411+00:00,DION_001,4980,-0.42232145573188395,SIMULATED,NORMAL
2026-06-17T18:15:02.579150+00:00,DION_001,4981,-0.2818796666641931,SIMULATED,NORMAL
2026-06-17T18:15:02.589759+00:00,DION_001,4982,-0.5533509019286312,SIMULATED,NORMAL
2026-06-17T18:15:02.600401+00:00,DION_001,4983,-0.6192623560550163,SIMULATED,NORMAL
2026-06-17T18:15:02.611050+00:00,DION_001,4984,-0.2878508311606726,SIMULATED,NORMAL
2026-06-17T18:15:02.621758+00:00,DION_001,4985,-0.4340130561655545,SIMULATED,NORMAL
2026-06-17T18:15:02.632350+00:00,DION_001,4986,-0.3355741567193068,SIMULATED,NORMAL
2026-06-17T18:15:02.643019+00:00,DION_001,4987,-0.4457626248639599,SIMULATED,NORMAL
2026-06-17T18:15:02.653580+00:00,DION_001,4988,-0.3015189888101371,SIMULATED,NORMAL
2026-06-17T18:15:02.664143+00:00,DION_001,4989,-0.4861304472706438,SIMULATED,NORMAL
2026-06-17T18:15:02.674741+00:00,DION_001,4990,-0.10938597229551103,SIMULATED,NORMAL
2026-06-17T18:15:02.685393+00:00,DION_001,4991,-0.3317080718095989,SIMULATED,NORMAL
2026-06-17T18:15:02.696078+00:00,DION_001,4992,-0.08190075695278051,SIMULATED,NORMAL
2026-06-17T18:15:02.706729+00:00,DION_001,4993,-0.28373685780012586,SIMULATED,NORMAL
2026-06-17T18:15:02.717323+00:00,DION_001,4994,-0.22205010735826652,SIMULATED,NORMAL
2026-06-17T18:15:02.727800+00:00,DION_001,4995,-0.35661925941101846,SIMULATED,NORMAL
2026-06-17T18:15:02.738154+00:00,DION_001,4996,-0.4391518132119899,SIMULATED,NORMAL
2026-06-17T18:15:02.748976+00:00,DION_001,4997,-0.23772107086087096,SIMULATED,NORMAL
2026-06-17T18:15:02.759557+00:00,DION_001,4998,-0.36347291514482166,SIMULATED,NORMAL
2026-06-17T18:15:02.770092+00:00,DION_001,4999,-0.39760116976811455,SIMULATED,NORMAL
2026-06-17T18:15:02.780732+00:00,DION_001,5000,-0.34759767187858814,SIMULATED,NORMAL
2026-06-17T18:15:02.791331+00:00,DION_001,5001,-0.31704754413171493,SIMULATED,NORMAL
2026-06-17T18:15:02.802119+00:00,DION_001,5002,-0.5620582993176731,SIMULATED,NORMAL
2026-06-17T18:15:02.812647+00:00,DION_001,5003,-0.4209115122978721,SIMULATED,NORMAL
2026-06-17T18:15:02.823195+00:00,DION_001,5004,-0.7305591509918152,SIMULATED,NORMAL
2026-06-17T18:15:02.833811+00:00,DION_001,5005,-0.5932508339650435,SIMULATED,NORMAL
2026-06-17T18:15:02.844413+00:00,DION_001,5006,-0.5620260653287833,SIMULATED,NORMAL
2026-06-17T18:15:02.855161+00:00,DION_001,5007,-0.44574158863354446,SIMULATED,NORMAL
2026-06-17T18:15:02.866055+00:00,DION_001,5008,-0.9265504727873425,SIMULATED,NORMAL
2026-06-17T18:15:02.876636+00:00,DION_001,5009,-0.6788181594595769,SIMULATED,NORMAL
2026-06-17T18:15:02.887266+00:00,DION_001,5010,-0.7399718005470656,SIMULATED,NORMAL
2026-06-17T18:15:02.897903+00:00,DION_001,5011,-0.6699837136543302,SIMULATED,NORMAL
2026-06-17T18:15:02.908406+00:00,DION_001,5012,-0.9558188824884815,SIMULATED,NORMAL
2026-06-17T18:15:02.919110+00:00,DION_001,5013,-0.9995080051864925,SIMULATED,NORMAL
2026-06-17T18:15:02.929556+00:00,DION_001,5014,-0.7978175061084187,SIMULATED,NORMAL
2026-06-17T18:15:02.940073+00:00,DION_001,5015,-0.7813308488776283,SIMULATED,NORMAL
2026-06-17T18:15:02.950745+00:00,DION_001,5016,-0.8469546983803022,SIMULATED,NORMAL
2026-06-17T18:15:02.961272+00:00,DION_001,5017,-0.8820992764117942,SIMULATED,NORMAL
2026-06-17T18:15:02.971850+00:00,DION_001,5018,-1.1407455687006414,SIMULATED,NORMAL
2026-06-17T18:15:02.982613+00:00,DION_001,5019,-0.9591836671572123,SIMULATED,NORMAL
2026-06-17T18:15:02.993142+00:00,DION_001,5020,-1.1619469886855935,SIMULATED,NORMAL
2026-06-17T18:15:03.003702+00:00,DION_001,5021,-0.8033989879202347,SIMULATED,NORMAL
2026-06-17T18:15:03.014418+00:00,DION_001,5022,-1.07475221707644,SIMULATED,NORMAL
2026-06-17T18:15:03.025013+00:00,DION_001,5023,-1.164722773528854,SIMULATED,NORMAL
2026-06-17T18:15:03.035685+00:00,DION_001,5024,-1.1893230272520916,SIMULATED,NORMAL
2026-06-17T18:15:03.046352+00:00,DION_001,5025,-1.2640287577189009,SIMULATED,NORMAL
2026-06-17T18:15:03.056940+00:00,DION_001,5026,-1.18679893301759,SIMULATED,NORMAL
2026-06-17T18:15:03.067597+00:00,DION_001,5027,-1.3044839443580467,SIMULATED,NORMAL
2026-06-17T18:15:03.078196+00:00,DION_001,5028,-1.232705498193694,SIMULATED,NORMAL
2026-06-17T18:15:03.088931+00:00,DION_001,5029,-1.0620059732000116,SIMULATED,NORMAL
2026-06-17T18:15:03.099582+00:00,DION_001,5030,-1.1534331503847735,SIMULATED,NORMAL
2026-06-17T18:15:03.110197+00:00,DION_001,5031,-1.3545770540259476,SIMULATED,NORMAL
2026-06-17T18:15:03.120806+00:00,DION_001,5032,-1.1863640852534207,SIMULATED,NORMAL
2026-06-17T18:15:03.131449+00:00,DION_001,5033,-1.3147551940839268,SIMULATED,NORMAL
2026-06-17T18:15:03.142143+00:00,DION_001,5034,-1.2222810014803116,SIMULATED,NORMAL
2026-06-17T18:15:03.152914+00:00,DION_001,5035,-1.2013843464972218,SIMULATED,NORMAL
2026-06-17T18:15:03.163573+00:00,DION_001,5036,-1.0155087367883653,SIMULATED,NORMAL
2026-06-17T18:15:03.174115+00:00,DION_001,5037,-1.1901793529363613,SIMULATED,NORMAL
2026-06-17T18:15:03.184914+00:00,DION_001,5038,-1.196293888671057,SIMULATED,NORMAL
2026-06-17T18:15:03.195521+00:00,DION_001,5039,-0.9279932737867971,SIMULATED,NORMAL
2026-06-17T18:15:03.206022+00:00,DION_001,5040,-1.2790501636831282,SIMULATED,NORMAL
2026-06-17T18:15:03.216613+00:00,DION_001,5041,-1.054097347436911,SIMULATED,NORMAL
2026-06-17T18:15:03.227254+00:00,DION_001,5042,-0.9896362833237439,SIMULATED,NORMAL
2026-06-17T18:15:03.237750+00:00,DION_001,5043,-0.8484083539819962,SIMULATED,NORMAL
2026-06-17T18:15:03.248272+00:00,DION_001,5044,-1.1191267253889288,SIMULATED,NORMAL
2026-06-17T18:15:03.258948+00:00,DION_001,5045,-1.025789776259486,SIMULATED,NORMAL
2026-06-17T18:15:03.269383+00:00,DION_001,5046,-0.913610683782853,SIMULATED,NORMAL
2026-06-17T18:15:03.279719+00:00,DION_001,5047,-1.0350961963259786,SIMULATED,NORMAL
2026-06-17T18:15:03.290418+00:00,DION_001,5048,-0.8534570086744909,SIMULATED,NORMAL
2026-06-17T18:15:03.300673+00:00,DION_001,5049,-0.6780771794406522,SIMULATED,NORMAL
2026-06-17T18:15:03.310919+00:00,DION_001,5050,-0.861053797653286,SIMULATED,NORMAL
2026-06-17T18:15:03.321244+00:00,DION_001,5051,-0.6731914824740027,SIMULATED,NORMAL
2026-06-17T18:15:03.331704+00:00,DION_001,5052,-0.7383369233765003,SIMULATED,NORMAL
2026-06-17T18:15:03.342182+00:00,DION_001,5053,-3.1377218540406164,SIMULATED,EVENT_DETECTED
2026-06-17T18:15:03.353128+00:00,DION_001,5054,-0.4676659591655494,SIMULATED,NORMAL
2026-06-17T18:15:03.363753+00:00,DION_001,5055,-0.7286184746370359,SIMULATED,NORMAL
2026-06-17T18:15:03.374352+00:00,DION_001,5056,-0.5121626491187287,SIMULATED,NORMAL
2026-06-17T18:15:03.384949+00:00,DION_001,5057,-0.7176828173676871,SIMULATED,NORMAL
2026-06-17T18:15:03.395614+00:00,DION_001,5058,-0.8017121716723292,SIMULATED,NORMAL
2026-06-17T18:15:03.406052+00:00,DION_001,5059,-0.2849767332898767,SIMULATED,NORMAL
2026-06-17T18:15:03.416731+00:00,DION_001,5060,-0.2533583639259503,SIMULATED,NORMAL
2026-06-17T18:15:03.427518+00:00,DION_001,5061,-0.47509155693212474,SIMULATED,NORMAL
2026-06-17T18:15:03.438148+00:00,DION_001,5062,-0.5833647119741772,SIMULATED,NORMAL
2026-06-17T18:15:03.448975+00:00,DION_001,5063,-0.3228631171426817,SIMULATED,NORMAL
2026-06-17T18:15:03.459689+00:00,DION_001,5064,-0.25265894206843736,SIMULATED,NORMAL
2026-06-17T18:15:03.470316+00:00,DION_001,5065,-0.27503245945370314,SIMULATED,NORMAL
2026-06-17T18:15:03.480927+00:00,DION_001,5066,-0.4194650369711458,SIMULATED,NORMAL
2026-06-17T18:15:03.491605+00:00,DION_001,5067,-0.3489176417501534,SIMULATED,NORMAL
2026-06-17T18:15:03.502376+00:00,DION_001,5068,0.07669331500661891,SIMULATED,NORMAL
2026-06-17T18:15:03.512888+00:00,DION_001,5069,-0.2254303179035304,SIMULATED,NORMAL
2026-06-17T18:15:03.523500+00:00,DION_001,5070,-0.115562731315583,SIMULATED,NORMAL
2026-06-17T18:15:03.534153+00:00,DION_001,5071,-0.09442100131086664,SIMULATED,NORMAL
2026-06-17T18:15:03.544806+00:00,DION_001,5072,-0.11133296217393926,SIMULATED,NORMAL
2026-06-17T18:15:03.555554+00:00,DION_001,5073,0.11131041008389331,SIMULATED,NORMAL
2026-06-17T18:15:03.566225+00:00,DION_001,5074,-0.20169098179081857,SIMULATED,NORMAL
2026-06-17T18:15:03.576870+00:00,DION_001,5075,-0.23489585542214775,SIMULATED,NORMAL
2026-06-17T18:15:03.587515+00:00,DION_001,5076,0.19295551879164197,SIMULATED,NORMAL
2026-06-17T18:15:03.598307+00:00,DION_001,5077,-0.13394103829303358,SIMULATED,NORMAL
2026-06-17T18:15:03.608894+00:00,DION_001,5078,-0.07033915316426319,SIMULATED,NORMAL
2026-06-17T18:15:03.619476+00:00,DION_001,5079,-0.38259495102736385,SIMULATED,NORMAL
2026-06-17T18:15:03.630087+00:00,DION_001,5080,-0.13321106195067633,SIMULATED,NORMAL
2026-06-17T18:15:03.640671+00:00,DION_001,5081,-0.3042444560495987,SIMULATED,NORMAL
2026-06-17T18:15:03.651248+00:00,DION_001,5082,-0.28387178580068334,SIMULATED,NORMAL
2026-06-17T18:15:03.661853+00:00,DION_001,5083,-0.14078438078989236,SIMULATED,NORMAL
2026-06-17T18:15:03.672427+00:00,DION_001,5084,-0.17297907540978866,SIMULATED,NORMAL
2026-06-17T18:15:03.683334+00:00,DION_001,5085,-0.3706896616868032,SIMULATED,NORMAL
2026-06-17T18:15:03.693906+00:00,DION_001,5086,-0.4094005485078239,SIMULATED,NORMAL
2026-06-17T18:15:03.704687+00:00,DION_001,5087,-0.026661891057074005,SIMULATED,NORMAL
2026-06-17T18:15:03.715445+00:00,DION_001,5088,-0.14749626198850907,SIMULATED,NORMAL
2026-06-17T18:15:03.726049+00:00,DION_001,5089,-0.04238488389703557,SIMULATED,NORMAL
2026-06-17T18:15:03.736653+00:00,DION_001,5090,-0.19958353269095963,SIMULATED,NORMAL
2026-06-17T18:15:03.747260+00:00,DION_001,5091,-0.3637404655307465,SIMULATED,NORMAL
2026-06-17T18:15:03.757800+00:00,DION_001,5092,0.00545463865742124,SIMULATED,NORMAL
2026-06-17T18:15:03.768390+00:00,DION_001,5093,-0.20049062206072718,SIMULATED,NORMAL
2026-06-17T18:15:03.779248+00:00,DION_001,5094,-0.14058002434460742,SIMULATED,NORMAL
2026-06-17T18:15:03.789868+00:00,DION_001,5095,-0.3095998513159952,SIMULATED,NORMAL
2026-06-17T18:15:03.800525+00:00,DION_001,5096,-0.4914075690168882,SIMULATED,NORMAL
2026-06-17T18:15:03.811249+00:00,DION_001,5097,-0.5414437809502815,SIMULATED,NORMAL
2026-06-17T18:15:03.821936+00:00,DION_001,5098,-0.39264330414957566,SIMULATED,NORMAL
2026-06-17T18:15:03.832660+00:00,DION_001,5099,-0.5240446204525758,SIMULATED,NORMAL
2026-06-17T18:15:03.843400+00:00,DION_001,5100,1.5319702149589158,SIMULATED,NORMAL
2026-06-17T18:15:03.854258+00:00,DION_001,5101,-0.5239132341143383,SIMULATED,NORMAL
2026-06-17T18:15:03.865107+00:00,DION_001,5102,-0.6157944697416275,SIMULATED,NORMAL
2026-06-17T18:15:03.875737+00:00,DION_001,5103,-0.36189117310489816,SIMULATED,NORMAL
2026-06-17T18:15:03.886382+00:00,DION_001,5104,-0.44706189571869404,SIMULATED,NORMAL
2026-06-17T18:15:03.896988+00:00,DION_001,5105,-0.34558897411833234,SIMULATED,NORMAL
2026-06-17T18:15:03.907504+00:00,DION_001,5106,-0.36765054470463887,SIMULATED,NORMAL
2026-06-17T18:15:03.917957+00:00,DION_001,5107,-0.7178020751753659,SIMULATED,NORMAL
2026-06-17T18:15:03.928322+00:00,DION_001,5108,-0.5197024149579471,SIMULATED,NORMAL
2026-06-17T18:15:03.938713+00:00,DION_001,5109,-0.4072370885002174,SIMULATED,NORMAL
2026-06-17T18:15:03.949190+00:00,DION_001,5110,-0.4599059450980639,SIMULATED,NORMAL
2026-06-17T18:15:03.959866+00:00,DION_001,5111,-0.2622771259855622,SIMULATED,NORMAL
2026-06-17T18:15:03.970626+00:00,DION_001,5112,-0.5159105051209905,SIMULATED,NORMAL
2026-06-17T18:15:03.981268+00:00,DION_001,5113,-0.4575155850689817,SIMULATED,NORMAL
2026-06-17T18:15:03.991921+00:00,DION_001,5114,1.2929231804955335,SIMULATED,NORMAL
2026-06-17T18:15:04.002756+00:00,DION_001,5115,-0.5320933470501006,SIMULATED,NORMAL
2026-06-17T18:15:04.013436+00:00,DION_001,5116,-0.3294223397464063,SIMULATED,NORMAL
2026-06-17T18:15:04.024100+00:00,DION_001,5117,-0.3145451414268473,SIMULATED,NORMAL
2026-06-17T18:15:04.034774+00:00,DION_001,5118,-0.3533687692681482,SIMULATED,NORMAL
2026-06-17T18:15:04.045600+00:00,DION_001,5119,-0.3169328740601949,SIMULATED,NORMAL
2026-06-17T18:15:04.056289+00:00,DION_001,5120,-0.2895252456016672,SIMULATED,NORMAL
2026-06-17T18:15:04.066950+00:00,DION_001,5121,-0.16728902445662755,SIMULATED,NORMAL
2026-06-17T18:15:04.077628+00:00,DION_001,5122,-0.5059914144236627,SIMULATED,NORMAL
2026-06-17T18:15:04.088310+00:00,DION_001,5123,0.04399835597469044,SIMULATED,NORMAL
2026-06-17T18:15:04.099065+00:00,DION_001,5124,-0.034225544985933554,SIMULATED,NORMAL
2026-06-17T18:15:04.109779+00:00,DION_001,5125,0.011945179808253784,SIMULATED,NORMAL
2026-06-17T18:15:04.120472+00:00,DION_001,5126,0.051694773580243616,SIMULATED,NORMAL
2026-06-17T18:15:04.131224+00:00,DION_001,5127,0.2498950655590772,SIMULATED,NORMAL
2026-06-17T18:15:04.141893+00:00,DION_001,5128,-0.1537775108454053,SIMULATED,NORMAL
2026-06-17T18:15:04.152702+00:00,DION_001,5129,0.13932717717628762,SIMULATED,NORMAL
2026-06-17T18:15:04.163293+00:00,DION_001,5130,0.0950376984537257,SIMULATED,NORMAL
2026-06-17T18:15:04.173753+00:00,DION_001,5131,0.009422156226163186,SIMULATED,NORMAL
2026-06-17T18:15:04.184343+00:00,DION_001,5132,0.002296792175754403,SIMULATED,NORMAL
2026-06-17T18:15:04.195119+00:00,DION_001,5133,0.3180059205932646,SIMULATED,NORMAL
2026-06-17T18:15:04.205688+00:00,DION_001,5134,0.13626171608477045,SIMULATED,NORMAL
2026-06-17T18:15:04.216270+00:00,DION_001,5135,0.6049498849521558,SIMULATED,NORMAL
2026-06-17T18:15:04.227009+00:00,DION_001,5136,0.36431982940089847,SIMULATED,NORMAL
2026-06-17T18:15:04.237750+00:00,DION_001,5137,0.6192167428122128,SIMULATED,NORMAL
2026-06-17T18:15:04.248499+00:00,DION_001,5138,0.27264049203720236,SIMULATED,NORMAL
2026-06-17T18:15:04.259458+00:00,DION_001,5139,0.5639024483575873,SIMULATED,NORMAL
2026-06-17T18:15:04.270043+00:00,DION_001,5140,0.4820331688267627,SIMULATED,NORMAL
2026-06-17T18:15:04.283981+00:00,DION_001,5141,0.6769551531840191,SIMULATED,NORMAL
2026-06-17T18:15:04.294581+00:00,DION_001,5142,0.9677439513870787,SIMULATED,NORMAL
2026-06-17T18:15:04.305137+00:00,DION_001,5143,0.6354294033332928,SIMULATED,NORMAL
2026-06-17T18:15:04.315575+00:00,DION_001,5144,0.7962942031758077,SIMULATED,NORMAL
2026-06-17T18:15:04.326023+00:00,DION_001,5145,1.0718522671518027,SIMULATED,NORMAL
2026-06-17T18:15:04.336449+00:00,DION_001,5146,0.7019259882063202,SIMULATED,NORMAL
2026-06-17T18:15:04.347016+00:00,DION_001,5147,0.9679364399971582,SIMULATED,NORMAL
2026-06-17T18:15:04.357467+00:00,DION_001,5148,0.8018251579715103,SIMULATED,NORMAL
2026-06-17T18:15:04.367964+00:00,DION_001,5149,0.847226682367589,SIMULATED,NORMAL
2026-06-17T18:15:04.378252+00:00,DION_001,5150,0.9167922994472292,SIMULATED,NORMAL
2026-06-17T18:15:04.388515+00:00,DION_001,5151,0.691528790798003,SIMULATED,NORMAL
2026-06-17T18:15:04.398814+00:00,DION_001,5152,1.0021065138439018,SIMULATED,NORMAL
2026-06-17T18:15:04.409367+00:00,DION_001,5153,0.5720909875309135,SIMULATED,NORMAL
2026-06-17T18:15:04.419829+00:00,DION_001,5154,1.0123061951092973,SIMULATED,NORMAL
2026-06-17T18:15:04.430435+00:00,DION_001,5155,0.9722685892454737,SIMULATED,NORMAL
2026-06-17T18:15:04.440899+00:00,DION_001,5156,0.48635187979047095,SIMULATED,NORMAL
2026-06-17T18:15:04.451459+00:00,DION_001,5157,0.8154029656102131,SIMULATED,NORMAL
2026-06-17T18:15:04.462181+00:00,DION_001,5158,0.7309294340417565,SIMULATED,NORMAL
2026-06-17T18:15:04.472731+00:00,DION_001,5159,1.1515297888160445,SIMULATED,NORMAL
2026-06-17T18:15:04.483466+00:00,DION_001,5160,0.8825268862083533,SIMULATED,NORMAL
2026-06-17T18:15:04.494191+00:00,DION_001,5161,0.8209908583596572,SIMULATED,NORMAL
2026-06-17T18:15:04.504835+00:00,DION_001,5162,0.7961743905475908,SIMULATED,NORMAL
2026-06-17T18:15:04.515408+00:00,DION_001,5163,0.47741182483908384,SIMULATED,NORMAL
2026-06-17T18:15:04.526092+00:00,DION_001,5164,0.5708215377774581,SIMULATED,NORMAL
2026-06-17T18:15:04.536725+00:00,DION_001,5165,0.5487620382536442,SIMULATED,NORMAL
2026-06-17T18:15:04.547250+00:00,DION_001,5166,0.7986213638291256,SIMULATED,NORMAL
2026-06-17T18:15:04.557852+00:00,DION_001,5167,0.47439053193308006,SIMULATED,NORMAL
2026-06-17T18:15:04.568374+00:00,DION_001,5168,0.4132490826823553,SIMULATED,NORMAL
2026-06-17T18:15:04.579130+00:00,DION_001,5169,0.6534476445296977,SIMULATED,NORMAL
2026-06-17T18:15:04.589699+00:00,DION_001,5170,0.6680193849383013,SIMULATED,NORMAL
2026-06-17T18:15:04.600126+00:00,DION_001,5171,0.7256182879567187,SIMULATED,NORMAL
2026-06-17T18:15:04.610702+00:00,DION_001,5172,0.5399329620144029,SIMULATED,NORMAL
2026-06-17T18:15:04.621250+00:00,DION_001,5173,0.44043548046321573,SIMULATED,NORMAL
2026-06-17T18:15:04.631802+00:00,DION_001,5174,0.47785018555422476,SIMULATED,NORMAL
2026-06-17T18:15:04.642703+00:00,DION_001,5175,0.42998322170677733,SIMULATED,NORMAL
2026-06-17T18:15:04.653217+00:00,DION_001,5176,0.6246936102118394,SIMULATED,NORMAL
2026-06-17T18:15:04.663752+00:00,DION_001,5177,0.23705180228045628,SIMULATED,NORMAL
2026-06-17T18:15:04.674289+00:00,DION_001,5178,0.4162589832068872,SIMULATED,NORMAL
2026-06-17T18:15:04.684927+00:00,DION_001,5179,0.4536909479415894,SIMULATED,NORMAL
2026-06-17T18:15:04.695521+00:00,DION_001,5180,0.48000988115654686,SIMULATED,NORMAL
2026-06-17T18:15:04.706070+00:00,DION_001,5181,0.5000601286798745,SIMULATED,NORMAL
2026-06-17T18:15:04.716714+00:00,DION_001,5182,0.5952321526858808,SIMULATED,NORMAL
2026-06-17T18:15:04.727373+00:00,DION_001,5183,0.28281349543615386,SIMULATED,NORMAL
2026-06-17T18:15:04.737881+00:00,DION_001,5184,0.3006972350242791,SIMULATED,NORMAL
2026-06-17T18:15:04.748368+00:00,DION_001,5185,0.3625618073139044,SIMULATED,NORMAL
2026-06-17T18:15:04.758997+00:00,DION_001,5186,0.3426369951617438,SIMULATED,NORMAL
2026-06-17T18:15:04.769545+00:00,DION_001,5187,0.1435591971342152,SIMULATED,NORMAL
2026-06-17T18:15:04.780134+00:00,DION_001,5188,0.3922629736434962,SIMULATED,NORMAL
2026-06-17T18:15:04.790693+00:00,DION_001,5189,0.4250387006569938,SIMULATED,NORMAL
2026-06-17T18:15:04.801220+00:00,DION_001,5190,0.3310936427936021,SIMULATED,NORMAL
2026-06-17T18:15:04.811774+00:00,DION_001,5191,0.08367806681705253,SIMULATED,NORMAL
2026-06-17T18:15:04.822300+00:00,DION_001,5192,0.2798225536848863,SIMULATED,NORMAL
2026-06-17T18:15:04.832856+00:00,DION_001,5193,0.38177447004178,SIMULATED,NORMAL
2026-06-17T18:15:04.843638+00:00,DION_001,5194,0.578583658639027,SIMULATED,NORMAL
2026-06-17T18:15:04.854184+00:00,DION_001,5195,0.37026549729899294,SIMULATED,NORMAL
2026-06-17T18:15:04.864772+00:00,DION_001,5196,0.5135969851459189,SIMULATED,NORMAL
2026-06-17T18:15:04.875401+00:00,DION_001,5197,0.6291128027872993,SIMULATED,NORMAL
2026-06-17T18:15:04.885991+00:00,DION_001,5198,0.07770819587994865,SIMULATED,NORMAL
2026-06-17T18:15:04.896698+00:00,DION_001,5199,0.28174426250749485,SIMULATED,NORMAL
2026-06-17T18:15:04.907399+00:00,DION_001,5200,0.6663414314720532,SIMULATED,NORMAL
2026-06-17T18:15:04.918076+00:00,DION_001,5201,0.7562820261522859,SIMULATED,NORMAL
2026-06-17T18:15:04.928698+00:00,DION_001,5202,0.5339741158904092,SIMULATED,NORMAL
2026-06-17T18:15:04.939297+00:00,DION_001,5203,0.4962411757375559,SIMULATED,NORMAL
2026-06-17T18:15:04.949900+00:00,DION_001,5204,0.5920018009843733,SIMULATED,NORMAL
2026-06-17T18:15:04.960841+00:00,DION_001,5205,0.6586728780720245,SIMULATED,NORMAL
2026-06-17T18:15:04.971411+00:00,DION_001,5206,0.7360750179780046,SIMULATED,NORMAL
2026-06-17T18:15:04.982008+00:00,DION_001,5207,0.34328326140912463,SIMULATED,NORMAL
2026-06-17T18:15:04.992767+00:00,DION_001,5208,0.8582666923157645,SIMULATED,NORMAL
2026-06-17T18:15:05.003236+00:00,DION_001,5209,0.8048850545970035,SIMULATED,NORMAL
2026-06-17T18:15:05.013863+00:00,DION_001,5210,0.8382833121133475,SIMULATED,NORMAL
2026-06-17T18:15:05.024695+00:00,DION_001,5211,0.8858570045105133,SIMULATED,NORMAL
2026-06-17T18:15:05.035210+00:00,DION_001,5212,0.8967044765928179,SIMULATED,NORMAL
2026-06-17T18:15:05.045805+00:00,DION_001,5213,0.9508789231341298,SIMULATED,NORMAL
2026-06-17T18:15:05.056465+00:00,DION_001,5214,0.9209570285705823,SIMULATED,NORMAL
2026-06-17T18:15:05.067133+00:00,DION_001,5215,0.9525895300341567,SIMULATED,NORMAL
2026-06-17T18:15:05.077856+00:00,DION_001,5216,0.9819190134266652,SIMULATED,NORMAL
2026-06-17T18:15:05.088429+00:00,DION_001,5217,0.7456668810478904,SIMULATED,NORMAL
2026-06-17T18:15:05.099108+00:00,DION_001,5218,1.1220996810750576,SIMULATED,NORMAL
2026-06-17T18:15:05.109910+00:00,DION_001,5219,1.1097268418114203,SIMULATED,NORMAL
2026-06-17T18:15:05.120450+00:00,DION_001,5220,1.2129026443192343,SIMULATED,NORMAL
2026-06-17T18:15:05.131053+00:00,DION_001,5221,1.1261265174945256,SIMULATED,NORMAL
2026-06-17T18:15:05.141517+00:00,DION_001,5222,1.3451850689748652,SIMULATED,NORMAL
2026-06-17T18:15:05.152000+00:00,DION_001,5223,1.1298098063951003,SIMULATED,NORMAL
2026-06-17T18:15:05.162717+00:00,DION_001,5224,1.1126564006745698,SIMULATED,NORMAL
2026-06-17T18:15:05.173210+00:00,DION_001,5225,0.9727494564189186,SIMULATED,NORMAL
2026-06-17T18:15:05.183724+00:00,DION_001,5226,1.319443628926163,SIMULATED,NORMAL
2026-06-17T18:15:05.194269+00:00,DION_001,5227,1.1993916023854856,SIMULATED,NORMAL
2026-06-17T18:15:05.204897+00:00,DION_001,5228,1.1877038339299684,SIMULATED,NORMAL
2026-06-17T18:15:05.215598+00:00,DION_001,5229,1.1610485551977225,SIMULATED,NORMAL
2026-06-17T18:15:05.226476+00:00,DION_001,5230,1.0568471494806213,SIMULATED,NORMAL
2026-06-17T18:15:05.236862+00:00,DION_001,5231,1.4381888229053017,SIMULATED,NORMAL
2026-06-17T18:15:05.247399+00:00,DION_001,5232,1.3236463086597507,SIMULATED,NORMAL
2026-06-17T18:15:05.257712+00:00,DION_001,5233,0.9800009723943449,SIMULATED,NORMAL
2026-06-17T18:15:05.268039+00:00,DION_001,5234,1.180032285596207,SIMULATED,NORMAL
2026-06-17T18:15:05.278379+00:00,DION_001,5235,0.9167287237883496,SIMULATED,NORMAL
2026-06-17T18:15:05.288880+00:00,DION_001,5236,1.0328051803875258,SIMULATED,NORMAL
2026-06-17T18:15:05.299184+00:00,DION_001,5237,1.1481660110420608,SIMULATED,NORMAL
2026-06-17T18:15:05.309650+00:00,DION_001,5238,1.017469239306181,SIMULATED,NORMAL
2026-06-17T18:15:05.320121+00:00,DION_001,5239,0.839674146324534,SIMULATED,NORMAL
2026-06-17T18:15:05.330646+00:00,DION_001,5240,1.0222241094698543,SIMULATED,NORMAL
2026-06-17T18:15:05.341173+00:00,DION_001,5241,0.6830131506254208,SIMULATED,NORMAL
2026-06-17T18:15:05.351714+00:00,DION_001,5242,0.8818605445701978,SIMULATED,NORMAL
2026-06-17T18:15:05.362264+00:00,DION_001,5243,1.1122685476490772,SIMULATED,NORMAL
2026-06-17T18:15:05.372731+00:00,DION_001,5244,1.0824969904848212,SIMULATED,NORMAL
2026-06-17T18:15:05.383178+00:00,DION_001,5245,0.9568470235605138,SIMULATED,NORMAL
2026-06-17T18:15:05.393620+00:00,DION_001,5246,0.46394517946903335,SIMULATED,NORMAL
2026-06-17T18:15:05.403975+00:00,DION_001,5247,0.8000408775333137,SIMULATED,NORMAL
2026-06-17T18:15:05.414391+00:00,DION_001,5248,0.7729315945636386,SIMULATED,NORMAL
2026-06-17T18:15:05.424807+00:00,DION_001,5249,0.5566261245303008,SIMULATED,NORMAL
2026-06-17T18:15:05.435196+00:00,DION_001,5250,0.39568545002030064,SIMULATED,NORMAL
2026-06-17T18:15:05.445775+00:00,DION_001,5251,0.4498904280610153,SIMULATED,NORMAL
2026-06-17T18:15:05.456124+00:00,DION_001,5252,0.3072023684253361,SIMULATED,NORMAL
2026-06-17T18:15:05.466437+00:00,DION_001,5253,0.3289849856687166,SIMULATED,NORMAL
2026-06-17T18:15:05.476700+00:00,DION_001,5254,0.5746151245427102,SIMULATED,NORMAL
2026-06-17T18:15:05.486999+00:00,DION_001,5255,0.6323007833822231,SIMULATED,NORMAL
2026-06-17T18:15:05.497557+00:00,DION_001,5256,0.39872307942511964,SIMULATED,NORMAL
2026-06-17T18:15:05.508034+00:00,DION_001,5257,0.2145408259939719,SIMULATED,NORMAL
2026-06-17T18:15:05.518688+00:00,DION_001,5258,0.32360302802678304,SIMULATED,NORMAL
2026-06-17T18:15:05.529495+00:00,DION_001,5259,0.32766277285044637,SIMULATED,NORMAL
2026-06-17T18:15:05.539940+00:00,DION_001,5260,0.25182226371879507,SIMULATED,NORMAL
2026-06-17T18:15:05.550408+00:00,DION_001,5261,0.12560262285613183,SIMULATED,NORMAL
2026-06-17T18:15:05.560888+00:00,DION_001,5262,0.2467064396876208,SIMULATED,NORMAL
2026-06-17T18:15:05.571344+00:00,DION_001,5263,0.23970156855548158,SIMULATED,NORMAL
2026-06-17T18:15:05.581960+00:00,DION_001,5264,0.21632741452337675,SIMULATED,NORMAL
2026-06-17T18:15:05.592439+00:00,DION_001,5265,0.2843894069751992,SIMULATED,NORMAL
2026-06-17T18:15:05.603152+00:00,DION_001,5266,0.15635826972825356,SIMULATED,NORMAL
2026-06-17T18:15:05.613654+00:00,DION_001,5267,0.020942319535362228,SIMULATED,NORMAL
2026-06-17T18:15:05.624119+00:00,DION_001,5268,0.06232581902969164,SIMULATED,NORMAL
2026-06-17T18:15:05.634610+00:00,DION_001,5269,0.003368407146851861,SIMULATED,NORMAL
2026-06-17T18:15:05.645255+00:00,DION_001,5270,-0.12519156730262057,SIMULATED,NORMAL
2026-06-17T18:15:05.655819+00:00,DION_001,5271,0.08628062435215036,SIMULATED,NORMAL
2026-06-17T18:15:05.666372+00:00,DION_001,5272,-0.14305482378909962,SIMULATED,NORMAL
2026-06-17T18:15:05.677098+00:00,DION_001,5273,-0.20009013028086023,SIMULATED,NORMAL
2026-06-17T18:15:05.687738+00:00,DION_001,5274,-0.01036265130228525,SIMULATED,NORMAL
2026-06-17T18:15:05.698311+00:00,DION_001,5275,-0.10694125229287946,SIMULATED,NORMAL
2026-06-17T18:15:05.708971+00:00,DION_001,5276,-0.23180549924267563,SIMULATED,NORMAL
2026-06-17T18:15:05.719588+00:00,DION_001,5277,-2.085395861105962,SIMULATED,EVENT_DETECTED
2026-06-17T18:15:05.730637+00:00,DION_001,5278,0.17158088179031386,SIMULATED,NORMAL
2026-06-17T18:15:05.741325+00:00,DION_001,5279,0.186811798988323,SIMULATED,NORMAL
2026-06-17T18:15:05.751938+00:00,DION_001,5280,0.16463783097802925,SIMULATED,NORMAL
2026-06-17T18:15:05.762528+00:00,DION_001,5281,-0.028682268048146345,SIMULATED,NORMAL
2026-06-17T18:15:05.773199+00:00,DION_001,5282,0.06125639870711775,SIMULATED,NORMAL
2026-06-17T18:15:05.783661+00:00,DION_001,5283,0.12128351265517154,SIMULATED,NORMAL
2026-06-17T18:15:05.794242+00:00,DION_001,5284,0.28644205886712076,SIMULATED,NORMAL
2026-06-17T18:15:05.804925+00:00,DION_001,5285,0.1913407901729127,SIMULATED,NORMAL
2026-06-17T18:15:05.815524+00:00,DION_001,5286,0.2697536520866255,SIMULATED,NORMAL
2026-06-17T18:15:05.826150+00:00,DION_001,5287,0.17224274393454342,SIMULATED,NORMAL
2026-06-17T18:15:05.837017+00:00,DION_001,5288,0.17340126079221083,SIMULATED,NORMAL
2026-06-17T18:15:05.847632+00:00,DION_001,5289,0.10454711117325213,SIMULATED,NORMAL
2026-06-17T18:15:05.858205+00:00,DION_001,5290,0.37879270040590396,SIMULATED,NORMAL
2026-06-17T18:15:05.868783+00:00,DION_001,5291,0.3001562621285496,SIMULATED,NORMAL
2026-06-17T18:15:05.879368+00:00,DION_001,5292,0.27715902302383955,SIMULATED,NORMAL
2026-06-17T18:15:05.890081+00:00,DION_001,5293,0.39937875244831655,SIMULATED,NORMAL
2026-06-17T18:15:05.900670+00:00,DION_001,5294,0.17481434917103136,SIMULATED,NORMAL
2026-06-17T18:15:05.911452+00:00,DION_001,5295,0.5517893087817483,SIMULATED,NORMAL
2026-06-17T18:15:05.922039+00:00,DION_001,5296,0.07973854060151386,SIMULATED,NORMAL
2026-06-17T18:15:05.932630+00:00,DION_001,5297,0.19119668358172265,SIMULATED,NORMAL
2026-06-17T18:15:05.943276+00:00,DION_001,5298,0.5515985104649838,SIMULATED,NORMAL
2026-06-17T18:15:05.953873+00:00,DION_001,5299,0.35344695873524484,SIMULATED,NORMAL
2026-06-17T18:15:05.967614+00:00,DION_001,5300,0.20614793544274468,SIMULATED,NORMAL
2026-06-17T18:15:05.978403+00:00,DION_001,5301,0.3785074202483901,SIMULATED,NORMAL
2026-06-17T18:15:05.989016+00:00,DION_001,5302,0.5654234121114914,SIMULATED,NORMAL
2026-06-17T18:15:05.999750+00:00,DION_001,5303,0.5305041278422695,SIMULATED,NORMAL
2026-06-17T18:15:06.010320+00:00,DION_001,5304,0.3321913156039738,SIMULATED,NORMAL
2026-06-17T18:15:06.020849+00:00,DION_001,5305,0.39853013258112063,SIMULATED,NORMAL
2026-06-17T18:15:06.031509+00:00,DION_001,5306,0.29543329650769035,SIMULATED,NORMAL
2026-06-17T18:15:06.042190+00:00,DION_001,5307,0.24817587529330937,SIMULATED,NORMAL
2026-06-17T18:15:06.052869+00:00,DION_001,5308,0.279246506552625,SIMULATED,NORMAL
2026-06-17T18:15:06.063797+00:00,DION_001,5309,0.4022636754232148,SIMULATED,NORMAL
2026-06-17T18:15:06.074528+00:00,DION_001,5310,0.12954023676435514,SIMULATED,NORMAL
2026-06-17T18:15:06.085110+00:00,DION_001,5311,0.5211850341822927,SIMULATED,NORMAL
2026-06-17T18:15:06.095693+00:00,DION_001,5312,0.34547642294292685,SIMULATED,NORMAL
2026-06-17T18:15:06.106075+00:00,DION_001,5313,0.39869976432600046,SIMULATED,NORMAL
2026-06-17T18:15:06.116536+00:00,DION_001,5314,0.031659938057533754,SIMULATED,NORMAL
2026-06-17T18:15:06.127086+00:00,DION_001,5315,0.5205546601359885,SIMULATED,NORMAL
2026-06-17T18:15:06.137445+00:00,DION_001,5316,0.14430139036415002,SIMULATED,NORMAL
2026-06-17T18:15:06.147999+00:00,DION_001,5317,0.1519817394382805,SIMULATED,NORMAL
2026-06-17T18:15:06.158480+00:00,DION_001,5318,-0.015936244121237675,SIMULATED,NORMAL
2026-06-17T18:15:06.169043+00:00,DION_001,5319,0.06594187593264378,SIMULATED,NORMAL
2026-06-17T18:15:06.179686+00:00,DION_001,5320,-0.11304759334520263,SIMULATED,NORMAL
2026-06-17T18:15:06.190413+00:00,DION_001,5321,-0.2593166125953603,SIMULATED,NORMAL
2026-06-17T18:15:06.200776+00:00,DION_001,5322,0.19055684177142576,SIMULATED,NORMAL
2026-06-17T18:15:06.211465+00:00,DION_001,5323,-0.17913318554599728,SIMULATED,NORMAL
2026-06-17T18:15:06.222143+00:00,DION_001,5324,-0.3030271839584736,SIMULATED,NORMAL
2026-06-17T18:15:06.232824+00:00,DION_001,5325,-0.16240336365224012,SIMULATED,NORMAL
2026-06-17T18:15:06.243522+00:00,DION_001,5326,-0.25719929522906915,SIMULATED,NORMAL
2026-06-17T18:15:06.254122+00:00,DION_001,5327,-0.22263291466410856,SIMULATED,NORMAL
2026-06-17T18:15:06.264707+00:00,DION_001,5328,-0.3069483796489279,SIMULATED,NORMAL
2026-06-17T18:15:06.275322+00:00,DION_001,5329,-0.3979618502844796,SIMULATED,NORMAL
2026-06-17T18:15:06.285906+00:00,DION_001,5330,-0.43381458988191374,SIMULATED,NORMAL
2026-06-17T18:15:06.296459+00:00,DION_001,5331,-0.6860641777467792,SIMULATED,NORMAL
2026-06-17T18:15:06.307113+00:00,DION_001,5332,-0.3974389336834997,SIMULATED,NORMAL
2026-06-17T18:15:06.317564+00:00,DION_001,5333,-0.38885303713398295,SIMULATED,NORMAL
2026-06-17T18:15:06.328090+00:00,DION_001,5334,-0.7612891595167617,SIMULATED,NORMAL
2026-06-17T18:15:06.338622+00:00,DION_001,5335,-0.7586569873875183,SIMULATED,NORMAL
2026-06-17T18:15:06.349120+00:00,DION_001,5336,-0.5893827122814856,SIMULATED,NORMAL
2026-06-17T18:15:06.363063+00:00,DION_001,5337,-0.9685902332664884,SIMULATED,NORMAL
2026-06-17T18:15:06.373383+00:00,DION_001,5338,-2.658858159374322,SIMULATED,EVENT_DETECTED
2026-06-17T18:15:06.384040+00:00,DION_001,5339,-0.8323610322210083,SIMULATED,NORMAL
2026-06-17T18:15:06.394393+00:00,DION_001,5340,-0.5812880041750759,SIMULATED,NORMAL
2026-06-17T18:15:06.404766+00:00,DION_001,5341,-0.6042455817553359,SIMULATED,NORMAL
2026-06-17T18:15:06.415272+00:00,DION_001,5342,-1.0440281579700328,SIMULATED,NORMAL
2026-06-17T18:15:06.425666+00:00,DION_001,5343,-0.7038810316479168,SIMULATED,NORMAL
2026-06-17T18:15:06.436155+00:00,DION_001,5344,-0.7811458810166995,SIMULATED,NORMAL
2026-06-17T18:15:06.446642+00:00,DION_001,5345,-0.6521648017160642,SIMULATED,NORMAL
2026-06-17T18:15:06.456968+00:00,DION_001,5346,-1.0497025976139127,SIMULATED,NORMAL
2026-06-17T18:15:06.467381+00:00,DION_001,5347,-0.8826493563786043,SIMULATED,NORMAL
2026-06-17T18:15:06.477941+00:00,DION_001,5348,-0.9763864451522221,SIMULATED,NORMAL
2026-06-17T18:15:06.488662+00:00,DION_001,5349,-0.8085213736004893,SIMULATED,NORMAL
2026-06-17T18:15:06.499306+00:00,DION_001,5350,-1.0157329268947162,SIMULATED,NORMAL
2026-06-17T18:15:06.509764+00:00,DION_001,5351,-0.9899377950273727,SIMULATED,NORMAL
2026-06-17T18:15:06.520273+00:00,DION_001,5352,-1.0682803526555067,SIMULATED,NORMAL
2026-06-17T18:15:06.530695+00:00,DION_001,5353,-0.7637619324600646,SIMULATED,NORMAL
2026-06-17T18:15:06.541136+00:00,DION_001,5354,1.7911889705430974,SIMULATED,NORMAL
2026-06-17T18:15:06.551563+00:00,DION_001,5355,-0.9392887023426004,SIMULATED,NORMAL
2026-06-17T18:15:06.561899+00:00,DION_001,5356,-0.7046368576123763,SIMULATED,NORMAL
2026-06-17T18:15:06.572167+00:00,DION_001,5357,-0.5986364533192732,SIMULATED,NORMAL
2026-06-17T18:15:06.582863+00:00,DION_001,5358,-0.8762575551914102,SIMULATED,NORMAL
2026-06-17T18:15:06.593572+00:00,DION_001,5359,-0.5998933284449747,SIMULATED,NORMAL
2026-06-17T18:15:06.604049+00:00,DION_001,5360,-0.9149775742950801,SIMULATED,NORMAL
2026-06-17T18:15:06.614563+00:00,DION_001,5361,-0.635528913536574,SIMULATED,NORMAL
2026-06-17T18:15:06.625214+00:00,DION_001,5362,-0.7620770371836582,SIMULATED,NORMAL
2026-06-17T18:15:06.635728+00:00,DION_001,5363,-1.008634929493872,SIMULATED,NORMAL
2026-06-17T18:15:06.646330+00:00,DION_001,5364,-0.6726782413054729,SIMULATED,NORMAL
2026-06-17T18:15:06.656795+00:00,DION_001,5365,-0.7664867852233426,SIMULATED,NORMAL
2026-06-17T18:15:06.667329+00:00,DION_001,5366,-0.7282163897253757,SIMULATED,NORMAL
2026-06-17T18:15:06.677946+00:00,DION_001,5367,-0.4267319487020224,SIMULATED,NORMAL
2026-06-17T18:15:06.688512+00:00,DION_001,5368,-0.616402959375506,SIMULATED,NORMAL
2026-06-17T18:15:06.699252+00:00,DION_001,5369,-0.6217547259106695,SIMULATED,NORMAL
2026-06-17T18:15:06.710065+00:00,DION_001,5370,-0.5126731125474191,SIMULATED,NORMAL
2026-06-17T18:15:06.720678+00:00,DION_001,5371,-0.602799118430605,SIMULATED,NORMAL
2026-06-17T18:15:06.731275+00:00,DION_001,5372,-3.546099793157719,SIMULATED,EVENT_DETECTED
2026-06-17T18:15:06.742096+00:00,DION_001,5373,-0.550219247977593,SIMULATED,NORMAL
2026-06-17T18:15:06.752656+00:00,DION_001,5374,-0.6310242436174892,SIMULATED,NORMAL
2026-06-17T18:15:06.763433+00:00,DION_001,5375,-0.6811010797561876,SIMULATED,NORMAL
2026-06-17T18:15:06.774039+00:00,DION_001,5376,-0.30809106746410875,SIMULATED,NORMAL
2026-06-17T18:15:06.784727+00:00,DION_001,5377,-0.5306187220132115,SIMULATED,NORMAL
2026-06-17T18:15:06.795488+00:00,DION_001,5378,-0.35641473223231956,SIMULATED,NORMAL
2026-06-17T18:15:06.806108+00:00,DION_001,5379,-0.24938638932150306,SIMULATED,NORMAL
2026-06-17T18:15:06.816673+00:00,DION_001,5380,-2.744060013675369,SIMULATED,EVENT_DETECTED
2026-06-17T18:15:06.828375+00:00,DION_001,5381,-0.14592482702880452,SIMULATED,NORMAL
2026-06-17T18:15:06.839071+00:00,DION_001,5382,-0.489531363813131,SIMULATED,NORMAL
2026-06-17T18:15:06.849708+00:00,DION_001,5383,-0.5980367201616237,SIMULATED,NORMAL
2026-06-17T18:15:06.860526+00:00,DION_001,5384,-0.5074344315936791,SIMULATED,NORMAL
2026-06-17T18:15:06.871143+00:00,DION_001,5385,-0.36680488651347853,SIMULATED,NORMAL
2026-06-17T18:15:06.881737+00:00,DION_001,5386,-2.123132222338077,SIMULATED,EVENT_DETECTED
2026-06-17T18:15:06.892541+00:00,DION_001,5387,-0.4893780179963288,SIMULATED,NORMAL
2026-06-17T18:15:06.903265+00:00,DION_001,5388,-0.1871907115385221,SIMULATED,NORMAL
2026-06-17T18:15:06.913850+00:00,DION_001,5389,-0.5430341546646461,SIMULATED,NORMAL
2026-06-17T18:15:06.924653+00:00,DION_001,5390,-0.4020908957783277,SIMULATED,NORMAL
2026-06-17T18:15:06.935116+00:00,DION_001,5391,-0.49676399368465873,SIMULATED,NORMAL
2026-06-17T18:15:06.945597+00:00,DION_001,5392,-0.3206369647081906,SIMULATED,NORMAL
2026-06-17T18:15:06.956184+00:00,DION_001,5393,-0.4993484855526327,SIMULATED,NORMAL
2026-06-17T18:15:06.966690+00:00,DION_001,5394,-0.5408103119758743,SIMULATED,NORMAL
2026-06-17T18:15:06.977229+00:00,DION_001,5395,-0.31942705162562407,SIMULATED,NORMAL
2026-06-17T18:15:06.987717+00:00,DION_001,5396,-0.4137033390104704,SIMULATED,NORMAL
2026-06-17T18:15:06.998143+00:00,DION_001,5397,-0.4001826408815956,SIMULATED,NORMAL
2026-06-17T18:15:07.008811+00:00,DION_001,5398,-0.3236318652211209,SIMULATED,NORMAL
2026-06-17T18:15:07.019414+00:00,DION_001,5399,-0.5393418974031892,SIMULATED,NORMAL
2026-06-17T18:15:07.030175+00:00,DION_001,5400,-0.8302908981925303,SIMULATED,NORMAL
2026-06-17T18:15:07.040609+00:00,DION_001,5401,-0.6413127088676217,SIMULATED,NORMAL
2026-06-17T18:15:07.051176+00:00,DION_001,5402,-0.3312754270213347,SIMULATED,NORMAL
2026-06-17T18:15:07.061984+00:00,DION_001,5403,-0.8713659434060694,SIMULATED,NORMAL
2026-06-17T18:15:07.072654+00:00,DION_001,5404,-0.648452163941702,SIMULATED,NORMAL
2026-06-17T18:15:07.083313+00:00,DION_001,5405,-0.8449103171770255,SIMULATED,NORMAL
2026-06-17T18:15:07.093901+00:00,DION_001,5406,-0.3100657217892966,SIMULATED,NORMAL
2026-06-17T18:15:07.104295+00:00,DION_001,5407,-0.7712952793156261,SIMULATED,NORMAL
2026-06-17T18:15:07.114825+00:00,DION_001,5408,-0.8620243535301048,SIMULATED,NORMAL
2026-06-17T18:15:07.125541+00:00,DION_001,5409,-0.8083147105735321,SIMULATED,NORMAL
2026-06-17T18:15:07.136054+00:00,DION_001,5410,-0.8550490388338189,SIMULATED,NORMAL
2026-06-17T18:15:07.146701+00:00,DION_001,5411,-1.0440035916235917,SIMULATED,NORMAL
2026-06-17T18:15:07.157382+00:00,DION_001,5412,-0.9537246372971653,SIMULATED,NORMAL
2026-06-17T18:15:07.167879+00:00,DION_001,5413,-0.9592695191211413,SIMULATED,NORMAL
2026-06-17T18:15:07.178476+00:00,DION_001,5414,-1.1557728975294994,SIMULATED,NORMAL
2026-06-17T18:15:07.188958+00:00,DION_001,5415,-1.18012597305712,SIMULATED,NORMAL
2026-06-17T18:15:07.199448+00:00,DION_001,5416,-1.1657068056382347,SIMULATED,NORMAL
2026-06-17T18:15:07.210066+00:00,DION_001,5417,-1.1808417283592532,SIMULATED,NORMAL
2026-06-17T18:15:07.220651+00:00,DION_001,5418,-0.926538332169573,SIMULATED,NORMAL
2026-06-17T18:15:07.231249+00:00,DION_001,5419,-0.942900417488816,SIMULATED,NORMAL
2026-06-17T18:15:07.241794+00:00,DION_001,5420,-1.3459468758089583,SIMULATED,NORMAL
2026-06-17T18:15:07.252314+00:00,DION_001,5421,-1.0276441835920669,SIMULATED,NORMAL
2026-06-17T18:15:07.262945+00:00,DION_001,5422,-1.1404522724822865,SIMULATED,NORMAL
2026-06-17T18:15:07.273395+00:00,DION_001,5423,-1.083857954947133,SIMULATED,NORMAL
2026-06-17T18:15:07.283819+00:00,DION_001,5424,-1.0130730678578916,SIMULATED,NORMAL
2026-06-17T18:15:07.294116+00:00,DION_001,5425,-1.1382006892267922,SIMULATED,NORMAL
2026-06-17T18:15:07.304402+00:00,DION_001,5426,-1.1014084476735573,SIMULATED,NORMAL
2026-06-17T18:15:07.314862+00:00,DION_001,5427,-1.1376988733370328,SIMULATED,NORMAL
2026-06-17T18:15:07.325466+00:00,DION_001,5428,-1.0855802238854007,SIMULATED,NORMAL
2026-06-17T18:15:07.336064+00:00,DION_001,5429,-1.4352434020206175,SIMULATED,NORMAL
2026-06-17T18:15:07.346676+00:00,DION_001,5430,-1.1219312235142536,SIMULATED,NORMAL
2026-06-17T18:15:07.357308+00:00,DION_001,5431,-1.1186219189967337,SIMULATED,NORMAL
2026-06-17T18:15:07.367769+00:00,DION_001,5432,-1.2415143570583607,SIMULATED,NORMAL
2026-06-17T18:15:07.378275+00:00,DION_001,5433,-0.9716934432484967,SIMULATED,NORMAL
2026-06-17T18:15:07.388720+00:00,DION_001,5434,-1.1091817953058452,SIMULATED,NORMAL
2026-06-17T18:15:07.399003+00:00,DION_001,5435,-0.7567453746831547,SIMULATED,NORMAL
2026-06-17T18:15:07.409278+00:00,DION_001,5436,-0.6529786606206156,SIMULATED,NORMAL
2026-06-17T18:15:07.419723+00:00,DION_001,5437,-1.004739162785535,SIMULATED,NORMAL
2026-06-17T18:15:07.430312+00:00,DION_001,5438,-0.4128165894055879,SIMULATED,NORMAL
2026-06-17T18:15:07.440837+00:00,DION_001,5439,-0.9167668325821656,SIMULATED,NORMAL
2026-06-17T18:15:07.451472+00:00,DION_001,5440,-0.7958575375848813,SIMULATED,NORMAL
2026-06-17T18:15:07.462160+00:00,DION_001,5441,-0.49071129078953946,SIMULATED,NORMAL
2026-06-17T18:15:07.472722+00:00,DION_001,5442,-0.7962180317813996,SIMULATED,NORMAL
2026-06-17T18:15:07.483419+00:00,DION_001,5443,-0.8921756524459857,SIMULATED,NORMAL
2026-06-17T18:15:07.493917+00:00,DION_001,5444,-0.6597659624904213,SIMULATED,NORMAL
2026-06-17T18:15:07.504677+00:00,DION_001,5445,-0.7030537251976122,SIMULATED,NORMAL
2026-06-17T18:15:07.515361+00:00,DION_001,5446,-0.4487028518268864,SIMULATED,NORMAL
2026-06-17T18:15:07.526012+00:00,DION_001,5447,-0.4549401073734772,SIMULATED,NORMAL
2026-06-17T18:15:07.536793+00:00,DION_001,5448,-0.5042000083716935,SIMULATED,NORMAL
2026-06-17T18:15:07.547383+00:00,DION_001,5449,-0.28031552154433237,SIMULATED,NORMAL
2026-06-17T18:15:07.557921+00:00,DION_001,5450,-0.4086937778303351,SIMULATED,NORMAL
2026-06-17T18:15:07.568376+00:00,DION_001,5451,-0.3312565140742077,SIMULATED,NORMAL
2026-06-17T18:15:07.578954+00:00,DION_001,5452,-0.37526642702781293,SIMULATED,NORMAL
2026-06-17T18:15:07.589424+00:00,DION_001,5453,-0.5080648577297522,SIMULATED,NORMAL
2026-06-17T18:15:07.599898+00:00,DION_001,5454,-0.2966226370497098,SIMULATED,NORMAL
2026-06-17T18:15:07.610313+00:00,DION_001,5455,-0.3639245862534005,SIMULATED,NORMAL
2026-06-17T18:15:07.620660+00:00,DION_001,5456,0.030826572015119263,SIMULATED,NORMAL
2026-06-17T18:15:07.631046+00:00,DION_001,5457,-0.2155370679198626,SIMULATED,NORMAL
2026-06-17T18:15:07.641604+00:00,DION_001,5458,-0.17045302332429663,SIMULATED,NORMAL
2026-06-17T18:15:07.652016+00:00,DION_001,5459,-0.0372617032136532,SIMULATED,NORMAL
2026-06-17T18:15:07.662352+00:00,DION_001,5460,-0.3914477420862738,SIMULATED,NORMAL
2026-06-17T18:15:07.672853+00:00,DION_001,5461,-0.1488646099824228,SIMULATED,NORMAL
2026-06-17T18:15:07.683352+00:00,DION_001,5462,-0.2591614766410284,SIMULATED,NORMAL
2026-06-17T18:15:07.693876+00:00,DION_001,5463,0.43902541131498707,SIMULATED,NORMAL
2026-06-17T18:15:07.704456+00:00,DION_001,5464,0.1782016783924291,SIMULATED,NORMAL
2026-06-17T18:15:07.715206+00:00,DION_001,5465,-0.021647750662003265,SIMULATED,NORMAL
2026-06-17T18:15:07.725771+00:00,DION_001,5466,-0.03070146899797381,SIMULATED,NORMAL
2026-06-17T18:15:07.736396+00:00,DION_001,5467,-0.3112525255438885,SIMULATED,NORMAL
2026-06-17T18:15:07.747106+00:00,DION_001,5468,0.27022281883731025,SIMULATED,NORMAL
2026-06-17T18:15:07.757695+00:00,DION_001,5469,0.3783408290599867,SIMULATED,NORMAL
2026-06-17T18:15:07.768326+00:00,DION_001,5470,0.17474025639702465,SIMULATED,NORMAL
2026-06-17T18:15:07.779075+00:00,DION_001,5471,-0.1372844934154089,SIMULATED,NORMAL
2026-06-17T18:15:07.789658+00:00,DION_001,5472,-0.10801330948920654,SIMULATED,NORMAL
2026-06-17T18:15:07.800283+00:00,DION_001,5473,-0.0049671823980103474,SIMULATED,NORMAL
2026-06-17T18:15:07.810961+00:00,DION_001,5474,-0.215389693096856,SIMULATED,NORMAL
2026-06-17T18:15:07.821575+00:00,DION_001,5475,-0.22322068100328155,SIMULATED,NORMAL
2026-06-17T18:15:07.832179+00:00,DION_001,5476,0.18435882374445192,SIMULATED,NORMAL
2026-06-17T18:15:07.842794+00:00,DION_001,5477,0.09676957365687922,SIMULATED,NORMAL
2026-06-17T18:15:07.853409+00:00,DION_001,5478,-0.19978216227608575,SIMULATED,NORMAL
2026-06-17T18:15:07.863990+00:00,DION_001,5479,0.15794673693895328,SIMULATED,NORMAL
2026-06-17T18:15:07.874715+00:00,DION_001,5480,0.08611442030278744,SIMULATED,NORMAL
2026-06-17T18:15:07.885312+00:00,DION_001,5481,0.008897193213630784,SIMULATED,NORMAL
2026-06-17T18:15:07.895961+00:00,DION_001,5482,-0.05011003309729908,SIMULATED,NORMAL
2026-06-17T18:15:07.906630+00:00,DION_001,5483,-0.025488757573565432,SIMULATED,NORMAL
2026-06-17T18:15:07.917233+00:00,DION_001,5484,-0.062059126752269024,SIMULATED,NORMAL
2026-06-17T18:15:07.927894+00:00,DION_001,5485,0.12786256940577653,SIMULATED,NORMAL
2026-06-17T18:15:07.938614+00:00,DION_001,5486,0.16661013490047233,SIMULATED,NORMAL
2026-06-17T18:15:07.949207+00:00,DION_001,5487,-0.059473786673512,SIMULATED,NORMAL
2026-06-17T18:15:07.959865+00:00,DION_001,5488,-0.31053800199946213,SIMULATED,NORMAL
2026-06-17T18:15:07.970557+00:00,DION_001,5489,-0.2960240803974611,SIMULATED,NORMAL
2026-06-17T18:15:07.981165+00:00,DION_001,5490,-0.11663245564168372,SIMULATED,NORMAL
2026-06-17T18:15:07.991764+00:00,DION_001,5491,-0.056905206844556716,SIMULATED,NORMAL
2026-06-17T18:15:08.002383+00:00,DION_001,5492,-0.28384674329645054,SIMULATED,NORMAL
2026-06-17T18:15:08.013027+00:00,DION_001,5493,-0.4362574191779278,SIMULATED,NORMAL
2026-06-17T18:15:08.023652+00:00,DION_001,5494,2.360289983430569,SIMULATED,EVENT_DETECTED
2026-06-17T18:15:08.034680+00:00,DION_001,5495,-0.31202152563058444,SIMULATED,NORMAL
2026-06-17T18:15:08.045281+00:00,DION_001,5496,-0.3189885293827654,SIMULATED,NORMAL
2026-06-17T18:15:08.055860+00:00,DION_001,5497,-0.44151232018964814,SIMULATED,NORMAL
2026-06-17T18:15:08.066508+00:00,DION_001,5498,-0.347327743945377,SIMULATED,NORMAL
2026-06-17T18:15:08.077154+00:00,DION_001,5499,-0.3949592668296266,SIMULATED,NORMAL
2026-06-17T18:15:08.087781+00:00,DION_001,5500,0.012335849415963551,SIMULATED,NORMAL
2026-06-17T18:15:08.098421+00:00,DION_001,5501,-0.3489413380170294,SIMULATED,NORMAL
2026-06-17T18:15:08.109174+00:00,DION_001,5502,-0.38113569848295004,SIMULATED,NORMAL
2026-06-17T18:15:08.119843+00:00,DION_001,5503,-0.20523036671496925,SIMULATED,NORMAL
2026-06-17T18:15:08.130525+00:00,DION_001,5504,-0.3347026873706236,SIMULATED,NORMAL
2026-06-17T18:15:08.141297+00:00,DION_001,5505,-0.28688197476082045,SIMULATED,NORMAL
2026-06-17T18:15:08.151919+00:00,DION_001,5506,-0.10779351534935892,SIMULATED,NORMAL
2026-06-17T18:15:08.162524+00:00,DION_001,5507,0.11546879469532115,SIMULATED,NORMAL
2026-06-17T18:15:08.173187+00:00,DION_001,5508,-0.21819813723242062,SIMULATED,NORMAL
2026-06-17T18:15:08.183837+00:00,DION_001,5509,-0.12480634667128905,SIMULATED,NORMAL
2026-06-17T18:15:08.194481+00:00,DION_001,5510,-0.06450128243361888,SIMULATED,NORMAL
2026-06-17T18:15:08.205234+00:00,DION_001,5511,-0.12463411112734729,SIMULATED,NORMAL
2026-06-17T18:15:08.215917+00:00,DION_001,5512,-0.0321165934385602,SIMULATED,NORMAL
2026-06-17T18:15:08.226567+00:00,DION_001,5513,0.07113549726122256,SIMULATED,NORMAL
2026-06-17T18:15:08.237257+00:00,DION_001,5514,-2.8440549089707994,SIMULATED,EVENT_DETECTED
2026-06-17T18:15:08.248154+00:00,DION_001,5515,0.06938047017716828,SIMULATED,NORMAL
2026-06-17T18:15:08.258692+00:00,DION_001,5516,0.24664002250892722,SIMULATED,NORMAL
2026-06-17T18:15:08.269359+00:00,DION_001,5517,0.021418280869665837,SIMULATED,NORMAL
2026-06-17T18:15:08.280082+00:00,DION_001,5518,0.22115206082360417,SIMULATED,NORMAL
2026-06-17T18:15:08.290776+00:00,DION_001,5519,0.10456921694891347,SIMULATED,NORMAL
2026-06-17T18:15:08.301470+00:00,DION_001,5520,0.1945157339858547,SIMULATED,NORMAL
2026-06-17T18:15:08.312177+00:00,DION_001,5521,2.9275623947181715,SIMULATED,EVENT_DETECTED
2026-06-17T18:15:08.323296+00:00,DION_001,5522,0.26168876593833845,SIMULATED,NORMAL
2026-06-17T18:15:08.333989+00:00,DION_001,5523,0.3356620820425469,SIMULATED,NORMAL
2026-06-17T18:15:08.344655+00:00,DION_001,5524,0.5337722585932212,SIMULATED,NORMAL
2026-06-17T18:15:08.355337+00:00,DION_001,5525,0.45202720701844695,SIMULATED,NORMAL
2026-06-17T18:15:08.366034+00:00,DION_001,5526,0.593816717352466,SIMULATED,NORMAL
2026-06-17T18:15:08.376658+00:00,DION_001,5527,0.7494203838523249,SIMULATED,NORMAL
2026-06-17T18:15:08.387253+00:00,DION_001,5528,0.6264707125054303,SIMULATED,NORMAL
2026-06-17T18:15:08.397857+00:00,DION_001,5529,0.560594835656884,SIMULATED,NORMAL
2026-06-17T18:15:08.408508+00:00,DION_001,5530,0.5161506420400992,SIMULATED,NORMAL
2026-06-17T18:15:08.419378+00:00,DION_001,5531,0.92503300232208,SIMULATED,NORMAL
2026-06-17T18:15:08.430372+00:00,DION_001,5532,0.8091026891432109,SIMULATED,NORMAL
2026-06-17T18:15:08.440922+00:00,DION_001,5533,0.67055843974359,SIMULATED,NORMAL
2026-06-17T18:15:08.451568+00:00,DION_001,5534,0.8564596061905051,SIMULATED,NORMAL
2026-06-17T18:15:08.462235+00:00,DION_001,5535,0.7351945747271003,SIMULATED,NORMAL
2026-06-17T18:15:08.473052+00:00,DION_001,5536,0.9664937580160229,SIMULATED,NORMAL
2026-06-17T18:15:08.483665+00:00,DION_001,5537,0.8389745328583328,SIMULATED,NORMAL
2026-06-17T18:15:08.494443+00:00,DION_001,5538,0.8027956790696137,SIMULATED,NORMAL
2026-06-17T18:15:08.505103+00:00,DION_001,5539,0.8887216928635466,SIMULATED,NORMAL
2026-06-17T18:15:08.515728+00:00,DION_001,5540,0.9393178394258416,SIMULATED,NORMAL
2026-06-17T18:15:08.526318+00:00,DION_001,5541,0.7708079121948547,SIMULATED,NORMAL
2026-06-17T18:15:08.536847+00:00,DION_001,5542,1.0082655564765244,SIMULATED,NORMAL
2026-06-17T18:15:08.547452+00:00,DION_001,5543,0.9322633592450642,SIMULATED,NORMAL
2026-06-17T18:15:08.558116+00:00,DION_001,5544,0.9085764967221913,SIMULATED,NORMAL
2026-06-17T18:15:08.568803+00:00,DION_001,5545,0.8047980176113342,SIMULATED,NORMAL
2026-06-17T18:15:08.579624+00:00,DION_001,5546,1.0832325682829465,SIMULATED,NORMAL
2026-06-17T18:15:08.590260+00:00,DION_001,5547,1.0164200530281347,SIMULATED,NORMAL
2026-06-17T18:15:08.600844+00:00,DION_001,5548,1.0884432072271257,SIMULATED,NORMAL
2026-06-17T18:15:08.611484+00:00,DION_001,5549,0.8620220471867807,SIMULATED,NORMAL
2026-06-17T18:15:08.622107+00:00,DION_001,5550,1.2638693706019022,SIMULATED,NORMAL
2026-06-17T18:15:08.632669+00:00,DION_001,5551,0.8398702790952026,SIMULATED,NORMAL
2026-06-17T18:15:08.643299+00:00,DION_001,5552,1.0364059444546385,SIMULATED,NORMAL
2026-06-17T18:15:08.653821+00:00,DION_001,5553,0.9431281770182073,SIMULATED,NORMAL
2026-06-17T18:15:08.664365+00:00,DION_001,5554,1.050778227231545,SIMULATED,NORMAL
2026-06-17T18:15:08.674960+00:00,DION_001,5555,0.9487060797461788,SIMULATED,NORMAL
2026-06-17T18:15:08.685435+00:00,DION_001,5556,0.7875942937440551,SIMULATED,NORMAL
2026-06-17T18:15:08.695898+00:00,DION_001,5557,0.9067589636146113,SIMULATED,NORMAL
2026-06-17T18:15:08.706458+00:00,DION_001,5558,0.7919434070496336,SIMULATED,NORMAL
2026-06-17T18:15:08.717095+00:00,DION_001,5559,0.5910784907971356,SIMULATED,NORMAL
2026-06-17T18:15:08.727553+00:00,DION_001,5560,1.0817727070249605,SIMULATED,NORMAL
2026-06-17T18:15:08.737821+00:00,DION_001,5561,0.6357648053069567,SIMULATED,NORMAL
2026-06-17T18:15:08.748126+00:00,DION_001,5562,0.7323033157117603,SIMULATED,NORMAL
2026-06-17T18:15:08.758529+00:00,DION_001,5563,0.797643786904165,SIMULATED,NORMAL
2026-06-17T18:15:08.769070+00:00,DION_001,5564,0.5984897238333393,SIMULATED,NORMAL
2026-06-17T18:15:08.779625+00:00,DION_001,5565,0.6195555607571501,SIMULATED,NORMAL
2026-06-17T18:15:08.790254+00:00,DION_001,5566,0.5147298716851082,SIMULATED,NORMAL
2026-06-17T18:15:08.800938+00:00,DION_001,5567,0.6132212608114679,SIMULATED,NORMAL
2026-06-17T18:15:08.811577+00:00,DION_001,5568,0.761189152044016,SIMULATED,NORMAL
2026-06-17T18:15:08.822227+00:00,DION_001,5569,0.5594037944708073,SIMULATED,NORMAL
2026-06-17T18:15:08.832864+00:00,DION_001,5570,0.5173180167492282,SIMULATED,NORMAL
2026-06-17T18:15:08.843558+00:00,DION_001,5571,0.5058011853125214,SIMULATED,NORMAL
2026-06-17T18:15:08.854195+00:00,DION_001,5572,0.44179968866889385,SIMULATED,NORMAL
2026-06-17T18:15:08.864886+00:00,DION_001,5573,0.38496027501055546,SIMULATED,NORMAL
2026-06-17T18:15:08.875511+00:00,DION_001,5574,0.33498259048573525,SIMULATED,NORMAL
2026-06-17T18:15:08.886289+00:00,DION_001,5575,0.30003689286790114,SIMULATED,NORMAL
2026-06-17T18:15:08.896966+00:00,DION_001,5576,0.17609549223897658,SIMULATED,NORMAL
2026-06-17T18:15:08.907827+00:00,DION_001,5577,0.2785478706471308,SIMULATED,NORMAL
2026-06-17T18:15:08.918479+00:00,DION_001,5578,0.7024247748861011,SIMULATED,NORMAL
2026-06-17T18:15:08.929014+00:00,DION_001,5579,0.4057206878363724,SIMULATED,NORMAL
2026-06-17T18:15:08.939574+00:00,DION_001,5580,0.17030924620564372,SIMULATED,NORMAL
2026-06-17T18:15:08.950299+00:00,DION_001,5581,0.4188978081829764,SIMULATED,NORMAL
2026-06-17T18:15:08.960992+00:00,DION_001,5582,0.21557619850362938,SIMULATED,NORMAL
2026-06-17T18:15:08.971600+00:00,DION_001,5583,0.6370732615904751,SIMULATED,NORMAL
2026-06-17T18:15:08.982273+00:00,DION_001,5584,0.4258740933552489,SIMULATED,NORMAL
2026-06-17T18:15:08.993016+00:00,DION_001,5585,0.5629235010963051,SIMULATED,NORMAL
2026-06-17T18:15:09.003687+00:00,DION_001,5586,0.22483702268297473,SIMULATED,NORMAL
2026-06-17T18:15:09.014381+00:00,DION_001,5587,0.5557969947576951,SIMULATED,NORMAL
2026-06-17T18:15:09.025026+00:00,DION_001,5588,0.6537005781632389,SIMULATED,NORMAL
2026-06-17T18:15:09.035604+00:00,DION_001,5589,0.6309225132552885,SIMULATED,NORMAL
2026-06-17T18:15:09.046203+00:00,DION_001,5590,0.4219506566259171,SIMULATED,NORMAL
2026-06-17T18:15:09.056922+00:00,DION_001,5591,0.20808142395294654,SIMULATED,NORMAL
2026-06-17T18:15:09.067474+00:00,DION_001,5592,0.48772648604545654,SIMULATED,NORMAL
2026-06-17T18:15:09.078129+00:00,DION_001,5593,0.6120573157810281,SIMULATED,NORMAL
2026-06-17T18:15:09.088911+00:00,DION_001,5594,0.3116788818375549,SIMULATED,NORMAL
2026-06-17T18:15:09.099537+00:00,DION_001,5595,0.5485396690070595,SIMULATED,NORMAL
2026-06-17T18:15:09.110161+00:00,DION_001,5596,0.3442515781964571,SIMULATED,NORMAL
2026-06-17T18:15:09.120815+00:00,DION_001,5597,0.5742482366700963,SIMULATED,NORMAL
2026-06-17T18:15:09.131461+00:00,DION_001,5598,0.6047647382417568,SIMULATED,NORMAL
2026-06-17T18:15:09.142074+00:00,DION_001,5599,0.6698253071434431,SIMULATED,NORMAL
2026-06-17T18:15:09.152706+00:00,DION_001,5600,0.9488658592462352,SIMULATED,NORMAL
2026-06-17T18:15:09.163351+00:00,DION_001,5601,0.5772915710864451,SIMULATED,NORMAL
2026-06-17T18:15:09.174017+00:00,DION_001,5602,0.8344204474613228,SIMULATED,NORMAL
2026-06-17T18:15:09.184651+00:00,DION_001,5603,0.8654373694948425,SIMULATED,NORMAL
2026-06-17T18:15:09.195289+00:00,DION_001,5604,0.6193090197435505,SIMULATED,NORMAL
2026-06-17T18:15:09.206046+00:00,DION_001,5605,0.8343016648291316,SIMULATED,NORMAL
2026-06-17T18:15:09.216684+00:00,DION_001,5606,0.9791490335555294,SIMULATED,NORMAL
2026-06-17T18:15:09.227324+00:00,DION_001,5607,0.9410490369782882,SIMULATED,NORMAL
2026-06-17T18:15:09.237865+00:00,DION_001,5608,0.8659762149035648,SIMULATED,NORMAL
2026-06-17T18:15:09.248483+00:00,DION_001,5609,0.9090071009823741,SIMULATED,NORMAL
2026-06-17T18:15:09.259441+00:00,DION_001,5610,0.9167542714253865,SIMULATED,NORMAL
2026-06-17T18:15:09.270044+00:00,DION_001,5611,0.6746380977188919,SIMULATED,NORMAL
2026-06-17T18:15:09.280705+00:00,DION_001,5612,1.0441491536651681,SIMULATED,NORMAL
2026-06-17T18:15:09.291429+00:00,DION_001,5613,0.9376566552840275,SIMULATED,NORMAL
2026-06-17T18:15:09.302134+00:00,DION_001,5614,1.101580997706974,SIMULATED,NORMAL
2026-06-17T18:15:09.312807+00:00,DION_001,5615,1.1843873014801858,SIMULATED,NORMAL
2026-06-17T18:15:09.323526+00:00,DION_001,5616,1.3874354401805888,SIMULATED,NORMAL
2026-06-17T18:15:09.334222+00:00,DION_001,5617,1.361291616328575,SIMULATED,NORMAL
2026-06-17T18:15:09.344898+00:00,DION_001,5618,1.1151589582264405,SIMULATED,NORMAL
2026-06-17T18:15:09.355613+00:00,DION_001,5619,0.8333505330862658,SIMULATED,NORMAL
2026-06-17T18:15:09.366317+00:00,DION_001,5620,1.453363502465268,SIMULATED,NORMAL
2026-06-17T18:15:09.376916+00:00,DION_001,5621,1.3162276156953578,SIMULATED,NORMAL
2026-06-17T18:15:09.387637+00:00,DION_001,5622,0.8039214459626729,SIMULATED,NORMAL
2026-06-17T18:15:09.398374+00:00,DION_001,5623,1.27391989010765,SIMULATED,NORMAL
2026-06-17T18:15:09.409061+00:00,DION_001,5624,1.1808014486694844,SIMULATED,NORMAL
2026-06-17T18:15:09.419718+00:00,DION_001,5625,0.8922432553932855,SIMULATED,NORMAL
2026-06-17T18:15:09.430370+00:00,DION_001,5626,1.0976223849380187,SIMULATED,NORMAL
2026-06-17T18:15:09.441189+00:00,DION_001,5627,1.0567290346123297,SIMULATED,NORMAL
2026-06-17T18:15:09.451988+00:00,DION_001,5628,1.0036235524839248,SIMULATED,NORMAL
2026-06-17T18:15:09.462762+00:00,DION_001,5629,3.3542675986808836,SIMULATED,EVENT_DETECTED
2026-06-17T18:15:09.473664+00:00,DION_001,5630,0.7213907434184007,SIMULATED,NORMAL
2026-06-17T18:15:09.484363+00:00,DION_001,5631,0.7020712800789057,SIMULATED,NORMAL
2026-06-17T18:15:09.495320+00:00,DION_001,5632,0.9277438718138815,SIMULATED,NORMAL
2026-06-17T18:15:09.505904+00:00,DION_001,5633,0.757774066678446,SIMULATED,NORMAL
2026-06-17T18:15:09.516668+00:00,DION_001,5634,0.6740214341303199,SIMULATED,NORMAL
2026-06-17T18:15:09.527336+00:00,DION_001,5635,0.6570172083534447,SIMULATED,NORMAL
2026-06-17T18:15:09.538041+00:00,DION_001,5636,0.7408720043775339,SIMULATED,NORMAL
2026-06-17T18:15:09.548745+00:00,DION_001,5637,0.7469217466775683,SIMULATED,NORMAL
2026-06-17T18:15:09.559554+00:00,DION_001,5638,0.6945586493111349,SIMULATED,NORMAL
2026-06-17T18:15:09.570075+00:00,DION_001,5639,0.6509728170432463,SIMULATED,NORMAL
2026-06-17T18:15:09.580680+00:00,DION_001,5640,0.5085302236449533,SIMULATED,NORMAL
2026-06-17T18:15:09.591325+00:00,DION_001,5641,0.6071141696717832,SIMULATED,NORMAL
2026-06-17T18:15:09.601951+00:00,DION_001,5642,0.38494185430764066,SIMULATED,NORMAL
2026-06-17T18:15:09.612542+00:00,DION_001,5643,0.44600181253871596,SIMULATED,NORMAL
2026-06-17T18:15:09.623331+00:00,DION_001,5644,0.044656287283464435,SIMULATED,NORMAL
2026-06-17T18:15:09.633974+00:00,DION_001,5645,0.2976852459247222,SIMULATED,NORMAL
2026-06-17T18:15:09.644708+00:00,DION_001,5646,0.1274244234206882,SIMULATED,NORMAL
2026-06-17T18:15:09.655367+00:00,DION_001,5647,0.4042142162842122,SIMULATED,NORMAL
2026-06-17T18:15:09.665971+00:00,DION_001,5648,-0.006243828281336072,SIMULATED,NORMAL
2026-06-17T18:15:09.676642+00:00,DION_001,5649,0.2178994961508584,SIMULATED,NORMAL
2026-06-17T18:15:09.687301+00:00,DION_001,5650,0.0276300550763543,SIMULATED,NORMAL
2026-06-17T18:15:09.698086+00:00,DION_001,5651,0.1553471844466756,SIMULATED,NORMAL
2026-06-17T18:15:09.708777+00:00,DION_001,5652,-0.10731809256528896,SIMULATED,NORMAL
2026-06-17T18:15:09.719406+00:00,DION_001,5653,0.03639110853949197,SIMULATED,NORMAL
2026-06-17T18:15:09.730060+00:00,DION_001,5654,0.21825180861525573,SIMULATED,NORMAL
2026-06-17T18:15:09.740705+00:00,DION_001,5655,0.17471184782658655,SIMULATED,NORMAL
2026-06-17T18:15:09.751269+00:00,DION_001,5656,-0.1642996890031041,SIMULATED,NORMAL
2026-06-17T18:15:09.761756+00:00,DION_001,5657,-0.3103714446191612,SIMULATED,NORMAL
2026-06-17T18:15:09.772253+00:00,DION_001,5658,-0.2877290223109319,SIMULATED,NORMAL
2026-06-17T18:15:09.782709+00:00,DION_001,5659,-0.30592454137099073,SIMULATED,NORMAL
2026-06-17T18:15:09.793134+00:00,DION_001,5660,-0.04473623148054587,SIMULATED,NORMAL
2026-06-17T18:15:09.803787+00:00,DION_001,5661,-0.28437545649421464,SIMULATED,NORMAL
