timestamp_utc,station_id,sample_index,raw_value,source,event_status
2026-06-17T16:05:07.425900+00:00,DION_001,116322,-0.7130664675167327,SIMULATED,NORMAL
2026-06-17T16:05:07.436359+00:00,DION_001,116323,-0.6900213883692765,SIMULATED,NORMAL
2026-06-17T16:05:07.446651+00:00,DION_001,116324,-0.7295168877022986,SIMULATED,NORMAL
2026-06-17T16:05:07.457463+00:00,DION_001,116325,-0.7215825511754396,SIMULATED,NORMAL
2026-06-17T16:05:07.467825+00:00,DION_001,116326,-0.6109178111371966,SIMULATED,NORMAL
2026-06-17T16:05:07.478281+00:00,DION_001,116327,-0.7213207129888289,SIMULATED,NORMAL
2026-06-17T16:05:07.488852+00:00,DION_001,116328,-0.3766616171441416,SIMULATED,NORMAL
2026-06-17T16:05:07.499369+00:00,DION_001,116329,-0.6819718077291033,SIMULATED,NORMAL
2026-06-17T16:05:07.509889+00:00,DION_001,116330,-0.5310805645073958,SIMULATED,NORMAL
2026-06-17T16:05:07.520443+00:00,DION_001,116331,-0.5644545326988557,SIMULATED,NORMAL
2026-06-17T16:05:07.531076+00:00,DION_001,116332,-0.45934958069795623,SIMULATED,NORMAL
2026-06-17T16:05:07.541589+00:00,DION_001,116333,-0.46729280099215686,SIMULATED,NORMAL
2026-06-17T16:05:07.552017+00:00,DION_001,116334,-0.599135290397451,SIMULATED,NORMAL
2026-06-17T16:05:07.562511+00:00,DION_001,116335,-0.45128347815947245,SIMULATED,NORMAL
2026-06-17T16:05:07.572887+00:00,DION_001,116336,-0.2564544164600198,SIMULATED,NORMAL
2026-06-17T16:05:07.583184+00:00,DION_001,116337,-0.2643505304853546,SIMULATED,NORMAL
2026-06-17T16:05:07.593742+00:00,DION_001,116338,-0.07185615790176589,SIMULATED,NORMAL
2026-06-17T16:05:07.604113+00:00,DION_001,116339,-0.26595123300159623,SIMULATED,NORMAL
2026-06-17T16:05:07.614475+00:00,DION_001,116340,-0.12182962654583868,SIMULATED,NORMAL
2026-06-17T16:05:07.624946+00:00,DION_001,116341,-0.19236826158982562,SIMULATED,NORMAL
2026-06-17T16:05:07.635317+00:00,DION_001,116342,0.042733740953153465,SIMULATED,NORMAL
2026-06-17T16:05:07.645713+00:00,DION_001,116343,-0.20357787323255272,SIMULATED,NORMAL
2026-06-17T16:05:07.656099+00:00,DION_001,116344,-0.20692896160368432,SIMULATED,NORMAL
2026-06-17T16:05:07.666425+00:00,DION_001,116345,0.023007239435736834,SIMULATED,NORMAL
2026-06-17T16:05:07.676773+00:00,DION_001,116346,-0.01527161173054993,SIMULATED,NORMAL
2026-06-17T16:05:07.687369+00:00,DION_001,116347,-0.1614263534668163,SIMULATED,NORMAL
2026-06-17T16:05:07.697802+00:00,DION_001,116348,0.10705888758014018,SIMULATED,NORMAL
2026-06-17T16:05:07.708202+00:00,DION_001,116349,0.04898294160622711,SIMULATED,NORMAL
2026-06-17T16:05:07.718555+00:00,DION_001,116350,0.09670407200961995,SIMULATED,NORMAL
2026-06-17T16:05:07.728932+00:00,DION_001,116351,-0.16988316291550878,SIMULATED,NORMAL
2026-06-17T16:05:07.739487+00:00,DION_001,116352,0.14562526451058194,SIMULATED,NORMAL
2026-06-17T16:05:07.749902+00:00,DION_001,116353,0.26536668893943216,SIMULATED,NORMAL
2026-06-17T16:05:07.760294+00:00,DION_001,116354,0.08923925796925083,SIMULATED,NORMAL
2026-06-17T16:05:07.770796+00:00,DION_001,116355,0.030830958994633208,SIMULATED,NORMAL
2026-06-17T16:05:07.781285+00:00,DION_001,116356,-0.09105182352192906,SIMULATED,NORMAL
2026-06-17T16:05:07.791855+00:00,DION_001,116357,-0.05798661215341623,SIMULATED,NORMAL
2026-06-17T16:05:07.802264+00:00,DION_001,116358,-0.21597471981978147,SIMULATED,NORMAL
2026-06-17T16:05:07.812729+00:00,DION_001,116359,-0.23570829031586388,SIMULATED,NORMAL
2026-06-17T16:05:07.823330+00:00,DION_001,116360,0.20396168062301454,SIMULATED,NORMAL
2026-06-17T16:05:07.833684+00:00,DION_001,116361,-0.027358826149165356,SIMULATED,NORMAL
2026-06-17T16:05:07.844053+00:00,DION_001,116362,0.07208005193716334,SIMULATED,NORMAL
2026-06-17T16:05:07.854504+00:00,DION_001,116363,0.044011232754592795,SIMULATED,NORMAL
2026-06-17T16:05:07.864912+00:00,DION_001,116364,-0.11880360695388327,SIMULATED,NORMAL
2026-06-17T16:05:07.875350+00:00,DION_001,116365,0.20959321299435174,SIMULATED,NORMAL
2026-06-17T16:05:07.885696+00:00,DION_001,116366,0.08013259856373461,SIMULATED,NORMAL
2026-06-17T16:05:07.896100+00:00,DION_001,116367,-0.21552242453505194,SIMULATED,NORMAL
2026-06-17T16:05:07.906502+00:00,DION_001,116368,0.10940685201859628,SIMULATED,NORMAL
2026-06-17T16:05:07.916868+00:00,DION_001,116369,-0.20735293000019778,SIMULATED,NORMAL
2026-06-17T16:05:07.927204+00:00,DION_001,116370,0.1866572000724179,SIMULATED,NORMAL
2026-06-17T16:05:07.937653+00:00,DION_001,116371,-0.12883576198776847,SIMULATED,NORMAL
2026-06-17T16:05:07.948085+00:00,DION_001,116372,-2.843964115751432,SIMULATED,EVENT_DETECTED
2026-06-17T16:05:07.958557+00:00,DION_001,116373,-0.2048606188319308,SIMULATED,NORMAL
2026-06-17T16:05:07.968939+00:00,DION_001,116374,-0.19696519216476666,SIMULATED,NORMAL
2026-06-17T16:05:07.979388+00:00,DION_001,116375,-0.13392151557624232,SIMULATED,NORMAL
2026-06-17T16:05:07.989934+00:00,DION_001,116376,-0.14159339902500845,SIMULATED,NORMAL
2026-06-17T16:05:08.000454+00:00,DION_001,116377,-0.4313271471695517,SIMULATED,NORMAL
2026-06-17T16:05:08.010990+00:00,DION_001,116378,-0.1554673081215179,SIMULATED,NORMAL
2026-06-17T16:05:08.021403+00:00,DION_001,116379,-0.2067930153991584,SIMULATED,NORMAL
2026-06-17T16:05:08.031966+00:00,DION_001,116380,-0.3551191799159487,SIMULATED,NORMAL
2026-06-17T16:05:08.042459+00:00,DION_001,116381,0.044072411851324544,SIMULATED,NORMAL
2026-06-17T16:05:08.053004+00:00,DION_001,116382,-0.39301654573550127,SIMULATED,NORMAL
2026-06-17T16:05:08.063564+00:00,DION_001,116383,-0.07181893771262313,SIMULATED,NORMAL
2026-06-17T16:05:08.074094+00:00,DION_001,116384,-0.4580819071385172,SIMULATED,NORMAL
2026-06-17T16:05:08.084584+00:00,DION_001,116385,-0.34787386223148886,SIMULATED,NORMAL
2026-06-17T16:05:08.094938+00:00,DION_001,116386,-0.3437734201361694,SIMULATED,NORMAL
2026-06-17T16:05:08.105503+00:00,DION_001,116387,-0.3472649059948494,SIMULATED,NORMAL
2026-06-17T16:05:08.115982+00:00,DION_001,116388,-0.06387117473452752,SIMULATED,NORMAL
2026-06-17T16:05:08.126502+00:00,DION_001,116389,-0.26246886378269063,SIMULATED,NORMAL
2026-06-17T16:05:08.136984+00:00,DION_001,116390,-0.3663852694935953,SIMULATED,NORMAL
2026-06-17T16:05:08.147415+00:00,DION_001,116391,0.08157184328091466,SIMULATED,NORMAL
2026-06-17T16:05:08.157876+00:00,DION_001,116392,0.07805307068462108,SIMULATED,NORMAL
2026-06-17T16:05:08.168506+00:00,DION_001,116393,-0.24033155597705647,SIMULATED,NORMAL
2026-06-17T16:05:08.179073+00:00,DION_001,116394,-0.19590607105538624,SIMULATED,NORMAL
2026-06-17T16:05:08.189570+00:00,DION_001,116395,0.015662922232190596,SIMULATED,NORMAL
2026-06-17T16:05:08.200288+00:00,DION_001,116396,-0.1346482830872927,SIMULATED,NORMAL
2026-06-17T16:05:08.210781+00:00,DION_001,116397,-0.07260843078260451,SIMULATED,NORMAL
2026-06-17T16:05:08.221236+00:00,DION_001,116398,-0.1523342619877701,SIMULATED,NORMAL
2026-06-17T16:05:08.231825+00:00,DION_001,116399,0.1453083554215682,SIMULATED,NORMAL
2026-06-17T16:05:08.242325+00:00,DION_001,116400,0.1841154925709052,SIMULATED,NORMAL
2026-06-17T16:05:08.252797+00:00,DION_001,116401,0.12538348998938828,SIMULATED,NORMAL
2026-06-17T16:05:08.263236+00:00,DION_001,116402,0.16926589127839337,SIMULATED,NORMAL
2026-06-17T16:05:08.273588+00:00,DION_001,116403,0.3272572775530128,SIMULATED,NORMAL
2026-06-17T16:05:08.284098+00:00,DION_001,116404,0.05737902835091735,SIMULATED,NORMAL
2026-06-17T16:05:08.294614+00:00,DION_001,116405,0.1806118464333455,SIMULATED,NORMAL
2026-06-17T16:05:08.305064+00:00,DION_001,116406,0.27384973101507243,SIMULATED,NORMAL
2026-06-17T16:05:08.315491+00:00,DION_001,116407,0.34038575940425847,SIMULATED,NORMAL
2026-06-17T16:05:08.326054+00:00,DION_001,116408,0.5281033439638331,SIMULATED,NORMAL
2026-06-17T16:05:08.336626+00:00,DION_001,116409,0.17841610782183034,SIMULATED,NORMAL
2026-06-17T16:05:08.347162+00:00,DION_001,116410,0.443580311834015,SIMULATED,NORMAL
2026-06-17T16:05:08.357597+00:00,DION_001,116411,0.32312008505970086,SIMULATED,NORMAL
2026-06-17T16:05:08.368141+00:00,DION_001,116412,0.49173179797346334,SIMULATED,NORMAL
2026-06-17T16:05:08.378722+00:00,DION_001,116413,0.3698384285623185,SIMULATED,NORMAL
2026-06-17T16:05:08.389123+00:00,DION_001,116414,0.8726383456680086,SIMULATED,NORMAL
2026-06-17T16:05:08.399626+00:00,DION_001,116415,0.6678103422803394,SIMULATED,NORMAL
2026-06-17T16:05:08.410105+00:00,DION_001,116416,0.7890603719141871,SIMULATED,NORMAL
2026-06-17T16:05:08.420573+00:00,DION_001,116417,0.20348623682597766,SIMULATED,NORMAL
2026-06-17T16:05:08.430970+00:00,DION_001,116418,0.7711518753647034,SIMULATED,NORMAL
2026-06-17T16:05:08.441362+00:00,DION_001,116419,0.5908947812211289,SIMULATED,NORMAL
2026-06-17T16:05:08.451808+00:00,DION_001,116420,0.7334660478291188,SIMULATED,NORMAL
2026-06-17T16:05:08.462288+00:00,DION_001,116421,1.0387934906005802,SIMULATED,NORMAL
2026-06-17T16:05:08.472837+00:00,DION_001,116422,0.629672757482981,SIMULATED,NORMAL
2026-06-17T16:05:08.483504+00:00,DION_001,116423,1.1241461981793697,SIMULATED,NORMAL
2026-06-17T16:05:08.494053+00:00,DION_001,116424,0.7648848107228083,SIMULATED,NORMAL
2026-06-17T16:05:08.504476+00:00,DION_001,116425,0.9707992984785538,SIMULATED,NORMAL
2026-06-17T16:05:08.514901+00:00,DION_001,116426,0.8682126264362718,SIMULATED,NORMAL
2026-06-17T16:05:08.525364+00:00,DION_001,116427,1.1436368397434398,SIMULATED,NORMAL
2026-06-17T16:05:08.535809+00:00,DION_001,116428,1.0552443544897658,SIMULATED,NORMAL
2026-06-17T16:05:08.546229+00:00,DION_001,116429,0.893856085524457,SIMULATED,NORMAL
2026-06-17T16:05:08.556679+00:00,DION_001,116430,0.8534014605742715,SIMULATED,NORMAL
2026-06-17T16:05:08.567059+00:00,DION_001,116431,0.8252433354476801,SIMULATED,NORMAL
2026-06-17T16:05:08.577502+00:00,DION_001,116432,1.0586210121748718,SIMULATED,NORMAL
2026-06-17T16:05:08.587932+00:00,DION_001,116433,1.168459203626447,SIMULATED,NORMAL
2026-06-17T16:05:08.598389+00:00,DION_001,116434,1.1189989422353663,SIMULATED,NORMAL
2026-06-17T16:05:08.608819+00:00,DION_001,116435,-1.1184446686339697,SIMULATED,NORMAL
2026-06-17T16:05:08.619418+00:00,DION_001,116436,1.1772885216277753,SIMULATED,NORMAL
2026-06-17T16:05:08.630071+00:00,DION_001,116437,1.1614789020818879,SIMULATED,NORMAL
2026-06-17T16:05:08.640751+00:00,DION_001,116438,0.9151196021088851,SIMULATED,NORMAL
2026-06-17T16:05:08.651469+00:00,DION_001,116439,1.0517119681271037,SIMULATED,NORMAL
2026-06-17T16:05:08.661983+00:00,DION_001,116440,0.8367657354711271,SIMULATED,NORMAL
2026-06-17T16:05:08.674421+00:00,DION_001,116441,0.9985458889041672,SIMULATED,NORMAL
2026-06-17T16:05:08.684871+00:00,DION_001,116442,0.9331701574224264,SIMULATED,NORMAL
2026-06-17T16:05:08.695382+00:00,DION_001,116443,0.849217909224286,SIMULATED,NORMAL
2026-06-17T16:05:08.705945+00:00,DION_001,116444,1.0036579778859174,SIMULATED,NORMAL
2026-06-17T16:05:08.716313+00:00,DION_001,116445,0.7359065640561481,SIMULATED,NORMAL
2026-06-17T16:05:08.726828+00:00,DION_001,116446,0.6984148798195042,SIMULATED,NORMAL
2026-06-17T16:05:08.737382+00:00,DION_001,116447,0.6198450491463735,SIMULATED,NORMAL
2026-06-17T16:05:08.747915+00:00,DION_001,116448,0.6323096373764199,SIMULATED,NORMAL
2026-06-17T16:05:08.758446+00:00,DION_001,116449,0.7777761633048688,SIMULATED,NORMAL
2026-06-17T16:05:08.768880+00:00,DION_001,116450,0.6267704659527608,SIMULATED,NORMAL
2026-06-17T16:05:08.779267+00:00,DION_001,116451,0.576840025774745,SIMULATED,NORMAL
2026-06-17T16:05:08.789709+00:00,DION_001,116452,0.6982339217401602,SIMULATED,NORMAL
2026-06-17T16:05:08.800193+00:00,DION_001,116453,0.5583206912735813,SIMULATED,NORMAL
2026-06-17T16:05:08.810611+00:00,DION_001,116454,0.69429923924697,SIMULATED,NORMAL
2026-06-17T16:05:08.821126+00:00,DION_001,116455,0.5560859350768238,SIMULATED,NORMAL
2026-06-17T16:05:08.831785+00:00,DION_001,116456,0.6190857234903939,SIMULATED,NORMAL
2026-06-17T16:05:08.842254+00:00,DION_001,116457,0.7378671635481913,SIMULATED,NORMAL
2026-06-17T16:05:08.852738+00:00,DION_001,116458,0.7635385705084079,SIMULATED,NORMAL
2026-06-17T16:05:08.863140+00:00,DION_001,116459,0.3236941017519551,SIMULATED,NORMAL
2026-06-17T16:05:08.873788+00:00,DION_001,116460,0.3442886478863758,SIMULATED,NORMAL
2026-06-17T16:05:08.884245+00:00,DION_001,116461,0.06473177806261143,SIMULATED,NORMAL
2026-06-17T16:05:08.894637+00:00,DION_001,116462,0.23583786177160257,SIMULATED,NORMAL
2026-06-17T16:05:08.905090+00:00,DION_001,116463,0.3963879071001916,SIMULATED,NORMAL
2026-06-17T16:05:08.915623+00:00,DION_001,116464,0.0791722026315016,SIMULATED,NORMAL
2026-06-17T16:05:08.926028+00:00,DION_001,116465,0.19736176012659842,SIMULATED,NORMAL
2026-06-17T16:05:08.936427+00:00,DION_001,116466,0.4361829279395563,SIMULATED,NORMAL
2026-06-17T16:05:08.946808+00:00,DION_001,116467,0.5725462808803967,SIMULATED,NORMAL
2026-06-17T16:05:08.957383+00:00,DION_001,116468,0.2903122570756306,SIMULATED,NORMAL
2026-06-17T16:05:08.967950+00:00,DION_001,116469,0.5201311895560455,SIMULATED,NORMAL
2026-06-17T16:05:08.978286+00:00,DION_001,116470,0.35262138192499626,SIMULATED,NORMAL
2026-06-17T16:05:08.988617+00:00,DION_001,116471,0.23607282467943558,SIMULATED,NORMAL
2026-06-17T16:05:08.999028+00:00,DION_001,116472,0.5486010928575163,SIMULATED,NORMAL
2026-06-17T16:05:09.009401+00:00,DION_001,116473,0.3914563442502631,SIMULATED,NORMAL
2026-06-17T16:05:09.019966+00:00,DION_001,116474,0.25279851954218424,SIMULATED,NORMAL
2026-06-17T16:05:09.032948+00:00,DION_001,116475,0.03611141027010062,SIMULATED,NORMAL
2026-06-17T16:05:09.043495+00:00,DION_001,116476,0.3268586809070089,SIMULATED,NORMAL
2026-06-17T16:05:09.053991+00:00,DION_001,116477,0.2724656994922231,SIMULATED,NORMAL
2026-06-17T16:05:09.064328+00:00,DION_001,116478,0.7005956437985551,SIMULATED,NORMAL
2026-06-17T16:05:09.074794+00:00,DION_001,116479,0.48206283812872974,SIMULATED,NORMAL
2026-06-17T16:05:09.085239+00:00,DION_001,116480,0.65102866065074,SIMULATED,NORMAL
2026-06-17T16:05:09.095775+00:00,DION_001,116481,0.550016619905795,SIMULATED,NORMAL
2026-06-17T16:05:09.106373+00:00,DION_001,116482,0.5653573385261448,SIMULATED,NORMAL
2026-06-17T16:05:09.116802+00:00,DION_001,116483,0.5433466608965845,SIMULATED,NORMAL
2026-06-17T16:05:09.127216+00:00,DION_001,116484,0.49247368060936214,SIMULATED,NORMAL
2026-06-17T16:05:09.137622+00:00,DION_001,116485,0.5400480739071607,SIMULATED,NORMAL
2026-06-17T16:05:09.148098+00:00,DION_001,116486,0.5169225139478326,SIMULATED,NORMAL
2026-06-17T16:05:09.158649+00:00,DION_001,116487,0.9013918552813418,SIMULATED,NORMAL
2026-06-17T16:05:09.169072+00:00,DION_001,116488,0.7990424352234042,SIMULATED,NORMAL
2026-06-17T16:05:09.179475+00:00,DION_001,116489,0.9463157874672062,SIMULATED,NORMAL
2026-06-17T16:05:09.189965+00:00,DION_001,116490,0.9548636647918105,SIMULATED,NORMAL
2026-06-17T16:05:09.200333+00:00,DION_001,116491,0.9477357936869559,SIMULATED,NORMAL
2026-06-17T16:05:09.210823+00:00,DION_001,116492,0.7373318846200485,SIMULATED,NORMAL
2026-06-17T16:05:09.221242+00:00,DION_001,116493,1.0098165137742823,SIMULATED,NORMAL
2026-06-17T16:05:09.231908+00:00,DION_001,116494,0.788085345869406,SIMULATED,NORMAL
2026-06-17T16:05:09.242365+00:00,DION_001,116495,0.9181768236385051,SIMULATED,NORMAL
2026-06-17T16:05:09.252715+00:00,DION_001,116496,0.9331884037888832,SIMULATED,NORMAL
2026-06-17T16:05:09.263136+00:00,DION_001,116497,0.9438660914913214,SIMULATED,NORMAL
2026-06-17T16:05:09.273545+00:00,DION_001,116498,1.218953932218058,SIMULATED,NORMAL
2026-06-17T16:05:09.284022+00:00,DION_001,116499,0.9235135862246352,SIMULATED,NORMAL
2026-06-17T16:05:09.294699+00:00,DION_001,116500,1.1680484796223494,SIMULATED,NORMAL
2026-06-17T16:05:09.305121+00:00,DION_001,116501,0.8115383944340355,SIMULATED,NORMAL
2026-06-17T16:05:09.315549+00:00,DION_001,116502,0.9759394076710484,SIMULATED,NORMAL
2026-06-17T16:05:09.325971+00:00,DION_001,116503,1.1462715083910142,SIMULATED,NORMAL
2026-06-17T16:05:09.336478+00:00,DION_001,116504,1.1477701584848452,SIMULATED,NORMAL
2026-06-17T16:05:09.346825+00:00,DION_001,116505,1.0180654624498002,SIMULATED,NORMAL
2026-06-17T16:05:09.357369+00:00,DION_001,116506,0.8044490417195731,SIMULATED,NORMAL
2026-06-17T16:05:09.367906+00:00,DION_001,116507,0.8917489952789337,SIMULATED,NORMAL
2026-06-17T16:05:09.378375+00:00,DION_001,116508,1.1466378108044681,SIMULATED,NORMAL
2026-06-17T16:05:09.388758+00:00,DION_001,116509,0.8489545997345922,SIMULATED,NORMAL
2026-06-17T16:05:09.399229+00:00,DION_001,116510,1.1113219020616194,SIMULATED,NORMAL
2026-06-17T16:05:09.409662+00:00,DION_001,116511,0.74715707530758,SIMULATED,NORMAL
2026-06-17T16:05:09.420050+00:00,DION_001,116512,1.1863517811977837,SIMULATED,NORMAL
2026-06-17T16:05:09.430283+00:00,DION_001,116513,0.9210127747899445,SIMULATED,NORMAL
2026-06-17T16:05:09.440586+00:00,DION_001,116514,1.0133115648067983,SIMULATED,NORMAL
2026-06-17T16:05:09.451125+00:00,DION_001,116515,1.0259107181807838,SIMULATED,NORMAL
2026-06-17T16:05:09.461513+00:00,DION_001,116516,1.0982504004004434,SIMULATED,NORMAL
2026-06-17T16:05:09.471901+00:00,DION_001,116517,0.6465168523576932,SIMULATED,NORMAL
2026-06-17T16:05:09.482263+00:00,DION_001,116518,0.9072631381776102,SIMULATED,NORMAL
2026-06-17T16:05:09.492618+00:00,DION_001,116519,0.9506470914816354,SIMULATED,NORMAL
2026-06-17T16:05:09.503060+00:00,DION_001,116520,0.8660076068839098,SIMULATED,NORMAL
2026-06-17T16:05:09.513438+00:00,DION_001,116521,0.9670664452648813,SIMULATED,NORMAL
2026-06-17T16:05:09.523818+00:00,DION_001,116522,0.6626399482942333,SIMULATED,NORMAL
2026-06-17T16:05:09.534243+00:00,DION_001,116523,0.5445316707721308,SIMULATED,NORMAL
2026-06-17T16:05:09.544649+00:00,DION_001,116524,0.5013287485439318,SIMULATED,NORMAL
2026-06-17T16:05:09.555057+00:00,DION_001,116525,0.5331055671497591,SIMULATED,NORMAL
2026-06-17T16:05:09.565385+00:00,DION_001,116526,0.6339142626934989,SIMULATED,NORMAL
2026-06-17T16:05:09.575823+00:00,DION_001,116527,0.7263644874648926,SIMULATED,NORMAL
2026-06-17T16:05:09.586200+00:00,DION_001,116528,0.4287897272979505,SIMULATED,NORMAL
2026-06-17T16:05:09.596688+00:00,DION_001,116529,0.4820570126819463,SIMULATED,NORMAL
2026-06-17T16:05:09.607052+00:00,DION_001,116530,0.5513370805532806,SIMULATED,NORMAL
2026-06-17T16:05:09.617488+00:00,DION_001,116531,0.4857294507781769,SIMULATED,NORMAL
2026-06-17T16:05:09.627854+00:00,DION_001,116532,0.3797732214720318,SIMULATED,NORMAL
2026-06-17T16:05:09.638268+00:00,DION_001,116533,0.10532907286352647,SIMULATED,NORMAL
2026-06-17T16:05:09.648617+00:00,DION_001,116534,0.13886522925453926,SIMULATED,NORMAL
2026-06-17T16:05:09.658989+00:00,DION_001,116535,0.0486126103650556,SIMULATED,NORMAL
2026-06-17T16:05:09.669388+00:00,DION_001,116536,0.31033418918496036,SIMULATED,NORMAL
2026-06-17T16:05:09.679727+00:00,DION_001,116537,0.28873446891161514,SIMULATED,NORMAL
2026-06-17T16:05:09.690087+00:00,DION_001,116538,0.3110306962647471,SIMULATED,NORMAL
2026-06-17T16:05:09.700405+00:00,DION_001,116539,0.1927953382967613,SIMULATED,NORMAL
2026-06-17T16:05:09.710890+00:00,DION_001,116540,0.02836967689018267,SIMULATED,NORMAL
2026-06-17T16:05:09.721431+00:00,DION_001,116541,0.10783940092392023,SIMULATED,NORMAL
2026-06-17T16:05:09.731809+00:00,DION_001,116542,-1.9362742826091623,SIMULATED,NORMAL
2026-06-17T16:05:09.742253+00:00,DION_001,116543,-0.04840548600562711,SIMULATED,NORMAL
2026-06-17T16:05:09.752571+00:00,DION_001,116544,0.25862735007287363,SIMULATED,NORMAL
2026-06-17T16:05:09.763124+00:00,DION_001,116545,-0.18367502133471741,SIMULATED,NORMAL
2026-06-17T16:05:09.773648+00:00,DION_001,116546,-0.019478917710936558,SIMULATED,NORMAL
2026-06-17T16:05:09.783993+00:00,DION_001,116547,-0.23854336564652295,SIMULATED,NORMAL
2026-06-17T16:05:09.794616+00:00,DION_001,116548,-0.6543695430431915,SIMULATED,NORMAL
2026-06-17T16:05:09.805097+00:00,DION_001,116549,-0.2019550873440891,SIMULATED,NORMAL
2026-06-17T16:05:09.815502+00:00,DION_001,116550,-0.17180509019419066,SIMULATED,NORMAL
2026-06-17T16:05:09.825892+00:00,DION_001,116551,-0.2714243729930369,SIMULATED,NORMAL
2026-06-17T16:05:09.836261+00:00,DION_001,116552,-0.11132764276436656,SIMULATED,NORMAL
2026-06-17T16:05:09.846760+00:00,DION_001,116553,0.06001150439108732,SIMULATED,NORMAL
2026-06-17T16:05:09.857144+00:00,DION_001,116554,-0.20222425135435096,SIMULATED,NORMAL
2026-06-17T16:05:09.867613+00:00,DION_001,116555,-0.08004889257939381,SIMULATED,NORMAL
2026-06-17T16:05:09.878081+00:00,DION_001,116556,0.01994840547048435,SIMULATED,NORMAL
2026-06-17T16:05:09.888432+00:00,DION_001,116557,-0.22471015409917058,SIMULATED,NORMAL
2026-06-17T16:05:09.898898+00:00,DION_001,116558,-0.0341692946253427,SIMULATED,NORMAL
2026-06-17T16:05:09.909329+00:00,DION_001,116559,0.19855043530988,SIMULATED,NORMAL
2026-06-17T16:05:09.919830+00:00,DION_001,116560,0.4210247643497588,SIMULATED,NORMAL
2026-06-17T16:05:09.930237+00:00,DION_001,116561,-0.10600347831587895,SIMULATED,NORMAL
2026-06-17T16:05:09.940712+00:00,DION_001,116562,-0.013757438586541729,SIMULATED,NORMAL
2026-06-17T16:05:09.951050+00:00,DION_001,116563,-0.06193246475399035,SIMULATED,NORMAL
2026-06-17T16:05:09.961442+00:00,DION_001,116564,0.10134503645338933,SIMULATED,NORMAL
2026-06-17T16:05:09.971831+00:00,DION_001,116565,0.09864391298902189,SIMULATED,NORMAL
2026-06-17T16:05:09.982264+00:00,DION_001,116566,0.008638066826996596,SIMULATED,NORMAL
2026-06-17T16:05:09.992746+00:00,DION_001,116567,0.2444708521733287,SIMULATED,NORMAL
2026-06-17T16:05:10.003115+00:00,DION_001,116568,-0.3033028856482039,SIMULATED,NORMAL
2026-06-17T16:05:10.013481+00:00,DION_001,116569,-0.09587343339914452,SIMULATED,NORMAL
2026-06-17T16:05:10.024044+00:00,DION_001,116570,0.11958767753412815,SIMULATED,NORMAL
2026-06-17T16:05:10.034555+00:00,DION_001,116571,0.0330466583143951,SIMULATED,NORMAL
2026-06-17T16:05:10.044966+00:00,DION_001,116572,0.19652666921758444,SIMULATED,NORMAL
2026-06-17T16:05:10.055438+00:00,DION_001,116573,-0.237768384027905,SIMULATED,NORMAL
2026-06-17T16:05:10.065911+00:00,DION_001,116574,0.09058754874906096,SIMULATED,NORMAL
2026-06-17T16:05:10.076304+00:00,DION_001,116575,-0.05515304938380204,SIMULATED,NORMAL
2026-06-17T16:05:10.086674+00:00,DION_001,116576,0.15780404759041192,SIMULATED,NORMAL
2026-06-17T16:05:10.097058+00:00,DION_001,116577,0.2577619296915702,SIMULATED,NORMAL
2026-06-17T16:05:10.107487+00:00,DION_001,116578,0.3769707822166649,SIMULATED,NORMAL
2026-06-17T16:05:10.117913+00:00,DION_001,116579,0.22992216048120157,SIMULATED,NORMAL
2026-06-17T16:05:10.128338+00:00,DION_001,116580,-0.0636920103105462,SIMULATED,NORMAL
2026-06-17T16:05:10.138924+00:00,DION_001,116581,0.2717083378135309,SIMULATED,NORMAL
2026-06-17T16:05:10.149286+00:00,DION_001,116582,0.11723263632663602,SIMULATED,NORMAL
2026-06-17T16:05:10.160057+00:00,DION_001,116583,0.2277095322221232,SIMULATED,NORMAL
2026-06-17T16:05:10.170446+00:00,DION_001,116584,0.24736227872117056,SIMULATED,NORMAL
2026-06-17T16:05:10.180892+00:00,DION_001,116585,0.10116742552179736,SIMULATED,NORMAL
2026-06-17T16:05:10.191607+00:00,DION_001,116586,0.2552715473917105,SIMULATED,NORMAL
2026-06-17T16:05:10.201996+00:00,DION_001,116587,0.4820675127751336,SIMULATED,NORMAL
2026-06-17T16:05:10.212373+00:00,DION_001,116588,0.032424980467231274,SIMULATED,NORMAL
2026-06-17T16:05:10.222785+00:00,DION_001,116589,0.3633194617633796,SIMULATED,NORMAL
2026-06-17T16:05:10.233400+00:00,DION_001,116590,0.2216636421684413,SIMULATED,NORMAL
2026-06-17T16:05:10.244019+00:00,DION_001,116591,0.09198164291776798,SIMULATED,NORMAL
2026-06-17T16:05:10.254408+00:00,DION_001,116592,0.14457017949339313,SIMULATED,NORMAL
2026-06-17T16:05:10.264767+00:00,DION_001,116593,0.06985426911621936,SIMULATED,NORMAL
2026-06-17T16:05:10.275458+00:00,DION_001,116594,-0.05545698170918534,SIMULATED,NORMAL
2026-06-17T16:05:10.285824+00:00,DION_001,116595,0.053522854984116894,SIMULATED,NORMAL
2026-06-17T16:05:10.296208+00:00,DION_001,116596,-0.05912623925823021,SIMULATED,NORMAL
2026-06-17T16:05:10.306645+00:00,DION_001,116597,-0.061745358715273785,SIMULATED,NORMAL
2026-06-17T16:05:10.316998+00:00,DION_001,116598,-0.04412711029175996,SIMULATED,NORMAL
2026-06-17T16:05:10.327545+00:00,DION_001,116599,0.06510362823699375,SIMULATED,NORMAL
2026-06-17T16:05:10.338149+00:00,DION_001,116600,-0.1974797774784651,SIMULATED,NORMAL
2026-06-17T16:05:10.348604+00:00,DION_001,116601,-0.048576308089094966,SIMULATED,NORMAL
2026-06-17T16:05:10.359088+00:00,DION_001,116602,-0.3438331983907752,SIMULATED,NORMAL
2026-06-17T16:05:10.370029+00:00,DION_001,116603,-0.23265337388611057,SIMULATED,NORMAL
2026-06-17T16:05:10.380367+00:00,DION_001,116604,-0.3793989024796997,SIMULATED,NORMAL
2026-06-17T16:05:10.390884+00:00,DION_001,116605,-0.5978507582832598,SIMULATED,NORMAL
2026-06-17T16:05:10.401419+00:00,DION_001,116606,-0.4607012851818794,SIMULATED,NORMAL
2026-06-17T16:05:10.411884+00:00,DION_001,116607,-0.4707110203328039,SIMULATED,NORMAL
2026-06-17T16:05:10.422268+00:00,DION_001,116608,-0.5742768392521747,SIMULATED,NORMAL
2026-06-17T16:05:10.432675+00:00,DION_001,116609,-0.8346897973444536,SIMULATED,NORMAL
2026-06-17T16:05:10.443175+00:00,DION_001,116610,-0.8337055282252117,SIMULATED,NORMAL
2026-06-17T16:05:10.453622+00:00,DION_001,116611,-0.699369036676995,SIMULATED,NORMAL
2026-06-17T16:05:10.463995+00:00,DION_001,116612,-0.5779732735271289,SIMULATED,NORMAL
2026-06-17T16:05:10.474335+00:00,DION_001,116613,-0.2686173384288513,SIMULATED,NORMAL
2026-06-17T16:05:10.484676+00:00,DION_001,116614,-0.6313921665191584,SIMULATED,NORMAL
2026-06-17T16:05:10.495258+00:00,DION_001,116615,-0.6826628779436019,SIMULATED,NORMAL
2026-06-17T16:05:10.505658+00:00,DION_001,116616,-1.0095292162980651,SIMULATED,NORMAL
2026-06-17T16:05:10.516041+00:00,DION_001,116617,-0.4530759238721551,SIMULATED,NORMAL
2026-06-17T16:05:10.526471+00:00,DION_001,116618,-0.843150469644888,SIMULATED,NORMAL
2026-06-17T16:05:10.536901+00:00,DION_001,116619,-0.8709963652468482,SIMULATED,NORMAL
2026-06-17T16:05:10.547371+00:00,DION_001,116620,-1.1194861512777574,SIMULATED,NORMAL
2026-06-17T16:05:10.557594+00:00,DION_001,116621,-0.9674149072592084,SIMULATED,NORMAL
2026-06-17T16:05:10.567901+00:00,DION_001,116622,-1.2721381864410244,SIMULATED,NORMAL
2026-06-17T16:05:10.578404+00:00,DION_001,116623,-1.1748220710626978,SIMULATED,NORMAL
2026-06-17T16:05:10.589035+00:00,DION_001,116624,-1.1725442981550416,SIMULATED,NORMAL
2026-06-17T16:05:10.599440+00:00,DION_001,116625,-1.1322141690016356,SIMULATED,NORMAL
2026-06-17T16:05:10.609758+00:00,DION_001,116626,-1.143344154461925,SIMULATED,NORMAL
2026-06-17T16:05:10.620105+00:00,DION_001,116627,-1.2418743308016877,SIMULATED,NORMAL
2026-06-17T16:05:10.630470+00:00,DION_001,116628,-0.9465246466530404,SIMULATED,NORMAL
2026-06-17T16:05:10.640809+00:00,DION_001,116629,-1.2736406172557817,SIMULATED,NORMAL
2026-06-17T16:05:10.651216+00:00,DION_001,116630,-1.0883233504194223,SIMULATED,NORMAL
2026-06-17T16:05:10.661657+00:00,DION_001,116631,-1.1083656018992651,SIMULATED,NORMAL
2026-06-17T16:05:10.672174+00:00,DION_001,116632,-1.398453120287968,SIMULATED,NORMAL
2026-06-17T16:05:10.682653+00:00,DION_001,116633,-1.0251488601232677,SIMULATED,NORMAL
2026-06-17T16:05:10.693116+00:00,DION_001,116634,-1.1998817890845392,SIMULATED,NORMAL
2026-06-17T16:05:10.703695+00:00,DION_001,116635,-1.1796884500561158,SIMULATED,NORMAL
2026-06-17T16:05:10.714396+00:00,DION_001,116636,-0.7936843674161757,SIMULATED,NORMAL
2026-06-17T16:05:10.724999+00:00,DION_001,116637,-1.0283776859586127,SIMULATED,NORMAL
2026-06-17T16:05:10.735446+00:00,DION_001,116638,-1.045070030753504,SIMULATED,NORMAL
2026-06-17T16:05:10.746051+00:00,DION_001,116639,-0.9714435287984631,SIMULATED,NORMAL
2026-06-17T16:05:10.756552+00:00,DION_001,116640,-1.0836784942763058,SIMULATED,NORMAL
2026-06-17T16:05:10.767023+00:00,DION_001,116641,-1.1841058436172816,SIMULATED,NORMAL
2026-06-17T16:05:10.777476+00:00,DION_001,116642,-0.9393902583944778,SIMULATED,NORMAL
2026-06-17T16:05:10.787801+00:00,DION_001,116643,-0.599039338614918,SIMULATED,NORMAL
2026-06-17T16:05:10.798303+00:00,DION_001,116644,-0.8802231310611042,SIMULATED,NORMAL
2026-06-17T16:05:10.808667+00:00,DION_001,116645,-0.7275811424476823,SIMULATED,NORMAL
2026-06-17T16:05:10.819019+00:00,DION_001,116646,-0.8004586248428586,SIMULATED,NORMAL
2026-06-17T16:05:10.829382+00:00,DION_001,116647,-0.7520368340799177,SIMULATED,NORMAL
2026-06-17T16:05:10.839867+00:00,DION_001,116648,-0.9874057320260201,SIMULATED,NORMAL
2026-06-17T16:05:10.850271+00:00,DION_001,116649,-0.667862767031165,SIMULATED,NORMAL
2026-06-17T16:05:10.860604+00:00,DION_001,116650,-0.7931060232908579,SIMULATED,NORMAL
2026-06-17T16:05:10.870960+00:00,DION_001,116651,-0.7833777554658957,SIMULATED,NORMAL
2026-06-17T16:05:10.881451+00:00,DION_001,116652,-0.4794685622412399,SIMULATED,NORMAL
2026-06-17T16:05:10.891804+00:00,DION_001,116653,-0.7387347423140139,SIMULATED,NORMAL
2026-06-17T16:05:10.902162+00:00,DION_001,116654,-0.5326257878114483,SIMULATED,NORMAL
2026-06-17T16:05:10.912613+00:00,DION_001,116655,-0.4602185243260229,SIMULATED,NORMAL
2026-06-17T16:05:10.923206+00:00,DION_001,116656,-0.6932261773205222,SIMULATED,NORMAL
2026-06-17T16:05:10.933591+00:00,DION_001,116657,-0.3696908651043075,SIMULATED,NORMAL
2026-06-17T16:05:10.943975+00:00,DION_001,116658,-0.20530181909316542,SIMULATED,NORMAL
2026-06-17T16:05:10.954332+00:00,DION_001,116659,-0.2501557733495812,SIMULATED,NORMAL
2026-06-17T16:05:10.964744+00:00,DION_001,116660,-0.7571420565898754,SIMULATED,NORMAL
2026-06-17T16:05:10.975135+00:00,DION_001,116661,-0.27906101670471406,SIMULATED,NORMAL
2026-06-17T16:05:10.985545+00:00,DION_001,116662,-0.5126362277304968,SIMULATED,NORMAL
2026-06-17T16:05:10.995943+00:00,DION_001,116663,-0.5662566377186761,SIMULATED,NORMAL
2026-06-17T16:05:11.006438+00:00,DION_001,116664,-0.5078342680196244,SIMULATED,NORMAL
2026-06-17T16:05:11.016934+00:00,DION_001,116665,-0.24850037457674415,SIMULATED,NORMAL
2026-06-17T16:05:11.027307+00:00,DION_001,116666,-0.17318468735774162,SIMULATED,NORMAL
2026-06-17T16:05:11.037812+00:00,DION_001,116667,-0.3688111210573482,SIMULATED,NORMAL
2026-06-17T16:05:11.048217+00:00,DION_001,116668,-0.3669810924856223,SIMULATED,NORMAL
2026-06-17T16:05:11.058732+00:00,DION_001,116669,-0.5384036353029099,SIMULATED,NORMAL
2026-06-17T16:05:11.069104+00:00,DION_001,116670,-0.36201595522926966,SIMULATED,NORMAL
2026-06-17T16:05:11.079688+00:00,DION_001,116671,-0.28727375702607183,SIMULATED,NORMAL
2026-06-17T16:05:11.090128+00:00,DION_001,116672,-0.4528451687597222,SIMULATED,NORMAL
2026-06-17T16:05:11.100727+00:00,DION_001,116673,-0.3650927991843576,SIMULATED,NORMAL
2026-06-17T16:05:11.111242+00:00,DION_001,116674,-0.42314513596236747,SIMULATED,NORMAL
2026-06-17T16:05:11.121585+00:00,DION_001,116675,-0.3143154637336201,SIMULATED,NORMAL
2026-06-17T16:05:11.132036+00:00,DION_001,116676,-0.6430469525739954,SIMULATED,NORMAL
2026-06-17T16:05:11.142458+00:00,DION_001,116677,-0.5138315458759382,SIMULATED,NORMAL
2026-06-17T16:05:11.152926+00:00,DION_001,116678,-0.4511800258151153,SIMULATED,NORMAL
2026-06-17T16:05:11.163283+00:00,DION_001,116679,-0.5181896173327251,SIMULATED,NORMAL
2026-06-17T16:05:11.173611+00:00,DION_001,116680,-0.5072324966384694,SIMULATED,NORMAL
2026-06-17T16:05:11.184115+00:00,DION_001,116681,-0.5496413440709143,SIMULATED,NORMAL
2026-06-17T16:05:11.194638+00:00,DION_001,116682,-0.7597843037435636,SIMULATED,NORMAL
2026-06-17T16:05:11.204953+00:00,DION_001,116683,1.4179797530936213,SIMULATED,NORMAL
2026-06-17T16:05:11.215460+00:00,DION_001,116684,-0.553872263906705,SIMULATED,NORMAL
2026-06-17T16:05:11.225946+00:00,DION_001,116685,-0.6568623337583134,SIMULATED,NORMAL
2026-06-17T16:05:11.236327+00:00,DION_001,116686,-0.7904532596406262,SIMULATED,NORMAL
2026-06-17T16:05:11.246798+00:00,DION_001,116687,-0.5145362992382938,SIMULATED,NORMAL
2026-06-17T16:05:11.257129+00:00,DION_001,116688,-0.3913733878640631,SIMULATED,NORMAL
2026-06-17T16:05:11.267736+00:00,DION_001,116689,-0.5785187583660855,SIMULATED,NORMAL
2026-06-17T16:05:11.278426+00:00,DION_001,116690,-0.8426092239634587,SIMULATED,NORMAL
2026-06-17T16:05:11.288935+00:00,DION_001,116691,-0.8924948700616574,SIMULATED,NORMAL
2026-06-17T16:05:11.299475+00:00,DION_001,116692,-1.1647559832660792,SIMULATED,NORMAL
2026-06-17T16:05:11.309949+00:00,DION_001,116693,-0.7552227878396853,SIMULATED,NORMAL
2026-06-17T16:05:11.320552+00:00,DION_001,116694,-0.975997251550785,SIMULATED,NORMAL
2026-06-17T16:05:11.330953+00:00,DION_001,116695,-0.48782228129440963,SIMULATED,NORMAL
2026-06-17T16:05:11.341457+00:00,DION_001,116696,-1.0555856925889984,SIMULATED,NORMAL
2026-06-17T16:05:11.351900+00:00,DION_001,116697,-0.975801038837168,SIMULATED,NORMAL
2026-06-17T16:05:11.362344+00:00,DION_001,116698,-1.0853369030153202,SIMULATED,NORMAL
2026-06-17T16:05:11.372814+00:00,DION_001,116699,-0.762468423018595,SIMULATED,NORMAL
2026-06-17T16:05:11.383169+00:00,DION_001,116700,-1.1692866313077959,SIMULATED,NORMAL
2026-06-17T16:05:11.393517+00:00,DION_001,116701,-1.2416163980330035,SIMULATED,NORMAL
2026-06-17T16:05:11.403897+00:00,DION_001,116702,-0.9555775775411309,SIMULATED,NORMAL
2026-06-17T16:05:11.414248+00:00,DION_001,116703,-0.9118876626588276,SIMULATED,NORMAL
2026-06-17T16:05:11.424552+00:00,DION_001,116704,-0.7816305075423993,SIMULATED,NORMAL
2026-06-17T16:05:11.435349+00:00,DION_001,116705,-1.0341781704182123,SIMULATED,NORMAL
2026-06-17T16:05:11.445824+00:00,DION_001,116706,-0.6537831617557283,SIMULATED,NORMAL
2026-06-17T16:05:11.456224+00:00,DION_001,116707,-0.8637355479893818,SIMULATED,NORMAL
2026-06-17T16:05:11.466691+00:00,DION_001,116708,-1.0923545373009445,SIMULATED,NORMAL
2026-06-17T16:05:11.477186+00:00,DION_001,116709,-1.0912988201163365,SIMULATED,NORMAL
2026-06-17T16:05:11.487617+00:00,DION_001,116710,-0.9181713761765312,SIMULATED,NORMAL
2026-06-17T16:05:11.497993+00:00,DION_001,116711,-0.7719112250226252,SIMULATED,NORMAL
2026-06-17T16:05:11.508432+00:00,DION_001,116712,-0.9710477164368091,SIMULATED,NORMAL
2026-06-17T16:05:11.519040+00:00,DION_001,116713,-0.9653386715123076,SIMULATED,NORMAL
2026-06-17T16:05:11.529530+00:00,DION_001,116714,-1.2222368308839051,SIMULATED,NORMAL
2026-06-17T16:05:11.540014+00:00,DION_001,116715,-1.099796327451701,SIMULATED,NORMAL
2026-06-17T16:05:11.550418+00:00,DION_001,116716,-0.7940386825163547,SIMULATED,NORMAL
2026-06-17T16:05:11.560793+00:00,DION_001,116717,-0.6800502687798621,SIMULATED,NORMAL
2026-06-17T16:05:11.571231+00:00,DION_001,116718,-0.6871105856973583,SIMULATED,NORMAL
2026-06-17T16:05:11.581899+00:00,DION_001,116719,-0.639354786361936,SIMULATED,NORMAL
2026-06-17T16:05:11.592403+00:00,DION_001,116720,-0.6856134150489317,SIMULATED,NORMAL
2026-06-17T16:05:11.602768+00:00,DION_001,116721,-0.8401335632137835,SIMULATED,NORMAL
2026-06-17T16:05:11.613352+00:00,DION_001,116722,-0.7659569265380578,SIMULATED,NORMAL
2026-06-17T16:05:11.623761+00:00,DION_001,116723,-0.6258300208837797,SIMULATED,NORMAL
2026-06-17T16:05:11.634256+00:00,DION_001,116724,-0.6554710872867908,SIMULATED,NORMAL
2026-06-17T16:05:11.644660+00:00,DION_001,116725,-0.4470565066091593,SIMULATED,NORMAL
2026-06-17T16:05:11.655081+00:00,DION_001,116726,-0.19723548723722362,SIMULATED,NORMAL
2026-06-17T16:05:11.665555+00:00,DION_001,116727,-0.415183981322408,SIMULATED,NORMAL
2026-06-17T16:05:11.676038+00:00,DION_001,116728,-0.21350073465872224,SIMULATED,NORMAL
2026-06-17T16:05:11.686433+00:00,DION_001,116729,-0.38747140167169675,SIMULATED,NORMAL
2026-06-17T16:05:11.696876+00:00,DION_001,116730,-0.5337310199484859,SIMULATED,NORMAL
2026-06-17T16:05:11.707386+00:00,DION_001,116731,-0.23047531207627883,SIMULATED,NORMAL
2026-06-17T16:05:11.717749+00:00,DION_001,116732,-0.06900893804806353,SIMULATED,NORMAL
2026-06-17T16:05:11.728195+00:00,DION_001,116733,-0.20353727572161126,SIMULATED,NORMAL
2026-06-17T16:05:11.738784+00:00,DION_001,116734,-0.10464880549273281,SIMULATED,NORMAL
2026-06-17T16:05:11.749152+00:00,DION_001,116735,0.08438993426420563,SIMULATED,NORMAL
2026-06-17T16:05:11.759642+00:00,DION_001,116736,0.1820509834340158,SIMULATED,NORMAL
2026-06-17T16:05:11.770073+00:00,DION_001,116737,0.05411799711905981,SIMULATED,NORMAL
2026-06-17T16:05:11.780533+00:00,DION_001,116738,-0.03142742284755294,SIMULATED,NORMAL
2026-06-17T16:05:11.791300+00:00,DION_001,116739,0.19193286325216766,SIMULATED,NORMAL
2026-06-17T16:05:11.802469+00:00,DION_001,116740,-0.11080717032030268,SIMULATED,NORMAL
2026-06-17T16:05:11.813513+00:00,DION_001,116741,-0.13501274853911382,SIMULATED,NORMAL
2026-06-17T16:05:11.824583+00:00,DION_001,116742,0.17785429819847134,SIMULATED,NORMAL
2026-06-17T16:05:11.835953+00:00,DION_001,116743,0.22215520517292478,SIMULATED,NORMAL
2026-06-17T16:05:11.847194+00:00,DION_001,116744,0.2996730504882963,SIMULATED,NORMAL
2026-06-17T16:05:11.858271+00:00,DION_001,116745,0.4098619524142233,SIMULATED,NORMAL
2026-06-17T16:05:11.869282+00:00,DION_001,116746,0.4524430271379608,SIMULATED,NORMAL
2026-06-17T16:05:11.880372+00:00,DION_001,116747,0.7664576860510068,SIMULATED,NORMAL
2026-06-17T16:05:11.891845+00:00,DION_001,116748,0.20148159706631452,SIMULATED,NORMAL
2026-06-17T16:05:11.902995+00:00,DION_001,116749,0.3731811211138602,SIMULATED,NORMAL
2026-06-17T16:05:11.914031+00:00,DION_001,116750,0.29118071766861214,SIMULATED,NORMAL
2026-06-17T16:05:11.925101+00:00,DION_001,116751,0.17945173053827898,SIMULATED,NORMAL
2026-06-17T16:05:11.936504+00:00,DION_001,116752,0.2598167435794794,SIMULATED,NORMAL
2026-06-17T16:05:11.947819+00:00,DION_001,116753,0.24009516161354752,SIMULATED,NORMAL
2026-06-17T16:05:11.959010+00:00,DION_001,116754,0.4452584977169637,SIMULATED,NORMAL
2026-06-17T16:05:11.970310+00:00,DION_001,116755,0.28764060848880496,SIMULATED,NORMAL
2026-06-17T16:05:11.981469+00:00,DION_001,116756,0.4520919677167696,SIMULATED,NORMAL
2026-06-17T16:05:11.992415+00:00,DION_001,116757,0.3669763996904534,SIMULATED,NORMAL
2026-06-17T16:05:12.003626+00:00,DION_001,116758,0.0980864264246695,SIMULATED,NORMAL
2026-06-17T16:05:12.014765+00:00,DION_001,116759,0.19604373994322996,SIMULATED,NORMAL
2026-06-17T16:05:12.026059+00:00,DION_001,116760,3.164579249318269,SIMULATED,EVENT_DETECTED
2026-06-17T16:05:12.037735+00:00,DION_001,116761,-0.06630465362259697,SIMULATED,NORMAL
2026-06-17T16:05:12.048702+00:00,DION_001,116762,0.08230910269769134,SIMULATED,NORMAL
2026-06-17T16:05:12.059955+00:00,DION_001,116763,0.08769258637785991,SIMULATED,NORMAL
2026-06-17T16:05:12.071285+00:00,DION_001,116764,0.3266917156929252,SIMULATED,NORMAL
2026-06-17T16:05:12.082485+00:00,DION_001,116765,0.23340729097999274,SIMULATED,NORMAL
2026-06-17T16:05:12.093765+00:00,DION_001,116766,0.06292266821584412,SIMULATED,NORMAL
2026-06-17T16:05:12.104706+00:00,DION_001,116767,-0.1262139117123287,SIMULATED,NORMAL
2026-06-17T16:05:12.116158+00:00,DION_001,116768,-0.15090618541544698,SIMULATED,NORMAL
2026-06-17T16:05:12.127437+00:00,DION_001,116769,-0.05893028001591048,SIMULATED,NORMAL
2026-06-17T16:05:12.138624+00:00,DION_001,116770,-0.2027712298322414,SIMULATED,NORMAL
2026-06-17T16:05:12.149720+00:00,DION_001,116771,-0.032453681194905507,SIMULATED,NORMAL
2026-06-17T16:05:12.160743+00:00,DION_001,116772,-0.17681176605184717,SIMULATED,NORMAL
2026-06-17T16:05:12.172073+00:00,DION_001,116773,-0.11742205415728317,SIMULATED,NORMAL
2026-06-17T16:05:12.183396+00:00,DION_001,116774,0.06303227651495304,SIMULATED,NORMAL
2026-06-17T16:05:12.194178+00:00,DION_001,116775,0.18378458475655296,SIMULATED,NORMAL
2026-06-17T16:05:12.205247+00:00,DION_001,116776,-0.07300760612968528,SIMULATED,NORMAL
2026-06-17T16:05:12.216170+00:00,DION_001,116777,0.10278441335638563,SIMULATED,NORMAL
2026-06-17T16:05:12.227422+00:00,DION_001,116778,-0.030303891333552928,SIMULATED,NORMAL
2026-06-17T16:05:12.238672+00:00,DION_001,116779,-0.13140439534654658,SIMULATED,NORMAL
2026-06-17T16:05:12.249758+00:00,DION_001,116780,-0.03723507613901866,SIMULATED,NORMAL
2026-06-17T16:05:12.260239+00:00,DION_001,116781,0.10061495836668263,SIMULATED,NORMAL
2026-06-17T16:05:12.271376+00:00,DION_001,116782,-0.34604893530147013,SIMULATED,NORMAL
2026-06-17T16:05:12.282600+00:00,DION_001,116783,-0.11999132542475698,SIMULATED,NORMAL
2026-06-17T16:05:12.293883+00:00,DION_001,116784,-0.1696328522345462,SIMULATED,NORMAL
2026-06-17T16:05:12.304888+00:00,DION_001,116785,-0.23367857693123323,SIMULATED,NORMAL
2026-06-17T16:05:12.316273+00:00,DION_001,116786,-0.19569933213338134,SIMULATED,NORMAL
2026-06-17T16:05:12.327518+00:00,DION_001,116787,0.22003270927955684,SIMULATED,NORMAL
2026-06-17T16:05:12.338852+00:00,DION_001,116788,-2.7474899907538655,SIMULATED,EVENT_DETECTED
2026-06-17T16:05:12.350222+00:00,DION_001,116789,0.12153321605774156,SIMULATED,NORMAL
2026-06-17T16:05:12.361178+00:00,DION_001,116790,0.2063392867659044,SIMULATED,NORMAL
2026-06-17T16:05:12.372145+00:00,DION_001,116791,0.14151086790351053,SIMULATED,NORMAL
2026-06-17T16:05:12.383471+00:00,DION_001,116792,0.27557213940869085,SIMULATED,NORMAL
2026-06-17T16:05:12.394692+00:00,DION_001,116793,0.34663217865511375,SIMULATED,NORMAL
2026-06-17T16:05:12.405984+00:00,DION_001,116794,0.32477846590949044,SIMULATED,NORMAL
2026-06-17T16:05:12.417031+00:00,DION_001,116795,0.14678557571232093,SIMULATED,NORMAL
2026-06-17T16:05:12.428388+00:00,DION_001,116796,0.19524183600729228,SIMULATED,NORMAL
2026-06-17T16:05:12.439798+00:00,DION_001,116797,0.4058815687065218,SIMULATED,NORMAL
2026-06-17T16:05:12.450970+00:00,DION_001,116798,0.28332756672313447,SIMULATED,NORMAL
2026-06-17T16:05:12.461963+00:00,DION_001,116799,0.19251655017467453,SIMULATED,NORMAL
2026-06-17T16:05:12.472900+00:00,DION_001,116800,0.25040984222671625,SIMULATED,NORMAL
2026-06-17T16:05:12.484228+00:00,DION_001,116801,0.45711183060918364,SIMULATED,NORMAL
2026-06-17T16:05:12.495473+00:00,DION_001,116802,0.47734503910067094,SIMULATED,NORMAL
2026-06-17T16:05:12.506627+00:00,DION_001,116803,0.5477666605209385,SIMULATED,NORMAL
2026-06-17T16:05:12.517637+00:00,DION_001,116804,0.5651443102827985,SIMULATED,NORMAL
2026-06-17T16:05:12.528582+00:00,DION_001,116805,0.7345890576932227,SIMULATED,NORMAL
2026-06-17T16:05:12.540087+00:00,DION_001,116806,0.8572478004954581,SIMULATED,NORMAL
2026-06-17T16:05:12.551312+00:00,DION_001,116807,0.8037417446211174,SIMULATED,NORMAL
2026-06-17T16:05:12.562497+00:00,DION_001,116808,0.8732036273328636,SIMULATED,NORMAL
2026-06-17T16:05:12.573492+00:00,DION_001,116809,0.8326839795180292,SIMULATED,NORMAL
2026-06-17T16:05:12.584443+00:00,DION_001,116810,1.2262570869448017,SIMULATED,NORMAL
2026-06-17T16:05:12.595771+00:00,DION_001,116811,1.007788195348145,SIMULATED,NORMAL
2026-06-17T16:05:12.606347+00:00,DION_001,116812,1.0352012435223357,SIMULATED,NORMAL
2026-06-17T16:05:12.617486+00:00,DION_001,116813,1.0342752768142636,SIMULATED,NORMAL
2026-06-17T16:05:12.628415+00:00,DION_001,116814,0.9851343941924068,SIMULATED,NORMAL
2026-06-17T16:05:12.639775+00:00,DION_001,116815,1.018659941931323,SIMULATED,NORMAL
2026-06-17T16:05:12.651186+00:00,DION_001,116816,1.0166939156270378,SIMULATED,NORMAL
2026-06-17T16:05:12.662333+00:00,DION_001,116817,1.2322497134353745,SIMULATED,NORMAL
2026-06-17T16:05:12.673472+00:00,DION_001,116818,1.076357946721362,SIMULATED,NORMAL
2026-06-17T16:05:12.684546+00:00,DION_001,116819,1.0922758417571443,SIMULATED,NORMAL
2026-06-17T16:05:12.695991+00:00,DION_001,116820,1.1332839856894834,SIMULATED,NORMAL
2026-06-17T16:05:12.706442+00:00,DION_001,116821,1.3217537580985064,SIMULATED,NORMAL
2026-06-17T16:05:12.717558+00:00,DION_001,116822,0.9229105843829258,SIMULATED,NORMAL
2026-06-17T16:05:12.728460+00:00,DION_001,116823,1.351483976037125,SIMULATED,NORMAL
2026-06-17T16:05:12.739706+00:00,DION_001,116824,1.2397430337881692,SIMULATED,NORMAL
2026-06-17T16:05:12.750887+00:00,DION_001,116825,1.2034611363657628,SIMULATED,NORMAL
2026-06-17T16:05:12.762007+00:00,DION_001,116826,1.022462973456873,SIMULATED,NORMAL
2026-06-17T16:05:12.772968+00:00,DION_001,116827,1.2247661663938783,SIMULATED,NORMAL
2026-06-17T16:05:12.784263+00:00,DION_001,116828,0.899898789399297,SIMULATED,NORMAL
2026-06-17T16:05:12.795538+00:00,DION_001,116829,0.9684375811192816,SIMULATED,NORMAL
2026-06-17T16:05:12.806855+00:00,DION_001,116830,0.987297761258737,SIMULATED,NORMAL
2026-06-17T16:05:12.817994+00:00,DION_001,116831,1.1521611472344417,SIMULATED,NORMAL
2026-06-17T16:05:12.829011+00:00,DION_001,116832,1.205894151959379,SIMULATED,NORMAL
2026-06-17T16:05:12.840260+00:00,DION_001,116833,0.6984764476375243,SIMULATED,NORMAL
2026-06-17T16:05:12.851574+00:00,DION_001,116834,0.8963231058603817,SIMULATED,NORMAL
2026-06-17T16:05:12.862818+00:00,DION_001,116835,0.6895732899907048,SIMULATED,NORMAL
2026-06-17T16:05:12.873931+00:00,DION_001,116836,0.9449555213818105,SIMULATED,NORMAL
2026-06-17T16:05:12.884851+00:00,DION_001,116837,0.9660265858660801,SIMULATED,NORMAL
2026-06-17T16:05:12.896169+00:00,DION_001,116838,0.8526021860167173,SIMULATED,NORMAL
2026-06-17T16:05:12.907646+00:00,DION_001,116839,0.7744896764919109,SIMULATED,NORMAL
2026-06-17T16:05:12.919177+00:00,DION_001,116840,0.8665406414897543,SIMULATED,NORMAL
2026-06-17T16:05:12.930343+00:00,DION_001,116841,0.7363505198260437,SIMULATED,NORMAL
2026-06-17T16:05:12.941546+00:00,DION_001,116842,0.7442965996401443,SIMULATED,NORMAL
2026-06-17T16:05:12.952543+00:00,DION_001,116843,0.4434591463213493,SIMULATED,NORMAL
2026-06-17T16:05:12.963830+00:00,DION_001,116844,0.5387155464106747,SIMULATED,NORMAL
2026-06-17T16:05:12.974928+00:00,DION_001,116845,0.5622201050907303,SIMULATED,NORMAL
2026-06-17T16:05:12.985992+00:00,DION_001,116846,0.5138286957406684,SIMULATED,NORMAL
2026-06-17T16:05:12.996972+00:00,DION_001,116847,0.6671439109901867,SIMULATED,NORMAL
2026-06-17T16:05:13.008383+00:00,DION_001,116848,0.35765025472969075,SIMULATED,NORMAL
2026-06-17T16:05:13.019729+00:00,DION_001,116849,0.590487524570574,SIMULATED,NORMAL
2026-06-17T16:05:13.030849+00:00,DION_001,116850,0.7452474297081718,SIMULATED,NORMAL
2026-06-17T16:05:13.041934+00:00,DION_001,116851,0.5074553662888884,SIMULATED,NORMAL
2026-06-17T16:05:13.053431+00:00,DION_001,116852,0.4972635321119513,SIMULATED,NORMAL
2026-06-17T16:05:13.064397+00:00,DION_001,116853,0.25360127202266214,SIMULATED,NORMAL
2026-06-17T16:05:13.075666+00:00,DION_001,116854,0.6286999416912518,SIMULATED,NORMAL
2026-06-17T16:05:13.086984+00:00,DION_001,116855,0.41762563118160767,SIMULATED,NORMAL
2026-06-17T16:05:13.098205+00:00,DION_001,116856,0.40366570688091213,SIMULATED,NORMAL
2026-06-17T16:05:13.109363+00:00,DION_001,116857,0.32409887073272703,SIMULATED,NORMAL
2026-06-17T16:05:13.120319+00:00,DION_001,116858,0.2493041478762002,SIMULATED,NORMAL
2026-06-17T16:05:13.131626+00:00,DION_001,116859,0.33824163814496944,SIMULATED,NORMAL
2026-06-17T16:05:13.142841+00:00,DION_001,116860,0.5192463705319744,SIMULATED,NORMAL
2026-06-17T16:05:13.153704+00:00,DION_001,116861,-0.029803907202679447,SIMULATED,NORMAL
2026-06-17T16:05:13.164816+00:00,DION_001,116862,0.2750146620465236,SIMULATED,NORMAL
2026-06-17T16:05:13.176287+00:00,DION_001,116863,0.2302549998407454,SIMULATED,NORMAL
2026-06-17T16:05:13.187620+00:00,DION_001,116864,0.29128842989617565,SIMULATED,NORMAL
2026-06-17T16:05:13.198877+00:00,DION_001,116865,0.39193640750956266,SIMULATED,NORMAL
2026-06-17T16:05:13.210054+00:00,DION_001,116866,0.5027073676189452,SIMULATED,NORMAL
2026-06-17T16:05:13.220643+00:00,DION_001,116867,0.8025811902216073,SIMULATED,NORMAL
2026-06-17T16:05:13.231877+00:00,DION_001,116868,0.3761210831025833,SIMULATED,NORMAL
2026-06-17T16:05:13.243094+00:00,DION_001,116869,0.7731861845680148,SIMULATED,NORMAL
2026-06-17T16:05:13.254259+00:00,DION_001,116870,0.621894110430255,SIMULATED,NORMAL
2026-06-17T16:05:13.264936+00:00,DION_001,116871,0.709017429235246,SIMULATED,NORMAL
2026-06-17T16:05:13.275351+00:00,DION_001,116872,0.7242220933002089,SIMULATED,NORMAL
2026-06-17T16:05:13.286042+00:00,DION_001,116873,0.6660437774110096,SIMULATED,NORMAL
2026-06-17T16:05:13.296979+00:00,DION_001,116874,0.20838337710138377,SIMULATED,NORMAL
2026-06-17T16:05:13.308270+00:00,DION_001,116875,0.7804205530756355,SIMULATED,NORMAL
2026-06-17T16:05:13.319954+00:00,DION_001,116876,0.5136116186534052,SIMULATED,NORMAL
2026-06-17T16:05:13.331309+00:00,DION_001,116877,0.7504184702120827,SIMULATED,NORMAL
2026-06-17T16:05:13.342492+00:00,DION_001,116878,0.5933257872580914,SIMULATED,NORMAL
2026-06-17T16:05:13.353642+00:00,DION_001,116879,0.7021904767369929,SIMULATED,NORMAL
2026-06-17T16:05:13.364681+00:00,DION_001,116880,0.6608820579137431,SIMULATED,NORMAL
2026-06-17T16:05:13.376032+00:00,DION_001,116881,0.7789612951570488,SIMULATED,NORMAL
2026-06-17T16:05:13.387350+00:00,DION_001,116882,0.6656460915718191,SIMULATED,NORMAL
2026-06-17T16:05:13.398444+00:00,DION_001,116883,1.0110304932224459,SIMULATED,NORMAL
2026-06-17T16:05:13.409464+00:00,DION_001,116884,1.003540680573081,SIMULATED,NORMAL
2026-06-17T16:05:13.420546+00:00,DION_001,116885,0.9034330505634373,SIMULATED,NORMAL
2026-06-17T16:05:13.431962+00:00,DION_001,116886,0.9585422798595852,SIMULATED,NORMAL
2026-06-17T16:05:13.443160+00:00,DION_001,116887,0.9812019687856843,SIMULATED,NORMAL
2026-06-17T16:05:13.454296+00:00,DION_001,116888,0.9738934933935668,SIMULATED,NORMAL
2026-06-17T16:05:13.465343+00:00,DION_001,116889,1.257343007024083,SIMULATED,NORMAL
2026-06-17T16:05:13.476513+00:00,DION_001,116890,0.8618814886541832,SIMULATED,NORMAL
2026-06-17T16:05:13.487733+00:00,DION_001,116891,0.9744864615425932,SIMULATED,NORMAL
2026-06-17T16:05:13.498880+00:00,DION_001,116892,1.0132556366743721,SIMULATED,NORMAL
2026-06-17T16:05:13.510050+00:00,DION_001,116893,0.5970306133244966,SIMULATED,NORMAL
2026-06-17T16:05:13.521160+00:00,DION_001,116894,0.4627131794090229,SIMULATED,NORMAL
2026-06-17T16:05:13.532354+00:00,DION_001,116895,0.9083687299130876,SIMULATED,NORMAL
2026-06-17T16:05:13.543506+00:00,DION_001,116896,0.8735699485893799,SIMULATED,NORMAL
2026-06-17T16:05:13.554632+00:00,DION_001,116897,0.9178311128407157,SIMULATED,NORMAL
2026-06-17T16:05:13.565721+00:00,DION_001,116898,1.0023392740369943,SIMULATED,NORMAL
2026-06-17T16:05:13.576849+00:00,DION_001,116899,0.6538731353938385,SIMULATED,NORMAL
2026-06-17T16:05:13.588153+00:00,DION_001,116900,0.6962140030803461,SIMULATED,NORMAL
2026-06-17T16:05:13.599376+00:00,DION_001,116901,0.965567221655676,SIMULATED,NORMAL
2026-06-17T16:05:13.610512+00:00,DION_001,116902,0.8453032939617944,SIMULATED,NORMAL
2026-06-17T16:05:13.621758+00:00,DION_001,116903,0.699692463438776,SIMULATED,NORMAL
2026-06-17T16:05:13.632654+00:00,DION_001,116904,0.6719227692199261,SIMULATED,NORMAL
2026-06-17T16:05:13.643982+00:00,DION_001,116905,0.7772510504408445,SIMULATED,NORMAL
2026-06-17T16:05:13.655288+00:00,DION_001,116906,0.7208232138936487,SIMULATED,NORMAL
2026-06-17T16:05:13.666494+00:00,DION_001,116907,1.0862012510991574,SIMULATED,NORMAL
2026-06-17T16:05:13.677738+00:00,DION_001,116908,0.3735030998253137,SIMULATED,NORMAL
2026-06-17T16:05:13.688907+00:00,DION_001,116909,0.4506704559231727,SIMULATED,NORMAL
2026-06-17T16:05:13.700177+00:00,DION_001,116910,0.5266060255889408,SIMULATED,NORMAL
2026-06-17T16:05:13.711376+00:00,DION_001,116911,0.3314096962679791,SIMULATED,NORMAL
2026-06-17T16:05:13.722764+00:00,DION_001,116912,0.45475735770718007,SIMULATED,NORMAL
2026-06-17T16:05:13.733985+00:00,DION_001,116913,0.46440081044282816,SIMULATED,NORMAL
2026-06-17T16:05:13.745078+00:00,DION_001,116914,0.14886214475448956,SIMULATED,NORMAL
2026-06-17T16:05:13.756429+00:00,DION_001,116915,-0.008141375002689188,SIMULATED,NORMAL
2026-06-17T16:05:13.767691+00:00,DION_001,116916,0.3388920143172335,SIMULATED,NORMAL
2026-06-17T16:05:13.779069+00:00,DION_001,116917,0.0764182918264487,SIMULATED,NORMAL
2026-06-17T16:05:13.790293+00:00,DION_001,116918,0.2282105829517575,SIMULATED,NORMAL
2026-06-17T16:05:13.801342+00:00,DION_001,116919,0.006738963493092942,SIMULATED,NORMAL
2026-06-17T16:05:13.812258+00:00,DION_001,116920,-0.09209511108280297,SIMULATED,NORMAL
2026-06-17T16:05:13.823537+00:00,DION_001,116921,-0.08227681007353559,SIMULATED,NORMAL
2026-06-17T16:05:13.834854+00:00,DION_001,116922,-0.35999427945075035,SIMULATED,NORMAL
2026-06-17T16:05:13.846123+00:00,DION_001,116923,-0.15236711986798596,SIMULATED,NORMAL
2026-06-17T16:05:13.857378+00:00,DION_001,116924,-0.27285276525970725,SIMULATED,NORMAL
2026-06-17T16:05:13.868301+00:00,DION_001,116925,-0.3133763967226956,SIMULATED,NORMAL
2026-06-17T16:05:13.879604+00:00,DION_001,116926,0.014293689681835392,SIMULATED,NORMAL
2026-06-17T16:05:13.890817+00:00,DION_001,116927,-0.5035724315643235,SIMULATED,NORMAL
2026-06-17T16:05:13.901926+00:00,DION_001,116928,0.048850151510854534,SIMULATED,NORMAL
2026-06-17T16:05:13.912929+00:00,DION_001,116929,-0.4605274556963476,SIMULATED,NORMAL
2026-06-17T16:05:13.924257+00:00,DION_001,116930,-0.2906626243549738,SIMULATED,NORMAL
2026-06-17T16:05:13.935513+00:00,DION_001,116931,-0.2613307011615802,SIMULATED,NORMAL
2026-06-17T16:05:13.946623+00:00,DION_001,116932,-0.3704850127150195,SIMULATED,NORMAL
2026-06-17T16:05:13.957638+00:00,DION_001,116933,-0.5167976644164091,SIMULATED,NORMAL
2026-06-17T16:05:13.968699+00:00,DION_001,116934,-0.44516303726921347,SIMULATED,NORMAL
2026-06-17T16:05:13.980210+00:00,DION_001,116935,-0.2885982981621924,SIMULATED,NORMAL
2026-06-17T16:05:13.991513+00:00,DION_001,116936,-0.5317676915328677,SIMULATED,NORMAL
2026-06-17T16:05:14.002684+00:00,DION_001,116937,-0.5883767220082126,SIMULATED,NORMAL
2026-06-17T16:05:14.013768+00:00,DION_001,116938,-0.2536764762262591,SIMULATED,NORMAL
2026-06-17T16:05:14.024877+00:00,DION_001,116939,-0.3680270953230844,SIMULATED,NORMAL
2026-06-17T16:05:14.036310+00:00,DION_001,116940,-0.557524154422178,SIMULATED,NORMAL
2026-06-17T16:05:14.047609+00:00,DION_001,116941,-0.41824717682333873,SIMULATED,NORMAL
2026-06-17T16:05:14.058831+00:00,DION_001,116942,-0.49572402625763934,SIMULATED,NORMAL
2026-06-17T16:05:14.069904+00:00,DION_001,116943,-0.03761217579488818,SIMULATED,NORMAL
2026-06-17T16:05:14.080992+00:00,DION_001,116944,-0.03466342285256807,SIMULATED,NORMAL
2026-06-17T16:05:14.092303+00:00,DION_001,116945,-0.10447430833943364,SIMULATED,NORMAL
2026-06-17T16:05:14.103689+00:00,DION_001,116946,-0.2763978043167828,SIMULATED,NORMAL
2026-06-17T16:05:14.114877+00:00,DION_001,116947,-0.45440396014648476,SIMULATED,NORMAL
2026-06-17T16:05:14.125988+00:00,DION_001,116948,-0.40646757912083525,SIMULATED,NORMAL
2026-06-17T16:05:14.137005+00:00,DION_001,116949,-0.24343505265049106,SIMULATED,NORMAL
2026-06-17T16:05:14.148284+00:00,DION_001,116950,-0.4333944333288245,SIMULATED,NORMAL
2026-06-17T16:05:14.159562+00:00,DION_001,116951,-0.05819992085553663,SIMULATED,NORMAL
2026-06-17T16:05:14.170964+00:00,DION_001,116952,-0.07278811071903951,SIMULATED,NORMAL
2026-06-17T16:05:14.182167+00:00,DION_001,116953,-0.14841395556421572,SIMULATED,NORMAL
2026-06-17T16:05:14.193224+00:00,DION_001,116954,-0.2369249766699253,SIMULATED,NORMAL
2026-06-17T16:05:14.204360+00:00,DION_001,116955,-0.16017228898491828,SIMULATED,NORMAL
2026-06-17T16:05:14.215733+00:00,DION_001,116956,0.09866881456354087,SIMULATED,NORMAL
2026-06-17T16:05:14.226999+00:00,DION_001,116957,-0.11147971899488497,SIMULATED,NORMAL
2026-06-17T16:05:14.238201+00:00,DION_001,116958,0.2040447058885802,SIMULATED,NORMAL
2026-06-17T16:05:14.249179+00:00,DION_001,116959,-0.22957845004294195,SIMULATED,NORMAL
2026-06-17T16:05:14.260045+00:00,DION_001,116960,0.04999672309159514,SIMULATED,NORMAL
2026-06-17T16:05:14.271266+00:00,DION_001,116961,0.022640453325146775,SIMULATED,NORMAL
2026-06-17T16:05:14.282415+00:00,DION_001,116962,0.06076721268175728,SIMULATED,NORMAL
2026-06-17T16:05:14.293473+00:00,DION_001,116963,0.07700236866374377,SIMULATED,NORMAL
2026-06-17T16:05:14.304004+00:00,DION_001,116964,-0.1463945541557271,SIMULATED,NORMAL
2026-06-17T16:05:14.315210+00:00,DION_001,116965,-0.10270275079464267,SIMULATED,NORMAL
2026-06-17T16:05:14.326451+00:00,DION_001,116966,-0.13462977939765253,SIMULATED,NORMAL
2026-06-17T16:05:14.337644+00:00,DION_001,116967,0.06529940548404255,SIMULATED,NORMAL
2026-06-17T16:05:14.348622+00:00,DION_001,116968,-0.08481114112882099,SIMULATED,NORMAL
2026-06-17T16:05:14.359899+00:00,DION_001,116969,-0.44043882139871804,SIMULATED,NORMAL
2026-06-17T16:05:14.371069+00:00,DION_001,116970,-0.1569361568661474,SIMULATED,NORMAL
2026-06-17T16:05:14.382213+00:00,DION_001,116971,0.038926899147285254,SIMULATED,NORMAL
2026-06-17T16:05:14.393481+00:00,DION_001,116972,0.3281911307624297,SIMULATED,NORMAL
2026-06-17T16:05:14.404409+00:00,DION_001,116973,-0.005640779412970129,SIMULATED,NORMAL
2026-06-17T16:05:14.415646+00:00,DION_001,116974,-0.27216859190479104,SIMULATED,NORMAL
2026-06-17T16:05:14.426842+00:00,DION_001,116975,-0.21720623671677156,SIMULATED,NORMAL
2026-06-17T16:05:14.438027+00:00,DION_001,116976,-0.43193183475048863,SIMULATED,NORMAL
2026-06-17T16:05:14.449036+00:00,DION_001,116977,-0.2434606119398794,SIMULATED,NORMAL
2026-06-17T16:05:14.460374+00:00,DION_001,116978,2.8189565749420376,SIMULATED,EVENT_DETECTED
2026-06-17T16:05:14.472132+00:00,DION_001,116979,-0.188824778571834,SIMULATED,NORMAL
2026-06-17T16:05:14.483519+00:00,DION_001,116980,-0.1712474050160686,SIMULATED,NORMAL
2026-06-17T16:05:14.494401+00:00,DION_001,116981,-0.13464228804176062,SIMULATED,NORMAL
2026-06-17T16:05:14.504816+00:00,DION_001,116982,-0.25940967554550315,SIMULATED,NORMAL
2026-06-17T16:05:14.515202+00:00,DION_001,116983,-0.2965627905305459,SIMULATED,NORMAL
2026-06-17T16:05:14.525664+00:00,DION_001,116984,-0.5736048375439914,SIMULATED,NORMAL
2026-06-17T16:05:14.536034+00:00,DION_001,116985,-0.029336619471741876,SIMULATED,NORMAL
2026-06-17T16:05:14.546401+00:00,DION_001,116986,-0.5875542025805665,SIMULATED,NORMAL
2026-06-17T16:05:14.556799+00:00,DION_001,116987,-0.44969026732257594,SIMULATED,NORMAL
2026-06-17T16:05:14.567280+00:00,DION_001,116988,-0.3960573948143623,SIMULATED,NORMAL
2026-06-17T16:05:14.577697+00:00,DION_001,116989,-0.7025236680361455,SIMULATED,NORMAL
2026-06-17T16:05:14.588264+00:00,DION_001,116990,-0.6695714065705193,SIMULATED,NORMAL
2026-06-17T16:05:14.598595+00:00,DION_001,116991,-0.553662794925686,SIMULATED,NORMAL
2026-06-17T16:05:14.608970+00:00,DION_001,116992,-0.6686229462240613,SIMULATED,NORMAL
2026-06-17T16:05:14.619400+00:00,DION_001,116993,-0.7088731889905598,SIMULATED,NORMAL
2026-06-17T16:05:14.629798+00:00,DION_001,116994,-0.8058048958887305,SIMULATED,NORMAL
2026-06-17T16:05:14.640198+00:00,DION_001,116995,-0.8465818682994539,SIMULATED,NORMAL
2026-06-17T16:05:14.650624+00:00,DION_001,116996,-0.819387062513915,SIMULATED,NORMAL
2026-06-17T16:05:14.661163+00:00,DION_001,116997,-1.0789477298390047,SIMULATED,NORMAL
2026-06-17T16:05:14.671725+00:00,DION_001,116998,-0.7126596076774661,SIMULATED,NORMAL
2026-06-17T16:05:14.682099+00:00,DION_001,116999,-0.8862926822751157,SIMULATED,NORMAL
2026-06-17T16:05:14.692530+00:00,DION_001,117000,-0.878769494937206,SIMULATED,NORMAL
2026-06-17T16:05:14.702881+00:00,DION_001,117001,-1.0008555289828205,SIMULATED,NORMAL
2026-06-17T16:05:14.713443+00:00,DION_001,117002,-1.1075047574539985,SIMULATED,NORMAL
2026-06-17T16:05:14.723847+00:00,DION_001,117003,0.7456157132057948,SIMULATED,NORMAL
2026-06-17T16:05:14.734418+00:00,DION_001,117004,-1.1467332912759953,SIMULATED,NORMAL
2026-06-17T16:05:14.744856+00:00,DION_001,117005,-1.3160371819475523,SIMULATED,NORMAL
2026-06-17T16:05:14.755363+00:00,DION_001,117006,-1.1223185252888481,SIMULATED,NORMAL
2026-06-17T16:05:14.765702+00:00,DION_001,117007,-1.0163047586980325,SIMULATED,NORMAL
2026-06-17T16:05:14.776172+00:00,DION_001,117008,-1.1918496511668046,SIMULATED,NORMAL
2026-06-17T16:05:14.786735+00:00,DION_001,117009,-1.273398841442315,SIMULATED,NORMAL
2026-06-17T16:05:14.797214+00:00,DION_001,117010,-1.005453777987896,SIMULATED,NORMAL
2026-06-17T16:05:14.808148+00:00,DION_001,117011,-1.158529753331737,SIMULATED,NORMAL
2026-06-17T16:05:14.819004+00:00,DION_001,117012,-1.2414792229334313,SIMULATED,NORMAL
2026-06-17T16:05:14.829816+00:00,DION_001,117013,-1.0716549231409793,SIMULATED,NORMAL
2026-06-17T16:05:14.840187+00:00,DION_001,117014,-1.3549617958596496,SIMULATED,NORMAL
2026-06-17T16:05:14.850525+00:00,DION_001,117015,-0.855827977154388,SIMULATED,NORMAL
2026-06-17T16:05:14.860851+00:00,DION_001,117016,-1.1637192678395762,SIMULATED,NORMAL
2026-06-17T16:05:14.871314+00:00,DION_001,117017,-1.3178197802528255,SIMULATED,NORMAL
2026-06-17T16:05:14.881763+00:00,DION_001,117018,-0.9640802865774363,SIMULATED,NORMAL
2026-06-17T16:05:14.892125+00:00,DION_001,117019,-0.9946499717517798,SIMULATED,NORMAL
2026-06-17T16:05:14.902680+00:00,DION_001,117020,-1.169433767434003,SIMULATED,NORMAL
2026-06-17T16:05:14.913186+00:00,DION_001,117021,-1.2901502889438503,SIMULATED,NORMAL
2026-06-17T16:05:14.923709+00:00,DION_001,117022,-1.1419262870261147,SIMULATED,NORMAL
2026-06-17T16:05:14.934167+00:00,DION_001,117023,-0.8673418923488718,SIMULATED,NORMAL
2026-06-17T16:05:14.944579+00:00,DION_001,117024,-1.0279616504820335,SIMULATED,NORMAL
2026-06-17T16:05:14.954984+00:00,DION_001,117025,-1.1632077330086934,SIMULATED,NORMAL
2026-06-17T16:05:14.965382+00:00,DION_001,117026,-0.8340645118981102,SIMULATED,NORMAL
2026-06-17T16:05:14.975979+00:00,DION_001,117027,-0.863464995055258,SIMULATED,NORMAL
2026-06-17T16:05:14.986417+00:00,DION_001,117028,-0.8316230977552737,SIMULATED,NORMAL
2026-06-17T16:05:14.996834+00:00,DION_001,117029,-0.7208557388635458,SIMULATED,NORMAL
2026-06-17T16:05:15.007390+00:00,DION_001,117030,-1.0378165372113755,SIMULATED,NORMAL
2026-06-17T16:05:15.017753+00:00,DION_001,117031,-0.7714848412016172,SIMULATED,NORMAL
2026-06-17T16:05:15.028177+00:00,DION_001,117032,-0.42357844489313673,SIMULATED,NORMAL
2026-06-17T16:05:15.038610+00:00,DION_001,117033,-0.6025430380483401,SIMULATED,NORMAL
2026-06-17T16:05:15.048979+00:00,DION_001,117034,-0.6477417082954364,SIMULATED,NORMAL
2026-06-17T16:05:15.059400+00:00,DION_001,117035,-0.5847295328484327,SIMULATED,NORMAL
2026-06-17T16:05:15.069804+00:00,DION_001,117036,-0.5200424773201124,SIMULATED,NORMAL
2026-06-17T16:05:15.080299+00:00,DION_001,117037,-0.5290397455699338,SIMULATED,NORMAL
2026-06-17T16:05:15.090793+00:00,DION_001,117038,-0.45601587607513466,SIMULATED,NORMAL
2026-06-17T16:05:15.101166+00:00,DION_001,117039,-0.4381807531986839,SIMULATED,NORMAL
2026-06-17T16:05:15.111560+00:00,DION_001,117040,-0.4738029910385245,SIMULATED,NORMAL
2026-06-17T16:05:15.122144+00:00,DION_001,117041,-0.6735278914888143,SIMULATED,NORMAL
2026-06-17T16:05:15.132706+00:00,DION_001,117042,-0.23386752511667197,SIMULATED,NORMAL
2026-06-17T16:05:15.143143+00:00,DION_001,117043,-0.6066898876433064,SIMULATED,NORMAL
2026-06-17T16:05:15.153544+00:00,DION_001,117044,-0.40409816805811405,SIMULATED,NORMAL
2026-06-17T16:05:15.163868+00:00,DION_001,117045,-0.1970409582607864,SIMULATED,NORMAL
2026-06-17T16:05:15.174376+00:00,DION_001,117046,-0.2923046710846801,SIMULATED,NORMAL
2026-06-17T16:05:15.184818+00:00,DION_001,117047,-0.711426207655212,SIMULATED,NORMAL
2026-06-17T16:05:15.195225+00:00,DION_001,117048,-0.44844126654408256,SIMULATED,NORMAL
2026-06-17T16:05:15.205694+00:00,DION_001,117049,-0.5856326745289808,SIMULATED,NORMAL
2026-06-17T16:05:15.216264+00:00,DION_001,117050,-0.15534476078918547,SIMULATED,NORMAL
2026-06-17T16:05:15.226726+00:00,DION_001,117051,-0.36763988584022017,SIMULATED,NORMAL
2026-06-17T16:05:15.237060+00:00,DION_001,117052,-0.49122043904275037,SIMULATED,NORMAL
2026-06-17T16:05:15.247400+00:00,DION_001,117053,-0.5076794486383122,SIMULATED,NORMAL
2026-06-17T16:05:15.257809+00:00,DION_001,117054,-0.09587554232390139,SIMULATED,NORMAL
2026-06-17T16:05:15.268161+00:00,DION_001,117055,-0.6161721565661761,SIMULATED,NORMAL
2026-06-17T16:05:15.278559+00:00,DION_001,117056,-0.3226276344260944,SIMULATED,NORMAL
2026-06-17T16:05:15.288906+00:00,DION_001,117057,-0.45130780219645733,SIMULATED,NORMAL
2026-06-17T16:05:15.299348+00:00,DION_001,117058,-0.16056034299531508,SIMULATED,NORMAL
2026-06-17T16:05:15.309843+00:00,DION_001,117059,-0.5606108595144705,SIMULATED,NORMAL
2026-06-17T16:05:15.320223+00:00,DION_001,117060,-0.49891836183264854,SIMULATED,NORMAL
2026-06-17T16:05:15.330601+00:00,DION_001,117061,-0.4602906151927598,SIMULATED,NORMAL
2026-06-17T16:05:15.340968+00:00,DION_001,117062,-0.4391849509799976,SIMULATED,NORMAL
2026-06-17T16:05:15.351300+00:00,DION_001,117063,-0.6611424708536053,SIMULATED,NORMAL
2026-06-17T16:05:15.361640+00:00,DION_001,117064,-0.7229567108308459,SIMULATED,NORMAL
2026-06-17T16:05:15.372040+00:00,DION_001,117065,-0.5799618494321277,SIMULATED,NORMAL
2026-06-17T16:05:15.382506+00:00,DION_001,117066,-0.44337795305933814,SIMULATED,NORMAL
2026-06-17T16:05:15.392899+00:00,DION_001,117067,-0.6873674149322184,SIMULATED,NORMAL
2026-06-17T16:05:15.403168+00:00,DION_001,117068,-0.7137879064915579,SIMULATED,NORMAL
2026-06-17T16:05:15.413598+00:00,DION_001,117069,-0.5836010084069642,SIMULATED,NORMAL
2026-06-17T16:05:15.424115+00:00,DION_001,117070,-0.783610407929217,SIMULATED,NORMAL
2026-06-17T16:05:15.434472+00:00,DION_001,117071,-0.5262108309959972,SIMULATED,NORMAL
2026-06-17T16:05:15.444852+00:00,DION_001,117072,-0.6583063558657797,SIMULATED,NORMAL
2026-06-17T16:05:15.455197+00:00,DION_001,117073,-0.9606322311141793,SIMULATED,NORMAL
2026-06-17T16:05:15.465535+00:00,DION_001,117074,-0.8238294612335264,SIMULATED,NORMAL
2026-06-17T16:05:15.475972+00:00,DION_001,117075,-0.7198190236860784,SIMULATED,NORMAL
2026-06-17T16:05:15.486314+00:00,DION_001,117076,-0.951945291297092,SIMULATED,NORMAL
2026-06-17T16:05:15.496663+00:00,DION_001,117077,-1.025494010428563,SIMULATED,NORMAL
2026-06-17T16:05:15.506974+00:00,DION_001,117078,-1.093900168283891,SIMULATED,NORMAL
2026-06-17T16:05:15.517384+00:00,DION_001,117079,-1.0384055088532012,SIMULATED,NORMAL
2026-06-17T16:05:15.527821+00:00,DION_001,117080,-0.8811247465873447,SIMULATED,NORMAL
2026-06-17T16:05:15.538320+00:00,DION_001,117081,-0.4657074462847988,SIMULATED,NORMAL
2026-06-17T16:05:15.548752+00:00,DION_001,117082,-0.8807245863968081,SIMULATED,NORMAL
2026-06-17T16:05:15.559306+00:00,DION_001,117083,-0.6466875926674271,SIMULATED,NORMAL
2026-06-17T16:05:15.569707+00:00,DION_001,117084,-0.8677192958581406,SIMULATED,NORMAL
2026-06-17T16:05:15.580215+00:00,DION_001,117085,-0.5451271459106781,SIMULATED,NORMAL
2026-06-17T16:05:15.590648+00:00,DION_001,117086,-0.8230948328004153,SIMULATED,NORMAL
2026-06-17T16:05:15.601123+00:00,DION_001,117087,-0.8903608309179957,SIMULATED,NORMAL
2026-06-17T16:05:15.611526+00:00,DION_001,117088,-0.9798639186003005,SIMULATED,NORMAL
2026-06-17T16:05:15.621948+00:00,DION_001,117089,-0.7418636674500638,SIMULATED,NORMAL
2026-06-17T16:05:15.632290+00:00,DION_001,117090,-0.8182763520764986,SIMULATED,NORMAL
2026-06-17T16:05:15.642748+00:00,DION_001,117091,-0.9396634271685218,SIMULATED,NORMAL
2026-06-17T16:05:15.653190+00:00,DION_001,117092,-0.6059208303334888,SIMULATED,NORMAL
2026-06-17T16:05:15.663619+00:00,DION_001,117093,-1.0189208008109363,SIMULATED,NORMAL
2026-06-17T16:05:15.673964+00:00,DION_001,117094,-0.8527302129369534,SIMULATED,NORMAL
2026-06-17T16:05:15.684473+00:00,DION_001,117095,-0.6787876689322336,SIMULATED,NORMAL
2026-06-17T16:05:15.694904+00:00,DION_001,117096,-0.6504361150176843,SIMULATED,NORMAL
2026-06-17T16:05:15.705232+00:00,DION_001,117097,-0.6105747629342504,SIMULATED,NORMAL
2026-06-17T16:05:15.715744+00:00,DION_001,117098,-0.38176035719393875,SIMULATED,NORMAL
2026-06-17T16:05:15.726234+00:00,DION_001,117099,-0.7366874339152532,SIMULATED,NORMAL
2026-06-17T16:05:15.736726+00:00,DION_001,117100,-0.8200084618066482,SIMULATED,NORMAL
2026-06-17T16:05:15.747146+00:00,DION_001,117101,-0.4587483094323639,SIMULATED,NORMAL
2026-06-17T16:05:15.757487+00:00,DION_001,117102,-0.6589157290769483,SIMULATED,NORMAL
2026-06-17T16:05:15.767937+00:00,DION_001,117103,-0.5295669458222727,SIMULATED,NORMAL
2026-06-17T16:05:15.778418+00:00,DION_001,117104,-0.40628772981098055,SIMULATED,NORMAL
2026-06-17T16:05:15.789005+00:00,DION_001,117105,-0.3465685429788701,SIMULATED,NORMAL
2026-06-17T16:05:15.799431+00:00,DION_001,117106,-0.39272144325227343,SIMULATED,NORMAL
2026-06-17T16:05:15.809839+00:00,DION_001,117107,-0.3095405548616669,SIMULATED,NORMAL
2026-06-17T16:05:15.820423+00:00,DION_001,117108,-0.07188005729157881,SIMULATED,NORMAL
2026-06-17T16:05:15.830828+00:00,DION_001,117109,-0.17600279348458153,SIMULATED,NORMAL
2026-06-17T16:05:15.841190+00:00,DION_001,117110,0.1058412885915323,SIMULATED,NORMAL
2026-06-17T16:05:15.851666+00:00,DION_001,117111,-0.2663598082413151,SIMULATED,NORMAL
2026-06-17T16:05:15.862254+00:00,DION_001,117112,-0.09412916706682127,SIMULATED,NORMAL
2026-06-17T16:05:15.872712+00:00,DION_001,117113,-0.03460412152749022,SIMULATED,NORMAL
2026-06-17T16:05:15.883179+00:00,DION_001,117114,0.2076921018007347,SIMULATED,NORMAL
2026-06-17T16:05:15.893581+00:00,DION_001,117115,-0.13925013601680764,SIMULATED,NORMAL
2026-06-17T16:05:15.907516+00:00,DION_001,117116,0.15968953086331908,SIMULATED,NORMAL
2026-06-17T16:05:15.917998+00:00,DION_001,117117,0.09507670318509558,SIMULATED,NORMAL
2026-06-17T16:05:15.928492+00:00,DION_001,117118,0.10490664510934714,SIMULATED,NORMAL
2026-06-17T16:05:15.939099+00:00,DION_001,117119,0.03512011111116445,SIMULATED,NORMAL
2026-06-17T16:05:15.949531+00:00,DION_001,117120,0.2673428992166862,SIMULATED,NORMAL
2026-06-17T16:05:15.959981+00:00,DION_001,117121,0.27243904430495813,SIMULATED,NORMAL
2026-06-17T16:05:15.970552+00:00,DION_001,117122,0.007021264127351046,SIMULATED,NORMAL
2026-06-17T16:05:15.980963+00:00,DION_001,117123,-0.08118505651982649,SIMULATED,NORMAL
2026-06-17T16:05:15.991404+00:00,DION_001,117124,0.5444278607585771,SIMULATED,NORMAL
2026-06-17T16:05:16.001723+00:00,DION_001,117125,0.43481171044692446,SIMULATED,NORMAL
2026-06-17T16:05:16.012161+00:00,DION_001,117126,0.4752770779050222,SIMULATED,NORMAL
2026-06-17T16:05:16.022652+00:00,DION_001,117127,0.41874916238408433,SIMULATED,NORMAL
2026-06-17T16:05:16.033077+00:00,DION_001,117128,0.26041054470324204,SIMULATED,NORMAL
2026-06-17T16:05:16.043512+00:00,DION_001,117129,0.4669879774593758,SIMULATED,NORMAL
2026-06-17T16:05:16.053946+00:00,DION_001,117130,0.3899881516734092,SIMULATED,NORMAL
2026-06-17T16:05:16.064420+00:00,DION_001,117131,0.3058393418419174,SIMULATED,NORMAL
2026-06-17T16:05:16.074854+00:00,DION_001,117132,0.2890464898276226,SIMULATED,NORMAL
2026-06-17T16:05:16.085359+00:00,DION_001,117133,0.4074183471511331,SIMULATED,NORMAL
2026-06-17T16:05:16.095788+00:00,DION_001,117134,0.6727527597801812,SIMULATED,NORMAL
2026-06-17T16:05:16.106207+00:00,DION_001,117135,2.515652253809434,SIMULATED,EVENT_DETECTED
2026-06-17T16:05:16.116680+00:00,DION_001,117136,0.44454814881783544,SIMULATED,NORMAL
2026-06-17T16:05:16.127059+00:00,DION_001,117137,0.4675155423769414,SIMULATED,NORMAL
2026-06-17T16:05:16.137450+00:00,DION_001,117138,0.5025762260010822,SIMULATED,NORMAL
2026-06-17T16:05:16.147902+00:00,DION_001,117139,0.6423433607402929,SIMULATED,NORMAL
2026-06-17T16:05:16.158411+00:00,DION_001,117140,0.4092985394319729,SIMULATED,NORMAL
2026-06-17T16:05:16.168790+00:00,DION_001,117141,0.34260949801236984,SIMULATED,NORMAL
2026-06-17T16:05:16.179166+00:00,DION_001,117142,0.6411677821135016,SIMULATED,NORMAL
2026-06-17T16:05:16.189600+00:00,DION_001,117143,0.5734775386858095,SIMULATED,NORMAL
2026-06-17T16:05:16.200081+00:00,DION_001,117144,0.703116892200651,SIMULATED,NORMAL
2026-06-17T16:05:16.210440+00:00,DION_001,117145,0.4010368656344516,SIMULATED,NORMAL
2026-06-17T16:05:16.220796+00:00,DION_001,117146,0.30759132871143113,SIMULATED,NORMAL
2026-06-17T16:05:16.231300+00:00,DION_001,117147,0.553772504546653,SIMULATED,NORMAL
2026-06-17T16:05:16.241735+00:00,DION_001,117148,0.5200218173982352,SIMULATED,NORMAL
2026-06-17T16:05:16.252190+00:00,DION_001,117149,0.4115548814475929,SIMULATED,NORMAL
2026-06-17T16:05:16.262552+00:00,DION_001,117150,0.24251734107148934,SIMULATED,NORMAL
2026-06-17T16:05:16.272935+00:00,DION_001,117151,0.3785926291623437,SIMULATED,NORMAL
2026-06-17T16:05:16.283395+00:00,DION_001,117152,0.0755987038231051,SIMULATED,NORMAL
2026-06-17T16:05:16.293773+00:00,DION_001,117153,0.09686516026652842,SIMULATED,NORMAL
2026-06-17T16:05:16.304156+00:00,DION_001,117154,0.2267157200437179,SIMULATED,NORMAL
2026-06-17T16:05:16.314587+00:00,DION_001,117155,0.2927547666113674,SIMULATED,NORMAL
2026-06-17T16:05:16.325079+00:00,DION_001,117156,0.24795984930794232,SIMULATED,NORMAL
2026-06-17T16:05:16.335502+00:00,DION_001,117157,0.03825495346857154,SIMULATED,NORMAL
2026-06-17T16:05:16.345811+00:00,DION_001,117158,0.12938029354760908,SIMULATED,NORMAL
2026-06-17T16:05:16.356097+00:00,DION_001,117159,0.13191458555185137,SIMULATED,NORMAL
2026-06-17T16:05:16.366407+00:00,DION_001,117160,0.18840146364316027,SIMULATED,NORMAL
2026-06-17T16:05:16.376674+00:00,DION_001,117161,-0.16862987493777548,SIMULATED,NORMAL
2026-06-17T16:05:16.386914+00:00,DION_001,117162,0.0983572771110899,SIMULATED,NORMAL
2026-06-17T16:05:16.397169+00:00,DION_001,117163,0.13096991611142683,SIMULATED,NORMAL
2026-06-17T16:05:16.407529+00:00,DION_001,117164,-0.019055273893843427,SIMULATED,NORMAL
2026-06-17T16:05:16.417864+00:00,DION_001,117165,0.20781895313372795,SIMULATED,NORMAL
2026-06-17T16:05:16.428166+00:00,DION_001,117166,0.050541759763243786,SIMULATED,NORMAL
2026-06-17T16:05:16.438467+00:00,DION_001,117167,0.19349763236690615,SIMULATED,NORMAL
2026-06-17T16:05:16.448749+00:00,DION_001,117168,0.008069472202700836,SIMULATED,NORMAL
2026-06-17T16:05:16.459059+00:00,DION_001,117169,0.1614001625886383,SIMULATED,NORMAL
2026-06-17T16:05:16.469328+00:00,DION_001,117170,0.08983428203159936,SIMULATED,NORMAL
2026-06-17T16:05:16.479605+00:00,DION_001,117171,0.21729983788760315,SIMULATED,NORMAL
2026-06-17T16:05:16.489875+00:00,DION_001,117172,0.19807518811979358,SIMULATED,NORMAL
2026-06-17T16:05:16.500178+00:00,DION_001,117173,2.546721312922142,SIMULATED,EVENT_DETECTED
2026-06-17T16:05:16.510741+00:00,DION_001,117174,-0.04631915007079851,SIMULATED,NORMAL
2026-06-17T16:05:16.521170+00:00,DION_001,117175,0.24966533674991906,SIMULATED,NORMAL
2026-06-17T16:05:16.531482+00:00,DION_001,117176,0.34534230073843253,SIMULATED,NORMAL
2026-06-17T16:05:16.541836+00:00,DION_001,117177,0.1295983328255382,SIMULATED,NORMAL
2026-06-17T16:05:16.552184+00:00,DION_001,117178,0.4005016714239956,SIMULATED,NORMAL
2026-06-17T16:05:16.562544+00:00,DION_001,117179,0.5179483929995472,SIMULATED,NORMAL
2026-06-17T16:05:16.572919+00:00,DION_001,117180,0.3307312861788267,SIMULATED,NORMAL
2026-06-17T16:05:16.583412+00:00,DION_001,117181,0.46030739002643806,SIMULATED,NORMAL
2026-06-17T16:05:16.593793+00:00,DION_001,117182,0.47788220412095606,SIMULATED,NORMAL
2026-06-17T16:05:16.604168+00:00,DION_001,117183,0.7464893676932074,SIMULATED,NORMAL
2026-06-17T16:05:16.614508+00:00,DION_001,117184,0.5439871020698425,SIMULATED,NORMAL
2026-06-17T16:05:16.624852+00:00,DION_001,117185,0.7640692506418552,SIMULATED,NORMAL
2026-06-17T16:05:16.635204+00:00,DION_001,117186,0.6390247541297489,SIMULATED,NORMAL
2026-06-17T16:05:16.645551+00:00,DION_001,117187,0.8360785428143864,SIMULATED,NORMAL
2026-06-17T16:05:16.655906+00:00,DION_001,117188,0.5803161426142807,SIMULATED,NORMAL
2026-06-17T16:05:16.666180+00:00,DION_001,117189,0.536997565817933,SIMULATED,NORMAL
2026-06-17T16:05:16.676485+00:00,DION_001,117190,0.6603283869201899,SIMULATED,NORMAL
2026-06-17T16:05:16.686893+00:00,DION_001,117191,0.7983023096038336,SIMULATED,NORMAL
2026-06-17T16:05:16.697235+00:00,DION_001,117192,0.8344565543104288,SIMULATED,NORMAL
2026-06-17T16:05:16.707549+00:00,DION_001,117193,0.8514493856547538,SIMULATED,NORMAL
2026-06-17T16:05:16.717971+00:00,DION_001,117194,0.8856348315659234,SIMULATED,NORMAL
2026-06-17T16:05:16.728329+00:00,DION_001,117195,0.8726019088278534,SIMULATED,NORMAL
2026-06-17T16:05:16.738744+00:00,DION_001,117196,1.135004748097906,SIMULATED,NORMAL
2026-06-17T16:05:16.749216+00:00,DION_001,117197,0.9909476151350398,SIMULATED,NORMAL
2026-06-17T16:05:16.759613+00:00,DION_001,117198,0.900389538646015,SIMULATED,NORMAL
2026-06-17T16:05:16.770025+00:00,DION_001,117199,1.183485649896676,SIMULATED,NORMAL
2026-06-17T16:05:16.780454+00:00,DION_001,117200,1.060831153765633,SIMULATED,NORMAL
2026-06-17T16:05:16.790845+00:00,DION_001,117201,1.0685866258126555,SIMULATED,NORMAL
2026-06-17T16:05:16.801116+00:00,DION_001,117202,1.0624704696156597,SIMULATED,NORMAL
2026-06-17T16:05:16.811525+00:00,DION_001,117203,1.2702791250556318,SIMULATED,NORMAL
2026-06-17T16:05:16.821921+00:00,DION_001,117204,0.9431926282310932,SIMULATED,NORMAL
2026-06-17T16:05:16.832254+00:00,DION_001,117205,1.0076208820189272,SIMULATED,NORMAL
2026-06-17T16:05:16.842626+00:00,DION_001,117206,1.1444344701413265,SIMULATED,NORMAL
2026-06-17T16:05:16.853088+00:00,DION_001,117207,1.2845752769795737,SIMULATED,NORMAL
2026-06-17T16:05:16.863560+00:00,DION_001,117208,1.136592034624923,SIMULATED,NORMAL
2026-06-17T16:05:16.874119+00:00,DION_001,117209,1.1201612020649065,SIMULATED,NORMAL
2026-06-17T16:05:16.884503+00:00,DION_001,117210,1.128702890310385,SIMULATED,NORMAL
2026-06-17T16:05:16.894790+00:00,DION_001,117211,1.4431599803428758,SIMULATED,NORMAL
2026-06-17T16:05:16.905184+00:00,DION_001,117212,0.8658403079315009,SIMULATED,NORMAL
2026-06-17T16:05:16.915590+00:00,DION_001,117213,1.0578303073534632,SIMULATED,NORMAL
2026-06-17T16:05:16.925970+00:00,DION_001,117214,1.453606805279932,SIMULATED,NORMAL
2026-06-17T16:05:16.936383+00:00,DION_001,117215,1.1538211947804262,SIMULATED,NORMAL
2026-06-17T16:05:16.946903+00:00,DION_001,117216,0.9611791305298801,SIMULATED,NORMAL
2026-06-17T16:05:16.957330+00:00,DION_001,117217,1.1535812448330431,SIMULATED,NORMAL
2026-06-17T16:05:16.967754+00:00,DION_001,117218,1.338760775191658,SIMULATED,NORMAL
2026-06-17T16:05:16.978239+00:00,DION_001,117219,1.1870611032596063,SIMULATED,NORMAL
2026-06-17T16:05:16.988776+00:00,DION_001,117220,1.1343302505230541,SIMULATED,NORMAL
2026-06-17T16:05:16.999233+00:00,DION_001,117221,1.0571455846713578,SIMULATED,NORMAL
2026-06-17T16:05:17.009609+00:00,DION_001,117222,0.9407234721308201,SIMULATED,NORMAL
2026-06-17T16:05:17.019991+00:00,DION_001,117223,1.018774643540231,SIMULATED,NORMAL
2026-06-17T16:05:17.030495+00:00,DION_001,117224,0.9805467429004786,SIMULATED,NORMAL
2026-06-17T16:05:17.040901+00:00,DION_001,117225,0.7427814988494235,SIMULATED,NORMAL
2026-06-17T16:05:17.051252+00:00,DION_001,117226,0.9592225396806012,SIMULATED,NORMAL
2026-06-17T16:05:17.061623+00:00,DION_001,117227,0.7308071984176558,SIMULATED,NORMAL
2026-06-17T16:05:17.072037+00:00,DION_001,117228,0.9615098144894751,SIMULATED,NORMAL
2026-06-17T16:05:17.082449+00:00,DION_001,117229,1.0480927907185595,SIMULATED,NORMAL
2026-06-17T16:05:17.092847+00:00,DION_001,117230,0.6039084386800694,SIMULATED,NORMAL
2026-06-17T16:05:17.103201+00:00,DION_001,117231,0.705224312351782,SIMULATED,NORMAL
2026-06-17T16:05:17.113736+00:00,DION_001,117232,0.4876263753240393,SIMULATED,NORMAL
2026-06-17T16:05:17.124220+00:00,DION_001,117233,0.5636417890927109,SIMULATED,NORMAL
2026-06-17T16:05:17.134877+00:00,DION_001,117234,0.6240905655655132,SIMULATED,NORMAL
2026-06-17T16:05:17.145363+00:00,DION_001,117235,0.6216637073993316,SIMULATED,NORMAL
2026-06-17T16:05:17.155743+00:00,DION_001,117236,0.19643512942007074,SIMULATED,NORMAL
2026-06-17T16:05:17.166239+00:00,DION_001,117237,0.6109433436466943,SIMULATED,NORMAL
2026-06-17T16:05:17.176879+00:00,DION_001,117238,0.4350432167228022,SIMULATED,NORMAL
2026-06-17T16:05:17.187484+00:00,DION_001,117239,0.26510742689392436,SIMULATED,NORMAL
2026-06-17T16:05:17.197998+00:00,DION_001,117240,0.2730513491080428,SIMULATED,NORMAL
2026-06-17T16:05:17.208375+00:00,DION_001,117241,0.41868538432896685,SIMULATED,NORMAL
2026-06-17T16:05:17.218770+00:00,DION_001,117242,0.4410551222545806,SIMULATED,NORMAL
2026-06-17T16:05:17.229129+00:00,DION_001,117243,0.4121146811750547,SIMULATED,NORMAL
2026-06-17T16:05:17.239622+00:00,DION_001,117244,0.3638835809699923,SIMULATED,NORMAL
2026-06-17T16:05:17.250155+00:00,DION_001,117245,0.5033668511251161,SIMULATED,NORMAL
2026-06-17T16:05:17.260641+00:00,DION_001,117246,0.47442819009455683,SIMULATED,NORMAL
2026-06-17T16:05:17.271113+00:00,DION_001,117247,0.28565094069164587,SIMULATED,NORMAL
2026-06-17T16:05:17.281490+00:00,DION_001,117248,0.2860381423034404,SIMULATED,NORMAL
2026-06-17T16:05:17.291878+00:00,DION_001,117249,0.5485312979946149,SIMULATED,NORMAL
2026-06-17T16:05:17.302242+00:00,DION_001,117250,0.2776296736874182,SIMULATED,NORMAL
2026-06-17T16:05:17.312524+00:00,DION_001,117251,0.3470754050566398,SIMULATED,NORMAL
2026-06-17T16:05:17.323032+00:00,DION_001,117252,0.3771961248917394,SIMULATED,NORMAL
2026-06-17T16:05:17.333478+00:00,DION_001,117253,0.37008252942879477,SIMULATED,NORMAL
2026-06-17T16:05:17.344060+00:00,DION_001,117254,0.30069207054587294,SIMULATED,NORMAL
2026-06-17T16:05:17.354409+00:00,DION_001,117255,0.16666366837244545,SIMULATED,NORMAL
2026-06-17T16:05:17.364721+00:00,DION_001,117256,0.41542862955828336,SIMULATED,NORMAL
2026-06-17T16:05:17.375174+00:00,DION_001,117257,0.439172290825042,SIMULATED,NORMAL
2026-06-17T16:05:17.385487+00:00,DION_001,117258,0.47075128120242915,SIMULATED,NORMAL
2026-06-17T16:05:17.395782+00:00,DION_001,117259,0.5445071101393143,SIMULATED,NORMAL
2026-06-17T16:05:17.406175+00:00,DION_001,117260,0.5017052236084668,SIMULATED,NORMAL
2026-06-17T16:05:17.416554+00:00,DION_001,117261,0.5205392766863546,SIMULATED,NORMAL
2026-06-17T16:05:17.426943+00:00,DION_001,117262,0.5205942388858957,SIMULATED,NORMAL
2026-06-17T16:05:17.437258+00:00,DION_001,117263,0.40486232429028207,SIMULATED,NORMAL
2026-06-17T16:05:17.447674+00:00,DION_001,117264,0.5118893233341231,SIMULATED,NORMAL
2026-06-17T16:05:17.458076+00:00,DION_001,117265,0.05637097297828586,SIMULATED,NORMAL
2026-06-17T16:05:17.468411+00:00,DION_001,117266,0.4442068572657468,SIMULATED,NORMAL
2026-06-17T16:05:17.478793+00:00,DION_001,117267,0.7135753663564267,SIMULATED,NORMAL
2026-06-17T16:05:17.489176+00:00,DION_001,117268,0.5818013337506176,SIMULATED,NORMAL
2026-06-17T16:05:17.499612+00:00,DION_001,117269,0.5195349385793381,SIMULATED,NORMAL
2026-06-17T16:05:17.509968+00:00,DION_001,117270,0.5323786060406538,SIMULATED,NORMAL
2026-06-17T16:05:17.520267+00:00,DION_001,117271,0.6019359901533973,SIMULATED,NORMAL
2026-06-17T16:05:17.530616+00:00,DION_001,117272,0.7257305601540047,SIMULATED,NORMAL
2026-06-17T16:05:17.540964+00:00,DION_001,117273,0.897592410327898,SIMULATED,NORMAL
2026-06-17T16:05:17.551468+00:00,DION_001,117274,0.728149824361647,SIMULATED,NORMAL
2026-06-17T16:05:17.562022+00:00,DION_001,117275,0.9045062972107124,SIMULATED,NORMAL
2026-06-17T16:05:17.572353+00:00,DION_001,117276,0.6267268561055676,SIMULATED,NORMAL
2026-06-17T16:05:17.582728+00:00,DION_001,117277,0.4639648268419092,SIMULATED,NORMAL
2026-06-17T16:05:17.593454+00:00,DION_001,117278,-1.4606686283432568,SIMULATED,NORMAL
2026-06-17T16:05:17.604022+00:00,DION_001,117279,0.7443177134162692,SIMULATED,NORMAL
2026-06-17T16:05:17.614405+00:00,DION_001,117280,0.658835390990788,SIMULATED,NORMAL
2026-06-17T16:05:17.624771+00:00,DION_001,117281,0.6732135037113974,SIMULATED,NORMAL
2026-06-17T16:05:17.635280+00:00,DION_001,117282,0.6187865635286002,SIMULATED,NORMAL
2026-06-17T16:05:17.645641+00:00,DION_001,117283,0.9367498771429337,SIMULATED,NORMAL
2026-06-17T16:05:17.656033+00:00,DION_001,117284,0.5523299952907672,SIMULATED,NORMAL
2026-06-17T16:05:17.666420+00:00,DION_001,117285,0.5319806193169525,SIMULATED,NORMAL
2026-06-17T16:05:17.676967+00:00,DION_001,117286,0.8309603435366001,SIMULATED,NORMAL
2026-06-17T16:05:17.687396+00:00,DION_001,117287,0.6287966572406921,SIMULATED,NORMAL
2026-06-17T16:05:17.697744+00:00,DION_001,117288,0.9884665311146527,SIMULATED,NORMAL
2026-06-17T16:05:17.708098+00:00,DION_001,117289,0.8588628836411266,SIMULATED,NORMAL
2026-06-17T16:05:17.718552+00:00,DION_001,117290,0.6752593701977938,SIMULATED,NORMAL
2026-06-17T16:05:17.729065+00:00,DION_001,117291,0.7496065798601683,SIMULATED,NORMAL
2026-06-17T16:05:17.739479+00:00,DION_001,117292,0.5828390980184813,SIMULATED,NORMAL
2026-06-17T16:05:17.749900+00:00,DION_001,117293,0.8518941630612009,SIMULATED,NORMAL
2026-06-17T16:05:17.760288+00:00,DION_001,117294,0.8315104636931079,SIMULATED,NORMAL
2026-06-17T16:05:17.770657+00:00,DION_001,117295,0.6589214888004027,SIMULATED,NORMAL
2026-06-17T16:05:17.781167+00:00,DION_001,117296,0.3858744779842347,SIMULATED,NORMAL
2026-06-17T16:05:17.791527+00:00,DION_001,117297,0.638975993093115,SIMULATED,NORMAL
2026-06-17T16:05:17.801959+00:00,DION_001,117298,0.5148764632311582,SIMULATED,NORMAL
2026-06-17T16:05:17.812409+00:00,DION_001,117299,0.610498673898972,SIMULATED,NORMAL
2026-06-17T16:05:17.822815+00:00,DION_001,117300,0.39779135064185944,SIMULATED,NORMAL
2026-06-17T16:05:17.833184+00:00,DION_001,117301,0.38236610896790757,SIMULATED,NORMAL
2026-06-17T16:05:17.843850+00:00,DION_001,117302,0.3908510914513393,SIMULATED,NORMAL
2026-06-17T16:05:17.854270+00:00,DION_001,117303,0.4883787980354695,SIMULATED,NORMAL
2026-06-17T16:05:17.864735+00:00,DION_001,117304,0.1348382462487969,SIMULATED,NORMAL
2026-06-17T16:05:17.875140+00:00,DION_001,117305,0.30900786291008236,SIMULATED,NORMAL
2026-06-17T16:05:17.885598+00:00,DION_001,117306,0.1143599773417314,SIMULATED,NORMAL
2026-06-17T16:05:17.896005+00:00,DION_001,117307,0.14495897756582576,SIMULATED,NORMAL
2026-06-17T16:05:17.906367+00:00,DION_001,117308,-0.16202983646910737,SIMULATED,NORMAL
2026-06-17T16:05:17.916739+00:00,DION_001,117309,0.31084100633677303,SIMULATED,NORMAL
2026-06-17T16:05:17.927078+00:00,DION_001,117310,0.13283556979463074,SIMULATED,NORMAL
2026-06-17T16:05:17.937476+00:00,DION_001,117311,-0.005077321481173763,SIMULATED,NORMAL
2026-06-17T16:05:17.947870+00:00,DION_001,117312,0.0992427023373109,SIMULATED,NORMAL
2026-06-17T16:05:17.958342+00:00,DION_001,117313,-0.04263764947648841,SIMULATED,NORMAL
2026-06-17T16:05:17.968776+00:00,DION_001,117314,-0.2763225649693736,SIMULATED,NORMAL
2026-06-17T16:05:17.979210+00:00,DION_001,117315,-0.0697947989013197,SIMULATED,NORMAL
2026-06-17T16:05:17.989622+00:00,DION_001,117316,-0.04325929344738452,SIMULATED,NORMAL
2026-06-17T16:05:18.000278+00:00,DION_001,117317,-0.19879081994636869,SIMULATED,NORMAL
2026-06-17T16:05:18.010685+00:00,DION_001,117318,-0.3201632124730746,SIMULATED,NORMAL
2026-06-17T16:05:18.021189+00:00,DION_001,117319,-0.5508537406953823,SIMULATED,NORMAL
2026-06-17T16:05:18.031825+00:00,DION_001,117320,-0.3411128514689944,SIMULATED,NORMAL
2026-06-17T16:05:18.042320+00:00,DION_001,117321,-0.35264887558810326,SIMULATED,NORMAL
2026-06-17T16:05:18.052698+00:00,DION_001,117322,-0.26880315067215405,SIMULATED,NORMAL
2026-06-17T16:05:18.063123+00:00,DION_001,117323,-0.39547130758034077,SIMULATED,NORMAL
2026-06-17T16:05:18.073694+00:00,DION_001,117324,-0.5495100217719228,SIMULATED,NORMAL
2026-06-17T16:05:18.084055+00:00,DION_001,117325,-0.47214525322468265,SIMULATED,NORMAL
2026-06-17T16:05:18.094399+00:00,DION_001,117326,-0.35179165042064886,SIMULATED,NORMAL
2026-06-17T16:05:18.104724+00:00,DION_001,117327,-0.5879095190356997,SIMULATED,NORMAL
2026-06-17T16:05:18.115332+00:00,DION_001,117328,-0.525749599606066,SIMULATED,NORMAL
2026-06-17T16:05:18.125671+00:00,DION_001,117329,-0.4755469464173495,SIMULATED,NORMAL
2026-06-17T16:05:18.136101+00:00,DION_001,117330,-0.5443748710200236,SIMULATED,NORMAL
2026-06-17T16:05:18.146531+00:00,DION_001,117331,-0.7747213728899133,SIMULATED,NORMAL
2026-06-17T16:05:18.156947+00:00,DION_001,117332,-0.8602621334309486,SIMULATED,NORMAL
2026-06-17T16:05:18.167386+00:00,DION_001,117333,-0.5747052937279219,SIMULATED,NORMAL
2026-06-17T16:05:18.177752+00:00,DION_001,117334,-0.45069487559257826,SIMULATED,NORMAL
2026-06-17T16:05:18.188165+00:00,DION_001,117335,-0.416878164710933,SIMULATED,NORMAL
2026-06-17T16:05:18.198645+00:00,DION_001,117336,-0.34089881417026036,SIMULATED,NORMAL
2026-06-17T16:05:18.209022+00:00,DION_001,117337,-0.7635464421844959,SIMULATED,NORMAL
2026-06-17T16:05:18.219582+00:00,DION_001,117338,-0.5975934896827944,SIMULATED,NORMAL
2026-06-17T16:05:18.230035+00:00,DION_001,117339,-0.44812547822316146,SIMULATED,NORMAL
2026-06-17T16:05:18.240438+00:00,DION_001,117340,-0.7127638936480715,SIMULATED,NORMAL
2026-06-17T16:05:18.250803+00:00,DION_001,117341,-0.4915056731713052,SIMULATED,NORMAL
2026-06-17T16:05:18.261363+00:00,DION_001,117342,-0.43717374052511415,SIMULATED,NORMAL
2026-06-17T16:05:18.271814+00:00,DION_001,117343,-0.5966387491731974,SIMULATED,NORMAL
2026-06-17T16:05:18.282219+00:00,DION_001,117344,-0.1833654032103616,SIMULATED,NORMAL
2026-06-17T16:05:18.292582+00:00,DION_001,117345,-0.5491832704569539,SIMULATED,NORMAL
2026-06-17T16:05:18.302993+00:00,DION_001,117346,-0.21757247672421448,SIMULATED,NORMAL
2026-06-17T16:05:18.313354+00:00,DION_001,117347,-0.4380158553894422,SIMULATED,NORMAL
2026-06-17T16:05:18.323912+00:00,DION_001,117348,-0.5198273839951865,SIMULATED,NORMAL
2026-06-17T16:05:18.334221+00:00,DION_001,117349,-0.0532545395202893,SIMULATED,NORMAL
2026-06-17T16:05:18.344580+00:00,DION_001,117350,-0.3863449032548492,SIMULATED,NORMAL
2026-06-17T16:05:18.355085+00:00,DION_001,117351,-0.26253148083286865,SIMULATED,NORMAL
2026-06-17T16:05:18.365464+00:00,DION_001,117352,-0.39539565604082133,SIMULATED,NORMAL
2026-06-17T16:05:18.375772+00:00,DION_001,117353,-0.21829005338267687,SIMULATED,NORMAL
2026-06-17T16:05:18.386151+00:00,DION_001,117354,-0.5922235045013969,SIMULATED,NORMAL
2026-06-17T16:05:18.396432+00:00,DION_001,117355,-0.121174951160536,SIMULATED,NORMAL
2026-06-17T16:05:18.406770+00:00,DION_001,117356,-0.260043637525474,SIMULATED,NORMAL
2026-06-17T16:05:18.417114+00:00,DION_001,117357,-0.06655008532139126,SIMULATED,NORMAL
2026-06-17T16:05:18.427413+00:00,DION_001,117358,-0.20012924186518874,SIMULATED,NORMAL
2026-06-17T16:05:18.437771+00:00,DION_001,117359,-0.18863945257104056,SIMULATED,NORMAL
2026-06-17T16:05:18.448188+00:00,DION_001,117360,-0.35545777910364595,SIMULATED,NORMAL
2026-06-17T16:05:18.458705+00:00,DION_001,117361,-0.21981186045348286,SIMULATED,NORMAL
2026-06-17T16:05:18.469041+00:00,DION_001,117362,-0.3707684643954813,SIMULATED,NORMAL
2026-06-17T16:05:18.479395+00:00,DION_001,117363,-0.03354008920177684,SIMULATED,NORMAL
2026-06-17T16:05:18.489840+00:00,DION_001,117364,-0.2275902167326802,SIMULATED,NORMAL
2026-06-17T16:05:18.500116+00:00,DION_001,117365,-0.21406626878435064,SIMULATED,NORMAL
2026-06-17T16:05:18.510527+00:00,DION_001,117366,-0.15991339782779052,SIMULATED,NORMAL
2026-06-17T16:05:18.520988+00:00,DION_001,117367,-0.12839710216667674,SIMULATED,NORMAL
2026-06-17T16:05:18.531486+00:00,DION_001,117368,-0.4284637752360817,SIMULATED,NORMAL
2026-06-17T16:05:18.541934+00:00,DION_001,117369,-0.23623682216676323,SIMULATED,NORMAL
2026-06-17T16:05:18.552379+00:00,DION_001,117370,-0.2766374482114474,SIMULATED,NORMAL
2026-06-17T16:05:18.562826+00:00,DION_001,117371,-0.2657654762373465,SIMULATED,NORMAL
2026-06-17T16:05:18.573408+00:00,DION_001,117372,-0.31713990263431463,SIMULATED,NORMAL
2026-06-17T16:05:18.583910+00:00,DION_001,117373,-0.31258259938962163,SIMULATED,NORMAL
2026-06-17T16:05:18.594434+00:00,DION_001,117374,-0.6856607414290712,SIMULATED,NORMAL
2026-06-17T16:05:18.604949+00:00,DION_001,117375,-0.02301827729845951,SIMULATED,NORMAL
2026-06-17T16:05:18.615472+00:00,DION_001,117376,-0.11261687429543674,SIMULATED,NORMAL
2026-06-17T16:05:18.625922+00:00,DION_001,117377,-0.3979111915859808,SIMULATED,NORMAL
2026-06-17T16:05:18.636344+00:00,DION_001,117378,-0.4737231495597374,SIMULATED,NORMAL
2026-06-17T16:05:18.646762+00:00,DION_001,117379,-0.4998283015995204,SIMULATED,NORMAL
2026-06-17T16:05:18.657123+00:00,DION_001,117380,-0.4174243241579281,SIMULATED,NORMAL
2026-06-17T16:05:18.667701+00:00,DION_001,117381,-0.4433143176821288,SIMULATED,NORMAL
2026-06-17T16:05:18.678194+00:00,DION_001,117382,-0.5557320421903321,SIMULATED,NORMAL
2026-06-17T16:05:18.688586+00:00,DION_001,117383,-0.49503052682849863,SIMULATED,NORMAL
2026-06-17T16:05:18.699023+00:00,DION_001,117384,-0.780869046126544,SIMULATED,NORMAL
2026-06-17T16:05:18.709474+00:00,DION_001,117385,-0.691424956965462,SIMULATED,NORMAL
2026-06-17T16:05:18.719882+00:00,DION_001,117386,-0.5569797508527092,SIMULATED,NORMAL
2026-06-17T16:05:18.730342+00:00,DION_001,117387,1.8991433825137471,SIMULATED,NORMAL
2026-06-17T16:05:18.740867+00:00,DION_001,117388,1.260904493346552,SIMULATED,NORMAL
2026-06-17T16:05:18.751256+00:00,DION_001,117389,-0.6752294556394134,SIMULATED,NORMAL
2026-06-17T16:05:18.761684+00:00,DION_001,117390,-2.416790547590608,SIMULATED,EVENT_DETECTED
2026-06-17T16:05:18.772369+00:00,DION_001,117391,-0.8938303575971736,SIMULATED,NORMAL
2026-06-17T16:05:18.782824+00:00,DION_001,117392,-0.908337098173681,SIMULATED,NORMAL
2026-06-17T16:05:18.793255+00:00,DION_001,117393,-0.8056155470908872,SIMULATED,NORMAL
2026-06-17T16:05:18.803793+00:00,DION_001,117394,-1.1829148033464254,SIMULATED,NORMAL
2026-06-17T16:05:18.814283+00:00,DION_001,117395,-0.7362596870845503,SIMULATED,NORMAL
2026-06-17T16:05:18.824737+00:00,DION_001,117396,-1.0376904399070572,SIMULATED,NORMAL
2026-06-17T16:05:18.835147+00:00,DION_001,117397,-1.082864445195031,SIMULATED,NORMAL
2026-06-17T16:05:18.845626+00:00,DION_001,117398,-0.7852106547020539,SIMULATED,NORMAL
2026-06-17T16:05:18.856040+00:00,DION_001,117399,-1.2214728724594235,SIMULATED,NORMAL
2026-06-17T16:05:18.866417+00:00,DION_001,117400,-1.1772432106039747,SIMULATED,NORMAL
2026-06-17T16:05:18.876905+00:00,DION_001,117401,-0.9835128818615719,SIMULATED,NORMAL
2026-06-17T16:05:18.887657+00:00,DION_001,117402,-1.0166569692298562,SIMULATED,NORMAL
2026-06-17T16:05:18.898129+00:00,DION_001,117403,-1.0182679472209888,SIMULATED,NORMAL
2026-06-17T16:05:18.908603+00:00,DION_001,117404,-1.249544864144576,SIMULATED,NORMAL
2026-06-17T16:05:18.919017+00:00,DION_001,117405,-1.2205214508391327,SIMULATED,NORMAL
2026-06-17T16:05:18.929444+00:00,DION_001,117406,-1.1310822938353686,SIMULATED,NORMAL
2026-06-17T16:05:18.939907+00:00,DION_001,117407,-1.2216398954578964,SIMULATED,NORMAL
2026-06-17T16:05:18.950273+00:00,DION_001,117408,-1.1436219824977425,SIMULATED,NORMAL
2026-06-17T16:05:18.960718+00:00,DION_001,117409,-1.1634392357181447,SIMULATED,NORMAL
2026-06-17T16:05:18.971207+00:00,DION_001,117410,-1.1105007347972884,SIMULATED,NORMAL
2026-06-17T16:05:18.981583+00:00,DION_001,117411,-1.26087170028058,SIMULATED,NORMAL
2026-06-17T16:05:18.992007+00:00,DION_001,117412,-1.2687538937233183,SIMULATED,NORMAL
2026-06-17T16:05:19.002426+00:00,DION_001,117413,-1.3473463101123384,SIMULATED,NORMAL
2026-06-17T16:05:19.012913+00:00,DION_001,117414,-1.2084048747331761,SIMULATED,NORMAL
2026-06-17T16:05:19.023401+00:00,DION_001,117415,-1.2638419248631116,SIMULATED,NORMAL
2026-06-17T16:05:19.033789+00:00,DION_001,117416,-1.2298190768906407,SIMULATED,NORMAL
2026-06-17T16:05:19.044185+00:00,DION_001,117417,-1.2183785052554368,SIMULATED,NORMAL
2026-06-17T16:05:19.054616+00:00,DION_001,117418,-1.082295451270478,SIMULATED,NORMAL
2026-06-17T16:05:19.065043+00:00,DION_001,117419,-1.0388618636527691,SIMULATED,NORMAL
2026-06-17T16:05:19.075401+00:00,DION_001,117420,-1.1270702458399242,SIMULATED,NORMAL
2026-06-17T16:05:19.085773+00:00,DION_001,117421,-1.2003279641406903,SIMULATED,NORMAL
2026-06-17T16:05:19.096096+00:00,DION_001,117422,-1.084532872457154,SIMULATED,NORMAL
2026-06-17T16:05:19.106600+00:00,DION_001,117423,1.1191142668206997,SIMULATED,NORMAL
2026-06-17T16:05:19.117030+00:00,DION_001,117424,-1.167969871428192,SIMULATED,NORMAL
2026-06-17T16:05:19.127432+00:00,DION_001,117425,-0.9334925827472769,SIMULATED,NORMAL
2026-06-17T16:05:19.137862+00:00,DION_001,117426,-1.0043995846080613,SIMULATED,NORMAL
2026-06-17T16:05:19.148219+00:00,DION_001,117427,-0.7429532371561903,SIMULATED,NORMAL
2026-06-17T16:05:19.158599+00:00,DION_001,117428,-1.0913750845999515,SIMULATED,NORMAL
2026-06-17T16:05:19.169142+00:00,DION_001,117429,-0.7566638163177475,SIMULATED,NORMAL
2026-06-17T16:05:19.179536+00:00,DION_001,117430,-0.8537243396800132,SIMULATED,NORMAL
2026-06-17T16:05:19.190008+00:00,DION_001,117431,-0.7367937357827601,SIMULATED,NORMAL
2026-06-17T16:05:19.200377+00:00,DION_001,117432,-0.5912420269365509,SIMULATED,NORMAL
2026-06-17T16:05:19.210749+00:00,DION_001,117433,-0.8465200696396148,SIMULATED,NORMAL
2026-06-17T16:05:19.221187+00:00,DION_001,117434,-0.6126404139255653,SIMULATED,NORMAL
2026-06-17T16:05:19.231529+00:00,DION_001,117435,-0.43535402827975045,SIMULATED,NORMAL
2026-06-17T16:05:19.242032+00:00,DION_001,117436,-0.7288359536238065,SIMULATED,NORMAL
2026-06-17T16:05:19.252501+00:00,DION_001,117437,-0.1983776641312136,SIMULATED,NORMAL
2026-06-17T16:05:19.262888+00:00,DION_001,117438,-0.49698779873324506,SIMULATED,NORMAL
2026-06-17T16:05:19.273404+00:00,DION_001,117439,-0.4612924792441003,SIMULATED,NORMAL
2026-06-17T16:05:19.283904+00:00,DION_001,117440,-0.5605848103084516,SIMULATED,NORMAL
2026-06-17T16:05:19.294289+00:00,DION_001,117441,-0.3567106779234757,SIMULATED,NORMAL
2026-06-17T16:05:19.304680+00:00,DION_001,117442,-0.27799125991619444,SIMULATED,NORMAL
2026-06-17T16:05:19.315082+00:00,DION_001,117443,-0.2785778895128491,SIMULATED,NORMAL
2026-06-17T16:05:19.325765+00:00,DION_001,117444,-0.4331278114419158,SIMULATED,NORMAL
2026-06-17T16:05:19.336423+00:00,DION_001,117445,-0.4474079328054217,SIMULATED,NORMAL
2026-06-17T16:05:19.346847+00:00,DION_001,117446,-0.20646884153785894,SIMULATED,NORMAL
2026-06-17T16:05:19.357281+00:00,DION_001,117447,-0.13937250028627762,SIMULATED,NORMAL
2026-06-17T16:05:19.367843+00:00,DION_001,117448,-0.3747761807467309,SIMULATED,NORMAL
2026-06-17T16:05:19.378199+00:00,DION_001,117449,-0.2611481949241439,SIMULATED,NORMAL
2026-06-17T16:05:19.388574+00:00,DION_001,117450,-0.4122036148043399,SIMULATED,NORMAL
2026-06-17T16:05:19.398900+00:00,DION_001,117451,-0.4011359937507285,SIMULATED,NORMAL
2026-06-17T16:05:19.409259+00:00,DION_001,117452,-0.011293116393566005,SIMULATED,NORMAL
2026-06-17T16:05:19.419712+00:00,DION_001,117453,-0.43968713257677766,SIMULATED,NORMAL
2026-06-17T16:05:19.430048+00:00,DION_001,117454,-0.20731064807193972,SIMULATED,NORMAL
2026-06-17T16:05:19.440375+00:00,DION_001,117455,-0.3552638694334835,SIMULATED,NORMAL
2026-06-17T16:05:19.450803+00:00,DION_001,117456,-0.3026630376688369,SIMULATED,NORMAL
2026-06-17T16:05:19.461155+00:00,DION_001,117457,-0.12986146664544748,SIMULATED,NORMAL
2026-06-17T16:05:19.471569+00:00,DION_001,117458,-0.4152757921507585,SIMULATED,NORMAL
2026-06-17T16:05:19.481927+00:00,DION_001,117459,-0.1737200370612122,SIMULATED,NORMAL
2026-06-17T16:05:19.492171+00:00,DION_001,117460,-0.27482887053728544,SIMULATED,NORMAL
2026-06-17T16:05:19.502474+00:00,DION_001,117461,-0.2884077919615459,SIMULATED,NORMAL
2026-06-17T16:05:19.512743+00:00,DION_001,117462,-0.45641638402854023,SIMULATED,NORMAL
2026-06-17T16:05:19.523043+00:00,DION_001,117463,-0.382604662572036,SIMULATED,NORMAL
2026-06-17T16:05:19.533345+00:00,DION_001,117464,-0.4840949829876614,SIMULATED,NORMAL
2026-06-17T16:05:19.543701+00:00,DION_001,117465,-0.4325870178822013,SIMULATED,NORMAL
2026-06-17T16:05:19.554092+00:00,DION_001,117466,2.4735718606940034,SIMULATED,EVENT_DETECTED
2026-06-17T16:05:19.564544+00:00,DION_001,117467,-0.23907456173887134,SIMULATED,NORMAL
2026-06-17T16:05:19.574923+00:00,DION_001,117468,-0.3673544499928232,SIMULATED,NORMAL
2026-06-17T16:05:19.585259+00:00,DION_001,117469,-0.4251001794027195,SIMULATED,NORMAL
2026-06-17T16:05:19.595766+00:00,DION_001,117470,-0.5052327304892668,SIMULATED,NORMAL
2026-06-17T16:05:19.606106+00:00,DION_001,117471,-0.3188559019020121,SIMULATED,NORMAL
2026-06-17T16:05:19.616516+00:00,DION_001,117472,-0.6309480431038508,SIMULATED,NORMAL
2026-06-17T16:05:19.626947+00:00,DION_001,117473,-0.24114082902741146,SIMULATED,NORMAL
2026-06-17T16:05:19.637377+00:00,DION_001,117474,-0.47175005543297105,SIMULATED,NORMAL
2026-06-17T16:05:19.647798+00:00,DION_001,117475,-0.8278463747991331,SIMULATED,NORMAL
2026-06-17T16:05:19.658143+00:00,DION_001,117476,-0.4746540498355485,SIMULATED,NORMAL
2026-06-17T16:05:19.668539+00:00,DION_001,117477,-0.728969100965704,SIMULATED,NORMAL
2026-06-17T16:05:19.678988+00:00,DION_001,117478,-0.46838238969108126,SIMULATED,NORMAL
2026-06-17T16:05:19.689398+00:00,DION_001,117479,-0.642087675839531,SIMULATED,NORMAL
2026-06-17T16:05:19.699741+00:00,DION_001,117480,-0.6827328712217051,SIMULATED,NORMAL
2026-06-17T16:05:19.710230+00:00,DION_001,117481,-0.6392079608055863,SIMULATED,NORMAL
2026-06-17T16:05:19.720674+00:00,DION_001,117482,-0.7327407830802644,SIMULATED,NORMAL
2026-06-17T16:05:19.731186+00:00,DION_001,117483,-0.6738386002613596,SIMULATED,NORMAL
2026-06-17T16:05:19.741523+00:00,DION_001,117484,-0.647055881610667,SIMULATED,NORMAL
2026-06-17T16:05:19.751802+00:00,DION_001,117485,-1.003209166639817,SIMULATED,NORMAL
2026-06-17T16:05:19.762132+00:00,DION_001,117486,-0.536774611556244,SIMULATED,NORMAL
2026-06-17T16:05:19.772540+00:00,DION_001,117487,-0.6382684777369686,SIMULATED,NORMAL
2026-06-17T16:05:19.783039+00:00,DION_001,117488,-0.7548659711206374,SIMULATED,NORMAL
2026-06-17T16:05:19.793440+00:00,DION_001,117489,-0.5521855629578188,SIMULATED,NORMAL
2026-06-17T16:05:19.803771+00:00,DION_001,117490,-0.6525632956396922,SIMULATED,NORMAL
2026-06-17T16:05:19.814171+00:00,DION_001,117491,-0.8319909123655985,SIMULATED,NORMAL
2026-06-17T16:05:19.824495+00:00,DION_001,117492,-0.9644057066894762,SIMULATED,NORMAL
2026-06-17T16:05:19.834872+00:00,DION_001,117493,-0.45806239632026136,SIMULATED,NORMAL
2026-06-17T16:05:19.845450+00:00,DION_001,117494,-0.5663477695015448,SIMULATED,NORMAL
2026-06-17T16:05:19.856061+00:00,DION_001,117495,-0.4609710856388891,SIMULATED,NORMAL
2026-06-17T16:05:19.866490+00:00,DION_001,117496,-0.46978331823655806,SIMULATED,NORMAL
2026-06-17T16:05:19.876878+00:00,DION_001,117497,-0.5914771131517559,SIMULATED,NORMAL
2026-06-17T16:05:19.887385+00:00,DION_001,117498,-0.22591292008234015,SIMULATED,NORMAL
2026-06-17T16:05:19.897779+00:00,DION_001,117499,-0.24499687860518082,SIMULATED,NORMAL
2026-06-17T16:05:19.908163+00:00,DION_001,117500,-0.07879113786165559,SIMULATED,NORMAL
2026-06-17T16:05:19.918549+00:00,DION_001,117501,-0.21995170416201376,SIMULATED,NORMAL
2026-06-17T16:05:19.929035+00:00,DION_001,117502,-0.17503036299198008,SIMULATED,NORMAL
2026-06-17T16:05:19.939619+00:00,DION_001,117503,-0.33696828201133766,SIMULATED,NORMAL
2026-06-17T16:05:19.950043+00:00,DION_001,117504,-0.049438394381621925,SIMULATED,NORMAL
2026-06-17T16:05:19.960376+00:00,DION_001,117505,-0.3033991397881456,SIMULATED,NORMAL
2026-06-17T16:05:19.970759+00:00,DION_001,117506,-0.1536287353186795,SIMULATED,NORMAL
2026-06-17T16:05:19.981151+00:00,DION_001,117507,-0.2648468266911206,SIMULATED,NORMAL
2026-06-17T16:05:19.991523+00:00,DION_001,117508,-0.15139434079967898,SIMULATED,NORMAL
2026-06-17T16:05:20.001973+00:00,DION_001,117509,0.18700482006333888,SIMULATED,NORMAL
2026-06-17T16:05:20.012306+00:00,DION_001,117510,0.16427363200890738,SIMULATED,NORMAL
2026-06-17T16:05:20.022765+00:00,DION_001,117511,-0.04156182589620423,SIMULATED,NORMAL
2026-06-17T16:05:20.033233+00:00,DION_001,117512,0.10611464903829475,SIMULATED,NORMAL
2026-06-17T16:05:20.043687+00:00,DION_001,117513,0.04459963893915242,SIMULATED,NORMAL
2026-06-17T16:05:20.054028+00:00,DION_001,117514,0.29945078442314155,SIMULATED,NORMAL
2026-06-17T16:05:20.064634+00:00,DION_001,117515,0.3005189092412948,SIMULATED,NORMAL
2026-06-17T16:05:20.075125+00:00,DION_001,117516,0.023796024211386158,SIMULATED,NORMAL
2026-06-17T16:05:20.085616+00:00,DION_001,117517,0.3510387213243374,SIMULATED,NORMAL
2026-06-17T16:05:20.096052+00:00,DION_001,117518,0.2833130343728309,SIMULATED,NORMAL
2026-06-17T16:05:20.106593+00:00,DION_001,117519,0.43621919320842795,SIMULATED,NORMAL
2026-06-17T16:05:20.117010+00:00,DION_001,117520,0.38917446921000753,SIMULATED,NORMAL
2026-06-17T16:05:20.127376+00:00,DION_001,117521,0.45180798050765947,SIMULATED,NORMAL
2026-06-17T16:05:20.137853+00:00,DION_001,117522,0.22449946528393355,SIMULATED,NORMAL
2026-06-17T16:05:20.148304+00:00,DION_001,117523,2.3623204748287985,SIMULATED,EVENT_DETECTED
2026-06-17T16:05:20.158942+00:00,DION_001,117524,0.440486324894505,SIMULATED,NORMAL
2026-06-17T16:05:20.169389+00:00,DION_001,117525,0.4284841320303303,SIMULATED,NORMAL
2026-06-17T16:05:20.179753+00:00,DION_001,117526,0.6767735262670859,SIMULATED,NORMAL
2026-06-17T16:05:20.189995+00:00,DION_001,117527,0.43027653856240655,SIMULATED,NORMAL
2026-06-17T16:05:20.200560+00:00,DION_001,117528,0.6935442528822159,SIMULATED,NORMAL
2026-06-17T16:05:20.210972+00:00,DION_001,117529,0.7138148696172186,SIMULATED,NORMAL
2026-06-17T16:05:20.222105+00:00,DION_001,117530,0.46735876943595145,SIMULATED,NORMAL
2026-06-17T16:05:20.233207+00:00,DION_001,117531,0.8827492030889745,SIMULATED,NORMAL
2026-06-17T16:05:20.244211+00:00,DION_001,117532,0.5745432368746526,SIMULATED,NORMAL
2026-06-17T16:05:20.255560+00:00,DION_001,117533,0.6402139083127899,SIMULATED,NORMAL
2026-06-17T16:05:20.266664+00:00,DION_001,117534,0.5067785470286578,SIMULATED,NORMAL
2026-06-17T16:05:20.277841+00:00,DION_001,117535,0.8270992386954761,SIMULATED,NORMAL
2026-06-17T16:05:20.288893+00:00,DION_001,117536,0.7247564901135077,SIMULATED,NORMAL
2026-06-17T16:05:20.300195+00:00,DION_001,117537,0.6305286391628753,SIMULATED,NORMAL
2026-06-17T16:05:20.311410+00:00,DION_001,117538,0.7520724717642719,SIMULATED,NORMAL
2026-06-17T16:05:20.322449+00:00,DION_001,117539,0.4898001416808422,SIMULATED,NORMAL
2026-06-17T16:05:20.333481+00:00,DION_001,117540,1.056321671752265,SIMULATED,NORMAL
2026-06-17T16:05:20.344443+00:00,DION_001,117541,0.9116685106556972,SIMULATED,NORMAL
2026-06-17T16:05:20.355718+00:00,DION_001,117542,0.5794340383384904,SIMULATED,NORMAL
2026-06-17T16:05:20.366980+00:00,DION_001,117543,0.5333387724720517,SIMULATED,NORMAL
2026-06-17T16:05:20.378004+00:00,DION_001,117544,0.46538310852171566,SIMULATED,NORMAL
2026-06-17T16:05:20.388943+00:00,DION_001,117545,0.2568935267242627,SIMULATED,NORMAL
2026-06-17T16:05:20.400232+00:00,DION_001,117546,0.7122764380017872,SIMULATED,NORMAL
2026-06-17T16:05:20.411421+00:00,DION_001,117547,0.3608180866739509,SIMULATED,NORMAL
2026-06-17T16:05:20.422622+00:00,DION_001,117548,0.5042295887112732,SIMULATED,NORMAL
2026-06-17T16:05:20.433726+00:00,DION_001,117549,0.5879038713301751,SIMULATED,NORMAL
2026-06-17T16:05:20.444753+00:00,DION_001,117550,0.4279817433685468,SIMULATED,NORMAL
2026-06-17T16:05:20.456096+00:00,DION_001,117551,0.39261312997032016,SIMULATED,NORMAL
2026-06-17T16:05:20.467365+00:00,DION_001,117552,0.3651912529060062,SIMULATED,NORMAL
2026-06-17T16:05:20.478454+00:00,DION_001,117553,0.07529248063835237,SIMULATED,NORMAL
2026-06-17T16:05:20.489341+00:00,DION_001,117554,0.05229173902475909,SIMULATED,NORMAL
2026-06-17T16:05:20.500143+00:00,DION_001,117555,0.5546849165900632,SIMULATED,NORMAL
2026-06-17T16:05:20.511396+00:00,DION_001,117556,0.3425095995705065,SIMULATED,NORMAL
2026-06-17T16:05:20.522401+00:00,DION_001,117557,0.4093032595929618,SIMULATED,NORMAL
2026-06-17T16:05:20.533414+00:00,DION_001,117558,0.47823220673389544,SIMULATED,NORMAL
2026-06-17T16:05:20.544304+00:00,DION_001,117559,0.420314346806866,SIMULATED,NORMAL
2026-06-17T16:05:20.555437+00:00,DION_001,117560,0.3842875380519496,SIMULATED,NORMAL
2026-06-17T16:05:20.566460+00:00,DION_001,117561,0.11684392453825568,SIMULATED,NORMAL
2026-06-17T16:05:20.577379+00:00,DION_001,117562,0.1165664822655266,SIMULATED,NORMAL
2026-06-17T16:05:20.588263+00:00,DION_001,117563,0.18082975141229848,SIMULATED,NORMAL
2026-06-17T16:05:20.599507+00:00,DION_001,117564,0.21932885095182886,SIMULATED,NORMAL
2026-06-17T16:05:20.610843+00:00,DION_001,117565,0.3538110446164922,SIMULATED,NORMAL
2026-06-17T16:05:20.621968+00:00,DION_001,117566,0.37659527981179697,SIMULATED,NORMAL
2026-06-17T16:05:20.632998+00:00,DION_001,117567,0.27519598154150016,SIMULATED,NORMAL
2026-06-17T16:05:20.644388+00:00,DION_001,117568,0.42669203623830965,SIMULATED,NORMAL
2026-06-17T16:05:20.655889+00:00,DION_001,117569,0.3185938731030195,SIMULATED,NORMAL
2026-06-17T16:05:20.667078+00:00,DION_001,117570,0.15122530605012036,SIMULATED,NORMAL
2026-06-17T16:05:20.678245+00:00,DION_001,117571,0.2939927329095099,SIMULATED,NORMAL
2026-06-17T16:05:20.689406+00:00,DION_001,117572,0.3353348421631813,SIMULATED,NORMAL
2026-06-17T16:05:20.700270+00:00,DION_001,117573,0.49818485498234816,SIMULATED,NORMAL
2026-06-17T16:05:20.711744+00:00,DION_001,117574,0.09829457421450111,SIMULATED,NORMAL
2026-06-17T16:05:20.722873+00:00,DION_001,117575,0.24811785922820315,SIMULATED,NORMAL
2026-06-17T16:05:20.733898+00:00,DION_001,117576,0.38742690783377287,SIMULATED,NORMAL
2026-06-17T16:05:20.744816+00:00,DION_001,117577,0.3257147042407079,SIMULATED,NORMAL
2026-06-17T16:05:20.756206+00:00,DION_001,117578,0.46330885824420787,SIMULATED,NORMAL
2026-06-17T16:05:20.767528+00:00,DION_001,117579,0.4994830888608843,SIMULATED,NORMAL
2026-06-17T16:05:20.778658+00:00,DION_001,117580,0.4656737715163619,SIMULATED,NORMAL
2026-06-17T16:05:20.789815+00:00,DION_001,117581,0.5677038644582658,SIMULATED,NORMAL
2026-06-17T16:05:20.800366+00:00,DION_001,117582,0.5150279402517962,SIMULATED,NORMAL
2026-06-17T16:05:20.811921+00:00,DION_001,117583,0.7022474432891804,SIMULATED,NORMAL
2026-06-17T16:05:20.823231+00:00,DION_001,117584,0.7811760290669257,SIMULATED,NORMAL
2026-06-17T16:05:20.834327+00:00,DION_001,117585,0.724842513092971,SIMULATED,NORMAL
2026-06-17T16:05:20.845508+00:00,DION_001,117586,0.8269087722707622,SIMULATED,NORMAL
2026-06-17T16:05:20.856580+00:00,DION_001,117587,0.7318642651438447,SIMULATED,NORMAL
2026-06-17T16:05:20.867903+00:00,DION_001,117588,0.8205692497014541,SIMULATED,NORMAL
2026-06-17T16:05:20.879224+00:00,DION_001,117589,1.0130423447444339,SIMULATED,NORMAL
2026-06-17T16:05:20.890369+00:00,DION_001,117590,1.1198785101232585,SIMULATED,NORMAL
2026-06-17T16:05:20.901404+00:00,DION_001,117591,1.031316362087492,SIMULATED,NORMAL
2026-06-17T16:05:20.912445+00:00,DION_001,117592,1.0723909857278078,SIMULATED,NORMAL
2026-06-17T16:05:20.923684+00:00,DION_001,117593,0.8721332032718526,SIMULATED,NORMAL
2026-06-17T16:05:20.934917+00:00,DION_001,117594,1.185108820699785,SIMULATED,NORMAL
2026-06-17T16:05:20.946106+00:00,DION_001,117595,1.0911621003051035,SIMULATED,NORMAL
2026-06-17T16:05:20.957059+00:00,DION_001,117596,0.9708709473465403,SIMULATED,NORMAL
2026-06-17T16:05:20.967986+00:00,DION_001,117597,1.2208935507118948,SIMULATED,NORMAL
2026-06-17T16:05:20.979303+00:00,DION_001,117598,1.2460148380694747,SIMULATED,NORMAL
2026-06-17T16:05:20.990391+00:00,DION_001,117599,1.2621054759071795,SIMULATED,NORMAL
2026-06-17T16:05:21.001373+00:00,DION_001,117600,1.4641454908190792,SIMULATED,NORMAL
2026-06-17T16:05:21.011857+00:00,DION_001,117601,1.193266215724388,SIMULATED,NORMAL
2026-06-17T16:05:21.023059+00:00,DION_001,117602,0.9782581681738111,SIMULATED,NORMAL
2026-06-17T16:05:21.034100+00:00,DION_001,117603,1.023240690630098,SIMULATED,NORMAL
2026-06-17T16:05:21.045104+00:00,DION_001,117604,1.0812104893894412,SIMULATED,NORMAL
2026-06-17T16:05:21.056452+00:00,DION_001,117605,1.0441082533234811,SIMULATED,NORMAL
2026-06-17T16:05:21.067733+00:00,DION_001,117606,1.234021754665362,SIMULATED,NORMAL
2026-06-17T16:05:21.078933+00:00,DION_001,117607,1.2407230878648692,SIMULATED,NORMAL
2026-06-17T16:05:21.090068+00:00,DION_001,117608,1.0388900131935477,SIMULATED,NORMAL
2026-06-17T16:05:21.101226+00:00,DION_001,117609,0.8635754984766197,SIMULATED,NORMAL
2026-06-17T16:05:21.112322+00:00,DION_001,117610,0.925771275525944,SIMULATED,NORMAL
2026-06-17T16:05:21.123729+00:00,DION_001,117611,1.4149948495264006,SIMULATED,NORMAL
2026-06-17T16:05:21.134900+00:00,DION_001,117612,0.9544936754551457,SIMULATED,NORMAL
2026-06-17T16:05:21.145977+00:00,DION_001,117613,1.2095401949421623,SIMULATED,NORMAL
2026-06-17T16:05:21.157102+00:00,DION_001,117614,1.0045530253450587,SIMULATED,NORMAL
2026-06-17T16:05:21.168493+00:00,DION_001,117615,1.1019695956607671,SIMULATED,NORMAL
2026-06-17T16:05:21.179839+00:00,DION_001,117616,0.9890059054066537,SIMULATED,NORMAL
2026-06-17T16:05:21.191025+00:00,DION_001,117617,0.9139588496154647,SIMULATED,NORMAL
2026-06-17T16:05:21.202067+00:00,DION_001,117618,0.6340217854921246,SIMULATED,NORMAL
2026-06-17T16:05:21.212974+00:00,DION_001,117619,0.8344573081745942,SIMULATED,NORMAL
2026-06-17T16:05:21.224511+00:00,DION_001,117620,0.6513309382575302,SIMULATED,NORMAL
2026-06-17T16:05:21.235892+00:00,DION_001,117621,0.5742561629025179,SIMULATED,NORMAL
2026-06-17T16:05:21.247054+00:00,DION_001,117622,0.47173292106906245,SIMULATED,NORMAL
2026-06-17T16:05:21.258406+00:00,DION_001,117623,0.5294872020078326,SIMULATED,NORMAL
2026-06-17T16:05:21.269397+00:00,DION_001,117624,0.5885545745632447,SIMULATED,NORMAL
2026-06-17T16:05:21.279924+00:00,DION_001,117625,0.7309297693346758,SIMULATED,NORMAL
2026-06-17T16:05:21.291066+00:00,DION_001,117626,0.5648555903568457,SIMULATED,NORMAL
2026-06-17T16:05:21.301812+00:00,DION_001,117627,0.6292390178911165,SIMULATED,NORMAL
2026-06-17T16:05:21.312788+00:00,DION_001,117628,0.24102806618423267,SIMULATED,NORMAL
2026-06-17T16:05:21.324125+00:00,DION_001,117629,0.2102561873828973,SIMULATED,NORMAL
2026-06-17T16:05:21.335414+00:00,DION_001,117630,0.6460089457258724,SIMULATED,NORMAL
2026-06-17T16:05:21.346182+00:00,DION_001,117631,0.5383901065625599,SIMULATED,NORMAL
2026-06-17T16:05:21.357123+00:00,DION_001,117632,0.38642646299752975,SIMULATED,NORMAL
2026-06-17T16:05:21.368425+00:00,DION_001,117633,0.20767191292659562,SIMULATED,NORMAL
2026-06-17T16:05:21.379716+00:00,DION_001,117634,0.2177739256073486,SIMULATED,NORMAL
2026-06-17T16:05:21.390900+00:00,DION_001,117635,0.05342215908584719,SIMULATED,NORMAL
2026-06-17T16:05:21.402133+00:00,DION_001,117636,2.7222314330299855,SIMULATED,EVENT_DETECTED
2026-06-17T16:05:21.413470+00:00,DION_001,117637,0.2504748502239647,SIMULATED,NORMAL
2026-06-17T16:05:21.424521+00:00,DION_001,117638,0.27865147091107895,SIMULATED,NORMAL
2026-06-17T16:05:21.435976+00:00,DION_001,117639,0.19892765502296592,SIMULATED,NORMAL
2026-06-17T16:05:21.447311+00:00,DION_001,117640,0.5449198321798403,SIMULATED,NORMAL
2026-06-17T16:05:21.458412+00:00,DION_001,117641,0.47033560596855994,SIMULATED,NORMAL
2026-06-17T16:05:21.469549+00:00,DION_001,117642,-0.17137386950475098,SIMULATED,NORMAL
2026-06-17T16:05:21.480683+00:00,DION_001,117643,0.384339083727441,SIMULATED,NORMAL
2026-06-17T16:05:21.491962+00:00,DION_001,117644,0.14388439915983317,SIMULATED,NORMAL
2026-06-17T16:05:21.502214+00:00,DION_001,117645,0.14478643421801157,SIMULATED,NORMAL
2026-06-17T16:05:21.513116+00:00,DION_001,117646,0.3590495302697264,SIMULATED,NORMAL
2026-06-17T16:05:21.524332+00:00,DION_001,117647,0.31776291926827716,SIMULATED,NORMAL
2026-06-17T16:05:21.535522+00:00,DION_001,117648,0.11296859698845056,SIMULATED,NORMAL
2026-06-17T16:05:21.546629+00:00,DION_001,117649,0.2795055428993065,SIMULATED,NORMAL
2026-06-17T16:05:21.557631+00:00,DION_001,117650,0.06220291291790089,SIMULATED,NORMAL
2026-06-17T16:05:21.568126+00:00,DION_001,117651,0.12757168110719097,SIMULATED,NORMAL
2026-06-17T16:05:21.579462+00:00,DION_001,117652,0.28043511663880305,SIMULATED,NORMAL
2026-06-17T16:05:21.590697+00:00,DION_001,117653,0.4977257284563561,SIMULATED,NORMAL
2026-06-17T16:05:21.601887+00:00,DION_001,117654,0.18885607755791745,SIMULATED,NORMAL
2026-06-17T16:05:21.612858+00:00,DION_001,117655,0.47514120993332426,SIMULATED,NORMAL
2026-06-17T16:05:21.624210+00:00,DION_001,117656,0.2928024611061413,SIMULATED,NORMAL
2026-06-17T16:05:21.635761+00:00,DION_001,117657,0.5849953537959907,SIMULATED,NORMAL
2026-06-17T16:05:21.647213+00:00,DION_001,117658,0.14431500189244115,SIMULATED,NORMAL
2026-06-17T16:05:21.658385+00:00,DION_001,117659,0.5462170496255062,SIMULATED,NORMAL
2026-06-17T16:05:21.669456+00:00,DION_001,117660,0.2375321639904476,SIMULATED,NORMAL
2026-06-17T16:05:21.680582+00:00,DION_001,117661,0.6066302529846243,SIMULATED,NORMAL
2026-06-17T16:05:21.691890+00:00,DION_001,117662,0.474151634757387,SIMULATED,NORMAL
2026-06-17T16:05:21.703105+00:00,DION_001,117663,0.40817375615761986,SIMULATED,NORMAL
2026-06-17T16:05:21.714161+00:00,DION_001,117664,0.5041263105061669,SIMULATED,NORMAL
2026-06-17T16:05:21.725194+00:00,DION_001,117665,0.41393461322209063,SIMULATED,NORMAL
2026-06-17T16:05:21.736312+00:00,DION_001,117666,0.6925455721088944,SIMULATED,NORMAL
2026-06-17T16:05:21.747747+00:00,DION_001,117667,0.6329679636083931,SIMULATED,NORMAL
2026-06-17T16:05:21.758930+00:00,DION_001,117668,0.6848796289162468,SIMULATED,NORMAL
2026-06-17T16:05:21.769983+00:00,DION_001,117669,0.794619564660753,SIMULATED,NORMAL
2026-06-17T16:05:21.781001+00:00,DION_001,117670,0.4727405926888296,SIMULATED,NORMAL
2026-06-17T16:05:21.792442+00:00,DION_001,117671,0.6099888740806907,SIMULATED,NORMAL
2026-06-17T16:05:21.803762+00:00,DION_001,117672,0.5731706632988405,SIMULATED,NORMAL
2026-06-17T16:05:21.814937+00:00,DION_001,117673,0.4725415824076109,SIMULATED,NORMAL
2026-06-17T16:05:21.825620+00:00,DION_001,117674,0.254644174328984,SIMULATED,NORMAL
2026-06-17T16:05:21.836541+00:00,DION_001,117675,0.7577894433721952,SIMULATED,NORMAL
2026-06-17T16:05:21.847947+00:00,DION_001,117676,0.4531883150143827,SIMULATED,NORMAL
2026-06-17T16:05:21.859164+00:00,DION_001,117677,0.6400232232719976,SIMULATED,NORMAL
2026-06-17T16:05:21.870229+00:00,DION_001,117678,0.6565889895992286,SIMULATED,NORMAL
2026-06-17T16:05:21.881250+00:00,DION_001,117679,0.39827818238233936,SIMULATED,NORMAL
2026-06-17T16:05:21.892189+00:00,DION_001,117680,0.7558265695741411,SIMULATED,NORMAL
2026-06-17T16:05:21.903439+00:00,DION_001,117681,0.6464932916809282,SIMULATED,NORMAL
2026-06-17T16:05:21.914543+00:00,DION_001,117682,0.323646897440679,SIMULATED,NORMAL
2026-06-17T16:05:21.925628+00:00,DION_001,117683,0.3469771942971372,SIMULATED,NORMAL
2026-06-17T16:05:21.936522+00:00,DION_001,117684,0.44516747885783026,SIMULATED,NORMAL
2026-06-17T16:05:21.947857+00:00,DION_001,117685,0.2596964129581423,SIMULATED,NORMAL
2026-06-17T16:05:21.959093+00:00,DION_001,117686,0.27788704195795066,SIMULATED,NORMAL
2026-06-17T16:05:21.970194+00:00,DION_001,117687,0.21154582408110126,SIMULATED,NORMAL
2026-06-17T16:05:21.981378+00:00,DION_001,117688,0.1664738273998075,SIMULATED,NORMAL
2026-06-17T16:05:21.992453+00:00,DION_001,117689,0.14430633769039986,SIMULATED,NORMAL
2026-06-17T16:05:22.003737+00:00,DION_001,117690,0.46216352845129627,SIMULATED,NORMAL
2026-06-17T16:05:22.014989+00:00,DION_001,117691,0.3579705860693088,SIMULATED,NORMAL
2026-06-17T16:05:22.026041+00:00,DION_001,117692,0.31999956446553723,SIMULATED,NORMAL
2026-06-17T16:05:22.037009+00:00,DION_001,117693,-0.10977246149282341,SIMULATED,NORMAL
2026-06-17T16:05:22.048399+00:00,DION_001,117694,0.16159697129858797,SIMULATED,NORMAL
2026-06-17T16:05:22.059767+00:00,DION_001,117695,0.18476950636044004,SIMULATED,NORMAL
2026-06-17T16:05:22.070983+00:00,DION_001,117696,-0.2101033992582217,SIMULATED,NORMAL
2026-06-17T16:05:22.082052+00:00,DION_001,117697,-0.2994535695887286,SIMULATED,NORMAL
2026-06-17T16:05:22.093005+00:00,DION_001,117698,-0.2534813053899175,SIMULATED,NORMAL
2026-06-17T16:05:22.104448+00:00,DION_001,117699,-0.23502532795106404,SIMULATED,NORMAL
2026-06-17T16:05:22.115855+00:00,DION_001,117700,-0.21303887338224564,SIMULATED,NORMAL
2026-06-17T16:05:22.126969+00:00,DION_001,117701,-1.8819594543871296,SIMULATED,NORMAL
2026-06-17T16:05:22.138190+00:00,DION_001,117702,-0.513517669816063,SIMULATED,NORMAL
2026-06-17T16:05:22.149279+00:00,DION_001,117703,-0.3717527745616147,SIMULATED,NORMAL
2026-06-17T16:05:22.160319+00:00,DION_001,117704,-0.2848661213633796,SIMULATED,NORMAL
2026-06-17T16:05:22.171557+00:00,DION_001,117705,-0.31685024537743245,SIMULATED,NORMAL
2026-06-17T16:05:22.182712+00:00,DION_001,117706,-0.4868647538546761,SIMULATED,NORMAL
2026-06-17T16:05:22.193768+00:00,DION_001,117707,-0.5063566035800234,SIMULATED,NORMAL
2026-06-17T16:05:22.204816+00:00,DION_001,117708,-0.4104456472975171,SIMULATED,NORMAL
2026-06-17T16:05:22.216113+00:00,DION_001,117709,-0.702084267365991,SIMULATED,NORMAL
2026-06-17T16:05:22.227272+00:00,DION_001,117710,-0.9780517799464699,SIMULATED,NORMAL
2026-06-17T16:05:22.238341+00:00,DION_001,117711,-0.6986356043262195,SIMULATED,NORMAL
2026-06-17T16:05:22.249926+00:00,DION_001,117712,-0.6618649697209278,SIMULATED,NORMAL
2026-06-17T16:05:22.260911+00:00,DION_001,117713,-0.6675734064645719,SIMULATED,NORMAL
2026-06-17T16:05:22.272360+00:00,DION_001,117714,-0.5697343572568878,SIMULATED,NORMAL
2026-06-17T16:05:22.283698+00:00,DION_001,117715,-0.48732949053568536,SIMULATED,NORMAL
2026-06-17T16:05:22.294908+00:00,DION_001,117716,-0.8633319749810008,SIMULATED,NORMAL
2026-06-17T16:05:22.305996+00:00,DION_001,117717,-0.9114451489966182,SIMULATED,NORMAL
2026-06-17T16:05:22.316985+00:00,DION_001,117718,-0.5194484461337883,SIMULATED,NORMAL
2026-06-17T16:05:22.328424+00:00,DION_001,117719,-0.64681657712038,SIMULATED,NORMAL
2026-06-17T16:05:22.339641+00:00,DION_001,117720,-0.8644073867628799,SIMULATED,NORMAL
2026-06-17T16:05:22.350874+00:00,DION_001,117721,-0.9849061215105106,SIMULATED,NORMAL
2026-06-17T16:05:22.362056+00:00,DION_001,117722,-0.4414184745724307,SIMULATED,NORMAL
2026-06-17T16:05:22.373007+00:00,DION_001,117723,-1.1386804158555537,SIMULATED,NORMAL
2026-06-17T16:05:22.384271+00:00,DION_001,117724,-0.6177667413201937,SIMULATED,NORMAL
2026-06-17T16:05:22.395679+00:00,DION_001,117725,-0.8154044320007681,SIMULATED,NORMAL
2026-06-17T16:05:22.406968+00:00,DION_001,117726,-0.7779785167051186,SIMULATED,NORMAL
2026-06-17T16:05:22.418115+00:00,DION_001,117727,-0.7779499570123357,SIMULATED,NORMAL
2026-06-17T16:05:22.429116+00:00,DION_001,117728,-0.7091370578855745,SIMULATED,NORMAL
2026-06-17T16:05:22.440453+00:00,DION_001,117729,-0.6769762654611673,SIMULATED,NORMAL
2026-06-17T16:05:22.451780+00:00,DION_001,117730,-0.5725991680380331,SIMULATED,NORMAL
2026-06-17T16:05:22.462999+00:00,DION_001,117731,-0.6202064859853361,SIMULATED,NORMAL
2026-06-17T16:05:22.474108+00:00,DION_001,117732,-0.45443428459425206,SIMULATED,NORMAL
2026-06-17T16:05:22.485165+00:00,DION_001,117733,-0.32592651477583123,SIMULATED,NORMAL
2026-06-17T16:05:22.496189+00:00,DION_001,117734,-0.9393233350760244,SIMULATED,NORMAL
2026-06-17T16:05:22.507486+00:00,DION_001,117735,-0.6304612272716899,SIMULATED,NORMAL
2026-06-17T16:05:22.518600+00:00,DION_001,117736,-0.534418291731089,SIMULATED,NORMAL
2026-06-17T16:05:22.529689+00:00,DION_001,117737,-0.5025900017669881,SIMULATED,NORMAL
2026-06-17T16:05:22.540639+00:00,DION_001,117738,-0.7740963793165627,SIMULATED,NORMAL
2026-06-17T16:05:22.551923+00:00,DION_001,117739,-0.5612766889482493,SIMULATED,NORMAL
2026-06-17T16:05:22.563161+00:00,DION_001,117740,-0.2594709584369152,SIMULATED,NORMAL
2026-06-17T16:05:22.574331+00:00,DION_001,117741,-0.41014344881761694,SIMULATED,NORMAL
2026-06-17T16:05:22.585336+00:00,DION_001,117742,-0.27959821804296703,SIMULATED,NORMAL
2026-06-17T16:05:22.596217+00:00,DION_001,117743,-0.2417065277584778,SIMULATED,NORMAL
2026-06-17T16:05:22.607515+00:00,DION_001,117744,-0.37262692783002,SIMULATED,NORMAL
2026-06-17T16:05:22.618597+00:00,DION_001,117745,-0.5128580377819634,SIMULATED,NORMAL
2026-06-17T16:05:22.629518+00:00,DION_001,117746,-0.2955935091370042,SIMULATED,NORMAL
2026-06-17T16:05:22.640344+00:00,DION_001,117747,-0.11431327252698387,SIMULATED,NORMAL
2026-06-17T16:05:22.651467+00:00,DION_001,117748,-0.2239870021021464,SIMULATED,NORMAL
2026-06-17T16:05:22.662476+00:00,DION_001,117749,-0.14622668645615106,SIMULATED,NORMAL
2026-06-17T16:05:22.672786+00:00,DION_001,117750,-0.22937859910424743,SIMULATED,NORMAL
2026-06-17T16:05:22.683081+00:00,DION_001,117751,-0.15048451258627848,SIMULATED,NORMAL
2026-06-17T16:05:22.693454+00:00,DION_001,117752,-0.21782495527964874,SIMULATED,NORMAL
2026-06-17T16:05:22.703842+00:00,DION_001,117753,-0.4355736835225641,SIMULATED,NORMAL
2026-06-17T16:05:22.714333+00:00,DION_001,117754,-0.13155317172179204,SIMULATED,NORMAL
2026-06-17T16:05:22.724720+00:00,DION_001,117755,-0.2720898166392389,SIMULATED,NORMAL
2026-06-17T16:05:22.735050+00:00,DION_001,117756,-0.34625456902587465,SIMULATED,NORMAL
2026-06-17T16:05:22.745363+00:00,DION_001,117757,-0.18688907295644155,SIMULATED,NORMAL
2026-06-17T16:05:22.755718+00:00,DION_001,117758,-0.1912540000598746,SIMULATED,NORMAL
2026-06-17T16:05:22.766154+00:00,DION_001,117759,-0.18568533404749588,SIMULATED,NORMAL
2026-06-17T16:05:22.776546+00:00,DION_001,117760,-2.9657686274494295,SIMULATED,EVENT_DETECTED
2026-06-17T16:05:22.787277+00:00,DION_001,117761,-0.4335541937045792,SIMULATED,NORMAL
2026-06-17T16:05:22.797754+00:00,DION_001,117762,-0.42348580002363906,SIMULATED,NORMAL
2026-06-17T16:05:22.808321+00:00,DION_001,117763,-0.45174060213055944,SIMULATED,NORMAL
2026-06-17T16:05:22.819016+00:00,DION_001,117764,-0.4592933301514953,SIMULATED,NORMAL
2026-06-17T16:05:22.829426+00:00,DION_001,117765,-0.4357807698451609,SIMULATED,NORMAL
2026-06-17T16:05:22.839808+00:00,DION_001,117766,-0.35778559092543966,SIMULATED,NORMAL
2026-06-17T16:05:22.850107+00:00,DION_001,117767,-0.43795123093281607,SIMULATED,NORMAL
2026-06-17T16:05:22.860438+00:00,DION_001,117768,-0.490032272599276,SIMULATED,NORMAL
2026-06-17T16:05:22.870786+00:00,DION_001,117769,-0.6878880658997083,SIMULATED,NORMAL
2026-06-17T16:05:22.881101+00:00,DION_001,117770,-0.6104348672623356,SIMULATED,NORMAL
2026-06-17T16:05:22.891525+00:00,DION_001,117771,-0.7899815542515083,SIMULATED,NORMAL
2026-06-17T16:05:22.901869+00:00,DION_001,117772,-0.6674094289977839,SIMULATED,NORMAL
2026-06-17T16:05:22.912137+00:00,DION_001,117773,-0.7746957374056702,SIMULATED,NORMAL
2026-06-17T16:05:22.922560+00:00,DION_001,117774,-0.7322083830886271,SIMULATED,NORMAL
2026-06-17T16:05:22.932887+00:00,DION_001,117775,-0.9131652696620741,SIMULATED,NORMAL
2026-06-17T16:05:22.943193+00:00,DION_001,117776,-0.6125243571796336,SIMULATED,NORMAL
2026-06-17T16:05:22.953559+00:00,DION_001,117777,-1.0383609293145557,SIMULATED,NORMAL
2026-06-17T16:05:22.963922+00:00,DION_001,117778,-1.0043911449610359,SIMULATED,NORMAL
2026-06-17T16:05:22.974367+00:00,DION_001,117779,-0.905710347535203,SIMULATED,NORMAL
2026-06-17T16:05:22.984765+00:00,DION_001,117780,-0.9006948571508258,SIMULATED,NORMAL
2026-06-17T16:05:22.995168+00:00,DION_001,117781,-0.9176117553249865,SIMULATED,NORMAL
2026-06-17T16:05:23.005513+00:00,DION_001,117782,-1.0362250474911752,SIMULATED,NORMAL
2026-06-17T16:05:23.015900+00:00,DION_001,117783,-1.3731488966029373,SIMULATED,NORMAL
2026-06-17T16:05:23.026331+00:00,DION_001,117784,-1.2983386275119044,SIMULATED,NORMAL
2026-06-17T16:05:23.036742+00:00,DION_001,117785,-0.9268815163326766,SIMULATED,NORMAL
2026-06-17T16:05:23.047077+00:00,DION_001,117786,-1.3122320446862135,SIMULATED,NORMAL
2026-06-17T16:05:23.057435+00:00,DION_001,117787,-1.1448237507873864,SIMULATED,NORMAL
2026-06-17T16:05:23.067839+00:00,DION_001,117788,-1.2772639494019267,SIMULATED,NORMAL
2026-06-17T16:05:23.078324+00:00,DION_001,117789,-1.4705781064917047,SIMULATED,NORMAL
2026-06-17T16:05:23.088705+00:00,DION_001,117790,-1.0765233899389193,SIMULATED,NORMAL
2026-06-17T16:05:23.099199+00:00,DION_001,117791,-1.1660328518851721,SIMULATED,NORMAL
2026-06-17T16:05:23.109601+00:00,DION_001,117792,-1.08491897993447,SIMULATED,NORMAL
2026-06-17T16:05:23.119941+00:00,DION_001,117793,-1.1015546373050749,SIMULATED,NORMAL
2026-06-17T16:05:23.130321+00:00,DION_001,117794,-1.058508569589074,SIMULATED,NORMAL
2026-06-17T16:05:23.140705+00:00,DION_001,117795,-1.183359291633912,SIMULATED,NORMAL
2026-06-17T16:05:23.151241+00:00,DION_001,117796,-1.2190094458618632,SIMULATED,NORMAL
2026-06-17T16:05:23.161692+00:00,DION_001,117797,-1.0514197083044454,SIMULATED,NORMAL
2026-06-17T16:05:23.172087+00:00,DION_001,117798,-1.4622978721687683,SIMULATED,NORMAL
2026-06-17T16:05:23.182679+00:00,DION_001,117799,-1.2491069240016728,SIMULATED,NORMAL
2026-06-17T16:05:23.193172+00:00,DION_001,117800,-1.2208057761327276,SIMULATED,NORMAL
2026-06-17T16:05:23.203843+00:00,DION_001,117801,-1.4462660254349209,SIMULATED,NORMAL
2026-06-17T16:05:23.214195+00:00,DION_001,117802,-1.0368812532038054,SIMULATED,NORMAL
2026-06-17T16:05:23.224515+00:00,DION_001,117803,-1.2016872236238818,SIMULATED,NORMAL
2026-06-17T16:05:23.235039+00:00,DION_001,117804,-0.9094791621241455,SIMULATED,NORMAL
2026-06-17T16:05:23.245452+00:00,DION_001,117805,-0.76569281574325,SIMULATED,NORMAL
2026-06-17T16:05:23.255770+00:00,DION_001,117806,-0.803245805473529,SIMULATED,NORMAL
2026-06-17T16:05:23.266111+00:00,DION_001,117807,-1.0981465113281847,SIMULATED,NORMAL
2026-06-17T16:05:23.276593+00:00,DION_001,117808,-0.8830135098494858,SIMULATED,NORMAL
2026-06-17T16:05:23.287108+00:00,DION_001,117809,-0.8209311622448723,SIMULATED,NORMAL
2026-06-17T16:05:23.297512+00:00,DION_001,117810,-3.0023000722608018,SIMULATED,EVENT_DETECTED
2026-06-17T16:05:23.307974+00:00,DION_001,117811,-0.6577608112376572,SIMULATED,NORMAL
2026-06-17T16:05:23.318526+00:00,DION_001,117812,-0.7234139089146611,SIMULATED,NORMAL
2026-06-17T16:05:23.328947+00:00,DION_001,117813,-0.6969325507963334,SIMULATED,NORMAL
2026-06-17T16:05:23.339370+00:00,DION_001,117814,-0.4233210346196424,SIMULATED,NORMAL
2026-06-17T16:05:23.349788+00:00,DION_001,117815,-0.7518512546628005,SIMULATED,NORMAL
2026-06-17T16:05:23.360314+00:00,DION_001,117816,-0.6318383413130461,SIMULATED,NORMAL
2026-06-17T16:05:23.371033+00:00,DION_001,117817,-0.621865675395201,SIMULATED,NORMAL
2026-06-17T16:05:23.381527+00:00,DION_001,117818,-0.47494273699192924,SIMULATED,NORMAL
2026-06-17T16:05:23.391899+00:00,DION_001,117819,-0.1778100034864587,SIMULATED,NORMAL
2026-06-17T16:05:23.402373+00:00,DION_001,117820,-0.45544304090529475,SIMULATED,NORMAL
2026-06-17T16:05:23.412772+00:00,DION_001,117821,-0.28783071595407295,SIMULATED,NORMAL
2026-06-17T16:05:23.423240+00:00,DION_001,117822,-0.5162243360879629,SIMULATED,NORMAL
2026-06-17T16:05:23.433730+00:00,DION_001,117823,-0.22150446611526384,SIMULATED,NORMAL
2026-06-17T16:05:23.444101+00:00,DION_001,117824,-0.0990155350356165,SIMULATED,NORMAL
2026-06-17T16:05:23.454747+00:00,DION_001,117825,-0.11357648680027996,SIMULATED,NORMAL
2026-06-17T16:05:23.465203+00:00,DION_001,117826,-0.22473706027847826,SIMULATED,NORMAL
2026-06-17T16:05:23.475617+00:00,DION_001,117827,-0.306363733586993,SIMULATED,NORMAL
2026-06-17T16:05:23.485967+00:00,DION_001,117828,-0.4582456367700544,SIMULATED,NORMAL
2026-06-17T16:05:23.496497+00:00,DION_001,117829,-0.3483259112584268,SIMULATED,NORMAL
2026-06-17T16:05:23.506913+00:00,DION_001,117830,-0.02231820893765249,SIMULATED,NORMAL
2026-06-17T16:05:23.517256+00:00,DION_001,117831,0.06928200841620108,SIMULATED,NORMAL
2026-06-17T16:05:23.527755+00:00,DION_001,117832,-0.33259472753005825,SIMULATED,NORMAL
2026-06-17T16:05:23.538240+00:00,DION_001,117833,-0.1981330483041105,SIMULATED,NORMAL
2026-06-17T16:05:23.548637+00:00,DION_001,117834,-0.2500080148026723,SIMULATED,NORMAL
2026-06-17T16:05:23.558998+00:00,DION_001,117835,0.10943492729593932,SIMULATED,NORMAL
2026-06-17T16:05:23.569447+00:00,DION_001,117836,0.05633479156078236,SIMULATED,NORMAL
2026-06-17T16:05:23.579964+00:00,DION_001,117837,-0.056288408554375564,SIMULATED,NORMAL
2026-06-17T16:05:23.590346+00:00,DION_001,117838,-0.22708671018945897,SIMULATED,NORMAL
2026-06-17T16:05:23.600698+00:00,DION_001,117839,-0.09399028479779459,SIMULATED,NORMAL
2026-06-17T16:05:23.611102+00:00,DION_001,117840,-0.23349765263856895,SIMULATED,NORMAL
2026-06-17T16:05:23.621395+00:00,DION_001,117841,-0.47070633438571297,SIMULATED,NORMAL
2026-06-17T16:05:23.631692+00:00,DION_001,117842,0.0008739224626803099,SIMULATED,NORMAL
2026-06-17T16:05:23.642122+00:00,DION_001,117843,-0.2639426229700502,SIMULATED,NORMAL
2026-06-17T16:05:23.652619+00:00,DION_001,117844,-0.06109170838043268,SIMULATED,NORMAL
2026-06-17T16:05:23.663109+00:00,DION_001,117845,-0.1740436617144894,SIMULATED,NORMAL
2026-06-17T16:05:23.673485+00:00,DION_001,117846,0.02392893465409973,SIMULATED,NORMAL
2026-06-17T16:05:23.683772+00:00,DION_001,117847,-0.14136466170112064,SIMULATED,NORMAL
2026-06-17T16:05:23.694121+00:00,DION_001,117848,-0.18499006403204057,SIMULATED,NORMAL
2026-06-17T16:05:23.704461+00:00,DION_001,117849,-0.2106585058197794,SIMULATED,NORMAL
2026-06-17T16:05:23.714755+00:00,DION_001,117850,-0.35774142886614924,SIMULATED,NORMAL
2026-06-17T16:05:23.725086+00:00,DION_001,117851,-0.47865254213147884,SIMULATED,NORMAL
2026-06-17T16:05:23.735543+00:00,DION_001,117852,-0.17729769841168236,SIMULATED,NORMAL
2026-06-17T16:05:23.745861+00:00,DION_001,117853,-0.42930145978440826,SIMULATED,NORMAL
2026-06-17T16:05:23.756140+00:00,DION_001,117854,-0.37411277086752476,SIMULATED,NORMAL
2026-06-17T16:05:23.766475+00:00,DION_001,117855,-0.22217674014092323,SIMULATED,NORMAL
2026-06-17T16:05:23.776768+00:00,DION_001,117856,-0.33220673902605014,SIMULATED,NORMAL
2026-06-17T16:05:23.787154+00:00,DION_001,117857,-0.18852020677689932,SIMULATED,NORMAL
2026-06-17T16:05:23.797589+00:00,DION_001,117858,-0.5432762646492599,SIMULATED,NORMAL
2026-06-17T16:05:23.808097+00:00,DION_001,117859,-0.33548325057252143,SIMULATED,NORMAL
2026-06-17T16:05:23.818498+00:00,DION_001,117860,1.6222199723397133,SIMULATED,NORMAL
2026-06-17T16:05:23.828889+00:00,DION_001,117861,-0.5402099223767507,SIMULATED,NORMAL
2026-06-17T16:05:23.839384+00:00,DION_001,117862,-0.6230435529851208,SIMULATED,NORMAL
2026-06-17T16:05:23.849792+00:00,DION_001,117863,-0.2995333970561733,SIMULATED,NORMAL
2026-06-17T16:05:23.860182+00:00,DION_001,117864,-0.40195992117476453,SIMULATED,NORMAL
2026-06-17T16:05:23.870545+00:00,DION_001,117865,-0.3679549379763095,SIMULATED,NORMAL
2026-06-17T16:05:23.880966+00:00,DION_001,117866,-0.6385244234760299,SIMULATED,NORMAL
2026-06-17T16:05:23.891458+00:00,DION_001,117867,-0.5337738846790205,SIMULATED,NORMAL
2026-06-17T16:05:23.901861+00:00,DION_001,117868,-0.46252889186355534,SIMULATED,NORMAL
2026-06-17T16:05:23.912304+00:00,DION_001,117869,-0.7323265018002473,SIMULATED,NORMAL
2026-06-17T16:05:23.922709+00:00,DION_001,117870,-1.0006553769602835,SIMULATED,NORMAL
2026-06-17T16:05:23.933202+00:00,DION_001,117871,-0.7202204414761729,SIMULATED,NORMAL
2026-06-17T16:05:23.943604+00:00,DION_001,117872,-0.09592729294828456,SIMULATED,NORMAL
2026-06-17T16:05:23.953941+00:00,DION_001,117873,-0.4751596872722457,SIMULATED,NORMAL
2026-06-17T16:05:23.964328+00:00,DION_001,117874,-0.44051356764567823,SIMULATED,NORMAL
2026-06-17T16:05:23.974890+00:00,DION_001,117875,-0.3599832626445476,SIMULATED,NORMAL
2026-06-17T16:05:23.985373+00:00,DION_001,117876,-0.45521102552924764,SIMULATED,NORMAL
2026-06-17T16:05:23.995757+00:00,DION_001,117877,-0.3042819774631408,SIMULATED,NORMAL
2026-06-17T16:05:24.006234+00:00,DION_001,117878,-0.2715053796102998,SIMULATED,NORMAL
2026-06-17T16:05:24.016661+00:00,DION_001,117879,-0.27796384588311773,SIMULATED,NORMAL
2026-06-17T16:05:24.027037+00:00,DION_001,117880,-0.11517067350177893,SIMULATED,NORMAL
2026-06-17T16:05:24.037391+00:00,DION_001,117881,-0.37089741731578846,SIMULATED,NORMAL
2026-06-17T16:05:24.047758+00:00,DION_001,117882,-0.5720784910675275,SIMULATED,NORMAL
2026-06-17T16:05:24.058144+00:00,DION_001,117883,-0.04383282862895477,SIMULATED,NORMAL
2026-06-17T16:05:24.068527+00:00,DION_001,117884,-0.32855834814013624,SIMULATED,NORMAL
2026-06-17T16:05:24.078874+00:00,DION_001,117885,-0.3020610808737533,SIMULATED,NORMAL
2026-06-17T16:05:24.089234+00:00,DION_001,117886,-0.1307389901915559,SIMULATED,NORMAL
2026-06-17T16:05:24.099818+00:00,DION_001,117887,-0.0845216322668106,SIMULATED,NORMAL
2026-06-17T16:05:24.110185+00:00,DION_001,117888,0.04946204404342698,SIMULATED,NORMAL
2026-06-17T16:05:24.120563+00:00,DION_001,117889,0.005755098767214703,SIMULATED,NORMAL
2026-06-17T16:05:24.130953+00:00,DION_001,117890,0.09673263921918109,SIMULATED,NORMAL
2026-06-17T16:05:24.141485+00:00,DION_001,117891,0.15242552187934846,SIMULATED,NORMAL
2026-06-17T16:05:24.151917+00:00,DION_001,117892,0.24289550790661904,SIMULATED,NORMAL
2026-06-17T16:05:24.162284+00:00,DION_001,117893,0.22118124734882022,SIMULATED,NORMAL
2026-06-17T16:05:24.172637+00:00,DION_001,117894,0.45346539972405164,SIMULATED,NORMAL
2026-06-17T16:05:24.183031+00:00,DION_001,117895,-0.006909714924223098,SIMULATED,NORMAL
2026-06-17T16:05:24.193506+00:00,DION_001,117896,0.11643636521818643,SIMULATED,NORMAL
2026-06-17T16:05:24.203964+00:00,DION_001,117897,0.2251019525270246,SIMULATED,NORMAL
2026-06-17T16:05:24.214312+00:00,DION_001,117898,0.45172166639028755,SIMULATED,NORMAL
2026-06-17T16:05:24.224672+00:00,DION_001,117899,0.4123142405887819,SIMULATED,NORMAL
2026-06-17T16:05:24.235073+00:00,DION_001,117900,0.5484993667955615,SIMULATED,NORMAL
2026-06-17T16:05:24.245440+00:00,DION_001,117901,0.4185615368086324,SIMULATED,NORMAL
2026-06-17T16:05:24.255900+00:00,DION_001,117902,0.5859485123805673,SIMULATED,NORMAL
2026-06-17T16:05:24.266209+00:00,DION_001,117903,0.678108008133764,SIMULATED,NORMAL
2026-06-17T16:05:24.276529+00:00,DION_001,117904,0.674773648252133,SIMULATED,NORMAL
2026-06-17T16:05:24.286876+00:00,DION_001,117905,0.7822936444363031,SIMULATED,NORMAL
2026-06-17T16:05:24.297287+00:00,DION_001,117906,0.6207100255633211,SIMULATED,NORMAL
2026-06-17T16:05:24.307764+00:00,DION_001,117907,0.7115976882282204,SIMULATED,NORMAL
2026-06-17T16:05:24.318226+00:00,DION_001,117908,0.6262718557472591,SIMULATED,NORMAL
2026-06-17T16:05:24.328690+00:00,DION_001,117909,0.6074569397973294,SIMULATED,NORMAL
2026-06-17T16:05:24.339103+00:00,DION_001,117910,0.8482124261314826,SIMULATED,NORMAL
2026-06-17T16:05:24.349412+00:00,DION_001,117911,0.46121910007366695,SIMULATED,NORMAL
2026-06-17T16:05:24.359718+00:00,DION_001,117912,0.7401171772958809,SIMULATED,NORMAL
2026-06-17T16:05:24.370145+00:00,DION_001,117913,0.8294185933258835,SIMULATED,NORMAL
2026-06-17T16:05:24.380534+00:00,DION_001,117914,0.8251316359087209,SIMULATED,NORMAL
2026-06-17T16:05:24.390938+00:00,DION_001,117915,0.7209182409905781,SIMULATED,NORMAL
2026-06-17T16:05:24.401400+00:00,DION_001,117916,0.9278074907753606,SIMULATED,NORMAL
2026-06-17T16:05:24.411854+00:00,DION_001,117917,0.8675311719423547,SIMULATED,NORMAL
2026-06-17T16:05:24.422230+00:00,DION_001,117918,0.6716779167181625,SIMULATED,NORMAL
2026-06-17T16:05:24.432555+00:00,DION_001,117919,0.6583626543246209,SIMULATED,NORMAL
2026-06-17T16:05:24.443062+00:00,DION_001,117920,0.9475047961137739,SIMULATED,NORMAL
2026-06-17T16:05:24.453441+00:00,DION_001,117921,0.9326522886789028,SIMULATED,NORMAL
2026-06-17T16:05:24.463780+00:00,DION_001,117922,0.9663491106875809,SIMULATED,NORMAL
2026-06-17T16:05:24.474279+00:00,DION_001,117923,1.0136426825348632,SIMULATED,NORMAL
2026-06-17T16:05:24.484579+00:00,DION_001,117924,0.7549057873618957,SIMULATED,NORMAL
2026-06-17T16:05:24.495062+00:00,DION_001,117925,0.6560890831615774,SIMULATED,NORMAL
2026-06-17T16:05:24.505478+00:00,DION_001,117926,0.6989094635383858,SIMULATED,NORMAL
2026-06-17T16:05:24.515798+00:00,DION_001,117927,1.0775530559091673,SIMULATED,NORMAL
2026-06-17T16:05:24.526288+00:00,DION_001,117928,1.0063714327707218,SIMULATED,NORMAL
2026-06-17T16:05:24.536666+00:00,DION_001,117929,0.7862340892262393,SIMULATED,NORMAL
2026-06-17T16:05:24.547255+00:00,DION_001,117930,0.6428456985149915,SIMULATED,NORMAL
2026-06-17T16:05:24.557656+00:00,DION_001,117931,0.708323970372876,SIMULATED,NORMAL
2026-06-17T16:05:24.568071+00:00,DION_001,117932,0.7276188331894851,SIMULATED,NORMAL
2026-06-17T16:05:24.578478+00:00,DION_001,117933,0.6049180717798001,SIMULATED,NORMAL
2026-06-17T16:05:24.588865+00:00,DION_001,117934,0.60896299698914,SIMULATED,NORMAL
2026-06-17T16:05:24.599218+00:00,DION_001,117935,0.4545168000127151,SIMULATED,NORMAL
2026-06-17T16:05:24.609610+00:00,DION_001,117936,0.6197498266754703,SIMULATED,NORMAL
2026-06-17T16:05:24.620030+00:00,DION_001,117937,0.6578616680697787,SIMULATED,NORMAL
2026-06-17T16:05:24.630336+00:00,DION_001,117938,0.5157904282287177,SIMULATED,NORMAL
2026-06-17T16:05:24.640628+00:00,DION_001,117939,0.5348273124399335,SIMULATED,NORMAL
2026-06-17T16:05:24.651071+00:00,DION_001,117940,0.3177894927652737,SIMULATED,NORMAL
2026-06-17T16:05:24.661334+00:00,DION_001,117941,0.7761004350796347,SIMULATED,NORMAL
2026-06-17T16:05:24.671598+00:00,DION_001,117942,0.426684287629691,SIMULATED,NORMAL
2026-06-17T16:05:24.681960+00:00,DION_001,117943,0.4068046467697955,SIMULATED,NORMAL
2026-06-17T16:05:24.692308+00:00,DION_001,117944,0.18418068880240665,SIMULATED,NORMAL
2026-06-17T16:05:24.702634+00:00,DION_001,117945,0.6146790193896511,SIMULATED,NORMAL
2026-06-17T16:05:24.712918+00:00,DION_001,117946,0.47631881563204204,SIMULATED,NORMAL
2026-06-17T16:05:24.723214+00:00,DION_001,117947,0.3234406317870684,SIMULATED,NORMAL
2026-06-17T16:05:24.733507+00:00,DION_001,117948,0.44600638069285814,SIMULATED,NORMAL
2026-06-17T16:05:24.743820+00:00,DION_001,117949,0.3744576939874921,SIMULATED,NORMAL
2026-06-17T16:05:24.754290+00:00,DION_001,117950,0.4609173761450037,SIMULATED,NORMAL
2026-06-17T16:05:24.764727+00:00,DION_001,117951,0.13158643178184823,SIMULATED,NORMAL
2026-06-17T16:05:24.775137+00:00,DION_001,117952,0.31327076442495416,SIMULATED,NORMAL
2026-06-17T16:05:24.785528+00:00,DION_001,117953,0.3427127490689681,SIMULATED,NORMAL
2026-06-17T16:05:24.795866+00:00,DION_001,117954,0.44547822828923883,SIMULATED,NORMAL
2026-06-17T16:05:24.806285+00:00,DION_001,117955,0.37036041722586627,SIMULATED,NORMAL
2026-06-17T16:05:24.816630+00:00,DION_001,117956,0.36531230451397706,SIMULATED,NORMAL
2026-06-17T16:05:24.826997+00:00,DION_001,117957,0.6987029011187642,SIMULATED,NORMAL
2026-06-17T16:05:24.837375+00:00,DION_001,117958,0.5281181794874692,SIMULATED,NORMAL
2026-06-17T16:05:24.847805+00:00,DION_001,117959,0.4748972647244581,SIMULATED,NORMAL
2026-06-17T16:05:24.858214+00:00,DION_001,117960,0.6377861695673127,SIMULATED,NORMAL
2026-06-17T16:05:24.868556+00:00,DION_001,117961,0.4109636659218718,SIMULATED,NORMAL
2026-06-17T16:05:24.878902+00:00,DION_001,117962,0.27634148137253456,SIMULATED,NORMAL
2026-06-17T16:05:24.889240+00:00,DION_001,117963,0.8905808382145446,SIMULATED,NORMAL
2026-06-17T16:05:24.899643+00:00,DION_001,117964,0.560420536268743,SIMULATED,NORMAL
2026-06-17T16:05:24.910053+00:00,DION_001,117965,0.44788948644881954,SIMULATED,NORMAL
2026-06-17T16:05:24.920402+00:00,DION_001,117966,0.4899658477957756,SIMULATED,NORMAL
2026-06-17T16:05:24.930898+00:00,DION_001,117967,0.8073919791857377,SIMULATED,NORMAL
2026-06-17T16:05:24.941387+00:00,DION_001,117968,0.5812593427962858,SIMULATED,NORMAL
2026-06-17T16:05:24.951824+00:00,DION_001,117969,0.6912634649495673,SIMULATED,NORMAL
2026-06-17T16:05:24.962309+00:00,DION_001,117970,0.9628289502605161,SIMULATED,NORMAL
2026-06-17T16:05:24.972710+00:00,DION_001,117971,0.8846255973888381,SIMULATED,NORMAL
2026-06-17T16:05:24.983192+00:00,DION_001,117972,0.6895859694423093,SIMULATED,NORMAL
2026-06-17T16:05:24.993655+00:00,DION_001,117973,0.7931637966771781,SIMULATED,NORMAL
2026-06-17T16:05:25.004019+00:00,DION_001,117974,0.7680179274319181,SIMULATED,NORMAL
2026-06-17T16:05:25.014578+00:00,DION_001,117975,0.8085203040912073,SIMULATED,NORMAL
2026-06-17T16:05:25.024937+00:00,DION_001,117976,1.13155779511614,SIMULATED,NORMAL
2026-06-17T16:05:25.035327+00:00,DION_001,117977,0.6887393629949463,SIMULATED,NORMAL
2026-06-17T16:05:25.045714+00:00,DION_001,117978,0.8863375765717415,SIMULATED,NORMAL
2026-06-17T16:05:25.056083+00:00,DION_001,117979,0.8870602335051889,SIMULATED,NORMAL
2026-06-17T16:05:25.066560+00:00,DION_001,117980,0.991538783249976,SIMULATED,NORMAL
2026-06-17T16:05:25.077020+00:00,DION_001,117981,1.0943850182982588,SIMULATED,NORMAL
2026-06-17T16:05:25.087398+00:00,DION_001,117982,0.6375246913587926,SIMULATED,NORMAL
2026-06-17T16:05:25.097774+00:00,DION_001,117983,1.1040427424208965,SIMULATED,NORMAL
2026-06-17T16:05:25.108162+00:00,DION_001,117984,1.1016947681159497,SIMULATED,NORMAL
2026-06-17T16:05:25.118662+00:00,DION_001,117985,0.9599657556055222,SIMULATED,NORMAL
2026-06-17T16:05:25.129055+00:00,DION_001,117986,1.115562869093179,SIMULATED,NORMAL
2026-06-17T16:05:25.139405+00:00,DION_001,117987,1.0464134061593893,SIMULATED,NORMAL
2026-06-17T16:05:25.149776+00:00,DION_001,117988,1.2804987412406583,SIMULATED,NORMAL
2026-06-17T16:05:25.160259+00:00,DION_001,117989,1.0465460062583685,SIMULATED,NORMAL
2026-06-17T16:05:25.170582+00:00,DION_001,117990,1.1225338821964381,SIMULATED,NORMAL
2026-06-17T16:05:25.181021+00:00,DION_001,117991,1.1911285029578325,SIMULATED,NORMAL
2026-06-17T16:05:25.191445+00:00,DION_001,117992,1.2481072673168334,SIMULATED,NORMAL
2026-06-17T16:05:25.201845+00:00,DION_001,117993,1.2533484600233316,SIMULATED,NORMAL
2026-06-17T16:05:25.212257+00:00,DION_001,117994,1.0334510698589416,SIMULATED,NORMAL
2026-06-17T16:05:25.222607+00:00,DION_001,117995,1.0086628255671903,SIMULATED,NORMAL
2026-06-17T16:05:25.232954+00:00,DION_001,117996,1.0149715631003078,SIMULATED,NORMAL
2026-06-17T16:05:25.243341+00:00,DION_001,117997,1.1129133444179615,SIMULATED,NORMAL
2026-06-17T16:05:25.253728+00:00,DION_001,117998,1.0626765346210083,SIMULATED,NORMAL
2026-06-17T16:05:25.264142+00:00,DION_001,117999,0.9452651909051515,SIMULATED,NORMAL
2026-06-17T16:05:25.274552+00:00,DION_001,118000,0.9588232567282414,SIMULATED,NORMAL
2026-06-17T16:05:25.284924+00:00,DION_001,118001,1.0295319984532678,SIMULATED,NORMAL
2026-06-17T16:05:25.295369+00:00,DION_001,118002,0.9157778181343341,SIMULATED,NORMAL
2026-06-17T16:05:25.305723+00:00,DION_001,118003,1.156714856559991,SIMULATED,NORMAL
2026-06-17T16:05:25.316110+00:00,DION_001,118004,0.8610112258679763,SIMULATED,NORMAL
2026-06-17T16:05:25.326560+00:00,DION_001,118005,0.9752954894320791,SIMULATED,NORMAL
2026-06-17T16:05:25.337050+00:00,DION_001,118006,0.9327206712572409,SIMULATED,NORMAL
2026-06-17T16:05:25.347483+00:00,DION_001,118007,0.9952983315063081,SIMULATED,NORMAL
2026-06-17T16:05:25.357918+00:00,DION_001,118008,1.2356298539717239,SIMULATED,NORMAL
2026-06-17T16:05:25.368238+00:00,DION_001,118009,0.9814779872696554,SIMULATED,NORMAL
2026-06-17T16:05:25.378692+00:00,DION_001,118010,0.8832154142894241,SIMULATED,NORMAL
2026-06-17T16:05:25.389017+00:00,DION_001,118011,0.504617608859212,SIMULATED,NORMAL
2026-06-17T16:05:25.399470+00:00,DION_001,118012,0.8476180475063305,SIMULATED,NORMAL
2026-06-17T16:05:25.410016+00:00,DION_001,118013,1.1526385607070875,SIMULATED,NORMAL
2026-06-17T16:05:25.420428+00:00,DION_001,118014,0.609022204078562,SIMULATED,NORMAL
2026-06-17T16:05:25.430806+00:00,DION_001,118015,0.73794268541359,SIMULATED,NORMAL
2026-06-17T16:05:25.441217+00:00,DION_001,118016,0.38104983408247506,SIMULATED,NORMAL
2026-06-17T16:05:25.451713+00:00,DION_001,118017,0.6143802645097431,SIMULATED,NORMAL
2026-06-17T16:05:25.462256+00:00,DION_001,118018,0.7114965741691502,SIMULATED,NORMAL
2026-06-17T16:05:25.472629+00:00,DION_001,118019,0.27352464038526725,SIMULATED,NORMAL
2026-06-17T16:05:25.483035+00:00,DION_001,118020,0.26827170507375514,SIMULATED,NORMAL
2026-06-17T16:05:25.493429+00:00,DION_001,118021,0.554325076907912,SIMULATED,NORMAL
2026-06-17T16:05:25.503706+00:00,DION_001,118022,0.20230758288434855,SIMULATED,NORMAL
2026-06-17T16:05:25.514117+00:00,DION_001,118023,0.4066463108163302,SIMULATED,NORMAL
2026-06-17T16:05:25.524487+00:00,DION_001,118024,0.41380008353177666,SIMULATED,NORMAL
2026-06-17T16:05:25.534917+00:00,DION_001,118025,0.38670808312786537,SIMULATED,NORMAL
2026-06-17T16:05:25.545446+00:00,DION_001,118026,0.28379647002162117,SIMULATED,NORMAL
2026-06-17T16:05:25.555820+00:00,DION_001,118027,0.19633734657814542,SIMULATED,NORMAL
2026-06-17T16:05:25.566222+00:00,DION_001,118028,0.16188260728898982,SIMULATED,NORMAL
2026-06-17T16:05:25.576558+00:00,DION_001,118029,0.23224592810788314,SIMULATED,NORMAL
2026-06-17T16:05:25.586920+00:00,DION_001,118030,0.102177741015208,SIMULATED,NORMAL
2026-06-17T16:05:25.597333+00:00,DION_001,118031,0.08159912289708256,SIMULATED,NORMAL
2026-06-17T16:05:25.607651+00:00,DION_001,118032,-0.02076534782263613,SIMULATED,NORMAL
2026-06-17T16:05:25.617965+00:00,DION_001,118033,0.24771195264753704,SIMULATED,NORMAL
2026-06-17T16:05:25.628452+00:00,DION_001,118034,-0.060239150289527546,SIMULATED,NORMAL
2026-06-17T16:05:25.638970+00:00,DION_001,118035,0.08714530930755857,SIMULATED,NORMAL
2026-06-17T16:05:25.649332+00:00,DION_001,118036,-0.20104019556196517,SIMULATED,NORMAL
2026-06-17T16:05:25.659643+00:00,DION_001,118037,-0.0645216286509175,SIMULATED,NORMAL
2026-06-17T16:05:25.669946+00:00,DION_001,118038,-0.07570942113291199,SIMULATED,NORMAL
2026-06-17T16:05:25.680250+00:00,DION_001,118039,0.13927726311168717,SIMULATED,NORMAL
2026-06-17T16:05:25.690568+00:00,DION_001,118040,-0.17662822920658353,SIMULATED,NORMAL
2026-06-17T16:05:25.700818+00:00,DION_001,118041,0.21749831430455482,SIMULATED,NORMAL
2026-06-17T16:05:25.710999+00:00,DION_001,118042,0.18279993253764648,SIMULATED,NORMAL
2026-06-17T16:05:25.721338+00:00,DION_001,118043,0.06110427688514498,SIMULATED,NORMAL
2026-06-17T16:05:25.731686+00:00,DION_001,118044,0.03277472239549267,SIMULATED,NORMAL
2026-06-17T16:05:25.742061+00:00,DION_001,118045,0.3857355817902958,SIMULATED,NORMAL
2026-06-17T16:05:25.752400+00:00,DION_001,118046,0.2487486404418947,SIMULATED,NORMAL
2026-06-17T16:05:25.762644+00:00,DION_001,118047,-0.10060553304143835,SIMULATED,NORMAL
2026-06-17T16:05:25.772983+00:00,DION_001,118048,-0.15803515295815032,SIMULATED,NORMAL
2026-06-17T16:05:25.783331+00:00,DION_001,118049,0.24283749527076554,SIMULATED,NORMAL
2026-06-17T16:05:25.793648+00:00,DION_001,118050,0.1425342655233676,SIMULATED,NORMAL
2026-06-17T16:05:25.803945+00:00,DION_001,118051,0.13374581144627362,SIMULATED,NORMAL
2026-06-17T16:05:25.814537+00:00,DION_001,118052,0.21901301190630054,SIMULATED,NORMAL
2026-06-17T16:05:25.824979+00:00,DION_001,118053,0.0451820635137295,SIMULATED,NORMAL
2026-06-17T16:05:25.835392+00:00,DION_001,118054,0.1317158377414578,SIMULATED,NORMAL
2026-06-17T16:05:25.845731+00:00,DION_001,118055,0.20076379870471922,SIMULATED,NORMAL
2026-06-17T16:05:25.856107+00:00,DION_001,118056,-0.05280924943922255,SIMULATED,NORMAL
2026-06-17T16:05:25.866516+00:00,DION_001,118057,0.5868261531864274,SIMULATED,NORMAL
2026-06-17T16:05:25.876837+00:00,DION_001,118058,0.26778084298835997,SIMULATED,NORMAL
2026-06-17T16:05:25.887176+00:00,DION_001,118059,0.3445174985688028,SIMULATED,NORMAL
2026-06-17T16:05:25.897651+00:00,DION_001,118060,0.06693403450891533,SIMULATED,NORMAL
2026-06-17T16:05:25.908001+00:00,DION_001,118061,0.44444316967075914,SIMULATED,NORMAL
2026-06-17T16:05:25.918299+00:00,DION_001,118062,0.29721508179827244,SIMULATED,NORMAL
2026-06-17T16:05:25.928607+00:00,DION_001,118063,0.5805045553464925,SIMULATED,NORMAL
2026-06-17T16:05:25.938952+00:00,DION_001,118064,0.45835683866761495,SIMULATED,NORMAL
2026-06-17T16:05:25.949374+00:00,DION_001,118065,0.21490121505015317,SIMULATED,NORMAL
2026-06-17T16:05:25.959739+00:00,DION_001,118066,0.4502669549355869,SIMULATED,NORMAL
2026-06-17T16:05:25.970223+00:00,DION_001,118067,0.38721527805649575,SIMULATED,NORMAL
2026-06-17T16:05:25.980552+00:00,DION_001,118068,0.7408733093904186,SIMULATED,NORMAL
2026-06-17T16:05:25.990974+00:00,DION_001,118069,0.3927134400787882,SIMULATED,NORMAL
2026-06-17T16:05:26.001427+00:00,DION_001,118070,0.6803905130793805,SIMULATED,NORMAL
2026-06-17T16:05:26.011782+00:00,DION_001,118071,0.14492644153426626,SIMULATED,NORMAL
2026-06-17T16:05:26.022178+00:00,DION_001,118072,0.4903640130383352,SIMULATED,NORMAL
2026-06-17T16:05:26.032660+00:00,DION_001,118073,0.27877023595570705,SIMULATED,NORMAL
2026-06-17T16:05:26.043107+00:00,DION_001,118074,0.3236199353977134,SIMULATED,NORMAL
2026-06-17T16:05:26.053494+00:00,DION_001,118075,0.28588253265220365,SIMULATED,NORMAL
2026-06-17T16:05:26.064103+00:00,DION_001,118076,0.36388287025540983,SIMULATED,NORMAL
2026-06-17T16:05:26.074791+00:00,DION_001,118077,2.1731919241217814,SIMULATED,EVENT_DETECTED
2026-06-17T16:05:26.085530+00:00,DION_001,118078,0.4352520685384211,SIMULATED,NORMAL
2026-06-17T16:05:26.096026+00:00,DION_001,118079,0.3592967480315685,SIMULATED,NORMAL
2026-06-17T16:05:26.106621+00:00,DION_001,118080,0.26292078188757356,SIMULATED,NORMAL
2026-06-17T16:05:26.117408+00:00,DION_001,118081,0.4339592200657072,SIMULATED,NORMAL
2026-06-17T16:05:26.127763+00:00,DION_001,118082,0.09277838813577134,SIMULATED,NORMAL
2026-06-17T16:05:26.138165+00:00,DION_001,118083,0.03600283750939534,SIMULATED,NORMAL
2026-06-17T16:05:26.148528+00:00,DION_001,118084,0.37899719369083595,SIMULATED,NORMAL
2026-06-17T16:05:26.158938+00:00,DION_001,118085,-0.051797265726972894,SIMULATED,NORMAL
2026-06-17T16:05:26.169345+00:00,DION_001,118086,0.039427346682919515,SIMULATED,NORMAL
2026-06-17T16:05:26.179792+00:00,DION_001,118087,-0.02136701647388711,SIMULATED,NORMAL
2026-06-17T16:05:26.190258+00:00,DION_001,118088,-0.13843291254545903,SIMULATED,NORMAL
2026-06-17T16:05:26.200643+00:00,DION_001,118089,0.0009556046428285669,SIMULATED,NORMAL
2026-06-17T16:05:26.211199+00:00,DION_001,118090,-0.045688844714167245,SIMULATED,NORMAL
2026-06-17T16:05:26.221666+00:00,DION_001,118091,-0.21842608874598274,SIMULATED,NORMAL
2026-06-17T16:05:26.232022+00:00,DION_001,118092,-0.008992246107533103,SIMULATED,NORMAL
2026-06-17T16:05:26.242467+00:00,DION_001,118093,-0.4185805261727818,SIMULATED,NORMAL
2026-06-17T16:05:26.252802+00:00,DION_001,118094,-0.5918022266725362,SIMULATED,NORMAL
2026-06-17T16:05:26.263159+00:00,DION_001,118095,-0.39426891513065343,SIMULATED,NORMAL
2026-06-17T16:05:26.273489+00:00,DION_001,118096,-0.21676781486560523,SIMULATED,NORMAL
2026-06-17T16:05:26.287303+00:00,DION_001,118097,-0.47311499848192345,SIMULATED,NORMAL
2026-06-17T16:05:26.297782+00:00,DION_001,118098,-0.5471186565189722,SIMULATED,NORMAL
2026-06-17T16:05:26.308129+00:00,DION_001,118099,-0.4412723251123991,SIMULATED,NORMAL
2026-06-17T16:05:26.318488+00:00,DION_001,118100,-0.6464768118675276,SIMULATED,NORMAL
2026-06-17T16:05:26.329082+00:00,DION_001,118101,-0.6038803453859154,SIMULATED,NORMAL
2026-06-17T16:05:26.339567+00:00,DION_001,118102,-0.633655946638339,SIMULATED,NORMAL
2026-06-17T16:05:26.349858+00:00,DION_001,118103,-0.723749104801284,SIMULATED,NORMAL
2026-06-17T16:05:26.360223+00:00,DION_001,118104,-0.7689361779323217,SIMULATED,NORMAL
2026-06-17T16:05:26.370668+00:00,DION_001,118105,-0.6807765157505937,SIMULATED,NORMAL
2026-06-17T16:05:26.381011+00:00,DION_001,118106,-0.9034342713534215,SIMULATED,NORMAL
2026-06-17T16:05:26.391381+00:00,DION_001,118107,-0.9355229129752558,SIMULATED,NORMAL
2026-06-17T16:05:26.401779+00:00,DION_001,118108,-0.7625221568106013,SIMULATED,NORMAL
2026-06-17T16:05:26.412185+00:00,DION_001,118109,-0.8774750728124961,SIMULATED,NORMAL
2026-06-17T16:05:26.422696+00:00,DION_001,118110,-0.8780462395047686,SIMULATED,NORMAL
2026-06-17T16:05:26.433077+00:00,DION_001,118111,-1.1082647371916434,SIMULATED,NORMAL
2026-06-17T16:05:26.443468+00:00,DION_001,118112,-0.7952634608910363,SIMULATED,NORMAL
2026-06-17T16:05:26.453933+00:00,DION_001,118113,-0.8775155568803298,SIMULATED,NORMAL
2026-06-17T16:05:26.464322+00:00,DION_001,118114,-0.7188154611374578,SIMULATED,NORMAL
2026-06-17T16:05:26.474776+00:00,DION_001,118115,-1.180842197517012,SIMULATED,NORMAL
2026-06-17T16:05:26.485158+00:00,DION_001,118116,-1.05416561761343,SIMULATED,NORMAL
2026-06-17T16:05:26.495544+00:00,DION_001,118117,-0.868930970528256,SIMULATED,NORMAL
2026-06-17T16:05:26.505948+00:00,DION_001,118118,-0.7161751594333062,SIMULATED,NORMAL
2026-06-17T16:05:26.516377+00:00,DION_001,118119,-1.051815478656267,SIMULATED,NORMAL
2026-06-17T16:05:26.526656+00:00,DION_001,118120,-0.9548655151720312,SIMULATED,NORMAL
2026-06-17T16:05:26.537076+00:00,DION_001,118121,-0.9032264053112831,SIMULATED,NORMAL
2026-06-17T16:05:26.547535+00:00,DION_001,118122,-1.1503328134835484,SIMULATED,NORMAL
2026-06-17T16:05:26.557937+00:00,DION_001,118123,-0.9513235609641959,SIMULATED,NORMAL
2026-06-17T16:05:26.568271+00:00,DION_001,118124,-0.809171625416547,SIMULATED,NORMAL
2026-06-17T16:05:26.578654+00:00,DION_001,118125,-1.0977254230912197,SIMULATED,NORMAL
2026-06-17T16:05:26.589060+00:00,DION_001,118126,-0.873866551283994,SIMULATED,NORMAL
2026-06-17T16:05:26.599424+00:00,DION_001,118127,-0.9337190332753569,SIMULATED,NORMAL
2026-06-17T16:05:26.609760+00:00,DION_001,118128,-1.0393375988131746,SIMULATED,NORMAL
2026-06-17T16:05:26.620180+00:00,DION_001,118129,-0.9729740111743803,SIMULATED,NORMAL
2026-06-17T16:05:26.630579+00:00,DION_001,118130,-0.7558043671473887,SIMULATED,NORMAL
2026-06-17T16:05:26.640918+00:00,DION_001,118131,-0.6915068556950664,SIMULATED,NORMAL
2026-06-17T16:05:26.651275+00:00,DION_001,118132,-0.7136990510345146,SIMULATED,NORMAL
2026-06-17T16:05:26.661690+00:00,DION_001,118133,-0.4845580911053311,SIMULATED,NORMAL
2026-06-17T16:05:26.672027+00:00,DION_001,118134,-0.7219619172198647,SIMULATED,NORMAL
2026-06-17T16:05:26.682358+00:00,DION_001,118135,-0.8650095574577575,SIMULATED,NORMAL
2026-06-17T16:05:26.692676+00:00,DION_001,118136,-0.38148073680818056,SIMULATED,NORMAL
2026-06-17T16:05:26.703015+00:00,DION_001,118137,-0.5986939409512902,SIMULATED,NORMAL
2026-06-17T16:05:26.713282+00:00,DION_001,118138,-0.6511179726074409,SIMULATED,NORMAL
2026-06-17T16:05:26.723571+00:00,DION_001,118139,-0.6590977547045511,SIMULATED,NORMAL
2026-06-17T16:05:26.733794+00:00,DION_001,118140,-0.6185269879952853,SIMULATED,NORMAL
2026-06-17T16:05:26.744093+00:00,DION_001,118141,-0.36820809532870385,SIMULATED,NORMAL
2026-06-17T16:05:26.754315+00:00,DION_001,118142,-0.35618128469936144,SIMULATED,NORMAL
2026-06-17T16:05:26.764525+00:00,DION_001,118143,-0.2166226739133486,SIMULATED,NORMAL
2026-06-17T16:05:26.774813+00:00,DION_001,118144,-0.4967581040373634,SIMULATED,NORMAL
2026-06-17T16:05:26.785120+00:00,DION_001,118145,-0.68924896115775,SIMULATED,NORMAL
2026-06-17T16:05:26.795452+00:00,DION_001,118146,-0.5989660951474349,SIMULATED,NORMAL
2026-06-17T16:05:26.805839+00:00,DION_001,118147,-0.38693247170802103,SIMULATED,NORMAL
2026-06-17T16:05:26.816377+00:00,DION_001,118148,-0.29434332665155444,SIMULATED,NORMAL
2026-06-17T16:05:26.826759+00:00,DION_001,118149,-0.2834064556908776,SIMULATED,NORMAL
2026-06-17T16:05:26.837067+00:00,DION_001,118150,-0.43924680489370327,SIMULATED,NORMAL
2026-06-17T16:05:26.847469+00:00,DION_001,118151,-0.21918630287416466,SIMULATED,NORMAL
2026-06-17T16:05:26.857994+00:00,DION_001,118152,-0.43565415798584617,SIMULATED,NORMAL
2026-06-17T16:05:26.868347+00:00,DION_001,118153,-0.28261810751700467,SIMULATED,NORMAL
2026-06-17T16:05:26.878685+00:00,DION_001,118154,-0.3050954780726093,SIMULATED,NORMAL
2026-06-17T16:05:26.889139+00:00,DION_001,118155,-0.4003734070747611,SIMULATED,NORMAL
2026-06-17T16:05:26.899688+00:00,DION_001,118156,-0.28717661377536796,SIMULATED,NORMAL
2026-06-17T16:05:26.910181+00:00,DION_001,118157,-0.5604164567385473,SIMULATED,NORMAL
2026-06-17T16:05:26.920508+00:00,DION_001,118158,-0.47427521347024504,SIMULATED,NORMAL
2026-06-17T16:05:26.931011+00:00,DION_001,118159,-0.47064721925843866,SIMULATED,NORMAL
2026-06-17T16:05:26.941430+00:00,DION_001,118160,-0.2209145660239162,SIMULATED,NORMAL
2026-06-17T16:05:26.952020+00:00,DION_001,118161,-0.5429447074415833,SIMULATED,NORMAL
2026-06-17T16:05:26.962425+00:00,DION_001,118162,-0.3882727980155041,SIMULATED,NORMAL
2026-06-17T16:05:26.972883+00:00,DION_001,118163,-0.44859681634323323,SIMULATED,NORMAL
2026-06-17T16:05:26.983228+00:00,DION_001,118164,-0.5142006138522638,SIMULATED,NORMAL
2026-06-17T16:05:26.993646+00:00,DION_001,118165,-0.28573718530630343,SIMULATED,NORMAL
2026-06-17T16:05:27.003982+00:00,DION_001,118166,-0.46358805713575396,SIMULATED,NORMAL
2026-06-17T16:05:27.014455+00:00,DION_001,118167,-0.8267421569753743,SIMULATED,NORMAL
2026-06-17T16:05:27.025132+00:00,DION_001,118168,-0.7118752545966262,SIMULATED,NORMAL
2026-06-17T16:05:27.035660+00:00,DION_001,118169,-0.7151443496589465,SIMULATED,NORMAL
2026-06-17T16:05:27.046083+00:00,DION_001,118170,-0.46554996007117433,SIMULATED,NORMAL
2026-06-17T16:05:27.056461+00:00,DION_001,118171,-0.45497400865864074,SIMULATED,NORMAL
2026-06-17T16:05:27.066819+00:00,DION_001,118172,-0.5393282179464207,SIMULATED,NORMAL
2026-06-17T16:05:27.077221+00:00,DION_001,118173,-0.8415325449525483,SIMULATED,NORMAL
2026-06-17T16:05:27.087708+00:00,DION_001,118174,-0.3457777343581378,SIMULATED,NORMAL
2026-06-17T16:05:27.098117+00:00,DION_001,118175,-1.008489759019241,SIMULATED,NORMAL
2026-06-17T16:05:27.108584+00:00,DION_001,118176,-0.8946852133982337,SIMULATED,NORMAL
2026-06-17T16:05:27.119114+00:00,DION_001,118177,-0.8641152950796671,SIMULATED,NORMAL
2026-06-17T16:05:27.129527+00:00,DION_001,118178,-0.9725610932592967,SIMULATED,NORMAL
2026-06-17T16:05:27.140007+00:00,DION_001,118179,-0.9182894407049266,SIMULATED,NORMAL
2026-06-17T16:05:27.150589+00:00,DION_001,118180,-0.8713066314803568,SIMULATED,NORMAL
2026-06-17T16:05:27.161117+00:00,DION_001,118181,-0.8202549312249648,SIMULATED,NORMAL
2026-06-17T16:05:27.171954+00:00,DION_001,118182,-1.1177452703350657,SIMULATED,NORMAL
2026-06-17T16:05:27.182474+00:00,DION_001,118183,-1.1125536485391134,SIMULATED,NORMAL
2026-06-17T16:05:27.193108+00:00,DION_001,118184,-1.3073396288144328,SIMULATED,NORMAL
2026-06-17T16:05:27.203706+00:00,DION_001,118185,-1.5040236646851326,SIMULATED,NORMAL
2026-06-17T16:05:27.214150+00:00,DION_001,118186,-0.9607239455344256,SIMULATED,NORMAL
2026-06-17T16:05:27.224533+00:00,DION_001,118187,-1.1309914467278797,SIMULATED,NORMAL
2026-06-17T16:05:27.234868+00:00,DION_001,118188,-1.1362726124070917,SIMULATED,NORMAL
2026-06-17T16:05:27.245244+00:00,DION_001,118189,-1.1594478487874016,SIMULATED,NORMAL
2026-06-17T16:05:27.255684+00:00,DION_001,118190,-1.2509066096554742,SIMULATED,NORMAL
2026-06-17T16:05:27.266046+00:00,DION_001,118191,-1.1429414965030078,SIMULATED,NORMAL
2026-06-17T16:05:27.276440+00:00,DION_001,118192,-1.0873882041099263,SIMULATED,NORMAL
2026-06-17T16:05:27.286851+00:00,DION_001,118193,-1.2715782995422091,SIMULATED,NORMAL
2026-06-17T16:05:27.297175+00:00,DION_001,118194,-0.9406005105029923,SIMULATED,NORMAL
2026-06-17T16:05:27.307555+00:00,DION_001,118195,-1.1581722455991406,SIMULATED,NORMAL
2026-06-17T16:05:27.318001+00:00,DION_001,118196,-1.129706924331521,SIMULATED,NORMAL
2026-06-17T16:05:27.328346+00:00,DION_001,118197,-0.9271665499922667,SIMULATED,NORMAL
2026-06-17T16:05:27.338878+00:00,DION_001,118198,-0.8878023883183181,SIMULATED,NORMAL
2026-06-17T16:05:27.349278+00:00,DION_001,118199,-1.1582005864104834,SIMULATED,NORMAL
2026-06-17T16:05:27.359761+00:00,DION_001,118200,-0.9590771114885341,SIMULATED,NORMAL
2026-06-17T16:05:27.370347+00:00,DION_001,118201,-0.7660455194254727,SIMULATED,NORMAL
2026-06-17T16:05:27.380913+00:00,DION_001,118202,-0.7776322626544125,SIMULATED,NORMAL
2026-06-17T16:05:27.391292+00:00,DION_001,118203,-1.009438246490888,SIMULATED,NORMAL
2026-06-17T16:05:27.401764+00:00,DION_001,118204,-0.9758903016121607,SIMULATED,NORMAL
2026-06-17T16:05:27.412308+00:00,DION_001,118205,-0.9851634469520303,SIMULATED,NORMAL
2026-06-17T16:05:27.422736+00:00,DION_001,118206,-0.7858224745221306,SIMULATED,NORMAL
2026-06-17T16:05:27.433101+00:00,DION_001,118207,-0.8205107805172889,SIMULATED,NORMAL
2026-06-17T16:05:27.443493+00:00,DION_001,118208,-0.48370930432866843,SIMULATED,NORMAL
2026-06-17T16:05:27.453945+00:00,DION_001,118209,-0.5693723440420624,SIMULATED,NORMAL
2026-06-17T16:05:27.464444+00:00,DION_001,118210,-0.5079608459808655,SIMULATED,NORMAL
2026-06-17T16:05:27.474880+00:00,DION_001,118211,-0.8110448460284929,SIMULATED,NORMAL
2026-06-17T16:05:27.485402+00:00,DION_001,118212,-0.8171967226680579,SIMULATED,NORMAL
2026-06-17T16:05:27.495938+00:00,DION_001,118213,-0.702351791422587,SIMULATED,NORMAL
2026-06-17T16:05:27.506376+00:00,DION_001,118214,-0.5894775235822867,SIMULATED,NORMAL
2026-06-17T16:05:27.516859+00:00,DION_001,118215,-0.5747380480870681,SIMULATED,NORMAL
2026-06-17T16:05:27.527224+00:00,DION_001,118216,-0.2958482872049593,SIMULATED,NORMAL
2026-06-17T16:05:27.537629+00:00,DION_001,118217,-0.6386531705035208,SIMULATED,NORMAL
2026-06-17T16:05:27.548391+00:00,DION_001,118218,-0.2750863181503672,SIMULATED,NORMAL
2026-06-17T16:05:27.558790+00:00,DION_001,118219,-0.1581366396068798,SIMULATED,NORMAL
2026-06-17T16:05:27.569150+00:00,DION_001,118220,-0.1950211679118277,SIMULATED,NORMAL
2026-06-17T16:05:27.579572+00:00,DION_001,118221,-0.025155762182933306,SIMULATED,NORMAL
2026-06-17T16:05:27.589950+00:00,DION_001,118222,-0.279828630488812,SIMULATED,NORMAL
2026-06-17T16:05:27.600332+00:00,DION_001,118223,-0.41163066547399696,SIMULATED,NORMAL
2026-06-17T16:05:27.610695+00:00,DION_001,118224,-0.2294456951334069,SIMULATED,NORMAL
2026-06-17T16:05:27.621055+00:00,DION_001,118225,-0.15925518805111188,SIMULATED,NORMAL
2026-06-17T16:05:27.631551+00:00,DION_001,118226,-0.43493826646992245,SIMULATED,NORMAL
2026-06-17T16:05:27.641985+00:00,DION_001,118227,-0.3350744026509408,SIMULATED,NORMAL
2026-06-17T16:05:27.652324+00:00,DION_001,118228,-0.16417289874464697,SIMULATED,NORMAL
2026-06-17T16:05:27.662836+00:00,DION_001,118229,-0.13893339471231403,SIMULATED,NORMAL
2026-06-17T16:05:27.673141+00:00,DION_001,118230,0.08322828152519864,SIMULATED,NORMAL
2026-06-17T16:05:27.683474+00:00,DION_001,118231,0.050752467384545495,SIMULATED,NORMAL
2026-06-17T16:05:27.693753+00:00,DION_001,118232,-0.013248014290113713,SIMULATED,NORMAL
2026-06-17T16:05:27.704072+00:00,DION_001,118233,-0.017763001344214574,SIMULATED,NORMAL
2026-06-17T16:05:27.714417+00:00,DION_001,118234,-1.7431316433781128,SIMULATED,NORMAL
2026-06-17T16:05:27.724826+00:00,DION_001,118235,0.18823886121637404,SIMULATED,NORMAL
2026-06-17T16:05:27.735139+00:00,DION_001,118236,0.2551618592134861,SIMULATED,NORMAL
2026-06-17T16:05:27.745427+00:00,DION_001,118237,-0.11662511251166127,SIMULATED,NORMAL
2026-06-17T16:05:27.755764+00:00,DION_001,118238,0.14768429344186418,SIMULATED,NORMAL
2026-06-17T16:05:27.766097+00:00,DION_001,118239,-0.1471312043113722,SIMULATED,NORMAL
2026-06-17T16:05:27.776442+00:00,DION_001,118240,0.05393328797676189,SIMULATED,NORMAL
2026-06-17T16:05:27.786830+00:00,DION_001,118241,0.013886163330939248,SIMULATED,NORMAL
2026-06-17T16:05:27.797287+00:00,DION_001,118242,0.024959337338011332,SIMULATED,NORMAL
2026-06-17T16:05:27.807771+00:00,DION_001,118243,0.05875237687015681,SIMULATED,NORMAL
2026-06-17T16:05:27.818159+00:00,DION_001,118244,0.14052583080711256,SIMULATED,NORMAL
2026-06-17T16:05:27.828507+00:00,DION_001,118245,-0.09817098085091142,SIMULATED,NORMAL
2026-06-17T16:05:27.838990+00:00,DION_001,118246,0.13771099001252987,SIMULATED,NORMAL
2026-06-17T16:05:27.849492+00:00,DION_001,118247,-0.24270465812504532,SIMULATED,NORMAL
2026-06-17T16:05:27.859893+00:00,DION_001,118248,0.283795459121005,SIMULATED,NORMAL
2026-06-17T16:05:27.870309+00:00,DION_001,118249,0.0488701996351211,SIMULATED,NORMAL
2026-06-17T16:05:27.880718+00:00,DION_001,118250,-0.22591817458130725,SIMULATED,NORMAL
2026-06-17T16:05:27.891330+00:00,DION_001,118251,-0.091883662275638,SIMULATED,NORMAL
2026-06-17T16:05:27.901730+00:00,DION_001,118252,0.035027555490272796,SIMULATED,NORMAL
2026-06-17T16:05:27.912142+00:00,DION_001,118253,-0.045988669207846306,SIMULATED,NORMAL
2026-06-17T16:05:27.922615+00:00,DION_001,118254,-0.005673945378382603,SIMULATED,NORMAL
2026-06-17T16:05:27.933152+00:00,DION_001,118255,2.805112118774347,SIMULATED,EVENT_DETECTED
2026-06-17T16:05:27.944052+00:00,DION_001,118256,-0.3053939602701861,SIMULATED,NORMAL
2026-06-17T16:05:27.954485+00:00,DION_001,118257,-0.2260480354567041,SIMULATED,NORMAL
2026-06-17T16:05:27.964858+00:00,DION_001,118258,-0.14116768156760048,SIMULATED,NORMAL
2026-06-17T16:05:27.975389+00:00,DION_001,118259,-0.33847903166669885,SIMULATED,NORMAL
2026-06-17T16:05:27.985824+00:00,DION_001,118260,-0.19324452083638033,SIMULATED,NORMAL
2026-06-17T16:05:27.996183+00:00,DION_001,118261,-0.11239861915374037,SIMULATED,NORMAL
2026-06-17T16:05:28.006556+00:00,DION_001,118262,-0.48900976754788356,SIMULATED,NORMAL
2026-06-17T16:05:28.016937+00:00,DION_001,118263,-0.299577405198834,SIMULATED,NORMAL
2026-06-17T16:05:28.027312+00:00,DION_001,118264,-0.2898323349607417,SIMULATED,NORMAL
2026-06-17T16:05:28.037691+00:00,DION_001,118265,0.08858092399711509,SIMULATED,NORMAL
2026-06-17T16:05:28.048026+00:00,DION_001,118266,-0.32339684952807224,SIMULATED,NORMAL
2026-06-17T16:05:28.058431+00:00,DION_001,118267,-0.24151152517749688,SIMULATED,NORMAL
2026-06-17T16:05:28.068858+00:00,DION_001,118268,-0.40575062138088236,SIMULATED,NORMAL
2026-06-17T16:05:28.079246+00:00,DION_001,118269,-0.3902671471754826,SIMULATED,NORMAL
2026-06-17T16:05:28.089654+00:00,DION_001,118270,-0.38823464186921275,SIMULATED,NORMAL
2026-06-17T16:05:28.100151+00:00,DION_001,118271,-0.023663588417313086,SIMULATED,NORMAL
2026-06-17T16:05:28.110561+00:00,DION_001,118272,-0.40656250203991096,SIMULATED,NORMAL
2026-06-17T16:05:28.120955+00:00,DION_001,118273,-0.008393466831524504,SIMULATED,NORMAL
2026-06-17T16:05:28.131297+00:00,DION_001,118274,-0.035712369771711244,SIMULATED,NORMAL
2026-06-17T16:05:28.141667+00:00,DION_001,118275,-0.04952112504746031,SIMULATED,NORMAL
2026-06-17T16:05:28.152086+00:00,DION_001,118276,0.13278739827933048,SIMULATED,NORMAL
2026-06-17T16:05:28.162440+00:00,DION_001,118277,-0.061245703747609084,SIMULATED,NORMAL
2026-06-17T16:05:28.172840+00:00,DION_001,118278,-0.1585317388990751,SIMULATED,NORMAL
2026-06-17T16:05:28.183345+00:00,DION_001,118279,-0.2560847147937939,SIMULATED,NORMAL
2026-06-17T16:05:28.193799+00:00,DION_001,118280,-0.1321112793244845,SIMULATED,NORMAL
2026-06-17T16:05:28.204189+00:00,DION_001,118281,-0.3845092455772156,SIMULATED,NORMAL
2026-06-17T16:05:28.214566+00:00,DION_001,118282,-0.006094035395681444,SIMULATED,NORMAL
2026-06-17T16:05:28.224980+00:00,DION_001,118283,0.11916678752122478,SIMULATED,NORMAL
2026-06-17T16:05:28.235371+00:00,DION_001,118284,0.19250957483710882,SIMULATED,NORMAL
2026-06-17T16:05:28.245859+00:00,DION_001,118285,0.07347006513045659,SIMULATED,NORMAL
2026-06-17T16:05:28.256230+00:00,DION_001,118286,0.1900706066129922,SIMULATED,NORMAL
2026-06-17T16:05:28.266611+00:00,DION_001,118287,0.128720223084315,SIMULATED,NORMAL
2026-06-17T16:05:28.277087+00:00,DION_001,118288,0.12817335482107123,SIMULATED,NORMAL
2026-06-17T16:05:28.287485+00:00,DION_001,118289,0.31377734766989274,SIMULATED,NORMAL
2026-06-17T16:05:28.297804+00:00,DION_001,118290,0.4930615800837239,SIMULATED,NORMAL
2026-06-17T16:05:28.308280+00:00,DION_001,118291,0.2754556428981177,SIMULATED,NORMAL
2026-06-17T16:05:28.318917+00:00,DION_001,118292,0.2503954519210372,SIMULATED,NORMAL
2026-06-17T16:05:28.329458+00:00,DION_001,118293,0.5526709625265892,SIMULATED,NORMAL
2026-06-17T16:05:28.339936+00:00,DION_001,118294,0.667251323388518,SIMULATED,NORMAL
2026-06-17T16:05:28.350292+00:00,DION_001,118295,0.6446304530220371,SIMULATED,NORMAL
2026-06-17T16:05:28.360747+00:00,DION_001,118296,2.6933546623298597,SIMULATED,EVENT_DETECTED
2026-06-17T16:05:28.371556+00:00,DION_001,118297,0.7837945183137764,SIMULATED,NORMAL
2026-06-17T16:05:28.381960+00:00,DION_001,118298,0.6014231144275075,SIMULATED,NORMAL
2026-06-17T16:05:28.392387+00:00,DION_001,118299,3.2901549098286247,SIMULATED,EVENT_DETECTED
2026-06-17T16:05:28.402982+00:00,DION_001,118300,0.6338139026475943,SIMULATED,NORMAL
2026-06-17T16:05:28.413468+00:00,DION_001,118301,0.8591577257486784,SIMULATED,NORMAL
2026-06-17T16:05:28.423859+00:00,DION_001,118302,0.5945432550961652,SIMULATED,NORMAL
2026-06-17T16:05:28.434379+00:00,DION_001,118303,0.8626358611979722,SIMULATED,NORMAL
2026-06-17T16:05:28.444870+00:00,DION_001,118304,0.7198268048630896,SIMULATED,NORMAL
2026-06-17T16:05:28.455258+00:00,DION_001,118305,0.7611734170209283,SIMULATED,NORMAL
2026-06-17T16:05:28.465601+00:00,DION_001,118306,0.87325547429455,SIMULATED,NORMAL
2026-06-17T16:05:28.476071+00:00,DION_001,118307,0.993145092560974,SIMULATED,NORMAL
2026-06-17T16:05:28.486539+00:00,DION_001,118308,1.0050201901197138,SIMULATED,NORMAL
2026-06-17T16:05:28.497020+00:00,DION_001,118309,0.9789490031691267,SIMULATED,NORMAL
2026-06-17T16:05:28.507467+00:00,DION_001,118310,1.1494773674801813,SIMULATED,NORMAL
2026-06-17T16:05:28.517821+00:00,DION_001,118311,0.9954972026211549,SIMULATED,NORMAL
2026-06-17T16:05:28.528170+00:00,DION_001,118312,0.7581874857877475,SIMULATED,NORMAL
2026-06-17T16:05:28.538728+00:00,DION_001,118313,0.775786107838888,SIMULATED,NORMAL
2026-06-17T16:05:28.549752+00:00,DION_001,118314,0.9236872739390958,SIMULATED,NORMAL
2026-06-17T16:05:28.560702+00:00,DION_001,118315,0.8430301189673245,SIMULATED,NORMAL
2026-06-17T16:05:28.571929+00:00,DION_001,118316,1.043474749881337,SIMULATED,NORMAL
2026-06-17T16:05:28.583115+00:00,DION_001,118317,1.178534617336366,SIMULATED,NORMAL
2026-06-17T16:05:28.594279+00:00,DION_001,118318,0.9686029734009988,SIMULATED,NORMAL
2026-06-17T16:05:28.605239+00:00,DION_001,118319,0.9785256528842714,SIMULATED,NORMAL
2026-06-17T16:05:28.616158+00:00,DION_001,118320,1.2206055190905687,SIMULATED,NORMAL
2026-06-17T16:05:28.627491+00:00,DION_001,118321,0.9545980611846833,SIMULATED,NORMAL
2026-06-17T16:05:28.638905+00:00,DION_001,118322,1.0646274684396024,SIMULATED,NORMAL
2026-06-17T16:05:28.650072+00:00,DION_001,118323,0.7947714947646013,SIMULATED,NORMAL
2026-06-17T16:05:28.661087+00:00,DION_001,118324,0.9144785273711726,SIMULATED,NORMAL
2026-06-17T16:05:28.672422+00:00,DION_001,118325,1.1176050118815297,SIMULATED,NORMAL
2026-06-17T16:05:28.683731+00:00,DION_001,118326,1.0267593724889472,SIMULATED,NORMAL
2026-06-17T16:05:28.694886+00:00,DION_001,118327,0.9679575843123942,SIMULATED,NORMAL
2026-06-17T16:05:28.705979+00:00,DION_001,118328,1.033323842886372,SIMULATED,NORMAL
2026-06-17T16:05:28.716940+00:00,DION_001,118329,0.657042543514757,SIMULATED,NORMAL
2026-06-17T16:05:28.728199+00:00,DION_001,118330,0.9627293468524863,SIMULATED,NORMAL
2026-06-17T16:05:28.739280+00:00,DION_001,118331,0.6775401335468005,SIMULATED,NORMAL
2026-06-17T16:05:28.750247+00:00,DION_001,118332,0.8210134048339351,SIMULATED,NORMAL
2026-06-17T16:05:28.761130+00:00,DION_001,118333,0.9331341846235053,SIMULATED,NORMAL
2026-06-17T16:05:28.772377+00:00,DION_001,118334,1.0050726735302575,SIMULATED,NORMAL
2026-06-17T16:05:28.783506+00:00,DION_001,118335,0.687229999883606,SIMULATED,NORMAL
2026-06-17T16:05:28.794591+00:00,DION_001,118336,0.6989345787645979,SIMULATED,NORMAL
2026-06-17T16:05:28.805630+00:00,DION_001,118337,0.435291142236278,SIMULATED,NORMAL
2026-06-17T16:05:28.816527+00:00,DION_001,118338,0.4048481342902615,SIMULATED,NORMAL
2026-06-17T16:05:28.827730+00:00,DION_001,118339,0.5214811498452898,SIMULATED,NORMAL
2026-06-17T16:05:28.838901+00:00,DION_001,118340,0.8290601123717305,SIMULATED,NORMAL
2026-06-17T16:05:28.849980+00:00,DION_001,118341,0.49592220964567896,SIMULATED,NORMAL
2026-06-17T16:05:28.860944+00:00,DION_001,118342,0.7423865242715645,SIMULATED,NORMAL
2026-06-17T16:05:28.872207+00:00,DION_001,118343,0.5700474437627318,SIMULATED,NORMAL
2026-06-17T16:05:28.883447+00:00,DION_001,118344,0.4383703875030952,SIMULATED,NORMAL
2026-06-17T16:05:28.894569+00:00,DION_001,118345,0.2295767750992775,SIMULATED,NORMAL
2026-06-17T16:05:28.905669+00:00,DION_001,118346,0.17846661562766195,SIMULATED,NORMAL
2026-06-17T16:05:28.916622+00:00,DION_001,118347,0.29615024765326864,SIMULATED,NORMAL
2026-06-17T16:05:28.927970+00:00,DION_001,118348,0.18385809918960022,SIMULATED,NORMAL
2026-06-17T16:05:28.939220+00:00,DION_001,118349,0.39266616471468196,SIMULATED,NORMAL
2026-06-17T16:05:28.950409+00:00,DION_001,118350,0.5632730330461844,SIMULATED,NORMAL
2026-06-17T16:05:28.961478+00:00,DION_001,118351,0.5398317042178299,SIMULATED,NORMAL
2026-06-17T16:05:28.972351+00:00,DION_001,118352,0.5406213738550264,SIMULATED,NORMAL
2026-06-17T16:05:28.983544+00:00,DION_001,118353,0.364956841127197,SIMULATED,NORMAL
2026-06-17T16:05:28.994322+00:00,DION_001,118354,0.43204789334126786,SIMULATED,NORMAL
2026-06-17T16:05:29.005339+00:00,DION_001,118355,0.60294266729274,SIMULATED,NORMAL
2026-06-17T16:05:29.016283+00:00,DION_001,118356,0.5623510265611902,SIMULATED,NORMAL
2026-06-17T16:05:29.027524+00:00,DION_001,118357,0.7308334951190238,SIMULATED,NORMAL
2026-06-17T16:05:29.038687+00:00,DION_001,118358,0.36760823536601417,SIMULATED,NORMAL
2026-06-17T16:05:29.049729+00:00,DION_001,118359,0.4145225630923774,SIMULATED,NORMAL
2026-06-17T16:05:29.060757+00:00,DION_001,118360,0.5055277329062571,SIMULATED,NORMAL
2026-06-17T16:05:29.072071+00:00,DION_001,118361,0.6340515025439262,SIMULATED,NORMAL
2026-06-17T16:05:29.083238+00:00,DION_001,118362,0.9938868969524461,SIMULATED,NORMAL
2026-06-17T16:05:29.094421+00:00,DION_001,118363,0.4108371094703882,SIMULATED,NORMAL
2026-06-17T16:05:29.105895+00:00,DION_001,118364,0.4972490517340655,SIMULATED,NORMAL
2026-06-17T16:05:29.116909+00:00,DION_001,118365,0.5914041239513382,SIMULATED,NORMAL
2026-06-17T16:05:29.128324+00:00,DION_001,118366,0.7544541763243905,SIMULATED,NORMAL
2026-06-17T16:05:29.139558+00:00,DION_001,118367,0.7829752588367493,SIMULATED,NORMAL
2026-06-17T16:05:29.150325+00:00,DION_001,118368,0.7683293707368124,SIMULATED,NORMAL
2026-06-17T16:05:29.161452+00:00,DION_001,118369,0.8400795088445457,SIMULATED,NORMAL
2026-06-17T16:05:29.172377+00:00,DION_001,118370,0.8288520997885003,SIMULATED,NORMAL
2026-06-17T16:05:29.183611+00:00,DION_001,118371,0.8600506789580177,SIMULATED,NORMAL
2026-06-17T16:05:29.194760+00:00,DION_001,118372,0.902744286274503,SIMULATED,NORMAL
2026-06-17T16:05:29.205926+00:00,DION_001,118373,1.1267277084323961,SIMULATED,NORMAL
2026-06-17T16:05:29.217031+00:00,DION_001,118374,0.7360919393641687,SIMULATED,NORMAL
2026-06-17T16:05:29.228303+00:00,DION_001,118375,1.0102144220592255,SIMULATED,NORMAL
2026-06-17T16:05:29.239471+00:00,DION_001,118376,0.8192293917371588,SIMULATED,NORMAL
2026-06-17T16:05:29.249753+00:00,DION_001,118377,0.8711948908623418,SIMULATED,NORMAL
2026-06-17T16:05:29.260765+00:00,DION_001,118378,1.2788612794200374,SIMULATED,NORMAL
2026-06-17T16:05:29.272116+00:00,DION_001,118379,1.2630182277822286,SIMULATED,NORMAL
2026-06-17T16:05:29.283295+00:00,DION_001,118380,0.9960081748342476,SIMULATED,NORMAL
2026-06-17T16:05:29.293711+00:00,DION_001,118381,1.1014768538095774,SIMULATED,NORMAL
2026-06-17T16:05:29.304715+00:00,DION_001,118382,0.8817755408742428,SIMULATED,NORMAL
2026-06-17T16:05:29.315982+00:00,DION_001,118383,1.1592086718625167,SIMULATED,NORMAL
2026-06-17T16:05:29.327200+00:00,DION_001,118384,0.8977048081308554,SIMULATED,NORMAL
2026-06-17T16:05:29.338265+00:00,DION_001,118385,1.0044768627025156,SIMULATED,NORMAL
2026-06-17T16:05:29.349289+00:00,DION_001,118386,1.2242909648580518,SIMULATED,NORMAL
2026-06-17T16:05:29.359929+00:00,DION_001,118387,1.2559297683159019,SIMULATED,NORMAL
2026-06-17T16:05:29.371163+00:00,DION_001,118388,0.9325898714896879,SIMULATED,NORMAL
2026-06-17T16:05:29.382403+00:00,DION_001,118389,1.2012974111615677,SIMULATED,NORMAL
2026-06-17T16:05:29.393466+00:00,DION_001,118390,1.2846841296260922,SIMULATED,NORMAL
2026-06-17T16:05:29.404393+00:00,DION_001,118391,1.1163718233186568,SIMULATED,NORMAL
2026-06-17T16:05:29.415957+00:00,DION_001,118392,1.0729716191756566,SIMULATED,NORMAL
2026-06-17T16:05:29.427206+00:00,DION_001,118393,1.02413770124557,SIMULATED,NORMAL
2026-06-17T16:05:29.438379+00:00,DION_001,118394,0.8134441442475233,SIMULATED,NORMAL
2026-06-17T16:05:29.449314+00:00,DION_001,118395,0.9998372957776714,SIMULATED,NORMAL
2026-06-17T16:05:29.460143+00:00,DION_001,118396,0.9030873277459149,SIMULATED,NORMAL
2026-06-17T16:05:29.471444+00:00,DION_001,118397,0.8751865825936535,SIMULATED,NORMAL
2026-06-17T16:05:29.482779+00:00,DION_001,118398,0.9230668142131139,SIMULATED,NORMAL
2026-06-17T16:05:29.493886+00:00,DION_001,118399,0.6050779746879349,SIMULATED,NORMAL
2026-06-17T16:05:29.505005+00:00,DION_001,118400,0.7426574593809836,SIMULATED,NORMAL
2026-06-17T16:05:29.516365+00:00,DION_001,118401,0.5249044229949325,SIMULATED,NORMAL
2026-06-17T16:05:29.527660+00:00,DION_001,118402,0.5326995185973995,SIMULATED,NORMAL
2026-06-17T16:05:29.537967+00:00,DION_001,118403,0.8953172888051145,SIMULATED,NORMAL
2026-06-17T16:05:29.548932+00:00,DION_001,118404,0.34759346533866503,SIMULATED,NORMAL
2026-06-17T16:05:29.560209+00:00,DION_001,118405,0.5651541351397026,SIMULATED,NORMAL
2026-06-17T16:05:29.571378+00:00,DION_001,118406,0.47920766930749925,SIMULATED,NORMAL
2026-06-17T16:05:29.582625+00:00,DION_001,118407,0.46917930752688497,SIMULATED,NORMAL
2026-06-17T16:05:29.593737+00:00,DION_001,118408,0.44424034447559774,SIMULATED,NORMAL
2026-06-17T16:05:29.604801+00:00,DION_001,118409,0.494156465309986,SIMULATED,NORMAL
2026-06-17T16:05:29.616083+00:00,DION_001,118410,0.5670763410590205,SIMULATED,NORMAL
2026-06-17T16:05:29.627333+00:00,DION_001,118411,0.23973937900870324,SIMULATED,NORMAL
2026-06-17T16:05:29.638504+00:00,DION_001,118412,0.193725484796552,SIMULATED,NORMAL
2026-06-17T16:05:29.649513+00:00,DION_001,118413,0.23164102708775633,SIMULATED,NORMAL
2026-06-17T16:05:29.660462+00:00,DION_001,118414,0.36438140948687403,SIMULATED,NORMAL
2026-06-17T16:05:29.671736+00:00,DION_001,118415,0.30798489581259203,SIMULATED,NORMAL
2026-06-17T16:05:29.682954+00:00,DION_001,118416,0.14578894873342757,SIMULATED,NORMAL
2026-06-17T16:05:29.694069+00:00,DION_001,118417,0.08133908799223401,SIMULATED,NORMAL
2026-06-17T16:05:29.705018+00:00,DION_001,118418,0.06781813213068066,SIMULATED,NORMAL
2026-06-17T16:05:29.716286+00:00,DION_001,118419,0.06424395944038586,SIMULATED,NORMAL
2026-06-17T16:05:29.727590+00:00,DION_001,118420,-0.08449745863137446,SIMULATED,NORMAL
2026-06-17T16:05:29.738766+00:00,DION_001,118421,-0.15927886973739863,SIMULATED,NORMAL
2026-06-17T16:05:29.749880+00:00,DION_001,118422,-0.3073641997279802,SIMULATED,NORMAL
2026-06-17T16:05:29.760395+00:00,DION_001,118423,0.018319906329740288,SIMULATED,NORMAL
2026-06-17T16:05:29.771543+00:00,DION_001,118424,-0.32922934752950705,SIMULATED,NORMAL
2026-06-17T16:05:29.782494+00:00,DION_001,118425,0.05996373675656433,SIMULATED,NORMAL
2026-06-17T16:05:29.793631+00:00,DION_001,118426,-0.04062292099121363,SIMULATED,NORMAL
2026-06-17T16:05:29.804633+00:00,DION_001,118427,-0.014130038451371119,SIMULATED,NORMAL
2026-06-17T16:05:29.815853+00:00,DION_001,118428,-0.4808015807840065,SIMULATED,NORMAL
2026-06-17T16:05:29.826955+00:00,DION_001,118429,-0.17644266990756602,SIMULATED,NORMAL
2026-06-17T16:05:29.837976+00:00,DION_001,118430,-0.11717490588609483,SIMULATED,NORMAL
2026-06-17T16:05:29.848537+00:00,DION_001,118431,-0.3006702523781098,SIMULATED,NORMAL
2026-06-17T16:05:28.925452+00:00,DION_001,118432,0.38240891045470876,SIMULATED,NORMAL
2026-06-17T16:05:28.936100+00:00,DION_001,118433,0.32297637607138274,SIMULATED,NORMAL
2026-06-17T16:05:28.946916+00:00,DION_001,118434,3.0442177398280013,SIMULATED,EVENT_DETECTED
2026-06-17T16:05:28.958196+00:00,DION_001,118435,0.6266850615761675,SIMULATED,NORMAL
2026-06-17T16:05:28.969266+00:00,DION_001,118436,0.39823267037667875,SIMULATED,NORMAL
2026-06-17T16:05:28.980270+00:00,DION_001,118437,0.32519663254034803,SIMULATED,NORMAL
2026-06-17T16:05:28.990775+00:00,DION_001,118438,0.34904391499024,SIMULATED,NORMAL
2026-06-17T16:05:29.001910+00:00,DION_001,118439,0.3873121865997732,SIMULATED,NORMAL
2026-06-17T16:05:29.012894+00:00,DION_001,118440,3.338739128517205,SIMULATED,EVENT_DETECTED
2026-06-17T16:05:29.024112+00:00,DION_001,118441,0.38172113262264706,SIMULATED,NORMAL
2026-06-17T16:05:29.035070+00:00,DION_001,118442,0.4908944915920081,SIMULATED,NORMAL
2026-06-17T16:05:29.046323+00:00,DION_001,118443,0.5970332098735962,SIMULATED,NORMAL
2026-06-17T16:05:29.057429+00:00,DION_001,118444,0.18886913958588025,SIMULATED,NORMAL
2026-06-17T16:05:29.068597+00:00,DION_001,118445,0.5857349267305859,SIMULATED,NORMAL
2026-06-17T16:05:29.079620+00:00,DION_001,118446,0.7808021264718162,SIMULATED,NORMAL
2026-06-17T16:05:29.090979+00:00,DION_001,118447,0.47621505097872163,SIMULATED,NORMAL
2026-06-17T16:05:29.102210+00:00,DION_001,118448,0.8956453571842353,SIMULATED,NORMAL
2026-06-17T16:05:29.113354+00:00,DION_001,118449,0.7305249227912013,SIMULATED,NORMAL
2026-06-17T16:05:29.124416+00:00,DION_001,118450,0.7331370550456633,SIMULATED,NORMAL
2026-06-17T16:05:29.135471+00:00,DION_001,118451,0.6992147565129242,SIMULATED,NORMAL
2026-06-17T16:05:29.146830+00:00,DION_001,118452,0.9287850222493359,SIMULATED,NORMAL
2026-06-17T16:05:29.158105+00:00,DION_001,118453,0.7883624960150084,SIMULATED,NORMAL
2026-06-17T16:05:29.169231+00:00,DION_001,118454,0.7219348004791104,SIMULATED,NORMAL
2026-06-17T16:05:29.179901+00:00,DION_001,118455,0.7322403210192376,SIMULATED,NORMAL
2026-06-17T16:05:29.190811+00:00,DION_001,118456,0.6154421533304532,SIMULATED,NORMAL
2026-06-17T16:05:29.202067+00:00,DION_001,118457,0.775790513461988,SIMULATED,NORMAL
2026-06-17T16:05:29.213125+00:00,DION_001,118458,1.1612112389764428,SIMULATED,NORMAL
2026-06-17T16:05:29.224295+00:00,DION_001,118459,0.8219872963294583,SIMULATED,NORMAL
2026-06-17T16:05:29.235477+00:00,DION_001,118460,0.8132727654812467,SIMULATED,NORMAL
2026-06-17T16:05:29.246785+00:00,DION_001,118461,0.9315215350213216,SIMULATED,NORMAL
2026-06-17T16:05:29.258029+00:00,DION_001,118462,1.1570781334176907,SIMULATED,NORMAL
2026-06-17T16:05:29.269166+00:00,DION_001,118463,1.1279106550373281,SIMULATED,NORMAL
2026-06-17T16:05:29.279968+00:00,DION_001,118464,0.929288380393797,SIMULATED,NORMAL
2026-06-17T16:05:29.290827+00:00,DION_001,118465,1.093471099528869,SIMULATED,NORMAL
2026-06-17T16:05:29.301708+00:00,DION_001,118466,1.3714283380225627,SIMULATED,NORMAL
2026-06-17T16:05:29.312472+00:00,DION_001,118467,1.2006743005850986,SIMULATED,NORMAL
2026-06-17T16:05:29.323406+00:00,DION_001,118468,1.2007767315251243,SIMULATED,NORMAL
2026-06-17T16:05:29.334675+00:00,DION_001,118469,0.9537364939138985,SIMULATED,NORMAL
2026-06-17T16:05:29.345879+00:00,DION_001,118470,0.9084501024517323,SIMULATED,NORMAL
2026-06-17T16:05:29.357128+00:00,DION_001,118471,1.1764234783981125,SIMULATED,NORMAL
2026-06-17T16:05:29.368190+00:00,DION_001,118472,1.3165336004832497,SIMULATED,NORMAL
2026-06-17T16:05:29.379114+00:00,DION_001,118473,1.0437210404591668,SIMULATED,NORMAL
2026-06-17T16:05:29.390418+00:00,DION_001,118474,1.2562851861449356,SIMULATED,NORMAL
2026-06-17T16:05:29.401682+00:00,DION_001,118475,1.1035804782638898,SIMULATED,NORMAL
2026-06-17T16:05:29.412844+00:00,DION_001,118476,1.1378234390803252,SIMULATED,NORMAL
2026-06-17T16:05:29.423944+00:00,DION_001,118477,0.9947914193345588,SIMULATED,NORMAL
2026-06-17T16:05:29.434450+00:00,DION_001,118478,1.0840604295101264,SIMULATED,NORMAL
2026-06-17T16:05:29.445592+00:00,DION_001,118479,0.8737891259481169,SIMULATED,NORMAL
2026-06-17T16:05:29.456772+00:00,DION_001,118480,1.1172482849482308,SIMULATED,NORMAL
2026-06-17T16:05:29.467750+00:00,DION_001,118481,0.763034906407216,SIMULATED,NORMAL
2026-06-17T16:05:29.478690+00:00,DION_001,118482,1.304347829846291,SIMULATED,NORMAL
2026-06-17T16:05:29.489863+00:00,DION_001,118483,0.6557314699197033,SIMULATED,NORMAL
2026-06-17T16:05:29.500428+00:00,DION_001,118484,0.8413378413901862,SIMULATED,NORMAL
2026-06-17T16:05:29.511538+00:00,DION_001,118485,0.9377433902474721,SIMULATED,NORMAL
2026-06-17T16:05:29.522803+00:00,DION_001,118486,0.41587820385681434,SIMULATED,NORMAL
2026-06-17T16:05:29.534008+00:00,DION_001,118487,0.4555990438461743,SIMULATED,NORMAL
2026-06-17T16:05:29.545151+00:00,DION_001,118488,0.5201117064144664,SIMULATED,NORMAL
2026-06-17T16:05:29.556163+00:00,DION_001,118489,0.7341954806403922,SIMULATED,NORMAL
2026-06-17T16:05:29.567142+00:00,DION_001,118490,0.9000651062306111,SIMULATED,NORMAL
2026-06-17T16:05:29.578387+00:00,DION_001,118491,0.38958478860598383,SIMULATED,NORMAL
2026-06-17T16:05:29.589629+00:00,DION_001,118492,0.48045404289927374,SIMULATED,NORMAL
2026-06-17T16:05:29.600768+00:00,DION_001,118493,0.3574554858932239,SIMULATED,NORMAL
2026-06-17T16:05:29.611880+00:00,DION_001,118494,0.3548517521555226,SIMULATED,NORMAL
2026-06-17T16:05:29.622807+00:00,DION_001,118495,0.43995735548667836,SIMULATED,NORMAL
2026-06-17T16:05:29.634237+00:00,DION_001,118496,-0.0348648009590275,SIMULATED,NORMAL
2026-06-17T16:05:29.645614+00:00,DION_001,118497,0.04562760334390559,SIMULATED,NORMAL
2026-06-17T16:05:29.656755+00:00,DION_001,118498,0.47967901364461996,SIMULATED,NORMAL
2026-06-17T16:05:29.667942+00:00,DION_001,118499,0.05421767953688679,SIMULATED,NORMAL
2026-06-17T16:05:29.678872+00:00,DION_001,118500,0.4045824395595442,SIMULATED,NORMAL
2026-06-17T16:05:29.689255+00:00,DION_001,118501,0.4002589993628176,SIMULATED,NORMAL
2026-06-17T16:05:29.700328+00:00,DION_001,118502,0.021265462184931007,SIMULATED,NORMAL
2026-06-17T16:05:29.711332+00:00,DION_001,118503,0.1695689358598437,SIMULATED,NORMAL
2026-06-17T16:05:29.722722+00:00,DION_001,118504,-0.15484854866264533,SIMULATED,NORMAL
2026-06-17T16:05:29.733968+00:00,DION_001,118505,-0.12112350168386539,SIMULATED,NORMAL
2026-06-17T16:05:29.745149+00:00,DION_001,118506,-0.06442336669949024,SIMULATED,NORMAL
2026-06-17T16:05:29.756314+00:00,DION_001,118507,0.12329370300459463,SIMULATED,NORMAL
2026-06-17T16:05:29.767352+00:00,DION_001,118508,-0.13240659930202325,SIMULATED,NORMAL
2026-06-17T16:05:29.778686+00:00,DION_001,118509,-0.2991376201339812,SIMULATED,NORMAL
2026-06-17T16:05:29.789915+00:00,DION_001,118510,-0.12024979776997193,SIMULATED,NORMAL
2026-06-17T16:05:29.801010+00:00,DION_001,118511,-0.28552892561253806,SIMULATED,NORMAL
2026-06-17T16:05:29.811982+00:00,DION_001,118512,-0.2185952978057312,SIMULATED,NORMAL
2026-06-17T16:05:29.823112+00:00,DION_001,118513,0.25348236385653,SIMULATED,NORMAL
2026-06-17T16:05:29.834336+00:00,DION_001,118514,-0.34324535823833296,SIMULATED,NORMAL
2026-06-17T16:05:29.845503+00:00,DION_001,118515,-0.1645609223691009,SIMULATED,NORMAL
2026-06-17T16:05:29.856630+00:00,DION_001,118516,-0.192979906901858,SIMULATED,NORMAL
2026-06-17T16:05:29.867699+00:00,DION_001,118517,-0.2604407659595185,SIMULATED,NORMAL
2026-06-17T16:05:29.879037+00:00,DION_001,118518,-0.09696098234677455,SIMULATED,NORMAL
2026-06-17T16:05:29.890381+00:00,DION_001,118519,-0.27900476759963533,SIMULATED,NORMAL
2026-06-17T16:05:29.901688+00:00,DION_001,118520,-0.30306937635304754,SIMULATED,NORMAL
2026-06-17T16:05:29.912885+00:00,DION_001,118521,-0.19477396338592395,SIMULATED,NORMAL
2026-06-17T16:05:29.923825+00:00,DION_001,118522,-0.2274611596917573,SIMULATED,NORMAL
2026-06-17T16:05:29.934904+00:00,DION_001,118523,-0.5036301257462727,SIMULATED,NORMAL
2026-06-17T16:05:29.946166+00:00,DION_001,118524,-0.11531900393487214,SIMULATED,NORMAL
2026-06-17T16:05:29.957234+00:00,DION_001,118525,-0.002234683684128977,SIMULATED,NORMAL
2026-06-17T16:05:29.968222+00:00,DION_001,118526,0.004014606276924758,SIMULATED,NORMAL
2026-06-17T16:05:29.979092+00:00,DION_001,118527,-0.02923336308553564,SIMULATED,NORMAL
2026-06-17T16:05:29.990234+00:00,DION_001,118528,0.052646753949426556,SIMULATED,NORMAL
2026-06-17T16:05:30.001344+00:00,DION_001,118529,-0.11021637693488338,SIMULATED,NORMAL
2026-06-17T16:05:30.011987+00:00,DION_001,118530,0.2698320625767488,SIMULATED,NORMAL
2026-06-17T16:05:30.023031+00:00,DION_001,118531,0.03599010605802882,SIMULATED,NORMAL
2026-06-17T16:05:30.034134+00:00,DION_001,118532,-0.0373022658979359,SIMULATED,NORMAL
2026-06-17T16:05:30.044388+00:00,DION_001,118533,0.10695891886553506,SIMULATED,NORMAL
2026-06-17T16:05:30.055243+00:00,DION_001,118534,0.2032124984663115,SIMULATED,NORMAL
2026-06-17T16:05:30.066474+00:00,DION_001,118535,0.1576366068914127,SIMULATED,NORMAL
2026-06-17T16:05:30.077511+00:00,DION_001,118536,0.1465340478544768,SIMULATED,NORMAL
2026-06-17T16:05:30.088487+00:00,DION_001,118537,0.16065423213856708,SIMULATED,NORMAL
2026-06-17T16:05:30.099335+00:00,DION_001,118538,0.09401406811861268,SIMULATED,NORMAL
2026-06-17T16:05:30.110074+00:00,DION_001,118539,0.234444990130518,SIMULATED,NORMAL
2026-06-17T16:05:30.121170+00:00,DION_001,118540,0.029304137122856844,SIMULATED,NORMAL
2026-06-17T16:05:30.132353+00:00,DION_001,118541,0.2664099888789628,SIMULATED,NORMAL
2026-06-17T16:05:30.143338+00:00,DION_001,118542,0.18528064873084596,SIMULATED,NORMAL
2026-06-17T16:05:30.154759+00:00,DION_001,118543,0.3919229496137664,SIMULATED,NORMAL
2026-06-17T16:05:30.165970+00:00,DION_001,118544,0.29248630624414457,SIMULATED,NORMAL
2026-06-17T16:05:30.177208+00:00,DION_001,118545,0.15488016174622635,SIMULATED,NORMAL
2026-06-17T16:05:30.188315+00:00,DION_001,118546,0.2454194219946161,SIMULATED,NORMAL
2026-06-17T16:05:30.199269+00:00,DION_001,118547,0.17581746313566465,SIMULATED,NORMAL
2026-06-17T16:05:30.210526+00:00,DION_001,118548,0.27178626018223595,SIMULATED,NORMAL
2026-06-17T16:05:30.221733+00:00,DION_001,118549,-0.013139949159137299,SIMULATED,NORMAL
2026-06-17T16:05:30.232851+00:00,DION_001,118550,0.31275815006793783,SIMULATED,NORMAL
2026-06-17T16:05:30.244050+00:00,DION_001,118551,0.19561406147372654,SIMULATED,NORMAL
2026-06-17T16:05:30.254972+00:00,DION_001,118552,0.07949701286248992,SIMULATED,NORMAL
2026-06-17T16:05:30.266222+00:00,DION_001,118553,-0.033658643919837014,SIMULATED,NORMAL
2026-06-17T16:05:30.277333+00:00,DION_001,118554,0.023592540391687632,SIMULATED,NORMAL
2026-06-17T16:05:30.288626+00:00,DION_001,118555,0.0864311611420238,SIMULATED,NORMAL
2026-06-17T16:05:30.299601+00:00,DION_001,118556,-0.1202015445299987,SIMULATED,NORMAL
2026-06-17T16:05:30.310727+00:00,DION_001,118557,-0.21849228750878172,SIMULATED,NORMAL
2026-06-17T16:05:30.321844+00:00,DION_001,118558,-0.496702926627297,SIMULATED,NORMAL
2026-06-17T16:05:30.333058+00:00,DION_001,118559,-0.29184265359207995,SIMULATED,NORMAL
2026-06-17T16:05:30.343638+00:00,DION_001,118560,-0.15481124476593597,SIMULATED,NORMAL
2026-06-17T16:05:30.355081+00:00,DION_001,118561,-0.41944744633609754,SIMULATED,NORMAL
2026-06-17T16:05:30.366415+00:00,DION_001,118562,-0.15442395255142502,SIMULATED,NORMAL
2026-06-17T16:05:30.377789+00:00,DION_001,118563,-0.37757882010890115,SIMULATED,NORMAL
2026-06-17T16:05:30.389083+00:00,DION_001,118564,-0.5310146230840915,SIMULATED,NORMAL
2026-06-17T16:05:30.399806+00:00,DION_001,118565,-0.42301075010992706,SIMULATED,NORMAL
2026-06-17T16:05:30.410943+00:00,DION_001,118566,-0.5215548951302077,SIMULATED,NORMAL
2026-06-17T16:05:30.422667+00:00,DION_001,118567,-0.3646277830119767,SIMULATED,NORMAL
2026-06-17T16:05:30.433916+00:00,DION_001,118568,-0.62562153335254,SIMULATED,NORMAL
2026-06-17T16:05:30.445075+00:00,DION_001,118569,-0.5097386537585953,SIMULATED,NORMAL
2026-06-17T16:05:30.456165+00:00,DION_001,118570,-0.5695897868142039,SIMULATED,NORMAL
2026-06-17T16:05:30.467114+00:00,DION_001,118571,-0.6587686875445202,SIMULATED,NORMAL
2026-06-17T16:05:30.478378+00:00,DION_001,118572,-1.0495326545997512,SIMULATED,NORMAL
2026-06-17T16:05:30.489536+00:00,DION_001,118573,-0.651218448696231,SIMULATED,NORMAL
2026-06-17T16:05:30.500695+00:00,DION_001,118574,-0.7354874930550808,SIMULATED,NORMAL
2026-06-17T16:05:30.511874+00:00,DION_001,118575,-0.9043615183842846,SIMULATED,NORMAL
2026-06-17T16:05:30.522796+00:00,DION_001,118576,-0.8177393025902843,SIMULATED,NORMAL
2026-06-17T16:05:30.533989+00:00,DION_001,118577,-1.013856636337186,SIMULATED,NORMAL
2026-06-17T16:05:30.545277+00:00,DION_001,118578,-1.1064502298011891,SIMULATED,NORMAL
2026-06-17T16:05:30.556167+00:00,DION_001,118579,-1.0847928048912279,SIMULATED,NORMAL
2026-06-17T16:05:30.567127+00:00,DION_001,118580,-0.9335846536515605,SIMULATED,NORMAL
2026-06-17T16:05:30.578442+00:00,DION_001,118581,-1.1431173994287025,SIMULATED,NORMAL
2026-06-17T16:05:30.589673+00:00,DION_001,118582,-1.2888308218259972,SIMULATED,NORMAL
2026-06-17T16:05:30.600896+00:00,DION_001,118583,-0.9302179732791653,SIMULATED,NORMAL
2026-06-17T16:05:30.611908+00:00,DION_001,118584,-1.1310897373496898,SIMULATED,NORMAL
2026-06-17T16:05:30.622739+00:00,DION_001,118585,-1.1006327457053109,SIMULATED,NORMAL
2026-06-17T16:05:30.633946+00:00,DION_001,118586,-1.0636063329104866,SIMULATED,NORMAL
2026-06-17T16:05:30.645303+00:00,DION_001,118587,-1.214664178521244,SIMULATED,NORMAL
2026-06-17T16:05:30.656350+00:00,DION_001,118588,-1.275914496800308,SIMULATED,NORMAL
2026-06-17T16:05:30.667343+00:00,DION_001,118589,-0.9959761560250749,SIMULATED,NORMAL
2026-06-17T16:05:30.678635+00:00,DION_001,118590,-1.213586168057161,SIMULATED,NORMAL
2026-06-17T16:05:30.689848+00:00,DION_001,118591,-1.0298920539670438,SIMULATED,NORMAL
2026-06-17T16:05:30.700942+00:00,DION_001,118592,-1.3579517309819398,SIMULATED,NORMAL
2026-06-17T16:05:30.712041+00:00,DION_001,118593,-1.1574953791142062,SIMULATED,NORMAL
2026-06-17T16:05:30.723031+00:00,DION_001,118594,-0.7439998350935002,SIMULATED,NORMAL
2026-06-17T16:05:30.734226+00:00,DION_001,118595,-1.1549011821504005,SIMULATED,NORMAL
2026-06-17T16:05:30.745390+00:00,DION_001,118596,-1.0457993772729104,SIMULATED,NORMAL
2026-06-17T16:05:30.756540+00:00,DION_001,118597,-0.9381554591666151,SIMULATED,NORMAL
2026-06-17T16:05:30.767708+00:00,DION_001,118598,-1.0555826049849182,SIMULATED,NORMAL
2026-06-17T16:05:30.778709+00:00,DION_001,118599,-0.8316930409682866,SIMULATED,NORMAL
2026-06-17T16:05:30.789996+00:00,DION_001,118600,-0.5636803610728944,SIMULATED,NORMAL
2026-06-17T16:05:30.801147+00:00,DION_001,118601,-0.8946364140417288,SIMULATED,NORMAL
2026-06-17T16:05:30.812243+00:00,DION_001,118602,-0.7586056074556421,SIMULATED,NORMAL
2026-06-17T16:05:30.823301+00:00,DION_001,118603,-0.7925331399310147,SIMULATED,NORMAL
2026-06-17T16:05:30.834660+00:00,DION_001,118604,-1.0404387561237667,SIMULATED,NORMAL
2026-06-17T16:05:30.845055+00:00,DION_001,118605,-0.6272885834412737,SIMULATED,NORMAL
2026-06-17T16:05:30.856128+00:00,DION_001,118606,-0.7050410177069675,SIMULATED,NORMAL
2026-06-17T16:05:30.867350+00:00,DION_001,118607,-0.6380340339748757,SIMULATED,NORMAL
2026-06-17T16:05:30.878795+00:00,DION_001,118608,-0.6353200924510486,SIMULATED,NORMAL
2026-06-17T16:05:30.889959+00:00,DION_001,118609,-0.6131961310486685,SIMULATED,NORMAL
2026-06-17T16:05:30.900357+00:00,DION_001,118610,-0.7737994810204084,SIMULATED,NORMAL
2026-06-17T16:05:30.910696+00:00,DION_001,118611,-0.4720619311050843,SIMULATED,NORMAL
2026-06-17T16:05:30.921129+00:00,DION_001,118612,-0.6829648735042111,SIMULATED,NORMAL
2026-06-17T16:05:30.931472+00:00,DION_001,118613,-0.5743727553094243,SIMULATED,NORMAL
2026-06-17T16:05:30.941738+00:00,DION_001,118614,-0.41781476036609166,SIMULATED,NORMAL
2026-06-17T16:05:30.952187+00:00,DION_001,118615,-0.33844317974302296,SIMULATED,NORMAL
2026-06-17T16:05:30.962610+00:00,DION_001,118616,-0.5652389245803652,SIMULATED,NORMAL
2026-06-17T16:05:30.973030+00:00,DION_001,118617,-3.429528731630225,SIMULATED,EVENT_DETECTED
2026-06-17T16:05:30.983667+00:00,DION_001,118618,-0.28984821017957546,SIMULATED,NORMAL
2026-06-17T16:05:30.994072+00:00,DION_001,118619,-0.6096310364061148,SIMULATED,NORMAL
2026-06-17T16:05:31.004515+00:00,DION_001,118620,-0.42816259408049634,SIMULATED,NORMAL
2026-06-17T16:05:31.014843+00:00,DION_001,118621,-0.13492636461887975,SIMULATED,NORMAL
2026-06-17T16:05:31.025236+00:00,DION_001,118622,-0.35357361016585725,SIMULATED,NORMAL
2026-06-17T16:05:31.035576+00:00,DION_001,118623,-0.5219831282087276,SIMULATED,NORMAL
2026-06-17T16:05:31.045927+00:00,DION_001,118624,-0.3808420982200455,SIMULATED,NORMAL
2026-06-17T16:05:31.056322+00:00,DION_001,118625,-0.15160927603007768,SIMULATED,NORMAL
2026-06-17T16:05:31.066628+00:00,DION_001,118626,-0.5806376603265234,SIMULATED,NORMAL
2026-06-17T16:05:31.077058+00:00,DION_001,118627,-0.38648060746770946,SIMULATED,NORMAL
2026-06-17T16:05:31.087436+00:00,DION_001,118628,-0.5438870427674236,SIMULATED,NORMAL
2026-06-17T16:05:31.097837+00:00,DION_001,118629,-0.29645125786438997,SIMULATED,NORMAL
2026-06-17T16:05:31.107974+00:00,DION_001,118630,-0.39593031083098795,SIMULATED,NORMAL
2026-06-17T16:05:31.118288+00:00,DION_001,118631,-0.8086497977878835,SIMULATED,NORMAL
2026-06-17T16:05:31.128455+00:00,DION_001,118632,-0.6816743787169237,SIMULATED,NORMAL
2026-06-17T16:05:31.138720+00:00,DION_001,118633,-0.4827872067874049,SIMULATED,NORMAL
2026-06-17T16:05:31.148961+00:00,DION_001,118634,-0.534146562967283,SIMULATED,NORMAL
2026-06-17T16:05:31.159267+00:00,DION_001,118635,-0.7707293283459289,SIMULATED,NORMAL
2026-06-17T16:05:31.169652+00:00,DION_001,118636,-0.2927681206168659,SIMULATED,NORMAL
2026-06-17T16:05:31.180006+00:00,DION_001,118637,-0.8032356443095203,SIMULATED,NORMAL
2026-06-17T16:05:31.190433+00:00,DION_001,118638,-0.23304687402841318,SIMULATED,NORMAL
2026-06-17T16:05:31.200808+00:00,DION_001,118639,-0.5464099198539922,SIMULATED,NORMAL
2026-06-17T16:05:31.211220+00:00,DION_001,118640,-0.6828134124588208,SIMULATED,NORMAL
2026-06-17T16:05:31.221797+00:00,DION_001,118641,-0.3758297213688123,SIMULATED,NORMAL
2026-06-17T16:05:31.232303+00:00,DION_001,118642,-0.898948048289723,SIMULATED,NORMAL
2026-06-17T16:05:31.242699+00:00,DION_001,118643,-0.2650304783129396,SIMULATED,NORMAL
2026-06-17T16:05:31.253064+00:00,DION_001,118644,-0.7843999301232368,SIMULATED,NORMAL
2026-06-17T16:05:31.263407+00:00,DION_001,118645,-0.6251853726686729,SIMULATED,NORMAL
2026-06-17T16:05:31.273848+00:00,DION_001,118646,-0.7337662413630471,SIMULATED,NORMAL
2026-06-17T16:05:31.284218+00:00,DION_001,118647,-0.8614949737834305,SIMULATED,NORMAL
2026-06-17T16:05:31.294671+00:00,DION_001,118648,-0.8205925423054056,SIMULATED,NORMAL
2026-06-17T16:05:31.305101+00:00,DION_001,118649,-0.7452965456792653,SIMULATED,NORMAL
2026-06-17T16:05:31.315487+00:00,DION_001,118650,-0.8805063769550993,SIMULATED,NORMAL
2026-06-17T16:05:31.325941+00:00,DION_001,118651,-1.0771367688528768,SIMULATED,NORMAL
2026-06-17T16:05:31.336310+00:00,DION_001,118652,-0.7088640844090814,SIMULATED,NORMAL
2026-06-17T16:05:31.346627+00:00,DION_001,118653,-1.1613604015304047,SIMULATED,NORMAL
2026-06-17T16:05:31.357097+00:00,DION_001,118654,-1.0561805066265755,SIMULATED,NORMAL
2026-06-17T16:05:31.367593+00:00,DION_001,118655,-1.1170432470913194,SIMULATED,NORMAL
2026-06-17T16:05:31.377962+00:00,DION_001,118656,-1.0640548824433969,SIMULATED,NORMAL
2026-06-17T16:05:31.388321+00:00,DION_001,118657,-1.0531538403110028,SIMULATED,NORMAL
2026-06-17T16:05:31.398668+00:00,DION_001,118658,-0.8354190831705592,SIMULATED,NORMAL
2026-06-17T16:05:31.409026+00:00,DION_001,118659,-1.0800276473295418,SIMULATED,NORMAL
2026-06-17T16:05:31.419369+00:00,DION_001,118660,-1.0267285960071475,SIMULATED,NORMAL
2026-06-17T16:05:31.429776+00:00,DION_001,118661,-1.1506857318707067,SIMULATED,NORMAL
2026-06-17T16:05:31.440239+00:00,DION_001,118662,-0.97372168204862,SIMULATED,NORMAL
2026-06-17T16:05:31.450598+00:00,DION_001,118663,-1.231024115654742,SIMULATED,NORMAL
2026-06-17T16:05:31.461078+00:00,DION_001,118664,-1.0075152018317923,SIMULATED,NORMAL
2026-06-17T16:05:31.471401+00:00,DION_001,118665,-0.7650407669298941,SIMULATED,NORMAL
2026-06-17T16:05:31.481814+00:00,DION_001,118666,-0.9184901159233284,SIMULATED,NORMAL
2026-06-17T16:05:31.492111+00:00,DION_001,118667,-0.9867902421250114,SIMULATED,NORMAL
2026-06-17T16:05:31.502522+00:00,DION_001,118668,-0.8143905922275854,SIMULATED,NORMAL
2026-06-17T16:05:31.512853+00:00,DION_001,118669,-0.8871536447109434,SIMULATED,NORMAL
2026-06-17T16:05:31.523272+00:00,DION_001,118670,-0.8634802546077628,SIMULATED,NORMAL
2026-06-17T16:05:31.533988+00:00,DION_001,118671,-0.7770533023556758,SIMULATED,NORMAL
2026-06-17T16:05:31.544406+00:00,DION_001,118672,-0.8302489423477356,SIMULATED,NORMAL
2026-06-17T16:05:31.554748+00:00,DION_001,118673,-0.5524470969650537,SIMULATED,NORMAL
2026-06-17T16:05:31.565154+00:00,DION_001,118674,-0.684993750369331,SIMULATED,NORMAL
2026-06-17T16:05:31.575631+00:00,DION_001,118675,-0.9189106493812239,SIMULATED,NORMAL
2026-06-17T16:05:31.586058+00:00,DION_001,118676,-0.7682314385361968,SIMULATED,NORMAL
2026-06-17T16:05:31.596404+00:00,DION_001,118677,-0.3293431112621974,SIMULATED,NORMAL
2026-06-17T16:05:31.606736+00:00,DION_001,118678,-0.3089280365593599,SIMULATED,NORMAL
2026-06-17T16:05:31.617122+00:00,DION_001,118679,-0.32547721347992015,SIMULATED,NORMAL
2026-06-17T16:05:31.627524+00:00,DION_001,118680,-0.8262604167527624,SIMULATED,NORMAL
2026-06-17T16:05:31.637912+00:00,DION_001,118681,-0.34582848740010314,SIMULATED,NORMAL
2026-06-17T16:05:31.648274+00:00,DION_001,118682,-0.41785483422153447,SIMULATED,NORMAL
2026-06-17T16:05:31.658615+00:00,DION_001,118683,-0.6545552384757014,SIMULATED,NORMAL
2026-06-17T16:05:31.668969+00:00,DION_001,118684,-0.27590836628775495,SIMULATED,NORMAL
2026-06-17T16:05:31.679404+00:00,DION_001,118685,-0.37159706048656616,SIMULATED,NORMAL
2026-06-17T16:05:31.689824+00:00,DION_001,118686,-0.44650975563430295,SIMULATED,NORMAL
2026-06-17T16:05:31.700283+00:00,DION_001,118687,-0.049487057310933086,SIMULATED,NORMAL
2026-06-17T16:05:31.710754+00:00,DION_001,118688,-0.2484264245411888,SIMULATED,NORMAL
2026-06-17T16:05:31.721106+00:00,DION_001,118689,0.02031731296294259,SIMULATED,NORMAL
2026-06-17T16:05:31.731460+00:00,DION_001,118690,-0.2766637573061035,SIMULATED,NORMAL
2026-06-17T16:05:31.741740+00:00,DION_001,118691,0.14969584444981787,SIMULATED,NORMAL
2026-06-17T16:05:31.752236+00:00,DION_001,118692,-0.2085097406959326,SIMULATED,NORMAL
2026-06-17T16:05:31.762608+00:00,DION_001,118693,0.0730148311213324,SIMULATED,NORMAL
2026-06-17T16:05:31.772942+00:00,DION_001,118694,-0.06741650146074091,SIMULATED,NORMAL
2026-06-17T16:05:31.783367+00:00,DION_001,118695,-0.16101463669226573,SIMULATED,NORMAL
2026-06-17T16:05:31.793855+00:00,DION_001,118696,0.3643092202876911,SIMULATED,NORMAL
2026-06-17T16:05:31.804259+00:00,DION_001,118697,0.15221479496832444,SIMULATED,NORMAL
2026-06-17T16:05:31.814613+00:00,DION_001,118698,0.12527007109926208,SIMULATED,NORMAL
2026-06-17T16:05:31.824953+00:00,DION_001,118699,0.06738504739581778,SIMULATED,NORMAL
2026-06-17T16:05:31.835275+00:00,DION_001,118700,0.4838491332483849,SIMULATED,NORMAL
2026-06-17T16:05:31.845801+00:00,DION_001,118701,0.3068745282358291,SIMULATED,NORMAL
2026-06-17T16:05:31.856137+00:00,DION_001,118702,0.21471844411466506,SIMULATED,NORMAL
2026-06-17T16:05:31.866525+00:00,DION_001,118703,0.2378865661913193,SIMULATED,NORMAL
2026-06-17T16:05:31.877001+00:00,DION_001,118704,0.478485760182669,SIMULATED,NORMAL
2026-06-17T16:05:31.887564+00:00,DION_001,118705,0.6013792082964184,SIMULATED,NORMAL
2026-06-17T16:05:31.897967+00:00,DION_001,118706,0.2166360717324672,SIMULATED,NORMAL
2026-06-17T16:05:31.908364+00:00,DION_001,118707,0.09620012712527193,SIMULATED,NORMAL
2026-06-17T16:05:31.918776+00:00,DION_001,118708,0.43944576069020713,SIMULATED,NORMAL
2026-06-17T16:05:31.929236+00:00,DION_001,118709,0.23167447572697727,SIMULATED,NORMAL
2026-06-17T16:05:31.939671+00:00,DION_001,118710,0.12696189499134666,SIMULATED,NORMAL
2026-06-17T16:05:31.950169+00:00,DION_001,118711,0.34673513198212813,SIMULATED,NORMAL
2026-06-17T16:05:31.960602+00:00,DION_001,118712,0.5493282732946428,SIMULATED,NORMAL
2026-06-17T16:05:31.971051+00:00,DION_001,118713,0.18344121805613064,SIMULATED,NORMAL
2026-06-17T16:05:31.981437+00:00,DION_001,118714,0.178121729889259,SIMULATED,NORMAL
2026-06-17T16:05:31.991876+00:00,DION_001,118715,0.13410999368599108,SIMULATED,NORMAL
2026-06-17T16:05:32.002237+00:00,DION_001,118716,0.15522140685982383,SIMULATED,NORMAL
2026-06-17T16:05:32.012742+00:00,DION_001,118717,0.20713085140550538,SIMULATED,NORMAL
2026-06-17T16:05:32.023028+00:00,DION_001,118718,0.22550887347195817,SIMULATED,NORMAL
2026-06-17T16:05:32.033354+00:00,DION_001,118719,0.17130800388362522,SIMULATED,NORMAL
2026-06-17T16:05:32.043654+00:00,DION_001,118720,0.11479493266544263,SIMULATED,NORMAL
2026-06-17T16:05:32.053967+00:00,DION_001,118721,0.1542547967486616,SIMULATED,NORMAL
2026-06-17T16:05:32.064264+00:00,DION_001,118722,0.10031320842837568,SIMULATED,NORMAL
2026-06-17T16:05:32.074681+00:00,DION_001,118723,0.2680846469355008,SIMULATED,NORMAL
2026-06-17T16:05:32.085137+00:00,DION_001,118724,-0.0032386839200932716,SIMULATED,NORMAL
2026-06-17T16:05:32.095487+00:00,DION_001,118725,0.16073445267158787,SIMULATED,NORMAL
2026-06-17T16:05:32.105870+00:00,DION_001,118726,0.034395174849832885,SIMULATED,NORMAL
2026-06-17T16:05:32.116323+00:00,DION_001,118727,0.0008309146315588559,SIMULATED,NORMAL
2026-06-17T16:05:32.126697+00:00,DION_001,118728,0.36348927906645356,SIMULATED,NORMAL
2026-06-17T16:05:32.136996+00:00,DION_001,118729,-0.008979129813623966,SIMULATED,NORMAL
2026-06-17T16:05:32.147351+00:00,DION_001,118730,0.109541105546101,SIMULATED,NORMAL
2026-06-17T16:05:32.157781+00:00,DION_001,118731,-0.030829858987106284,SIMULATED,NORMAL
2026-06-17T16:05:32.168096+00:00,DION_001,118732,-0.10677838873531076,SIMULATED,NORMAL
2026-06-17T16:05:32.178379+00:00,DION_001,118733,-0.13561844997908112,SIMULATED,NORMAL
2026-06-17T16:05:32.188662+00:00,DION_001,118734,-0.2288054727332376,SIMULATED,NORMAL
2026-06-17T16:05:32.198972+00:00,DION_001,118735,-0.02414876063169391,SIMULATED,NORMAL
2026-06-17T16:05:32.209347+00:00,DION_001,118736,2.3164432968319617,SIMULATED,EVENT_DETECTED
2026-06-17T16:05:32.219936+00:00,DION_001,118737,-0.14553535179346297,SIMULATED,NORMAL
2026-06-17T16:05:32.230720+00:00,DION_001,118738,-0.2508901086958347,SIMULATED,NORMAL
2026-06-17T16:05:32.241173+00:00,DION_001,118739,-0.15467301284313006,SIMULATED,NORMAL
2026-06-17T16:05:32.251620+00:00,DION_001,118740,-0.08296598868176071,SIMULATED,NORMAL
2026-06-17T16:05:32.262074+00:00,DION_001,118741,-0.1122611917905165,SIMULATED,NORMAL
2026-06-17T16:05:32.272556+00:00,DION_001,118742,-0.0720688754718972,SIMULATED,NORMAL
2026-06-17T16:05:32.282937+00:00,DION_001,118743,-0.149327433730578,SIMULATED,NORMAL
2026-06-17T16:05:32.293301+00:00,DION_001,118744,0.1183610345226844,SIMULATED,NORMAL
2026-06-17T16:05:32.303725+00:00,DION_001,118745,-0.02537088033359154,SIMULATED,NORMAL
2026-06-17T16:05:32.314207+00:00,DION_001,118746,0.0006099046168774706,SIMULATED,NORMAL
2026-06-17T16:05:32.324771+00:00,DION_001,118747,-0.04441618742529632,SIMULATED,NORMAL
2026-06-17T16:05:32.335121+00:00,DION_001,118748,0.10077889120493082,SIMULATED,NORMAL
2026-06-17T16:05:32.345416+00:00,DION_001,118749,-0.11609427275478804,SIMULATED,NORMAL
2026-06-17T16:05:32.355797+00:00,DION_001,118750,0.009197717561230334,SIMULATED,NORMAL
2026-06-17T16:05:32.366350+00:00,DION_001,118751,0.1474050129970676,SIMULATED,NORMAL
2026-06-17T16:05:32.376694+00:00,DION_001,118752,0.17655675420714442,SIMULATED,NORMAL
2026-06-17T16:05:32.387038+00:00,DION_001,118753,0.27163045652003903,SIMULATED,NORMAL
2026-06-17T16:05:32.397442+00:00,DION_001,118754,0.24458428548558986,SIMULATED,NORMAL
2026-06-17T16:05:32.407937+00:00,DION_001,118755,0.16669793539393402,SIMULATED,NORMAL
2026-06-17T16:05:32.418329+00:00,DION_001,118756,0.34837626906870717,SIMULATED,NORMAL
2026-06-17T16:05:32.428769+00:00,DION_001,118757,0.16262930194498826,SIMULATED,NORMAL
2026-06-17T16:05:32.439131+00:00,DION_001,118758,0.424218111663975,SIMULATED,NORMAL
2026-06-17T16:05:32.449672+00:00,DION_001,118759,0.440932794425396,SIMULATED,NORMAL
2026-06-17T16:05:32.460159+00:00,DION_001,118760,0.10959062626267307,SIMULATED,NORMAL
2026-06-17T16:05:32.470490+00:00,DION_001,118761,0.3882242913714869,SIMULATED,NORMAL
2026-06-17T16:05:32.480869+00:00,DION_001,118762,0.5620149762078198,SIMULATED,NORMAL
2026-06-17T16:05:32.491225+00:00,DION_001,118763,0.30839529697171714,SIMULATED,NORMAL
2026-06-17T16:05:32.501627+00:00,DION_001,118764,0.43931843539954085,SIMULATED,NORMAL
2026-06-17T16:05:32.511970+00:00,DION_001,118765,0.8078993547571838,SIMULATED,NORMAL
2026-06-17T16:05:32.522399+00:00,DION_001,118766,0.8956994435417903,SIMULATED,NORMAL
2026-06-17T16:05:32.533203+00:00,DION_001,118767,1.065313122368297,SIMULATED,NORMAL
2026-06-17T16:05:32.543674+00:00,DION_001,118768,0.8775038963473273,SIMULATED,NORMAL
2026-06-17T16:05:32.554266+00:00,DION_001,118769,0.9737983732574684,SIMULATED,NORMAL
2026-06-17T16:05:32.564645+00:00,DION_001,118770,0.7969583357365291,SIMULATED,NORMAL
2026-06-17T16:05:32.574953+00:00,DION_001,118771,0.8390181880682178,SIMULATED,NORMAL
2026-06-17T16:05:32.585350+00:00,DION_001,118772,0.7363049495030627,SIMULATED,NORMAL
2026-06-17T16:05:32.595785+00:00,DION_001,118773,1.0374127418644319,SIMULATED,NORMAL
2026-06-17T16:05:32.606232+00:00,DION_001,118774,1.0573867978007778,SIMULATED,NORMAL
2026-06-17T16:05:32.616619+00:00,DION_001,118775,0.9231158928000782,SIMULATED,NORMAL
2026-06-17T16:05:32.626984+00:00,DION_001,118776,0.8854154793075655,SIMULATED,NORMAL
2026-06-17T16:05:32.637492+00:00,DION_001,118777,0.9515850156505782,SIMULATED,NORMAL
2026-06-17T16:05:32.647904+00:00,DION_001,118778,0.855662579355429,SIMULATED,NORMAL
2026-06-17T16:05:32.658310+00:00,DION_001,118779,1.1241086956688748,SIMULATED,NORMAL
2026-06-17T16:05:32.668754+00:00,DION_001,118780,1.2556759661580714,SIMULATED,NORMAL
2026-06-17T16:05:32.679105+00:00,DION_001,118781,1.0281448359394867,SIMULATED,NORMAL
2026-06-17T16:05:32.689509+00:00,DION_001,118782,0.8353602797209643,SIMULATED,NORMAL
2026-06-17T16:05:32.699932+00:00,DION_001,118783,0.9675829685591877,SIMULATED,NORMAL
2026-06-17T16:05:32.710341+00:00,DION_001,118784,0.932109353733911,SIMULATED,NORMAL
2026-06-17T16:05:32.720737+00:00,DION_001,118785,1.1290320574890482,SIMULATED,NORMAL
2026-06-17T16:05:32.731140+00:00,DION_001,118786,1.3172628184287476,SIMULATED,NORMAL
2026-06-17T16:05:32.741511+00:00,DION_001,118787,1.1731877120527194,SIMULATED,NORMAL
2026-06-17T16:05:32.752063+00:00,DION_001,118788,0.8306114226898923,SIMULATED,NORMAL
2026-06-17T16:05:32.762431+00:00,DION_001,118789,1.246351298515,SIMULATED,NORMAL
2026-06-17T16:05:32.772839+00:00,DION_001,118790,1.0903212990382722,SIMULATED,NORMAL
2026-06-17T16:05:32.783188+00:00,DION_001,118791,1.1088316120654902,SIMULATED,NORMAL
2026-06-17T16:05:32.793663+00:00,DION_001,118792,0.9940934761610912,SIMULATED,NORMAL
2026-06-17T16:05:32.804091+00:00,DION_001,118793,1.2405321164869594,SIMULATED,NORMAL
2026-06-17T16:05:32.814425+00:00,DION_001,118794,1.2841951849547761,SIMULATED,NORMAL
2026-06-17T16:05:32.824931+00:00,DION_001,118795,1.1179763456092553,SIMULATED,NORMAL
2026-06-17T16:05:32.835351+00:00,DION_001,118796,0.9975289400615673,SIMULATED,NORMAL
2026-06-17T16:05:32.845793+00:00,DION_001,118797,0.7931295489999922,SIMULATED,NORMAL
2026-06-17T16:05:32.856189+00:00,DION_001,118798,0.8620480592995216,SIMULATED,NORMAL
2026-06-17T16:05:32.866692+00:00,DION_001,118799,1.2280916392332615,SIMULATED,NORMAL
2026-06-17T16:05:32.877323+00:00,DION_001,118800,0.8868737050855993,SIMULATED,NORMAL
2026-06-17T16:05:32.887716+00:00,DION_001,118801,0.778630894395229,SIMULATED,NORMAL
2026-06-17T16:05:32.898204+00:00,DION_001,118802,0.704649681783255,SIMULATED,NORMAL
2026-06-17T16:05:32.908603+00:00,DION_001,118803,0.933850826865208,SIMULATED,NORMAL
2026-06-17T16:05:32.918971+00:00,DION_001,118804,0.8159974248387916,SIMULATED,NORMAL
2026-06-17T16:05:32.929610+00:00,DION_001,118805,0.71112760765612,SIMULATED,NORMAL
2026-06-17T16:05:32.940030+00:00,DION_001,118806,0.753045896139464,SIMULATED,NORMAL
2026-06-17T16:05:32.950394+00:00,DION_001,118807,0.6273430991428125,SIMULATED,NORMAL
2026-06-17T16:05:32.960857+00:00,DION_001,118808,0.7721385708330011,SIMULATED,NORMAL
2026-06-17T16:05:32.971257+00:00,DION_001,118809,0.5604075613585671,SIMULATED,NORMAL
2026-06-17T16:05:32.981605+00:00,DION_001,118810,0.6302572582256026,SIMULATED,NORMAL
2026-06-17T16:05:32.991967+00:00,DION_001,118811,0.4049700121449024,SIMULATED,NORMAL
2026-06-17T16:05:33.002549+00:00,DION_001,118812,0.41790315831312885,SIMULATED,NORMAL
2026-06-17T16:05:33.013006+00:00,DION_001,118813,0.7596416946970342,SIMULATED,NORMAL
2026-06-17T16:05:33.023428+00:00,DION_001,118814,0.766215123676941,SIMULATED,NORMAL
2026-06-17T16:05:33.033908+00:00,DION_001,118815,0.6372755018958639,SIMULATED,NORMAL
2026-06-17T16:05:33.044353+00:00,DION_001,118816,0.3999089287677853,SIMULATED,NORMAL
2026-06-17T16:05:33.054850+00:00,DION_001,118817,0.3788536395741446,SIMULATED,NORMAL
2026-06-17T16:05:33.065172+00:00,DION_001,118818,0.23298559440745026,SIMULATED,NORMAL
2026-06-17T16:05:33.075483+00:00,DION_001,118819,0.2113248953587483,SIMULATED,NORMAL
2026-06-17T16:05:33.085806+00:00,DION_001,118820,0.8862860386923755,SIMULATED,NORMAL
2026-06-17T16:05:33.096125+00:00,DION_001,118821,0.4450286728973055,SIMULATED,NORMAL
2026-06-17T16:05:33.106488+00:00,DION_001,118822,0.18189065126085194,SIMULATED,NORMAL
2026-06-17T16:05:33.116857+00:00,DION_001,118823,0.34375352892110567,SIMULATED,NORMAL
2026-06-17T16:05:33.127253+00:00,DION_001,118824,0.2770070392743569,SIMULATED,NORMAL
2026-06-17T16:05:33.137649+00:00,DION_001,118825,0.5433092951546246,SIMULATED,NORMAL
2026-06-17T16:05:33.147987+00:00,DION_001,118826,0.3850552367014703,SIMULATED,NORMAL
2026-06-17T16:05:33.158375+00:00,DION_001,118827,0.321035218167382,SIMULATED,NORMAL
2026-06-17T16:05:33.168682+00:00,DION_001,118828,0.5004303114274365,SIMULATED,NORMAL
2026-06-17T16:05:33.178976+00:00,DION_001,118829,0.34614412610018,SIMULATED,NORMAL
2026-06-17T16:05:33.189288+00:00,DION_001,118830,0.42174740009919576,SIMULATED,NORMAL
2026-06-17T16:05:33.199561+00:00,DION_001,118831,0.398615117581987,SIMULATED,NORMAL
2026-06-17T16:05:33.209967+00:00,DION_001,118832,0.4392968052918933,SIMULATED,NORMAL
2026-06-17T16:05:33.220338+00:00,DION_001,118833,0.6294233911223,SIMULATED,NORMAL
2026-06-17T16:05:33.230656+00:00,DION_001,118834,3.5757899288320654,SIMULATED,EVENT_DETECTED
2026-06-17T16:05:33.241374+00:00,DION_001,118835,0.3970321849327197,SIMULATED,NORMAL
2026-06-17T16:05:33.251790+00:00,DION_001,118836,0.4519352921668688,SIMULATED,NORMAL
2026-06-17T16:05:33.262206+00:00,DION_001,118837,0.8862600696281417,SIMULATED,NORMAL
2026-06-17T16:05:33.272519+00:00,DION_001,118838,0.5091607159586029,SIMULATED,NORMAL
2026-06-17T16:05:33.283218+00:00,DION_001,118839,0.7182991568432153,SIMULATED,NORMAL
2026-06-17T16:05:33.293646+00:00,DION_001,118840,0.45642710110443463,SIMULATED,NORMAL
2026-06-17T16:05:33.304110+00:00,DION_001,118841,0.656907329252527,SIMULATED,NORMAL
2026-06-17T16:05:33.314501+00:00,DION_001,118842,0.738994540752441,SIMULATED,NORMAL
2026-06-17T16:05:33.324913+00:00,DION_001,118843,0.5438750387630007,SIMULATED,NORMAL
2026-06-17T16:05:33.335318+00:00,DION_001,118844,0.7612813122991108,SIMULATED,NORMAL
2026-06-17T16:05:33.345827+00:00,DION_001,118845,0.41345510120982326,SIMULATED,NORMAL
2026-06-17T16:05:33.356287+00:00,DION_001,118846,0.6743418539345044,SIMULATED,NORMAL
2026-06-17T16:05:33.366763+00:00,DION_001,118847,0.7441881244808164,SIMULATED,NORMAL
2026-06-17T16:05:33.377279+00:00,DION_001,118848,1.0802418976712622,SIMULATED,NORMAL
2026-06-17T16:05:33.387718+00:00,DION_001,118849,0.8028649033086825,SIMULATED,NORMAL
2026-06-17T16:05:33.398166+00:00,DION_001,118850,0.7262806944193564,SIMULATED,NORMAL
2026-06-17T16:05:33.408599+00:00,DION_001,118851,0.9537658735703898,SIMULATED,NORMAL
2026-06-17T16:05:33.418932+00:00,DION_001,118852,0.9073816606947757,SIMULATED,NORMAL
2026-06-17T16:05:33.429370+00:00,DION_001,118853,0.9808031233045992,SIMULATED,NORMAL
2026-06-17T16:05:33.439883+00:00,DION_001,118854,0.9200265664236705,SIMULATED,NORMAL
2026-06-17T16:05:33.450364+00:00,DION_001,118855,1.0531935283741602,SIMULATED,NORMAL
2026-06-17T16:05:33.460799+00:00,DION_001,118856,0.6771198589752272,SIMULATED,NORMAL
2026-06-17T16:05:33.471289+00:00,DION_001,118857,0.8229951909128602,SIMULATED,NORMAL
2026-06-17T16:05:33.481737+00:00,DION_001,118858,0.8182579674838659,SIMULATED,NORMAL
2026-06-17T16:05:33.492187+00:00,DION_001,118859,0.9056166153561542,SIMULATED,NORMAL
2026-06-17T16:05:33.502573+00:00,DION_001,118860,0.9129744815359915,SIMULATED,NORMAL
2026-06-17T16:05:33.512989+00:00,DION_001,118861,1.079752665691235,SIMULATED,NORMAL
2026-06-17T16:05:33.523541+00:00,DION_001,118862,0.7221575569139435,SIMULATED,NORMAL
2026-06-17T16:05:33.534175+00:00,DION_001,118863,0.8894288559192987,SIMULATED,NORMAL
2026-06-17T16:05:33.544587+00:00,DION_001,118864,0.5570026174003018,SIMULATED,NORMAL
2026-06-17T16:05:33.554993+00:00,DION_001,118865,1.0645870089330558,SIMULATED,NORMAL
2026-06-17T16:05:33.565382+00:00,DION_001,118866,0.856556355341166,SIMULATED,NORMAL
2026-06-17T16:05:33.575898+00:00,DION_001,118867,0.7839938659087511,SIMULATED,NORMAL
2026-06-17T16:05:33.586223+00:00,DION_001,118868,0.9578661020190985,SIMULATED,NORMAL
2026-06-17T16:05:33.596591+00:00,DION_001,118869,0.8414794408757987,SIMULATED,NORMAL
2026-06-17T16:05:33.606928+00:00,DION_001,118870,0.7666525817460155,SIMULATED,NORMAL
2026-06-17T16:05:33.617324+00:00,DION_001,118871,0.6404515584350152,SIMULATED,NORMAL
2026-06-17T16:05:33.627716+00:00,DION_001,118872,0.4925710049082654,SIMULATED,NORMAL
2026-06-17T16:05:33.638121+00:00,DION_001,118873,0.9682757546236618,SIMULATED,NORMAL
2026-06-17T16:05:33.648425+00:00,DION_001,118874,0.5567344719311832,SIMULATED,NORMAL
2026-06-17T16:05:33.658810+00:00,DION_001,118875,0.7180650732711201,SIMULATED,NORMAL
2026-06-17T16:05:33.669308+00:00,DION_001,118876,0.39488046591838555,SIMULATED,NORMAL
2026-06-17T16:05:33.679757+00:00,DION_001,118877,0.6176017984152414,SIMULATED,NORMAL
2026-06-17T16:05:33.690215+00:00,DION_001,118878,0.5663704701495913,SIMULATED,NORMAL
2026-06-17T16:05:33.700585+00:00,DION_001,118879,0.6999325541016715,SIMULATED,NORMAL
2026-06-17T16:05:33.711109+00:00,DION_001,118880,0.6829597899083142,SIMULATED,NORMAL
2026-06-17T16:05:33.721498+00:00,DION_001,118881,0.632254978925443,SIMULATED,NORMAL
2026-06-17T16:05:33.731817+00:00,DION_001,118882,0.4817383638683659,SIMULATED,NORMAL
2026-06-17T16:05:33.742483+00:00,DION_001,118883,0.3761389738929826,SIMULATED,NORMAL
2026-06-17T16:05:33.752937+00:00,DION_001,118884,0.10665157024883679,SIMULATED,NORMAL
2026-06-17T16:05:33.763372+00:00,DION_001,118885,0.3069239489298524,SIMULATED,NORMAL
2026-06-17T16:05:33.773871+00:00,DION_001,118886,-0.14675006771221233,SIMULATED,NORMAL
2026-06-17T16:05:33.784118+00:00,DION_001,118887,0.2124599637657683,SIMULATED,NORMAL
2026-06-17T16:05:33.794657+00:00,DION_001,118888,0.08019757023823297,SIMULATED,NORMAL
2026-06-17T16:05:33.805058+00:00,DION_001,118889,0.13387727513296255,SIMULATED,NORMAL
2026-06-17T16:05:33.815424+00:00,DION_001,118890,0.14355615316316656,SIMULATED,NORMAL
2026-06-17T16:05:33.825887+00:00,DION_001,118891,-1.564696082835186,SIMULATED,NORMAL
2026-06-17T16:05:33.836456+00:00,DION_001,118892,-2.1230032234389316,SIMULATED,EVENT_DETECTED
2026-06-17T16:05:33.846957+00:00,DION_001,118893,-0.10042703361638444,SIMULATED,NORMAL
2026-06-17T16:05:33.857459+00:00,DION_001,118894,0.009533085513321896,SIMULATED,NORMAL
2026-06-17T16:05:33.867926+00:00,DION_001,118895,-0.2801298368285713,SIMULATED,NORMAL
2026-06-17T16:05:33.878407+00:00,DION_001,118896,-0.16020189856510902,SIMULATED,NORMAL
2026-06-17T16:05:33.888975+00:00,DION_001,118897,-0.22638709009035327,SIMULATED,NORMAL
2026-06-17T16:05:33.899417+00:00,DION_001,118898,-0.07853023942402482,SIMULATED,NORMAL
2026-06-17T16:05:33.909833+00:00,DION_001,118899,-0.27084751495485127,SIMULATED,NORMAL
2026-06-17T16:05:33.920258+00:00,DION_001,118900,-0.4226155982009996,SIMULATED,NORMAL
2026-06-17T16:05:33.930774+00:00,DION_001,118901,-0.2925930865524313,SIMULATED,NORMAL
2026-06-17T16:05:33.941201+00:00,DION_001,118902,-0.1968375969193122,SIMULATED,NORMAL
2026-06-17T16:05:33.951564+00:00,DION_001,118903,-0.2085597421162252,SIMULATED,NORMAL
2026-06-17T16:05:33.961963+00:00,DION_001,118904,-0.5388956927246642,SIMULATED,NORMAL
2026-06-17T16:05:33.972353+00:00,DION_001,118905,-0.583416839680193,SIMULATED,NORMAL
2026-06-17T16:05:33.982701+00:00,DION_001,118906,-0.19315679688096357,SIMULATED,NORMAL
2026-06-17T16:05:33.993164+00:00,DION_001,118907,-0.26581087989634844,SIMULATED,NORMAL
2026-06-17T16:05:34.003686+00:00,DION_001,118908,-0.43720198954544787,SIMULATED,NORMAL
2026-06-17T16:05:34.014103+00:00,DION_001,118909,-0.4419836217122575,SIMULATED,NORMAL
2026-06-17T16:05:34.024455+00:00,DION_001,118910,-0.7361296177415342,SIMULATED,NORMAL
2026-06-17T16:05:34.034830+00:00,DION_001,118911,-0.4289099607882285,SIMULATED,NORMAL
2026-06-17T16:05:34.045127+00:00,DION_001,118912,-0.13665899440886212,SIMULATED,NORMAL
2026-06-17T16:05:34.055459+00:00,DION_001,118913,-0.24849751817848056,SIMULATED,NORMAL
2026-06-17T16:05:34.065751+00:00,DION_001,118914,-0.0609787032410577,SIMULATED,NORMAL
2026-06-17T16:05:34.076056+00:00,DION_001,118915,-0.37465565130507694,SIMULATED,NORMAL
2026-06-17T16:05:34.086484+00:00,DION_001,118916,-0.3471157716974827,SIMULATED,NORMAL
2026-06-17T16:05:34.096856+00:00,DION_001,118917,-0.3179589033360197,SIMULATED,NORMAL
2026-06-17T16:05:34.107127+00:00,DION_001,118918,-0.2755589465332446,SIMULATED,NORMAL
2026-06-17T16:05:34.117497+00:00,DION_001,118919,-2.624304487926596,SIMULATED,EVENT_DETECTED
2026-06-17T16:05:34.128067+00:00,DION_001,118920,-0.10290023399202222,SIMULATED,NORMAL
2026-06-17T16:05:34.138689+00:00,DION_001,118921,-0.2677066192742276,SIMULATED,NORMAL
2026-06-17T16:05:34.149217+00:00,DION_001,118922,-0.43118043747077883,SIMULATED,NORMAL
2026-06-17T16:05:34.159590+00:00,DION_001,118923,-0.06830979777712023,SIMULATED,NORMAL
2026-06-17T16:05:34.169908+00:00,DION_001,118924,-0.19752984984528896,SIMULATED,NORMAL
2026-06-17T16:05:34.180344+00:00,DION_001,118925,-0.29110052000925274,SIMULATED,NORMAL
2026-06-17T16:05:34.190665+00:00,DION_001,118926,-0.0020638336533987667,SIMULATED,NORMAL
2026-06-17T16:05:34.200895+00:00,DION_001,118927,-0.13020483300499464,SIMULATED,NORMAL
2026-06-17T16:05:34.211170+00:00,DION_001,118928,0.06695370075322313,SIMULATED,NORMAL
2026-06-17T16:05:34.221510+00:00,DION_001,118929,-0.27311264273812236,SIMULATED,NORMAL
2026-06-17T16:05:34.231904+00:00,DION_001,118930,0.0026577758207578656,SIMULATED,NORMAL
2026-06-17T16:05:34.242277+00:00,DION_001,118931,-0.1885380371107973,SIMULATED,NORMAL
2026-06-17T16:05:34.252666+00:00,DION_001,118932,-0.18455013384070773,SIMULATED,NORMAL
2026-06-17T16:05:34.263123+00:00,DION_001,118933,-0.2674392160324618,SIMULATED,NORMAL
2026-06-17T16:05:34.273563+00:00,DION_001,118934,-0.07795658327301005,SIMULATED,NORMAL
2026-06-17T16:05:34.283976+00:00,DION_001,118935,-0.1534973537726031,SIMULATED,NORMAL
2026-06-17T16:05:34.294375+00:00,DION_001,118936,-0.13451654076680244,SIMULATED,NORMAL
2026-06-17T16:05:34.304828+00:00,DION_001,118937,0.10616399784609126,SIMULATED,NORMAL
2026-06-17T16:05:34.315286+00:00,DION_001,118938,0.04416797624880145,SIMULATED,NORMAL
2026-06-17T16:05:34.325761+00:00,DION_001,118939,-0.05640376914764717,SIMULATED,NORMAL
2026-06-17T16:05:34.336100+00:00,DION_001,118940,-0.23388641608102884,SIMULATED,NORMAL
2026-06-17T16:05:34.346514+00:00,DION_001,118941,0.0028408562956903013,SIMULATED,NORMAL
2026-06-17T16:05:34.356850+00:00,DION_001,118942,-0.2541363143554154,SIMULATED,NORMAL
2026-06-17T16:05:34.367252+00:00,DION_001,118943,-0.15957407345408,SIMULATED,NORMAL
2026-06-17T16:05:34.377687+00:00,DION_001,118944,0.2117381389816746,SIMULATED,NORMAL
2026-06-17T16:05:34.388036+00:00,DION_001,118945,0.23864567412592408,SIMULATED,NORMAL
2026-06-17T16:05:34.398505+00:00,DION_001,118946,-0.06917700744102354,SIMULATED,NORMAL
2026-06-17T16:05:34.408977+00:00,DION_001,118947,-2.704748445602199,SIMULATED,EVENT_DETECTED
2026-06-17T16:05:34.419452+00:00,DION_001,118948,-0.2530278927338865,SIMULATED,NORMAL
2026-06-17T16:05:34.429892+00:00,DION_001,118949,-0.1997011845454064,SIMULATED,NORMAL
2026-06-17T16:05:34.440308+00:00,DION_001,118950,0.03474252610414738,SIMULATED,NORMAL
2026-06-17T16:05:34.450694+00:00,DION_001,118951,-0.5043895828087238,SIMULATED,NORMAL
2026-06-17T16:05:34.461108+00:00,DION_001,118952,0.005205811629212409,SIMULATED,NORMAL
2026-06-17T16:05:34.471488+00:00,DION_001,118953,-0.19619163866751038,SIMULATED,NORMAL
2026-06-17T16:05:34.481929+00:00,DION_001,118954,-0.3294911653032813,SIMULATED,NORMAL
2026-06-17T16:05:34.492216+00:00,DION_001,118955,-0.3868177853472809,SIMULATED,NORMAL
2026-06-17T16:05:34.502597+00:00,DION_001,118956,-0.43929407233352724,SIMULATED,NORMAL
2026-06-17T16:05:34.513066+00:00,DION_001,118957,-0.3642043348837439,SIMULATED,NORMAL
2026-06-17T16:05:34.523422+00:00,DION_001,118958,-0.15572166861464998,SIMULATED,NORMAL
2026-06-17T16:05:34.533876+00:00,DION_001,118959,-0.6366884732196592,SIMULATED,NORMAL
2026-06-17T16:05:34.544369+00:00,DION_001,118960,-0.667552655121711,SIMULATED,NORMAL
2026-06-17T16:05:34.554806+00:00,DION_001,118961,-0.5427296762592884,SIMULATED,NORMAL
2026-06-17T16:05:34.565194+00:00,DION_001,118962,-0.5037372991987609,SIMULATED,NORMAL
2026-06-17T16:05:34.575634+00:00,DION_001,118963,-0.6129548649578385,SIMULATED,NORMAL
2026-06-17T16:05:34.586341+00:00,DION_001,118964,-0.585164002809,SIMULATED,NORMAL
2026-06-17T16:05:34.596800+00:00,DION_001,118965,-0.5003883417230586,SIMULATED,NORMAL
2026-06-17T16:05:34.607186+00:00,DION_001,118966,-0.7314113766902969,SIMULATED,NORMAL
2026-06-17T16:05:34.620230+00:00,DION_001,118967,-0.8976138773208981,SIMULATED,NORMAL
2026-06-17T16:05:34.630640+00:00,DION_001,118968,-0.9017124334358849,SIMULATED,NORMAL
2026-06-17T16:05:34.641102+00:00,DION_001,118969,-0.9037479408737572,SIMULATED,NORMAL
2026-06-17T16:05:34.651527+00:00,DION_001,118970,-1.0064551050277382,SIMULATED,NORMAL
2026-06-17T16:05:34.661939+00:00,DION_001,118971,-0.8099152488747892,SIMULATED,NORMAL
2026-06-17T16:05:34.672235+00:00,DION_001,118972,-0.8328066809952801,SIMULATED,NORMAL
2026-06-17T16:05:34.682561+00:00,DION_001,118973,-1.1002382753523297,SIMULATED,NORMAL
2026-06-17T16:05:34.692929+00:00,DION_001,118974,-0.8444768308100388,SIMULATED,NORMAL
2026-06-17T16:05:34.703351+00:00,DION_001,118975,-0.9648237105206614,SIMULATED,NORMAL
2026-06-17T16:05:34.713729+00:00,DION_001,118976,-0.9831752538615917,SIMULATED,NORMAL
2026-06-17T16:05:34.724204+00:00,DION_001,118977,-1.3924210720595376,SIMULATED,NORMAL
2026-06-17T16:05:34.734549+00:00,DION_001,118978,-1.279012712484075,SIMULATED,NORMAL
2026-06-17T16:05:34.745084+00:00,DION_001,118979,-1.046909276746551,SIMULATED,NORMAL
2026-06-17T16:05:34.755451+00:00,DION_001,118980,-1.2299581722670971,SIMULATED,NORMAL
2026-06-17T16:05:34.765819+00:00,DION_001,118981,-1.2882714097641579,SIMULATED,NORMAL
2026-06-17T16:05:34.776295+00:00,DION_001,118982,-1.175894549880649,SIMULATED,NORMAL
2026-06-17T16:05:34.786677+00:00,DION_001,118983,-0.9998059560864897,SIMULATED,NORMAL
2026-06-17T16:05:34.797010+00:00,DION_001,118984,-1.363026820519065,SIMULATED,NORMAL
2026-06-17T16:05:34.807331+00:00,DION_001,118985,-1.0208160543081053,SIMULATED,NORMAL
2026-06-17T16:05:34.817712+00:00,DION_001,118986,-1.031345280435354,SIMULATED,NORMAL
2026-06-17T16:05:34.828122+00:00,DION_001,118987,-1.2257575994905352,SIMULATED,NORMAL
2026-06-17T16:05:34.838510+00:00,DION_001,118988,-1.250119113744798,SIMULATED,NORMAL
2026-06-17T16:05:34.848886+00:00,DION_001,118989,-1.2657296777171752,SIMULATED,NORMAL
2026-06-17T16:05:34.861289+00:00,DION_001,118990,-1.0474184209476864,SIMULATED,NORMAL
2026-06-17T16:05:34.871903+00:00,DION_001,118991,-1.2084403322869675,SIMULATED,NORMAL
2026-06-17T16:05:34.882271+00:00,DION_001,118992,-1.1259695739724922,SIMULATED,NORMAL
2026-06-17T16:05:34.892677+00:00,DION_001,118993,-1.0840477773355617,SIMULATED,NORMAL
2026-06-17T16:05:34.903336+00:00,DION_001,118994,-1.2364988980587288,SIMULATED,NORMAL
2026-06-17T16:05:34.913751+00:00,DION_001,118995,-0.8990905041289485,SIMULATED,NORMAL
2026-06-17T16:05:34.924090+00:00,DION_001,118996,-0.9181792244774187,SIMULATED,NORMAL
2026-06-17T16:05:34.934431+00:00,DION_001,118997,-1.171188108139145,SIMULATED,NORMAL
2026-06-17T16:05:34.944863+00:00,DION_001,118998,-0.8675472147584016,SIMULATED,NORMAL
2026-06-17T16:05:34.955233+00:00,DION_001,118999,-0.7729072722151633,SIMULATED,NORMAL
2026-06-17T16:05:34.965563+00:00,DION_001,119000,-1.0604257970193762,SIMULATED,NORMAL
2026-06-17T16:05:34.975936+00:00,DION_001,119001,-0.6853186646376654,SIMULATED,NORMAL
2026-06-17T16:05:34.986314+00:00,DION_001,119002,-0.5727082401073581,SIMULATED,NORMAL
2026-06-17T16:05:34.996799+00:00,DION_001,119003,-1.0197819332110485,SIMULATED,NORMAL
2026-06-17T16:05:35.007392+00:00,DION_001,119004,-0.9796394002637709,SIMULATED,NORMAL
2026-06-17T16:05:35.017734+00:00,DION_001,119005,-0.8465217248323249,SIMULATED,NORMAL
2026-06-17T16:05:35.028091+00:00,DION_001,119006,-0.6239069450418406,SIMULATED,NORMAL
2026-06-17T16:05:35.038520+00:00,DION_001,119007,-0.922013501888681,SIMULATED,NORMAL
2026-06-17T16:05:35.048898+00:00,DION_001,119008,-0.9718394950112228,SIMULATED,NORMAL
2026-06-17T16:05:35.059221+00:00,DION_001,119009,-0.6044233925131637,SIMULATED,NORMAL
2026-06-17T16:05:35.069648+00:00,DION_001,119010,-0.6792956538742213,SIMULATED,NORMAL
2026-06-17T16:05:35.080073+00:00,DION_001,119011,-0.5942893653923608,SIMULATED,NORMAL
2026-06-17T16:05:35.090372+00:00,DION_001,119012,-0.5733503343786539,SIMULATED,NORMAL
2026-06-17T16:05:35.100741+00:00,DION_001,119013,-0.47817625752451226,SIMULATED,NORMAL
2026-06-17T16:05:35.111010+00:00,DION_001,119014,-0.600252727815809,SIMULATED,NORMAL
2026-06-17T16:05:35.121328+00:00,DION_001,119015,-0.5319652350699615,SIMULATED,NORMAL
2026-06-17T16:05:35.131609+00:00,DION_001,119016,-0.5270381090028669,SIMULATED,NORMAL
2026-06-17T16:05:35.141895+00:00,DION_001,119017,-0.548849810048858,SIMULATED,NORMAL
2026-06-17T16:05:35.152167+00:00,DION_001,119018,-0.1707198147939603,SIMULATED,NORMAL
2026-06-17T16:05:35.162501+00:00,DION_001,119019,-0.510134183860319,SIMULATED,NORMAL
2026-06-17T16:05:35.172954+00:00,DION_001,119020,-0.13843629937198815,SIMULATED,NORMAL
2026-06-17T16:05:35.183344+00:00,DION_001,119021,-0.3059865244570376,SIMULATED,NORMAL
2026-06-17T16:05:35.193751+00:00,DION_001,119022,-0.3821478050665542,SIMULATED,NORMAL
2026-06-17T16:05:35.204196+00:00,DION_001,119023,-0.29247596620922556,SIMULATED,NORMAL
2026-06-17T16:05:35.214684+00:00,DION_001,119024,-0.4900341010960425,SIMULATED,NORMAL
2026-06-17T16:05:35.225051+00:00,DION_001,119025,-0.02664677822120537,SIMULATED,NORMAL
2026-06-17T16:05:35.235404+00:00,DION_001,119026,-0.2654406961323819,SIMULATED,NORMAL
2026-06-17T16:05:35.245817+00:00,DION_001,119027,-0.43285790776093885,SIMULATED,NORMAL
2026-06-17T16:05:35.256310+00:00,DION_001,119028,-0.11318998496241242,SIMULATED,NORMAL
2026-06-17T16:05:35.266643+00:00,DION_001,119029,-0.31539522623063115,SIMULATED,NORMAL
2026-06-17T16:05:35.277042+00:00,DION_001,119030,-0.15400235665986475,SIMULATED,NORMAL
2026-06-17T16:05:35.287366+00:00,DION_001,119031,-0.4506507214790587,SIMULATED,NORMAL
2026-06-17T16:05:35.297844+00:00,DION_001,119032,-0.35210086398008505,SIMULATED,NORMAL
2026-06-17T16:05:35.308277+00:00,DION_001,119033,-0.28929196955057196,SIMULATED,NORMAL
2026-06-17T16:05:35.318661+00:00,DION_001,119034,-0.35790719218719247,SIMULATED,NORMAL
2026-06-17T16:05:35.329031+00:00,DION_001,119035,-0.5443698871672629,SIMULATED,NORMAL
2026-06-17T16:05:35.339445+00:00,DION_001,119036,-0.5165536999364334,SIMULATED,NORMAL
2026-06-17T16:05:35.350037+00:00,DION_001,119037,-0.3884598201078838,SIMULATED,NORMAL
2026-06-17T16:05:35.360510+00:00,DION_001,119038,-0.6417615408516228,SIMULATED,NORMAL
2026-06-17T16:05:35.370846+00:00,DION_001,119039,-0.34423951399100533,SIMULATED,NORMAL
2026-06-17T16:05:35.381230+00:00,DION_001,119040,-0.4118302236418938,SIMULATED,NORMAL
2026-06-17T16:05:35.391620+00:00,DION_001,119041,-0.8605797903635368,SIMULATED,NORMAL
2026-06-17T16:05:35.401980+00:00,DION_001,119042,-0.7751167334782031,SIMULATED,NORMAL
2026-06-17T16:05:35.412350+00:00,DION_001,119043,-0.5574910861645602,SIMULATED,NORMAL
2026-06-17T16:05:35.422746+00:00,DION_001,119044,-0.7103051700742712,SIMULATED,NORMAL
2026-06-17T16:05:35.433383+00:00,DION_001,119045,-0.7960821836988861,SIMULATED,NORMAL
2026-06-17T16:05:35.443767+00:00,DION_001,119046,-0.8080812630298767,SIMULATED,NORMAL
2026-06-17T16:05:35.454172+00:00,DION_001,119047,-0.43244627656087126,SIMULATED,NORMAL
2026-06-17T16:05:35.464544+00:00,DION_001,119048,-0.9381149354038306,SIMULATED,NORMAL
2026-06-17T16:05:35.474966+00:00,DION_001,119049,-0.6505753327312315,SIMULATED,NORMAL
2026-06-17T16:05:35.485416+00:00,DION_001,119050,-0.5774007839509141,SIMULATED,NORMAL
2026-06-17T16:05:35.495789+00:00,DION_001,119051,-0.6184341804251859,SIMULATED,NORMAL
2026-06-17T16:05:35.506189+00:00,DION_001,119052,-0.938356221552393,SIMULATED,NORMAL
2026-06-17T16:05:35.516577+00:00,DION_001,119053,-0.7184372100779801,SIMULATED,NORMAL
2026-06-17T16:05:35.526961+00:00,DION_001,119054,-0.7341991389022658,SIMULATED,NORMAL
2026-06-17T16:05:35.537431+00:00,DION_001,119055,-0.9344039904311362,SIMULATED,NORMAL
2026-06-17T16:05:35.547930+00:00,DION_001,119056,-0.9542863205528334,SIMULATED,NORMAL
2026-06-17T16:05:35.558605+00:00,DION_001,119057,-0.8910496310014474,SIMULATED,NORMAL
2026-06-17T16:05:35.569020+00:00,DION_001,119058,-0.7786739714054705,SIMULATED,NORMAL
2026-06-17T16:05:35.579408+00:00,DION_001,119059,-1.0303506405007685,SIMULATED,NORMAL
2026-06-17T16:05:35.589789+00:00,DION_001,119060,-0.9969708593907078,SIMULATED,NORMAL
2026-06-17T16:05:35.600162+00:00,DION_001,119061,-0.9606707451924242,SIMULATED,NORMAL
2026-06-17T16:05:35.610542+00:00,DION_001,119062,-0.8341403396764172,SIMULATED,NORMAL
2026-06-17T16:05:35.620963+00:00,DION_001,119063,-1.0658816574150147,SIMULATED,NORMAL
2026-06-17T16:05:35.631352+00:00,DION_001,119064,-1.1054554126166876,SIMULATED,NORMAL
2026-06-17T16:05:35.641725+00:00,DION_001,119065,-0.901185219772037,SIMULATED,NORMAL
2026-06-17T16:05:35.652337+00:00,DION_001,119066,-0.8288795658354982,SIMULATED,NORMAL
2026-06-17T16:05:35.662770+00:00,DION_001,119067,-0.8766597967385484,SIMULATED,NORMAL
2026-06-17T16:05:35.673202+00:00,DION_001,119068,-0.7620591701110266,SIMULATED,NORMAL
2026-06-17T16:05:35.683601+00:00,DION_001,119069,-0.6822572093515719,SIMULATED,NORMAL
2026-06-17T16:05:35.694050+00:00,DION_001,119070,-0.7322614205543896,SIMULATED,NORMAL
2026-06-17T16:05:35.704392+00:00,DION_001,119071,-0.6017062439728185,SIMULATED,NORMAL
2026-06-17T16:05:35.714715+00:00,DION_001,119072,-0.7737441107882185,SIMULATED,NORMAL
2026-06-17T16:05:35.725110+00:00,DION_001,119073,-0.5056483243984342,SIMULATED,NORMAL
2026-06-17T16:05:35.735544+00:00,DION_001,119074,-0.6215780467737496,SIMULATED,NORMAL
2026-06-17T16:05:35.746067+00:00,DION_001,119075,-0.8229515411486426,SIMULATED,NORMAL
2026-06-17T16:05:35.756433+00:00,DION_001,119076,-0.43369728996061035,SIMULATED,NORMAL
2026-06-17T16:05:35.766762+00:00,DION_001,119077,-0.4938311217448006,SIMULATED,NORMAL
2026-06-17T16:05:35.777218+00:00,DION_001,119078,-0.1733774889362546,SIMULATED,NORMAL
2026-06-17T16:05:35.787656+00:00,DION_001,119079,-0.3252523366613781,SIMULATED,NORMAL
2026-06-17T16:05:35.798085+00:00,DION_001,119080,-0.27614740852769404,SIMULATED,NORMAL
2026-06-17T16:05:35.808427+00:00,DION_001,119081,-0.20104744393843424,SIMULATED,NORMAL
2026-06-17T16:05:35.818732+00:00,DION_001,119082,-0.3053328357852804,SIMULATED,NORMAL
2026-06-17T16:05:35.829164+00:00,DION_001,119083,-0.11892907668067167,SIMULATED,NORMAL
2026-06-17T16:05:35.839483+00:00,DION_001,119084,-0.1832732573728197,SIMULATED,NORMAL
2026-06-17T16:05:35.849936+00:00,DION_001,119085,-0.19790901194578955,SIMULATED,NORMAL
2026-06-17T16:05:35.860370+00:00,DION_001,119086,0.11212465026268549,SIMULATED,NORMAL
2026-06-17T16:05:35.870821+00:00,DION_001,119087,0.010261370894632207,SIMULATED,NORMAL
2026-06-17T16:05:35.881239+00:00,DION_001,119088,0.0953430642798995,SIMULATED,NORMAL
2026-06-17T16:05:35.891571+00:00,DION_001,119089,-0.00746010792527968,SIMULATED,NORMAL
2026-06-17T16:05:35.901987+00:00,DION_001,119090,0.068321869657982,SIMULATED,NORMAL
2026-06-17T16:05:35.912461+00:00,DION_001,119091,0.21259040965352446,SIMULATED,NORMAL
2026-06-17T16:05:35.922839+00:00,DION_001,119092,0.289407725139052,SIMULATED,NORMAL
2026-06-17T16:05:35.933200+00:00,DION_001,119093,0.24630772028112694,SIMULATED,NORMAL
2026-06-17T16:05:35.943645+00:00,DION_001,119094,0.21830776918612585,SIMULATED,NORMAL
2026-06-17T16:05:35.954113+00:00,DION_001,119095,0.18259201661622332,SIMULATED,NORMAL
2026-06-17T16:05:35.964522+00:00,DION_001,119096,0.32448501062773194,SIMULATED,NORMAL
2026-06-17T16:05:35.974898+00:00,DION_001,119097,0.5378563495712558,SIMULATED,NORMAL
2026-06-17T16:05:35.985332+00:00,DION_001,119098,0.41666581598674607,SIMULATED,NORMAL
2026-06-17T16:05:35.995772+00:00,DION_001,119099,0.20711661544528767,SIMULATED,NORMAL
2026-06-17T16:05:36.006279+00:00,DION_001,119100,0.24037902228973823,SIMULATED,NORMAL
2026-06-17T16:05:36.016710+00:00,DION_001,119101,0.20560826277783523,SIMULATED,NORMAL
2026-06-17T16:05:36.027041+00:00,DION_001,119102,0.2990760394569669,SIMULATED,NORMAL
2026-06-17T16:05:36.037594+00:00,DION_001,119103,0.2964410962447841,SIMULATED,NORMAL
2026-06-17T16:05:36.047980+00:00,DION_001,119104,0.11709007724242215,SIMULATED,NORMAL
2026-06-17T16:05:36.058297+00:00,DION_001,119105,0.5501049364562915,SIMULATED,NORMAL
2026-06-17T16:05:36.068613+00:00,DION_001,119106,-2.6963887226850662,SIMULATED,EVENT_DETECTED
2026-06-17T16:05:36.079226+00:00,DION_001,119107,0.7001461357111209,SIMULATED,NORMAL
2026-06-17T16:05:36.089523+00:00,DION_001,119108,0.5770665524389499,SIMULATED,NORMAL
2026-06-17T16:05:36.099897+00:00,DION_001,119109,0.7566161295116122,SIMULATED,NORMAL
2026-06-17T16:05:36.110271+00:00,DION_001,119110,0.6991359731397833,SIMULATED,NORMAL
2026-06-17T16:05:36.120657+00:00,DION_001,119111,0.3646749978579771,SIMULATED,NORMAL
2026-06-17T16:05:36.131005+00:00,DION_001,119112,0.37166838622840503,SIMULATED,NORMAL
2026-06-17T16:05:36.141292+00:00,DION_001,119113,0.5815906165215731,SIMULATED,NORMAL
2026-06-17T16:05:36.151531+00:00,DION_001,119114,0.3234665179437233,SIMULATED,NORMAL
2026-06-17T16:05:36.161802+00:00,DION_001,119115,0.3898458137351662,SIMULATED,NORMAL
2026-06-17T16:05:36.172020+00:00,DION_001,119116,0.3643940706760384,SIMULATED,NORMAL
2026-06-17T16:05:36.182225+00:00,DION_001,119117,0.5072329947193597,SIMULATED,NORMAL
2026-06-17T16:05:36.192458+00:00,DION_001,119118,0.4313317513357505,SIMULATED,NORMAL
2026-06-17T16:05:36.202671+00:00,DION_001,119119,0.18100524989598998,SIMULATED,NORMAL
2026-06-17T16:05:36.212943+00:00,DION_001,119120,0.3247248302928116,SIMULATED,NORMAL
2026-06-17T16:05:36.223198+00:00,DION_001,119121,0.23114585840678586,SIMULATED,NORMAL
2026-06-17T16:05:36.233592+00:00,DION_001,119122,0.19740466525532221,SIMULATED,NORMAL
2026-06-17T16:05:36.243922+00:00,DION_001,119123,0.5470386880833187,SIMULATED,NORMAL
2026-06-17T16:05:36.254315+00:00,DION_001,119124,0.3805589649396952,SIMULATED,NORMAL
2026-06-17T16:05:36.264816+00:00,DION_001,119125,0.12097623846221506,SIMULATED,NORMAL
2026-06-17T16:05:36.275186+00:00,DION_001,119126,0.3293974191184244,SIMULATED,NORMAL
2026-06-17T16:05:36.285634+00:00,DION_001,119127,0.21053573030476355,SIMULATED,NORMAL
2026-06-17T16:05:36.295995+00:00,DION_001,119128,-0.10158618017413026,SIMULATED,NORMAL
2026-06-17T16:05:36.306552+00:00,DION_001,119129,0.12653735327908072,SIMULATED,NORMAL
2026-06-17T16:05:36.317065+00:00,DION_001,119130,0.2629611377106471,SIMULATED,NORMAL
2026-06-17T16:05:36.327430+00:00,DION_001,119131,0.12723621294414622,SIMULATED,NORMAL
2026-06-17T16:05:36.337831+00:00,DION_001,119132,-0.038889973279956414,SIMULATED,NORMAL
2026-06-17T16:05:36.348254+00:00,DION_001,119133,0.24407519672673922,SIMULATED,NORMAL
2026-06-17T16:05:36.358672+00:00,DION_001,119134,0.3112352375986617,SIMULATED,NORMAL
2026-06-17T16:05:36.369088+00:00,DION_001,119135,0.13470021929097944,SIMULATED,NORMAL
2026-06-17T16:05:36.379430+00:00,DION_001,119136,0.24694894875175066,SIMULATED,NORMAL
2026-06-17T16:05:36.389936+00:00,DION_001,119137,0.05575243719113345,SIMULATED,NORMAL
2026-06-17T16:05:36.400373+00:00,DION_001,119138,-0.10347812857119154,SIMULATED,NORMAL
2026-06-17T16:05:36.410695+00:00,DION_001,119139,0.30338655106644935,SIMULATED,NORMAL
2026-06-17T16:05:36.421064+00:00,DION_001,119140,0.06695026628747602,SIMULATED,NORMAL
2026-06-17T16:05:36.431428+00:00,DION_001,119141,-0.13657083834612466,SIMULATED,NORMAL
2026-06-17T16:05:36.441834+00:00,DION_001,119142,0.018172888089389924,SIMULATED,NORMAL
2026-06-17T16:05:36.452235+00:00,DION_001,119143,0.5031515255449548,SIMULATED,NORMAL
2026-06-17T16:05:36.462650+00:00,DION_001,119144,0.12923709985906345,SIMULATED,NORMAL
2026-06-17T16:05:36.473048+00:00,DION_001,119145,0.23981796239104458,SIMULATED,NORMAL
2026-06-17T16:05:36.483468+00:00,DION_001,119146,0.21689218431877935,SIMULATED,NORMAL
2026-06-17T16:05:36.493857+00:00,DION_001,119147,0.11791648409866523,SIMULATED,NORMAL
2026-06-17T16:05:36.504211+00:00,DION_001,119148,-0.06268806272346966,SIMULATED,NORMAL
2026-06-17T16:05:36.514509+00:00,DION_001,119149,-0.06185503778225049,SIMULATED,NORMAL
2026-06-17T16:05:36.525051+00:00,DION_001,119150,0.27706464207738934,SIMULATED,NORMAL
2026-06-17T16:05:36.535545+00:00,DION_001,119151,0.43156834710694747,SIMULATED,NORMAL
2026-06-17T16:05:36.545898+00:00,DION_001,119152,0.479290824927462,SIMULATED,NORMAL
2026-06-17T16:05:36.556295+00:00,DION_001,119153,0.4916409363294309,SIMULATED,NORMAL
2026-06-17T16:05:36.567105+00:00,DION_001,119154,0.48246615060286024,SIMULATED,NORMAL
2026-06-17T16:05:36.577546+00:00,DION_001,119155,0.5305359421899902,SIMULATED,NORMAL
2026-06-17T16:05:36.587940+00:00,DION_001,119156,0.22614674826706962,SIMULATED,NORMAL
2026-06-17T16:05:36.598276+00:00,DION_001,119157,0.3463993027970651,SIMULATED,NORMAL
2026-06-17T16:05:36.608739+00:00,DION_001,119158,0.5643168975414472,SIMULATED,NORMAL
2026-06-17T16:05:36.619138+00:00,DION_001,119159,-2.5916189906399074,SIMULATED,EVENT_DETECTED
2026-06-17T16:05:36.629586+00:00,DION_001,119160,0.3872372511761597,SIMULATED,NORMAL
2026-06-17T16:05:36.640005+00:00,DION_001,119161,0.4565883261527594,SIMULATED,NORMAL
2026-06-17T16:05:36.650501+00:00,DION_001,119162,0.5972678535343394,SIMULATED,NORMAL
2026-06-17T16:05:36.661890+00:00,DION_001,119163,0.8091796188187217,SIMULATED,NORMAL
2026-06-17T16:05:36.672718+00:00,DION_001,119164,0.49561311717695555,SIMULATED,NORMAL
2026-06-17T16:05:36.683752+00:00,DION_001,119165,0.7510330579005349,SIMULATED,NORMAL
2026-06-17T16:05:36.694688+00:00,DION_001,119166,1.0249435565116838,SIMULATED,NORMAL
2026-06-17T16:05:36.706265+00:00,DION_001,119167,0.6854099858530608,SIMULATED,NORMAL
2026-06-17T16:05:36.717436+00:00,DION_001,119168,0.8873587943488399,SIMULATED,NORMAL
2026-06-17T16:05:36.728505+00:00,DION_001,119169,0.9135398158945116,SIMULATED,NORMAL
2026-06-17T16:05:36.739460+00:00,DION_001,119170,0.9472877952662571,SIMULATED,NORMAL
2026-06-17T16:05:36.750849+00:00,DION_001,119171,1.0970532628710412,SIMULATED,NORMAL
2026-06-17T16:05:36.761414+00:00,DION_001,119172,0.9246975191346746,SIMULATED,NORMAL
2026-06-17T16:05:36.772282+00:00,DION_001,119173,1.2189719230077785,SIMULATED,NORMAL
2026-06-17T16:05:36.782904+00:00,DION_001,119174,1.1239689591807815,SIMULATED,NORMAL
2026-06-17T16:05:36.794158+00:00,DION_001,119175,1.2843469331889399,SIMULATED,NORMAL
2026-06-17T16:05:36.805359+00:00,DION_001,119176,1.1637883260591984,SIMULATED,NORMAL
2026-06-17T16:05:36.816410+00:00,DION_001,119177,1.1469090272945857,SIMULATED,NORMAL
2026-06-17T16:05:36.827384+00:00,DION_001,119178,1.0221329191862532,SIMULATED,NORMAL
2026-06-17T16:05:36.838734+00:00,DION_001,119179,0.967613390551141,SIMULATED,NORMAL
2026-06-17T16:05:36.850032+00:00,DION_001,119180,1.2374008100371356,SIMULATED,NORMAL
2026-06-17T16:05:36.860706+00:00,DION_001,119181,1.016681240587017,SIMULATED,NORMAL
2026-06-17T16:05:36.871724+00:00,DION_001,119182,1.1114863440241685,SIMULATED,NORMAL
2026-06-17T16:05:36.882827+00:00,DION_001,119183,1.1859306707481945,SIMULATED,NORMAL
2026-06-17T16:05:36.894034+00:00,DION_001,119184,1.2266206365616297,SIMULATED,NORMAL
2026-06-17T16:05:36.905159+00:00,DION_001,119185,1.2189432355266172,SIMULATED,NORMAL
2026-06-17T16:05:36.916172+00:00,DION_001,119186,1.2644945865231683,SIMULATED,NORMAL
2026-06-17T16:05:36.927254+00:00,DION_001,119187,1.2436789706328404,SIMULATED,NORMAL
2026-06-17T16:05:36.938506+00:00,DION_001,119188,0.9618690082869095,SIMULATED,NORMAL
2026-06-17T16:05:36.949695+00:00,DION_001,119189,1.345084176688394,SIMULATED,NORMAL
2026-06-17T16:05:36.960840+00:00,DION_001,119190,1.2554131823814019,SIMULATED,NORMAL
2026-06-17T16:05:36.971925+00:00,DION_001,119191,1.121025514748402,SIMULATED,NORMAL
2026-06-17T16:05:36.982926+00:00,DION_001,119192,1.3390711414726983,SIMULATED,NORMAL
2026-06-17T16:05:36.994129+00:00,DION_001,119193,1.109379946041762,SIMULATED,NORMAL
2026-06-17T16:05:37.005354+00:00,DION_001,119194,0.8571087350842148,SIMULATED,NORMAL
2026-06-17T16:05:37.016555+00:00,DION_001,119195,0.9022949608443688,SIMULATED,NORMAL
2026-06-17T16:05:37.027656+00:00,DION_001,119196,0.7548071595147866,SIMULATED,NORMAL
2026-06-17T16:05:37.038608+00:00,DION_001,119197,0.9712670967075433,SIMULATED,NORMAL
2026-06-17T16:05:37.049771+00:00,DION_001,119198,1.2822832933818988,SIMULATED,NORMAL
2026-06-17T16:05:37.060822+00:00,DION_001,119199,0.7761756458618467,SIMULATED,NORMAL
2026-06-17T16:05:37.071976+00:00,DION_001,119200,0.45724595717330313,SIMULATED,NORMAL
2026-06-17T16:05:37.082962+00:00,DION_001,119201,0.9837437248122187,SIMULATED,NORMAL
2026-06-17T16:05:37.094283+00:00,DION_001,119202,0.7215726803598098,SIMULATED,NORMAL
2026-06-17T16:05:37.105435+00:00,DION_001,119203,0.7333845336021729,SIMULATED,NORMAL
2026-06-17T16:05:37.116569+00:00,DION_001,119204,3.369292498926382,SIMULATED,EVENT_DETECTED
2026-06-17T16:05:37.127617+00:00,DION_001,119205,0.7271542516951996,SIMULATED,NORMAL
2026-06-17T16:05:37.138857+00:00,DION_001,119206,0.6742584630372616,SIMULATED,NORMAL
2026-06-17T16:05:37.149978+00:00,DION_001,119207,0.7805635594790487,SIMULATED,NORMAL
2026-06-17T16:05:37.160998+00:00,DION_001,119208,0.6429373319252449,SIMULATED,NORMAL
2026-06-17T16:05:37.171936+00:00,DION_001,119209,0.4591888654191022,SIMULATED,NORMAL
2026-06-17T16:05:37.182562+00:00,DION_001,119210,0.6542786137269262,SIMULATED,NORMAL
2026-06-17T16:05:37.193703+00:00,DION_001,119211,0.3535261611604212,SIMULATED,NORMAL
2026-06-17T16:05:37.204855+00:00,DION_001,119212,0.618588469184413,SIMULATED,NORMAL
2026-06-17T16:05:37.215388+00:00,DION_001,119213,0.39795599864750175,SIMULATED,NORMAL
2026-06-17T16:05:37.226656+00:00,DION_001,119214,0.28193335168643824,SIMULATED,NORMAL
2026-06-17T16:05:37.237816+00:00,DION_001,119215,0.6791021437660105,SIMULATED,NORMAL
2026-06-17T16:05:37.249021+00:00,DION_001,119216,0.36956286497782603,SIMULATED,NORMAL
2026-06-17T16:05:37.260153+00:00,DION_001,119217,0.4007437767349705,SIMULATED,NORMAL
2026-06-17T16:05:37.271047+00:00,DION_001,119218,0.27186593949817467,SIMULATED,NORMAL
2026-06-17T16:05:37.282234+00:00,DION_001,119219,0.4629760000111807,SIMULATED,NORMAL
2026-06-17T16:05:37.293448+00:00,DION_001,119220,0.3566304759272175,SIMULATED,NORMAL
2026-06-17T16:05:37.304671+00:00,DION_001,119221,0.2265932982198542,SIMULATED,NORMAL
2026-06-17T16:05:37.315709+00:00,DION_001,119222,0.21275585184400303,SIMULATED,NORMAL
2026-06-17T16:05:37.326608+00:00,DION_001,119223,0.608068627518394,SIMULATED,NORMAL
2026-06-17T16:05:37.337892+00:00,DION_001,119224,0.3162871887907869,SIMULATED,NORMAL
2026-06-17T16:05:37.349087+00:00,DION_001,119225,0.3935675885629484,SIMULATED,NORMAL
2026-06-17T16:05:37.360143+00:00,DION_001,119226,0.16973420767780992,SIMULATED,NORMAL
2026-06-17T16:05:37.370632+00:00,DION_001,119227,0.30644013190287595,SIMULATED,NORMAL
2026-06-17T16:05:37.381852+00:00,DION_001,119228,0.4452649954126005,SIMULATED,NORMAL
2026-06-17T16:05:37.392989+00:00,DION_001,119229,0.4865360725795218,SIMULATED,NORMAL
2026-06-17T16:05:37.404233+00:00,DION_001,119230,0.2855978867985119,SIMULATED,NORMAL
2026-06-17T16:05:37.415271+00:00,DION_001,119231,0.3379716015987602,SIMULATED,NORMAL
2026-06-17T16:05:37.426715+00:00,DION_001,119232,0.5246511026523151,SIMULATED,NORMAL
2026-06-17T16:05:37.438030+00:00,DION_001,119233,0.4114422507521004,SIMULATED,NORMAL
2026-06-17T16:05:37.449238+00:00,DION_001,119234,0.5058245077180072,SIMULATED,NORMAL
2026-06-17T16:05:37.460427+00:00,DION_001,119235,0.5157805078733053,SIMULATED,NORMAL
2026-06-17T16:05:37.471474+00:00,DION_001,119236,0.41935936550667824,SIMULATED,NORMAL
2026-06-17T16:05:37.482775+00:00,DION_001,119237,0.6812775980208912,SIMULATED,NORMAL
2026-06-17T16:05:37.493999+00:00,DION_001,119238,0.5924029835623611,SIMULATED,NORMAL
2026-06-17T16:05:37.505188+00:00,DION_001,119239,0.46441866172061635,SIMULATED,NORMAL
2026-06-17T16:05:37.516241+00:00,DION_001,119240,0.7040586045654726,SIMULATED,NORMAL
2026-06-17T16:05:37.527126+00:00,DION_001,119241,0.5554570766836898,SIMULATED,NORMAL
2026-06-17T16:05:37.538318+00:00,DION_001,119242,0.6242880021633623,SIMULATED,NORMAL
2026-06-17T16:05:37.549504+00:00,DION_001,119243,0.831460524717046,SIMULATED,NORMAL
2026-06-17T16:05:37.560580+00:00,DION_001,119244,0.9530940914090911,SIMULATED,NORMAL
2026-06-17T16:05:37.571549+00:00,DION_001,119245,0.6595218629471957,SIMULATED,NORMAL
2026-06-17T16:05:37.582821+00:00,DION_001,119246,0.8819360998027506,SIMULATED,NORMAL
2026-06-17T16:05:37.594073+00:00,DION_001,119247,2.4497748527123777,SIMULATED,EVENT_DETECTED
2026-06-17T16:05:37.605606+00:00,DION_001,119248,1.0223260072577163,SIMULATED,NORMAL
2026-06-17T16:05:37.616728+00:00,DION_001,119249,0.867488718574975,SIMULATED,NORMAL
2026-06-17T16:05:37.627773+00:00,DION_001,119250,0.38864231334629046,SIMULATED,NORMAL
2026-06-17T16:05:37.639014+00:00,DION_001,119251,0.7786380036474839,SIMULATED,NORMAL
2026-06-17T16:05:37.650427+00:00,DION_001,119252,0.8873190096666346,SIMULATED,NORMAL
2026-06-17T16:05:37.661642+00:00,DION_001,119253,0.8830298196977759,SIMULATED,NORMAL
2026-06-17T16:05:37.672692+00:00,DION_001,119254,0.6347813624438523,SIMULATED,NORMAL
2026-06-17T16:05:37.683678+00:00,DION_001,119255,0.7495274778039054,SIMULATED,NORMAL
2026-06-17T16:05:37.695015+00:00,DION_001,119256,0.7542476698627045,SIMULATED,NORMAL
2026-06-17T16:05:37.706443+00:00,DION_001,119257,0.6435763988416632,SIMULATED,NORMAL
2026-06-17T16:05:37.717649+00:00,DION_001,119258,0.8133359868488558,SIMULATED,NORMAL
2026-06-17T16:05:37.728850+00:00,DION_001,119259,0.9112037778575308,SIMULATED,NORMAL
2026-06-17T16:05:37.739938+00:00,DION_001,119260,0.8509082438417519,SIMULATED,NORMAL
2026-06-17T16:05:37.751023+00:00,DION_001,119261,0.786087838884136,SIMULATED,NORMAL
2026-06-17T16:05:37.762297+00:00,DION_001,119262,0.6030617253521591,SIMULATED,NORMAL
2026-06-17T16:05:37.773547+00:00,DION_001,119263,0.7229736682390469,SIMULATED,NORMAL
2026-06-17T16:05:37.784775+00:00,DION_001,119264,0.633565514970443,SIMULATED,NORMAL
2026-06-17T16:05:37.795788+00:00,DION_001,119265,0.5284207556380798,SIMULATED,NORMAL
2026-06-17T16:05:37.806872+00:00,DION_001,119266,0.5792279507838516,SIMULATED,NORMAL
2026-06-17T16:05:37.818125+00:00,DION_001,119267,0.4162887449209359,SIMULATED,NORMAL
2026-06-17T16:05:37.829327+00:00,DION_001,119268,0.39621812334388173,SIMULATED,NORMAL
2026-06-17T16:05:37.840309+00:00,DION_001,119269,0.5182486758015182,SIMULATED,NORMAL
2026-06-17T16:05:37.851228+00:00,DION_001,119270,0.1255547647671872,SIMULATED,NORMAL
2026-06-17T16:05:37.862663+00:00,DION_001,119271,0.46908178744271173,SIMULATED,NORMAL
2026-06-17T16:05:37.873842+00:00,DION_001,119272,0.28674663778696463,SIMULATED,NORMAL
2026-06-17T16:05:37.884930+00:00,DION_001,119273,0.1450480337835246,SIMULATED,NORMAL
2026-06-17T16:05:37.895930+00:00,DION_001,119274,0.1492456339587731,SIMULATED,NORMAL
2026-06-17T16:05:37.906848+00:00,DION_001,119275,0.33561142775322705,SIMULATED,NORMAL
2026-06-17T16:05:37.918114+00:00,DION_001,119276,-0.19812525757485083,SIMULATED,NORMAL
2026-06-17T16:05:37.929221+00:00,DION_001,119277,0.19406072981614755,SIMULATED,NORMAL
2026-06-17T16:05:37.940288+00:00,DION_001,119278,0.016294525661048692,SIMULATED,NORMAL
2026-06-17T16:05:37.951358+00:00,DION_001,119279,-0.19757101047084236,SIMULATED,NORMAL
2026-06-17T16:05:37.962726+00:00,DION_001,119280,-0.0016594200674716203,SIMULATED,NORMAL
2026-06-17T16:05:37.973959+00:00,DION_001,119281,-0.1589969416634981,SIMULATED,NORMAL
2026-06-17T16:05:37.985072+00:00,DION_001,119282,-0.0931941330133705,SIMULATED,NORMAL
2026-06-17T16:05:37.996232+00:00,DION_001,119283,-0.27912063680722915,SIMULATED,NORMAL
2026-06-17T16:05:38.007195+00:00,DION_001,119284,-0.07376974491285462,SIMULATED,NORMAL
2026-06-17T16:05:38.018597+00:00,DION_001,119285,-0.3716961997147484,SIMULATED,NORMAL
2026-06-17T16:05:38.029836+00:00,DION_001,119286,-0.27731658760291644,SIMULATED,NORMAL
2026-06-17T16:05:38.040925+00:00,DION_001,119287,-0.7188047848978658,SIMULATED,NORMAL
2026-06-17T16:05:38.052064+00:00,DION_001,119288,-0.5221133960653559,SIMULATED,NORMAL
2026-06-17T16:05:38.063121+00:00,DION_001,119289,-0.5469703770734843,SIMULATED,NORMAL
2026-06-17T16:05:38.074497+00:00,DION_001,119290,-0.3136728112653898,SIMULATED,NORMAL
2026-06-17T16:05:38.085665+00:00,DION_001,119291,-0.6716952668507966,SIMULATED,NORMAL
2026-06-17T16:05:38.096745+00:00,DION_001,119292,-0.7724048497828669,SIMULATED,NORMAL
2026-06-17T16:05:38.107739+00:00,DION_001,119293,-0.6505174060256366,SIMULATED,NORMAL
2026-06-17T16:05:38.118748+00:00,DION_001,119294,-0.728435413475208,SIMULATED,NORMAL
2026-06-17T16:05:38.130065+00:00,DION_001,119295,-0.3969971514106844,SIMULATED,NORMAL
2026-06-17T16:05:38.141170+00:00,DION_001,119296,-0.4964836596793245,SIMULATED,NORMAL
2026-06-17T16:05:38.152394+00:00,DION_001,119297,-0.4625615442513825,SIMULATED,NORMAL
2026-06-17T16:05:38.163472+00:00,DION_001,119298,-0.3904184026938977,SIMULATED,NORMAL
2026-06-17T16:05:38.174866+00:00,DION_001,119299,-0.4157255612476348,SIMULATED,NORMAL
2026-06-17T16:05:38.186067+00:00,DION_001,119300,-0.7234420713673753,SIMULATED,NORMAL
2026-06-17T16:05:38.197193+00:00,DION_001,119301,-0.5205295882419085,SIMULATED,NORMAL
2026-06-17T16:05:38.208205+00:00,DION_001,119302,-0.6004249194885836,SIMULATED,NORMAL
2026-06-17T16:05:38.219168+00:00,DION_001,119303,-0.7919696246582358,SIMULATED,NORMAL
2026-06-17T16:05:38.230338+00:00,DION_001,119304,-0.6916330791772185,SIMULATED,NORMAL
2026-06-17T16:05:38.241275+00:00,DION_001,119305,-0.5580902985221725,SIMULATED,NORMAL
2026-06-17T16:05:38.252303+00:00,DION_001,119306,-0.6922328368411992,SIMULATED,NORMAL
2026-06-17T16:05:38.263259+00:00,DION_001,119307,-0.3102121148939375,SIMULATED,NORMAL
2026-06-17T16:05:38.274560+00:00,DION_001,119308,-0.3543052817531471,SIMULATED,NORMAL
2026-06-17T16:05:38.285879+00:00,DION_001,119309,-0.6739283896559878,SIMULATED,NORMAL
2026-06-17T16:05:38.296857+00:00,DION_001,119310,-0.3123006688135477,SIMULATED,NORMAL
2026-06-17T16:05:38.307914+00:00,DION_001,119311,-0.3913740642278584,SIMULATED,NORMAL
2026-06-17T16:05:38.318847+00:00,DION_001,119312,0.07124505290908739,SIMULATED,NORMAL
2026-06-17T16:05:38.329986+00:00,DION_001,119313,-0.40089872735236204,SIMULATED,NORMAL
2026-06-17T16:05:38.340696+00:00,DION_001,119314,-0.2032960221095601,SIMULATED,NORMAL
2026-06-17T16:05:38.351655+00:00,DION_001,119315,-0.5100133229430039,SIMULATED,NORMAL
2026-06-17T16:05:38.362899+00:00,DION_001,119316,-0.5247636498965504,SIMULATED,NORMAL
2026-06-17T16:05:38.374036+00:00,DION_001,119317,-0.45674337665823395,SIMULATED,NORMAL
2026-06-17T16:05:38.385088+00:00,DION_001,119318,-0.4542874898415695,SIMULATED,NORMAL
2026-06-17T16:05:38.395666+00:00,DION_001,119319,-0.2521065536206003,SIMULATED,NORMAL
2026-06-17T16:05:38.406960+00:00,DION_001,119320,-0.3333592894689761,SIMULATED,NORMAL
2026-06-17T16:05:38.418188+00:00,DION_001,119321,-0.23976522172860876,SIMULATED,NORMAL
2026-06-17T16:05:38.429462+00:00,DION_001,119322,-0.3445102801197971,SIMULATED,NORMAL
2026-06-17T16:05:38.440695+00:00,DION_001,119323,0.05387559965041544,SIMULATED,NORMAL
2026-06-17T16:05:38.451797+00:00,DION_001,119324,-0.20566656643392967,SIMULATED,NORMAL
2026-06-17T16:05:38.462975+00:00,DION_001,119325,-0.2734510568208562,SIMULATED,NORMAL
2026-06-17T16:05:38.474354+00:00,DION_001,119326,-0.2188576293077443,SIMULATED,NORMAL
2026-06-17T16:05:38.485551+00:00,DION_001,119327,-0.2285682646768818,SIMULATED,NORMAL
2026-06-17T16:05:38.496593+00:00,DION_001,119328,-0.19430604567983215,SIMULATED,NORMAL
2026-06-17T16:05:38.507545+00:00,DION_001,119329,-0.4857870373488799,SIMULATED,NORMAL
2026-06-17T16:05:38.518861+00:00,DION_001,119330,-0.4044804070922311,SIMULATED,NORMAL
2026-06-17T16:05:38.530070+00:00,DION_001,119331,-0.3014486472836704,SIMULATED,NORMAL
2026-06-17T16:05:38.541196+00:00,DION_001,119332,-0.15501196794808653,SIMULATED,NORMAL
2026-06-17T16:05:38.551814+00:00,DION_001,119333,-0.16678588680228493,SIMULATED,NORMAL
2026-06-17T16:05:38.562911+00:00,DION_001,119334,-0.2497918773302468,SIMULATED,NORMAL
2026-06-17T16:05:38.574162+00:00,DION_001,119335,-0.5365128474882299,SIMULATED,NORMAL
2026-06-17T16:05:38.585309+00:00,DION_001,119336,-0.024880726325713226,SIMULATED,NORMAL
2026-06-17T16:05:38.596513+00:00,DION_001,119337,-0.31757935609334054,SIMULATED,NORMAL
2026-06-17T16:05:38.607433+00:00,DION_001,119338,-0.2966786561198238,SIMULATED,NORMAL
2026-06-17T16:05:38.618733+00:00,DION_001,119339,-0.3624137684274758,SIMULATED,NORMAL
2026-06-17T16:05:38.630096+00:00,DION_001,119340,-0.20064793265303252,SIMULATED,NORMAL
2026-06-17T16:05:38.641426+00:00,DION_001,119341,-0.32887723124739127,SIMULATED,NORMAL
2026-06-17T16:05:38.652649+00:00,DION_001,119342,-0.513537613990503,SIMULATED,NORMAL
2026-06-17T16:05:38.663204+00:00,DION_001,119343,-0.3766294260006396,SIMULATED,NORMAL
2026-06-17T16:05:38.674536+00:00,DION_001,119344,-0.15817223377347622,SIMULATED,NORMAL
2026-06-17T16:05:38.684865+00:00,DION_001,119345,-0.4392842583800484,SIMULATED,NORMAL
2026-06-17T16:05:38.695916+00:00,DION_001,119346,-0.637158614388661,SIMULATED,NORMAL
2026-06-17T16:05:38.706851+00:00,DION_001,119347,-0.45963447785131795,SIMULATED,NORMAL
2026-06-17T16:05:38.718101+00:00,DION_001,119348,-0.7834230976358149,SIMULATED,NORMAL
2026-06-17T16:05:38.729395+00:00,DION_001,119349,-0.6394290197129406,SIMULATED,NORMAL
2026-06-17T16:05:38.740777+00:00,DION_001,119350,-0.4576347169415837,SIMULATED,NORMAL
2026-06-17T16:05:38.751941+00:00,DION_001,119351,-0.8020595595530288,SIMULATED,NORMAL
2026-06-17T16:05:38.762887+00:00,DION_001,119352,-0.9682822686076565,SIMULATED,NORMAL
2026-06-17T16:05:38.774083+00:00,DION_001,119353,-0.9233667431002714,SIMULATED,NORMAL
2026-06-17T16:05:38.785203+00:00,DION_001,119354,-0.8862178923410763,SIMULATED,NORMAL
2026-06-17T16:05:38.796260+00:00,DION_001,119355,-0.9243482345098857,SIMULATED,NORMAL
2026-06-17T16:05:38.807334+00:00,DION_001,119356,-0.8457972032194062,SIMULATED,NORMAL
2026-06-17T16:05:38.818620+00:00,DION_001,119357,-0.5257808961097781,SIMULATED,NORMAL
2026-06-17T16:05:38.829802+00:00,DION_001,119358,-0.9451305970188333,SIMULATED,NORMAL
2026-06-17T16:05:38.840949+00:00,DION_001,119359,-0.9240186414553634,SIMULATED,NORMAL
2026-06-17T16:05:38.851774+00:00,DION_001,119360,-1.247190051046629,SIMULATED,NORMAL
2026-06-17T16:05:38.862874+00:00,DION_001,119361,-1.4312077215289811,SIMULATED,NORMAL
2026-06-17T16:05:38.874111+00:00,DION_001,119362,-1.0879450708415797,SIMULATED,NORMAL
2026-06-17T16:05:38.885099+00:00,DION_001,119363,-1.2546871090705995,SIMULATED,NORMAL
2026-06-17T16:05:38.896127+00:00,DION_001,119364,-1.1944820493227672,SIMULATED,NORMAL
2026-06-17T16:05:38.906712+00:00,DION_001,119365,-1.2350704754623638,SIMULATED,NORMAL
2026-06-17T16:05:38.917984+00:00,DION_001,119366,-1.0057389673667412,SIMULATED,NORMAL
2026-06-17T16:05:38.929205+00:00,DION_001,119367,-1.1922664159075547,SIMULATED,NORMAL
2026-06-17T16:05:38.940277+00:00,DION_001,119368,-0.9026644837742033,SIMULATED,NORMAL
2026-06-17T16:05:38.951235+00:00,DION_001,119369,-0.9706351253513156,SIMULATED,NORMAL
2026-06-17T16:05:38.962662+00:00,DION_001,119370,-1.311069838323114,SIMULATED,NORMAL
2026-06-17T16:05:38.973880+00:00,DION_001,119371,-1.3325203316418022,SIMULATED,NORMAL
2026-06-17T16:05:38.984994+00:00,DION_001,119372,-1.2939778108639612,SIMULATED,NORMAL
2026-06-17T16:05:38.996193+00:00,DION_001,119373,-1.0390983671440945,SIMULATED,NORMAL
2026-06-17T16:05:39.007357+00:00,DION_001,119374,-1.0258475355433214,SIMULATED,NORMAL
2026-06-17T16:05:39.018804+00:00,DION_001,119375,-1.1704130683189875,SIMULATED,NORMAL
2026-06-17T16:05:39.030050+00:00,DION_001,119376,-1.3475287516016294,SIMULATED,NORMAL
2026-06-17T16:05:39.041409+00:00,DION_001,119377,-1.496544501700705,SIMULATED,NORMAL
2026-06-17T16:05:39.052659+00:00,DION_001,119378,-1.0957423827365071,SIMULATED,NORMAL
2026-06-17T16:05:39.063756+00:00,DION_001,119379,-0.7321506812654153,SIMULATED,NORMAL
2026-06-17T16:05:39.074823+00:00,DION_001,119380,-1.068479757034687,SIMULATED,NORMAL
2026-06-17T16:05:39.086156+00:00,DION_001,119381,-1.0722703606463004,SIMULATED,NORMAL
2026-06-17T16:05:39.097453+00:00,DION_001,119382,-0.9567012055128059,SIMULATED,NORMAL
2026-06-17T16:05:39.108627+00:00,DION_001,119383,-0.8878098462231289,SIMULATED,NORMAL
2026-06-17T16:05:39.119435+00:00,DION_001,119384,-0.913460863596622,SIMULATED,NORMAL
2026-06-17T16:05:39.129899+00:00,DION_001,119385,-0.8324666442809086,SIMULATED,NORMAL
2026-06-17T16:05:39.140347+00:00,DION_001,119386,-0.8246396962679426,SIMULATED,NORMAL
2026-06-17T16:05:39.150808+00:00,DION_001,119387,-0.8007776615119214,SIMULATED,NORMAL
2026-06-17T16:05:39.161189+00:00,DION_001,119388,-0.8840528837231315,SIMULATED,NORMAL
2026-06-17T16:05:39.171671+00:00,DION_001,119389,-0.45192877916486435,SIMULATED,NORMAL
2026-06-17T16:05:39.182069+00:00,DION_001,119390,-0.912774521598679,SIMULATED,NORMAL
2026-06-17T16:05:39.192554+00:00,DION_001,119391,-0.9830896128069477,SIMULATED,NORMAL
2026-06-17T16:05:39.203009+00:00,DION_001,119392,-0.8680405361229113,SIMULATED,NORMAL
2026-06-17T16:05:39.213434+00:00,DION_001,119393,-0.5781780431163275,SIMULATED,NORMAL
2026-06-17T16:05:39.223789+00:00,DION_001,119394,-0.5719333865428817,SIMULATED,NORMAL
2026-06-17T16:05:39.234209+00:00,DION_001,119395,-0.5794239367963677,SIMULATED,NORMAL
2026-06-17T16:05:39.244615+00:00,DION_001,119396,-0.21118227146615115,SIMULATED,NORMAL
2026-06-17T16:05:39.255053+00:00,DION_001,119397,-0.46910228427109113,SIMULATED,NORMAL
2026-06-17T16:05:39.265479+00:00,DION_001,119398,-0.7910383055078409,SIMULATED,NORMAL
2026-06-17T16:05:39.275981+00:00,DION_001,119399,-0.5886160023773619,SIMULATED,NORMAL
2026-06-17T16:05:39.286431+00:00,DION_001,119400,-0.6694691457151891,SIMULATED,NORMAL
2026-06-17T16:05:39.296797+00:00,DION_001,119401,-0.3453313399920581,SIMULATED,NORMAL
2026-06-17T16:05:39.307163+00:00,DION_001,119402,-0.4436496595691563,SIMULATED,NORMAL
2026-06-17T16:05:39.317598+00:00,DION_001,119403,-0.4495623000209048,SIMULATED,NORMAL
2026-06-17T16:05:39.327904+00:00,DION_001,119404,-0.49469599315414337,SIMULATED,NORMAL
2026-06-17T16:05:39.338185+00:00,DION_001,119405,-0.428696531949276,SIMULATED,NORMAL
2026-06-17T16:05:39.348471+00:00,DION_001,119406,-0.27611147872138575,SIMULATED,NORMAL
2026-06-17T16:05:39.358835+00:00,DION_001,119407,-0.4710595878292819,SIMULATED,NORMAL
2026-06-17T16:05:39.369129+00:00,DION_001,119408,-0.29923213130169934,SIMULATED,NORMAL
2026-06-17T16:05:39.379473+00:00,DION_001,119409,-0.2057358923563723,SIMULATED,NORMAL
2026-06-17T16:05:39.389859+00:00,DION_001,119410,-0.3184474878643794,SIMULATED,NORMAL
2026-06-17T16:05:39.400135+00:00,DION_001,119411,-0.6950573836657807,SIMULATED,NORMAL
2026-06-17T16:05:39.410444+00:00,DION_001,119412,-0.31258987997171517,SIMULATED,NORMAL
2026-06-17T16:05:39.420730+00:00,DION_001,119413,-0.09780624799896837,SIMULATED,NORMAL
2026-06-17T16:05:39.431133+00:00,DION_001,119414,0.07091352714791732,SIMULATED,NORMAL
2026-06-17T16:05:39.441453+00:00,DION_001,119415,-0.033761941367733,SIMULATED,NORMAL
2026-06-17T16:05:39.451790+00:00,DION_001,119416,-0.0861309380264429,SIMULATED,NORMAL
2026-06-17T16:05:39.462225+00:00,DION_001,119417,-0.06819050891833237,SIMULATED,NORMAL
2026-06-17T16:05:39.472593+00:00,DION_001,119418,-0.041766117698480765,SIMULATED,NORMAL
2026-06-17T16:05:39.482943+00:00,DION_001,119419,-0.3060930319169848,SIMULATED,NORMAL
2026-06-17T16:05:39.493304+00:00,DION_001,119420,-0.49197019419928184,SIMULATED,NORMAL
2026-06-17T16:05:39.503803+00:00,DION_001,119421,-0.06367097140089656,SIMULATED,NORMAL
2026-06-17T16:05:39.514265+00:00,DION_001,119422,-0.4715048938664593,SIMULATED,NORMAL
2026-06-17T16:05:39.524681+00:00,DION_001,119423,-0.3778755491971901,SIMULATED,NORMAL
2026-06-17T16:05:39.535099+00:00,DION_001,119424,-0.187783132673761,SIMULATED,NORMAL
2026-06-17T16:05:39.545462+00:00,DION_001,119425,-0.2528765018469957,SIMULATED,NORMAL
2026-06-17T16:05:39.555931+00:00,DION_001,119426,-0.2639271032474677,SIMULATED,NORMAL
2026-06-17T16:05:39.566280+00:00,DION_001,119427,-0.6076383660699459,SIMULATED,NORMAL
2026-06-17T16:05:39.576707+00:00,DION_001,119428,-2.7418730563728415,SIMULATED,EVENT_DETECTED
2026-06-17T16:05:39.587318+00:00,DION_001,119429,-0.4577937094783675,SIMULATED,NORMAL
2026-06-17T16:05:39.597739+00:00,DION_001,119430,-0.5401851310796197,SIMULATED,NORMAL
2026-06-17T16:05:39.608149+00:00,DION_001,119431,-0.5690781924377784,SIMULATED,NORMAL
2026-06-17T16:05:39.618558+00:00,DION_001,119432,-0.4739056162504246,SIMULATED,NORMAL
2026-06-17T16:05:39.628930+00:00,DION_001,119433,-0.45308699237986927,SIMULATED,NORMAL
2026-06-17T16:05:39.639405+00:00,DION_001,119434,-0.5068778085348262,SIMULATED,NORMAL
2026-06-17T16:05:39.649816+00:00,DION_001,119435,-0.7398809422284396,SIMULATED,NORMAL
2026-06-17T16:05:39.660170+00:00,DION_001,119436,-0.5352489985608997,SIMULATED,NORMAL
2026-06-17T16:05:39.670605+00:00,DION_001,119437,-0.5359428830288975,SIMULATED,NORMAL
2026-06-17T16:05:39.681110+00:00,DION_001,119438,-0.4845491550818724,SIMULATED,NORMAL
2026-06-17T16:05:39.691434+00:00,DION_001,119439,-0.8115556205074659,SIMULATED,NORMAL
2026-06-17T16:05:39.701770+00:00,DION_001,119440,-0.47230272080764,SIMULATED,NORMAL
2026-06-17T16:05:39.712160+00:00,DION_001,119441,-0.714339188154724,SIMULATED,NORMAL
2026-06-17T16:05:39.722571+00:00,DION_001,119442,-0.3603254245950958,SIMULATED,NORMAL
2026-06-17T16:05:39.732832+00:00,DION_001,119443,-0.543046059968846,SIMULATED,NORMAL
2026-06-17T16:05:39.743218+00:00,DION_001,119444,-0.6478848153031015,SIMULATED,NORMAL
2026-06-17T16:05:39.753650+00:00,DION_001,119445,-0.4772078336264616,SIMULATED,NORMAL
2026-06-17T16:05:39.764179+00:00,DION_001,119446,-0.7566814296818745,SIMULATED,NORMAL
2026-06-17T16:05:39.774689+00:00,DION_001,119447,-0.7340700223618518,SIMULATED,NORMAL
2026-06-17T16:05:39.785092+00:00,DION_001,119448,-0.6869580612022249,SIMULATED,NORMAL
2026-06-17T16:05:39.795470+00:00,DION_001,119449,-0.6781024968564935,SIMULATED,NORMAL
2026-06-17T16:05:39.805913+00:00,DION_001,119450,-0.7389623519643269,SIMULATED,NORMAL
2026-06-17T16:05:39.816301+00:00,DION_001,119451,1.644517778048937,SIMULATED,NORMAL
2026-06-17T16:05:39.826706+00:00,DION_001,119452,-0.4540594174607354,SIMULATED,NORMAL
2026-06-17T16:05:39.837068+00:00,DION_001,119453,-1.0266022054594783,SIMULATED,NORMAL
2026-06-17T16:05:39.847605+00:00,DION_001,119454,-0.539945793794153,SIMULATED,NORMAL
2026-06-17T16:05:39.858168+00:00,DION_001,119455,-0.7165691976435733,SIMULATED,NORMAL
2026-06-17T16:05:39.868578+00:00,DION_001,119456,-0.42002111491394295,SIMULATED,NORMAL
2026-06-17T16:05:39.879017+00:00,DION_001,119457,-0.3985415022309131,SIMULATED,NORMAL
2026-06-17T16:05:39.889397+00:00,DION_001,119458,-0.5261853603566641,SIMULATED,NORMAL
2026-06-17T16:05:39.899928+00:00,DION_001,119459,-0.4827640774880043,SIMULATED,NORMAL
2026-06-17T16:05:39.910290+00:00,DION_001,119460,-0.1673292285879866,SIMULATED,NORMAL
2026-06-17T16:05:39.920739+00:00,DION_001,119461,-0.11900254520308459,SIMULATED,NORMAL
2026-06-17T16:05:39.931088+00:00,DION_001,119462,-0.41940679811136006,SIMULATED,NORMAL
2026-06-17T16:05:39.941602+00:00,DION_001,119463,-0.12800077420889033,SIMULATED,NORMAL
2026-06-17T16:05:39.952041+00:00,DION_001,119464,-0.25775323143434153,SIMULATED,NORMAL
2026-06-17T16:05:39.962411+00:00,DION_001,119465,-0.027329233426906213,SIMULATED,NORMAL
2026-06-17T16:05:39.972874+00:00,DION_001,119466,0.019501544228364448,SIMULATED,NORMAL
2026-06-17T16:05:39.983344+00:00,DION_001,119467,-0.09760720134988066,SIMULATED,NORMAL
2026-06-17T16:05:39.993697+00:00,DION_001,119468,-0.2427775736761165,SIMULATED,NORMAL
2026-06-17T16:05:40.004070+00:00,DION_001,119469,0.08767103785959574,SIMULATED,NORMAL
2026-06-17T16:05:40.014538+00:00,DION_001,119470,-0.00408651785384178,SIMULATED,NORMAL
2026-06-17T16:05:40.024916+00:00,DION_001,119471,0.08822507234645591,SIMULATED,NORMAL
2026-06-17T16:05:40.035348+00:00,DION_001,119472,0.01300330465490726,SIMULATED,NORMAL
2026-06-17T16:05:40.045772+00:00,DION_001,119473,0.0040492738183175725,SIMULATED,NORMAL
2026-06-17T16:05:40.056118+00:00,DION_001,119474,0.3506478950707865,SIMULATED,NORMAL
2026-06-17T16:05:40.066640+00:00,DION_001,119475,0.2805728733302404,SIMULATED,NORMAL
2026-06-17T16:05:40.077072+00:00,DION_001,119476,0.29409901886378487,SIMULATED,NORMAL
2026-06-17T16:05:40.087459+00:00,DION_001,119477,0.41417884162506596,SIMULATED,NORMAL
2026-06-17T16:05:40.097839+00:00,DION_001,119478,0.35505244423683424,SIMULATED,NORMAL
2026-06-17T16:05:40.108298+00:00,DION_001,119479,0.11024314321162315,SIMULATED,NORMAL
2026-06-17T16:05:40.118684+00:00,DION_001,119480,0.4319490229842702,SIMULATED,NORMAL
2026-06-17T16:05:40.129101+00:00,DION_001,119481,0.7455324468622669,SIMULATED,NORMAL
2026-06-17T16:05:40.139571+00:00,DION_001,119482,0.4850184076410632,SIMULATED,NORMAL
2026-06-17T16:05:40.149998+00:00,DION_001,119483,0.5108699718816345,SIMULATED,NORMAL
2026-06-17T16:05:40.160449+00:00,DION_001,119484,0.4036865951701907,SIMULATED,NORMAL
2026-06-17T16:05:40.170835+00:00,DION_001,119485,0.5918698136434433,SIMULATED,NORMAL
2026-06-17T16:05:40.181228+00:00,DION_001,119486,0.4729354318687903,SIMULATED,NORMAL
2026-06-17T16:05:40.191725+00:00,DION_001,119487,0.5334395185277817,SIMULATED,NORMAL
2026-06-17T16:05:40.202239+00:00,DION_001,119488,0.7407814058337205,SIMULATED,NORMAL
2026-06-17T16:05:40.212625+00:00,DION_001,119489,0.6014096908387004,SIMULATED,NORMAL
2026-06-17T16:05:40.223034+00:00,DION_001,119490,0.6760105786450726,SIMULATED,NORMAL
2026-06-17T16:05:40.233466+00:00,DION_001,119491,0.6799679586944535,SIMULATED,NORMAL
2026-06-17T16:05:40.243904+00:00,DION_001,119492,0.47693721546608403,SIMULATED,NORMAL
2026-06-17T16:05:40.254295+00:00,DION_001,119493,0.9128481499916946,SIMULATED,NORMAL
2026-06-17T16:05:40.264641+00:00,DION_001,119494,0.7593160458746675,SIMULATED,NORMAL
2026-06-17T16:05:40.275066+00:00,DION_001,119495,0.5404531871113702,SIMULATED,NORMAL
2026-06-17T16:05:40.285478+00:00,DION_001,119496,0.7351360218595002,SIMULATED,NORMAL
2026-06-17T16:05:40.295803+00:00,DION_001,119497,0.5766427102216779,SIMULATED,NORMAL
2026-06-17T16:05:40.306162+00:00,DION_001,119498,0.632196045057797,SIMULATED,NORMAL
2026-06-17T16:05:40.316486+00:00,DION_001,119499,0.5184737008006582,SIMULATED,NORMAL
2026-06-17T16:05:40.326793+00:00,DION_001,119500,0.6197729880596851,SIMULATED,NORMAL
2026-06-17T16:05:40.337168+00:00,DION_001,119501,0.5954178547428566,SIMULATED,NORMAL
2026-06-17T16:05:40.347481+00:00,DION_001,119502,0.5612457027973985,SIMULATED,NORMAL
2026-06-17T16:05:40.357827+00:00,DION_001,119503,0.5846615623520734,SIMULATED,NORMAL
2026-06-17T16:05:40.368153+00:00,DION_001,119504,0.3716672478139721,SIMULATED,NORMAL
2026-06-17T16:05:40.378442+00:00,DION_001,119505,0.7280608552264292,SIMULATED,NORMAL
2026-06-17T16:05:40.388734+00:00,DION_001,119506,0.4353439719139155,SIMULATED,NORMAL
2026-06-17T16:05:40.399203+00:00,DION_001,119507,0.5711440530024894,SIMULATED,NORMAL
2026-06-17T16:05:40.409635+00:00,DION_001,119508,0.41475253111060023,SIMULATED,NORMAL
2026-06-17T16:05:40.419976+00:00,DION_001,119509,0.4429969114209794,SIMULATED,NORMAL
2026-06-17T16:05:40.430283+00:00,DION_001,119510,0.458654650548952,SIMULATED,NORMAL
2026-06-17T16:05:40.440628+00:00,DION_001,119511,0.590699052158443,SIMULATED,NORMAL
2026-06-17T16:05:40.451074+00:00,DION_001,119512,0.5006146855113413,SIMULATED,NORMAL
2026-06-17T16:05:40.461492+00:00,DION_001,119513,0.24885851319897961,SIMULATED,NORMAL
2026-06-17T16:05:40.471885+00:00,DION_001,119514,0.5361435693955283,SIMULATED,NORMAL
2026-06-17T16:05:40.482205+00:00,DION_001,119515,0.2853460776737816,SIMULATED,NORMAL
2026-06-17T16:05:40.492562+00:00,DION_001,119516,0.5374840386980256,SIMULATED,NORMAL
2026-06-17T16:05:40.503127+00:00,DION_001,119517,0.438495332395268,SIMULATED,NORMAL
2026-06-17T16:05:40.513530+00:00,DION_001,119518,0.12735682294055822,SIMULATED,NORMAL
2026-06-17T16:05:40.524026+00:00,DION_001,119519,0.5816171980139233,SIMULATED,NORMAL
2026-06-17T16:05:40.534497+00:00,DION_001,119520,0.33884231353196914,SIMULATED,NORMAL
2026-06-17T16:05:40.544998+00:00,DION_001,119521,0.2036480831316415,SIMULATED,NORMAL
2026-06-17T16:05:40.555465+00:00,DION_001,119522,0.5359773447967247,SIMULATED,NORMAL
2026-06-17T16:05:40.565829+00:00,DION_001,119523,0.2125296872090056,SIMULATED,NORMAL
2026-06-17T16:05:40.576051+00:00,DION_001,119524,0.1545635944384629,SIMULATED,NORMAL
2026-06-17T16:05:40.586472+00:00,DION_001,119525,0.32586057800815005,SIMULATED,NORMAL
2026-06-17T16:05:40.596928+00:00,DION_001,119526,0.4143381359891166,SIMULATED,NORMAL
2026-06-17T16:05:40.607396+00:00,DION_001,119527,0.20083549185744573,SIMULATED,NORMAL
2026-06-17T16:05:40.617742+00:00,DION_001,119528,0.18206250595853804,SIMULATED,NORMAL
2026-06-17T16:05:40.628258+00:00,DION_001,119529,-0.1398688758780901,SIMULATED,NORMAL
2026-06-17T16:05:40.638694+00:00,DION_001,119530,0.1229844787028645,SIMULATED,NORMAL
2026-06-17T16:05:40.649197+00:00,DION_001,119531,0.3244989233205009,SIMULATED,NORMAL
2026-06-17T16:05:40.659583+00:00,DION_001,119532,0.27886501247749046,SIMULATED,NORMAL
2026-06-17T16:05:40.669887+00:00,DION_001,119533,0.29891430297753013,SIMULATED,NORMAL
2026-06-17T16:05:40.680227+00:00,DION_001,119534,0.5110237962485,SIMULATED,NORMAL
2026-06-17T16:05:40.690589+00:00,DION_001,119535,0.5354237023052971,SIMULATED,NORMAL
2026-06-17T16:05:40.700974+00:00,DION_001,119536,0.16551931056851044,SIMULATED,NORMAL
2026-06-17T16:05:40.711440+00:00,DION_001,119537,0.39342987185610334,SIMULATED,NORMAL
2026-06-17T16:05:40.721872+00:00,DION_001,119538,0.40228505471094933,SIMULATED,NORMAL
2026-06-17T16:05:40.732386+00:00,DION_001,119539,0.23905024170910724,SIMULATED,NORMAL
2026-06-17T16:05:40.742810+00:00,DION_001,119540,0.3993817384492338,SIMULATED,NORMAL
2026-06-17T16:05:40.753145+00:00,DION_001,119541,0.4952772977949217,SIMULATED,NORMAL
2026-06-17T16:05:40.763494+00:00,DION_001,119542,0.5457197406344202,SIMULATED,NORMAL
2026-06-17T16:05:40.774043+00:00,DION_001,119543,0.8241879892344806,SIMULATED,NORMAL
2026-06-17T16:05:40.784401+00:00,DION_001,119544,0.47727955654725984,SIMULATED,NORMAL
2026-06-17T16:05:40.794773+00:00,DION_001,119545,0.4576685100526251,SIMULATED,NORMAL
2026-06-17T16:05:40.805131+00:00,DION_001,119546,0.7049810370999798,SIMULATED,NORMAL
2026-06-17T16:05:40.815578+00:00,DION_001,119547,0.9090753118330623,SIMULATED,NORMAL
2026-06-17T16:05:40.826009+00:00,DION_001,119548,0.5481466199061911,SIMULATED,NORMAL
2026-06-17T16:05:40.836372+00:00,DION_001,119549,0.796057414541428,SIMULATED,NORMAL
2026-06-17T16:05:40.846828+00:00,DION_001,119550,0.6036958568825745,SIMULATED,NORMAL
2026-06-17T16:05:40.857103+00:00,DION_001,119551,0.6547100107535059,SIMULATED,NORMAL
2026-06-17T16:05:40.867704+00:00,DION_001,119552,0.7405360333256601,SIMULATED,NORMAL
2026-06-17T16:05:40.878197+00:00,DION_001,119553,0.7121001304554176,SIMULATED,NORMAL
2026-06-17T16:05:40.888663+00:00,DION_001,119554,0.9086303813654043,SIMULATED,NORMAL
2026-06-17T16:05:40.899283+00:00,DION_001,119555,1.108847250849489,SIMULATED,NORMAL
2026-06-17T16:05:40.909599+00:00,DION_001,119556,0.8418390568454703,SIMULATED,NORMAL
2026-06-17T16:05:40.919965+00:00,DION_001,119557,0.893555306572341,SIMULATED,NORMAL
2026-06-17T16:05:40.930277+00:00,DION_001,119558,4.124318184276022,SIMULATED,EVENT_DETECTED
2026-06-17T16:05:40.941028+00:00,DION_001,119559,0.968692694851642,SIMULATED,NORMAL
2026-06-17T16:05:40.951406+00:00,DION_001,119560,1.2272360758841234,SIMULATED,NORMAL
2026-06-17T16:05:40.961784+00:00,DION_001,119561,1.062008640584222,SIMULATED,NORMAL
2026-06-17T16:05:40.972231+00:00,DION_001,119562,1.3035842786437046,SIMULATED,NORMAL
2026-06-17T16:05:40.982604+00:00,DION_001,119563,0.957058131864146,SIMULATED,NORMAL
2026-06-17T16:05:40.993026+00:00,DION_001,119564,0.9208919590561843,SIMULATED,NORMAL
2026-06-17T16:05:41.003360+00:00,DION_001,119565,1.146518069294062,SIMULATED,NORMAL
2026-06-17T16:05:41.013724+00:00,DION_001,119566,1.0135567617383954,SIMULATED,NORMAL
2026-06-17T16:05:41.024253+00:00,DION_001,119567,1.0587598863899625,SIMULATED,NORMAL
2026-06-17T16:05:41.034774+00:00,DION_001,119568,1.1030962326037295,SIMULATED,NORMAL
2026-06-17T16:05:41.045194+00:00,DION_001,119569,1.1901973349595871,SIMULATED,NORMAL
2026-06-17T16:05:41.055701+00:00,DION_001,119570,1.5174394803206164,SIMULATED,NORMAL
2026-06-17T16:05:41.066145+00:00,DION_001,119571,1.0945899561206498,SIMULATED,NORMAL
2026-06-17T16:05:41.076570+00:00,DION_001,119572,1.2433891243146369,SIMULATED,NORMAL
2026-06-17T16:05:41.086889+00:00,DION_001,119573,1.1560139523833084,SIMULATED,NORMAL
2026-06-17T16:05:41.097249+00:00,DION_001,119574,1.0037057479795104,SIMULATED,NORMAL
2026-06-17T16:05:41.107611+00:00,DION_001,119575,1.5264424956849516,SIMULATED,NORMAL
2026-06-17T16:05:41.118114+00:00,DION_001,119576,0.9985353972305568,SIMULATED,NORMAL
2026-06-17T16:05:41.128499+00:00,DION_001,119577,1.164207058260911,SIMULATED,NORMAL
2026-06-17T16:05:41.138848+00:00,DION_001,119578,1.168539624758905,SIMULATED,NORMAL
2026-06-17T16:05:41.149309+00:00,DION_001,119579,0.8597484494178782,SIMULATED,NORMAL
2026-06-17T16:05:41.159718+00:00,DION_001,119580,0.9494942270264136,SIMULATED,NORMAL
2026-06-17T16:05:41.170199+00:00,DION_001,119581,0.896715750492078,SIMULATED,NORMAL
2026-06-17T16:05:41.180507+00:00,DION_001,119582,1.2691155220331711,SIMULATED,NORMAL
2026-06-17T16:05:41.190890+00:00,DION_001,119583,0.9834771001429241,SIMULATED,NORMAL
2026-06-17T16:05:41.201272+00:00,DION_001,119584,0.7883426428595269,SIMULATED,NORMAL
2026-06-17T16:05:41.211711+00:00,DION_001,119585,0.791446874813137,SIMULATED,NORMAL
2026-06-17T16:05:41.222095+00:00,DION_001,119586,0.7238322134758961,SIMULATED,NORMAL
2026-06-17T16:05:41.232446+00:00,DION_001,119587,0.7643182467886648,SIMULATED,NORMAL
2026-06-17T16:05:41.242946+00:00,DION_001,119588,0.5860418105133974,SIMULATED,NORMAL
2026-06-17T16:05:41.253676+00:00,DION_001,119589,0.638074802200224,SIMULATED,NORMAL
2026-06-17T16:05:41.264047+00:00,DION_001,119590,0.6983131466459932,SIMULATED,NORMAL
2026-06-17T16:05:41.274407+00:00,DION_001,119591,0.5568291690197935,SIMULATED,NORMAL
2026-06-17T16:05:41.284860+00:00,DION_001,119592,0.5214375924321736,SIMULATED,NORMAL
2026-06-17T16:05:41.295334+00:00,DION_001,119593,0.3579878620292703,SIMULATED,NORMAL
2026-06-17T16:05:41.305708+00:00,DION_001,119594,0.6057769279537578,SIMULATED,NORMAL
2026-06-17T16:05:41.316031+00:00,DION_001,119595,0.5193741124424298,SIMULATED,NORMAL
2026-06-17T16:05:41.326320+00:00,DION_001,119596,0.35433184305104604,SIMULATED,NORMAL
2026-06-17T16:05:41.336656+00:00,DION_001,119597,0.3294337071773072,SIMULATED,NORMAL
2026-06-17T16:05:41.346982+00:00,DION_001,119598,0.1434389447547736,SIMULATED,NORMAL
2026-06-17T16:05:41.357298+00:00,DION_001,119599,0.272918858363754,SIMULATED,NORMAL
2026-06-17T16:05:41.367658+00:00,DION_001,119600,0.6339670853908193,SIMULATED,NORMAL
2026-06-17T16:05:41.378180+00:00,DION_001,119601,0.4749386033920855,SIMULATED,NORMAL
2026-06-17T16:05:41.388508+00:00,DION_001,119602,0.14306750421825673,SIMULATED,NORMAL
2026-06-17T16:05:41.398907+00:00,DION_001,119603,0.12654695131735844,SIMULATED,NORMAL
2026-06-17T16:05:41.409175+00:00,DION_001,119604,0.33693922418381467,SIMULATED,NORMAL
2026-06-17T16:05:41.419412+00:00,DION_001,119605,0.5758922352113356,SIMULATED,NORMAL
2026-06-17T16:05:41.429757+00:00,DION_001,119606,0.13714690425158937,SIMULATED,NORMAL
2026-06-17T16:05:41.440186+00:00,DION_001,119607,0.4096012866791322,SIMULATED,NORMAL
2026-06-17T16:05:41.450465+00:00,DION_001,119608,-0.004353479256421711,SIMULATED,NORMAL
2026-06-17T16:05:41.460848+00:00,DION_001,119609,0.14715761995031013,SIMULATED,NORMAL
2026-06-17T16:05:41.471284+00:00,DION_001,119610,0.06648801698818221,SIMULATED,NORMAL
2026-06-17T16:05:41.481740+00:00,DION_001,119611,0.008739278174837523,SIMULATED,NORMAL
2026-06-17T16:05:41.492079+00:00,DION_001,119612,0.02854212470818135,SIMULATED,NORMAL
2026-06-17T16:05:41.502395+00:00,DION_001,119613,0.3462925648890285,SIMULATED,NORMAL
2026-06-17T16:05:41.512796+00:00,DION_001,119614,0.2186776780866723,SIMULATED,NORMAL
2026-06-17T16:05:41.523131+00:00,DION_001,119615,0.07992330931806417,SIMULATED,NORMAL
2026-06-17T16:05:41.533495+00:00,DION_001,119616,0.4683290760548686,SIMULATED,NORMAL
2026-06-17T16:05:41.543886+00:00,DION_001,119617,0.22266231295492933,SIMULATED,NORMAL
2026-06-17T16:05:41.554321+00:00,DION_001,119618,-0.08162976903718455,SIMULATED,NORMAL
2026-06-17T16:05:41.564719+00:00,DION_001,119619,0.05819885827933535,SIMULATED,NORMAL
2026-06-17T16:05:41.575072+00:00,DION_001,119620,0.3399414501352554,SIMULATED,NORMAL
2026-06-17T16:05:41.585562+00:00,DION_001,119621,0.2857347952761943,SIMULATED,NORMAL
2026-06-17T16:05:41.596056+00:00,DION_001,119622,2.881311551431659,SIMULATED,EVENT_DETECTED
2026-06-17T16:05:41.606713+00:00,DION_001,119623,0.303460146386932,SIMULATED,NORMAL
2026-06-17T16:05:41.617085+00:00,DION_001,119624,0.1689127549291281,SIMULATED,NORMAL
2026-06-17T16:05:41.627449+00:00,DION_001,119625,0.1612197297807477,SIMULATED,NORMAL
2026-06-17T16:05:41.637818+00:00,DION_001,119626,0.42494737676290867,SIMULATED,NORMAL
2026-06-17T16:05:41.648147+00:00,DION_001,119627,0.2991430079538966,SIMULATED,NORMAL
2026-06-17T16:05:41.658467+00:00,DION_001,119628,0.31232171674238185,SIMULATED,NORMAL
2026-06-17T16:05:41.668938+00:00,DION_001,119629,0.503371595723553,SIMULATED,NORMAL
2026-06-17T16:05:41.679598+00:00,DION_001,119630,0.6553310153175906,SIMULATED,NORMAL
2026-06-17T16:05:41.690082+00:00,DION_001,119631,0.7565975244991658,SIMULATED,NORMAL
2026-06-17T16:05:41.700505+00:00,DION_001,119632,0.3071806799286403,SIMULATED,NORMAL
2026-06-17T16:05:41.710885+00:00,DION_001,119633,0.29868559332604516,SIMULATED,NORMAL
2026-06-17T16:05:41.721286+00:00,DION_001,119634,0.22732640474910326,SIMULATED,NORMAL
2026-06-17T16:05:41.731921+00:00,DION_001,119635,0.3905662282175111,SIMULATED,NORMAL
2026-06-17T16:05:41.742337+00:00,DION_001,119636,3.3564667967742414,SIMULATED,EVENT_DETECTED
2026-06-17T16:05:41.752801+00:00,DION_001,119637,0.5373763114059014,SIMULATED,NORMAL
2026-06-17T16:05:41.763239+00:00,DION_001,119638,0.4379666124116276,SIMULATED,NORMAL
2026-06-17T16:05:41.774289+00:00,DION_001,119639,0.8474221608581041,SIMULATED,NORMAL
2026-06-17T16:05:41.784675+00:00,DION_001,119640,0.59393735882794,SIMULATED,NORMAL
2026-06-17T16:05:41.795015+00:00,DION_001,119641,0.756724724033055,SIMULATED,NORMAL
2026-06-17T16:05:41.805366+00:00,DION_001,119642,0.8304711438471065,SIMULATED,NORMAL
2026-06-17T16:05:41.815927+00:00,DION_001,119643,0.6996874857541103,SIMULATED,NORMAL
2026-06-17T16:05:41.826301+00:00,DION_001,119644,0.5225154203135017,SIMULATED,NORMAL
2026-06-17T16:05:41.836683+00:00,DION_001,119645,0.5900095423136436,SIMULATED,NORMAL
2026-06-17T16:05:41.847063+00:00,DION_001,119646,0.5736793639372549,SIMULATED,NORMAL
2026-06-17T16:05:41.857591+00:00,DION_001,119647,0.6685720995529233,SIMULATED,NORMAL
2026-06-17T16:05:41.867988+00:00,DION_001,119648,0.48729490235605655,SIMULATED,NORMAL
2026-06-17T16:05:41.878306+00:00,DION_001,119649,0.5507924669902116,SIMULATED,NORMAL
2026-06-17T16:05:41.888633+00:00,DION_001,119650,0.5960513043882332,SIMULATED,NORMAL
2026-06-17T16:05:41.899076+00:00,DION_001,119651,0.6001033697054611,SIMULATED,NORMAL
2026-06-17T16:05:41.909505+00:00,DION_001,119652,0.48790722710816004,SIMULATED,NORMAL
2026-06-17T16:05:41.919900+00:00,DION_001,119653,0.5376466650906183,SIMULATED,NORMAL
2026-06-17T16:05:41.930401+00:00,DION_001,119654,0.38135752652350263,SIMULATED,NORMAL
2026-06-17T16:05:41.940802+00:00,DION_001,119655,0.28918001564862267,SIMULATED,NORMAL
2026-06-17T16:05:41.951248+00:00,DION_001,119656,0.5091619722521001,SIMULATED,NORMAL
2026-06-17T16:05:41.961643+00:00,DION_001,119657,0.336656827691916,SIMULATED,NORMAL
2026-06-17T16:05:41.972097+00:00,DION_001,119658,0.5551591547258635,SIMULATED,NORMAL
2026-06-17T16:05:41.982494+00:00,DION_001,119659,0.21617746439881974,SIMULATED,NORMAL
2026-06-17T16:05:41.992928+00:00,DION_001,119660,0.2666872579915555,SIMULATED,NORMAL
2026-06-17T16:05:42.003279+00:00,DION_001,119661,0.05312107190466481,SIMULATED,NORMAL
2026-06-17T16:05:42.013734+00:00,DION_001,119662,0.3091480917821283,SIMULATED,NORMAL
2026-06-17T16:05:42.024010+00:00,DION_001,119663,-2.118960148521497,SIMULATED,EVENT_DETECTED
2026-06-17T16:05:42.034551+00:00,DION_001,119664,0.11705329749633064,SIMULATED,NORMAL
2026-06-17T16:05:42.044868+00:00,DION_001,119665,0.2554012964726635,SIMULATED,NORMAL
2026-06-17T16:05:42.055216+00:00,DION_001,119666,-0.16404110663432853,SIMULATED,NORMAL
2026-06-17T16:05:42.065597+00:00,DION_001,119667,-0.34411957406804305,SIMULATED,NORMAL
2026-06-17T16:05:42.075989+00:00,DION_001,119668,0.022650457304240548,SIMULATED,NORMAL
2026-06-17T16:05:42.086364+00:00,DION_001,119669,0.17692788280341454,SIMULATED,NORMAL
2026-06-17T16:05:42.096790+00:00,DION_001,119670,-0.14232651121277176,SIMULATED,NORMAL
2026-06-17T16:05:42.107160+00:00,DION_001,119671,-0.4478791581896284,SIMULATED,NORMAL
2026-06-17T16:05:42.117706+00:00,DION_001,119672,-0.1475166782076196,SIMULATED,NORMAL
2026-06-17T16:05:42.128143+00:00,DION_001,119673,0.02811002424358422,SIMULATED,NORMAL
2026-06-17T16:05:42.138538+00:00,DION_001,119674,-0.5805968150812393,SIMULATED,NORMAL
2026-06-17T16:05:42.148914+00:00,DION_001,119675,-0.41811853784602016,SIMULATED,NORMAL
2026-06-17T16:05:42.159326+00:00,DION_001,119676,-0.12764903744731454,SIMULATED,NORMAL
2026-06-17T16:05:42.169744+00:00,DION_001,119677,-0.4976144648492202,SIMULATED,NORMAL
2026-06-17T16:05:42.180155+00:00,DION_001,119678,-0.5324655072874278,SIMULATED,NORMAL
2026-06-17T16:05:42.190539+00:00,DION_001,119679,-0.49003417788864023,SIMULATED,NORMAL
2026-06-17T16:05:42.200909+00:00,DION_001,119680,-0.5259083876479661,SIMULATED,NORMAL
2026-06-17T16:05:42.211409+00:00,DION_001,119681,-0.5925292560119565,SIMULATED,NORMAL
2026-06-17T16:05:42.221905+00:00,DION_001,119682,-0.5908401547681313,SIMULATED,NORMAL
2026-06-17T16:05:42.232358+00:00,DION_001,119683,-0.8995699935328862,SIMULATED,NORMAL
2026-06-17T16:05:42.242760+00:00,DION_001,119684,-0.8039679424361588,SIMULATED,NORMAL
2026-06-17T16:05:42.253293+00:00,DION_001,119685,-0.6847991339131606,SIMULATED,NORMAL
2026-06-17T16:05:42.263627+00:00,DION_001,119686,-0.27782386700888106,SIMULATED,NORMAL
2026-06-17T16:05:42.273996+00:00,DION_001,119687,-0.736396053424657,SIMULATED,NORMAL
2026-06-17T16:05:42.284475+00:00,DION_001,119688,-0.543370277188421,SIMULATED,NORMAL
2026-06-17T16:05:42.294876+00:00,DION_001,119689,-0.9326904771727059,SIMULATED,NORMAL
2026-06-17T16:05:42.305387+00:00,DION_001,119690,-0.7075316604836709,SIMULATED,NORMAL
2026-06-17T16:05:42.315736+00:00,DION_001,119691,-0.5381721797156129,SIMULATED,NORMAL
2026-06-17T16:05:42.326134+00:00,DION_001,119692,-0.812703421555159,SIMULATED,NORMAL
2026-06-17T16:05:42.336503+00:00,DION_001,119693,-0.6757135896415918,SIMULATED,NORMAL
2026-06-17T16:05:42.346877+00:00,DION_001,119694,-0.9002671280284082,SIMULATED,NORMAL
2026-06-17T16:05:42.357205+00:00,DION_001,119695,-0.5290413666470155,SIMULATED,NORMAL
2026-06-17T16:05:42.367489+00:00,DION_001,119696,-0.7089065650615056,SIMULATED,NORMAL
2026-06-17T16:05:42.377864+00:00,DION_001,119697,-0.7577912947939416,SIMULATED,NORMAL
2026-06-17T16:05:42.388273+00:00,DION_001,119698,-0.8738049020696335,SIMULATED,NORMAL
2026-06-17T16:05:42.398551+00:00,DION_001,119699,-0.4217083212240472,SIMULATED,NORMAL
2026-06-17T16:05:42.408866+00:00,DION_001,119700,-0.5216848641959244,SIMULATED,NORMAL
2026-06-17T16:05:42.419320+00:00,DION_001,119701,-0.45839766626443673,SIMULATED,NORMAL
2026-06-17T16:05:42.429668+00:00,DION_001,119702,-0.8084002172742042,SIMULATED,NORMAL
2026-06-17T16:05:42.439976+00:00,DION_001,119703,-0.7514538506142128,SIMULATED,NORMAL
2026-06-17T16:05:42.450257+00:00,DION_001,119704,-0.7234085122327311,SIMULATED,NORMAL
2026-06-17T16:05:42.460539+00:00,DION_001,119705,-0.6082496810513615,SIMULATED,NORMAL
2026-06-17T16:05:42.470807+00:00,DION_001,119706,-0.539456672156888,SIMULATED,NORMAL
2026-06-17T16:05:42.481123+00:00,DION_001,119707,-0.6345157945801527,SIMULATED,NORMAL
2026-06-17T16:05:42.491505+00:00,DION_001,119708,-0.5867380368520485,SIMULATED,NORMAL
2026-06-17T16:05:42.501995+00:00,DION_001,119709,-0.4910413945968923,SIMULATED,NORMAL
2026-06-17T16:05:42.512411+00:00,DION_001,119710,-0.4808263895402324,SIMULATED,NORMAL
2026-06-17T16:05:42.522936+00:00,DION_001,119711,-0.6779454917413766,SIMULATED,NORMAL
2026-06-17T16:05:42.533287+00:00,DION_001,119712,-0.6088490825005612,SIMULATED,NORMAL
2026-06-17T16:05:42.543687+00:00,DION_001,119713,-0.32259456539206777,SIMULATED,NORMAL
2026-06-17T16:05:42.554188+00:00,DION_001,119714,-0.21764629704621063,SIMULATED,NORMAL
2026-06-17T16:05:42.564516+00:00,DION_001,119715,-0.502039897181633,SIMULATED,NORMAL
2026-06-17T16:05:42.575060+00:00,DION_001,119716,-0.4525813560270334,SIMULATED,NORMAL
2026-06-17T16:05:42.585477+00:00,DION_001,119717,-0.6092595162043551,SIMULATED,NORMAL
2026-06-17T16:05:42.595941+00:00,DION_001,119718,-0.3306888395531899,SIMULATED,NORMAL
2026-06-17T16:05:42.606375+00:00,DION_001,119719,-0.5701934200896761,SIMULATED,NORMAL
2026-06-17T16:05:42.616759+00:00,DION_001,119720,-0.3061437903095459,SIMULATED,NORMAL
2026-06-17T16:05:42.627297+00:00,DION_001,119721,-0.4230415761381742,SIMULATED,NORMAL
2026-06-17T16:05:42.637815+00:00,DION_001,119722,-0.5272577655338315,SIMULATED,NORMAL
2026-06-17T16:05:42.648119+00:00,DION_001,119723,-0.5554446360369988,SIMULATED,NORMAL
2026-06-17T16:05:42.658575+00:00,DION_001,119724,-0.4592750843877098,SIMULATED,NORMAL
2026-06-17T16:05:42.668919+00:00,DION_001,119725,-0.18167427319915658,SIMULATED,NORMAL
2026-06-17T16:05:42.679245+00:00,DION_001,119726,-0.2567493309569782,SIMULATED,NORMAL
2026-06-17T16:05:42.689653+00:00,DION_001,119727,-0.554174070564363,SIMULATED,NORMAL
2026-06-17T16:05:42.699986+00:00,DION_001,119728,-0.011901307844625675,SIMULATED,NORMAL
2026-06-17T16:05:42.710321+00:00,DION_001,119729,-0.1704337338148409,SIMULATED,NORMAL
2026-06-17T16:05:42.720754+00:00,DION_001,119730,-0.3668875122147269,SIMULATED,NORMAL
2026-06-17T16:05:42.731292+00:00,DION_001,119731,-0.18237341106480595,SIMULATED,NORMAL
2026-06-17T16:05:42.741718+00:00,DION_001,119732,-0.43603231146635063,SIMULATED,NORMAL
2026-06-17T16:05:42.752098+00:00,DION_001,119733,-0.2360906875775701,SIMULATED,NORMAL
2026-06-17T16:05:42.762641+00:00,DION_001,119734,-0.38887237426700433,SIMULATED,NORMAL
2026-06-17T16:05:42.773128+00:00,DION_001,119735,-0.4522150250103084,SIMULATED,NORMAL
2026-06-17T16:05:42.783515+00:00,DION_001,119736,-0.33638269672748355,SIMULATED,NORMAL
2026-06-17T16:05:42.793883+00:00,DION_001,119737,-0.27261026583717335,SIMULATED,NORMAL
2026-06-17T16:05:42.804360+00:00,DION_001,119738,-0.5532488631133772,SIMULATED,NORMAL
2026-06-17T16:05:42.814759+00:00,DION_001,119739,-0.4052271370097484,SIMULATED,NORMAL
2026-06-17T16:05:42.825170+00:00,DION_001,119740,-0.4758867271543807,SIMULATED,NORMAL
2026-06-17T16:05:42.835502+00:00,DION_001,119741,-0.41702678315903663,SIMULATED,NORMAL
2026-06-17T16:05:42.845975+00:00,DION_001,119742,-0.5639948756060267,SIMULATED,NORMAL
2026-06-17T16:05:42.856802+00:00,DION_001,119743,-0.6395889923134864,SIMULATED,NORMAL
2026-06-17T16:05:42.867176+00:00,DION_001,119744,-0.6532382476786267,SIMULATED,NORMAL
2026-06-17T16:05:42.877626+00:00,DION_001,119745,-0.5754428460340932,SIMULATED,NORMAL
2026-06-17T16:05:42.888022+00:00,DION_001,119746,-0.909943959247874,SIMULATED,NORMAL
2026-06-17T16:05:42.898359+00:00,DION_001,119747,-0.9089137434773579,SIMULATED,NORMAL
2026-06-17T16:05:42.908743+00:00,DION_001,119748,-0.9011646431342726,SIMULATED,NORMAL
2026-06-17T16:05:42.919081+00:00,DION_001,119749,-0.7934618118477494,SIMULATED,NORMAL
2026-06-17T16:05:42.929555+00:00,DION_001,119750,-0.8738185600862921,SIMULATED,NORMAL
2026-06-17T16:05:42.940033+00:00,DION_001,119751,-0.7324695961709045,SIMULATED,NORMAL
2026-06-17T16:05:42.950441+00:00,DION_001,119752,-0.7654034351012241,SIMULATED,NORMAL
2026-06-17T16:05:42.961052+00:00,DION_001,119753,-0.6465142569797877,SIMULATED,NORMAL
2026-06-17T16:05:42.971452+00:00,DION_001,119754,-1.0289059577651902,SIMULATED,NORMAL
2026-06-17T16:05:42.981946+00:00,DION_001,119755,-1.127114855183351,SIMULATED,NORMAL
2026-06-17T16:05:42.992436+00:00,DION_001,119756,-1.2218580139612056,SIMULATED,NORMAL
2026-06-17T16:05:43.002844+00:00,DION_001,119757,-0.907050255881945,SIMULATED,NORMAL
2026-06-17T16:05:43.013270+00:00,DION_001,119758,-0.9424511725730175,SIMULATED,NORMAL
2026-06-17T16:05:43.023653+00:00,DION_001,119759,-0.9674485160532474,SIMULATED,NORMAL
2026-06-17T16:05:43.034125+00:00,DION_001,119760,-0.848977665418704,SIMULATED,NORMAL
2026-06-17T16:05:43.044516+00:00,DION_001,119761,-0.8476864557559729,SIMULATED,NORMAL
2026-06-17T16:05:43.054854+00:00,DION_001,119762,-1.2911686216716969,SIMULATED,NORMAL
2026-06-17T16:05:43.065242+00:00,DION_001,119763,-1.206894029499418,SIMULATED,NORMAL
2026-06-17T16:05:43.075574+00:00,DION_001,119764,-1.5959212341320306,SIMULATED,NORMAL
2026-06-17T16:05:43.085979+00:00,DION_001,119765,-1.5260167440226677,SIMULATED,NORMAL
2026-06-17T16:05:43.096335+00:00,DION_001,119766,-1.0203693267182454,SIMULATED,NORMAL
2026-06-17T16:05:43.106747+00:00,DION_001,119767,-1.3519432797215114,SIMULATED,NORMAL
2026-06-17T16:05:43.117221+00:00,DION_001,119768,-1.5177601350827026,SIMULATED,NORMAL
2026-06-17T16:05:43.127651+00:00,DION_001,119769,-0.953593331738263,SIMULATED,NORMAL
2026-06-17T16:05:43.137976+00:00,DION_001,119770,-1.2473483244120005,SIMULATED,NORMAL
2026-06-17T16:05:43.148447+00:00,DION_001,119771,-1.3268300442900982,SIMULATED,NORMAL
2026-06-17T16:05:43.158978+00:00,DION_001,119772,-1.1532424836675195,SIMULATED,NORMAL
2026-06-17T16:05:43.169649+00:00,DION_001,119773,-1.1147687131876922,SIMULATED,NORMAL
2026-06-17T16:05:43.180075+00:00,DION_001,119774,-1.006528856693248,SIMULATED,NORMAL
2026-06-17T16:05:43.190444+00:00,DION_001,119775,-1.1580478008658324,SIMULATED,NORMAL
2026-06-17T16:05:43.200807+00:00,DION_001,119776,-1.1765682637457044,SIMULATED,NORMAL
2026-06-17T16:05:43.211213+00:00,DION_001,119777,-1.0121978469257844,SIMULATED,NORMAL
2026-06-17T16:05:43.221706+00:00,DION_001,119778,-1.1411150735892885,SIMULATED,NORMAL
2026-06-17T16:05:43.232113+00:00,DION_001,119779,-1.110962592556507,SIMULATED,NORMAL
2026-06-17T16:05:43.242526+00:00,DION_001,119780,-0.8943357675236856,SIMULATED,NORMAL
2026-06-17T16:05:43.252962+00:00,DION_001,119781,-0.9496660667982538,SIMULATED,NORMAL
2026-06-17T16:05:43.263354+00:00,DION_001,119782,-0.9850066807079149,SIMULATED,NORMAL
2026-06-17T16:05:43.273714+00:00,DION_001,119783,-1.0590250166279542,SIMULATED,NORMAL
2026-06-17T16:05:43.284130+00:00,DION_001,119784,-0.7911197334892409,SIMULATED,NORMAL
2026-06-17T16:05:43.294479+00:00,DION_001,119785,-0.7985075623074929,SIMULATED,NORMAL
2026-06-17T16:05:43.304829+00:00,DION_001,119786,-2.9433282950453434,SIMULATED,EVENT_DETECTED
2026-06-17T16:05:43.315365+00:00,DION_001,119787,-0.7217715102308693,SIMULATED,NORMAL
2026-06-17T16:05:43.325752+00:00,DION_001,119788,-0.7710938308496933,SIMULATED,NORMAL
2026-06-17T16:05:43.336165+00:00,DION_001,119789,-0.5746280561685204,SIMULATED,NORMAL
2026-06-17T16:05:43.346546+00:00,DION_001,119790,-0.5882470708960772,SIMULATED,NORMAL
2026-06-17T16:05:43.356939+00:00,DION_001,119791,-0.5040162860958479,SIMULATED,NORMAL
2026-06-17T16:05:43.367235+00:00,DION_001,119792,-0.4340229557541794,SIMULATED,NORMAL
2026-06-17T16:05:43.377629+00:00,DION_001,119793,-0.466262660083054,SIMULATED,NORMAL
2026-06-17T16:05:43.387919+00:00,DION_001,119794,-0.3496849974878351,SIMULATED,NORMAL
2026-06-17T16:05:43.398250+00:00,DION_001,119795,-0.35651871835161764,SIMULATED,NORMAL
2026-06-17T16:05:43.408593+00:00,DION_001,119796,-0.2653823626634149,SIMULATED,NORMAL
2026-06-17T16:05:43.418848+00:00,DION_001,119797,-0.2565044662451703,SIMULATED,NORMAL
2026-06-17T16:05:43.429105+00:00,DION_001,119798,-0.3059042271179082,SIMULATED,NORMAL
2026-06-17T16:05:43.439471+00:00,DION_001,119799,-0.18950521117674926,SIMULATED,NORMAL
2026-06-17T16:05:43.449719+00:00,DION_001,119800,-0.2842199388954277,SIMULATED,NORMAL
2026-06-17T16:05:43.460039+00:00,DION_001,119801,-0.028896026565588595,SIMULATED,NORMAL
2026-06-17T16:05:43.470504+00:00,DION_001,119802,-0.2010230739199261,SIMULATED,NORMAL
2026-06-17T16:05:43.480854+00:00,DION_001,119803,-0.25604054375126195,SIMULATED,NORMAL
2026-06-17T16:05:43.491151+00:00,DION_001,119804,-0.2518994192524984,SIMULATED,NORMAL
2026-06-17T16:05:43.501501+00:00,DION_001,119805,-0.26001378132003106,SIMULATED,NORMAL
2026-06-17T16:05:43.512083+00:00,DION_001,119806,0.06891307673910468,SIMULATED,NORMAL
2026-06-17T16:05:43.522457+00:00,DION_001,119807,-0.19478415877850694,SIMULATED,NORMAL
2026-06-17T16:05:43.532785+00:00,DION_001,119808,-0.1242682658278173,SIMULATED,NORMAL
2026-06-17T16:05:43.543115+00:00,DION_001,119809,-0.37158110748919415,SIMULATED,NORMAL
2026-06-17T16:05:43.553535+00:00,DION_001,119810,-0.15242264629714947,SIMULATED,NORMAL
2026-06-17T16:05:43.563940+00:00,DION_001,119811,-0.5415043052141605,SIMULATED,NORMAL
2026-06-17T16:05:43.574252+00:00,DION_001,119812,0.08187286349942141,SIMULATED,NORMAL
2026-06-17T16:05:43.584884+00:00,DION_001,119813,-0.03446696347050153,SIMULATED,NORMAL
2026-06-17T16:05:43.595331+00:00,DION_001,119814,-0.030714189061212566,SIMULATED,NORMAL
2026-06-17T16:05:43.605807+00:00,DION_001,119815,-0.16210835245168712,SIMULATED,NORMAL
2026-06-17T16:05:43.616442+00:00,DION_001,119816,-0.10672340678680153,SIMULATED,NORMAL
2026-06-17T16:05:43.626963+00:00,DION_001,119817,0.11973890628867229,SIMULATED,NORMAL
2026-06-17T16:05:43.637437+00:00,DION_001,119818,0.1002505954105749,SIMULATED,NORMAL
2026-06-17T16:05:43.647912+00:00,DION_001,119819,-0.2380910436490054,SIMULATED,NORMAL
2026-06-17T16:05:43.658236+00:00,DION_001,119820,-0.08796637204589547,SIMULATED,NORMAL
2026-06-17T16:05:43.668661+00:00,DION_001,119821,-0.010276187394450687,SIMULATED,NORMAL
2026-06-17T16:05:43.679057+00:00,DION_001,119822,-0.10188829960276231,SIMULATED,NORMAL
2026-06-17T16:05:43.689487+00:00,DION_001,119823,-0.1361754334400706,SIMULATED,NORMAL
2026-06-17T16:05:43.699979+00:00,DION_001,119824,-0.38614628107576643,SIMULATED,NORMAL
2026-06-17T16:05:43.710314+00:00,DION_001,119825,-0.3119947655575914,SIMULATED,NORMAL
2026-06-17T16:05:43.720807+00:00,DION_001,119826,-0.17811781416570951,SIMULATED,NORMAL
2026-06-17T16:05:43.731247+00:00,DION_001,119827,-0.4857984751733477,SIMULATED,NORMAL
2026-06-17T16:05:43.741622+00:00,DION_001,119828,-0.3107183826240143,SIMULATED,NORMAL
2026-06-17T16:05:43.751986+00:00,DION_001,119829,-0.2569460628728438,SIMULATED,NORMAL
2026-06-17T16:05:43.762341+00:00,DION_001,119830,2.3637232026588424,SIMULATED,EVENT_DETECTED
2026-06-17T16:05:43.773167+00:00,DION_001,119831,-0.32181752570392863,SIMULATED,NORMAL
2026-06-17T16:05:43.783567+00:00,DION_001,119832,-0.42550277837852746,SIMULATED,NORMAL
2026-06-17T16:05:43.793918+00:00,DION_001,119833,-0.4605760112901225,SIMULATED,NORMAL
2026-06-17T16:05:43.804288+00:00,DION_001,119834,-0.20055525030878738,SIMULATED,NORMAL
2026-06-17T16:05:43.814787+00:00,DION_001,119835,-0.4801405332368765,SIMULATED,NORMAL
2026-06-17T16:05:43.825166+00:00,DION_001,119836,-0.3633304790896996,SIMULATED,NORMAL
2026-06-17T16:05:43.835503+00:00,DION_001,119837,-0.574452800701247,SIMULATED,NORMAL
2026-06-17T16:05:43.845934+00:00,DION_001,119838,-0.31010756989151234,SIMULATED,NORMAL
2026-06-17T16:05:43.856347+00:00,DION_001,119839,-0.4912482700186451,SIMULATED,NORMAL
2026-06-17T16:05:43.866730+00:00,DION_001,119840,-0.5454043529744225,SIMULATED,NORMAL
2026-06-17T16:05:43.877079+00:00,DION_001,119841,-0.7181861518229523,SIMULATED,NORMAL
2026-06-17T16:05:43.887439+00:00,DION_001,119842,-0.41306866011524423,SIMULATED,NORMAL
2026-06-17T16:05:43.897942+00:00,DION_001,119843,-0.3116745465956945,SIMULATED,NORMAL
2026-06-17T16:05:43.908392+00:00,DION_001,119844,-0.39141888262630575,SIMULATED,NORMAL
2026-06-17T16:05:43.918783+00:00,DION_001,119845,-0.6717101521122121,SIMULATED,NORMAL
2026-06-17T16:05:43.929128+00:00,DION_001,119846,-0.3929938727783018,SIMULATED,NORMAL
2026-06-17T16:05:43.939505+00:00,DION_001,119847,-0.3610899597519927,SIMULATED,NORMAL
2026-06-17T16:05:43.949941+00:00,DION_001,119848,-0.29417914266540834,SIMULATED,NORMAL
2026-06-17T16:05:43.960290+00:00,DION_001,119849,-0.5105650456968526,SIMULATED,NORMAL
2026-06-17T16:05:43.970658+00:00,DION_001,119850,-0.5669217042881276,SIMULATED,NORMAL
2026-06-17T16:05:43.981055+00:00,DION_001,119851,-0.5041333826717509,SIMULATED,NORMAL
2026-06-17T16:05:43.991510+00:00,DION_001,119852,-0.4228376994983018,SIMULATED,NORMAL
2026-06-17T16:05:44.001940+00:00,DION_001,119853,-0.4649192014797351,SIMULATED,NORMAL
2026-06-17T16:05:44.012300+00:00,DION_001,119854,-0.22486188498112145,SIMULATED,NORMAL
2026-06-17T16:05:44.022670+00:00,DION_001,119855,-0.42239161164330274,SIMULATED,NORMAL
2026-06-17T16:05:44.033245+00:00,DION_001,119856,-0.22398140525032081,SIMULATED,NORMAL
2026-06-17T16:05:44.043647+00:00,DION_001,119857,-0.1057751100601694,SIMULATED,NORMAL
2026-06-17T16:05:44.054081+00:00,DION_001,119858,-0.2449482963403059,SIMULATED,NORMAL
2026-06-17T16:05:44.064451+00:00,DION_001,119859,-0.20152506422161773,SIMULATED,NORMAL
2026-06-17T16:05:44.074816+00:00,DION_001,119860,-0.03397721315802685,SIMULATED,NORMAL
2026-06-17T16:05:44.085236+00:00,DION_001,119861,0.07280754088827518,SIMULATED,NORMAL
2026-06-17T16:05:44.095634+00:00,DION_001,119862,-0.10516904251496484,SIMULATED,NORMAL
2026-06-17T16:05:44.106065+00:00,DION_001,119863,0.054587972598534096,SIMULATED,NORMAL
2026-06-17T16:05:44.116493+00:00,DION_001,119864,0.24658826150266505,SIMULATED,NORMAL
2026-06-17T16:05:44.127047+00:00,DION_001,119865,0.06734834820299439,SIMULATED,NORMAL
2026-06-17T16:05:44.137530+00:00,DION_001,119866,0.01211693706770145,SIMULATED,NORMAL
2026-06-17T16:05:44.148062+00:00,DION_001,119867,0.42955189640991787,SIMULATED,NORMAL
2026-06-17T16:05:44.158407+00:00,DION_001,119868,0.39540827608948853,SIMULATED,NORMAL
2026-06-17T16:05:44.168827+00:00,DION_001,119869,0.3624378957362807,SIMULATED,NORMAL
2026-06-17T16:05:44.179218+00:00,DION_001,119870,0.2671642768989399,SIMULATED,NORMAL
2026-06-17T16:05:44.189645+00:00,DION_001,119871,0.3180470239270299,SIMULATED,NORMAL
2026-06-17T16:05:44.200024+00:00,DION_001,119872,0.31127410788525745,SIMULATED,NORMAL
2026-06-17T16:05:44.210473+00:00,DION_001,119873,0.39048774503706224,SIMULATED,NORMAL
2026-06-17T16:05:44.220963+00:00,DION_001,119874,0.638441997125207,SIMULATED,NORMAL
2026-06-17T16:05:44.231347+00:00,DION_001,119875,0.4655878148541068,SIMULATED,NORMAL
2026-06-17T16:05:44.241777+00:00,DION_001,119876,0.45459612777167424,SIMULATED,NORMAL
2026-06-17T16:05:44.252184+00:00,DION_001,119877,0.4891931630190617,SIMULATED,NORMAL
2026-06-17T16:05:44.262522+00:00,DION_001,119878,0.7309448071103781,SIMULATED,NORMAL
2026-06-17T16:05:44.272876+00:00,DION_001,119879,0.7539695034536378,SIMULATED,NORMAL
2026-06-17T16:05:44.283211+00:00,DION_001,119880,0.7144199887520861,SIMULATED,NORMAL
2026-06-17T16:05:44.293713+00:00,DION_001,119881,0.7818022760392584,SIMULATED,NORMAL
2026-06-17T16:05:44.304067+00:00,DION_001,119882,0.8607972707803772,SIMULATED,NORMAL
2026-06-17T16:05:44.314402+00:00,DION_001,119883,0.6877999789710392,SIMULATED,NORMAL
2026-06-17T16:05:44.324819+00:00,DION_001,119884,1.0981998105762791,SIMULATED,NORMAL
2026-06-17T16:05:44.335268+00:00,DION_001,119885,0.8246462807978081,SIMULATED,NORMAL
2026-06-17T16:05:44.345552+00:00,DION_001,119886,0.7478293303948907,SIMULATED,NORMAL
2026-06-17T16:05:44.355865+00:00,DION_001,119887,0.5595813538008017,SIMULATED,NORMAL
2026-06-17T16:05:44.366164+00:00,DION_001,119888,0.9157041658520191,SIMULATED,NORMAL
2026-06-17T16:05:44.376444+00:00,DION_001,119889,0.8018888521667015,SIMULATED,NORMAL
2026-06-17T16:05:44.386718+00:00,DION_001,119890,1.0621375681560865,SIMULATED,NORMAL
2026-06-17T16:05:44.397003+00:00,DION_001,119891,0.8591041318022067,SIMULATED,NORMAL
2026-06-17T16:05:44.407326+00:00,DION_001,119892,1.2225696215985464,SIMULATED,NORMAL
2026-06-17T16:05:44.417691+00:00,DION_001,119893,0.8368214575535573,SIMULATED,NORMAL
2026-06-17T16:05:44.428004+00:00,DION_001,119894,0.8008612584573286,SIMULATED,NORMAL
2026-06-17T16:05:44.438326+00:00,DION_001,119895,0.7853390640036024,SIMULATED,NORMAL
2026-06-17T16:05:44.448643+00:00,DION_001,119896,0.9005899031891953,SIMULATED,NORMAL
2026-06-17T16:05:44.458937+00:00,DION_001,119897,1.1714101141614184,SIMULATED,NORMAL
2026-06-17T16:05:44.469228+00:00,DION_001,119898,0.7162810068328629,SIMULATED,NORMAL
2026-06-17T16:05:44.479514+00:00,DION_001,119899,0.742340174265514,SIMULATED,NORMAL
2026-06-17T16:05:44.489808+00:00,DION_001,119900,0.7446346578280123,SIMULATED,NORMAL
2026-06-17T16:05:44.500090+00:00,DION_001,119901,0.6427101954326646,SIMULATED,NORMAL
2026-06-17T16:05:44.510340+00:00,DION_001,119902,0.8704391732964923,SIMULATED,NORMAL
2026-06-17T16:05:44.520755+00:00,DION_001,119903,0.8843867255868274,SIMULATED,NORMAL
2026-06-17T16:05:44.531369+00:00,DION_001,119904,0.9828777171587736,SIMULATED,NORMAL
2026-06-17T16:05:44.541814+00:00,DION_001,119905,0.8350241083363414,SIMULATED,NORMAL
2026-06-17T16:05:44.552128+00:00,DION_001,119906,0.7547119297882786,SIMULATED,NORMAL
2026-06-17T16:05:44.562456+00:00,DION_001,119907,0.5076470980254699,SIMULATED,NORMAL
2026-06-17T16:05:44.572827+00:00,DION_001,119908,0.5784618064893559,SIMULATED,NORMAL
2026-06-17T16:05:44.583076+00:00,DION_001,119909,0.44550416984019736,SIMULATED,NORMAL
2026-06-17T16:05:44.593457+00:00,DION_001,119910,0.3792059506448908,SIMULATED,NORMAL
2026-06-17T16:05:44.603963+00:00,DION_001,119911,0.7350871453888792,SIMULATED,NORMAL
2026-06-17T16:05:44.614432+00:00,DION_001,119912,0.6818217885237764,SIMULATED,NORMAL
2026-06-17T16:05:44.624961+00:00,DION_001,119913,0.5438840669609147,SIMULATED,NORMAL
2026-06-17T16:05:44.635331+00:00,DION_001,119914,0.5503956234658064,SIMULATED,NORMAL
2026-06-17T16:05:44.645766+00:00,DION_001,119915,0.5455393103323875,SIMULATED,NORMAL
2026-06-17T16:05:44.656138+00:00,DION_001,119916,0.5758163139519588,SIMULATED,NORMAL
2026-06-17T16:05:44.666550+00:00,DION_001,119917,0.45646774771280063,SIMULATED,NORMAL
2026-06-17T16:05:44.676939+00:00,DION_001,119918,0.8216255639527082,SIMULATED,NORMAL
2026-06-17T16:05:44.687389+00:00,DION_001,119919,0.5386009203012239,SIMULATED,NORMAL
2026-06-17T16:05:44.697893+00:00,DION_001,119920,0.3587809354418001,SIMULATED,NORMAL
2026-06-17T16:05:44.708376+00:00,DION_001,119921,0.20993362320165707,SIMULATED,NORMAL
2026-06-17T16:05:44.718776+00:00,DION_001,119922,0.31231647859102096,SIMULATED,NORMAL
2026-06-17T16:05:44.729230+00:00,DION_001,119923,0.42000165870234013,SIMULATED,NORMAL
2026-06-17T16:05:44.739695+00:00,DION_001,119924,0.4171387534685329,SIMULATED,NORMAL
2026-06-17T16:05:44.750242+00:00,DION_001,119925,0.38968059538716787,SIMULATED,NORMAL
2026-06-17T16:05:44.760602+00:00,DION_001,119926,0.40597315891268765,SIMULATED,NORMAL
2026-06-17T16:05:44.770989+00:00,DION_001,119927,0.37547928791869883,SIMULATED,NORMAL
2026-06-17T16:05:44.782348+00:00,DION_001,119928,0.28812274102868407,SIMULATED,NORMAL
2026-06-17T16:05:44.792784+00:00,DION_001,119929,0.7050036151561858,SIMULATED,NORMAL
2026-06-17T16:05:44.803461+00:00,DION_001,119930,0.2585786385194524,SIMULATED,NORMAL
2026-06-17T16:05:44.813899+00:00,DION_001,119931,0.4323011727917197,SIMULATED,NORMAL
2026-06-17T16:05:44.824452+00:00,DION_001,119932,0.3836805699156305,SIMULATED,NORMAL
2026-06-17T16:05:44.835403+00:00,DION_001,119933,0.647410082600552,SIMULATED,NORMAL
2026-06-17T16:05:44.846942+00:00,DION_001,119934,0.22158966662759827,SIMULATED,NORMAL
2026-06-17T16:05:44.857306+00:00,DION_001,119935,0.4330332478586408,SIMULATED,NORMAL
2026-06-17T16:05:44.868454+00:00,DION_001,119936,0.4004142833372059,SIMULATED,NORMAL
2026-06-17T16:05:44.879410+00:00,DION_001,119937,0.4283492267130965,SIMULATED,NORMAL
2026-06-17T16:05:44.890837+00:00,DION_001,119938,0.684290914330459,SIMULATED,NORMAL
2026-06-17T16:05:44.902124+00:00,DION_001,119939,0.5909302548113957,SIMULATED,NORMAL
2026-06-17T16:05:44.913219+00:00,DION_001,119940,0.8639359190510358,SIMULATED,NORMAL
2026-06-17T16:05:44.924247+00:00,DION_001,119941,0.8544400688169493,SIMULATED,NORMAL
2026-06-17T16:05:44.935160+00:00,DION_001,119942,0.8672632908644495,SIMULATED,NORMAL
2026-06-17T16:05:44.946512+00:00,DION_001,119943,0.7625711438353125,SIMULATED,NORMAL
2026-06-17T16:05:44.956930+00:00,DION_001,119944,0.7040640373536506,SIMULATED,NORMAL
2026-06-17T16:05:44.967572+00:00,DION_001,119945,0.6323397671435143,SIMULATED,NORMAL
2026-06-17T16:05:44.978798+00:00,DION_001,119946,0.9268595485896284,SIMULATED,NORMAL
2026-06-17T16:05:44.990100+00:00,DION_001,119947,0.9146529196939703,SIMULATED,NORMAL
2026-06-17T16:05:45.001487+00:00,DION_001,119948,0.7052578502943436,SIMULATED,NORMAL
2026-06-17T16:05:45.012619+00:00,DION_001,119949,0.7768129375305244,SIMULATED,NORMAL
2026-06-17T16:05:45.023595+00:00,DION_001,119950,0.6415088312381794,SIMULATED,NORMAL
2026-06-17T16:05:45.034842+00:00,DION_001,119951,0.8200956614737103,SIMULATED,NORMAL
2026-06-17T16:05:45.046219+00:00,DION_001,119952,0.7313519928542411,SIMULATED,NORMAL
2026-06-17T16:05:45.057395+00:00,DION_001,119953,0.8663028391096527,SIMULATED,NORMAL
2026-06-17T16:05:45.068730+00:00,DION_001,119954,1.0497717447651718,SIMULATED,NORMAL
2026-06-17T16:05:45.079685+00:00,DION_001,119955,1.0994602812214638,SIMULATED,NORMAL
2026-06-17T16:05:45.090960+00:00,DION_001,119956,2.9947924634581753,SIMULATED,EVENT_DETECTED
2026-06-17T16:05:45.102628+00:00,DION_001,119957,0.8389875561389566,SIMULATED,NORMAL
2026-06-17T16:05:45.113898+00:00,DION_001,119958,1.0710566095008278,SIMULATED,NORMAL
2026-06-17T16:05:45.125065+00:00,DION_001,119959,1.0326670826750406,SIMULATED,NORMAL
2026-06-17T16:05:45.136096+00:00,DION_001,119960,1.1800021994871197,SIMULATED,NORMAL
2026-06-17T16:05:45.147013+00:00,DION_001,119961,1.2192862266640643,SIMULATED,NORMAL
2026-06-17T16:05:45.158247+00:00,DION_001,119962,1.0302524386745708,SIMULATED,NORMAL
2026-06-17T16:05:45.169471+00:00,DION_001,119963,1.0717614587888968,SIMULATED,NORMAL
2026-06-17T16:05:45.180550+00:00,DION_001,119964,0.9572619194130352,SIMULATED,NORMAL
2026-06-17T16:05:45.191590+00:00,DION_001,119965,1.1611549114981938,SIMULATED,NORMAL
2026-06-17T16:05:45.202945+00:00,DION_001,119966,1.2358446632247102,SIMULATED,NORMAL
2026-06-17T16:05:45.214221+00:00,DION_001,119967,3.413431400206745,SIMULATED,EVENT_DETECTED
2026-06-17T16:05:45.225529+00:00,DION_001,119968,1.2751691848071336,SIMULATED,NORMAL
2026-06-17T16:05:45.236648+00:00,DION_001,119969,1.1324421442301393,SIMULATED,NORMAL
2026-06-17T16:05:45.247672+00:00,DION_001,119970,0.8404485260362549,SIMULATED,NORMAL
2026-06-17T16:05:45.258937+00:00,DION_001,119971,1.0442659991915813,SIMULATED,NORMAL
2026-06-17T16:05:45.270225+00:00,DION_001,119972,0.9832871401733937,SIMULATED,NORMAL
2026-06-17T16:05:45.281520+00:00,DION_001,119973,1.0652979408926955,SIMULATED,NORMAL
2026-06-17T16:05:45.292867+00:00,DION_001,119974,1.1584161034487666,SIMULATED,NORMAL
2026-06-17T16:05:45.303962+00:00,DION_001,119975,0.7371757606576351,SIMULATED,NORMAL
2026-06-17T16:05:45.315100+00:00,DION_001,119976,0.84515481546275,SIMULATED,NORMAL
2026-06-17T16:05:45.326398+00:00,DION_001,119977,0.7945835124764259,SIMULATED,NORMAL
2026-06-17T16:05:45.337549+00:00,DION_001,119978,0.9304715928716557,SIMULATED,NORMAL
2026-06-17T16:05:45.348628+00:00,DION_001,119979,0.8618335394163529,SIMULATED,NORMAL
2026-06-17T16:05:45.359816+00:00,DION_001,119980,0.6385135688921282,SIMULATED,NORMAL
2026-06-17T16:05:45.370798+00:00,DION_001,119981,0.7358876032266664,SIMULATED,NORMAL
2026-06-17T16:05:45.381961+00:00,DION_001,119982,0.4618553090699624,SIMULATED,NORMAL
2026-06-17T16:05:45.393075+00:00,DION_001,119983,1.0208464392567622,SIMULATED,NORMAL
2026-06-17T16:05:45.404045+00:00,DION_001,119984,0.6955856405823007,SIMULATED,NORMAL
2026-06-17T16:05:45.414971+00:00,DION_001,119985,0.6822952612184572,SIMULATED,NORMAL
2026-06-17T16:05:45.426181+00:00,DION_001,119986,0.6817704401011371,SIMULATED,NORMAL
2026-06-17T16:05:45.437256+00:00,DION_001,119987,0.25472874957085134,SIMULATED,NORMAL
2026-06-17T16:05:45.448674+00:00,DION_001,119988,0.5439640564539586,SIMULATED,NORMAL
2026-06-17T16:05:45.459617+00:00,DION_001,119989,0.5651578295907014,SIMULATED,NORMAL
2026-06-17T16:05:45.470086+00:00,DION_001,119990,0.5745467696037916,SIMULATED,NORMAL
2026-06-17T16:05:45.481220+00:00,DION_001,119991,0.3035612681314772,SIMULATED,NORMAL
2026-06-17T16:05:45.492245+00:00,DION_001,119992,0.3329371593670819,SIMULATED,NORMAL
2026-06-17T16:05:45.503181+00:00,DION_001,119993,0.24750070870324375,SIMULATED,NORMAL
2026-06-17T16:05:45.514383+00:00,DION_001,119994,0.41091386763486226,SIMULATED,NORMAL
2026-06-17T16:05:45.525026+00:00,DION_001,119995,0.21403409267602547,SIMULATED,NORMAL
2026-06-17T16:05:45.535948+00:00,DION_001,119996,0.24764400621514854,SIMULATED,NORMAL
2026-06-17T16:05:45.546770+00:00,DION_001,119997,0.41353410697000315,SIMULATED,NORMAL
2026-06-17T16:05:45.557921+00:00,DION_001,119998,0.009446823028848444,SIMULATED,NORMAL
2026-06-17T16:05:45.568970+00:00,DION_001,119999,-0.09349850405303467,SIMULATED,NORMAL
2026-06-17T16:05:45.579967+00:00,DION_001,120000,0.11937112624727078,SIMULATED,NORMAL
2026-06-17T16:05:45.590461+00:00,DION_001,120001,-0.06385241562150884,SIMULATED,NORMAL
2026-06-17T16:05:45.601644+00:00,DION_001,120002,0.029442536771559884,SIMULATED,NORMAL
2026-06-17T16:05:45.612718+00:00,DION_001,120003,0.08315608877291848,SIMULATED,NORMAL
2026-06-17T16:05:45.623648+00:00,DION_001,120004,-0.015569574548302226,SIMULATED,NORMAL
2026-06-17T16:05:45.634882+00:00,DION_001,120005,-0.22221457319593274,SIMULATED,NORMAL
2026-06-17T16:05:45.646085+00:00,DION_001,120006,-0.21226705034612803,SIMULATED,NORMAL
2026-06-17T16:05:45.657286+00:00,DION_001,120007,-0.0011731139970599727,SIMULATED,NORMAL
2026-06-17T16:05:45.668404+00:00,DION_001,120008,0.013776798252639498,SIMULATED,NORMAL
2026-06-17T16:05:45.679397+00:00,DION_001,120009,0.2705104096604763,SIMULATED,NORMAL
2026-06-17T16:05:45.690703+00:00,DION_001,120010,-0.06813283218390162,SIMULATED,NORMAL
2026-06-17T16:05:45.701887+00:00,DION_001,120011,-0.3818552288369851,SIMULATED,NORMAL
2026-06-17T16:05:45.713023+00:00,DION_001,120012,0.14047196797582776,SIMULATED,NORMAL
2026-06-17T16:05:45.724020+00:00,DION_001,120013,-0.05340104437018757,SIMULATED,NORMAL
2026-06-17T16:05:45.734908+00:00,DION_001,120014,0.05602172480833546,SIMULATED,NORMAL
2026-06-17T16:05:45.746205+00:00,DION_001,120015,0.010251164972840288,SIMULATED,NORMAL
2026-06-17T16:05:45.757470+00:00,DION_001,120016,0.3437874343183632,SIMULATED,NORMAL
2026-06-17T16:05:45.768526+00:00,DION_001,120017,-0.13916812502431106,SIMULATED,NORMAL
2026-06-17T16:05:45.779618+00:00,DION_001,120018,0.03321648420678125,SIMULATED,NORMAL
2026-06-17T16:05:45.791155+00:00,DION_001,120019,0.09695411809995474,SIMULATED,NORMAL
2026-06-17T16:05:45.802651+00:00,DION_001,120020,0.06307931048146062,SIMULATED,NORMAL
2026-06-17T16:05:45.813839+00:00,DION_001,120021,0.18561434226968465,SIMULATED,NORMAL
2026-06-17T16:05:45.824939+00:00,DION_001,120022,0.29797003628405744,SIMULATED,NORMAL
2026-06-17T16:05:45.836089+00:00,DION_001,120023,0.3946945230621207,SIMULATED,NORMAL
2026-06-17T16:05:45.847042+00:00,DION_001,120024,0.2343716354218821,SIMULATED,NORMAL
2026-06-17T16:05:45.858322+00:00,DION_001,120025,0.34839033008549886,SIMULATED,NORMAL
2026-06-17T16:05:45.869449+00:00,DION_001,120026,0.15609447554014114,SIMULATED,NORMAL
2026-06-17T16:05:45.880594+00:00,DION_001,120027,0.4832184331057089,SIMULATED,NORMAL
2026-06-17T16:05:45.891626+00:00,DION_001,120028,0.38691776516387194,SIMULATED,NORMAL
2026-06-17T16:05:45.902925+00:00,DION_001,120029,0.20184465133667728,SIMULATED,NORMAL
2026-06-17T16:05:45.914234+00:00,DION_001,120030,0.573356459231549,SIMULATED,NORMAL
2026-06-17T16:05:45.925421+00:00,DION_001,120031,0.25943481434703386,SIMULATED,NORMAL
2026-06-17T16:05:45.936495+00:00,DION_001,120032,0.5311281541595302,SIMULATED,NORMAL
2026-06-17T16:05:45.947547+00:00,DION_001,120033,0.3327551360618541,SIMULATED,NORMAL
2026-06-17T16:05:45.958853+00:00,DION_001,120034,0.478129083663568,SIMULATED,NORMAL
2026-06-17T16:05:45.970104+00:00,DION_001,120035,0.47738952177203137,SIMULATED,NORMAL
2026-06-17T16:05:45.981351+00:00,DION_001,120036,0.39136741224306193,SIMULATED,NORMAL
2026-06-17T16:05:45.992479+00:00,DION_001,120037,0.277075775190395,SIMULATED,NORMAL
2026-06-17T16:05:46.003476+00:00,DION_001,120038,0.5899231699919855,SIMULATED,NORMAL
2026-06-17T16:05:46.014749+00:00,DION_001,120039,0.5395641739808454,SIMULATED,NORMAL
2026-06-17T16:05:46.025935+00:00,DION_001,120040,0.4904186635462855,SIMULATED,NORMAL
2026-06-17T16:05:46.037095+00:00,DION_001,120041,0.1741421119108342,SIMULATED,NORMAL
2026-06-17T16:05:46.047931+00:00,DION_001,120042,0.5002376394442108,SIMULATED,NORMAL
2026-06-17T16:05:46.058930+00:00,DION_001,120043,0.08096630351277004,SIMULATED,NORMAL
2026-06-17T16:05:46.070187+00:00,DION_001,120044,0.7933799024324875,SIMULATED,NORMAL
2026-06-17T16:05:46.081389+00:00,DION_001,120045,0.12871402467960807,SIMULATED,NORMAL
2026-06-17T16:05:46.092809+00:00,DION_001,120046,0.36047312293129774,SIMULATED,NORMAL
2026-06-17T16:05:46.103813+00:00,DION_001,120047,0.03888476619983658,SIMULATED,NORMAL
2026-06-17T16:05:46.114974+00:00,DION_001,120048,0.2662666856514831,SIMULATED,NORMAL
2026-06-17T16:05:46.126189+00:00,DION_001,120049,0.15194663222631288,SIMULATED,NORMAL
2026-06-17T16:05:46.137461+00:00,DION_001,120050,0.1364599170531405,SIMULATED,NORMAL
2026-06-17T16:05:46.148619+00:00,DION_001,120051,-0.20240895392322011,SIMULATED,NORMAL
2026-06-17T16:05:46.159926+00:00,DION_001,120052,-0.08642457822247127,SIMULATED,NORMAL
2026-06-17T16:05:46.170871+00:00,DION_001,120053,-0.17708644898197567,SIMULATED,NORMAL
2026-06-17T16:05:46.182123+00:00,DION_001,120054,-0.12910165584682365,SIMULATED,NORMAL
2026-06-17T16:05:46.193339+00:00,DION_001,120055,0.07197669132651482,SIMULATED,NORMAL
2026-06-17T16:05:46.204488+00:00,DION_001,120056,-0.017142652364422292,SIMULATED,NORMAL
2026-06-17T16:05:46.215453+00:00,DION_001,120057,-0.3353303225232128,SIMULATED,NORMAL
2026-06-17T16:05:46.226799+00:00,DION_001,120058,-0.18253389274650528,SIMULATED,NORMAL
2026-06-17T16:05:46.238105+00:00,DION_001,120059,-0.26220948871934624,SIMULATED,NORMAL
2026-06-17T16:05:46.249323+00:00,DION_001,120060,-0.6464259975260164,SIMULATED,NORMAL
2026-06-17T16:05:46.260409+00:00,DION_001,120061,-0.4654583092900564,SIMULATED,NORMAL
2026-06-17T16:05:46.271326+00:00,DION_001,120062,-0.4333247635972063,SIMULATED,NORMAL
2026-06-17T16:05:46.282519+00:00,DION_001,120063,-0.5178260863172471,SIMULATED,NORMAL
2026-06-17T16:05:46.293686+00:00,DION_001,120064,-0.6160671888628134,SIMULATED,NORMAL
2026-06-17T16:05:46.304793+00:00,DION_001,120065,-0.7243086792565636,SIMULATED,NORMAL
2026-06-17T16:05:46.315781+00:00,DION_001,120066,-0.6347172769729077,SIMULATED,NORMAL
2026-06-17T16:05:46.326852+00:00,DION_001,120067,-0.5277927504905786,SIMULATED,NORMAL
2026-06-17T16:05:46.337620+00:00,DION_001,120068,-0.4611481777791336,SIMULATED,NORMAL
2026-06-17T16:05:46.348749+00:00,DION_001,120069,-0.8859844587183888,SIMULATED,NORMAL
2026-06-17T16:05:46.359972+00:00,DION_001,120070,-0.6944510883305604,SIMULATED,NORMAL
2026-06-17T16:05:46.370887+00:00,DION_001,120071,-0.7304299305490933,SIMULATED,NORMAL
2026-06-17T16:05:46.382085+00:00,DION_001,120072,-0.7796148808245016,SIMULATED,NORMAL
2026-06-17T16:05:46.393228+00:00,DION_001,120073,-0.9330528729121373,SIMULATED,NORMAL
2026-06-17T16:05:46.404421+00:00,DION_001,120074,-0.7202883496482655,SIMULATED,NORMAL
2026-06-17T16:05:46.415508+00:00,DION_001,120075,-0.8993305331908166,SIMULATED,NORMAL
2026-06-17T16:05:46.426892+00:00,DION_001,120076,-1.1392699954507564,SIMULATED,NORMAL
2026-06-17T16:05:46.438239+00:00,DION_001,120077,-1.0397958504937228,SIMULATED,NORMAL
2026-06-17T16:05:46.449535+00:00,DION_001,120078,-0.9251653117047867,SIMULATED,NORMAL
2026-06-17T16:05:46.460735+00:00,DION_001,120079,-0.8639308008665627,SIMULATED,NORMAL
2026-06-17T16:05:46.471896+00:00,DION_001,120080,-1.0286702790340034,SIMULATED,NORMAL
2026-06-17T16:05:46.482849+00:00,DION_001,120081,-1.1955015611420177,SIMULATED,NORMAL
2026-06-17T16:05:46.493894+00:00,DION_001,120082,-0.8194091097865718,SIMULATED,NORMAL
2026-06-17T16:05:46.505035+00:00,DION_001,120083,-1.1490800507602206,SIMULATED,NORMAL
2026-06-17T16:05:46.516047+00:00,DION_001,120084,-1.006560228762521,SIMULATED,NORMAL
2026-06-17T16:05:46.526913+00:00,DION_001,120085,-0.6611129090059191,SIMULATED,NORMAL
2026-06-17T16:05:46.538090+00:00,DION_001,120086,-0.9517244173012861,SIMULATED,NORMAL
2026-06-17T16:05:46.549134+00:00,DION_001,120087,-0.8951500829370795,SIMULATED,NORMAL
2026-06-17T16:05:46.560056+00:00,DION_001,120088,-0.8092963536954663,SIMULATED,NORMAL
2026-06-17T16:05:46.570963+00:00,DION_001,120089,-0.9750497647170924,SIMULATED,NORMAL
2026-06-17T16:05:46.582081+00:00,DION_001,120090,-0.9173437243587113,SIMULATED,NORMAL
2026-06-17T16:05:46.593142+00:00,DION_001,120091,-0.9967281951944932,SIMULATED,NORMAL
2026-06-17T16:05:46.604163+00:00,DION_001,120092,-0.8334896423879556,SIMULATED,NORMAL
2026-06-17T16:05:46.615139+00:00,DION_001,120093,-0.8471061599329962,SIMULATED,NORMAL
2026-06-17T16:05:46.626356+00:00,DION_001,120094,-1.1203691894162502,SIMULATED,NORMAL
2026-06-17T16:05:46.637458+00:00,DION_001,120095,-1.0228435920115566,SIMULATED,NORMAL
2026-06-17T16:05:46.648533+00:00,DION_001,120096,-0.5766100325340423,SIMULATED,NORMAL
2026-06-17T16:05:46.659493+00:00,DION_001,120097,-0.5214193053919218,SIMULATED,NORMAL
2026-06-17T16:05:46.670710+00:00,DION_001,120098,-0.6529306070013025,SIMULATED,NORMAL
2026-06-17T16:05:46.681868+00:00,DION_001,120099,-0.8265537512256202,SIMULATED,NORMAL
2026-06-17T16:05:46.692941+00:00,DION_001,120100,-0.37829871582461416,SIMULATED,NORMAL
2026-06-17T16:05:46.704093+00:00,DION_001,120101,2.267918406983763,SIMULATED,EVENT_DETECTED
2026-06-17T16:05:46.715500+00:00,DION_001,120102,-0.6008617283593425,SIMULATED,NORMAL
2026-06-17T16:05:46.726957+00:00,DION_001,120103,-0.3928379603515404,SIMULATED,NORMAL
2026-06-17T16:05:46.738434+00:00,DION_001,120104,-0.39890903229853014,SIMULATED,NORMAL
2026-06-17T16:05:46.749724+00:00,DION_001,120105,-0.6676459731667197,SIMULATED,NORMAL
2026-06-17T16:05:46.760932+00:00,DION_001,120106,-0.380955936269168,SIMULATED,NORMAL
2026-06-17T16:05:46.772090+00:00,DION_001,120107,-0.5647801638956581,SIMULATED,NORMAL
2026-06-17T16:05:46.783052+00:00,DION_001,120108,-0.3007577805893309,SIMULATED,NORMAL
2026-06-17T16:05:46.794290+00:00,DION_001,120109,-0.5984636732376506,SIMULATED,NORMAL
2026-06-17T16:05:46.805506+00:00,DION_001,120110,-0.2147093180727679,SIMULATED,NORMAL
2026-06-17T16:05:46.816622+00:00,DION_001,120111,-0.36550147507775604,SIMULATED,NORMAL
2026-06-17T16:05:46.827714+00:00,DION_001,120112,-0.42344302640135384,SIMULATED,NORMAL
2026-06-17T16:05:46.838654+00:00,DION_001,120113,-0.2590519333678778,SIMULATED,NORMAL
2026-06-17T16:05:46.849858+00:00,DION_001,120114,-0.34444600959232613,SIMULATED,NORMAL
2026-06-17T16:05:46.860971+00:00,DION_001,120115,-0.34673317908695905,SIMULATED,NORMAL
2026-06-17T16:05:46.872081+00:00,DION_001,120116,-0.5990582629409901,SIMULATED,NORMAL
2026-06-17T16:05:46.883057+00:00,DION_001,120117,-0.6373382401834583,SIMULATED,NORMAL
2026-06-17T16:05:46.894252+00:00,DION_001,120118,-0.47548714534216296,SIMULATED,NORMAL
2026-06-17T16:05:46.905327+00:00,DION_001,120119,-0.3874658009904583,SIMULATED,NORMAL
2026-06-17T16:05:46.916465+00:00,DION_001,120120,-0.32801909078002245,SIMULATED,NORMAL
2026-06-17T16:05:46.927429+00:00,DION_001,120121,-0.1395012320072972,SIMULATED,NORMAL
2026-06-17T16:05:46.938861+00:00,DION_001,120122,-0.271615203822714,SIMULATED,NORMAL
2026-06-17T16:05:46.950065+00:00,DION_001,120123,-0.42009769564455546,SIMULATED,NORMAL
2026-06-17T16:05:46.961249+00:00,DION_001,120124,-0.6096513062709255,SIMULATED,NORMAL
2026-06-17T16:05:46.972386+00:00,DION_001,120125,-0.7174549016439509,SIMULATED,NORMAL
2026-06-17T16:05:46.983565+00:00,DION_001,120126,-0.3645037040976131,SIMULATED,NORMAL
2026-06-17T16:05:46.994971+00:00,DION_001,120127,-0.7998247438653504,SIMULATED,NORMAL
2026-06-17T16:05:47.005411+00:00,DION_001,120128,-0.6215274763050687,SIMULATED,NORMAL
2026-06-17T16:05:47.016460+00:00,DION_001,120129,-0.6975567738054459,SIMULATED,NORMAL
2026-06-17T16:05:47.027692+00:00,DION_001,120130,-0.7218980753743898,SIMULATED,NORMAL
2026-06-17T16:05:47.038771+00:00,DION_001,120131,-0.6022518761451792,SIMULATED,NORMAL
2026-06-17T16:05:47.049991+00:00,DION_001,120132,-0.6291493348054475,SIMULATED,NORMAL
2026-06-17T16:05:47.061190+00:00,DION_001,120133,-0.7843776249743929,SIMULATED,NORMAL
2026-06-17T16:05:47.072308+00:00,DION_001,120134,-0.8452871543383655,SIMULATED,NORMAL
2026-06-17T16:05:47.083394+00:00,DION_001,120135,-0.5667772707753447,SIMULATED,NORMAL
2026-06-17T16:05:47.094753+00:00,DION_001,120136,-0.8019271329626549,SIMULATED,NORMAL
2026-06-17T16:05:47.105928+00:00,DION_001,120137,-0.885671177993764,SIMULATED,NORMAL
2026-06-17T16:05:47.117064+00:00,DION_001,120138,-0.8848843340550637,SIMULATED,NORMAL
2026-06-17T16:05:47.128118+00:00,DION_001,120139,-0.929386250338615,SIMULATED,NORMAL
2026-06-17T16:05:47.139141+00:00,DION_001,120140,-1.0128056415045465,SIMULATED,NORMAL
2026-06-17T16:05:47.150504+00:00,DION_001,120141,-0.9379960811450045,SIMULATED,NORMAL
2026-06-17T16:05:47.161259+00:00,DION_001,120142,-0.9407183537433219,SIMULATED,NORMAL
2026-06-17T16:05:47.171911+00:00,DION_001,120143,-1.099455879048754,SIMULATED,NORMAL
2026-06-17T16:05:47.182890+00:00,DION_001,120144,-1.2464616971549778,SIMULATED,NORMAL
2026-06-17T16:05:47.194136+00:00,DION_001,120145,-0.9129296457665458,SIMULATED,NORMAL
2026-06-17T16:05:47.205288+00:00,DION_001,120146,-0.7287142055519531,SIMULATED,NORMAL
2026-06-17T16:05:47.216378+00:00,DION_001,120147,-1.2776021806289326,SIMULATED,NORMAL
2026-06-17T16:05:47.227396+00:00,DION_001,120148,-0.8862395079658191,SIMULATED,NORMAL
2026-06-17T16:05:47.238693+00:00,DION_001,120149,-0.6996767974171689,SIMULATED,NORMAL
2026-06-17T16:05:47.249958+00:00,DION_001,120150,-1.1345420406565108,SIMULATED,NORMAL
2026-06-17T16:05:47.261106+00:00,DION_001,120151,-0.8062895772095986,SIMULATED,NORMAL
2026-06-17T16:05:47.272194+00:00,DION_001,120152,-1.236959555261282,SIMULATED,NORMAL
2026-06-17T16:05:47.283318+00:00,DION_001,120153,-1.1134238853504586,SIMULATED,NORMAL
2026-06-17T16:05:47.294780+00:00,DION_001,120154,-1.5211094162453576,SIMULATED,NORMAL
2026-06-17T16:05:47.306074+00:00,DION_001,120155,-1.057297861409365,SIMULATED,NORMAL
2026-06-17T16:05:47.316656+00:00,DION_001,120156,-1.4277476088828127,SIMULATED,NORMAL
2026-06-17T16:05:47.327060+00:00,DION_001,120157,-1.1058821507320284,SIMULATED,NORMAL
2026-06-17T16:05:47.337800+00:00,DION_001,120158,-1.058258501995614,SIMULATED,NORMAL
2026-06-17T16:05:47.348154+00:00,DION_001,120159,-0.753839914725926,SIMULATED,NORMAL
2026-06-17T16:05:47.358612+00:00,DION_001,120160,-0.981325917287655,SIMULATED,NORMAL
2026-06-17T16:05:47.369021+00:00,DION_001,120161,-1.2297920386088297,SIMULATED,NORMAL
2026-06-17T16:05:47.379484+00:00,DION_001,120162,-0.7995025341301573,SIMULATED,NORMAL
2026-06-17T16:05:47.389991+00:00,DION_001,120163,-1.1807089509621391,SIMULATED,NORMAL
2026-06-17T16:05:47.400329+00:00,DION_001,120164,-0.632457557748846,SIMULATED,NORMAL
2026-06-17T16:05:47.410675+00:00,DION_001,120165,-0.9224938936561395,SIMULATED,NORMAL
2026-06-17T16:05:47.421341+00:00,DION_001,120166,-0.9023605939606169,SIMULATED,NORMAL
2026-06-17T16:05:47.431724+00:00,DION_001,120167,-0.7765691999347556,SIMULATED,NORMAL
2026-06-17T16:05:47.442248+00:00,DION_001,120168,-0.8822483462200786,SIMULATED,NORMAL
2026-06-17T16:05:47.452615+00:00,DION_001,120169,-0.7601447507708203,SIMULATED,NORMAL
2026-06-17T16:05:47.463050+00:00,DION_001,120170,-0.801996952364836,SIMULATED,NORMAL
2026-06-17T16:05:47.473461+00:00,DION_001,120171,-0.5708206658161663,SIMULATED,NORMAL
2026-06-17T16:05:47.483878+00:00,DION_001,120172,-0.612220821157095,SIMULATED,NORMAL
2026-06-17T16:05:47.494412+00:00,DION_001,120173,-0.6996873856824344,SIMULATED,NORMAL
2026-06-17T16:05:47.505244+00:00,DION_001,120174,-0.3396752910937657,SIMULATED,NORMAL
2026-06-17T16:05:47.515588+00:00,DION_001,120175,-0.5834792737384258,SIMULATED,NORMAL
2026-06-17T16:05:47.526009+00:00,DION_001,120176,-0.3764149144315659,SIMULATED,NORMAL
2026-06-17T16:05:47.536466+00:00,DION_001,120177,-3.5906265545502682,SIMULATED,EVENT_DETECTED
2026-06-17T16:05:47.546852+00:00,DION_001,120178,-0.36845515249804817,SIMULATED,NORMAL
2026-06-17T16:05:47.557305+00:00,DION_001,120179,-0.18162843388902553,SIMULATED,NORMAL
2026-06-17T16:05:47.567693+00:00,DION_001,120180,-0.1939202514400974,SIMULATED,NORMAL
2026-06-17T16:05:47.578158+00:00,DION_001,120181,-0.3464401647303878,SIMULATED,NORMAL
2026-06-17T16:05:47.588622+00:00,DION_001,120182,-0.04346960703998026,SIMULATED,NORMAL
2026-06-17T16:05:47.599076+00:00,DION_001,120183,-0.30693601420252636,SIMULATED,NORMAL
2026-06-17T16:05:47.609443+00:00,DION_001,120184,-0.3992029645530355,SIMULATED,NORMAL
2026-06-17T16:05:47.620009+00:00,DION_001,120185,0.01444149551508897,SIMULATED,NORMAL
2026-06-17T16:05:47.630463+00:00,DION_001,120186,0.10794624648517862,SIMULATED,NORMAL
2026-06-17T16:05:47.640843+00:00,DION_001,120187,-0.20195352998059743,SIMULATED,NORMAL
2026-06-17T16:05:47.651420+00:00,DION_001,120188,0.096949091739745,SIMULATED,NORMAL
2026-06-17T16:05:47.662418+00:00,DION_001,120189,0.036320630436602636,SIMULATED,NORMAL
2026-06-17T16:05:47.672933+00:00,DION_001,120190,-0.05339322800909065,SIMULATED,NORMAL
2026-06-17T16:05:47.683393+00:00,DION_001,120191,2.2093393226392255,SIMULATED,EVENT_DETECTED
2026-06-17T16:05:47.693819+00:00,DION_001,120192,0.09855659332020225,SIMULATED,NORMAL
2026-06-17T16:05:47.704137+00:00,DION_001,120193,-0.1254760917556312,SIMULATED,NORMAL
2026-06-17T16:05:47.714433+00:00,DION_001,120194,1.7593032743513723,SIMULATED,NORMAL
2026-06-17T16:05:47.724826+00:00,DION_001,120195,0.059871804212873254,SIMULATED,NORMAL
2026-06-17T16:05:47.735229+00:00,DION_001,120196,-0.19765463953341894,SIMULATED,NORMAL
2026-06-17T16:05:47.745618+00:00,DION_001,120197,-0.1706081160640896,SIMULATED,NORMAL
2026-06-17T16:05:47.756143+00:00,DION_001,120198,-0.21957146407344885,SIMULATED,NORMAL
2026-06-17T16:05:47.766612+00:00,DION_001,120199,-0.14047899971372013,SIMULATED,NORMAL
2026-06-17T16:05:47.777014+00:00,DION_001,120200,-0.03440680622242415,SIMULATED,NORMAL
2026-06-17T16:05:47.787465+00:00,DION_001,120201,0.41141943009775034,SIMULATED,NORMAL
2026-06-17T16:05:47.797999+00:00,DION_001,120202,0.13514223597055364,SIMULATED,NORMAL
2026-06-17T16:05:47.808456+00:00,DION_001,120203,0.047662528013868596,SIMULATED,NORMAL
2026-06-17T16:05:47.818826+00:00,DION_001,120204,-0.1030386027299714,SIMULATED,NORMAL
2026-06-17T16:05:47.829190+00:00,DION_001,120205,-0.1551521624468946,SIMULATED,NORMAL
2026-06-17T16:05:47.839557+00:00,DION_001,120206,0.1652094632413442,SIMULATED,NORMAL
2026-06-17T16:05:47.849958+00:00,DION_001,120207,-0.2502630889760924,SIMULATED,NORMAL
2026-06-17T16:05:47.860357+00:00,DION_001,120208,0.05667234110358638,SIMULATED,NORMAL
2026-06-17T16:05:47.870793+00:00,DION_001,120209,0.2805166765340683,SIMULATED,NORMAL
2026-06-17T16:05:47.881306+00:00,DION_001,120210,-0.3619041621614344,SIMULATED,NORMAL
2026-06-17T16:05:47.891760+00:00,DION_001,120211,-0.030959234321135055,SIMULATED,NORMAL
2026-06-17T16:05:47.902192+00:00,DION_001,120212,-0.014845741274763125,SIMULATED,NORMAL
2026-06-17T16:05:47.912595+00:00,DION_001,120213,0.13766643233872347,SIMULATED,NORMAL
2026-06-17T16:05:47.923004+00:00,DION_001,120214,-0.20155318635391734,SIMULATED,NORMAL
2026-06-17T16:05:47.933498+00:00,DION_001,120215,-0.16591919939769156,SIMULATED,NORMAL
2026-06-17T16:05:47.943897+00:00,DION_001,120216,-0.2097454262336648,SIMULATED,NORMAL
2026-06-17T16:05:47.954214+00:00,DION_001,120217,-2.308242796162269,SIMULATED,EVENT_DETECTED
2026-06-17T16:05:47.964783+00:00,DION_001,120218,-0.2908631158468108,SIMULATED,NORMAL
2026-06-17T16:05:47.975354+00:00,DION_001,120219,-0.1300262785801859,SIMULATED,NORMAL
2026-06-17T16:05:47.985890+00:00,DION_001,120220,-0.32880603203369974,SIMULATED,NORMAL
2026-06-17T16:05:47.996300+00:00,DION_001,120221,-0.24284997357813706,SIMULATED,NORMAL
2026-06-17T16:05:48.006699+00:00,DION_001,120222,-0.22085108029839098,SIMULATED,NORMAL
2026-06-17T16:05:48.017137+00:00,DION_001,120223,-0.014010502135851033,SIMULATED,NORMAL
2026-06-17T16:05:48.027533+00:00,DION_001,120224,0.03135128447365665,SIMULATED,NORMAL
2026-06-17T16:05:48.037894+00:00,DION_001,120225,-0.31306012461759297,SIMULATED,NORMAL
2026-06-17T16:05:48.048299+00:00,DION_001,120226,-0.39856850617506573,SIMULATED,NORMAL
2026-06-17T16:05:48.058809+00:00,DION_001,120227,-0.18851215891775286,SIMULATED,NORMAL
2026-06-17T16:05:48.069190+00:00,DION_001,120228,-0.43503264813274245,SIMULATED,NORMAL
2026-06-17T16:05:48.079672+00:00,DION_001,120229,-0.22781680810370908,SIMULATED,NORMAL
2026-06-17T16:05:48.090090+00:00,DION_001,120230,-0.41874466093580454,SIMULATED,NORMAL
2026-06-17T16:05:48.100456+00:00,DION_001,120231,-0.23360987372862332,SIMULATED,NORMAL
2026-06-17T16:05:48.110852+00:00,DION_001,120232,-0.3448411125730635,SIMULATED,NORMAL
2026-06-17T16:05:48.121229+00:00,DION_001,120233,-0.5130376919531819,SIMULATED,NORMAL
2026-06-17T16:05:48.131681+00:00,DION_001,120234,-0.35350666443490564,SIMULATED,NORMAL
2026-06-17T16:05:48.142145+00:00,DION_001,120235,-0.22021848636507657,SIMULATED,NORMAL
2026-06-17T16:05:48.152774+00:00,DION_001,120236,-0.1264672677368039,SIMULATED,NORMAL
2026-06-17T16:05:48.163192+00:00,DION_001,120237,-0.07746781562666956,SIMULATED,NORMAL
2026-06-17T16:05:48.173594+00:00,DION_001,120238,-0.0480545714858389,SIMULATED,NORMAL
2026-06-17T16:05:48.183973+00:00,DION_001,120239,-0.19898857420393495,SIMULATED,NORMAL
2026-06-17T16:05:48.194382+00:00,DION_001,120240,-0.31020318306270955,SIMULATED,NORMAL
2026-06-17T16:05:48.204747+00:00,DION_001,120241,-0.25038202157500267,SIMULATED,NORMAL
2026-06-17T16:05:48.215119+00:00,DION_001,120242,-0.2850579951868114,SIMULATED,NORMAL
2026-06-17T16:05:48.225491+00:00,DION_001,120243,0.11680524886995045,SIMULATED,NORMAL
2026-06-17T16:05:48.235976+00:00,DION_001,120244,0.2154771003669638,SIMULATED,NORMAL
2026-06-17T16:05:48.246362+00:00,DION_001,120245,0.12273550976412911,SIMULATED,NORMAL
2026-06-17T16:05:48.256726+00:00,DION_001,120246,0.023078387022335264,SIMULATED,NORMAL
2026-06-17T16:05:48.267225+00:00,DION_001,120247,0.068880676113908,SIMULATED,NORMAL
2026-06-17T16:05:48.277704+00:00,DION_001,120248,0.45057916344773025,SIMULATED,NORMAL
2026-06-17T16:05:48.288187+00:00,DION_001,120249,0.21220096278192344,SIMULATED,NORMAL
2026-06-17T16:05:48.298568+00:00,DION_001,120250,0.23544487291323457,SIMULATED,NORMAL
2026-06-17T16:05:48.308916+00:00,DION_001,120251,0.3316137233323509,SIMULATED,NORMAL
2026-06-17T16:05:48.319331+00:00,DION_001,120252,0.16587560178504834,SIMULATED,NORMAL
2026-06-17T16:05:48.329757+00:00,DION_001,120253,0.2678319255725854,SIMULATED,NORMAL
2026-06-17T16:05:48.340203+00:00,DION_001,120254,0.2701250615447931,SIMULATED,NORMAL
2026-06-17T16:05:48.350692+00:00,DION_001,120255,0.6121534526699691,SIMULATED,NORMAL
2026-06-17T16:05:48.361154+00:00,DION_001,120256,0.6139216117267166,SIMULATED,NORMAL
2026-06-17T16:05:48.371561+00:00,DION_001,120257,0.5083050856199243,SIMULATED,NORMAL
2026-06-17T16:05:48.381984+00:00,DION_001,120258,0.6156309279335117,SIMULATED,NORMAL
2026-06-17T16:05:48.392330+00:00,DION_001,120259,0.7829065955296939,SIMULATED,NORMAL
2026-06-17T16:05:48.402688+00:00,DION_001,120260,0.5412110052790291,SIMULATED,NORMAL
2026-06-17T16:05:48.413173+00:00,DION_001,120261,0.7454162126634143,SIMULATED,NORMAL
2026-06-17T16:05:48.423577+00:00,DION_001,120262,0.6225185090917774,SIMULATED,NORMAL
2026-06-17T16:05:48.434052+00:00,DION_001,120263,0.6485232929968775,SIMULATED,NORMAL
2026-06-17T16:05:48.444392+00:00,DION_001,120264,0.622952573054852,SIMULATED,NORMAL
2026-06-17T16:05:48.454785+00:00,DION_001,120265,0.7405059595487736,SIMULATED,NORMAL
2026-06-17T16:05:48.465315+00:00,DION_001,120266,0.9368910792781263,SIMULATED,NORMAL
2026-06-17T16:05:48.475661+00:00,DION_001,120267,1.0797323324427144,SIMULATED,NORMAL
2026-06-17T16:05:48.486082+00:00,DION_001,120268,0.929559036790794,SIMULATED,NORMAL
2026-06-17T16:05:48.496781+00:00,DION_001,120269,1.077396013912813,SIMULATED,NORMAL
2026-06-17T16:05:48.507149+00:00,DION_001,120270,0.9459243385445206,SIMULATED,NORMAL
2026-06-17T16:05:48.517578+00:00,DION_001,120271,1.115030972733992,SIMULATED,NORMAL
2026-06-17T16:05:48.527917+00:00,DION_001,120272,0.7524493054848667,SIMULATED,NORMAL
2026-06-17T16:05:48.538195+00:00,DION_001,120273,0.6639769495422618,SIMULATED,NORMAL
2026-06-17T16:05:48.548586+00:00,DION_001,120274,0.8435778757768828,SIMULATED,NORMAL
2026-06-17T16:05:48.558957+00:00,DION_001,120275,0.9588011368268063,SIMULATED,NORMAL
2026-06-17T16:05:48.569338+00:00,DION_001,120276,1.165432513015117,SIMULATED,NORMAL
2026-06-17T16:05:48.579715+00:00,DION_001,120277,1.0435362624114524,SIMULATED,NORMAL
2026-06-17T16:05:48.590163+00:00,DION_001,120278,1.2135710179495245,SIMULATED,NORMAL
2026-06-17T16:05:48.600506+00:00,DION_001,120279,1.050651982233504,SIMULATED,NORMAL
2026-06-17T16:05:48.610854+00:00,DION_001,120280,1.086089861988576,SIMULATED,NORMAL
2026-06-17T16:05:48.621217+00:00,DION_001,120281,1.0907546068780622,SIMULATED,NORMAL
2026-06-17T16:05:48.631535+00:00,DION_001,120282,1.0850179553601123,SIMULATED,NORMAL
2026-06-17T16:05:48.641826+00:00,DION_001,120283,1.1477562313539296,SIMULATED,NORMAL
2026-06-17T16:05:48.652163+00:00,DION_001,120284,0.9027776992611376,SIMULATED,NORMAL
2026-06-17T16:05:48.662511+00:00,DION_001,120285,0.9927073494428345,SIMULATED,NORMAL
2026-06-17T16:05:48.673016+00:00,DION_001,120286,0.8255979364667405,SIMULATED,NORMAL
2026-06-17T16:05:48.683432+00:00,DION_001,120287,0.8112170276746321,SIMULATED,NORMAL
2026-06-17T16:05:48.693914+00:00,DION_001,120288,0.7874721867481016,SIMULATED,NORMAL
2026-06-17T16:05:48.704317+00:00,DION_001,120289,0.8048060096304586,SIMULATED,NORMAL
2026-06-17T16:05:48.714679+00:00,DION_001,120290,0.7133673625737659,SIMULATED,NORMAL
2026-06-17T16:05:48.725418+00:00,DION_001,120291,0.8722905616228509,SIMULATED,NORMAL
2026-06-17T16:05:48.735928+00:00,DION_001,120292,0.9382022204705366,SIMULATED,NORMAL
2026-06-17T16:05:48.746373+00:00,DION_001,120293,0.6423195804044798,SIMULATED,NORMAL
2026-06-17T16:05:48.756757+00:00,DION_001,120294,0.6392200188585493,SIMULATED,NORMAL
2026-06-17T16:05:48.767132+00:00,DION_001,120295,0.5254241985033479,SIMULATED,NORMAL
2026-06-17T16:05:48.777507+00:00,DION_001,120296,0.6288137292812276,SIMULATED,NORMAL
2026-06-17T16:05:48.787903+00:00,DION_001,120297,0.9124761069485919,SIMULATED,NORMAL
2026-06-17T16:05:48.798194+00:00,DION_001,120298,0.36553628940927485,SIMULATED,NORMAL
2026-06-17T16:05:48.808555+00:00,DION_001,120299,0.5333822408861496,SIMULATED,NORMAL
2026-06-17T16:05:48.818983+00:00,DION_001,120300,0.7229144229675766,SIMULATED,NORMAL
2026-06-17T16:05:48.829336+00:00,DION_001,120301,0.5087160030354516,SIMULATED,NORMAL
2026-06-17T16:05:48.839722+00:00,DION_001,120302,0.8647816437826803,SIMULATED,NORMAL
2026-06-17T16:05:48.850242+00:00,DION_001,120303,0.5726641971093309,SIMULATED,NORMAL
2026-06-17T16:05:48.860848+00:00,DION_001,120304,0.2719352171883678,SIMULATED,NORMAL
2026-06-17T16:05:48.871413+00:00,DION_001,120305,0.4808063693450399,SIMULATED,NORMAL
2026-06-17T16:05:48.881961+00:00,DION_001,120306,0.3485209634949633,SIMULATED,NORMAL
2026-06-17T16:05:48.892499+00:00,DION_001,120307,0.27150088611352663,SIMULATED,NORMAL
2026-06-17T16:05:48.902901+00:00,DION_001,120308,0.5528797266777397,SIMULATED,NORMAL
2026-06-17T16:05:48.913387+00:00,DION_001,120309,0.38303978436241615,SIMULATED,NORMAL
2026-06-17T16:05:48.924014+00:00,DION_001,120310,0.23695541667161255,SIMULATED,NORMAL
2026-06-17T16:05:48.934425+00:00,DION_001,120311,0.3104019116701727,SIMULATED,NORMAL
2026-06-17T16:05:48.944770+00:00,DION_001,120312,0.6598408631047126,SIMULATED,NORMAL
2026-06-17T16:05:48.955153+00:00,DION_001,120313,0.40220782235560915,SIMULATED,NORMAL
2026-06-17T16:05:48.965585+00:00,DION_001,120314,0.13103415941825297,SIMULATED,NORMAL
2026-06-17T16:05:48.975959+00:00,DION_001,120315,0.46533359410987585,SIMULATED,NORMAL
2026-06-17T16:05:48.986349+00:00,DION_001,120316,0.18874810611215104,SIMULATED,NORMAL
2026-06-17T16:05:48.996737+00:00,DION_001,120317,-1.2527708936100588,SIMULATED,NORMAL
2026-06-17T16:05:49.007288+00:00,DION_001,120318,0.43152510685149825,SIMULATED,NORMAL
2026-06-17T16:05:49.018113+00:00,DION_001,120319,0.3380556393329466,SIMULATED,NORMAL
2026-06-17T16:05:49.028501+00:00,DION_001,120320,0.40794142754417256,SIMULATED,NORMAL
2026-06-17T16:05:49.038944+00:00,DION_001,120321,0.5203303731596678,SIMULATED,NORMAL
2026-06-17T16:05:49.049338+00:00,DION_001,120322,0.9739964536111185,SIMULATED,NORMAL
2026-06-17T16:05:49.059638+00:00,DION_001,120323,0.4183543106856189,SIMULATED,NORMAL
2026-06-17T16:05:49.070066+00:00,DION_001,120324,0.7055912885556666,SIMULATED,NORMAL
2026-06-17T16:05:49.080475+00:00,DION_001,120325,0.4080846280749409,SIMULATED,NORMAL
2026-06-17T16:05:49.090821+00:00,DION_001,120326,0.6432916335125501,SIMULATED,NORMAL
2026-06-17T16:05:49.101293+00:00,DION_001,120327,0.3484114184809238,SIMULATED,NORMAL
2026-06-17T16:05:49.111672+00:00,DION_001,120328,0.5648337598643535,SIMULATED,NORMAL
2026-06-17T16:05:49.122158+00:00,DION_001,120329,0.34487896889020137,SIMULATED,NORMAL
2026-06-17T16:05:49.132496+00:00,DION_001,120330,0.9308847269127658,SIMULATED,NORMAL
2026-06-17T16:05:49.142873+00:00,DION_001,120331,0.6229817476232836,SIMULATED,NORMAL
2026-06-17T16:05:49.153269+00:00,DION_001,120332,0.6855317700085082,SIMULATED,NORMAL
2026-06-17T16:05:49.163630+00:00,DION_001,120333,0.7844039773254987,SIMULATED,NORMAL
2026-06-17T16:05:49.174023+00:00,DION_001,120334,0.7648943804009884,SIMULATED,NORMAL
2026-06-17T16:05:49.184437+00:00,DION_001,120335,0.9617698396081327,SIMULATED,NORMAL
2026-06-17T16:05:49.194858+00:00,DION_001,120336,0.7352782733963293,SIMULATED,NORMAL
2026-06-17T16:05:49.205283+00:00,DION_001,120337,0.9173749803346584,SIMULATED,NORMAL
2026-06-17T16:05:49.215609+00:00,DION_001,120338,0.7284265999388375,SIMULATED,NORMAL
2026-06-17T16:05:49.226030+00:00,DION_001,120339,0.6300602730159214,SIMULATED,NORMAL
2026-06-17T16:05:49.236470+00:00,DION_001,120340,0.8454182096528442,SIMULATED,NORMAL
2026-06-17T16:05:49.246788+00:00,DION_001,120341,0.8872144091950357,SIMULATED,NORMAL
2026-06-17T16:05:49.257158+00:00,DION_001,120342,1.1458270334053566,SIMULATED,NORMAL
2026-06-17T16:05:49.267451+00:00,DION_001,120343,0.885140106219154,SIMULATED,NORMAL
2026-06-17T16:05:49.277768+00:00,DION_001,120344,1.235091496709902,SIMULATED,NORMAL
2026-06-17T16:05:49.288152+00:00,DION_001,120345,0.8701250106327458,SIMULATED,NORMAL
2026-06-17T16:05:49.298600+00:00,DION_001,120346,1.0698145517112818,SIMULATED,NORMAL
2026-06-17T16:05:49.309090+00:00,DION_001,120347,-1.6882750626018064,SIMULATED,NORMAL
2026-06-17T16:05:49.319553+00:00,DION_001,120348,0.9729930284114527,SIMULATED,NORMAL
2026-06-17T16:05:49.330004+00:00,DION_001,120349,1.2422247715798134,SIMULATED,NORMAL
2026-06-17T16:05:49.340458+00:00,DION_001,120350,1.096407683423418,SIMULATED,NORMAL
2026-06-17T16:05:49.350776+00:00,DION_001,120351,1.0058687309552115,SIMULATED,NORMAL
2026-06-17T16:05:49.361149+00:00,DION_001,120352,0.5729894095425285,SIMULATED,NORMAL
2026-06-17T16:05:49.371662+00:00,DION_001,120353,1.3457884979417147,SIMULATED,NORMAL
2026-06-17T16:05:49.382018+00:00,DION_001,120354,1.3180057182250575,SIMULATED,NORMAL
2026-06-17T16:05:49.392380+00:00,DION_001,120355,1.220435171858742,SIMULATED,NORMAL
2026-06-17T16:05:49.402738+00:00,DION_001,120356,1.0113197294288456,SIMULATED,NORMAL
2026-06-17T16:05:49.413328+00:00,DION_001,120357,0.9840221085215071,SIMULATED,NORMAL
2026-06-17T16:05:49.423734+00:00,DION_001,120358,0.8988546623217143,SIMULATED,NORMAL
2026-06-17T16:05:49.434204+00:00,DION_001,120359,1.0230608661501026,SIMULATED,NORMAL
2026-06-17T16:05:49.444692+00:00,DION_001,120360,0.7409765207066641,SIMULATED,NORMAL
2026-06-17T16:05:49.455255+00:00,DION_001,120361,1.0088126225822944,SIMULATED,NORMAL
2026-06-17T16:05:49.465627+00:00,DION_001,120362,0.864114764806781,SIMULATED,NORMAL
2026-06-17T16:05:49.476067+00:00,DION_001,120363,0.6693073543999777,SIMULATED,NORMAL
2026-06-17T16:05:49.486431+00:00,DION_001,120364,0.9636510090736289,SIMULATED,NORMAL
2026-06-17T16:05:49.496854+00:00,DION_001,120365,0.9022805477736261,SIMULATED,NORMAL
2026-06-17T16:05:49.507252+00:00,DION_001,120366,0.7560523728435178,SIMULATED,NORMAL
2026-06-17T16:05:49.517654+00:00,DION_001,120367,0.537433159622698,SIMULATED,NORMAL
2026-06-17T16:05:49.528116+00:00,DION_001,120368,0.5247336706915082,SIMULATED,NORMAL
2026-06-17T16:05:49.538558+00:00,DION_001,120369,0.459230834910913,SIMULATED,NORMAL
2026-06-17T16:05:49.548954+00:00,DION_001,120370,0.550148830266384,SIMULATED,NORMAL
2026-06-17T16:05:49.559336+00:00,DION_001,120371,0.6155890695758129,SIMULATED,NORMAL
2026-06-17T16:05:49.569760+00:00,DION_001,120372,0.7435908211485928,SIMULATED,NORMAL
2026-06-17T16:05:49.580093+00:00,DION_001,120373,0.2378019229620451,SIMULATED,NORMAL
2026-06-17T16:05:49.590499+00:00,DION_001,120374,0.30612899657453974,SIMULATED,NORMAL
2026-06-17T16:05:49.600881+00:00,DION_001,120375,0.2643942767707751,SIMULATED,NORMAL
2026-06-17T16:05:49.611205+00:00,DION_001,120376,0.2560836224302226,SIMULATED,NORMAL
2026-06-17T16:05:49.621546+00:00,DION_001,120377,0.14817086223604511,SIMULATED,NORMAL
2026-06-17T16:05:49.631955+00:00,DION_001,120378,0.3922805951653704,SIMULATED,NORMAL
2026-06-17T16:05:49.642281+00:00,DION_001,120379,0.20821592635199487,SIMULATED,NORMAL
2026-06-17T16:05:49.652602+00:00,DION_001,120380,0.21405018928585037,SIMULATED,NORMAL
2026-06-17T16:05:49.662925+00:00,DION_001,120381,0.2598637261303647,SIMULATED,NORMAL
2026-06-17T16:05:49.673241+00:00,DION_001,120382,0.1990526774280669,SIMULATED,NORMAL
2026-06-17T16:05:49.683549+00:00,DION_001,120383,0.45694957283050497,SIMULATED,NORMAL
2026-06-17T16:05:49.693853+00:00,DION_001,120384,-0.008055272928568877,SIMULATED,NORMAL
2026-06-17T16:05:49.704209+00:00,DION_001,120385,0.05751539946522419,SIMULATED,NORMAL
2026-06-17T16:05:49.714592+00:00,DION_001,120386,0.29224143539043856,SIMULATED,NORMAL
2026-06-17T16:05:49.724945+00:00,DION_001,120387,-0.332696300549372,SIMULATED,NORMAL
2026-06-17T16:05:49.735312+00:00,DION_001,120388,-0.1259304831954966,SIMULATED,NORMAL
2026-06-17T16:05:49.745727+00:00,DION_001,120389,-0.06420022819556213,SIMULATED,NORMAL
2026-06-17T16:05:49.756211+00:00,DION_001,120390,-0.01616752150370593,SIMULATED,NORMAL
2026-06-17T16:05:49.766727+00:00,DION_001,120391,-0.01494314791168784,SIMULATED,NORMAL
2026-06-17T16:05:49.777118+00:00,DION_001,120392,-0.0638222206107266,SIMULATED,NORMAL
2026-06-17T16:05:49.787486+00:00,DION_001,120393,-0.44910850173946,SIMULATED,NORMAL
2026-06-17T16:05:49.797952+00:00,DION_001,120394,-0.3703246135058099,SIMULATED,NORMAL
2026-06-17T16:05:49.808407+00:00,DION_001,120395,-0.06419197437908107,SIMULATED,NORMAL
2026-06-17T16:05:49.818936+00:00,DION_001,120396,-0.164120744629136,SIMULATED,NORMAL
2026-06-17T16:05:49.829260+00:00,DION_001,120397,-0.08692843579841596,SIMULATED,NORMAL
2026-06-17T16:05:49.839644+00:00,DION_001,120398,-0.3813402709515401,SIMULATED,NORMAL
2026-06-17T16:05:49.850178+00:00,DION_001,120399,-0.23556580889737902,SIMULATED,NORMAL
2026-06-17T16:05:49.860652+00:00,DION_001,120400,-0.3401279964547206,SIMULATED,NORMAL
2026-06-17T16:05:49.871054+00:00,DION_001,120401,-0.3400091495137007,SIMULATED,NORMAL
2026-06-17T16:05:49.881435+00:00,DION_001,120402,-0.023349520530611595,SIMULATED,NORMAL
2026-06-17T16:05:49.891948+00:00,DION_001,120403,-0.13335137054299112,SIMULATED,NORMAL
2026-06-17T16:05:49.902331+00:00,DION_001,120404,-0.21404316323383213,SIMULATED,NORMAL
2026-06-17T16:05:49.912709+00:00,DION_001,120405,-0.31144153004652453,SIMULATED,NORMAL
2026-06-17T16:05:49.923095+00:00,DION_001,120406,-0.31235787407035553,SIMULATED,NORMAL
2026-06-17T16:05:49.933626+00:00,DION_001,120407,-0.3206902062281167,SIMULATED,NORMAL
2026-06-17T16:05:49.944030+00:00,DION_001,120408,-0.13827916533517226,SIMULATED,NORMAL
2026-06-17T16:05:49.954461+00:00,DION_001,120409,0.03846012776461376,SIMULATED,NORMAL
2026-06-17T16:05:49.964977+00:00,DION_001,120410,-0.03660312801949209,SIMULATED,NORMAL
2026-06-17T16:05:49.975549+00:00,DION_001,120411,-0.2718004311867084,SIMULATED,NORMAL
2026-06-17T16:05:49.985950+00:00,DION_001,120412,-0.07768452138956687,SIMULATED,NORMAL
2026-06-17T16:05:49.996348+00:00,DION_001,120413,-0.06892469899986854,SIMULATED,NORMAL
2026-06-17T16:05:50.006690+00:00,DION_001,120414,-0.023600046219873924,SIMULATED,NORMAL
2026-06-17T16:05:50.017055+00:00,DION_001,120415,0.21667414215235575,SIMULATED,NORMAL
2026-06-17T16:05:50.027441+00:00,DION_001,120416,0.25414674870789095,SIMULATED,NORMAL
2026-06-17T16:05:50.037857+00:00,DION_001,120417,-0.024798932715046823,SIMULATED,NORMAL
2026-06-17T16:05:50.048218+00:00,DION_001,120418,0.31865817441874766,SIMULATED,NORMAL
2026-06-17T16:05:50.058551+00:00,DION_001,120419,0.24634746043648476,SIMULATED,NORMAL
2026-06-17T16:05:50.069002+00:00,DION_001,120420,0.11043692264274904,SIMULATED,NORMAL
2026-06-17T16:05:50.079320+00:00,DION_001,120421,0.13290225183846122,SIMULATED,NORMAL
2026-06-17T16:05:50.089758+00:00,DION_001,120422,-0.20069608067667793,SIMULATED,NORMAL
2026-06-17T16:05:50.100166+00:00,DION_001,120423,0.09878799205666702,SIMULATED,NORMAL
2026-06-17T16:05:50.110640+00:00,DION_001,120424,-0.14677187919249185,SIMULATED,NORMAL
2026-06-17T16:05:50.121016+00:00,DION_001,120425,0.1307070633790458,SIMULATED,NORMAL
2026-06-17T16:05:50.131386+00:00,DION_001,120426,0.21092654053065746,SIMULATED,NORMAL
2026-06-17T16:05:50.141857+00:00,DION_001,120427,0.0399708398944377,SIMULATED,NORMAL
2026-06-17T16:05:50.152179+00:00,DION_001,120428,0.08741975218701424,SIMULATED,NORMAL
2026-06-17T16:05:50.162575+00:00,DION_001,120429,0.13594352565250808,SIMULATED,NORMAL
2026-06-17T16:05:50.172924+00:00,DION_001,120430,0.2016195431401808,SIMULATED,NORMAL
2026-06-17T16:05:50.183331+00:00,DION_001,120431,0.11778218885070144,SIMULATED,NORMAL
2026-06-17T16:05:50.193895+00:00,DION_001,120432,0.3007366584135132,SIMULATED,NORMAL
2026-06-17T16:05:50.204288+00:00,DION_001,120433,0.4137681407016487,SIMULATED,NORMAL
2026-06-17T16:05:50.214678+00:00,DION_001,120434,0.19557185210541322,SIMULATED,NORMAL
2026-06-17T16:05:50.225018+00:00,DION_001,120435,0.06372881598914168,SIMULATED,NORMAL
2026-06-17T16:05:50.235464+00:00,DION_001,120436,-0.00716116665273811,SIMULATED,NORMAL
2026-06-17T16:05:50.245969+00:00,DION_001,120437,0.030084143236401066,SIMULATED,NORMAL
2026-06-17T16:05:50.256307+00:00,DION_001,120438,0.10238591702106314,SIMULATED,NORMAL
2026-06-17T16:05:50.266639+00:00,DION_001,120439,-0.1274331035882962,SIMULATED,NORMAL
2026-06-17T16:05:50.277059+00:00,DION_001,120440,-0.14788133172213175,SIMULATED,NORMAL
2026-06-17T16:05:50.287442+00:00,DION_001,120441,-0.22791748800274805,SIMULATED,NORMAL
2026-06-17T16:05:50.297835+00:00,DION_001,120442,0.09058850507990104,SIMULATED,NORMAL
2026-06-17T16:05:50.308186+00:00,DION_001,120443,-0.31974972396152296,SIMULATED,NORMAL
2026-06-17T16:05:50.318498+00:00,DION_001,120444,-0.0798991478619715,SIMULATED,NORMAL
2026-06-17T16:05:50.328963+00:00,DION_001,120445,0.006453009827573852,SIMULATED,NORMAL
2026-06-17T16:05:50.339516+00:00,DION_001,120446,-0.07704427098143028,SIMULATED,NORMAL
2026-06-17T16:05:50.349907+00:00,DION_001,120447,-0.2496571673759119,SIMULATED,NORMAL
2026-06-17T16:05:50.360344+00:00,DION_001,120448,-0.4360703243298141,SIMULATED,NORMAL
2026-06-17T16:05:50.370673+00:00,DION_001,120449,-0.23740149890443868,SIMULATED,NORMAL
2026-06-17T16:05:50.381102+00:00,DION_001,120450,-0.44360487205628285,SIMULATED,NORMAL
2026-06-17T16:05:50.391576+00:00,DION_001,120451,-0.473137456679208,SIMULATED,NORMAL
2026-06-17T16:05:50.402101+00:00,DION_001,120452,-0.5546083206815513,SIMULATED,NORMAL
2026-06-17T16:05:50.412751+00:00,DION_001,120453,-0.318756919632652,SIMULATED,NORMAL
2026-06-17T16:05:50.423186+00:00,DION_001,120454,-0.37927420950149593,SIMULATED,NORMAL
2026-06-17T16:05:50.433597+00:00,DION_001,120455,-0.4310550962962935,SIMULATED,NORMAL
2026-06-17T16:05:50.443928+00:00,DION_001,120456,-0.5984792524567047,SIMULATED,NORMAL
2026-06-17T16:05:50.454234+00:00,DION_001,120457,-0.8145916291907823,SIMULATED,NORMAL
2026-06-17T16:05:50.464579+00:00,DION_001,120458,-0.4396826406044825,SIMULATED,NORMAL
2026-06-17T16:05:50.475020+00:00,DION_001,120459,-0.6402892481790727,SIMULATED,NORMAL
2026-06-17T16:05:50.485425+00:00,DION_001,120460,-0.72153583917877,SIMULATED,NORMAL
2026-06-17T16:05:50.495955+00:00,DION_001,120461,-0.9436351495219434,SIMULATED,NORMAL
2026-06-17T16:05:50.506500+00:00,DION_001,120462,-2.379499413240369,SIMULATED,EVENT_DETECTED
2026-06-17T16:05:50.517125+00:00,DION_001,120463,-0.7269577122388298,SIMULATED,NORMAL
2026-06-17T16:05:50.527499+00:00,DION_001,120464,-0.8254817864278667,SIMULATED,NORMAL
2026-06-17T16:05:50.537910+00:00,DION_001,120465,-1.1986670008856481,SIMULATED,NORMAL
2026-06-17T16:05:50.548309+00:00,DION_001,120466,-1.0138157589538388,SIMULATED,NORMAL
2026-06-17T16:05:50.558620+00:00,DION_001,120467,-0.7510281020854966,SIMULATED,NORMAL
2026-06-17T16:05:50.568990+00:00,DION_001,120468,-0.7863305506035234,SIMULATED,NORMAL
2026-06-17T16:05:50.579331+00:00,DION_001,120469,-1.1193817991610686,SIMULATED,NORMAL
2026-06-17T16:05:50.589741+00:00,DION_001,120470,-0.7551809537927332,SIMULATED,NORMAL
2026-06-17T16:05:50.600222+00:00,DION_001,120471,-1.1962744721492198,SIMULATED,NORMAL
2026-06-17T16:05:50.610551+00:00,DION_001,120472,-1.0826553326250559,SIMULATED,NORMAL
2026-06-17T16:05:50.620865+00:00,DION_001,120473,-1.0637350540285704,SIMULATED,NORMAL
2026-06-17T16:05:50.631180+00:00,DION_001,120474,-1.1264284039919674,SIMULATED,NORMAL
2026-06-17T16:05:50.641618+00:00,DION_001,120475,-1.104624298564474,SIMULATED,NORMAL
2026-06-17T16:05:50.652019+00:00,DION_001,120476,-0.9395026295821565,SIMULATED,NORMAL
2026-06-17T16:05:50.662370+00:00,DION_001,120477,-0.9942136107228213,SIMULATED,NORMAL
2026-06-17T16:05:50.672694+00:00,DION_001,120478,-1.0414844075530452,SIMULATED,NORMAL
2026-06-17T16:05:50.682925+00:00,DION_001,120479,-0.8730915649681399,SIMULATED,NORMAL
2026-06-17T16:05:50.693182+00:00,DION_001,120480,-1.2574377392259057,SIMULATED,NORMAL
2026-06-17T16:05:50.703410+00:00,DION_001,120481,-0.9146450568492466,SIMULATED,NORMAL
2026-06-17T16:05:50.713773+00:00,DION_001,120482,-0.9954419949401235,SIMULATED,NORMAL
2026-06-17T16:05:50.724170+00:00,DION_001,120483,-0.9070302191838252,SIMULATED,NORMAL
2026-06-17T16:05:50.734573+00:00,DION_001,120484,-1.0354452044769047,SIMULATED,NORMAL
2026-06-17T16:05:50.744838+00:00,DION_001,120485,-0.8745561271370584,SIMULATED,NORMAL
2026-06-17T16:05:50.755136+00:00,DION_001,120486,-0.901225501388509,SIMULATED,NORMAL
2026-06-17T16:05:50.765737+00:00,DION_001,120487,-1.0669367447798828,SIMULATED,NORMAL
2026-06-17T16:05:50.776067+00:00,DION_001,120488,-0.9290847291756941,SIMULATED,NORMAL
2026-06-17T16:05:50.786473+00:00,DION_001,120489,-0.7025845837597424,SIMULATED,NORMAL
2026-06-17T16:05:50.796902+00:00,DION_001,120490,-0.8416392614330995,SIMULATED,NORMAL
2026-06-17T16:05:50.807428+00:00,DION_001,120491,-0.7960179214024609,SIMULATED,NORMAL
2026-06-17T16:05:50.817877+00:00,DION_001,120492,-0.703100555969443,SIMULATED,NORMAL
2026-06-17T16:05:50.828424+00:00,DION_001,120493,-0.7919363712949984,SIMULATED,NORMAL
2026-06-17T16:05:50.838804+00:00,DION_001,120494,-0.7774274472306637,SIMULATED,NORMAL
2026-06-17T16:05:50.849191+00:00,DION_001,120495,-0.7471453207941963,SIMULATED,NORMAL
2026-06-17T16:05:50.859680+00:00,DION_001,120496,-0.8965154385372787,SIMULATED,NORMAL
2026-06-17T16:05:50.870068+00:00,DION_001,120497,-0.726060110718388,SIMULATED,NORMAL
2026-06-17T16:05:50.880419+00:00,DION_001,120498,-0.6331984997228616,SIMULATED,NORMAL
2026-06-17T16:05:50.890816+00:00,DION_001,120499,-0.5331311104957049,SIMULATED,NORMAL
2026-06-17T16:05:50.901337+00:00,DION_001,120500,-0.39391976748187363,SIMULATED,NORMAL
2026-06-17T16:05:50.911877+00:00,DION_001,120501,-0.529737485761793,SIMULATED,NORMAL
2026-06-17T16:05:50.922333+00:00,DION_001,120502,-0.6567361073662319,SIMULATED,NORMAL
2026-06-17T16:05:50.932763+00:00,DION_001,120503,-0.5621036021249283,SIMULATED,NORMAL
2026-06-17T16:05:50.943340+00:00,DION_001,120504,-0.47697244630700014,SIMULATED,NORMAL
2026-06-17T16:05:50.953769+00:00,DION_001,120505,-0.4892026592804124,SIMULATED,NORMAL
2026-06-17T16:05:50.964365+00:00,DION_001,120506,-0.3364923344796533,SIMULATED,NORMAL
2026-06-17T16:05:50.975015+00:00,DION_001,120507,-0.47520131874696814,SIMULATED,NORMAL
2026-06-17T16:05:50.985526+00:00,DION_001,120508,-0.3271047665332881,SIMULATED,NORMAL
2026-06-17T16:05:50.995884+00:00,DION_001,120509,-0.5706999291004236,SIMULATED,NORMAL
2026-06-17T16:05:51.006391+00:00,DION_001,120510,-0.4465569982049173,SIMULATED,NORMAL
2026-06-17T16:05:51.016870+00:00,DION_001,120511,-0.413234278163945,SIMULATED,NORMAL
2026-06-17T16:05:51.027230+00:00,DION_001,120512,-0.31576562555417437,SIMULATED,NORMAL
2026-06-17T16:05:51.037635+00:00,DION_001,120513,-0.21849172339157985,SIMULATED,NORMAL
2026-06-17T16:05:51.048017+00:00,DION_001,120514,-0.48018540359095785,SIMULATED,NORMAL
2026-06-17T16:05:51.058379+00:00,DION_001,120515,-0.4840643049751192,SIMULATED,NORMAL
2026-06-17T16:05:51.068834+00:00,DION_001,120516,-0.24680073005186415,SIMULATED,NORMAL
2026-06-17T16:05:51.079323+00:00,DION_001,120517,-0.29974441987697853,SIMULATED,NORMAL
2026-06-17T16:05:51.089666+00:00,DION_001,120518,-0.13113395811987705,SIMULATED,NORMAL
2026-06-17T16:05:51.100057+00:00,DION_001,120519,-0.3460658229515786,SIMULATED,NORMAL
2026-06-17T16:05:51.110464+00:00,DION_001,120520,-0.3000675277749979,SIMULATED,NORMAL
2026-06-17T16:05:51.120912+00:00,DION_001,120521,-0.33284695222214644,SIMULATED,NORMAL
2026-06-17T16:05:51.131297+00:00,DION_001,120522,-0.3159340661423957,SIMULATED,NORMAL
2026-06-17T16:05:51.141683+00:00,DION_001,120523,-0.6406993089218558,SIMULATED,NORMAL
2026-06-17T16:05:51.152390+00:00,DION_001,120524,-0.6381222625814695,SIMULATED,NORMAL
2026-06-17T16:05:51.162744+00:00,DION_001,120525,-0.578731910940751,SIMULATED,NORMAL
2026-06-17T16:05:51.173141+00:00,DION_001,120526,-0.39039718951152,SIMULATED,NORMAL
2026-06-17T16:05:51.183495+00:00,DION_001,120527,-0.6306619351368556,SIMULATED,NORMAL
2026-06-17T16:05:51.193789+00:00,DION_001,120528,-0.5605091005594172,SIMULATED,NORMAL
2026-06-17T16:05:51.204328+00:00,DION_001,120529,-0.5769120351141903,SIMULATED,NORMAL
2026-06-17T16:05:51.214726+00:00,DION_001,120530,-0.7935536139820164,SIMULATED,NORMAL
2026-06-17T16:05:51.225071+00:00,DION_001,120531,-0.4354010599275391,SIMULATED,NORMAL
2026-06-17T16:05:51.235529+00:00,DION_001,120532,-0.9473031212623549,SIMULATED,NORMAL
2026-06-17T16:05:51.246073+00:00,DION_001,120533,-0.7115339203328677,SIMULATED,NORMAL
2026-06-17T16:05:51.256567+00:00,DION_001,120534,-0.7940916225081798,SIMULATED,NORMAL
2026-06-17T16:05:51.266948+00:00,DION_001,120535,-1.007325751067793,SIMULATED,NORMAL
2026-06-17T16:05:51.277424+00:00,DION_001,120536,-0.5175580795509014,SIMULATED,NORMAL
2026-06-17T16:05:51.287922+00:00,DION_001,120537,-0.9918925888745617,SIMULATED,NORMAL
2026-06-17T16:05:51.298325+00:00,DION_001,120538,-1.06957691518619,SIMULATED,NORMAL
2026-06-17T16:05:51.308702+00:00,DION_001,120539,-0.8505976958219916,SIMULATED,NORMAL
2026-06-17T16:05:51.319095+00:00,DION_001,120540,-0.9785092599995947,SIMULATED,NORMAL
2026-06-17T16:05:51.329615+00:00,DION_001,120541,-0.9690766243447029,SIMULATED,NORMAL
2026-06-17T16:05:51.340016+00:00,DION_001,120542,-0.9317219015851984,SIMULATED,NORMAL
2026-06-17T16:05:51.350363+00:00,DION_001,120543,-1.0488561313941371,SIMULATED,NORMAL
2026-06-17T16:05:51.360753+00:00,DION_001,120544,-0.7861629902027434,SIMULATED,NORMAL
2026-06-17T16:05:51.371147+00:00,DION_001,120545,-1.2512374029060436,SIMULATED,NORMAL
2026-06-17T16:05:51.381544+00:00,DION_001,120546,-1.0750457394390722,SIMULATED,NORMAL
2026-06-17T16:05:51.392111+00:00,DION_001,120547,-1.1285258641892315,SIMULATED,NORMAL
2026-06-17T16:05:51.402577+00:00,DION_001,120548,-1.1705060041171262,SIMULATED,NORMAL
2026-06-17T16:05:51.412988+00:00,DION_001,120549,-0.9961149615361433,SIMULATED,NORMAL
2026-06-17T16:05:51.423396+00:00,DION_001,120550,-0.9432894877457644,SIMULATED,NORMAL
2026-06-17T16:05:51.433760+00:00,DION_001,120551,-0.9423563413207383,SIMULATED,NORMAL
2026-06-17T16:05:51.444109+00:00,DION_001,120552,-0.7820502703914586,SIMULATED,NORMAL
2026-06-17T16:05:51.454609+00:00,DION_001,120553,-1.0233193023680291,SIMULATED,NORMAL
2026-06-17T16:05:51.465035+00:00,DION_001,120554,-1.097944490541722,SIMULATED,NORMAL
2026-06-17T16:05:51.475465+00:00,DION_001,120555,-0.8344399878043934,SIMULATED,NORMAL
2026-06-17T16:05:51.485993+00:00,DION_001,120556,-1.1283048946266627,SIMULATED,NORMAL
2026-06-17T16:05:51.496472+00:00,DION_001,120557,-0.8156034028716062,SIMULATED,NORMAL
2026-06-17T16:05:51.506859+00:00,DION_001,120558,-0.9003345975125405,SIMULATED,NORMAL
2026-06-17T16:05:51.517179+00:00,DION_001,120559,-1.0125194909030877,SIMULATED,NORMAL
2026-06-17T16:05:51.527530+00:00,DION_001,120560,-1.1324094641688038,SIMULATED,NORMAL
2026-06-17T16:05:51.537875+00:00,DION_001,120561,-0.824873612220824,SIMULATED,NORMAL
2026-06-17T16:05:51.548424+00:00,DION_001,120562,-0.8955219769480859,SIMULATED,NORMAL
2026-06-17T16:05:51.558869+00:00,DION_001,120563,-0.6202440920716902,SIMULATED,NORMAL
2026-06-17T16:05:51.569212+00:00,DION_001,120564,-0.8757163803066665,SIMULATED,NORMAL
2026-06-17T16:05:51.579578+00:00,DION_001,120565,-0.5979359981761051,SIMULATED,NORMAL
2026-06-17T16:05:51.590006+00:00,DION_001,120566,-0.63520653010618,SIMULATED,NORMAL
2026-06-17T16:05:51.600403+00:00,DION_001,120567,-0.9625996156406372,SIMULATED,NORMAL
2026-06-17T16:05:51.610832+00:00,DION_001,120568,-0.7852571166544324,SIMULATED,NORMAL
2026-06-17T16:05:51.621304+00:00,DION_001,120569,-0.8590602656544051,SIMULATED,NORMAL
2026-06-17T16:05:51.631663+00:00,DION_001,120570,-0.26123328130161105,SIMULATED,NORMAL
2026-06-17T16:05:51.641983+00:00,DION_001,120571,-0.5213771918442659,SIMULATED,NORMAL
2026-06-17T16:05:51.652287+00:00,DION_001,120572,-0.5967742381752089,SIMULATED,NORMAL
2026-06-17T16:05:51.662574+00:00,DION_001,120573,-0.4910372211938825,SIMULATED,NORMAL
2026-06-17T16:05:51.672867+00:00,DION_001,120574,-0.4426251629075977,SIMULATED,NORMAL
2026-06-17T16:05:51.683130+00:00,DION_001,120575,-0.47166875720303997,SIMULATED,NORMAL
2026-06-17T16:05:51.693458+00:00,DION_001,120576,-0.2697311815322479,SIMULATED,NORMAL
2026-06-17T16:05:51.703804+00:00,DION_001,120577,-0.10542597524871658,SIMULATED,NORMAL
2026-06-17T16:05:51.714131+00:00,DION_001,120578,-0.28158135307983784,SIMULATED,NORMAL
2026-06-17T16:05:51.724481+00:00,DION_001,120579,-0.3346835909091449,SIMULATED,NORMAL
2026-06-17T16:05:51.734818+00:00,DION_001,120580,-0.3129171557584193,SIMULATED,NORMAL
2026-06-17T16:05:51.745087+00:00,DION_001,120581,-0.00565571240620269,SIMULATED,NORMAL
2026-06-17T16:05:51.755408+00:00,DION_001,120582,-0.17478979864561267,SIMULATED,NORMAL
2026-06-17T16:05:51.765715+00:00,DION_001,120583,0.3233645061674698,SIMULATED,NORMAL
2026-06-17T16:05:51.776051+00:00,DION_001,120584,-0.10242069906097508,SIMULATED,NORMAL
2026-06-17T16:05:51.786347+00:00,DION_001,120585,-0.0010362538821805031,SIMULATED,NORMAL
2026-06-17T16:05:51.796790+00:00,DION_001,120586,0.030983862835160296,SIMULATED,NORMAL
2026-06-17T16:05:51.807187+00:00,DION_001,120587,0.1973983381934628,SIMULATED,NORMAL
2026-06-17T16:05:51.817646+00:00,DION_001,120588,0.1688225092825153,SIMULATED,NORMAL
2026-06-17T16:05:51.828147+00:00,DION_001,120589,0.23260983650137018,SIMULATED,NORMAL
2026-06-17T16:05:51.838473+00:00,DION_001,120590,0.2939760043962394,SIMULATED,NORMAL
2026-06-17T16:05:51.848932+00:00,DION_001,120591,0.020937125226219183,SIMULATED,NORMAL
2026-06-17T16:05:51.859532+00:00,DION_001,120592,0.3760137593172006,SIMULATED,NORMAL
2026-06-17T16:05:51.869906+00:00,DION_001,120593,0.19119815874076662,SIMULATED,NORMAL
2026-06-17T16:05:51.880308+00:00,DION_001,120594,0.18486146049135618,SIMULATED,NORMAL
2026-06-17T16:05:51.890670+00:00,DION_001,120595,0.29029087314563695,SIMULATED,NORMAL
2026-06-17T16:05:51.901243+00:00,DION_001,120596,0.1071368813274893,SIMULATED,NORMAL
2026-06-17T16:05:51.911635+00:00,DION_001,120597,0.40316791297095544,SIMULATED,NORMAL
2026-06-17T16:05:51.921988+00:00,DION_001,120598,0.3471524447921721,SIMULATED,NORMAL
2026-06-17T16:05:51.932435+00:00,DION_001,120599,0.30754331976367993,SIMULATED,NORMAL
2026-06-17T16:05:51.942956+00:00,DION_001,120600,0.3107908695214459,SIMULATED,NORMAL
2026-06-17T16:05:51.953396+00:00,DION_001,120601,0.2003466937952744,SIMULATED,NORMAL
2026-06-17T16:05:51.963784+00:00,DION_001,120602,0.06415731698747276,SIMULATED,NORMAL
2026-06-17T16:05:51.974379+00:00,DION_001,120603,0.4626714080434402,SIMULATED,NORMAL
2026-06-17T16:05:51.984862+00:00,DION_001,120604,0.4145269885781894,SIMULATED,NORMAL
2026-06-17T16:05:51.995483+00:00,DION_001,120605,0.2575255240666618,SIMULATED,NORMAL
2026-06-17T16:05:52.006053+00:00,DION_001,120606,0.331732284286058,SIMULATED,NORMAL
2026-06-17T16:05:52.016447+00:00,DION_001,120607,0.06826548041254546,SIMULATED,NORMAL
2026-06-17T16:05:52.026842+00:00,DION_001,120608,0.27602470215289737,SIMULATED,NORMAL
2026-06-17T16:05:52.037356+00:00,DION_001,120609,0.26008155492238394,SIMULATED,NORMAL
2026-06-17T16:05:52.047668+00:00,DION_001,120610,0.43868733612168315,SIMULATED,NORMAL
2026-06-17T16:05:52.058230+00:00,DION_001,120611,0.3909476673335012,SIMULATED,NORMAL
2026-06-17T16:05:52.068650+00:00,DION_001,120612,0.27599479771494595,SIMULATED,NORMAL
2026-06-17T16:05:52.079038+00:00,DION_001,120613,0.2648452011375837,SIMULATED,NORMAL
2026-06-17T16:05:52.089383+00:00,DION_001,120614,0.36858757831245675,SIMULATED,NORMAL
2026-06-17T16:05:52.099917+00:00,DION_001,120615,0.30008128319978394,SIMULATED,NORMAL
2026-06-17T16:05:52.110683+00:00,DION_001,120616,-0.18586269421568763,SIMULATED,NORMAL
2026-06-17T16:05:52.121123+00:00,DION_001,120617,0.36067633955218614,SIMULATED,NORMAL
2026-06-17T16:05:52.131494+00:00,DION_001,120618,-0.07256904615048416,SIMULATED,NORMAL
2026-06-17T16:05:52.141878+00:00,DION_001,120619,0.14054513421766443,SIMULATED,NORMAL
2026-06-17T16:05:52.152208+00:00,DION_001,120620,-0.294985813479382,SIMULATED,NORMAL
2026-06-17T16:05:52.162659+00:00,DION_001,120621,-0.29148827041368275,SIMULATED,NORMAL
2026-06-17T16:05:52.173104+00:00,DION_001,120622,0.19503177420769766,SIMULATED,NORMAL
2026-06-17T16:05:52.183480+00:00,DION_001,120623,-0.07912067676441184,SIMULATED,NORMAL
2026-06-17T16:05:52.193935+00:00,DION_001,120624,0.005611693546238805,SIMULATED,NORMAL
2026-06-17T16:05:52.204425+00:00,DION_001,120625,-0.1530672516198388,SIMULATED,NORMAL
2026-06-17T16:05:52.214908+00:00,DION_001,120626,-0.12592303288952778,SIMULATED,NORMAL
2026-06-17T16:05:52.225279+00:00,DION_001,120627,-0.08150080618495747,SIMULATED,NORMAL
2026-06-17T16:05:52.235702+00:00,DION_001,120628,-0.2553095118960992,SIMULATED,NORMAL
2026-06-17T16:05:52.246130+00:00,DION_001,120629,-0.043142308528972384,SIMULATED,NORMAL
2026-06-17T16:05:52.256466+00:00,DION_001,120630,-0.016286967176645413,SIMULATED,NORMAL
2026-06-17T16:05:52.266867+00:00,DION_001,120631,-0.009022236796163444,SIMULATED,NORMAL
2026-06-17T16:05:52.278803+00:00,DION_001,120632,0.16050937746421287,SIMULATED,NORMAL
2026-06-17T16:05:52.289263+00:00,DION_001,120633,-0.25150358211434304,SIMULATED,NORMAL
2026-06-17T16:05:52.299667+00:00,DION_001,120634,-0.2798639502558987,SIMULATED,NORMAL
2026-06-17T16:05:52.310059+00:00,DION_001,120635,0.31151814350891105,SIMULATED,NORMAL
2026-06-17T16:05:52.320496+00:00,DION_001,120636,-0.051995898525131305,SIMULATED,NORMAL
2026-06-17T16:05:52.330818+00:00,DION_001,120637,-0.04324365127466576,SIMULATED,NORMAL
2026-06-17T16:05:52.341115+00:00,DION_001,120638,0.03715532664225458,SIMULATED,NORMAL
2026-06-17T16:05:52.351440+00:00,DION_001,120639,-0.06063318680555577,SIMULATED,NORMAL
2026-06-17T16:05:52.361896+00:00,DION_001,120640,0.03500244748942222,SIMULATED,NORMAL
2026-06-17T16:05:52.372282+00:00,DION_001,120641,0.08014559287014297,SIMULATED,NORMAL
2026-06-17T16:05:52.382660+00:00,DION_001,120642,0.12452095105666587,SIMULATED,NORMAL
2026-06-17T16:05:52.393001+00:00,DION_001,120643,0.17283686960941896,SIMULATED,NORMAL
2026-06-17T16:05:52.403379+00:00,DION_001,120644,0.3037612682556011,SIMULATED,NORMAL
2026-06-17T16:05:52.413804+00:00,DION_001,120645,0.10297726144113273,SIMULATED,NORMAL
2026-06-17T16:05:52.424202+00:00,DION_001,120646,0.3960259887504783,SIMULATED,NORMAL
2026-06-17T16:05:52.434547+00:00,DION_001,120647,0.35322797020455154,SIMULATED,NORMAL
2026-06-17T16:05:52.444965+00:00,DION_001,120648,0.3338240587521086,SIMULATED,NORMAL
2026-06-17T16:05:52.455300+00:00,DION_001,120649,0.32955406111356805,SIMULATED,NORMAL
2026-06-17T16:05:52.465704+00:00,DION_001,120650,0.5629835206710201,SIMULATED,NORMAL
2026-06-17T16:05:52.476036+00:00,DION_001,120651,0.4957537009085959,SIMULATED,NORMAL
2026-06-17T16:05:52.486448+00:00,DION_001,120652,0.46621421829656007,SIMULATED,NORMAL
2026-06-17T16:05:52.496832+00:00,DION_001,120653,0.6963412472141229,SIMULATED,NORMAL
2026-06-17T16:05:52.507324+00:00,DION_001,120654,0.6818121451613075,SIMULATED,NORMAL
2026-06-17T16:05:52.517705+00:00,DION_001,120655,0.7451023309198818,SIMULATED,NORMAL
2026-06-17T16:05:52.528077+00:00,DION_001,120656,0.623863026529952,SIMULATED,NORMAL
2026-06-17T16:05:52.538368+00:00,DION_001,120657,0.8745033434457656,SIMULATED,NORMAL
2026-06-17T16:05:52.548805+00:00,DION_001,120658,0.7274219575542664,SIMULATED,NORMAL
2026-06-17T16:05:52.559217+00:00,DION_001,120659,0.7276413309640389,SIMULATED,NORMAL
2026-06-17T16:05:52.569683+00:00,DION_001,120660,0.7861670772247951,SIMULATED,NORMAL
2026-06-17T16:05:52.580148+00:00,DION_001,120661,0.7848826084813281,SIMULATED,NORMAL
2026-06-17T16:05:52.590530+00:00,DION_001,120662,0.891278751251631,SIMULATED,NORMAL
2026-06-17T16:05:52.600993+00:00,DION_001,120663,1.110343952475418,SIMULATED,NORMAL
2026-06-17T16:05:52.611390+00:00,DION_001,120664,0.7734991282817484,SIMULATED,NORMAL
2026-06-17T16:05:52.621794+00:00,DION_001,120665,0.9219094619355291,SIMULATED,NORMAL
2026-06-17T16:05:52.632064+00:00,DION_001,120666,0.6787267101715349,SIMULATED,NORMAL
2026-06-17T16:05:52.642470+00:00,DION_001,120667,0.8359242575953069,SIMULATED,NORMAL
2026-06-17T16:05:52.652825+00:00,DION_001,120668,1.0887120171640945,SIMULATED,NORMAL
2026-06-17T16:05:52.663145+00:00,DION_001,120669,1.1662002310854935,SIMULATED,NORMAL
2026-06-17T16:05:52.673596+00:00,DION_001,120670,1.035435753076035,SIMULATED,NORMAL
2026-06-17T16:05:52.683977+00:00,DION_001,120671,1.0521589001078133,SIMULATED,NORMAL
2026-06-17T16:05:52.694375+00:00,DION_001,120672,1.211076438701735,SIMULATED,NORMAL
2026-06-17T16:05:52.704673+00:00,DION_001,120673,1.2463386165882557,SIMULATED,NORMAL
2026-06-17T16:05:52.714940+00:00,DION_001,120674,1.0055721233571775,SIMULATED,NORMAL
2026-06-17T16:05:52.725225+00:00,DION_001,120675,1.1816706845575375,SIMULATED,NORMAL
2026-06-17T16:05:52.735580+00:00,DION_001,120676,0.948972732932401,SIMULATED,NORMAL
2026-06-17T16:05:52.745942+00:00,DION_001,120677,1.0050135643630445,SIMULATED,NORMAL
2026-06-17T16:05:52.756450+00:00,DION_001,120678,1.1385025384787255,SIMULATED,NORMAL
2026-06-17T16:05:52.766823+00:00,DION_001,120679,1.0987672686414873,SIMULATED,NORMAL
2026-06-17T16:05:52.777177+00:00,DION_001,120680,0.9114384069866974,SIMULATED,NORMAL
2026-06-17T16:05:52.787583+00:00,DION_001,120681,0.91891133037416,SIMULATED,NORMAL
2026-06-17T16:05:52.797950+00:00,DION_001,120682,1.154831687736396,SIMULATED,NORMAL
2026-06-17T16:05:52.808438+00:00,DION_001,120683,1.0741549119981015,SIMULATED,NORMAL
2026-06-17T16:05:52.818881+00:00,DION_001,120684,1.1829800841496085,SIMULATED,NORMAL
2026-06-17T16:05:52.829296+00:00,DION_001,120685,1.0389631601434004,SIMULATED,NORMAL
2026-06-17T16:05:52.839738+00:00,DION_001,120686,1.026912171053858,SIMULATED,NORMAL
2026-06-17T16:05:52.850310+00:00,DION_001,120687,1.1044980682131103,SIMULATED,NORMAL
2026-06-17T16:05:52.860689+00:00,DION_001,120688,0.8268948537364279,SIMULATED,NORMAL
2026-06-17T16:05:52.871033+00:00,DION_001,120689,0.8673835008539095,SIMULATED,NORMAL
2026-06-17T16:05:52.881475+00:00,DION_001,120690,1.1808639693765888,SIMULATED,NORMAL
2026-06-17T16:05:52.891903+00:00,DION_001,120691,0.8674065329804487,SIMULATED,NORMAL
2026-06-17T16:05:52.902358+00:00,DION_001,120692,0.9768713661916365,SIMULATED,NORMAL
2026-06-17T16:05:52.912705+00:00,DION_001,120693,1.0464511777519585,SIMULATED,NORMAL
2026-06-17T16:05:52.923055+00:00,DION_001,120694,0.6876817726830234,SIMULATED,NORMAL
2026-06-17T16:05:52.933629+00:00,DION_001,120695,0.7989738682792674,SIMULATED,NORMAL
2026-06-17T16:05:52.944221+00:00,DION_001,120696,0.6764626891040557,SIMULATED,NORMAL
2026-06-17T16:05:52.954552+00:00,DION_001,120697,0.8060694891161506,SIMULATED,NORMAL
2026-06-17T16:05:52.964968+00:00,DION_001,120698,0.55646977704484,SIMULATED,NORMAL
2026-06-17T16:05:52.975323+00:00,DION_001,120699,0.4963194165885279,SIMULATED,NORMAL
2026-06-17T16:05:52.985790+00:00,DION_001,120700,0.4360316560449644,SIMULATED,NORMAL
2026-06-17T16:05:52.996157+00:00,DION_001,120701,0.29867737010770984,SIMULATED,NORMAL
2026-06-17T16:05:53.006566+00:00,DION_001,120702,0.5424672000242436,SIMULATED,NORMAL
2026-06-17T16:05:53.016972+00:00,DION_001,120703,0.492259826395442,SIMULATED,NORMAL
2026-06-17T16:05:53.027587+00:00,DION_001,120704,0.8442283811233091,SIMULATED,NORMAL
2026-06-17T16:05:53.038120+00:00,DION_001,120705,0.7750695482909854,SIMULATED,NORMAL
2026-06-17T16:05:53.048560+00:00,DION_001,120706,0.4000919576644371,SIMULATED,NORMAL
2026-06-17T16:05:53.059390+00:00,DION_001,120707,0.5034164090631421,SIMULATED,NORMAL
2026-06-17T16:05:53.069913+00:00,DION_001,120708,0.39492360201604815,SIMULATED,NORMAL
2026-06-17T16:05:53.080392+00:00,DION_001,120709,0.4236938522327881,SIMULATED,NORMAL
2026-06-17T16:05:53.090991+00:00,DION_001,120710,0.14864358751567797,SIMULATED,NORMAL
2026-06-17T16:05:53.101550+00:00,DION_001,120711,0.29562321492696614,SIMULATED,NORMAL
2026-06-17T16:05:53.112211+00:00,DION_001,120712,0.4517211306786172,SIMULATED,NORMAL
2026-06-17T16:05:53.122475+00:00,DION_001,120713,0.44668817254115867,SIMULATED,NORMAL
2026-06-17T16:05:53.132861+00:00,DION_001,120714,0.6157775661219322,SIMULATED,NORMAL
2026-06-17T16:05:53.143183+00:00,DION_001,120715,0.7030529245194985,SIMULATED,NORMAL
2026-06-17T16:05:53.153633+00:00,DION_001,120716,0.5566119870816357,SIMULATED,NORMAL
2026-06-17T16:05:53.163966+00:00,DION_001,120717,0.19171565496115198,SIMULATED,NORMAL
2026-06-17T16:05:53.174435+00:00,DION_001,120718,0.6162503686458788,SIMULATED,NORMAL
2026-06-17T16:05:53.185412+00:00,DION_001,120719,0.2574951560313711,SIMULATED,NORMAL
2026-06-17T16:05:53.195887+00:00,DION_001,120720,0.5810329237597696,SIMULATED,NORMAL
2026-06-17T16:05:53.206266+00:00,DION_001,120721,0.38900381301504405,SIMULATED,NORMAL
2026-06-17T16:05:53.216606+00:00,DION_001,120722,0.3532595423457193,SIMULATED,NORMAL
2026-06-17T16:05:53.227006+00:00,DION_001,120723,0.33174319885603737,SIMULATED,NORMAL
2026-06-17T16:05:53.237447+00:00,DION_001,120724,0.41503116728967165,SIMULATED,NORMAL
2026-06-17T16:05:53.247931+00:00,DION_001,120725,0.5752657417456148,SIMULATED,NORMAL
2026-06-17T16:05:53.258351+00:00,DION_001,120726,0.7297186421070816,SIMULATED,NORMAL
2026-06-17T16:05:53.268891+00:00,DION_001,120727,0.6252477110990342,SIMULATED,NORMAL
2026-06-17T16:05:53.279369+00:00,DION_001,120728,0.5403607945163601,SIMULATED,NORMAL
2026-06-17T16:05:53.289779+00:00,DION_001,120729,0.5860750759669563,SIMULATED,NORMAL
2026-06-17T16:05:53.300168+00:00,DION_001,120730,0.5189206031958246,SIMULATED,NORMAL
2026-06-17T16:05:53.310489+00:00,DION_001,120731,0.7298393995561032,SIMULATED,NORMAL
2026-06-17T16:05:53.320887+00:00,DION_001,120732,0.8296282379005964,SIMULATED,NORMAL
2026-06-17T16:05:53.331315+00:00,DION_001,120733,0.8394781255326966,SIMULATED,NORMAL
2026-06-17T16:05:53.341670+00:00,DION_001,120734,0.6883896915084776,SIMULATED,NORMAL
2026-06-17T16:05:53.352011+00:00,DION_001,120735,0.7857381236189109,SIMULATED,NORMAL
2026-06-17T16:05:53.362546+00:00,DION_001,120736,0.8415768294625172,SIMULATED,NORMAL
2026-06-17T16:05:53.373023+00:00,DION_001,120737,0.722533051731671,SIMULATED,NORMAL
2026-06-17T16:05:53.383464+00:00,DION_001,120738,0.9611193425970619,SIMULATED,NORMAL
2026-06-17T16:05:53.393974+00:00,DION_001,120739,0.7507660645984544,SIMULATED,NORMAL
2026-06-17T16:05:53.404480+00:00,DION_001,120740,0.8154528018752798,SIMULATED,NORMAL
2026-06-17T16:05:53.414920+00:00,DION_001,120741,0.7355717977043529,SIMULATED,NORMAL
2026-06-17T16:05:53.425358+00:00,DION_001,120742,0.6781551820416241,SIMULATED,NORMAL
2026-06-17T16:05:53.436492+00:00,DION_001,120743,0.9880398386652133,SIMULATED,NORMAL
2026-06-17T16:05:53.447524+00:00,DION_001,120744,1.0321442773197462,SIMULATED,NORMAL
2026-06-17T16:05:53.459030+00:00,DION_001,120745,1.0911143985223657,SIMULATED,NORMAL
2026-06-17T16:05:53.470279+00:00,DION_001,120746,0.9886563058529085,SIMULATED,NORMAL
2026-06-17T16:05:53.481539+00:00,DION_001,120747,0.7873609903418628,SIMULATED,NORMAL
2026-06-17T16:05:53.492649+00:00,DION_001,120748,0.8526138301571391,SIMULATED,NORMAL
2026-06-17T16:05:53.503944+00:00,DION_001,120749,0.9702326327228372,SIMULATED,NORMAL
2026-06-17T16:05:53.515059+00:00,DION_001,120750,0.8956185794123396,SIMULATED,NORMAL
2026-06-17T16:05:53.526221+00:00,DION_001,120751,0.8094870355178385,SIMULATED,NORMAL
2026-06-17T16:05:53.537406+00:00,DION_001,120752,0.9455988897498588,SIMULATED,NORMAL
2026-06-17T16:05:53.548634+00:00,DION_001,120753,1.0874160009688663,SIMULATED,NORMAL
2026-06-17T16:05:53.559618+00:00,DION_001,120754,1.234482469499209,SIMULATED,NORMAL
2026-06-17T16:05:53.571005+00:00,DION_001,120755,0.9109538966137749,SIMULATED,NORMAL
2026-06-17T16:05:53.582262+00:00,DION_001,120756,0.6751464743322215,SIMULATED,NORMAL
2026-06-17T16:05:53.593466+00:00,DION_001,120757,0.9709002932982193,SIMULATED,NORMAL
2026-06-17T16:05:53.604661+00:00,DION_001,120758,0.7044525029553006,SIMULATED,NORMAL
2026-06-17T16:05:53.615932+00:00,DION_001,120759,0.7637493635451716,SIMULATED,NORMAL
2026-06-17T16:05:53.627037+00:00,DION_001,120760,0.6058319483476476,SIMULATED,NORMAL
2026-06-17T16:05:53.638355+00:00,DION_001,120761,0.4848267329196211,SIMULATED,NORMAL
2026-06-17T16:05:53.649465+00:00,DION_001,120762,0.49867061269757706,SIMULATED,NORMAL
2026-06-17T16:05:53.660219+00:00,DION_001,120763,0.677394954348176,SIMULATED,NORMAL
2026-06-17T16:05:53.671131+00:00,DION_001,120764,0.719450477753707,SIMULATED,NORMAL
2026-06-17T16:05:53.682290+00:00,DION_001,120765,0.4829890453143562,SIMULATED,NORMAL
2026-06-17T16:05:53.693475+00:00,DION_001,120766,0.594043314427569,SIMULATED,NORMAL
2026-06-17T16:05:53.704523+00:00,DION_001,120767,0.5334199541192068,SIMULATED,NORMAL
2026-06-17T16:05:53.715437+00:00,DION_001,120768,0.37563956744266497,SIMULATED,NORMAL
2026-06-17T16:05:53.726755+00:00,DION_001,120769,0.4606516024642422,SIMULATED,NORMAL
2026-06-17T16:05:53.737928+00:00,DION_001,120770,0.321584303920665,SIMULATED,NORMAL
2026-06-17T16:05:53.749028+00:00,DION_001,120771,0.16086813489473864,SIMULATED,NORMAL
2026-06-17T16:05:53.759632+00:00,DION_001,120772,0.3908483785633099,SIMULATED,NORMAL
2026-06-17T16:05:53.770903+00:00,DION_001,120773,0.2063134804304417,SIMULATED,NORMAL
2026-06-17T16:05:53.781199+00:00,DION_001,120774,0.3621547170003999,SIMULATED,NORMAL
2026-06-17T16:05:53.792170+00:00,DION_001,120775,-0.030689574663731872,SIMULATED,NORMAL
2026-06-17T16:05:53.803002+00:00,DION_001,120776,0.16182091647462948,SIMULATED,NORMAL
2026-06-17T16:05:53.814133+00:00,DION_001,120777,0.1090785315579875,SIMULATED,NORMAL
2026-06-17T16:05:53.825214+00:00,DION_001,120778,-0.12110471531678872,SIMULATED,NORMAL
2026-06-17T16:05:53.836237+00:00,DION_001,120779,0.2720913603027138,SIMULATED,NORMAL
2026-06-17T16:05:53.847166+00:00,DION_001,120780,0.07861735269665343,SIMULATED,NORMAL
2026-06-17T16:05:53.858377+00:00,DION_001,120781,-0.2141605067945585,SIMULATED,NORMAL
2026-06-17T16:05:53.869621+00:00,DION_001,120782,-0.12659673771803526,SIMULATED,NORMAL
2026-06-17T16:05:53.880749+00:00,DION_001,120783,-0.08830667800916935,SIMULATED,NORMAL
2026-06-17T16:05:53.891717+00:00,DION_001,120784,-0.25532862676865664,SIMULATED,NORMAL
2026-06-17T16:05:53.903061+00:00,DION_001,120785,-0.24393676854119592,SIMULATED,NORMAL
2026-06-17T16:05:53.914282+00:00,DION_001,120786,-0.006174802681110592,SIMULATED,NORMAL
2026-06-17T16:05:53.925342+00:00,DION_001,120787,-0.07102967326041731,SIMULATED,NORMAL
2026-06-17T16:05:53.936425+00:00,DION_001,120788,-0.4367240811465256,SIMULATED,NORMAL
2026-06-17T16:05:53.947390+00:00,DION_001,120789,-2.699559581775829,SIMULATED,EVENT_DETECTED
2026-06-17T16:05:53.959150+00:00,DION_001,120790,-0.28482099939403704,SIMULATED,NORMAL
2026-06-17T16:05:53.970598+00:00,DION_001,120791,-0.30477290645553184,SIMULATED,NORMAL
2026-06-17T16:05:53.981824+00:00,DION_001,120792,-0.36608693225556926,SIMULATED,NORMAL
2026-06-17T16:05:53.993050+00:00,DION_001,120793,-0.5345671920942271,SIMULATED,NORMAL
2026-06-17T16:05:54.004099+00:00,DION_001,120794,-0.47626005185991704,SIMULATED,NORMAL
2026-06-17T16:05:54.015051+00:00,DION_001,120795,-0.3733929147587893,SIMULATED,NORMAL
2026-06-17T16:05:54.026319+00:00,DION_001,120796,-0.2298854903888747,SIMULATED,NORMAL
2026-06-17T16:05:54.037528+00:00,DION_001,120797,-0.05769487471320289,SIMULATED,NORMAL
2026-06-17T16:05:54.048220+00:00,DION_001,120798,-0.32839494433557403,SIMULATED,NORMAL
2026-06-17T16:05:54.059143+00:00,DION_001,120799,-0.3930682140829098,SIMULATED,NORMAL
2026-06-17T16:05:54.070523+00:00,DION_001,120800,-0.2199812804231151,SIMULATED,NORMAL
2026-06-17T16:05:54.081748+00:00,DION_001,120801,-0.2164104180425547,SIMULATED,NORMAL
2026-06-17T16:05:54.092848+00:00,DION_001,120802,-0.2622495488575806,SIMULATED,NORMAL
2026-06-17T16:05:54.103879+00:00,DION_001,120803,-0.09289487552835632,SIMULATED,NORMAL
2026-06-17T16:05:54.114881+00:00,DION_001,120804,-0.2863575269418868,SIMULATED,NORMAL
2026-06-17T16:05:54.126115+00:00,DION_001,120805,-0.20804579300890658,SIMULATED,NORMAL
2026-06-17T16:05:54.137319+00:00,DION_001,120806,-0.4434792626329692,SIMULATED,NORMAL
2026-06-17T16:05:54.148373+00:00,DION_001,120807,-0.3164793066662902,SIMULATED,NORMAL
2026-06-17T16:05:54.159547+00:00,DION_001,120808,-0.30766828729829476,SIMULATED,NORMAL
2026-06-17T16:05:54.170895+00:00,DION_001,120809,-0.31943661032956944,SIMULATED,NORMAL
2026-06-17T16:05:54.182384+00:00,DION_001,120810,-0.23907159679798687,SIMULATED,NORMAL
2026-06-17T16:05:54.193569+00:00,DION_001,120811,-0.6231495904451554,SIMULATED,NORMAL
2026-06-17T16:05:54.204616+00:00,DION_001,120812,-0.26875208085589375,SIMULATED,NORMAL
2026-06-17T16:05:54.215663+00:00,DION_001,120813,-0.3295970748357865,SIMULATED,NORMAL
2026-06-17T16:05:54.226611+00:00,DION_001,120814,0.12014393723693856,SIMULATED,NORMAL
2026-06-17T16:05:54.237961+00:00,DION_001,120815,0.0744748079971568,SIMULATED,NORMAL
2026-06-17T16:05:54.249156+00:00,DION_001,120816,-0.12015662233787595,SIMULATED,NORMAL
2026-06-17T16:05:54.260254+00:00,DION_001,120817,-0.01187759784042798,SIMULATED,NORMAL
2026-06-17T16:05:54.271213+00:00,DION_001,120818,-0.12884934091165307,SIMULATED,NORMAL
2026-06-17T16:05:54.282687+00:00,DION_001,120819,-0.08393623419780058,SIMULATED,NORMAL
2026-06-17T16:05:54.293933+00:00,DION_001,120820,0.08330609019898454,SIMULATED,NORMAL
2026-06-17T16:05:54.305093+00:00,DION_001,120821,0.23515634080210152,SIMULATED,NORMAL
2026-06-17T16:05:54.316102+00:00,DION_001,120822,-0.164037412722086,SIMULATED,NORMAL
2026-06-17T16:05:54.327050+00:00,DION_001,120823,-0.1800147977958232,SIMULATED,NORMAL
2026-06-17T16:05:54.338375+00:00,DION_001,120824,-0.013609531855443526,SIMULATED,NORMAL
2026-06-17T16:05:54.349584+00:00,DION_001,120825,-0.44240583264115074,SIMULATED,NORMAL
2026-06-17T16:05:54.360655+00:00,DION_001,120826,0.17453152780903247,SIMULATED,NORMAL
2026-06-17T16:05:54.371613+00:00,DION_001,120827,-0.05052240164772014,SIMULATED,NORMAL
2026-06-17T16:05:54.382994+00:00,DION_001,120828,0.02349047870514255,SIMULATED,NORMAL
2026-06-17T16:05:54.394400+00:00,DION_001,120829,-0.08815660231431018,SIMULATED,NORMAL
2026-06-17T16:05:54.405609+00:00,DION_001,120830,0.010662507168633983,SIMULATED,NORMAL
2026-06-17T16:05:54.416849+00:00,DION_001,120831,-0.06896828906970215,SIMULATED,NORMAL
2026-06-17T16:05:54.428001+00:00,DION_001,120832,-0.07913828278087165,SIMULATED,NORMAL
2026-06-17T16:05:54.438991+00:00,DION_001,120833,-0.047623037916876707,SIMULATED,NORMAL
2026-06-17T16:05:54.450307+00:00,DION_001,120834,-0.3026325072499329,SIMULATED,NORMAL
2026-06-17T16:05:54.461434+00:00,DION_001,120835,-0.010448027644993058,SIMULATED,NORMAL
2026-06-17T16:05:54.472689+00:00,DION_001,120836,-0.46271858239470476,SIMULATED,NORMAL
2026-06-17T16:05:54.483742+00:00,DION_001,120837,-0.21456241024809253,SIMULATED,NORMAL
2026-06-17T16:05:54.495015+00:00,DION_001,120838,-0.1818086238218029,SIMULATED,NORMAL
2026-06-17T16:05:54.506285+00:00,DION_001,120839,-0.5227969381970644,SIMULATED,NORMAL
2026-06-17T16:05:54.517551+00:00,DION_001,120840,-0.3244720606957479,SIMULATED,NORMAL
2026-06-17T16:05:54.528655+00:00,DION_001,120841,-0.6841760841555353,SIMULATED,NORMAL
2026-06-17T16:05:54.539741+00:00,DION_001,120842,-0.4747786186009432,SIMULATED,NORMAL
2026-06-17T16:05:54.550757+00:00,DION_001,120843,-0.3903850422683394,SIMULATED,NORMAL
2026-06-17T16:05:54.561978+00:00,DION_001,120844,-0.5239060567670801,SIMULATED,NORMAL
2026-06-17T16:05:54.573080+00:00,DION_001,120845,-0.5483059844307515,SIMULATED,NORMAL
2026-06-17T16:05:54.584154+00:00,DION_001,120846,-0.6737531201721653,SIMULATED,NORMAL
2026-06-17T16:05:54.595079+00:00,DION_001,120847,-0.5744766523040943,SIMULATED,NORMAL
2026-06-17T16:05:54.606325+00:00,DION_001,120848,-0.7919406513268775,SIMULATED,NORMAL
2026-06-17T16:05:54.617612+00:00,DION_001,120849,-0.5198495133550841,SIMULATED,NORMAL
2026-06-17T16:05:54.628743+00:00,DION_001,120850,-0.7652998341302968,SIMULATED,NORMAL
2026-06-17T16:05:54.639757+00:00,DION_001,120851,-0.8065148380668655,SIMULATED,NORMAL
2026-06-17T16:05:54.650723+00:00,DION_001,120852,-0.7886446907392528,SIMULATED,NORMAL
2026-06-17T16:05:54.661882+00:00,DION_001,120853,-0.8305561642057622,SIMULATED,NORMAL
2026-06-17T16:05:54.672981+00:00,DION_001,120854,-0.9184361802891158,SIMULATED,NORMAL
2026-06-17T16:05:54.683637+00:00,DION_001,120855,-0.9650076769321011,SIMULATED,NORMAL
2026-06-17T16:05:54.694999+00:00,DION_001,120856,-1.0403181603815628,SIMULATED,NORMAL
2026-06-17T16:05:54.706279+00:00,DION_001,120857,-1.1387049924964183,SIMULATED,NORMAL
2026-06-17T16:05:54.717405+00:00,DION_001,120858,-1.0561019795878186,SIMULATED,NORMAL
2026-06-17T16:05:54.728173+00:00,DION_001,120859,-1.23797013730452,SIMULATED,NORMAL
2026-06-17T16:05:54.739002+00:00,DION_001,120860,-1.3082481233656367,SIMULATED,NORMAL
2026-06-17T16:05:54.750163+00:00,DION_001,120861,-0.9242820855935748,SIMULATED,NORMAL
2026-06-17T16:05:54.761275+00:00,DION_001,120862,-1.0444615898590504,SIMULATED,NORMAL
2026-06-17T16:05:54.772314+00:00,DION_001,120863,-1.1666642994226755,SIMULATED,NORMAL
2026-06-17T16:05:54.783259+00:00,DION_001,120864,-1.093816335032387,SIMULATED,NORMAL
2026-06-17T16:05:54.794507+00:00,DION_001,120865,-1.152211336131583,SIMULATED,NORMAL
2026-06-17T16:05:54.806011+00:00,DION_001,120866,-1.0582499673024985,SIMULATED,NORMAL
2026-06-17T16:05:54.817059+00:00,DION_001,120867,-1.237526397482275,SIMULATED,NORMAL
2026-06-17T16:05:54.828015+00:00,DION_001,120868,-1.1292159527527923,SIMULATED,NORMAL
2026-06-17T16:05:54.838831+00:00,DION_001,120869,-1.153063692205803,SIMULATED,NORMAL
2026-06-17T16:05:54.850030+00:00,DION_001,120870,-1.207143008947908,SIMULATED,NORMAL
2026-06-17T16:05:54.861012+00:00,DION_001,120871,-0.8852259452124281,SIMULATED,NORMAL
2026-06-17T16:05:54.871877+00:00,DION_001,120872,-1.1366172501094525,SIMULATED,NORMAL
2026-06-17T16:05:54.882813+00:00,DION_001,120873,-1.0027288751727046,SIMULATED,NORMAL
2026-06-17T16:05:54.893985+00:00,DION_001,120874,-1.132534384540348,SIMULATED,NORMAL
2026-06-17T16:05:54.905114+00:00,DION_001,120875,-0.9775719196096658,SIMULATED,NORMAL
2026-06-17T16:05:54.916008+00:00,DION_001,120876,-0.9520297272213475,SIMULATED,NORMAL
2026-06-17T16:05:54.926827+00:00,DION_001,120877,1.6167731515257584,SIMULATED,NORMAL
2026-06-17T16:05:54.938096+00:00,DION_001,120878,-0.8785918729277687,SIMULATED,NORMAL
2026-06-17T16:05:54.949279+00:00,DION_001,120879,-0.9748287922546962,SIMULATED,NORMAL
2026-06-17T16:05:54.960464+00:00,DION_001,120880,-0.8801524199615157,SIMULATED,NORMAL
2026-06-17T16:05:54.971472+00:00,DION_001,120881,-1.2793929019078856,SIMULATED,NORMAL
2026-06-17T16:05:54.982852+00:00,DION_001,120882,-0.8434335645186752,SIMULATED,NORMAL
2026-06-17T16:05:54.994098+00:00,DION_001,120883,-0.9086069794377317,SIMULATED,NORMAL
2026-06-17T16:05:55.005244+00:00,DION_001,120884,-0.9418741515127271,SIMULATED,NORMAL
2026-06-17T16:05:55.016400+00:00,DION_001,120885,-0.8302412663425504,SIMULATED,NORMAL
2026-06-17T16:05:55.027448+00:00,DION_001,120886,-0.665197746401412,SIMULATED,NORMAL
2026-06-17T16:05:55.038757+00:00,DION_001,120887,-0.6229648424197841,SIMULATED,NORMAL
2026-06-17T16:05:55.049912+00:00,DION_001,120888,-0.6342425617370111,SIMULATED,NORMAL
2026-06-17T16:05:55.061015+00:00,DION_001,120889,-0.6787267001691799,SIMULATED,NORMAL
2026-06-17T16:05:55.072071+00:00,DION_001,120890,-0.383098690152172,SIMULATED,NORMAL
2026-06-17T16:05:55.083028+00:00,DION_001,120891,-0.714583476389818,SIMULATED,NORMAL
2026-06-17T16:05:55.094264+00:00,DION_001,120892,-0.41203097526341886,SIMULATED,NORMAL
2026-06-17T16:05:55.105449+00:00,DION_001,120893,-0.7716888587463588,SIMULATED,NORMAL
2026-06-17T16:05:55.116591+00:00,DION_001,120894,-0.30738841816839324,SIMULATED,NORMAL
2026-06-17T16:05:55.127600+00:00,DION_001,120895,-0.17474974311798758,SIMULATED,NORMAL
2026-06-17T16:05:55.138888+00:00,DION_001,120896,-0.3432249250827095,SIMULATED,NORMAL
2026-06-17T16:05:55.150301+00:00,DION_001,120897,-0.2670468935756819,SIMULATED,NORMAL
2026-06-17T16:05:55.161466+00:00,DION_001,120898,-0.39006356136027664,SIMULATED,NORMAL
2026-06-17T16:05:55.172653+00:00,DION_001,120899,-0.4290650021431757,SIMULATED,NORMAL
2026-06-17T16:05:55.183748+00:00,DION_001,120900,-0.5109026995652242,SIMULATED,NORMAL
2026-06-17T16:05:55.194672+00:00,DION_001,120901,-0.2929906070698327,SIMULATED,NORMAL
2026-06-17T16:05:55.205886+00:00,DION_001,120902,-0.4908587450432142,SIMULATED,NORMAL
2026-06-17T16:05:55.217030+00:00,DION_001,120903,-0.24005241590005288,SIMULATED,NORMAL
2026-06-17T16:05:55.228183+00:00,DION_001,120904,-0.3399467269688693,SIMULATED,NORMAL
2026-06-17T16:05:55.239259+00:00,DION_001,120905,2.012628119061047,SIMULATED,EVENT_DETECTED
2026-06-17T16:05:55.250661+00:00,DION_001,120906,-0.23959698469871898,SIMULATED,NORMAL
2026-06-17T16:05:55.261040+00:00,DION_001,120907,-0.4671022323293334,SIMULATED,NORMAL
2026-06-17T16:05:55.271765+00:00,DION_001,120908,-0.1274988510254597,SIMULATED,NORMAL
2026-06-17T16:05:55.282531+00:00,DION_001,120909,-0.5331889281297896,SIMULATED,NORMAL
2026-06-17T16:05:55.293366+00:00,DION_001,120910,-0.26916473441797695,SIMULATED,NORMAL
2026-06-17T16:05:55.304463+00:00,DION_001,120911,-0.3839245273632908,SIMULATED,NORMAL
2026-06-17T16:05:55.315469+00:00,DION_001,120912,-0.19836451040973763,SIMULATED,NORMAL
2026-06-17T16:05:55.326749+00:00,DION_001,120913,-0.7325547609544587,SIMULATED,NORMAL
2026-06-17T16:05:55.338100+00:00,DION_001,120914,-0.44823714450464425,SIMULATED,NORMAL
2026-06-17T16:05:55.349269+00:00,DION_001,120915,-0.2105709080672783,SIMULATED,NORMAL
2026-06-17T16:05:55.360432+00:00,DION_001,120916,-0.3676865790976107,SIMULATED,NORMAL
2026-06-17T16:05:55.371679+00:00,DION_001,120917,-0.39845456560054254,SIMULATED,NORMAL
2026-06-17T16:05:55.383004+00:00,DION_001,120918,-0.7663298663896883,SIMULATED,NORMAL
2026-06-17T16:05:55.394215+00:00,DION_001,120919,-0.46960617095361806,SIMULATED,NORMAL
2026-06-17T16:05:55.405317+00:00,DION_001,120920,-0.27071816325000503,SIMULATED,NORMAL
2026-06-17T16:05:55.415892+00:00,DION_001,120921,-0.5164493064845329,SIMULATED,NORMAL
2026-06-17T16:05:55.426757+00:00,DION_001,120922,-0.9419509486902866,SIMULATED,NORMAL
2026-06-17T16:05:55.437805+00:00,DION_001,120923,-0.611595298240144,SIMULATED,NORMAL
2026-06-17T16:05:55.448923+00:00,DION_001,120924,-0.702209294792751,SIMULATED,NORMAL
2026-06-17T16:05:55.459949+00:00,DION_001,120925,-0.688612648349265,SIMULATED,NORMAL
2026-06-17T16:05:55.470815+00:00,DION_001,120926,-0.8527637362328833,SIMULATED,NORMAL
2026-06-17T16:05:55.481282+00:00,DION_001,120927,-0.5424285716109694,SIMULATED,NORMAL
2026-06-17T16:05:55.491709+00:00,DION_001,120928,-0.7549416209437181,SIMULATED,NORMAL
2026-06-17T16:05:55.502163+00:00,DION_001,120929,-0.9162653137166318,SIMULATED,NORMAL
2026-06-17T16:05:55.512512+00:00,DION_001,120930,-0.8562500456653792,SIMULATED,NORMAL
2026-06-17T16:05:55.522893+00:00,DION_001,120931,-0.9772225409631021,SIMULATED,NORMAL
2026-06-17T16:05:55.533298+00:00,DION_001,120932,-0.8763006522072987,SIMULATED,NORMAL
2026-06-17T16:05:55.543671+00:00,DION_001,120933,1.4721678190336365,SIMULATED,NORMAL
2026-06-17T16:05:55.554359+00:00,DION_001,120934,-0.7869363978496361,SIMULATED,NORMAL
2026-06-17T16:05:55.564783+00:00,DION_001,120935,-2.7037976760274387,SIMULATED,EVENT_DETECTED
2026-06-17T16:05:55.575404+00:00,DION_001,120936,-0.9423461333818135,SIMULATED,NORMAL
2026-06-17T16:05:55.585822+00:00,DION_001,120937,-0.5765906976783595,SIMULATED,NORMAL
2026-06-17T16:05:55.596224+00:00,DION_001,120938,-0.9048172516364635,SIMULATED,NORMAL
2026-06-17T16:05:55.606629+00:00,DION_001,120939,-1.0069175027086021,SIMULATED,NORMAL
2026-06-17T16:05:55.616985+00:00,DION_001,120940,-0.6448310201604492,SIMULATED,NORMAL
2026-06-17T16:05:55.627435+00:00,DION_001,120941,-1.0669642654628733,SIMULATED,NORMAL
2026-06-17T16:05:55.637837+00:00,DION_001,120942,-0.9269861046019793,SIMULATED,NORMAL
2026-06-17T16:05:55.648259+00:00,DION_001,120943,-0.858035369261934,SIMULATED,NORMAL
2026-06-17T16:05:55.658817+00:00,DION_001,120944,-1.096108374268368,SIMULATED,NORMAL
2026-06-17T16:05:55.669319+00:00,DION_001,120945,-0.7455743595449212,SIMULATED,NORMAL
2026-06-17T16:05:55.679730+00:00,DION_001,120946,-0.6389945092440844,SIMULATED,NORMAL
2026-06-17T16:05:55.690131+00:00,DION_001,120947,-0.5948823262171121,SIMULATED,NORMAL
2026-06-17T16:05:55.700648+00:00,DION_001,120948,-0.8369155652430582,SIMULATED,NORMAL
2026-06-17T16:05:55.711033+00:00,DION_001,120949,-0.7741658212131716,SIMULATED,NORMAL
2026-06-17T16:05:55.721380+00:00,DION_001,120950,-0.7807470533485117,SIMULATED,NORMAL
2026-06-17T16:05:55.731717+00:00,DION_001,120951,-0.6757883735169041,SIMULATED,NORMAL
2026-06-17T16:05:55.742205+00:00,DION_001,120952,-0.6004061875931432,SIMULATED,NORMAL
2026-06-17T16:05:55.752600+00:00,DION_001,120953,-0.37057709687057205,SIMULATED,NORMAL
2026-06-17T16:05:55.763192+00:00,DION_001,120954,-0.7416955903945901,SIMULATED,NORMAL
2026-06-17T16:05:55.773556+00:00,DION_001,120955,-0.3634708006031474,SIMULATED,NORMAL
2026-06-17T16:05:55.783918+00:00,DION_001,120956,-0.5053040358825793,SIMULATED,NORMAL
2026-06-17T16:05:55.794414+00:00,DION_001,120957,-0.5245026948668404,SIMULATED,NORMAL
2026-06-17T16:05:55.804698+00:00,DION_001,120958,-0.4418717797623798,SIMULATED,NORMAL
2026-06-17T16:05:55.815018+00:00,DION_001,120959,-0.3432710167802041,SIMULATED,NORMAL
2026-06-17T16:05:55.825340+00:00,DION_001,120960,-0.22326728343905394,SIMULATED,NORMAL
2026-06-17T16:05:55.835585+00:00,DION_001,120961,-0.3149374599733272,SIMULATED,NORMAL
2026-06-17T16:05:55.845898+00:00,DION_001,120962,1.518739764503548,SIMULATED,NORMAL
2026-06-17T16:05:55.856390+00:00,DION_001,120963,-0.16341420103854265,SIMULATED,NORMAL
2026-06-17T16:05:55.866675+00:00,DION_001,120964,-0.008587442520510427,SIMULATED,NORMAL
2026-06-17T16:05:55.877027+00:00,DION_001,120965,-0.4361495541038417,SIMULATED,NORMAL
2026-06-17T16:05:55.887366+00:00,DION_001,120966,-0.016468376434333923,SIMULATED,NORMAL
2026-06-17T16:05:55.897744+00:00,DION_001,120967,0.23159489416802959,SIMULATED,NORMAL
2026-06-17T16:05:55.908083+00:00,DION_001,120968,0.03805294923415123,SIMULATED,NORMAL
2026-06-17T16:05:55.918336+00:00,DION_001,120969,0.2127018207667784,SIMULATED,NORMAL
2026-06-17T16:05:55.928783+00:00,DION_001,120970,0.41444981500435174,SIMULATED,NORMAL
2026-06-17T16:05:55.939109+00:00,DION_001,120971,0.30611461734183903,SIMULATED,NORMAL
2026-06-17T16:05:55.949362+00:00,DION_001,120972,0.1452650469703198,SIMULATED,NORMAL
2026-06-17T16:05:55.959641+00:00,DION_001,120973,0.09144800791545404,SIMULATED,NORMAL
2026-06-17T16:05:55.969985+00:00,DION_001,120974,0.46889890601321504,SIMULATED,NORMAL
2026-06-17T16:05:55.980366+00:00,DION_001,120975,0.08341717276112398,SIMULATED,NORMAL
2026-06-17T16:05:55.990757+00:00,DION_001,120976,0.21554551954342283,SIMULATED,NORMAL
2026-06-17T16:05:56.001140+00:00,DION_001,120977,0.413017320317977,SIMULATED,NORMAL
2026-06-17T16:05:56.011627+00:00,DION_001,120978,0.4452447437411127,SIMULATED,NORMAL
2026-06-17T16:05:56.022180+00:00,DION_001,120979,0.299160832056401,SIMULATED,NORMAL
2026-06-17T16:05:56.032651+00:00,DION_001,120980,-0.14227491317156982,SIMULATED,NORMAL
2026-06-17T16:05:56.043113+00:00,DION_001,120981,0.22953467159821264,SIMULATED,NORMAL
2026-06-17T16:05:56.053505+00:00,DION_001,120982,0.2978463880290527,SIMULATED,NORMAL
2026-06-17T16:05:56.063906+00:00,DION_001,120983,0.5033680154090522,SIMULATED,NORMAL
2026-06-17T16:05:56.074243+00:00,DION_001,120984,0.45564503125493644,SIMULATED,NORMAL
2026-06-17T16:05:56.084585+00:00,DION_001,120985,0.4187079811175801,SIMULATED,NORMAL
2026-06-17T16:05:56.094942+00:00,DION_001,120986,0.14377230556689874,SIMULATED,NORMAL
2026-06-17T16:05:56.105454+00:00,DION_001,120987,0.5639670700548497,SIMULATED,NORMAL
2026-06-17T16:05:56.115825+00:00,DION_001,120988,0.5506275533560278,SIMULATED,NORMAL
2026-06-17T16:05:56.126270+00:00,DION_001,120989,0.4579380439337324,SIMULATED,NORMAL
2026-06-17T16:05:56.136644+00:00,DION_001,120990,0.4555331076264432,SIMULATED,NORMAL
2026-06-17T16:05:56.147068+00:00,DION_001,120991,0.6139329381287013,SIMULATED,NORMAL
2026-06-17T16:05:56.157504+00:00,DION_001,120992,0.41247182209193567,SIMULATED,NORMAL
2026-06-17T16:05:56.167894+00:00,DION_001,120993,0.3170815118219096,SIMULATED,NORMAL
2026-06-17T16:05:56.178212+00:00,DION_001,120994,0.2934345313709804,SIMULATED,NORMAL
2026-06-17T16:05:56.188640+00:00,DION_001,120995,0.5443633079994593,SIMULATED,NORMAL
2026-06-17T16:05:56.199137+00:00,DION_001,120996,0.45881181911115765,SIMULATED,NORMAL
2026-06-17T16:05:56.209538+00:00,DION_001,120997,0.29075528623153857,SIMULATED,NORMAL
2026-06-17T16:05:56.220076+00:00,DION_001,120998,0.39558181661710395,SIMULATED,NORMAL
2026-06-17T16:05:56.230491+00:00,DION_001,120999,0.6050071007802905,SIMULATED,NORMAL
2026-06-17T16:05:56.240942+00:00,DION_001,121000,0.17307460441785416,SIMULATED,NORMAL
2026-06-17T16:05:56.251322+00:00,DION_001,121001,0.250865687448931,SIMULATED,NORMAL
2026-06-17T16:05:56.261741+00:00,DION_001,121002,0.04840068358911198,SIMULATED,NORMAL
2026-06-17T16:05:56.272156+00:00,DION_001,121003,0.03424474307640793,SIMULATED,NORMAL
2026-06-17T16:05:56.282545+00:00,DION_001,121004,0.23671294019445982,SIMULATED,NORMAL
2026-06-17T16:05:56.292953+00:00,DION_001,121005,0.19324777082908548,SIMULATED,NORMAL
2026-06-17T16:05:56.303354+00:00,DION_001,121006,-0.19641255654473153,SIMULATED,NORMAL
2026-06-17T16:05:56.313731+00:00,DION_001,121007,0.188268454084343,SIMULATED,NORMAL
2026-06-17T16:05:56.324159+00:00,DION_001,121008,0.30937440223834417,SIMULATED,NORMAL
2026-06-17T16:05:56.334675+00:00,DION_001,121009,0.18461188490605643,SIMULATED,NORMAL
2026-06-17T16:05:56.344961+00:00,DION_001,121010,0.03999260436422909,SIMULATED,NORMAL
2026-06-17T16:05:56.355300+00:00,DION_001,121011,0.06730626562140482,SIMULATED,NORMAL
2026-06-17T16:05:56.365754+00:00,DION_001,121012,0.027207638192976044,SIMULATED,NORMAL
2026-06-17T16:05:56.376160+00:00,DION_001,121013,0.19909971585270203,SIMULATED,NORMAL
2026-06-17T16:05:56.386658+00:00,DION_001,121014,-0.024877485756380213,SIMULATED,NORMAL
2026-06-17T16:05:56.397102+00:00,DION_001,121015,0.17003268805466323,SIMULATED,NORMAL
2026-06-17T16:05:56.407539+00:00,DION_001,121016,0.2201008881664391,SIMULATED,NORMAL
2026-06-17T16:05:56.417977+00:00,DION_001,121017,0.21177429060211128,SIMULATED,NORMAL
2026-06-17T16:05:56.428381+00:00,DION_001,121018,0.023740384274050078,SIMULATED,NORMAL
2026-06-17T16:05:56.438782+00:00,DION_001,121019,0.02971286172774802,SIMULATED,NORMAL
2026-06-17T16:05:56.449322+00:00,DION_001,121020,0.10573720011580176,SIMULATED,NORMAL
2026-06-17T16:05:56.459885+00:00,DION_001,121021,-0.0010207015807679742,SIMULATED,NORMAL
2026-06-17T16:05:56.470429+00:00,DION_001,121022,-0.10461289579978772,SIMULATED,NORMAL
2026-06-17T16:05:56.481050+00:00,DION_001,121023,0.04025585163130979,SIMULATED,NORMAL
2026-06-17T16:05:56.491518+00:00,DION_001,121024,0.32503227437034143,SIMULATED,NORMAL
2026-06-17T16:05:56.501949+00:00,DION_001,121025,-0.07472168184249339,SIMULATED,NORMAL
2026-06-17T16:05:56.512435+00:00,DION_001,121026,0.2522650675469354,SIMULATED,NORMAL
2026-06-17T16:05:56.522843+00:00,DION_001,121027,0.17451556304337631,SIMULATED,NORMAL
2026-06-17T16:05:56.533366+00:00,DION_001,121028,0.12260689302461608,SIMULATED,NORMAL
2026-06-17T16:05:56.543809+00:00,DION_001,121029,0.26002120006163343,SIMULATED,NORMAL
2026-06-17T16:05:56.554416+00:00,DION_001,121030,0.47657191328266135,SIMULATED,NORMAL
2026-06-17T16:05:56.564851+00:00,DION_001,121031,0.18641523826285142,SIMULATED,NORMAL
2026-06-17T16:05:56.575290+00:00,DION_001,121032,0.434689156116761,SIMULATED,NORMAL
2026-06-17T16:05:56.585718+00:00,DION_001,121033,0.15325669060088054,SIMULATED,NORMAL
2026-06-17T16:05:56.596082+00:00,DION_001,121034,0.27649587763239847,SIMULATED,NORMAL
2026-06-17T16:05:56.606495+00:00,DION_001,121035,0.41746707018183127,SIMULATED,NORMAL
2026-06-17T16:05:56.616911+00:00,DION_001,121036,0.5019938136558607,SIMULATED,NORMAL
2026-06-17T16:05:56.627364+00:00,DION_001,121037,0.6030091744259339,SIMULATED,NORMAL
2026-06-17T16:05:56.637827+00:00,DION_001,121038,0.41054160020605646,SIMULATED,NORMAL
2026-06-17T16:05:56.648196+00:00,DION_001,121039,0.5023342725517519,SIMULATED,NORMAL
2026-06-17T16:05:56.658566+00:00,DION_001,121040,0.3122295699288323,SIMULATED,NORMAL
2026-06-17T16:05:56.668957+00:00,DION_001,121041,0.864042761783554,SIMULATED,NORMAL
2026-06-17T16:05:56.679297+00:00,DION_001,121042,0.5799435671943195,SIMULATED,NORMAL
2026-06-17T16:05:56.689550+00:00,DION_001,121043,0.5463504966778541,SIMULATED,NORMAL
2026-06-17T16:05:56.699923+00:00,DION_001,121044,0.6672091259829211,SIMULATED,NORMAL
2026-06-17T16:05:56.710369+00:00,DION_001,121045,0.8365740823204622,SIMULATED,NORMAL
2026-06-17T16:05:56.720763+00:00,DION_001,121046,0.9373089666645908,SIMULATED,NORMAL
2026-06-17T16:05:56.731279+00:00,DION_001,121047,0.6901078237997633,SIMULATED,NORMAL
2026-06-17T16:05:56.741721+00:00,DION_001,121048,1.0929145811340053,SIMULATED,NORMAL
2026-06-17T16:05:56.752149+00:00,DION_001,121049,0.9874449192649936,SIMULATED,NORMAL
2026-06-17T16:05:56.762517+00:00,DION_001,121050,0.9179668067555724,SIMULATED,NORMAL
2026-06-17T16:05:56.772894+00:00,DION_001,121051,0.6792923796791488,SIMULATED,NORMAL
2026-06-17T16:05:56.783238+00:00,DION_001,121052,1.1644975918050833,SIMULATED,NORMAL
2026-06-17T16:05:56.793742+00:00,DION_001,121053,2.913545226054037,SIMULATED,EVENT_DETECTED
2026-06-17T16:05:56.804367+00:00,DION_001,121054,1.0551085369419206,SIMULATED,NORMAL
2026-06-17T16:05:56.814681+00:00,DION_001,121055,1.1966794244852428,SIMULATED,NORMAL
2026-06-17T16:05:56.824997+00:00,DION_001,121056,0.6492021758515124,SIMULATED,NORMAL
2026-06-17T16:05:56.835297+00:00,DION_001,121057,1.4493685476055083,SIMULATED,NORMAL
2026-06-17T16:05:56.845666+00:00,DION_001,121058,1.3115116934739621,SIMULATED,NORMAL
2026-06-17T16:05:56.856032+00:00,DION_001,121059,0.9877690616770447,SIMULATED,NORMAL
2026-06-17T16:05:56.866316+00:00,DION_001,121060,1.2987136923368958,SIMULATED,NORMAL
2026-06-17T16:05:56.876621+00:00,DION_001,121061,1.0579069490628354,SIMULATED,NORMAL
2026-06-17T16:05:56.886848+00:00,DION_001,121062,1.1573818257999846,SIMULATED,NORMAL
2026-06-17T16:05:56.897148+00:00,DION_001,121063,1.3590528314377635,SIMULATED,NORMAL
2026-06-17T16:05:56.907454+00:00,DION_001,121064,1.3135532030305308,SIMULATED,NORMAL
2026-06-17T16:05:56.917779+00:00,DION_001,121065,1.428667821436016,SIMULATED,NORMAL
2026-06-17T16:05:56.928161+00:00,DION_001,121066,1.3216343435032198,SIMULATED,NORMAL
2026-06-17T16:05:56.938498+00:00,DION_001,121067,1.1865632204987855,SIMULATED,NORMAL
2026-06-17T16:05:56.948847+00:00,DION_001,121068,1.060680626695395,SIMULATED,NORMAL
2026-06-17T16:05:56.959140+00:00,DION_001,121069,1.3165880335246698,SIMULATED,NORMAL
2026-06-17T16:05:56.969463+00:00,DION_001,121070,1.0704221694259661,SIMULATED,NORMAL
2026-06-17T16:05:56.979753+00:00,DION_001,121071,1.0800772475165727,SIMULATED,NORMAL
2026-06-17T16:05:56.990120+00:00,DION_001,121072,1.102167333689122,SIMULATED,NORMAL
2026-06-17T16:05:57.000434+00:00,DION_001,121073,0.9899800406281427,SIMULATED,NORMAL
2026-06-17T16:05:57.010732+00:00,DION_001,121074,1.0109904740361855,SIMULATED,NORMAL
2026-06-17T16:05:57.021241+00:00,DION_001,121075,1.0933400711562162,SIMULATED,NORMAL
2026-06-17T16:05:57.031551+00:00,DION_001,121076,0.501438974171871,SIMULATED,NORMAL
2026-06-17T16:05:57.041827+00:00,DION_001,121077,0.8695300919840603,SIMULATED,NORMAL
2026-06-17T16:05:57.052151+00:00,DION_001,121078,1.0539843006041247,SIMULATED,NORMAL
2026-06-17T16:05:57.062520+00:00,DION_001,121079,0.9944486472714849,SIMULATED,NORMAL
2026-06-17T16:05:57.072887+00:00,DION_001,121080,0.8735675180697897,SIMULATED,NORMAL
2026-06-17T16:05:57.083226+00:00,DION_001,121081,0.8130161244277212,SIMULATED,NORMAL
2026-06-17T16:05:57.093594+00:00,DION_001,121082,0.9586819046313011,SIMULATED,NORMAL
2026-06-17T16:05:57.104080+00:00,DION_001,121083,0.9208965327104945,SIMULATED,NORMAL
2026-06-17T16:05:57.114492+00:00,DION_001,121084,0.5650507269334836,SIMULATED,NORMAL
2026-06-17T16:05:57.124888+00:00,DION_001,121085,0.7597112508584171,SIMULATED,NORMAL
2026-06-17T16:05:57.135255+00:00,DION_001,121086,0.75733892733316,SIMULATED,NORMAL
2026-06-17T16:05:57.145769+00:00,DION_001,121087,0.6285854621912093,SIMULATED,NORMAL
2026-06-17T16:05:57.156206+00:00,DION_001,121088,0.5118154814566004,SIMULATED,NORMAL
2026-06-17T16:05:57.166600+00:00,DION_001,121089,0.6663915283735327,SIMULATED,NORMAL
2026-06-17T16:05:57.177013+00:00,DION_001,121090,0.5261887526151312,SIMULATED,NORMAL
2026-06-17T16:05:57.187445+00:00,DION_001,121091,0.8937060066709396,SIMULATED,NORMAL
2026-06-17T16:05:57.197867+00:00,DION_001,121092,0.4688606460745845,SIMULATED,NORMAL
2026-06-17T16:05:57.208225+00:00,DION_001,121093,0.43822038322450896,SIMULATED,NORMAL
2026-06-17T16:05:57.218565+00:00,DION_001,121094,0.32210524528866297,SIMULATED,NORMAL
2026-06-17T16:05:57.229066+00:00,DION_001,121095,0.24805504427671562,SIMULATED,NORMAL
2026-06-17T16:05:57.239590+00:00,DION_001,121096,0.2266480570211542,SIMULATED,NORMAL
2026-06-17T16:05:57.250031+00:00,DION_001,121097,0.24560822761655277,SIMULATED,NORMAL
2026-06-17T16:05:57.260381+00:00,DION_001,121098,0.0777774240861383,SIMULATED,NORMAL
2026-06-17T16:05:57.270971+00:00,DION_001,121099,0.164351208311834,SIMULATED,NORMAL
2026-06-17T16:05:57.281449+00:00,DION_001,121100,0.11450827263735971,SIMULATED,NORMAL
2026-06-17T16:05:57.291877+00:00,DION_001,121101,0.2623488955062316,SIMULATED,NORMAL
2026-06-17T16:05:57.302226+00:00,DION_001,121102,0.25500865031239933,SIMULATED,NORMAL
2026-06-17T16:05:57.312607+00:00,DION_001,121103,0.2518244686650596,SIMULATED,NORMAL
2026-06-17T16:05:57.323013+00:00,DION_001,121104,0.4744503283122029,SIMULATED,NORMAL
2026-06-17T16:05:57.333580+00:00,DION_001,121105,0.3363624057864384,SIMULATED,NORMAL
2026-06-17T16:05:57.344093+00:00,DION_001,121106,0.498443236500638,SIMULATED,NORMAL
2026-06-17T16:05:57.354498+00:00,DION_001,121107,0.3265982261483396,SIMULATED,NORMAL
2026-06-17T16:05:57.365111+00:00,DION_001,121108,0.4038373893507113,SIMULATED,NORMAL
2026-06-17T16:05:57.375521+00:00,DION_001,121109,0.2079972056428168,SIMULATED,NORMAL
2026-06-17T16:05:57.385910+00:00,DION_001,121110,0.47746469926686486,SIMULATED,NORMAL
2026-06-17T16:05:57.396395+00:00,DION_001,121111,0.30164753982986003,SIMULATED,NORMAL
2026-06-17T16:05:57.406761+00:00,DION_001,121112,0.5191191291893699,SIMULATED,NORMAL
2026-06-17T16:05:57.417374+00:00,DION_001,121113,0.3166526791559331,SIMULATED,NORMAL
2026-06-17T16:05:57.427773+00:00,DION_001,121114,0.2669488134831126,SIMULATED,NORMAL
2026-06-17T16:05:57.438243+00:00,DION_001,121115,0.5129697869182906,SIMULATED,NORMAL
2026-06-17T16:05:57.448638+00:00,DION_001,121116,0.6134535678637305,SIMULATED,NORMAL
2026-06-17T16:05:57.459231+00:00,DION_001,121117,0.34969354203512026,SIMULATED,NORMAL
2026-06-17T16:05:57.469515+00:00,DION_001,121118,0.27675890532538716,SIMULATED,NORMAL
2026-06-17T16:05:57.479928+00:00,DION_001,121119,0.38586637101896826,SIMULATED,NORMAL
2026-06-17T16:05:57.490331+00:00,DION_001,121120,0.5983865287513405,SIMULATED,NORMAL
2026-06-17T16:05:57.500829+00:00,DION_001,121121,0.4619822315771336,SIMULATED,NORMAL
2026-06-17T16:05:57.511288+00:00,DION_001,121122,0.7084212422956183,SIMULATED,NORMAL
2026-06-17T16:05:57.521670+00:00,DION_001,121123,0.5215560425921,SIMULATED,NORMAL
2026-06-17T16:05:57.532165+00:00,DION_001,121124,0.555270148007853,SIMULATED,NORMAL
2026-06-17T16:05:57.542528+00:00,DION_001,121125,0.5247784383294,SIMULATED,NORMAL
2026-06-17T16:05:57.552937+00:00,DION_001,121126,0.7548646637882752,SIMULATED,NORMAL
2026-06-17T16:05:57.563487+00:00,DION_001,121127,0.6557825094582272,SIMULATED,NORMAL
2026-06-17T16:05:57.573950+00:00,DION_001,121128,0.9149493958421261,SIMULATED,NORMAL
2026-06-17T16:05:57.584328+00:00,DION_001,121129,0.708951429773299,SIMULATED,NORMAL
2026-06-17T16:05:57.594726+00:00,DION_001,121130,0.9471094263358292,SIMULATED,NORMAL
2026-06-17T16:05:57.605124+00:00,DION_001,121131,0.7717984507971798,SIMULATED,NORMAL
2026-06-17T16:05:57.615574+00:00,DION_001,121132,0.7474491006192785,SIMULATED,NORMAL
2026-06-17T16:05:57.626104+00:00,DION_001,121133,0.8341656574900843,SIMULATED,NORMAL
2026-06-17T16:05:57.636521+00:00,DION_001,121134,0.7418928755191296,SIMULATED,NORMAL
2026-06-17T16:05:57.646968+00:00,DION_001,121135,0.622859795103275,SIMULATED,NORMAL
2026-06-17T16:05:57.657327+00:00,DION_001,121136,0.618231921773621,SIMULATED,NORMAL
2026-06-17T16:05:57.667725+00:00,DION_001,121137,0.7924810607487355,SIMULATED,NORMAL
2026-06-17T16:05:57.678197+00:00,DION_001,121138,0.6256434103145581,SIMULATED,NORMAL
2026-06-17T16:05:57.688595+00:00,DION_001,121139,0.6957285374990542,SIMULATED,NORMAL
2026-06-17T16:05:57.698992+00:00,DION_001,121140,-1.526016420052882,SIMULATED,NORMAL
2026-06-17T16:05:57.709571+00:00,DION_001,121141,0.8856134665624459,SIMULATED,NORMAL
2026-06-17T16:05:57.720037+00:00,DION_001,121142,0.7513673373830837,SIMULATED,NORMAL
2026-06-17T16:05:57.730566+00:00,DION_001,121143,0.774642153734883,SIMULATED,NORMAL
2026-06-17T16:05:57.740904+00:00,DION_001,121144,0.813466754183426,SIMULATED,NORMAL
2026-06-17T16:05:57.751347+00:00,DION_001,121145,0.8538360056598403,SIMULATED,NORMAL
2026-06-17T16:05:57.761742+00:00,DION_001,121146,0.5830089176403553,SIMULATED,NORMAL
2026-06-17T16:05:57.772326+00:00,DION_001,121147,0.7750365234447565,SIMULATED,NORMAL
2026-06-17T16:05:57.782831+00:00,DION_001,121148,0.4936034636199341,SIMULATED,NORMAL
2026-06-17T16:05:57.793409+00:00,DION_001,121149,0.6089209353186941,SIMULATED,NORMAL
2026-06-17T16:05:57.803802+00:00,DION_001,121150,0.6627098019316869,SIMULATED,NORMAL
2026-06-17T16:05:57.814438+00:00,DION_001,121151,0.586483623397081,SIMULATED,NORMAL
2026-06-17T16:05:57.824948+00:00,DION_001,121152,0.5022538287952252,SIMULATED,NORMAL
2026-06-17T16:05:57.835266+00:00,DION_001,121153,0.28967899500134736,SIMULATED,NORMAL
2026-06-17T16:05:57.845646+00:00,DION_001,121154,0.3291006171925317,SIMULATED,NORMAL
2026-06-17T16:05:57.855960+00:00,DION_001,121155,0.4707216270414147,SIMULATED,NORMAL
2026-06-17T16:05:57.866220+00:00,DION_001,121156,0.3724081917586598,SIMULATED,NORMAL
2026-06-17T16:05:57.876567+00:00,DION_001,121157,0.3097594845424772,SIMULATED,NORMAL
2026-06-17T16:05:57.886935+00:00,DION_001,121158,0.1087502971082886,SIMULATED,NORMAL
2026-06-17T16:05:57.897277+00:00,DION_001,121159,0.0033253328510688407,SIMULATED,NORMAL
2026-06-17T16:05:57.907666+00:00,DION_001,121160,0.1808096491651761,SIMULATED,NORMAL
2026-06-17T16:05:57.918050+00:00,DION_001,121161,0.07324182267841643,SIMULATED,NORMAL
2026-06-17T16:05:57.928346+00:00,DION_001,121162,0.002442511117547834,SIMULATED,NORMAL
2026-06-17T16:05:57.938698+00:00,DION_001,121163,0.19009665131268638,SIMULATED,NORMAL
2026-06-17T16:05:57.949026+00:00,DION_001,121164,1.767730916826597,SIMULATED,NORMAL
2026-06-17T16:05:57.959448+00:00,DION_001,121165,-0.24401207834243563,SIMULATED,NORMAL
2026-06-17T16:05:57.969758+00:00,DION_001,121166,-0.21994709169786902,SIMULATED,NORMAL
2026-06-17T16:05:57.979956+00:00,DION_001,121167,-0.39597012652625996,SIMULATED,NORMAL
2026-06-17T16:05:57.990285+00:00,DION_001,121168,-0.19967365696628717,SIMULATED,NORMAL
2026-06-17T16:05:58.000665+00:00,DION_001,121169,-0.2182619637574056,SIMULATED,NORMAL
2026-06-17T16:05:58.011069+00:00,DION_001,121170,-0.2778111529062238,SIMULATED,NORMAL
2026-06-17T16:05:58.021675+00:00,DION_001,121171,-0.38534780326665263,SIMULATED,NORMAL
2026-06-17T16:05:58.032052+00:00,DION_001,121172,-0.46147917592017534,SIMULATED,NORMAL
2026-06-17T16:05:58.042345+00:00,DION_001,121173,-0.554626903930703,SIMULATED,NORMAL
2026-06-17T16:05:58.052931+00:00,DION_001,121174,-0.5956251625643812,SIMULATED,NORMAL
2026-06-17T16:05:58.063332+00:00,DION_001,121175,-0.17807362881299554,SIMULATED,NORMAL
2026-06-17T16:05:58.073683+00:00,DION_001,121176,-0.3647291715466798,SIMULATED,NORMAL
2026-06-17T16:05:58.084157+00:00,DION_001,121177,-0.684534463336573,SIMULATED,NORMAL
2026-06-17T16:05:58.094482+00:00,DION_001,121178,-0.48831975250963117,SIMULATED,NORMAL
2026-06-17T16:05:58.104874+00:00,DION_001,121179,-0.2637648378299202,SIMULATED,NORMAL
2026-06-17T16:05:58.115339+00:00,DION_001,121180,-0.35085351527219666,SIMULATED,NORMAL
2026-06-17T16:05:58.125715+00:00,DION_001,121181,-0.5286127306470731,SIMULATED,NORMAL
2026-06-17T16:05:58.136188+00:00,DION_001,121182,-0.48086083820259723,SIMULATED,NORMAL
2026-06-17T16:05:58.146546+00:00,DION_001,121183,-0.8638510349643271,SIMULATED,NORMAL
2026-06-17T16:05:58.156977+00:00,DION_001,121184,-0.5023445932590646,SIMULATED,NORMAL
2026-06-17T16:05:58.167352+00:00,DION_001,121185,-0.6229728299782645,SIMULATED,NORMAL
2026-06-17T16:05:58.177707+00:00,DION_001,121186,-0.45521684618690367,SIMULATED,NORMAL
2026-06-17T16:05:58.188144+00:00,DION_001,121187,-0.44726398900779474,SIMULATED,NORMAL
2026-06-17T16:05:58.198563+00:00,DION_001,121188,-0.5685464560704704,SIMULATED,NORMAL
2026-06-17T16:05:58.208977+00:00,DION_001,121189,-0.7030411616642729,SIMULATED,NORMAL
2026-06-17T16:05:58.219378+00:00,DION_001,121190,-0.6718336749924795,SIMULATED,NORMAL
2026-06-17T16:05:58.229836+00:00,DION_001,121191,-0.8398128943280956,SIMULATED,NORMAL
2026-06-17T16:05:58.240310+00:00,DION_001,121192,-0.6122691467330301,SIMULATED,NORMAL
2026-06-17T16:05:58.250780+00:00,DION_001,121193,-0.6309392124882814,SIMULATED,NORMAL
2026-06-17T16:05:58.261136+00:00,DION_001,121194,-0.41933176403444355,SIMULATED,NORMAL
2026-06-17T16:05:58.271483+00:00,DION_001,121195,-0.37843965023205794,SIMULATED,NORMAL
2026-06-17T16:05:58.281966+00:00,DION_001,121196,-0.5846174198766539,SIMULATED,NORMAL
2026-06-17T16:05:58.292346+00:00,DION_001,121197,-0.41765418091837353,SIMULATED,NORMAL
2026-06-17T16:05:58.302774+00:00,DION_001,121198,-0.31990097675298523,SIMULATED,NORMAL
2026-06-17T16:05:58.313173+00:00,DION_001,121199,-0.5968188970317558,SIMULATED,NORMAL
2026-06-17T16:05:58.323706+00:00,DION_001,121200,-0.534690930848598,SIMULATED,NORMAL
2026-06-17T16:05:58.334076+00:00,DION_001,121201,-0.05111132531223084,SIMULATED,NORMAL
2026-06-17T16:05:58.344428+00:00,DION_001,121202,-0.43703452640600093,SIMULATED,NORMAL
2026-06-17T16:05:58.354875+00:00,DION_001,121203,-0.5238025475646849,SIMULATED,NORMAL
2026-06-17T16:05:58.365383+00:00,DION_001,121204,-0.5483754344729282,SIMULATED,NORMAL
2026-06-17T16:05:58.375731+00:00,DION_001,121205,-0.3908484434860438,SIMULATED,NORMAL
2026-06-17T16:05:58.386082+00:00,DION_001,121206,-0.42017985387228346,SIMULATED,NORMAL
2026-06-17T16:05:58.396388+00:00,DION_001,121207,-0.05452319359943217,SIMULATED,NORMAL
2026-06-17T16:05:58.406840+00:00,DION_001,121208,-0.22802192632173096,SIMULATED,NORMAL
2026-06-17T16:05:58.417325+00:00,DION_001,121209,-0.34814169230334974,SIMULATED,NORMAL
2026-06-17T16:05:58.427762+00:00,DION_001,121210,-0.2848326536678131,SIMULATED,NORMAL
2026-06-17T16:05:58.438187+00:00,DION_001,121211,-0.1533592845666758,SIMULATED,NORMAL
2026-06-17T16:05:58.448623+00:00,DION_001,121212,-2.346949148358659,SIMULATED,EVENT_DETECTED
2026-06-17T16:05:58.459248+00:00,DION_001,121213,-0.07202338820881476,SIMULATED,NORMAL
2026-06-17T16:05:58.469640+00:00,DION_001,121214,-0.13845861372059762,SIMULATED,NORMAL
2026-06-17T16:05:58.480139+00:00,DION_001,121215,-0.2524438318808202,SIMULATED,NORMAL
2026-06-17T16:05:58.490513+00:00,DION_001,121216,-0.07462582871075082,SIMULATED,NORMAL
2026-06-17T16:05:58.501113+00:00,DION_001,121217,-0.4113724563377419,SIMULATED,NORMAL
2026-06-17T16:05:58.511471+00:00,DION_001,121218,-0.3419561266157285,SIMULATED,NORMAL
2026-06-17T16:05:58.521846+00:00,DION_001,121219,-0.26162737900659294,SIMULATED,NORMAL
2026-06-17T16:05:58.532234+00:00,DION_001,121220,0.04465615769097586,SIMULATED,NORMAL
2026-06-17T16:05:58.542686+00:00,DION_001,121221,-0.19376576015180605,SIMULATED,NORMAL
2026-06-17T16:05:58.553179+00:00,DION_001,121222,-0.3885546952793687,SIMULATED,NORMAL
2026-06-17T16:05:58.563553+00:00,DION_001,121223,-0.4790030713098404,SIMULATED,NORMAL
2026-06-17T16:05:58.574013+00:00,DION_001,121224,-0.17905217430622977,SIMULATED,NORMAL
2026-06-17T16:05:58.584398+00:00,DION_001,121225,-0.36576108152906606,SIMULATED,NORMAL
2026-06-17T16:05:58.594963+00:00,DION_001,121226,-0.2953675800846247,SIMULATED,NORMAL
2026-06-17T16:05:58.605441+00:00,DION_001,121227,-0.5273611284316135,SIMULATED,NORMAL
2026-06-17T16:05:58.615922+00:00,DION_001,121228,-0.19014301913951004,SIMULATED,NORMAL
2026-06-17T16:05:58.626359+00:00,DION_001,121229,-0.42127077789485795,SIMULATED,NORMAL
2026-06-17T16:05:58.636802+00:00,DION_001,121230,-0.333497499716611,SIMULATED,NORMAL
2026-06-17T16:05:58.647236+00:00,DION_001,121231,-0.36106812158008705,SIMULATED,NORMAL
2026-06-17T16:05:58.657644+00:00,DION_001,121232,-0.4047671351699757,SIMULATED,NORMAL
2026-06-17T16:05:58.668062+00:00,DION_001,121233,-0.5061605977420142,SIMULATED,NORMAL
2026-06-17T16:05:58.678440+00:00,DION_001,121234,-0.653587447160997,SIMULATED,NORMAL
2026-06-17T16:05:58.688801+00:00,DION_001,121235,-0.6847226226991244,SIMULATED,NORMAL
2026-06-17T16:05:58.699149+00:00,DION_001,121236,-0.585174382096599,SIMULATED,NORMAL
2026-06-17T16:05:58.709595+00:00,DION_001,121237,-0.5591763572886187,SIMULATED,NORMAL
2026-06-17T16:05:58.719995+00:00,DION_001,121238,-0.40489817637999276,SIMULATED,NORMAL
2026-06-17T16:05:58.730385+00:00,DION_001,121239,-0.9597947362602792,SIMULATED,NORMAL
2026-06-17T16:05:58.740794+00:00,DION_001,121240,-0.4984525620381328,SIMULATED,NORMAL
2026-06-17T16:05:58.751328+00:00,DION_001,121241,-0.38599846604762095,SIMULATED,NORMAL
2026-06-17T16:05:58.761862+00:00,DION_001,121242,-0.6612145079184213,SIMULATED,NORMAL
2026-06-17T16:05:58.772230+00:00,DION_001,121243,-0.9125256671258828,SIMULATED,NORMAL
2026-06-17T16:05:58.782563+00:00,DION_001,121244,-0.7469510703098554,SIMULATED,NORMAL
2026-06-17T16:05:58.793065+00:00,DION_001,121245,-1.074935947795427,SIMULATED,NORMAL
2026-06-17T16:05:58.803452+00:00,DION_001,121246,-1.0142250814531313,SIMULATED,NORMAL
2026-06-17T16:05:58.813801+00:00,DION_001,121247,-0.5083869189685899,SIMULATED,NORMAL
2026-06-17T16:05:58.824126+00:00,DION_001,121248,-0.7854799307264225,SIMULATED,NORMAL
2026-06-17T16:05:58.834566+00:00,DION_001,121249,-1.2118519259484535,SIMULATED,NORMAL
2026-06-17T16:05:58.844939+00:00,DION_001,121250,-0.7462807343377078,SIMULATED,NORMAL
2026-06-17T16:05:58.855228+00:00,DION_001,121251,-1.3370339533753786,SIMULATED,NORMAL
2026-06-17T16:05:58.865535+00:00,DION_001,121252,-1.0143442116818293,SIMULATED,NORMAL
2026-06-17T16:05:58.875932+00:00,DION_001,121253,-1.2194264507668744,SIMULATED,NORMAL
2026-06-17T16:05:58.886383+00:00,DION_001,121254,-1.1684915905409414,SIMULATED,NORMAL
2026-06-17T16:05:58.896801+00:00,DION_001,121255,-1.0499091145696844,SIMULATED,NORMAL
2026-06-17T16:05:58.907147+00:00,DION_001,121256,-1.1141182736092203,SIMULATED,NORMAL
2026-06-17T16:05:58.917576+00:00,DION_001,121257,-1.2557801777866793,SIMULATED,NORMAL
2026-06-17T16:05:58.928003+00:00,DION_001,121258,-1.4490029849589765,SIMULATED,NORMAL
2026-06-17T16:05:58.938436+00:00,DION_001,121259,-1.0138145162396597,SIMULATED,NORMAL
2026-06-17T16:05:58.948739+00:00,DION_001,121260,-1.3304597579179396,SIMULATED,NORMAL
2026-06-17T16:05:58.959116+00:00,DION_001,121261,-1.2693397416840415,SIMULATED,NORMAL
2026-06-17T16:05:58.969368+00:00,DION_001,121262,-1.422975238297746,SIMULATED,NORMAL
2026-06-17T16:05:58.979584+00:00,DION_001,121263,-1.2170564247257518,SIMULATED,NORMAL
2026-06-17T16:05:58.989829+00:00,DION_001,121264,-1.1172738038084098,SIMULATED,NORMAL
2026-06-17T16:05:59.000179+00:00,DION_001,121265,-0.9377705405558329,SIMULATED,NORMAL
2026-06-17T16:05:59.010558+00:00,DION_001,121266,-1.0255839834946259,SIMULATED,NORMAL
2026-06-17T16:05:59.021089+00:00,DION_001,121267,-1.3035304390415725,SIMULATED,NORMAL
2026-06-17T16:05:59.031532+00:00,DION_001,121268,-0.9837252670655047,SIMULATED,NORMAL
2026-06-17T16:05:59.041899+00:00,DION_001,121269,-1.1464042991450483,SIMULATED,NORMAL
2026-06-17T16:05:59.052215+00:00,DION_001,121270,-3.5886146937821346,SIMULATED,EVENT_DETECTED
2026-06-17T16:05:59.063188+00:00,DION_001,121271,-1.1849219584237745,SIMULATED,NORMAL
2026-06-17T16:05:59.073602+00:00,DION_001,121272,-0.9771931410088797,SIMULATED,NORMAL
2026-06-17T16:05:59.083913+00:00,DION_001,121273,-1.2334948938635033,SIMULATED,NORMAL
2026-06-17T16:05:59.094254+00:00,DION_001,121274,-0.856832987419472,SIMULATED,NORMAL
2026-06-17T16:05:59.104901+00:00,DION_001,121275,-1.1343812427581108,SIMULATED,NORMAL
2026-06-17T16:05:59.115276+00:00,DION_001,121276,-1.1561952825309891,SIMULATED,NORMAL
2026-06-17T16:05:59.125690+00:00,DION_001,121277,-1.0356944678926123,SIMULATED,NORMAL
2026-06-17T16:05:59.136068+00:00,DION_001,121278,-0.6420522985687602,SIMULATED,NORMAL
2026-06-17T16:05:59.146460+00:00,DION_001,121279,-0.8665841998035015,SIMULATED,NORMAL
2026-06-17T16:05:59.156927+00:00,DION_001,121280,-0.8117451439575116,SIMULATED,NORMAL
2026-06-17T16:05:59.167280+00:00,DION_001,121281,-0.8062488471707435,SIMULATED,NORMAL
2026-06-17T16:05:59.177651+00:00,DION_001,121282,-0.8847879935226559,SIMULATED,NORMAL
2026-06-17T16:05:59.188166+00:00,DION_001,121283,-0.6075685741055666,SIMULATED,NORMAL
2026-06-17T16:05:59.198679+00:00,DION_001,121284,-0.5667983513866913,SIMULATED,NORMAL
2026-06-17T16:05:59.209047+00:00,DION_001,121285,-0.7251034791503131,SIMULATED,NORMAL
2026-06-17T16:05:59.219421+00:00,DION_001,121286,-0.8917510770819048,SIMULATED,NORMAL
2026-06-17T16:05:59.229816+00:00,DION_001,121287,-0.8280075420231097,SIMULATED,NORMAL
2026-06-17T16:05:59.240233+00:00,DION_001,121288,-0.47677415093584097,SIMULATED,NORMAL
2026-06-17T16:05:59.250580+00:00,DION_001,121289,-0.6053331840202345,SIMULATED,NORMAL
2026-06-17T16:05:59.260972+00:00,DION_001,121290,-0.6618704293425633,SIMULATED,NORMAL
2026-06-17T16:05:59.271411+00:00,DION_001,121291,-0.48189331284119463,SIMULATED,NORMAL
2026-06-17T16:05:59.281845+00:00,DION_001,121292,-0.395036928275337,SIMULATED,NORMAL
2026-06-17T16:05:59.292269+00:00,DION_001,121293,-0.19353720088139725,SIMULATED,NORMAL
2026-06-17T16:05:59.302607+00:00,DION_001,121294,-0.20755170493512684,SIMULATED,NORMAL
2026-06-17T16:05:59.313084+00:00,DION_001,121295,-0.35660592143851083,SIMULATED,NORMAL
2026-06-17T16:05:59.323562+00:00,DION_001,121296,-0.3096998901223158,SIMULATED,NORMAL
2026-06-17T16:05:59.334022+00:00,DION_001,121297,-0.3685563003116123,SIMULATED,NORMAL
2026-06-17T16:05:59.344495+00:00,DION_001,121298,-0.32452481633107794,SIMULATED,NORMAL
2026-06-17T16:05:59.354789+00:00,DION_001,121299,-0.10868273441417747,SIMULATED,NORMAL
2026-06-17T16:05:59.365199+00:00,DION_001,121300,-0.25830809486580086,SIMULATED,NORMAL
2026-06-17T16:05:59.375679+00:00,DION_001,121301,-0.3868706499303507,SIMULATED,NORMAL
2026-06-17T16:05:59.386067+00:00,DION_001,121302,-0.21151264035816975,SIMULATED,NORMAL
2026-06-17T16:05:59.396518+00:00,DION_001,121303,1.46207312197967,SIMULATED,NORMAL
2026-06-17T16:05:59.407312+00:00,DION_001,121304,-0.21586789883440943,SIMULATED,NORMAL
2026-06-17T16:05:59.417625+00:00,DION_001,121305,-0.14101691426919927,SIMULATED,NORMAL
2026-06-17T16:05:59.428080+00:00,DION_001,121306,-0.171570461508184,SIMULATED,NORMAL
2026-06-17T16:05:59.438411+00:00,DION_001,121307,2.4554689886826115,SIMULATED,EVENT_DETECTED
2026-06-17T16:05:59.448993+00:00,DION_001,121308,-0.027820090176779666,SIMULATED,NORMAL
2026-06-17T16:05:59.459384+00:00,DION_001,121309,-0.4264611609845713,SIMULATED,NORMAL
2026-06-17T16:05:59.469816+00:00,DION_001,121310,-0.6075729851130001,SIMULATED,NORMAL
2026-06-17T16:05:59.480057+00:00,DION_001,121311,-2.8424296161984626,SIMULATED,EVENT_DETECTED
2026-06-17T16:05:59.490516+00:00,DION_001,121312,-0.3010182583346384,SIMULATED,NORMAL
2026-06-17T16:05:59.501006+00:00,DION_001,121313,-0.24340568226830803,SIMULATED,NORMAL
2026-06-17T16:05:59.511488+00:00,DION_001,121314,-0.5665188412722189,SIMULATED,NORMAL
2026-06-17T16:05:59.521916+00:00,DION_001,121315,-0.07768271911732616,SIMULATED,NORMAL
2026-06-17T16:05:59.532279+00:00,DION_001,121316,-0.11403407103930635,SIMULATED,NORMAL
2026-06-17T16:05:59.542662+00:00,DION_001,121317,-0.14769880771417881,SIMULATED,NORMAL
2026-06-17T16:05:59.553002+00:00,DION_001,121318,-0.6554890596297163,SIMULATED,NORMAL
2026-06-17T16:05:59.563344+00:00,DION_001,121319,-0.24595308006780034,SIMULATED,NORMAL
2026-06-17T16:05:59.573772+00:00,DION_001,121320,-0.32148397631399483,SIMULATED,NORMAL
2026-06-17T16:05:59.584233+00:00,DION_001,121321,-0.6211230618778271,SIMULATED,NORMAL
2026-06-17T16:05:59.594662+00:00,DION_001,121322,-0.44741272014963906,SIMULATED,NORMAL
2026-06-17T16:05:59.605069+00:00,DION_001,121323,-0.7225381043594118,SIMULATED,NORMAL
2026-06-17T16:05:59.615539+00:00,DION_001,121324,-0.5951867487667997,SIMULATED,NORMAL
2026-06-17T16:05:59.626174+00:00,DION_001,121325,-0.8510747046390938,SIMULATED,NORMAL
2026-06-17T16:05:59.636649+00:00,DION_001,121326,-0.7335625242812005,SIMULATED,NORMAL
2026-06-17T16:05:59.647014+00:00,DION_001,121327,-0.5844043991619657,SIMULATED,NORMAL
2026-06-17T16:05:59.657411+00:00,DION_001,121328,-0.8835278393094013,SIMULATED,NORMAL
2026-06-17T16:05:59.667913+00:00,DION_001,121329,-0.8937855124433856,SIMULATED,NORMAL
2026-06-17T16:05:59.678381+00:00,DION_001,121330,-2.561885699862037,SIMULATED,EVENT_DETECTED
2026-06-17T16:05:59.688895+00:00,DION_001,121331,-0.8853617905323825,SIMULATED,NORMAL
2026-06-17T16:05:59.699364+00:00,DION_001,121332,-0.7950408741432802,SIMULATED,NORMAL
2026-06-17T16:05:59.709801+00:00,DION_001,121333,-0.6730851325365896,SIMULATED,NORMAL
2026-06-17T16:05:59.720315+00:00,DION_001,121334,-0.6741679254219576,SIMULATED,NORMAL
2026-06-17T16:05:59.730756+00:00,DION_001,121335,-0.8684696230806591,SIMULATED,NORMAL
2026-06-17T16:05:59.741170+00:00,DION_001,121336,-0.824321298273133,SIMULATED,NORMAL
2026-06-17T16:05:59.751584+00:00,DION_001,121337,-0.563658546495807,SIMULATED,NORMAL
2026-06-17T16:05:59.762060+00:00,DION_001,121338,-0.8229440750811754,SIMULATED,NORMAL
2026-06-17T16:05:59.772520+00:00,DION_001,121339,-0.6695985347153495,SIMULATED,NORMAL
2026-06-17T16:05:59.782896+00:00,DION_001,121340,-0.40533814812690133,SIMULATED,NORMAL
2026-06-17T16:05:59.793449+00:00,DION_001,121341,-0.7135809619694574,SIMULATED,NORMAL
2026-06-17T16:05:59.804131+00:00,DION_001,121342,-0.895906710978252,SIMULATED,NORMAL
2026-06-17T16:05:59.814510+00:00,DION_001,121343,-0.5626870102660408,SIMULATED,NORMAL
2026-06-17T16:05:59.825024+00:00,DION_001,121344,-0.4561555579818437,SIMULATED,NORMAL
2026-06-17T16:05:59.835502+00:00,DION_001,121345,-0.6288480489340016,SIMULATED,NORMAL
2026-06-17T16:05:59.845880+00:00,DION_001,121346,-0.4936471438869325,SIMULATED,NORMAL
2026-06-17T16:05:59.856221+00:00,DION_001,121347,-0.5398682707585221,SIMULATED,NORMAL
2026-06-17T16:05:59.866527+00:00,DION_001,121348,-0.5804398410855601,SIMULATED,NORMAL
2026-06-17T16:05:59.876898+00:00,DION_001,121349,-0.587778762251522,SIMULATED,NORMAL
2026-06-17T16:05:59.887230+00:00,DION_001,121350,-0.2525884996284744,SIMULATED,NORMAL
2026-06-17T16:05:59.897533+00:00,DION_001,121351,-0.2893961838053049,SIMULATED,NORMAL
2026-06-17T16:05:59.907814+00:00,DION_001,121352,-0.3859874243437392,SIMULATED,NORMAL
2026-06-17T16:05:59.918245+00:00,DION_001,121353,-0.18271420019126725,SIMULATED,NORMAL
2026-06-17T16:05:59.928500+00:00,DION_001,121354,-0.2771958512254965,SIMULATED,NORMAL
2026-06-17T16:05:59.938837+00:00,DION_001,121355,-0.23796505959999972,SIMULATED,NORMAL
2026-06-17T16:05:59.949151+00:00,DION_001,121356,-0.11529522365333258,SIMULATED,NORMAL
2026-06-17T16:05:59.959476+00:00,DION_001,121357,0.056734304371336586,SIMULATED,NORMAL
2026-06-17T16:05:59.969788+00:00,DION_001,121358,-0.09329237392861194,SIMULATED,NORMAL
2026-06-17T16:05:59.980099+00:00,DION_001,121359,-0.05410446958843387,SIMULATED,NORMAL
2026-06-17T16:05:59.990381+00:00,DION_001,121360,-0.21426428039950923,SIMULATED,NORMAL
2026-06-17T16:06:00.000595+00:00,DION_001,121361,0.041564107751768345,SIMULATED,NORMAL
2026-06-17T16:06:00.010899+00:00,DION_001,121362,0.27576962969320706,SIMULATED,NORMAL
2026-06-17T16:06:00.021243+00:00,DION_001,121363,0.0968263696975503,SIMULATED,NORMAL
2026-06-17T16:06:00.031637+00:00,DION_001,121364,0.1035411854518133,SIMULATED,NORMAL
2026-06-17T16:06:00.042031+00:00,DION_001,121365,0.16841421971020493,SIMULATED,NORMAL
2026-06-17T16:06:00.052431+00:00,DION_001,121366,0.4034821674791943,SIMULATED,NORMAL
2026-06-17T16:06:00.062798+00:00,DION_001,121367,0.051185385264269134,SIMULATED,NORMAL
2026-06-17T16:06:00.073254+00:00,DION_001,121368,0.3491886671949864,SIMULATED,NORMAL
2026-06-17T16:06:00.083642+00:00,DION_001,121369,0.25586457205858165,SIMULATED,NORMAL
2026-06-17T16:06:00.093992+00:00,DION_001,121370,0.07409672136412115,SIMULATED,NORMAL
2026-06-17T16:06:00.104495+00:00,DION_001,121371,0.5831054532274187,SIMULATED,NORMAL
2026-06-17T16:06:00.114965+00:00,DION_001,121372,0.3321784536449875,SIMULATED,NORMAL
2026-06-17T16:06:00.125309+00:00,DION_001,121373,0.21786473195726264,SIMULATED,NORMAL
2026-06-17T16:06:00.135656+00:00,DION_001,121374,0.6787064842193435,SIMULATED,NORMAL
2026-06-17T16:06:00.146170+00:00,DION_001,121375,0.521979114520732,SIMULATED,NORMAL
2026-06-17T16:06:00.156709+00:00,DION_001,121376,0.4940528136325695,SIMULATED,NORMAL
2026-06-17T16:06:00.167087+00:00,DION_001,121377,-1.5301670363161792,SIMULATED,NORMAL
2026-06-17T16:06:00.177534+00:00,DION_001,121378,0.36055313335566275,SIMULATED,NORMAL
2026-06-17T16:06:00.187890+00:00,DION_001,121379,0.6151001550262876,SIMULATED,NORMAL
2026-06-17T16:06:00.198305+00:00,DION_001,121380,0.748210953141977,SIMULATED,NORMAL
2026-06-17T16:06:00.208694+00:00,DION_001,121381,0.6512780105560898,SIMULATED,NORMAL
2026-06-17T16:06:00.220094+00:00,DION_001,121382,0.5353980766451456,SIMULATED,NORMAL
2026-06-17T16:06:00.230608+00:00,DION_001,121383,0.5708430286026546,SIMULATED,NORMAL
2026-06-17T16:06:00.240997+00:00,DION_001,121384,0.6144666177105699,SIMULATED,NORMAL
2026-06-17T16:06:00.251363+00:00,DION_001,121385,0.7584441919701039,SIMULATED,NORMAL
2026-06-17T16:06:00.261912+00:00,DION_001,121386,0.4011579758503705,SIMULATED,NORMAL
2026-06-17T16:06:00.272447+00:00,DION_001,121387,0.7808120859661618,SIMULATED,NORMAL
2026-06-17T16:06:00.282920+00:00,DION_001,121388,-2.1264659591391024,SIMULATED,EVENT_DETECTED
2026-06-17T16:06:00.293375+00:00,DION_001,121389,0.6929046010340895,SIMULATED,NORMAL
2026-06-17T16:06:00.303769+00:00,DION_001,121390,0.8429028757174686,SIMULATED,NORMAL
2026-06-17T16:06:00.314203+00:00,DION_001,121391,0.7928232759283095,SIMULATED,NORMAL
2026-06-17T16:06:00.324731+00:00,DION_001,121392,0.3248415110388489,SIMULATED,NORMAL
2026-06-17T16:06:00.335184+00:00,DION_001,121393,0.5981012578099021,SIMULATED,NORMAL
2026-06-17T16:06:00.345572+00:00,DION_001,121394,0.8278516476037758,SIMULATED,NORMAL
2026-06-17T16:06:00.356043+00:00,DION_001,121395,0.6447946927903111,SIMULATED,NORMAL
2026-06-17T16:06:00.366595+00:00,DION_001,121396,0.6006065970373026,SIMULATED,NORMAL
2026-06-17T16:06:00.377040+00:00,DION_001,121397,0.6475311235903163,SIMULATED,NORMAL
2026-06-17T16:06:00.387399+00:00,DION_001,121398,0.5147261199600581,SIMULATED,NORMAL
2026-06-17T16:06:00.397758+00:00,DION_001,121399,0.534805220883831,SIMULATED,NORMAL
2026-06-17T16:06:00.408186+00:00,DION_001,121400,0.4173282930999164,SIMULATED,NORMAL
2026-06-17T16:06:00.418712+00:00,DION_001,121401,0.29080834141249434,SIMULATED,NORMAL
2026-06-17T16:06:00.429088+00:00,DION_001,121402,0.49316341672667546,SIMULATED,NORMAL
2026-06-17T16:06:00.439487+00:00,DION_001,121403,0.4088517954270611,SIMULATED,NORMAL
2026-06-17T16:06:00.449997+00:00,DION_001,121404,0.32751108112252153,SIMULATED,NORMAL
2026-06-17T16:06:00.460339+00:00,DION_001,121405,0.3451355100150652,SIMULATED,NORMAL
2026-06-17T16:06:00.470663+00:00,DION_001,121406,0.1123410632289849,SIMULATED,NORMAL
2026-06-17T16:06:00.481128+00:00,DION_001,121407,0.498856860171835,SIMULATED,NORMAL
2026-06-17T16:06:00.491499+00:00,DION_001,121408,0.4618605143615969,SIMULATED,NORMAL
2026-06-17T16:06:00.502012+00:00,DION_001,121409,0.39985680615115915,SIMULATED,NORMAL
2026-06-17T16:06:00.512365+00:00,DION_001,121410,0.2542452060827256,SIMULATED,NORMAL
2026-06-17T16:06:00.522702+00:00,DION_001,121411,0.22515046037813755,SIMULATED,NORMAL
2026-06-17T16:06:00.533328+00:00,DION_001,121412,0.4464714526967244,SIMULATED,NORMAL
2026-06-17T16:06:00.543898+00:00,DION_001,121413,0.18002040038089065,SIMULATED,NORMAL
2026-06-17T16:06:00.554295+00:00,DION_001,121414,0.23661277846463932,SIMULATED,NORMAL
2026-06-17T16:06:00.564664+00:00,DION_001,121415,0.1906527153387074,SIMULATED,NORMAL
2026-06-17T16:06:00.575000+00:00,DION_001,121416,0.18096122572354062,SIMULATED,NORMAL
2026-06-17T16:06:00.585403+00:00,DION_001,121417,0.1473706771104284,SIMULATED,NORMAL
2026-06-17T16:06:00.595754+00:00,DION_001,121418,0.1324741369385224,SIMULATED,NORMAL
2026-06-17T16:06:00.606210+00:00,DION_001,121419,0.3204866840410485,SIMULATED,NORMAL
2026-06-17T16:06:00.616580+00:00,DION_001,121420,0.4298278328831948,SIMULATED,NORMAL
2026-06-17T16:06:00.627037+00:00,DION_001,121421,0.09767847427229451,SIMULATED,NORMAL
2026-06-17T16:06:00.637496+00:00,DION_001,121422,0.3490486583461373,SIMULATED,NORMAL
2026-06-17T16:06:00.647897+00:00,DION_001,121423,0.4465122506103595,SIMULATED,NORMAL
2026-06-17T16:06:00.658277+00:00,DION_001,121424,0.14989115106984385,SIMULATED,NORMAL
2026-06-17T16:06:00.668673+00:00,DION_001,121425,0.20553874016385143,SIMULATED,NORMAL
2026-06-17T16:06:00.679090+00:00,DION_001,121426,0.29688570488766447,SIMULATED,NORMAL
2026-06-17T16:06:00.689462+00:00,DION_001,121427,0.28674179380162024,SIMULATED,NORMAL
2026-06-17T16:06:00.700716+00:00,DION_001,121428,0.28584514392924093,SIMULATED,NORMAL
2026-06-17T16:06:00.711255+00:00,DION_001,121429,0.47495067602305147,SIMULATED,NORMAL
2026-06-17T16:06:00.721669+00:00,DION_001,121430,0.30065121518936533,SIMULATED,NORMAL
2026-06-17T16:06:00.732023+00:00,DION_001,121431,0.41925954563368495,SIMULATED,NORMAL
2026-06-17T16:06:00.742365+00:00,DION_001,121432,0.2934239451409713,SIMULATED,NORMAL
2026-06-17T16:06:00.752879+00:00,DION_001,121433,0.6012514715608239,SIMULATED,NORMAL
2026-06-17T16:06:00.763291+00:00,DION_001,121434,0.39594141226042356,SIMULATED,NORMAL
2026-06-17T16:06:00.773686+00:00,DION_001,121435,0.41301834170740936,SIMULATED,NORMAL
2026-06-17T16:06:00.784070+00:00,DION_001,121436,0.5982835379134877,SIMULATED,NORMAL
2026-06-17T16:06:00.794549+00:00,DION_001,121437,0.7961158863412607,SIMULATED,NORMAL
2026-06-17T16:06:00.804970+00:00,DION_001,121438,0.7102702892670514,SIMULATED,NORMAL
2026-06-17T16:06:00.815390+00:00,DION_001,121439,0.5230537101515489,SIMULATED,NORMAL
2026-06-17T16:06:00.825772+00:00,DION_001,121440,1.082105706962289,SIMULATED,NORMAL
2026-06-17T16:06:00.836178+00:00,DION_001,121441,-0.8040371363696632,SIMULATED,NORMAL
2026-06-17T16:06:00.846693+00:00,DION_001,121442,0.7712481889344591,SIMULATED,NORMAL
2026-06-17T16:06:00.857046+00:00,DION_001,121443,3.356586348145539,SIMULATED,EVENT_DETECTED
2026-06-17T16:06:00.867461+00:00,DION_001,121444,0.9880414211132739,SIMULATED,NORMAL
2026-06-17T16:06:00.877877+00:00,DION_001,121445,-0.905239640487969,SIMULATED,NORMAL
2026-06-17T16:06:00.888392+00:00,DION_001,121446,0.8769075943758295,SIMULATED,NORMAL
2026-06-17T16:06:00.898661+00:00,DION_001,121447,1.2530803852406802,SIMULATED,NORMAL
2026-06-17T16:06:00.908974+00:00,DION_001,121448,0.8456484427280933,SIMULATED,NORMAL
2026-06-17T16:06:00.919315+00:00,DION_001,121449,1.1906969292798637,SIMULATED,NORMAL
2026-06-17T16:06:00.929635+00:00,DION_001,121450,1.057867643795883,SIMULATED,NORMAL
2026-06-17T16:06:00.939983+00:00,DION_001,121451,1.3046255954051085,SIMULATED,NORMAL
2026-06-17T16:06:00.950522+00:00,DION_001,121452,1.0865626233297112,SIMULATED,NORMAL
2026-06-17T16:06:00.960858+00:00,DION_001,121453,1.0803375776552022,SIMULATED,NORMAL
2026-06-17T16:06:00.971249+00:00,DION_001,121454,1.152150822290392,SIMULATED,NORMAL
2026-06-17T16:06:00.981562+00:00,DION_001,121455,1.3446834313473108,SIMULATED,NORMAL
2026-06-17T16:06:00.991872+00:00,DION_001,121456,1.208959452922756,SIMULATED,NORMAL
2026-06-17T16:06:01.002141+00:00,DION_001,121457,1.5807742824180313,SIMULATED,NORMAL
2026-06-17T16:06:01.012477+00:00,DION_001,121458,1.2667226461718035,SIMULATED,NORMAL
2026-06-17T16:06:01.022838+00:00,DION_001,121459,1.070635352249492,SIMULATED,NORMAL
2026-06-17T16:06:01.033220+00:00,DION_001,121460,1.1076138893921248,SIMULATED,NORMAL
2026-06-17T16:06:01.043632+00:00,DION_001,121461,1.1909709229913856,SIMULATED,NORMAL
2026-06-17T16:06:01.054376+00:00,DION_001,121462,1.0204047469724888,SIMULATED,NORMAL
2026-06-17T16:06:01.064821+00:00,DION_001,121463,2.7824202738115433,SIMULATED,EVENT_DETECTED
2026-06-17T16:06:01.075520+00:00,DION_001,121464,1.262293212259403,SIMULATED,NORMAL
2026-06-17T16:06:01.085930+00:00,DION_001,121465,1.1694018971094562,SIMULATED,NORMAL
2026-06-17T16:06:01.096331+00:00,DION_001,121466,1.3047088701402423,SIMULATED,NORMAL
2026-06-17T16:06:01.106750+00:00,DION_001,121467,1.0323200198055238,SIMULATED,NORMAL
2026-06-17T16:06:01.117190+00:00,DION_001,121468,1.0012070796867836,SIMULATED,NORMAL
2026-06-17T16:06:01.127515+00:00,DION_001,121469,0.9706928613150028,SIMULATED,NORMAL
2026-06-17T16:06:01.138082+00:00,DION_001,121470,1.0392470229477937,SIMULATED,NORMAL
2026-06-17T16:06:01.148965+00:00,DION_001,121471,1.0716657497638828,SIMULATED,NORMAL
2026-06-17T16:06:01.159452+00:00,DION_001,121472,1.0339379827133233,SIMULATED,NORMAL
2026-06-17T16:06:01.169810+00:00,DION_001,121473,0.7042876614145678,SIMULATED,NORMAL
2026-06-17T16:06:01.180166+00:00,DION_001,121474,1.1350689801802352,SIMULATED,NORMAL
2026-06-17T16:06:01.190555+00:00,DION_001,121475,0.9846544187225805,SIMULATED,NORMAL
2026-06-17T16:06:01.200914+00:00,DION_001,121476,0.7350727729331431,SIMULATED,NORMAL
2026-06-17T16:06:01.211278+00:00,DION_001,121477,0.883956298340941,SIMULATED,NORMAL
2026-06-17T16:06:01.221692+00:00,DION_001,121478,0.6858653322068533,SIMULATED,NORMAL
2026-06-17T16:06:01.232147+00:00,DION_001,121479,0.7068422906225661,SIMULATED,NORMAL
2026-06-17T16:06:01.242573+00:00,DION_001,121480,0.6173133259439874,SIMULATED,NORMAL
2026-06-17T16:06:01.252973+00:00,DION_001,121481,0.8656629694749169,SIMULATED,NORMAL
2026-06-17T16:06:01.263351+00:00,DION_001,121482,0.5874575709574523,SIMULATED,NORMAL
2026-06-17T16:06:01.273736+00:00,DION_001,121483,0.8217173508131577,SIMULATED,NORMAL
2026-06-17T16:06:01.284103+00:00,DION_001,121484,-2.020501079439104,SIMULATED,EVENT_DETECTED
2026-06-17T16:06:01.294573+00:00,DION_001,121485,0.7246831301945433,SIMULATED,NORMAL
2026-06-17T16:06:01.304941+00:00,DION_001,121486,0.3881106288407743,SIMULATED,NORMAL
2026-06-17T16:06:01.315392+00:00,DION_001,121487,0.3999882588217898,SIMULATED,NORMAL
2026-06-17T16:06:01.325826+00:00,DION_001,121488,0.8750599649200139,SIMULATED,NORMAL
2026-06-17T16:06:01.336178+00:00,DION_001,121489,0.41690673386146637,SIMULATED,NORMAL
2026-06-17T16:06:01.346531+00:00,DION_001,121490,0.32885760387339075,SIMULATED,NORMAL
2026-06-17T16:06:01.357100+00:00,DION_001,121491,0.3922349129625418,SIMULATED,NORMAL
2026-06-17T16:06:01.367494+00:00,DION_001,121492,0.39405334728406327,SIMULATED,NORMAL
2026-06-17T16:06:01.377937+00:00,DION_001,121493,0.41853056491034607,SIMULATED,NORMAL
2026-06-17T16:06:01.388351+00:00,DION_001,121494,0.46797581652471554,SIMULATED,NORMAL
2026-06-17T16:06:01.398694+00:00,DION_001,121495,0.44370233180569857,SIMULATED,NORMAL
2026-06-17T16:06:01.409122+00:00,DION_001,121496,0.04970955360751031,SIMULATED,NORMAL
2026-06-17T16:06:01.419482+00:00,DION_001,121497,0.28222935345223715,SIMULATED,NORMAL
2026-06-17T16:06:01.429902+00:00,DION_001,121498,0.12736462466728266,SIMULATED,NORMAL
2026-06-17T16:06:01.440299+00:00,DION_001,121499,0.4257064781973604,SIMULATED,NORMAL
2026-06-17T16:06:01.450772+00:00,DION_001,121500,0.15541061832367448,SIMULATED,NORMAL
2026-06-17T16:06:01.461174+00:00,DION_001,121501,0.4142810076865314,SIMULATED,NORMAL
2026-06-17T16:06:01.471596+00:00,DION_001,121502,-0.14332486592938104,SIMULATED,NORMAL
2026-06-17T16:06:01.482008+00:00,DION_001,121503,0.2916233440742593,SIMULATED,NORMAL
2026-06-17T16:06:01.492420+00:00,DION_001,121504,0.30666005787138045,SIMULATED,NORMAL
2026-06-17T16:06:01.502735+00:00,DION_001,121505,0.09191188666001145,SIMULATED,NORMAL
2026-06-17T16:06:01.513142+00:00,DION_001,121506,0.1843247798196714,SIMULATED,NORMAL
2026-06-17T16:06:01.523605+00:00,DION_001,121507,0.27046399935196813,SIMULATED,NORMAL
2026-06-17T16:06:01.534175+00:00,DION_001,121508,0.3086488872225297,SIMULATED,NORMAL
2026-06-17T16:06:01.544599+00:00,DION_001,121509,0.060361515257759846,SIMULATED,NORMAL
2026-06-17T16:06:01.554944+00:00,DION_001,121510,0.13322933570956014,SIMULATED,NORMAL
2026-06-17T16:06:01.565313+00:00,DION_001,121511,0.5221761914747622,SIMULATED,NORMAL
2026-06-17T16:06:01.575824+00:00,DION_001,121512,0.4553938916796849,SIMULATED,NORMAL
2026-06-17T16:06:01.586333+00:00,DION_001,121513,0.3614183702598777,SIMULATED,NORMAL
2026-06-17T16:06:01.596708+00:00,DION_001,121514,0.09163468995314192,SIMULATED,NORMAL
2026-06-17T16:06:01.607104+00:00,DION_001,121515,0.45285016870882466,SIMULATED,NORMAL
2026-06-17T16:06:01.617748+00:00,DION_001,121516,2.7737437478656775,SIMULATED,EVENT_DETECTED
2026-06-17T16:06:01.628375+00:00,DION_001,121517,0.18910866499151138,SIMULATED,NORMAL
2026-06-17T16:06:01.638836+00:00,DION_001,121518,0.44407664109881556,SIMULATED,NORMAL
2026-06-17T16:06:01.649228+00:00,DION_001,121519,0.6385393676254849,SIMULATED,NORMAL
2026-06-17T16:06:01.659617+00:00,DION_001,121520,0.014798679557532557,SIMULATED,NORMAL
2026-06-17T16:06:01.670089+00:00,DION_001,121521,0.48414410512511774,SIMULATED,NORMAL
2026-06-17T16:06:01.680489+00:00,DION_001,121522,0.21232286588390806,SIMULATED,NORMAL
2026-06-17T16:06:01.690810+00:00,DION_001,121523,0.6303866914211107,SIMULATED,NORMAL
2026-06-17T16:06:01.701404+00:00,DION_001,121524,0.19834814860970068,SIMULATED,NORMAL
2026-06-17T16:06:01.711892+00:00,DION_001,121525,0.4073521965439111,SIMULATED,NORMAL
2026-06-17T16:06:01.722294+00:00,DION_001,121526,0.5024520915676352,SIMULATED,NORMAL
2026-06-17T16:06:01.732690+00:00,DION_001,121527,0.5621840079421281,SIMULATED,NORMAL
2026-06-17T16:06:01.743072+00:00,DION_001,121528,0.40394287677210694,SIMULATED,NORMAL
2026-06-17T16:06:01.753589+00:00,DION_001,121529,0.6634386016965172,SIMULATED,NORMAL
2026-06-17T16:06:01.764016+00:00,DION_001,121530,0.4437919778875719,SIMULATED,NORMAL
2026-06-17T16:06:01.774409+00:00,DION_001,121531,0.5200523281600808,SIMULATED,NORMAL
2026-06-17T16:06:01.785024+00:00,DION_001,121532,0.5717540534956556,SIMULATED,NORMAL
2026-06-17T16:06:01.795484+00:00,DION_001,121533,0.49113724219149096,SIMULATED,NORMAL
2026-06-17T16:06:01.805839+00:00,DION_001,121534,0.6011762917508707,SIMULATED,NORMAL
2026-06-17T16:06:01.816190+00:00,DION_001,121535,0.7412517362166089,SIMULATED,NORMAL
2026-06-17T16:06:01.826587+00:00,DION_001,121536,0.4438564333747842,SIMULATED,NORMAL
2026-06-17T16:06:01.837079+00:00,DION_001,121537,0.5895120304877571,SIMULATED,NORMAL
2026-06-17T16:06:01.847444+00:00,DION_001,121538,0.5564540777966769,SIMULATED,NORMAL
2026-06-17T16:06:01.857779+00:00,DION_001,121539,0.5575421383411344,SIMULATED,NORMAL
2026-06-17T16:06:01.868296+00:00,DION_001,121540,0.5111318252105627,SIMULATED,NORMAL
2026-06-17T16:06:01.878849+00:00,DION_001,121541,0.3648828780659072,SIMULATED,NORMAL
2026-06-17T16:06:01.889344+00:00,DION_001,121542,0.4106196582345816,SIMULATED,NORMAL
2026-06-17T16:06:01.900133+00:00,DION_001,121543,0.4471928444790503,SIMULATED,NORMAL
2026-06-17T16:06:01.911162+00:00,DION_001,121544,0.6205300759883373,SIMULATED,NORMAL
2026-06-17T16:06:01.922617+00:00,DION_001,121545,0.8698225620900313,SIMULATED,NORMAL
2026-06-17T16:06:01.934062+00:00,DION_001,121546,0.3498930334043252,SIMULATED,NORMAL
2026-06-17T16:06:01.945487+00:00,DION_001,121547,0.6747994426511585,SIMULATED,NORMAL
2026-06-17T16:06:01.956553+00:00,DION_001,121548,0.23148120930222923,SIMULATED,NORMAL
2026-06-17T16:06:01.967459+00:00,DION_001,121549,0.39593984538767873,SIMULATED,NORMAL
2026-06-17T16:06:01.977857+00:00,DION_001,121550,0.20076275693660617,SIMULATED,NORMAL
2026-06-17T16:06:01.988861+00:00,DION_001,121551,0.23917741778777796,SIMULATED,NORMAL
2026-06-17T16:06:01.999747+00:00,DION_001,121552,0.3982651590113636,SIMULATED,NORMAL
2026-06-17T16:06:02.010073+00:00,DION_001,121553,0.3837891146998519,SIMULATED,NORMAL
2026-06-17T16:06:02.020364+00:00,DION_001,121554,-0.02252852437687694,SIMULATED,NORMAL
2026-06-17T16:06:02.031255+00:00,DION_001,121555,0.0011730409293309735,SIMULATED,NORMAL
2026-06-17T16:06:02.042574+00:00,DION_001,121556,0.025646491077965995,SIMULATED,NORMAL
2026-06-17T16:06:02.053759+00:00,DION_001,121557,-0.07071374614050242,SIMULATED,NORMAL
2026-06-17T16:06:02.064893+00:00,DION_001,121558,-0.23503349459023337,SIMULATED,NORMAL
2026-06-17T16:06:02.076016+00:00,DION_001,121559,0.22605888849564607,SIMULATED,NORMAL
2026-06-17T16:06:02.086683+00:00,DION_001,121560,-3.028821231727076,SIMULATED,EVENT_DETECTED
2026-06-17T16:06:02.098313+00:00,DION_001,121561,-0.07928063162588672,SIMULATED,NORMAL
2026-06-17T16:06:02.109471+00:00,DION_001,121562,-0.4168295497152593,SIMULATED,NORMAL
2026-06-17T16:06:02.120569+00:00,DION_001,121563,-0.31621152151456855,SIMULATED,NORMAL
2026-06-17T16:06:02.131559+00:00,DION_001,121564,-0.322817966197743,SIMULATED,NORMAL
2026-06-17T16:06:02.142957+00:00,DION_001,121565,-0.18599270455817515,SIMULATED,NORMAL
2026-06-17T16:06:02.154197+00:00,DION_001,121566,-0.4546573160957291,SIMULATED,NORMAL
2026-06-17T16:06:02.165340+00:00,DION_001,121567,-0.4612327382507045,SIMULATED,NORMAL
2026-06-17T16:06:02.176523+00:00,DION_001,121568,-0.45624162447197647,SIMULATED,NORMAL
2026-06-17T16:06:02.188043+00:00,DION_001,121569,-0.6796488089453496,SIMULATED,NORMAL
2026-06-17T16:06:02.199005+00:00,DION_001,121570,-0.47775549977533804,SIMULATED,NORMAL
2026-06-17T16:06:02.210259+00:00,DION_001,121571,-0.6410734531121103,SIMULATED,NORMAL
2026-06-17T16:06:02.221437+00:00,DION_001,121572,-0.5510035010176949,SIMULATED,NORMAL
2026-06-17T16:06:02.232530+00:00,DION_001,121573,-0.6455007639333127,SIMULATED,NORMAL
2026-06-17T16:06:02.243628+00:00,DION_001,121574,-0.5103228867175905,SIMULATED,NORMAL
2026-06-17T16:06:02.254994+00:00,DION_001,121575,-3.0465519904445566,SIMULATED,EVENT_DETECTED
2026-06-17T16:06:02.265611+00:00,DION_001,121576,-0.8036264272182351,SIMULATED,NORMAL
2026-06-17T16:06:02.276758+00:00,DION_001,121577,-0.6284466047191106,SIMULATED,NORMAL
2026-06-17T16:06:02.287722+00:00,DION_001,121578,-0.8447795404264958,SIMULATED,NORMAL
2026-06-17T16:06:02.298850+00:00,DION_001,121579,-0.8883802267313331,SIMULATED,NORMAL
2026-06-17T16:06:02.310074+00:00,DION_001,121580,-0.7072318046176831,SIMULATED,NORMAL
2026-06-17T16:06:02.321273+00:00,DION_001,121581,-0.994473139479997,SIMULATED,NORMAL
2026-06-17T16:06:02.332316+00:00,DION_001,121582,-0.9734529616227316,SIMULATED,NORMAL
2026-06-17T16:06:02.342981+00:00,DION_001,121583,-0.785030770187637,SIMULATED,NORMAL
2026-06-17T16:06:02.354327+00:00,DION_001,121584,-0.6683797526713768,SIMULATED,NORMAL
2026-06-17T16:06:02.365512+00:00,DION_001,121585,-0.7580087251901668,SIMULATED,NORMAL
2026-06-17T16:06:02.376692+00:00,DION_001,121586,-0.6658547276092049,SIMULATED,NORMAL
2026-06-17T16:06:02.387760+00:00,DION_001,121587,-0.7955086127467587,SIMULATED,NORMAL
2026-06-17T16:06:02.398802+00:00,DION_001,121588,-0.6760179848594923,SIMULATED,NORMAL
2026-06-17T16:06:02.410100+00:00,DION_001,121589,-0.7809878113312707,SIMULATED,NORMAL
2026-06-17T16:06:02.421274+00:00,DION_001,121590,-0.8058632873474671,SIMULATED,NORMAL
2026-06-17T16:06:02.432308+00:00,DION_001,121591,-0.7120629249492454,SIMULATED,NORMAL
2026-06-17T16:06:02.443351+00:00,DION_001,121592,-0.653869267983062,SIMULATED,NORMAL
2026-06-17T16:06:02.454729+00:00,DION_001,121593,-0.406311051227785,SIMULATED,NORMAL
2026-06-17T16:06:02.465980+00:00,DION_001,121594,-0.7405120329740467,SIMULATED,NORMAL
2026-06-17T16:06:02.477226+00:00,DION_001,121595,-0.5324330201505516,SIMULATED,NORMAL
2026-06-17T16:06:02.488426+00:00,DION_001,121596,-0.6535614488762835,SIMULATED,NORMAL
2026-06-17T16:06:02.499103+00:00,DION_001,121597,-0.6168021558245205,SIMULATED,NORMAL
2026-06-17T16:06:02.510420+00:00,DION_001,121598,-0.7208896097965278,SIMULATED,NORMAL
2026-06-17T16:06:02.521650+00:00,DION_001,121599,-0.3726908494310829,SIMULATED,NORMAL
2026-06-17T16:06:02.532726+00:00,DION_001,121600,-0.5060628056024022,SIMULATED,NORMAL
2026-06-17T16:06:02.543653+00:00,DION_001,121601,-0.3806864819560507,SIMULATED,NORMAL
2026-06-17T16:06:02.555127+00:00,DION_001,121602,-0.5207452540957609,SIMULATED,NORMAL
2026-06-17T16:06:02.566470+00:00,DION_001,121603,-0.4439412512411522,SIMULATED,NORMAL
2026-06-17T16:06:02.577813+00:00,DION_001,121604,-0.345716043176467,SIMULATED,NORMAL
2026-06-17T16:06:02.589096+00:00,DION_001,121605,-0.33062388184807656,SIMULATED,NORMAL
2026-06-17T16:06:02.600180+00:00,DION_001,121606,-0.3463526422056814,SIMULATED,NORMAL
2026-06-17T16:06:02.611309+00:00,DION_001,121607,-0.25894425699477325,SIMULATED,NORMAL
2026-06-17T16:06:02.622534+00:00,DION_001,121608,-0.4534293373351185,SIMULATED,NORMAL
2026-06-17T16:06:02.633699+00:00,DION_001,121609,-0.22121197136111137,SIMULATED,NORMAL
2026-06-17T16:06:02.644919+00:00,DION_001,121610,-0.32489988019715454,SIMULATED,NORMAL
2026-06-17T16:06:02.656074+00:00,DION_001,121611,-0.21377928759791726,SIMULATED,NORMAL
2026-06-17T16:06:02.667146+00:00,DION_001,121612,-0.35057845643832053,SIMULATED,NORMAL
2026-06-17T16:06:02.678486+00:00,DION_001,121613,-0.10788255810028793,SIMULATED,NORMAL
2026-06-17T16:06:02.689343+00:00,DION_001,121614,-0.31519125337920184,SIMULATED,NORMAL
2026-06-17T16:06:02.700451+00:00,DION_001,121615,-0.39252911359028786,SIMULATED,NORMAL
2026-06-17T16:06:02.711467+00:00,DION_001,121616,-0.2234519092916622,SIMULATED,NORMAL
2026-06-17T16:06:02.722856+00:00,DION_001,121617,-0.6370175375755127,SIMULATED,NORMAL
2026-06-17T16:06:02.734119+00:00,DION_001,121618,-0.312580356515637,SIMULATED,NORMAL
2026-06-17T16:06:02.745207+00:00,DION_001,121619,-0.5765163669365909,SIMULATED,NORMAL
2026-06-17T16:06:02.756733+00:00,DION_001,121620,-0.14935470908096748,SIMULATED,NORMAL
2026-06-17T16:06:02.767728+00:00,DION_001,121621,-0.2471052425121502,SIMULATED,NORMAL
2026-06-17T16:06:02.778755+00:00,DION_001,121622,-0.3834966984551604,SIMULATED,NORMAL
2026-06-17T16:06:02.789989+00:00,DION_001,121623,-0.4415304112362836,SIMULATED,NORMAL
2026-06-17T16:06:02.801222+00:00,DION_001,121624,-0.5006694380838127,SIMULATED,NORMAL
2026-06-17T16:06:02.812382+00:00,DION_001,121625,-0.4169404972580568,SIMULATED,NORMAL
2026-06-17T16:06:02.823399+00:00,DION_001,121626,-0.28406508695661603,SIMULATED,NORMAL
2026-06-17T16:06:02.834752+00:00,DION_001,121627,-0.8126044656895091,SIMULATED,NORMAL
2026-06-17T16:06:02.845960+00:00,DION_001,121628,-0.379987907438515,SIMULATED,NORMAL
2026-06-17T16:06:02.857120+00:00,DION_001,121629,-0.7076498725268083,SIMULATED,NORMAL
2026-06-17T16:06:02.868319+00:00,DION_001,121630,-0.9682759595345256,SIMULATED,NORMAL
2026-06-17T16:06:02.879355+00:00,DION_001,121631,-0.5896062972659883,SIMULATED,NORMAL
2026-06-17T16:06:02.890672+00:00,DION_001,121632,-0.6535167465918259,SIMULATED,NORMAL
2026-06-17T16:06:02.901905+00:00,DION_001,121633,-0.973588629709235,SIMULATED,NORMAL
2026-06-17T16:06:02.913101+00:00,DION_001,121634,-0.6508477998343154,SIMULATED,NORMAL
2026-06-17T16:06:02.924182+00:00,DION_001,121635,-0.9753394539686151,SIMULATED,NORMAL
2026-06-17T16:06:02.935088+00:00,DION_001,121636,-0.7594868904212937,SIMULATED,NORMAL
2026-06-17T16:06:02.946389+00:00,DION_001,121637,-0.877469240870183,SIMULATED,NORMAL
2026-06-17T16:06:02.957565+00:00,DION_001,121638,-1.1275452748570436,SIMULATED,NORMAL
2026-06-17T16:06:02.968594+00:00,DION_001,121639,-0.856654155907127,SIMULATED,NORMAL
2026-06-17T16:06:02.979498+00:00,DION_001,121640,1.5634841499961596,SIMULATED,NORMAL
2026-06-17T16:06:02.990902+00:00,DION_001,121641,-0.9963274742821013,SIMULATED,NORMAL
2026-06-17T16:06:03.001314+00:00,DION_001,121642,-0.8410721256341908,SIMULATED,NORMAL
2026-06-17T16:06:03.012288+00:00,DION_001,121643,-1.288995437170009,SIMULATED,NORMAL
2026-06-17T16:06:03.023133+00:00,DION_001,121644,-1.0530500775280023,SIMULATED,NORMAL
2026-06-17T16:06:03.034296+00:00,DION_001,121645,-1.2275804455799348,SIMULATED,NORMAL
2026-06-17T16:06:03.045397+00:00,DION_001,121646,-1.148816669246549,SIMULATED,NORMAL
2026-06-17T16:06:03.056597+00:00,DION_001,121647,-1.2624192248105592,SIMULATED,NORMAL
2026-06-17T16:06:03.067612+00:00,DION_001,121648,-1.3796106064766231,SIMULATED,NORMAL
2026-06-17T16:06:03.078793+00:00,DION_001,121649,-1.1804271628456908,SIMULATED,NORMAL
2026-06-17T16:06:03.090039+00:00,DION_001,121650,1.0015202175222055,SIMULATED,NORMAL
2026-06-17T16:06:03.100511+00:00,DION_001,121651,-1.4149746159890007,SIMULATED,NORMAL
2026-06-17T16:06:03.111570+00:00,DION_001,121652,-1.0001246295835857,SIMULATED,NORMAL
2026-06-17T16:06:03.122978+00:00,DION_001,121653,-1.2066041728286196,SIMULATED,NORMAL
2026-06-17T16:06:03.134293+00:00,DION_001,121654,-1.060908110738848,SIMULATED,NORMAL
2026-06-17T16:06:03.145436+00:00,DION_001,121655,-1.0908953154815764,SIMULATED,NORMAL
2026-06-17T16:06:03.156482+00:00,DION_001,121656,-1.4861588691127772,SIMULATED,NORMAL
2026-06-17T16:06:03.167383+00:00,DION_001,121657,-1.2482946835741204,SIMULATED,NORMAL
2026-06-17T16:06:03.178706+00:00,DION_001,121658,-1.3610241896150415,SIMULATED,NORMAL
2026-06-17T16:06:03.190065+00:00,DION_001,121659,-1.22665516275123,SIMULATED,NORMAL
2026-06-17T16:06:03.201145+00:00,DION_001,121660,-1.1364151171421113,SIMULATED,NORMAL
2026-06-17T16:06:03.212210+00:00,DION_001,121661,-1.1293432911670866,SIMULATED,NORMAL
2026-06-17T16:06:03.222759+00:00,DION_001,121662,-0.7299000469226136,SIMULATED,NORMAL
2026-06-17T16:06:03.234122+00:00,DION_001,121663,-0.8942733846359949,SIMULATED,NORMAL
2026-06-17T16:06:03.245232+00:00,DION_001,121664,-0.9209020032396857,SIMULATED,NORMAL
2026-06-17T16:06:03.256245+00:00,DION_001,121665,-0.899718475403471,SIMULATED,NORMAL
2026-06-17T16:06:03.267224+00:00,DION_001,121666,-0.7126873595004449,SIMULATED,NORMAL
2026-06-17T16:06:03.278500+00:00,DION_001,121667,-1.0573749351284478,SIMULATED,NORMAL
2026-06-17T16:06:03.289713+00:00,DION_001,121668,-0.6718930639853253,SIMULATED,NORMAL
2026-06-17T16:06:03.300778+00:00,DION_001,121669,-0.8304948043318782,SIMULATED,NORMAL
2026-06-17T16:06:03.311802+00:00,DION_001,121670,-0.6466855603666136,SIMULATED,NORMAL
2026-06-17T16:06:03.322877+00:00,DION_001,121671,-0.5495572025855197,SIMULATED,NORMAL
2026-06-17T16:06:03.334134+00:00,DION_001,121672,-0.7614046001229915,SIMULATED,NORMAL
2026-06-17T16:06:03.345387+00:00,DION_001,121673,-0.6743922856302089,SIMULATED,NORMAL
2026-06-17T16:06:03.356545+00:00,DION_001,121674,-0.685444512661873,SIMULATED,NORMAL
2026-06-17T16:06:03.367580+00:00,DION_001,121675,-0.5410231202050856,SIMULATED,NORMAL
2026-06-17T16:06:03.378900+00:00,DION_001,121676,-0.42712258992384194,SIMULATED,NORMAL
2026-06-17T16:06:03.390368+00:00,DION_001,121677,-0.3588835014477876,SIMULATED,NORMAL
2026-06-17T16:06:03.401546+00:00,DION_001,121678,-0.4014966292526743,SIMULATED,NORMAL
2026-06-17T16:06:03.412598+00:00,DION_001,121679,-0.4779980632982977,SIMULATED,NORMAL
2026-06-17T16:06:03.423521+00:00,DION_001,121680,-0.4037696712139805,SIMULATED,NORMAL
2026-06-17T16:06:03.434965+00:00,DION_001,121681,-0.21269359014477798,SIMULATED,NORMAL
2026-06-17T16:06:03.446314+00:00,DION_001,121682,-0.25520234690765625,SIMULATED,NORMAL
2026-06-17T16:06:03.457575+00:00,DION_001,121683,-0.48257182915571384,SIMULATED,NORMAL
2026-06-17T16:06:03.468634+00:00,DION_001,121684,-0.30796930055786803,SIMULATED,NORMAL
2026-06-17T16:06:03.479705+00:00,DION_001,121685,-0.28885457442134643,SIMULATED,NORMAL
2026-06-17T16:06:03.490714+00:00,DION_001,121686,-0.1992131381149065,SIMULATED,NORMAL
2026-06-17T16:06:03.501952+00:00,DION_001,121687,-0.04420096694804826,SIMULATED,NORMAL
2026-06-17T16:06:03.512877+00:00,DION_001,121688,-0.2534974723677644,SIMULATED,NORMAL
2026-06-17T16:06:03.523859+00:00,DION_001,121689,-0.04892015675470933,SIMULATED,NORMAL
2026-06-17T16:06:03.534694+00:00,DION_001,121690,-0.3368183276041395,SIMULATED,NORMAL
2026-06-17T16:06:03.545967+00:00,DION_001,121691,0.00016350702187022115,SIMULATED,NORMAL
2026-06-17T16:06:03.557117+00:00,DION_001,121692,-0.1917106765640534,SIMULATED,NORMAL
2026-06-17T16:06:03.568195+00:00,DION_001,121693,0.1437587640154342,SIMULATED,NORMAL
2026-06-17T16:06:03.581669+00:00,DION_001,121694,-0.43590225941142213,SIMULATED,NORMAL
2026-06-17T16:06:03.592132+00:00,DION_001,121695,0.05908617872944197,SIMULATED,NORMAL
2026-06-17T16:06:03.602530+00:00,DION_001,121696,-0.003670328665971903,SIMULATED,NORMAL
2026-06-17T16:06:03.612875+00:00,DION_001,121697,-0.1822817151038102,SIMULATED,NORMAL
2026-06-17T16:06:03.623250+00:00,DION_001,121698,0.10459175319369715,SIMULATED,NORMAL
2026-06-17T16:06:03.633621+00:00,DION_001,121699,0.06835428113284223,SIMULATED,NORMAL
2026-06-17T16:06:03.643969+00:00,DION_001,121700,-0.04484424616844836,SIMULATED,NORMAL
2026-06-17T16:06:03.654256+00:00,DION_001,121701,-0.10315141563518919,SIMULATED,NORMAL
2026-06-17T16:06:03.664710+00:00,DION_001,121702,-0.547740134878517,SIMULATED,NORMAL
2026-06-17T16:06:03.675163+00:00,DION_001,121703,-0.5356560185185976,SIMULATED,NORMAL
2026-06-17T16:06:03.685782+00:00,DION_001,121704,-0.04184517330012558,SIMULATED,NORMAL
2026-06-17T16:06:03.696244+00:00,DION_001,121705,-0.407130602812404,SIMULATED,NORMAL
2026-06-17T16:06:03.706584+00:00,DION_001,121706,-0.25355896215082485,SIMULATED,NORMAL
2026-06-17T16:06:03.716966+00:00,DION_001,121707,-0.010260657473729923,SIMULATED,NORMAL
2026-06-17T16:06:03.727295+00:00,DION_001,121708,-0.16711421254891096,SIMULATED,NORMAL
2026-06-17T16:06:03.737634+00:00,DION_001,121709,-0.27389343112034853,SIMULATED,NORMAL
2026-06-17T16:06:03.748089+00:00,DION_001,121710,-0.2125450363602177,SIMULATED,NORMAL
2026-06-17T16:06:03.758522+00:00,DION_001,121711,-0.37925411267421577,SIMULATED,NORMAL
2026-06-17T16:06:03.768931+00:00,DION_001,121712,-0.5322450806925761,SIMULATED,NORMAL
2026-06-17T16:06:03.779260+00:00,DION_001,121713,-0.4635051244593415,SIMULATED,NORMAL
2026-06-17T16:06:03.789610+00:00,DION_001,121714,-0.49673234143770617,SIMULATED,NORMAL
2026-06-17T16:06:03.800088+00:00,DION_001,121715,-0.4222741472228248,SIMULATED,NORMAL
2026-06-17T16:06:03.810491+00:00,DION_001,121716,-0.38105530304534846,SIMULATED,NORMAL
2026-06-17T16:06:03.820993+00:00,DION_001,121717,-0.3951209465340855,SIMULATED,NORMAL
2026-06-17T16:06:03.831340+00:00,DION_001,121718,-0.35905529316494944,SIMULATED,NORMAL
2026-06-17T16:06:03.841857+00:00,DION_001,121719,-0.4697865082016976,SIMULATED,NORMAL
2026-06-17T16:06:03.852330+00:00,DION_001,121720,-0.3314779094019756,SIMULATED,NORMAL
2026-06-17T16:06:03.862655+00:00,DION_001,121721,-0.547625172314206,SIMULATED,NORMAL
2026-06-17T16:06:03.872971+00:00,DION_001,121722,-0.6607647977489113,SIMULATED,NORMAL
2026-06-17T16:06:03.883388+00:00,DION_001,121723,-0.2826993212068937,SIMULATED,NORMAL
2026-06-17T16:06:03.893839+00:00,DION_001,121724,-0.4103156048883174,SIMULATED,NORMAL
2026-06-17T16:06:03.904388+00:00,DION_001,121725,1.1109101835189963,SIMULATED,NORMAL
2026-06-17T16:06:03.914809+00:00,DION_001,121726,-0.7976943476074745,SIMULATED,NORMAL
2026-06-17T16:06:03.925167+00:00,DION_001,121727,-0.3615379031129565,SIMULATED,NORMAL
2026-06-17T16:06:03.935557+00:00,DION_001,121728,-0.6437685194749558,SIMULATED,NORMAL
2026-06-17T16:06:03.945960+00:00,DION_001,121729,-0.34929562564050465,SIMULATED,NORMAL
2026-06-17T16:06:03.956422+00:00,DION_001,121730,-0.4950489158219768,SIMULATED,NORMAL
2026-06-17T16:06:03.966865+00:00,DION_001,121731,-0.24011526285495297,SIMULATED,NORMAL
2026-06-17T16:06:03.977252+00:00,DION_001,121732,-0.4934769030793211,SIMULATED,NORMAL
2026-06-17T16:06:03.987639+00:00,DION_001,121733,-0.11571820141205252,SIMULATED,NORMAL
2026-06-17T16:06:03.998039+00:00,DION_001,121734,-0.46606089273474677,SIMULATED,NORMAL
2026-06-17T16:06:04.008478+00:00,DION_001,121735,-0.22435283158966562,SIMULATED,NORMAL
2026-06-17T16:06:04.018858+00:00,DION_001,121736,-0.24027180494088535,SIMULATED,NORMAL
2026-06-17T16:06:04.029157+00:00,DION_001,121737,-0.4074591007377202,SIMULATED,NORMAL
2026-06-17T16:06:04.039458+00:00,DION_001,121738,-0.32412644685980135,SIMULATED,NORMAL
2026-06-17T16:06:04.049800+00:00,DION_001,121739,-0.3216572174960278,SIMULATED,NORMAL
2026-06-17T16:06:04.060074+00:00,DION_001,121740,-0.17944705931260335,SIMULATED,NORMAL
2026-06-17T16:06:04.070441+00:00,DION_001,121741,-0.11718177477206979,SIMULATED,NORMAL
2026-06-17T16:06:04.080796+00:00,DION_001,121742,0.0037345614990451637,SIMULATED,NORMAL
2026-06-17T16:06:04.091222+00:00,DION_001,121743,-0.0355383849497639,SIMULATED,NORMAL
2026-06-17T16:06:04.101541+00:00,DION_001,121744,-0.25016908815774697,SIMULATED,NORMAL
2026-06-17T16:06:04.111861+00:00,DION_001,121745,-0.1342246794646094,SIMULATED,NORMAL
2026-06-17T16:06:04.122155+00:00,DION_001,121746,0.09142995397983339,SIMULATED,NORMAL
2026-06-17T16:06:04.132422+00:00,DION_001,121747,0.32974765676012174,SIMULATED,NORMAL
2026-06-17T16:06:04.142710+00:00,DION_001,121748,0.2702870756290377,SIMULATED,NORMAL
2026-06-17T16:06:04.152991+00:00,DION_001,121749,0.2860944132398744,SIMULATED,NORMAL
2026-06-17T16:06:04.163261+00:00,DION_001,121750,0.5807203271349035,SIMULATED,NORMAL
2026-06-17T16:06:04.173492+00:00,DION_001,121751,0.2138206774611872,SIMULATED,NORMAL
2026-06-17T16:06:04.183946+00:00,DION_001,121752,0.2418047976493021,SIMULATED,NORMAL
2026-06-17T16:06:04.194387+00:00,DION_001,121753,0.4038164374209584,SIMULATED,NORMAL
2026-06-17T16:06:04.204841+00:00,DION_001,121754,0.2533936068812393,SIMULATED,NORMAL
2026-06-17T16:06:04.215245+00:00,DION_001,121755,0.4568012733149033,SIMULATED,NORMAL
2026-06-17T16:06:04.225642+00:00,DION_001,121756,0.1691460031777441,SIMULATED,NORMAL
2026-06-17T16:06:04.236103+00:00,DION_001,121757,0.5768032875205338,SIMULATED,NORMAL
2026-06-17T16:06:04.246733+00:00,DION_001,121758,0.634287669049091,SIMULATED,NORMAL
2026-06-17T16:06:04.257128+00:00,DION_001,121759,0.5111815222344428,SIMULATED,NORMAL
2026-06-17T16:06:04.267471+00:00,DION_001,121760,0.445100496912379,SIMULATED,NORMAL
2026-06-17T16:06:04.277870+00:00,DION_001,121761,0.7577878130618833,SIMULATED,NORMAL
2026-06-17T16:06:04.288376+00:00,DION_001,121762,0.7305721925106774,SIMULATED,NORMAL
2026-06-17T16:06:04.298850+00:00,DION_001,121763,0.6113994219210037,SIMULATED,NORMAL
2026-06-17T16:06:04.309241+00:00,DION_001,121764,1.1936284305344556,SIMULATED,NORMAL
2026-06-17T16:06:04.319759+00:00,DION_001,121765,0.8954641403624205,SIMULATED,NORMAL
2026-06-17T16:06:04.330199+00:00,DION_001,121766,0.7383549217883512,SIMULATED,NORMAL
2026-06-17T16:06:04.340581+00:00,DION_001,121767,0.9414217900553493,SIMULATED,NORMAL
2026-06-17T16:06:04.350866+00:00,DION_001,121768,0.7107566394483553,SIMULATED,NORMAL
2026-06-17T16:06:04.361220+00:00,DION_001,121769,0.8851595112893968,SIMULATED,NORMAL
2026-06-17T16:06:04.371799+00:00,DION_001,121770,1.014627528302611,SIMULATED,NORMAL
2026-06-17T16:06:04.382309+00:00,DION_001,121771,1.0215807534163026,SIMULATED,NORMAL
2026-06-17T16:06:04.392676+00:00,DION_001,121772,0.7763897674114175,SIMULATED,NORMAL
2026-06-17T16:06:04.403015+00:00,DION_001,121773,0.7341293178119395,SIMULATED,NORMAL
2026-06-17T16:06:04.413502+00:00,DION_001,121774,0.6814090149200313,SIMULATED,NORMAL
2026-06-17T16:06:04.423901+00:00,DION_001,121775,0.7080200005891604,SIMULATED,NORMAL
2026-06-17T16:06:04.434311+00:00,DION_001,121776,1.010374609617964,SIMULATED,NORMAL
2026-06-17T16:06:04.444663+00:00,DION_001,121777,0.8398154330492192,SIMULATED,NORMAL
2026-06-17T16:06:04.455095+00:00,DION_001,121778,0.7921255988148552,SIMULATED,NORMAL
2026-06-17T16:06:04.465567+00:00,DION_001,121779,0.7922456832259377,SIMULATED,NORMAL
2026-06-17T16:06:04.476024+00:00,DION_001,121780,0.6401716308568579,SIMULATED,NORMAL
2026-06-17T16:06:04.486466+00:00,DION_001,121781,2.430622197011889,SIMULATED,EVENT_DETECTED
2026-06-17T16:06:04.497162+00:00,DION_001,121782,1.1112130706133871,SIMULATED,NORMAL
2026-06-17T16:06:04.507611+00:00,DION_001,121783,1.0891485677672417,SIMULATED,NORMAL
2026-06-17T16:06:04.518051+00:00,DION_001,121784,0.8241991340649937,SIMULATED,NORMAL
2026-06-17T16:06:04.528467+00:00,DION_001,121785,3.645593054733391,SIMULATED,EVENT_DETECTED
2026-06-17T16:06:04.539017+00:00,DION_001,121786,0.5917244839360674,SIMULATED,NORMAL
2026-06-17T16:06:04.549621+00:00,DION_001,121787,0.748112563605416,SIMULATED,NORMAL
2026-06-17T16:06:04.560063+00:00,DION_001,121788,0.8324622908771773,SIMULATED,NORMAL
2026-06-17T16:06:04.570519+00:00,DION_001,121789,0.7394629309124492,SIMULATED,NORMAL
2026-06-17T16:06:04.580985+00:00,DION_001,121790,0.5948957561595605,SIMULATED,NORMAL
2026-06-17T16:06:04.591388+00:00,DION_001,121791,0.9581278753666824,SIMULATED,NORMAL
2026-06-17T16:06:04.601750+00:00,DION_001,121792,0.652605308926389,SIMULATED,NORMAL
2026-06-17T16:06:04.612119+00:00,DION_001,121793,0.621086412241661,SIMULATED,NORMAL
2026-06-17T16:06:04.622486+00:00,DION_001,121794,0.685878937219001,SIMULATED,NORMAL
2026-06-17T16:06:04.632951+00:00,DION_001,121795,0.550017079547524,SIMULATED,NORMAL
2026-06-17T16:06:04.643361+00:00,DION_001,121796,0.37729203717152693,SIMULATED,NORMAL
2026-06-17T16:06:04.653749+00:00,DION_001,121797,0.7237168259222336,SIMULATED,NORMAL
2026-06-17T16:06:04.664254+00:00,DION_001,121798,0.3357036875287188,SIMULATED,NORMAL
2026-06-17T16:06:04.674757+00:00,DION_001,121799,0.37355636551779714,SIMULATED,NORMAL
2026-06-17T16:06:04.685246+00:00,DION_001,121800,0.3583970551811766,SIMULATED,NORMAL
2026-06-17T16:06:04.695734+00:00,DION_001,121801,0.3189434051026225,SIMULATED,NORMAL
2026-06-17T16:06:04.706156+00:00,DION_001,121802,0.003323905845008579,SIMULATED,NORMAL
2026-06-17T16:06:04.716565+00:00,DION_001,121803,0.46457069477621216,SIMULATED,NORMAL
2026-06-17T16:06:04.726996+00:00,DION_001,121804,0.17609922535676045,SIMULATED,NORMAL
2026-06-17T16:06:04.737381+00:00,DION_001,121805,0.32900304649774575,SIMULATED,NORMAL
2026-06-17T16:06:04.747818+00:00,DION_001,121806,0.3357254965795649,SIMULATED,NORMAL
2026-06-17T16:06:04.758299+00:00,DION_001,121807,0.19587341037360514,SIMULATED,NORMAL
2026-06-17T16:06:04.768732+00:00,DION_001,121808,0.572491990555334,SIMULATED,NORMAL
2026-06-17T16:06:04.779104+00:00,DION_001,121809,0.48210569040113826,SIMULATED,NORMAL
2026-06-17T16:06:04.789485+00:00,DION_001,121810,0.3464531610469031,SIMULATED,NORMAL
2026-06-17T16:06:04.799879+00:00,DION_001,121811,0.26164378109427455,SIMULATED,NORMAL
2026-06-17T16:06:04.810257+00:00,DION_001,121812,0.3927525818753303,SIMULATED,NORMAL
2026-06-17T16:06:04.820659+00:00,DION_001,121813,0.5826802432383845,SIMULATED,NORMAL
2026-06-17T16:06:04.830981+00:00,DION_001,121814,0.3208617829555089,SIMULATED,NORMAL
2026-06-17T16:06:04.841393+00:00,DION_001,121815,0.05894284167097713,SIMULATED,NORMAL
2026-06-17T16:06:04.851915+00:00,DION_001,121816,0.2650954620835558,SIMULATED,NORMAL
2026-06-17T16:06:04.862358+00:00,DION_001,121817,0.4453369342072353,SIMULATED,NORMAL
2026-06-17T16:06:04.872699+00:00,DION_001,121818,0.41907619162106874,SIMULATED,NORMAL
2026-06-17T16:06:04.883146+00:00,DION_001,121819,0.2968843486786186,SIMULATED,NORMAL
2026-06-17T16:06:04.893629+00:00,DION_001,121820,0.4001215175786023,SIMULATED,NORMAL
2026-06-17T16:06:04.903983+00:00,DION_001,121821,0.552437197231909,SIMULATED,NORMAL
2026-06-17T16:06:04.914461+00:00,DION_001,121822,0.6595417099907526,SIMULATED,NORMAL
2026-06-17T16:06:04.924942+00:00,DION_001,121823,0.32055689301330365,SIMULATED,NORMAL
2026-06-17T16:06:04.935278+00:00,DION_001,121824,0.7425889944799806,SIMULATED,NORMAL
2026-06-17T16:06:04.945741+00:00,DION_001,121825,0.6289521682896178,SIMULATED,NORMAL
2026-06-17T16:06:04.956146+00:00,DION_001,121826,0.8565245817114623,SIMULATED,NORMAL
2026-06-17T16:06:04.966499+00:00,DION_001,121827,0.33628809477525984,SIMULATED,NORMAL
2026-06-17T16:06:04.976955+00:00,DION_001,121828,0.8166345554464042,SIMULATED,NORMAL
2026-06-17T16:06:04.987289+00:00,DION_001,121829,0.7311840639852414,SIMULATED,NORMAL
2026-06-17T16:06:04.997726+00:00,DION_001,121830,0.8336723340531771,SIMULATED,NORMAL
2026-06-17T16:06:05.008202+00:00,DION_001,121831,0.7800949999067315,SIMULATED,NORMAL
2026-06-17T16:06:05.018586+00:00,DION_001,121832,0.7395204929837654,SIMULATED,NORMAL
2026-06-17T16:06:05.029013+00:00,DION_001,121833,0.8084104048676718,SIMULATED,NORMAL
2026-06-17T16:06:05.039441+00:00,DION_001,121834,0.9028105336131099,SIMULATED,NORMAL
2026-06-17T16:06:05.049738+00:00,DION_001,121835,0.8766519267744287,SIMULATED,NORMAL
2026-06-17T16:06:05.060110+00:00,DION_001,121836,0.9873723165058073,SIMULATED,NORMAL
2026-06-17T16:06:05.070450+00:00,DION_001,121837,0.9417868585673392,SIMULATED,NORMAL
2026-06-17T16:06:05.080742+00:00,DION_001,121838,1.0336669025744172,SIMULATED,NORMAL
2026-06-17T16:06:05.091037+00:00,DION_001,121839,1.061112299888665,SIMULATED,NORMAL
2026-06-17T16:06:05.101345+00:00,DION_001,121840,0.8466248605792236,SIMULATED,NORMAL
2026-06-17T16:06:05.111695+00:00,DION_001,121841,0.8441241720677335,SIMULATED,NORMAL
2026-06-17T16:06:05.121987+00:00,DION_001,121842,0.934955947368239,SIMULATED,NORMAL
2026-06-17T16:06:05.132303+00:00,DION_001,121843,1.1897961343508756,SIMULATED,NORMAL
2026-06-17T16:06:05.142621+00:00,DION_001,121844,1.1350284998031157,SIMULATED,NORMAL
2026-06-17T16:06:05.153061+00:00,DION_001,121845,0.9842858023307524,SIMULATED,NORMAL
2026-06-17T16:06:05.163553+00:00,DION_001,121846,1.4953609987375198,SIMULATED,NORMAL
2026-06-17T16:06:05.173965+00:00,DION_001,121847,1.0363462156426155,SIMULATED,NORMAL
2026-06-17T16:06:05.184460+00:00,DION_001,121848,1.058869661856822,SIMULATED,NORMAL
2026-06-17T16:06:05.194817+00:00,DION_001,121849,1.1169478120057794,SIMULATED,NORMAL
2026-06-17T16:06:05.205243+00:00,DION_001,121850,1.2744495436814403,SIMULATED,NORMAL
2026-06-17T16:06:05.215605+00:00,DION_001,121851,1.1601606968734972,SIMULATED,NORMAL
2026-06-17T16:06:05.226078+00:00,DION_001,121852,1.0185787951052938,SIMULATED,NORMAL
2026-06-17T16:06:05.236443+00:00,DION_001,121853,0.993697752287221,SIMULATED,NORMAL
2026-06-17T16:06:05.246854+00:00,DION_001,121854,1.2994843163518566,SIMULATED,NORMAL
2026-06-17T16:06:05.257211+00:00,DION_001,121855,0.9575331616034003,SIMULATED,NORMAL
2026-06-17T16:06:05.267569+00:00,DION_001,121856,1.2009606025885717,SIMULATED,NORMAL
2026-06-17T16:06:05.277980+00:00,DION_001,121857,1.0942592370650785,SIMULATED,NORMAL
2026-06-17T16:06:05.288426+00:00,DION_001,121858,1.0827244691906925,SIMULATED,NORMAL
2026-06-17T16:06:05.298817+00:00,DION_001,121859,0.9446682539455766,SIMULATED,NORMAL
2026-06-17T16:06:05.309243+00:00,DION_001,121860,1.1052935959310826,SIMULATED,NORMAL
2026-06-17T16:06:05.319648+00:00,DION_001,121861,0.8549993316789228,SIMULATED,NORMAL
2026-06-17T16:06:05.330110+00:00,DION_001,121862,0.7869411596773881,SIMULATED,NORMAL
2026-06-17T16:06:05.340431+00:00,DION_001,121863,1.0352374814540681,SIMULATED,NORMAL
2026-06-17T16:06:05.350818+00:00,DION_001,121864,1.0281119864518382,SIMULATED,NORMAL
2026-06-17T16:06:05.361301+00:00,DION_001,121865,0.5894947159559781,SIMULATED,NORMAL
2026-06-17T16:06:05.371721+00:00,DION_001,121866,0.9390886974595808,SIMULATED,NORMAL
2026-06-17T16:06:05.382264+00:00,DION_001,121867,1.0735713649877674,SIMULATED,NORMAL
2026-06-17T16:06:05.392619+00:00,DION_001,121868,0.501446412776001,SIMULATED,NORMAL
2026-06-17T16:06:05.402958+00:00,DION_001,121869,0.9944555542961779,SIMULATED,NORMAL
2026-06-17T16:06:05.413875+00:00,DION_001,121870,0.7652247161582941,SIMULATED,NORMAL
2026-06-17T16:06:05.424333+00:00,DION_001,121871,0.7042677335010633,SIMULATED,NORMAL
2026-06-17T16:06:05.434754+00:00,DION_001,121872,0.6975184345095452,SIMULATED,NORMAL
2026-06-17T16:06:05.445143+00:00,DION_001,121873,0.3324784240294041,SIMULATED,NORMAL
2026-06-17T16:06:05.455532+00:00,DION_001,121874,0.5892058314437553,SIMULATED,NORMAL
2026-06-17T16:06:05.465944+00:00,DION_001,121875,0.5429364458298216,SIMULATED,NORMAL
2026-06-17T16:06:05.476278+00:00,DION_001,121876,0.3877637282837723,SIMULATED,NORMAL
2026-06-17T16:06:05.486657+00:00,DION_001,121877,0.47808734786279167,SIMULATED,NORMAL
2026-06-17T16:06:05.497144+00:00,DION_001,121878,0.2578138357215767,SIMULATED,NORMAL
2026-06-17T16:06:05.507562+00:00,DION_001,121879,0.2068021681058883,SIMULATED,NORMAL
2026-06-17T16:06:05.517952+00:00,DION_001,121880,0.4200519704397798,SIMULATED,NORMAL
2026-06-17T16:06:05.528302+00:00,DION_001,121881,0.2149286904979185,SIMULATED,NORMAL
2026-06-17T16:06:05.538790+00:00,DION_001,121882,0.1274323374598489,SIMULATED,NORMAL
2026-06-17T16:06:05.549328+00:00,DION_001,121883,-2.3399256313149226,SIMULATED,EVENT_DETECTED
2026-06-17T16:06:05.559782+00:00,DION_001,121884,0.20571796874152712,SIMULATED,NORMAL
2026-06-17T16:06:05.570222+00:00,DION_001,121885,0.07096358270149436,SIMULATED,NORMAL
2026-06-17T16:06:05.580639+00:00,DION_001,121886,0.22178708606511247,SIMULATED,NORMAL
2026-06-17T16:06:05.591165+00:00,DION_001,121887,0.14769232469534807,SIMULATED,NORMAL
2026-06-17T16:06:05.601619+00:00,DION_001,121888,0.008100800604013442,SIMULATED,NORMAL
2026-06-17T16:06:05.612067+00:00,DION_001,121889,-0.08894680185060566,SIMULATED,NORMAL
2026-06-17T16:06:05.622576+00:00,DION_001,121890,0.36087791693158217,SIMULATED,NORMAL
2026-06-17T16:06:05.633102+00:00,DION_001,121891,0.25313586640346775,SIMULATED,NORMAL
2026-06-17T16:06:05.643625+00:00,DION_001,121892,0.08687909105623032,SIMULATED,NORMAL
2026-06-17T16:06:05.654118+00:00,DION_001,121893,0.1015963519909358,SIMULATED,NORMAL
2026-06-17T16:06:05.664537+00:00,DION_001,121894,-0.14160380607696063,SIMULATED,NORMAL
2026-06-17T16:06:05.675018+00:00,DION_001,121895,-0.08958126939396967,SIMULATED,NORMAL
2026-06-17T16:06:05.685502+00:00,DION_001,121896,-0.0034318250575009444,SIMULATED,NORMAL
2026-06-17T16:06:05.695808+00:00,DION_001,121897,-0.1501319751586154,SIMULATED,NORMAL
2026-06-17T16:06:05.706221+00:00,DION_001,121898,-0.03941494808453455,SIMULATED,NORMAL
2026-06-17T16:06:05.716768+00:00,DION_001,121899,-0.12197590686262694,SIMULATED,NORMAL
2026-06-17T16:06:05.727135+00:00,DION_001,121900,0.3052491240706928,SIMULATED,NORMAL
2026-06-17T16:06:05.737493+00:00,DION_001,121901,0.009562989263601197,SIMULATED,NORMAL
2026-06-17T16:06:05.747927+00:00,DION_001,121902,-0.016794305898237313,SIMULATED,NORMAL
2026-06-17T16:06:05.758297+00:00,DION_001,121903,0.2294988391127701,SIMULATED,NORMAL
2026-06-17T16:06:05.768800+00:00,DION_001,121904,0.16170169183623034,SIMULATED,NORMAL
2026-06-17T16:06:05.779141+00:00,DION_001,121905,-0.2648511287187535,SIMULATED,NORMAL
2026-06-17T16:06:05.789519+00:00,DION_001,121906,0.08526191582661491,SIMULATED,NORMAL
2026-06-17T16:06:05.800056+00:00,DION_001,121907,-0.09309960648191862,SIMULATED,NORMAL
2026-06-17T16:06:05.810432+00:00,DION_001,121908,0.19708019590735304,SIMULATED,NORMAL
2026-06-17T16:06:05.820877+00:00,DION_001,121909,0.05644692472987323,SIMULATED,NORMAL
2026-06-17T16:06:05.831223+00:00,DION_001,121910,0.4689152010793348,SIMULATED,NORMAL
2026-06-17T16:06:05.841605+00:00,DION_001,121911,0.17531564429879004,SIMULATED,NORMAL
2026-06-17T16:06:05.852024+00:00,DION_001,121912,0.2967688897669203,SIMULATED,NORMAL
2026-06-17T16:06:05.862399+00:00,DION_001,121913,0.18510809212969792,SIMULATED,NORMAL
2026-06-17T16:06:05.872784+00:00,DION_001,121914,0.3066939216201986,SIMULATED,NORMAL
2026-06-17T16:06:05.883226+00:00,DION_001,121915,0.4298860630411816,SIMULATED,NORMAL
2026-06-17T16:06:05.893859+00:00,DION_001,121916,0.29117774746361313,SIMULATED,NORMAL
2026-06-17T16:06:05.904348+00:00,DION_001,121917,0.28438935028562773,SIMULATED,NORMAL
2026-06-17T16:06:05.914690+00:00,DION_001,121918,0.6028295205624963,SIMULATED,NORMAL
2026-06-17T16:06:05.925205+00:00,DION_001,121919,0.1984964869367295,SIMULATED,NORMAL
2026-06-17T16:06:05.936715+00:00,DION_001,121920,0.5131617779762415,SIMULATED,NORMAL
2026-06-17T16:06:05.947223+00:00,DION_001,121921,0.18581388246209893,SIMULATED,NORMAL
2026-06-17T16:06:05.957653+00:00,DION_001,121922,0.4985699961405026,SIMULATED,NORMAL
2026-06-17T16:06:05.968281+00:00,DION_001,121923,0.6101538697288548,SIMULATED,NORMAL
2026-06-17T16:06:05.978681+00:00,DION_001,121924,0.2407376639769066,SIMULATED,NORMAL
2026-06-17T16:06:05.989105+00:00,DION_001,121925,0.14590080170109773,SIMULATED,NORMAL
2026-06-17T16:06:05.999586+00:00,DION_001,121926,2.3001853445708003,SIMULATED,EVENT_DETECTED
2026-06-17T16:06:06.010085+00:00,DION_001,121927,0.2806844779883167,SIMULATED,NORMAL
2026-06-17T16:06:06.020479+00:00,DION_001,121928,-0.07466456796937582,SIMULATED,NORMAL
2026-06-17T16:06:06.030855+00:00,DION_001,121929,0.5423181301442168,SIMULATED,NORMAL
2026-06-17T16:06:06.041279+00:00,DION_001,121930,0.252412567315109,SIMULATED,NORMAL
2026-06-17T16:06:06.051683+00:00,DION_001,121931,0.2264647993008115,SIMULATED,NORMAL
2026-06-17T16:06:06.062129+00:00,DION_001,121932,0.33578697021718423,SIMULATED,NORMAL
2026-06-17T16:06:06.072433+00:00,DION_001,121933,0.3830685245269639,SIMULATED,NORMAL
2026-06-17T16:06:06.082761+00:00,DION_001,121934,0.15579577852144583,SIMULATED,NORMAL
2026-06-17T16:06:06.093067+00:00,DION_001,121935,0.07922219530306476,SIMULATED,NORMAL
2026-06-17T16:06:06.103333+00:00,DION_001,121936,0.07222548751509483,SIMULATED,NORMAL
2026-06-17T16:06:06.113657+00:00,DION_001,121937,0.16027582227175266,SIMULATED,NORMAL
2026-06-17T16:06:06.123900+00:00,DION_001,121938,-0.08612953217773303,SIMULATED,NORMAL
2026-06-17T16:06:06.134152+00:00,DION_001,121939,0.3940353227293541,SIMULATED,NORMAL
2026-06-17T16:06:06.144470+00:00,DION_001,121940,0.24271523755304394,SIMULATED,NORMAL
2026-06-17T16:06:06.154760+00:00,DION_001,121941,0.004724986290338518,SIMULATED,NORMAL
2026-06-17T16:06:06.165036+00:00,DION_001,121942,0.14588164286530003,SIMULATED,NORMAL
2026-06-17T16:06:06.175384+00:00,DION_001,121943,-0.06306288815598515,SIMULATED,NORMAL
2026-06-17T16:06:06.185704+00:00,DION_001,121944,-0.1640007555001873,SIMULATED,NORMAL
2026-06-17T16:06:06.195937+00:00,DION_001,121945,-0.14563125692149204,SIMULATED,NORMAL
2026-06-17T16:06:06.206221+00:00,DION_001,121946,-0.24096185120725036,SIMULATED,NORMAL
2026-06-17T16:06:06.216556+00:00,DION_001,121947,-0.18405507831007717,SIMULATED,NORMAL
2026-06-17T16:06:06.226892+00:00,DION_001,121948,-0.10415837315560421,SIMULATED,NORMAL
2026-06-17T16:06:06.237375+00:00,DION_001,121949,-0.3443161899244764,SIMULATED,NORMAL
2026-06-17T16:06:06.247775+00:00,DION_001,121950,-0.39709807108326256,SIMULATED,NORMAL
2026-06-17T16:06:06.258273+00:00,DION_001,121951,-0.37982180931909515,SIMULATED,NORMAL
2026-06-17T16:06:06.268715+00:00,DION_001,121952,-0.359205972254291,SIMULATED,NORMAL
2026-06-17T16:06:06.279155+00:00,DION_001,121953,-0.402428668681277,SIMULATED,NORMAL
2026-06-17T16:06:06.289601+00:00,DION_001,121954,-0.6091090455869267,SIMULATED,NORMAL
2026-06-17T16:06:06.299938+00:00,DION_001,121955,-0.37601005671576965,SIMULATED,NORMAL
2026-06-17T16:06:06.310282+00:00,DION_001,121956,-0.7954956260691559,SIMULATED,NORMAL
2026-06-17T16:06:06.320786+00:00,DION_001,121957,-0.7176377175571849,SIMULATED,NORMAL
2026-06-17T16:06:06.333798+00:00,DION_001,121958,-0.6355457262342126,SIMULATED,NORMAL
2026-06-17T16:06:06.344182+00:00,DION_001,121959,-0.5619495435327688,SIMULATED,NORMAL
2026-06-17T16:06:06.354604+00:00,DION_001,121960,-0.5712106432520558,SIMULATED,NORMAL
2026-06-17T16:06:06.365012+00:00,DION_001,121961,-0.8036787668531389,SIMULATED,NORMAL
2026-06-17T16:06:06.375502+00:00,DION_001,121962,-0.700234372048984,SIMULATED,NORMAL
2026-06-17T16:06:06.385943+00:00,DION_001,121963,-0.9194648310153097,SIMULATED,NORMAL
2026-06-17T16:06:06.396446+00:00,DION_001,121964,-0.917490846356595,SIMULATED,NORMAL
2026-06-17T16:06:06.406911+00:00,DION_001,121965,-0.8719950176667044,SIMULATED,NORMAL
2026-06-17T16:06:06.417335+00:00,DION_001,121966,-0.8659973258867392,SIMULATED,NORMAL
2026-06-17T16:06:06.428216+00:00,DION_001,121967,-0.8381657540230824,SIMULATED,NORMAL
2026-06-17T16:06:06.439042+00:00,DION_001,121968,-1.3462352746076376,SIMULATED,NORMAL
2026-06-17T16:06:06.449621+00:00,DION_001,121969,-0.8916396014290832,SIMULATED,NORMAL
2026-06-17T16:06:06.460048+00:00,DION_001,121970,-0.8452016283048187,SIMULATED,NORMAL
2026-06-17T16:06:06.470355+00:00,DION_001,121971,-1.0607768711226984,SIMULATED,NORMAL
2026-06-17T16:06:06.480753+00:00,DION_001,121972,-1.2138445610453665,SIMULATED,NORMAL
2026-06-17T16:06:06.491125+00:00,DION_001,121973,-0.9899056348685813,SIMULATED,NORMAL
2026-06-17T16:06:06.501611+00:00,DION_001,121974,-1.2936295621879665,SIMULATED,NORMAL
2026-06-17T16:06:06.511976+00:00,DION_001,121975,-0.6819695180357355,SIMULATED,NORMAL
2026-06-17T16:06:06.522429+00:00,DION_001,121976,-0.8785365869237256,SIMULATED,NORMAL
2026-06-17T16:06:06.532882+00:00,DION_001,121977,-0.9307619128894247,SIMULATED,NORMAL
2026-06-17T16:06:06.543264+00:00,DION_001,121978,-0.7848360873339434,SIMULATED,NORMAL
2026-06-17T16:06:06.553655+00:00,DION_001,121979,-0.9180663848422544,SIMULATED,NORMAL
2026-06-17T16:06:06.564084+00:00,DION_001,121980,-0.7039011837019332,SIMULATED,NORMAL
2026-06-17T16:06:06.574526+00:00,DION_001,121981,-0.8307204788744771,SIMULATED,NORMAL
2026-06-17T16:06:06.584800+00:00,DION_001,121982,-0.8809904161121965,SIMULATED,NORMAL
2026-06-17T16:06:06.595132+00:00,DION_001,121983,-0.2240277535391827,SIMULATED,NORMAL
2026-06-17T16:06:06.605695+00:00,DION_001,121984,-0.8871942765031459,SIMULATED,NORMAL
2026-06-17T16:06:06.616161+00:00,DION_001,121985,-0.9988687284883626,SIMULATED,NORMAL
2026-06-17T16:06:06.626568+00:00,DION_001,121986,-1.0043737151724674,SIMULATED,NORMAL
2026-06-17T16:06:06.636894+00:00,DION_001,121987,-0.6357800622256224,SIMULATED,NORMAL
2026-06-17T16:06:06.647263+00:00,DION_001,121988,-0.5651246098048409,SIMULATED,NORMAL
2026-06-17T16:06:06.657653+00:00,DION_001,121989,-0.6932154237779706,SIMULATED,NORMAL
2026-06-17T16:06:06.668099+00:00,DION_001,121990,-0.6681044592292332,SIMULATED,NORMAL
2026-06-17T16:06:06.678577+00:00,DION_001,121991,-0.642628845490094,SIMULATED,NORMAL
2026-06-17T16:06:06.688918+00:00,DION_001,121992,-0.589635568285515,SIMULATED,NORMAL
2026-06-17T16:06:06.699300+00:00,DION_001,121993,-0.6986198301122244,SIMULATED,NORMAL
2026-06-17T16:06:06.709728+00:00,DION_001,121994,-0.5097526285241359,SIMULATED,NORMAL
2026-06-17T16:06:06.720298+00:00,DION_001,121995,-0.5723322820680987,SIMULATED,NORMAL
2026-06-17T16:06:06.730772+00:00,DION_001,121996,-0.48938736095621005,SIMULATED,NORMAL
2026-06-17T16:06:06.741438+00:00,DION_001,121997,-0.30098413003756064,SIMULATED,NORMAL
2026-06-17T16:06:06.751897+00:00,DION_001,121998,-0.24365805308585536,SIMULATED,NORMAL
2026-06-17T16:06:06.762377+00:00,DION_001,121999,-0.5324841755181318,SIMULATED,NORMAL
2026-06-17T16:06:06.772831+00:00,DION_001,122000,-0.45806668266177697,SIMULATED,NORMAL
2026-06-17T16:06:06.783300+00:00,DION_001,122001,-0.6650062726139255,SIMULATED,NORMAL
2026-06-17T16:06:06.793772+00:00,DION_001,122002,-0.582675396260072,SIMULATED,NORMAL
2026-06-17T16:06:06.804123+00:00,DION_001,122003,-0.469096356635586,SIMULATED,NORMAL
2026-06-17T16:06:06.814488+00:00,DION_001,122004,-0.31590284863043194,SIMULATED,NORMAL
2026-06-17T16:06:06.824941+00:00,DION_001,122005,-0.4525823154967573,SIMULATED,NORMAL
2026-06-17T16:06:06.835932+00:00,DION_001,122006,-0.5109249245770036,SIMULATED,NORMAL
2026-06-17T16:06:06.846298+00:00,DION_001,122007,-0.28040177847154246,SIMULATED,NORMAL
2026-06-17T16:06:06.856639+00:00,DION_001,122008,-0.4018564794318627,SIMULATED,NORMAL
2026-06-17T16:06:06.866975+00:00,DION_001,122009,1.1742238600053447,SIMULATED,NORMAL
2026-06-17T16:06:06.877535+00:00,DION_001,122010,-0.5188644204387584,SIMULATED,NORMAL
2026-06-17T16:06:06.887893+00:00,DION_001,122011,-0.5126188419792941,SIMULATED,NORMAL
2026-06-17T16:06:06.898295+00:00,DION_001,122012,-0.30139959754935464,SIMULATED,NORMAL
2026-06-17T16:06:06.908629+00:00,DION_001,122013,-0.3139689193813013,SIMULATED,NORMAL
2026-06-17T16:06:06.919052+00:00,DION_001,122014,-0.7671553141861003,SIMULATED,NORMAL
2026-06-17T16:06:06.929426+00:00,DION_001,122015,-0.5988195788325377,SIMULATED,NORMAL
2026-06-17T16:06:06.939779+00:00,DION_001,122016,-0.44302579170553474,SIMULATED,NORMAL
2026-06-17T16:06:06.950158+00:00,DION_001,122017,-0.4613456694150226,SIMULATED,NORMAL
2026-06-17T16:06:06.960583+00:00,DION_001,122018,-0.5838389890157316,SIMULATED,NORMAL
2026-06-17T16:06:06.970985+00:00,DION_001,122019,-0.45198315036616565,SIMULATED,NORMAL
2026-06-17T16:06:06.981391+00:00,DION_001,122020,-0.7842895307568596,SIMULATED,NORMAL
2026-06-17T16:06:06.991820+00:00,DION_001,122021,-0.5422185919453926,SIMULATED,NORMAL
2026-06-17T16:06:07.002295+00:00,DION_001,122022,-0.5907004870994774,SIMULATED,NORMAL
2026-06-17T16:06:07.012678+00:00,DION_001,122023,-0.5007411544058499,SIMULATED,NORMAL
2026-06-17T16:06:07.023046+00:00,DION_001,122024,-0.8844486385788897,SIMULATED,NORMAL
2026-06-17T16:06:07.033414+00:00,DION_001,122025,-0.8269800603175492,SIMULATED,NORMAL
2026-06-17T16:06:07.043799+00:00,DION_001,122026,-0.4892452275963973,SIMULATED,NORMAL
2026-06-17T16:06:07.054246+00:00,DION_001,122027,-0.6337814136572777,SIMULATED,NORMAL
2026-06-17T16:06:07.064561+00:00,DION_001,122028,-0.6860968013831734,SIMULATED,NORMAL
2026-06-17T16:06:07.074936+00:00,DION_001,122029,-0.6807267460106979,SIMULATED,NORMAL
2026-06-17T16:06:07.085209+00:00,DION_001,122030,-0.860298225355253,SIMULATED,NORMAL
2026-06-17T16:06:07.095505+00:00,DION_001,122031,-0.8182589181735405,SIMULATED,NORMAL
2026-06-17T16:06:07.105841+00:00,DION_001,122032,-0.9014408650811774,SIMULATED,NORMAL
2026-06-17T16:06:07.116272+00:00,DION_001,122033,-0.9049471193407701,SIMULATED,NORMAL
2026-06-17T16:06:07.126699+00:00,DION_001,122034,-0.8469352794892202,SIMULATED,NORMAL
2026-06-17T16:06:07.137076+00:00,DION_001,122035,-1.2925453181657478,SIMULATED,NORMAL
2026-06-17T16:06:07.147472+00:00,DION_001,122036,-1.055628069560924,SIMULATED,NORMAL
2026-06-17T16:06:07.157857+00:00,DION_001,122037,-1.0458676444718442,SIMULATED,NORMAL
2026-06-17T16:06:07.168218+00:00,DION_001,122038,-1.133049198674341,SIMULATED,NORMAL
2026-06-17T16:06:07.178688+00:00,DION_001,122039,-1.0345276326290107,SIMULATED,NORMAL
2026-06-17T16:06:07.189028+00:00,DION_001,122040,-1.2299490512573137,SIMULATED,NORMAL
2026-06-17T16:06:07.199381+00:00,DION_001,122041,-1.2468622471837099,SIMULATED,NORMAL
2026-06-17T16:06:07.209750+00:00,DION_001,122042,-1.1454291676968724,SIMULATED,NORMAL
2026-06-17T16:06:07.220175+00:00,DION_001,122043,-0.8766786721931433,SIMULATED,NORMAL
2026-06-17T16:06:07.230625+00:00,DION_001,122044,-1.1380974591842852,SIMULATED,NORMAL
2026-06-17T16:06:07.241168+00:00,DION_001,122045,-0.940387195203519,SIMULATED,NORMAL
2026-06-17T16:06:07.251624+00:00,DION_001,122046,-1.1674976224440436,SIMULATED,NORMAL
2026-06-17T16:06:07.262245+00:00,DION_001,122047,-1.0691827639159943,SIMULATED,NORMAL
2026-06-17T16:06:07.272710+00:00,DION_001,122048,-1.0786471687334624,SIMULATED,NORMAL
2026-06-17T16:06:07.283226+00:00,DION_001,122049,-0.9428398732879448,SIMULATED,NORMAL
2026-06-17T16:06:07.293920+00:00,DION_001,122050,-1.0456640571571447,SIMULATED,NORMAL
2026-06-17T16:06:07.304531+00:00,DION_001,122051,-1.3014992541894839,SIMULATED,NORMAL
2026-06-17T16:06:07.314986+00:00,DION_001,122052,-1.0140333322097734,SIMULATED,NORMAL
2026-06-17T16:06:07.325379+00:00,DION_001,122053,-1.0250960162005482,SIMULATED,NORMAL
2026-06-17T16:06:07.335753+00:00,DION_001,122054,-0.9024141559395702,SIMULATED,NORMAL
2026-06-17T16:06:07.346285+00:00,DION_001,122055,-0.9377686990686336,SIMULATED,NORMAL
2026-06-17T16:06:07.356801+00:00,DION_001,122056,-0.9841866655528404,SIMULATED,NORMAL
2026-06-17T16:06:07.367163+00:00,DION_001,122057,-1.0483041653446563,SIMULATED,NORMAL
2026-06-17T16:06:07.377554+00:00,DION_001,122058,-0.9820535682531196,SIMULATED,NORMAL
2026-06-17T16:06:07.387917+00:00,DION_001,122059,-0.7968729201580487,SIMULATED,NORMAL
2026-06-17T16:06:07.398277+00:00,DION_001,122060,-1.0868494383401097,SIMULATED,NORMAL
2026-06-17T16:06:07.408818+00:00,DION_001,122061,-0.8901776542974634,SIMULATED,NORMAL
2026-06-17T16:06:07.419206+00:00,DION_001,122062,-1.0416427489045224,SIMULATED,NORMAL
