timestamp_utc,station_id,sample_index,raw_value,source,event_status
2026-06-17T17:09:08.382388+00:00,DION_001,480839,0.596878003712574,SIMULATED,NORMAL
2026-06-17T17:09:08.392948+00:00,DION_001,480840,0.5817465725814608,SIMULATED,NORMAL
2026-06-17T17:09:08.403544+00:00,DION_001,480841,0.6829737324816396,SIMULATED,NORMAL
2026-06-17T17:09:08.414069+00:00,DION_001,480842,0.41432637818880014,SIMULATED,NORMAL
2026-06-17T17:09:08.424683+00:00,DION_001,480843,0.6185669475596298,SIMULATED,NORMAL
2026-06-17T17:09:08.435166+00:00,DION_001,480844,0.8547437682119516,SIMULATED,NORMAL
2026-06-17T17:09:08.445763+00:00,DION_001,480845,0.7297451346834412,SIMULATED,NORMAL
2026-06-17T17:09:08.456192+00:00,DION_001,480846,0.894204347557779,SIMULATED,NORMAL
2026-06-17T17:09:08.466497+00:00,DION_001,480847,0.7210927120393447,SIMULATED,NORMAL
2026-06-17T17:09:08.476798+00:00,DION_001,480848,0.881073516315453,SIMULATED,NORMAL
2026-06-17T17:09:08.487158+00:00,DION_001,480849,1.0958220243709014,SIMULATED,NORMAL
2026-06-17T17:09:08.497441+00:00,DION_001,480850,1.0076075549782175,SIMULATED,NORMAL
2026-06-17T17:09:08.507981+00:00,DION_001,480851,1.0127523351996306,SIMULATED,NORMAL
2026-06-17T17:09:08.518304+00:00,DION_001,480852,1.0167940451796762,SIMULATED,NORMAL
2026-06-17T17:09:08.528714+00:00,DION_001,480853,1.0653532705073336,SIMULATED,NORMAL
2026-06-17T17:09:08.539257+00:00,DION_001,480854,0.7480764181350865,SIMULATED,NORMAL
2026-06-17T17:09:08.549833+00:00,DION_001,480855,1.0095703834538599,SIMULATED,NORMAL
2026-06-17T17:09:08.560289+00:00,DION_001,480856,0.7038447039377858,SIMULATED,NORMAL
2026-06-17T17:09:08.570818+00:00,DION_001,480857,1.1146627022795208,SIMULATED,NORMAL
2026-06-17T17:09:08.581266+00:00,DION_001,480858,0.8252718019733902,SIMULATED,NORMAL
2026-06-17T17:09:08.591724+00:00,DION_001,480859,0.8373423654457481,SIMULATED,NORMAL
2026-06-17T17:09:08.602213+00:00,DION_001,480860,0.9282464455158189,SIMULATED,NORMAL
2026-06-17T17:09:08.612638+00:00,DION_001,480861,0.91540674019888,SIMULATED,NORMAL
2026-06-17T17:09:08.623047+00:00,DION_001,480862,0.8735387538192675,SIMULATED,NORMAL
2026-06-17T17:09:08.633611+00:00,DION_001,480863,0.9639514518677704,SIMULATED,NORMAL
2026-06-17T17:09:08.644324+00:00,DION_001,480864,0.7501039306359276,SIMULATED,NORMAL
2026-06-17T17:09:08.655228+00:00,DION_001,480865,0.9982533546877276,SIMULATED,NORMAL
2026-06-17T17:09:08.665792+00:00,DION_001,480866,0.9010645610259214,SIMULATED,NORMAL
2026-06-17T17:09:08.676902+00:00,DION_001,480867,0.7416843664332391,SIMULATED,NORMAL
2026-06-17T17:09:08.687552+00:00,DION_001,480868,0.7640658307338507,SIMULATED,NORMAL
2026-06-17T17:09:08.698148+00:00,DION_001,480869,0.7369887300359885,SIMULATED,NORMAL
2026-06-17T17:09:08.708763+00:00,DION_001,480870,0.7717933953675412,SIMULATED,NORMAL
2026-06-17T17:09:08.719348+00:00,DION_001,480871,0.9754968064479779,SIMULATED,NORMAL
2026-06-17T17:09:08.729922+00:00,DION_001,480872,0.5672846703867581,SIMULATED,NORMAL
2026-06-17T17:09:08.740524+00:00,DION_001,480873,0.8197001912047345,SIMULATED,NORMAL
2026-06-17T17:09:08.751268+00:00,DION_001,480874,0.7290684195215296,SIMULATED,NORMAL
2026-06-17T17:09:08.761928+00:00,DION_001,480875,0.21230472722975063,SIMULATED,NORMAL
2026-06-17T17:09:08.772533+00:00,DION_001,480876,0.770659676464162,SIMULATED,NORMAL
2026-06-17T17:09:08.783247+00:00,DION_001,480877,0.3444030514629615,SIMULATED,NORMAL
2026-06-17T17:09:08.793964+00:00,DION_001,480878,0.8245522733420949,SIMULATED,NORMAL
2026-06-17T17:09:08.804830+00:00,DION_001,480879,0.1376315255658443,SIMULATED,NORMAL
2026-06-17T17:09:08.815424+00:00,DION_001,480880,0.3034823573878308,SIMULATED,NORMAL
2026-06-17T17:09:08.826008+00:00,DION_001,480881,0.5046814345808067,SIMULATED,NORMAL
2026-06-17T17:09:08.836700+00:00,DION_001,480882,0.6530783014415416,SIMULATED,NORMAL
2026-06-17T17:09:08.847340+00:00,DION_001,480883,0.721738190146506,SIMULATED,NORMAL
2026-06-17T17:09:08.857923+00:00,DION_001,480884,0.5992705667537046,SIMULATED,NORMAL
2026-06-17T17:09:08.868660+00:00,DION_001,480885,0.41772300812949636,SIMULATED,NORMAL
2026-06-17T17:09:08.879292+00:00,DION_001,480886,0.14080754744693663,SIMULATED,NORMAL
2026-06-17T17:09:08.889938+00:00,DION_001,480887,0.5304826139471559,SIMULATED,NORMAL
2026-06-17T17:09:08.900526+00:00,DION_001,480888,0.17974847684894132,SIMULATED,NORMAL
2026-06-17T17:09:08.911266+00:00,DION_001,480889,0.5163026328421149,SIMULATED,NORMAL
2026-06-17T17:09:08.921957+00:00,DION_001,480890,0.3223318652734676,SIMULATED,NORMAL
2026-06-17T17:09:08.932664+00:00,DION_001,480891,0.45869537100713187,SIMULATED,NORMAL
2026-06-17T17:09:08.943310+00:00,DION_001,480892,0.36272338094008977,SIMULATED,NORMAL
2026-06-17T17:09:08.953792+00:00,DION_001,480893,0.4526119487025931,SIMULATED,NORMAL
2026-06-17T17:09:08.964370+00:00,DION_001,480894,0.2745158732191816,SIMULATED,NORMAL
2026-06-17T17:09:08.975072+00:00,DION_001,480895,0.3559487569047771,SIMULATED,NORMAL
2026-06-17T17:09:08.985470+00:00,DION_001,480896,0.5496652404851765,SIMULATED,NORMAL
2026-06-17T17:09:08.995893+00:00,DION_001,480897,0.46537127878393464,SIMULATED,NORMAL
2026-06-17T17:09:09.006488+00:00,DION_001,480898,0.3828056639126985,SIMULATED,NORMAL
2026-06-17T17:09:09.017032+00:00,DION_001,480899,0.30952246715811343,SIMULATED,NORMAL
2026-06-17T17:09:09.027684+00:00,DION_001,480900,0.2298120196064427,SIMULATED,NORMAL
2026-06-17T17:09:09.038532+00:00,DION_001,480901,0.5835831501019549,SIMULATED,NORMAL
2026-06-17T17:09:09.049062+00:00,DION_001,480902,0.48169148986161414,SIMULATED,NORMAL
2026-06-17T17:09:09.059655+00:00,DION_001,480903,0.5384896079313611,SIMULATED,NORMAL
2026-06-17T17:09:09.070400+00:00,DION_001,480904,0.6888837732339529,SIMULATED,NORMAL
2026-06-17T17:09:09.082229+00:00,DION_001,480905,0.6407517666323106,SIMULATED,NORMAL
2026-06-17T17:09:09.092746+00:00,DION_001,480906,0.6808506482940109,SIMULATED,NORMAL
2026-06-17T17:09:09.103298+00:00,DION_001,480907,0.9524147276201813,SIMULATED,NORMAL
2026-06-17T17:09:09.113758+00:00,DION_001,480908,0.8872952126367618,SIMULATED,NORMAL
2026-06-17T17:09:09.124256+00:00,DION_001,480909,0.6090379902736416,SIMULATED,NORMAL
2026-06-17T17:09:09.134796+00:00,DION_001,480910,0.7752169238917701,SIMULATED,NORMAL
2026-06-17T17:09:09.145246+00:00,DION_001,480911,0.8701733723996122,SIMULATED,NORMAL
2026-06-17T17:09:09.155757+00:00,DION_001,480912,0.9513795094966221,SIMULATED,NORMAL
2026-06-17T17:09:09.166207+00:00,DION_001,480913,0.8515692913305525,SIMULATED,NORMAL
2026-06-17T17:09:09.176492+00:00,DION_001,480914,0.6400573742222377,SIMULATED,NORMAL
2026-06-17T17:09:09.186868+00:00,DION_001,480915,0.7543134803833924,SIMULATED,NORMAL
2026-06-17T17:09:09.197172+00:00,DION_001,480916,0.7759869404137135,SIMULATED,NORMAL
2026-06-17T17:09:09.207425+00:00,DION_001,480917,0.8678353825602346,SIMULATED,NORMAL
2026-06-17T17:09:09.217678+00:00,DION_001,480918,0.9223493688345048,SIMULATED,NORMAL
2026-06-17T17:09:09.228014+00:00,DION_001,480919,0.8680279306677772,SIMULATED,NORMAL
2026-06-17T17:09:09.238815+00:00,DION_001,480920,1.0632198371163128,SIMULATED,NORMAL
2026-06-17T17:09:09.249473+00:00,DION_001,480921,1.0236725390197057,SIMULATED,NORMAL
2026-06-17T17:09:09.260022+00:00,DION_001,480922,1.0589013624196704,SIMULATED,NORMAL
2026-06-17T17:09:09.270710+00:00,DION_001,480923,0.8537222747995553,SIMULATED,NORMAL
2026-06-17T17:09:09.281235+00:00,DION_001,480924,1.194781327757987,SIMULATED,NORMAL
2026-06-17T17:09:09.291838+00:00,DION_001,480925,0.8485660427985721,SIMULATED,NORMAL
2026-06-17T17:09:09.302434+00:00,DION_001,480926,1.0964140772832445,SIMULATED,NORMAL
2026-06-17T17:09:09.313053+00:00,DION_001,480927,1.3065024452721938,SIMULATED,NORMAL
2026-06-17T17:09:09.323622+00:00,DION_001,480928,1.2398827508075854,SIMULATED,NORMAL
2026-06-17T17:09:09.334210+00:00,DION_001,480929,1.1835573246762783,SIMULATED,NORMAL
2026-06-17T17:09:09.344762+00:00,DION_001,480930,1.0717095974724717,SIMULATED,NORMAL
2026-06-17T17:09:09.355684+00:00,DION_001,480931,0.9646705984327468,SIMULATED,NORMAL
2026-06-17T17:09:09.366196+00:00,DION_001,480932,1.1054387118098883,SIMULATED,NORMAL
2026-06-17T17:09:09.376772+00:00,DION_001,480933,1.2586260035274655,SIMULATED,NORMAL
2026-06-17T17:09:09.387344+00:00,DION_001,480934,1.1604971491288198,SIMULATED,NORMAL
2026-06-17T17:09:09.397821+00:00,DION_001,480935,1.5054178719005968,SIMULATED,NORMAL
2026-06-17T17:09:09.408315+00:00,DION_001,480936,1.0882883915457393,SIMULATED,NORMAL
2026-06-17T17:09:09.418750+00:00,DION_001,480937,1.0308186517527376,SIMULATED,NORMAL
2026-06-17T17:09:09.429238+00:00,DION_001,480938,0.9315359964373905,SIMULATED,NORMAL
2026-06-17T17:09:09.439600+00:00,DION_001,480939,1.0700333193291374,SIMULATED,NORMAL
2026-06-17T17:09:09.450043+00:00,DION_001,480940,0.757277212717669,SIMULATED,NORMAL
2026-06-17T17:09:09.460682+00:00,DION_001,480941,0.9945695756075812,SIMULATED,NORMAL
2026-06-17T17:09:09.471430+00:00,DION_001,480942,1.079210495627917,SIMULATED,NORMAL
2026-06-17T17:09:09.482057+00:00,DION_001,480943,0.8810587664641844,SIMULATED,NORMAL
2026-06-17T17:09:09.492714+00:00,DION_001,480944,1.1645644004035702,SIMULATED,NORMAL
2026-06-17T17:09:09.503412+00:00,DION_001,480945,0.5688422886637116,SIMULATED,NORMAL
2026-06-17T17:09:09.513994+00:00,DION_001,480946,0.6121763076586382,SIMULATED,NORMAL
2026-06-17T17:09:09.524690+00:00,DION_001,480947,0.824967580751619,SIMULATED,NORMAL
2026-06-17T17:09:09.535216+00:00,DION_001,480948,0.809594937433565,SIMULATED,NORMAL
2026-06-17T17:09:09.545777+00:00,DION_001,480949,0.4689543650432768,SIMULATED,NORMAL
2026-06-17T17:09:09.556371+00:00,DION_001,480950,0.4503483072905328,SIMULATED,NORMAL
2026-06-17T17:09:09.567124+00:00,DION_001,480951,0.6249782676856797,SIMULATED,NORMAL
2026-06-17T17:09:09.577714+00:00,DION_001,480952,0.3807260853106438,SIMULATED,NORMAL
2026-06-17T17:09:09.588450+00:00,DION_001,480953,0.4550243540239032,SIMULATED,NORMAL
2026-06-17T17:09:09.599303+00:00,DION_001,480954,0.49715988360710756,SIMULATED,NORMAL
2026-06-17T17:09:09.609723+00:00,DION_001,480955,0.162538756863263,SIMULATED,NORMAL
2026-06-17T17:09:09.620134+00:00,DION_001,480956,0.03886993589589244,SIMULATED,NORMAL
2026-06-17T17:09:09.630627+00:00,DION_001,480957,0.29909840222850625,SIMULATED,NORMAL
2026-06-17T17:09:09.641086+00:00,DION_001,480958,-0.0017240670141806524,SIMULATED,NORMAL
2026-06-17T17:09:09.651591+00:00,DION_001,480959,0.43525088984490146,SIMULATED,NORMAL
2026-06-17T17:09:09.662141+00:00,DION_001,480960,0.25784671072733284,SIMULATED,NORMAL
2026-06-17T17:09:09.672878+00:00,DION_001,480961,0.43979422377761634,SIMULATED,NORMAL
2026-06-17T17:09:09.683595+00:00,DION_001,480962,0.12030151798489251,SIMULATED,NORMAL
2026-06-17T17:09:09.694338+00:00,DION_001,480963,-0.15569069216551928,SIMULATED,NORMAL
2026-06-17T17:09:09.705222+00:00,DION_001,480964,-0.17325809666649808,SIMULATED,NORMAL
2026-06-17T17:09:09.715762+00:00,DION_001,480965,-0.0867795572781285,SIMULATED,NORMAL
2026-06-17T17:09:09.726427+00:00,DION_001,480966,0.06927676340441141,SIMULATED,NORMAL
2026-06-17T17:09:09.737027+00:00,DION_001,480967,-0.20540236771535872,SIMULATED,NORMAL
2026-06-17T17:09:09.747615+00:00,DION_001,480968,-0.2165922272905737,SIMULATED,NORMAL
2026-06-17T17:09:09.758167+00:00,DION_001,480969,0.06744267654532496,SIMULATED,NORMAL
2026-06-17T17:09:09.768944+00:00,DION_001,480970,-0.1618693501965065,SIMULATED,NORMAL
2026-06-17T17:09:09.779515+00:00,DION_001,480971,-0.011997617602914637,SIMULATED,NORMAL
2026-06-17T17:09:09.790097+00:00,DION_001,480972,0.04482979624952024,SIMULATED,NORMAL
2026-06-17T17:09:09.800733+00:00,DION_001,480973,0.23602764418365238,SIMULATED,NORMAL
2026-06-17T17:09:09.811318+00:00,DION_001,480974,-0.04017401240513377,SIMULATED,NORMAL
2026-06-17T17:09:09.821821+00:00,DION_001,480975,-0.39023783650527355,SIMULATED,NORMAL
2026-06-17T17:09:09.832267+00:00,DION_001,480976,-0.03564629828616234,SIMULATED,NORMAL
2026-06-17T17:09:09.842773+00:00,DION_001,480977,-0.11180974479785419,SIMULATED,NORMAL
2026-06-17T17:09:09.853216+00:00,DION_001,480978,-0.04398052769071609,SIMULATED,NORMAL
2026-06-17T17:09:09.863616+00:00,DION_001,480979,-0.26280259568064424,SIMULATED,NORMAL
2026-06-17T17:09:09.873958+00:00,DION_001,480980,-0.09498715177172481,SIMULATED,NORMAL
2026-06-17T17:09:09.884288+00:00,DION_001,480981,-0.15745772303355637,SIMULATED,NORMAL
2026-06-17T17:09:09.894623+00:00,DION_001,480982,2.4991127010830567,SIMULATED,EVENT_DETECTED
2026-06-17T17:09:09.905210+00:00,DION_001,480983,-0.08996751374032672,SIMULATED,NORMAL
2026-06-17T17:09:09.915476+00:00,DION_001,480984,-0.08139391011373913,SIMULATED,NORMAL
2026-06-17T17:09:09.925779+00:00,DION_001,480985,-0.1510623752266856,SIMULATED,NORMAL
2026-06-17T17:09:09.936070+00:00,DION_001,480986,-0.3413081916057148,SIMULATED,NORMAL
2026-06-17T17:09:09.946376+00:00,DION_001,480987,-0.06727675777586034,SIMULATED,NORMAL
2026-06-17T17:09:09.956657+00:00,DION_001,480988,0.03432173718306779,SIMULATED,NORMAL
2026-06-17T17:09:09.967127+00:00,DION_001,480989,-0.009688866626164284,SIMULATED,NORMAL
2026-06-17T17:09:09.977425+00:00,DION_001,480990,0.01059452362575062,SIMULATED,NORMAL
2026-06-17T17:09:09.987738+00:00,DION_001,480991,-0.28950848420236064,SIMULATED,NORMAL
2026-06-17T17:09:09.998109+00:00,DION_001,480992,0.16386162505122667,SIMULATED,NORMAL
2026-06-17T17:09:10.008373+00:00,DION_001,480993,-0.01957743990522558,SIMULATED,NORMAL
2026-06-17T17:09:10.018836+00:00,DION_001,480994,-0.03397685552828912,SIMULATED,NORMAL
2026-06-17T17:09:10.029335+00:00,DION_001,480995,-0.1613894423273334,SIMULATED,NORMAL
2026-06-17T17:09:10.039981+00:00,DION_001,480996,0.04828633937138167,SIMULATED,NORMAL
2026-06-17T17:09:10.050573+00:00,DION_001,480997,0.0192373813648319,SIMULATED,NORMAL
2026-06-17T17:09:10.061131+00:00,DION_001,480998,-0.10676297183308017,SIMULATED,NORMAL
2026-06-17T17:09:10.071731+00:00,DION_001,480999,0.179666273210764,SIMULATED,NORMAL
2026-06-17T17:09:10.082315+00:00,DION_001,481000,0.00044536045224058407,SIMULATED,NORMAL
2026-06-17T17:09:10.092906+00:00,DION_001,481001,-0.0042846161357016355,SIMULATED,NORMAL
2026-06-17T17:09:10.103524+00:00,DION_001,481002,0.002664762691089534,SIMULATED,NORMAL
2026-06-17T17:09:10.114130+00:00,DION_001,481003,0.07155338486721091,SIMULATED,NORMAL
2026-06-17T17:09:10.124723+00:00,DION_001,481004,0.32786347206696476,SIMULATED,NORMAL
2026-06-17T17:09:10.135309+00:00,DION_001,481005,0.013395391704726034,SIMULATED,NORMAL
2026-06-17T17:09:10.145847+00:00,DION_001,481006,0.38584190371667104,SIMULATED,NORMAL
2026-06-17T17:09:10.156427+00:00,DION_001,481007,0.3868428352822886,SIMULATED,NORMAL
2026-06-17T17:09:10.167173+00:00,DION_001,481008,0.24950114507976084,SIMULATED,NORMAL
2026-06-17T17:09:10.177843+00:00,DION_001,481009,0.14531093599712802,SIMULATED,NORMAL
2026-06-17T17:09:10.188541+00:00,DION_001,481010,-0.03111624827063847,SIMULATED,NORMAL
2026-06-17T17:09:10.199148+00:00,DION_001,481011,0.33225541108173506,SIMULATED,NORMAL
2026-06-17T17:09:10.209703+00:00,DION_001,481012,0.2632553076164153,SIMULATED,NORMAL
2026-06-17T17:09:10.220630+00:00,DION_001,481013,0.029343666950050612,SIMULATED,NORMAL
2026-06-17T17:09:10.231078+00:00,DION_001,481014,0.16372251493730275,SIMULATED,NORMAL
2026-06-17T17:09:10.241598+00:00,DION_001,481015,0.1640635085813943,SIMULATED,NORMAL
2026-06-17T17:09:10.252094+00:00,DION_001,481016,-0.11240221580522311,SIMULATED,NORMAL
2026-06-17T17:09:10.262804+00:00,DION_001,481017,-2.9323516802726908,SIMULATED,EVENT_DETECTED
2026-06-17T17:09:10.273450+00:00,DION_001,481018,-0.08971711399506824,SIMULATED,NORMAL
2026-06-17T17:09:10.283888+00:00,DION_001,481019,-0.08818952073641483,SIMULATED,NORMAL
2026-06-17T17:09:10.294378+00:00,DION_001,481020,0.16275943933386017,SIMULATED,NORMAL
2026-06-17T17:09:10.304675+00:00,DION_001,481021,-0.06403602120082033,SIMULATED,NORMAL
2026-06-17T17:09:10.314982+00:00,DION_001,481022,-0.3041653136230157,SIMULATED,NORMAL
2026-06-17T17:09:10.325336+00:00,DION_001,481023,-0.2253655064117948,SIMULATED,NORMAL
2026-06-17T17:09:10.335694+00:00,DION_001,481024,0.0017883669008070813,SIMULATED,NORMAL
2026-06-17T17:09:10.346135+00:00,DION_001,481025,-0.3734189253228246,SIMULATED,NORMAL
2026-06-17T17:09:10.356656+00:00,DION_001,481026,-0.05139409225391817,SIMULATED,NORMAL
2026-06-17T17:09:10.367403+00:00,DION_001,481027,-0.08557935735706731,SIMULATED,NORMAL
2026-06-17T17:09:10.378057+00:00,DION_001,481028,-0.24446072489040357,SIMULATED,NORMAL
2026-06-17T17:09:10.388899+00:00,DION_001,481029,-0.2945826539097007,SIMULATED,NORMAL
2026-06-17T17:09:10.399445+00:00,DION_001,481030,-0.3126551445211226,SIMULATED,NORMAL
2026-06-17T17:09:10.410036+00:00,DION_001,481031,-0.21271555010665044,SIMULATED,NORMAL
2026-06-17T17:09:10.420640+00:00,DION_001,481032,-0.508056831513278,SIMULATED,NORMAL
2026-06-17T17:09:10.431118+00:00,DION_001,481033,-0.4529424617766459,SIMULATED,NORMAL
2026-06-17T17:09:10.441631+00:00,DION_001,481034,-0.6234320181928609,SIMULATED,NORMAL
2026-06-17T17:09:10.452032+00:00,DION_001,481035,-0.601021592787761,SIMULATED,NORMAL
2026-06-17T17:09:10.462481+00:00,DION_001,481036,-0.7149033377313057,SIMULATED,NORMAL
2026-06-17T17:09:10.472960+00:00,DION_001,481037,-0.4599301411033534,SIMULATED,NORMAL
2026-06-17T17:09:10.483596+00:00,DION_001,481038,-0.8262928591386424,SIMULATED,NORMAL
2026-06-17T17:09:10.494231+00:00,DION_001,481039,-0.8032309336398668,SIMULATED,NORMAL
2026-06-17T17:09:10.505033+00:00,DION_001,481040,-1.0674729389201498,SIMULATED,NORMAL
2026-06-17T17:09:10.515658+00:00,DION_001,481041,-0.7295018207472536,SIMULATED,NORMAL
2026-06-17T17:09:10.526383+00:00,DION_001,481042,-0.9286438655506968,SIMULATED,NORMAL
2026-06-17T17:09:10.536900+00:00,DION_001,481043,-0.7930656815193692,SIMULATED,NORMAL
2026-06-17T17:09:10.547520+00:00,DION_001,481044,-1.1011103679681542,SIMULATED,NORMAL
2026-06-17T17:09:10.557991+00:00,DION_001,481045,-1.145528729465793,SIMULATED,NORMAL
2026-06-17T17:09:10.568636+00:00,DION_001,481046,-1.2129256425838373,SIMULATED,NORMAL
2026-06-17T17:09:10.579100+00:00,DION_001,481047,-1.04601742081794,SIMULATED,NORMAL
2026-06-17T17:09:10.589690+00:00,DION_001,481048,-1.2066204317634908,SIMULATED,NORMAL
2026-06-17T17:09:10.600219+00:00,DION_001,481049,-1.121708929669386,SIMULATED,NORMAL
2026-06-17T17:09:10.610721+00:00,DION_001,481050,-0.9040726572173576,SIMULATED,NORMAL
2026-06-17T17:09:10.621194+00:00,DION_001,481051,-0.8636891462687738,SIMULATED,NORMAL
2026-06-17T17:09:10.631526+00:00,DION_001,481052,-1.2672004474946015,SIMULATED,NORMAL
2026-06-17T17:09:10.641905+00:00,DION_001,481053,-1.2852262419843241,SIMULATED,NORMAL
2026-06-17T17:09:10.652506+00:00,DION_001,481054,-1.0485850859900259,SIMULATED,NORMAL
2026-06-17T17:09:10.663242+00:00,DION_001,481055,-1.0682212395063353,SIMULATED,NORMAL
2026-06-17T17:09:10.673826+00:00,DION_001,481056,-0.8238963971989967,SIMULATED,NORMAL
2026-06-17T17:09:10.684382+00:00,DION_001,481057,-0.925447815558064,SIMULATED,NORMAL
2026-06-17T17:09:10.695157+00:00,DION_001,481058,-1.026357313481252,SIMULATED,NORMAL
2026-06-17T17:09:10.705737+00:00,DION_001,481059,-0.8893312765293012,SIMULATED,NORMAL
2026-06-17T17:09:10.716318+00:00,DION_001,481060,-0.8911575188331677,SIMULATED,NORMAL
2026-06-17T17:09:10.726918+00:00,DION_001,481061,-0.6934015962384534,SIMULATED,NORMAL
2026-06-17T17:09:10.737536+00:00,DION_001,481062,1.0174412100393004,SIMULATED,NORMAL
2026-06-17T17:09:10.748335+00:00,DION_001,481063,-0.932668781344235,SIMULATED,NORMAL
2026-06-17T17:09:10.758929+00:00,DION_001,481064,-0.941683134050086,SIMULATED,NORMAL
2026-06-17T17:09:10.769510+00:00,DION_001,481065,-1.0012478093549038,SIMULATED,NORMAL
2026-06-17T17:09:10.780078+00:00,DION_001,481066,-0.8654796020494463,SIMULATED,NORMAL
2026-06-17T17:09:10.790665+00:00,DION_001,481067,-0.9758185257939385,SIMULATED,NORMAL
2026-06-17T17:09:10.801167+00:00,DION_001,481068,-0.7080140044099543,SIMULATED,NORMAL
2026-06-17T17:09:10.811635+00:00,DION_001,481069,-0.9753910730965868,SIMULATED,NORMAL
2026-06-17T17:09:10.822101+00:00,DION_001,481070,-1.0953781043342263,SIMULATED,NORMAL
2026-06-17T17:09:10.832619+00:00,DION_001,481071,-0.9373445545534529,SIMULATED,NORMAL
2026-06-17T17:09:10.842959+00:00,DION_001,481072,-0.6442705240384341,SIMULATED,NORMAL
2026-06-17T17:09:10.853684+00:00,DION_001,481073,-0.49255857877170317,SIMULATED,NORMAL
2026-06-17T17:09:10.864272+00:00,DION_001,481074,-0.7896572136310678,SIMULATED,NORMAL
2026-06-17T17:09:10.874888+00:00,DION_001,481075,-0.811963586255741,SIMULATED,NORMAL
2026-06-17T17:09:10.885462+00:00,DION_001,481076,-0.6755487645195514,SIMULATED,NORMAL
2026-06-17T17:09:10.895984+00:00,DION_001,481077,-0.7984683128499652,SIMULATED,NORMAL
2026-06-17T17:09:10.906581+00:00,DION_001,481078,-0.810518679355012,SIMULATED,NORMAL
2026-06-17T17:09:10.917153+00:00,DION_001,481079,-0.5729040564733269,SIMULATED,NORMAL
2026-06-17T17:09:10.927712+00:00,DION_001,481080,1.4628003079938772,SIMULATED,NORMAL
2026-06-17T17:09:10.938829+00:00,DION_001,481081,-0.530774915679296,SIMULATED,NORMAL
2026-06-17T17:09:10.949461+00:00,DION_001,481082,-0.34832382725772115,SIMULATED,NORMAL
2026-06-17T17:09:10.960052+00:00,DION_001,481083,-0.4093400343455964,SIMULATED,NORMAL
2026-06-17T17:09:10.970885+00:00,DION_001,481084,-0.3913493639429285,SIMULATED,NORMAL
2026-06-17T17:09:10.981457+00:00,DION_001,481085,-0.40034425590369627,SIMULATED,NORMAL
2026-06-17T17:09:10.992038+00:00,DION_001,481086,-0.562358040464707,SIMULATED,NORMAL
2026-06-17T17:09:11.002609+00:00,DION_001,481087,-0.41316709502168775,SIMULATED,NORMAL
2026-06-17T17:09:11.013293+00:00,DION_001,481088,-0.47937599609624887,SIMULATED,NORMAL
2026-06-17T17:09:11.023879+00:00,DION_001,481089,-0.31336566038003455,SIMULATED,NORMAL
2026-06-17T17:09:11.034472+00:00,DION_001,481090,-0.3468966570068526,SIMULATED,NORMAL
2026-06-17T17:09:11.045105+00:00,DION_001,481091,2.328064686535231,SIMULATED,EVENT_DETECTED
2026-06-17T17:09:11.055873+00:00,DION_001,481092,-0.3899049709311232,SIMULATED,NORMAL
2026-06-17T17:09:11.066489+00:00,DION_001,481093,-0.5200204796257097,SIMULATED,NORMAL
2026-06-17T17:09:11.077217+00:00,DION_001,481094,-0.31528165135436603,SIMULATED,NORMAL
2026-06-17T17:09:11.088015+00:00,DION_001,481095,-0.5422934571999101,SIMULATED,NORMAL
2026-06-17T17:09:11.098604+00:00,DION_001,481096,-0.6341986017811336,SIMULATED,NORMAL
2026-06-17T17:09:11.109186+00:00,DION_001,481097,-0.5440398893923617,SIMULATED,NORMAL
2026-06-17T17:09:11.119775+00:00,DION_001,481098,-0.31022117653129894,SIMULATED,NORMAL
2026-06-17T17:09:11.130366+00:00,DION_001,481099,-0.3733665236806622,SIMULATED,NORMAL
2026-06-17T17:09:11.140962+00:00,DION_001,481100,-0.4241467873287679,SIMULATED,NORMAL
2026-06-17T17:09:11.151840+00:00,DION_001,481101,-0.7082399372430777,SIMULATED,NORMAL
2026-06-17T17:09:11.162399+00:00,DION_001,481102,-0.5304947532932777,SIMULATED,NORMAL
2026-06-17T17:09:11.172985+00:00,DION_001,481103,-0.35771348559517957,SIMULATED,NORMAL
2026-06-17T17:09:11.183606+00:00,DION_001,481104,-0.6383967657182449,SIMULATED,NORMAL
2026-06-17T17:09:11.194268+00:00,DION_001,481105,-0.5521374300849519,SIMULATED,NORMAL
2026-06-17T17:09:11.205348+00:00,DION_001,481106,-0.5727413988599303,SIMULATED,NORMAL
2026-06-17T17:09:11.216021+00:00,DION_001,481107,-0.9516631949020837,SIMULATED,NORMAL
2026-06-17T17:09:11.226659+00:00,DION_001,481108,-0.5583475192724221,SIMULATED,NORMAL
2026-06-17T17:09:11.237160+00:00,DION_001,481109,-0.5748658441454098,SIMULATED,NORMAL
2026-06-17T17:09:11.247642+00:00,DION_001,481110,-0.962089544231894,SIMULATED,NORMAL
2026-06-17T17:09:11.258049+00:00,DION_001,481111,-0.7825180333142294,SIMULATED,NORMAL
2026-06-17T17:09:11.268656+00:00,DION_001,481112,-0.8094095790167019,SIMULATED,NORMAL
2026-06-17T17:09:11.279237+00:00,DION_001,481113,-0.9720175177372136,SIMULATED,NORMAL
2026-06-17T17:09:11.289858+00:00,DION_001,481114,-0.6945308553702597,SIMULATED,NORMAL
2026-06-17T17:09:11.300674+00:00,DION_001,481115,-0.6484460321647629,SIMULATED,NORMAL
2026-06-17T17:09:11.311220+00:00,DION_001,481116,-0.7467920579878742,SIMULATED,NORMAL
2026-06-17T17:09:11.321892+00:00,DION_001,481117,-0.9538628977845015,SIMULATED,NORMAL
2026-06-17T17:09:11.332391+00:00,DION_001,481118,-1.0752533161542412,SIMULATED,NORMAL
2026-06-17T17:09:11.343044+00:00,DION_001,481119,-0.9508985591891703,SIMULATED,NORMAL
2026-06-17T17:09:11.353696+00:00,DION_001,481120,-0.7594962260196847,SIMULATED,NORMAL
2026-06-17T17:09:11.364198+00:00,DION_001,481121,-0.9220645285887489,SIMULATED,NORMAL
2026-06-17T17:09:11.374655+00:00,DION_001,481122,-0.83775143290984,SIMULATED,NORMAL
2026-06-17T17:09:11.384936+00:00,DION_001,481123,-1.2455661092620125,SIMULATED,NORMAL
2026-06-17T17:09:11.395225+00:00,DION_001,481124,-0.7056812859074642,SIMULATED,NORMAL
2026-06-17T17:09:11.405694+00:00,DION_001,481125,-0.9029591051215223,SIMULATED,NORMAL
2026-06-17T17:09:11.416068+00:00,DION_001,481126,-1.210625513486799,SIMULATED,NORMAL
2026-06-17T17:09:11.426395+00:00,DION_001,481127,-1.0499200382181568,SIMULATED,NORMAL
2026-06-17T17:09:11.436704+00:00,DION_001,481128,-0.9934155681776351,SIMULATED,NORMAL
2026-06-17T17:09:11.447006+00:00,DION_001,481129,-1.1413423218961574,SIMULATED,NORMAL
2026-06-17T17:09:11.457362+00:00,DION_001,481130,-1.2453659223896842,SIMULATED,NORMAL
2026-06-17T17:09:11.467621+00:00,DION_001,481131,-0.6982734075132262,SIMULATED,NORMAL
2026-06-17T17:09:11.477909+00:00,DION_001,481132,-1.0620964646881204,SIMULATED,NORMAL
2026-06-17T17:09:11.488189+00:00,DION_001,481133,-1.0079785662482315,SIMULATED,NORMAL
2026-06-17T17:09:11.498442+00:00,DION_001,481134,-1.036587779127847,SIMULATED,NORMAL
2026-06-17T17:09:11.508741+00:00,DION_001,481135,-0.9111200303175871,SIMULATED,NORMAL
2026-06-17T17:09:11.519072+00:00,DION_001,481136,-0.921268505388693,SIMULATED,NORMAL
2026-06-17T17:09:11.529608+00:00,DION_001,481137,-1.1233400850304365,SIMULATED,NORMAL
2026-06-17T17:09:11.539985+00:00,DION_001,481138,-1.0582658714166793,SIMULATED,NORMAL
2026-06-17T17:09:11.550323+00:00,DION_001,481139,-0.7617647896694502,SIMULATED,NORMAL
2026-06-17T17:09:11.560637+00:00,DION_001,481140,-0.7842103480221604,SIMULATED,NORMAL
2026-06-17T17:09:11.570993+00:00,DION_001,481141,-0.9329476430954006,SIMULATED,NORMAL
2026-06-17T17:09:11.581354+00:00,DION_001,481142,-1.2092390392387298,SIMULATED,NORMAL
2026-06-17T17:09:11.591828+00:00,DION_001,481143,-0.6795471109242853,SIMULATED,NORMAL
2026-06-17T17:09:11.602329+00:00,DION_001,481144,-0.9131137299903492,SIMULATED,NORMAL
2026-06-17T17:09:11.612784+00:00,DION_001,481145,-0.7084700769982403,SIMULATED,NORMAL
2026-06-17T17:09:11.623312+00:00,DION_001,481146,-0.5494026685972188,SIMULATED,NORMAL
2026-06-17T17:09:11.633678+00:00,DION_001,481147,-0.8607279775726595,SIMULATED,NORMAL
2026-06-17T17:09:11.643949+00:00,DION_001,481148,-0.5804262868490023,SIMULATED,NORMAL
2026-06-17T17:09:11.654400+00:00,DION_001,481149,-0.3012361469371796,SIMULATED,NORMAL
2026-06-17T17:09:11.664690+00:00,DION_001,481150,-0.33835432346680616,SIMULATED,NORMAL
2026-06-17T17:09:11.674940+00:00,DION_001,481151,-0.34227501383382064,SIMULATED,NORMAL
2026-06-17T17:09:11.685157+00:00,DION_001,481152,-0.07574802761044286,SIMULATED,NORMAL
2026-06-17T17:09:11.695426+00:00,DION_001,481153,-0.156228692316145,SIMULATED,NORMAL
2026-06-17T17:09:11.705655+00:00,DION_001,481154,-0.37537191840086304,SIMULATED,NORMAL
2026-06-17T17:09:11.715920+00:00,DION_001,481155,-0.1715380402966941,SIMULATED,NORMAL
2026-06-17T17:09:11.726138+00:00,DION_001,481156,-0.13308391928052934,SIMULATED,NORMAL
2026-06-17T17:09:11.736393+00:00,DION_001,481157,-0.39556085827169396,SIMULATED,NORMAL
2026-06-17T17:09:11.746675+00:00,DION_001,481158,-0.20881200175375977,SIMULATED,NORMAL
2026-06-17T17:09:11.757141+00:00,DION_001,481159,0.17801637163386613,SIMULATED,NORMAL
2026-06-17T17:09:11.767430+00:00,DION_001,481160,0.3162868492247884,SIMULATED,NORMAL
2026-06-17T17:09:11.777729+00:00,DION_001,481161,-0.01597203066280565,SIMULATED,NORMAL
2026-06-17T17:09:11.788097+00:00,DION_001,481162,-0.2653856873992219,SIMULATED,NORMAL
2026-06-17T17:09:11.798678+00:00,DION_001,481163,0.2317080842834881,SIMULATED,NORMAL
2026-06-17T17:09:11.809399+00:00,DION_001,481164,0.03799102229982258,SIMULATED,NORMAL
2026-06-17T17:09:11.820031+00:00,DION_001,481165,0.14404156488977107,SIMULATED,NORMAL
2026-06-17T17:09:11.830554+00:00,DION_001,481166,0.0810511156325894,SIMULATED,NORMAL
2026-06-17T17:09:11.841128+00:00,DION_001,481167,0.17594727865678814,SIMULATED,NORMAL
2026-06-17T17:09:11.851827+00:00,DION_001,481168,0.09963325999566668,SIMULATED,NORMAL
2026-06-17T17:09:11.862565+00:00,DION_001,481169,0.4019024384211728,SIMULATED,NORMAL
2026-06-17T17:09:11.873367+00:00,DION_001,481170,-0.06384660071582501,SIMULATED,NORMAL
2026-06-17T17:09:11.883948+00:00,DION_001,481171,0.11257396464675357,SIMULATED,NORMAL
2026-06-17T17:09:11.894532+00:00,DION_001,481172,-0.004877032840290618,SIMULATED,NORMAL
2026-06-17T17:09:11.905005+00:00,DION_001,481173,-0.1887021095144757,SIMULATED,NORMAL
2026-06-17T17:09:11.915475+00:00,DION_001,481174,0.21146526545102673,SIMULATED,NORMAL
2026-06-17T17:09:11.925969+00:00,DION_001,481175,-0.0007047239725401777,SIMULATED,NORMAL
2026-06-17T17:09:11.936602+00:00,DION_001,481176,0.32079693103136897,SIMULATED,NORMAL
2026-06-17T17:09:11.947212+00:00,DION_001,481177,0.2878905204475987,SIMULATED,NORMAL
2026-06-17T17:09:11.957788+00:00,DION_001,481178,0.375583891495569,SIMULATED,NORMAL
2026-06-17T17:09:11.968475+00:00,DION_001,481179,0.2011512207086424,SIMULATED,NORMAL
2026-06-17T17:09:11.979177+00:00,DION_001,481180,0.21702919453415281,SIMULATED,NORMAL
2026-06-17T17:09:11.989779+00:00,DION_001,481181,0.18579028991177765,SIMULATED,NORMAL
2026-06-17T17:09:12.000478+00:00,DION_001,481182,0.4008268092557652,SIMULATED,NORMAL
2026-06-17T17:09:12.011248+00:00,DION_001,481183,0.6000403635910586,SIMULATED,NORMAL
2026-06-17T17:09:12.021936+00:00,DION_001,481184,0.20131742643727543,SIMULATED,NORMAL
2026-06-17T17:09:12.032490+00:00,DION_001,481185,0.05321596977017845,SIMULATED,NORMAL
2026-06-17T17:09:12.043157+00:00,DION_001,481186,0.41664471229777056,SIMULATED,NORMAL
2026-06-17T17:09:12.053879+00:00,DION_001,481187,0.3011871664785253,SIMULATED,NORMAL
2026-06-17T17:09:12.065090+00:00,DION_001,481188,0.10404975203297084,SIMULATED,NORMAL
2026-06-17T17:09:12.075766+00:00,DION_001,481189,0.19561381163609237,SIMULATED,NORMAL
2026-06-17T17:09:12.086347+00:00,DION_001,481190,0.0340898684726882,SIMULATED,NORMAL
2026-06-17T17:09:12.096912+00:00,DION_001,481191,-0.16058418772432528,SIMULATED,NORMAL
2026-06-17T17:09:12.107606+00:00,DION_001,481192,0.11159598440190735,SIMULATED,NORMAL
2026-06-17T17:09:12.118177+00:00,DION_001,481193,0.22510916485156873,SIMULATED,NORMAL
2026-06-17T17:09:12.128691+00:00,DION_001,481194,0.14561306205167324,SIMULATED,NORMAL
2026-06-17T17:09:12.139422+00:00,DION_001,481195,0.006926677127757987,SIMULATED,NORMAL
2026-06-17T17:09:12.150002+00:00,DION_001,481196,-0.21714194744831355,SIMULATED,NORMAL
2026-06-17T17:09:12.160635+00:00,DION_001,481197,0.017673410022229254,SIMULATED,NORMAL
2026-06-17T17:09:12.171173+00:00,DION_001,481198,0.16011125438493579,SIMULATED,NORMAL
2026-06-17T17:09:12.181630+00:00,DION_001,481199,-0.12527979090959318,SIMULATED,NORMAL
2026-06-17T17:09:12.192051+00:00,DION_001,481200,0.14479348809010015,SIMULATED,NORMAL
2026-06-17T17:09:12.202718+00:00,DION_001,481201,-0.10143153824325513,SIMULATED,NORMAL
2026-06-17T17:09:12.213332+00:00,DION_001,481202,-0.27090731926531697,SIMULATED,NORMAL
2026-06-17T17:09:12.223874+00:00,DION_001,481203,-0.10570661368841269,SIMULATED,NORMAL
2026-06-17T17:09:12.234450+00:00,DION_001,481204,-0.06007095580306986,SIMULATED,NORMAL
2026-06-17T17:09:12.245048+00:00,DION_001,481205,0.09839329027255841,SIMULATED,NORMAL
2026-06-17T17:09:12.255675+00:00,DION_001,481206,0.0402300963511414,SIMULATED,NORMAL
2026-06-17T17:09:12.266274+00:00,DION_001,481207,-0.10970297725939959,SIMULATED,NORMAL
2026-06-17T17:09:12.276882+00:00,DION_001,481208,-0.3532782677170386,SIMULATED,NORMAL
2026-06-17T17:09:12.287682+00:00,DION_001,481209,-0.24450831833047612,SIMULATED,NORMAL
2026-06-17T17:09:12.298261+00:00,DION_001,481210,0.18589755596479393,SIMULATED,NORMAL
2026-06-17T17:09:12.308836+00:00,DION_001,481211,-0.20390263571940642,SIMULATED,NORMAL
2026-06-17T17:09:12.319554+00:00,DION_001,481212,0.18422968574311704,SIMULATED,NORMAL
2026-06-17T17:09:12.330025+00:00,DION_001,481213,-0.1467489022024559,SIMULATED,NORMAL
2026-06-17T17:09:12.340689+00:00,DION_001,481214,0.2361489719873254,SIMULATED,NORMAL
2026-06-17T17:09:12.351457+00:00,DION_001,481215,0.2526822524258263,SIMULATED,NORMAL
2026-06-17T17:09:12.362134+00:00,DION_001,481216,0.23363337304627516,SIMULATED,NORMAL
2026-06-17T17:09:12.372935+00:00,DION_001,481217,-0.2412813881772497,SIMULATED,NORMAL
2026-06-17T17:09:12.383436+00:00,DION_001,481218,0.44694665213929613,SIMULATED,NORMAL
2026-06-17T17:09:12.394137+00:00,DION_001,481219,0.3802300839871301,SIMULATED,NORMAL
2026-06-17T17:09:12.404859+00:00,DION_001,481220,0.31958633572925205,SIMULATED,NORMAL
2026-06-17T17:09:12.415405+00:00,DION_001,481221,0.6557155608216452,SIMULATED,NORMAL
2026-06-17T17:09:12.425951+00:00,DION_001,481222,0.18439273879009654,SIMULATED,NORMAL
2026-06-17T17:09:12.436708+00:00,DION_001,481223,0.5537453955180274,SIMULATED,NORMAL
2026-06-17T17:09:12.447206+00:00,DION_001,481224,0.6720366165436527,SIMULATED,NORMAL
2026-06-17T17:09:12.457689+00:00,DION_001,481225,0.5474949291025851,SIMULATED,NORMAL
2026-06-17T17:09:12.468207+00:00,DION_001,481226,0.4028376419356647,SIMULATED,NORMAL
2026-06-17T17:09:12.478714+00:00,DION_001,481227,0.36820225952039143,SIMULATED,NORMAL
2026-06-17T17:09:12.489248+00:00,DION_001,481228,0.3697732353830381,SIMULATED,NORMAL
2026-06-17T17:09:12.499758+00:00,DION_001,481229,0.7089468053251491,SIMULATED,NORMAL
2026-06-17T17:09:12.510057+00:00,DION_001,481230,0.49570530885459907,SIMULATED,NORMAL
2026-06-17T17:09:12.520465+00:00,DION_001,481231,0.7850479232155992,SIMULATED,NORMAL
2026-06-17T17:09:12.530879+00:00,DION_001,481232,0.5712087233187875,SIMULATED,NORMAL
2026-06-17T17:09:12.541141+00:00,DION_001,481233,0.8501526851238217,SIMULATED,NORMAL
2026-06-17T17:09:12.551788+00:00,DION_001,481234,0.8234008197888953,SIMULATED,NORMAL
2026-06-17T17:09:12.562292+00:00,DION_001,481235,0.9402792012149769,SIMULATED,NORMAL
2026-06-17T17:09:12.572860+00:00,DION_001,481236,0.851027774275947,SIMULATED,NORMAL
2026-06-17T17:09:12.583353+00:00,DION_001,481237,1.0628333080897139,SIMULATED,NORMAL
2026-06-17T17:09:12.593931+00:00,DION_001,481238,0.8668705132328465,SIMULATED,NORMAL
2026-06-17T17:09:12.604502+00:00,DION_001,481239,0.9689033452554884,SIMULATED,NORMAL
2026-06-17T17:09:12.615193+00:00,DION_001,481240,1.0175344645340565,SIMULATED,NORMAL
2026-06-17T17:09:12.625749+00:00,DION_001,481241,0.7607372441988988,SIMULATED,NORMAL
2026-06-17T17:09:12.636364+00:00,DION_001,481242,0.7911302755031853,SIMULATED,NORMAL
2026-06-17T17:09:12.647040+00:00,DION_001,481243,0.7995015324477772,SIMULATED,NORMAL
2026-06-17T17:09:12.657654+00:00,DION_001,481244,1.1968806934085483,SIMULATED,NORMAL
2026-06-17T17:09:12.668335+00:00,DION_001,481245,0.8357766675677101,SIMULATED,NORMAL
2026-06-17T17:09:12.679001+00:00,DION_001,481246,1.1904800762146779,SIMULATED,NORMAL
2026-06-17T17:09:12.689432+00:00,DION_001,481247,1.0695418828149732,SIMULATED,NORMAL
2026-06-17T17:09:12.699906+00:00,DION_001,481248,0.9059278275845226,SIMULATED,NORMAL
2026-06-17T17:09:12.710462+00:00,DION_001,481249,1.130389923617454,SIMULATED,NORMAL
2026-06-17T17:09:12.721165+00:00,DION_001,481250,1.0506366144575827,SIMULATED,NORMAL
2026-06-17T17:09:12.731738+00:00,DION_001,481251,0.7660119568589054,SIMULATED,NORMAL
2026-06-17T17:09:12.742550+00:00,DION_001,481252,1.4564887620522247,SIMULATED,NORMAL
2026-06-17T17:09:12.753426+00:00,DION_001,481253,1.309097763239019,SIMULATED,NORMAL
2026-06-17T17:09:12.764059+00:00,DION_001,481254,1.2928117340358076,SIMULATED,NORMAL
2026-06-17T17:09:12.774881+00:00,DION_001,481255,1.0295994146947662,SIMULATED,NORMAL
2026-06-17T17:09:12.785393+00:00,DION_001,481256,0.9306824536695628,SIMULATED,NORMAL
2026-06-17T17:09:12.795923+00:00,DION_001,481257,0.891194526011808,SIMULATED,NORMAL
2026-06-17T17:09:12.806411+00:00,DION_001,481258,1.001828798237403,SIMULATED,NORMAL
2026-06-17T17:09:12.816811+00:00,DION_001,481259,0.8919490817987313,SIMULATED,NORMAL
2026-06-17T17:09:12.827390+00:00,DION_001,481260,0.9403999926160016,SIMULATED,NORMAL
2026-06-17T17:09:12.838127+00:00,DION_001,481261,0.8568759971387182,SIMULATED,NORMAL
2026-06-17T17:09:12.848695+00:00,DION_001,481262,0.7725628390460757,SIMULATED,NORMAL
2026-06-17T17:09:12.859285+00:00,DION_001,481263,1.0125480419661619,SIMULATED,NORMAL
2026-06-17T17:09:12.869943+00:00,DION_001,481264,0.9700465831591885,SIMULATED,NORMAL
2026-06-17T17:09:12.880474+00:00,DION_001,481265,0.9819274349083512,SIMULATED,NORMAL
2026-06-17T17:09:12.891192+00:00,DION_001,481266,1.0520031258656721,SIMULATED,NORMAL
2026-06-17T17:09:12.901771+00:00,DION_001,481267,0.8011677620882928,SIMULATED,NORMAL
2026-06-17T17:09:12.912374+00:00,DION_001,481268,0.7968214922303696,SIMULATED,NORMAL
2026-06-17T17:09:12.923125+00:00,DION_001,481269,0.8481807028698658,SIMULATED,NORMAL
2026-06-17T17:09:12.933733+00:00,DION_001,481270,0.5982604681270558,SIMULATED,NORMAL
2026-06-17T17:09:12.944316+00:00,DION_001,481271,0.6946064956107713,SIMULATED,NORMAL
2026-06-17T17:09:12.954873+00:00,DION_001,481272,0.6570121652899403,SIMULATED,NORMAL
2026-06-17T17:09:12.965638+00:00,DION_001,481273,0.44687299936442376,SIMULATED,NORMAL
2026-06-17T17:09:12.976154+00:00,DION_001,481274,0.6690286835211818,SIMULATED,NORMAL
2026-06-17T17:09:12.986614+00:00,DION_001,481275,0.5058503321910536,SIMULATED,NORMAL
2026-06-17T17:09:12.997082+00:00,DION_001,481276,0.5026839608430449,SIMULATED,NORMAL
2026-06-17T17:09:13.007558+00:00,DION_001,481277,0.7123309959533777,SIMULATED,NORMAL
2026-06-17T17:09:13.017828+00:00,DION_001,481278,0.6054314407570658,SIMULATED,NORMAL
2026-06-17T17:09:13.028171+00:00,DION_001,481279,0.5710488691175827,SIMULATED,NORMAL
2026-06-17T17:09:13.038686+00:00,DION_001,481280,0.4130363613531756,SIMULATED,NORMAL
2026-06-17T17:09:13.049127+00:00,DION_001,481281,0.3585554078542516,SIMULATED,NORMAL
2026-06-17T17:09:13.059680+00:00,DION_001,481282,0.894075095501572,SIMULATED,NORMAL
2026-06-17T17:09:13.070386+00:00,DION_001,481283,0.3800890137809985,SIMULATED,NORMAL
2026-06-17T17:09:13.080974+00:00,DION_001,481284,0.3301567394799021,SIMULATED,NORMAL
2026-06-17T17:09:13.091614+00:00,DION_001,481285,0.41566249444241826,SIMULATED,NORMAL
2026-06-17T17:09:13.102213+00:00,DION_001,481286,0.3929649466950031,SIMULATED,NORMAL
2026-06-17T17:09:13.112769+00:00,DION_001,481287,0.5076450280844695,SIMULATED,NORMAL
2026-06-17T17:09:13.123325+00:00,DION_001,481288,0.5776609496565117,SIMULATED,NORMAL
2026-06-17T17:09:13.133740+00:00,DION_001,481289,0.47816708683936193,SIMULATED,NORMAL
2026-06-17T17:09:13.144182+00:00,DION_001,481290,0.37200150167969454,SIMULATED,NORMAL
2026-06-17T17:09:13.154580+00:00,DION_001,481291,0.12137247847191251,SIMULATED,NORMAL
2026-06-17T17:09:13.165270+00:00,DION_001,481292,0.19625676402892275,SIMULATED,NORMAL
2026-06-17T17:09:13.175788+00:00,DION_001,481293,0.510846399333655,SIMULATED,NORMAL
2026-06-17T17:09:13.186377+00:00,DION_001,481294,0.3391215994495429,SIMULATED,NORMAL
2026-06-17T17:09:13.196905+00:00,DION_001,481295,0.42489044359025246,SIMULATED,NORMAL
2026-06-17T17:09:13.207658+00:00,DION_001,481296,0.3500980631256921,SIMULATED,NORMAL
2026-06-17T17:09:13.218254+00:00,DION_001,481297,0.5002057929930463,SIMULATED,NORMAL
2026-06-17T17:09:13.228785+00:00,DION_001,481298,0.34130417186871825,SIMULATED,NORMAL
2026-06-17T17:09:13.239392+00:00,DION_001,481299,0.5798146363067569,SIMULATED,NORMAL
2026-06-17T17:09:13.249983+00:00,DION_001,481300,0.6671479297158869,SIMULATED,NORMAL
2026-06-17T17:09:13.260631+00:00,DION_001,481301,0.6672201806312736,SIMULATED,NORMAL
2026-06-17T17:09:13.271168+00:00,DION_001,481302,0.9929021799519826,SIMULATED,NORMAL
2026-06-17T17:09:13.281667+00:00,DION_001,481303,0.7291318326530131,SIMULATED,NORMAL
2026-06-17T17:09:13.292085+00:00,DION_001,481304,0.6325380361954863,SIMULATED,NORMAL
2026-06-17T17:09:13.302565+00:00,DION_001,481305,0.6624555583991779,SIMULATED,NORMAL
2026-06-17T17:09:13.312990+00:00,DION_001,481306,2.6230953727687316,SIMULATED,EVENT_DETECTED
2026-06-17T17:09:13.323736+00:00,DION_001,481307,0.7233127669947815,SIMULATED,NORMAL
2026-06-17T17:09:13.334350+00:00,DION_001,481308,0.6362385570221313,SIMULATED,NORMAL
2026-06-17T17:09:13.344996+00:00,DION_001,481309,0.8130941654172662,SIMULATED,NORMAL
2026-06-17T17:09:13.355594+00:00,DION_001,481310,0.7817386019876155,SIMULATED,NORMAL
2026-06-17T17:09:13.366238+00:00,DION_001,481311,0.7483789858195679,SIMULATED,NORMAL
2026-06-17T17:09:13.376854+00:00,DION_001,481312,0.8787161614988046,SIMULATED,NORMAL
2026-06-17T17:09:13.387249+00:00,DION_001,481313,0.9437227117709297,SIMULATED,NORMAL
2026-06-17T17:09:13.397915+00:00,DION_001,481314,0.8420783470727388,SIMULATED,NORMAL
2026-06-17T17:09:13.408541+00:00,DION_001,481315,1.2682583268024423,SIMULATED,NORMAL
2026-06-17T17:09:13.419275+00:00,DION_001,481316,0.8855285847291554,SIMULATED,NORMAL
2026-06-17T17:09:13.429828+00:00,DION_001,481317,0.8307534029462785,SIMULATED,NORMAL
2026-06-17T17:09:13.440416+00:00,DION_001,481318,1.0593366843811771,SIMULATED,NORMAL
2026-06-17T17:09:13.451265+00:00,DION_001,481319,1.0713388052503765,SIMULATED,NORMAL
2026-06-17T17:09:13.461797+00:00,DION_001,481320,0.7277522379999961,SIMULATED,NORMAL
2026-06-17T17:09:13.472450+00:00,DION_001,481321,0.9164629223265212,SIMULATED,NORMAL
2026-06-17T17:09:13.483297+00:00,DION_001,481322,0.9153944748918867,SIMULATED,NORMAL
2026-06-17T17:09:13.494012+00:00,DION_001,481323,1.38214101384884,SIMULATED,NORMAL
2026-06-17T17:09:13.504714+00:00,DION_001,481324,1.0478783621332042,SIMULATED,NORMAL
2026-06-17T17:09:13.515255+00:00,DION_001,481325,0.8616897512448557,SIMULATED,NORMAL
2026-06-17T17:09:13.525716+00:00,DION_001,481326,0.817516977825561,SIMULATED,NORMAL
2026-06-17T17:09:13.536078+00:00,DION_001,481327,0.9919853053133849,SIMULATED,NORMAL
2026-06-17T17:09:13.546491+00:00,DION_001,481328,1.0156770751661073,SIMULATED,NORMAL
2026-06-17T17:09:13.557049+00:00,DION_001,481329,1.1500971467198822,SIMULATED,NORMAL
2026-06-17T17:09:13.567438+00:00,DION_001,481330,0.9052643403462605,SIMULATED,NORMAL
2026-06-17T17:09:13.577802+00:00,DION_001,481331,0.8189570129830269,SIMULATED,NORMAL
2026-06-17T17:09:13.588372+00:00,DION_001,481332,0.8891867010911755,SIMULATED,NORMAL
2026-06-17T17:09:13.598691+00:00,DION_001,481333,0.9899175802835323,SIMULATED,NORMAL
2026-06-17T17:09:13.609051+00:00,DION_001,481334,0.6837275118216848,SIMULATED,NORMAL
2026-06-17T17:09:13.619440+00:00,DION_001,481335,0.8172523184230929,SIMULATED,NORMAL
2026-06-17T17:09:13.629763+00:00,DION_001,481336,0.8615162652076057,SIMULATED,NORMAL
2026-06-17T17:09:13.640386+00:00,DION_001,481337,1.0526966082314286,SIMULATED,NORMAL
2026-06-17T17:09:13.651144+00:00,DION_001,481338,0.7285817244362339,SIMULATED,NORMAL
2026-06-17T17:09:13.661714+00:00,DION_001,481339,0.6716699652007503,SIMULATED,NORMAL
2026-06-17T17:09:13.672417+00:00,DION_001,481340,0.5615205591089033,SIMULATED,NORMAL
2026-06-17T17:09:13.683060+00:00,DION_001,481341,0.643528549292771,SIMULATED,NORMAL
2026-06-17T17:09:13.693673+00:00,DION_001,481342,0.7753177773976849,SIMULATED,NORMAL
2026-06-17T17:09:13.704292+00:00,DION_001,481343,0.5223374302149524,SIMULATED,NORMAL
2026-06-17T17:09:13.714875+00:00,DION_001,481344,0.42758554452480324,SIMULATED,NORMAL
2026-06-17T17:09:13.725486+00:00,DION_001,481345,0.3473641156873042,SIMULATED,NORMAL
2026-06-17T17:09:13.736074+00:00,DION_001,481346,0.4305021849459475,SIMULATED,NORMAL
2026-06-17T17:09:13.746607+00:00,DION_001,481347,0.2795563310285742,SIMULATED,NORMAL
2026-06-17T17:09:13.757301+00:00,DION_001,481348,0.2323518884923868,SIMULATED,NORMAL
2026-06-17T17:09:13.768027+00:00,DION_001,481349,0.2595852789174736,SIMULATED,NORMAL
2026-06-17T17:09:13.778597+00:00,DION_001,481350,0.17364254009567265,SIMULATED,NORMAL
2026-06-17T17:09:13.789197+00:00,DION_001,481351,0.04782586596076434,SIMULATED,NORMAL
2026-06-17T17:09:13.799659+00:00,DION_001,481352,0.2041086351311066,SIMULATED,NORMAL
2026-06-17T17:09:13.810115+00:00,DION_001,481353,-0.2047438928263641,SIMULATED,NORMAL
2026-06-17T17:09:13.820655+00:00,DION_001,481354,0.10448650146061182,SIMULATED,NORMAL
2026-06-17T17:09:13.831156+00:00,DION_001,481355,0.09667454606835342,SIMULATED,NORMAL
2026-06-17T17:09:13.841540+00:00,DION_001,481356,-0.28769548276959034,SIMULATED,NORMAL
2026-06-17T17:09:13.852141+00:00,DION_001,481357,0.02049343212955941,SIMULATED,NORMAL
2026-06-17T17:09:13.862624+00:00,DION_001,481358,0.009547512497222493,SIMULATED,NORMAL
2026-06-17T17:09:13.873397+00:00,DION_001,481359,-0.23872873474311215,SIMULATED,NORMAL
2026-06-17T17:09:13.884056+00:00,DION_001,481360,-0.15102427153187212,SIMULATED,NORMAL
2026-06-17T17:09:13.894603+00:00,DION_001,481361,-0.15946283630152508,SIMULATED,NORMAL
2026-06-17T17:09:13.905181+00:00,DION_001,481362,-0.15987503365679812,SIMULATED,NORMAL
2026-06-17T17:09:13.915780+00:00,DION_001,481363,-0.09069795865056582,SIMULATED,NORMAL
2026-06-17T17:09:13.926344+00:00,DION_001,481364,-0.3067054687497638,SIMULATED,NORMAL
2026-06-17T17:09:13.936839+00:00,DION_001,481365,0.029190081201878493,SIMULATED,NORMAL
2026-06-17T17:09:13.947465+00:00,DION_001,481366,-0.3973894762293171,SIMULATED,NORMAL
2026-06-17T17:09:13.957961+00:00,DION_001,481367,-0.44554287229804734,SIMULATED,NORMAL
2026-06-17T17:09:13.968541+00:00,DION_001,481368,-0.3692389682744038,SIMULATED,NORMAL
2026-06-17T17:09:13.979220+00:00,DION_001,481369,-0.3119090386048514,SIMULATED,NORMAL
2026-06-17T17:09:13.989788+00:00,DION_001,481370,-0.3247522916131016,SIMULATED,NORMAL
2026-06-17T17:09:14.000311+00:00,DION_001,481371,-0.34688670228570423,SIMULATED,NORMAL
2026-06-17T17:09:14.010956+00:00,DION_001,481372,-0.4308461465450419,SIMULATED,NORMAL
2026-06-17T17:09:14.021465+00:00,DION_001,481373,-0.3413178586244321,SIMULATED,NORMAL
2026-06-17T17:09:14.031859+00:00,DION_001,481374,-0.4604306933607613,SIMULATED,NORMAL
2026-06-17T17:09:14.042266+00:00,DION_001,481375,-0.19970845197775355,SIMULATED,NORMAL
2026-06-17T17:09:14.052801+00:00,DION_001,481376,-0.3168214151701883,SIMULATED,NORMAL
2026-06-17T17:09:14.063315+00:00,DION_001,481377,-0.43275576354326806,SIMULATED,NORMAL
2026-06-17T17:09:14.073899+00:00,DION_001,481378,-0.29665963646100957,SIMULATED,NORMAL
2026-06-17T17:09:14.084682+00:00,DION_001,481379,-0.4595216998535526,SIMULATED,NORMAL
2026-06-17T17:09:14.095230+00:00,DION_001,481380,-0.18457462383626902,SIMULATED,NORMAL
2026-06-17T17:09:14.105790+00:00,DION_001,481381,-0.38315338888290795,SIMULATED,NORMAL
2026-06-17T17:09:14.116300+00:00,DION_001,481382,-0.4462925012121082,SIMULATED,NORMAL
2026-06-17T17:09:14.126918+00:00,DION_001,481383,0.07366199414417618,SIMULATED,NORMAL
2026-06-17T17:09:14.137427+00:00,DION_001,481384,-0.21325515372429651,SIMULATED,NORMAL
2026-06-17T17:09:14.147949+00:00,DION_001,481385,-0.2773133994773921,SIMULATED,NORMAL
2026-06-17T17:09:14.158524+00:00,DION_001,481386,-0.23257897601361752,SIMULATED,NORMAL
2026-06-17T17:09:14.169060+00:00,DION_001,481387,-0.4713954157405331,SIMULATED,NORMAL
2026-06-17T17:09:14.179659+00:00,DION_001,481388,-0.18500813801429103,SIMULATED,NORMAL
2026-06-17T17:09:14.190258+00:00,DION_001,481389,-0.20643088813330096,SIMULATED,NORMAL
2026-06-17T17:09:14.200822+00:00,DION_001,481390,-0.09341349553656247,SIMULATED,NORMAL
2026-06-17T17:09:14.211362+00:00,DION_001,481391,-0.03744092984993154,SIMULATED,NORMAL
2026-06-17T17:09:14.222110+00:00,DION_001,481392,-0.07329636745353768,SIMULATED,NORMAL
2026-06-17T17:09:14.232695+00:00,DION_001,481393,0.04344926661412299,SIMULATED,NORMAL
2026-06-17T17:09:14.243274+00:00,DION_001,481394,-0.31143094130710197,SIMULATED,NORMAL
2026-06-17T17:09:14.253822+00:00,DION_001,481395,0.0965613812526418,SIMULATED,NORMAL
2026-06-17T17:09:14.264360+00:00,DION_001,481396,-0.05197065612393567,SIMULATED,NORMAL
2026-06-17T17:09:14.274924+00:00,DION_001,481397,-0.06036759287466284,SIMULATED,NORMAL
2026-06-17T17:09:14.285371+00:00,DION_001,481398,0.26821126648701177,SIMULATED,NORMAL
2026-06-17T17:09:14.295744+00:00,DION_001,481399,2.076047608156589,SIMULATED,EVENT_DETECTED
2026-06-17T17:09:14.306548+00:00,DION_001,481400,-0.129744099773628,SIMULATED,NORMAL
2026-06-17T17:09:14.317096+00:00,DION_001,481401,-0.11029798169526388,SIMULATED,NORMAL
2026-06-17T17:09:14.327826+00:00,DION_001,481402,-0.0876459244370569,SIMULATED,NORMAL
2026-06-17T17:09:14.339159+00:00,DION_001,481403,-0.18333578504479422,SIMULATED,NORMAL
2026-06-17T17:09:14.349804+00:00,DION_001,481404,0.04963961049833805,SIMULATED,NORMAL
2026-06-17T17:09:14.360722+00:00,DION_001,481405,0.04571449709195684,SIMULATED,NORMAL
2026-06-17T17:09:14.371367+00:00,DION_001,481406,-0.3032825946642016,SIMULATED,NORMAL
2026-06-17T17:09:14.381960+00:00,DION_001,481407,-0.2393830139879173,SIMULATED,NORMAL
2026-06-17T17:09:14.392676+00:00,DION_001,481408,0.2745484934963379,SIMULATED,NORMAL
2026-06-17T17:09:14.403053+00:00,DION_001,481409,-0.10100208292528981,SIMULATED,NORMAL
2026-06-17T17:09:14.413473+00:00,DION_001,481410,-0.33236706844127045,SIMULATED,NORMAL
2026-06-17T17:09:14.423957+00:00,DION_001,481411,-0.3854735061922978,SIMULATED,NORMAL
2026-06-17T17:09:14.434282+00:00,DION_001,481412,-0.1638102575769965,SIMULATED,NORMAL
2026-06-17T17:09:14.444614+00:00,DION_001,481413,-0.16669653916855232,SIMULATED,NORMAL
2026-06-17T17:09:14.455404+00:00,DION_001,481414,-0.1296230748307119,SIMULATED,NORMAL
2026-06-17T17:09:14.466008+00:00,DION_001,481415,-0.20001376716041094,SIMULATED,NORMAL
2026-06-17T17:09:14.476689+00:00,DION_001,481416,-0.5562718688916997,SIMULATED,NORMAL
2026-06-17T17:09:14.487302+00:00,DION_001,481417,-0.5185827213812328,SIMULATED,NORMAL
2026-06-17T17:09:14.497879+00:00,DION_001,481418,-0.4137216758727259,SIMULATED,NORMAL
2026-06-17T17:09:14.508506+00:00,DION_001,481419,-0.49202362513600295,SIMULATED,NORMAL
2026-06-17T17:09:14.519121+00:00,DION_001,481420,-0.38849640232918525,SIMULATED,NORMAL
2026-06-17T17:09:14.529600+00:00,DION_001,481421,-0.31822235705297824,SIMULATED,NORMAL
2026-06-17T17:09:14.540052+00:00,DION_001,481422,-0.43016984652955903,SIMULATED,NORMAL
2026-06-17T17:09:14.550582+00:00,DION_001,481423,-0.4636300694966631,SIMULATED,NORMAL
2026-06-17T17:09:14.561033+00:00,DION_001,481424,-0.6986138529322268,SIMULATED,NORMAL
2026-06-17T17:09:14.571470+00:00,DION_001,481425,-0.870377301762871,SIMULATED,NORMAL
2026-06-17T17:09:14.581932+00:00,DION_001,481426,-0.599741406147786,SIMULATED,NORMAL
2026-06-17T17:09:14.592465+00:00,DION_001,481427,-0.9546854168446703,SIMULATED,NORMAL
2026-06-17T17:09:14.602946+00:00,DION_001,481428,-0.6439485332957557,SIMULATED,NORMAL
2026-06-17T17:09:14.613553+00:00,DION_001,481429,-0.594351799865483,SIMULATED,NORMAL
2026-06-17T17:09:14.624055+00:00,DION_001,481430,-0.6417433037405558,SIMULATED,NORMAL
2026-06-17T17:09:14.634525+00:00,DION_001,481431,-0.914324820642582,SIMULATED,NORMAL
2026-06-17T17:09:14.644954+00:00,DION_001,481432,-0.8771717836935495,SIMULATED,NORMAL
2026-06-17T17:09:14.655428+00:00,DION_001,481433,-1.0319985744928017,SIMULATED,NORMAL
2026-06-17T17:09:14.665763+00:00,DION_001,481434,-1.2714272580242774,SIMULATED,NORMAL
2026-06-17T17:09:14.676087+00:00,DION_001,481435,-1.1627930805867663,SIMULATED,NORMAL
2026-06-17T17:09:14.686673+00:00,DION_001,481436,-0.8320594947123638,SIMULATED,NORMAL
2026-06-17T17:09:14.697026+00:00,DION_001,481437,-0.9132979332577427,SIMULATED,NORMAL
2026-06-17T17:09:14.707319+00:00,DION_001,481438,-0.7894930624481143,SIMULATED,NORMAL
2026-06-17T17:09:14.717819+00:00,DION_001,481439,-1.0362289862957217,SIMULATED,NORMAL
2026-06-17T17:09:14.728329+00:00,DION_001,481440,-1.000453293929926,SIMULATED,NORMAL
2026-06-17T17:09:14.738846+00:00,DION_001,481441,-1.1722262267711823,SIMULATED,NORMAL
2026-06-17T17:09:14.749421+00:00,DION_001,481442,-1.073590989207675,SIMULATED,NORMAL
2026-06-17T17:09:14.760013+00:00,DION_001,481443,-1.274444191188402,SIMULATED,NORMAL
2026-06-17T17:09:14.770560+00:00,DION_001,481444,-1.0377274353287231,SIMULATED,NORMAL
2026-06-17T17:09:14.781089+00:00,DION_001,481445,-1.3812579111217098,SIMULATED,NORMAL
2026-06-17T17:09:14.791601+00:00,DION_001,481446,-1.2396850562340829,SIMULATED,NORMAL
2026-06-17T17:09:14.802366+00:00,DION_001,481447,-1.0619735362784706,SIMULATED,NORMAL
2026-06-17T17:09:14.813590+00:00,DION_001,481448,-1.0402747026685442,SIMULATED,NORMAL
2026-06-17T17:09:14.823881+00:00,DION_001,481449,-1.0199965402244313,SIMULATED,NORMAL
2026-06-17T17:09:14.834301+00:00,DION_001,481450,-1.1419496390391697,SIMULATED,NORMAL
2026-06-17T17:09:14.844782+00:00,DION_001,481451,0.5858937657582324,SIMULATED,NORMAL
2026-06-17T17:09:14.855502+00:00,DION_001,481452,-1.3460278904001992,SIMULATED,NORMAL
2026-06-17T17:09:14.866009+00:00,DION_001,481453,-1.3661394291507971,SIMULATED,NORMAL
2026-06-17T17:09:14.876599+00:00,DION_001,481454,-1.0897285295273567,SIMULATED,NORMAL
2026-06-17T17:09:14.887118+00:00,DION_001,481455,-0.9107202390129295,SIMULATED,NORMAL
2026-06-17T17:09:14.897708+00:00,DION_001,481456,-1.134288820882455,SIMULATED,NORMAL
2026-06-17T17:09:14.908305+00:00,DION_001,481457,-1.0671330373584238,SIMULATED,NORMAL
2026-06-17T17:09:14.918967+00:00,DION_001,481458,-1.132193565326537,SIMULATED,NORMAL
2026-06-17T17:09:14.929472+00:00,DION_001,481459,-1.0221542557165995,SIMULATED,NORMAL
2026-06-17T17:09:14.940046+00:00,DION_001,481460,-1.2251159681224766,SIMULATED,NORMAL
2026-06-17T17:09:14.950644+00:00,DION_001,481461,-1.169397312078012,SIMULATED,NORMAL
2026-06-17T17:09:14.961216+00:00,DION_001,481462,-0.8393434303961368,SIMULATED,NORMAL
2026-06-17T17:09:14.971892+00:00,DION_001,481463,-0.8090031163740508,SIMULATED,NORMAL
2026-06-17T17:09:14.982483+00:00,DION_001,481464,-0.8692441998260025,SIMULATED,NORMAL
2026-06-17T17:09:14.993056+00:00,DION_001,481465,-0.8355738577545802,SIMULATED,NORMAL
2026-06-17T17:09:15.003647+00:00,DION_001,481466,-0.6481225325177886,SIMULATED,NORMAL
2026-06-17T17:09:15.014216+00:00,DION_001,481467,-0.37661976910992656,SIMULATED,NORMAL
2026-06-17T17:09:15.024758+00:00,DION_001,481468,-0.7413444414957852,SIMULATED,NORMAL
2026-06-17T17:09:15.035284+00:00,DION_001,481469,-0.9155601132659181,SIMULATED,NORMAL
2026-06-17T17:09:15.045762+00:00,DION_001,481470,-0.4448693447668598,SIMULATED,NORMAL
2026-06-17T17:09:15.056244+00:00,DION_001,481471,-0.73996417632865,SIMULATED,NORMAL
2026-06-17T17:09:15.066620+00:00,DION_001,481472,-0.5794878368173705,SIMULATED,NORMAL
2026-06-17T17:09:15.077034+00:00,DION_001,481473,-0.4345469638828223,SIMULATED,NORMAL
2026-06-17T17:09:15.087736+00:00,DION_001,481474,-0.4575145316693565,SIMULATED,NORMAL
2026-06-17T17:09:15.098196+00:00,DION_001,481475,-0.5998805612149425,SIMULATED,NORMAL
2026-06-17T17:09:15.108835+00:00,DION_001,481476,-0.15369727759688867,SIMULATED,NORMAL
2026-06-17T17:09:15.119420+00:00,DION_001,481477,-0.3111349032020797,SIMULATED,NORMAL
2026-06-17T17:09:15.130025+00:00,DION_001,481478,-0.5931046488291507,SIMULATED,NORMAL
2026-06-17T17:09:15.140634+00:00,DION_001,481479,-0.31341257074153867,SIMULATED,NORMAL
2026-06-17T17:09:15.151390+00:00,DION_001,481480,-0.4306808979875241,SIMULATED,NORMAL
2026-06-17T17:09:15.161939+00:00,DION_001,481481,-0.5549990733311494,SIMULATED,NORMAL
2026-06-17T17:09:15.172652+00:00,DION_001,481482,-0.3677186250435268,SIMULATED,NORMAL
2026-06-17T17:09:15.183151+00:00,DION_001,481483,-0.2617235439596767,SIMULATED,NORMAL
2026-06-17T17:09:15.193613+00:00,DION_001,481484,-0.3696024385756163,SIMULATED,NORMAL
2026-06-17T17:09:15.204237+00:00,DION_001,481485,-0.49461674893408436,SIMULATED,NORMAL
2026-06-17T17:09:15.214911+00:00,DION_001,481486,-0.35680621353577335,SIMULATED,NORMAL
2026-06-17T17:09:15.225532+00:00,DION_001,481487,-0.23306784088875132,SIMULATED,NORMAL
2026-06-17T17:09:15.236365+00:00,DION_001,481488,-0.5661630781070434,SIMULATED,NORMAL
2026-06-17T17:09:15.247046+00:00,DION_001,481489,-0.5784669078448974,SIMULATED,NORMAL
2026-06-17T17:09:15.257856+00:00,DION_001,481490,-0.3155298286421123,SIMULATED,NORMAL
2026-06-17T17:09:15.268488+00:00,DION_001,481491,-0.32396407088667967,SIMULATED,NORMAL
2026-06-17T17:09:15.279215+00:00,DION_001,481492,-0.6308194731621277,SIMULATED,NORMAL
2026-06-17T17:09:15.289846+00:00,DION_001,481493,-0.5728353606475804,SIMULATED,NORMAL
2026-06-17T17:09:15.300443+00:00,DION_001,481494,-0.15019214410733722,SIMULATED,NORMAL
2026-06-17T17:09:15.313728+00:00,DION_001,481495,-0.33707987018705743,SIMULATED,NORMAL
2026-06-17T17:09:15.324345+00:00,DION_001,481496,-0.5072464931696049,SIMULATED,NORMAL
2026-06-17T17:09:15.335059+00:00,DION_001,481497,-0.38244860791580626,SIMULATED,NORMAL
2026-06-17T17:09:15.345667+00:00,DION_001,481498,-0.5119725976163,SIMULATED,NORMAL
2026-06-17T17:09:15.356448+00:00,DION_001,481499,-0.165175153737031,SIMULATED,NORMAL
2026-06-17T17:09:15.367333+00:00,DION_001,481500,-0.13713542159415099,SIMULATED,NORMAL
2026-06-17T17:09:15.377961+00:00,DION_001,481501,-0.5434067477277924,SIMULATED,NORMAL
2026-06-17T17:09:15.388517+00:00,DION_001,481502,-0.5430958536288585,SIMULATED,NORMAL
2026-06-17T17:09:15.399285+00:00,DION_001,481503,-0.7650776046717391,SIMULATED,NORMAL
2026-06-17T17:09:15.409904+00:00,DION_001,481504,-0.5206321453745435,SIMULATED,NORMAL
2026-06-17T17:09:15.420526+00:00,DION_001,481505,-0.56530225182973,SIMULATED,NORMAL
2026-06-17T17:09:15.431239+00:00,DION_001,481506,-0.6314712116396086,SIMULATED,NORMAL
2026-06-17T17:09:15.441739+00:00,DION_001,481507,-0.6419542657619997,SIMULATED,NORMAL
2026-06-17T17:09:15.452330+00:00,DION_001,481508,-0.7869581357353351,SIMULATED,NORMAL
2026-06-17T17:09:15.462798+00:00,DION_001,481509,-0.6684332238251792,SIMULATED,NORMAL
2026-06-17T17:09:15.473464+00:00,DION_001,481510,-0.6740897767354445,SIMULATED,NORMAL
2026-06-17T17:09:15.484118+00:00,DION_001,481511,-0.8002643840419975,SIMULATED,NORMAL
2026-06-17T17:09:15.494663+00:00,DION_001,481512,-0.7591343032862933,SIMULATED,NORMAL
2026-06-17T17:09:15.505452+00:00,DION_001,481513,-0.8098282673879571,SIMULATED,NORMAL
2026-06-17T17:09:15.515957+00:00,DION_001,481514,-0.9547888415635541,SIMULATED,NORMAL
2026-06-17T17:09:15.526607+00:00,DION_001,481515,-0.5461862522586647,SIMULATED,NORMAL
2026-06-17T17:09:15.537204+00:00,DION_001,481516,-0.6866512104656431,SIMULATED,NORMAL
2026-06-17T17:09:15.547830+00:00,DION_001,481517,-1.0473452168428383,SIMULATED,NORMAL
2026-06-17T17:09:15.558411+00:00,DION_001,481518,-0.8742995931499893,SIMULATED,NORMAL
2026-06-17T17:09:15.569102+00:00,DION_001,481519,-0.8877390195903411,SIMULATED,NORMAL
2026-06-17T17:09:15.579650+00:00,DION_001,481520,-0.9255285504569667,SIMULATED,NORMAL
2026-06-17T17:09:15.590145+00:00,DION_001,481521,-0.9037382161581017,SIMULATED,NORMAL
2026-06-17T17:09:15.600783+00:00,DION_001,481522,-0.7423279485777646,SIMULATED,NORMAL
2026-06-17T17:09:15.611592+00:00,DION_001,481523,-0.998110038238567,SIMULATED,NORMAL
2026-06-17T17:09:15.622148+00:00,DION_001,481524,-0.8016145500227722,SIMULATED,NORMAL
2026-06-17T17:09:15.632657+00:00,DION_001,481525,-0.7794582244748589,SIMULATED,NORMAL
2026-06-17T17:09:15.643239+00:00,DION_001,481526,-1.1001892297819158,SIMULATED,NORMAL
2026-06-17T17:09:15.654026+00:00,DION_001,481527,-0.8665031847889332,SIMULATED,NORMAL
2026-06-17T17:09:15.664686+00:00,DION_001,481528,-0.6789755875991157,SIMULATED,NORMAL
2026-06-17T17:09:15.675146+00:00,DION_001,481529,-0.71534228104705,SIMULATED,NORMAL
2026-06-17T17:09:15.685566+00:00,DION_001,481530,-0.8445688591622678,SIMULATED,NORMAL
2026-06-17T17:09:15.695936+00:00,DION_001,481531,-0.6215464911086344,SIMULATED,NORMAL
2026-06-17T17:09:15.706301+00:00,DION_001,481532,-0.903931976349646,SIMULATED,NORMAL
2026-06-17T17:09:15.716674+00:00,DION_001,481533,-0.6221049517370719,SIMULATED,NORMAL
2026-06-17T17:09:15.727135+00:00,DION_001,481534,-0.6284025065727159,SIMULATED,NORMAL
2026-06-17T17:09:15.737567+00:00,DION_001,481535,-0.8103964973818459,SIMULATED,NORMAL
2026-06-17T17:09:15.747905+00:00,DION_001,481536,-0.32011936776306466,SIMULATED,NORMAL
2026-06-17T17:09:15.758520+00:00,DION_001,481537,-0.5873345931373006,SIMULATED,NORMAL
2026-06-17T17:09:15.769056+00:00,DION_001,481538,-0.15483661601438287,SIMULATED,NORMAL
2026-06-17T17:09:15.779385+00:00,DION_001,481539,-0.4567977861187904,SIMULATED,NORMAL
2026-06-17T17:09:15.789672+00:00,DION_001,481540,-0.3882205398485868,SIMULATED,NORMAL
2026-06-17T17:09:15.799975+00:00,DION_001,481541,-0.35523905059059635,SIMULATED,NORMAL
2026-06-17T17:09:15.810268+00:00,DION_001,481542,-0.6844565720282265,SIMULATED,NORMAL
2026-06-17T17:09:15.820774+00:00,DION_001,481543,-0.28890426531820873,SIMULATED,NORMAL
2026-06-17T17:09:15.831303+00:00,DION_001,481544,-0.3728868147548343,SIMULATED,NORMAL
2026-06-17T17:09:15.841770+00:00,DION_001,481545,-0.03939362276072539,SIMULATED,NORMAL
2026-06-17T17:09:15.852109+00:00,DION_001,481546,0.04757150195306428,SIMULATED,NORMAL
2026-06-17T17:09:15.862606+00:00,DION_001,481547,0.11425799962676682,SIMULATED,NORMAL
2026-06-17T17:09:15.873107+00:00,DION_001,481548,0.15249098331003028,SIMULATED,NORMAL
2026-06-17T17:09:15.883621+00:00,DION_001,481549,0.02419482136831408,SIMULATED,NORMAL
2026-06-17T17:09:15.894169+00:00,DION_001,481550,-0.058022534165437,SIMULATED,NORMAL
2026-06-17T17:09:15.904852+00:00,DION_001,481551,0.04462932467485455,SIMULATED,NORMAL
2026-06-17T17:09:15.915367+00:00,DION_001,481552,0.2376082089837787,SIMULATED,NORMAL
2026-06-17T17:09:15.926105+00:00,DION_001,481553,-0.09216114485730398,SIMULATED,NORMAL
2026-06-17T17:09:15.936711+00:00,DION_001,481554,0.24298012608853412,SIMULATED,NORMAL
2026-06-17T17:09:15.947241+00:00,DION_001,481555,-0.24664289911285056,SIMULATED,NORMAL
2026-06-17T17:09:15.957756+00:00,DION_001,481556,0.17484046234374706,SIMULATED,NORMAL
2026-06-17T17:09:15.968334+00:00,DION_001,481557,0.10090915576973453,SIMULATED,NORMAL
2026-06-17T17:09:15.978695+00:00,DION_001,481558,0.323409620744662,SIMULATED,NORMAL
2026-06-17T17:09:15.989250+00:00,DION_001,481559,0.09045024337255053,SIMULATED,NORMAL
2026-06-17T17:09:15.999729+00:00,DION_001,481560,0.30866664404088706,SIMULATED,NORMAL
2026-06-17T17:09:16.010239+00:00,DION_001,481561,0.26959411140699663,SIMULATED,NORMAL
2026-06-17T17:09:16.020833+00:00,DION_001,481562,0.5350806156107831,SIMULATED,NORMAL
2026-06-17T17:09:16.031491+00:00,DION_001,481563,0.27345929352095816,SIMULATED,NORMAL
2026-06-17T17:09:16.042140+00:00,DION_001,481564,0.33632469431351614,SIMULATED,NORMAL
2026-06-17T17:09:16.052769+00:00,DION_001,481565,0.5118843158685386,SIMULATED,NORMAL
2026-06-17T17:09:16.063391+00:00,DION_001,481566,0.46509335886995656,SIMULATED,NORMAL
2026-06-17T17:09:16.073975+00:00,DION_001,481567,-1.6007590406439447,SIMULATED,NORMAL
2026-06-17T17:09:16.084803+00:00,DION_001,481568,0.5050954199711185,SIMULATED,NORMAL
2026-06-17T17:09:16.095302+00:00,DION_001,481569,0.58453675218597,SIMULATED,NORMAL
2026-06-17T17:09:16.105896+00:00,DION_001,481570,0.3604996541857498,SIMULATED,NORMAL
2026-06-17T17:09:16.116485+00:00,DION_001,481571,0.4260645840945773,SIMULATED,NORMAL
2026-06-17T17:09:16.127380+00:00,DION_001,481572,0.25833729827501317,SIMULATED,NORMAL
2026-06-17T17:09:16.138063+00:00,DION_001,481573,0.36362482216019276,SIMULATED,NORMAL
2026-06-17T17:09:16.148690+00:00,DION_001,481574,0.4078783898228598,SIMULATED,NORMAL
2026-06-17T17:09:16.159419+00:00,DION_001,481575,0.09301410891149509,SIMULATED,NORMAL
2026-06-17T17:09:16.170029+00:00,DION_001,481576,0.3600272847215278,SIMULATED,NORMAL
2026-06-17T17:09:16.180760+00:00,DION_001,481577,0.5712409890477713,SIMULATED,NORMAL
2026-06-17T17:09:16.191557+00:00,DION_001,481578,0.19470057810518612,SIMULATED,NORMAL
2026-06-17T17:09:16.202137+00:00,DION_001,481579,0.5801881905379954,SIMULATED,NORMAL
2026-06-17T17:09:16.212719+00:00,DION_001,481580,0.2849511436027198,SIMULATED,NORMAL
2026-06-17T17:09:16.223307+00:00,DION_001,481581,0.21780173441740605,SIMULATED,NORMAL
2026-06-17T17:09:16.233897+00:00,DION_001,481582,0.3863499011203628,SIMULATED,NORMAL
2026-06-17T17:09:16.244485+00:00,DION_001,481583,3.2060697914412395,SIMULATED,EVENT_DETECTED
2026-06-17T17:09:16.255912+00:00,DION_001,481584,0.06359933091468237,SIMULATED,NORMAL
2026-06-17T17:09:16.266513+00:00,DION_001,481585,0.1722886794356932,SIMULATED,NORMAL
2026-06-17T17:09:16.277270+00:00,DION_001,481586,0.05489523384251402,SIMULATED,NORMAL
2026-06-17T17:09:16.288018+00:00,DION_001,481587,0.2327316861809226,SIMULATED,NORMAL
2026-06-17T17:09:16.298627+00:00,DION_001,481588,-1.8055716343945274,SIMULATED,NORMAL
2026-06-17T17:09:16.309297+00:00,DION_001,481589,0.46686201655805115,SIMULATED,NORMAL
2026-06-17T17:09:16.319889+00:00,DION_001,481590,0.27691555191641526,SIMULATED,NORMAL
2026-06-17T17:09:16.330410+00:00,DION_001,481591,0.09802981542076514,SIMULATED,NORMAL
2026-06-17T17:09:16.340947+00:00,DION_001,481592,0.14724415960180973,SIMULATED,NORMAL
2026-06-17T17:09:16.351481+00:00,DION_001,481593,0.18272836083158978,SIMULATED,NORMAL
2026-06-17T17:09:16.362054+00:00,DION_001,481594,0.03244053738571297,SIMULATED,NORMAL
2026-06-17T17:09:16.372450+00:00,DION_001,481595,0.09905727600771819,SIMULATED,NORMAL
2026-06-17T17:09:16.382861+00:00,DION_001,481596,0.1287553167565159,SIMULATED,NORMAL
2026-06-17T17:09:16.393143+00:00,DION_001,481597,0.1069051530623955,SIMULATED,NORMAL
2026-06-17T17:09:16.403414+00:00,DION_001,481598,0.2055572630997045,SIMULATED,NORMAL
2026-06-17T17:09:16.413694+00:00,DION_001,481599,0.32844921276639405,SIMULATED,NORMAL
2026-06-17T17:09:16.423937+00:00,DION_001,481600,0.0665088535652899,SIMULATED,NORMAL
2026-06-17T17:09:16.434181+00:00,DION_001,481601,0.5434674516401484,SIMULATED,NORMAL
2026-06-17T17:09:16.444457+00:00,DION_001,481602,0.35104813401288915,SIMULATED,NORMAL
2026-06-17T17:09:16.454684+00:00,DION_001,481603,-0.10633344990013222,SIMULATED,NORMAL
2026-06-17T17:09:16.464937+00:00,DION_001,481604,0.46062904136014854,SIMULATED,NORMAL
2026-06-17T17:09:16.475193+00:00,DION_001,481605,0.02414762616109388,SIMULATED,NORMAL
2026-06-17T17:09:16.485435+00:00,DION_001,481606,0.13847534635976158,SIMULATED,NORMAL
2026-06-17T17:09:16.495731+00:00,DION_001,481607,0.054499572875111646,SIMULATED,NORMAL
2026-06-17T17:09:16.506051+00:00,DION_001,481608,0.29764216037658164,SIMULATED,NORMAL
2026-06-17T17:09:16.516535+00:00,DION_001,481609,0.10574006295885702,SIMULATED,NORMAL
2026-06-17T17:09:16.527025+00:00,DION_001,481610,0.5840658606608318,SIMULATED,NORMAL
2026-06-17T17:09:16.537416+00:00,DION_001,481611,0.4321234152620408,SIMULATED,NORMAL
2026-06-17T17:09:16.547781+00:00,DION_001,481612,0.013206676109445092,SIMULATED,NORMAL
2026-06-17T17:09:16.558194+00:00,DION_001,481613,0.592841299475168,SIMULATED,NORMAL
2026-06-17T17:09:16.568762+00:00,DION_001,481614,0.2646466023567893,SIMULATED,NORMAL
2026-06-17T17:09:16.579359+00:00,DION_001,481615,0.311680412804426,SIMULATED,NORMAL
2026-06-17T17:09:16.589948+00:00,DION_001,481616,0.722975361858216,SIMULATED,NORMAL
2026-06-17T17:09:16.600469+00:00,DION_001,481617,0.3569008553181834,SIMULATED,NORMAL
2026-06-17T17:09:16.611120+00:00,DION_001,481618,0.5599548785527416,SIMULATED,NORMAL
2026-06-17T17:09:16.621502+00:00,DION_001,481619,0.49071209191009857,SIMULATED,NORMAL
2026-06-17T17:09:16.631790+00:00,DION_001,481620,0.4491364483354939,SIMULATED,NORMAL
2026-06-17T17:09:16.642138+00:00,DION_001,481621,0.46212414809595437,SIMULATED,NORMAL
2026-06-17T17:09:16.652472+00:00,DION_001,481622,0.619878782796768,SIMULATED,NORMAL
2026-06-17T17:09:16.662799+00:00,DION_001,481623,0.6094034287950376,SIMULATED,NORMAL
2026-06-17T17:09:16.673135+00:00,DION_001,481624,0.644191270341565,SIMULATED,NORMAL
2026-06-17T17:09:16.683453+00:00,DION_001,481625,0.588079482789873,SIMULATED,NORMAL
2026-06-17T17:09:16.693723+00:00,DION_001,481626,0.9664982008828991,SIMULATED,NORMAL
2026-06-17T17:09:16.704026+00:00,DION_001,481627,0.73549887705221,SIMULATED,NORMAL
2026-06-17T17:09:16.714416+00:00,DION_001,481628,0.9596890960250306,SIMULATED,NORMAL
2026-06-17T17:09:16.724671+00:00,DION_001,481629,0.8979443177947157,SIMULATED,NORMAL
2026-06-17T17:09:16.734889+00:00,DION_001,481630,0.7399577658271026,SIMULATED,NORMAL
2026-06-17T17:09:16.745198+00:00,DION_001,481631,1.2526749704417184,SIMULATED,NORMAL
2026-06-17T17:09:16.755627+00:00,DION_001,481632,1.2756266259930058,SIMULATED,NORMAL
2026-06-17T17:09:16.766048+00:00,DION_001,481633,0.942274908776176,SIMULATED,NORMAL
2026-06-17T17:09:16.776410+00:00,DION_001,481634,0.8093839796560386,SIMULATED,NORMAL
2026-06-17T17:09:16.786869+00:00,DION_001,481635,0.9910026456632464,SIMULATED,NORMAL
2026-06-17T17:09:16.797259+00:00,DION_001,481636,0.9291787132789436,SIMULATED,NORMAL
2026-06-17T17:09:16.807617+00:00,DION_001,481637,1.1329590183812301,SIMULATED,NORMAL
2026-06-17T17:09:16.818055+00:00,DION_001,481638,1.0843125033822976,SIMULATED,NORMAL
2026-06-17T17:09:16.828537+00:00,DION_001,481639,1.1374416827025449,SIMULATED,NORMAL
2026-06-17T17:09:16.839039+00:00,DION_001,481640,1.3116142024740236,SIMULATED,NORMAL
2026-06-17T17:09:16.849393+00:00,DION_001,481641,1.0294588385743966,SIMULATED,NORMAL
2026-06-17T17:09:16.859714+00:00,DION_001,481642,1.283161684789999,SIMULATED,NORMAL
2026-06-17T17:09:16.870049+00:00,DION_001,481643,1.3937416926379231,SIMULATED,NORMAL
2026-06-17T17:09:16.880351+00:00,DION_001,481644,1.1694539362405383,SIMULATED,NORMAL
2026-06-17T17:09:16.890809+00:00,DION_001,481645,1.141169482016278,SIMULATED,NORMAL
2026-06-17T17:09:16.901299+00:00,DION_001,481646,1.3885660431507416,SIMULATED,NORMAL
2026-06-17T17:09:16.911847+00:00,DION_001,481647,1.0419643269377332,SIMULATED,NORMAL
2026-06-17T17:09:16.922560+00:00,DION_001,481648,1.0579278380313237,SIMULATED,NORMAL
2026-06-17T17:09:16.933050+00:00,DION_001,481649,1.358256070961583,SIMULATED,NORMAL
2026-06-17T17:09:16.943638+00:00,DION_001,481650,1.0782018163712508,SIMULATED,NORMAL
2026-06-17T17:09:16.954436+00:00,DION_001,481651,1.0983480390707343,SIMULATED,NORMAL
2026-06-17T17:09:16.964932+00:00,DION_001,481652,0.9697610849579535,SIMULATED,NORMAL
2026-06-17T17:09:16.975518+00:00,DION_001,481653,1.131119958264554,SIMULATED,NORMAL
2026-06-17T17:09:16.986033+00:00,DION_001,481654,0.8292340513430745,SIMULATED,NORMAL
2026-06-17T17:09:16.996651+00:00,DION_001,481655,1.0702299682345142,SIMULATED,NORMAL
2026-06-17T17:09:17.007210+00:00,DION_001,481656,1.2447618231527864,SIMULATED,NORMAL
2026-06-17T17:09:17.017874+00:00,DION_001,481657,0.743755458732048,SIMULATED,NORMAL
2026-06-17T17:09:17.028427+00:00,DION_001,481658,1.0296745023739418,SIMULATED,NORMAL
2026-06-17T17:09:17.039118+00:00,DION_001,481659,0.9153281488331995,SIMULATED,NORMAL
2026-06-17T17:09:17.049595+00:00,DION_001,481660,0.9745287339090977,SIMULATED,NORMAL
2026-06-17T17:09:17.060040+00:00,DION_001,481661,1.077021787513401,SIMULATED,NORMAL
2026-06-17T17:09:17.070421+00:00,DION_001,481662,0.8530049300550083,SIMULATED,NORMAL
2026-06-17T17:09:17.080818+00:00,DION_001,481663,0.9745747156922513,SIMULATED,NORMAL
2026-06-17T17:09:17.091392+00:00,DION_001,481664,1.026683844617149,SIMULATED,NORMAL
2026-06-17T17:09:17.102074+00:00,DION_001,481665,1.093143928170826,SIMULATED,NORMAL
2026-06-17T17:09:17.112734+00:00,DION_001,481666,0.6783329917304898,SIMULATED,NORMAL
2026-06-17T17:09:17.123547+00:00,DION_001,481667,0.8607107047073352,SIMULATED,NORMAL
2026-06-17T17:09:17.134126+00:00,DION_001,481668,0.6470642799178008,SIMULATED,NORMAL
2026-06-17T17:09:17.144846+00:00,DION_001,481669,0.505615490706629,SIMULATED,NORMAL
2026-06-17T17:09:17.155487+00:00,DION_001,481670,0.5160716057337658,SIMULATED,NORMAL
2026-06-17T17:09:17.166060+00:00,DION_001,481671,0.4311541333397584,SIMULATED,NORMAL
2026-06-17T17:09:17.176802+00:00,DION_001,481672,0.12568175884262645,SIMULATED,NORMAL
2026-06-17T17:09:17.187578+00:00,DION_001,481673,0.4765023424240349,SIMULATED,NORMAL
2026-06-17T17:09:17.198138+00:00,DION_001,481674,0.45723613996528134,SIMULATED,NORMAL
2026-06-17T17:09:17.208754+00:00,DION_001,481675,0.4466092439674004,SIMULATED,NORMAL
2026-06-17T17:09:17.219334+00:00,DION_001,481676,0.3594121646474294,SIMULATED,NORMAL
2026-06-17T17:09:17.230027+00:00,DION_001,481677,0.5254455620208186,SIMULATED,NORMAL
2026-06-17T17:09:17.240625+00:00,DION_001,481678,0.3571519635797792,SIMULATED,NORMAL
2026-06-17T17:09:17.251175+00:00,DION_001,481679,0.30745334870164837,SIMULATED,NORMAL
2026-06-17T17:09:17.261711+00:00,DION_001,481680,0.6450389282378073,SIMULATED,NORMAL
2026-06-17T17:09:17.272352+00:00,DION_001,481681,0.4180183608391269,SIMULATED,NORMAL
2026-06-17T17:09:17.282878+00:00,DION_001,481682,0.3159620087967254,SIMULATED,NORMAL
2026-06-17T17:09:17.293435+00:00,DION_001,481683,0.31922734706081635,SIMULATED,NORMAL
2026-06-17T17:09:17.303960+00:00,DION_001,481684,0.23401920644787527,SIMULATED,NORMAL
2026-06-17T17:09:17.314535+00:00,DION_001,481685,0.25872772706708114,SIMULATED,NORMAL
2026-06-17T17:09:17.325135+00:00,DION_001,481686,0.3157912110970891,SIMULATED,NORMAL
2026-06-17T17:09:17.335790+00:00,DION_001,481687,0.3394332823042388,SIMULATED,NORMAL
2026-06-17T17:09:17.346533+00:00,DION_001,481688,0.46545501579163834,SIMULATED,NORMAL
2026-06-17T17:09:17.357284+00:00,DION_001,481689,0.474806314422354,SIMULATED,NORMAL
2026-06-17T17:09:17.368141+00:00,DION_001,481690,0.2430495892549178,SIMULATED,NORMAL
2026-06-17T17:09:17.378670+00:00,DION_001,481691,0.4195891302695475,SIMULATED,NORMAL
2026-06-17T17:09:17.389239+00:00,DION_001,481692,0.30592694012503424,SIMULATED,NORMAL
2026-06-17T17:09:17.399800+00:00,DION_001,481693,0.1357881086073785,SIMULATED,NORMAL
2026-06-17T17:09:17.410512+00:00,DION_001,481694,0.4050836242964615,SIMULATED,NORMAL
2026-06-17T17:09:17.421196+00:00,DION_001,481695,0.4233283112361741,SIMULATED,NORMAL
2026-06-17T17:09:17.431745+00:00,DION_001,481696,0.34378721201710727,SIMULATED,NORMAL
2026-06-17T17:09:17.442351+00:00,DION_001,481697,0.5208209486759086,SIMULATED,NORMAL
2026-06-17T17:09:17.453055+00:00,DION_001,481698,0.6469432708453817,SIMULATED,NORMAL
2026-06-17T17:09:17.463635+00:00,DION_001,481699,0.3730094646324409,SIMULATED,NORMAL
2026-06-17T17:09:17.474213+00:00,DION_001,481700,0.20030366407694017,SIMULATED,NORMAL
2026-06-17T17:09:17.484712+00:00,DION_001,481701,0.6284298904370955,SIMULATED,NORMAL
2026-06-17T17:09:17.495148+00:00,DION_001,481702,0.6429759555460189,SIMULATED,NORMAL
2026-06-17T17:09:17.505626+00:00,DION_001,481703,0.4370678891032056,SIMULATED,NORMAL
2026-06-17T17:09:17.516009+00:00,DION_001,481704,0.8010411978947496,SIMULATED,NORMAL
2026-06-17T17:09:17.526543+00:00,DION_001,481705,0.7354069591348578,SIMULATED,NORMAL
2026-06-17T17:09:17.536988+00:00,DION_001,481706,0.42466515161111595,SIMULATED,NORMAL
2026-06-17T17:09:17.547548+00:00,DION_001,481707,0.7266505925922162,SIMULATED,NORMAL
2026-06-17T17:09:17.558423+00:00,DION_001,481708,0.6882775632241575,SIMULATED,NORMAL
2026-06-17T17:09:17.569204+00:00,DION_001,481709,0.7170870087169051,SIMULATED,NORMAL
2026-06-17T17:09:17.579752+00:00,DION_001,481710,0.7575495034019488,SIMULATED,NORMAL
2026-06-17T17:09:17.590332+00:00,DION_001,481711,1.0584358149292938,SIMULATED,NORMAL
2026-06-17T17:09:17.600860+00:00,DION_001,481712,0.837733056942636,SIMULATED,NORMAL
2026-06-17T17:09:17.611396+00:00,DION_001,481713,0.7314131436628991,SIMULATED,NORMAL
2026-06-17T17:09:17.621916+00:00,DION_001,481714,0.7956410890218797,SIMULATED,NORMAL
2026-06-17T17:09:17.632373+00:00,DION_001,481715,0.6889705664284423,SIMULATED,NORMAL
2026-06-17T17:09:17.643090+00:00,DION_001,481716,0.7778038901718249,SIMULATED,NORMAL
2026-06-17T17:09:17.653883+00:00,DION_001,481717,0.8764838542177293,SIMULATED,NORMAL
2026-06-17T17:09:17.664546+00:00,DION_001,481718,0.5240354019957244,SIMULATED,NORMAL
2026-06-17T17:09:17.675365+00:00,DION_001,481719,0.7248409539276746,SIMULATED,NORMAL
2026-06-17T17:09:17.685872+00:00,DION_001,481720,0.5918086816143224,SIMULATED,NORMAL
2026-06-17T17:09:17.696378+00:00,DION_001,481721,0.6141049886128915,SIMULATED,NORMAL
2026-06-17T17:09:17.707024+00:00,DION_001,481722,0.5541234998379725,SIMULATED,NORMAL
2026-06-17T17:09:17.717540+00:00,DION_001,481723,0.6069393509428851,SIMULATED,NORMAL
2026-06-17T17:09:17.727953+00:00,DION_001,481724,0.7538360200408281,SIMULATED,NORMAL
2026-06-17T17:09:17.738489+00:00,DION_001,481725,0.5318610113336187,SIMULATED,NORMAL
2026-06-17T17:09:17.748982+00:00,DION_001,481726,0.4402573368927498,SIMULATED,NORMAL
2026-06-17T17:09:17.759525+00:00,DION_001,481727,0.6487366610620531,SIMULATED,NORMAL
2026-06-17T17:09:17.770663+00:00,DION_001,481728,0.3996012938256034,SIMULATED,NORMAL
2026-06-17T17:09:17.781128+00:00,DION_001,481729,0.3329804684521547,SIMULATED,NORMAL
2026-06-17T17:09:17.791739+00:00,DION_001,481730,0.6966310673976379,SIMULATED,NORMAL
2026-06-17T17:09:17.802345+00:00,DION_001,481731,0.6419447153259513,SIMULATED,NORMAL
2026-06-17T17:09:17.812923+00:00,DION_001,481732,0.5239786310780616,SIMULATED,NORMAL
2026-06-17T17:09:17.823527+00:00,DION_001,481733,0.6451071105650203,SIMULATED,NORMAL
2026-06-17T17:09:17.834283+00:00,DION_001,481734,0.4942681060048395,SIMULATED,NORMAL
2026-06-17T17:09:17.844848+00:00,DION_001,481735,0.37052919650278016,SIMULATED,NORMAL
2026-06-17T17:09:17.855331+00:00,DION_001,481736,0.455748317845509,SIMULATED,NORMAL
2026-06-17T17:09:17.866012+00:00,DION_001,481737,-0.02502757104932013,SIMULATED,NORMAL
2026-06-17T17:09:17.876496+00:00,DION_001,481738,0.39044877316838345,SIMULATED,NORMAL
2026-06-17T17:09:17.887217+00:00,DION_001,481739,0.3339576785266333,SIMULATED,NORMAL
2026-06-17T17:09:17.897657+00:00,DION_001,481740,0.20047122558609423,SIMULATED,NORMAL
2026-06-17T17:09:17.908105+00:00,DION_001,481741,0.3599011891356305,SIMULATED,NORMAL
2026-06-17T17:09:17.918503+00:00,DION_001,481742,0.24255802232300094,SIMULATED,NORMAL
2026-06-17T17:09:17.929102+00:00,DION_001,481743,-0.04242024746156777,SIMULATED,NORMAL
2026-06-17T17:09:17.939547+00:00,DION_001,481744,-0.1715805650406557,SIMULATED,NORMAL
2026-06-17T17:09:17.950067+00:00,DION_001,481745,0.08339606891599796,SIMULATED,NORMAL
2026-06-17T17:09:17.960425+00:00,DION_001,481746,-0.11818359319104906,SIMULATED,NORMAL
2026-06-17T17:09:17.970968+00:00,DION_001,481747,-0.05937191742992179,SIMULATED,NORMAL
2026-06-17T17:09:17.981319+00:00,DION_001,481748,-0.07947881180738736,SIMULATED,NORMAL
2026-06-17T17:09:17.991710+00:00,DION_001,481749,-0.32286823694725125,SIMULATED,NORMAL
2026-06-17T17:09:18.002275+00:00,DION_001,481750,-0.18576370924728808,SIMULATED,NORMAL
2026-06-17T17:09:18.012847+00:00,DION_001,481751,-0.20691785695177195,SIMULATED,NORMAL
2026-06-17T17:09:18.023408+00:00,DION_001,481752,-0.5136097045360934,SIMULATED,NORMAL
2026-06-17T17:09:18.034035+00:00,DION_001,481753,-0.33448323546189157,SIMULATED,NORMAL
2026-06-17T17:09:18.044732+00:00,DION_001,481754,-0.47336620683758956,SIMULATED,NORMAL
2026-06-17T17:09:18.055373+00:00,DION_001,481755,-0.33435649540423873,SIMULATED,NORMAL
2026-06-17T17:09:18.065936+00:00,DION_001,481756,-2.506732443135653,SIMULATED,EVENT_DETECTED
2026-06-17T17:09:18.076738+00:00,DION_001,481757,-0.3508159392734712,SIMULATED,NORMAL
2026-06-17T17:09:18.087354+00:00,DION_001,481758,-0.40159082083864645,SIMULATED,NORMAL
2026-06-17T17:09:18.097969+00:00,DION_001,481759,-0.48197694227528787,SIMULATED,NORMAL
2026-06-17T17:09:18.108470+00:00,DION_001,481760,-0.5982453691401834,SIMULATED,NORMAL
2026-06-17T17:09:18.119114+00:00,DION_001,481761,-0.3780712761896353,SIMULATED,NORMAL
2026-06-17T17:09:18.129573+00:00,DION_001,481762,-0.36607543094934164,SIMULATED,NORMAL
2026-06-17T17:09:18.139979+00:00,DION_001,481763,-0.5591856365637234,SIMULATED,NORMAL
2026-06-17T17:09:18.150501+00:00,DION_001,481764,-0.727591595123072,SIMULATED,NORMAL
2026-06-17T17:09:18.160895+00:00,DION_001,481765,-0.6435291512379111,SIMULATED,NORMAL
2026-06-17T17:09:18.171651+00:00,DION_001,481766,-0.6490295326364639,SIMULATED,NORMAL
2026-06-17T17:09:18.182183+00:00,DION_001,481767,-0.4236839982011671,SIMULATED,NORMAL
2026-06-17T17:09:18.192814+00:00,DION_001,481768,-0.5119115242040855,SIMULATED,NORMAL
2026-06-17T17:09:18.203429+00:00,DION_001,481769,-0.42101700858526303,SIMULATED,NORMAL
2026-06-17T17:09:18.213981+00:00,DION_001,481770,-0.5911637677598741,SIMULATED,NORMAL
2026-06-17T17:09:18.224699+00:00,DION_001,481771,-0.5551875710207542,SIMULATED,NORMAL
2026-06-17T17:09:18.235441+00:00,DION_001,481772,-0.5154798202754144,SIMULATED,NORMAL
2026-06-17T17:09:18.245955+00:00,DION_001,481773,-0.5401954497949337,SIMULATED,NORMAL
2026-06-17T17:09:18.256658+00:00,DION_001,481774,-0.3657631957005104,SIMULATED,NORMAL
2026-06-17T17:09:18.267399+00:00,DION_001,481775,-0.333214709639685,SIMULATED,NORMAL
2026-06-17T17:09:18.277901+00:00,DION_001,481776,-0.7144362907352447,SIMULATED,NORMAL
2026-06-17T17:09:18.288660+00:00,DION_001,481777,-0.6955569256673705,SIMULATED,NORMAL
2026-06-17T17:09:18.299348+00:00,DION_001,481778,-0.5555178351637705,SIMULATED,NORMAL
2026-06-17T17:09:18.309893+00:00,DION_001,481779,-0.18678133340232683,SIMULATED,NORMAL
2026-06-17T17:09:18.320538+00:00,DION_001,481780,-0.4411044481148665,SIMULATED,NORMAL
2026-06-17T17:09:18.331413+00:00,DION_001,481781,-0.22945050244091042,SIMULATED,NORMAL
2026-06-17T17:09:18.341943+00:00,DION_001,481782,-0.4251258810056072,SIMULATED,NORMAL
2026-06-17T17:09:18.352690+00:00,DION_001,481783,-0.46334892911402753,SIMULATED,NORMAL
2026-06-17T17:09:18.363224+00:00,DION_001,481784,-0.31190025365212143,SIMULATED,NORMAL
2026-06-17T17:09:18.373786+00:00,DION_001,481785,-0.28233843051652535,SIMULATED,NORMAL
2026-06-17T17:09:18.384419+00:00,DION_001,481786,-0.2823453606467429,SIMULATED,NORMAL
2026-06-17T17:09:18.394883+00:00,DION_001,481787,-0.20008978612416128,SIMULATED,NORMAL
2026-06-17T17:09:18.405484+00:00,DION_001,481788,-0.16437276115283073,SIMULATED,NORMAL
2026-06-17T17:09:18.415978+00:00,DION_001,481789,-0.30175506895191206,SIMULATED,NORMAL
2026-06-17T17:09:18.426521+00:00,DION_001,481790,-0.16898367688104465,SIMULATED,NORMAL
2026-06-17T17:09:18.437106+00:00,DION_001,481791,-0.02293127456769295,SIMULATED,NORMAL
2026-06-17T17:09:18.447559+00:00,DION_001,481792,-0.16301393928955432,SIMULATED,NORMAL
2026-06-17T17:09:18.458214+00:00,DION_001,481793,-0.05946263642458027,SIMULATED,NORMAL
2026-06-17T17:09:18.468914+00:00,DION_001,481794,-0.1879637948809128,SIMULATED,NORMAL
2026-06-17T17:09:18.479498+00:00,DION_001,481795,-0.3331237395392296,SIMULATED,NORMAL
2026-06-17T17:09:18.490291+00:00,DION_001,481796,0.07249765333287456,SIMULATED,NORMAL
2026-06-17T17:09:18.500921+00:00,DION_001,481797,-0.0064641824540375425,SIMULATED,NORMAL
2026-06-17T17:09:18.511560+00:00,DION_001,481798,-0.2198651267946714,SIMULATED,NORMAL
2026-06-17T17:09:18.522172+00:00,DION_001,481799,-0.30552561907761755,SIMULATED,NORMAL
2026-06-17T17:09:18.532780+00:00,DION_001,481800,0.01629394025289349,SIMULATED,NORMAL
2026-06-17T17:09:18.543547+00:00,DION_001,481801,-0.17337421304576955,SIMULATED,NORMAL
2026-06-17T17:09:18.554392+00:00,DION_001,481802,-0.20298448102291533,SIMULATED,NORMAL
2026-06-17T17:09:18.565024+00:00,DION_001,481803,-0.4979028843387277,SIMULATED,NORMAL
2026-06-17T17:09:18.575511+00:00,DION_001,481804,-0.13785037969349834,SIMULATED,NORMAL
2026-06-17T17:09:18.585959+00:00,DION_001,481805,-0.14103387078678822,SIMULATED,NORMAL
2026-06-17T17:09:18.596477+00:00,DION_001,481806,-0.030954715528410698,SIMULATED,NORMAL
2026-06-17T17:09:18.607235+00:00,DION_001,481807,0.0017668447986134428,SIMULATED,NORMAL
2026-06-17T17:09:18.617753+00:00,DION_001,481808,-0.37860392754776884,SIMULATED,NORMAL
2026-06-17T17:09:18.628198+00:00,DION_001,481809,-0.26034475429870874,SIMULATED,NORMAL
2026-06-17T17:09:18.638581+00:00,DION_001,481810,-0.38239104078520336,SIMULATED,NORMAL
2026-06-17T17:09:18.648898+00:00,DION_001,481811,-0.5297276384133776,SIMULATED,NORMAL
2026-06-17T17:09:18.659398+00:00,DION_001,481812,-0.07579595346025397,SIMULATED,NORMAL
2026-06-17T17:09:18.669818+00:00,DION_001,481813,-0.6284669306785496,SIMULATED,NORMAL
2026-06-17T17:09:18.680315+00:00,DION_001,481814,-0.19494017392003776,SIMULATED,NORMAL
2026-06-17T17:09:18.690859+00:00,DION_001,481815,-0.5518882386635855,SIMULATED,NORMAL
2026-06-17T17:09:18.701467+00:00,DION_001,481816,-0.5951342140632868,SIMULATED,NORMAL
2026-06-17T17:09:18.712036+00:00,DION_001,481817,-0.5582046887234192,SIMULATED,NORMAL
2026-06-17T17:09:18.722712+00:00,DION_001,481818,-0.5957755381413752,SIMULATED,NORMAL
2026-06-17T17:09:18.733362+00:00,DION_001,481819,-0.5799790121208832,SIMULATED,NORMAL
2026-06-17T17:09:18.744002+00:00,DION_001,481820,-0.49698679294249276,SIMULATED,NORMAL
2026-06-17T17:09:18.754649+00:00,DION_001,481821,-0.6172088598309882,SIMULATED,NORMAL
2026-06-17T17:09:18.765136+00:00,DION_001,481822,-0.6831318386154371,SIMULATED,NORMAL
2026-06-17T17:09:18.775715+00:00,DION_001,481823,-0.7939130601910553,SIMULATED,NORMAL
2026-06-17T17:09:18.786303+00:00,DION_001,481824,-0.9466653490503121,SIMULATED,NORMAL
2026-06-17T17:09:18.796941+00:00,DION_001,481825,-0.9143797725516637,SIMULATED,NORMAL
2026-06-17T17:09:18.807546+00:00,DION_001,481826,-0.9770355794681659,SIMULATED,NORMAL
2026-06-17T17:09:18.818172+00:00,DION_001,481827,-0.9034162250919169,SIMULATED,NORMAL
2026-06-17T17:09:18.828755+00:00,DION_001,481828,-0.8581971692117263,SIMULATED,NORMAL
2026-06-17T17:09:18.839443+00:00,DION_001,481829,-1.0513720436090144,SIMULATED,NORMAL
2026-06-17T17:09:18.850035+00:00,DION_001,481830,-1.033043323515634,SIMULATED,NORMAL
2026-06-17T17:09:18.860672+00:00,DION_001,481831,-1.0724203731909137,SIMULATED,NORMAL
2026-06-17T17:09:18.871273+00:00,DION_001,481832,-1.04926677429951,SIMULATED,NORMAL
2026-06-17T17:09:18.881957+00:00,DION_001,481833,-0.9312286833628003,SIMULATED,NORMAL
2026-06-17T17:09:18.892670+00:00,DION_001,481834,-1.252204001436268,SIMULATED,NORMAL
2026-06-17T17:09:18.903497+00:00,DION_001,481835,-1.3564478394120096,SIMULATED,NORMAL
2026-06-17T17:09:18.914072+00:00,DION_001,481836,-0.9324806362684175,SIMULATED,NORMAL
2026-06-17T17:09:18.924805+00:00,DION_001,481837,-0.7799251195027981,SIMULATED,NORMAL
2026-06-17T17:09:18.935382+00:00,DION_001,481838,-1.2122721908542644,SIMULATED,NORMAL
2026-06-17T17:09:18.945967+00:00,DION_001,481839,-0.9898891884330339,SIMULATED,NORMAL
2026-06-17T17:09:18.956456+00:00,DION_001,481840,-1.0466625354322403,SIMULATED,NORMAL
2026-06-17T17:09:18.967193+00:00,DION_001,481841,-1.203587139010989,SIMULATED,NORMAL
2026-06-17T17:09:18.977844+00:00,DION_001,481842,-1.0402844332875096,SIMULATED,NORMAL
2026-06-17T17:09:18.988491+00:00,DION_001,481843,-1.1776434921769134,SIMULATED,NORMAL
2026-06-17T17:09:18.999170+00:00,DION_001,481844,-1.014405768558869,SIMULATED,NORMAL
2026-06-17T17:09:19.009710+00:00,DION_001,481845,-1.2135173687134264,SIMULATED,NORMAL
2026-06-17T17:09:19.020270+00:00,DION_001,481846,-1.0413315365274838,SIMULATED,NORMAL
2026-06-17T17:09:19.030653+00:00,DION_001,481847,-1.2231857719947952,SIMULATED,NORMAL
2026-06-17T17:09:19.040981+00:00,DION_001,481848,-1.208337814199267,SIMULATED,NORMAL
2026-06-17T17:09:19.051285+00:00,DION_001,481849,-1.2877161406565567,SIMULATED,NORMAL
2026-06-17T17:09:19.061725+00:00,DION_001,481850,-0.7694114889393331,SIMULATED,NORMAL
2026-06-17T17:09:19.072193+00:00,DION_001,481851,1.3386916294573197,SIMULATED,NORMAL
2026-06-17T17:09:19.082606+00:00,DION_001,481852,-0.886429023701984,SIMULATED,NORMAL
2026-06-17T17:09:19.092984+00:00,DION_001,481853,-0.8722092937190521,SIMULATED,NORMAL
2026-06-17T17:09:19.103559+00:00,DION_001,481854,-1.1412972843984732,SIMULATED,NORMAL
2026-06-17T17:09:19.114136+00:00,DION_001,481855,-1.040863769241956,SIMULATED,NORMAL
2026-06-17T17:09:19.124883+00:00,DION_001,481856,-0.9591683583685592,SIMULATED,NORMAL
2026-06-17T17:09:19.135548+00:00,DION_001,481857,-0.9644582478935572,SIMULATED,NORMAL
2026-06-17T17:09:19.146021+00:00,DION_001,481858,-0.9209947683202914,SIMULATED,NORMAL
2026-06-17T17:09:19.156502+00:00,DION_001,481859,-0.6526421783772522,SIMULATED,NORMAL
2026-06-17T17:09:19.167088+00:00,DION_001,481860,-0.7446541909188255,SIMULATED,NORMAL
2026-06-17T17:09:19.177629+00:00,DION_001,481861,-0.8325915696668588,SIMULATED,NORMAL
2026-06-17T17:09:19.188042+00:00,DION_001,481862,-0.7128051898024711,SIMULATED,NORMAL
2026-06-17T17:09:19.198434+00:00,DION_001,481863,-0.606362556426626,SIMULATED,NORMAL
2026-06-17T17:09:19.208776+00:00,DION_001,481864,-0.3443866223803764,SIMULATED,NORMAL
2026-06-17T17:09:19.219320+00:00,DION_001,481865,-0.766696715010457,SIMULATED,NORMAL
2026-06-17T17:09:19.229743+00:00,DION_001,481866,-0.6441025400324925,SIMULATED,NORMAL
2026-06-17T17:09:19.240239+00:00,DION_001,481867,-0.6375437823151723,SIMULATED,NORMAL
2026-06-17T17:09:19.250785+00:00,DION_001,481868,-0.5603240123726636,SIMULATED,NORMAL
2026-06-17T17:09:19.261361+00:00,DION_001,481869,-0.4592004367089638,SIMULATED,NORMAL
2026-06-17T17:09:19.272000+00:00,DION_001,481870,-0.1453146156117323,SIMULATED,NORMAL
2026-06-17T17:09:19.282590+00:00,DION_001,481871,-0.4333512409158664,SIMULATED,NORMAL
2026-06-17T17:09:19.293123+00:00,DION_001,481872,-0.44693251314293336,SIMULATED,NORMAL
2026-06-17T17:09:19.303788+00:00,DION_001,481873,-0.40058227921686473,SIMULATED,NORMAL
2026-06-17T17:09:19.314382+00:00,DION_001,481874,-0.30423338960839946,SIMULATED,NORMAL
2026-06-17T17:09:19.324933+00:00,DION_001,481875,-0.32193838374556344,SIMULATED,NORMAL
2026-06-17T17:09:19.335714+00:00,DION_001,481876,-0.45890814445372674,SIMULATED,NORMAL
2026-06-17T17:09:19.346231+00:00,DION_001,481877,-0.3954383555105554,SIMULATED,NORMAL
2026-06-17T17:09:19.356774+00:00,DION_001,481878,-0.07498595461609747,SIMULATED,NORMAL
2026-06-17T17:09:19.367361+00:00,DION_001,481879,-0.06137700570877927,SIMULATED,NORMAL
2026-06-17T17:09:19.377924+00:00,DION_001,481880,-0.5542686998755506,SIMULATED,NORMAL
2026-06-17T17:09:19.388497+00:00,DION_001,481881,-0.3450051994135235,SIMULATED,NORMAL
2026-06-17T17:09:19.399148+00:00,DION_001,481882,-0.46555040194247255,SIMULATED,NORMAL
2026-06-17T17:09:19.409805+00:00,DION_001,481883,-0.14197245265960626,SIMULATED,NORMAL
2026-06-17T17:09:19.420518+00:00,DION_001,481884,-0.17840943744485577,SIMULATED,NORMAL
2026-06-17T17:09:19.431224+00:00,DION_001,481885,-0.3344892101518647,SIMULATED,NORMAL
2026-06-17T17:09:19.441802+00:00,DION_001,481886,-0.3727832829369778,SIMULATED,NORMAL
2026-06-17T17:09:19.452520+00:00,DION_001,481887,-0.20979754469138356,SIMULATED,NORMAL
2026-06-17T17:09:19.463239+00:00,DION_001,481888,-0.3602302002066504,SIMULATED,NORMAL
2026-06-17T17:09:19.473750+00:00,DION_001,481889,-0.5406336738399591,SIMULATED,NORMAL
2026-06-17T17:09:19.484224+00:00,DION_001,481890,-0.37014780105306555,SIMULATED,NORMAL
2026-06-17T17:09:19.494682+00:00,DION_001,481891,-0.3806510356712097,SIMULATED,NORMAL
2026-06-17T17:09:19.505073+00:00,DION_001,481892,-0.6515407448359529,SIMULATED,NORMAL
2026-06-17T17:09:19.515452+00:00,DION_001,481893,-0.45361181524274646,SIMULATED,NORMAL
2026-06-17T17:09:19.525984+00:00,DION_001,481894,-0.6462959793800269,SIMULATED,NORMAL
2026-06-17T17:09:19.536496+00:00,DION_001,481895,-0.3386077774304141,SIMULATED,NORMAL
2026-06-17T17:09:19.547067+00:00,DION_001,481896,-0.8201608986163023,SIMULATED,NORMAL
2026-06-17T17:09:19.557653+00:00,DION_001,481897,-0.5218176865241276,SIMULATED,NORMAL
2026-06-17T17:09:19.568340+00:00,DION_001,481898,2.0796365379915023,SIMULATED,EVENT_DETECTED
2026-06-17T17:09:19.579428+00:00,DION_001,481899,-0.4364427094573687,SIMULATED,NORMAL
2026-06-17T17:09:19.590058+00:00,DION_001,481900,-0.4805701647873548,SIMULATED,NORMAL
2026-06-17T17:09:19.600619+00:00,DION_001,481901,-0.7602172255846051,SIMULATED,NORMAL
2026-06-17T17:09:19.611243+00:00,DION_001,481902,-0.7245502951854115,SIMULATED,NORMAL
2026-06-17T17:09:19.622010+00:00,DION_001,481903,-0.5592452275643834,SIMULATED,NORMAL
2026-06-17T17:09:19.632631+00:00,DION_001,481904,-0.6217316757319891,SIMULATED,NORMAL
2026-06-17T17:09:19.643319+00:00,DION_001,481905,-0.8731944731150911,SIMULATED,NORMAL
2026-06-17T17:09:19.654096+00:00,DION_001,481906,-0.6824257991144232,SIMULATED,NORMAL
2026-06-17T17:09:19.664810+00:00,DION_001,481907,-0.47252872194962314,SIMULATED,NORMAL
2026-06-17T17:09:19.675411+00:00,DION_001,481908,-0.4640449880603934,SIMULATED,NORMAL
2026-06-17T17:09:19.685962+00:00,DION_001,481909,-3.3827535652677687,SIMULATED,EVENT_DETECTED
2026-06-17T17:09:19.696767+00:00,DION_001,481910,-0.5809256293918031,SIMULATED,NORMAL
2026-06-17T17:09:19.707374+00:00,DION_001,481911,-0.7542844785589665,SIMULATED,NORMAL
2026-06-17T17:09:19.717958+00:00,DION_001,481912,-0.6934197056756297,SIMULATED,NORMAL
2026-06-17T17:09:19.728508+00:00,DION_001,481913,-0.5462293295646076,SIMULATED,NORMAL
2026-06-17T17:09:19.739290+00:00,DION_001,481914,-0.4275008769495176,SIMULATED,NORMAL
2026-06-17T17:09:19.749892+00:00,DION_001,481915,-0.6964887535132314,SIMULATED,NORMAL
2026-06-17T17:09:19.760629+00:00,DION_001,481916,-0.36971310219296666,SIMULATED,NORMAL
2026-06-17T17:09:19.771160+00:00,DION_001,481917,-0.8333115977171045,SIMULATED,NORMAL
2026-06-17T17:09:19.781790+00:00,DION_001,481918,-0.7174866261592175,SIMULATED,NORMAL
2026-06-17T17:09:19.792252+00:00,DION_001,481919,-0.67978368645694,SIMULATED,NORMAL
2026-06-17T17:09:19.802641+00:00,DION_001,481920,-0.8480146872193605,SIMULATED,NORMAL
2026-06-17T17:09:19.813188+00:00,DION_001,481921,-0.5681771914417472,SIMULATED,NORMAL
2026-06-17T17:09:19.823747+00:00,DION_001,481922,-0.5659926831411238,SIMULATED,NORMAL
2026-06-17T17:09:19.834269+00:00,DION_001,481923,-3.3953158866042785,SIMULATED,EVENT_DETECTED
2026-06-17T17:09:19.845125+00:00,DION_001,481924,-0.40602693957226466,SIMULATED,NORMAL
2026-06-17T17:09:19.855743+00:00,DION_001,481925,-0.6653440125237302,SIMULATED,NORMAL
2026-06-17T17:09:19.866379+00:00,DION_001,481926,-0.6890437609567462,SIMULATED,NORMAL
2026-06-17T17:09:19.876965+00:00,DION_001,481927,-0.5825113035093691,SIMULATED,NORMAL
2026-06-17T17:09:19.887470+00:00,DION_001,481928,-0.3677072427730465,SIMULATED,NORMAL
2026-06-17T17:09:19.898043+00:00,DION_001,481929,1.6719805940328536,SIMULATED,NORMAL
2026-06-17T17:09:19.908816+00:00,DION_001,481930,-0.39536149037714496,SIMULATED,NORMAL
2026-06-17T17:09:19.919436+00:00,DION_001,481931,-0.5435078382829142,SIMULATED,NORMAL
2026-06-17T17:09:19.930021+00:00,DION_001,481932,-0.31158315658936114,SIMULATED,NORMAL
2026-06-17T17:09:19.940642+00:00,DION_001,481933,-0.28689180148362625,SIMULATED,NORMAL
2026-06-17T17:09:19.951385+00:00,DION_001,481934,-0.1599938813613138,SIMULATED,NORMAL
2026-06-17T17:09:19.962081+00:00,DION_001,481935,-0.295511543246856,SIMULATED,NORMAL
2026-06-17T17:09:19.972747+00:00,DION_001,481936,-0.13429378135800862,SIMULATED,NORMAL
2026-06-17T17:09:19.983325+00:00,DION_001,481937,-0.355058075993959,SIMULATED,NORMAL
2026-06-17T17:09:19.993963+00:00,DION_001,481938,-0.0555280479367605,SIMULATED,NORMAL
2026-06-17T17:09:20.004691+00:00,DION_001,481939,-0.14684887862864798,SIMULATED,NORMAL
2026-06-17T17:09:20.015299+00:00,DION_001,481940,0.005188802063876383,SIMULATED,NORMAL
2026-06-17T17:09:20.025910+00:00,DION_001,481941,0.3687138664852967,SIMULATED,NORMAL
2026-06-17T17:09:20.036676+00:00,DION_001,481942,0.2133338949034724,SIMULATED,NORMAL
2026-06-17T17:09:20.047243+00:00,DION_001,481943,0.2606352190243739,SIMULATED,NORMAL
2026-06-17T17:09:20.057840+00:00,DION_001,481944,0.2271031848623043,SIMULATED,NORMAL
2026-06-17T17:09:20.068538+00:00,DION_001,481945,0.5289154769768352,SIMULATED,NORMAL
2026-06-17T17:09:20.079171+00:00,DION_001,481946,0.10811835270448478,SIMULATED,NORMAL
2026-06-17T17:09:20.089672+00:00,DION_001,481947,0.6244742924797505,SIMULATED,NORMAL
2026-06-17T17:09:20.100270+00:00,DION_001,481948,0.301750350156646,SIMULATED,NORMAL
2026-06-17T17:09:20.110791+00:00,DION_001,481949,0.41982570234919064,SIMULATED,NORMAL
2026-06-17T17:09:20.121310+00:00,DION_001,481950,0.3065993310909907,SIMULATED,NORMAL
2026-06-17T17:09:20.131820+00:00,DION_001,481951,0.6212892588765808,SIMULATED,NORMAL
2026-06-17T17:09:20.142340+00:00,DION_001,481952,0.986780853378646,SIMULATED,NORMAL
2026-06-17T17:09:20.152838+00:00,DION_001,481953,0.5896969727134455,SIMULATED,NORMAL
2026-06-17T17:09:20.163220+00:00,DION_001,481954,0.5865883615530213,SIMULATED,NORMAL
2026-06-17T17:09:20.173582+00:00,DION_001,481955,0.3848107154520414,SIMULATED,NORMAL
2026-06-17T17:09:20.184063+00:00,DION_001,481956,0.5909183575980973,SIMULATED,NORMAL
2026-06-17T17:09:20.194377+00:00,DION_001,481957,0.6869075012173828,SIMULATED,NORMAL
2026-06-17T17:09:20.204898+00:00,DION_001,481958,0.5392140001424175,SIMULATED,NORMAL
2026-06-17T17:09:20.215441+00:00,DION_001,481959,0.6149244043251366,SIMULATED,NORMAL
2026-06-17T17:09:20.226097+00:00,DION_001,481960,0.6829572005387795,SIMULATED,NORMAL
2026-06-17T17:09:20.236781+00:00,DION_001,481961,0.7010755740001544,SIMULATED,NORMAL
2026-06-17T17:09:20.247336+00:00,DION_001,481962,0.595816883660887,SIMULATED,NORMAL
2026-06-17T17:09:20.257946+00:00,DION_001,481963,0.7661829042675059,SIMULATED,NORMAL
2026-06-17T17:09:20.268639+00:00,DION_001,481964,0.9905882749629531,SIMULATED,NORMAL
2026-06-17T17:09:20.279093+00:00,DION_001,481965,0.7251828525744157,SIMULATED,NORMAL
2026-06-17T17:09:20.289699+00:00,DION_001,481966,0.9292870270037954,SIMULATED,NORMAL
2026-06-17T17:09:20.300271+00:00,DION_001,481967,0.7647088545208867,SIMULATED,NORMAL
2026-06-17T17:09:20.311025+00:00,DION_001,481968,0.8173776675276077,SIMULATED,NORMAL
2026-06-17T17:09:20.321641+00:00,DION_001,481969,0.8231520290908659,SIMULATED,NORMAL
2026-06-17T17:09:20.332373+00:00,DION_001,481970,0.5943401775496246,SIMULATED,NORMAL
2026-06-17T17:09:20.343112+00:00,DION_001,481971,0.537481854732105,SIMULATED,NORMAL
2026-06-17T17:09:20.353820+00:00,DION_001,481972,0.9576374651625017,SIMULATED,NORMAL
2026-06-17T17:09:20.364469+00:00,DION_001,481973,0.8145158017167873,SIMULATED,NORMAL
2026-06-17T17:09:20.375108+00:00,DION_001,481974,0.42214340755026436,SIMULATED,NORMAL
2026-06-17T17:09:20.385724+00:00,DION_001,481975,0.7683303707145921,SIMULATED,NORMAL
2026-06-17T17:09:20.396388+00:00,DION_001,481976,0.5582365864766045,SIMULATED,NORMAL
2026-06-17T17:09:20.407200+00:00,DION_001,481977,0.2974563325020735,SIMULATED,NORMAL
2026-06-17T17:09:20.417827+00:00,DION_001,481978,0.44514457435565175,SIMULATED,NORMAL
2026-06-17T17:09:20.428434+00:00,DION_001,481979,0.2074512822915619,SIMULATED,NORMAL
2026-06-17T17:09:20.439643+00:00,DION_001,481980,0.38880449985142446,SIMULATED,NORMAL
2026-06-17T17:09:20.450456+00:00,DION_001,481981,0.6416484252974451,SIMULATED,NORMAL
2026-06-17T17:09:20.461131+00:00,DION_001,481982,0.29422771051937685,SIMULATED,NORMAL
2026-06-17T17:09:20.471738+00:00,DION_001,481983,0.32369542035277293,SIMULATED,NORMAL
2026-06-17T17:09:20.482258+00:00,DION_001,481984,0.3811670898564399,SIMULATED,NORMAL
2026-06-17T17:09:20.492874+00:00,DION_001,481985,0.48527725425752155,SIMULATED,NORMAL
2026-06-17T17:09:20.503531+00:00,DION_001,481986,0.338743965000991,SIMULATED,NORMAL
2026-06-17T17:09:20.514052+00:00,DION_001,481987,0.11940643910868692,SIMULATED,NORMAL
2026-06-17T17:09:20.524688+00:00,DION_001,481988,0.2768589301127494,SIMULATED,NORMAL
2026-06-17T17:09:20.535191+00:00,DION_001,481989,0.4116761598210872,SIMULATED,NORMAL
2026-06-17T17:09:20.545631+00:00,DION_001,481990,0.5236113351086158,SIMULATED,NORMAL
2026-06-17T17:09:20.556221+00:00,DION_001,481991,-0.06857657639895465,SIMULATED,NORMAL
2026-06-17T17:09:20.566800+00:00,DION_001,481992,0.3678798378234724,SIMULATED,NORMAL
2026-06-17T17:09:20.577526+00:00,DION_001,481993,0.0065949610878010545,SIMULATED,NORMAL
2026-06-17T17:09:20.588194+00:00,DION_001,481994,0.24563049509789614,SIMULATED,NORMAL
2026-06-17T17:09:20.598906+00:00,DION_001,481995,0.32024837792285327,SIMULATED,NORMAL
2026-06-17T17:09:20.609653+00:00,DION_001,481996,0.3576752862402534,SIMULATED,NORMAL
2026-06-17T17:09:20.620206+00:00,DION_001,481997,0.4246561419997642,SIMULATED,NORMAL
2026-06-17T17:09:20.630726+00:00,DION_001,481998,0.16856243286773065,SIMULATED,NORMAL
2026-06-17T17:09:20.641325+00:00,DION_001,481999,0.2066072971540357,SIMULATED,NORMAL
2026-06-17T17:09:20.652026+00:00,DION_001,482000,0.2596921705635773,SIMULATED,NORMAL
2026-06-17T17:09:20.662688+00:00,DION_001,482001,0.344072886468338,SIMULATED,NORMAL
2026-06-17T17:09:20.673219+00:00,DION_001,482002,0.4197160208601482,SIMULATED,NORMAL
2026-06-17T17:09:20.683694+00:00,DION_001,482003,0.08693998022277383,SIMULATED,NORMAL
2026-06-17T17:09:20.694007+00:00,DION_001,482004,0.5780435868922097,SIMULATED,NORMAL
2026-06-17T17:09:20.704454+00:00,DION_001,482005,0.3683881509795039,SIMULATED,NORMAL
2026-06-17T17:09:20.715049+00:00,DION_001,482006,0.28254712201553245,SIMULATED,NORMAL
2026-06-17T17:09:20.725629+00:00,DION_001,482007,0.3297174913735105,SIMULATED,NORMAL
2026-06-17T17:09:20.736302+00:00,DION_001,482008,0.6176114331330866,SIMULATED,NORMAL
2026-06-17T17:09:20.747051+00:00,DION_001,482009,0.38909736898253333,SIMULATED,NORMAL
2026-06-17T17:09:20.757928+00:00,DION_001,482010,0.7557823928446982,SIMULATED,NORMAL
2026-06-17T17:09:20.768634+00:00,DION_001,482011,0.6572491751089609,SIMULATED,NORMAL
2026-06-17T17:09:20.779243+00:00,DION_001,482012,0.30365323795579185,SIMULATED,NORMAL
2026-06-17T17:09:20.789966+00:00,DION_001,482013,0.9498891331304049,SIMULATED,NORMAL
2026-06-17T17:09:20.800642+00:00,DION_001,482014,0.6749794219527198,SIMULATED,NORMAL
2026-06-17T17:09:20.811225+00:00,DION_001,482015,0.842623976892844,SIMULATED,NORMAL
2026-06-17T17:09:20.821856+00:00,DION_001,482016,0.8905869932975181,SIMULATED,NORMAL
2026-06-17T17:09:20.832446+00:00,DION_001,482017,0.6830789716607787,SIMULATED,NORMAL
2026-06-17T17:09:20.843137+00:00,DION_001,482018,0.5898225810751794,SIMULATED,NORMAL
2026-06-17T17:09:20.853761+00:00,DION_001,482019,0.6665927610251517,SIMULATED,NORMAL
2026-06-17T17:09:20.864449+00:00,DION_001,482020,0.8224566551123182,SIMULATED,NORMAL
2026-06-17T17:09:20.875127+00:00,DION_001,482021,0.8205765570112041,SIMULATED,NORMAL
2026-06-17T17:09:20.885527+00:00,DION_001,482022,1.162422726804299,SIMULATED,NORMAL
2026-06-17T17:09:20.895971+00:00,DION_001,482023,0.8676444411664455,SIMULATED,NORMAL
2026-06-17T17:09:20.906426+00:00,DION_001,482024,0.8499931037489584,SIMULATED,NORMAL
2026-06-17T17:09:20.916840+00:00,DION_001,482025,0.9505356129994165,SIMULATED,NORMAL
2026-06-17T17:09:20.927609+00:00,DION_001,482026,1.1300008215235118,SIMULATED,NORMAL
2026-06-17T17:09:20.938288+00:00,DION_001,482027,0.9002434595368256,SIMULATED,NORMAL
2026-06-17T17:09:20.948898+00:00,DION_001,482028,1.2582803167348713,SIMULATED,NORMAL
2026-06-17T17:09:20.959460+00:00,DION_001,482029,1.1509046197797197,SIMULATED,NORMAL
2026-06-17T17:09:20.970162+00:00,DION_001,482030,1.3676579599234926,SIMULATED,NORMAL
2026-06-17T17:09:20.980739+00:00,DION_001,482031,1.097849647560575,SIMULATED,NORMAL
2026-06-17T17:09:20.991510+00:00,DION_001,482032,-1.5901980512881437,SIMULATED,NORMAL
2026-06-17T17:09:21.002653+00:00,DION_001,482033,0.9651596418512631,SIMULATED,NORMAL
2026-06-17T17:09:21.013218+00:00,DION_001,482034,1.4164857016814776,SIMULATED,NORMAL
2026-06-17T17:09:21.023791+00:00,DION_001,482035,0.7813481544167639,SIMULATED,NORMAL
2026-06-17T17:09:21.034375+00:00,DION_001,482036,1.33768519323134,SIMULATED,NORMAL
2026-06-17T17:09:21.044929+00:00,DION_001,482037,1.32655887508592,SIMULATED,NORMAL
2026-06-17T17:09:21.055582+00:00,DION_001,482038,1.2013807769652805,SIMULATED,NORMAL
2026-06-17T17:09:21.066210+00:00,DION_001,482039,1.1357900380690138,SIMULATED,NORMAL
2026-06-17T17:09:21.076854+00:00,DION_001,482040,1.1790549818991294,SIMULATED,NORMAL
2026-06-17T17:09:21.087546+00:00,DION_001,482041,1.2621458321965047,SIMULATED,NORMAL
2026-06-17T17:09:21.098142+00:00,DION_001,482042,1.2111589967392133,SIMULATED,NORMAL
2026-06-17T17:09:21.108690+00:00,DION_001,482043,1.1221066336369077,SIMULATED,NORMAL
2026-06-17T17:09:21.119281+00:00,DION_001,482044,1.4395660672857282,SIMULATED,NORMAL
2026-06-17T17:09:21.129892+00:00,DION_001,482045,1.1279479866878508,SIMULATED,NORMAL
2026-06-17T17:09:21.140546+00:00,DION_001,482046,1.0158517076193379,SIMULATED,NORMAL
2026-06-17T17:09:21.151390+00:00,DION_001,482047,1.240023830014913,SIMULATED,NORMAL
2026-06-17T17:09:21.162010+00:00,DION_001,482048,0.9885345971668772,SIMULATED,NORMAL
2026-06-17T17:09:21.172644+00:00,DION_001,482049,0.7054531427485713,SIMULATED,NORMAL
2026-06-17T17:09:21.183233+00:00,DION_001,482050,1.2657860157157568,SIMULATED,NORMAL
2026-06-17T17:09:21.193725+00:00,DION_001,482051,1.0283753719389548,SIMULATED,NORMAL
2026-06-17T17:09:21.204336+00:00,DION_001,482052,0.7449775990893082,SIMULATED,NORMAL
2026-06-17T17:09:21.215180+00:00,DION_001,482053,0.7579161454298742,SIMULATED,NORMAL
2026-06-17T17:09:21.225626+00:00,DION_001,482054,1.050266391110477,SIMULATED,NORMAL
2026-06-17T17:09:21.236185+00:00,DION_001,482055,0.7584672484380569,SIMULATED,NORMAL
2026-06-17T17:09:21.246657+00:00,DION_001,482056,0.8009549171919877,SIMULATED,NORMAL
2026-06-17T17:09:21.257079+00:00,DION_001,482057,0.8295296672079644,SIMULATED,NORMAL
2026-06-17T17:09:21.267454+00:00,DION_001,482058,0.6375930987073589,SIMULATED,NORMAL
2026-06-17T17:09:21.277797+00:00,DION_001,482059,0.5700705342660635,SIMULATED,NORMAL
2026-06-17T17:09:21.288224+00:00,DION_001,482060,0.6220080124512395,SIMULATED,NORMAL
2026-06-17T17:09:21.298681+00:00,DION_001,482061,0.48672686048754843,SIMULATED,NORMAL
2026-06-17T17:09:21.309207+00:00,DION_001,482062,0.35144688175802213,SIMULATED,NORMAL
2026-06-17T17:09:21.319763+00:00,DION_001,482063,0.4864669721907257,SIMULATED,NORMAL
2026-06-17T17:09:21.330243+00:00,DION_001,482064,0.4238709168577269,SIMULATED,NORMAL
2026-06-17T17:09:21.340851+00:00,DION_001,482065,0.3485002002089039,SIMULATED,NORMAL
2026-06-17T17:09:21.351558+00:00,DION_001,482066,0.2927431228084108,SIMULATED,NORMAL
2026-06-17T17:09:21.362051+00:00,DION_001,482067,0.2139769320559881,SIMULATED,NORMAL
2026-06-17T17:09:21.372860+00:00,DION_001,482068,0.22243216711386876,SIMULATED,NORMAL
2026-06-17T17:09:21.383414+00:00,DION_001,482069,0.37691119044414706,SIMULATED,NORMAL
2026-06-17T17:09:21.394337+00:00,DION_001,482070,0.4343120445057603,SIMULATED,NORMAL
2026-06-17T17:09:21.404897+00:00,DION_001,482071,0.3681559704771658,SIMULATED,NORMAL
2026-06-17T17:09:21.415335+00:00,DION_001,482072,0.2654045444472789,SIMULATED,NORMAL
2026-06-17T17:09:21.425640+00:00,DION_001,482073,0.35920798079740957,SIMULATED,NORMAL
2026-06-17T17:09:21.435900+00:00,DION_001,482074,0.24419292747365087,SIMULATED,NORMAL
2026-06-17T17:09:21.446144+00:00,DION_001,482075,0.527889273509763,SIMULATED,NORMAL
2026-06-17T17:09:21.456486+00:00,DION_001,482076,0.13060634121386885,SIMULATED,NORMAL
2026-06-17T17:09:21.466927+00:00,DION_001,482077,0.03747460561220042,SIMULATED,NORMAL
2026-06-17T17:09:21.477227+00:00,DION_001,482078,2.041247553302677,SIMULATED,EVENT_DETECTED
2026-06-17T17:09:21.487670+00:00,DION_001,482079,0.3178660439065108,SIMULATED,NORMAL
2026-06-17T17:09:21.497906+00:00,DION_001,482080,0.333081635950339,SIMULATED,NORMAL
2026-06-17T17:09:21.508121+00:00,DION_001,482081,0.08802959288943166,SIMULATED,NORMAL
2026-06-17T17:09:21.518364+00:00,DION_001,482082,0.45781461568239734,SIMULATED,NORMAL
2026-06-17T17:09:21.528670+00:00,DION_001,482083,0.0543763589005343,SIMULATED,NORMAL
2026-06-17T17:09:21.539030+00:00,DION_001,482084,0.26890094521007113,SIMULATED,NORMAL
2026-06-17T17:09:21.549312+00:00,DION_001,482085,0.28163962054923497,SIMULATED,NORMAL
2026-06-17T17:09:21.559858+00:00,DION_001,482086,0.4121874161243694,SIMULATED,NORMAL
2026-06-17T17:09:21.570253+00:00,DION_001,482087,0.1678234590043732,SIMULATED,NORMAL
2026-06-17T17:09:21.580708+00:00,DION_001,482088,0.1662383005693579,SIMULATED,NORMAL
2026-06-17T17:09:21.591373+00:00,DION_001,482089,0.22729010684750683,SIMULATED,NORMAL
2026-06-17T17:09:21.601846+00:00,DION_001,482090,0.39462502896886587,SIMULATED,NORMAL
2026-06-17T17:09:21.612444+00:00,DION_001,482091,0.14521917541336796,SIMULATED,NORMAL
2026-06-17T17:09:21.623136+00:00,DION_001,482092,-1.1726588138726446,SIMULATED,NORMAL
2026-06-17T17:09:21.633773+00:00,DION_001,482093,0.3571521377101498,SIMULATED,NORMAL
2026-06-17T17:09:21.644073+00:00,DION_001,482094,0.25553625471050295,SIMULATED,NORMAL
2026-06-17T17:09:21.654346+00:00,DION_001,482095,0.40628941252029105,SIMULATED,NORMAL
2026-06-17T17:09:21.664598+00:00,DION_001,482096,0.03876373056985466,SIMULATED,NORMAL
2026-06-17T17:09:21.674839+00:00,DION_001,482097,0.3021251123116438,SIMULATED,NORMAL
2026-06-17T17:09:21.685065+00:00,DION_001,482098,0.5960875714046154,SIMULATED,NORMAL
2026-06-17T17:09:21.695311+00:00,DION_001,482099,0.5213029480213589,SIMULATED,NORMAL
2026-06-17T17:09:21.705533+00:00,DION_001,482100,0.3824487557722891,SIMULATED,NORMAL
2026-06-17T17:09:21.715720+00:00,DION_001,482101,0.4067813656319978,SIMULATED,NORMAL
2026-06-17T17:09:21.725938+00:00,DION_001,482102,0.30345027417725573,SIMULATED,NORMAL
2026-06-17T17:09:21.736161+00:00,DION_001,482103,0.9470757754270187,SIMULATED,NORMAL
2026-06-17T17:09:21.746422+00:00,DION_001,482104,0.28627156439240264,SIMULATED,NORMAL
2026-06-17T17:09:21.756689+00:00,DION_001,482105,0.6033865095412511,SIMULATED,NORMAL
2026-06-17T17:09:21.767044+00:00,DION_001,482106,0.42139578932334887,SIMULATED,NORMAL
2026-06-17T17:09:21.777329+00:00,DION_001,482107,0.5569304385692712,SIMULATED,NORMAL
2026-06-17T17:09:21.787683+00:00,DION_001,482108,0.5157671636646908,SIMULATED,NORMAL
2026-06-17T17:09:21.798186+00:00,DION_001,482109,0.7865710241247625,SIMULATED,NORMAL
2026-06-17T17:09:21.808757+00:00,DION_001,482110,0.7732737384299266,SIMULATED,NORMAL
2026-06-17T17:09:21.819316+00:00,DION_001,482111,0.39885391883342314,SIMULATED,NORMAL
2026-06-17T17:09:21.829855+00:00,DION_001,482112,0.504970663582909,SIMULATED,NORMAL
2026-06-17T17:09:21.840438+00:00,DION_001,482113,0.7020075566414231,SIMULATED,NORMAL
2026-06-17T17:09:21.851439+00:00,DION_001,482114,0.5870746876364018,SIMULATED,NORMAL
2026-06-17T17:09:21.861921+00:00,DION_001,482115,0.5034856515955375,SIMULATED,NORMAL
2026-06-17T17:09:21.872382+00:00,DION_001,482116,0.5202482662133483,SIMULATED,NORMAL
2026-06-17T17:09:21.883145+00:00,DION_001,482117,0.6448432365246815,SIMULATED,NORMAL
2026-06-17T17:09:21.893747+00:00,DION_001,482118,0.5146443359010466,SIMULATED,NORMAL
2026-06-17T17:09:21.904525+00:00,DION_001,482119,0.6410030688098132,SIMULATED,NORMAL
2026-06-17T17:09:21.915277+00:00,DION_001,482120,0.7815425805704772,SIMULATED,NORMAL
2026-06-17T17:09:21.925876+00:00,DION_001,482121,0.3676400381539353,SIMULATED,NORMAL
2026-06-17T17:09:21.936465+00:00,DION_001,482122,0.5445323221091144,SIMULATED,NORMAL
2026-06-17T17:09:21.947239+00:00,DION_001,482123,0.40502819105632937,SIMULATED,NORMAL
2026-06-17T17:09:21.957861+00:00,DION_001,482124,0.4643786654248193,SIMULATED,NORMAL
2026-06-17T17:09:21.968493+00:00,DION_001,482125,0.4800598033247486,SIMULATED,NORMAL
2026-06-17T17:09:21.979219+00:00,DION_001,482126,0.13512118050545943,SIMULATED,NORMAL
2026-06-17T17:09:21.989963+00:00,DION_001,482127,0.3219547466503508,SIMULATED,NORMAL
2026-06-17T17:09:22.000646+00:00,DION_001,482128,0.28906257817490993,SIMULATED,NORMAL
2026-06-17T17:09:22.011344+00:00,DION_001,482129,0.16138093292387945,SIMULATED,NORMAL
2026-06-17T17:09:22.021944+00:00,DION_001,482130,-0.024908142291503704,SIMULATED,NORMAL
2026-06-17T17:09:22.032539+00:00,DION_001,482131,0.12231057281425668,SIMULATED,NORMAL
2026-06-17T17:09:22.043463+00:00,DION_001,482132,0.020245507543721245,SIMULATED,NORMAL
2026-06-17T17:09:22.054423+00:00,DION_001,482133,0.00961582126302268,SIMULATED,NORMAL
2026-06-17T17:09:22.065036+00:00,DION_001,482134,-0.04366311090687548,SIMULATED,NORMAL
2026-06-17T17:09:22.075748+00:00,DION_001,482135,0.0010576862752261496,SIMULATED,NORMAL
2026-06-17T17:09:22.086527+00:00,DION_001,482136,0.11901037657123704,SIMULATED,NORMAL
2026-06-17T17:09:22.097041+00:00,DION_001,482137,0.006941250785370695,SIMULATED,NORMAL
2026-06-17T17:09:22.107758+00:00,DION_001,482138,-0.3670720857038394,SIMULATED,NORMAL
2026-06-17T17:09:22.118377+00:00,DION_001,482139,-0.1504872073299618,SIMULATED,NORMAL
2026-06-17T17:09:22.128902+00:00,DION_001,482140,-0.2698971013016692,SIMULATED,NORMAL
2026-06-17T17:09:22.139474+00:00,DION_001,482141,-0.24791502933908804,SIMULATED,NORMAL
2026-06-17T17:09:22.150103+00:00,DION_001,482142,-0.4714264843709002,SIMULATED,NORMAL
2026-06-17T17:09:22.160875+00:00,DION_001,482143,-0.25070611260164355,SIMULATED,NORMAL
2026-06-17T17:09:22.171507+00:00,DION_001,482144,-0.6661123209083973,SIMULATED,NORMAL
2026-06-17T17:09:22.182099+00:00,DION_001,482145,-0.5997029987980687,SIMULATED,NORMAL
2026-06-17T17:09:22.192699+00:00,DION_001,482146,-0.9414919184429615,SIMULATED,NORMAL
2026-06-17T17:09:22.203280+00:00,DION_001,482147,-0.6838623394362536,SIMULATED,NORMAL
2026-06-17T17:09:22.213874+00:00,DION_001,482148,-0.4983185266665363,SIMULATED,NORMAL
2026-06-17T17:09:22.224512+00:00,DION_001,482149,-0.5210966996445264,SIMULATED,NORMAL
2026-06-17T17:09:22.235246+00:00,DION_001,482150,-0.41886619249999624,SIMULATED,NORMAL
2026-06-17T17:09:22.245736+00:00,DION_001,482151,-0.5239809663860397,SIMULATED,NORMAL
2026-06-17T17:09:22.256323+00:00,DION_001,482152,-0.8015773025566864,SIMULATED,NORMAL
2026-06-17T17:09:22.267028+00:00,DION_001,482153,-0.9305723621938583,SIMULATED,NORMAL
2026-06-17T17:09:22.277773+00:00,DION_001,482154,-0.7452314027129316,SIMULATED,NORMAL
2026-06-17T17:09:22.288431+00:00,DION_001,482155,-0.7229306028093251,SIMULATED,NORMAL
2026-06-17T17:09:22.299022+00:00,DION_001,482156,-0.5633513826381629,SIMULATED,NORMAL
2026-06-17T17:09:22.309618+00:00,DION_001,482157,-0.8866871285817706,SIMULATED,NORMAL
2026-06-17T17:09:22.320075+00:00,DION_001,482158,-0.8675165082301266,SIMULATED,NORMAL
2026-06-17T17:09:22.330574+00:00,DION_001,482159,-0.5867145854277678,SIMULATED,NORMAL
2026-06-17T17:09:22.340964+00:00,DION_001,482160,-0.6165067466636993,SIMULATED,NORMAL
2026-06-17T17:09:22.351432+00:00,DION_001,482161,-0.7308268600581221,SIMULATED,NORMAL
2026-06-17T17:09:22.361906+00:00,DION_001,482162,-0.9283305429369707,SIMULATED,NORMAL
2026-06-17T17:09:22.372208+00:00,DION_001,482163,-0.7650906181854544,SIMULATED,NORMAL
2026-06-17T17:09:22.382645+00:00,DION_001,482164,-0.6905857221744204,SIMULATED,NORMAL
2026-06-17T17:09:22.392922+00:00,DION_001,482165,-0.7514305178278445,SIMULATED,NORMAL
2026-06-17T17:09:22.403384+00:00,DION_001,482166,-0.8248687938525119,SIMULATED,NORMAL
2026-06-17T17:09:22.413834+00:00,DION_001,482167,-0.5561519244548807,SIMULATED,NORMAL
2026-06-17T17:09:22.424400+00:00,DION_001,482168,-0.7321734599247129,SIMULATED,NORMAL
2026-06-17T17:09:22.435119+00:00,DION_001,482169,-0.5866927857979118,SIMULATED,NORMAL
2026-06-17T17:09:22.445597+00:00,DION_001,482170,-0.5210161166019287,SIMULATED,NORMAL
2026-06-17T17:09:22.456208+00:00,DION_001,482171,-0.7040605395821138,SIMULATED,NORMAL
2026-06-17T17:09:22.466791+00:00,DION_001,482172,-0.7764970240018132,SIMULATED,NORMAL
2026-06-17T17:09:22.477611+00:00,DION_001,482173,-0.507994815671731,SIMULATED,NORMAL
2026-06-17T17:09:22.488818+00:00,DION_001,482174,-0.5360050128992023,SIMULATED,NORMAL
2026-06-17T17:09:22.499602+00:00,DION_001,482175,-0.6083945621566255,SIMULATED,NORMAL
2026-06-17T17:09:22.510192+00:00,DION_001,482176,-0.5735866897380071,SIMULATED,NORMAL
2026-06-17T17:09:22.520697+00:00,DION_001,482177,-0.5212736418790022,SIMULATED,NORMAL
2026-06-17T17:09:22.531099+00:00,DION_001,482178,-0.5953037466098905,SIMULATED,NORMAL
2026-06-17T17:09:22.541816+00:00,DION_001,482179,-0.24198411105322848,SIMULATED,NORMAL
2026-06-17T17:09:22.552430+00:00,DION_001,482180,-0.5123248449932643,SIMULATED,NORMAL
2026-06-17T17:09:22.563200+00:00,DION_001,482181,-0.6435329524312379,SIMULATED,NORMAL
2026-06-17T17:09:22.573740+00:00,DION_001,482182,-0.5817130520588379,SIMULATED,NORMAL
2026-06-17T17:09:22.584217+00:00,DION_001,482183,-0.3408956781818501,SIMULATED,NORMAL
2026-06-17T17:09:22.594669+00:00,DION_001,482184,-0.4226706266575538,SIMULATED,NORMAL
2026-06-17T17:09:22.605006+00:00,DION_001,482185,-0.3787891100307362,SIMULATED,NORMAL
2026-06-17T17:09:22.615394+00:00,DION_001,482186,-0.40738796622695994,SIMULATED,NORMAL
2026-06-17T17:09:22.626020+00:00,DION_001,482187,-0.37967642033974575,SIMULATED,NORMAL
2026-06-17T17:09:22.636538+00:00,DION_001,482188,-0.5204731934524758,SIMULATED,NORMAL
2026-06-17T17:09:22.647209+00:00,DION_001,482189,-0.4440938711652098,SIMULATED,NORMAL
2026-06-17T17:09:22.657885+00:00,DION_001,482190,-0.3915856055189468,SIMULATED,NORMAL
2026-06-17T17:09:22.668490+00:00,DION_001,482191,-0.3698933835058187,SIMULATED,NORMAL
2026-06-17T17:09:22.679184+00:00,DION_001,482192,-0.20219020008196437,SIMULATED,NORMAL
2026-06-17T17:09:22.689821+00:00,DION_001,482193,-0.10562956579497337,SIMULATED,NORMAL
2026-06-17T17:09:22.700417+00:00,DION_001,482194,-0.4510580123008273,SIMULATED,NORMAL
2026-06-17T17:09:22.711110+00:00,DION_001,482195,-0.4217415683941017,SIMULATED,NORMAL
2026-06-17T17:09:22.721791+00:00,DION_001,482196,-0.19311721850748634,SIMULATED,NORMAL
2026-06-17T17:09:22.732387+00:00,DION_001,482197,-0.22601549772838408,SIMULATED,NORMAL
2026-06-17T17:09:22.743123+00:00,DION_001,482198,-0.41410742005412415,SIMULATED,NORMAL
2026-06-17T17:09:22.753740+00:00,DION_001,482199,-0.6521268225842792,SIMULATED,NORMAL
2026-06-17T17:09:22.764796+00:00,DION_001,482200,-0.4761922317685542,SIMULATED,NORMAL
2026-06-17T17:09:22.775390+00:00,DION_001,482201,-0.3692447201947451,SIMULATED,NORMAL
2026-06-17T17:09:22.786036+00:00,DION_001,482202,-0.6435423027970936,SIMULATED,NORMAL
2026-06-17T17:09:22.796647+00:00,DION_001,482203,-0.7167308481710293,SIMULATED,NORMAL
2026-06-17T17:09:22.807270+00:00,DION_001,482204,-0.6859352224040357,SIMULATED,NORMAL
2026-06-17T17:09:22.817871+00:00,DION_001,482205,-0.3786150864306268,SIMULATED,NORMAL
2026-06-17T17:09:22.828422+00:00,DION_001,482206,-0.6625478406590658,SIMULATED,NORMAL
2026-06-17T17:09:22.839037+00:00,DION_001,482207,-0.4028232821661444,SIMULATED,NORMAL
2026-06-17T17:09:22.849526+00:00,DION_001,482208,-0.5794283201541548,SIMULATED,NORMAL
2026-06-17T17:09:22.859972+00:00,DION_001,482209,-0.7641880159886482,SIMULATED,NORMAL
2026-06-17T17:09:22.870413+00:00,DION_001,482210,-0.6378142312545281,SIMULATED,NORMAL
2026-06-17T17:09:22.881081+00:00,DION_001,482211,-0.6412055546371709,SIMULATED,NORMAL
2026-06-17T17:09:22.891635+00:00,DION_001,482212,2.252904140051054,SIMULATED,EVENT_DETECTED
2026-06-17T17:09:22.902662+00:00,DION_001,482213,-0.8644179102697378,SIMULATED,NORMAL
2026-06-17T17:09:22.913217+00:00,DION_001,482214,-0.8937031781412208,SIMULATED,NORMAL
2026-06-17T17:09:22.923822+00:00,DION_001,482215,-0.7274895796728745,SIMULATED,NORMAL
2026-06-17T17:09:22.934392+00:00,DION_001,482216,-1.0281100046627427,SIMULATED,NORMAL
2026-06-17T17:09:22.945024+00:00,DION_001,482217,-0.9274791490298023,SIMULATED,NORMAL
2026-06-17T17:09:22.955663+00:00,DION_001,482218,-0.8279785118689008,SIMULATED,NORMAL
2026-06-17T17:09:22.966256+00:00,DION_001,482219,-1.0218088009169672,SIMULATED,NORMAL
2026-06-17T17:09:22.976851+00:00,DION_001,482220,-0.9007105899228366,SIMULATED,NORMAL
2026-06-17T17:09:22.987432+00:00,DION_001,482221,-0.922055045149122,SIMULATED,NORMAL
2026-06-17T17:09:22.998030+00:00,DION_001,482222,-1.0492872771129278,SIMULATED,NORMAL
2026-06-17T17:09:23.008678+00:00,DION_001,482223,-0.7175214426473787,SIMULATED,NORMAL
2026-06-17T17:09:23.019260+00:00,DION_001,482224,-0.9733254064499426,SIMULATED,NORMAL
2026-06-17T17:09:23.029866+00:00,DION_001,482225,-0.683807415459574,SIMULATED,NORMAL
2026-06-17T17:09:23.040461+00:00,DION_001,482226,-1.2852515228140775,SIMULATED,NORMAL
2026-06-17T17:09:23.051288+00:00,DION_001,482227,-1.1972969109517457,SIMULATED,NORMAL
2026-06-17T17:09:23.061762+00:00,DION_001,482228,-1.328914096653382,SIMULATED,NORMAL
2026-06-17T17:09:23.072280+00:00,DION_001,482229,-0.9834984702364173,SIMULATED,NORMAL
2026-06-17T17:09:23.082790+00:00,DION_001,482230,-1.0686982466403676,SIMULATED,NORMAL
2026-06-17T17:09:23.093224+00:00,DION_001,482231,-0.9789336738431484,SIMULATED,NORMAL
2026-06-17T17:09:23.103799+00:00,DION_001,482232,-1.0684841745597278,SIMULATED,NORMAL
2026-06-17T17:09:23.114379+00:00,DION_001,482233,-1.1521851576173432,SIMULATED,NORMAL
2026-06-17T17:09:23.124933+00:00,DION_001,482234,-1.5144183424757471,SIMULATED,NORMAL
2026-06-17T17:09:23.135683+00:00,DION_001,482235,-1.1983657452892535,SIMULATED,NORMAL
2026-06-17T17:09:23.146324+00:00,DION_001,482236,-1.325111663078141,SIMULATED,NORMAL
2026-06-17T17:09:23.156960+00:00,DION_001,482237,-1.2349718554357778,SIMULATED,NORMAL
2026-06-17T17:09:23.167638+00:00,DION_001,482238,-1.2302022638372172,SIMULATED,NORMAL
2026-06-17T17:09:23.178163+00:00,DION_001,482239,-1.2753081183521104,SIMULATED,NORMAL
2026-06-17T17:09:23.188775+00:00,DION_001,482240,-1.0902954709825199,SIMULATED,NORMAL
2026-06-17T17:09:23.199358+00:00,DION_001,482241,-0.6974032676990667,SIMULATED,NORMAL
2026-06-17T17:09:23.209920+00:00,DION_001,482242,-0.9125813168026123,SIMULATED,NORMAL
2026-06-17T17:09:23.220654+00:00,DION_001,482243,-1.094038746075757,SIMULATED,NORMAL
2026-06-17T17:09:23.231262+00:00,DION_001,482244,-1.0913478098211502,SIMULATED,NORMAL
2026-06-17T17:09:23.241867+00:00,DION_001,482245,-1.134757713300544,SIMULATED,NORMAL
2026-06-17T17:09:23.252661+00:00,DION_001,482246,-0.6948430970135049,SIMULATED,NORMAL
2026-06-17T17:09:23.263283+00:00,DION_001,482247,-0.6887764472648409,SIMULATED,NORMAL
2026-06-17T17:09:23.273871+00:00,DION_001,482248,-0.7994544735685389,SIMULATED,NORMAL
2026-06-17T17:09:23.284489+00:00,DION_001,482249,-0.7717038728996045,SIMULATED,NORMAL
2026-06-17T17:09:23.295159+00:00,DION_001,482250,-0.63206069510291,SIMULATED,NORMAL
2026-06-17T17:09:23.305810+00:00,DION_001,482251,-0.8567477047920196,SIMULATED,NORMAL
2026-06-17T17:09:23.316400+00:00,DION_001,482252,-0.6066308212101243,SIMULATED,NORMAL
2026-06-17T17:09:23.327291+00:00,DION_001,482253,-0.7511646734765668,SIMULATED,NORMAL
2026-06-17T17:09:23.337974+00:00,DION_001,482254,-0.7079263290280892,SIMULATED,NORMAL
2026-06-17T17:09:23.348631+00:00,DION_001,482255,-0.5317766201037478,SIMULATED,NORMAL
2026-06-17T17:09:23.359257+00:00,DION_001,482256,-0.7164944087958833,SIMULATED,NORMAL
2026-06-17T17:09:23.369873+00:00,DION_001,482257,-0.2466860052891307,SIMULATED,NORMAL
2026-06-17T17:09:23.380466+00:00,DION_001,482258,-0.4355287525338305,SIMULATED,NORMAL
2026-06-17T17:09:23.391158+00:00,DION_001,482259,-0.4441228521299194,SIMULATED,NORMAL
2026-06-17T17:09:23.401612+00:00,DION_001,482260,-0.3708362009311025,SIMULATED,NORMAL
2026-06-17T17:09:23.412131+00:00,DION_001,482261,-0.5750051104544329,SIMULATED,NORMAL
2026-06-17T17:09:23.422716+00:00,DION_001,482262,-0.3154009508073307,SIMULATED,NORMAL
2026-06-17T17:09:23.433026+00:00,DION_001,482263,-0.4707982481747188,SIMULATED,NORMAL
2026-06-17T17:09:23.443427+00:00,DION_001,482264,-0.3561909095652467,SIMULATED,NORMAL
2026-06-17T17:09:23.453997+00:00,DION_001,482265,-0.05166253724273781,SIMULATED,NORMAL
2026-06-17T17:09:23.464488+00:00,DION_001,482266,-0.35095382796364083,SIMULATED,NORMAL
2026-06-17T17:09:23.475021+00:00,DION_001,482267,-0.4825174710744273,SIMULATED,NORMAL
2026-06-17T17:09:23.485491+00:00,DION_001,482268,-0.06959944228730308,SIMULATED,NORMAL
2026-06-17T17:09:23.495913+00:00,DION_001,482269,-0.2872427796768973,SIMULATED,NORMAL
2026-06-17T17:09:23.506258+00:00,DION_001,482270,-0.4544721623046639,SIMULATED,NORMAL
2026-06-17T17:09:23.516713+00:00,DION_001,482271,-0.2073597248350929,SIMULATED,NORMAL
2026-06-17T17:09:23.527082+00:00,DION_001,482272,-0.09662665419142365,SIMULATED,NORMAL
2026-06-17T17:09:23.537779+00:00,DION_001,482273,-0.10334949890768311,SIMULATED,NORMAL
2026-06-17T17:09:23.548130+00:00,DION_001,482274,0.08018424970511967,SIMULATED,NORMAL
2026-06-17T17:09:23.558416+00:00,DION_001,482275,-0.11994519754386555,SIMULATED,NORMAL
2026-06-17T17:09:23.568704+00:00,DION_001,482276,0.005334665335536087,SIMULATED,NORMAL
2026-06-17T17:09:23.579165+00:00,DION_001,482277,-0.30836193873987766,SIMULATED,NORMAL
2026-06-17T17:09:23.589584+00:00,DION_001,482278,-0.44202404322360206,SIMULATED,NORMAL
2026-06-17T17:09:23.600081+00:00,DION_001,482279,-0.013078881712494689,SIMULATED,NORMAL
2026-06-17T17:09:23.610760+00:00,DION_001,482280,-0.3353945326110712,SIMULATED,NORMAL
2026-06-17T17:09:23.621353+00:00,DION_001,482281,-0.1889270473068123,SIMULATED,NORMAL
2026-06-17T17:09:23.631858+00:00,DION_001,482282,-0.23052210131967144,SIMULATED,NORMAL
2026-06-17T17:09:23.642414+00:00,DION_001,482283,-0.10464518913051304,SIMULATED,NORMAL
2026-06-17T17:09:23.652840+00:00,DION_001,482284,-0.33475311323932594,SIMULATED,NORMAL
2026-06-17T17:09:23.663224+00:00,DION_001,482285,-0.21809686294821506,SIMULATED,NORMAL
2026-06-17T17:09:23.673681+00:00,DION_001,482286,-1.965032836899184,SIMULATED,NORMAL
2026-06-17T17:09:23.684345+00:00,DION_001,482287,-0.24032009135026633,SIMULATED,NORMAL
2026-06-17T17:09:23.694979+00:00,DION_001,482288,-0.4109830507499249,SIMULATED,NORMAL
2026-06-17T17:09:23.705695+00:00,DION_001,482289,-0.2815884934441035,SIMULATED,NORMAL
2026-06-17T17:09:23.716305+00:00,DION_001,482290,-0.3952800163368668,SIMULATED,NORMAL
2026-06-17T17:09:23.726933+00:00,DION_001,482291,-0.17414617081071138,SIMULATED,NORMAL
2026-06-17T17:09:23.737488+00:00,DION_001,482292,-0.40512800566301505,SIMULATED,NORMAL
2026-06-17T17:09:23.748061+00:00,DION_001,482293,0.07245388831819782,SIMULATED,NORMAL
2026-06-17T17:09:23.758591+00:00,DION_001,482294,-0.22138266777026933,SIMULATED,NORMAL
2026-06-17T17:09:23.769398+00:00,DION_001,482295,-0.47551879380102,SIMULATED,NORMAL
2026-06-17T17:09:23.779995+00:00,DION_001,482296,-0.5672230527724673,SIMULATED,NORMAL
2026-06-17T17:09:23.790668+00:00,DION_001,482297,-0.5584227368903765,SIMULATED,NORMAL
2026-06-17T17:09:23.801118+00:00,DION_001,482298,-0.4429227045351395,SIMULATED,NORMAL
2026-06-17T17:09:23.811661+00:00,DION_001,482299,-0.5819975836520919,SIMULATED,NORMAL
2026-06-17T17:09:23.822203+00:00,DION_001,482300,-0.3638750703813389,SIMULATED,NORMAL
2026-06-17T17:09:23.832785+00:00,DION_001,482301,-0.3631321793366892,SIMULATED,NORMAL
2026-06-17T17:09:23.843406+00:00,DION_001,482302,-0.4017188944674771,SIMULATED,NORMAL
2026-06-17T17:09:23.854132+00:00,DION_001,482303,-0.44005955746724207,SIMULATED,NORMAL
2026-06-17T17:09:23.864710+00:00,DION_001,482304,-0.4525853907520342,SIMULATED,NORMAL
2026-06-17T17:09:23.875196+00:00,DION_001,482305,-0.4127443150906533,SIMULATED,NORMAL
2026-06-17T17:09:23.885692+00:00,DION_001,482306,-0.4874826259025155,SIMULATED,NORMAL
2026-06-17T17:09:23.896144+00:00,DION_001,482307,-0.6666231525255353,SIMULATED,NORMAL
2026-06-17T17:09:23.906516+00:00,DION_001,482308,-0.314944334118541,SIMULATED,NORMAL
2026-06-17T17:09:23.916948+00:00,DION_001,482309,-0.48127728633802236,SIMULATED,NORMAL
2026-06-17T17:09:23.927480+00:00,DION_001,482310,-0.5282983618448308,SIMULATED,NORMAL
2026-06-17T17:09:23.938407+00:00,DION_001,482311,-0.2933368730678595,SIMULATED,NORMAL
2026-06-17T17:09:23.948963+00:00,DION_001,482312,-0.3355741788390295,SIMULATED,NORMAL
2026-06-17T17:09:23.959459+00:00,DION_001,482313,-0.47300602753729476,SIMULATED,NORMAL
2026-06-17T17:09:23.970142+00:00,DION_001,482314,-0.32925782312494434,SIMULATED,NORMAL
2026-06-17T17:09:23.980750+00:00,DION_001,482315,-0.6405905183152604,SIMULATED,NORMAL
2026-06-17T17:09:23.991347+00:00,DION_001,482316,-0.28386269664506103,SIMULATED,NORMAL
2026-06-17T17:09:24.001950+00:00,DION_001,482317,-0.02853028973187771,SIMULATED,NORMAL
2026-06-17T17:09:24.012684+00:00,DION_001,482318,-0.44679950950729536,SIMULATED,NORMAL
2026-06-17T17:09:24.023264+00:00,DION_001,482319,-0.2786774357770055,SIMULATED,NORMAL
2026-06-17T17:09:24.033907+00:00,DION_001,482320,-0.22885856720253228,SIMULATED,NORMAL
2026-06-17T17:09:24.044421+00:00,DION_001,482321,-0.42564560671325247,SIMULATED,NORMAL
2026-06-17T17:09:24.055099+00:00,DION_001,482322,-0.12200895218349947,SIMULATED,NORMAL
2026-06-17T17:09:24.065639+00:00,DION_001,482323,-0.2059361952565946,SIMULATED,NORMAL
2026-06-17T17:09:24.076130+00:00,DION_001,482324,-0.042127826535519136,SIMULATED,NORMAL
2026-06-17T17:09:24.086640+00:00,DION_001,482325,-0.10218387500163123,SIMULATED,NORMAL
2026-06-17T17:09:24.097127+00:00,DION_001,482326,-0.15405897098919974,SIMULATED,NORMAL
2026-06-17T17:09:24.107605+00:00,DION_001,482327,-0.3944853121303094,SIMULATED,NORMAL
2026-06-17T17:09:24.118291+00:00,DION_001,482328,-0.06933114814545285,SIMULATED,NORMAL
2026-06-17T17:09:24.128739+00:00,DION_001,482329,0.00948741191273178,SIMULATED,NORMAL
2026-06-17T17:09:24.139331+00:00,DION_001,482330,0.1367280100317333,SIMULATED,NORMAL
2026-06-17T17:09:24.149927+00:00,DION_001,482331,0.15329388196119875,SIMULATED,NORMAL
2026-06-17T17:09:24.160792+00:00,DION_001,482332,0.5109984387621287,SIMULATED,NORMAL
2026-06-17T17:09:24.171426+00:00,DION_001,482333,0.08629345123044962,SIMULATED,NORMAL
2026-06-17T17:09:24.182008+00:00,DION_001,482334,0.42472126183780323,SIMULATED,NORMAL
2026-06-17T17:09:24.192498+00:00,DION_001,482335,0.08455061713994874,SIMULATED,NORMAL
2026-06-17T17:09:24.203081+00:00,DION_001,482336,0.22359510693868348,SIMULATED,NORMAL
2026-06-17T17:09:24.213624+00:00,DION_001,482337,0.3647535698875924,SIMULATED,NORMAL
2026-06-17T17:09:24.224167+00:00,DION_001,482338,0.48120794727437566,SIMULATED,NORMAL
2026-06-17T17:09:24.234748+00:00,DION_001,482339,0.6281552766519356,SIMULATED,NORMAL
2026-06-17T17:09:24.245487+00:00,DION_001,482340,0.7374381138335917,SIMULATED,NORMAL
2026-06-17T17:09:24.256223+00:00,DION_001,482341,0.48588288954042985,SIMULATED,NORMAL
2026-06-17T17:09:24.266768+00:00,DION_001,482342,0.7176760234246263,SIMULATED,NORMAL
2026-06-17T17:09:24.277371+00:00,DION_001,482343,0.8233068876029674,SIMULATED,NORMAL
2026-06-17T17:09:24.287925+00:00,DION_001,482344,0.7152714835627337,SIMULATED,NORMAL
2026-06-17T17:09:24.298447+00:00,DION_001,482345,0.7501688034590667,SIMULATED,NORMAL
2026-06-17T17:09:24.308853+00:00,DION_001,482346,0.5444462706313634,SIMULATED,NORMAL
2026-06-17T17:09:24.319310+00:00,DION_001,482347,0.4668222310991056,SIMULATED,NORMAL
2026-06-17T17:09:24.329876+00:00,DION_001,482348,0.5841628710345387,SIMULATED,NORMAL
2026-06-17T17:09:24.340544+00:00,DION_001,482349,0.8993838555907299,SIMULATED,NORMAL
2026-06-17T17:09:24.351304+00:00,DION_001,482350,0.7152455665834972,SIMULATED,NORMAL
2026-06-17T17:09:24.361864+00:00,DION_001,482351,0.95633155693273,SIMULATED,NORMAL
2026-06-17T17:09:24.372457+00:00,DION_001,482352,0.7995625298741622,SIMULATED,NORMAL
2026-06-17T17:09:24.383128+00:00,DION_001,482353,2.940965992184566,SIMULATED,EVENT_DETECTED
2026-06-17T17:09:24.394081+00:00,DION_001,482354,0.7927568209946312,SIMULATED,NORMAL
2026-06-17T17:09:24.404832+00:00,DION_001,482355,0.7125360665919951,SIMULATED,NORMAL
2026-06-17T17:09:24.415424+00:00,DION_001,482356,0.8760423413648238,SIMULATED,NORMAL
2026-06-17T17:09:24.426012+00:00,DION_001,482357,0.9498718971339158,SIMULATED,NORMAL
2026-06-17T17:09:24.436704+00:00,DION_001,482358,0.5210565308936425,SIMULATED,NORMAL
2026-06-17T17:09:24.447320+00:00,DION_001,482359,0.992194488100119,SIMULATED,NORMAL
2026-06-17T17:09:24.457905+00:00,DION_001,482360,0.7140806590363916,SIMULATED,NORMAL
2026-06-17T17:09:24.468635+00:00,DION_001,482361,0.6986574351183652,SIMULATED,NORMAL
2026-06-17T17:09:24.479170+00:00,DION_001,482362,0.7763156712803034,SIMULATED,NORMAL
2026-06-17T17:09:24.489911+00:00,DION_001,482363,0.7032753953840114,SIMULATED,NORMAL
2026-06-17T17:09:24.500429+00:00,DION_001,482364,1.0591348962512694,SIMULATED,NORMAL
2026-06-17T17:09:24.510956+00:00,DION_001,482365,0.7262287536971438,SIMULATED,NORMAL
2026-06-17T17:09:24.521515+00:00,DION_001,482366,0.7420873765110422,SIMULATED,NORMAL
2026-06-17T17:09:24.531942+00:00,DION_001,482367,0.9334046494144497,SIMULATED,NORMAL
2026-06-17T17:09:24.542407+00:00,DION_001,482368,0.611041483819004,SIMULATED,NORMAL
2026-06-17T17:09:24.552864+00:00,DION_001,482369,0.5937627764212564,SIMULATED,NORMAL
2026-06-17T17:09:24.563466+00:00,DION_001,482370,0.5669171722809374,SIMULATED,NORMAL
2026-06-17T17:09:24.573881+00:00,DION_001,482371,0.6033104494166999,SIMULATED,NORMAL
2026-06-17T17:09:24.584141+00:00,DION_001,482372,0.6700746402385566,SIMULATED,NORMAL
2026-06-17T17:09:24.594380+00:00,DION_001,482373,0.8074437338482268,SIMULATED,NORMAL
2026-06-17T17:09:24.604907+00:00,DION_001,482374,0.4982290005158341,SIMULATED,NORMAL
2026-06-17T17:09:24.615416+00:00,DION_001,482375,0.5686180188299884,SIMULATED,NORMAL
2026-06-17T17:09:24.625955+00:00,DION_001,482376,0.35327916735391485,SIMULATED,NORMAL
2026-06-17T17:09:24.636714+00:00,DION_001,482377,0.5376349959194565,SIMULATED,NORMAL
2026-06-17T17:09:24.647267+00:00,DION_001,482378,0.5699639106148745,SIMULATED,NORMAL
2026-06-17T17:09:24.657869+00:00,DION_001,482379,0.34984710241098393,SIMULATED,NORMAL
2026-06-17T17:09:24.668715+00:00,DION_001,482380,0.4447004026594003,SIMULATED,NORMAL
2026-06-17T17:09:24.679394+00:00,DION_001,482381,0.4337455791446315,SIMULATED,NORMAL
2026-06-17T17:09:24.689985+00:00,DION_001,482382,0.3754700469598104,SIMULATED,NORMAL
2026-06-17T17:09:24.700479+00:00,DION_001,482383,0.3032399640750627,SIMULATED,NORMAL
2026-06-17T17:09:24.711244+00:00,DION_001,482384,0.3981014558127204,SIMULATED,NORMAL
2026-06-17T17:09:24.721852+00:00,DION_001,482385,0.3498425196235876,SIMULATED,NORMAL
2026-06-17T17:09:24.732462+00:00,DION_001,482386,0.36948554493297253,SIMULATED,NORMAL
2026-06-17T17:09:24.743226+00:00,DION_001,482387,0.19983773244225453,SIMULATED,NORMAL
2026-06-17T17:09:24.753950+00:00,DION_001,482388,0.45400601838808036,SIMULATED,NORMAL
2026-06-17T17:09:24.764686+00:00,DION_001,482389,0.4154453448239306,SIMULATED,NORMAL
2026-06-17T17:09:24.775304+00:00,DION_001,482390,0.5510701681170164,SIMULATED,NORMAL
2026-06-17T17:09:24.785928+00:00,DION_001,482391,0.4801822871485056,SIMULATED,NORMAL
2026-06-17T17:09:24.796507+00:00,DION_001,482392,0.3244384353666742,SIMULATED,NORMAL
2026-06-17T17:09:24.807255+00:00,DION_001,482393,0.3322427608170725,SIMULATED,NORMAL
2026-06-17T17:09:24.817855+00:00,DION_001,482394,0.5855797080155131,SIMULATED,NORMAL
2026-06-17T17:09:24.828369+00:00,DION_001,482395,0.48322721058890156,SIMULATED,NORMAL
2026-06-17T17:09:24.839219+00:00,DION_001,482396,2.4555106589122335,SIMULATED,EVENT_DETECTED
2026-06-17T17:09:24.849934+00:00,DION_001,482397,0.40565458521843756,SIMULATED,NORMAL
2026-06-17T17:09:24.860738+00:00,DION_001,482398,0.5631149847811705,SIMULATED,NORMAL
2026-06-17T17:09:24.871844+00:00,DION_001,482399,0.2811903529726276,SIMULATED,NORMAL
2026-06-17T17:09:24.882290+00:00,DION_001,482400,0.5922827486220384,SIMULATED,NORMAL
2026-06-17T17:09:24.892775+00:00,DION_001,482401,0.37322727496082025,SIMULATED,NORMAL
2026-06-17T17:09:24.903266+00:00,DION_001,482402,0.5489837087537413,SIMULATED,NORMAL
2026-06-17T17:09:24.913843+00:00,DION_001,482403,0.5240348770280705,SIMULATED,NORMAL
2026-06-17T17:09:24.924436+00:00,DION_001,482404,0.6186392517501315,SIMULATED,NORMAL
2026-06-17T17:09:24.935201+00:00,DION_001,482405,0.5683739611248494,SIMULATED,NORMAL
2026-06-17T17:09:24.945767+00:00,DION_001,482406,0.7030863401308712,SIMULATED,NORMAL
2026-06-17T17:09:24.956232+00:00,DION_001,482407,0.43940376830394073,SIMULATED,NORMAL
2026-06-17T17:09:24.966848+00:00,DION_001,482408,0.734183286556962,SIMULATED,NORMAL
2026-06-17T17:09:24.977578+00:00,DION_001,482409,0.5840044509818982,SIMULATED,NORMAL
2026-06-17T17:09:24.988252+00:00,DION_001,482410,0.5127830699752052,SIMULATED,NORMAL
2026-06-17T17:09:24.998770+00:00,DION_001,482411,0.8332948907262481,SIMULATED,NORMAL
2026-06-17T17:09:25.009307+00:00,DION_001,482412,0.7444259646834761,SIMULATED,NORMAL
2026-06-17T17:09:25.019773+00:00,DION_001,482413,0.8606485204509721,SIMULATED,NORMAL
2026-06-17T17:09:25.030124+00:00,DION_001,482414,0.8921190960669635,SIMULATED,NORMAL
2026-06-17T17:09:25.040401+00:00,DION_001,482415,0.8381424344636482,SIMULATED,NORMAL
2026-06-17T17:09:25.050669+00:00,DION_001,482416,1.0633274193358617,SIMULATED,NORMAL
2026-06-17T17:09:25.060918+00:00,DION_001,482417,1.1507349850075135,SIMULATED,NORMAL
2026-06-17T17:09:25.071162+00:00,DION_001,482418,0.9714597914077716,SIMULATED,NORMAL
2026-06-17T17:09:25.081428+00:00,DION_001,482419,1.096958693919899,SIMULATED,NORMAL
2026-06-17T17:09:25.091694+00:00,DION_001,482420,1.0574339822741696,SIMULATED,NORMAL
2026-06-17T17:09:25.101935+00:00,DION_001,482421,1.076975371888336,SIMULATED,NORMAL
2026-06-17T17:09:25.112154+00:00,DION_001,482422,1.2429461337664898,SIMULATED,NORMAL
2026-06-17T17:09:25.122393+00:00,DION_001,482423,1.1871098992539328,SIMULATED,NORMAL
2026-06-17T17:09:25.132601+00:00,DION_001,482424,1.2337857172749007,SIMULATED,NORMAL
2026-06-17T17:09:25.142861+00:00,DION_001,482425,1.311572905137171,SIMULATED,NORMAL
2026-06-17T17:09:25.153179+00:00,DION_001,482426,1.1493596898855032,SIMULATED,NORMAL
2026-06-17T17:09:25.163549+00:00,DION_001,482427,0.9183487579734264,SIMULATED,NORMAL
2026-06-17T17:09:25.173826+00:00,DION_001,482428,1.1363763649471457,SIMULATED,NORMAL
2026-06-17T17:09:25.184220+00:00,DION_001,482429,1.0659606570796631,SIMULATED,NORMAL
2026-06-17T17:09:25.194643+00:00,DION_001,482430,1.3344267202733704,SIMULATED,NORMAL
2026-06-17T17:09:25.205002+00:00,DION_001,482431,0.9488134615674862,SIMULATED,NORMAL
2026-06-17T17:09:25.215331+00:00,DION_001,482432,1.0761931869271146,SIMULATED,NORMAL
2026-06-17T17:09:25.225695+00:00,DION_001,482433,1.0624799406131342,SIMULATED,NORMAL
2026-06-17T17:09:25.235922+00:00,DION_001,482434,0.9043742817241611,SIMULATED,NORMAL
2026-06-17T17:09:25.246177+00:00,DION_001,482435,1.2225094082065084,SIMULATED,NORMAL
2026-06-17T17:09:25.256487+00:00,DION_001,482436,0.9556380610172913,SIMULATED,NORMAL
2026-06-17T17:09:25.266858+00:00,DION_001,482437,1.0247829887115172,SIMULATED,NORMAL
2026-06-17T17:09:25.277342+00:00,DION_001,482438,1.0643858606540708,SIMULATED,NORMAL
2026-06-17T17:09:25.287625+00:00,DION_001,482439,1.153484012891743,SIMULATED,NORMAL
2026-06-17T17:09:25.297964+00:00,DION_001,482440,0.8926884310737881,SIMULATED,NORMAL
2026-06-17T17:09:25.308345+00:00,DION_001,482441,1.0064574004865592,SIMULATED,NORMAL
2026-06-17T17:09:25.318707+00:00,DION_001,482442,0.9507469871729755,SIMULATED,NORMAL
2026-06-17T17:09:25.329143+00:00,DION_001,482443,0.9222851511016561,SIMULATED,NORMAL
2026-06-17T17:09:25.339426+00:00,DION_001,482444,0.8530774572346792,SIMULATED,NORMAL
2026-06-17T17:09:25.349685+00:00,DION_001,482445,0.8084894330174399,SIMULATED,NORMAL
2026-06-17T17:09:25.360085+00:00,DION_001,482446,0.8343222891034787,SIMULATED,NORMAL
2026-06-17T17:09:25.370337+00:00,DION_001,482447,0.8139806558657938,SIMULATED,NORMAL
2026-06-17T17:09:25.380663+00:00,DION_001,482448,0.7622886381741747,SIMULATED,NORMAL
2026-06-17T17:09:25.390974+00:00,DION_001,482449,0.5692926374376284,SIMULATED,NORMAL
2026-06-17T17:09:25.401234+00:00,DION_001,482450,0.5646304455354396,SIMULATED,NORMAL
2026-06-17T17:09:25.411528+00:00,DION_001,482451,0.5941472482369365,SIMULATED,NORMAL
2026-06-17T17:09:25.421749+00:00,DION_001,482452,0.7020433235148269,SIMULATED,NORMAL
2026-06-17T17:09:25.431986+00:00,DION_001,482453,0.4704998573981699,SIMULATED,NORMAL
2026-06-17T17:09:25.442447+00:00,DION_001,482454,0.6093877330969997,SIMULATED,NORMAL
2026-06-17T17:09:25.452698+00:00,DION_001,482455,0.4479739744279314,SIMULATED,NORMAL
2026-06-17T17:09:25.463035+00:00,DION_001,482456,0.4778937951380141,SIMULATED,NORMAL
2026-06-17T17:09:25.473365+00:00,DION_001,482457,0.3475934095446768,SIMULATED,NORMAL
2026-06-17T17:09:25.483613+00:00,DION_001,482458,0.6189451111201063,SIMULATED,NORMAL
2026-06-17T17:09:25.493844+00:00,DION_001,482459,0.3974645881491298,SIMULATED,NORMAL
2026-06-17T17:09:25.504085+00:00,DION_001,482460,0.2832294201160871,SIMULATED,NORMAL
2026-06-17T17:09:25.514344+00:00,DION_001,482461,0.13964746365298186,SIMULATED,NORMAL
2026-06-17T17:09:25.524584+00:00,DION_001,482462,0.2992950021670469,SIMULATED,NORMAL
2026-06-17T17:09:25.534823+00:00,DION_001,482463,0.20543998099421493,SIMULATED,NORMAL
2026-06-17T17:09:25.545096+00:00,DION_001,482464,0.03737023756713545,SIMULATED,NORMAL
2026-06-17T17:09:25.555352+00:00,DION_001,482465,0.01905142255703912,SIMULATED,NORMAL
2026-06-17T17:09:25.565597+00:00,DION_001,482466,0.015286396557542936,SIMULATED,NORMAL
2026-06-17T17:09:25.575824+00:00,DION_001,482467,-0.03627895665048969,SIMULATED,NORMAL
2026-06-17T17:09:25.586095+00:00,DION_001,482468,0.33181717601916993,SIMULATED,NORMAL
2026-06-17T17:09:25.596374+00:00,DION_001,482469,0.3535264106836745,SIMULATED,NORMAL
2026-06-17T17:09:25.606698+00:00,DION_001,482470,0.04865258444447931,SIMULATED,NORMAL
2026-06-17T17:09:25.617149+00:00,DION_001,482471,-0.08792959105275736,SIMULATED,NORMAL
2026-06-17T17:09:25.627524+00:00,DION_001,482472,0.3034582911827237,SIMULATED,NORMAL
2026-06-17T17:09:25.637916+00:00,DION_001,482473,0.3698180325902079,SIMULATED,NORMAL
2026-06-17T17:09:25.648335+00:00,DION_001,482474,0.3180447097769143,SIMULATED,NORMAL
2026-06-17T17:09:25.658706+00:00,DION_001,482475,-0.09682024883278086,SIMULATED,NORMAL
2026-06-17T17:09:25.669051+00:00,DION_001,482476,0.006524739449755131,SIMULATED,NORMAL
2026-06-17T17:09:25.679344+00:00,DION_001,482477,0.024402127498006805,SIMULATED,NORMAL
2026-06-17T17:09:25.689684+00:00,DION_001,482478,2.429607581565325,SIMULATED,EVENT_DETECTED
2026-06-17T17:09:25.700258+00:00,DION_001,482479,-0.09312040497020234,SIMULATED,NORMAL
2026-06-17T17:09:25.710711+00:00,DION_001,482480,-0.056658021316140866,SIMULATED,NORMAL
2026-06-17T17:09:25.720982+00:00,DION_001,482481,-0.0007195049166868334,SIMULATED,NORMAL
2026-06-17T17:09:25.731295+00:00,DION_001,482482,0.1848946764377882,SIMULATED,NORMAL
2026-06-17T17:09:25.741637+00:00,DION_001,482483,0.12244626839035935,SIMULATED,NORMAL
2026-06-17T17:09:25.752031+00:00,DION_001,482484,0.1299928802802976,SIMULATED,NORMAL
2026-06-17T17:09:25.762344+00:00,DION_001,482485,0.20507632666049347,SIMULATED,NORMAL
2026-06-17T17:09:25.772662+00:00,DION_001,482486,0.5015578341066089,SIMULATED,NORMAL
2026-06-17T17:09:25.782924+00:00,DION_001,482487,0.12192238955701944,SIMULATED,NORMAL
2026-06-17T17:09:25.793215+00:00,DION_001,482488,0.3406279438747407,SIMULATED,NORMAL
2026-06-17T17:09:25.803503+00:00,DION_001,482489,0.33959257048439795,SIMULATED,NORMAL
2026-06-17T17:09:25.813815+00:00,DION_001,482490,0.10259207577903753,SIMULATED,NORMAL
2026-06-17T17:09:25.824118+00:00,DION_001,482491,0.2027504857157432,SIMULATED,NORMAL
2026-06-17T17:09:25.834433+00:00,DION_001,482492,0.1635668232255651,SIMULATED,NORMAL
2026-06-17T17:09:25.844708+00:00,DION_001,482493,0.19534196086883804,SIMULATED,NORMAL
2026-06-17T17:09:25.855020+00:00,DION_001,482494,-0.0028290699333518854,SIMULATED,NORMAL
2026-06-17T17:09:25.865324+00:00,DION_001,482495,0.23445591536129717,SIMULATED,NORMAL
2026-06-17T17:09:25.875648+00:00,DION_001,482496,0.18546964885679645,SIMULATED,NORMAL
2026-06-17T17:09:25.885984+00:00,DION_001,482497,0.5145029256039904,SIMULATED,NORMAL
2026-06-17T17:09:25.896296+00:00,DION_001,482498,0.5510748356850841,SIMULATED,NORMAL
2026-06-17T17:09:25.906587+00:00,DION_001,482499,0.5440180714780948,SIMULATED,NORMAL
2026-06-17T17:09:25.916901+00:00,DION_001,482500,0.4849603959175359,SIMULATED,NORMAL
2026-06-17T17:09:25.927187+00:00,DION_001,482501,0.28223722729477935,SIMULATED,NORMAL
2026-06-17T17:09:25.937600+00:00,DION_001,482502,0.3888348291899623,SIMULATED,NORMAL
2026-06-17T17:09:25.947907+00:00,DION_001,482503,0.6251629035285289,SIMULATED,NORMAL
2026-06-17T17:09:25.958296+00:00,DION_001,482504,0.5507430832461154,SIMULATED,NORMAL
2026-06-17T17:09:25.968682+00:00,DION_001,482505,0.6885123514834759,SIMULATED,NORMAL
2026-06-17T17:09:25.979044+00:00,DION_001,482506,0.4255709806510852,SIMULATED,NORMAL
2026-06-17T17:09:25.989440+00:00,DION_001,482507,0.48406247222629917,SIMULATED,NORMAL
2026-06-17T17:09:25.999855+00:00,DION_001,482508,0.5398382495855687,SIMULATED,NORMAL
2026-06-17T17:09:26.010224+00:00,DION_001,482509,0.6697646457141742,SIMULATED,NORMAL
2026-06-17T17:09:26.020543+00:00,DION_001,482510,0.43795253884586666,SIMULATED,NORMAL
2026-06-17T17:09:26.030930+00:00,DION_001,482511,0.26402898550832155,SIMULATED,NORMAL
2026-06-17T17:09:26.041247+00:00,DION_001,482512,0.44688442043803533,SIMULATED,NORMAL
2026-06-17T17:09:26.051549+00:00,DION_001,482513,0.46494420319344765,SIMULATED,NORMAL
2026-06-17T17:09:26.062046+00:00,DION_001,482514,0.3383835840558029,SIMULATED,NORMAL
2026-06-17T17:09:26.072359+00:00,DION_001,482515,0.06806145000305863,SIMULATED,NORMAL
2026-06-17T17:09:26.082712+00:00,DION_001,482516,-0.008900467611778928,SIMULATED,NORMAL
2026-06-17T17:09:26.093125+00:00,DION_001,482517,0.11534622353358287,SIMULATED,NORMAL
2026-06-17T17:09:26.103449+00:00,DION_001,482518,0.13710489865512177,SIMULATED,NORMAL
2026-06-17T17:09:26.113768+00:00,DION_001,482519,0.05611770418313872,SIMULATED,NORMAL
2026-06-17T17:09:26.124167+00:00,DION_001,482520,0.08946382712601138,SIMULATED,NORMAL
2026-06-17T17:09:26.134438+00:00,DION_001,482521,0.07077067021370968,SIMULATED,NORMAL
2026-06-17T17:09:26.144665+00:00,DION_001,482522,0.4178188903112678,SIMULATED,NORMAL
2026-06-17T17:09:26.154900+00:00,DION_001,482523,0.15398177991830908,SIMULATED,NORMAL
2026-06-17T17:09:26.165185+00:00,DION_001,482524,0.34032931466481736,SIMULATED,NORMAL
2026-06-17T17:09:26.175401+00:00,DION_001,482525,-0.24052121220202072,SIMULATED,NORMAL
2026-06-17T17:09:26.185691+00:00,DION_001,482526,-0.17891157651335943,SIMULATED,NORMAL
2026-06-17T17:09:26.196002+00:00,DION_001,482527,-0.12806290517326085,SIMULATED,NORMAL
2026-06-17T17:09:26.206263+00:00,DION_001,482528,-0.21674248951095954,SIMULATED,NORMAL
2026-06-17T17:09:26.216635+00:00,DION_001,482529,-0.4290347161223861,SIMULATED,NORMAL
2026-06-17T17:09:26.227079+00:00,DION_001,482530,-0.16355300022799138,SIMULATED,NORMAL
2026-06-17T17:09:26.237297+00:00,DION_001,482531,-0.46340863769560864,SIMULATED,NORMAL
2026-06-17T17:09:26.247621+00:00,DION_001,482532,-0.22389504146163894,SIMULATED,NORMAL
2026-06-17T17:09:26.257845+00:00,DION_001,482533,-0.2791711835512212,SIMULATED,NORMAL
2026-06-17T17:09:26.268204+00:00,DION_001,482534,-0.44030952434262405,SIMULATED,NORMAL
2026-06-17T17:09:26.278552+00:00,DION_001,482535,-0.49883650296095755,SIMULATED,NORMAL
2026-06-17T17:09:26.288767+00:00,DION_001,482536,-0.479669725734801,SIMULATED,NORMAL
2026-06-17T17:09:26.299010+00:00,DION_001,482537,-0.6667328847626408,SIMULATED,NORMAL
2026-06-17T17:09:26.309264+00:00,DION_001,482538,-0.6969982869209084,SIMULATED,NORMAL
2026-06-17T17:09:26.319522+00:00,DION_001,482539,-0.6582781272159546,SIMULATED,NORMAL
2026-06-17T17:09:26.329831+00:00,DION_001,482540,-0.613461548023693,SIMULATED,NORMAL
2026-06-17T17:09:26.340144+00:00,DION_001,482541,-0.3873418591947048,SIMULATED,NORMAL
2026-06-17T17:09:26.350381+00:00,DION_001,482542,-0.806460895872264,SIMULATED,NORMAL
2026-06-17T17:09:26.360652+00:00,DION_001,482543,-0.8398212811027297,SIMULATED,NORMAL
2026-06-17T17:09:26.371080+00:00,DION_001,482544,-0.7549486510661971,SIMULATED,NORMAL
2026-06-17T17:09:26.381293+00:00,DION_001,482545,-0.9470371912961927,SIMULATED,NORMAL
2026-06-17T17:09:26.391583+00:00,DION_001,482546,-0.7268689461617928,SIMULATED,NORMAL
2026-06-17T17:09:26.401910+00:00,DION_001,482547,-0.8356196499268012,SIMULATED,NORMAL
2026-06-17T17:09:26.412137+00:00,DION_001,482548,-0.9337679343665162,SIMULATED,NORMAL
2026-06-17T17:09:26.422363+00:00,DION_001,482549,-1.0000764695669488,SIMULATED,NORMAL
2026-06-17T17:09:26.432648+00:00,DION_001,482550,-0.6666254262991802,SIMULATED,NORMAL
2026-06-17T17:09:26.443054+00:00,DION_001,482551,-0.8812587049984454,SIMULATED,NORMAL
2026-06-17T17:09:26.453397+00:00,DION_001,482552,-0.7723029138716949,SIMULATED,NORMAL
2026-06-17T17:09:26.463692+00:00,DION_001,482553,-0.9004012171929952,SIMULATED,NORMAL
2026-06-17T17:09:26.474055+00:00,DION_001,482554,-1.0367312429214048,SIMULATED,NORMAL
2026-06-17T17:09:26.484408+00:00,DION_001,482555,-0.911425612026746,SIMULATED,NORMAL
2026-06-17T17:09:26.494713+00:00,DION_001,482556,-0.8367815165454147,SIMULATED,NORMAL
2026-06-17T17:09:26.505124+00:00,DION_001,482557,-0.9722606782623284,SIMULATED,NORMAL
2026-06-17T17:09:26.515589+00:00,DION_001,482558,-0.9861909510978379,SIMULATED,NORMAL
2026-06-17T17:09:26.525872+00:00,DION_001,482559,-1.0471171788776124,SIMULATED,NORMAL
2026-06-17T17:09:26.536174+00:00,DION_001,482560,-0.7900320438442552,SIMULATED,NORMAL
2026-06-17T17:09:26.546494+00:00,DION_001,482561,-0.6466311726705285,SIMULATED,NORMAL
2026-06-17T17:09:26.556804+00:00,DION_001,482562,-0.9013101122771136,SIMULATED,NORMAL
2026-06-17T17:09:26.567174+00:00,DION_001,482563,-0.6930567059347006,SIMULATED,NORMAL
2026-06-17T17:09:26.577453+00:00,DION_001,482564,-0.8870437710886213,SIMULATED,NORMAL
2026-06-17T17:09:26.587878+00:00,DION_001,482565,-0.8821267779962036,SIMULATED,NORMAL
2026-06-17T17:09:26.598246+00:00,DION_001,482566,-1.017374013775471,SIMULATED,NORMAL
2026-06-17T17:09:26.608620+00:00,DION_001,482567,-0.6962205188727,SIMULATED,NORMAL
2026-06-17T17:09:26.619028+00:00,DION_001,482568,-0.9336349131707685,SIMULATED,NORMAL
2026-06-17T17:09:26.629375+00:00,DION_001,482569,-0.7825909209893721,SIMULATED,NORMAL
2026-06-17T17:09:26.639715+00:00,DION_001,482570,-0.7511228448753099,SIMULATED,NORMAL
2026-06-17T17:09:26.650036+00:00,DION_001,482571,-0.7590412052995531,SIMULATED,NORMAL
2026-06-17T17:09:26.660472+00:00,DION_001,482572,-0.5173756857126542,SIMULATED,NORMAL
2026-06-17T17:09:26.671032+00:00,DION_001,482573,-0.8338004405774511,SIMULATED,NORMAL
2026-06-17T17:09:26.681532+00:00,DION_001,482574,-0.39016294512240857,SIMULATED,NORMAL
2026-06-17T17:09:26.691912+00:00,DION_001,482575,-0.602536323062513,SIMULATED,NORMAL
2026-06-17T17:09:26.702323+00:00,DION_001,482576,-0.7620280017195087,SIMULATED,NORMAL
2026-06-17T17:09:26.712794+00:00,DION_001,482577,-0.5241601129631386,SIMULATED,NORMAL
2026-06-17T17:09:26.723129+00:00,DION_001,482578,-0.6711822750910992,SIMULATED,NORMAL
2026-06-17T17:09:26.733457+00:00,DION_001,482579,-0.5798061268760953,SIMULATED,NORMAL
2026-06-17T17:09:26.743818+00:00,DION_001,482580,-0.6172107947749624,SIMULATED,NORMAL
2026-06-17T17:09:26.754145+00:00,DION_001,482581,-0.4426443258736073,SIMULATED,NORMAL
2026-06-17T17:09:26.764409+00:00,DION_001,482582,-0.47128430677646194,SIMULATED,NORMAL
2026-06-17T17:09:26.774785+00:00,DION_001,482583,-0.4982537483016308,SIMULATED,NORMAL
2026-06-17T17:09:26.785139+00:00,DION_001,482584,-0.569329560556489,SIMULATED,NORMAL
2026-06-17T17:09:26.795511+00:00,DION_001,482585,-0.603315430690714,SIMULATED,NORMAL
2026-06-17T17:09:26.805829+00:00,DION_001,482586,-0.39331500249693757,SIMULATED,NORMAL
2026-06-17T17:09:26.816142+00:00,DION_001,482587,-0.24271754582926752,SIMULATED,NORMAL
2026-06-17T17:09:26.826479+00:00,DION_001,482588,-0.25001420508623784,SIMULATED,NORMAL
2026-06-17T17:09:26.836857+00:00,DION_001,482589,-0.4971126257035154,SIMULATED,NORMAL
2026-06-17T17:09:26.847193+00:00,DION_001,482590,-0.5549279313972186,SIMULATED,NORMAL
2026-06-17T17:09:26.857583+00:00,DION_001,482591,-0.44865659980134454,SIMULATED,NORMAL
2026-06-17T17:09:26.868004+00:00,DION_001,482592,-0.5607527525896561,SIMULATED,NORMAL
2026-06-17T17:09:26.878388+00:00,DION_001,482593,-0.17280430585350515,SIMULATED,NORMAL
2026-06-17T17:09:26.888694+00:00,DION_001,482594,-0.2873071035470442,SIMULATED,NORMAL
2026-06-17T17:09:26.898966+00:00,DION_001,482595,-0.6154141078589677,SIMULATED,NORMAL
2026-06-17T17:09:26.909225+00:00,DION_001,482596,-0.6840619600936753,SIMULATED,NORMAL
2026-06-17T17:09:26.919562+00:00,DION_001,482597,-0.34462416065593127,SIMULATED,NORMAL
2026-06-17T17:09:26.929901+00:00,DION_001,482598,-0.3813420694213071,SIMULATED,NORMAL
2026-06-17T17:09:26.940324+00:00,DION_001,482599,-0.4433185852428075,SIMULATED,NORMAL
2026-06-17T17:09:26.950635+00:00,DION_001,482600,-0.43124571575283316,SIMULATED,NORMAL
2026-06-17T17:09:26.960903+00:00,DION_001,482601,-0.5304172766008551,SIMULATED,NORMAL
2026-06-17T17:09:26.971211+00:00,DION_001,482602,-0.6110180925251971,SIMULATED,NORMAL
2026-06-17T17:09:26.981531+00:00,DION_001,482603,-0.3812833721361639,SIMULATED,NORMAL
2026-06-17T17:09:26.991931+00:00,DION_001,482604,-0.5347948319895633,SIMULATED,NORMAL
2026-06-17T17:09:27.002312+00:00,DION_001,482605,-0.46794894174883905,SIMULATED,NORMAL
2026-06-17T17:09:27.012684+00:00,DION_001,482606,-0.916002834394543,SIMULATED,NORMAL
2026-06-17T17:09:27.023199+00:00,DION_001,482607,-0.4050737621350651,SIMULATED,NORMAL
2026-06-17T17:09:27.033958+00:00,DION_001,482608,-0.8771961551972011,SIMULATED,NORMAL
2026-06-17T17:09:27.044214+00:00,DION_001,482609,-0.6129037701554764,SIMULATED,NORMAL
2026-06-17T17:09:27.054620+00:00,DION_001,482610,-0.5335440997160885,SIMULATED,NORMAL
2026-06-17T17:09:27.065202+00:00,DION_001,482611,-0.7644232472034981,SIMULATED,NORMAL
2026-06-17T17:09:27.075602+00:00,DION_001,482612,-0.6669550574787232,SIMULATED,NORMAL
2026-06-17T17:09:27.085922+00:00,DION_001,482613,-1.2693118768137035,SIMULATED,NORMAL
2026-06-17T17:09:27.096285+00:00,DION_001,482614,-0.8581895434192958,SIMULATED,NORMAL
2026-06-17T17:09:27.106750+00:00,DION_001,482615,-0.6304044064288212,SIMULATED,NORMAL
2026-06-17T17:09:27.117092+00:00,DION_001,482616,-0.6656756593149001,SIMULATED,NORMAL
2026-06-17T17:09:27.127385+00:00,DION_001,482617,-0.9286053033601462,SIMULATED,NORMAL
2026-06-17T17:09:27.137868+00:00,DION_001,482618,-1.015727987556651,SIMULATED,NORMAL
2026-06-17T17:09:27.148224+00:00,DION_001,482619,-1.0673814402276929,SIMULATED,NORMAL
2026-06-17T17:09:27.158507+00:00,DION_001,482620,-0.8748988083454059,SIMULATED,NORMAL
2026-06-17T17:09:27.168829+00:00,DION_001,482621,-0.7101275298961929,SIMULATED,NORMAL
2026-06-17T17:09:27.179149+00:00,DION_001,482622,-1.038027963828666,SIMULATED,NORMAL
2026-06-17T17:09:27.189442+00:00,DION_001,482623,-1.2633820863008416,SIMULATED,NORMAL
2026-06-17T17:09:27.199838+00:00,DION_001,482624,-0.9551235892196136,SIMULATED,NORMAL
2026-06-17T17:09:27.210130+00:00,DION_001,482625,-1.0818909486721233,SIMULATED,NORMAL
2026-06-17T17:09:27.220467+00:00,DION_001,482626,-1.049467163587663,SIMULATED,NORMAL
2026-06-17T17:09:27.230846+00:00,DION_001,482627,-1.1370092290355691,SIMULATED,NORMAL
2026-06-17T17:09:27.241125+00:00,DION_001,482628,-1.1813176096850366,SIMULATED,NORMAL
2026-06-17T17:09:27.251460+00:00,DION_001,482629,-1.3308069787419758,SIMULATED,NORMAL
2026-06-17T17:09:27.261823+00:00,DION_001,482630,-0.9198006129188381,SIMULATED,NORMAL
2026-06-17T17:09:27.272064+00:00,DION_001,482631,-1.103077147178106,SIMULATED,NORMAL
2026-06-17T17:09:27.282279+00:00,DION_001,482632,-1.0344248936526301,SIMULATED,NORMAL
2026-06-17T17:09:27.292534+00:00,DION_001,482633,-1.3579247771189311,SIMULATED,NORMAL
2026-06-17T17:09:27.302818+00:00,DION_001,482634,-0.8786073945876064,SIMULATED,NORMAL
2026-06-17T17:09:27.313185+00:00,DION_001,482635,-0.9673149626649094,SIMULATED,NORMAL
2026-06-17T17:09:27.323464+00:00,DION_001,482636,-1.1504189097293511,SIMULATED,NORMAL
2026-06-17T17:09:27.333704+00:00,DION_001,482637,-1.195948337236988,SIMULATED,NORMAL
2026-06-17T17:09:27.344011+00:00,DION_001,482638,-0.7546947322180286,SIMULATED,NORMAL
2026-06-17T17:09:27.354273+00:00,DION_001,482639,-0.9745266154368335,SIMULATED,NORMAL
2026-06-17T17:09:27.364508+00:00,DION_001,482640,-0.7961865939513908,SIMULATED,NORMAL
2026-06-17T17:09:27.374825+00:00,DION_001,482641,-1.0234679849407176,SIMULATED,NORMAL
2026-06-17T17:09:27.385021+00:00,DION_001,482642,-0.7971714764330818,SIMULATED,NORMAL
2026-06-17T17:09:27.395265+00:00,DION_001,482643,-1.165583488354099,SIMULATED,NORMAL
2026-06-17T17:09:27.405554+00:00,DION_001,482644,-0.6670157183150733,SIMULATED,NORMAL
2026-06-17T17:09:27.415772+00:00,DION_001,482645,-0.9996081327376201,SIMULATED,NORMAL
2026-06-17T17:09:27.425998+00:00,DION_001,482646,-0.926592506578747,SIMULATED,NORMAL
2026-06-17T17:09:27.436424+00:00,DION_001,482647,-1.0275137549051754,SIMULATED,NORMAL
2026-06-17T17:09:27.446820+00:00,DION_001,482648,-0.7251822384919574,SIMULATED,NORMAL
2026-06-17T17:09:27.457054+00:00,DION_001,482649,-0.9719143656477234,SIMULATED,NORMAL
2026-06-17T17:09:27.467422+00:00,DION_001,482650,-0.813155567080676,SIMULATED,NORMAL
2026-06-17T17:09:27.477739+00:00,DION_001,482651,-0.6713496201205685,SIMULATED,NORMAL
2026-06-17T17:09:27.487994+00:00,DION_001,482652,-0.7355732055190688,SIMULATED,NORMAL
2026-06-17T17:09:27.498312+00:00,DION_001,482653,-0.7027322428695129,SIMULATED,NORMAL
2026-06-17T17:09:27.508544+00:00,DION_001,482654,-0.536866970986196,SIMULATED,NORMAL
2026-06-17T17:09:27.518980+00:00,DION_001,482655,-0.5714779888770176,SIMULATED,NORMAL
2026-06-17T17:09:27.529375+00:00,DION_001,482656,-0.46048248240117684,SIMULATED,NORMAL
2026-06-17T17:09:27.539766+00:00,DION_001,482657,-0.5786449544969047,SIMULATED,NORMAL
2026-06-17T17:09:27.550136+00:00,DION_001,482658,-0.4714535980565766,SIMULATED,NORMAL
2026-06-17T17:09:27.560488+00:00,DION_001,482659,-0.12396218095308267,SIMULATED,NORMAL
2026-06-17T17:09:27.571115+00:00,DION_001,482660,-0.417727767822834,SIMULATED,NORMAL
2026-06-17T17:09:27.581600+00:00,DION_001,482661,-0.3701854187821645,SIMULATED,NORMAL
2026-06-17T17:09:27.591959+00:00,DION_001,482662,-0.2701874070077932,SIMULATED,NORMAL
2026-06-17T17:09:27.602404+00:00,DION_001,482663,-0.01653766656400743,SIMULATED,NORMAL
2026-06-17T17:09:27.612785+00:00,DION_001,482664,-0.26453143453386985,SIMULATED,NORMAL
2026-06-17T17:09:27.623320+00:00,DION_001,482665,-0.12606190585337027,SIMULATED,NORMAL
2026-06-17T17:09:27.633658+00:00,DION_001,482666,-0.13369882167208627,SIMULATED,NORMAL
2026-06-17T17:09:27.644000+00:00,DION_001,482667,0.03806252147011184,SIMULATED,NORMAL
2026-06-17T17:09:27.654471+00:00,DION_001,482668,-0.048583622829727155,SIMULATED,NORMAL
2026-06-17T17:09:27.664832+00:00,DION_001,482669,-0.20743914643506897,SIMULATED,NORMAL
2026-06-17T17:09:27.675139+00:00,DION_001,482670,-0.010330954741763763,SIMULATED,NORMAL
2026-06-17T17:09:27.685420+00:00,DION_001,482671,0.2727942321517263,SIMULATED,NORMAL
2026-06-17T17:09:27.695845+00:00,DION_001,482672,0.13588581566163246,SIMULATED,NORMAL
2026-06-17T17:09:27.706183+00:00,DION_001,482673,-0.09136998719035566,SIMULATED,NORMAL
2026-06-17T17:09:27.716603+00:00,DION_001,482674,0.41915330148349345,SIMULATED,NORMAL
2026-06-17T17:09:27.726868+00:00,DION_001,482675,0.20045521415858744,SIMULATED,NORMAL
2026-06-17T17:09:27.737158+00:00,DION_001,482676,0.2495035158142491,SIMULATED,NORMAL
2026-06-17T17:09:27.747502+00:00,DION_001,482677,0.42484471747376595,SIMULATED,NORMAL
2026-06-17T17:09:27.757882+00:00,DION_001,482678,0.16099976420396284,SIMULATED,NORMAL
2026-06-17T17:09:27.768240+00:00,DION_001,482679,0.24398389283536212,SIMULATED,NORMAL
2026-06-17T17:09:27.778639+00:00,DION_001,482680,0.21874580816071149,SIMULATED,NORMAL
2026-06-17T17:09:27.788950+00:00,DION_001,482681,0.05550682967722123,SIMULATED,NORMAL
2026-06-17T17:09:27.799244+00:00,DION_001,482682,-0.031090830119806512,SIMULATED,NORMAL
2026-06-17T17:09:27.809559+00:00,DION_001,482683,-0.012619354462659813,SIMULATED,NORMAL
2026-06-17T17:09:27.819939+00:00,DION_001,482684,0.09656805247732747,SIMULATED,NORMAL
2026-06-17T17:09:27.830245+00:00,DION_001,482685,0.33593871764099437,SIMULATED,NORMAL
2026-06-17T17:09:27.840624+00:00,DION_001,482686,0.0950650156443852,SIMULATED,NORMAL
2026-06-17T17:09:27.851066+00:00,DION_001,482687,0.045840441929916605,SIMULATED,NORMAL
2026-06-17T17:09:27.861389+00:00,DION_001,482688,0.0345981361695346,SIMULATED,NORMAL
2026-06-17T17:09:27.871802+00:00,DION_001,482689,0.09948417884032659,SIMULATED,NORMAL
2026-06-17T17:09:27.882125+00:00,DION_001,482690,-0.037601288001662465,SIMULATED,NORMAL
2026-06-17T17:09:27.892437+00:00,DION_001,482691,0.06365541301006485,SIMULATED,NORMAL
2026-06-17T17:09:27.902798+00:00,DION_001,482692,-0.1553149355418841,SIMULATED,NORMAL
2026-06-17T17:09:27.913174+00:00,DION_001,482693,-0.0003551827310591116,SIMULATED,NORMAL
2026-06-17T17:09:27.923502+00:00,DION_001,482694,-0.1975985671142177,SIMULATED,NORMAL
2026-06-17T17:09:27.933797+00:00,DION_001,482695,-0.21971132555765835,SIMULATED,NORMAL
2026-06-17T17:09:27.944106+00:00,DION_001,482696,-0.18415111680334986,SIMULATED,NORMAL
2026-06-17T17:09:27.954417+00:00,DION_001,482697,-0.10669366630822459,SIMULATED,NORMAL
2026-06-17T17:09:27.964685+00:00,DION_001,482698,-0.3561206389588484,SIMULATED,NORMAL
2026-06-17T17:09:27.974992+00:00,DION_001,482699,-0.27639483178241797,SIMULATED,NORMAL
2026-06-17T17:09:27.985310+00:00,DION_001,482700,0.07274840147985995,SIMULATED,NORMAL
2026-06-17T17:09:27.995647+00:00,DION_001,482701,-0.09616272603904921,SIMULATED,NORMAL
2026-06-17T17:09:28.006000+00:00,DION_001,482702,-0.29886639864441233,SIMULATED,NORMAL
2026-06-17T17:09:28.016311+00:00,DION_001,482703,-0.23151281558384862,SIMULATED,NORMAL
2026-06-17T17:09:28.026740+00:00,DION_001,482704,0.06989175002494535,SIMULATED,NORMAL
2026-06-17T17:09:28.037059+00:00,DION_001,482705,-0.1991883166747104,SIMULATED,NORMAL
2026-06-17T17:09:28.047390+00:00,DION_001,482706,-0.21108177341514106,SIMULATED,NORMAL
2026-06-17T17:09:28.057917+00:00,DION_001,482707,-0.47827188950626376,SIMULATED,NORMAL
2026-06-17T17:09:28.068329+00:00,DION_001,482708,-0.5938960736631624,SIMULATED,NORMAL
2026-06-17T17:09:28.078708+00:00,DION_001,482709,-0.016408516271137374,SIMULATED,NORMAL
2026-06-17T17:09:28.089050+00:00,DION_001,482710,-0.243290172868187,SIMULATED,NORMAL
2026-06-17T17:09:28.099471+00:00,DION_001,482711,-0.15664337812247703,SIMULATED,NORMAL
2026-06-17T17:09:28.109796+00:00,DION_001,482712,-0.22009151016140266,SIMULATED,NORMAL
2026-06-17T17:09:28.120146+00:00,DION_001,482713,-0.6033034066728137,SIMULATED,NORMAL
2026-06-17T17:09:28.130448+00:00,DION_001,482714,-0.2080997415190367,SIMULATED,NORMAL
2026-06-17T17:09:28.140759+00:00,DION_001,482715,-0.24902068779892053,SIMULATED,NORMAL
2026-06-17T17:09:28.151266+00:00,DION_001,482716,-0.43487028270315603,SIMULATED,NORMAL
2026-06-17T17:09:28.161606+00:00,DION_001,482717,-0.26010916155849956,SIMULATED,NORMAL
2026-06-17T17:09:28.172055+00:00,DION_001,482718,1.7526422154163437,SIMULATED,NORMAL
2026-06-17T17:09:28.182493+00:00,DION_001,482719,-0.04213226216377873,SIMULATED,NORMAL
2026-06-17T17:09:28.192839+00:00,DION_001,482720,-0.003445964837318391,SIMULATED,NORMAL
2026-06-17T17:09:28.203207+00:00,DION_001,482721,-0.0019702957249495695,SIMULATED,NORMAL
2026-06-17T17:09:28.213552+00:00,DION_001,482722,-0.3326892462900646,SIMULATED,NORMAL
2026-06-17T17:09:28.223901+00:00,DION_001,482723,-0.03403155002044449,SIMULATED,NORMAL
2026-06-17T17:09:28.234235+00:00,DION_001,482724,0.012457700884539936,SIMULATED,NORMAL
2026-06-17T17:09:28.244528+00:00,DION_001,482725,0.12349492487232647,SIMULATED,NORMAL
2026-06-17T17:09:28.254989+00:00,DION_001,482726,0.3756160836381933,SIMULATED,NORMAL
2026-06-17T17:09:28.265347+00:00,DION_001,482727,0.037754057040593356,SIMULATED,NORMAL
2026-06-17T17:09:28.275687+00:00,DION_001,482728,0.12257323495173124,SIMULATED,NORMAL
2026-06-17T17:09:28.286037+00:00,DION_001,482729,-2.066793620177475,SIMULATED,EVENT_DETECTED
2026-06-17T17:09:28.296602+00:00,DION_001,482730,0.2981064261909577,SIMULATED,NORMAL
2026-06-17T17:09:28.306948+00:00,DION_001,482731,0.29654695433615486,SIMULATED,NORMAL
2026-06-17T17:09:28.317286+00:00,DION_001,482732,0.38850293539009173,SIMULATED,NORMAL
2026-06-17T17:09:28.327666+00:00,DION_001,482733,0.5412122092815193,SIMULATED,NORMAL
2026-06-17T17:09:28.338032+00:00,DION_001,482734,0.5136045112539336,SIMULATED,NORMAL
2026-06-17T17:09:28.348338+00:00,DION_001,482735,0.10507445103033436,SIMULATED,NORMAL
2026-06-17T17:09:28.358679+00:00,DION_001,482736,0.4532776018642548,SIMULATED,NORMAL
2026-06-17T17:09:28.369016+00:00,DION_001,482737,0.6607882658734429,SIMULATED,NORMAL
2026-06-17T17:09:28.379354+00:00,DION_001,482738,0.6158677119408626,SIMULATED,NORMAL
2026-06-17T17:09:28.389723+00:00,DION_001,482739,0.7827369400030728,SIMULATED,NORMAL
2026-06-17T17:09:28.400047+00:00,DION_001,482740,0.6983057915440787,SIMULATED,NORMAL
2026-06-17T17:09:28.410335+00:00,DION_001,482741,0.7589733224459908,SIMULATED,NORMAL
2026-06-17T17:09:28.420766+00:00,DION_001,482742,0.6564369652683335,SIMULATED,NORMAL
2026-06-17T17:09:28.431130+00:00,DION_001,482743,0.9865277979997666,SIMULATED,NORMAL
2026-06-17T17:09:28.441467+00:00,DION_001,482744,0.7224436594177283,SIMULATED,NORMAL
2026-06-17T17:09:28.451912+00:00,DION_001,482745,1.0955035649388964,SIMULATED,NORMAL
2026-06-17T17:09:28.462302+00:00,DION_001,482746,0.794893148137727,SIMULATED,NORMAL
2026-06-17T17:09:28.472681+00:00,DION_001,482747,0.8668885637829258,SIMULATED,NORMAL
2026-06-17T17:09:28.483111+00:00,DION_001,482748,0.9016711903746333,SIMULATED,NORMAL
2026-06-17T17:09:28.493433+00:00,DION_001,482749,0.7292587963829258,SIMULATED,NORMAL
2026-06-17T17:09:28.503847+00:00,DION_001,482750,0.876699661122899,SIMULATED,NORMAL
2026-06-17T17:09:28.514338+00:00,DION_001,482751,0.9050875394792287,SIMULATED,NORMAL
2026-06-17T17:09:28.524767+00:00,DION_001,482752,0.9279464169833948,SIMULATED,NORMAL
2026-06-17T17:09:28.535105+00:00,DION_001,482753,1.340021453029015,SIMULATED,NORMAL
2026-06-17T17:09:28.545433+00:00,DION_001,482754,0.8249864451803867,SIMULATED,NORMAL
2026-06-17T17:09:28.555867+00:00,DION_001,482755,0.8468190014571277,SIMULATED,NORMAL
2026-06-17T17:09:28.566259+00:00,DION_001,482756,1.2812778408804668,SIMULATED,NORMAL
2026-06-17T17:09:28.576627+00:00,DION_001,482757,1.2814040049261368,SIMULATED,NORMAL
2026-06-17T17:09:28.586946+00:00,DION_001,482758,1.0363606980756046,SIMULATED,NORMAL
2026-06-17T17:09:28.597333+00:00,DION_001,482759,0.9860276960726955,SIMULATED,NORMAL
2026-06-17T17:09:28.607932+00:00,DION_001,482760,0.8737917564556625,SIMULATED,NORMAL
2026-06-17T17:09:28.618474+00:00,DION_001,482761,0.9444240190833156,SIMULATED,NORMAL
2026-06-17T17:09:28.629121+00:00,DION_001,482762,1.0995459827639606,SIMULATED,NORMAL
2026-06-17T17:09:28.639929+00:00,DION_001,482763,1.1588861369583583,SIMULATED,NORMAL
2026-06-17T17:09:28.650439+00:00,DION_001,482764,1.0401621898424334,SIMULATED,NORMAL
2026-06-17T17:09:28.660835+00:00,DION_001,482765,1.0206181004270256,SIMULATED,NORMAL
2026-06-17T17:09:28.671342+00:00,DION_001,482766,1.1582027980651104,SIMULATED,NORMAL
2026-06-17T17:09:28.681825+00:00,DION_001,482767,1.0470509224067914,SIMULATED,NORMAL
2026-06-17T17:09:28.692316+00:00,DION_001,482768,0.6952287219145222,SIMULATED,NORMAL
2026-06-17T17:09:28.703019+00:00,DION_001,482769,0.720899884067363,SIMULATED,NORMAL
2026-06-17T17:09:28.713568+00:00,DION_001,482770,0.650461625172031,SIMULATED,NORMAL
2026-06-17T17:09:28.724218+00:00,DION_001,482771,0.611323300811183,SIMULATED,NORMAL
2026-06-17T17:09:28.734807+00:00,DION_001,482772,0.6404497050984316,SIMULATED,NORMAL
2026-06-17T17:09:28.745348+00:00,DION_001,482773,0.9623965006758246,SIMULATED,NORMAL
2026-06-17T17:09:28.756074+00:00,DION_001,482774,0.778995284329135,SIMULATED,NORMAL
2026-06-17T17:09:28.766673+00:00,DION_001,482775,0.6111192914506045,SIMULATED,NORMAL
2026-06-17T17:09:28.777303+00:00,DION_001,482776,0.9853268261555006,SIMULATED,NORMAL
2026-06-17T17:09:28.787911+00:00,DION_001,482777,0.6398438325646159,SIMULATED,NORMAL
2026-06-17T17:09:28.798411+00:00,DION_001,482778,0.4141447555857758,SIMULATED,NORMAL
2026-06-17T17:09:28.809289+00:00,DION_001,482779,0.6163595963756595,SIMULATED,NORMAL
2026-06-17T17:09:28.819777+00:00,DION_001,482780,0.501809510950475,SIMULATED,NORMAL
2026-06-17T17:09:28.830396+00:00,DION_001,482781,0.5831374487740311,SIMULATED,NORMAL
2026-06-17T17:09:28.840958+00:00,DION_001,482782,0.6080968751810497,SIMULATED,NORMAL
2026-06-17T17:09:28.851631+00:00,DION_001,482783,0.4192962155242684,SIMULATED,NORMAL
2026-06-17T17:09:28.862105+00:00,DION_001,482784,0.6153988218739326,SIMULATED,NORMAL
2026-06-17T17:09:28.872475+00:00,DION_001,482785,0.505759514704987,SIMULATED,NORMAL
2026-06-17T17:09:28.882896+00:00,DION_001,482786,0.45103809833743697,SIMULATED,NORMAL
2026-06-17T17:09:28.893293+00:00,DION_001,482787,0.2612108396701952,SIMULATED,NORMAL
2026-06-17T17:09:28.903559+00:00,DION_001,482788,0.39874272402164096,SIMULATED,NORMAL
2026-06-17T17:09:28.913898+00:00,DION_001,482789,0.45994930557849184,SIMULATED,NORMAL
2026-06-17T17:09:28.924171+00:00,DION_001,482790,0.34686866395335914,SIMULATED,NORMAL
2026-06-17T17:09:28.934621+00:00,DION_001,482791,0.10726356795241654,SIMULATED,NORMAL
2026-06-17T17:09:28.945113+00:00,DION_001,482792,0.3377311877522702,SIMULATED,NORMAL
2026-06-17T17:09:28.955796+00:00,DION_001,482793,0.5960571018551617,SIMULATED,NORMAL
2026-06-17T17:09:28.966390+00:00,DION_001,482794,0.2727379579946516,SIMULATED,NORMAL
2026-06-17T17:09:28.977047+00:00,DION_001,482795,0.2738507554446337,SIMULATED,NORMAL
2026-06-17T17:09:28.987843+00:00,DION_001,482796,0.5488524180172556,SIMULATED,NORMAL
2026-06-17T17:09:28.998406+00:00,DION_001,482797,0.43289421052268884,SIMULATED,NORMAL
2026-06-17T17:09:29.008992+00:00,DION_001,482798,0.2489552305128081,SIMULATED,NORMAL
2026-06-17T17:09:29.019640+00:00,DION_001,482799,0.5044906003273654,SIMULATED,NORMAL
2026-06-17T17:09:29.030416+00:00,DION_001,482800,0.09729133643026316,SIMULATED,NORMAL
2026-06-17T17:09:29.041072+00:00,DION_001,482801,0.7846214123543146,SIMULATED,NORMAL
2026-06-17T17:09:29.051746+00:00,DION_001,482802,0.593871426471402,SIMULATED,NORMAL
2026-06-17T17:09:29.062251+00:00,DION_001,482803,0.7046388077905901,SIMULATED,NORMAL
2026-06-17T17:09:29.072941+00:00,DION_001,482804,0.766917878568831,SIMULATED,NORMAL
2026-06-17T17:09:29.083544+00:00,DION_001,482805,0.531785250031775,SIMULATED,NORMAL
2026-06-17T17:09:29.094036+00:00,DION_001,482806,0.8864935418908522,SIMULATED,NORMAL
2026-06-17T17:09:29.104702+00:00,DION_001,482807,0.5512176665503228,SIMULATED,NORMAL
2026-06-17T17:09:29.115325+00:00,DION_001,482808,0.540020568662114,SIMULATED,NORMAL
2026-06-17T17:09:29.125930+00:00,DION_001,482809,0.37530138446627526,SIMULATED,NORMAL
2026-06-17T17:09:29.136644+00:00,DION_001,482810,0.43229653927628015,SIMULATED,NORMAL
2026-06-17T17:09:29.147156+00:00,DION_001,482811,0.7865438510363261,SIMULATED,NORMAL
2026-06-17T17:09:29.157746+00:00,DION_001,482812,0.6067600247360769,SIMULATED,NORMAL
2026-06-17T17:09:29.168245+00:00,DION_001,482813,0.7205134528694808,SIMULATED,NORMAL
2026-06-17T17:09:29.178782+00:00,DION_001,482814,0.5902077536757616,SIMULATED,NORMAL
2026-06-17T17:09:29.189362+00:00,DION_001,482815,0.9829900393680457,SIMULATED,NORMAL
2026-06-17T17:09:29.199885+00:00,DION_001,482816,0.8796974932861025,SIMULATED,NORMAL
2026-06-17T17:09:29.210504+00:00,DION_001,482817,0.5999484062532855,SIMULATED,NORMAL
2026-06-17T17:09:29.221135+00:00,DION_001,482818,0.8206262498024754,SIMULATED,NORMAL
2026-06-17T17:09:29.231554+00:00,DION_001,482819,1.0224389866349757,SIMULATED,NORMAL
2026-06-17T17:09:29.242036+00:00,DION_001,482820,0.777804421454421,SIMULATED,NORMAL
2026-06-17T17:09:29.252544+00:00,DION_001,482821,0.8671950194312711,SIMULATED,NORMAL
2026-06-17T17:09:29.263059+00:00,DION_001,482822,0.9789129645788425,SIMULATED,NORMAL
2026-06-17T17:09:29.273519+00:00,DION_001,482823,0.9578819774205738,SIMULATED,NORMAL
2026-06-17T17:09:29.283979+00:00,DION_001,482824,0.9743868127348851,SIMULATED,NORMAL
2026-06-17T17:09:29.294470+00:00,DION_001,482825,1.1112487184458262,SIMULATED,NORMAL
2026-06-17T17:09:29.304840+00:00,DION_001,482826,1.195633738732785,SIMULATED,NORMAL
2026-06-17T17:09:29.315620+00:00,DION_001,482827,0.873966092335603,SIMULATED,NORMAL
2026-06-17T17:09:29.326052+00:00,DION_001,482828,3.746062495162006,SIMULATED,EVENT_DETECTED
2026-06-17T17:09:29.336515+00:00,DION_001,482829,0.999343640400109,SIMULATED,NORMAL
2026-06-17T17:09:29.347031+00:00,DION_001,482830,1.0514033000841638,SIMULATED,NORMAL
2026-06-17T17:09:29.357552+00:00,DION_001,482831,-1.5933343008629193,SIMULATED,NORMAL
2026-06-17T17:09:29.368321+00:00,DION_001,482832,1.10326976466177,SIMULATED,NORMAL
2026-06-17T17:09:29.378916+00:00,DION_001,482833,1.1301708648028967,SIMULATED,NORMAL
2026-06-17T17:09:29.389530+00:00,DION_001,482834,0.9031295682980277,SIMULATED,NORMAL
2026-06-17T17:09:29.400044+00:00,DION_001,482835,0.8990769481897127,SIMULATED,NORMAL
2026-06-17T17:09:29.410526+00:00,DION_001,482836,0.9451496195517797,SIMULATED,NORMAL
2026-06-17T17:09:29.421112+00:00,DION_001,482837,1.0770766577501178,SIMULATED,NORMAL
2026-06-17T17:09:29.431662+00:00,DION_001,482838,0.9930041629097583,SIMULATED,NORMAL
2026-06-17T17:09:29.442292+00:00,DION_001,482839,0.9969658957159608,SIMULATED,NORMAL
2026-06-17T17:09:29.452671+00:00,DION_001,482840,0.8915435044377277,SIMULATED,NORMAL
2026-06-17T17:09:29.463098+00:00,DION_001,482841,0.805862054888618,SIMULATED,NORMAL
2026-06-17T17:09:29.473428+00:00,DION_001,482842,0.9057278716205462,SIMULATED,NORMAL
2026-06-17T17:09:29.483869+00:00,DION_001,482843,0.9365243432184504,SIMULATED,NORMAL
2026-06-17T17:09:29.494326+00:00,DION_001,482844,0.8203966421188722,SIMULATED,NORMAL
2026-06-17T17:09:29.504692+00:00,DION_001,482845,0.654310281260212,SIMULATED,NORMAL
2026-06-17T17:09:29.514978+00:00,DION_001,482846,0.7576241932636041,SIMULATED,NORMAL
2026-06-17T17:09:29.525359+00:00,DION_001,482847,0.7486013740427692,SIMULATED,NORMAL
2026-06-17T17:09:29.535808+00:00,DION_001,482848,0.5745000227050694,SIMULATED,NORMAL
2026-06-17T17:09:29.546362+00:00,DION_001,482849,0.41573711192606827,SIMULATED,NORMAL
2026-06-17T17:09:29.556665+00:00,DION_001,482850,0.4212657252790365,SIMULATED,NORMAL
2026-06-17T17:09:29.566964+00:00,DION_001,482851,0.6188199467193463,SIMULATED,NORMAL
2026-06-17T17:09:29.577406+00:00,DION_001,482852,0.2790188618791726,SIMULATED,NORMAL
2026-06-17T17:09:29.587837+00:00,DION_001,482853,0.38199672884948604,SIMULATED,NORMAL
2026-06-17T17:09:29.598298+00:00,DION_001,482854,0.28616536873127385,SIMULATED,NORMAL
2026-06-17T17:09:29.608705+00:00,DION_001,482855,0.060583454891303234,SIMULATED,NORMAL
2026-06-17T17:09:29.619075+00:00,DION_001,482856,0.55212633758601,SIMULATED,NORMAL
2026-06-17T17:09:29.629411+00:00,DION_001,482857,0.13017214210678574,SIMULATED,NORMAL
2026-06-17T17:09:29.639674+00:00,DION_001,482858,0.3591750148090318,SIMULATED,NORMAL
2026-06-17T17:09:29.650053+00:00,DION_001,482859,0.4870006157084846,SIMULATED,NORMAL
2026-06-17T17:09:29.660387+00:00,DION_001,482860,0.27840177534679833,SIMULATED,NORMAL
2026-06-17T17:09:29.670882+00:00,DION_001,482861,0.49862336693918513,SIMULATED,NORMAL
2026-06-17T17:09:29.681237+00:00,DION_001,482862,0.34372464681234083,SIMULATED,NORMAL
2026-06-17T17:09:29.691640+00:00,DION_001,482863,0.29170612972758503,SIMULATED,NORMAL
2026-06-17T17:09:29.702099+00:00,DION_001,482864,0.009941074828371643,SIMULATED,NORMAL
2026-06-17T17:09:29.712477+00:00,DION_001,482865,-0.16439610613070882,SIMULATED,NORMAL
2026-06-17T17:09:29.722921+00:00,DION_001,482866,0.10405252736354137,SIMULATED,NORMAL
2026-06-17T17:09:29.733261+00:00,DION_001,482867,0.04504748225907147,SIMULATED,NORMAL
2026-06-17T17:09:29.743515+00:00,DION_001,482868,-0.09586125395335401,SIMULATED,NORMAL
2026-06-17T17:09:29.754001+00:00,DION_001,482869,-0.15519585056068277,SIMULATED,NORMAL
2026-06-17T17:09:29.764341+00:00,DION_001,482870,-0.4052150629802742,SIMULATED,NORMAL
2026-06-17T17:09:29.774664+00:00,DION_001,482871,0.10171482027796067,SIMULATED,NORMAL
2026-06-17T17:09:29.784992+00:00,DION_001,482872,-0.1564754027833734,SIMULATED,NORMAL
2026-06-17T17:09:29.795418+00:00,DION_001,482873,-0.1559129301828805,SIMULATED,NORMAL
2026-06-17T17:09:29.805818+00:00,DION_001,482874,-0.029869779614376507,SIMULATED,NORMAL
2026-06-17T17:09:29.816199+00:00,DION_001,482875,-0.4243295298210695,SIMULATED,NORMAL
2026-06-17T17:09:29.826533+00:00,DION_001,482876,-0.12375620916596619,SIMULATED,NORMAL
2026-06-17T17:09:29.836866+00:00,DION_001,482877,0.023604870113506482,SIMULATED,NORMAL
2026-06-17T17:09:29.847275+00:00,DION_001,482878,-0.08507090810625156,SIMULATED,NORMAL
2026-06-17T17:09:29.857681+00:00,DION_001,482879,0.003426741923250376,SIMULATED,NORMAL
2026-06-17T17:09:29.867991+00:00,DION_001,482880,-2.37589895368092,SIMULATED,EVENT_DETECTED
2026-06-17T17:09:29.878432+00:00,DION_001,482881,-0.1372035695728342,SIMULATED,NORMAL
2026-06-17T17:09:29.888836+00:00,DION_001,482882,-0.16598688174918996,SIMULATED,NORMAL
2026-06-17T17:09:29.899261+00:00,DION_001,482883,-0.32531912501848165,SIMULATED,NORMAL
2026-06-17T17:09:29.909593+00:00,DION_001,482884,-0.1735774064432895,SIMULATED,NORMAL
2026-06-17T17:09:29.919977+00:00,DION_001,482885,-0.43538499641282863,SIMULATED,NORMAL
2026-06-17T17:09:29.930422+00:00,DION_001,482886,-0.03752153658242295,SIMULATED,NORMAL
2026-06-17T17:09:29.940761+00:00,DION_001,482887,-0.5183638355738498,SIMULATED,NORMAL
2026-06-17T17:09:29.951029+00:00,DION_001,482888,0.07792284797898955,SIMULATED,NORMAL
2026-06-17T17:09:29.961390+00:00,DION_001,482889,-0.04235690406803311,SIMULATED,NORMAL
2026-06-17T17:09:29.971760+00:00,DION_001,482890,0.13123355709365922,SIMULATED,NORMAL
2026-06-17T17:09:29.982097+00:00,DION_001,482891,0.04937418399666823,SIMULATED,NORMAL
2026-06-17T17:09:29.992521+00:00,DION_001,482892,0.07937311467483171,SIMULATED,NORMAL
2026-06-17T17:09:30.002962+00:00,DION_001,482893,-0.25552210166899997,SIMULATED,NORMAL
2026-06-17T17:09:30.013281+00:00,DION_001,482894,0.17785062223510462,SIMULATED,NORMAL
2026-06-17T17:09:30.023582+00:00,DION_001,482895,-0.002786674172422142,SIMULATED,NORMAL
2026-06-17T17:09:30.033903+00:00,DION_001,482896,-0.03944429948465113,SIMULATED,NORMAL
2026-06-17T17:09:30.044197+00:00,DION_001,482897,0.34168183423674336,SIMULATED,NORMAL
2026-06-17T17:09:30.054633+00:00,DION_001,482898,0.035079936087218544,SIMULATED,NORMAL
2026-06-17T17:09:30.064963+00:00,DION_001,482899,0.046161494891527655,SIMULATED,NORMAL
2026-06-17T17:09:30.075303+00:00,DION_001,482900,0.01858746765932469,SIMULATED,NORMAL
2026-06-17T17:09:30.085636+00:00,DION_001,482901,0.16193547366717606,SIMULATED,NORMAL
2026-06-17T17:09:30.095991+00:00,DION_001,482902,0.41692175107266655,SIMULATED,NORMAL
2026-06-17T17:09:30.106345+00:00,DION_001,482903,0.4608971807987229,SIMULATED,NORMAL
2026-06-17T17:09:30.116689+00:00,DION_001,482904,-0.015575465323414833,SIMULATED,NORMAL
2026-06-17T17:09:30.126998+00:00,DION_001,482905,0.12215546281468578,SIMULATED,NORMAL
2026-06-17T17:09:30.137460+00:00,DION_001,482906,0.13756606125160437,SIMULATED,NORMAL
2026-06-17T17:09:30.147779+00:00,DION_001,482907,0.2057389115738097,SIMULATED,NORMAL
2026-06-17T17:09:30.158099+00:00,DION_001,482908,0.042907920636839514,SIMULATED,NORMAL
2026-06-17T17:09:30.168425+00:00,DION_001,482909,0.17645589489464333,SIMULATED,NORMAL
2026-06-17T17:09:30.178913+00:00,DION_001,482910,0.38364931562483673,SIMULATED,NORMAL
2026-06-17T17:09:30.189315+00:00,DION_001,482911,0.3119173444880929,SIMULATED,NORMAL
2026-06-17T17:09:30.199600+00:00,DION_001,482912,0.11072121314657274,SIMULATED,NORMAL
2026-06-17T17:09:30.210003+00:00,DION_001,482913,-0.1925953360805991,SIMULATED,NORMAL
2026-06-17T17:09:30.220337+00:00,DION_001,482914,0.04410003557550042,SIMULATED,NORMAL
2026-06-17T17:09:30.230681+00:00,DION_001,482915,0.15281542264473197,SIMULATED,NORMAL
2026-06-17T17:09:30.241083+00:00,DION_001,482916,0.048227445562996275,SIMULATED,NORMAL
2026-06-17T17:09:30.251557+00:00,DION_001,482917,0.01386911902658871,SIMULATED,NORMAL
2026-06-17T17:09:30.261884+00:00,DION_001,482918,0.1971263031591671,SIMULATED,NORMAL
2026-06-17T17:09:30.272235+00:00,DION_001,482919,0.09342084121170897,SIMULATED,NORMAL
2026-06-17T17:09:30.282550+00:00,DION_001,482920,0.004139200084059852,SIMULATED,NORMAL
2026-06-17T17:09:30.292982+00:00,DION_001,482921,0.09782393748596652,SIMULATED,NORMAL
2026-06-17T17:09:30.303231+00:00,DION_001,482922,0.12723909492550214,SIMULATED,NORMAL
2026-06-17T17:09:30.313559+00:00,DION_001,482923,0.012893139023938974,SIMULATED,NORMAL
2026-06-17T17:09:30.323867+00:00,DION_001,482924,-0.031245378176180713,SIMULATED,NORMAL
2026-06-17T17:09:30.334309+00:00,DION_001,482925,-0.10395051823480778,SIMULATED,NORMAL
2026-06-17T17:09:30.344608+00:00,DION_001,482926,-0.15731181766902227,SIMULATED,NORMAL
2026-06-17T17:09:30.354922+00:00,DION_001,482927,-0.293892222027334,SIMULATED,NORMAL
2026-06-17T17:09:30.365230+00:00,DION_001,482928,-0.20698391416271267,SIMULATED,NORMAL
2026-06-17T17:09:30.375597+00:00,DION_001,482929,-0.37516434548380884,SIMULATED,NORMAL
2026-06-17T17:09:30.385976+00:00,DION_001,482930,-0.16556477836352462,SIMULATED,NORMAL
2026-06-17T17:09:30.396370+00:00,DION_001,482931,-0.17979315388185718,SIMULATED,NORMAL
2026-06-17T17:09:30.406872+00:00,DION_001,482932,-2.1842684026492516,SIMULATED,EVENT_DETECTED
2026-06-17T17:09:30.417495+00:00,DION_001,482933,-0.327386955596343,SIMULATED,NORMAL
2026-06-17T17:09:30.427823+00:00,DION_001,482934,-0.6387547348693728,SIMULATED,NORMAL
2026-06-17T17:09:30.438201+00:00,DION_001,482935,-0.5674088714337293,SIMULATED,NORMAL
2026-06-17T17:09:30.448529+00:00,DION_001,482936,-0.4021328398101275,SIMULATED,NORMAL
2026-06-17T17:09:30.459104+00:00,DION_001,482937,-0.6207689949308328,SIMULATED,NORMAL
2026-06-17T17:09:30.469460+00:00,DION_001,482938,-0.9553799996138423,SIMULATED,NORMAL
2026-06-17T17:09:30.479838+00:00,DION_001,482939,-0.8572613268672462,SIMULATED,NORMAL
2026-06-17T17:09:30.490270+00:00,DION_001,482940,-0.9368632905508048,SIMULATED,NORMAL
2026-06-17T17:09:30.500619+00:00,DION_001,482941,-0.5741005332495678,SIMULATED,NORMAL
2026-06-17T17:09:30.511054+00:00,DION_001,482942,-0.7078778169872952,SIMULATED,NORMAL
2026-06-17T17:09:30.521401+00:00,DION_001,482943,-0.9852492655671514,SIMULATED,NORMAL
2026-06-17T17:09:30.531717+00:00,DION_001,482944,-0.8954254361155449,SIMULATED,NORMAL
2026-06-17T17:09:30.542099+00:00,DION_001,482945,-0.9646129645891028,SIMULATED,NORMAL
2026-06-17T17:09:30.552502+00:00,DION_001,482946,-1.1181566048188498,SIMULATED,NORMAL
2026-06-17T17:09:30.563103+00:00,DION_001,482947,-1.210690848568272,SIMULATED,NORMAL
2026-06-17T17:09:30.573392+00:00,DION_001,482948,-1.2201150446347497,SIMULATED,NORMAL
2026-06-17T17:09:30.583696+00:00,DION_001,482949,-0.9461531650253311,SIMULATED,NORMAL
2026-06-17T17:09:30.594101+00:00,DION_001,482950,-1.0525845645347915,SIMULATED,NORMAL
2026-06-17T17:09:30.604453+00:00,DION_001,482951,-1.1446382642501716,SIMULATED,NORMAL
2026-06-17T17:09:30.614849+00:00,DION_001,482952,-1.0415024926058103,SIMULATED,NORMAL
2026-06-17T17:09:30.625221+00:00,DION_001,482953,-1.0827589495877057,SIMULATED,NORMAL
2026-06-17T17:09:30.635490+00:00,DION_001,482954,-1.07371216561309,SIMULATED,NORMAL
2026-06-17T17:09:30.645858+00:00,DION_001,482955,-1.18744968501464,SIMULATED,NORMAL
2026-06-17T17:09:30.656149+00:00,DION_001,482956,-1.1511388602070256,SIMULATED,NORMAL
2026-06-17T17:09:30.666675+00:00,DION_001,482957,-0.8615946162885465,SIMULATED,NORMAL
2026-06-17T17:09:30.676946+00:00,DION_001,482958,-1.2761509918178484,SIMULATED,NORMAL
2026-06-17T17:09:30.687360+00:00,DION_001,482959,-0.9686168317265351,SIMULATED,NORMAL
2026-06-17T17:09:30.697895+00:00,DION_001,482960,-1.0733878665897685,SIMULATED,NORMAL
2026-06-17T17:09:30.708207+00:00,DION_001,482961,-0.9750858347332969,SIMULATED,NORMAL
2026-06-17T17:09:30.718631+00:00,DION_001,482962,-1.4204129058552164,SIMULATED,NORMAL
2026-06-17T17:09:30.728925+00:00,DION_001,482963,-1.1472183619602565,SIMULATED,NORMAL
2026-06-17T17:09:30.739238+00:00,DION_001,482964,-1.0308405558845715,SIMULATED,NORMAL
2026-06-17T17:09:30.749645+00:00,DION_001,482965,-1.0804861405485666,SIMULATED,NORMAL
2026-06-17T17:09:30.759923+00:00,DION_001,482966,-0.8870370284299962,SIMULATED,NORMAL
2026-06-17T17:09:30.770374+00:00,DION_001,482967,-0.8707399338638103,SIMULATED,NORMAL
2026-06-17T17:09:30.780966+00:00,DION_001,482968,-0.8678998867701526,SIMULATED,NORMAL
2026-06-17T17:09:30.791349+00:00,DION_001,482969,-0.9546680242503924,SIMULATED,NORMAL
2026-06-17T17:09:30.801852+00:00,DION_001,482970,-1.1549613186485417,SIMULATED,NORMAL
2026-06-17T17:09:30.812235+00:00,DION_001,482971,-0.5585478813596811,SIMULATED,NORMAL
2026-06-17T17:09:30.822883+00:00,DION_001,482972,-0.838709139419676,SIMULATED,NORMAL
2026-06-17T17:09:30.833392+00:00,DION_001,482973,-0.7805714155111634,SIMULATED,NORMAL
2026-06-17T17:09:30.843958+00:00,DION_001,482974,-0.8095001694981052,SIMULATED,NORMAL
2026-06-17T17:09:30.854686+00:00,DION_001,482975,-0.9059882964225322,SIMULATED,NORMAL
2026-06-17T17:09:30.865254+00:00,DION_001,482976,-0.6179699088108029,SIMULATED,NORMAL
2026-06-17T17:09:30.876091+00:00,DION_001,482977,-0.5725140832683047,SIMULATED,NORMAL
2026-06-17T17:09:30.886886+00:00,DION_001,482978,-0.6632761561019285,SIMULATED,NORMAL
2026-06-17T17:09:30.897440+00:00,DION_001,482979,-0.644447572649294,SIMULATED,NORMAL
2026-06-17T17:09:30.907999+00:00,DION_001,482980,-0.4106548662583135,SIMULATED,NORMAL
2026-06-17T17:09:30.918597+00:00,DION_001,482981,-0.6815173114264182,SIMULATED,NORMAL
2026-06-17T17:09:30.929169+00:00,DION_001,482982,-0.4843254010873375,SIMULATED,NORMAL
2026-06-17T17:09:30.939827+00:00,DION_001,482983,-0.8640212367822989,SIMULATED,NORMAL
2026-06-17T17:09:30.950359+00:00,DION_001,482984,-0.5422909171771371,SIMULATED,NORMAL
2026-06-17T17:09:30.960849+00:00,DION_001,482985,-0.6967388455590475,SIMULATED,NORMAL
2026-06-17T17:09:30.971538+00:00,DION_001,482986,-0.6166516542420001,SIMULATED,NORMAL
2026-06-17T17:09:30.982372+00:00,DION_001,482987,-0.532264850035383,SIMULATED,NORMAL
2026-06-17T17:09:30.992871+00:00,DION_001,482988,-0.11031121419929002,SIMULATED,NORMAL
2026-06-17T17:09:31.003419+00:00,DION_001,482989,-0.22355162097816167,SIMULATED,NORMAL
2026-06-17T17:09:31.013839+00:00,DION_001,482990,-0.28328761407675157,SIMULATED,NORMAL
2026-06-17T17:09:31.024300+00:00,DION_001,482991,-0.46333486231595866,SIMULATED,NORMAL
2026-06-17T17:09:31.034647+00:00,DION_001,482992,-0.5823251609640356,SIMULATED,NORMAL
2026-06-17T17:09:31.045068+00:00,DION_001,482993,-0.7020818735398016,SIMULATED,NORMAL
2026-06-17T17:09:31.055462+00:00,DION_001,482994,-0.27014649140410946,SIMULATED,NORMAL
2026-06-17T17:09:31.065772+00:00,DION_001,482995,-0.14295900650615034,SIMULATED,NORMAL
2026-06-17T17:09:31.076093+00:00,DION_001,482996,-0.377576116670604,SIMULATED,NORMAL
2026-06-17T17:09:31.086395+00:00,DION_001,482997,-0.4715330162645036,SIMULATED,NORMAL
2026-06-17T17:09:31.096825+00:00,DION_001,482998,-0.3925028211615003,SIMULATED,NORMAL
2026-06-17T17:09:31.107314+00:00,DION_001,482999,-0.4235211759807793,SIMULATED,NORMAL
2026-06-17T17:09:31.117804+00:00,DION_001,483000,-0.3945384162534055,SIMULATED,NORMAL
2026-06-17T17:09:31.128339+00:00,DION_001,483001,-0.49678382442239427,SIMULATED,NORMAL
2026-06-17T17:09:31.139004+00:00,DION_001,483002,-0.4654182555602134,SIMULATED,NORMAL
2026-06-17T17:09:31.149533+00:00,DION_001,483003,-0.5517822636104605,SIMULATED,NORMAL
2026-06-17T17:09:31.160123+00:00,DION_001,483004,-0.5996525275625755,SIMULATED,NORMAL
2026-06-17T17:09:31.170561+00:00,DION_001,483005,-0.49566500427891685,SIMULATED,NORMAL
2026-06-17T17:09:31.181045+00:00,DION_001,483006,-0.48872970756992196,SIMULATED,NORMAL
2026-06-17T17:09:31.191578+00:00,DION_001,483007,-0.4618265367986325,SIMULATED,NORMAL
2026-06-17T17:09:31.202175+00:00,DION_001,483008,-0.8611493142798257,SIMULATED,NORMAL
2026-06-17T17:09:31.212931+00:00,DION_001,483009,-0.3395152149813319,SIMULATED,NORMAL
2026-06-17T17:09:31.223605+00:00,DION_001,483010,-0.5095541142214592,SIMULATED,NORMAL
2026-06-17T17:09:31.234188+00:00,DION_001,483011,-0.6408614641667939,SIMULATED,NORMAL
2026-06-17T17:09:31.244803+00:00,DION_001,483012,-0.47587453577636724,SIMULATED,NORMAL
2026-06-17T17:09:31.255531+00:00,DION_001,483013,-0.5420100652722526,SIMULATED,NORMAL
2026-06-17T17:09:31.266090+00:00,DION_001,483014,-0.8624877216533782,SIMULATED,NORMAL
2026-06-17T17:09:31.276664+00:00,DION_001,483015,-1.0884554131418933,SIMULATED,NORMAL
2026-06-17T17:09:31.287279+00:00,DION_001,483016,-0.80989264203232,SIMULATED,NORMAL
2026-06-17T17:09:31.297790+00:00,DION_001,483017,-0.6574812947598203,SIMULATED,NORMAL
2026-06-17T17:09:31.308320+00:00,DION_001,483018,-0.904876895807319,SIMULATED,NORMAL
2026-06-17T17:09:31.319153+00:00,DION_001,483019,-0.8183549149880347,SIMULATED,NORMAL
2026-06-17T17:09:31.329704+00:00,DION_001,483020,-0.8743276222510095,SIMULATED,NORMAL
2026-06-17T17:09:31.340331+00:00,DION_001,483021,-0.8447394035429383,SIMULATED,NORMAL
2026-06-17T17:09:31.351462+00:00,DION_001,483022,-0.7063538112033652,SIMULATED,NORMAL
2026-06-17T17:09:31.361974+00:00,DION_001,483023,-0.8629939548922835,SIMULATED,NORMAL
2026-06-17T17:09:31.372492+00:00,DION_001,483024,-1.0980844872358562,SIMULATED,NORMAL
2026-06-17T17:09:31.383321+00:00,DION_001,483025,-0.9968787459366002,SIMULATED,NORMAL
2026-06-17T17:09:31.394178+00:00,DION_001,483026,-1.180208907524486,SIMULATED,NORMAL
2026-06-17T17:09:31.404858+00:00,DION_001,483027,-0.9158183720702014,SIMULATED,NORMAL
2026-06-17T17:09:31.415751+00:00,DION_001,483028,-1.2163153165315324,SIMULATED,NORMAL
2026-06-17T17:09:31.426335+00:00,DION_001,483029,-0.9003503675398354,SIMULATED,NORMAL
2026-06-17T17:09:31.436978+00:00,DION_001,483030,-0.975681600669271,SIMULATED,NORMAL
2026-06-17T17:09:31.447467+00:00,DION_001,483031,-0.9308379316359396,SIMULATED,NORMAL
2026-06-17T17:09:31.457939+00:00,DION_001,483032,-0.9576413871454965,SIMULATED,NORMAL
2026-06-17T17:09:31.468816+00:00,DION_001,483033,-0.8349181693359723,SIMULATED,NORMAL
2026-06-17T17:09:31.479448+00:00,DION_001,483034,-1.002153912898565,SIMULATED,NORMAL
2026-06-17T17:09:31.490121+00:00,DION_001,483035,-0.9757399048136477,SIMULATED,NORMAL
2026-06-17T17:09:31.500778+00:00,DION_001,483036,-0.9162188262060318,SIMULATED,NORMAL
2026-06-17T17:09:31.511616+00:00,DION_001,483037,-0.8758969665041698,SIMULATED,NORMAL
2026-06-17T17:09:31.522155+00:00,DION_001,483038,-1.017041678319898,SIMULATED,NORMAL
2026-06-17T17:09:31.532659+00:00,DION_001,483039,-0.8196750718997566,SIMULATED,NORMAL
2026-06-17T17:09:31.543233+00:00,DION_001,483040,-0.7758875003011164,SIMULATED,NORMAL
2026-06-17T17:09:31.554040+00:00,DION_001,483041,-0.9352634356462148,SIMULATED,NORMAL
2026-06-17T17:09:31.564679+00:00,DION_001,483042,-0.8192750900501669,SIMULATED,NORMAL
2026-06-17T17:09:31.575194+00:00,DION_001,483043,-0.84444426079065,SIMULATED,NORMAL
2026-06-17T17:09:31.585766+00:00,DION_001,483044,-0.5005723393063602,SIMULATED,NORMAL
2026-06-17T17:09:31.596646+00:00,DION_001,483045,-0.6409991247263653,SIMULATED,NORMAL
2026-06-17T17:09:31.607044+00:00,DION_001,483046,-0.6861587743938178,SIMULATED,NORMAL
2026-06-17T17:09:31.617572+00:00,DION_001,483047,-0.674183696857507,SIMULATED,NORMAL
2026-06-17T17:09:31.628321+00:00,DION_001,483048,-0.544072027044917,SIMULATED,NORMAL
2026-06-17T17:09:31.638924+00:00,DION_001,483049,-0.539882966658901,SIMULATED,NORMAL
2026-06-17T17:09:31.649474+00:00,DION_001,483050,-0.6340425745832668,SIMULATED,NORMAL
2026-06-17T17:09:31.660077+00:00,DION_001,483051,-0.4078525915090652,SIMULATED,NORMAL
2026-06-17T17:09:31.670658+00:00,DION_001,483052,-0.2804226937042716,SIMULATED,NORMAL
2026-06-17T17:09:31.681330+00:00,DION_001,483053,-0.1914093178098994,SIMULATED,NORMAL
2026-06-17T17:09:31.691895+00:00,DION_001,483054,-0.2580537649581187,SIMULATED,NORMAL
2026-06-17T17:09:31.702518+00:00,DION_001,483055,-0.2646908696071653,SIMULATED,NORMAL
2026-06-17T17:09:31.713002+00:00,DION_001,483056,-0.4874652708458579,SIMULATED,NORMAL
2026-06-17T17:09:31.723696+00:00,DION_001,483057,-0.09192357247935805,SIMULATED,NORMAL
2026-06-17T17:09:31.734259+00:00,DION_001,483058,-0.3857836916590087,SIMULATED,NORMAL
2026-06-17T17:09:31.744845+00:00,DION_001,483059,-0.33552975122931167,SIMULATED,NORMAL
2026-06-17T17:09:31.755568+00:00,DION_001,483060,-0.059012003612541886,SIMULATED,NORMAL
2026-06-17T17:09:31.766147+00:00,DION_001,483061,-0.1104802655837241,SIMULATED,NORMAL
2026-06-17T17:09:31.776748+00:00,DION_001,483062,0.04977371094563592,SIMULATED,NORMAL
2026-06-17T17:09:31.787361+00:00,DION_001,483063,0.15698966293350924,SIMULATED,NORMAL
2026-06-17T17:09:31.797974+00:00,DION_001,483064,0.3889031603639729,SIMULATED,NORMAL
2026-06-17T17:09:31.808665+00:00,DION_001,483065,-0.05120403605840493,SIMULATED,NORMAL
2026-06-17T17:09:31.819362+00:00,DION_001,483066,0.23100291536624953,SIMULATED,NORMAL
2026-06-17T17:09:31.830242+00:00,DION_001,483067,0.1364214718952413,SIMULATED,NORMAL
2026-06-17T17:09:31.840860+00:00,DION_001,483068,0.37154449543341417,SIMULATED,NORMAL
2026-06-17T17:09:31.851526+00:00,DION_001,483069,0.33358672421245383,SIMULATED,NORMAL
2026-06-17T17:09:31.862148+00:00,DION_001,483070,0.32107911558284596,SIMULATED,NORMAL
2026-06-17T17:09:31.872888+00:00,DION_001,483071,-0.1257431217766513,SIMULATED,NORMAL
2026-06-17T17:09:31.883582+00:00,DION_001,483072,-0.1287496100538595,SIMULATED,NORMAL
2026-06-17T17:09:31.894325+00:00,DION_001,483073,0.2818836231584163,SIMULATED,NORMAL
2026-06-17T17:09:31.905149+00:00,DION_001,483074,0.48485644762710073,SIMULATED,NORMAL
2026-06-17T17:09:31.915739+00:00,DION_001,483075,0.1855141279320565,SIMULATED,NORMAL
2026-06-17T17:09:31.926362+00:00,DION_001,483076,0.22235423369279742,SIMULATED,NORMAL
2026-06-17T17:09:31.937058+00:00,DION_001,483077,0.4933412055183726,SIMULATED,NORMAL
2026-06-17T17:09:31.947692+00:00,DION_001,483078,0.005143550173959899,SIMULATED,NORMAL
2026-06-17T17:09:31.958296+00:00,DION_001,483079,0.035103133947584186,SIMULATED,NORMAL
2026-06-17T17:09:31.968971+00:00,DION_001,483080,-0.0964934097534284,SIMULATED,NORMAL
2026-06-17T17:09:31.979629+00:00,DION_001,483081,0.4074776935530088,SIMULATED,NORMAL
2026-06-17T17:09:31.990254+00:00,DION_001,483082,0.34099482213576593,SIMULATED,NORMAL
2026-06-17T17:09:32.000853+00:00,DION_001,483083,1.8870085595766675,SIMULATED,NORMAL
2026-06-17T17:09:32.011769+00:00,DION_001,483084,0.20440360947031985,SIMULATED,NORMAL
2026-06-17T17:09:32.022446+00:00,DION_001,483085,0.5196580427364046,SIMULATED,NORMAL
2026-06-17T17:09:32.033027+00:00,DION_001,483086,0.16960217298118563,SIMULATED,NORMAL
2026-06-17T17:09:32.043603+00:00,DION_001,483087,2.4243749451630436,SIMULATED,EVENT_DETECTED
2026-06-17T17:09:32.054248+00:00,DION_001,483088,0.1838504181015651,SIMULATED,NORMAL
2026-06-17T17:09:32.064809+00:00,DION_001,483089,0.08894751300569553,SIMULATED,NORMAL
2026-06-17T17:09:32.075513+00:00,DION_001,483090,0.030743801292039324,SIMULATED,NORMAL
2026-06-17T17:09:32.085983+00:00,DION_001,483091,0.21725702772857575,SIMULATED,NORMAL
2026-06-17T17:09:32.096447+00:00,DION_001,483092,0.1268077922609726,SIMULATED,NORMAL
2026-06-17T17:09:32.106977+00:00,DION_001,483093,0.20341465234618522,SIMULATED,NORMAL
2026-06-17T17:09:32.117498+00:00,DION_001,483094,0.26307611170267514,SIMULATED,NORMAL
2026-06-17T17:09:32.127819+00:00,DION_001,483095,0.2590176434565622,SIMULATED,NORMAL
2026-06-17T17:09:32.138213+00:00,DION_001,483096,0.10367934870058432,SIMULATED,NORMAL
2026-06-17T17:09:32.148652+00:00,DION_001,483097,0.08177889841912996,SIMULATED,NORMAL
2026-06-17T17:09:32.158986+00:00,DION_001,483098,-0.14607172855727124,SIMULATED,NORMAL
2026-06-17T17:09:32.169310+00:00,DION_001,483099,-0.23805155268232153,SIMULATED,NORMAL
2026-06-17T17:09:32.179637+00:00,DION_001,483100,-0.18940587625905106,SIMULATED,NORMAL
2026-06-17T17:09:32.190042+00:00,DION_001,483101,-0.040984440885544975,SIMULATED,NORMAL
2026-06-17T17:09:32.200671+00:00,DION_001,483102,0.22385681903377747,SIMULATED,NORMAL
2026-06-17T17:09:32.211317+00:00,DION_001,483103,-0.2063964433501688,SIMULATED,NORMAL
2026-06-17T17:09:32.222161+00:00,DION_001,483104,-0.38440466560799325,SIMULATED,NORMAL
2026-06-17T17:09:32.232732+00:00,DION_001,483105,0.012025529706895619,SIMULATED,NORMAL
2026-06-17T17:09:32.243300+00:00,DION_001,483106,-0.06944758992705968,SIMULATED,NORMAL
2026-06-17T17:09:32.253848+00:00,DION_001,483107,-0.29362472849744037,SIMULATED,NORMAL
2026-06-17T17:09:32.264393+00:00,DION_001,483108,-0.1992657328153743,SIMULATED,NORMAL
2026-06-17T17:09:32.274939+00:00,DION_001,483109,-0.10768015677095429,SIMULATED,NORMAL
2026-06-17T17:09:32.285301+00:00,DION_001,483110,-0.2265886180176167,SIMULATED,NORMAL
2026-06-17T17:09:32.295614+00:00,DION_001,483111,-0.06816166845107495,SIMULATED,NORMAL
2026-06-17T17:09:32.306071+00:00,DION_001,483112,0.07141442535735736,SIMULATED,NORMAL
2026-06-17T17:09:32.316683+00:00,DION_001,483113,0.004385551903847809,SIMULATED,NORMAL
2026-06-17T17:09:32.327311+00:00,DION_001,483114,-0.2506105963035782,SIMULATED,NORMAL
2026-06-17T17:09:32.337988+00:00,DION_001,483115,-0.09053475160878977,SIMULATED,NORMAL
2026-06-17T17:09:32.348701+00:00,DION_001,483116,0.07718760149707406,SIMULATED,NORMAL
2026-06-17T17:09:32.359278+00:00,DION_001,483117,0.10780877345550363,SIMULATED,NORMAL
2026-06-17T17:09:32.369855+00:00,DION_001,483118,0.06740827173798164,SIMULATED,NORMAL
2026-06-17T17:09:32.380527+00:00,DION_001,483119,0.006232557970797886,SIMULATED,NORMAL
2026-06-17T17:09:32.391199+00:00,DION_001,483120,0.08325100510440807,SIMULATED,NORMAL
2026-06-17T17:09:32.401772+00:00,DION_001,483121,0.24330128170254742,SIMULATED,NORMAL
2026-06-17T17:09:32.412321+00:00,DION_001,483122,0.059689206643441295,SIMULATED,NORMAL
2026-06-17T17:09:32.423043+00:00,DION_001,483123,0.26894367240905787,SIMULATED,NORMAL
2026-06-17T17:09:32.433668+00:00,DION_001,483124,0.4196614788595923,SIMULATED,NORMAL
2026-06-17T17:09:32.444351+00:00,DION_001,483125,0.4445739644539557,SIMULATED,NORMAL
2026-06-17T17:09:32.455363+00:00,DION_001,483126,0.307968929218101,SIMULATED,NORMAL
2026-06-17T17:09:32.465837+00:00,DION_001,483127,0.7398109978542871,SIMULATED,NORMAL
2026-06-17T17:09:32.476399+00:00,DION_001,483128,0.3117623071307559,SIMULATED,NORMAL
2026-06-17T17:09:32.487096+00:00,DION_001,483129,0.5698956609160839,SIMULATED,NORMAL
2026-06-17T17:09:32.497682+00:00,DION_001,483130,0.47633002008703385,SIMULATED,NORMAL
2026-06-17T17:09:32.508255+00:00,DION_001,483131,0.7526522035241695,SIMULATED,NORMAL
2026-06-17T17:09:32.518781+00:00,DION_001,483132,0.8260753904802436,SIMULATED,NORMAL
2026-06-17T17:09:32.529326+00:00,DION_001,483133,0.9831425493829204,SIMULATED,NORMAL
2026-06-17T17:09:32.539775+00:00,DION_001,483134,0.6780253691098941,SIMULATED,NORMAL
2026-06-17T17:09:32.550201+00:00,DION_001,483135,0.7377430313691418,SIMULATED,NORMAL
2026-06-17T17:09:32.560763+00:00,DION_001,483136,0.43288204471812025,SIMULATED,NORMAL
2026-06-17T17:09:32.571431+00:00,DION_001,483137,0.7258871893344586,SIMULATED,NORMAL
2026-06-17T17:09:32.581870+00:00,DION_001,483138,0.9942241450787015,SIMULATED,NORMAL
2026-06-17T17:09:32.592377+00:00,DION_001,483139,0.7965513554127459,SIMULATED,NORMAL
2026-06-17T17:09:32.602760+00:00,DION_001,483140,0.7422623827081558,SIMULATED,NORMAL
2026-06-17T17:09:32.613139+00:00,DION_001,483141,0.9152766771586502,SIMULATED,NORMAL
2026-06-17T17:09:32.623592+00:00,DION_001,483142,0.9785728071010138,SIMULATED,NORMAL
2026-06-17T17:09:32.634229+00:00,DION_001,483143,0.9239524672785492,SIMULATED,NORMAL
2026-06-17T17:09:32.644740+00:00,DION_001,483144,1.17378162332108,SIMULATED,NORMAL
2026-06-17T17:09:32.655397+00:00,DION_001,483145,1.18680740876251,SIMULATED,NORMAL
2026-06-17T17:09:32.665884+00:00,DION_001,483146,1.0581081159013954,SIMULATED,NORMAL
2026-06-17T17:09:32.676462+00:00,DION_001,483147,1.202632876430529,SIMULATED,NORMAL
2026-06-17T17:09:32.687212+00:00,DION_001,483148,0.8839955008986169,SIMULATED,NORMAL
2026-06-17T17:09:32.697874+00:00,DION_001,483149,1.3221365518245094,SIMULATED,NORMAL
2026-06-17T17:09:32.708469+00:00,DION_001,483150,1.3986771732607182,SIMULATED,NORMAL
2026-06-17T17:09:32.719319+00:00,DION_001,483151,1.233317229778812,SIMULATED,NORMAL
2026-06-17T17:09:32.729946+00:00,DION_001,483152,0.9766403709231247,SIMULATED,NORMAL
2026-06-17T17:09:32.740729+00:00,DION_001,483153,1.0028716286736934,SIMULATED,NORMAL
2026-06-17T17:09:32.751379+00:00,DION_001,483154,1.273582027754686,SIMULATED,NORMAL
2026-06-17T17:09:32.761937+00:00,DION_001,483155,1.171748576317109,SIMULATED,NORMAL
2026-06-17T17:09:32.772685+00:00,DION_001,483156,1.209566879949783,SIMULATED,NORMAL
2026-06-17T17:09:32.783265+00:00,DION_001,483157,0.9798786844443086,SIMULATED,NORMAL
2026-06-17T17:09:32.793839+00:00,DION_001,483158,1.4180453040497598,SIMULATED,NORMAL
2026-06-17T17:09:32.804460+00:00,DION_001,483159,1.2244911597582615,SIMULATED,NORMAL
2026-06-17T17:09:32.815130+00:00,DION_001,483160,1.102387195307559,SIMULATED,NORMAL
2026-06-17T17:09:32.825659+00:00,DION_001,483161,0.9592499767563089,SIMULATED,NORMAL
2026-06-17T17:09:32.836091+00:00,DION_001,483162,1.2080648045803781,SIMULATED,NORMAL
2026-06-17T17:09:32.846505+00:00,DION_001,483163,2.883424462162493,SIMULATED,EVENT_DETECTED
2026-06-17T17:09:32.857130+00:00,DION_001,483164,0.9843063086686216,SIMULATED,NORMAL
2026-06-17T17:09:32.867643+00:00,DION_001,483165,0.8096053655498383,SIMULATED,NORMAL
2026-06-17T17:09:32.878127+00:00,DION_001,483166,0.8645273651607467,SIMULATED,NORMAL
2026-06-17T17:09:32.888869+00:00,DION_001,483167,0.950920327160871,SIMULATED,NORMAL
2026-06-17T17:09:32.899476+00:00,DION_001,483168,0.8660098051146335,SIMULATED,NORMAL
2026-06-17T17:09:32.910032+00:00,DION_001,483169,0.6726867710300009,SIMULATED,NORMAL
2026-06-17T17:09:32.920677+00:00,DION_001,483170,0.8143146204471875,SIMULATED,NORMAL
2026-06-17T17:09:32.931281+00:00,DION_001,483171,0.8669872799046916,SIMULATED,NORMAL
2026-06-17T17:09:32.941881+00:00,DION_001,483172,0.7224399402301145,SIMULATED,NORMAL
2026-06-17T17:09:32.952459+00:00,DION_001,483173,0.7762802777775704,SIMULATED,NORMAL
2026-06-17T17:09:32.963099+00:00,DION_001,483174,0.6973091014059152,SIMULATED,NORMAL
2026-06-17T17:09:32.973642+00:00,DION_001,483175,0.5983244714386712,SIMULATED,NORMAL
2026-06-17T17:09:32.984150+00:00,DION_001,483176,0.6695883291402736,SIMULATED,NORMAL
2026-06-17T17:09:32.994704+00:00,DION_001,483177,0.3781481333815383,SIMULATED,NORMAL
2026-06-17T17:09:33.005182+00:00,DION_001,483178,0.5812522414848884,SIMULATED,NORMAL
2026-06-17T17:09:33.015625+00:00,DION_001,483179,0.6989198317994677,SIMULATED,NORMAL
2026-06-17T17:09:33.026139+00:00,DION_001,483180,0.2628728057108364,SIMULATED,NORMAL
2026-06-17T17:09:33.036710+00:00,DION_001,483181,0.43667863956114555,SIMULATED,NORMAL
2026-06-17T17:09:33.047188+00:00,DION_001,483182,0.5416197300711689,SIMULATED,NORMAL
2026-06-17T17:09:33.057758+00:00,DION_001,483183,0.5220608551929028,SIMULATED,NORMAL
2026-06-17T17:09:33.068302+00:00,DION_001,483184,0.31383491596890895,SIMULATED,NORMAL
2026-06-17T17:09:33.078940+00:00,DION_001,483185,0.416099939329552,SIMULATED,NORMAL
2026-06-17T17:09:33.089601+00:00,DION_001,483186,0.34698525585525586,SIMULATED,NORMAL
2026-06-17T17:09:33.100255+00:00,DION_001,483187,0.5935001807136919,SIMULATED,NORMAL
2026-06-17T17:09:33.110811+00:00,DION_001,483188,0.6514262208111159,SIMULATED,NORMAL
2026-06-17T17:09:33.121464+00:00,DION_001,483189,0.19846010759992397,SIMULATED,NORMAL
2026-06-17T17:09:33.132019+00:00,DION_001,483190,0.39541025460837215,SIMULATED,NORMAL
2026-06-17T17:09:33.142601+00:00,DION_001,483191,0.2982915073531306,SIMULATED,NORMAL
2026-06-17T17:09:33.153632+00:00,DION_001,483192,0.7181407192352277,SIMULATED,NORMAL
2026-06-17T17:09:33.164115+00:00,DION_001,483193,0.3636807089902704,SIMULATED,NORMAL
2026-06-17T17:09:33.174640+00:00,DION_001,483194,0.3015349148690847,SIMULATED,NORMAL
2026-06-17T17:09:33.185116+00:00,DION_001,483195,0.3770358610263741,SIMULATED,NORMAL
2026-06-17T17:09:33.195596+00:00,DION_001,483196,0.29227038014680434,SIMULATED,NORMAL
2026-06-17T17:09:33.206202+00:00,DION_001,483197,-1.3163356218912772,SIMULATED,NORMAL
2026-06-17T17:09:33.216706+00:00,DION_001,483198,0.2712688642585981,SIMULATED,NORMAL
2026-06-17T17:09:33.227170+00:00,DION_001,483199,0.5450648147937073,SIMULATED,NORMAL
2026-06-17T17:09:33.237728+00:00,DION_001,483200,0.4462674397671524,SIMULATED,NORMAL
2026-06-17T17:09:33.248200+00:00,DION_001,483201,0.5707874068398656,SIMULATED,NORMAL
2026-06-17T17:09:33.258552+00:00,DION_001,483202,0.7275409412314737,SIMULATED,NORMAL
2026-06-17T17:09:33.269215+00:00,DION_001,483203,0.7347685567681261,SIMULATED,NORMAL
2026-06-17T17:09:33.279535+00:00,DION_001,483204,0.23486045350510443,SIMULATED,NORMAL
2026-06-17T17:09:33.289940+00:00,DION_001,483205,0.3494649423204384,SIMULATED,NORMAL
2026-06-17T17:09:33.300392+00:00,DION_001,483206,0.6368442104463714,SIMULATED,NORMAL
2026-06-17T17:09:33.310946+00:00,DION_001,483207,0.509854467612614,SIMULATED,NORMAL
2026-06-17T17:09:33.321472+00:00,DION_001,483208,0.6120765133025415,SIMULATED,NORMAL
2026-06-17T17:09:33.332037+00:00,DION_001,483209,0.8853784575203925,SIMULATED,NORMAL
2026-06-17T17:09:33.342596+00:00,DION_001,483210,0.8551620745425269,SIMULATED,NORMAL
2026-06-17T17:09:33.353134+00:00,DION_001,483211,0.5460794723357504,SIMULATED,NORMAL
2026-06-17T17:09:33.363702+00:00,DION_001,483212,0.6861964452999332,SIMULATED,NORMAL
2026-06-17T17:09:33.374193+00:00,DION_001,483213,0.7680627324935907,SIMULATED,NORMAL
2026-06-17T17:09:33.384752+00:00,DION_001,483214,0.7669564688453221,SIMULATED,NORMAL
2026-06-17T17:09:33.395186+00:00,DION_001,483215,0.8732130107983537,SIMULATED,NORMAL
2026-06-17T17:09:33.405970+00:00,DION_001,483216,1.0115580531981103,SIMULATED,NORMAL
2026-06-17T17:09:33.416329+00:00,DION_001,483217,1.1997114061182061,SIMULATED,NORMAL
2026-06-17T17:09:33.426797+00:00,DION_001,483218,0.8439341874039274,SIMULATED,NORMAL
2026-06-17T17:09:33.437251+00:00,DION_001,483219,0.921033481528456,SIMULATED,NORMAL
2026-06-17T17:09:33.447808+00:00,DION_001,483220,1.124186202440141,SIMULATED,NORMAL
2026-06-17T17:09:33.458336+00:00,DION_001,483221,1.142863007957347,SIMULATED,NORMAL
2026-06-17T17:09:33.468870+00:00,DION_001,483222,0.9730804873378043,SIMULATED,NORMAL
2026-06-17T17:09:33.479604+00:00,DION_001,483223,0.8195178561788152,SIMULATED,NORMAL
2026-06-17T17:09:33.490132+00:00,DION_001,483224,0.9556078144826998,SIMULATED,NORMAL
2026-06-17T17:09:33.500700+00:00,DION_001,483225,0.8105294537867502,SIMULATED,NORMAL
2026-06-17T17:09:33.511244+00:00,DION_001,483226,0.8171851723589634,SIMULATED,NORMAL
2026-06-17T17:09:33.521951+00:00,DION_001,483227,1.0677119896458276,SIMULATED,NORMAL
2026-06-17T17:09:33.532454+00:00,DION_001,483228,1.1500656721796538,SIMULATED,NORMAL
2026-06-17T17:09:33.543130+00:00,DION_001,483229,0.8647262848603987,SIMULATED,NORMAL
2026-06-17T17:09:33.553730+00:00,DION_001,483230,0.9997150623396578,SIMULATED,NORMAL
2026-06-17T17:09:33.564267+00:00,DION_001,483231,0.8741207315217432,SIMULATED,NORMAL
2026-06-17T17:09:33.574800+00:00,DION_001,483232,0.997754046096504,SIMULATED,NORMAL
2026-06-17T17:09:33.585478+00:00,DION_001,483233,0.9655574814863134,SIMULATED,NORMAL
2026-06-17T17:09:33.596239+00:00,DION_001,483234,0.5851151758802638,SIMULATED,NORMAL
2026-06-17T17:09:33.606812+00:00,DION_001,483235,0.669997806846721,SIMULATED,NORMAL
2026-06-17T17:09:33.617278+00:00,DION_001,483236,0.8897353152945386,SIMULATED,NORMAL
2026-06-17T17:09:33.628391+00:00,DION_001,483237,0.6424795113049887,SIMULATED,NORMAL
2026-06-17T17:09:33.639106+00:00,DION_001,483238,0.7062053175681077,SIMULATED,NORMAL
2026-06-17T17:09:33.649630+00:00,DION_001,483239,0.6814219964069937,SIMULATED,NORMAL
2026-06-17T17:09:33.660224+00:00,DION_001,483240,0.5328420007516907,SIMULATED,NORMAL
2026-06-17T17:09:33.670833+00:00,DION_001,483241,0.5755019236739418,SIMULATED,NORMAL
2026-06-17T17:09:33.681366+00:00,DION_001,483242,0.4626115576998705,SIMULATED,NORMAL
2026-06-17T17:09:33.691943+00:00,DION_001,483243,0.43052600752969594,SIMULATED,NORMAL
2026-06-17T17:09:33.702535+00:00,DION_001,483244,0.5253048547479058,SIMULATED,NORMAL
2026-06-17T17:09:33.713525+00:00,DION_001,483245,0.5019652160655174,SIMULATED,NORMAL
2026-06-17T17:09:33.724113+00:00,DION_001,483246,0.6791716242169894,SIMULATED,NORMAL
2026-06-17T17:09:33.734694+00:00,DION_001,483247,0.618783113853004,SIMULATED,NORMAL
2026-06-17T17:09:33.745361+00:00,DION_001,483248,0.44843380596027155,SIMULATED,NORMAL
2026-06-17T17:09:33.756109+00:00,DION_001,483249,0.39223066839369336,SIMULATED,NORMAL
2026-06-17T17:09:33.766670+00:00,DION_001,483250,0.3907794602360053,SIMULATED,NORMAL
2026-06-17T17:09:33.777508+00:00,DION_001,483251,0.24474439948976287,SIMULATED,NORMAL
2026-06-17T17:09:33.788161+00:00,DION_001,483252,0.40778185764175945,SIMULATED,NORMAL
2026-06-17T17:09:33.798741+00:00,DION_001,483253,0.1785127096229289,SIMULATED,NORMAL
2026-06-17T17:09:33.809346+00:00,DION_001,483254,-0.07814852863739466,SIMULATED,NORMAL
2026-06-17T17:09:33.819945+00:00,DION_001,483255,-0.014594853942623942,SIMULATED,NORMAL
2026-06-17T17:09:33.830535+00:00,DION_001,483256,-0.17115492119786796,SIMULATED,NORMAL
2026-06-17T17:09:33.841018+00:00,DION_001,483257,0.18832395591248338,SIMULATED,NORMAL
2026-06-17T17:09:33.851619+00:00,DION_001,483258,-0.4837458235248454,SIMULATED,NORMAL
2026-06-17T17:09:33.862210+00:00,DION_001,483259,-0.31749785925004204,SIMULATED,NORMAL
2026-06-17T17:09:33.872838+00:00,DION_001,483260,-0.11451731967637274,SIMULATED,NORMAL
2026-06-17T17:09:33.883629+00:00,DION_001,483261,-0.17035124103422195,SIMULATED,NORMAL
2026-06-17T17:09:33.894229+00:00,DION_001,483262,-0.166698438247125,SIMULATED,NORMAL
2026-06-17T17:09:33.904845+00:00,DION_001,483263,-0.18069034502566977,SIMULATED,NORMAL
2026-06-17T17:09:33.915394+00:00,DION_001,483264,-0.3107868956320773,SIMULATED,NORMAL
2026-06-17T17:09:33.925970+00:00,DION_001,483265,-0.585877625800838,SIMULATED,NORMAL
2026-06-17T17:09:33.936652+00:00,DION_001,483266,-0.3686163456589569,SIMULATED,NORMAL
2026-06-17T17:09:33.947158+00:00,DION_001,483267,-0.5853823696467071,SIMULATED,NORMAL
2026-06-17T17:09:33.957725+00:00,DION_001,483268,-0.4185070596288004,SIMULATED,NORMAL
2026-06-17T17:09:33.968294+00:00,DION_001,483269,-0.3475500800451939,SIMULATED,NORMAL
2026-06-17T17:09:33.978846+00:00,DION_001,483270,-0.4390806978976787,SIMULATED,NORMAL
2026-06-17T17:09:33.989485+00:00,DION_001,483271,-0.16339485612591212,SIMULATED,NORMAL
2026-06-17T17:09:33.999984+00:00,DION_001,483272,-0.438441115941082,SIMULATED,NORMAL
2026-06-17T17:09:34.010374+00:00,DION_001,483273,-0.5519829101483642,SIMULATED,NORMAL
2026-06-17T17:09:34.020931+00:00,DION_001,483274,-0.21326248760213876,SIMULATED,NORMAL
2026-06-17T17:09:34.031369+00:00,DION_001,483275,-0.3476272427248725,SIMULATED,NORMAL
2026-06-17T17:09:34.041824+00:00,DION_001,483276,-0.4347703578026587,SIMULATED,NORMAL
2026-06-17T17:09:34.052345+00:00,DION_001,483277,-2.846889879663194,SIMULATED,EVENT_DETECTED
2026-06-17T17:09:34.063218+00:00,DION_001,483278,-0.49887155543484873,SIMULATED,NORMAL
2026-06-17T17:09:34.073861+00:00,DION_001,483279,-0.23394824965302008,SIMULATED,NORMAL
2026-06-17T17:09:34.084538+00:00,DION_001,483280,-0.13711010995325074,SIMULATED,NORMAL
2026-06-17T17:09:34.095184+00:00,DION_001,483281,-0.12825606152580554,SIMULATED,NORMAL
2026-06-17T17:09:34.105816+00:00,DION_001,483282,-0.155509720563762,SIMULATED,NORMAL
2026-06-17T17:09:34.116358+00:00,DION_001,483283,-0.3155849333495646,SIMULATED,NORMAL
2026-06-17T17:09:34.127010+00:00,DION_001,483284,-0.47122383565625847,SIMULATED,NORMAL
2026-06-17T17:09:34.137677+00:00,DION_001,483285,-0.36039607087212866,SIMULATED,NORMAL
2026-06-17T17:09:34.148257+00:00,DION_001,483286,-0.24074496586394992,SIMULATED,NORMAL
2026-06-17T17:09:34.158833+00:00,DION_001,483287,-0.10188827633035172,SIMULATED,NORMAL
2026-06-17T17:09:34.169558+00:00,DION_001,483288,-0.24919987016832496,SIMULATED,NORMAL
2026-06-17T17:09:34.180253+00:00,DION_001,483289,-0.3793886751731743,SIMULATED,NORMAL
2026-06-17T17:09:34.190854+00:00,DION_001,483290,-0.25205729951873385,SIMULATED,NORMAL
2026-06-17T17:09:34.201400+00:00,DION_001,483291,0.003417943949748342,SIMULATED,NORMAL
2026-06-17T17:09:34.211956+00:00,DION_001,483292,0.1482660952655686,SIMULATED,NORMAL
2026-06-17T17:09:34.222675+00:00,DION_001,483293,-0.053132490430772714,SIMULATED,NORMAL
2026-06-17T17:09:34.233270+00:00,DION_001,483294,0.15499846009860235,SIMULATED,NORMAL
2026-06-17T17:09:34.243844+00:00,DION_001,483295,-0.07160887865847994,SIMULATED,NORMAL
2026-06-17T17:09:34.254425+00:00,DION_001,483296,-0.06428694836209574,SIMULATED,NORMAL
2026-06-17T17:09:34.265034+00:00,DION_001,483297,-0.0921397307848277,SIMULATED,NORMAL
2026-06-17T17:09:34.275540+00:00,DION_001,483298,-0.18264254443236536,SIMULATED,NORMAL
2026-06-17T17:09:34.285985+00:00,DION_001,483299,-0.16127992927018453,SIMULATED,NORMAL
2026-06-17T17:09:34.296441+00:00,DION_001,483300,-0.2903474360882172,SIMULATED,NORMAL
2026-06-17T17:09:34.306982+00:00,DION_001,483301,-0.1313471515039077,SIMULATED,NORMAL
2026-06-17T17:09:34.317448+00:00,DION_001,483302,-0.14602647730740762,SIMULATED,NORMAL
2026-06-17T17:09:34.327844+00:00,DION_001,483303,-0.18229386064849326,SIMULATED,NORMAL
2026-06-17T17:09:34.338239+00:00,DION_001,483304,-0.029100360127451725,SIMULATED,NORMAL
2026-06-17T17:09:34.348628+00:00,DION_001,483305,0.033254701767144484,SIMULATED,NORMAL
2026-06-17T17:09:34.358913+00:00,DION_001,483306,-0.10316793370510224,SIMULATED,NORMAL
2026-06-17T17:09:34.369235+00:00,DION_001,483307,0.06292807797528524,SIMULATED,NORMAL
2026-06-17T17:09:34.379719+00:00,DION_001,483308,0.11411290356292561,SIMULATED,NORMAL
2026-06-17T17:09:34.390192+00:00,DION_001,483309,-0.1056491321028076,SIMULATED,NORMAL
2026-06-17T17:09:34.400656+00:00,DION_001,483310,-0.05091560593222037,SIMULATED,NORMAL
2026-06-17T17:09:34.411093+00:00,DION_001,483311,-0.44776741554610694,SIMULATED,NORMAL
2026-06-17T17:09:34.421663+00:00,DION_001,483312,0.08945753797297643,SIMULATED,NORMAL
2026-06-17T17:09:34.432036+00:00,DION_001,483313,-0.13730837792421688,SIMULATED,NORMAL
2026-06-17T17:09:34.442583+00:00,DION_001,483314,0.1284386169582254,SIMULATED,NORMAL
2026-06-17T17:09:34.453196+00:00,DION_001,483315,-0.2363018477710395,SIMULATED,NORMAL
2026-06-17T17:09:34.463853+00:00,DION_001,483316,-0.4741196915075711,SIMULATED,NORMAL
2026-06-17T17:09:34.474469+00:00,DION_001,483317,-0.3566729686226197,SIMULATED,NORMAL
2026-06-17T17:09:34.485045+00:00,DION_001,483318,-0.4943512351884437,SIMULATED,NORMAL
2026-06-17T17:09:34.496138+00:00,DION_001,483319,-0.2876410965020877,SIMULATED,NORMAL
2026-06-17T17:09:34.506725+00:00,DION_001,483320,-0.2778847855295701,SIMULATED,NORMAL
2026-06-17T17:09:34.517269+00:00,DION_001,483321,-0.4205587708055754,SIMULATED,NORMAL
2026-06-17T17:09:34.527920+00:00,DION_001,483322,-0.5802011091376115,SIMULATED,NORMAL
2026-06-17T17:09:34.538506+00:00,DION_001,483323,-0.5465113510626114,SIMULATED,NORMAL
2026-06-17T17:09:34.549007+00:00,DION_001,483324,-2.367592551682211,SIMULATED,EVENT_DETECTED
2026-06-17T17:09:34.559753+00:00,DION_001,483325,-0.3710305972012266,SIMULATED,NORMAL
2026-06-17T17:09:34.570319+00:00,DION_001,483326,-0.7190896735722181,SIMULATED,NORMAL
2026-06-17T17:09:34.580911+00:00,DION_001,483327,-0.7767838026508771,SIMULATED,NORMAL
2026-06-17T17:09:34.592102+00:00,DION_001,483328,-0.7298004936483147,SIMULATED,NORMAL
2026-06-17T17:09:34.602719+00:00,DION_001,483329,-0.6341101888522,SIMULATED,NORMAL
2026-06-17T17:09:34.613128+00:00,DION_001,483330,-0.508315039244156,SIMULATED,NORMAL
2026-06-17T17:09:34.623485+00:00,DION_001,483331,-0.7018809923929197,SIMULATED,NORMAL
2026-06-17T17:09:34.633913+00:00,DION_001,483332,-0.8034969561929656,SIMULATED,NORMAL
2026-06-17T17:09:34.644284+00:00,DION_001,483333,-0.8827484449623583,SIMULATED,NORMAL
2026-06-17T17:09:34.654916+00:00,DION_001,483334,-0.8487761949617343,SIMULATED,NORMAL
2026-06-17T17:09:34.665586+00:00,DION_001,483335,-0.9127413349603908,SIMULATED,NORMAL
2026-06-17T17:09:34.676035+00:00,DION_001,483336,-0.9211178908845248,SIMULATED,NORMAL
2026-06-17T17:09:34.686613+00:00,DION_001,483337,-0.9284186910581986,SIMULATED,NORMAL
2026-06-17T17:09:34.697472+00:00,DION_001,483338,-1.0523592502980859,SIMULATED,NORMAL
2026-06-17T17:09:34.708072+00:00,DION_001,483339,-0.9517006768869498,SIMULATED,NORMAL
2026-06-17T17:09:34.718691+00:00,DION_001,483340,-1.334951024095283,SIMULATED,NORMAL
2026-06-17T17:09:34.729358+00:00,DION_001,483341,-1.3498235367965223,SIMULATED,NORMAL
2026-06-17T17:09:34.740133+00:00,DION_001,483342,-0.88436715136137,SIMULATED,NORMAL
2026-06-17T17:09:34.750683+00:00,DION_001,483343,-1.0632443392153534,SIMULATED,NORMAL
2026-06-17T17:09:34.761296+00:00,DION_001,483344,-1.2946688458174864,SIMULATED,NORMAL
2026-06-17T17:09:34.771944+00:00,DION_001,483345,-1.2579926248383022,SIMULATED,NORMAL
2026-06-17T17:09:34.782403+00:00,DION_001,483346,-1.286717378400973,SIMULATED,NORMAL
2026-06-17T17:09:34.792860+00:00,DION_001,483347,-1.1428335668923426,SIMULATED,NORMAL
2026-06-17T17:09:34.803338+00:00,DION_001,483348,-1.302111356532125,SIMULATED,NORMAL
2026-06-17T17:09:34.813741+00:00,DION_001,483349,-1.3799068808814776,SIMULATED,NORMAL
2026-06-17T17:09:34.824354+00:00,DION_001,483350,-1.517882094903701,SIMULATED,NORMAL
2026-06-17T17:09:34.835139+00:00,DION_001,483351,-1.122675554543496,SIMULATED,NORMAL
2026-06-17T17:09:34.845752+00:00,DION_001,483352,-1.3025765257974597,SIMULATED,NORMAL
2026-06-17T17:09:34.856397+00:00,DION_001,483353,-1.1106937124152818,SIMULATED,NORMAL
2026-06-17T17:09:34.867040+00:00,DION_001,483354,-1.1955173889092938,SIMULATED,NORMAL
2026-06-17T17:09:34.877632+00:00,DION_001,483355,-1.003107198916539,SIMULATED,NORMAL
2026-06-17T17:09:34.888275+00:00,DION_001,483356,-1.2100677837190517,SIMULATED,NORMAL
2026-06-17T17:09:34.898848+00:00,DION_001,483357,-0.7541930845485256,SIMULATED,NORMAL
2026-06-17T17:09:34.909336+00:00,DION_001,483358,-1.1102836759574417,SIMULATED,NORMAL
2026-06-17T17:09:34.919776+00:00,DION_001,483359,-0.9961043989272143,SIMULATED,NORMAL
2026-06-17T17:09:34.930280+00:00,DION_001,483360,-0.8840366783658867,SIMULATED,NORMAL
2026-06-17T17:09:34.940848+00:00,DION_001,483361,-1.0332853924626277,SIMULATED,NORMAL
2026-06-17T17:09:34.951489+00:00,DION_001,483362,-1.1110470783141302,SIMULATED,NORMAL
2026-06-17T17:09:34.962533+00:00,DION_001,483363,-0.8815402950357016,SIMULATED,NORMAL
2026-06-17T17:09:34.973045+00:00,DION_001,483364,-0.9148512453596003,SIMULATED,NORMAL
2026-06-17T17:09:34.983641+00:00,DION_001,483365,-0.8888289876301781,SIMULATED,NORMAL
2026-06-17T17:09:34.994125+00:00,DION_001,483366,-0.7715662611205034,SIMULATED,NORMAL
2026-06-17T17:09:35.004903+00:00,DION_001,483367,-0.6831399952824957,SIMULATED,NORMAL
2026-06-17T17:09:35.015382+00:00,DION_001,483368,-0.8205853468337313,SIMULATED,NORMAL
2026-06-17T17:09:35.025949+00:00,DION_001,483369,-0.8379187244105186,SIMULATED,NORMAL
2026-06-17T17:09:35.036660+00:00,DION_001,483370,-0.7481276894127575,SIMULATED,NORMAL
2026-06-17T17:09:35.047283+00:00,DION_001,483371,-0.779929216273896,SIMULATED,NORMAL
2026-06-17T17:09:35.057840+00:00,DION_001,483372,-0.7536486236500961,SIMULATED,NORMAL
2026-06-17T17:09:35.068660+00:00,DION_001,483373,-0.524531242633813,SIMULATED,NORMAL
2026-06-17T17:09:35.079661+00:00,DION_001,483374,-0.4880371247662745,SIMULATED,NORMAL
2026-06-17T17:09:35.090397+00:00,DION_001,483375,-0.39182625342517075,SIMULATED,NORMAL
2026-06-17T17:09:35.101130+00:00,DION_001,483376,-0.480146808635633,SIMULATED,NORMAL
2026-06-17T17:09:35.111760+00:00,DION_001,483377,-0.3605082948283521,SIMULATED,NORMAL
2026-06-17T17:09:35.122461+00:00,DION_001,483378,-0.3507097045466626,SIMULATED,NORMAL
2026-06-17T17:09:35.132940+00:00,DION_001,483379,-0.36981933096583197,SIMULATED,NORMAL
2026-06-17T17:09:35.143581+00:00,DION_001,483380,-0.33804258306350926,SIMULATED,NORMAL
2026-06-17T17:09:35.154252+00:00,DION_001,483381,-0.34979963867396024,SIMULATED,NORMAL
2026-06-17T17:09:35.164834+00:00,DION_001,483382,-0.46268396364538966,SIMULATED,NORMAL
2026-06-17T17:09:35.175404+00:00,DION_001,483383,-0.29638320442208915,SIMULATED,NORMAL
2026-06-17T17:09:35.185974+00:00,DION_001,483384,-0.3753935174441852,SIMULATED,NORMAL
2026-06-17T17:09:35.196767+00:00,DION_001,483385,-0.35180415016155214,SIMULATED,NORMAL
2026-06-17T17:09:35.207429+00:00,DION_001,483386,-0.401916606693252,SIMULATED,NORMAL
2026-06-17T17:09:35.218000+00:00,DION_001,483387,-0.3986500608511947,SIMULATED,NORMAL
2026-06-17T17:09:35.228751+00:00,DION_001,483388,-0.619765200678702,SIMULATED,NORMAL
2026-06-17T17:09:35.239404+00:00,DION_001,483389,-0.542014795445491,SIMULATED,NORMAL
2026-06-17T17:09:35.249983+00:00,DION_001,483390,-0.17503934575771343,SIMULATED,NORMAL
2026-06-17T17:09:35.260830+00:00,DION_001,483391,-0.4494824988972681,SIMULATED,NORMAL
2026-06-17T17:09:35.271566+00:00,DION_001,483392,-0.7306404819762973,SIMULATED,NORMAL
2026-06-17T17:09:35.282126+00:00,DION_001,483393,-0.19557311948708392,SIMULATED,NORMAL
2026-06-17T17:09:35.292715+00:00,DION_001,483394,-0.46345122149465356,SIMULATED,NORMAL
2026-06-17T17:09:35.303316+00:00,DION_001,483395,-0.43923479551973016,SIMULATED,NORMAL
2026-06-17T17:09:35.313819+00:00,DION_001,483396,-0.4756817988090229,SIMULATED,NORMAL
2026-06-17T17:09:35.324316+00:00,DION_001,483397,-0.2903608746175735,SIMULATED,NORMAL
2026-06-17T17:09:35.334935+00:00,DION_001,483398,-0.555705912038219,SIMULATED,NORMAL
2026-06-17T17:09:35.345450+00:00,DION_001,483399,-0.45598540935598525,SIMULATED,NORMAL
2026-06-17T17:09:35.356135+00:00,DION_001,483400,-0.5970372457252745,SIMULATED,NORMAL
2026-06-17T17:09:35.366699+00:00,DION_001,483401,-0.2816916232038971,SIMULATED,NORMAL
2026-06-17T17:09:35.377205+00:00,DION_001,483402,-0.5727253306919867,SIMULATED,NORMAL
2026-06-17T17:09:35.387909+00:00,DION_001,483403,-0.8043590431916472,SIMULATED,NORMAL
2026-06-17T17:09:35.398369+00:00,DION_001,483404,-0.5251618011691587,SIMULATED,NORMAL
2026-06-17T17:09:35.408763+00:00,DION_001,483405,-0.7010992650823393,SIMULATED,NORMAL
2026-06-17T17:09:35.419163+00:00,DION_001,483406,-0.602081781827585,SIMULATED,NORMAL
2026-06-17T17:09:35.429574+00:00,DION_001,483407,-0.6236833788542916,SIMULATED,NORMAL
2026-06-17T17:09:35.439970+00:00,DION_001,483408,-0.9409460433323424,SIMULATED,NORMAL
2026-06-17T17:09:35.450334+00:00,DION_001,483409,-0.8933537285428371,SIMULATED,NORMAL
2026-06-17T17:09:35.460746+00:00,DION_001,483410,-0.5670924138287432,SIMULATED,NORMAL
2026-06-17T17:09:35.471316+00:00,DION_001,483411,-0.7764459623882785,SIMULATED,NORMAL
2026-06-17T17:09:35.481751+00:00,DION_001,483412,-0.3475654230705871,SIMULATED,NORMAL
2026-06-17T17:09:35.492285+00:00,DION_001,483413,-0.742610078975519,SIMULATED,NORMAL
2026-06-17T17:09:35.502778+00:00,DION_001,483414,-1.0303785439460584,SIMULATED,NORMAL
2026-06-17T17:09:35.513345+00:00,DION_001,483415,-0.6036266994825957,SIMULATED,NORMAL
2026-06-17T17:09:35.523888+00:00,DION_001,483416,-0.8552397882569761,SIMULATED,NORMAL
2026-06-17T17:09:35.534407+00:00,DION_001,483417,-0.6651574454885838,SIMULATED,NORMAL
2026-06-17T17:09:35.544953+00:00,DION_001,483418,-0.6582307825402943,SIMULATED,NORMAL
2026-06-17T17:09:35.555705+00:00,DION_001,483419,-0.9298275370157926,SIMULATED,NORMAL
2026-06-17T17:09:35.566263+00:00,DION_001,483420,-0.9530286565424589,SIMULATED,NORMAL
2026-06-17T17:09:35.576858+00:00,DION_001,483421,-0.8072928168476012,SIMULATED,NORMAL
2026-06-17T17:09:35.587377+00:00,DION_001,483422,-0.8068147987815275,SIMULATED,NORMAL
2026-06-17T17:09:35.597934+00:00,DION_001,483423,-0.6832953922839247,SIMULATED,NORMAL
2026-06-17T17:09:35.608669+00:00,DION_001,483424,-0.8187997760043472,SIMULATED,NORMAL
2026-06-17T17:09:35.619217+00:00,DION_001,483425,-1.0785491118968833,SIMULATED,NORMAL
2026-06-17T17:09:35.629698+00:00,DION_001,483426,-0.8669110375589076,SIMULATED,NORMAL
2026-06-17T17:09:35.640596+00:00,DION_001,483427,-0.9172451367579117,SIMULATED,NORMAL
2026-06-17T17:09:35.651291+00:00,DION_001,483428,-0.7451076270597168,SIMULATED,NORMAL
2026-06-17T17:09:35.661892+00:00,DION_001,483429,-0.8620522469354739,SIMULATED,NORMAL
2026-06-17T17:09:35.672695+00:00,DION_001,483430,-0.8573642088631988,SIMULATED,NORMAL
2026-06-17T17:09:35.683180+00:00,DION_001,483431,-0.6690359786524889,SIMULATED,NORMAL
2026-06-17T17:09:35.693746+00:00,DION_001,483432,-0.5976113950956148,SIMULATED,NORMAL
2026-06-17T17:09:35.704340+00:00,DION_001,483433,-0.4996208689517191,SIMULATED,NORMAL
2026-06-17T17:09:35.715026+00:00,DION_001,483434,-0.6367985944168196,SIMULATED,NORMAL
2026-06-17T17:09:35.725538+00:00,DION_001,483435,-0.8855436299897333,SIMULATED,NORMAL
2026-06-17T17:09:35.736062+00:00,DION_001,483436,-0.5125266808695186,SIMULATED,NORMAL
2026-06-17T17:09:35.746683+00:00,DION_001,483437,-0.4118632181069153,SIMULATED,NORMAL
2026-06-17T17:09:35.760684+00:00,DION_001,483438,-0.33807652095255003,SIMULATED,NORMAL
2026-06-17T17:09:35.771290+00:00,DION_001,483439,-0.3477365275400476,SIMULATED,NORMAL
2026-06-17T17:09:35.781850+00:00,DION_001,483440,-0.5233122931045913,SIMULATED,NORMAL
2026-06-17T17:09:35.792755+00:00,DION_001,483441,2.7446251280780936,SIMULATED,EVENT_DETECTED
2026-06-17T17:09:35.804017+00:00,DION_001,483442,-0.4202884375363165,SIMULATED,NORMAL
2026-06-17T17:09:35.814596+00:00,DION_001,483443,-0.23571582654164863,SIMULATED,NORMAL
2026-06-17T17:09:35.825181+00:00,DION_001,483444,-0.3158633209107451,SIMULATED,NORMAL
2026-06-17T17:09:35.835878+00:00,DION_001,483445,-0.0014858564410805408,SIMULATED,NORMAL
2026-06-17T17:09:35.846655+00:00,DION_001,483446,-0.09552833617794257,SIMULATED,NORMAL
2026-06-17T17:09:35.857216+00:00,DION_001,483447,0.022090170590940345,SIMULATED,NORMAL
2026-06-17T17:09:35.867806+00:00,DION_001,483448,-0.08701452866222717,SIMULATED,NORMAL
2026-06-17T17:09:35.878352+00:00,DION_001,483449,-0.062176618053435016,SIMULATED,NORMAL
2026-06-17T17:09:35.888913+00:00,DION_001,483450,0.028850099059421687,SIMULATED,NORMAL
2026-06-17T17:09:35.899418+00:00,DION_001,483451,0.30493264164515654,SIMULATED,NORMAL
2026-06-17T17:09:35.909815+00:00,DION_001,483452,0.11138854831727,SIMULATED,NORMAL
2026-06-17T17:09:35.920154+00:00,DION_001,483453,0.4115522490251891,SIMULATED,NORMAL
2026-06-17T17:09:35.930696+00:00,DION_001,483454,0.10642192695897333,SIMULATED,NORMAL
2026-06-17T17:09:35.941336+00:00,DION_001,483455,0.22317034158821467,SIMULATED,NORMAL
2026-06-17T17:09:35.952035+00:00,DION_001,483456,0.409054172063269,SIMULATED,NORMAL
2026-06-17T17:09:35.962516+00:00,DION_001,483457,0.22837462076156825,SIMULATED,NORMAL
2026-06-17T17:09:35.973084+00:00,DION_001,483458,0.5448293914204504,SIMULATED,NORMAL
2026-06-17T17:09:35.983599+00:00,DION_001,483459,0.25021869971245597,SIMULATED,NORMAL
2026-06-17T17:09:35.994403+00:00,DION_001,483460,0.28933036940253365,SIMULATED,NORMAL
2026-06-17T17:09:36.005042+00:00,DION_001,483461,0.6195332034355473,SIMULATED,NORMAL
2026-06-17T17:09:36.015583+00:00,DION_001,483462,0.44001419317969137,SIMULATED,NORMAL
2026-06-17T17:09:36.026122+00:00,DION_001,483463,0.5685246024712727,SIMULATED,NORMAL
2026-06-17T17:09:36.036853+00:00,DION_001,483464,0.5701661043667434,SIMULATED,NORMAL
2026-06-17T17:09:36.047531+00:00,DION_001,483465,0.4580224767071578,SIMULATED,NORMAL
2026-06-17T17:09:36.058011+00:00,DION_001,483466,0.8142186510081084,SIMULATED,NORMAL
2026-06-17T17:09:36.068521+00:00,DION_001,483467,0.5278744444505338,SIMULATED,NORMAL
2026-06-17T17:09:36.079207+00:00,DION_001,483468,0.6062241590327357,SIMULATED,NORMAL
2026-06-17T17:09:36.089815+00:00,DION_001,483469,0.764703817385427,SIMULATED,NORMAL
2026-06-17T17:09:36.100253+00:00,DION_001,483470,0.5142352135255333,SIMULATED,NORMAL
2026-06-17T17:09:36.110991+00:00,DION_001,483471,0.19113010093458527,SIMULATED,NORMAL
2026-06-17T17:09:36.121704+00:00,DION_001,483472,0.6034935412299499,SIMULATED,NORMAL
2026-06-17T17:09:36.132426+00:00,DION_001,483473,0.3537457368117836,SIMULATED,NORMAL
2026-06-17T17:09:36.143252+00:00,DION_001,483474,0.2794806958074052,SIMULATED,NORMAL
2026-06-17T17:09:36.153918+00:00,DION_001,483475,0.41595902276072366,SIMULATED,NORMAL
2026-06-17T17:09:36.164509+00:00,DION_001,483476,0.2878547564608954,SIMULATED,NORMAL
2026-06-17T17:09:36.175189+00:00,DION_001,483477,0.12500834351050927,SIMULATED,NORMAL
2026-06-17T17:09:36.185799+00:00,DION_001,483478,0.4791704420584833,SIMULATED,NORMAL
2026-06-17T17:09:36.196352+00:00,DION_001,483479,0.5605213693268232,SIMULATED,NORMAL
2026-06-17T17:09:36.207243+00:00,DION_001,483480,0.4493238591129895,SIMULATED,NORMAL
2026-06-17T17:09:36.217827+00:00,DION_001,483481,0.3651501027429606,SIMULATED,NORMAL
2026-06-17T17:09:36.228469+00:00,DION_001,483482,0.5239508960146484,SIMULATED,NORMAL
2026-06-17T17:09:36.239261+00:00,DION_001,483483,0.32154565045391265,SIMULATED,NORMAL
2026-06-17T17:09:36.249939+00:00,DION_001,483484,0.06832526885027299,SIMULATED,NORMAL
2026-06-17T17:09:36.260680+00:00,DION_001,483485,0.4053487603774788,SIMULATED,NORMAL
2026-06-17T17:09:36.271318+00:00,DION_001,483486,0.21345596928707505,SIMULATED,NORMAL
2026-06-17T17:09:36.281887+00:00,DION_001,483487,0.1250633259214502,SIMULATED,NORMAL
2026-06-17T17:09:36.292486+00:00,DION_001,483488,0.18813296435470533,SIMULATED,NORMAL
2026-06-17T17:09:36.303233+00:00,DION_001,483489,0.45218169849661327,SIMULATED,NORMAL
2026-06-17T17:09:36.313811+00:00,DION_001,483490,0.11583426139099154,SIMULATED,NORMAL
2026-06-17T17:09:36.324264+00:00,DION_001,483491,0.20558807785422542,SIMULATED,NORMAL
2026-06-17T17:09:36.334699+00:00,DION_001,483492,0.15190146144070124,SIMULATED,NORMAL
2026-06-17T17:09:36.345234+00:00,DION_001,483493,0.07856680883599175,SIMULATED,NORMAL
2026-06-17T17:09:36.356650+00:00,DION_001,483494,0.04157636810019609,SIMULATED,NORMAL
2026-06-17T17:09:36.367074+00:00,DION_001,483495,-0.1114115097054661,SIMULATED,NORMAL
2026-06-17T17:09:36.377542+00:00,DION_001,483496,0.05312423902923602,SIMULATED,NORMAL
2026-06-17T17:09:36.387948+00:00,DION_001,483497,0.13539418582544224,SIMULATED,NORMAL
2026-06-17T17:09:36.398285+00:00,DION_001,483498,0.33062256955503677,SIMULATED,NORMAL
2026-06-17T17:09:36.408591+00:00,DION_001,483499,0.15432651480643744,SIMULATED,NORMAL
2026-06-17T17:09:36.418940+00:00,DION_001,483500,0.3518548391020272,SIMULATED,NORMAL
2026-06-17T17:09:36.429318+00:00,DION_001,483501,0.0830116392134383,SIMULATED,NORMAL
2026-06-17T17:09:36.439661+00:00,DION_001,483502,0.03395162414871736,SIMULATED,NORMAL
2026-06-17T17:09:36.450027+00:00,DION_001,483503,-2.0122930689465215,SIMULATED,EVENT_DETECTED
2026-06-17T17:09:36.460534+00:00,DION_001,483504,0.020638587538500966,SIMULATED,NORMAL
2026-06-17T17:09:36.470911+00:00,DION_001,483505,-0.15001953486711667,SIMULATED,NORMAL
2026-06-17T17:09:36.481305+00:00,DION_001,483506,-0.23605778982038544,SIMULATED,NORMAL
2026-06-17T17:09:36.491664+00:00,DION_001,483507,0.035205192504078164,SIMULATED,NORMAL
2026-06-17T17:09:36.502052+00:00,DION_001,483508,0.3860856598148006,SIMULATED,NORMAL
2026-06-17T17:09:36.512436+00:00,DION_001,483509,0.07382521169029377,SIMULATED,NORMAL
2026-06-17T17:09:36.523073+00:00,DION_001,483510,0.08863647732013746,SIMULATED,NORMAL
2026-06-17T17:09:36.533396+00:00,DION_001,483511,-0.030782206525140354,SIMULATED,NORMAL
2026-06-17T17:09:36.543702+00:00,DION_001,483512,0.17066689089663603,SIMULATED,NORMAL
2026-06-17T17:09:36.554039+00:00,DION_001,483513,0.40892053638630427,SIMULATED,NORMAL
2026-06-17T17:09:36.564423+00:00,DION_001,483514,0.3123520940411333,SIMULATED,NORMAL
2026-06-17T17:09:36.574740+00:00,DION_001,483515,0.1487508493205236,SIMULATED,NORMAL
2026-06-17T17:09:36.585147+00:00,DION_001,483516,0.42045441568255865,SIMULATED,NORMAL
2026-06-17T17:09:36.595695+00:00,DION_001,483517,0.5242049206754663,SIMULATED,NORMAL
2026-06-17T17:09:36.606020+00:00,DION_001,483518,0.6100126196445774,SIMULATED,NORMAL
2026-06-17T17:09:36.616330+00:00,DION_001,483519,0.6929645571563633,SIMULATED,NORMAL
2026-06-17T17:09:36.626653+00:00,DION_001,483520,0.5773170117911863,SIMULATED,NORMAL
2026-06-17T17:09:36.636978+00:00,DION_001,483521,0.6479635467660874,SIMULATED,NORMAL
2026-06-17T17:09:36.647310+00:00,DION_001,483522,0.7512055715303468,SIMULATED,NORMAL
2026-06-17T17:09:36.657669+00:00,DION_001,483523,0.6522499222602983,SIMULATED,NORMAL
2026-06-17T17:09:36.668024+00:00,DION_001,483524,0.5963250612775826,SIMULATED,NORMAL
2026-06-17T17:09:36.678455+00:00,DION_001,483525,0.5970129471529022,SIMULATED,NORMAL
2026-06-17T17:09:36.689009+00:00,DION_001,483526,0.7554657619263068,SIMULATED,NORMAL
2026-06-17T17:09:36.699481+00:00,DION_001,483527,0.6714204272807898,SIMULATED,NORMAL
2026-06-17T17:09:36.709779+00:00,DION_001,483528,0.7451159816741071,SIMULATED,NORMAL
2026-06-17T17:09:36.720150+00:00,DION_001,483529,1.0210875035104525,SIMULATED,NORMAL
2026-06-17T17:09:36.730468+00:00,DION_001,483530,1.0306324915899987,SIMULATED,NORMAL
2026-06-17T17:09:36.740809+00:00,DION_001,483531,1.1789826752496408,SIMULATED,NORMAL
2026-06-17T17:09:36.751161+00:00,DION_001,483532,1.1520231204342426,SIMULATED,NORMAL
2026-06-17T17:09:36.761459+00:00,DION_001,483533,0.9112582480573155,SIMULATED,NORMAL
2026-06-17T17:09:36.772008+00:00,DION_001,483534,0.9496210512022886,SIMULATED,NORMAL
2026-06-17T17:09:36.782393+00:00,DION_001,483535,1.110026676815806,SIMULATED,NORMAL
2026-06-17T17:09:36.792734+00:00,DION_001,483536,1.1298876644180238,SIMULATED,NORMAL
2026-06-17T17:09:36.803116+00:00,DION_001,483537,1.2324388002535809,SIMULATED,NORMAL
2026-06-17T17:09:36.813450+00:00,DION_001,483538,1.0216587172990783,SIMULATED,NORMAL
2026-06-17T17:09:36.823770+00:00,DION_001,483539,1.2512643828971084,SIMULATED,NORMAL
2026-06-17T17:09:36.834104+00:00,DION_001,483540,1.2745272084528612,SIMULATED,NORMAL
2026-06-17T17:09:36.844420+00:00,DION_001,483541,1.2974495780343984,SIMULATED,NORMAL
2026-06-17T17:09:36.854859+00:00,DION_001,483542,1.0654281956503224,SIMULATED,NORMAL
2026-06-17T17:09:36.865155+00:00,DION_001,483543,0.9040543493200917,SIMULATED,NORMAL
2026-06-17T17:09:36.875467+00:00,DION_001,483544,1.1040916785165227,SIMULATED,NORMAL
2026-06-17T17:09:36.885784+00:00,DION_001,483545,1.4471769110689223,SIMULATED,NORMAL
2026-06-17T17:09:36.896153+00:00,DION_001,483546,1.3335341999020747,SIMULATED,NORMAL
2026-06-17T17:09:36.906565+00:00,DION_001,483547,1.1366530460912325,SIMULATED,NORMAL
2026-06-17T17:09:36.916954+00:00,DION_001,483548,1.2575752536288936,SIMULATED,NORMAL
2026-06-17T17:09:36.927414+00:00,DION_001,483549,1.200508315661248,SIMULATED,NORMAL
2026-06-17T17:09:36.937824+00:00,DION_001,483550,1.1286508377728701,SIMULATED,NORMAL
2026-06-17T17:09:36.948161+00:00,DION_001,483551,1.171027989121012,SIMULATED,NORMAL
2026-06-17T17:09:36.958477+00:00,DION_001,483552,1.168483186311904,SIMULATED,NORMAL
2026-06-17T17:09:36.968788+00:00,DION_001,483553,1.3019887546052855,SIMULATED,NORMAL
2026-06-17T17:09:36.979124+00:00,DION_001,483554,0.9860216454363618,SIMULATED,NORMAL
2026-06-17T17:09:36.989459+00:00,DION_001,483555,0.9472375246768364,SIMULATED,NORMAL
2026-06-17T17:09:36.999803+00:00,DION_001,483556,1.0705189206778314,SIMULATED,NORMAL
2026-06-17T17:09:37.010214+00:00,DION_001,483557,0.9629085053532652,SIMULATED,NORMAL
2026-06-17T17:09:37.020686+00:00,DION_001,483558,0.9321932083688477,SIMULATED,NORMAL
2026-06-17T17:09:37.031146+00:00,DION_001,483559,0.9236704088735829,SIMULATED,NORMAL
2026-06-17T17:09:37.041465+00:00,DION_001,483560,0.9858943981221191,SIMULATED,NORMAL
2026-06-17T17:09:37.051906+00:00,DION_001,483561,1.016636494413176,SIMULATED,NORMAL
2026-06-17T17:09:37.062395+00:00,DION_001,483562,0.7651731885195128,SIMULATED,NORMAL
2026-06-17T17:09:37.072762+00:00,DION_001,483563,0.7002046751414828,SIMULATED,NORMAL
2026-06-17T17:09:37.083161+00:00,DION_001,483564,0.7977091924955422,SIMULATED,NORMAL
2026-06-17T17:09:37.093500+00:00,DION_001,483565,0.7094946833688327,SIMULATED,NORMAL
2026-06-17T17:09:37.103809+00:00,DION_001,483566,0.6210229261131467,SIMULATED,NORMAL
2026-06-17T17:09:37.114153+00:00,DION_001,483567,0.7690478004698682,SIMULATED,NORMAL
2026-06-17T17:09:37.124473+00:00,DION_001,483568,0.6752080427128541,SIMULATED,NORMAL
2026-06-17T17:09:37.134901+00:00,DION_001,483569,0.7771461124558361,SIMULATED,NORMAL
2026-06-17T17:09:37.145237+00:00,DION_001,483570,0.6268135652525186,SIMULATED,NORMAL
2026-06-17T17:09:37.155632+00:00,DION_001,483571,0.6717171253631696,SIMULATED,NORMAL
2026-06-17T17:09:37.165954+00:00,DION_001,483572,0.5575017368458287,SIMULATED,NORMAL
2026-06-17T17:09:37.176292+00:00,DION_001,483573,0.6214495691230072,SIMULATED,NORMAL
2026-06-17T17:09:37.186749+00:00,DION_001,483574,0.5545805835530456,SIMULATED,NORMAL
2026-06-17T17:09:37.197040+00:00,DION_001,483575,0.674284290610268,SIMULATED,NORMAL
2026-06-17T17:09:37.207462+00:00,DION_001,483576,0.6487627095429749,SIMULATED,NORMAL
2026-06-17T17:09:37.217868+00:00,DION_001,483577,0.5341959135219471,SIMULATED,NORMAL
2026-06-17T17:09:37.228266+00:00,DION_001,483578,0.521087119505516,SIMULATED,NORMAL
2026-06-17T17:09:37.238977+00:00,DION_001,483579,0.4901607158188498,SIMULATED,NORMAL
2026-06-17T17:09:37.249358+00:00,DION_001,483580,0.27247701112721623,SIMULATED,NORMAL
2026-06-17T17:09:37.259701+00:00,DION_001,483581,0.28396037485835823,SIMULATED,NORMAL
2026-06-17T17:09:37.270059+00:00,DION_001,483582,0.010092300770781326,SIMULATED,NORMAL
2026-06-17T17:09:37.280353+00:00,DION_001,483583,0.35121527166981287,SIMULATED,NORMAL
2026-06-17T17:09:37.290659+00:00,DION_001,483584,3.1136967367306574,SIMULATED,EVENT_DETECTED
2026-06-17T17:09:37.301074+00:00,DION_001,483585,0.25514846463388285,SIMULATED,NORMAL
2026-06-17T17:09:37.311412+00:00,DION_001,483586,0.6151683118013798,SIMULATED,NORMAL
2026-06-17T17:09:37.321797+00:00,DION_001,483587,0.27341095584152575,SIMULATED,NORMAL
2026-06-17T17:09:37.332204+00:00,DION_001,483588,0.2188568007644629,SIMULATED,NORMAL
2026-06-17T17:09:37.342600+00:00,DION_001,483589,0.5137709360394618,SIMULATED,NORMAL
2026-06-17T17:09:37.353006+00:00,DION_001,483590,0.2587169245259353,SIMULATED,NORMAL
2026-06-17T17:09:37.363400+00:00,DION_001,483591,0.23163518486893617,SIMULATED,NORMAL
2026-06-17T17:09:37.373785+00:00,DION_001,483592,0.3205530901938813,SIMULATED,NORMAL
2026-06-17T17:09:37.384337+00:00,DION_001,483593,0.6059449924802581,SIMULATED,NORMAL
2026-06-17T17:09:37.394809+00:00,DION_001,483594,0.2369470588354446,SIMULATED,NORMAL
2026-06-17T17:09:37.405344+00:00,DION_001,483595,0.31064733192181915,SIMULATED,NORMAL
2026-06-17T17:09:37.415813+00:00,DION_001,483596,0.3400420276840179,SIMULATED,NORMAL
2026-06-17T17:09:37.426133+00:00,DION_001,483597,0.385288903846533,SIMULATED,NORMAL
2026-06-17T17:09:37.436483+00:00,DION_001,483598,0.7458642355555661,SIMULATED,NORMAL
2026-06-17T17:09:37.446911+00:00,DION_001,483599,0.38013988382159936,SIMULATED,NORMAL
2026-06-17T17:09:37.457177+00:00,DION_001,483600,0.5445702901524347,SIMULATED,NORMAL
2026-06-17T17:09:37.467543+00:00,DION_001,483601,0.5394540833582887,SIMULATED,NORMAL
2026-06-17T17:09:37.477872+00:00,DION_001,483602,0.7268284258961208,SIMULATED,NORMAL
2026-06-17T17:09:37.488226+00:00,DION_001,483603,0.5052242955836851,SIMULATED,NORMAL
2026-06-17T17:09:37.498544+00:00,DION_001,483604,0.5398026918999357,SIMULATED,NORMAL
2026-06-17T17:09:37.508788+00:00,DION_001,483605,0.5994344932698554,SIMULATED,NORMAL
2026-06-17T17:09:37.519148+00:00,DION_001,483606,0.8022137557827689,SIMULATED,NORMAL
2026-06-17T17:09:37.529506+00:00,DION_001,483607,0.6876188839190507,SIMULATED,NORMAL
2026-06-17T17:09:37.539852+00:00,DION_001,483608,0.7604997403451519,SIMULATED,NORMAL
2026-06-17T17:09:37.550145+00:00,DION_001,483609,0.5590421454858688,SIMULATED,NORMAL
2026-06-17T17:09:37.560642+00:00,DION_001,483610,0.5776282125900611,SIMULATED,NORMAL
2026-06-17T17:09:37.571009+00:00,DION_001,483611,0.5811130724429622,SIMULATED,NORMAL
2026-06-17T17:09:37.581377+00:00,DION_001,483612,0.6427704716796168,SIMULATED,NORMAL
2026-06-17T17:09:37.591651+00:00,DION_001,483613,0.7307295093239368,SIMULATED,NORMAL
2026-06-17T17:09:37.601938+00:00,DION_001,483614,0.7421135086448726,SIMULATED,NORMAL
2026-06-17T17:09:37.612288+00:00,DION_001,483615,0.7452339974521197,SIMULATED,NORMAL
2026-06-17T17:09:37.622713+00:00,DION_001,483616,0.7323726357475195,SIMULATED,NORMAL
2026-06-17T17:09:37.633410+00:00,DION_001,483617,0.4288608022122317,SIMULATED,NORMAL
2026-06-17T17:09:37.643735+00:00,DION_001,483618,1.0054701118627254,SIMULATED,NORMAL
2026-06-17T17:09:37.654109+00:00,DION_001,483619,0.6419271676201141,SIMULATED,NORMAL
2026-06-17T17:09:37.664458+00:00,DION_001,483620,0.8267473842760776,SIMULATED,NORMAL
2026-06-17T17:09:37.674858+00:00,DION_001,483621,0.7821638937771382,SIMULATED,NORMAL
2026-06-17T17:09:37.685199+00:00,DION_001,483622,0.9563803052816198,SIMULATED,NORMAL
2026-06-17T17:09:37.695573+00:00,DION_001,483623,0.988151036744094,SIMULATED,NORMAL
2026-06-17T17:09:37.705952+00:00,DION_001,483624,0.5478523887619181,SIMULATED,NORMAL
2026-06-17T17:09:37.716456+00:00,DION_001,483625,0.8954082724292438,SIMULATED,NORMAL
2026-06-17T17:09:37.726839+00:00,DION_001,483626,0.6320410577069603,SIMULATED,NORMAL
2026-06-17T17:09:37.737292+00:00,DION_001,483627,0.843013937041646,SIMULATED,NORMAL
2026-06-17T17:09:37.747741+00:00,DION_001,483628,0.6895420217316778,SIMULATED,NORMAL
2026-06-17T17:09:37.757968+00:00,DION_001,483629,0.6629605349502236,SIMULATED,NORMAL
2026-06-17T17:09:37.768272+00:00,DION_001,483630,0.7977838341757156,SIMULATED,NORMAL
2026-06-17T17:09:37.778593+00:00,DION_001,483631,0.5704105230094308,SIMULATED,NORMAL
2026-06-17T17:09:37.788976+00:00,DION_001,483632,0.3837170225387676,SIMULATED,NORMAL
2026-06-17T17:09:37.799275+00:00,DION_001,483633,0.3317636475083681,SIMULATED,NORMAL
2026-06-17T17:09:37.809545+00:00,DION_001,483634,0.4680024268684008,SIMULATED,NORMAL
2026-06-17T17:09:37.819794+00:00,DION_001,483635,0.3630054305034053,SIMULATED,NORMAL
2026-06-17T17:09:37.830140+00:00,DION_001,483636,0.4958577363651427,SIMULATED,NORMAL
2026-06-17T17:09:37.840544+00:00,DION_001,483637,0.3404651301505339,SIMULATED,NORMAL
2026-06-17T17:09:37.850908+00:00,DION_001,483638,0.1865894089677078,SIMULATED,NORMAL
2026-06-17T17:09:37.861254+00:00,DION_001,483639,0.17736364655200712,SIMULATED,NORMAL
2026-06-17T17:09:37.871579+00:00,DION_001,483640,0.19119701340203388,SIMULATED,NORMAL
2026-06-17T17:09:37.881956+00:00,DION_001,483641,0.2982379861361262,SIMULATED,NORMAL
2026-06-17T17:09:37.892246+00:00,DION_001,483642,0.12254798011796643,SIMULATED,NORMAL
2026-06-17T17:09:37.902646+00:00,DION_001,483643,0.4174732415806648,SIMULATED,NORMAL
2026-06-17T17:09:37.913081+00:00,DION_001,483644,0.10405231355749504,SIMULATED,NORMAL
2026-06-17T17:09:37.923401+00:00,DION_001,483645,-0.14696796243280158,SIMULATED,NORMAL
2026-06-17T17:09:37.933716+00:00,DION_001,483646,-0.06386751968023932,SIMULATED,NORMAL
2026-06-17T17:09:37.944087+00:00,DION_001,483647,0.07306981020756936,SIMULATED,NORMAL
2026-06-17T17:09:37.954581+00:00,DION_001,483648,0.16106622099346624,SIMULATED,NORMAL
2026-06-17T17:09:37.964935+00:00,DION_001,483649,-0.25198153342383767,SIMULATED,NORMAL
2026-06-17T17:09:37.975448+00:00,DION_001,483650,-0.12340175043444174,SIMULATED,NORMAL
2026-06-17T17:09:37.985819+00:00,DION_001,483651,-0.19841568772832935,SIMULATED,NORMAL
2026-06-17T17:09:37.996178+00:00,DION_001,483652,-0.20880919110409762,SIMULATED,NORMAL
2026-06-17T17:09:38.006576+00:00,DION_001,483653,0.06598531030801214,SIMULATED,NORMAL
2026-06-17T17:09:38.016859+00:00,DION_001,483654,-0.3354343286889448,SIMULATED,NORMAL
2026-06-17T17:09:38.027285+00:00,DION_001,483655,-0.21485578407996203,SIMULATED,NORMAL
2026-06-17T17:09:38.037814+00:00,DION_001,483656,-0.4086286139030487,SIMULATED,NORMAL
2026-06-17T17:09:38.048144+00:00,DION_001,483657,-0.2959573595588129,SIMULATED,NORMAL
2026-06-17T17:09:38.058441+00:00,DION_001,483658,-0.09962875098128526,SIMULATED,NORMAL
2026-06-17T17:09:38.068780+00:00,DION_001,483659,-0.4809702990334168,SIMULATED,NORMAL
2026-06-17T17:09:38.079351+00:00,DION_001,483660,-0.285541844595757,SIMULATED,NORMAL
2026-06-17T17:09:38.089735+00:00,DION_001,483661,-0.42584111700157234,SIMULATED,NORMAL
2026-06-17T17:09:38.100116+00:00,DION_001,483662,-0.44964168390987624,SIMULATED,NORMAL
2026-06-17T17:09:38.110410+00:00,DION_001,483663,-3.3129681433509792,SIMULATED,EVENT_DETECTED
2026-06-17T17:09:38.121220+00:00,DION_001,483664,-0.5208302886470546,SIMULATED,NORMAL
2026-06-17T17:09:38.131624+00:00,DION_001,483665,-0.24202181540662754,SIMULATED,NORMAL
2026-06-17T17:09:38.141917+00:00,DION_001,483666,-0.44323190428501713,SIMULATED,NORMAL
2026-06-17T17:09:38.152244+00:00,DION_001,483667,-0.340200184504301,SIMULATED,NORMAL
2026-06-17T17:09:38.162716+00:00,DION_001,483668,-0.43955851505135257,SIMULATED,NORMAL
2026-06-17T17:09:38.173098+00:00,DION_001,483669,-0.2641853066147519,SIMULATED,NORMAL
2026-06-17T17:09:38.183371+00:00,DION_001,483670,-0.8515230887558372,SIMULATED,NORMAL
2026-06-17T17:09:38.193819+00:00,DION_001,483671,-0.587168025187049,SIMULATED,NORMAL
2026-06-17T17:09:38.204234+00:00,DION_001,483672,-0.7395719183720482,SIMULATED,NORMAL
2026-06-17T17:09:38.214588+00:00,DION_001,483673,-0.3398599897513511,SIMULATED,NORMAL
2026-06-17T17:09:38.224864+00:00,DION_001,483674,-2.3065444337273937,SIMULATED,EVENT_DETECTED
2026-06-17T17:09:38.235235+00:00,DION_001,483675,-0.5663334772404574,SIMULATED,NORMAL
2026-06-17T17:09:38.245565+00:00,DION_001,483676,-0.5480023342837438,SIMULATED,NORMAL
2026-06-17T17:09:38.255941+00:00,DION_001,483677,-0.7836773866783739,SIMULATED,NORMAL
2026-06-17T17:09:38.266248+00:00,DION_001,483678,-0.5061133794730154,SIMULATED,NORMAL
2026-06-17T17:09:38.276603+00:00,DION_001,483679,-0.3868109603778104,SIMULATED,NORMAL
2026-06-17T17:09:38.286891+00:00,DION_001,483680,-0.381653461960456,SIMULATED,NORMAL
2026-06-17T17:09:38.297233+00:00,DION_001,483681,-0.46232904988894935,SIMULATED,NORMAL
2026-06-17T17:09:38.307534+00:00,DION_001,483682,-0.30432404862569906,SIMULATED,NORMAL
2026-06-17T17:09:38.317846+00:00,DION_001,483683,-0.37280446581699356,SIMULATED,NORMAL
2026-06-17T17:09:38.328137+00:00,DION_001,483684,-0.6555049196039301,SIMULATED,NORMAL
2026-06-17T17:09:38.338647+00:00,DION_001,483685,-0.29943491032220837,SIMULATED,NORMAL
2026-06-17T17:09:38.349013+00:00,DION_001,483686,-0.19880006925943183,SIMULATED,NORMAL
2026-06-17T17:09:38.359301+00:00,DION_001,483687,-0.2829989967945916,SIMULATED,NORMAL
2026-06-17T17:09:38.369620+00:00,DION_001,483688,-0.37284791618793534,SIMULATED,NORMAL
2026-06-17T17:09:38.379982+00:00,DION_001,483689,-0.4219126884006664,SIMULATED,NORMAL
2026-06-17T17:09:38.390445+00:00,DION_001,483690,-0.35826343423104773,SIMULATED,NORMAL
2026-06-17T17:09:38.400768+00:00,DION_001,483691,-0.25095907115936966,SIMULATED,NORMAL
2026-06-17T17:09:38.411074+00:00,DION_001,483692,-0.24812988442582323,SIMULATED,NORMAL
2026-06-17T17:09:38.421415+00:00,DION_001,483693,-0.561180209466254,SIMULATED,NORMAL
2026-06-17T17:09:38.431792+00:00,DION_001,483694,-0.30220832789433544,SIMULATED,NORMAL
2026-06-17T17:09:38.442108+00:00,DION_001,483695,-0.03478275614266893,SIMULATED,NORMAL
2026-06-17T17:09:38.452506+00:00,DION_001,483696,-0.16813386502651384,SIMULATED,NORMAL
2026-06-17T17:09:38.462934+00:00,DION_001,483697,-0.25272764688270366,SIMULATED,NORMAL
2026-06-17T17:09:38.473257+00:00,DION_001,483698,-0.03849395089971,SIMULATED,NORMAL
2026-06-17T17:09:38.483568+00:00,DION_001,483699,-0.17660040946049946,SIMULATED,NORMAL
2026-06-17T17:09:38.493904+00:00,DION_001,483700,-0.36559407564877733,SIMULATED,NORMAL
2026-06-17T17:09:38.504193+00:00,DION_001,483701,-0.19477569284067006,SIMULATED,NORMAL
2026-06-17T17:09:38.514529+00:00,DION_001,483702,-0.3589768209001921,SIMULATED,NORMAL
2026-06-17T17:09:38.524780+00:00,DION_001,483703,-0.3067548422459827,SIMULATED,NORMAL
2026-06-17T17:09:38.535094+00:00,DION_001,483704,-0.007978261467307346,SIMULATED,NORMAL
2026-06-17T17:09:38.545485+00:00,DION_001,483705,-0.20611907055739767,SIMULATED,NORMAL
2026-06-17T17:09:38.556092+00:00,DION_001,483706,-0.1146859099084236,SIMULATED,NORMAL
2026-06-17T17:09:38.566441+00:00,DION_001,483707,-0.23513657745124894,SIMULATED,NORMAL
2026-06-17T17:09:38.576786+00:00,DION_001,483708,-0.22725928434281742,SIMULATED,NORMAL
2026-06-17T17:09:38.587151+00:00,DION_001,483709,-0.2593083283152426,SIMULATED,NORMAL
2026-06-17T17:09:38.597501+00:00,DION_001,483710,-0.4036821606594187,SIMULATED,NORMAL
2026-06-17T17:09:38.607826+00:00,DION_001,483711,-0.21657993624652133,SIMULATED,NORMAL
2026-06-17T17:09:38.618193+00:00,DION_001,483712,-0.3335970494146298,SIMULATED,NORMAL
2026-06-17T17:09:38.628526+00:00,DION_001,483713,-0.27080239679655943,SIMULATED,NORMAL
2026-06-17T17:09:38.639128+00:00,DION_001,483714,-0.6692579398257807,SIMULATED,NORMAL
2026-06-17T17:09:38.649464+00:00,DION_001,483715,-0.6760493221297753,SIMULATED,NORMAL
2026-06-17T17:09:38.659758+00:00,DION_001,483716,-0.5384285314319192,SIMULATED,NORMAL
2026-06-17T17:09:38.670064+00:00,DION_001,483717,-0.4406245451350259,SIMULATED,NORMAL
2026-06-17T17:09:38.680436+00:00,DION_001,483718,-0.7034411427749317,SIMULATED,NORMAL
2026-06-17T17:09:38.690816+00:00,DION_001,483719,-0.6051265470118884,SIMULATED,NORMAL
2026-06-17T17:09:38.701156+00:00,DION_001,483720,-0.23337824737766194,SIMULATED,NORMAL
2026-06-17T17:09:38.711617+00:00,DION_001,483721,-0.4738204356013865,SIMULATED,NORMAL
2026-06-17T17:09:38.722043+00:00,DION_001,483722,-0.26535970068711934,SIMULATED,NORMAL
2026-06-17T17:09:38.732421+00:00,DION_001,483723,-0.5823202876828752,SIMULATED,NORMAL
2026-06-17T17:09:38.742765+00:00,DION_001,483724,-0.6496033125158617,SIMULATED,NORMAL
2026-06-17T17:09:38.753159+00:00,DION_001,483725,-0.6597322122827489,SIMULATED,NORMAL
2026-06-17T17:09:38.763450+00:00,DION_001,483726,-0.6842514785742814,SIMULATED,NORMAL
2026-06-17T17:09:38.773733+00:00,DION_001,483727,-0.7735887760930266,SIMULATED,NORMAL
2026-06-17T17:09:38.784069+00:00,DION_001,483728,-0.9821598163444543,SIMULATED,NORMAL
2026-06-17T17:09:38.794477+00:00,DION_001,483729,-0.8902636359728645,SIMULATED,NORMAL
2026-06-17T17:09:38.804879+00:00,DION_001,483730,-1.1048638831510804,SIMULATED,NORMAL
2026-06-17T17:09:38.815226+00:00,DION_001,483731,-1.1281538074544208,SIMULATED,NORMAL
2026-06-17T17:09:38.825548+00:00,DION_001,483732,-0.9662932519699073,SIMULATED,NORMAL
2026-06-17T17:09:38.835913+00:00,DION_001,483733,0.9502221627970767,SIMULATED,NORMAL
2026-06-17T17:09:38.846407+00:00,DION_001,483734,-1.2803818102953108,SIMULATED,NORMAL
2026-06-17T17:09:38.856773+00:00,DION_001,483735,-0.9825629341464761,SIMULATED,NORMAL
2026-06-17T17:09:38.867157+00:00,DION_001,483736,-0.9528636649304583,SIMULATED,NORMAL
2026-06-17T17:09:38.877514+00:00,DION_001,483737,-1.3490927605190386,SIMULATED,NORMAL
2026-06-17T17:09:38.887864+00:00,DION_001,483738,-1.0816860683384415,SIMULATED,NORMAL
2026-06-17T17:09:38.898251+00:00,DION_001,483739,-1.0036568946771587,SIMULATED,NORMAL
2026-06-17T17:09:38.908658+00:00,DION_001,483740,-1.2964924807851321,SIMULATED,NORMAL
2026-06-17T17:09:38.919063+00:00,DION_001,483741,-1.1380695818137088,SIMULATED,NORMAL
2026-06-17T17:09:38.929454+00:00,DION_001,483742,-1.1726389498621117,SIMULATED,NORMAL
2026-06-17T17:09:38.939736+00:00,DION_001,483743,-0.9969268751271048,SIMULATED,NORMAL
2026-06-17T17:09:38.950102+00:00,DION_001,483744,-1.1257489432288352,SIMULATED,NORMAL
2026-06-17T17:09:38.960432+00:00,DION_001,483745,-1.0946425139298663,SIMULATED,NORMAL
2026-06-17T17:09:38.970837+00:00,DION_001,483746,-1.156134637698957,SIMULATED,NORMAL
2026-06-17T17:09:38.981129+00:00,DION_001,483747,-1.229067083838759,SIMULATED,NORMAL
2026-06-17T17:09:38.991406+00:00,DION_001,483748,-1.3855666372887212,SIMULATED,NORMAL
2026-06-17T17:09:39.001681+00:00,DION_001,483749,-1.2172306453759454,SIMULATED,NORMAL
2026-06-17T17:09:39.012040+00:00,DION_001,483750,-1.0997144764535474,SIMULATED,NORMAL
2026-06-17T17:09:39.022442+00:00,DION_001,483751,-1.1221633145488512,SIMULATED,NORMAL
2026-06-17T17:09:39.032751+00:00,DION_001,483752,-1.146607426582286,SIMULATED,NORMAL
2026-06-17T17:09:39.043063+00:00,DION_001,483753,-1.0201250742443095,SIMULATED,NORMAL
2026-06-17T17:09:39.053423+00:00,DION_001,483754,-0.9034301863136514,SIMULATED,NORMAL
2026-06-17T17:09:39.063751+00:00,DION_001,483755,-0.8453021268480986,SIMULATED,NORMAL
2026-06-17T17:09:39.074185+00:00,DION_001,483756,-1.2010591204539924,SIMULATED,NORMAL
2026-06-17T17:09:39.084467+00:00,DION_001,483757,-0.9438209920173823,SIMULATED,NORMAL
2026-06-17T17:09:39.094923+00:00,DION_001,483758,-1.015174297886257,SIMULATED,NORMAL
2026-06-17T17:09:39.105364+00:00,DION_001,483759,-0.7691766529344979,SIMULATED,NORMAL
2026-06-17T17:09:39.115696+00:00,DION_001,483760,-1.2208854397885542,SIMULATED,NORMAL
2026-06-17T17:09:39.125987+00:00,DION_001,483761,-0.7026414027312404,SIMULATED,NORMAL
2026-06-17T17:09:39.136294+00:00,DION_001,483762,-0.8996174347808297,SIMULATED,NORMAL
2026-06-17T17:09:39.146749+00:00,DION_001,483763,-0.9151394549463405,SIMULATED,NORMAL
2026-06-17T17:09:39.157069+00:00,DION_001,483764,-0.8806274455062835,SIMULATED,NORMAL
2026-06-17T17:09:39.167407+00:00,DION_001,483765,-1.0955390146405009,SIMULATED,NORMAL
2026-06-17T17:09:39.177676+00:00,DION_001,483766,-0.6683952910693914,SIMULATED,NORMAL
2026-06-17T17:09:39.187980+00:00,DION_001,483767,-0.8884040454820126,SIMULATED,NORMAL
2026-06-17T17:09:39.198327+00:00,DION_001,483768,-0.7020077352117846,SIMULATED,NORMAL
2026-06-17T17:09:39.208603+00:00,DION_001,483769,-0.4574913212547769,SIMULATED,NORMAL
2026-06-17T17:09:39.218886+00:00,DION_001,483770,-0.7001193426868699,SIMULATED,NORMAL
2026-06-17T17:09:39.229290+00:00,DION_001,483771,-0.6256447139672326,SIMULATED,NORMAL
2026-06-17T17:09:39.239708+00:00,DION_001,483772,-0.4148151016435974,SIMULATED,NORMAL
2026-06-17T17:09:39.250092+00:00,DION_001,483773,-0.015556852058348558,SIMULATED,NORMAL
2026-06-17T17:09:39.260420+00:00,DION_001,483774,-0.2680760232519186,SIMULATED,NORMAL
2026-06-17T17:09:39.270734+00:00,DION_001,483775,-0.11290487687387113,SIMULATED,NORMAL
2026-06-17T17:09:39.281062+00:00,DION_001,483776,-0.5610928775172761,SIMULATED,NORMAL
2026-06-17T17:09:39.294835+00:00,DION_001,483777,-0.28626201019509073,SIMULATED,NORMAL
2026-06-17T17:09:39.305343+00:00,DION_001,483778,-0.548626004392949,SIMULATED,NORMAL
2026-06-17T17:09:39.315661+00:00,DION_001,483779,-0.4368745815812131,SIMULATED,NORMAL
2026-06-17T17:09:39.325934+00:00,DION_001,483780,-0.5113073276467959,SIMULATED,NORMAL
2026-06-17T17:09:39.336183+00:00,DION_001,483781,-0.2502946409524776,SIMULATED,NORMAL
2026-06-17T17:09:39.346536+00:00,DION_001,483782,-0.5627531635871318,SIMULATED,NORMAL
2026-06-17T17:09:39.356802+00:00,DION_001,483783,-0.018585795388979476,SIMULATED,NORMAL
2026-06-17T17:09:39.367080+00:00,DION_001,483784,-0.6423592196939679,SIMULATED,NORMAL
2026-06-17T17:09:39.377587+00:00,DION_001,483785,-0.10691385753999466,SIMULATED,NORMAL
2026-06-17T17:09:39.387950+00:00,DION_001,483786,-0.21072353511861752,SIMULATED,NORMAL
2026-06-17T17:09:39.398308+00:00,DION_001,483787,1.8043413461472797,SIMULATED,NORMAL
2026-06-17T17:09:39.408682+00:00,DION_001,483788,-2.9608530725337534,SIMULATED,EVENT_DETECTED
2026-06-17T17:09:39.419065+00:00,DION_001,483789,-0.38542208868940386,SIMULATED,NORMAL
2026-06-17T17:09:39.429452+00:00,DION_001,483790,-0.2414678936228468,SIMULATED,NORMAL
2026-06-17T17:09:39.439866+00:00,DION_001,483791,-0.40747463112898147,SIMULATED,NORMAL
2026-06-17T17:09:39.450224+00:00,DION_001,483792,-0.13277421454767122,SIMULATED,NORMAL
2026-06-17T17:09:39.460470+00:00,DION_001,483793,-0.3982649400166345,SIMULATED,NORMAL
2026-06-17T17:09:39.470723+00:00,DION_001,483794,-0.4467368503411755,SIMULATED,NORMAL
2026-06-17T17:09:39.480974+00:00,DION_001,483795,-0.4511203865089478,SIMULATED,NORMAL
2026-06-17T17:09:39.491193+00:00,DION_001,483796,-0.3547162013684639,SIMULATED,NORMAL
2026-06-17T17:09:39.501486+00:00,DION_001,483797,-0.36490460016530196,SIMULATED,NORMAL
2026-06-17T17:09:39.512155+00:00,DION_001,483798,-0.4541890331929702,SIMULATED,NORMAL
2026-06-17T17:09:39.522532+00:00,DION_001,483799,-0.4571087862366321,SIMULATED,NORMAL
2026-06-17T17:09:39.532880+00:00,DION_001,483800,-0.38563539762756766,SIMULATED,NORMAL
2026-06-17T17:09:39.543198+00:00,DION_001,483801,-0.5830182255648392,SIMULATED,NORMAL
2026-06-17T17:09:39.553512+00:00,DION_001,483802,-0.5082725868204704,SIMULATED,NORMAL
2026-06-17T17:09:39.563872+00:00,DION_001,483803,-0.461172705812168,SIMULATED,NORMAL
2026-06-17T17:09:39.574152+00:00,DION_001,483804,-0.8521786682935906,SIMULATED,NORMAL
2026-06-17T17:09:39.584543+00:00,DION_001,483805,-0.273746402237609,SIMULATED,NORMAL
2026-06-17T17:09:39.595040+00:00,DION_001,483806,-0.5446624512071325,SIMULATED,NORMAL
2026-06-17T17:09:39.605455+00:00,DION_001,483807,-0.4505522678033195,SIMULATED,NORMAL
2026-06-17T17:09:39.615792+00:00,DION_001,483808,-0.5771460644664539,SIMULATED,NORMAL
2026-06-17T17:09:39.626155+00:00,DION_001,483809,-0.5028634681288422,SIMULATED,NORMAL
2026-06-17T17:09:39.636500+00:00,DION_001,483810,-0.49945725788973994,SIMULATED,NORMAL
2026-06-17T17:09:39.646876+00:00,DION_001,483811,-0.5418211367678117,SIMULATED,NORMAL
2026-06-17T17:09:39.657321+00:00,DION_001,483812,-0.5449832605732021,SIMULATED,NORMAL
2026-06-17T17:09:39.667760+00:00,DION_001,483813,-0.6795916828882681,SIMULATED,NORMAL
2026-06-17T17:09:39.678067+00:00,DION_001,483814,-0.8518890504772089,SIMULATED,NORMAL
2026-06-17T17:09:39.688438+00:00,DION_001,483815,-0.7477451949062395,SIMULATED,NORMAL
2026-06-17T17:09:39.698842+00:00,DION_001,483816,-0.8571422428552349,SIMULATED,NORMAL
2026-06-17T17:09:39.709249+00:00,DION_001,483817,-0.6882795831099314,SIMULATED,NORMAL
2026-06-17T17:09:39.719623+00:00,DION_001,483818,-0.7353667624023315,SIMULATED,NORMAL
2026-06-17T17:09:39.730011+00:00,DION_001,483819,-0.45644881782171653,SIMULATED,NORMAL
2026-06-17T17:09:39.740315+00:00,DION_001,483820,-0.39604600785849103,SIMULATED,NORMAL
2026-06-17T17:09:39.750642+00:00,DION_001,483821,-0.750710499868475,SIMULATED,NORMAL
2026-06-17T17:09:39.760968+00:00,DION_001,483822,-0.8644339408386261,SIMULATED,NORMAL
2026-06-17T17:09:39.771360+00:00,DION_001,483823,-0.7152359530185138,SIMULATED,NORMAL
2026-06-17T17:09:39.781704+00:00,DION_001,483824,-0.93216529361719,SIMULATED,NORMAL
2026-06-17T17:09:39.792043+00:00,DION_001,483825,-0.6470180220730595,SIMULATED,NORMAL
2026-06-17T17:09:39.802465+00:00,DION_001,483826,-0.6650516822740148,SIMULATED,NORMAL
2026-06-17T17:09:39.812797+00:00,DION_001,483827,-0.5704851812029308,SIMULATED,NORMAL
2026-06-17T17:09:39.823099+00:00,DION_001,483828,-0.5358536742740181,SIMULATED,NORMAL
2026-06-17T17:09:39.833545+00:00,DION_001,483829,-0.690476217541544,SIMULATED,NORMAL
2026-06-17T17:09:39.843844+00:00,DION_001,483830,-0.38633734990049373,SIMULATED,NORMAL
2026-06-17T17:09:39.854194+00:00,DION_001,483831,-0.6441218229402673,SIMULATED,NORMAL
2026-06-17T17:09:39.864612+00:00,DION_001,483832,-0.18151962776706437,SIMULATED,NORMAL
2026-06-17T17:09:39.874894+00:00,DION_001,483833,-0.5118220205235787,SIMULATED,NORMAL
2026-06-17T17:09:39.885171+00:00,DION_001,483834,-0.30904356234708535,SIMULATED,NORMAL
2026-06-17T17:09:39.895549+00:00,DION_001,483835,-0.4939391936553319,SIMULATED,NORMAL
2026-06-17T17:09:39.906050+00:00,DION_001,483836,-0.6981459826929524,SIMULATED,NORMAL
2026-06-17T17:09:39.916351+00:00,DION_001,483837,-0.3356071975924126,SIMULATED,NORMAL
2026-06-17T17:09:39.926643+00:00,DION_001,483838,-0.4275304557890496,SIMULATED,NORMAL
2026-06-17T17:09:39.937040+00:00,DION_001,483839,-0.12689801788768212,SIMULATED,NORMAL
2026-06-17T17:09:39.947353+00:00,DION_001,483840,-0.36456720968150924,SIMULATED,NORMAL
2026-06-17T17:09:39.957643+00:00,DION_001,483841,-0.11495074990864593,SIMULATED,NORMAL
2026-06-17T17:09:39.967940+00:00,DION_001,483842,-0.06685626674464606,SIMULATED,NORMAL
2026-06-17T17:09:39.978246+00:00,DION_001,483843,-0.06788501301294401,SIMULATED,NORMAL
2026-06-17T17:09:39.988619+00:00,DION_001,483844,0.11997248594445004,SIMULATED,NORMAL
2026-06-17T17:09:39.998956+00:00,DION_001,483845,0.013332619925363668,SIMULATED,NORMAL
2026-06-17T17:09:40.009218+00:00,DION_001,483846,0.10326536359321314,SIMULATED,NORMAL
2026-06-17T17:09:40.019481+00:00,DION_001,483847,0.34089197848566444,SIMULATED,NORMAL
2026-06-17T17:09:40.029838+00:00,DION_001,483848,-0.021881078675141136,SIMULATED,NORMAL
2026-06-17T17:09:40.040222+00:00,DION_001,483849,0.16195778671544847,SIMULATED,NORMAL
2026-06-17T17:09:40.050521+00:00,DION_001,483850,0.3143369251950798,SIMULATED,NORMAL
2026-06-17T17:09:40.060769+00:00,DION_001,483851,0.324359488940546,SIMULATED,NORMAL
2026-06-17T17:09:40.071160+00:00,DION_001,483852,0.32688850550787235,SIMULATED,NORMAL
2026-06-17T17:09:40.081512+00:00,DION_001,483853,0.050008681662584764,SIMULATED,NORMAL
2026-06-17T17:09:40.091835+00:00,DION_001,483854,0.5287210895500046,SIMULATED,NORMAL
2026-06-17T17:09:40.102235+00:00,DION_001,483855,0.3509936424554102,SIMULATED,NORMAL
2026-06-17T17:09:40.112761+00:00,DION_001,483856,0.5412704846681639,SIMULATED,NORMAL
2026-06-17T17:09:40.123085+00:00,DION_001,483857,0.6973879600506583,SIMULATED,NORMAL
2026-06-17T17:09:40.133444+00:00,DION_001,483858,0.5977628484914173,SIMULATED,NORMAL
2026-06-17T17:09:40.143782+00:00,DION_001,483859,0.6789556589718977,SIMULATED,NORMAL
2026-06-17T17:09:40.154142+00:00,DION_001,483860,0.5652764747387026,SIMULATED,NORMAL
2026-06-17T17:09:40.164431+00:00,DION_001,483861,0.4809224938263723,SIMULATED,NORMAL
2026-06-17T17:09:40.174825+00:00,DION_001,483862,0.6372337776147664,SIMULATED,NORMAL
2026-06-17T17:09:40.185177+00:00,DION_001,483863,0.8239685396912995,SIMULATED,NORMAL
2026-06-17T17:09:40.195531+00:00,DION_001,483864,0.6039742144081379,SIMULATED,NORMAL
2026-06-17T17:09:40.205903+00:00,DION_001,483865,0.4726158411303882,SIMULATED,NORMAL
2026-06-17T17:09:40.216341+00:00,DION_001,483866,0.6974067735037413,SIMULATED,NORMAL
2026-06-17T17:09:40.226626+00:00,DION_001,483867,0.8503041517110511,SIMULATED,NORMAL
2026-06-17T17:09:40.236977+00:00,DION_001,483868,2.7005474365082858,SIMULATED,EVENT_DETECTED
2026-06-17T17:09:40.247532+00:00,DION_001,483869,0.7522936431723127,SIMULATED,NORMAL
2026-06-17T17:09:40.257819+00:00,DION_001,483870,0.5829266604246927,SIMULATED,NORMAL
2026-06-17T17:09:40.268163+00:00,DION_001,483871,0.6295828831611665,SIMULATED,NORMAL
2026-06-17T17:09:40.278565+00:00,DION_001,483872,0.8950981278253002,SIMULATED,NORMAL
2026-06-17T17:09:40.289074+00:00,DION_001,483873,0.5348848904227324,SIMULATED,NORMAL
2026-06-17T17:09:40.299398+00:00,DION_001,483874,0.6441189400821631,SIMULATED,NORMAL
2026-06-17T17:09:40.309795+00:00,DION_001,483875,0.7448906043315462,SIMULATED,NORMAL
2026-06-17T17:09:40.320098+00:00,DION_001,483876,0.5301165871331843,SIMULATED,NORMAL
2026-06-17T17:09:40.330537+00:00,DION_001,483877,0.3728300427087415,SIMULATED,NORMAL
2026-06-17T17:09:40.340881+00:00,DION_001,483878,0.775140864081261,SIMULATED,NORMAL
2026-06-17T17:09:40.351197+00:00,DION_001,483879,0.5330362477800187,SIMULATED,NORMAL
2026-06-17T17:09:40.361527+00:00,DION_001,483880,0.5603713793662455,SIMULATED,NORMAL
2026-06-17T17:09:40.371944+00:00,DION_001,483881,0.401110627222971,SIMULATED,NORMAL
2026-06-17T17:09:40.382355+00:00,DION_001,483882,0.48386517051173367,SIMULATED,NORMAL
2026-06-17T17:09:40.392771+00:00,DION_001,483883,0.595780695451051,SIMULATED,NORMAL
2026-06-17T17:09:40.403093+00:00,DION_001,483884,0.5143917858246988,SIMULATED,NORMAL
2026-06-17T17:09:40.413515+00:00,DION_001,483885,0.4281131137013344,SIMULATED,NORMAL
2026-06-17T17:09:40.423853+00:00,DION_001,483886,0.6092833506330362,SIMULATED,NORMAL
2026-06-17T17:09:40.434202+00:00,DION_001,483887,0.4130117874652155,SIMULATED,NORMAL
2026-06-17T17:09:40.444541+00:00,DION_001,483888,0.40138715179869505,SIMULATED,NORMAL
2026-06-17T17:09:40.454957+00:00,DION_001,483889,0.17184387464970752,SIMULATED,NORMAL
2026-06-17T17:09:40.465389+00:00,DION_001,483890,0.2849579579831566,SIMULATED,NORMAL
2026-06-17T17:09:40.475679+00:00,DION_001,483891,0.30593778490849055,SIMULATED,NORMAL
2026-06-17T17:09:40.486109+00:00,DION_001,483892,0.1271622086938242,SIMULATED,NORMAL
2026-06-17T17:09:40.496531+00:00,DION_001,483893,0.6601330637700162,SIMULATED,NORMAL
2026-06-17T17:09:40.506983+00:00,DION_001,483894,0.22639176645088924,SIMULATED,NORMAL
2026-06-17T17:09:40.517290+00:00,DION_001,483895,0.290075787788451,SIMULATED,NORMAL
2026-06-17T17:09:40.527617+00:00,DION_001,483896,0.10187143726564776,SIMULATED,NORMAL
2026-06-17T17:09:40.538010+00:00,DION_001,483897,0.17115925366376838,SIMULATED,NORMAL
2026-06-17T17:09:40.548369+00:00,DION_001,483898,0.15694095734233296,SIMULATED,NORMAL
2026-06-17T17:09:40.558641+00:00,DION_001,483899,0.22646658230561867,SIMULATED,NORMAL
2026-06-17T17:09:40.568935+00:00,DION_001,483900,0.3470609917489099,SIMULATED,NORMAL
2026-06-17T17:09:40.579301+00:00,DION_001,483901,0.30662718041123926,SIMULATED,NORMAL
2026-06-17T17:09:40.589657+00:00,DION_001,483902,0.02999583885919596,SIMULATED,NORMAL
2026-06-17T17:09:40.599985+00:00,DION_001,483903,0.27501486871384173,SIMULATED,NORMAL
2026-06-17T17:09:40.610257+00:00,DION_001,483904,0.15560805218091683,SIMULATED,NORMAL
2026-06-17T17:09:40.620645+00:00,DION_001,483905,0.2748828488870996,SIMULATED,NORMAL
2026-06-17T17:09:40.631061+00:00,DION_001,483906,0.42775702551532957,SIMULATED,NORMAL
2026-06-17T17:09:40.641370+00:00,DION_001,483907,0.02304386718975665,SIMULATED,NORMAL
2026-06-17T17:09:40.651623+00:00,DION_001,483908,0.10536113212056233,SIMULATED,NORMAL
2026-06-17T17:09:40.661927+00:00,DION_001,483909,0.33142185593220214,SIMULATED,NORMAL
2026-06-17T17:09:40.672305+00:00,DION_001,483910,2.7171307340164743,SIMULATED,EVENT_DETECTED
2026-06-17T17:09:40.682921+00:00,DION_001,483911,0.10168787089387796,SIMULATED,NORMAL
2026-06-17T17:09:40.693214+00:00,DION_001,483912,0.17553209187493507,SIMULATED,NORMAL
2026-06-17T17:09:40.703552+00:00,DION_001,483913,0.3595894274723596,SIMULATED,NORMAL
2026-06-17T17:09:40.713898+00:00,DION_001,483914,0.3596356740850688,SIMULATED,NORMAL
2026-06-17T17:09:40.724144+00:00,DION_001,483915,0.1622956311636447,SIMULATED,NORMAL
2026-06-17T17:09:40.734443+00:00,DION_001,483916,0.34474454299534396,SIMULATED,NORMAL
2026-06-17T17:09:40.744765+00:00,DION_001,483917,0.38217918856996536,SIMULATED,NORMAL
2026-06-17T17:09:40.755176+00:00,DION_001,483918,0.478343913042117,SIMULATED,NORMAL
2026-06-17T17:09:40.765514+00:00,DION_001,483919,0.31114212726558177,SIMULATED,NORMAL
2026-06-17T17:09:40.775791+00:00,DION_001,483920,3.1186186533653357,SIMULATED,EVENT_DETECTED
2026-06-17T17:09:40.786162+00:00,DION_001,483921,0.7184484048039878,SIMULATED,NORMAL
2026-06-17T17:09:40.796477+00:00,DION_001,483922,0.7685542909024025,SIMULATED,NORMAL
2026-06-17T17:09:40.806899+00:00,DION_001,483923,0.6295904564913541,SIMULATED,NORMAL
2026-06-17T17:09:40.817265+00:00,DION_001,483924,0.6039955203481345,SIMULATED,NORMAL
2026-06-17T17:09:40.827618+00:00,DION_001,483925,0.7805434450927766,SIMULATED,NORMAL
2026-06-17T17:09:40.837981+00:00,DION_001,483926,0.6068631725256012,SIMULATED,NORMAL
2026-06-17T17:09:40.848443+00:00,DION_001,483927,0.6933490202762704,SIMULATED,NORMAL
2026-06-17T17:09:40.858853+00:00,DION_001,483928,0.7504822749021758,SIMULATED,NORMAL
2026-06-17T17:09:40.869182+00:00,DION_001,483929,1.0018523206131758,SIMULATED,NORMAL
2026-06-17T17:09:40.879617+00:00,DION_001,483930,0.6796446706800123,SIMULATED,NORMAL
2026-06-17T17:09:40.889898+00:00,DION_001,483931,1.0769558586621717,SIMULATED,NORMAL
2026-06-17T17:09:40.900191+00:00,DION_001,483932,0.9635611981861785,SIMULATED,NORMAL
2026-06-17T17:09:40.910460+00:00,DION_001,483933,-1.0674670154658419,SIMULATED,NORMAL
2026-06-17T17:09:40.920928+00:00,DION_001,483934,1.1367284601169447,SIMULATED,NORMAL
2026-06-17T17:09:40.931291+00:00,DION_001,483935,1.3164355487752357,SIMULATED,NORMAL
2026-06-17T17:09:40.941630+00:00,DION_001,483936,1.1834270484372624,SIMULATED,NORMAL
2026-06-17T17:09:40.952038+00:00,DION_001,483937,0.9002350847338688,SIMULATED,NORMAL
2026-06-17T17:09:40.962523+00:00,DION_001,483938,1.094012303739485,SIMULATED,NORMAL
2026-06-17T17:09:40.972825+00:00,DION_001,483939,1.3439516077561406,SIMULATED,NORMAL
2026-06-17T17:09:40.983211+00:00,DION_001,483940,1.0555911957824935,SIMULATED,NORMAL
2026-06-17T17:09:40.993572+00:00,DION_001,483941,1.2890653570501696,SIMULATED,NORMAL
2026-06-17T17:09:41.003877+00:00,DION_001,483942,1.0586841949859376,SIMULATED,NORMAL
2026-06-17T17:09:41.014252+00:00,DION_001,483943,1.0443710124200045,SIMULATED,NORMAL
2026-06-17T17:09:41.024632+00:00,DION_001,483944,1.3405160231407893,SIMULATED,NORMAL
2026-06-17T17:09:41.035053+00:00,DION_001,483945,1.1663776663556042,SIMULATED,NORMAL
2026-06-17T17:09:41.045671+00:00,DION_001,483946,1.0737788657506278,SIMULATED,NORMAL
2026-06-17T17:09:41.056040+00:00,DION_001,483947,1.0285002743252998,SIMULATED,NORMAL
2026-06-17T17:09:41.066425+00:00,DION_001,483948,1.1705424814367205,SIMULATED,NORMAL
2026-06-17T17:09:41.076728+00:00,DION_001,483949,1.1826959771901544,SIMULATED,NORMAL
2026-06-17T17:09:41.087093+00:00,DION_001,483950,1.3291816425282372,SIMULATED,NORMAL
2026-06-17T17:09:41.097513+00:00,DION_001,483951,1.0902300431674639,SIMULATED,NORMAL
2026-06-17T17:09:41.107863+00:00,DION_001,483952,0.8696704623228684,SIMULATED,NORMAL
2026-06-17T17:09:41.118128+00:00,DION_001,483953,0.7580545924218947,SIMULATED,NORMAL
2026-06-17T17:09:41.128726+00:00,DION_001,483954,1.3491430410515721,SIMULATED,NORMAL
2026-06-17T17:09:41.139118+00:00,DION_001,483955,1.2122453408091125,SIMULATED,NORMAL
2026-06-17T17:09:41.149546+00:00,DION_001,483956,1.1194275250642152,SIMULATED,NORMAL
2026-06-17T17:09:41.159830+00:00,DION_001,483957,0.9525068662668618,SIMULATED,NORMAL
2026-06-17T17:09:41.170213+00:00,DION_001,483958,0.7604937975456283,SIMULATED,NORMAL
2026-06-17T17:09:41.180612+00:00,DION_001,483959,0.9799796592364768,SIMULATED,NORMAL
2026-06-17T17:09:41.190957+00:00,DION_001,483960,0.9043776633316611,SIMULATED,NORMAL
2026-06-17T17:09:41.201287+00:00,DION_001,483961,0.6150341284432972,SIMULATED,NORMAL
2026-06-17T17:09:41.211694+00:00,DION_001,483962,1.0515182522408837,SIMULATED,NORMAL
2026-06-17T17:09:41.222229+00:00,DION_001,483963,0.7807516163609134,SIMULATED,NORMAL
2026-06-17T17:09:41.232600+00:00,DION_001,483964,0.9105528601982178,SIMULATED,NORMAL
2026-06-17T17:09:41.242865+00:00,DION_001,483965,0.8041870760353288,SIMULATED,NORMAL
2026-06-17T17:09:41.253244+00:00,DION_001,483966,0.6424793782103089,SIMULATED,NORMAL
2026-06-17T17:09:41.263614+00:00,DION_001,483967,0.7053211435729441,SIMULATED,NORMAL
2026-06-17T17:09:41.273874+00:00,DION_001,483968,0.552333167314155,SIMULATED,NORMAL
2026-06-17T17:09:41.284193+00:00,DION_001,483969,0.6093327661977032,SIMULATED,NORMAL
2026-06-17T17:09:41.294498+00:00,DION_001,483970,0.7335480032797528,SIMULATED,NORMAL
2026-06-17T17:09:41.304802+00:00,DION_001,483971,0.6548475634965673,SIMULATED,NORMAL
2026-06-17T17:09:41.315123+00:00,DION_001,483972,0.3883293110864338,SIMULATED,NORMAL
2026-06-17T17:09:41.325621+00:00,DION_001,483973,0.43063561034476167,SIMULATED,NORMAL
2026-06-17T17:09:41.336005+00:00,DION_001,483974,0.25573988589239754,SIMULATED,NORMAL
2026-06-17T17:09:41.346393+00:00,DION_001,483975,2.676744782733268,SIMULATED,EVENT_DETECTED
2026-06-17T17:09:41.356811+00:00,DION_001,483976,0.4596607395862503,SIMULATED,NORMAL
2026-06-17T17:09:41.367252+00:00,DION_001,483977,0.23411372269286287,SIMULATED,NORMAL
2026-06-17T17:09:41.377610+00:00,DION_001,483978,0.0823106976849704,SIMULATED,NORMAL
2026-06-17T17:09:41.387985+00:00,DION_001,483979,0.5849515586746288,SIMULATED,NORMAL
2026-06-17T17:09:41.398311+00:00,DION_001,483980,0.5481207981652944,SIMULATED,NORMAL
2026-06-17T17:09:41.408669+00:00,DION_001,483981,0.008921122101431422,SIMULATED,NORMAL
2026-06-17T17:09:41.418932+00:00,DION_001,483982,0.049290136563607895,SIMULATED,NORMAL
2026-06-17T17:09:41.429317+00:00,DION_001,483983,0.20555104728791246,SIMULATED,NORMAL
2026-06-17T17:09:41.439678+00:00,DION_001,483984,0.27191882354781527,SIMULATED,NORMAL
2026-06-17T17:09:41.450059+00:00,DION_001,483985,0.0017857951300672414,SIMULATED,NORMAL
2026-06-17T17:09:41.460370+00:00,DION_001,483986,0.18368465703723547,SIMULATED,NORMAL
2026-06-17T17:09:41.470794+00:00,DION_001,483987,-0.009751727085028056,SIMULATED,NORMAL
2026-06-17T17:09:41.481156+00:00,DION_001,483988,0.18095628683833517,SIMULATED,NORMAL
2026-06-17T17:09:41.491544+00:00,DION_001,483989,0.208950548820194,SIMULATED,NORMAL
2026-06-17T17:09:41.501863+00:00,DION_001,483990,0.18046688449465595,SIMULATED,NORMAL
2026-06-17T17:09:41.512170+00:00,DION_001,483991,0.257089389346577,SIMULATED,NORMAL
2026-06-17T17:09:41.522579+00:00,DION_001,483992,0.24079845488778506,SIMULATED,NORMAL
2026-06-17T17:09:41.532894+00:00,DION_001,483993,0.1590684211842948,SIMULATED,NORMAL
2026-06-17T17:09:41.543202+00:00,DION_001,483994,0.17853345850710658,SIMULATED,NORMAL
2026-06-17T17:09:41.553543+00:00,DION_001,483995,0.5250231015199374,SIMULATED,NORMAL
2026-06-17T17:09:41.563875+00:00,DION_001,483996,0.35167347474867394,SIMULATED,NORMAL
2026-06-17T17:09:41.574275+00:00,DION_001,483997,0.31733340368424373,SIMULATED,NORMAL
2026-06-17T17:09:41.584647+00:00,DION_001,483998,0.20473646389142816,SIMULATED,NORMAL
2026-06-17T17:09:41.595006+00:00,DION_001,483999,0.30946778931299135,SIMULATED,NORMAL
2026-06-17T17:09:41.605398+00:00,DION_001,484000,0.3217214345565444,SIMULATED,NORMAL
2026-06-17T17:09:41.615719+00:00,DION_001,484001,0.16069558453243235,SIMULATED,NORMAL
2026-06-17T17:09:41.625992+00:00,DION_001,484002,0.17510612374883444,SIMULATED,NORMAL
2026-06-17T17:09:41.636368+00:00,DION_001,484003,0.36383436528764856,SIMULATED,NORMAL
2026-06-17T17:09:41.646708+00:00,DION_001,484004,0.5574396482602751,SIMULATED,NORMAL
2026-06-17T17:09:41.656999+00:00,DION_001,484005,0.45576795453678826,SIMULATED,NORMAL
2026-06-17T17:09:41.667387+00:00,DION_001,484006,0.10644442623731287,SIMULATED,NORMAL
2026-06-17T17:09:41.677676+00:00,DION_001,484007,0.19508564889292646,SIMULATED,NORMAL
2026-06-17T17:09:41.688039+00:00,DION_001,484008,0.4263576759038556,SIMULATED,NORMAL
2026-06-17T17:09:41.698367+00:00,DION_001,484009,0.39369906242880126,SIMULATED,NORMAL
2026-06-17T17:09:41.708694+00:00,DION_001,484010,0.2079107587185806,SIMULATED,NORMAL
2026-06-17T17:09:41.718980+00:00,DION_001,484011,0.49970792647338813,SIMULATED,NORMAL
2026-06-17T17:09:41.729265+00:00,DION_001,484012,0.8249582921828862,SIMULATED,NORMAL
2026-06-17T17:09:41.739578+00:00,DION_001,484013,0.504632728393334,SIMULATED,NORMAL
2026-06-17T17:09:41.749884+00:00,DION_001,484014,0.449414590560969,SIMULATED,NORMAL
2026-06-17T17:09:41.760155+00:00,DION_001,484015,0.47921482290711603,SIMULATED,NORMAL
2026-06-17T17:09:41.770452+00:00,DION_001,484016,0.4878963106639364,SIMULATED,NORMAL
2026-06-17T17:09:41.780762+00:00,DION_001,484017,0.2622263972868385,SIMULATED,NORMAL
2026-06-17T17:09:41.791034+00:00,DION_001,484018,0.507924202427664,SIMULATED,NORMAL
2026-06-17T17:09:41.801311+00:00,DION_001,484019,0.6112116278279618,SIMULATED,NORMAL
2026-06-17T17:09:41.811725+00:00,DION_001,484020,0.7632583119168792,SIMULATED,NORMAL
2026-06-17T17:09:41.822061+00:00,DION_001,484021,0.27245141016648045,SIMULATED,NORMAL
2026-06-17T17:09:41.832393+00:00,DION_001,484022,0.599836206650178,SIMULATED,NORMAL
2026-06-17T17:09:41.842726+00:00,DION_001,484023,0.5476835152233496,SIMULATED,NORMAL
2026-06-17T17:09:41.853153+00:00,DION_001,484024,0.8061420650297013,SIMULATED,NORMAL
2026-06-17T17:09:41.863508+00:00,DION_001,484025,0.583359511202033,SIMULATED,NORMAL
2026-06-17T17:09:41.873835+00:00,DION_001,484026,0.6031299234153665,SIMULATED,NORMAL
2026-06-17T17:09:41.884165+00:00,DION_001,484027,0.7512337257846344,SIMULATED,NORMAL
2026-06-17T17:09:41.894488+00:00,DION_001,484028,0.5309264819012378,SIMULATED,NORMAL
2026-06-17T17:09:41.904994+00:00,DION_001,484029,0.7571210967839679,SIMULATED,NORMAL
2026-06-17T17:09:41.915391+00:00,DION_001,484030,0.7889419022457355,SIMULATED,NORMAL
2026-06-17T17:09:41.925699+00:00,DION_001,484031,0.6953482423540568,SIMULATED,NORMAL
2026-06-17T17:09:41.936104+00:00,DION_001,484032,0.6865514523621614,SIMULATED,NORMAL
2026-06-17T17:09:41.946444+00:00,DION_001,484033,0.3411538764165702,SIMULATED,NORMAL
2026-06-17T17:09:41.956796+00:00,DION_001,484034,0.4477595056124439,SIMULATED,NORMAL
2026-06-17T17:09:41.967231+00:00,DION_001,484035,0.34549311978894764,SIMULATED,NORMAL
2026-06-17T17:09:41.977588+00:00,DION_001,484036,0.1660722537405996,SIMULATED,NORMAL
2026-06-17T17:09:41.987904+00:00,DION_001,484037,0.09855850410889569,SIMULATED,NORMAL
2026-06-17T17:09:41.998235+00:00,DION_001,484038,0.2204331741836832,SIMULATED,NORMAL
2026-06-17T17:09:42.008585+00:00,DION_001,484039,0.2976953112070008,SIMULATED,NORMAL
2026-06-17T17:09:42.018860+00:00,DION_001,484040,0.051934203846839666,SIMULATED,NORMAL
2026-06-17T17:09:42.029241+00:00,DION_001,484041,0.08416078670132474,SIMULATED,NORMAL
2026-06-17T17:09:42.039556+00:00,DION_001,484042,0.09758330034031514,SIMULATED,NORMAL
2026-06-17T17:09:42.049868+00:00,DION_001,484043,-0.16248903502690415,SIMULATED,NORMAL
2026-06-17T17:09:42.060263+00:00,DION_001,484044,-0.12268124480150167,SIMULATED,NORMAL
2026-06-17T17:09:42.070624+00:00,DION_001,484045,-0.18884615666636884,SIMULATED,NORMAL
2026-06-17T17:09:42.080957+00:00,DION_001,484046,-0.09103357823179235,SIMULATED,NORMAL
2026-06-17T17:09:42.091253+00:00,DION_001,484047,-0.02190826444444363,SIMULATED,NORMAL
2026-06-17T17:09:42.101578+00:00,DION_001,484048,-0.26488393188567627,SIMULATED,NORMAL
2026-06-17T17:09:42.112116+00:00,DION_001,484049,-0.05717660620452614,SIMULATED,NORMAL
2026-06-17T17:09:42.122577+00:00,DION_001,484050,0.0024458861087973682,SIMULATED,NORMAL
2026-06-17T17:09:42.132907+00:00,DION_001,484051,-0.37489594829122663,SIMULATED,NORMAL
2026-06-17T17:09:42.143226+00:00,DION_001,484052,-0.3133513059580205,SIMULATED,NORMAL
2026-06-17T17:09:42.153561+00:00,DION_001,484053,-0.19944822375340657,SIMULATED,NORMAL
2026-06-17T17:09:42.163922+00:00,DION_001,484054,-0.19435655952685943,SIMULATED,NORMAL
2026-06-17T17:09:42.174352+00:00,DION_001,484055,-0.4005256901448523,SIMULATED,NORMAL
2026-06-17T17:09:42.184679+00:00,DION_001,484056,-0.3410340120500033,SIMULATED,NORMAL
2026-06-17T17:09:42.194990+00:00,DION_001,484057,-0.6127738196545326,SIMULATED,NORMAL
2026-06-17T17:09:42.205424+00:00,DION_001,484058,-0.7729435361277952,SIMULATED,NORMAL
2026-06-17T17:09:42.215916+00:00,DION_001,484059,-0.7490691657217421,SIMULATED,NORMAL
2026-06-17T17:09:42.226260+00:00,DION_001,484060,-0.4793191531438004,SIMULATED,NORMAL
2026-06-17T17:09:42.236711+00:00,DION_001,484061,-0.6905372337264004,SIMULATED,NORMAL
2026-06-17T17:09:42.247055+00:00,DION_001,484062,-0.8551705040718691,SIMULATED,NORMAL
2026-06-17T17:09:42.257327+00:00,DION_001,484063,-0.6454529879594505,SIMULATED,NORMAL
2026-06-17T17:09:42.267554+00:00,DION_001,484064,-0.6443510798659621,SIMULATED,NORMAL
2026-06-17T17:09:42.277839+00:00,DION_001,484065,-0.8657090145352082,SIMULATED,NORMAL
2026-06-17T17:09:42.288153+00:00,DION_001,484066,-3.2081598647748475,SIMULATED,EVENT_DETECTED
2026-06-17T17:09:42.298757+00:00,DION_001,484067,-0.7771021645334231,SIMULATED,NORMAL
2026-06-17T17:09:42.309044+00:00,DION_001,484068,-0.8668600537311683,SIMULATED,NORMAL
2026-06-17T17:09:42.319317+00:00,DION_001,484069,-1.019906723176418,SIMULATED,NORMAL
2026-06-17T17:09:42.329698+00:00,DION_001,484070,-0.5549850906338892,SIMULATED,NORMAL
2026-06-17T17:09:42.340012+00:00,DION_001,484071,-0.7955036788808194,SIMULATED,NORMAL
2026-06-17T17:09:42.350322+00:00,DION_001,484072,-0.9532357391014379,SIMULATED,NORMAL
2026-06-17T17:09:42.360681+00:00,DION_001,484073,-0.6295689288468922,SIMULATED,NORMAL
2026-06-17T17:09:42.371213+00:00,DION_001,484074,-0.6525826149968199,SIMULATED,NORMAL
2026-06-17T17:09:42.381522+00:00,DION_001,484075,-0.7454924048222993,SIMULATED,NORMAL
2026-06-17T17:09:42.391821+00:00,DION_001,484076,-0.6297780991480284,SIMULATED,NORMAL
2026-06-17T17:09:42.402173+00:00,DION_001,484077,-0.7017061292241868,SIMULATED,NORMAL
2026-06-17T17:09:42.412485+00:00,DION_001,484078,-0.7746112659220952,SIMULATED,NORMAL
2026-06-17T17:09:42.422947+00:00,DION_001,484079,-0.7844638435029592,SIMULATED,NORMAL
2026-06-17T17:09:42.433208+00:00,DION_001,484080,-0.6681190874937355,SIMULATED,NORMAL
2026-06-17T17:09:42.443558+00:00,DION_001,484081,-0.897527568538784,SIMULATED,NORMAL
2026-06-17T17:09:42.453977+00:00,DION_001,484082,-0.4896509233172187,SIMULATED,NORMAL
2026-06-17T17:09:42.464296+00:00,DION_001,484083,-0.6797540153010978,SIMULATED,NORMAL
2026-06-17T17:09:42.474597+00:00,DION_001,484084,-0.7380700068644644,SIMULATED,NORMAL
2026-06-17T17:09:42.484952+00:00,DION_001,484085,-0.573079778722759,SIMULATED,NORMAL
2026-06-17T17:09:42.495454+00:00,DION_001,484086,-0.5060697208024657,SIMULATED,NORMAL
2026-06-17T17:09:42.505926+00:00,DION_001,484087,-0.7398381394743148,SIMULATED,NORMAL
2026-06-17T17:09:42.516315+00:00,DION_001,484088,-0.5927847172869157,SIMULATED,NORMAL
2026-06-17T17:09:42.526594+00:00,DION_001,484089,-0.40444524910473867,SIMULATED,NORMAL
2026-06-17T17:09:42.537108+00:00,DION_001,484090,-0.16574421884860868,SIMULATED,NORMAL
2026-06-17T17:09:42.547501+00:00,DION_001,484091,-0.5061339330487635,SIMULATED,NORMAL
2026-06-17T17:09:42.557810+00:00,DION_001,484092,-0.483045073440973,SIMULATED,NORMAL
2026-06-17T17:09:42.568178+00:00,DION_001,484093,-0.4864712620091666,SIMULATED,NORMAL
2026-06-17T17:09:42.578620+00:00,DION_001,484094,-0.5801173191467012,SIMULATED,NORMAL
2026-06-17T17:09:42.588951+00:00,DION_001,484095,-0.24945175823362029,SIMULATED,NORMAL
2026-06-17T17:09:42.599289+00:00,DION_001,484096,-0.5466500896427504,SIMULATED,NORMAL
2026-06-17T17:09:42.609556+00:00,DION_001,484097,-0.21083344466578363,SIMULATED,NORMAL
2026-06-17T17:09:42.619813+00:00,DION_001,484098,-0.3422725141253986,SIMULATED,NORMAL
2026-06-17T17:09:42.630261+00:00,DION_001,484099,-0.4055869669984437,SIMULATED,NORMAL
2026-06-17T17:09:42.640634+00:00,DION_001,484100,-0.2990110906003841,SIMULATED,NORMAL
2026-06-17T17:09:42.650954+00:00,DION_001,484101,-0.293865192642984,SIMULATED,NORMAL
2026-06-17T17:09:42.661293+00:00,DION_001,484102,-0.3388217405877075,SIMULATED,NORMAL
2026-06-17T17:09:42.671583+00:00,DION_001,484103,-0.37741212699089327,SIMULATED,NORMAL
2026-06-17T17:09:42.681929+00:00,DION_001,484104,-0.3155725829618646,SIMULATED,NORMAL
2026-06-17T17:09:42.692396+00:00,DION_001,484105,-0.22251953532947538,SIMULATED,NORMAL
2026-06-17T17:09:42.702712+00:00,DION_001,484106,-0.3237341791966346,SIMULATED,NORMAL
2026-06-17T17:09:42.713098+00:00,DION_001,484107,-0.5197718891851624,SIMULATED,NORMAL
2026-06-17T17:09:42.723514+00:00,DION_001,484108,-0.46887776249241186,SIMULATED,NORMAL
2026-06-17T17:09:42.733818+00:00,DION_001,484109,-0.13971438463659946,SIMULATED,NORMAL
2026-06-17T17:09:42.744339+00:00,DION_001,484110,-0.5853921708074963,SIMULATED,NORMAL
2026-06-17T17:09:42.755063+00:00,DION_001,484111,-0.06380804122567313,SIMULATED,NORMAL
2026-06-17T17:09:42.765365+00:00,DION_001,484112,-0.443627673809657,SIMULATED,NORMAL
2026-06-17T17:09:42.775676+00:00,DION_001,484113,-0.22848386199165674,SIMULATED,NORMAL
2026-06-17T17:09:42.786068+00:00,DION_001,484114,-0.3812193223324978,SIMULATED,NORMAL
2026-06-17T17:09:42.796458+00:00,DION_001,484115,-0.188464890827779,SIMULATED,NORMAL
2026-06-17T17:09:42.806870+00:00,DION_001,484116,-0.7662396966575575,SIMULATED,NORMAL
2026-06-17T17:09:42.817272+00:00,DION_001,484117,-0.6038139937198574,SIMULATED,NORMAL
2026-06-17T17:09:42.827589+00:00,DION_001,484118,-0.668823616702283,SIMULATED,NORMAL
2026-06-17T17:09:42.838055+00:00,DION_001,484119,-0.22597724209214215,SIMULATED,NORMAL
2026-06-17T17:09:42.848533+00:00,DION_001,484120,-0.3310796910304007,SIMULATED,NORMAL
2026-06-17T17:09:42.858923+00:00,DION_001,484121,-0.8238685204579079,SIMULATED,NORMAL
2026-06-17T17:09:42.869214+00:00,DION_001,484122,-0.4423545534942779,SIMULATED,NORMAL
2026-06-17T17:09:42.879602+00:00,DION_001,484123,-0.6016399974838776,SIMULATED,NORMAL
2026-06-17T17:09:42.889921+00:00,DION_001,484124,-1.0201147628247424,SIMULATED,NORMAL
2026-06-17T17:09:42.900220+00:00,DION_001,484125,-0.6158101963296032,SIMULATED,NORMAL
2026-06-17T17:09:42.910437+00:00,DION_001,484126,-0.7436890113881967,SIMULATED,NORMAL
2026-06-17T17:09:42.920821+00:00,DION_001,484127,-0.874876274074196,SIMULATED,NORMAL
2026-06-17T17:09:42.931121+00:00,DION_001,484128,-0.6565746629102469,SIMULATED,NORMAL
2026-06-17T17:09:42.941410+00:00,DION_001,484129,-0.6358626232585612,SIMULATED,NORMAL
2026-06-17T17:09:42.951890+00:00,DION_001,484130,-0.739636338311082,SIMULATED,NORMAL
2026-06-17T17:09:42.962357+00:00,DION_001,484131,-0.839964727459986,SIMULATED,NORMAL
2026-06-17T17:09:42.972666+00:00,DION_001,484132,-0.9613507408393294,SIMULATED,NORMAL
2026-06-17T17:09:42.983087+00:00,DION_001,484133,-1.000567073331341,SIMULATED,NORMAL
2026-06-17T17:09:42.993366+00:00,DION_001,484134,-0.9906954879633773,SIMULATED,NORMAL
2026-06-17T17:09:43.003694+00:00,DION_001,484135,-1.0612599947679269,SIMULATED,NORMAL
2026-06-17T17:09:43.014068+00:00,DION_001,484136,-1.1376679800735021,SIMULATED,NORMAL
2026-06-17T17:09:43.024461+00:00,DION_001,484137,-0.8394045896742377,SIMULATED,NORMAL
2026-06-17T17:09:43.034924+00:00,DION_001,484138,-1.2919678270766464,SIMULATED,NORMAL
2026-06-17T17:09:43.045317+00:00,DION_001,484139,-0.9431237834709565,SIMULATED,NORMAL
2026-06-17T17:09:43.055654+00:00,DION_001,484140,-0.9909583216410688,SIMULATED,NORMAL
2026-06-17T17:09:43.066019+00:00,DION_001,484141,-1.2086613946630889,SIMULATED,NORMAL
2026-06-17T17:09:43.076330+00:00,DION_001,484142,-1.2370358595245985,SIMULATED,NORMAL
2026-06-17T17:09:43.086662+00:00,DION_001,484143,-1.160561374231132,SIMULATED,NORMAL
2026-06-17T17:09:43.097001+00:00,DION_001,484144,-1.0597767106106504,SIMULATED,NORMAL
2026-06-17T17:09:43.107348+00:00,DION_001,484145,-1.1608981640547942,SIMULATED,NORMAL
2026-06-17T17:09:43.117695+00:00,DION_001,484146,-1.1193757587136939,SIMULATED,NORMAL
2026-06-17T17:09:43.128084+00:00,DION_001,484147,-1.51991143605375,SIMULATED,NORMAL
2026-06-17T17:09:43.138556+00:00,DION_001,484148,-1.0931329872599347,SIMULATED,NORMAL
2026-06-17T17:09:43.148880+00:00,DION_001,484149,-1.134866581026648,SIMULATED,NORMAL
2026-06-17T17:09:43.159371+00:00,DION_001,484150,-1.1635201767675052,SIMULATED,NORMAL
2026-06-17T17:09:43.169672+00:00,DION_001,484151,-1.0281034419853956,SIMULATED,NORMAL
2026-06-17T17:09:43.179999+00:00,DION_001,484152,-1.1821401352762406,SIMULATED,NORMAL
2026-06-17T17:09:43.190357+00:00,DION_001,484153,-1.1968367415253227,SIMULATED,NORMAL
2026-06-17T17:09:43.200619+00:00,DION_001,484154,-1.2005959862715045,SIMULATED,NORMAL
2026-06-17T17:09:43.210928+00:00,DION_001,484155,-0.9315634878640979,SIMULATED,NORMAL
2026-06-17T17:09:43.221434+00:00,DION_001,484156,-1.0779078202192576,SIMULATED,NORMAL
2026-06-17T17:09:43.231866+00:00,DION_001,484157,-0.9005827492859202,SIMULATED,NORMAL
2026-06-17T17:09:43.242133+00:00,DION_001,484158,-1.1552998644131842,SIMULATED,NORMAL
2026-06-17T17:09:43.252532+00:00,DION_001,484159,-1.104359460255829,SIMULATED,NORMAL
2026-06-17T17:09:43.263015+00:00,DION_001,484160,-1.0153071905343733,SIMULATED,NORMAL
2026-06-17T17:09:43.273403+00:00,DION_001,484161,-0.6598917393993093,SIMULATED,NORMAL
2026-06-17T17:09:43.283758+00:00,DION_001,484162,-1.0940277740666082,SIMULATED,NORMAL
2026-06-17T17:09:43.294172+00:00,DION_001,484163,-0.9541213039417007,SIMULATED,NORMAL
2026-06-17T17:09:43.304672+00:00,DION_001,484164,-0.9234673451440055,SIMULATED,NORMAL
2026-06-17T17:09:43.315060+00:00,DION_001,484165,-0.6531995192904995,SIMULATED,NORMAL
2026-06-17T17:09:43.325403+00:00,DION_001,484166,-0.6831262849290533,SIMULATED,NORMAL
2026-06-17T17:09:43.335744+00:00,DION_001,484167,-0.553564132209418,SIMULATED,NORMAL
2026-06-17T17:09:43.346126+00:00,DION_001,484168,-0.6154086606625827,SIMULATED,NORMAL
2026-06-17T17:09:43.356641+00:00,DION_001,484169,-0.47212232394329595,SIMULATED,NORMAL
2026-06-17T17:09:43.367001+00:00,DION_001,484170,-0.5751854795840996,SIMULATED,NORMAL
2026-06-17T17:09:43.377332+00:00,DION_001,484171,-0.3358515831436407,SIMULATED,NORMAL
2026-06-17T17:09:43.387708+00:00,DION_001,484172,-0.42672307546694177,SIMULATED,NORMAL
2026-06-17T17:09:43.398036+00:00,DION_001,484173,-0.3741959237582539,SIMULATED,NORMAL
2026-06-17T17:09:43.408472+00:00,DION_001,484174,-0.5830323931429156,SIMULATED,NORMAL
2026-06-17T17:09:43.418868+00:00,DION_001,484175,-0.6384669755365918,SIMULATED,NORMAL
2026-06-17T17:09:43.429154+00:00,DION_001,484176,-0.3042255451739044,SIMULATED,NORMAL
2026-06-17T17:09:43.439437+00:00,DION_001,484177,-0.15897478953116578,SIMULATED,NORMAL
2026-06-17T17:09:43.449744+00:00,DION_001,484178,-0.26528510818410495,SIMULATED,NORMAL
2026-06-17T17:09:43.459997+00:00,DION_001,484179,-0.20384722589695714,SIMULATED,NORMAL
2026-06-17T17:09:43.470257+00:00,DION_001,484180,-0.41151863516951714,SIMULATED,NORMAL
2026-06-17T17:09:43.480585+00:00,DION_001,484181,-0.3422193405183118,SIMULATED,NORMAL
2026-06-17T17:09:43.490888+00:00,DION_001,484182,-0.19976072693439983,SIMULATED,NORMAL
2026-06-17T17:09:43.501222+00:00,DION_001,484183,-0.21242784798340122,SIMULATED,NORMAL
2026-06-17T17:09:43.511609+00:00,DION_001,484184,-0.3492413755372414,SIMULATED,NORMAL
2026-06-17T17:09:43.522023+00:00,DION_001,484185,-0.2651149920463776,SIMULATED,NORMAL
2026-06-17T17:09:43.532365+00:00,DION_001,484186,-0.06933776296565225,SIMULATED,NORMAL
2026-06-17T17:09:43.542611+00:00,DION_001,484187,-0.048358682926125385,SIMULATED,NORMAL
2026-06-17T17:09:43.553022+00:00,DION_001,484188,-0.3787587713663821,SIMULATED,NORMAL
2026-06-17T17:09:43.563365+00:00,DION_001,484189,-0.23654177562983908,SIMULATED,NORMAL
2026-06-17T17:09:43.573639+00:00,DION_001,484190,-0.17924531539405877,SIMULATED,NORMAL
2026-06-17T17:09:43.583923+00:00,DION_001,484191,-0.049266581389453654,SIMULATED,NORMAL
2026-06-17T17:09:43.594345+00:00,DION_001,484192,-0.019592286306207685,SIMULATED,NORMAL
2026-06-17T17:09:43.604698+00:00,DION_001,484193,-0.04681882868767678,SIMULATED,NORMAL
2026-06-17T17:09:43.615039+00:00,DION_001,484194,-0.22868901979205475,SIMULATED,NORMAL
2026-06-17T17:09:43.625335+00:00,DION_001,484195,0.008306973161216424,SIMULATED,NORMAL
2026-06-17T17:09:43.635671+00:00,DION_001,484196,0.22304172313773413,SIMULATED,NORMAL
2026-06-17T17:09:43.646244+00:00,DION_001,484197,-0.1039581094415371,SIMULATED,NORMAL
2026-06-17T17:09:43.656627+00:00,DION_001,484198,0.05966698742894003,SIMULATED,NORMAL
2026-06-17T17:09:43.666948+00:00,DION_001,484199,-0.28264632349330665,SIMULATED,NORMAL
2026-06-17T17:09:43.677234+00:00,DION_001,484200,-1.9169450016373726,SIMULATED,NORMAL
2026-06-17T17:09:43.687640+00:00,DION_001,484201,0.018546433418133917,SIMULATED,NORMAL
2026-06-17T17:09:43.697972+00:00,DION_001,484202,-0.27404475029260816,SIMULATED,NORMAL
2026-06-17T17:09:43.708308+00:00,DION_001,484203,-0.18990064161861897,SIMULATED,NORMAL
2026-06-17T17:09:43.718789+00:00,DION_001,484204,-0.28089380676423564,SIMULATED,NORMAL
2026-06-17T17:09:43.729174+00:00,DION_001,484205,-0.14872145266995507,SIMULATED,NORMAL
2026-06-17T17:09:43.739536+00:00,DION_001,484206,-0.4338222133349126,SIMULATED,NORMAL
2026-06-17T17:09:43.749872+00:00,DION_001,484207,-2.5075312451939316,SIMULATED,EVENT_DETECTED
2026-06-17T17:09:43.760235+00:00,DION_001,484208,-0.48394216936319623,SIMULATED,NORMAL
2026-06-17T17:09:43.770474+00:00,DION_001,484209,-0.2798511331381263,SIMULATED,NORMAL
2026-06-17T17:09:43.780912+00:00,DION_001,484210,-0.42385419372211525,SIMULATED,NORMAL
2026-06-17T17:09:43.791193+00:00,DION_001,484211,-0.3800162832928479,SIMULATED,NORMAL
2026-06-17T17:09:43.801504+00:00,DION_001,484212,-0.20118712354706209,SIMULATED,NORMAL
2026-06-17T17:09:43.812261+00:00,DION_001,484213,-0.5493592417741799,SIMULATED,NORMAL
2026-06-17T17:09:43.822685+00:00,DION_001,484214,-0.43861984515433455,SIMULATED,NORMAL
2026-06-17T17:09:43.833157+00:00,DION_001,484215,-0.4537330478646047,SIMULATED,NORMAL
2026-06-17T17:09:43.843417+00:00,DION_001,484216,-0.2789940523449152,SIMULATED,NORMAL
2026-06-17T17:09:43.853728+00:00,DION_001,484217,-0.6789085258905234,SIMULATED,NORMAL
2026-06-17T17:09:43.864163+00:00,DION_001,484218,-0.43814473035494594,SIMULATED,NORMAL
2026-06-17T17:09:43.874442+00:00,DION_001,484219,-0.42880956584307595,SIMULATED,NORMAL
2026-06-17T17:09:43.884827+00:00,DION_001,484220,-0.28440893309929266,SIMULATED,NORMAL
2026-06-17T17:09:43.895217+00:00,DION_001,484221,-0.33628909956990677,SIMULATED,NORMAL
2026-06-17T17:09:43.905646+00:00,DION_001,484222,-0.6098695510655071,SIMULATED,NORMAL
2026-06-17T17:09:43.915995+00:00,DION_001,484223,-0.38189205197776,SIMULATED,NORMAL
2026-06-17T17:09:43.926379+00:00,DION_001,484224,-0.2454721099599102,SIMULATED,NORMAL
2026-06-17T17:09:43.936716+00:00,DION_001,484225,-0.28704374586970505,SIMULATED,NORMAL
2026-06-17T17:09:43.947099+00:00,DION_001,484226,-0.43954192525108443,SIMULATED,NORMAL
2026-06-17T17:09:43.957530+00:00,DION_001,484227,0.0707945061606744,SIMULATED,NORMAL
2026-06-17T17:09:43.967839+00:00,DION_001,484228,-0.489396090790473,SIMULATED,NORMAL
2026-06-17T17:09:43.978166+00:00,DION_001,484229,-0.46711161063300505,SIMULATED,NORMAL
2026-06-17T17:09:43.988626+00:00,DION_001,484230,-0.518600785403079,SIMULATED,NORMAL
2026-06-17T17:09:43.999120+00:00,DION_001,484231,-0.12629871787580071,SIMULATED,NORMAL
2026-06-17T17:09:44.009470+00:00,DION_001,484232,-0.49773254742227857,SIMULATED,NORMAL
2026-06-17T17:09:44.019733+00:00,DION_001,484233,-0.11390376361361046,SIMULATED,NORMAL
2026-06-17T17:09:44.030058+00:00,DION_001,484234,-0.3725132512500805,SIMULATED,NORMAL
2026-06-17T17:09:44.040435+00:00,DION_001,484235,-0.23524223942799904,SIMULATED,NORMAL
2026-06-17T17:09:44.051122+00:00,DION_001,484236,-0.15001430771873703,SIMULATED,NORMAL
2026-06-17T17:09:44.061411+00:00,DION_001,484237,-0.20737337236395345,SIMULATED,NORMAL
2026-06-17T17:09:44.071834+00:00,DION_001,484238,0.13949396476845421,SIMULATED,NORMAL
2026-06-17T17:09:44.082262+00:00,DION_001,484239,-0.31078273992836175,SIMULATED,NORMAL
2026-06-17T17:09:44.092644+00:00,DION_001,484240,0.07232950094944848,SIMULATED,NORMAL
2026-06-17T17:09:44.103092+00:00,DION_001,484241,-0.0937427457165591,SIMULATED,NORMAL
2026-06-17T17:09:44.113467+00:00,DION_001,484242,-0.035519959711085194,SIMULATED,NORMAL
2026-06-17T17:09:44.123786+00:00,DION_001,484243,0.2545209923828371,SIMULATED,NORMAL
2026-06-17T17:09:44.134134+00:00,DION_001,484244,-0.08252846292304017,SIMULATED,NORMAL
2026-06-17T17:09:44.144472+00:00,DION_001,484245,0.10891500196528811,SIMULATED,NORMAL
2026-06-17T17:09:44.154998+00:00,DION_001,484246,0.28094767194138565,SIMULATED,NORMAL
2026-06-17T17:09:44.165331+00:00,DION_001,484247,0.33160159305791104,SIMULATED,NORMAL
2026-06-17T17:09:44.175675+00:00,DION_001,484248,0.36092701180317943,SIMULATED,NORMAL
2026-06-17T17:09:44.185936+00:00,DION_001,484249,0.473719739169997,SIMULATED,NORMAL
2026-06-17T17:09:44.196276+00:00,DION_001,484250,0.4409648655476206,SIMULATED,NORMAL
2026-06-17T17:09:44.206564+00:00,DION_001,484251,0.37883744988280815,SIMULATED,NORMAL
2026-06-17T17:09:44.216961+00:00,DION_001,484252,0.6437789191752661,SIMULATED,NORMAL
2026-06-17T17:09:44.227329+00:00,DION_001,484253,0.2665633806473955,SIMULATED,NORMAL
2026-06-17T17:09:44.237737+00:00,DION_001,484254,0.4229593041034927,SIMULATED,NORMAL
2026-06-17T17:09:44.248175+00:00,DION_001,484255,0.07226230169016834,SIMULATED,NORMAL
2026-06-17T17:09:44.258455+00:00,DION_001,484256,0.3393337694980134,SIMULATED,NORMAL
2026-06-17T17:09:44.268749+00:00,DION_001,484257,0.6212968637931511,SIMULATED,NORMAL
2026-06-17T17:09:44.279103+00:00,DION_001,484258,0.8096243286461686,SIMULATED,NORMAL
2026-06-17T17:09:44.289546+00:00,DION_001,484259,0.6883297481810825,SIMULATED,NORMAL
2026-06-17T17:09:44.299851+00:00,DION_001,484260,0.5614873960908264,SIMULATED,NORMAL
2026-06-17T17:09:44.313190+00:00,DION_001,484261,0.732499371015672,SIMULATED,NORMAL
2026-06-17T17:09:44.323570+00:00,DION_001,484262,0.7796921949723132,SIMULATED,NORMAL
2026-06-17T17:09:44.333930+00:00,DION_001,484263,0.9100178009994369,SIMULATED,NORMAL
2026-06-17T17:09:44.344333+00:00,DION_001,484264,0.9798221450622143,SIMULATED,NORMAL
2026-06-17T17:09:44.354810+00:00,DION_001,484265,0.9454685302489041,SIMULATED,NORMAL
2026-06-17T17:09:44.365127+00:00,DION_001,484266,0.8466054629621081,SIMULATED,NORMAL
2026-06-17T17:09:44.375433+00:00,DION_001,484267,0.9369197003953844,SIMULATED,NORMAL
2026-06-17T17:09:44.385787+00:00,DION_001,484268,0.8509720559687313,SIMULATED,NORMAL
2026-06-17T17:09:44.396291+00:00,DION_001,484269,0.9461840512195326,SIMULATED,NORMAL
2026-06-17T17:09:44.406645+00:00,DION_001,484270,1.3412927666998575,SIMULATED,NORMAL
2026-06-17T17:09:44.417028+00:00,DION_001,484271,1.1106855417392596,SIMULATED,NORMAL
2026-06-17T17:09:44.427427+00:00,DION_001,484272,0.8329670715764206,SIMULATED,NORMAL
2026-06-17T17:09:44.437778+00:00,DION_001,484273,0.9591329552016039,SIMULATED,NORMAL
2026-06-17T17:09:44.448112+00:00,DION_001,484274,1.0088851850815965,SIMULATED,NORMAL
2026-06-17T17:09:44.458380+00:00,DION_001,484275,0.7766437135646531,SIMULATED,NORMAL
2026-06-17T17:09:44.468743+00:00,DION_001,484276,0.9477694061595272,SIMULATED,NORMAL
2026-06-17T17:09:44.479193+00:00,DION_001,484277,0.753760040661446,SIMULATED,NORMAL
2026-06-17T17:09:44.489683+00:00,DION_001,484278,0.9466412293246307,SIMULATED,NORMAL
2026-06-17T17:09:44.500008+00:00,DION_001,484279,0.60635414214412,SIMULATED,NORMAL
2026-06-17T17:09:44.510463+00:00,DION_001,484280,0.9129838644486826,SIMULATED,NORMAL
2026-06-17T17:09:44.520808+00:00,DION_001,484281,0.7077329080223067,SIMULATED,NORMAL
2026-06-17T17:09:44.531136+00:00,DION_001,484282,0.8532339471941564,SIMULATED,NORMAL
2026-06-17T17:09:44.541477+00:00,DION_001,484283,0.6409968757808974,SIMULATED,NORMAL
2026-06-17T17:09:44.551874+00:00,DION_001,484284,0.5778614061618543,SIMULATED,NORMAL
2026-06-17T17:09:44.562374+00:00,DION_001,484285,0.5480665793989675,SIMULATED,NORMAL
2026-06-17T17:09:44.572766+00:00,DION_001,484286,1.0574779108840477,SIMULATED,NORMAL
2026-06-17T17:09:44.583062+00:00,DION_001,484287,0.556769291006814,SIMULATED,NORMAL
2026-06-17T17:09:44.593335+00:00,DION_001,484288,0.6778424264297006,SIMULATED,NORMAL
2026-06-17T17:09:44.603651+00:00,DION_001,484289,0.6000780034227753,SIMULATED,NORMAL
2026-06-17T17:09:44.613995+00:00,DION_001,484290,0.6572833763027286,SIMULATED,NORMAL
2026-06-17T17:09:44.624317+00:00,DION_001,484291,0.6055395130155427,SIMULATED,NORMAL
2026-06-17T17:09:44.634612+00:00,DION_001,484292,0.26951163853999643,SIMULATED,NORMAL
2026-06-17T17:09:44.644968+00:00,DION_001,484293,0.40179747001556687,SIMULATED,NORMAL
2026-06-17T17:09:44.655446+00:00,DION_001,484294,0.32630038117304194,SIMULATED,NORMAL
2026-06-17T17:09:44.665860+00:00,DION_001,484295,0.5013519314186813,SIMULATED,NORMAL
2026-06-17T17:09:44.676307+00:00,DION_001,484296,0.19039565527816643,SIMULATED,NORMAL
2026-06-17T17:09:44.686725+00:00,DION_001,484297,0.5957614234045638,SIMULATED,NORMAL
2026-06-17T17:09:44.697081+00:00,DION_001,484298,0.2797472691823967,SIMULATED,NORMAL
2026-06-17T17:09:44.707367+00:00,DION_001,484299,0.3795984026702465,SIMULATED,NORMAL
2026-06-17T17:09:44.717691+00:00,DION_001,484300,0.5643398319299469,SIMULATED,NORMAL
2026-06-17T17:09:44.728005+00:00,DION_001,484301,0.2782295928421393,SIMULATED,NORMAL
2026-06-17T17:09:44.738632+00:00,DION_001,484302,0.35628985041977534,SIMULATED,NORMAL
2026-06-17T17:09:44.748983+00:00,DION_001,484303,0.2929696471134079,SIMULATED,NORMAL
2026-06-17T17:09:44.759374+00:00,DION_001,484304,0.5820781646827308,SIMULATED,NORMAL
2026-06-17T17:09:44.769675+00:00,DION_001,484305,0.29221364494647983,SIMULATED,NORMAL
2026-06-17T17:09:44.780019+00:00,DION_001,484306,0.48376885083249654,SIMULATED,NORMAL
2026-06-17T17:09:44.790383+00:00,DION_001,484307,0.3663972497352492,SIMULATED,NORMAL
2026-06-17T17:09:44.800719+00:00,DION_001,484308,0.4740546833387017,SIMULATED,NORMAL
2026-06-17T17:09:44.811024+00:00,DION_001,484309,0.604302229025646,SIMULATED,NORMAL
2026-06-17T17:09:44.821465+00:00,DION_001,484310,0.1938591628597384,SIMULATED,NORMAL
2026-06-17T17:09:44.831798+00:00,DION_001,484311,0.3726266858870771,SIMULATED,NORMAL
2026-06-17T17:09:44.842059+00:00,DION_001,484312,0.5339826785521467,SIMULATED,NORMAL
2026-06-17T17:09:44.852331+00:00,DION_001,484313,0.4037605224367029,SIMULATED,NORMAL
2026-06-17T17:09:44.862637+00:00,DION_001,484314,0.6498911193269075,SIMULATED,NORMAL
2026-06-17T17:09:44.873062+00:00,DION_001,484315,0.3118045454852625,SIMULATED,NORMAL
2026-06-17T17:09:44.883382+00:00,DION_001,484316,0.6385834447196095,SIMULATED,NORMAL
2026-06-17T17:09:44.893857+00:00,DION_001,484317,0.34740909080170534,SIMULATED,NORMAL
2026-06-17T17:09:44.904268+00:00,DION_001,484318,0.2627170876754172,SIMULATED,NORMAL
2026-06-17T17:09:44.914605+00:00,DION_001,484319,0.38961222437884235,SIMULATED,NORMAL
2026-06-17T17:09:44.924920+00:00,DION_001,484320,0.4250770984945026,SIMULATED,NORMAL
2026-06-17T17:09:44.935228+00:00,DION_001,484321,0.839869856136189,SIMULATED,NORMAL
2026-06-17T17:09:44.945710+00:00,DION_001,484322,0.7434783958154583,SIMULATED,NORMAL
2026-06-17T17:09:44.956018+00:00,DION_001,484323,0.6446149494011224,SIMULATED,NORMAL
2026-06-17T17:09:44.966349+00:00,DION_001,484324,0.23658895769805055,SIMULATED,NORMAL
2026-06-17T17:09:44.976760+00:00,DION_001,484325,0.7620863361368768,SIMULATED,NORMAL
2026-06-17T17:09:44.986999+00:00,DION_001,484326,0.8883597802908911,SIMULATED,NORMAL
2026-06-17T17:09:44.997357+00:00,DION_001,484327,1.1517808384472104,SIMULATED,NORMAL
2026-06-17T17:09:45.007599+00:00,DION_001,484328,0.605635699009142,SIMULATED,NORMAL
2026-06-17T17:09:45.017876+00:00,DION_001,484329,0.7051529757786852,SIMULATED,NORMAL
2026-06-17T17:09:45.028210+00:00,DION_001,484330,0.9933132360889061,SIMULATED,NORMAL
2026-06-17T17:09:45.038652+00:00,DION_001,484331,0.905453883772423,SIMULATED,NORMAL
2026-06-17T17:09:45.048994+00:00,DION_001,484332,0.8709715198458515,SIMULATED,NORMAL
2026-06-17T17:09:45.059289+00:00,DION_001,484333,1.0514667263498785,SIMULATED,NORMAL
2026-06-17T17:09:45.069583+00:00,DION_001,484334,1.3087837376565277,SIMULATED,NORMAL
2026-06-17T17:09:45.079937+00:00,DION_001,484335,1.2433606285370553,SIMULATED,NORMAL
2026-06-17T17:09:45.090297+00:00,DION_001,484336,1.024812938817721,SIMULATED,NORMAL
2026-06-17T17:09:45.100616+00:00,DION_001,484337,1.136899035148742,SIMULATED,NORMAL
2026-06-17T17:09:45.110936+00:00,DION_001,484338,1.1726024658126977,SIMULATED,NORMAL
2026-06-17T17:09:45.121374+00:00,DION_001,484339,1.269853236730914,SIMULATED,NORMAL
2026-06-17T17:09:45.131710+00:00,DION_001,484340,1.25924469324447,SIMULATED,NORMAL
2026-06-17T17:09:45.142023+00:00,DION_001,484341,1.3044489771253902,SIMULATED,NORMAL
2026-06-17T17:09:45.152370+00:00,DION_001,484342,1.0633746527234171,SIMULATED,NORMAL
2026-06-17T17:09:45.162727+00:00,DION_001,484343,1.0985337993817363,SIMULATED,NORMAL
2026-06-17T17:09:45.173107+00:00,DION_001,484344,1.4081266698801393,SIMULATED,NORMAL
2026-06-17T17:09:45.183441+00:00,DION_001,484345,1.0622927795661354,SIMULATED,NORMAL
2026-06-17T17:09:45.193758+00:00,DION_001,484346,0.9867608970679216,SIMULATED,NORMAL
2026-06-17T17:09:45.204101+00:00,DION_001,484347,1.1406944171395794,SIMULATED,NORMAL
2026-06-17T17:09:45.214547+00:00,DION_001,484348,1.0521554450447042,SIMULATED,NORMAL
2026-06-17T17:09:45.224799+00:00,DION_001,484349,0.9512626624589238,SIMULATED,NORMAL
2026-06-17T17:09:45.235141+00:00,DION_001,484350,1.2713239606644475,SIMULATED,NORMAL
2026-06-17T17:09:45.245893+00:00,DION_001,484351,1.0079955683325437,SIMULATED,NORMAL
2026-06-17T17:09:45.256274+00:00,DION_001,484352,1.1902333872095734,SIMULATED,NORMAL
2026-06-17T17:09:45.266597+00:00,DION_001,484353,1.1829812125886574,SIMULATED,NORMAL
2026-06-17T17:09:45.276862+00:00,DION_001,484354,0.9441975213571289,SIMULATED,NORMAL
2026-06-17T17:09:45.287256+00:00,DION_001,484355,0.6983790043297289,SIMULATED,NORMAL
2026-06-17T17:09:45.297595+00:00,DION_001,484356,0.9461996798151375,SIMULATED,NORMAL
2026-06-17T17:09:45.307886+00:00,DION_001,484357,1.0454144355117012,SIMULATED,NORMAL
2026-06-17T17:09:45.318217+00:00,DION_001,484358,0.9545439831404757,SIMULATED,NORMAL
2026-06-17T17:09:45.328996+00:00,DION_001,484359,1.0583722723764089,SIMULATED,NORMAL
2026-06-17T17:09:45.339357+00:00,DION_001,484360,0.762327861478565,SIMULATED,NORMAL
2026-06-17T17:09:45.349724+00:00,DION_001,484361,0.8837894315775346,SIMULATED,NORMAL
2026-06-17T17:09:45.359992+00:00,DION_001,484362,0.9329969610107648,SIMULATED,NORMAL
2026-06-17T17:09:45.370411+00:00,DION_001,484363,0.6807925261636859,SIMULATED,NORMAL
2026-06-17T17:09:45.380740+00:00,DION_001,484364,0.6156945385492546,SIMULATED,NORMAL
2026-06-17T17:09:45.391044+00:00,DION_001,484365,0.9845252892915874,SIMULATED,NORMAL
2026-06-17T17:09:45.401351+00:00,DION_001,484366,0.697032708514569,SIMULATED,NORMAL
2026-06-17T17:09:45.411666+00:00,DION_001,484367,-2.0539473126610917,SIMULATED,EVENT_DETECTED
2026-06-17T17:09:45.422452+00:00,DION_001,484368,0.7146662780614264,SIMULATED,NORMAL
2026-06-17T17:09:45.432801+00:00,DION_001,484369,0.7320325524928974,SIMULATED,NORMAL
2026-06-17T17:09:45.443249+00:00,DION_001,484370,0.3645892688770054,SIMULATED,NORMAL
2026-06-17T17:09:45.453561+00:00,DION_001,484371,0.565658980347525,SIMULATED,NORMAL
2026-06-17T17:09:45.463990+00:00,DION_001,484372,0.4445363162318901,SIMULATED,NORMAL
2026-06-17T17:09:45.474392+00:00,DION_001,484373,0.45015182171116686,SIMULATED,NORMAL
2026-06-17T17:09:45.484733+00:00,DION_001,484374,0.546749674204229,SIMULATED,NORMAL
2026-06-17T17:09:45.495116+00:00,DION_001,484375,0.3456481242996584,SIMULATED,NORMAL
2026-06-17T17:09:45.505682+00:00,DION_001,484376,0.17895485044854678,SIMULATED,NORMAL
2026-06-17T17:09:45.516014+00:00,DION_001,484377,0.2351314034487714,SIMULATED,NORMAL
2026-06-17T17:09:45.526320+00:00,DION_001,484378,-0.10783450139177958,SIMULATED,NORMAL
2026-06-17T17:09:45.536692+00:00,DION_001,484379,0.3154887114917553,SIMULATED,NORMAL
2026-06-17T17:09:45.547084+00:00,DION_001,484380,0.07894837926252844,SIMULATED,NORMAL
2026-06-17T17:09:45.557380+00:00,DION_001,484381,0.18512357465453536,SIMULATED,NORMAL
2026-06-17T17:09:45.567667+00:00,DION_001,484382,0.44883582287583496,SIMULATED,NORMAL
2026-06-17T17:09:45.577959+00:00,DION_001,484383,-0.0826924564631869,SIMULATED,NORMAL
2026-06-17T17:09:45.588359+00:00,DION_001,484384,-0.20348394621967092,SIMULATED,NORMAL
2026-06-17T17:09:45.598661+00:00,DION_001,484385,-1.892350388447446,SIMULATED,NORMAL
2026-06-17T17:09:45.609025+00:00,DION_001,484386,0.248554680075444,SIMULATED,NORMAL
2026-06-17T17:09:45.619401+00:00,DION_001,484387,0.08331533827629364,SIMULATED,NORMAL
2026-06-17T17:09:45.629789+00:00,DION_001,484388,0.03497435171277517,SIMULATED,NORMAL
2026-06-17T17:09:45.640188+00:00,DION_001,484389,0.017221214546600458,SIMULATED,NORMAL
2026-06-17T17:09:45.650630+00:00,DION_001,484390,0.11670653348114737,SIMULATED,NORMAL
2026-06-17T17:09:45.661076+00:00,DION_001,484391,0.04690159053447616,SIMULATED,NORMAL
2026-06-17T17:09:45.671359+00:00,DION_001,484392,0.047203894245548106,SIMULATED,NORMAL
2026-06-17T17:09:45.681688+00:00,DION_001,484393,0.06545003164907495,SIMULATED,NORMAL
2026-06-17T17:09:45.691973+00:00,DION_001,484394,0.016108624948662408,SIMULATED,NORMAL
2026-06-17T17:09:45.702324+00:00,DION_001,484395,-0.028689586596791876,SIMULATED,NORMAL
2026-06-17T17:09:45.712837+00:00,DION_001,484396,0.20525665657750333,SIMULATED,NORMAL
2026-06-17T17:09:45.723269+00:00,DION_001,484397,-0.0021237987293279623,SIMULATED,NORMAL
2026-06-17T17:09:45.733532+00:00,DION_001,484398,-0.11311814502922404,SIMULATED,NORMAL
2026-06-17T17:09:45.743828+00:00,DION_001,484399,-0.12768134355984836,SIMULATED,NORMAL
2026-06-17T17:09:45.754251+00:00,DION_001,484400,-0.054204003054992705,SIMULATED,NORMAL
2026-06-17T17:09:45.764647+00:00,DION_001,484401,0.3032096718541678,SIMULATED,NORMAL
2026-06-17T17:09:45.775002+00:00,DION_001,484402,-0.08144791808588503,SIMULATED,NORMAL
2026-06-17T17:09:45.785400+00:00,DION_001,484403,0.21426815385041031,SIMULATED,NORMAL
2026-06-17T17:09:45.795714+00:00,DION_001,484404,-0.03570832314597036,SIMULATED,NORMAL
2026-06-17T17:09:45.806073+00:00,DION_001,484405,0.1975390782645791,SIMULATED,NORMAL
2026-06-17T17:09:45.816423+00:00,DION_001,484406,0.42751760582370424,SIMULATED,NORMAL
2026-06-17T17:09:45.826757+00:00,DION_001,484407,0.4600821242800117,SIMULATED,NORMAL
2026-06-17T17:09:45.837201+00:00,DION_001,484408,0.14357620695145068,SIMULATED,NORMAL
2026-06-17T17:09:45.847618+00:00,DION_001,484409,0.2155570392942751,SIMULATED,NORMAL
2026-06-17T17:09:45.857890+00:00,DION_001,484410,0.37900379910188897,SIMULATED,NORMAL
2026-06-17T17:09:45.868183+00:00,DION_001,484411,0.19231850842191783,SIMULATED,NORMAL
2026-06-17T17:09:45.878651+00:00,DION_001,484412,0.26500580031812104,SIMULATED,NORMAL
2026-06-17T17:09:45.889081+00:00,DION_001,484413,0.3208841466535755,SIMULATED,NORMAL
2026-06-17T17:09:45.899428+00:00,DION_001,484414,0.5055651531899124,SIMULATED,NORMAL
2026-06-17T17:09:45.909754+00:00,DION_001,484415,0.2649329607667531,SIMULATED,NORMAL
2026-06-17T17:09:45.920187+00:00,DION_001,484416,0.6149496277314339,SIMULATED,NORMAL
2026-06-17T17:09:45.930535+00:00,DION_001,484417,0.441151172644998,SIMULATED,NORMAL
2026-06-17T17:09:45.940863+00:00,DION_001,484418,0.3394998584773906,SIMULATED,NORMAL
2026-06-17T17:09:45.951306+00:00,DION_001,484419,0.5121643399245054,SIMULATED,NORMAL
2026-06-17T17:09:45.961624+00:00,DION_001,484420,0.4042179042162524,SIMULATED,NORMAL
2026-06-17T17:09:45.971977+00:00,DION_001,484421,0.46216437780388986,SIMULATED,NORMAL
2026-06-17T17:09:45.982298+00:00,DION_001,484422,0.3041216471400808,SIMULATED,NORMAL
2026-06-17T17:09:45.992624+00:00,DION_001,484423,0.5024478748298837,SIMULATED,NORMAL
2026-06-17T17:09:46.002950+00:00,DION_001,484424,0.25638783924341885,SIMULATED,NORMAL
2026-06-17T17:09:46.013281+00:00,DION_001,484425,0.2992993106236465,SIMULATED,NORMAL
2026-06-17T17:09:46.023555+00:00,DION_001,484426,0.46631095035537445,SIMULATED,NORMAL
2026-06-17T17:09:46.033833+00:00,DION_001,484427,0.27060320476398253,SIMULATED,NORMAL
2026-06-17T17:09:46.044258+00:00,DION_001,484428,0.299387438461101,SIMULATED,NORMAL
2026-06-17T17:09:46.054778+00:00,DION_001,484429,0.39501844456597535,SIMULATED,NORMAL
2026-06-17T17:09:46.065111+00:00,DION_001,484430,0.30410877050017737,SIMULATED,NORMAL
2026-06-17T17:09:46.075462+00:00,DION_001,484431,0.2751096787120978,SIMULATED,NORMAL
2026-06-17T17:09:46.085735+00:00,DION_001,484432,0.28196461960832286,SIMULATED,NORMAL
2026-06-17T17:09:46.096173+00:00,DION_001,484433,0.5135374870875138,SIMULATED,NORMAL
2026-06-17T17:09:46.108853+00:00,DION_001,484434,0.12917748997949352,SIMULATED,NORMAL
2026-06-17T17:09:46.119231+00:00,DION_001,484435,0.06010086110098031,SIMULATED,NORMAL
2026-06-17T17:09:46.129589+00:00,DION_001,484436,0.1582879979051549,SIMULATED,NORMAL
2026-06-17T17:09:46.139964+00:00,DION_001,484437,0.17276650414074096,SIMULATED,NORMAL
2026-06-17T17:09:46.150239+00:00,DION_001,484438,0.14239786074919628,SIMULATED,NORMAL
2026-06-17T17:09:46.160626+00:00,DION_001,484439,-0.0357469246910663,SIMULATED,NORMAL
2026-06-17T17:09:46.170889+00:00,DION_001,484440,0.1276236103874848,SIMULATED,NORMAL
2026-06-17T17:09:46.181356+00:00,DION_001,484441,0.019985350565834274,SIMULATED,NORMAL
2026-06-17T17:09:46.191667+00:00,DION_001,484442,-0.061761897743651976,SIMULATED,NORMAL
2026-06-17T17:09:46.201967+00:00,DION_001,484443,-0.050840720533797096,SIMULATED,NORMAL
2026-06-17T17:09:46.212432+00:00,DION_001,484444,-0.01109001848620264,SIMULATED,NORMAL
2026-06-17T17:09:46.222825+00:00,DION_001,484445,-0.28206550032237343,SIMULATED,NORMAL
2026-06-17T17:09:46.233229+00:00,DION_001,484446,-0.06277073086316415,SIMULATED,NORMAL
2026-06-17T17:09:46.243563+00:00,DION_001,484447,-0.2888988255849449,SIMULATED,NORMAL
2026-06-17T17:09:46.253932+00:00,DION_001,484448,-0.3825931729633128,SIMULATED,NORMAL
2026-06-17T17:09:46.264304+00:00,DION_001,484449,-0.5671213372414718,SIMULATED,NORMAL
2026-06-17T17:09:46.274632+00:00,DION_001,484450,-0.3412541004996247,SIMULATED,NORMAL
2026-06-17T17:09:46.284927+00:00,DION_001,484451,-0.6541959731051015,SIMULATED,NORMAL
2026-06-17T17:09:46.295331+00:00,DION_001,484452,-0.34828360755701004,SIMULATED,NORMAL
2026-06-17T17:09:46.305828+00:00,DION_001,484453,-0.37729241269585556,SIMULATED,NORMAL
2026-06-17T17:09:46.316241+00:00,DION_001,484454,-0.49449848938699587,SIMULATED,NORMAL
2026-06-17T17:09:46.326518+00:00,DION_001,484455,-0.699252496201434,SIMULATED,NORMAL
2026-06-17T17:09:46.336715+00:00,DION_001,484456,-0.5580158151310661,SIMULATED,NORMAL
2026-06-17T17:09:46.347041+00:00,DION_001,484457,-0.4976323284477503,SIMULATED,NORMAL
2026-06-17T17:09:46.357304+00:00,DION_001,484458,-0.4546563857845078,SIMULATED,NORMAL
2026-06-17T17:09:46.367655+00:00,DION_001,484459,-0.5193777354807876,SIMULATED,NORMAL
2026-06-17T17:09:46.377955+00:00,DION_001,484460,-0.4584976560704593,SIMULATED,NORMAL
2026-06-17T17:09:46.388274+00:00,DION_001,484461,-0.8488047170733637,SIMULATED,NORMAL
2026-06-17T17:09:46.398772+00:00,DION_001,484462,-0.514782635633948,SIMULATED,NORMAL
2026-06-17T17:09:46.409039+00:00,DION_001,484463,-0.598092659124062,SIMULATED,NORMAL
2026-06-17T17:09:46.419372+00:00,DION_001,484464,-1.028726093624738,SIMULATED,NORMAL
2026-06-17T17:09:46.429667+00:00,DION_001,484465,-0.6449735212706247,SIMULATED,NORMAL
2026-06-17T17:09:46.440096+00:00,DION_001,484466,-1.07510699928566,SIMULATED,NORMAL
2026-06-17T17:09:46.450378+00:00,DION_001,484467,-0.5940508346746733,SIMULATED,NORMAL
2026-06-17T17:09:46.460736+00:00,DION_001,484468,-0.9181814337457985,SIMULATED,NORMAL
2026-06-17T17:09:46.471027+00:00,DION_001,484469,-1.0475814533600492,SIMULATED,NORMAL
2026-06-17T17:09:46.481422+00:00,DION_001,484470,-1.1839564394302502,SIMULATED,NORMAL
2026-06-17T17:09:46.491727+00:00,DION_001,484471,-0.968329134012068,SIMULATED,NORMAL
2026-06-17T17:09:46.502043+00:00,DION_001,484472,-1.1255018811531785,SIMULATED,NORMAL
2026-06-17T17:09:46.512372+00:00,DION_001,484473,-1.0726638283812693,SIMULATED,NORMAL
2026-06-17T17:09:46.522664+00:00,DION_001,484474,-0.9090649659171964,SIMULATED,NORMAL
2026-06-17T17:09:46.533057+00:00,DION_001,484475,-1.0122598892419667,SIMULATED,NORMAL
2026-06-17T17:09:46.543259+00:00,DION_001,484476,-0.9500053793558447,SIMULATED,NORMAL
2026-06-17T17:09:46.553560+00:00,DION_001,484477,-0.7486194074412154,SIMULATED,NORMAL
2026-06-17T17:09:46.563957+00:00,DION_001,484478,0.6390819043585705,SIMULATED,NORMAL
2026-06-17T17:09:46.574408+00:00,DION_001,484479,-1.194879841972569,SIMULATED,NORMAL
2026-06-17T17:09:46.584678+00:00,DION_001,484480,-0.7167805387677488,SIMULATED,NORMAL
2026-06-17T17:09:46.595123+00:00,DION_001,484481,-0.9446684706149004,SIMULATED,NORMAL
2026-06-17T17:09:46.605463+00:00,DION_001,484482,-0.8687057235314072,SIMULATED,NORMAL
2026-06-17T17:09:46.615874+00:00,DION_001,484483,-0.8737351176486274,SIMULATED,NORMAL
2026-06-17T17:09:46.626157+00:00,DION_001,484484,-0.8226901627690333,SIMULATED,NORMAL
2026-06-17T17:09:46.636432+00:00,DION_001,484485,-1.0242268138290518,SIMULATED,NORMAL
2026-06-17T17:09:46.646824+00:00,DION_001,484486,-0.6987207913198074,SIMULATED,NORMAL
2026-06-17T17:09:46.657095+00:00,DION_001,484487,-0.743197388763219,SIMULATED,NORMAL
2026-06-17T17:09:46.667469+00:00,DION_001,484488,-0.7215680581342071,SIMULATED,NORMAL
2026-06-17T17:09:46.677776+00:00,DION_001,484489,-0.7057489762507195,SIMULATED,NORMAL
2026-06-17T17:09:46.688103+00:00,DION_001,484490,-0.37636095351355087,SIMULATED,NORMAL
2026-06-17T17:09:46.698589+00:00,DION_001,484491,-0.628188246855353,SIMULATED,NORMAL
2026-06-17T17:09:46.708871+00:00,DION_001,484492,-0.46104157082632874,SIMULATED,NORMAL
2026-06-17T17:09:46.719326+00:00,DION_001,484493,-0.4339477884411458,SIMULATED,NORMAL
2026-06-17T17:09:46.729841+00:00,DION_001,484494,-0.7460809082120254,SIMULATED,NORMAL
2026-06-17T17:09:46.740154+00:00,DION_001,484495,-0.6208096185352091,SIMULATED,NORMAL
2026-06-17T17:09:46.750514+00:00,DION_001,484496,-0.6874910189358246,SIMULATED,NORMAL
2026-06-17T17:09:46.760826+00:00,DION_001,484497,-0.5281261742573466,SIMULATED,NORMAL
2026-06-17T17:09:46.771132+00:00,DION_001,484498,-0.49842451562894396,SIMULATED,NORMAL
2026-06-17T17:09:46.781460+00:00,DION_001,484499,-0.3451078392193072,SIMULATED,NORMAL
2026-06-17T17:09:46.791732+00:00,DION_001,484500,-0.3406094188652234,SIMULATED,NORMAL
2026-06-17T17:09:46.802037+00:00,DION_001,484501,-0.4523865431642492,SIMULATED,NORMAL
2026-06-17T17:09:46.812408+00:00,DION_001,484502,-0.42341490773902096,SIMULATED,NORMAL
2026-06-17T17:09:46.822816+00:00,DION_001,484503,-0.3100929109505372,SIMULATED,NORMAL
2026-06-17T17:09:46.833132+00:00,DION_001,484504,-0.20326400118617724,SIMULATED,NORMAL
2026-06-17T17:09:46.843523+00:00,DION_001,484505,-0.516733209513217,SIMULATED,NORMAL
2026-06-17T17:09:46.853924+00:00,DION_001,484506,-0.7354210954319976,SIMULATED,NORMAL
2026-06-17T17:09:46.864283+00:00,DION_001,484507,-0.5578650335665583,SIMULATED,NORMAL
2026-06-17T17:09:46.874820+00:00,DION_001,484508,-0.28300480045443743,SIMULATED,NORMAL
2026-06-17T17:09:46.885109+00:00,DION_001,484509,-0.46090450866725324,SIMULATED,NORMAL
2026-06-17T17:09:46.895565+00:00,DION_001,484510,-0.4629873216811493,SIMULATED,NORMAL
2026-06-17T17:09:46.906066+00:00,DION_001,484511,-0.4846769578568696,SIMULATED,NORMAL
2026-06-17T17:09:46.916453+00:00,DION_001,484512,-0.1505353466068854,SIMULATED,NORMAL
2026-06-17T17:09:46.926846+00:00,DION_001,484513,-0.42791092782794476,SIMULATED,NORMAL
2026-06-17T17:09:46.937298+00:00,DION_001,484514,-0.45212905469431586,SIMULATED,NORMAL
2026-06-17T17:09:46.947746+00:00,DION_001,484515,-0.6731282869091069,SIMULATED,NORMAL
2026-06-17T17:09:46.958098+00:00,DION_001,484516,-0.47566674928818964,SIMULATED,NORMAL
2026-06-17T17:09:46.968392+00:00,DION_001,484517,-0.8028869569535659,SIMULATED,NORMAL
2026-06-17T17:09:46.978767+00:00,DION_001,484518,-0.7431583558977268,SIMULATED,NORMAL
2026-06-17T17:09:46.989142+00:00,DION_001,484519,-0.7115942244482797,SIMULATED,NORMAL
2026-06-17T17:09:46.999564+00:00,DION_001,484520,-0.42348222103773003,SIMULATED,NORMAL
2026-06-17T17:09:47.009841+00:00,DION_001,484521,-0.579940937673624,SIMULATED,NORMAL
2026-06-17T17:09:47.020189+00:00,DION_001,484522,-0.7800291410187523,SIMULATED,NORMAL
2026-06-17T17:09:47.030630+00:00,DION_001,484523,-0.6959784394627968,SIMULATED,NORMAL
2026-06-17T17:09:47.040961+00:00,DION_001,484524,-0.6196311175903991,SIMULATED,NORMAL
2026-06-17T17:09:47.051375+00:00,DION_001,484525,-0.6670016014599591,SIMULATED,NORMAL
2026-06-17T17:09:47.061701+00:00,DION_001,484526,-0.8868350052396039,SIMULATED,NORMAL
2026-06-17T17:09:47.072231+00:00,DION_001,484527,-0.6934173261424068,SIMULATED,NORMAL
2026-06-17T17:09:47.082628+00:00,DION_001,484528,-0.7953762389668297,SIMULATED,NORMAL
2026-06-17T17:09:47.092956+00:00,DION_001,484529,-0.8493756962323771,SIMULATED,NORMAL
2026-06-17T17:09:47.103289+00:00,DION_001,484530,-0.8535843687027184,SIMULATED,NORMAL
2026-06-17T17:09:47.113647+00:00,DION_001,484531,-0.8433939741344149,SIMULATED,NORMAL
2026-06-17T17:09:47.123929+00:00,DION_001,484532,-3.62005473915765,SIMULATED,EVENT_DETECTED
2026-06-17T17:09:47.134316+00:00,DION_001,484533,-1.087476443955037,SIMULATED,NORMAL
2026-06-17T17:09:47.144676+00:00,DION_001,484534,-1.0123467149741474,SIMULATED,NORMAL
2026-06-17T17:09:47.154966+00:00,DION_001,484535,-0.8403058413433462,SIMULATED,NORMAL
2026-06-17T17:09:47.165377+00:00,DION_001,484536,-1.0239674095873386,SIMULATED,NORMAL
2026-06-17T17:09:47.175716+00:00,DION_001,484537,-0.9472375283408235,SIMULATED,NORMAL
2026-06-17T17:09:47.186106+00:00,DION_001,484538,-0.8829011331293255,SIMULATED,NORMAL
2026-06-17T17:09:47.196444+00:00,DION_001,484539,-0.9552355903326044,SIMULATED,NORMAL
2026-06-17T17:09:47.206750+00:00,DION_001,484540,-1.276694158690406,SIMULATED,NORMAL
2026-06-17T17:09:47.217091+00:00,DION_001,484541,-1.210915818010663,SIMULATED,NORMAL
2026-06-17T17:09:47.227421+00:00,DION_001,484542,-1.3334212192264654,SIMULATED,NORMAL
2026-06-17T17:09:47.237789+00:00,DION_001,484543,-1.4587374091939622,SIMULATED,NORMAL
2026-06-17T17:09:47.248220+00:00,DION_001,484544,-0.9866561350534762,SIMULATED,NORMAL
2026-06-17T17:09:47.258481+00:00,DION_001,484545,-1.0182367436279816,SIMULATED,NORMAL
2026-06-17T17:09:47.268754+00:00,DION_001,484546,-1.0747396295282294,SIMULATED,NORMAL
2026-06-17T17:09:47.279211+00:00,DION_001,484547,-0.9594380349097168,SIMULATED,NORMAL
2026-06-17T17:09:47.289517+00:00,DION_001,484548,-0.865577300743802,SIMULATED,NORMAL
2026-06-17T17:09:47.299809+00:00,DION_001,484549,-1.3305201600953893,SIMULATED,NORMAL
2026-06-17T17:09:47.310171+00:00,DION_001,484550,-1.11310931496765,SIMULATED,NORMAL
2026-06-17T17:09:47.320594+00:00,DION_001,484551,-1.2387381012767231,SIMULATED,NORMAL
2026-06-17T17:09:47.330925+00:00,DION_001,484552,-0.9145404455807548,SIMULATED,NORMAL
2026-06-17T17:09:47.341271+00:00,DION_001,484553,-1.1395798437033642,SIMULATED,NORMAL
2026-06-17T17:09:47.351661+00:00,DION_001,484554,-1.1298614663846687,SIMULATED,NORMAL
2026-06-17T17:09:47.362003+00:00,DION_001,484555,-1.2186853189980196,SIMULATED,NORMAL
2026-06-17T17:09:47.372429+00:00,DION_001,484556,-0.9382942073641549,SIMULATED,NORMAL
2026-06-17T17:09:47.382777+00:00,DION_001,484557,-1.0722709093520757,SIMULATED,NORMAL
2026-06-17T17:09:47.393168+00:00,DION_001,484558,-0.9384131003102204,SIMULATED,NORMAL
2026-06-17T17:09:47.403460+00:00,DION_001,484559,-0.8556151487512477,SIMULATED,NORMAL
2026-06-17T17:09:47.413787+00:00,DION_001,484560,-0.7824702438305754,SIMULATED,NORMAL
2026-06-17T17:09:47.424046+00:00,DION_001,484561,-0.7077965973585688,SIMULATED,NORMAL
2026-06-17T17:09:47.434279+00:00,DION_001,484562,-0.3925820551828508,SIMULATED,NORMAL
2026-06-17T17:09:47.444625+00:00,DION_001,484563,-0.7638422183334215,SIMULATED,NORMAL
2026-06-17T17:09:47.454962+00:00,DION_001,484564,-0.5891134396474463,SIMULATED,NORMAL
2026-06-17T17:09:47.465311+00:00,DION_001,484565,-0.6610319139265387,SIMULATED,NORMAL
2026-06-17T17:09:47.475605+00:00,DION_001,484566,-0.5550592555559581,SIMULATED,NORMAL
2026-06-17T17:09:47.486204+00:00,DION_001,484567,-0.5784873350125055,SIMULATED,NORMAL
2026-06-17T17:09:47.496677+00:00,DION_001,484568,-0.5981430387992076,SIMULATED,NORMAL
2026-06-17T17:09:47.506998+00:00,DION_001,484569,-0.5668046196890197,SIMULATED,NORMAL
2026-06-17T17:09:47.517345+00:00,DION_001,484570,-0.17293876480916087,SIMULATED,NORMAL
2026-06-17T17:09:47.527731+00:00,DION_001,484571,-0.5302041114708287,SIMULATED,NORMAL
2026-06-17T17:09:47.538120+00:00,DION_001,484572,-0.1854361958206457,SIMULATED,NORMAL
2026-06-17T17:09:47.548453+00:00,DION_001,484573,-0.40935638818790654,SIMULATED,NORMAL
2026-06-17T17:09:47.558809+00:00,DION_001,484574,-0.12826403735243114,SIMULATED,NORMAL
2026-06-17T17:09:47.569205+00:00,DION_001,484575,-0.0005412478776447571,SIMULATED,NORMAL
2026-06-17T17:09:47.579534+00:00,DION_001,484576,-0.05620245326888279,SIMULATED,NORMAL
2026-06-17T17:09:47.589860+00:00,DION_001,484577,-0.13458946524014836,SIMULATED,NORMAL
2026-06-17T17:09:47.600117+00:00,DION_001,484578,1.888825698400837,SIMULATED,NORMAL
2026-06-17T17:09:47.610511+00:00,DION_001,484579,-0.07119070813429469,SIMULATED,NORMAL
2026-06-17T17:09:47.620918+00:00,DION_001,484580,0.04000871231688455,SIMULATED,NORMAL
2026-06-17T17:09:47.631247+00:00,DION_001,484581,0.10244642823966874,SIMULATED,NORMAL
2026-06-17T17:09:47.641533+00:00,DION_001,484582,-0.1001404883726299,SIMULATED,NORMAL
2026-06-17T17:09:47.651914+00:00,DION_001,484583,0.1573536383343791,SIMULATED,NORMAL
2026-06-17T17:09:47.662407+00:00,DION_001,484584,0.0685443244968247,SIMULATED,NORMAL
2026-06-17T17:09:47.672745+00:00,DION_001,484585,-0.2184323447711675,SIMULATED,NORMAL
2026-06-17T17:09:47.683105+00:00,DION_001,484586,0.11042017339591206,SIMULATED,NORMAL
2026-06-17T17:09:47.693408+00:00,DION_001,484587,0.1339714961110226,SIMULATED,NORMAL
2026-06-17T17:09:47.703728+00:00,DION_001,484588,0.32333981954580393,SIMULATED,NORMAL
2026-06-17T17:09:47.714107+00:00,DION_001,484589,-0.12450814345512146,SIMULATED,NORMAL
2026-06-17T17:09:47.724477+00:00,DION_001,484590,0.1396807031886936,SIMULATED,NORMAL
2026-06-17T17:09:47.734899+00:00,DION_001,484591,0.04798654053851478,SIMULATED,NORMAL
2026-06-17T17:09:47.745329+00:00,DION_001,484592,0.08376094712373702,SIMULATED,NORMAL
2026-06-17T17:09:47.755770+00:00,DION_001,484593,0.11337332655828727,SIMULATED,NORMAL
2026-06-17T17:09:47.766087+00:00,DION_001,484594,-0.025961175824627827,SIMULATED,NORMAL
2026-06-17T17:09:47.776647+00:00,DION_001,484595,0.1580599218260328,SIMULATED,NORMAL
2026-06-17T17:09:47.786996+00:00,DION_001,484596,0.2332035886245723,SIMULATED,NORMAL
2026-06-17T17:09:47.797390+00:00,DION_001,484597,0.047909409122537674,SIMULATED,NORMAL
2026-06-17T17:09:47.807724+00:00,DION_001,484598,0.15570086809345846,SIMULATED,NORMAL
2026-06-17T17:09:47.818016+00:00,DION_001,484599,-0.023771338264407915,SIMULATED,NORMAL
2026-06-17T17:09:47.828335+00:00,DION_001,484600,0.3267769441863324,SIMULATED,NORMAL
2026-06-17T17:09:47.838935+00:00,DION_001,484601,-0.17007068277401827,SIMULATED,NORMAL
2026-06-17T17:09:47.849259+00:00,DION_001,484602,0.08254307580089844,SIMULATED,NORMAL
2026-06-17T17:09:47.859539+00:00,DION_001,484603,-0.21420582064682997,SIMULATED,NORMAL
2026-06-17T17:09:47.869890+00:00,DION_001,484604,0.2779695564788134,SIMULATED,NORMAL
2026-06-17T17:09:47.880219+00:00,DION_001,484605,-0.12540872798972424,SIMULATED,NORMAL
2026-06-17T17:09:47.890492+00:00,DION_001,484606,-0.17049244389798482,SIMULATED,NORMAL
2026-06-17T17:09:47.901691+00:00,DION_001,484607,-0.08702055978299977,SIMULATED,NORMAL
2026-06-17T17:09:47.912098+00:00,DION_001,484608,0.03726769556526857,SIMULATED,NORMAL
2026-06-17T17:09:47.922685+00:00,DION_001,484609,-0.1352012472682465,SIMULATED,NORMAL
2026-06-17T17:09:47.933051+00:00,DION_001,484610,-0.3837927864122387,SIMULATED,NORMAL
2026-06-17T17:09:47.943344+00:00,DION_001,484611,0.06889469072730517,SIMULATED,NORMAL
2026-06-17T17:09:47.953764+00:00,DION_001,484612,-0.16006566528673905,SIMULATED,NORMAL
2026-06-17T17:09:47.964097+00:00,DION_001,484613,-0.019229227978078245,SIMULATED,NORMAL
2026-06-17T17:09:47.974460+00:00,DION_001,484614,-0.27462443604132697,SIMULATED,NORMAL
2026-06-17T17:09:47.984749+00:00,DION_001,484615,-0.28191034078282884,SIMULATED,NORMAL
2026-06-17T17:09:47.995208+00:00,DION_001,484616,-0.375113697906525,SIMULATED,NORMAL
2026-06-17T17:09:48.005638+00:00,DION_001,484617,-0.08715851397363494,SIMULATED,NORMAL
2026-06-17T17:09:48.016139+00:00,DION_001,484618,-0.3366483793141977,SIMULATED,NORMAL
2026-06-17T17:09:48.026425+00:00,DION_001,484619,-0.12372089526926483,SIMULATED,NORMAL
2026-06-17T17:09:48.036758+00:00,DION_001,484620,-0.27721502054269825,SIMULATED,NORMAL
2026-06-17T17:09:48.047193+00:00,DION_001,484621,-0.4415043262634283,SIMULATED,NORMAL
2026-06-17T17:09:48.057468+00:00,DION_001,484622,-0.20041596786404237,SIMULATED,NORMAL
2026-06-17T17:09:48.067762+00:00,DION_001,484623,-0.2845166355758281,SIMULATED,NORMAL
2026-06-17T17:09:48.078100+00:00,DION_001,484624,-0.3957915519824214,SIMULATED,NORMAL
2026-06-17T17:09:48.088441+00:00,DION_001,484625,-0.14409260620221406,SIMULATED,NORMAL
2026-06-17T17:09:48.098984+00:00,DION_001,484626,-0.26973632093761,SIMULATED,NORMAL
2026-06-17T17:09:48.109260+00:00,DION_001,484627,-0.32857382548839953,SIMULATED,NORMAL
2026-06-17T17:09:48.119622+00:00,DION_001,484628,-0.30435940209757506,SIMULATED,NORMAL
2026-06-17T17:09:48.130065+00:00,DION_001,484629,-0.3211742987895374,SIMULATED,NORMAL
2026-06-17T17:09:48.140319+00:00,DION_001,484630,0.0357218084799458,SIMULATED,NORMAL
2026-06-17T17:09:48.150584+00:00,DION_001,484631,-0.2368639015880622,SIMULATED,NORMAL
2026-06-17T17:09:48.160964+00:00,DION_001,484632,-0.16650368863965218,SIMULATED,NORMAL
2026-06-17T17:09:48.171353+00:00,DION_001,484633,2.5850356705602797,SIMULATED,EVENT_DETECTED
2026-06-17T17:09:48.181847+00:00,DION_001,484634,-0.18937591474084828,SIMULATED,NORMAL
2026-06-17T17:09:48.192108+00:00,DION_001,484635,-0.2520013058225755,SIMULATED,NORMAL
2026-06-17T17:09:48.202312+00:00,DION_001,484636,-0.18589970221175028,SIMULATED,NORMAL
2026-06-17T17:09:48.212621+00:00,DION_001,484637,-0.1737809129865604,SIMULATED,NORMAL
2026-06-17T17:09:48.222953+00:00,DION_001,484638,0.0865298947896746,SIMULATED,NORMAL
2026-06-17T17:09:48.233276+00:00,DION_001,484639,-0.21901403171179085,SIMULATED,NORMAL
2026-06-17T17:09:48.243584+00:00,DION_001,484640,-0.1244869579310233,SIMULATED,NORMAL
2026-06-17T17:09:48.253909+00:00,DION_001,484641,0.2810683442790649,SIMULATED,NORMAL
2026-06-17T17:09:48.264416+00:00,DION_001,484642,0.08347236318187887,SIMULATED,NORMAL
2026-06-17T17:09:48.274822+00:00,DION_001,484643,0.12605110246720114,SIMULATED,NORMAL
2026-06-17T17:09:48.285125+00:00,DION_001,484644,0.08955034829126128,SIMULATED,NORMAL
2026-06-17T17:09:48.295579+00:00,DION_001,484645,0.26876916345425683,SIMULATED,NORMAL
2026-06-17T17:09:48.305955+00:00,DION_001,484646,0.5872230187218828,SIMULATED,NORMAL
2026-06-17T17:09:48.316460+00:00,DION_001,484647,0.1452260731145971,SIMULATED,NORMAL
2026-06-17T17:09:48.326856+00:00,DION_001,484648,0.5874386286092832,SIMULATED,NORMAL
2026-06-17T17:09:48.337347+00:00,DION_001,484649,0.37380496667492585,SIMULATED,NORMAL
2026-06-17T17:09:48.347701+00:00,DION_001,484650,0.3623253978143679,SIMULATED,NORMAL
2026-06-17T17:09:48.358056+00:00,DION_001,484651,0.5292231326443,SIMULATED,NORMAL
2026-06-17T17:09:48.368441+00:00,DION_001,484652,0.7844166594145332,SIMULATED,NORMAL
2026-06-17T17:09:48.378854+00:00,DION_001,484653,0.4801502718074448,SIMULATED,NORMAL
2026-06-17T17:09:48.389421+00:00,DION_001,484654,0.5698369595566454,SIMULATED,NORMAL
2026-06-17T17:09:48.399781+00:00,DION_001,484655,0.8057728173377254,SIMULATED,NORMAL
2026-06-17T17:09:48.410289+00:00,DION_001,484656,0.7927837192448135,SIMULATED,NORMAL
2026-06-17T17:09:48.420635+00:00,DION_001,484657,0.5481696394638926,SIMULATED,NORMAL
2026-06-17T17:09:48.431034+00:00,DION_001,484658,0.9614739427348292,SIMULATED,NORMAL
2026-06-17T17:09:48.441292+00:00,DION_001,484659,0.5617581330383222,SIMULATED,NORMAL
2026-06-17T17:09:48.451592+00:00,DION_001,484660,0.7981450626532255,SIMULATED,NORMAL
2026-06-17T17:09:48.462003+00:00,DION_001,484661,1.074174132663243,SIMULATED,NORMAL
2026-06-17T17:09:48.472687+00:00,DION_001,484662,0.9404115874382027,SIMULATED,NORMAL
2026-06-17T17:09:48.483122+00:00,DION_001,484663,1.1754085866630166,SIMULATED,NORMAL
2026-06-17T17:09:48.493385+00:00,DION_001,484664,1.0395263722508952,SIMULATED,NORMAL
2026-06-17T17:09:48.503736+00:00,DION_001,484665,0.9371745805022331,SIMULATED,NORMAL
2026-06-17T17:09:48.514059+00:00,DION_001,484666,0.7410226380330357,SIMULATED,NORMAL
2026-06-17T17:09:48.524428+00:00,DION_001,484667,0.8079036974752629,SIMULATED,NORMAL
2026-06-17T17:09:48.534712+00:00,DION_001,484668,0.9532246710632707,SIMULATED,NORMAL
2026-06-17T17:09:48.545046+00:00,DION_001,484669,0.9388450465212822,SIMULATED,NORMAL
2026-06-17T17:09:48.555526+00:00,DION_001,484670,0.8865772652615338,SIMULATED,NORMAL
2026-06-17T17:09:48.565850+00:00,DION_001,484671,0.9339960811164534,SIMULATED,NORMAL
2026-06-17T17:09:48.576117+00:00,DION_001,484672,0.8984300891319237,SIMULATED,NORMAL
2026-06-17T17:09:48.586433+00:00,DION_001,484673,1.0661684596626835,SIMULATED,NORMAL
2026-06-17T17:09:48.596762+00:00,DION_001,484674,1.0899413872109942,SIMULATED,NORMAL
2026-06-17T17:09:48.607074+00:00,DION_001,484675,0.83747600587689,SIMULATED,NORMAL
2026-06-17T17:09:48.617361+00:00,DION_001,484676,0.9256662654997807,SIMULATED,NORMAL
2026-06-17T17:09:48.627747+00:00,DION_001,484677,0.9677301591939432,SIMULATED,NORMAL
2026-06-17T17:09:48.638152+00:00,DION_001,484678,0.8416238329989909,SIMULATED,NORMAL
2026-06-17T17:09:48.648637+00:00,DION_001,484679,1.180624803707625,SIMULATED,NORMAL
2026-06-17T17:09:48.658857+00:00,DION_001,484680,0.8887699860873144,SIMULATED,NORMAL
2026-06-17T17:09:48.669133+00:00,DION_001,484681,0.7744435637077519,SIMULATED,NORMAL
2026-06-17T17:09:48.679480+00:00,DION_001,484682,0.9510015689090119,SIMULATED,NORMAL
2026-06-17T17:09:48.689831+00:00,DION_001,484683,1.0206818492109624,SIMULATED,NORMAL
2026-06-17T17:09:48.700290+00:00,DION_001,484684,0.7870944753522222,SIMULATED,NORMAL
2026-06-17T17:09:48.710584+00:00,DION_001,484685,0.8917503825231574,SIMULATED,NORMAL
2026-06-17T17:09:48.720936+00:00,DION_001,484686,0.7091832793640697,SIMULATED,NORMAL
2026-06-17T17:09:48.731278+00:00,DION_001,484687,0.874119976747792,SIMULATED,NORMAL
2026-06-17T17:09:48.741567+00:00,DION_001,484688,0.9956775861642114,SIMULATED,NORMAL
2026-06-17T17:09:48.751843+00:00,DION_001,484689,1.015652005797062,SIMULATED,NORMAL
2026-06-17T17:09:48.762224+00:00,DION_001,484690,0.5996463855367951,SIMULATED,NORMAL
2026-06-17T17:09:48.772692+00:00,DION_001,484691,0.8309772408131985,SIMULATED,NORMAL
2026-06-17T17:09:48.783159+00:00,DION_001,484692,0.7877917094628947,SIMULATED,NORMAL
2026-06-17T17:09:48.793426+00:00,DION_001,484693,0.616715686675529,SIMULATED,NORMAL
2026-06-17T17:09:48.803798+00:00,DION_001,484694,0.5803627725052769,SIMULATED,NORMAL
2026-06-17T17:09:48.814152+00:00,DION_001,484695,0.6151818453220516,SIMULATED,NORMAL
2026-06-17T17:09:48.824492+00:00,DION_001,484696,0.538073899193316,SIMULATED,NORMAL
2026-06-17T17:09:48.834854+00:00,DION_001,484697,0.5843280041845365,SIMULATED,NORMAL
2026-06-17T17:09:48.845254+00:00,DION_001,484698,0.5128455727334765,SIMULATED,NORMAL
2026-06-17T17:09:48.855588+00:00,DION_001,484699,0.41520667426721997,SIMULATED,NORMAL
2026-06-17T17:09:48.866018+00:00,DION_001,484700,0.2814800638178203,SIMULATED,NORMAL
2026-06-17T17:09:48.876412+00:00,DION_001,484701,0.2796403900782961,SIMULATED,NORMAL
2026-06-17T17:09:48.886791+00:00,DION_001,484702,0.44172148982629855,SIMULATED,NORMAL
2026-06-17T17:09:48.897170+00:00,DION_001,484703,0.4732997956112366,SIMULATED,NORMAL
2026-06-17T17:09:48.907585+00:00,DION_001,484704,0.3221345443105407,SIMULATED,NORMAL
2026-06-17T17:09:48.917898+00:00,DION_001,484705,0.36968458517916514,SIMULATED,NORMAL
2026-06-17T17:09:48.928254+00:00,DION_001,484706,0.32274717849193324,SIMULATED,NORMAL
2026-06-17T17:09:48.938694+00:00,DION_001,484707,0.43301014846375396,SIMULATED,NORMAL
2026-06-17T17:09:48.949014+00:00,DION_001,484708,0.5134523290858445,SIMULATED,NORMAL
2026-06-17T17:09:48.959299+00:00,DION_001,484709,0.467494564906242,SIMULATED,NORMAL
2026-06-17T17:09:48.969624+00:00,DION_001,484710,0.24899789516526669,SIMULATED,NORMAL
2026-06-17T17:09:48.980081+00:00,DION_001,484711,0.6806160484391579,SIMULATED,NORMAL
2026-06-17T17:09:48.990399+00:00,DION_001,484712,0.18942962753575976,SIMULATED,NORMAL
2026-06-17T17:09:49.000744+00:00,DION_001,484713,0.3408881377183546,SIMULATED,NORMAL
2026-06-17T17:09:49.011190+00:00,DION_001,484714,-1.4539330186890391,SIMULATED,NORMAL
2026-06-17T17:09:49.021880+00:00,DION_001,484715,0.3980940140983265,SIMULATED,NORMAL
2026-06-17T17:09:49.032338+00:00,DION_001,484716,0.7220434424109574,SIMULATED,NORMAL
2026-06-17T17:09:49.042673+00:00,DION_001,484717,0.4065437369603303,SIMULATED,NORMAL
2026-06-17T17:09:49.053087+00:00,DION_001,484718,0.5278545154947986,SIMULATED,NORMAL
2026-06-17T17:09:49.063497+00:00,DION_001,484719,0.46999636325303423,SIMULATED,NORMAL
2026-06-17T17:09:49.073855+00:00,DION_001,484720,0.657855105205009,SIMULATED,NORMAL
2026-06-17T17:09:49.084160+00:00,DION_001,484721,0.5218531018161381,SIMULATED,NORMAL
2026-06-17T17:09:49.094500+00:00,DION_001,484722,0.6354337128430881,SIMULATED,NORMAL
2026-06-17T17:09:49.104925+00:00,DION_001,484723,0.5950614768278127,SIMULATED,NORMAL
2026-06-17T17:09:49.115254+00:00,DION_001,484724,0.582960293563614,SIMULATED,NORMAL
2026-06-17T17:09:49.125605+00:00,DION_001,484725,0.6410284850699107,SIMULATED,NORMAL
2026-06-17T17:09:49.136018+00:00,DION_001,484726,0.4794451609650717,SIMULATED,NORMAL
2026-06-17T17:09:49.146361+00:00,DION_001,484727,0.8448255303807395,SIMULATED,NORMAL
2026-06-17T17:09:49.156736+00:00,DION_001,484728,0.8095074702939546,SIMULATED,NORMAL
2026-06-17T17:09:49.167024+00:00,DION_001,484729,0.8944334528831523,SIMULATED,NORMAL
2026-06-17T17:09:49.177415+00:00,DION_001,484730,0.7699207318171184,SIMULATED,NORMAL
2026-06-17T17:09:49.187718+00:00,DION_001,484731,0.9155978370470867,SIMULATED,NORMAL
2026-06-17T17:09:49.198042+00:00,DION_001,484732,0.7958148994180974,SIMULATED,NORMAL
2026-06-17T17:09:49.208392+00:00,DION_001,484733,0.9167253127868576,SIMULATED,NORMAL
2026-06-17T17:09:49.218727+00:00,DION_001,484734,0.8031199682214962,SIMULATED,NORMAL
2026-06-17T17:09:49.229169+00:00,DION_001,484735,0.5994504832589427,SIMULATED,NORMAL
2026-06-17T17:09:49.239580+00:00,DION_001,484736,1.1603959926302692,SIMULATED,NORMAL
2026-06-17T17:09:49.249913+00:00,DION_001,484737,0.9572679121721572,SIMULATED,NORMAL
2026-06-17T17:09:49.260218+00:00,DION_001,484738,0.994527654694132,SIMULATED,NORMAL
2026-06-17T17:09:49.270558+00:00,DION_001,484739,0.783409259425935,SIMULATED,NORMAL
2026-06-17T17:09:49.280926+00:00,DION_001,484740,-0.7391854989546096,SIMULATED,NORMAL
2026-06-17T17:09:49.291292+00:00,DION_001,484741,0.9341613953595951,SIMULATED,NORMAL
2026-06-17T17:09:49.301560+00:00,DION_001,484742,1.0219957401580875,SIMULATED,NORMAL
2026-06-17T17:09:49.311882+00:00,DION_001,484743,0.9601961747415466,SIMULATED,NORMAL
2026-06-17T17:09:49.322230+00:00,DION_001,484744,1.0508655837919927,SIMULATED,NORMAL
2026-06-17T17:09:49.332653+00:00,DION_001,484745,1.0184718819781466,SIMULATED,NORMAL
2026-06-17T17:09:49.345945+00:00,DION_001,484746,0.7537977630775579,SIMULATED,NORMAL
2026-06-17T17:09:49.356354+00:00,DION_001,484747,1.1165923266360813,SIMULATED,NORMAL
2026-06-17T17:09:49.366768+00:00,DION_001,484748,0.8063320083910073,SIMULATED,NORMAL
2026-06-17T17:09:49.377054+00:00,DION_001,484749,0.9531761407845729,SIMULATED,NORMAL
2026-06-17T17:09:49.387303+00:00,DION_001,484750,1.1259732320977849,SIMULATED,NORMAL
2026-06-17T17:09:49.397711+00:00,DION_001,484751,1.2722092945621184,SIMULATED,NORMAL
2026-06-17T17:09:49.407967+00:00,DION_001,484752,1.160473207168361,SIMULATED,NORMAL
2026-06-17T17:09:49.418292+00:00,DION_001,484753,0.8247095705401369,SIMULATED,NORMAL
2026-06-17T17:09:49.428674+00:00,DION_001,484754,1.1011949671987071,SIMULATED,NORMAL
2026-06-17T17:09:49.438971+00:00,DION_001,484755,0.8563950908917587,SIMULATED,NORMAL
2026-06-17T17:09:49.449289+00:00,DION_001,484756,1.1468996399032545,SIMULATED,NORMAL
2026-06-17T17:09:49.459593+00:00,DION_001,484757,1.0667685386147632,SIMULATED,NORMAL
2026-06-17T17:09:49.470069+00:00,DION_001,484758,0.4870595292726934,SIMULATED,NORMAL
2026-06-17T17:09:49.480352+00:00,DION_001,484759,0.7098111962392716,SIMULATED,NORMAL
2026-06-17T17:09:49.490769+00:00,DION_001,484760,1.0159340296356647,SIMULATED,NORMAL
2026-06-17T17:09:49.501146+00:00,DION_001,484761,0.8251100250739438,SIMULATED,NORMAL
2026-06-17T17:09:49.511496+00:00,DION_001,484762,0.7792671326219749,SIMULATED,NORMAL
2026-06-17T17:09:49.521866+00:00,DION_001,484763,0.7383115463329555,SIMULATED,NORMAL
2026-06-17T17:09:49.532207+00:00,DION_001,484764,0.9588641735281692,SIMULATED,NORMAL
2026-06-17T17:09:49.542526+00:00,DION_001,484765,0.6134024701651436,SIMULATED,NORMAL
2026-06-17T17:09:49.552832+00:00,DION_001,484766,0.5671949374525208,SIMULATED,NORMAL
2026-06-17T17:09:49.563143+00:00,DION_001,484767,0.5692316934528707,SIMULATED,NORMAL
2026-06-17T17:09:49.573482+00:00,DION_001,484768,0.6393730285384214,SIMULATED,NORMAL
2026-06-17T17:09:49.583768+00:00,DION_001,484769,0.6950035059060432,SIMULATED,NORMAL
2026-06-17T17:09:49.594144+00:00,DION_001,484770,0.6513603250454838,SIMULATED,NORMAL
2026-06-17T17:09:49.604524+00:00,DION_001,484771,0.537921228989054,SIMULATED,NORMAL
2026-06-17T17:09:49.614990+00:00,DION_001,484772,0.44756741810664163,SIMULATED,NORMAL
2026-06-17T17:09:49.625341+00:00,DION_001,484773,0.11491686684126154,SIMULATED,NORMAL
2026-06-17T17:09:49.635603+00:00,DION_001,484774,0.36136464445083316,SIMULATED,NORMAL
2026-06-17T17:09:49.645888+00:00,DION_001,484775,0.428223816740159,SIMULATED,NORMAL
2026-06-17T17:09:49.656195+00:00,DION_001,484776,-0.08991988443917398,SIMULATED,NORMAL
2026-06-17T17:09:49.666506+00:00,DION_001,484777,0.037303310501697995,SIMULATED,NORMAL
2026-06-17T17:09:49.676799+00:00,DION_001,484778,0.15197944805602948,SIMULATED,NORMAL
2026-06-17T17:09:49.687117+00:00,DION_001,484779,0.37928874566962184,SIMULATED,NORMAL
2026-06-17T17:09:49.697465+00:00,DION_001,484780,0.03504209114374592,SIMULATED,NORMAL
2026-06-17T17:09:49.707790+00:00,DION_001,484781,-0.10442840642303475,SIMULATED,NORMAL
2026-06-17T17:09:49.718067+00:00,DION_001,484782,-0.024097791382008293,SIMULATED,NORMAL
2026-06-17T17:09:49.728382+00:00,DION_001,484783,-0.08792934280572884,SIMULATED,NORMAL
2026-06-17T17:09:49.738860+00:00,DION_001,484784,0.052375606690424556,SIMULATED,NORMAL
2026-06-17T17:09:49.749221+00:00,DION_001,484785,-0.34007758722221665,SIMULATED,NORMAL
2026-06-17T17:09:49.759588+00:00,DION_001,484786,-0.006265188483785128,SIMULATED,NORMAL
2026-06-17T17:09:49.770008+00:00,DION_001,484787,-0.15145741601001364,SIMULATED,NORMAL
2026-06-17T17:09:49.780352+00:00,DION_001,484788,-0.1642574671201867,SIMULATED,NORMAL
2026-06-17T17:09:49.790676+00:00,DION_001,484789,-0.03314986638360648,SIMULATED,NORMAL
2026-06-17T17:09:49.801024+00:00,DION_001,484790,0.17311515657790608,SIMULATED,NORMAL
2026-06-17T17:09:49.811366+00:00,DION_001,484791,-0.23795736430841818,SIMULATED,NORMAL
2026-06-17T17:09:49.821727+00:00,DION_001,484792,-0.19848288122630492,SIMULATED,NORMAL
2026-06-17T17:09:49.832153+00:00,DION_001,484793,-0.002297797125078549,SIMULATED,NORMAL
2026-06-17T17:09:49.842450+00:00,DION_001,484794,-0.14916758504648303,SIMULATED,NORMAL
2026-06-17T17:09:49.852767+00:00,DION_001,484795,-0.12716105205208184,SIMULATED,NORMAL
2026-06-17T17:09:49.863095+00:00,DION_001,484796,-0.3503912808232166,SIMULATED,NORMAL
2026-06-17T17:09:49.873524+00:00,DION_001,484797,-0.2206316007672998,SIMULATED,NORMAL
2026-06-17T17:09:49.883841+00:00,DION_001,484798,-0.3187589632225952,SIMULATED,NORMAL
2026-06-17T17:09:49.894149+00:00,DION_001,484799,-0.5320103882065484,SIMULATED,NORMAL
2026-06-17T17:09:49.904471+00:00,DION_001,484800,-0.08678228922009158,SIMULATED,NORMAL
2026-06-17T17:09:49.914952+00:00,DION_001,484801,-0.3187386559686406,SIMULATED,NORMAL
2026-06-17T17:09:49.925263+00:00,DION_001,484802,-0.416552378783031,SIMULATED,NORMAL
2026-06-17T17:09:49.935826+00:00,DION_001,484803,-0.06766907073636387,SIMULATED,NORMAL
2026-06-17T17:09:49.946221+00:00,DION_001,484804,-0.07662077752047514,SIMULATED,NORMAL
2026-06-17T17:09:49.956535+00:00,DION_001,484805,-0.2821692859440884,SIMULATED,NORMAL
2026-06-17T17:09:49.966990+00:00,DION_001,484806,-0.3262584404383501,SIMULATED,NORMAL
2026-06-17T17:09:49.977276+00:00,DION_001,484807,-0.20454409709577132,SIMULATED,NORMAL
2026-06-17T17:09:49.987636+00:00,DION_001,484808,-0.1637059025287403,SIMULATED,NORMAL
2026-06-17T17:09:49.997979+00:00,DION_001,484809,0.1371206752108231,SIMULATED,NORMAL
2026-06-17T17:09:50.008277+00:00,DION_001,484810,0.07703262491616271,SIMULATED,NORMAL
2026-06-17T17:09:50.018651+00:00,DION_001,484811,0.046262249500703234,SIMULATED,NORMAL
2026-06-17T17:09:50.029134+00:00,DION_001,484812,0.05436098663560672,SIMULATED,NORMAL
2026-06-17T17:09:50.039544+00:00,DION_001,484813,0.2568185608816254,SIMULATED,NORMAL
2026-06-17T17:09:50.050050+00:00,DION_001,484814,0.13722747950485537,SIMULATED,NORMAL
2026-06-17T17:09:50.060443+00:00,DION_001,484815,-0.14024936405962335,SIMULATED,NORMAL
2026-06-17T17:09:50.071047+00:00,DION_001,484816,0.1501824083692618,SIMULATED,NORMAL
2026-06-17T17:09:50.081353+00:00,DION_001,484817,0.1747837439928085,SIMULATED,NORMAL
2026-06-17T17:09:50.091630+00:00,DION_001,484818,0.29461284368676816,SIMULATED,NORMAL
2026-06-17T17:09:50.101912+00:00,DION_001,484819,0.2953410823747368,SIMULATED,NORMAL
2026-06-17T17:09:50.112609+00:00,DION_001,484820,0.35083033396561614,SIMULATED,NORMAL
2026-06-17T17:09:50.122969+00:00,DION_001,484821,0.24496231624143072,SIMULATED,NORMAL
2026-06-17T17:09:50.133266+00:00,DION_001,484822,0.5699655327965714,SIMULATED,NORMAL
2026-06-17T17:09:50.143567+00:00,DION_001,484823,0.5919955230648104,SIMULATED,NORMAL
2026-06-17T17:09:50.153970+00:00,DION_001,484824,0.19130398385679126,SIMULATED,NORMAL
2026-06-17T17:09:50.164385+00:00,DION_001,484825,-0.005201474696211517,SIMULATED,NORMAL
2026-06-17T17:09:50.174659+00:00,DION_001,484826,0.29597778977180017,SIMULATED,NORMAL
2026-06-17T17:09:50.185026+00:00,DION_001,484827,0.27720513809591746,SIMULATED,NORMAL
2026-06-17T17:09:50.195385+00:00,DION_001,484828,0.08894625634495358,SIMULATED,NORMAL
2026-06-17T17:09:50.205707+00:00,DION_001,484829,0.38617078200620225,SIMULATED,NORMAL
2026-06-17T17:09:50.216130+00:00,DION_001,484830,-0.05974940666075876,SIMULATED,NORMAL
2026-06-17T17:09:50.226433+00:00,DION_001,484831,0.190925869524249,SIMULATED,NORMAL
2026-06-17T17:09:50.236677+00:00,DION_001,484832,0.2762299898485088,SIMULATED,NORMAL
2026-06-17T17:09:50.247017+00:00,DION_001,484833,0.17641237485386269,SIMULATED,NORMAL
2026-06-17T17:09:50.257286+00:00,DION_001,484834,0.19842032938907406,SIMULATED,NORMAL
2026-06-17T17:09:50.267549+00:00,DION_001,484835,-0.017076258207753117,SIMULATED,NORMAL
2026-06-17T17:09:50.277818+00:00,DION_001,484836,-0.11960901564420559,SIMULATED,NORMAL
2026-06-17T17:09:50.288203+00:00,DION_001,484837,0.14868907069212203,SIMULATED,NORMAL
2026-06-17T17:09:50.298517+00:00,DION_001,484838,-0.06165858504934205,SIMULATED,NORMAL
2026-06-17T17:09:50.308841+00:00,DION_001,484839,-0.3362647583091072,SIMULATED,NORMAL
2026-06-17T17:09:50.319125+00:00,DION_001,484840,0.02005642137275171,SIMULATED,NORMAL
2026-06-17T17:09:50.329547+00:00,DION_001,484841,0.12152071568212813,SIMULATED,NORMAL
2026-06-17T17:09:50.339863+00:00,DION_001,484842,-0.235546541936911,SIMULATED,NORMAL
2026-06-17T17:09:50.350321+00:00,DION_001,484843,-0.1017378465499829,SIMULATED,NORMAL
2026-06-17T17:09:50.360588+00:00,DION_001,484844,-0.3650754991897365,SIMULATED,NORMAL
2026-06-17T17:09:50.370936+00:00,DION_001,484845,-0.27808720797497644,SIMULATED,NORMAL
2026-06-17T17:09:50.381327+00:00,DION_001,484846,-0.27436664247783193,SIMULATED,NORMAL
2026-06-17T17:09:50.391615+00:00,DION_001,484847,-0.5144046319291548,SIMULATED,NORMAL
2026-06-17T17:09:50.402003+00:00,DION_001,484848,-0.21059823496575805,SIMULATED,NORMAL
2026-06-17T17:09:50.412619+00:00,DION_001,484849,-0.3758170536084667,SIMULATED,NORMAL
2026-06-17T17:09:50.422875+00:00,DION_001,484850,-0.10819977826053534,SIMULATED,NORMAL
2026-06-17T17:09:50.433162+00:00,DION_001,484851,-0.5185512229455633,SIMULATED,NORMAL
2026-06-17T17:09:50.443482+00:00,DION_001,484852,-0.6163713178684515,SIMULATED,NORMAL
2026-06-17T17:09:50.453905+00:00,DION_001,484853,-0.6627171387037569,SIMULATED,NORMAL
2026-06-17T17:09:50.464354+00:00,DION_001,484854,-0.8669548589453575,SIMULATED,NORMAL
2026-06-17T17:09:50.474711+00:00,DION_001,484855,-0.6271512008264291,SIMULATED,NORMAL
2026-06-17T17:09:50.485081+00:00,DION_001,484856,-0.792912241574511,SIMULATED,NORMAL
2026-06-17T17:09:50.495479+00:00,DION_001,484857,-0.7555679215966137,SIMULATED,NORMAL
2026-06-17T17:09:50.505939+00:00,DION_001,484858,-0.6491406211371678,SIMULATED,NORMAL
2026-06-17T17:09:50.516264+00:00,DION_001,484859,-0.8051914459401949,SIMULATED,NORMAL
2026-06-17T17:09:50.526494+00:00,DION_001,484860,-0.9240835727562889,SIMULATED,NORMAL
2026-06-17T17:09:50.536853+00:00,DION_001,484861,-1.0773390596729402,SIMULATED,NORMAL
2026-06-17T17:09:50.547289+00:00,DION_001,484862,-0.827085957089474,SIMULATED,NORMAL
2026-06-17T17:09:50.557578+00:00,DION_001,484863,-0.8391829427661663,SIMULATED,NORMAL
2026-06-17T17:09:50.567892+00:00,DION_001,484864,-1.0389115484682103,SIMULATED,NORMAL
2026-06-17T17:09:50.578198+00:00,DION_001,484865,-1.0402650211232862,SIMULATED,NORMAL
2026-06-17T17:09:50.588624+00:00,DION_001,484866,-1.1522843906799636,SIMULATED,NORMAL
2026-06-17T17:09:50.598974+00:00,DION_001,484867,-0.8106653909767803,SIMULATED,NORMAL
2026-06-17T17:09:50.609297+00:00,DION_001,484868,-1.1538173892360948,SIMULATED,NORMAL
2026-06-17T17:09:50.619664+00:00,DION_001,484869,-1.1372877679046465,SIMULATED,NORMAL
2026-06-17T17:09:50.629980+00:00,DION_001,484870,-0.9764868859055833,SIMULATED,NORMAL
2026-06-17T17:09:50.640389+00:00,DION_001,484871,-1.0582613576914004,SIMULATED,NORMAL
2026-06-17T17:09:50.650693+00:00,DION_001,484872,-0.9025438711309579,SIMULATED,NORMAL
2026-06-17T17:09:50.661113+00:00,DION_001,484873,-1.1840261139051134,SIMULATED,NORMAL
2026-06-17T17:09:50.671612+00:00,DION_001,484874,-1.1640244557016126,SIMULATED,NORMAL
2026-06-17T17:09:50.681922+00:00,DION_001,484875,-0.9821815449219572,SIMULATED,NORMAL
2026-06-17T17:09:50.692281+00:00,DION_001,484876,-0.9802601012781347,SIMULATED,NORMAL
2026-06-17T17:09:50.702588+00:00,DION_001,484877,-0.7547475688878063,SIMULATED,NORMAL
2026-06-17T17:09:50.713028+00:00,DION_001,484878,-0.9395188882863055,SIMULATED,NORMAL
2026-06-17T17:09:50.723385+00:00,DION_001,484879,-0.8623845530623853,SIMULATED,NORMAL
2026-06-17T17:09:50.733741+00:00,DION_001,484880,-0.943131379726855,SIMULATED,NORMAL
2026-06-17T17:09:50.744032+00:00,DION_001,484881,-1.0674892610050786,SIMULATED,NORMAL
2026-06-17T17:09:50.754411+00:00,DION_001,484882,-0.884600683964571,SIMULATED,NORMAL
2026-06-17T17:09:50.764694+00:00,DION_001,484883,-0.8124065903332056,SIMULATED,NORMAL
2026-06-17T17:09:50.775066+00:00,DION_001,484884,-1.03467127251563,SIMULATED,NORMAL
2026-06-17T17:09:50.785483+00:00,DION_001,484885,-1.2179569451241332,SIMULATED,NORMAL
2026-06-17T17:09:50.795834+00:00,DION_001,484886,-0.8492265826519408,SIMULATED,NORMAL
2026-06-17T17:09:50.806211+00:00,DION_001,484887,-0.7955130309962785,SIMULATED,NORMAL
2026-06-17T17:09:50.816596+00:00,DION_001,484888,-0.9127705295326953,SIMULATED,NORMAL
2026-06-17T17:09:50.826864+00:00,DION_001,484889,-0.8118118836007006,SIMULATED,NORMAL
2026-06-17T17:09:50.837184+00:00,DION_001,484890,-1.063000506396102,SIMULATED,NORMAL
2026-06-17T17:09:50.847559+00:00,DION_001,484891,-0.6201305528435677,SIMULATED,NORMAL
2026-06-17T17:09:50.857785+00:00,DION_001,484892,-0.6856495106328969,SIMULATED,NORMAL
2026-06-17T17:09:50.868103+00:00,DION_001,484893,-0.7179282341869158,SIMULATED,NORMAL
2026-06-17T17:09:50.878504+00:00,DION_001,484894,-0.6122820726741253,SIMULATED,NORMAL
2026-06-17T17:09:50.888953+00:00,DION_001,484895,-0.47617004832641197,SIMULATED,NORMAL
2026-06-17T17:09:50.899275+00:00,DION_001,484896,-0.5672806014408854,SIMULATED,NORMAL
2026-06-17T17:09:50.909581+00:00,DION_001,484897,-0.7183779567087886,SIMULATED,NORMAL
2026-06-17T17:09:50.919933+00:00,DION_001,484898,-0.4848835564647389,SIMULATED,NORMAL
2026-06-17T17:09:50.930282+00:00,DION_001,484899,-0.5542599002387368,SIMULATED,NORMAL
2026-06-17T17:09:50.940533+00:00,DION_001,484900,-0.4428738297965422,SIMULATED,NORMAL
2026-06-17T17:09:50.950835+00:00,DION_001,484901,-3.309707897483018,SIMULATED,EVENT_DETECTED
2026-06-17T17:09:50.961374+00:00,DION_001,484902,-0.4249260182815614,SIMULATED,NORMAL
2026-06-17T17:09:50.971656+00:00,DION_001,484903,-0.4066083023503871,SIMULATED,NORMAL
2026-06-17T17:09:50.982012+00:00,DION_001,484904,-0.3459650514665885,SIMULATED,NORMAL
2026-06-17T17:09:50.992301+00:00,DION_001,484905,-0.2827681253081338,SIMULATED,NORMAL
2026-06-17T17:09:51.002526+00:00,DION_001,484906,-0.3759758339195267,SIMULATED,NORMAL
2026-06-17T17:09:51.013234+00:00,DION_001,484907,-0.23297356085141963,SIMULATED,NORMAL
2026-06-17T17:09:51.023556+00:00,DION_001,484908,-0.1309420971748283,SIMULATED,NORMAL
2026-06-17T17:09:51.033824+00:00,DION_001,484909,-0.16123478728182167,SIMULATED,NORMAL
2026-06-17T17:09:51.044183+00:00,DION_001,484910,-0.18599856453016755,SIMULATED,NORMAL
2026-06-17T17:09:51.054618+00:00,DION_001,484911,-0.64550567262244,SIMULATED,NORMAL
2026-06-17T17:09:51.064966+00:00,DION_001,484912,-0.24758849341462028,SIMULATED,NORMAL
2026-06-17T17:09:51.075235+00:00,DION_001,484913,-0.3141277943601999,SIMULATED,NORMAL
2026-06-17T17:09:51.085544+00:00,DION_001,484914,-0.45572870946825417,SIMULATED,NORMAL
2026-06-17T17:09:51.095868+00:00,DION_001,484915,-0.5681882341402157,SIMULATED,NORMAL
2026-06-17T17:09:51.106207+00:00,DION_001,484916,-0.3817954279092207,SIMULATED,NORMAL
2026-06-17T17:09:51.116641+00:00,DION_001,484917,-0.3901862942594479,SIMULATED,NORMAL
2026-06-17T17:09:51.126978+00:00,DION_001,484918,-2.6499040611556577,SIMULATED,EVENT_DETECTED
2026-06-17T17:09:51.137402+00:00,DION_001,484919,-0.4273826459587835,SIMULATED,NORMAL
2026-06-17T17:09:51.147785+00:00,DION_001,484920,-0.5108874148278829,SIMULATED,NORMAL
2026-06-17T17:09:51.158051+00:00,DION_001,484921,-0.6353512605720775,SIMULATED,NORMAL
2026-06-17T17:09:51.168329+00:00,DION_001,484922,-0.5570053647365276,SIMULATED,NORMAL
2026-06-17T17:09:51.178690+00:00,DION_001,484923,-0.5698876340446097,SIMULATED,NORMAL
2026-06-17T17:09:51.189086+00:00,DION_001,484924,-0.563833065592185,SIMULATED,NORMAL
2026-06-17T17:09:51.199477+00:00,DION_001,484925,-0.5663422664615406,SIMULATED,NORMAL
2026-06-17T17:09:51.210014+00:00,DION_001,484926,-0.7562226248989715,SIMULATED,NORMAL
2026-06-17T17:09:51.220426+00:00,DION_001,484927,-0.7924980666736163,SIMULATED,NORMAL
2026-06-17T17:09:51.230830+00:00,DION_001,484928,-0.5975051919904617,SIMULATED,NORMAL
2026-06-17T17:09:51.241198+00:00,DION_001,484929,-0.9267466356098804,SIMULATED,NORMAL
2026-06-17T17:09:51.251678+00:00,DION_001,484930,-0.957380320207762,SIMULATED,NORMAL
2026-06-17T17:09:51.262043+00:00,DION_001,484931,-0.9724034929148031,SIMULATED,NORMAL
2026-06-17T17:09:51.272449+00:00,DION_001,484932,-0.7458645529153699,SIMULATED,NORMAL
2026-06-17T17:09:51.282846+00:00,DION_001,484933,-0.678148785770617,SIMULATED,NORMAL
2026-06-17T17:09:51.293261+00:00,DION_001,484934,-0.7334849836194605,SIMULATED,NORMAL
2026-06-17T17:09:51.303630+00:00,DION_001,484935,-0.8182128224623781,SIMULATED,NORMAL
2026-06-17T17:09:51.313978+00:00,DION_001,484936,-1.1250694765038391,SIMULATED,NORMAL
2026-06-17T17:09:51.324310+00:00,DION_001,484937,-0.9184680572039438,SIMULATED,NORMAL
2026-06-17T17:09:51.334593+00:00,DION_001,484938,-0.902793527961955,SIMULATED,NORMAL
2026-06-17T17:09:51.344947+00:00,DION_001,484939,-1.3200103823628286,SIMULATED,NORMAL
2026-06-17T17:09:51.355296+00:00,DION_001,484940,-0.8212279350249387,SIMULATED,NORMAL
2026-06-17T17:09:51.365663+00:00,DION_001,484941,-1.035656883400569,SIMULATED,NORMAL
2026-06-17T17:09:51.375956+00:00,DION_001,484942,-1.2748825883892791,SIMULATED,NORMAL
2026-06-17T17:09:51.386222+00:00,DION_001,484943,-0.8762782412002308,SIMULATED,NORMAL
2026-06-17T17:09:51.396626+00:00,DION_001,484944,-1.1746998814782927,SIMULATED,NORMAL
2026-06-17T17:09:51.406968+00:00,DION_001,484945,-0.8464611713500068,SIMULATED,NORMAL
2026-06-17T17:09:51.417265+00:00,DION_001,484946,-1.0676174585071256,SIMULATED,NORMAL
2026-06-17T17:09:51.427557+00:00,DION_001,484947,-0.9687583572617978,SIMULATED,NORMAL
2026-06-17T17:09:51.437963+00:00,DION_001,484948,-0.928254882368075,SIMULATED,NORMAL
2026-06-17T17:09:51.448298+00:00,DION_001,484949,-0.8047140083100662,SIMULATED,NORMAL
2026-06-17T17:09:51.458613+00:00,DION_001,484950,-0.8722521923660447,SIMULATED,NORMAL
2026-06-17T17:09:51.468859+00:00,DION_001,484951,-0.9018076045782047,SIMULATED,NORMAL
2026-06-17T17:09:51.479451+00:00,DION_001,484952,-1.2566292639555632,SIMULATED,NORMAL
2026-06-17T17:09:51.489785+00:00,DION_001,484953,-0.8197692447796152,SIMULATED,NORMAL
2026-06-17T17:09:51.500140+00:00,DION_001,484954,1.4452493212300412,SIMULATED,NORMAL
2026-06-17T17:09:51.510554+00:00,DION_001,484955,-0.9136317565022318,SIMULATED,NORMAL
2026-06-17T17:09:51.520856+00:00,DION_001,484956,-0.8066859179265651,SIMULATED,NORMAL
2026-06-17T17:09:51.531184+00:00,DION_001,484957,-1.067561014927587,SIMULATED,NORMAL
2026-06-17T17:09:51.541498+00:00,DION_001,484958,-1.004226099083032,SIMULATED,NORMAL
2026-06-17T17:09:51.551992+00:00,DION_001,484959,-1.1137600399396228,SIMULATED,NORMAL
2026-06-17T17:09:51.562490+00:00,DION_001,484960,-0.6879956266584895,SIMULATED,NORMAL
2026-06-17T17:09:51.572851+00:00,DION_001,484961,-0.859361249204857,SIMULATED,NORMAL
2026-06-17T17:09:51.583254+00:00,DION_001,484962,-0.8080820851178491,SIMULATED,NORMAL
2026-06-17T17:09:51.593636+00:00,DION_001,484963,-0.738001485955492,SIMULATED,NORMAL
2026-06-17T17:09:51.604000+00:00,DION_001,484964,-0.4176668970010178,SIMULATED,NORMAL
2026-06-17T17:09:51.614329+00:00,DION_001,484965,-0.6767700825906097,SIMULATED,NORMAL
2026-06-17T17:09:51.624574+00:00,DION_001,484966,-0.6397397351310888,SIMULATED,NORMAL
2026-06-17T17:09:51.634839+00:00,DION_001,484967,-0.39515943474792137,SIMULATED,NORMAL
2026-06-17T17:09:51.645239+00:00,DION_001,484968,-0.44008128431729693,SIMULATED,NORMAL
2026-06-17T17:09:51.655697+00:00,DION_001,484969,-0.3971335491632166,SIMULATED,NORMAL
2026-06-17T17:09:51.666077+00:00,DION_001,484970,-0.5547906348639429,SIMULATED,NORMAL
2026-06-17T17:09:51.676431+00:00,DION_001,484971,-0.5694665246381888,SIMULATED,NORMAL
2026-06-17T17:09:51.687112+00:00,DION_001,484972,-0.5068127755212364,SIMULATED,NORMAL
2026-06-17T17:09:51.697465+00:00,DION_001,484973,-0.4355472344111072,SIMULATED,NORMAL
2026-06-17T17:09:51.707794+00:00,DION_001,484974,-0.24038277247350046,SIMULATED,NORMAL
2026-06-17T17:09:51.718166+00:00,DION_001,484975,-0.35076114301767536,SIMULATED,NORMAL
2026-06-17T17:09:51.728754+00:00,DION_001,484976,-0.13097881338231532,SIMULATED,NORMAL
2026-06-17T17:09:51.739195+00:00,DION_001,484977,0.09561738221947538,SIMULATED,NORMAL
2026-06-17T17:09:51.749622+00:00,DION_001,484978,-0.037289416086487066,SIMULATED,NORMAL
2026-06-17T17:09:51.759966+00:00,DION_001,484979,-0.24827967184011412,SIMULATED,NORMAL
2026-06-17T17:09:51.770267+00:00,DION_001,484980,-0.07478202780703633,SIMULATED,NORMAL
2026-06-17T17:09:51.780660+00:00,DION_001,484981,-0.03462758392246072,SIMULATED,NORMAL
2026-06-17T17:09:51.790925+00:00,DION_001,484982,0.21575056422377642,SIMULATED,NORMAL
2026-06-17T17:09:51.801200+00:00,DION_001,484983,0.14786002167783213,SIMULATED,NORMAL
2026-06-17T17:09:51.811530+00:00,DION_001,484984,0.1500142586947048,SIMULATED,NORMAL
2026-06-17T17:09:51.821943+00:00,DION_001,484985,0.18443760363278885,SIMULATED,NORMAL
2026-06-17T17:09:51.832254+00:00,DION_001,484986,0.15429152980496452,SIMULATED,NORMAL
2026-06-17T17:09:51.842575+00:00,DION_001,484987,0.1326547090879848,SIMULATED,NORMAL
2026-06-17T17:09:51.852937+00:00,DION_001,484988,0.3660632719989336,SIMULATED,NORMAL
2026-06-17T17:09:51.863325+00:00,DION_001,484989,0.10226340286526447,SIMULATED,NORMAL
2026-06-17T17:09:51.873637+00:00,DION_001,484990,-0.08203999623871511,SIMULATED,NORMAL
2026-06-17T17:09:51.883920+00:00,DION_001,484991,0.37397669693343344,SIMULATED,NORMAL
2026-06-17T17:09:51.894470+00:00,DION_001,484992,0.2997290185289206,SIMULATED,NORMAL
2026-06-17T17:09:51.904967+00:00,DION_001,484993,0.2525955034317315,SIMULATED,NORMAL
2026-06-17T17:09:51.915385+00:00,DION_001,484994,0.22741965636951111,SIMULATED,NORMAL
2026-06-17T17:09:51.925652+00:00,DION_001,484995,0.12011699048792757,SIMULATED,NORMAL
2026-06-17T17:09:51.935947+00:00,DION_001,484996,0.29075177641366046,SIMULATED,NORMAL
2026-06-17T17:09:51.946351+00:00,DION_001,484997,0.4707332055918554,SIMULATED,NORMAL
2026-06-17T17:09:51.956809+00:00,DION_001,484998,0.3359830871608498,SIMULATED,NORMAL
2026-06-17T17:09:51.967106+00:00,DION_001,484999,0.09771604104367257,SIMULATED,NORMAL
2026-06-17T17:09:51.977409+00:00,DION_001,485000,0.16295029031842467,SIMULATED,NORMAL
2026-06-17T17:09:51.987726+00:00,DION_001,485001,0.45253336501781627,SIMULATED,NORMAL
2026-06-17T17:09:51.998052+00:00,DION_001,485002,0.26782064774330244,SIMULATED,NORMAL
2026-06-17T17:09:52.008346+00:00,DION_001,485003,0.04666787393920341,SIMULATED,NORMAL
2026-06-17T17:09:52.018869+00:00,DION_001,485004,0.20689050780695023,SIMULATED,NORMAL
2026-06-17T17:09:52.029321+00:00,DION_001,485005,-0.022802004815960786,SIMULATED,NORMAL
2026-06-17T17:09:52.039645+00:00,DION_001,485006,0.2801943926215635,SIMULATED,NORMAL
2026-06-17T17:09:52.050039+00:00,DION_001,485007,0.009989809379841785,SIMULATED,NORMAL
2026-06-17T17:09:52.060329+00:00,DION_001,485008,0.29867002567159895,SIMULATED,NORMAL
2026-06-17T17:09:52.070730+00:00,DION_001,485009,0.1450022183299662,SIMULATED,NORMAL
2026-06-17T17:09:52.081205+00:00,DION_001,485010,0.04868527918739617,SIMULATED,NORMAL
2026-06-17T17:09:52.091493+00:00,DION_001,485011,0.001371353349292101,SIMULATED,NORMAL
2026-06-17T17:09:52.101866+00:00,DION_001,485012,0.3552809312131222,SIMULATED,NORMAL
2026-06-17T17:09:52.112236+00:00,DION_001,485013,-0.15463265187920383,SIMULATED,NORMAL
2026-06-17T17:09:52.122649+00:00,DION_001,485014,0.1106739458562602,SIMULATED,NORMAL
2026-06-17T17:09:52.132968+00:00,DION_001,485015,-0.09075100625445646,SIMULATED,NORMAL
2026-06-17T17:09:52.143303+00:00,DION_001,485016,-0.3751914510401602,SIMULATED,NORMAL
2026-06-17T17:09:52.153596+00:00,DION_001,485017,-0.18424161005943718,SIMULATED,NORMAL
2026-06-17T17:09:52.163925+00:00,DION_001,485018,0.09326486834141993,SIMULATED,NORMAL
2026-06-17T17:09:52.174206+00:00,DION_001,485019,-0.017997204863170406,SIMULATED,NORMAL
2026-06-17T17:09:52.184464+00:00,DION_001,485020,0.016387752235827516,SIMULATED,NORMAL
2026-06-17T17:09:52.194877+00:00,DION_001,485021,-0.006184909484845215,SIMULATED,NORMAL
2026-06-17T17:09:52.205345+00:00,DION_001,485022,0.22312185979774768,SIMULATED,NORMAL
2026-06-17T17:09:52.215716+00:00,DION_001,485023,0.2921727250754381,SIMULATED,NORMAL
2026-06-17T17:09:52.226002+00:00,DION_001,485024,-0.1945964148535808,SIMULATED,NORMAL
2026-06-17T17:09:52.236283+00:00,DION_001,485025,0.14617059697814086,SIMULATED,NORMAL
2026-06-17T17:09:52.246644+00:00,DION_001,485026,-0.15405605452901855,SIMULATED,NORMAL
2026-06-17T17:09:52.256906+00:00,DION_001,485027,-0.16779198083009833,SIMULATED,NORMAL
2026-06-17T17:09:52.267235+00:00,DION_001,485028,-0.023540628191345864,SIMULATED,NORMAL
2026-06-17T17:09:52.277563+00:00,DION_001,485029,0.206594829220916,SIMULATED,NORMAL
2026-06-17T17:09:52.287999+00:00,DION_001,485030,0.12327323377485003,SIMULATED,NORMAL
2026-06-17T17:09:52.298405+00:00,DION_001,485031,-0.16494027896660135,SIMULATED,NORMAL
2026-06-17T17:09:52.308750+00:00,DION_001,485032,0.029083214229152825,SIMULATED,NORMAL
2026-06-17T17:09:52.319080+00:00,DION_001,485033,-0.040617774926240455,SIMULATED,NORMAL
2026-06-17T17:09:52.329391+00:00,DION_001,485034,0.2098148220692849,SIMULATED,NORMAL
2026-06-17T17:09:52.339894+00:00,DION_001,485035,0.014563597581349761,SIMULATED,NORMAL
2026-06-17T17:09:52.350253+00:00,DION_001,485036,0.10071267123759484,SIMULATED,NORMAL
2026-06-17T17:09:52.360604+00:00,DION_001,485037,0.04507666576581743,SIMULATED,NORMAL
2026-06-17T17:09:52.370966+00:00,DION_001,485038,-0.14933654167947635,SIMULATED,NORMAL
2026-06-17T17:09:52.381334+00:00,DION_001,485039,0.060092379283257655,SIMULATED,NORMAL
2026-06-17T17:09:52.391604+00:00,DION_001,485040,0.34591493405428336,SIMULATED,NORMAL
2026-06-17T17:09:52.401871+00:00,DION_001,485041,0.15090105760414166,SIMULATED,NORMAL
2026-06-17T17:09:52.412376+00:00,DION_001,485042,0.20421630272075447,SIMULATED,NORMAL
2026-06-17T17:09:52.422864+00:00,DION_001,485043,0.1674239406302041,SIMULATED,NORMAL
2026-06-17T17:09:52.433195+00:00,DION_001,485044,0.24525752949192908,SIMULATED,NORMAL
2026-06-17T17:09:52.443469+00:00,DION_001,485045,0.5315216697781994,SIMULATED,NORMAL
2026-06-17T17:09:52.453897+00:00,DION_001,485046,0.2602691761339575,SIMULATED,NORMAL
2026-06-17T17:09:52.464249+00:00,DION_001,485047,0.4457741485781131,SIMULATED,NORMAL
2026-06-17T17:09:52.474591+00:00,DION_001,485048,0.2903691474932777,SIMULATED,NORMAL
2026-06-17T17:09:52.484988+00:00,DION_001,485049,0.7133967399272665,SIMULATED,NORMAL
2026-06-17T17:09:52.495353+00:00,DION_001,485050,0.683579929962994,SIMULATED,NORMAL
2026-06-17T17:09:52.505765+00:00,DION_001,485051,2.6403431680025635,SIMULATED,EVENT_DETECTED
2026-06-17T17:09:52.516329+00:00,DION_001,485052,0.869559949502817,SIMULATED,NORMAL
2026-06-17T17:09:52.526589+00:00,DION_001,485053,0.6923081920518485,SIMULATED,NORMAL
2026-06-17T17:09:52.536949+00:00,DION_001,485054,0.6975017062988735,SIMULATED,NORMAL
2026-06-17T17:09:52.547298+00:00,DION_001,485055,0.8276206044818142,SIMULATED,NORMAL
2026-06-17T17:09:52.557578+00:00,DION_001,485056,0.6462788052108366,SIMULATED,NORMAL
2026-06-17T17:09:52.567959+00:00,DION_001,485057,0.83107551012149,SIMULATED,NORMAL
2026-06-17T17:09:52.578341+00:00,DION_001,485058,0.9418168219151813,SIMULATED,NORMAL
2026-06-17T17:09:52.588790+00:00,DION_001,485059,1.1092620052751148,SIMULATED,NORMAL
2026-06-17T17:09:52.599177+00:00,DION_001,485060,1.065942236133024,SIMULATED,NORMAL
2026-06-17T17:09:52.609514+00:00,DION_001,485061,0.881446351743354,SIMULATED,NORMAL
2026-06-17T17:09:52.619868+00:00,DION_001,485062,1.0424095156219935,SIMULATED,NORMAL
2026-06-17T17:09:52.630304+00:00,DION_001,485063,1.2812131073819342,SIMULATED,NORMAL
2026-06-17T17:09:52.640628+00:00,DION_001,485064,1.1565703815921935,SIMULATED,NORMAL
2026-06-17T17:09:52.650969+00:00,DION_001,485065,0.8465686247720998,SIMULATED,NORMAL
2026-06-17T17:09:52.661285+00:00,DION_001,485066,1.0784225497151272,SIMULATED,NORMAL
2026-06-17T17:09:52.671623+00:00,DION_001,485067,1.033409937359409,SIMULATED,NORMAL
2026-06-17T17:09:52.681945+00:00,DION_001,485068,1.0263170039359486,SIMULATED,NORMAL
2026-06-17T17:09:52.692374+00:00,DION_001,485069,1.1049391996564628,SIMULATED,NORMAL
2026-06-17T17:09:52.702687+00:00,DION_001,485070,1.3046749607689672,SIMULATED,NORMAL
2026-06-17T17:09:52.713163+00:00,DION_001,485071,1.1310687140153532,SIMULATED,NORMAL
2026-06-17T17:09:52.723538+00:00,DION_001,485072,0.9632643675688087,SIMULATED,NORMAL
2026-06-17T17:09:52.733893+00:00,DION_001,485073,0.965574327490146,SIMULATED,NORMAL
2026-06-17T17:09:52.744282+00:00,DION_001,485074,0.7371825698129548,SIMULATED,NORMAL
2026-06-17T17:09:52.754658+00:00,DION_001,485075,1.0625456538769764,SIMULATED,NORMAL
2026-06-17T17:09:52.765044+00:00,DION_001,485076,1.1042784912347618,SIMULATED,NORMAL
2026-06-17T17:09:52.775372+00:00,DION_001,485077,1.0100559830368816,SIMULATED,NORMAL
2026-06-17T17:09:52.785678+00:00,DION_001,485078,0.9835053808048005,SIMULATED,NORMAL
2026-06-17T17:09:52.795995+00:00,DION_001,485079,0.9443518500821487,SIMULATED,NORMAL
2026-06-17T17:09:52.806321+00:00,DION_001,485080,1.0054738611402243,SIMULATED,NORMAL
2026-06-17T17:09:52.816628+00:00,DION_001,485081,0.9799021255248367,SIMULATED,NORMAL
2026-06-17T17:09:52.826931+00:00,DION_001,485082,1.12612126736565,SIMULATED,NORMAL
2026-06-17T17:09:52.837278+00:00,DION_001,485083,1.0683677781303806,SIMULATED,NORMAL
2026-06-17T17:09:52.847593+00:00,DION_001,485084,0.9163903630749302,SIMULATED,NORMAL
2026-06-17T17:09:52.857927+00:00,DION_001,485085,0.734619773203251,SIMULATED,NORMAL
2026-06-17T17:09:52.868237+00:00,DION_001,485086,0.7982775992097179,SIMULATED,NORMAL
2026-06-17T17:09:52.878655+00:00,DION_001,485087,0.7713405219418163,SIMULATED,NORMAL
2026-06-17T17:09:52.889081+00:00,DION_001,485088,0.7974269976936138,SIMULATED,NORMAL
2026-06-17T17:09:52.899448+00:00,DION_001,485089,0.7977427824673337,SIMULATED,NORMAL
2026-06-17T17:09:52.909842+00:00,DION_001,485090,0.7482881900635204,SIMULATED,NORMAL
2026-06-17T17:09:52.920219+00:00,DION_001,485091,0.9066946386200518,SIMULATED,NORMAL
2026-06-17T17:09:52.930648+00:00,DION_001,485092,0.7495575302963678,SIMULATED,NORMAL
2026-06-17T17:09:52.940983+00:00,DION_001,485093,0.5293124180097408,SIMULATED,NORMAL
2026-06-17T17:09:52.951269+00:00,DION_001,485094,0.7536030004404927,SIMULATED,NORMAL
2026-06-17T17:09:52.961562+00:00,DION_001,485095,0.7743723572177851,SIMULATED,NORMAL
2026-06-17T17:09:52.971897+00:00,DION_001,485096,0.752863017266396,SIMULATED,NORMAL
2026-06-17T17:09:52.982207+00:00,DION_001,485097,0.6218834271783928,SIMULATED,NORMAL
2026-06-17T17:09:52.992464+00:00,DION_001,485098,0.40366473896174937,SIMULATED,NORMAL
2026-06-17T17:09:53.002780+00:00,DION_001,485099,0.5503595434051227,SIMULATED,NORMAL
2026-06-17T17:09:53.013134+00:00,DION_001,485100,0.4634227845506915,SIMULATED,NORMAL
2026-06-17T17:09:53.023396+00:00,DION_001,485101,0.5717337796009337,SIMULATED,NORMAL
2026-06-17T17:09:53.033708+00:00,DION_001,485102,0.5609431785234642,SIMULATED,NORMAL
2026-06-17T17:09:53.043984+00:00,DION_001,485103,0.5583809083226553,SIMULATED,NORMAL
2026-06-17T17:09:53.054328+00:00,DION_001,485104,0.5522919493779057,SIMULATED,NORMAL
2026-06-17T17:09:53.064647+00:00,DION_001,485105,0.3747879847355049,SIMULATED,NORMAL
2026-06-17T17:09:53.074924+00:00,DION_001,485106,0.30538867927059254,SIMULATED,NORMAL
2026-06-17T17:09:53.085244+00:00,DION_001,485107,0.7151226529475712,SIMULATED,NORMAL
2026-06-17T17:09:53.095579+00:00,DION_001,485108,0.4228724478433803,SIMULATED,NORMAL
2026-06-17T17:09:53.106005+00:00,DION_001,485109,0.2972964136320057,SIMULATED,NORMAL
2026-06-17T17:09:53.116397+00:00,DION_001,485110,0.6620562274463316,SIMULATED,NORMAL
2026-06-17T17:09:53.126873+00:00,DION_001,485111,0.3755327797611674,SIMULATED,NORMAL
2026-06-17T17:09:53.137161+00:00,DION_001,485112,0.30348083214496857,SIMULATED,NORMAL
2026-06-17T17:09:53.147490+00:00,DION_001,485113,0.43699617597342205,SIMULATED,NORMAL
2026-06-17T17:09:53.157771+00:00,DION_001,485114,0.3796040524313825,SIMULATED,NORMAL
2026-06-17T17:09:53.168041+00:00,DION_001,485115,0.390162377151043,SIMULATED,NORMAL
2026-06-17T17:09:53.178332+00:00,DION_001,485116,0.4512488301094473,SIMULATED,NORMAL
2026-06-17T17:09:53.188667+00:00,DION_001,485117,0.5126826387571768,SIMULATED,NORMAL
2026-06-17T17:09:53.198987+00:00,DION_001,485118,0.5507382173296796,SIMULATED,NORMAL
2026-06-17T17:09:53.209282+00:00,DION_001,485119,0.6443153354711932,SIMULATED,NORMAL
2026-06-17T17:09:53.219581+00:00,DION_001,485120,0.3039755953675212,SIMULATED,NORMAL
2026-06-17T17:09:53.229966+00:00,DION_001,485121,0.6633636062416213,SIMULATED,NORMAL
2026-06-17T17:09:53.240303+00:00,DION_001,485122,0.5502000738572894,SIMULATED,NORMAL
2026-06-17T17:09:53.250620+00:00,DION_001,485123,0.47456307171204676,SIMULATED,NORMAL
2026-06-17T17:09:53.261004+00:00,DION_001,485124,0.5106471128134233,SIMULATED,NORMAL
2026-06-17T17:09:53.271391+00:00,DION_001,485125,0.5616830462098529,SIMULATED,NORMAL
2026-06-17T17:09:53.281802+00:00,DION_001,485126,0.5494923932622139,SIMULATED,NORMAL
2026-06-17T17:09:53.292135+00:00,DION_001,485127,0.5120750291555952,SIMULATED,NORMAL
2026-06-17T17:09:53.302409+00:00,DION_001,485128,0.5403620314599559,SIMULATED,NORMAL
2026-06-17T17:09:53.312790+00:00,DION_001,485129,0.5919116064700312,SIMULATED,NORMAL
2026-06-17T17:09:53.323113+00:00,DION_001,485130,0.6358533004278512,SIMULATED,NORMAL
2026-06-17T17:09:53.333503+00:00,DION_001,485131,0.6847982120329307,SIMULATED,NORMAL
2026-06-17T17:09:53.343837+00:00,DION_001,485132,0.3378691114134989,SIMULATED,NORMAL
2026-06-17T17:09:53.354263+00:00,DION_001,485133,0.8941082091678176,SIMULATED,NORMAL
2026-06-17T17:09:53.364751+00:00,DION_001,485134,0.767493637783533,SIMULATED,NORMAL
2026-06-17T17:09:53.375028+00:00,DION_001,485135,0.5552435534078682,SIMULATED,NORMAL
2026-06-17T17:09:53.385353+00:00,DION_001,485136,0.418137849238085,SIMULATED,NORMAL
2026-06-17T17:09:53.395819+00:00,DION_001,485137,0.7421316630426447,SIMULATED,NORMAL
2026-06-17T17:09:53.406158+00:00,DION_001,485138,0.8622848364130873,SIMULATED,NORMAL
2026-06-17T17:09:53.416488+00:00,DION_001,485139,1.0262983499292022,SIMULATED,NORMAL
2026-06-17T17:09:53.426845+00:00,DION_001,485140,0.8475517982077341,SIMULATED,NORMAL
2026-06-17T17:09:53.437134+00:00,DION_001,485141,1.0152287399209905,SIMULATED,NORMAL
2026-06-17T17:09:53.447483+00:00,DION_001,485142,1.0325342581433314,SIMULATED,NORMAL
2026-06-17T17:09:53.457751+00:00,DION_001,485143,0.8462302160908914,SIMULATED,NORMAL
2026-06-17T17:09:53.468015+00:00,DION_001,485144,0.7042972512353919,SIMULATED,NORMAL
2026-06-17T17:09:53.478335+00:00,DION_001,485145,1.0800449266855423,SIMULATED,NORMAL
2026-06-17T17:09:53.488734+00:00,DION_001,485146,1.2745101374124848,SIMULATED,NORMAL
2026-06-17T17:09:53.499068+00:00,DION_001,485147,0.9244561175180691,SIMULATED,NORMAL
2026-06-17T17:09:53.509341+00:00,DION_001,485148,1.0584674405531522,SIMULATED,NORMAL
2026-06-17T17:09:53.519619+00:00,DION_001,485149,1.0083335911842621,SIMULATED,NORMAL
2026-06-17T17:09:53.529922+00:00,DION_001,485150,1.0502469481145036,SIMULATED,NORMAL
2026-06-17T17:09:53.540259+00:00,DION_001,485151,1.0328447600659418,SIMULATED,NORMAL
2026-06-17T17:09:53.550619+00:00,DION_001,485152,0.6806767690605795,SIMULATED,NORMAL
2026-06-17T17:09:53.561049+00:00,DION_001,485153,1.0706320172139885,SIMULATED,NORMAL
2026-06-17T17:09:53.571429+00:00,DION_001,485154,0.794244000985282,SIMULATED,NORMAL
2026-06-17T17:09:53.581765+00:00,DION_001,485155,0.6026472394258291,SIMULATED,NORMAL
2026-06-17T17:09:53.592026+00:00,DION_001,485156,0.7415238586457824,SIMULATED,NORMAL
2026-06-17T17:09:53.602292+00:00,DION_001,485157,0.743470051836212,SIMULATED,NORMAL
2026-06-17T17:09:53.612634+00:00,DION_001,485158,0.8577727556477265,SIMULATED,NORMAL
2026-06-17T17:09:53.622955+00:00,DION_001,485159,0.7930734593147037,SIMULATED,NORMAL
2026-06-17T17:09:53.633284+00:00,DION_001,485160,0.8874304046060391,SIMULATED,NORMAL
2026-06-17T17:09:53.643599+00:00,DION_001,485161,0.64225055177213,SIMULATED,NORMAL
2026-06-17T17:09:53.654057+00:00,DION_001,485162,0.9120954974734443,SIMULATED,NORMAL
2026-06-17T17:09:53.664372+00:00,DION_001,485163,0.5913310195939763,SIMULATED,NORMAL
2026-06-17T17:09:53.674610+00:00,DION_001,485164,0.540321353446233,SIMULATED,NORMAL
2026-06-17T17:09:53.684936+00:00,DION_001,485165,0.7876991498085818,SIMULATED,NORMAL
2026-06-17T17:09:53.695698+00:00,DION_001,485166,0.32903499563021066,SIMULATED,NORMAL
2026-06-17T17:09:53.706113+00:00,DION_001,485167,0.5252819543507206,SIMULATED,NORMAL
2026-06-17T17:09:53.716476+00:00,DION_001,485168,0.2548085795158932,SIMULATED,NORMAL
2026-06-17T17:09:53.726975+00:00,DION_001,485169,0.2368890191476389,SIMULATED,NORMAL
2026-06-17T17:09:53.737242+00:00,DION_001,485170,0.26377482452821155,SIMULATED,NORMAL
2026-06-17T17:09:53.747568+00:00,DION_001,485171,0.45329188786753916,SIMULATED,NORMAL
2026-06-17T17:09:53.757835+00:00,DION_001,485172,0.12997455191155502,SIMULATED,NORMAL
2026-06-17T17:09:53.768205+00:00,DION_001,485173,0.1936489029550454,SIMULATED,NORMAL
2026-06-17T17:09:53.778534+00:00,DION_001,485174,0.242699666432596,SIMULATED,NORMAL
2026-06-17T17:09:53.788978+00:00,DION_001,485175,0.05973634969550115,SIMULATED,NORMAL
2026-06-17T17:09:53.799445+00:00,DION_001,485176,0.060126496452924276,SIMULATED,NORMAL
2026-06-17T17:09:53.809819+00:00,DION_001,485177,-0.11290615704498688,SIMULATED,NORMAL
2026-06-17T17:09:53.820154+00:00,DION_001,485178,0.05426512129682849,SIMULATED,NORMAL
2026-06-17T17:09:53.830516+00:00,DION_001,485179,-0.0988542663097542,SIMULATED,NORMAL
2026-06-17T17:09:53.840884+00:00,DION_001,485180,-0.2030273120132659,SIMULATED,NORMAL
2026-06-17T17:09:53.851262+00:00,DION_001,485181,0.022931597217800748,SIMULATED,NORMAL
2026-06-17T17:09:53.861730+00:00,DION_001,485182,0.1240454918540512,SIMULATED,NORMAL
2026-06-17T17:09:53.872171+00:00,DION_001,485183,-0.3450282554693227,SIMULATED,NORMAL
2026-06-17T17:09:53.882521+00:00,DION_001,485184,-0.30119928677104635,SIMULATED,NORMAL
2026-06-17T17:09:53.892779+00:00,DION_001,485185,-0.06976463707032196,SIMULATED,NORMAL
2026-06-17T17:09:53.903087+00:00,DION_001,485186,-0.11852420426411187,SIMULATED,NORMAL
2026-06-17T17:09:53.913408+00:00,DION_001,485187,-0.06015228089320296,SIMULATED,NORMAL
2026-06-17T17:09:53.923710+00:00,DION_001,485188,-0.3622420877206929,SIMULATED,NORMAL
2026-06-17T17:09:53.934126+00:00,DION_001,485189,-0.2691188567291026,SIMULATED,NORMAL
2026-06-17T17:09:53.944463+00:00,DION_001,485190,-0.33197610894674096,SIMULATED,NORMAL
2026-06-17T17:09:53.954911+00:00,DION_001,485191,-0.3885619024022495,SIMULATED,NORMAL
2026-06-17T17:09:53.965269+00:00,DION_001,485192,-0.3241106940356543,SIMULATED,NORMAL
2026-06-17T17:09:53.975516+00:00,DION_001,485193,-0.26574210971312173,SIMULATED,NORMAL
2026-06-17T17:09:53.985944+00:00,DION_001,485194,-2.9564943766823935,SIMULATED,EVENT_DETECTED
2026-06-17T17:09:53.996637+00:00,DION_001,485195,-0.5059447619501785,SIMULATED,NORMAL
2026-06-17T17:09:54.006879+00:00,DION_001,485196,-0.23134258284891335,SIMULATED,NORMAL
2026-06-17T17:09:54.017162+00:00,DION_001,485197,-0.37836965439851394,SIMULATED,NORMAL
2026-06-17T17:09:54.027555+00:00,DION_001,485198,-0.5225353164178396,SIMULATED,NORMAL
2026-06-17T17:09:54.037984+00:00,DION_001,485199,-0.28617945373573855,SIMULATED,NORMAL
2026-06-17T17:09:54.048315+00:00,DION_001,485200,-0.6344030038761143,SIMULATED,NORMAL
2026-06-17T17:09:54.058601+00:00,DION_001,485201,-0.3589050942216951,SIMULATED,NORMAL
2026-06-17T17:09:54.068930+00:00,DION_001,485202,-0.6228856535084375,SIMULATED,NORMAL
2026-06-17T17:09:54.079384+00:00,DION_001,485203,-0.28039470521183885,SIMULATED,NORMAL
2026-06-17T17:09:54.089700+00:00,DION_001,485204,-0.4559208195761041,SIMULATED,NORMAL
2026-06-17T17:09:54.100012+00:00,DION_001,485205,-0.13269431242860244,SIMULATED,NORMAL
2026-06-17T17:09:54.110359+00:00,DION_001,485206,-0.3509818083498133,SIMULATED,NORMAL
2026-06-17T17:09:54.120622+00:00,DION_001,485207,-0.06533418319613715,SIMULATED,NORMAL
2026-06-17T17:09:54.130950+00:00,DION_001,485208,-0.4670719023366099,SIMULATED,NORMAL
2026-06-17T17:09:54.141345+00:00,DION_001,485209,-0.2492450725259051,SIMULATED,NORMAL
2026-06-17T17:09:54.151648+00:00,DION_001,485210,-2.9119056684325746,SIMULATED,EVENT_DETECTED
2026-06-17T17:09:54.162718+00:00,DION_001,485211,-0.24288255731020722,SIMULATED,NORMAL
2026-06-17T17:09:54.173056+00:00,DION_001,485212,-0.2408603079496182,SIMULATED,NORMAL
2026-06-17T17:09:54.183512+00:00,DION_001,485213,-0.2735339060779574,SIMULATED,NORMAL
2026-06-17T17:09:54.193782+00:00,DION_001,485214,-0.002923243749713672,SIMULATED,NORMAL
2026-06-17T17:09:54.204056+00:00,DION_001,485215,-0.010278892336471057,SIMULATED,NORMAL
2026-06-17T17:09:54.214362+00:00,DION_001,485216,0.03560587498870116,SIMULATED,NORMAL
2026-06-17T17:09:54.224670+00:00,DION_001,485217,0.017673011007891926,SIMULATED,NORMAL
2026-06-17T17:09:54.234944+00:00,DION_001,485218,-0.21555364825029583,SIMULATED,NORMAL
2026-06-17T17:09:54.245310+00:00,DION_001,485219,0.10014049232296299,SIMULATED,NORMAL
2026-06-17T17:09:54.255724+00:00,DION_001,485220,-0.17582524425484763,SIMULATED,NORMAL
2026-06-17T17:09:54.266094+00:00,DION_001,485221,0.12997936557274176,SIMULATED,NORMAL
2026-06-17T17:09:54.276448+00:00,DION_001,485222,-0.12974065802446172,SIMULATED,NORMAL
2026-06-17T17:09:54.286862+00:00,DION_001,485223,-0.17057192995849213,SIMULATED,NORMAL
2026-06-17T17:09:54.297288+00:00,DION_001,485224,0.08554681708758237,SIMULATED,NORMAL
2026-06-17T17:09:54.307611+00:00,DION_001,485225,-0.08773704772747824,SIMULATED,NORMAL
2026-06-17T17:09:54.317915+00:00,DION_001,485226,-0.15841159696638693,SIMULATED,NORMAL
2026-06-17T17:09:54.328228+00:00,DION_001,485227,-0.11442289355320935,SIMULATED,NORMAL
2026-06-17T17:09:54.338628+00:00,DION_001,485228,0.02453597583590649,SIMULATED,NORMAL
2026-06-17T17:09:54.348911+00:00,DION_001,485229,-0.16496330621427074,SIMULATED,NORMAL
2026-06-17T17:09:54.359195+00:00,DION_001,485230,0.31430835344005503,SIMULATED,NORMAL
2026-06-17T17:09:54.369497+00:00,DION_001,485231,0.04279644158840497,SIMULATED,NORMAL
2026-06-17T17:09:54.379913+00:00,DION_001,485232,-0.08931126042858753,SIMULATED,NORMAL
2026-06-17T17:09:54.390164+00:00,DION_001,485233,-0.08513917256182138,SIMULATED,NORMAL
2026-06-17T17:09:54.400421+00:00,DION_001,485234,-0.12874692608996585,SIMULATED,NORMAL
2026-06-17T17:09:54.410665+00:00,DION_001,485235,-0.14558612807318225,SIMULATED,NORMAL
2026-06-17T17:09:54.420963+00:00,DION_001,485236,-0.2273418450506356,SIMULATED,NORMAL
2026-06-17T17:09:54.431287+00:00,DION_001,485237,0.008396755367316988,SIMULATED,NORMAL
2026-06-17T17:09:54.441608+00:00,DION_001,485238,-0.07143627769021878,SIMULATED,NORMAL
2026-06-17T17:09:54.451892+00:00,DION_001,485239,-0.07631767857842635,SIMULATED,NORMAL
2026-06-17T17:09:54.462463+00:00,DION_001,485240,0.05683119285703453,SIMULATED,NORMAL
2026-06-17T17:09:54.472834+00:00,DION_001,485241,-0.39814813314712505,SIMULATED,NORMAL
2026-06-17T17:09:54.483253+00:00,DION_001,485242,-0.466790968172314,SIMULATED,NORMAL
2026-06-17T17:09:54.493612+00:00,DION_001,485243,-0.2713542561226272,SIMULATED,NORMAL
2026-06-17T17:09:54.503937+00:00,DION_001,485244,-0.19000952395738724,SIMULATED,NORMAL
2026-06-17T17:09:54.514296+00:00,DION_001,485245,-0.09619346091548264,SIMULATED,NORMAL
2026-06-17T17:09:54.524775+00:00,DION_001,485246,-0.5092904609537773,SIMULATED,NORMAL
2026-06-17T17:09:54.535188+00:00,DION_001,485247,-0.4934612305044428,SIMULATED,NORMAL
2026-06-17T17:09:54.545934+00:00,DION_001,485248,-0.44116462126992767,SIMULATED,NORMAL
2026-06-17T17:09:54.556297+00:00,DION_001,485249,-0.7892760341447866,SIMULATED,NORMAL
2026-06-17T17:09:54.566796+00:00,DION_001,485250,-0.8269458206597311,SIMULATED,NORMAL
2026-06-17T17:09:54.577146+00:00,DION_001,485251,-0.4344394680953908,SIMULATED,NORMAL
2026-06-17T17:09:54.587454+00:00,DION_001,485252,-0.9149428893994934,SIMULATED,NORMAL
2026-06-17T17:09:54.597786+00:00,DION_001,485253,-0.8824307689048814,SIMULATED,NORMAL
2026-06-17T17:09:54.608149+00:00,DION_001,485254,-0.816712030434835,SIMULATED,NORMAL
2026-06-17T17:09:54.618601+00:00,DION_001,485255,-2.7640404487122834,SIMULATED,EVENT_DETECTED
2026-06-17T17:09:54.629173+00:00,DION_001,485256,-0.9075172085514633,SIMULATED,NORMAL
2026-06-17T17:09:54.639623+00:00,DION_001,485257,-0.8803061173445338,SIMULATED,NORMAL
2026-06-17T17:09:54.649905+00:00,DION_001,485258,-1.0555134465121634,SIMULATED,NORMAL
2026-06-17T17:09:54.660256+00:00,DION_001,485259,1.9721262229797072,SIMULATED,NORMAL
2026-06-17T17:09:54.670846+00:00,DION_001,485260,-1.1637100118083674,SIMULATED,NORMAL
2026-06-17T17:09:54.681245+00:00,DION_001,485261,-1.2185176390926153,SIMULATED,NORMAL
2026-06-17T17:09:54.691547+00:00,DION_001,485262,-0.7920874207847806,SIMULATED,NORMAL
2026-06-17T17:09:54.701873+00:00,DION_001,485263,-0.8953231462077058,SIMULATED,NORMAL
2026-06-17T17:09:54.712158+00:00,DION_001,485264,-1.3438685471036758,SIMULATED,NORMAL
2026-06-17T17:09:54.722472+00:00,DION_001,485265,-0.8652656147932383,SIMULATED,NORMAL
2026-06-17T17:09:54.732797+00:00,DION_001,485266,-1.0753916508706032,SIMULATED,NORMAL
2026-06-17T17:09:54.743082+00:00,DION_001,485267,-0.9215294504993714,SIMULATED,NORMAL
2026-06-17T17:09:54.753371+00:00,DION_001,485268,-1.047592218715447,SIMULATED,NORMAL
2026-06-17T17:09:54.763674+00:00,DION_001,485269,-1.1185499926639746,SIMULATED,NORMAL
2026-06-17T17:09:54.774061+00:00,DION_001,485270,-1.259893636065083,SIMULATED,NORMAL
2026-06-17T17:09:54.784377+00:00,DION_001,485271,-1.0625636497430269,SIMULATED,NORMAL
2026-06-17T17:09:54.794686+00:00,DION_001,485272,-1.3333573646254862,SIMULATED,NORMAL
2026-06-17T17:09:54.807154+00:00,DION_001,485273,-1.262668288946061,SIMULATED,NORMAL
2026-06-17T17:09:54.817600+00:00,DION_001,485274,-3.456718832959332,SIMULATED,EVENT_DETECTED
2026-06-17T17:09:54.828203+00:00,DION_001,485275,-1.2143494271786872,SIMULATED,NORMAL
2026-06-17T17:09:54.838648+00:00,DION_001,485276,-1.1976838165472852,SIMULATED,NORMAL
2026-06-17T17:09:54.849070+00:00,DION_001,485277,-0.7284357897264426,SIMULATED,NORMAL
2026-06-17T17:09:54.859345+00:00,DION_001,485278,-1.334655124560884,SIMULATED,NORMAL
2026-06-17T17:09:54.869727+00:00,DION_001,485279,-1.1998787836741946,SIMULATED,NORMAL
2026-06-17T17:09:54.880122+00:00,DION_001,485280,-1.2347715169913562,SIMULATED,NORMAL
2026-06-17T17:09:54.890410+00:00,DION_001,485281,-1.2992248729170313,SIMULATED,NORMAL
2026-06-17T17:09:54.900702+00:00,DION_001,485282,-0.8970530088765368,SIMULATED,NORMAL
2026-06-17T17:09:54.911011+00:00,DION_001,485283,-1.1539835624212695,SIMULATED,NORMAL
2026-06-17T17:09:54.921396+00:00,DION_001,485284,-1.174693790078261,SIMULATED,NORMAL
2026-06-17T17:09:54.931756+00:00,DION_001,485285,-0.7886813692004738,SIMULATED,NORMAL
2026-06-17T17:09:54.942132+00:00,DION_001,485286,-1.1570478026752566,SIMULATED,NORMAL
2026-06-17T17:09:54.952546+00:00,DION_001,485287,-0.9261153114462993,SIMULATED,NORMAL
2026-06-17T17:09:54.962981+00:00,DION_001,485288,-1.1108782956767767,SIMULATED,NORMAL
2026-06-17T17:09:54.973261+00:00,DION_001,485289,-0.9853211194857281,SIMULATED,NORMAL
2026-06-17T17:09:54.983555+00:00,DION_001,485290,-0.8811578152119739,SIMULATED,NORMAL
2026-06-17T17:09:54.993898+00:00,DION_001,485291,-0.7187545055713077,SIMULATED,NORMAL
2026-06-17T17:09:55.004191+00:00,DION_001,485292,-0.8116439930338153,SIMULATED,NORMAL
2026-06-17T17:09:55.014459+00:00,DION_001,485293,-0.8667045910669042,SIMULATED,NORMAL
2026-06-17T17:09:55.024848+00:00,DION_001,485294,-0.7787167113647353,SIMULATED,NORMAL
2026-06-17T17:09:55.035105+00:00,DION_001,485295,-0.7032119691966678,SIMULATED,NORMAL
2026-06-17T17:09:55.045508+00:00,DION_001,485296,-0.60776132138451,SIMULATED,NORMAL
2026-06-17T17:09:55.055892+00:00,DION_001,485297,-0.5196799507638367,SIMULATED,NORMAL
2026-06-17T17:09:55.066301+00:00,DION_001,485298,-0.4398473147780391,SIMULATED,NORMAL
2026-06-17T17:09:55.076611+00:00,DION_001,485299,-0.6244747207331274,SIMULATED,NORMAL
2026-06-17T17:09:55.086869+00:00,DION_001,485300,-0.6258741869473659,SIMULATED,NORMAL
2026-06-17T17:09:55.097169+00:00,DION_001,485301,-0.56047914065661,SIMULATED,NORMAL
2026-06-17T17:09:55.107429+00:00,DION_001,485302,-0.6058665904641213,SIMULATED,NORMAL
2026-06-17T17:09:55.117748+00:00,DION_001,485303,-0.5452057627777884,SIMULATED,NORMAL
2026-06-17T17:09:55.128048+00:00,DION_001,485304,-0.26912947294089673,SIMULATED,NORMAL
2026-06-17T17:09:55.138380+00:00,DION_001,485305,-0.6676311692920331,SIMULATED,NORMAL
2026-06-17T17:09:55.148697+00:00,DION_001,485306,-0.5689644146167057,SIMULATED,NORMAL
2026-06-17T17:09:55.159026+00:00,DION_001,485307,-0.42405163388584005,SIMULATED,NORMAL
2026-06-17T17:09:55.169340+00:00,DION_001,485308,-0.49079824215527407,SIMULATED,NORMAL
2026-06-17T17:09:55.179720+00:00,DION_001,485309,-0.40459912807288007,SIMULATED,NORMAL
2026-06-17T17:09:55.190079+00:00,DION_001,485310,-0.41976337694674665,SIMULATED,NORMAL
2026-06-17T17:09:55.200386+00:00,DION_001,485311,-0.23059156259309246,SIMULATED,NORMAL
2026-06-17T17:09:55.210669+00:00,DION_001,485312,-0.18859571191948288,SIMULATED,NORMAL
2026-06-17T17:09:55.220968+00:00,DION_001,485313,-0.19569582558970242,SIMULATED,NORMAL
2026-06-17T17:09:55.231300+00:00,DION_001,485314,-0.25542185937266887,SIMULATED,NORMAL
2026-06-17T17:09:55.241718+00:00,DION_001,485315,-0.49432747619212214,SIMULATED,NORMAL
2026-06-17T17:09:55.252171+00:00,DION_001,485316,-0.5207739280946428,SIMULATED,NORMAL
2026-06-17T17:09:55.262521+00:00,DION_001,485317,-0.3024152069428945,SIMULATED,NORMAL
2026-06-17T17:09:55.272862+00:00,DION_001,485318,-0.2510570973085649,SIMULATED,NORMAL
2026-06-17T17:09:55.283264+00:00,DION_001,485319,-0.24167176998196344,SIMULATED,NORMAL
2026-06-17T17:09:55.293563+00:00,DION_001,485320,-0.39555358126744095,SIMULATED,NORMAL
2026-06-17T17:09:55.303922+00:00,DION_001,485321,-0.44146215523017174,SIMULATED,NORMAL
2026-06-17T17:09:55.314260+00:00,DION_001,485322,-0.3498867685985571,SIMULATED,NORMAL
2026-06-17T17:09:55.324612+00:00,DION_001,485323,2.2523102887112176,SIMULATED,EVENT_DETECTED
2026-06-17T17:09:55.335099+00:00,DION_001,485324,-0.4355251062481358,SIMULATED,NORMAL
2026-06-17T17:09:55.345672+00:00,DION_001,485325,-0.7026374151144794,SIMULATED,NORMAL
2026-06-17T17:09:55.356174+00:00,DION_001,485326,-0.3696202094865468,SIMULATED,NORMAL
2026-06-17T17:09:55.366510+00:00,DION_001,485327,-0.742981960095584,SIMULATED,NORMAL
2026-06-17T17:09:55.376869+00:00,DION_001,485328,-0.17669496477213847,SIMULATED,NORMAL
2026-06-17T17:09:55.387371+00:00,DION_001,485329,-0.42105487625195803,SIMULATED,NORMAL
2026-06-17T17:09:55.397662+00:00,DION_001,485330,-0.4015633137166833,SIMULATED,NORMAL
2026-06-17T17:09:55.408129+00:00,DION_001,485331,-0.7095333336462457,SIMULATED,NORMAL
2026-06-17T17:09:55.418397+00:00,DION_001,485332,-0.475564430762933,SIMULATED,NORMAL
2026-06-17T17:09:55.428841+00:00,DION_001,485333,-0.7190550940527454,SIMULATED,NORMAL
2026-06-17T17:09:55.439324+00:00,DION_001,485334,-0.5015259582656658,SIMULATED,NORMAL
2026-06-17T17:09:55.449742+00:00,DION_001,485335,-0.6500731619252803,SIMULATED,NORMAL
2026-06-17T17:09:55.460000+00:00,DION_001,485336,-0.7852054422641092,SIMULATED,NORMAL
2026-06-17T17:09:55.470266+00:00,DION_001,485337,-0.6112784001775169,SIMULATED,NORMAL
2026-06-17T17:09:55.480590+00:00,DION_001,485338,-0.612792408904567,SIMULATED,NORMAL
2026-06-17T17:09:55.490899+00:00,DION_001,485339,-0.8064098461355866,SIMULATED,NORMAL
2026-06-17T17:09:55.501206+00:00,DION_001,485340,-0.6522768022954656,SIMULATED,NORMAL
2026-06-17T17:09:55.511588+00:00,DION_001,485341,-0.8171939914863078,SIMULATED,NORMAL
2026-06-17T17:09:55.522143+00:00,DION_001,485342,-0.739855159903598,SIMULATED,NORMAL
2026-06-17T17:09:55.532534+00:00,DION_001,485343,-0.8825594636679881,SIMULATED,NORMAL
2026-06-17T17:09:55.542967+00:00,DION_001,485344,-0.7781531478237025,SIMULATED,NORMAL
2026-06-17T17:09:55.553345+00:00,DION_001,485345,-0.84027379896125,SIMULATED,NORMAL
2026-06-17T17:09:55.563680+00:00,DION_001,485346,-0.7852582466239049,SIMULATED,NORMAL
2026-06-17T17:09:55.573961+00:00,DION_001,485347,-0.8923031691640182,SIMULATED,NORMAL
2026-06-17T17:09:55.584220+00:00,DION_001,485348,-0.9043034254435649,SIMULATED,NORMAL
2026-06-17T17:09:55.594555+00:00,DION_001,485349,-0.9615492153100286,SIMULATED,NORMAL
2026-06-17T17:09:55.605008+00:00,DION_001,485350,-0.9416406170342357,SIMULATED,NORMAL
2026-06-17T17:09:55.615396+00:00,DION_001,485351,-0.858680877653482,SIMULATED,NORMAL
2026-06-17T17:09:55.625749+00:00,DION_001,485352,-0.6839721337840848,SIMULATED,NORMAL
2026-06-17T17:09:55.636038+00:00,DION_001,485353,-0.6585218986138045,SIMULATED,NORMAL
2026-06-17T17:09:55.646474+00:00,DION_001,485354,-0.4134673984442322,SIMULATED,NORMAL
2026-06-17T17:09:55.656943+00:00,DION_001,485355,-0.585074726711688,SIMULATED,NORMAL
2026-06-17T17:09:55.667258+00:00,DION_001,485356,-0.8949059133217643,SIMULATED,NORMAL
2026-06-17T17:09:55.677749+00:00,DION_001,485357,-0.42496614456130594,SIMULATED,NORMAL
2026-06-17T17:09:55.688194+00:00,DION_001,485358,-0.900080986766711,SIMULATED,NORMAL
2026-06-17T17:09:55.698518+00:00,DION_001,485359,-0.7065823437494645,SIMULATED,NORMAL
2026-06-17T17:09:55.708752+00:00,DION_001,485360,-0.7313763811356656,SIMULATED,NORMAL
2026-06-17T17:09:55.719036+00:00,DION_001,485361,-0.7106139243352297,SIMULATED,NORMAL
2026-06-17T17:09:55.729438+00:00,DION_001,485362,-0.577460760824477,SIMULATED,NORMAL
2026-06-17T17:09:55.739906+00:00,DION_001,485363,-0.6031948542979553,SIMULATED,NORMAL
2026-06-17T17:09:55.750331+00:00,DION_001,485364,-0.40901359249766334,SIMULATED,NORMAL
2026-06-17T17:09:55.760766+00:00,DION_001,485365,-0.613015492551778,SIMULATED,NORMAL
2026-06-17T17:09:55.771074+00:00,DION_001,485366,-0.4833866513616957,SIMULATED,NORMAL
2026-06-17T17:09:55.781448+00:00,DION_001,485367,-0.37364600139842846,SIMULATED,NORMAL
2026-06-17T17:09:55.791774+00:00,DION_001,485368,-0.3255067202548491,SIMULATED,NORMAL
2026-06-17T17:09:55.802092+00:00,DION_001,485369,-0.23053140105328418,SIMULATED,NORMAL
2026-06-17T17:09:55.812695+00:00,DION_001,485370,-0.19315649888126563,SIMULATED,NORMAL
2026-06-17T17:09:55.823082+00:00,DION_001,485371,-0.29104615786313404,SIMULATED,NORMAL
2026-06-17T17:09:55.833487+00:00,DION_001,485372,-0.2736669947475415,SIMULATED,NORMAL
2026-06-17T17:09:55.843767+00:00,DION_001,485373,-0.19040672469169237,SIMULATED,NORMAL
2026-06-17T17:09:55.854074+00:00,DION_001,485374,-0.3713219216631965,SIMULATED,NORMAL
2026-06-17T17:09:55.864490+00:00,DION_001,485375,0.2053027907329235,SIMULATED,NORMAL
2026-06-17T17:09:55.874961+00:00,DION_001,485376,-0.14048481242812738,SIMULATED,NORMAL
2026-06-17T17:09:55.885292+00:00,DION_001,485377,0.01654280896286483,SIMULATED,NORMAL
2026-06-17T17:09:55.895871+00:00,DION_001,485378,0.20192764202151758,SIMULATED,NORMAL
2026-06-17T17:09:55.906202+00:00,DION_001,485379,0.2614726724237857,SIMULATED,NORMAL
2026-06-17T17:09:55.916502+00:00,DION_001,485380,-0.022782577767038376,SIMULATED,NORMAL
2026-06-17T17:09:55.926955+00:00,DION_001,485381,0.04866281374106196,SIMULATED,NORMAL
2026-06-17T17:09:55.937354+00:00,DION_001,485382,0.20909292003133778,SIMULATED,NORMAL
2026-06-17T17:09:55.947785+00:00,DION_001,485383,0.40005668701360175,SIMULATED,NORMAL
2026-06-17T17:09:55.958064+00:00,DION_001,485384,0.3030037238338677,SIMULATED,NORMAL
2026-06-17T17:09:55.968333+00:00,DION_001,485385,0.37362274806359885,SIMULATED,NORMAL
2026-06-17T17:09:55.978702+00:00,DION_001,485386,0.2847354874978581,SIMULATED,NORMAL
2026-06-17T17:09:55.989507+00:00,DION_001,485387,0.39291879316514705,SIMULATED,NORMAL
2026-06-17T17:09:55.999832+00:00,DION_001,485388,0.5816051577520913,SIMULATED,NORMAL
2026-06-17T17:09:56.010127+00:00,DION_001,485389,0.3337556943939015,SIMULATED,NORMAL
2026-06-17T17:09:56.020479+00:00,DION_001,485390,0.35630751907480374,SIMULATED,NORMAL
2026-06-17T17:09:56.030806+00:00,DION_001,485391,0.3030542145326551,SIMULATED,NORMAL
2026-06-17T17:09:56.041115+00:00,DION_001,485392,0.24587343149030558,SIMULATED,NORMAL
2026-06-17T17:09:56.051431+00:00,DION_001,485393,0.5933070569611172,SIMULATED,NORMAL
2026-06-17T17:09:56.061732+00:00,DION_001,485394,0.478649712374811,SIMULATED,NORMAL
2026-06-17T17:09:56.072186+00:00,DION_001,485395,0.5522344309317091,SIMULATED,NORMAL
2026-06-17T17:09:56.082506+00:00,DION_001,485396,0.4420876402181082,SIMULATED,NORMAL
2026-06-17T17:09:56.092801+00:00,DION_001,485397,0.8302447054778355,SIMULATED,NORMAL
2026-06-17T17:09:56.103081+00:00,DION_001,485398,0.45916522121673103,SIMULATED,NORMAL
2026-06-17T17:09:56.113406+00:00,DION_001,485399,0.6740504610068939,SIMULATED,NORMAL
2026-06-17T17:09:56.123757+00:00,DION_001,485400,0.6036431422694715,SIMULATED,NORMAL
2026-06-17T17:09:56.134030+00:00,DION_001,485401,0.5359583543685178,SIMULATED,NORMAL
2026-06-17T17:09:56.144402+00:00,DION_001,485402,0.5242336541489202,SIMULATED,NORMAL
2026-06-17T17:09:56.154668+00:00,DION_001,485403,0.23533110501354626,SIMULATED,NORMAL
2026-06-17T17:09:56.165001+00:00,DION_001,485404,0.6932909198049464,SIMULATED,NORMAL
2026-06-17T17:09:56.175371+00:00,DION_001,485405,0.3726461398996317,SIMULATED,NORMAL
2026-06-17T17:09:56.185736+00:00,DION_001,485406,0.4313818948565417,SIMULATED,NORMAL
2026-06-17T17:09:56.196075+00:00,DION_001,485407,0.43552014882481116,SIMULATED,NORMAL
2026-06-17T17:09:56.206505+00:00,DION_001,485408,0.587026191153155,SIMULATED,NORMAL
2026-06-17T17:09:56.216852+00:00,DION_001,485409,0.47291438421860205,SIMULATED,NORMAL
2026-06-17T17:09:56.227194+00:00,DION_001,485410,0.3490322848678337,SIMULATED,NORMAL
2026-06-17T17:09:56.237556+00:00,DION_001,485411,0.1822309928779605,SIMULATED,NORMAL
2026-06-17T17:09:56.247876+00:00,DION_001,485412,0.285819488344139,SIMULATED,NORMAL
2026-06-17T17:09:56.258166+00:00,DION_001,485413,0.2332171716312518,SIMULATED,NORMAL
2026-06-17T17:09:56.268476+00:00,DION_001,485414,0.35993472316131364,SIMULATED,NORMAL
2026-06-17T17:09:56.278973+00:00,DION_001,485415,0.39520403930464576,SIMULATED,NORMAL
2026-06-17T17:09:56.289413+00:00,DION_001,485416,0.3776673157418473,SIMULATED,NORMAL
2026-06-17T17:09:56.299725+00:00,DION_001,485417,0.1473292817144883,SIMULATED,NORMAL
2026-06-17T17:09:56.309991+00:00,DION_001,485418,0.07566386946534848,SIMULATED,NORMAL
2026-06-17T17:09:56.320244+00:00,DION_001,485419,0.190948703897447,SIMULATED,NORMAL
2026-06-17T17:09:56.330581+00:00,DION_001,485420,0.5233851575285389,SIMULATED,NORMAL
2026-06-17T17:09:56.340872+00:00,DION_001,485421,0.11787203132036833,SIMULATED,NORMAL
2026-06-17T17:09:56.351134+00:00,DION_001,485422,0.23093200302919276,SIMULATED,NORMAL
2026-06-17T17:09:56.361436+00:00,DION_001,485423,0.05569100735119743,SIMULATED,NORMAL
2026-06-17T17:09:56.371721+00:00,DION_001,485424,0.19992708017349564,SIMULATED,NORMAL
2026-06-17T17:09:56.382133+00:00,DION_001,485425,-0.17075863733292096,SIMULATED,NORMAL
2026-06-17T17:09:56.392437+00:00,DION_001,485426,0.06330044411169716,SIMULATED,NORMAL
2026-06-17T17:09:56.402718+00:00,DION_001,485427,-0.03238486743669669,SIMULATED,NORMAL
2026-06-17T17:09:56.413092+00:00,DION_001,485428,0.22530684537598744,SIMULATED,NORMAL
2026-06-17T17:09:56.423495+00:00,DION_001,485429,0.09059944789360695,SIMULATED,NORMAL
2026-06-17T17:09:56.433779+00:00,DION_001,485430,0.06079200529974527,SIMULATED,NORMAL
2026-06-17T17:09:56.444089+00:00,DION_001,485431,0.18444099158389,SIMULATED,NORMAL
2026-06-17T17:09:56.454501+00:00,DION_001,485432,-0.0911110398317532,SIMULATED,NORMAL
2026-06-17T17:09:56.464821+00:00,DION_001,485433,0.39980818047866384,SIMULATED,NORMAL
2026-06-17T17:09:56.475087+00:00,DION_001,485434,0.1311505290987796,SIMULATED,NORMAL
2026-06-17T17:09:56.485346+00:00,DION_001,485435,0.032398399845297854,SIMULATED,NORMAL
2026-06-17T17:09:56.495930+00:00,DION_001,485436,0.3768008280164994,SIMULATED,NORMAL
2026-06-17T17:09:56.506346+00:00,DION_001,485437,0.05442259242759098,SIMULATED,NORMAL
2026-06-17T17:09:56.516700+00:00,DION_001,485438,0.06579874230383476,SIMULATED,NORMAL
2026-06-17T17:09:56.527116+00:00,DION_001,485439,0.3346499029915337,SIMULATED,NORMAL
2026-06-17T17:09:56.537561+00:00,DION_001,485440,0.07248270021541908,SIMULATED,NORMAL
2026-06-17T17:09:56.547888+00:00,DION_001,485441,0.1778080909573907,SIMULATED,NORMAL
2026-06-17T17:09:56.558148+00:00,DION_001,485442,0.44605249214437787,SIMULATED,NORMAL
2026-06-17T17:09:56.568470+00:00,DION_001,485443,0.34787733911114543,SIMULATED,NORMAL
2026-06-17T17:09:56.579198+00:00,DION_001,485444,0.5703925691497435,SIMULATED,NORMAL
2026-06-17T17:09:56.589568+00:00,DION_001,485445,0.6660614782972478,SIMULATED,NORMAL
2026-06-17T17:09:56.599919+00:00,DION_001,485446,0.26695136752899407,SIMULATED,NORMAL
2026-06-17T17:09:56.610235+00:00,DION_001,485447,0.3705959924067106,SIMULATED,NORMAL
2026-06-17T17:09:56.620535+00:00,DION_001,485448,0.6587049225149493,SIMULATED,NORMAL
2026-06-17T17:09:56.631021+00:00,DION_001,485449,0.5368446531099268,SIMULATED,NORMAL
2026-06-17T17:09:56.641354+00:00,DION_001,485450,0.8644574535416667,SIMULATED,NORMAL
2026-06-17T17:09:56.651632+00:00,DION_001,485451,0.5103561956141198,SIMULATED,NORMAL
2026-06-17T17:09:56.662162+00:00,DION_001,485452,0.48085080957297754,SIMULATED,NORMAL
2026-06-17T17:09:56.672690+00:00,DION_001,485453,0.5734371941691043,SIMULATED,NORMAL
2026-06-17T17:09:56.683174+00:00,DION_001,485454,0.8279508227372872,SIMULATED,NORMAL
2026-06-17T17:09:56.693468+00:00,DION_001,485455,0.732118439586288,SIMULATED,NORMAL
2026-06-17T17:09:56.703859+00:00,DION_001,485456,0.8514733205679132,SIMULATED,NORMAL
2026-06-17T17:09:56.714220+00:00,DION_001,485457,0.8059371688100259,SIMULATED,NORMAL
2026-06-17T17:09:56.724534+00:00,DION_001,485458,0.705282659335677,SIMULATED,NORMAL
2026-06-17T17:09:56.734971+00:00,DION_001,485459,0.8232966247743339,SIMULATED,NORMAL
2026-06-17T17:09:56.745311+00:00,DION_001,485460,0.9300595081754917,SIMULATED,NORMAL
2026-06-17T17:09:56.755715+00:00,DION_001,485461,1.041415621031232,SIMULATED,NORMAL
2026-06-17T17:09:56.766039+00:00,DION_001,485462,1.021442863785232,SIMULATED,NORMAL
2026-06-17T17:09:56.776377+00:00,DION_001,485463,0.9131184712434701,SIMULATED,NORMAL
2026-06-17T17:09:56.786814+00:00,DION_001,485464,1.1652009951165885,SIMULATED,NORMAL
2026-06-17T17:09:56.797196+00:00,DION_001,485465,1.150725195760271,SIMULATED,NORMAL
2026-06-17T17:09:56.807654+00:00,DION_001,485466,1.101630556327898,SIMULATED,NORMAL
2026-06-17T17:09:56.818027+00:00,DION_001,485467,1.253990220020115,SIMULATED,NORMAL
2026-06-17T17:09:56.828465+00:00,DION_001,485468,0.9743591124179165,SIMULATED,NORMAL
2026-06-17T17:09:56.838919+00:00,DION_001,485469,1.4112077682132274,SIMULATED,NORMAL
2026-06-17T17:09:56.849289+00:00,DION_001,485470,1.2711018725014038,SIMULATED,NORMAL
2026-06-17T17:09:56.859575+00:00,DION_001,485471,1.3479605267768369,SIMULATED,NORMAL
2026-06-17T17:09:56.869882+00:00,DION_001,485472,1.229965651362338,SIMULATED,NORMAL
2026-06-17T17:09:56.880215+00:00,DION_001,485473,1.4714776429562166,SIMULATED,NORMAL
2026-06-17T17:09:56.890494+00:00,DION_001,485474,1.266557749798265,SIMULATED,NORMAL
2026-06-17T17:09:56.900848+00:00,DION_001,485475,1.081869366005776,SIMULATED,NORMAL
2026-06-17T17:09:56.911187+00:00,DION_001,485476,0.9960919172575303,SIMULATED,NORMAL
2026-06-17T17:09:56.921612+00:00,DION_001,485477,1.076891797664531,SIMULATED,NORMAL
2026-06-17T17:09:56.931932+00:00,DION_001,485478,1.4234610696096834,SIMULATED,NORMAL
2026-06-17T17:09:56.942298+00:00,DION_001,485479,1.0245869663801552,SIMULATED,NORMAL
2026-06-17T17:09:56.952692+00:00,DION_001,485480,1.035751963643288,SIMULATED,NORMAL
2026-06-17T17:09:56.963109+00:00,DION_001,485481,1.0057483844892114,SIMULATED,NORMAL
2026-06-17T17:09:56.973418+00:00,DION_001,485482,0.7946735947218688,SIMULATED,NORMAL
2026-06-17T17:09:56.983870+00:00,DION_001,485483,1.1476117096125564,SIMULATED,NORMAL
2026-06-17T17:09:56.994178+00:00,DION_001,485484,1.0072502977236317,SIMULATED,NORMAL
2026-06-17T17:09:57.004485+00:00,DION_001,485485,0.9761044573052116,SIMULATED,NORMAL
2026-06-17T17:09:57.014824+00:00,DION_001,485486,1.2076998808324975,SIMULATED,NORMAL
2026-06-17T17:09:57.025126+00:00,DION_001,485487,1.0069121529564204,SIMULATED,NORMAL
2026-06-17T17:09:57.035381+00:00,DION_001,485488,0.9199427018531181,SIMULATED,NORMAL
2026-06-17T17:09:57.045731+00:00,DION_001,485489,0.9388661604819615,SIMULATED,NORMAL
2026-06-17T17:09:57.056108+00:00,DION_001,485490,0.7793950521806778,SIMULATED,NORMAL
2026-06-17T17:09:57.066492+00:00,DION_001,485491,0.9959738658940056,SIMULATED,NORMAL
2026-06-17T17:09:57.076857+00:00,DION_001,485492,1.0298872527455303,SIMULATED,NORMAL
2026-06-17T17:09:57.087247+00:00,DION_001,485493,0.7782264610425362,SIMULATED,NORMAL
2026-06-17T17:09:57.097591+00:00,DION_001,485494,0.48307640802816193,SIMULATED,NORMAL
2026-06-17T17:09:57.107889+00:00,DION_001,485495,0.9143041148662978,SIMULATED,NORMAL
2026-06-17T17:09:57.118240+00:00,DION_001,485496,0.5804577436654227,SIMULATED,NORMAL
2026-06-17T17:09:57.128737+00:00,DION_001,485497,0.8138240872557443,SIMULATED,NORMAL
2026-06-17T17:09:57.139674+00:00,DION_001,485498,0.57357378797764,SIMULATED,NORMAL
2026-06-17T17:09:57.150147+00:00,DION_001,485499,0.6439893654391561,SIMULATED,NORMAL
2026-06-17T17:09:57.160411+00:00,DION_001,485500,0.3434128477912866,SIMULATED,NORMAL
2026-06-17T17:09:57.170827+00:00,DION_001,485501,0.320564558025179,SIMULATED,NORMAL
2026-06-17T17:09:57.181240+00:00,DION_001,485502,0.7509361459992268,SIMULATED,NORMAL
2026-06-17T17:09:57.191573+00:00,DION_001,485503,0.39446631494264267,SIMULATED,NORMAL
2026-06-17T17:09:57.201921+00:00,DION_001,485504,0.5170665887509622,SIMULATED,NORMAL
2026-06-17T17:09:57.212615+00:00,DION_001,485505,0.07983194374464225,SIMULATED,NORMAL
2026-06-17T17:09:57.222946+00:00,DION_001,485506,0.4607481898336535,SIMULATED,NORMAL
2026-06-17T17:09:57.233244+00:00,DION_001,485507,0.3613000374742869,SIMULATED,NORMAL
2026-06-17T17:09:57.243541+00:00,DION_001,485508,0.3752120762965502,SIMULATED,NORMAL
2026-06-17T17:09:57.253885+00:00,DION_001,485509,0.886161045303114,SIMULATED,NORMAL
2026-06-17T17:09:57.264266+00:00,DION_001,485510,0.4363058443031207,SIMULATED,NORMAL
2026-06-17T17:09:57.274594+00:00,DION_001,485511,0.3552095031540217,SIMULATED,NORMAL
2026-06-17T17:09:57.285005+00:00,DION_001,485512,0.6423674656957823,SIMULATED,NORMAL
2026-06-17T17:09:57.295383+00:00,DION_001,485513,0.39676907824033975,SIMULATED,NORMAL
2026-06-17T17:09:57.305802+00:00,DION_001,485514,0.5266276521384775,SIMULATED,NORMAL
2026-06-17T17:09:57.316164+00:00,DION_001,485515,0.12952930302321544,SIMULATED,NORMAL
2026-06-17T17:09:57.326486+00:00,DION_001,485516,0.4752577432035894,SIMULATED,NORMAL
2026-06-17T17:09:57.336782+00:00,DION_001,485517,0.6077217830921378,SIMULATED,NORMAL
2026-06-17T17:09:57.347130+00:00,DION_001,485518,0.35198505912343037,SIMULATED,NORMAL
2026-06-17T17:09:57.357435+00:00,DION_001,485519,0.47627905318833985,SIMULATED,NORMAL
2026-06-17T17:09:57.367668+00:00,DION_001,485520,0.5799898277428113,SIMULATED,NORMAL
2026-06-17T17:09:57.377966+00:00,DION_001,485521,0.5057124390806526,SIMULATED,NORMAL
2026-06-17T17:09:57.388282+00:00,DION_001,485522,0.3434314894901682,SIMULATED,NORMAL
2026-06-17T17:09:57.398700+00:00,DION_001,485523,0.5745249185875629,SIMULATED,NORMAL
2026-06-17T17:09:57.409004+00:00,DION_001,485524,0.476214622733056,SIMULATED,NORMAL
2026-06-17T17:09:57.419306+00:00,DION_001,485525,0.36176923056211197,SIMULATED,NORMAL
2026-06-17T17:09:57.429714+00:00,DION_001,485526,0.40846447174064854,SIMULATED,NORMAL
2026-06-17T17:09:57.440120+00:00,DION_001,485527,0.6705570658131733,SIMULATED,NORMAL
2026-06-17T17:09:57.450364+00:00,DION_001,485528,-1.6268158294160329,SIMULATED,NORMAL
2026-06-17T17:09:57.460742+00:00,DION_001,485529,0.6320261716579414,SIMULATED,NORMAL
2026-06-17T17:09:57.471016+00:00,DION_001,485530,0.48926140131470436,SIMULATED,NORMAL
2026-06-17T17:09:57.481350+00:00,DION_001,485531,0.7658799742984461,SIMULATED,NORMAL
2026-06-17T17:09:57.491614+00:00,DION_001,485532,0.8012245334209018,SIMULATED,NORMAL
2026-06-17T17:09:57.501867+00:00,DION_001,485533,0.698280581480311,SIMULATED,NORMAL
2026-06-17T17:09:57.512408+00:00,DION_001,485534,0.5533282271229724,SIMULATED,NORMAL
2026-06-17T17:09:57.522894+00:00,DION_001,485535,0.5614301018920945,SIMULATED,NORMAL
2026-06-17T17:09:57.533182+00:00,DION_001,485536,0.3845534362168498,SIMULATED,NORMAL
2026-06-17T17:09:57.543481+00:00,DION_001,485537,0.6261981667008706,SIMULATED,NORMAL
2026-06-17T17:09:57.554043+00:00,DION_001,485538,0.6012060378262428,SIMULATED,NORMAL
2026-06-17T17:09:57.564370+00:00,DION_001,485539,0.9091043061247676,SIMULATED,NORMAL
2026-06-17T17:09:57.574644+00:00,DION_001,485540,0.6537683612405616,SIMULATED,NORMAL
2026-06-17T17:09:57.585073+00:00,DION_001,485541,0.5788601353350268,SIMULATED,NORMAL
2026-06-17T17:09:57.595406+00:00,DION_001,485542,0.7928480106700287,SIMULATED,NORMAL
2026-06-17T17:09:57.606099+00:00,DION_001,485543,0.7486960413073257,SIMULATED,NORMAL
2026-06-17T17:09:57.616444+00:00,DION_001,485544,0.5201974100612624,SIMULATED,NORMAL
2026-06-17T17:09:57.626835+00:00,DION_001,485545,0.7333243594969048,SIMULATED,NORMAL
2026-06-17T17:09:57.637296+00:00,DION_001,485546,0.8026835474923977,SIMULATED,NORMAL
2026-06-17T17:09:57.647623+00:00,DION_001,485547,0.9134293515411526,SIMULATED,NORMAL
2026-06-17T17:09:57.658009+00:00,DION_001,485548,0.9269817750007079,SIMULATED,NORMAL
2026-06-17T17:09:57.668419+00:00,DION_001,485549,0.7870452735756049,SIMULATED,NORMAL
2026-06-17T17:09:57.678907+00:00,DION_001,485550,0.7594141428747359,SIMULATED,NORMAL
2026-06-17T17:09:57.689430+00:00,DION_001,485551,0.5830921871498193,SIMULATED,NORMAL
2026-06-17T17:09:57.699738+00:00,DION_001,485552,0.7583098029284817,SIMULATED,NORMAL
2026-06-17T17:09:57.710037+00:00,DION_001,485553,0.6553500872181761,SIMULATED,NORMAL
2026-06-17T17:09:57.720307+00:00,DION_001,485554,0.7180847877134071,SIMULATED,NORMAL
2026-06-17T17:09:57.730728+00:00,DION_001,485555,0.8386239292885623,SIMULATED,NORMAL
2026-06-17T17:09:57.740999+00:00,DION_001,485556,0.5774872732101044,SIMULATED,NORMAL
2026-06-17T17:09:57.751238+00:00,DION_001,485557,0.7010642571510993,SIMULATED,NORMAL
2026-06-17T17:09:57.761449+00:00,DION_001,485558,0.780585784439492,SIMULATED,NORMAL
2026-06-17T17:09:57.771899+00:00,DION_001,485559,0.5616187743003401,SIMULATED,NORMAL
2026-06-17T17:09:57.782191+00:00,DION_001,485560,0.5582890347889026,SIMULATED,NORMAL
2026-06-17T17:09:57.792508+00:00,DION_001,485561,0.3587643956575294,SIMULATED,NORMAL
2026-06-17T17:09:57.802877+00:00,DION_001,485562,0.48737755864287524,SIMULATED,NORMAL
2026-06-17T17:09:57.813124+00:00,DION_001,485563,0.47115347306323624,SIMULATED,NORMAL
2026-06-17T17:09:57.823487+00:00,DION_001,485564,0.5576420686341287,SIMULATED,NORMAL
2026-06-17T17:09:57.833819+00:00,DION_001,485565,0.2500491494983883,SIMULATED,NORMAL
2026-06-17T17:09:57.844103+00:00,DION_001,485566,0.09349850744225646,SIMULATED,NORMAL
2026-06-17T17:09:57.854395+00:00,DION_001,485567,0.4140618406086755,SIMULATED,NORMAL
2026-06-17T17:09:57.864710+00:00,DION_001,485568,0.5421870320141006,SIMULATED,NORMAL
2026-06-17T17:09:57.875008+00:00,DION_001,485569,-0.0610007799393939,SIMULATED,NORMAL
2026-06-17T17:09:57.885338+00:00,DION_001,485570,0.22351000500404844,SIMULATED,NORMAL
2026-06-17T17:09:57.895636+00:00,DION_001,485571,0.4173631810658912,SIMULATED,NORMAL
2026-06-17T17:09:57.905948+00:00,DION_001,485572,0.2270949786026283,SIMULATED,NORMAL
2026-06-17T17:09:57.916200+00:00,DION_001,485573,0.25534624390415117,SIMULATED,NORMAL
2026-06-17T17:09:57.926448+00:00,DION_001,485574,-0.15386799620143327,SIMULATED,NORMAL
2026-06-17T17:09:57.936679+00:00,DION_001,485575,0.021878765168134577,SIMULATED,NORMAL
2026-06-17T17:09:57.946858+00:00,DION_001,485576,0.09895654590339656,SIMULATED,NORMAL
2026-06-17T17:09:57.957097+00:00,DION_001,485577,-0.3032666762995184,SIMULATED,NORMAL
2026-06-17T17:09:57.967311+00:00,DION_001,485578,0.11318850832607127,SIMULATED,NORMAL
2026-06-17T17:09:57.977496+00:00,DION_001,485579,-0.20180321062904735,SIMULATED,NORMAL
2026-06-17T17:09:57.987718+00:00,DION_001,485580,-0.4316686389652122,SIMULATED,NORMAL
2026-06-17T17:09:57.997984+00:00,DION_001,485581,1.3396902196010765,SIMULATED,NORMAL
2026-06-17T17:09:58.008464+00:00,DION_001,485582,-0.49090605091571016,SIMULATED,NORMAL
2026-06-17T17:09:58.018848+00:00,DION_001,485583,-0.3843877321479616,SIMULATED,NORMAL
2026-06-17T17:09:58.029098+00:00,DION_001,485584,-0.3605017471708242,SIMULATED,NORMAL
2026-06-17T17:09:58.039415+00:00,DION_001,485585,-0.6096860191541777,SIMULATED,NORMAL
2026-06-17T17:09:58.049665+00:00,DION_001,485586,-0.4994756861542,SIMULATED,NORMAL
2026-06-17T17:09:58.059930+00:00,DION_001,485587,-0.22332422363347246,SIMULATED,NORMAL
2026-06-17T17:09:58.070184+00:00,DION_001,485588,-0.43039825054201697,SIMULATED,NORMAL
2026-06-17T17:09:58.080415+00:00,DION_001,485589,-0.5079588069107053,SIMULATED,NORMAL
2026-06-17T17:09:58.090644+00:00,DION_001,485590,-0.5098920807409695,SIMULATED,NORMAL
2026-06-17T17:09:58.100864+00:00,DION_001,485591,-0.5094134767046444,SIMULATED,NORMAL
2026-06-17T17:09:58.111125+00:00,DION_001,485592,-0.7823076918498678,SIMULATED,NORMAL
2026-06-17T17:09:58.121385+00:00,DION_001,485593,-0.6764529835791058,SIMULATED,NORMAL
2026-06-17T17:09:58.131667+00:00,DION_001,485594,-0.775639278490577,SIMULATED,NORMAL
2026-06-17T17:09:58.141962+00:00,DION_001,485595,-0.5199374629467673,SIMULATED,NORMAL
2026-06-17T17:09:58.152190+00:00,DION_001,485596,-0.7041966291582207,SIMULATED,NORMAL
2026-06-17T17:09:58.162454+00:00,DION_001,485597,-0.5422018212983732,SIMULATED,NORMAL
2026-06-17T17:09:58.172711+00:00,DION_001,485598,-0.7328387034374436,SIMULATED,NORMAL
2026-06-17T17:09:58.183014+00:00,DION_001,485599,-0.5637836992610702,SIMULATED,NORMAL
2026-06-17T17:09:58.193306+00:00,DION_001,485600,-0.4968547069158518,SIMULATED,NORMAL
2026-06-17T17:09:58.203715+00:00,DION_001,485601,-0.5369264016261396,SIMULATED,NORMAL
2026-06-17T17:09:58.214149+00:00,DION_001,485602,-0.6240183515450434,SIMULATED,NORMAL
2026-06-17T17:09:58.224711+00:00,DION_001,485603,-0.35089081562352303,SIMULATED,NORMAL
2026-06-17T17:09:58.235326+00:00,DION_001,485604,-0.5325164831786222,SIMULATED,NORMAL
2026-06-17T17:09:58.245993+00:00,DION_001,485605,-0.5784939561386485,SIMULATED,NORMAL
2026-06-17T17:09:58.256236+00:00,DION_001,485606,-0.7157869492370528,SIMULATED,NORMAL
2026-06-17T17:09:58.266505+00:00,DION_001,485607,-0.4143383130293502,SIMULATED,NORMAL
2026-06-17T17:09:58.276836+00:00,DION_001,485608,-0.4591649146452444,SIMULATED,NORMAL
2026-06-17T17:09:58.287156+00:00,DION_001,485609,-0.5652561283349257,SIMULATED,NORMAL
2026-06-17T17:09:58.297450+00:00,DION_001,485610,-0.2735650584086733,SIMULATED,NORMAL
2026-06-17T17:09:58.307715+00:00,DION_001,485611,-0.44415903229225856,SIMULATED,NORMAL
2026-06-17T17:09:58.317954+00:00,DION_001,485612,-0.2879947453351738,SIMULATED,NORMAL
2026-06-17T17:09:58.328153+00:00,DION_001,485613,-0.3424299101800944,SIMULATED,NORMAL
2026-06-17T17:09:58.338407+00:00,DION_001,485614,-0.250453403515753,SIMULATED,NORMAL
2026-06-17T17:09:58.348621+00:00,DION_001,485615,-0.22383055653165038,SIMULATED,NORMAL
2026-06-17T17:09:58.358834+00:00,DION_001,485616,-0.3859296667455126,SIMULATED,NORMAL
2026-06-17T17:09:58.369094+00:00,DION_001,485617,-0.26267320539170635,SIMULATED,NORMAL
2026-06-17T17:09:58.379365+00:00,DION_001,485618,-0.011795837337929549,SIMULATED,NORMAL
2026-06-17T17:09:58.389586+00:00,DION_001,485619,-0.5365971109852445,SIMULATED,NORMAL
2026-06-17T17:09:58.399845+00:00,DION_001,485620,-0.3829856779209875,SIMULATED,NORMAL
2026-06-17T17:09:58.410142+00:00,DION_001,485621,-0.34507250107988025,SIMULATED,NORMAL
2026-06-17T17:09:58.420465+00:00,DION_001,485622,-0.2459704522735015,SIMULATED,NORMAL
2026-06-17T17:09:58.430852+00:00,DION_001,485623,-0.4024809225592193,SIMULATED,NORMAL
2026-06-17T17:09:58.441183+00:00,DION_001,485624,-0.35925739421159364,SIMULATED,NORMAL
2026-06-17T17:09:58.451474+00:00,DION_001,485625,-0.4404708020582239,SIMULATED,NORMAL
2026-06-17T17:09:58.461807+00:00,DION_001,485626,-0.10513929577027863,SIMULATED,NORMAL
2026-06-17T17:09:58.472078+00:00,DION_001,485627,-0.17734048729563132,SIMULATED,NORMAL
2026-06-17T17:09:58.482315+00:00,DION_001,485628,-0.20375341754306658,SIMULATED,NORMAL
2026-06-17T17:09:58.492639+00:00,DION_001,485629,-0.2569036142240552,SIMULATED,NORMAL
2026-06-17T17:09:58.502900+00:00,DION_001,485630,-0.1345243662913818,SIMULATED,NORMAL
2026-06-17T17:09:58.513137+00:00,DION_001,485631,-0.17667668807510215,SIMULATED,NORMAL
2026-06-17T17:09:58.523391+00:00,DION_001,485632,-0.010601959529746102,SIMULATED,NORMAL
2026-06-17T17:09:58.533683+00:00,DION_001,485633,-0.22507427691192539,SIMULATED,NORMAL
2026-06-17T17:09:58.543943+00:00,DION_001,485634,-0.23998909187485062,SIMULATED,NORMAL
2026-06-17T17:09:58.554275+00:00,DION_001,485635,-0.12969871078595285,SIMULATED,NORMAL
2026-06-17T17:09:58.564581+00:00,DION_001,485636,-0.06785876184758452,SIMULATED,NORMAL
2026-06-17T17:09:58.574827+00:00,DION_001,485637,-0.34200298734109286,SIMULATED,NORMAL
2026-06-17T17:09:58.585091+00:00,DION_001,485638,-0.24406957817040076,SIMULATED,NORMAL
2026-06-17T17:09:58.595389+00:00,DION_001,485639,-0.17100630073454848,SIMULATED,NORMAL
2026-06-17T17:09:58.605635+00:00,DION_001,485640,-0.37079264419986147,SIMULATED,NORMAL
2026-06-17T17:09:58.615920+00:00,DION_001,485641,-0.3036150816508503,SIMULATED,NORMAL
2026-06-17T17:09:58.626172+00:00,DION_001,485642,-0.41745224930540054,SIMULATED,NORMAL
2026-06-17T17:09:58.636387+00:00,DION_001,485643,-0.31455273740719547,SIMULATED,NORMAL
2026-06-17T17:09:58.646633+00:00,DION_001,485644,-0.2919037179963139,SIMULATED,NORMAL
2026-06-17T17:09:58.656933+00:00,DION_001,485645,-0.31494817886211435,SIMULATED,NORMAL
2026-06-17T17:09:58.667338+00:00,DION_001,485646,-0.4570805890888091,SIMULATED,NORMAL
2026-06-17T17:09:58.677651+00:00,DION_001,485647,-0.5611488388778487,SIMULATED,NORMAL
2026-06-17T17:09:58.687987+00:00,DION_001,485648,-0.6159166730993502,SIMULATED,NORMAL
2026-06-17T17:09:58.698389+00:00,DION_001,485649,1.5752764507180683,SIMULATED,NORMAL
2026-06-17T17:09:58.708733+00:00,DION_001,485650,-0.4749389086961916,SIMULATED,NORMAL
2026-06-17T17:09:58.718950+00:00,DION_001,485651,-0.6276833699864678,SIMULATED,NORMAL
2026-06-17T17:09:58.729306+00:00,DION_001,485652,-0.5175167880197111,SIMULATED,NORMAL
2026-06-17T17:09:58.739604+00:00,DION_001,485653,-0.755238428902467,SIMULATED,NORMAL
2026-06-17T17:09:58.749854+00:00,DION_001,485654,-0.6904257608680416,SIMULATED,NORMAL
2026-06-17T17:09:58.760117+00:00,DION_001,485655,-0.9586399965116051,SIMULATED,NORMAL
2026-06-17T17:09:58.770441+00:00,DION_001,485656,-0.9338029145350829,SIMULATED,NORMAL
2026-06-17T17:09:58.780692+00:00,DION_001,485657,-0.7996826630583158,SIMULATED,NORMAL
2026-06-17T17:09:58.790963+00:00,DION_001,485658,-0.983496998400049,SIMULATED,NORMAL
2026-06-17T17:09:58.801434+00:00,DION_001,485659,-0.8299063747411426,SIMULATED,NORMAL
2026-06-17T17:09:58.811676+00:00,DION_001,485660,-0.6596655311228973,SIMULATED,NORMAL
2026-06-17T17:09:58.822040+00:00,DION_001,485661,-0.9560894731119448,SIMULATED,NORMAL
2026-06-17T17:09:58.832356+00:00,DION_001,485662,-0.9369087121320618,SIMULATED,NORMAL
2026-06-17T17:09:58.842630+00:00,DION_001,485663,-0.9137406852184401,SIMULATED,NORMAL
2026-06-17T17:09:58.853041+00:00,DION_001,485664,-0.9796660386855718,SIMULATED,NORMAL
2026-06-17T17:09:58.863308+00:00,DION_001,485665,-1.2502666502924165,SIMULATED,NORMAL
2026-06-17T17:09:58.873549+00:00,DION_001,485666,-1.138340519996443,SIMULATED,NORMAL
2026-06-17T17:09:58.883807+00:00,DION_001,485667,-0.8835223295425461,SIMULATED,NORMAL
2026-06-17T17:09:58.894025+00:00,DION_001,485668,-1.0113730054031926,SIMULATED,NORMAL
2026-06-17T17:09:58.904247+00:00,DION_001,485669,-1.2388674243596536,SIMULATED,NORMAL
2026-06-17T17:09:58.914452+00:00,DION_001,485670,-1.1125341313760495,SIMULATED,NORMAL
2026-06-17T17:09:58.924675+00:00,DION_001,485671,-1.189918413956735,SIMULATED,NORMAL
2026-06-17T17:09:58.934973+00:00,DION_001,485672,-3.483981973547304,SIMULATED,EVENT_DETECTED
2026-06-17T17:09:58.945450+00:00,DION_001,485673,-1.179346272796628,SIMULATED,NORMAL
2026-06-17T17:09:58.955870+00:00,DION_001,485674,-1.1843495707240366,SIMULATED,NORMAL
2026-06-17T17:09:58.966213+00:00,DION_001,485675,-1.383887082787089,SIMULATED,NORMAL
2026-06-17T17:09:58.976446+00:00,DION_001,485676,-1.2570075821087936,SIMULATED,NORMAL
2026-06-17T17:09:58.986706+00:00,DION_001,485677,-1.0783659017479374,SIMULATED,NORMAL
2026-06-17T17:09:58.996963+00:00,DION_001,485678,-1.0886978207784115,SIMULATED,NORMAL
2026-06-17T17:09:59.007207+00:00,DION_001,485679,-1.2211615567515146,SIMULATED,NORMAL
2026-06-17T17:09:59.017517+00:00,DION_001,485680,-1.1556368974681015,SIMULATED,NORMAL
2026-06-17T17:09:59.027814+00:00,DION_001,485681,-1.029855524520105,SIMULATED,NORMAL
2026-06-17T17:09:59.038081+00:00,DION_001,485682,-1.1390426177517474,SIMULATED,NORMAL
2026-06-17T17:09:59.048299+00:00,DION_001,485683,-0.9155260837057375,SIMULATED,NORMAL
2026-06-17T17:09:59.058525+00:00,DION_001,485684,-1.0839870340573592,SIMULATED,NORMAL
2026-06-17T17:09:59.068796+00:00,DION_001,485685,-0.9753522888688981,SIMULATED,NORMAL
2026-06-17T17:09:59.079076+00:00,DION_001,485686,-0.9692460729960898,SIMULATED,NORMAL
2026-06-17T17:09:59.089347+00:00,DION_001,485687,-0.9138393127994904,SIMULATED,NORMAL
2026-06-17T17:09:59.099625+00:00,DION_001,485688,-0.7200066254418735,SIMULATED,NORMAL
2026-06-17T17:09:59.109893+00:00,DION_001,485689,-1.0536282016419667,SIMULATED,NORMAL
2026-06-17T17:09:59.120163+00:00,DION_001,485690,-0.7901443698629305,SIMULATED,NORMAL
2026-06-17T17:09:59.130496+00:00,DION_001,485691,-0.6229403205894075,SIMULATED,NORMAL
2026-06-17T17:09:59.140837+00:00,DION_001,485692,-0.9407298077720609,SIMULATED,NORMAL
2026-06-17T17:09:59.151056+00:00,DION_001,485693,-0.5674510344517241,SIMULATED,NORMAL
2026-06-17T17:09:59.161353+00:00,DION_001,485694,-0.7780094368138772,SIMULATED,NORMAL
2026-06-17T17:09:59.171629+00:00,DION_001,485695,-0.7614012988502523,SIMULATED,NORMAL
2026-06-17T17:09:59.181847+00:00,DION_001,485696,-0.6892647546366317,SIMULATED,NORMAL
2026-06-17T17:09:59.192069+00:00,DION_001,485697,-0.43016687781872287,SIMULATED,NORMAL
2026-06-17T17:09:59.202330+00:00,DION_001,485698,-0.8275487412570934,SIMULATED,NORMAL
2026-06-17T17:09:59.212643+00:00,DION_001,485699,-0.7113313529845361,SIMULATED,NORMAL
2026-06-17T17:09:59.222917+00:00,DION_001,485700,-0.43316894264427364,SIMULATED,NORMAL
2026-06-17T17:09:59.233180+00:00,DION_001,485701,-0.3676692504853994,SIMULATED,NORMAL
2026-06-17T17:09:59.243586+00:00,DION_001,485702,-0.7304492696772164,SIMULATED,NORMAL
2026-06-17T17:09:59.253960+00:00,DION_001,485703,-0.48167736629905133,SIMULATED,NORMAL
2026-06-17T17:09:59.264358+00:00,DION_001,485704,-0.7702255261484131,SIMULATED,NORMAL
2026-06-17T17:09:59.274680+00:00,DION_001,485705,-0.8184415863184469,SIMULATED,NORMAL
2026-06-17T17:09:59.285030+00:00,DION_001,485706,-0.4886457880349238,SIMULATED,NORMAL
2026-06-17T17:09:59.295365+00:00,DION_001,485707,-0.37939027244762075,SIMULATED,NORMAL
2026-06-17T17:09:59.305811+00:00,DION_001,485708,-0.4882746292308092,SIMULATED,NORMAL
2026-06-17T17:09:59.316301+00:00,DION_001,485709,-0.3764532671725169,SIMULATED,NORMAL
2026-06-17T17:09:59.326733+00:00,DION_001,485710,-0.14927496037096666,SIMULATED,NORMAL
2026-06-17T17:09:59.337047+00:00,DION_001,485711,-0.5222362647261345,SIMULATED,NORMAL
2026-06-17T17:09:59.347365+00:00,DION_001,485712,-0.3210649926472919,SIMULATED,NORMAL
2026-06-17T17:09:59.357662+00:00,DION_001,485713,-0.17158172346126904,SIMULATED,NORMAL
2026-06-17T17:09:59.368052+00:00,DION_001,485714,-0.5131756361272944,SIMULATED,NORMAL
2026-06-17T17:09:59.378512+00:00,DION_001,485715,-0.34494853680007526,SIMULATED,NORMAL
2026-06-17T17:09:59.388843+00:00,DION_001,485716,-0.08898652430332893,SIMULATED,NORMAL
2026-06-17T17:09:59.399261+00:00,DION_001,485717,-0.33785369931710335,SIMULATED,NORMAL
2026-06-17T17:09:59.409626+00:00,DION_001,485718,-0.22866288680980185,SIMULATED,NORMAL
2026-06-17T17:09:59.419948+00:00,DION_001,485719,-0.04897602463962589,SIMULATED,NORMAL
2026-06-17T17:09:59.430166+00:00,DION_001,485720,-0.5156522247271207,SIMULATED,NORMAL
2026-06-17T17:09:59.440382+00:00,DION_001,485721,-0.20465905149934047,SIMULATED,NORMAL
2026-06-17T17:09:59.450599+00:00,DION_001,485722,-0.2083349919842759,SIMULATED,NORMAL
2026-06-17T17:09:59.460939+00:00,DION_001,485723,-0.4467708965697781,SIMULATED,NORMAL
2026-06-17T17:09:59.471249+00:00,DION_001,485724,-0.4736230815523499,SIMULATED,NORMAL
2026-06-17T17:09:59.481468+00:00,DION_001,485725,-0.096699616838747,SIMULATED,NORMAL
2026-06-17T17:09:59.491756+00:00,DION_001,485726,-0.3012517462800425,SIMULATED,NORMAL
2026-06-17T17:09:59.502069+00:00,DION_001,485727,-0.18530572649943533,SIMULATED,NORMAL
2026-06-17T17:09:59.512419+00:00,DION_001,485728,-0.5365982970610595,SIMULATED,NORMAL
2026-06-17T17:09:59.522662+00:00,DION_001,485729,-0.14088936058757084,SIMULATED,NORMAL
2026-06-17T17:09:59.532933+00:00,DION_001,485730,-0.2827687644076673,SIMULATED,NORMAL
2026-06-17T17:09:59.543198+00:00,DION_001,485731,-0.3504636035489464,SIMULATED,NORMAL
2026-06-17T17:09:59.553415+00:00,DION_001,485732,-0.401112521799705,SIMULATED,NORMAL
2026-06-17T17:09:59.563612+00:00,DION_001,485733,-0.3199224540186974,SIMULATED,NORMAL
2026-06-17T17:09:59.573847+00:00,DION_001,485734,-0.5274842846260102,SIMULATED,NORMAL
2026-06-17T17:09:59.584052+00:00,DION_001,485735,-0.6201477166505965,SIMULATED,NORMAL
2026-06-17T17:09:59.594214+00:00,DION_001,485736,-0.566203722655668,SIMULATED,NORMAL
2026-06-17T17:09:59.604436+00:00,DION_001,485737,-0.3708708448733484,SIMULATED,NORMAL
2026-06-17T17:09:59.614655+00:00,DION_001,485738,-0.5560604387387708,SIMULATED,NORMAL
2026-06-17T17:09:59.624934+00:00,DION_001,485739,-0.6755415292131269,SIMULATED,NORMAL
2026-06-17T17:09:59.635111+00:00,DION_001,485740,-0.8268543196328597,SIMULATED,NORMAL
2026-06-17T17:09:59.645371+00:00,DION_001,485741,2.3924083557575053,SIMULATED,EVENT_DETECTED
2026-06-17T17:09:59.655749+00:00,DION_001,485742,-0.8553201582139079,SIMULATED,NORMAL
2026-06-17T17:09:59.666053+00:00,DION_001,485743,-0.7847707876803294,SIMULATED,NORMAL
2026-06-17T17:09:59.676326+00:00,DION_001,485744,-0.9883039800155982,SIMULATED,NORMAL
2026-06-17T17:09:59.686580+00:00,DION_001,485745,-0.8370423959904557,SIMULATED,NORMAL
2026-06-17T17:09:59.696806+00:00,DION_001,485746,-0.7545973870177303,SIMULATED,NORMAL
2026-06-17T17:09:59.707069+00:00,DION_001,485747,-0.5542761088083348,SIMULATED,NORMAL
2026-06-17T17:09:59.717407+00:00,DION_001,485748,-0.5503584921004571,SIMULATED,NORMAL
2026-06-17T17:09:59.727622+00:00,DION_001,485749,-0.8096840058410787,SIMULATED,NORMAL
2026-06-17T17:09:59.737950+00:00,DION_001,485750,-0.904206443740793,SIMULATED,NORMAL
2026-06-17T17:09:59.748276+00:00,DION_001,485751,-0.5797319440173154,SIMULATED,NORMAL
2026-06-17T17:09:59.758520+00:00,DION_001,485752,-0.8256503827051815,SIMULATED,NORMAL
2026-06-17T17:09:59.768798+00:00,DION_001,485753,-0.8388416470526785,SIMULATED,NORMAL
2026-06-17T17:09:59.779091+00:00,DION_001,485754,-0.7230923833661106,SIMULATED,NORMAL
2026-06-17T17:09:59.789404+00:00,DION_001,485755,-0.8910011901302642,SIMULATED,NORMAL
2026-06-17T17:09:59.799653+00:00,DION_001,485756,-0.6257002209927156,SIMULATED,NORMAL
2026-06-17T17:09:59.809926+00:00,DION_001,485757,-0.6510272700963724,SIMULATED,NORMAL
2026-06-17T17:09:59.820158+00:00,DION_001,485758,-0.49834007678516623,SIMULATED,NORMAL
2026-06-17T17:09:59.830409+00:00,DION_001,485759,-0.43384052657620814,SIMULATED,NORMAL
2026-06-17T17:09:59.840643+00:00,DION_001,485760,-0.6526916284466268,SIMULATED,NORMAL
2026-06-17T17:09:59.850867+00:00,DION_001,485761,-0.6453472566768639,SIMULATED,NORMAL
2026-06-17T17:09:59.861126+00:00,DION_001,485762,-0.2903718580795889,SIMULATED,NORMAL
2026-06-17T17:09:59.871449+00:00,DION_001,485763,-0.4092591205760193,SIMULATED,NORMAL
2026-06-17T17:09:59.881717+00:00,DION_001,485764,-0.36805932532268687,SIMULATED,NORMAL
2026-06-17T17:09:59.892206+00:00,DION_001,485765,-0.4735573601011361,SIMULATED,NORMAL
2026-06-17T17:09:59.902593+00:00,DION_001,485766,-0.5161299534629407,SIMULATED,NORMAL
2026-06-17T17:09:59.912887+00:00,DION_001,485767,-0.48075722479245,SIMULATED,NORMAL
2026-06-17T17:09:59.923159+00:00,DION_001,485768,-0.30143860417524976,SIMULATED,NORMAL
2026-06-17T17:09:59.933392+00:00,DION_001,485769,-0.2850421180742975,SIMULATED,NORMAL
2026-06-17T17:09:59.943667+00:00,DION_001,485770,-0.09008247821011531,SIMULATED,NORMAL
2026-06-17T17:09:59.953934+00:00,DION_001,485771,0.011890275537320943,SIMULATED,NORMAL
2026-06-17T17:09:59.964180+00:00,DION_001,485772,-0.11891343661583301,SIMULATED,NORMAL
2026-06-17T17:09:59.974381+00:00,DION_001,485773,-0.021760532034413027,SIMULATED,NORMAL
2026-06-17T17:09:59.984599+00:00,DION_001,485774,-0.24494136849332832,SIMULATED,NORMAL
2026-06-17T17:09:59.994822+00:00,DION_001,485775,0.09766008795405219,SIMULATED,NORMAL
2026-06-17T17:10:00.005031+00:00,DION_001,485776,-0.053476073404808845,SIMULATED,NORMAL
2026-06-17T17:10:00.015284+00:00,DION_001,485777,0.09935318134808065,SIMULATED,NORMAL
2026-06-17T17:10:00.025573+00:00,DION_001,485778,-0.08857331955979769,SIMULATED,NORMAL
2026-06-17T17:10:00.035803+00:00,DION_001,485779,0.19797134833666033,SIMULATED,NORMAL
2026-06-17T17:10:00.046059+00:00,DION_001,485780,0.11344595739825977,SIMULATED,NORMAL
2026-06-17T17:10:00.056333+00:00,DION_001,485781,0.10988287787181347,SIMULATED,NORMAL
2026-06-17T17:10:00.066662+00:00,DION_001,485782,0.2783888736800558,SIMULATED,NORMAL
2026-06-17T17:10:00.076920+00:00,DION_001,485783,0.4222045110065716,SIMULATED,NORMAL
2026-06-17T17:10:00.087161+00:00,DION_001,485784,0.46464939972411534,SIMULATED,NORMAL
2026-06-17T17:10:00.097411+00:00,DION_001,485785,0.5016509040139395,SIMULATED,NORMAL
2026-06-17T17:10:00.107682+00:00,DION_001,485786,0.4726318507566549,SIMULATED,NORMAL
2026-06-17T17:10:00.117913+00:00,DION_001,485787,0.48742307831176007,SIMULATED,NORMAL
2026-06-17T17:10:00.128098+00:00,DION_001,485788,0.4504272057942559,SIMULATED,NORMAL
2026-06-17T17:10:00.138447+00:00,DION_001,485789,0.5794586671129524,SIMULATED,NORMAL
2026-06-17T17:10:00.148818+00:00,DION_001,485790,0.79377184987408,SIMULATED,NORMAL
2026-06-17T17:10:00.159104+00:00,DION_001,485791,0.546320260706532,SIMULATED,NORMAL
2026-06-17T17:10:00.169373+00:00,DION_001,485792,0.5717445795591133,SIMULATED,NORMAL
2026-06-17T17:10:00.179684+00:00,DION_001,485793,0.6251441210983957,SIMULATED,NORMAL
2026-06-17T17:10:00.190051+00:00,DION_001,485794,0.5266170482141912,SIMULATED,NORMAL
2026-06-17T17:10:00.200496+00:00,DION_001,485795,0.7507965861606833,SIMULATED,NORMAL
2026-06-17T17:10:00.210845+00:00,DION_001,485796,0.5641937816280786,SIMULATED,NORMAL
2026-06-17T17:10:00.221090+00:00,DION_001,485797,-1.527332234381603,SIMULATED,NORMAL
2026-06-17T17:10:00.231402+00:00,DION_001,485798,0.57555757351088,SIMULATED,NORMAL
2026-06-17T17:10:00.241636+00:00,DION_001,485799,0.8792962945977238,SIMULATED,NORMAL
2026-06-17T17:10:00.251827+00:00,DION_001,485800,0.5947837483603737,SIMULATED,NORMAL
2026-06-17T17:10:00.262071+00:00,DION_001,485801,0.8752286031087145,SIMULATED,NORMAL
2026-06-17T17:10:00.272307+00:00,DION_001,485802,0.7330094907740066,SIMULATED,NORMAL
2026-06-17T17:10:00.282524+00:00,DION_001,485803,0.7151266025304504,SIMULATED,NORMAL
2026-06-17T17:10:00.292774+00:00,DION_001,485804,0.5789433000810892,SIMULATED,NORMAL
2026-06-17T17:10:00.303040+00:00,DION_001,485805,0.9411923175194779,SIMULATED,NORMAL
2026-06-17T17:10:00.313367+00:00,DION_001,485806,0.6328389159468085,SIMULATED,NORMAL
2026-06-17T17:10:00.323647+00:00,DION_001,485807,0.7098486648047987,SIMULATED,NORMAL
2026-06-17T17:10:00.333885+00:00,DION_001,485808,0.6398446654120076,SIMULATED,NORMAL
2026-06-17T17:10:00.344161+00:00,DION_001,485809,0.6403188754414805,SIMULATED,NORMAL
2026-06-17T17:10:00.354518+00:00,DION_001,485810,0.5831774237827505,SIMULATED,NORMAL
2026-06-17T17:10:00.364829+00:00,DION_001,485811,0.5385738509221868,SIMULATED,NORMAL
2026-06-17T17:10:00.375176+00:00,DION_001,485812,0.9102778190202154,SIMULATED,NORMAL
2026-06-17T17:10:00.385556+00:00,DION_001,485813,0.7470369146936695,SIMULATED,NORMAL
2026-06-17T17:10:00.395984+00:00,DION_001,485814,0.8338686035654049,SIMULATED,NORMAL
2026-06-17T17:10:00.406420+00:00,DION_001,485815,0.4514919741783882,SIMULATED,NORMAL
2026-06-17T17:10:00.416798+00:00,DION_001,485816,0.44610720499289075,SIMULATED,NORMAL
2026-06-17T17:10:00.427158+00:00,DION_001,485817,0.41547669914967994,SIMULATED,NORMAL
2026-06-17T17:10:00.437485+00:00,DION_001,485818,0.7489515514068537,SIMULATED,NORMAL
2026-06-17T17:10:00.447822+00:00,DION_001,485819,0.3281771467675404,SIMULATED,NORMAL
2026-06-17T17:10:00.458190+00:00,DION_001,485820,0.5592487277352968,SIMULATED,NORMAL
2026-06-17T17:10:00.468478+00:00,DION_001,485821,0.5597131027038611,SIMULATED,NORMAL
2026-06-17T17:10:00.478906+00:00,DION_001,485822,0.6478201920526753,SIMULATED,NORMAL
2026-06-17T17:10:00.489171+00:00,DION_001,485823,0.13992229815171314,SIMULATED,NORMAL
2026-06-17T17:10:00.499421+00:00,DION_001,485824,0.18355322279269246,SIMULATED,NORMAL
2026-06-17T17:10:00.509658+00:00,DION_001,485825,0.4448416820243897,SIMULATED,NORMAL
2026-06-17T17:10:00.519934+00:00,DION_001,485826,0.44631419990670435,SIMULATED,NORMAL
2026-06-17T17:10:00.530203+00:00,DION_001,485827,0.28887453730933355,SIMULATED,NORMAL
2026-06-17T17:10:00.540445+00:00,DION_001,485828,0.42512209071003026,SIMULATED,NORMAL
2026-06-17T17:10:00.550665+00:00,DION_001,485829,0.3069397691408103,SIMULATED,NORMAL
2026-06-17T17:10:00.560922+00:00,DION_001,485830,0.3430274376330867,SIMULATED,NORMAL
2026-06-17T17:10:00.571207+00:00,DION_001,485831,0.2176697473017547,SIMULATED,NORMAL
2026-06-17T17:10:00.581484+00:00,DION_001,485832,0.19002269433292654,SIMULATED,NORMAL
2026-06-17T17:10:00.591739+00:00,DION_001,485833,0.47759140467878214,SIMULATED,NORMAL
2026-06-17T17:10:00.601984+00:00,DION_001,485834,0.2240423628764136,SIMULATED,NORMAL
2026-06-17T17:10:00.612261+00:00,DION_001,485835,0.3193125929842695,SIMULATED,NORMAL
2026-06-17T17:10:00.622491+00:00,DION_001,485836,0.25620228722463534,SIMULATED,NORMAL
2026-06-17T17:10:00.632736+00:00,DION_001,485837,0.27246209027614104,SIMULATED,NORMAL
2026-06-17T17:10:00.642991+00:00,DION_001,485838,0.30733826182214824,SIMULATED,NORMAL
2026-06-17T17:10:00.653228+00:00,DION_001,485839,0.11867652198107748,SIMULATED,NORMAL
2026-06-17T17:10:00.663483+00:00,DION_001,485840,0.1678260033185845,SIMULATED,NORMAL
2026-06-17T17:10:00.673680+00:00,DION_001,485841,0.2361165378729786,SIMULATED,NORMAL
2026-06-17T17:10:00.684021+00:00,DION_001,485842,0.24191931696733318,SIMULATED,NORMAL
2026-06-17T17:10:00.694516+00:00,DION_001,485843,0.37612862519295776,SIMULATED,NORMAL
2026-06-17T17:10:00.704983+00:00,DION_001,485844,0.25921866433613205,SIMULATED,NORMAL
2026-06-17T17:10:00.715443+00:00,DION_001,485845,0.29810830373910946,SIMULATED,NORMAL
2026-06-17T17:10:00.725718+00:00,DION_001,485846,0.38771976111033524,SIMULATED,NORMAL
2026-06-17T17:10:00.736019+00:00,DION_001,485847,0.48075050011598164,SIMULATED,NORMAL
2026-06-17T17:10:00.746299+00:00,DION_001,485848,0.2822901532597768,SIMULATED,NORMAL
2026-06-17T17:10:00.756605+00:00,DION_001,485849,0.5109663627816339,SIMULATED,NORMAL
2026-06-17T17:10:00.766840+00:00,DION_001,485850,0.4055690877457371,SIMULATED,NORMAL
2026-06-17T17:10:00.777035+00:00,DION_001,485851,0.4401451582855832,SIMULATED,NORMAL
2026-06-17T17:10:00.787331+00:00,DION_001,485852,0.7539223587107617,SIMULATED,NORMAL
2026-06-17T17:10:00.797553+00:00,DION_001,485853,0.97138441995244,SIMULATED,NORMAL
2026-06-17T17:10:00.807771+00:00,DION_001,485854,0.7161628578802821,SIMULATED,NORMAL
2026-06-17T17:10:00.818044+00:00,DION_001,485855,0.7319100687486635,SIMULATED,NORMAL
2026-06-17T17:10:00.828268+00:00,DION_001,485856,0.5031101388660503,SIMULATED,NORMAL
2026-06-17T17:10:00.838585+00:00,DION_001,485857,0.8349231153075732,SIMULATED,NORMAL
2026-06-17T17:10:00.848871+00:00,DION_001,485858,0.9347819613583188,SIMULATED,NORMAL
2026-06-17T17:10:00.859137+00:00,DION_001,485859,-1.4507268727956735,SIMULATED,NORMAL
2026-06-17T17:10:00.869540+00:00,DION_001,485860,0.9629028165528521,SIMULATED,NORMAL
2026-06-17T17:10:00.879796+00:00,DION_001,485861,0.7442434304852086,SIMULATED,NORMAL
2026-06-17T17:10:00.890057+00:00,DION_001,485862,1.1344993768279206,SIMULATED,NORMAL
2026-06-17T17:10:00.900289+00:00,DION_001,485863,0.8907764305735998,SIMULATED,NORMAL
2026-06-17T17:10:00.910561+00:00,DION_001,485864,0.9445205168953654,SIMULATED,NORMAL
2026-06-17T17:10:00.920894+00:00,DION_001,485865,1.0633479016206187,SIMULATED,NORMAL
2026-06-17T17:10:00.931231+00:00,DION_001,485866,1.1836102368350039,SIMULATED,NORMAL
2026-06-17T17:10:00.941485+00:00,DION_001,485867,1.0891951871206336,SIMULATED,NORMAL
2026-06-17T17:10:00.951714+00:00,DION_001,485868,0.8063742863161301,SIMULATED,NORMAL
2026-06-17T17:10:00.962027+00:00,DION_001,485869,0.8519609997633887,SIMULATED,NORMAL
2026-06-17T17:10:00.972363+00:00,DION_001,485870,1.1853558618138642,SIMULATED,NORMAL
2026-06-17T17:10:00.982700+00:00,DION_001,485871,1.0959328394225027,SIMULATED,NORMAL
2026-06-17T17:10:00.992975+00:00,DION_001,485872,1.1033013543599808,SIMULATED,NORMAL
2026-06-17T17:10:01.003243+00:00,DION_001,485873,1.1890859605119948,SIMULATED,NORMAL
2026-06-17T17:10:01.013525+00:00,DION_001,485874,1.5452167571078108,SIMULATED,NORMAL
2026-06-17T17:10:01.023777+00:00,DION_001,485875,1.2039670849273856,SIMULATED,NORMAL
2026-06-17T17:10:01.034034+00:00,DION_001,485876,1.2590427547965792,SIMULATED,NORMAL
2026-06-17T17:10:01.044267+00:00,DION_001,485877,1.2389475712474327,SIMULATED,NORMAL
2026-06-17T17:10:01.054511+00:00,DION_001,485878,1.0137911642650996,SIMULATED,NORMAL
2026-06-17T17:10:01.064755+00:00,DION_001,485879,1.239385458413976,SIMULATED,NORMAL
2026-06-17T17:10:01.074982+00:00,DION_001,485880,1.2672468162045454,SIMULATED,NORMAL
2026-06-17T17:10:01.085246+00:00,DION_001,485881,1.165731067367009,SIMULATED,NORMAL
2026-06-17T17:10:01.095535+00:00,DION_001,485882,1.0124789677783146,SIMULATED,NORMAL
2026-06-17T17:10:01.105825+00:00,DION_001,485883,0.970474810017476,SIMULATED,NORMAL
2026-06-17T17:10:01.116091+00:00,DION_001,485884,1.0147115813505405,SIMULATED,NORMAL
2026-06-17T17:10:01.126331+00:00,DION_001,485885,0.9809652604663748,SIMULATED,NORMAL
2026-06-17T17:10:01.136607+00:00,DION_001,485886,1.1144640008870792,SIMULATED,NORMAL
2026-06-17T17:10:01.146922+00:00,DION_001,485887,1.2051606433888593,SIMULATED,NORMAL
2026-06-17T17:10:01.157147+00:00,DION_001,485888,0.9981811190056977,SIMULATED,NORMAL
2026-06-17T17:10:01.167412+00:00,DION_001,485889,1.0336967924786755,SIMULATED,NORMAL
2026-06-17T17:10:01.177587+00:00,DION_001,485890,0.887253303418467,SIMULATED,NORMAL
2026-06-17T17:10:01.187811+00:00,DION_001,485891,1.0226732737878361,SIMULATED,NORMAL
2026-06-17T17:10:01.198053+00:00,DION_001,485892,0.9712315509076237,SIMULATED,NORMAL
2026-06-17T17:10:01.208379+00:00,DION_001,485893,1.0485483271406388,SIMULATED,NORMAL
2026-06-17T17:10:01.218723+00:00,DION_001,485894,1.0612363253369974,SIMULATED,NORMAL
2026-06-17T17:10:01.229026+00:00,DION_001,485895,0.8361141781749852,SIMULATED,NORMAL
2026-06-17T17:10:01.239325+00:00,DION_001,485896,0.8442198469076193,SIMULATED,NORMAL
2026-06-17T17:10:01.249563+00:00,DION_001,485897,0.6927072668786299,SIMULATED,NORMAL
2026-06-17T17:10:01.259834+00:00,DION_001,485898,0.7363312735640527,SIMULATED,NORMAL
2026-06-17T17:10:01.270001+00:00,DION_001,485899,0.6079186021585417,SIMULATED,NORMAL
2026-06-17T17:10:01.280329+00:00,DION_001,485900,0.8241055786700017,SIMULATED,NORMAL
2026-06-17T17:10:01.290563+00:00,DION_001,485901,-1.2296494327657386,SIMULATED,NORMAL
2026-06-17T17:10:01.300897+00:00,DION_001,485902,0.44310349516672937,SIMULATED,NORMAL
2026-06-17T17:10:01.311249+00:00,DION_001,485903,0.5293362571324068,SIMULATED,NORMAL
2026-06-17T17:10:01.321471+00:00,DION_001,485904,0.3023645419045693,SIMULATED,NORMAL
2026-06-17T17:10:01.331683+00:00,DION_001,485905,0.28160037794957526,SIMULATED,NORMAL
2026-06-17T17:10:01.341874+00:00,DION_001,485906,0.6820900465825974,SIMULATED,NORMAL
2026-06-17T17:10:01.352182+00:00,DION_001,485907,0.8085143906205183,SIMULATED,NORMAL
2026-06-17T17:10:01.362531+00:00,DION_001,485908,0.427539977712421,SIMULATED,NORMAL
2026-06-17T17:10:01.372844+00:00,DION_001,485909,0.22556335214979845,SIMULATED,NORMAL
2026-06-17T17:10:01.383118+00:00,DION_001,485910,0.40107770350812877,SIMULATED,NORMAL
2026-06-17T17:10:01.393370+00:00,DION_001,485911,0.24233961271545096,SIMULATED,NORMAL
2026-06-17T17:10:01.403593+00:00,DION_001,485912,0.23853277548269836,SIMULATED,NORMAL
2026-06-17T17:10:01.413855+00:00,DION_001,485913,-0.03215805351427786,SIMULATED,NORMAL
2026-06-17T17:10:01.424068+00:00,DION_001,485914,0.4499629456898542,SIMULATED,NORMAL
2026-06-17T17:10:01.434324+00:00,DION_001,485915,0.23787633692032142,SIMULATED,NORMAL
2026-06-17T17:10:01.444785+00:00,DION_001,485916,0.45848167557251684,SIMULATED,NORMAL
2026-06-17T17:10:01.455184+00:00,DION_001,485917,0.2735678949552405,SIMULATED,NORMAL
2026-06-17T17:10:01.465489+00:00,DION_001,485918,0.36917110019512367,SIMULATED,NORMAL
2026-06-17T17:10:01.475915+00:00,DION_001,485919,0.43451911244238056,SIMULATED,NORMAL
2026-06-17T17:10:01.486199+00:00,DION_001,485920,0.10934908081400241,SIMULATED,NORMAL
2026-06-17T17:10:01.496613+00:00,DION_001,485921,0.29087478934450994,SIMULATED,NORMAL
2026-06-17T17:10:01.506974+00:00,DION_001,485922,0.04417244355102548,SIMULATED,NORMAL
2026-06-17T17:10:01.517451+00:00,DION_001,485923,0.16593147171301698,SIMULATED,NORMAL
2026-06-17T17:10:01.527788+00:00,DION_001,485924,-0.03571680808647404,SIMULATED,NORMAL
2026-06-17T17:10:01.538214+00:00,DION_001,485925,0.11334205127831805,SIMULATED,NORMAL
2026-06-17T17:10:01.548610+00:00,DION_001,485926,0.11200304713883867,SIMULATED,NORMAL
2026-06-17T17:10:01.558899+00:00,DION_001,485927,-0.013333028650045348,SIMULATED,NORMAL
2026-06-17T17:10:01.569204+00:00,DION_001,485928,0.24191518984691443,SIMULATED,NORMAL
2026-06-17T17:10:01.579448+00:00,DION_001,485929,0.450349105692573,SIMULATED,NORMAL
2026-06-17T17:10:01.589668+00:00,DION_001,485930,0.4242272733462927,SIMULATED,NORMAL
2026-06-17T17:10:01.599966+00:00,DION_001,485931,0.3096846426282015,SIMULATED,NORMAL
2026-06-17T17:10:01.610219+00:00,DION_001,485932,0.4284068464874141,SIMULATED,NORMAL
2026-06-17T17:10:01.620623+00:00,DION_001,485933,0.4288397367457277,SIMULATED,NORMAL
2026-06-17T17:10:01.631001+00:00,DION_001,485934,-0.033710100230699036,SIMULATED,NORMAL
2026-06-17T17:10:01.641306+00:00,DION_001,485935,0.46471103155012583,SIMULATED,NORMAL
2026-06-17T17:10:01.651756+00:00,DION_001,485936,0.4716355852269659,SIMULATED,NORMAL
2026-06-17T17:10:01.662139+00:00,DION_001,485937,0.5430635922901064,SIMULATED,NORMAL
2026-06-17T17:10:01.672390+00:00,DION_001,485938,0.6071793971908493,SIMULATED,NORMAL
2026-06-17T17:10:01.682638+00:00,DION_001,485939,0.5621558010474332,SIMULATED,NORMAL
2026-06-17T17:10:01.692974+00:00,DION_001,485940,0.1866227019036245,SIMULATED,NORMAL
2026-06-17T17:10:01.703303+00:00,DION_001,485941,0.4800623308645709,SIMULATED,NORMAL
2026-06-17T17:10:01.713555+00:00,DION_001,485942,0.6986288001331956,SIMULATED,NORMAL
2026-06-17T17:10:01.723841+00:00,DION_001,485943,0.45694983349783475,SIMULATED,NORMAL
2026-06-17T17:10:01.734050+00:00,DION_001,485944,0.5214314415236173,SIMULATED,NORMAL
2026-06-17T17:10:01.744285+00:00,DION_001,485945,0.44961850277343546,SIMULATED,NORMAL
2026-06-17T17:10:01.754753+00:00,DION_001,485946,0.4453838779946408,SIMULATED,NORMAL
2026-06-17T17:10:01.765148+00:00,DION_001,485947,0.46671857104090414,SIMULATED,NORMAL
2026-06-17T17:10:01.775523+00:00,DION_001,485948,0.542978014497154,SIMULATED,NORMAL
2026-06-17T17:10:01.785794+00:00,DION_001,485949,0.5305162947010639,SIMULATED,NORMAL
2026-06-17T17:10:01.796069+00:00,DION_001,485950,0.4077132085639187,SIMULATED,NORMAL
2026-06-17T17:10:01.806426+00:00,DION_001,485951,0.34149381218098324,SIMULATED,NORMAL
2026-06-17T17:10:01.816741+00:00,DION_001,485952,0.31388885405760386,SIMULATED,NORMAL
2026-06-17T17:10:01.826979+00:00,DION_001,485953,0.5718293082349304,SIMULATED,NORMAL
2026-06-17T17:10:01.837309+00:00,DION_001,485954,0.6215914615212886,SIMULATED,NORMAL
2026-06-17T17:10:01.847605+00:00,DION_001,485955,0.5716381367063308,SIMULATED,NORMAL
2026-06-17T17:10:01.857972+00:00,DION_001,485956,0.6711586252971583,SIMULATED,NORMAL
2026-06-17T17:10:01.868167+00:00,DION_001,485957,0.7409142994938844,SIMULATED,NORMAL
2026-06-17T17:10:01.878350+00:00,DION_001,485958,0.39911753984584275,SIMULATED,NORMAL
2026-06-17T17:10:01.888509+00:00,DION_001,485959,0.7704543574056231,SIMULATED,NORMAL
2026-06-17T17:10:01.898800+00:00,DION_001,485960,0.6478451271485888,SIMULATED,NORMAL
2026-06-17T17:10:01.909014+00:00,DION_001,485961,0.5213027771231367,SIMULATED,NORMAL
2026-06-17T17:10:01.919236+00:00,DION_001,485962,0.5169900267316562,SIMULATED,NORMAL
2026-06-17T17:10:01.929499+00:00,DION_001,485963,0.6176138584385128,SIMULATED,NORMAL
2026-06-17T17:10:01.939706+00:00,DION_001,485964,0.5183643808846358,SIMULATED,NORMAL
2026-06-17T17:10:01.950011+00:00,DION_001,485965,0.449205955482589,SIMULATED,NORMAL
2026-06-17T17:10:01.960205+00:00,DION_001,485966,0.49915358965218437,SIMULATED,NORMAL
2026-06-17T17:10:01.970395+00:00,DION_001,485967,0.26027803560786594,SIMULATED,NORMAL
2026-06-17T17:10:01.980723+00:00,DION_001,485968,0.4578031969951695,SIMULATED,NORMAL
2026-06-17T17:10:01.990968+00:00,DION_001,485969,0.052034609082426464,SIMULATED,NORMAL
2026-06-17T17:10:02.001312+00:00,DION_001,485970,0.27980946179358185,SIMULATED,NORMAL
2026-06-17T17:10:02.011577+00:00,DION_001,485971,0.15257364522021344,SIMULATED,NORMAL
2026-06-17T17:10:02.021796+00:00,DION_001,485972,0.3656443665177569,SIMULATED,NORMAL
2026-06-17T17:10:02.032031+00:00,DION_001,485973,-0.03722189603416132,SIMULATED,NORMAL
2026-06-17T17:10:02.042389+00:00,DION_001,485974,-0.021583601394008944,SIMULATED,NORMAL
2026-06-17T17:10:02.052698+00:00,DION_001,485975,0.3695370167472378,SIMULATED,NORMAL
2026-06-17T17:10:02.062980+00:00,DION_001,485976,0.02642619259766974,SIMULATED,NORMAL
2026-06-17T17:10:02.073251+00:00,DION_001,485977,-0.2692975362911604,SIMULATED,NORMAL
2026-06-17T17:10:02.083452+00:00,DION_001,485978,-0.3024934118542909,SIMULATED,NORMAL
2026-06-17T17:10:02.093778+00:00,DION_001,485979,-0.19100928001822937,SIMULATED,NORMAL
2026-06-17T17:10:02.104054+00:00,DION_001,485980,0.044858202806842384,SIMULATED,NORMAL
2026-06-17T17:10:02.114385+00:00,DION_001,485981,-0.24974266441915122,SIMULATED,NORMAL
2026-06-17T17:10:02.124620+00:00,DION_001,485982,-0.20125338748968558,SIMULATED,NORMAL
2026-06-17T17:10:02.134860+00:00,DION_001,485983,-0.41763105945835133,SIMULATED,NORMAL
2026-06-17T17:10:02.145131+00:00,DION_001,485984,-0.48031153717443803,SIMULATED,NORMAL
2026-06-17T17:10:02.155372+00:00,DION_001,485985,-0.5369083703716212,SIMULATED,NORMAL
2026-06-17T17:10:02.165585+00:00,DION_001,485986,-0.36263751364049673,SIMULATED,NORMAL
2026-06-17T17:10:02.175821+00:00,DION_001,485987,-0.7862595226497708,SIMULATED,NORMAL
2026-06-17T17:10:02.186104+00:00,DION_001,485988,-0.44553702214348,SIMULATED,NORMAL
2026-06-17T17:10:02.196386+00:00,DION_001,485989,-0.3262225366949155,SIMULATED,NORMAL
2026-06-17T17:10:02.206686+00:00,DION_001,485990,-0.7154516262294455,SIMULATED,NORMAL
2026-06-17T17:10:02.216957+00:00,DION_001,485991,-0.6901644551116088,SIMULATED,NORMAL
2026-06-17T17:10:02.227167+00:00,DION_001,485992,-0.8104677660514723,SIMULATED,NORMAL
2026-06-17T17:10:02.237398+00:00,DION_001,485993,-0.6861782723623453,SIMULATED,NORMAL
2026-06-17T17:10:02.247674+00:00,DION_001,485994,-0.5330611062707432,SIMULATED,NORMAL
2026-06-17T17:10:02.257840+00:00,DION_001,485995,-0.7879667608088852,SIMULATED,NORMAL
2026-06-17T17:10:02.268065+00:00,DION_001,485996,-0.7547279021254116,SIMULATED,NORMAL
2026-06-17T17:10:02.278286+00:00,DION_001,485997,-0.5753017222897093,SIMULATED,NORMAL
2026-06-17T17:10:02.288474+00:00,DION_001,485998,-0.9398585183204662,SIMULATED,NORMAL
2026-06-17T17:10:02.298733+00:00,DION_001,485999,-0.857532433143425,SIMULATED,NORMAL
2026-06-17T17:10:02.308937+00:00,DION_001,486000,-0.8910441099416389,SIMULATED,NORMAL
2026-06-17T17:10:02.319135+00:00,DION_001,486001,-0.916946298203089,SIMULATED,NORMAL
2026-06-17T17:10:02.329443+00:00,DION_001,486002,-0.524615439870928,SIMULATED,NORMAL
2026-06-17T17:10:02.339808+00:00,DION_001,486003,-1.0257492584481696,SIMULATED,NORMAL
2026-06-17T17:10:02.350136+00:00,DION_001,486004,-0.6938588602094277,SIMULATED,NORMAL
2026-06-17T17:10:02.360464+00:00,DION_001,486005,-0.8493593579677834,SIMULATED,NORMAL
2026-06-17T17:10:02.370936+00:00,DION_001,486006,-0.8100570756844037,SIMULATED,NORMAL
2026-06-17T17:10:02.381214+00:00,DION_001,486007,-0.7894549934502431,SIMULATED,NORMAL
2026-06-17T17:10:02.391464+00:00,DION_001,486008,-1.0613757177410803,SIMULATED,NORMAL
2026-06-17T17:10:02.401710+00:00,DION_001,486009,-0.9067547721448371,SIMULATED,NORMAL
2026-06-17T17:10:02.411944+00:00,DION_001,486010,-0.9210296827898389,SIMULATED,NORMAL
2026-06-17T17:10:02.422141+00:00,DION_001,486011,-0.6970649669069233,SIMULATED,NORMAL
2026-06-17T17:10:02.432352+00:00,DION_001,486012,-0.49348186547927947,SIMULATED,NORMAL
2026-06-17T17:10:02.442587+00:00,DION_001,486013,-0.7250133756728856,SIMULATED,NORMAL
2026-06-17T17:10:02.452754+00:00,DION_001,486014,-0.8710594715441433,SIMULATED,NORMAL
2026-06-17T17:10:02.462992+00:00,DION_001,486015,-0.5512442188536937,SIMULATED,NORMAL
2026-06-17T17:10:02.473282+00:00,DION_001,486016,-0.9470787241074567,SIMULATED,NORMAL
2026-06-17T17:10:02.483570+00:00,DION_001,486017,-0.55364841883595,SIMULATED,NORMAL
2026-06-17T17:10:02.493853+00:00,DION_001,486018,-0.41840060989795125,SIMULATED,NORMAL
2026-06-17T17:10:02.504103+00:00,DION_001,486019,-0.5068057201549077,SIMULATED,NORMAL
2026-06-17T17:10:02.514381+00:00,DION_001,486020,-0.678874304087133,SIMULATED,NORMAL
2026-06-17T17:10:02.524737+00:00,DION_001,486021,-0.29658911840745394,SIMULATED,NORMAL
2026-06-17T17:10:02.535158+00:00,DION_001,486022,-0.4862514810853442,SIMULATED,NORMAL
2026-06-17T17:10:02.545547+00:00,DION_001,486023,-0.6334937160582056,SIMULATED,NORMAL
2026-06-17T17:10:02.555868+00:00,DION_001,486024,-0.45194446396432286,SIMULATED,NORMAL
2026-06-17T17:10:02.566224+00:00,DION_001,486025,-0.34892735092901156,SIMULATED,NORMAL
2026-06-17T17:10:02.576742+00:00,DION_001,486026,-0.5502122989904175,SIMULATED,NORMAL
2026-06-17T17:10:02.587272+00:00,DION_001,486027,-0.069336797952534,SIMULATED,NORMAL
2026-06-17T17:10:02.597555+00:00,DION_001,486028,-0.18762256765165594,SIMULATED,NORMAL
2026-06-17T17:10:02.607839+00:00,DION_001,486029,-0.5385557071480848,SIMULATED,NORMAL
2026-06-17T17:10:02.618171+00:00,DION_001,486030,-0.39333215437998564,SIMULATED,NORMAL
2026-06-17T17:10:02.628470+00:00,DION_001,486031,-0.19919892451459398,SIMULATED,NORMAL
2026-06-17T17:10:02.638789+00:00,DION_001,486032,-0.2854105657334093,SIMULATED,NORMAL
2026-06-17T17:10:02.649067+00:00,DION_001,486033,-0.6072759925747255,SIMULATED,NORMAL
2026-06-17T17:10:02.659325+00:00,DION_001,486034,-0.23725797572192925,SIMULATED,NORMAL
2026-06-17T17:10:02.669603+00:00,DION_001,486035,-0.1479275057952101,SIMULATED,NORMAL
2026-06-17T17:10:02.679870+00:00,DION_001,486036,-0.5438797709377479,SIMULATED,NORMAL
2026-06-17T17:10:02.690112+00:00,DION_001,486037,-0.5134630276548766,SIMULATED,NORMAL
2026-06-17T17:10:02.700369+00:00,DION_001,486038,-0.08734491613911874,SIMULATED,NORMAL
2026-06-17T17:10:02.710638+00:00,DION_001,486039,-0.3865686848979999,SIMULATED,NORMAL
2026-06-17T17:10:02.720947+00:00,DION_001,486040,-0.2092837664261591,SIMULATED,NORMAL
2026-06-17T17:10:02.731185+00:00,DION_001,486041,-0.17975344225350176,SIMULATED,NORMAL
2026-06-17T17:10:02.741442+00:00,DION_001,486042,-0.31085148999915757,SIMULATED,NORMAL
2026-06-17T17:10:02.751708+00:00,DION_001,486043,-0.4066437930656595,SIMULATED,NORMAL
2026-06-17T17:10:02.762030+00:00,DION_001,486044,-0.42438934329066375,SIMULATED,NORMAL
2026-06-17T17:10:02.772409+00:00,DION_001,486045,-0.4504377048051845,SIMULATED,NORMAL
2026-06-17T17:10:02.782772+00:00,DION_001,486046,-0.5587636571110927,SIMULATED,NORMAL
2026-06-17T17:10:02.793046+00:00,DION_001,486047,-0.39021040461096274,SIMULATED,NORMAL
2026-06-17T17:10:02.803293+00:00,DION_001,486048,-0.27340377496799495,SIMULATED,NORMAL
2026-06-17T17:10:02.813551+00:00,DION_001,486049,-0.30509950009911757,SIMULATED,NORMAL
2026-06-17T17:10:02.823787+00:00,DION_001,486050,-0.40982961271183116,SIMULATED,NORMAL
2026-06-17T17:10:02.834012+00:00,DION_001,486051,-0.20705735157814553,SIMULATED,NORMAL
2026-06-17T17:10:02.844278+00:00,DION_001,486052,-0.6067380807387224,SIMULATED,NORMAL
2026-06-17T17:10:02.854551+00:00,DION_001,486053,-0.7420233434138527,SIMULATED,NORMAL
2026-06-17T17:10:02.864870+00:00,DION_001,486054,-0.4569904159841813,SIMULATED,NORMAL
2026-06-17T17:10:02.875162+00:00,DION_001,486055,-0.7962633333838229,SIMULATED,NORMAL
2026-06-17T17:10:02.885525+00:00,DION_001,486056,-0.7413361135078235,SIMULATED,NORMAL
2026-06-17T17:10:02.895859+00:00,DION_001,486057,-0.6225947159004905,SIMULATED,NORMAL
2026-06-17T17:10:02.906133+00:00,DION_001,486058,-0.8262251983701729,SIMULATED,NORMAL
2026-06-17T17:10:02.916464+00:00,DION_001,486059,-0.756093598569887,SIMULATED,NORMAL
2026-06-17T17:10:02.926808+00:00,DION_001,486060,-0.785925680219486,SIMULATED,NORMAL
2026-06-17T17:10:02.937062+00:00,DION_001,486061,-0.9657696264275394,SIMULATED,NORMAL
2026-06-17T17:10:02.947297+00:00,DION_001,486062,-0.9099094702463483,SIMULATED,NORMAL
2026-06-17T17:10:02.957517+00:00,DION_001,486063,-1.1251748541067668,SIMULATED,NORMAL
2026-06-17T17:10:02.967778+00:00,DION_001,486064,-0.7211952942881846,SIMULATED,NORMAL
2026-06-17T17:10:02.978057+00:00,DION_001,486065,-0.8629172492729944,SIMULATED,NORMAL
2026-06-17T17:10:02.988347+00:00,DION_001,486066,-1.0814060511986654,SIMULATED,NORMAL
2026-06-17T17:10:02.998566+00:00,DION_001,486067,-1.1309649421995551,SIMULATED,NORMAL
2026-06-17T17:10:03.008768+00:00,DION_001,486068,-0.9538122725426508,SIMULATED,NORMAL
2026-06-17T17:10:03.019018+00:00,DION_001,486069,-1.0661684426051965,SIMULATED,NORMAL
2026-06-17T17:10:03.029280+00:00,DION_001,486070,-1.0284840272972704,SIMULATED,NORMAL
2026-06-17T17:10:03.039540+00:00,DION_001,486071,-1.0085929074420328,SIMULATED,NORMAL
2026-06-17T17:10:03.049788+00:00,DION_001,486072,-1.1141216439224482,SIMULATED,NORMAL
2026-06-17T17:10:03.060034+00:00,DION_001,486073,-1.0468389558201838,SIMULATED,NORMAL
2026-06-17T17:10:03.070274+00:00,DION_001,486074,-1.1073879219296985,SIMULATED,NORMAL
2026-06-17T17:10:03.080604+00:00,DION_001,486075,-0.7204170027830381,SIMULATED,NORMAL
2026-06-17T17:10:03.090904+00:00,DION_001,486076,-1.0750149389135484,SIMULATED,NORMAL
2026-06-17T17:10:03.101173+00:00,DION_001,486077,-1.1824426834256414,SIMULATED,NORMAL
2026-06-17T17:10:03.111384+00:00,DION_001,486078,-1.3725939977597057,SIMULATED,NORMAL
2026-06-17T17:10:03.121601+00:00,DION_001,486079,-1.1358391115415516,SIMULATED,NORMAL
2026-06-17T17:10:03.131830+00:00,DION_001,486080,-1.3833442216347842,SIMULATED,NORMAL
2026-06-17T17:10:03.142099+00:00,DION_001,486081,-0.9902507388189424,SIMULATED,NORMAL
2026-06-17T17:10:03.152417+00:00,DION_001,486082,-1.3625415816103454,SIMULATED,NORMAL
2026-06-17T17:10:03.162726+00:00,DION_001,486083,-1.0282021309198401,SIMULATED,NORMAL
2026-06-17T17:10:03.173001+00:00,DION_001,486084,-1.406956576235771,SIMULATED,NORMAL
2026-06-17T17:10:03.183256+00:00,DION_001,486085,-1.030562189499591,SIMULATED,NORMAL
2026-06-17T17:10:03.193588+00:00,DION_001,486086,-1.1198821189386996,SIMULATED,NORMAL
2026-06-17T17:10:03.203913+00:00,DION_001,486087,-0.8968083301940003,SIMULATED,NORMAL
2026-06-17T17:10:03.214188+00:00,DION_001,486088,-0.8620030473522361,SIMULATED,NORMAL
2026-06-17T17:10:03.224404+00:00,DION_001,486089,-1.454064789938581,SIMULATED,NORMAL
2026-06-17T17:10:03.234656+00:00,DION_001,486090,-1.0315270421947038,SIMULATED,NORMAL
2026-06-17T17:10:03.245011+00:00,DION_001,486091,-1.2225235606035405,SIMULATED,NORMAL
2026-06-17T17:10:03.255263+00:00,DION_001,486092,-0.9850177697315853,SIMULATED,NORMAL
2026-06-17T17:10:03.265481+00:00,DION_001,486093,-1.1508370901870653,SIMULATED,NORMAL
2026-06-17T17:10:03.275678+00:00,DION_001,486094,-0.6594373481203777,SIMULATED,NORMAL
2026-06-17T17:10:03.285904+00:00,DION_001,486095,-0.8383951314065768,SIMULATED,NORMAL
2026-06-17T17:10:03.296201+00:00,DION_001,486096,-0.6894529575873274,SIMULATED,NORMAL
2026-06-17T17:10:03.306485+00:00,DION_001,486097,-0.8267578953667034,SIMULATED,NORMAL
2026-06-17T17:10:03.316754+00:00,DION_001,486098,-0.7139322619138023,SIMULATED,NORMAL
2026-06-17T17:10:03.327030+00:00,DION_001,486099,-0.7528057240029998,SIMULATED,NORMAL
2026-06-17T17:10:03.337274+00:00,DION_001,486100,-0.6088813323114445,SIMULATED,NORMAL
2026-06-17T17:10:03.347521+00:00,DION_001,486101,-0.9420730543082848,SIMULATED,NORMAL
2026-06-17T17:10:03.357735+00:00,DION_001,486102,-0.756529184554501,SIMULATED,NORMAL
2026-06-17T17:10:03.367963+00:00,DION_001,486103,-0.3305122355895145,SIMULATED,NORMAL
2026-06-17T17:10:03.378228+00:00,DION_001,486104,-0.3929583580376523,SIMULATED,NORMAL
2026-06-17T17:10:03.388440+00:00,DION_001,486105,-0.67244165203361,SIMULATED,NORMAL
2026-06-17T17:10:03.398714+00:00,DION_001,486106,2.0452620577224305,SIMULATED,EVENT_DETECTED
2026-06-17T17:10:03.409343+00:00,DION_001,486107,-0.5633062277352827,SIMULATED,NORMAL
2026-06-17T17:10:03.419643+00:00,DION_001,486108,-0.49600003694036965,SIMULATED,NORMAL
2026-06-17T17:10:03.429907+00:00,DION_001,486109,-0.523626288353489,SIMULATED,NORMAL
2026-06-17T17:10:03.440161+00:00,DION_001,486110,-0.24821948576628747,SIMULATED,NORMAL
2026-06-17T17:10:03.450441+00:00,DION_001,486111,-0.4493570568590239,SIMULATED,NORMAL
2026-06-17T17:10:03.460616+00:00,DION_001,486112,-2.310957405038544,SIMULATED,EVENT_DETECTED
2026-06-17T17:10:03.470899+00:00,DION_001,486113,-0.22588576226011312,SIMULATED,NORMAL
2026-06-17T17:10:03.481180+00:00,DION_001,486114,-0.25140846527888366,SIMULATED,NORMAL
2026-06-17T17:10:03.491353+00:00,DION_001,486115,-0.6300526811029505,SIMULATED,NORMAL
2026-06-17T17:10:03.501530+00:00,DION_001,486116,-0.12487068167333934,SIMULATED,NORMAL
2026-06-17T17:10:03.511730+00:00,DION_001,486117,-0.11446034642807079,SIMULATED,NORMAL
2026-06-17T17:10:03.521895+00:00,DION_001,486118,-0.29342765497277534,SIMULATED,NORMAL
2026-06-17T17:10:03.532122+00:00,DION_001,486119,-0.3006246028010288,SIMULATED,NORMAL
2026-06-17T17:10:03.542365+00:00,DION_001,486120,-0.18603113642131314,SIMULATED,NORMAL
2026-06-17T17:10:03.552673+00:00,DION_001,486121,0.03851839369588786,SIMULATED,NORMAL
2026-06-17T17:10:03.562985+00:00,DION_001,486122,-0.19799924875883296,SIMULATED,NORMAL
2026-06-17T17:10:03.573237+00:00,DION_001,486123,0.05342752951540561,SIMULATED,NORMAL
2026-06-17T17:10:03.583472+00:00,DION_001,486124,-0.22650834389769292,SIMULATED,NORMAL
2026-06-17T17:10:03.593764+00:00,DION_001,486125,-0.21844748187380933,SIMULATED,NORMAL
2026-06-17T17:10:03.604251+00:00,DION_001,486126,-0.3966071161143683,SIMULATED,NORMAL
2026-06-17T17:10:03.614535+00:00,DION_001,486127,0.015210238094661266,SIMULATED,NORMAL
2026-06-17T17:10:03.624829+00:00,DION_001,486128,-0.013067858890460929,SIMULATED,NORMAL
2026-06-17T17:10:03.635168+00:00,DION_001,486129,-0.27023797244291714,SIMULATED,NORMAL
2026-06-17T17:10:03.645571+00:00,DION_001,486130,-0.04330749856540499,SIMULATED,NORMAL
2026-06-17T17:10:03.655972+00:00,DION_001,486131,-0.14781446858146477,SIMULATED,NORMAL
2026-06-17T17:10:03.666410+00:00,DION_001,486132,-0.15573825158085244,SIMULATED,NORMAL
2026-06-17T17:10:03.676931+00:00,DION_001,486133,-0.08846689669769586,SIMULATED,NORMAL
2026-06-17T17:10:03.687274+00:00,DION_001,486134,-0.10199311673796166,SIMULATED,NORMAL
2026-06-17T17:10:03.697660+00:00,DION_001,486135,-0.27441506677877714,SIMULATED,NORMAL
2026-06-17T17:10:03.707952+00:00,DION_001,486136,-0.09742385411688098,SIMULATED,NORMAL
2026-06-17T17:10:03.718159+00:00,DION_001,486137,-0.3957969790330178,SIMULATED,NORMAL
2026-06-17T17:10:03.728363+00:00,DION_001,486138,-0.24012020840423065,SIMULATED,NORMAL
2026-06-17T17:10:03.738572+00:00,DION_001,486139,-0.28386693975480276,SIMULATED,NORMAL
2026-06-17T17:10:03.748936+00:00,DION_001,486140,-0.26822973349406487,SIMULATED,NORMAL
2026-06-17T17:10:03.759259+00:00,DION_001,486141,-0.49474934252305314,SIMULATED,NORMAL
2026-06-17T17:10:03.769502+00:00,DION_001,486142,-0.6035186752675938,SIMULATED,NORMAL
2026-06-17T17:10:03.779799+00:00,DION_001,486143,-0.43146202910479026,SIMULATED,NORMAL
2026-06-17T17:10:03.790097+00:00,DION_001,486144,-0.4848487317053014,SIMULATED,NORMAL
2026-06-17T17:10:03.800426+00:00,DION_001,486145,-0.19325737988495909,SIMULATED,NORMAL
2026-06-17T17:10:03.810750+00:00,DION_001,486146,-0.3001419308506984,SIMULATED,NORMAL
2026-06-17T17:10:03.821056+00:00,DION_001,486147,-0.3513239970646854,SIMULATED,NORMAL
2026-06-17T17:10:03.831394+00:00,DION_001,486148,-0.5250603055788439,SIMULATED,NORMAL
2026-06-17T17:10:03.841805+00:00,DION_001,486149,-0.43752607809580846,SIMULATED,NORMAL
2026-06-17T17:10:03.852091+00:00,DION_001,486150,-0.5233693428374309,SIMULATED,NORMAL
2026-06-17T17:10:03.862366+00:00,DION_001,486151,-0.1699197891060757,SIMULATED,NORMAL
2026-06-17T17:10:03.872630+00:00,DION_001,486152,-0.5104922332866506,SIMULATED,NORMAL
2026-06-17T17:10:03.882973+00:00,DION_001,486153,-0.6542801490386928,SIMULATED,NORMAL
2026-06-17T17:10:03.893187+00:00,DION_001,486154,-0.6723631267938559,SIMULATED,NORMAL
2026-06-17T17:10:03.903389+00:00,DION_001,486155,-0.38001913049070013,SIMULATED,NORMAL
2026-06-17T17:10:03.913618+00:00,DION_001,486156,-0.526035726334193,SIMULATED,NORMAL
2026-06-17T17:10:03.923869+00:00,DION_001,486157,-0.5760963740901716,SIMULATED,NORMAL
2026-06-17T17:10:03.934128+00:00,DION_001,486158,-0.4303784758546293,SIMULATED,NORMAL
2026-06-17T17:10:03.944349+00:00,DION_001,486159,-0.17663105230410864,SIMULATED,NORMAL
2026-06-17T17:10:03.954781+00:00,DION_001,486160,-0.3933971018000363,SIMULATED,NORMAL
2026-06-17T17:10:03.965172+00:00,DION_001,486161,-0.47675914105397116,SIMULATED,NORMAL
2026-06-17T17:10:03.975409+00:00,DION_001,486162,-2.6141161443400547,SIMULATED,EVENT_DETECTED
2026-06-17T17:10:03.985847+00:00,DION_001,486163,-0.4861850402629124,SIMULATED,NORMAL
2026-06-17T17:10:03.996119+00:00,DION_001,486164,-0.5245178584281048,SIMULATED,NORMAL
2026-06-17T17:10:04.006352+00:00,DION_001,486165,-0.18806216412071644,SIMULATED,NORMAL
2026-06-17T17:10:04.016542+00:00,DION_001,486166,-0.3469016358715368,SIMULATED,NORMAL
2026-06-17T17:10:04.026844+00:00,DION_001,486167,-0.4247497807099043,SIMULATED,NORMAL
2026-06-17T17:10:04.037138+00:00,DION_001,486168,-0.16163895562936537,SIMULATED,NORMAL
2026-06-17T17:10:04.047420+00:00,DION_001,486169,-0.19406865916381336,SIMULATED,NORMAL
2026-06-17T17:10:04.057647+00:00,DION_001,486170,-0.19875761960104082,SIMULATED,NORMAL
2026-06-17T17:10:04.067892+00:00,DION_001,486171,0.00041565230008538956,SIMULATED,NORMAL
2026-06-17T17:10:04.078106+00:00,DION_001,486172,-0.3264227231442871,SIMULATED,NORMAL
2026-06-17T17:10:04.088317+00:00,DION_001,486173,-0.1770368514522997,SIMULATED,NORMAL
2026-06-17T17:10:04.098557+00:00,DION_001,486174,0.07654678319644197,SIMULATED,NORMAL
2026-06-17T17:10:04.108853+00:00,DION_001,486175,-0.014928016171631295,SIMULATED,NORMAL
2026-06-17T17:10:04.119156+00:00,DION_001,486176,0.14572270769956094,SIMULATED,NORMAL
2026-06-17T17:10:04.129421+00:00,DION_001,486177,-0.10591018738924793,SIMULATED,NORMAL
2026-06-17T17:10:04.139676+00:00,DION_001,486178,0.04499840697260051,SIMULATED,NORMAL
2026-06-17T17:10:04.149929+00:00,DION_001,486179,0.08717302443447889,SIMULATED,NORMAL
2026-06-17T17:10:04.160160+00:00,DION_001,486180,0.30659503767628615,SIMULATED,NORMAL
2026-06-17T17:10:04.170371+00:00,DION_001,486181,0.37545495887071945,SIMULATED,NORMAL
2026-06-17T17:10:04.180592+00:00,DION_001,486182,0.24826734877494164,SIMULATED,NORMAL
2026-06-17T17:10:04.190806+00:00,DION_001,486183,0.416943003794109,SIMULATED,NORMAL
2026-06-17T17:10:04.201016+00:00,DION_001,486184,0.27300963619612717,SIMULATED,NORMAL
2026-06-17T17:10:04.211371+00:00,DION_001,486185,0.3875308346471927,SIMULATED,NORMAL
2026-06-17T17:10:04.221723+00:00,DION_001,486186,0.33356701137601075,SIMULATED,NORMAL
2026-06-17T17:10:04.232042+00:00,DION_001,486187,0.5915105382247791,SIMULATED,NORMAL
2026-06-17T17:10:04.242296+00:00,DION_001,486188,0.7078208566043903,SIMULATED,NORMAL
2026-06-17T17:10:04.252648+00:00,DION_001,486189,0.2852432394486084,SIMULATED,NORMAL
2026-06-17T17:10:04.263035+00:00,DION_001,486190,0.5578861646756639,SIMULATED,NORMAL
2026-06-17T17:10:04.273291+00:00,DION_001,486191,0.7215614485811284,SIMULATED,NORMAL
2026-06-17T17:10:04.283612+00:00,DION_001,486192,0.7389539603397222,SIMULATED,NORMAL
2026-06-17T17:10:04.293861+00:00,DION_001,486193,0.9382554747154684,SIMULATED,NORMAL
2026-06-17T17:10:04.304112+00:00,DION_001,486194,0.708802594273628,SIMULATED,NORMAL
2026-06-17T17:10:04.314407+00:00,DION_001,486195,0.5677473206320017,SIMULATED,NORMAL
2026-06-17T17:10:04.324703+00:00,DION_001,486196,0.6552540391011664,SIMULATED,NORMAL
2026-06-17T17:10:04.335020+00:00,DION_001,486197,0.7566711834389044,SIMULATED,NORMAL
2026-06-17T17:10:04.345305+00:00,DION_001,486198,0.8043251745470633,SIMULATED,NORMAL
2026-06-17T17:10:04.355543+00:00,DION_001,486199,0.9093984424343654,SIMULATED,NORMAL
2026-06-17T17:10:04.365780+00:00,DION_001,486200,-2.0031893958776203,SIMULATED,EVENT_DETECTED
2026-06-17T17:10:04.376185+00:00,DION_001,486201,0.8384127913415811,SIMULATED,NORMAL
2026-06-17T17:10:04.386471+00:00,DION_001,486202,0.7358575165180988,SIMULATED,NORMAL
2026-06-17T17:10:04.396746+00:00,DION_001,486203,0.6030118406943987,SIMULATED,NORMAL
2026-06-17T17:10:04.409945+00:00,DION_001,486204,0.8632770115365869,SIMULATED,NORMAL
2026-06-17T17:10:04.420444+00:00,DION_001,486205,0.9592013101865697,SIMULATED,NORMAL
2026-06-17T17:10:04.430851+00:00,DION_001,486206,1.064263012542282,SIMULATED,NORMAL
2026-06-17T17:10:04.441139+00:00,DION_001,486207,0.7615605702241021,SIMULATED,NORMAL
2026-06-17T17:10:04.451412+00:00,DION_001,486208,0.8226434337464696,SIMULATED,NORMAL
2026-06-17T17:10:04.461632+00:00,DION_001,486209,1.042562003139609,SIMULATED,NORMAL
2026-06-17T17:10:04.471849+00:00,DION_001,486210,0.5359528180863224,SIMULATED,NORMAL
2026-06-17T17:10:04.482130+00:00,DION_001,486211,0.7200871006773584,SIMULATED,NORMAL
2026-06-17T17:10:04.492460+00:00,DION_001,486212,0.7550365777475359,SIMULATED,NORMAL
2026-06-17T17:10:04.502829+00:00,DION_001,486213,0.5342975749384695,SIMULATED,NORMAL
2026-06-17T17:10:04.513159+00:00,DION_001,486214,0.6255119188628373,SIMULATED,NORMAL
2026-06-17T17:10:04.523420+00:00,DION_001,486215,0.726644417568925,SIMULATED,NORMAL
2026-06-17T17:10:04.533683+00:00,DION_001,486216,0.6613739627545757,SIMULATED,NORMAL
2026-06-17T17:10:04.543930+00:00,DION_001,486217,0.47689946343897127,SIMULATED,NORMAL
2026-06-17T17:10:04.554206+00:00,DION_001,486218,0.9598489729384077,SIMULATED,NORMAL
2026-06-17T17:10:04.564493+00:00,DION_001,486219,0.6956752410499151,SIMULATED,NORMAL
2026-06-17T17:10:04.574726+00:00,DION_001,486220,0.4944842511571147,SIMULATED,NORMAL
2026-06-17T17:10:04.584920+00:00,DION_001,486221,0.5797863290350902,SIMULATED,NORMAL
2026-06-17T17:10:04.595124+00:00,DION_001,486222,0.5547675059759143,SIMULATED,NORMAL
2026-06-17T17:10:04.605385+00:00,DION_001,486223,0.567369663266483,SIMULATED,NORMAL
2026-06-17T17:10:04.615611+00:00,DION_001,486224,0.7477374565105745,SIMULATED,NORMAL
2026-06-17T17:10:04.625892+00:00,DION_001,486225,0.46023733083193014,SIMULATED,NORMAL
2026-06-17T17:10:04.636179+00:00,DION_001,486226,0.637722288246123,SIMULATED,NORMAL
2026-06-17T17:10:04.646493+00:00,DION_001,486227,0.5910537658882107,SIMULATED,NORMAL
2026-06-17T17:10:04.656780+00:00,DION_001,486228,0.32175157172909574,SIMULATED,NORMAL
2026-06-17T17:10:04.667035+00:00,DION_001,486229,0.6206447058549744,SIMULATED,NORMAL
2026-06-17T17:10:04.677314+00:00,DION_001,486230,0.46726242877779856,SIMULATED,NORMAL
2026-06-17T17:10:04.687634+00:00,DION_001,486231,0.4359948124496135,SIMULATED,NORMAL
2026-06-17T17:10:04.697943+00:00,DION_001,486232,0.48174144484433823,SIMULATED,NORMAL
2026-06-17T17:10:04.708294+00:00,DION_001,486233,0.3667283102127458,SIMULATED,NORMAL
2026-06-17T17:10:04.718647+00:00,DION_001,486234,0.33772188559626076,SIMULATED,NORMAL
2026-06-17T17:10:04.729044+00:00,DION_001,486235,0.18961129847807093,SIMULATED,NORMAL
2026-06-17T17:10:04.739387+00:00,DION_001,486236,0.3418478449664713,SIMULATED,NORMAL
2026-06-17T17:10:04.749759+00:00,DION_001,486237,0.32722505567989335,SIMULATED,NORMAL
2026-06-17T17:10:04.760188+00:00,DION_001,486238,0.4706493837473845,SIMULATED,NORMAL
2026-06-17T17:10:04.770550+00:00,DION_001,486239,0.4012413542716633,SIMULATED,NORMAL
2026-06-17T17:10:04.780850+00:00,DION_001,486240,0.3114242848844596,SIMULATED,NORMAL
2026-06-17T17:10:04.791147+00:00,DION_001,486241,0.3406117532721023,SIMULATED,NORMAL
2026-06-17T17:10:04.801481+00:00,DION_001,486242,0.4180055081603191,SIMULATED,NORMAL
2026-06-17T17:10:04.811748+00:00,DION_001,486243,0.38186949506343865,SIMULATED,NORMAL
2026-06-17T17:10:04.821994+00:00,DION_001,486244,0.40298076660225396,SIMULATED,NORMAL
2026-06-17T17:10:04.832244+00:00,DION_001,486245,0.2117959129191788,SIMULATED,NORMAL
2026-06-17T17:10:04.842478+00:00,DION_001,486246,0.5699787750707024,SIMULATED,NORMAL
2026-06-17T17:10:04.852714+00:00,DION_001,486247,0.49702936931504815,SIMULATED,NORMAL
2026-06-17T17:10:04.862956+00:00,DION_001,486248,0.45660654328788275,SIMULATED,NORMAL
2026-06-17T17:10:04.873198+00:00,DION_001,486249,0.3714881733739329,SIMULATED,NORMAL
2026-06-17T17:10:04.883418+00:00,DION_001,486250,0.4936272923899948,SIMULATED,NORMAL
2026-06-17T17:10:04.893652+00:00,DION_001,486251,0.741042860584463,SIMULATED,NORMAL
2026-06-17T17:10:04.904237+00:00,DION_001,486252,0.7400394294459788,SIMULATED,NORMAL
2026-06-17T17:10:04.914630+00:00,DION_001,486253,0.4756738293124421,SIMULATED,NORMAL
2026-06-17T17:10:04.924931+00:00,DION_001,486254,0.5719984526397658,SIMULATED,NORMAL
2026-06-17T17:10:04.935177+00:00,DION_001,486255,0.4835085071776738,SIMULATED,NORMAL
2026-06-17T17:10:04.945419+00:00,DION_001,486256,0.5591018428964687,SIMULATED,NORMAL
2026-06-17T17:10:04.955640+00:00,DION_001,486257,0.8205423073030834,SIMULATED,NORMAL
2026-06-17T17:10:04.965886+00:00,DION_001,486258,0.8468600954141948,SIMULATED,NORMAL
2026-06-17T17:10:04.976150+00:00,DION_001,486259,0.65025654503857,SIMULATED,NORMAL
2026-06-17T17:10:04.986450+00:00,DION_001,486260,1.0109661090810205,SIMULATED,NORMAL
2026-06-17T17:10:04.996748+00:00,DION_001,486261,0.7659416920955054,SIMULATED,NORMAL
2026-06-17T17:10:05.006980+00:00,DION_001,486262,0.9934192560731122,SIMULATED,NORMAL
2026-06-17T17:10:05.017250+00:00,DION_001,486263,0.9305985204349061,SIMULATED,NORMAL
2026-06-17T17:10:05.027530+00:00,DION_001,486264,0.8593208519941964,SIMULATED,NORMAL
2026-06-17T17:10:05.037851+00:00,DION_001,486265,0.920151220895434,SIMULATED,NORMAL
2026-06-17T17:10:05.048167+00:00,DION_001,486266,0.8213145329119225,SIMULATED,NORMAL
2026-06-17T17:10:05.058437+00:00,DION_001,486267,0.8036858049336814,SIMULATED,NORMAL
2026-06-17T17:10:05.068786+00:00,DION_001,486268,1.206035668720376,SIMULATED,NORMAL
2026-06-17T17:10:05.079008+00:00,DION_001,486269,0.9840469618112734,SIMULATED,NORMAL
2026-06-17T17:10:05.089275+00:00,DION_001,486270,1.0601835546970293,SIMULATED,NORMAL
2026-06-17T17:10:05.099572+00:00,DION_001,486271,1.2798440570366736,SIMULATED,NORMAL
2026-06-17T17:10:05.109860+00:00,DION_001,486272,1.0829220854143173,SIMULATED,NORMAL
2026-06-17T17:10:05.120186+00:00,DION_001,486273,1.112659452092674,SIMULATED,NORMAL
2026-06-17T17:10:05.130465+00:00,DION_001,486274,0.8174558468146549,SIMULATED,NORMAL
2026-06-17T17:10:05.140701+00:00,DION_001,486275,1.0969541180424938,SIMULATED,NORMAL
2026-06-17T17:10:05.150915+00:00,DION_001,486276,1.22997681672276,SIMULATED,NORMAL
2026-06-17T17:10:05.161191+00:00,DION_001,486277,0.9314262697743919,SIMULATED,NORMAL
2026-06-17T17:10:05.171467+00:00,DION_001,486278,1.520330448793745,SIMULATED,NORMAL
2026-06-17T17:10:05.181817+00:00,DION_001,486279,1.4719537048795912,SIMULATED,NORMAL
2026-06-17T17:10:05.192084+00:00,DION_001,486280,1.1268391869835146,SIMULATED,NORMAL
2026-06-17T17:10:05.202346+00:00,DION_001,486281,1.1572133821993857,SIMULATED,NORMAL
2026-06-17T17:10:05.212585+00:00,DION_001,486282,1.1044179292273766,SIMULATED,NORMAL
2026-06-17T17:10:05.222865+00:00,DION_001,486283,1.2524696338318029,SIMULATED,NORMAL
2026-06-17T17:10:05.233134+00:00,DION_001,486284,1.1305463099028719,SIMULATED,NORMAL
2026-06-17T17:10:05.243393+00:00,DION_001,486285,1.5020613282353934,SIMULATED,NORMAL
2026-06-17T17:10:05.253634+00:00,DION_001,486286,1.1435486327070388,SIMULATED,NORMAL
2026-06-17T17:10:05.263869+00:00,DION_001,486287,1.0067163552695935,SIMULATED,NORMAL
2026-06-17T17:10:05.274123+00:00,DION_001,486288,1.2501523938399517,SIMULATED,NORMAL
2026-06-17T17:10:05.284370+00:00,DION_001,486289,1.2435758479861156,SIMULATED,NORMAL
2026-06-17T17:10:05.294651+00:00,DION_001,486290,1.1475651055447291,SIMULATED,NORMAL
2026-06-17T17:10:05.304883+00:00,DION_001,486291,0.9464149119748555,SIMULATED,NORMAL
2026-06-17T17:10:05.315188+00:00,DION_001,486292,0.6905149656691202,SIMULATED,NORMAL
2026-06-17T17:10:05.325500+00:00,DION_001,486293,1.0234412799824641,SIMULATED,NORMAL
2026-06-17T17:10:05.335768+00:00,DION_001,486294,0.9982908281959607,SIMULATED,NORMAL
2026-06-17T17:10:05.346054+00:00,DION_001,486295,0.9955483527042994,SIMULATED,NORMAL
2026-06-17T17:10:05.356301+00:00,DION_001,486296,0.9696201529549356,SIMULATED,NORMAL
2026-06-17T17:10:05.366553+00:00,DION_001,486297,1.0523350226126635,SIMULATED,NORMAL
2026-06-17T17:10:05.376772+00:00,DION_001,486298,0.6521230440279918,SIMULATED,NORMAL
2026-06-17T17:10:05.387015+00:00,DION_001,486299,0.8450488726869153,SIMULATED,NORMAL
2026-06-17T17:10:05.397242+00:00,DION_001,486300,0.7846172384995448,SIMULATED,NORMAL
2026-06-17T17:10:05.407468+00:00,DION_001,486301,0.9420749904580764,SIMULATED,NORMAL
2026-06-17T17:10:05.417678+00:00,DION_001,486302,0.6923246758902083,SIMULATED,NORMAL
2026-06-17T17:10:05.427939+00:00,DION_001,486303,0.7882709766800483,SIMULATED,NORMAL
2026-06-17T17:10:05.438269+00:00,DION_001,486304,0.6136669528355415,SIMULATED,NORMAL
2026-06-17T17:10:05.448614+00:00,DION_001,486305,0.6715934309622014,SIMULATED,NORMAL
2026-06-17T17:10:05.458900+00:00,DION_001,486306,0.671473727295825,SIMULATED,NORMAL
2026-06-17T17:10:05.469178+00:00,DION_001,486307,0.48860787272292344,SIMULATED,NORMAL
2026-06-17T17:10:05.479466+00:00,DION_001,486308,0.22398776999127462,SIMULATED,NORMAL
2026-06-17T17:10:05.489720+00:00,DION_001,486309,0.4885237598286659,SIMULATED,NORMAL
2026-06-17T17:10:05.499991+00:00,DION_001,486310,0.3013539911516992,SIMULATED,NORMAL
2026-06-17T17:10:05.510275+00:00,DION_001,486311,0.3973523356005045,SIMULATED,NORMAL
2026-06-17T17:10:05.520473+00:00,DION_001,486312,0.1564142924755638,SIMULATED,NORMAL
2026-06-17T17:10:05.530817+00:00,DION_001,486313,0.19548994456334826,SIMULATED,NORMAL
2026-06-17T17:10:05.541109+00:00,DION_001,486314,0.25783349888527224,SIMULATED,NORMAL
2026-06-17T17:10:05.551368+00:00,DION_001,486315,0.3714397935583028,SIMULATED,NORMAL
2026-06-17T17:10:05.561627+00:00,DION_001,486316,0.13231999693260588,SIMULATED,NORMAL
2026-06-17T17:10:05.571912+00:00,DION_001,486317,-0.31749295564586943,SIMULATED,NORMAL
2026-06-17T17:10:05.582244+00:00,DION_001,486318,0.019663642307215623,SIMULATED,NORMAL
2026-06-17T17:10:05.592525+00:00,DION_001,486319,0.1273305895467889,SIMULATED,NORMAL
2026-06-17T17:10:05.602807+00:00,DION_001,486320,0.16460523050048576,SIMULATED,NORMAL
2026-06-17T17:10:05.613086+00:00,DION_001,486321,-0.21019803026747386,SIMULATED,NORMAL
2026-06-17T17:10:05.623354+00:00,DION_001,486322,0.1732912629395974,SIMULATED,NORMAL
2026-06-17T17:10:05.633578+00:00,DION_001,486323,-0.009651225478379877,SIMULATED,NORMAL
2026-06-17T17:10:05.643820+00:00,DION_001,486324,-0.0730032171732815,SIMULATED,NORMAL
2026-06-17T17:10:05.654072+00:00,DION_001,486325,0.052042672681161875,SIMULATED,NORMAL
2026-06-17T17:10:05.664312+00:00,DION_001,486326,-0.07173141249300914,SIMULATED,NORMAL
2026-06-17T17:10:05.674543+00:00,DION_001,486327,0.050487047880155546,SIMULATED,NORMAL
2026-06-17T17:10:05.684771+00:00,DION_001,486328,0.07407274638078129,SIMULATED,NORMAL
2026-06-17T17:10:05.695157+00:00,DION_001,486329,0.020911312600562476,SIMULATED,NORMAL
2026-06-17T17:10:05.705436+00:00,DION_001,486330,0.12782865049670208,SIMULATED,NORMAL
2026-06-17T17:10:05.715723+00:00,DION_001,486331,0.2651451804471274,SIMULATED,NORMAL
2026-06-17T17:10:05.726103+00:00,DION_001,486332,0.06288098263175546,SIMULATED,NORMAL
2026-06-17T17:10:05.736539+00:00,DION_001,486333,0.09193392045571872,SIMULATED,NORMAL
2026-06-17T17:10:05.747074+00:00,DION_001,486334,0.16802507891727408,SIMULATED,NORMAL
2026-06-17T17:10:05.757463+00:00,DION_001,486335,0.32449845095743435,SIMULATED,NORMAL
2026-06-17T17:10:05.767798+00:00,DION_001,486336,0.18940752673506783,SIMULATED,NORMAL
2026-06-17T17:10:05.778053+00:00,DION_001,486337,0.0385483822140779,SIMULATED,NORMAL
2026-06-17T17:10:05.788448+00:00,DION_001,486338,0.06494125233607315,SIMULATED,NORMAL
2026-06-17T17:10:05.798881+00:00,DION_001,486339,0.032407664803984645,SIMULATED,NORMAL
2026-06-17T17:10:05.809344+00:00,DION_001,486340,-0.01027924802018279,SIMULATED,NORMAL
2026-06-17T17:10:05.819824+00:00,DION_001,486341,0.24317106412484452,SIMULATED,NORMAL
2026-06-17T17:10:05.830231+00:00,DION_001,486342,0.29803458800109395,SIMULATED,NORMAL
2026-06-17T17:10:05.840601+00:00,DION_001,486343,-0.0393607119229559,SIMULATED,NORMAL
2026-06-17T17:10:05.851004+00:00,DION_001,486344,0.1910462342015575,SIMULATED,NORMAL
2026-06-17T17:10:05.861384+00:00,DION_001,486345,0.27060800489460723,SIMULATED,NORMAL
2026-06-17T17:10:05.871870+00:00,DION_001,486346,0.26951764468804607,SIMULATED,NORMAL
2026-06-17T17:10:05.882384+00:00,DION_001,486347,0.5175001439006345,SIMULATED,NORMAL
2026-06-17T17:10:05.892695+00:00,DION_001,486348,0.3822850842937906,SIMULATED,NORMAL
2026-06-17T17:10:05.903010+00:00,DION_001,486349,0.544548633161415,SIMULATED,NORMAL
2026-06-17T17:10:05.913309+00:00,DION_001,486350,0.555190420883195,SIMULATED,NORMAL
2026-06-17T17:10:05.923606+00:00,DION_001,486351,0.1740040332707857,SIMULATED,NORMAL
2026-06-17T17:10:05.933919+00:00,DION_001,486352,0.2621734535931227,SIMULATED,NORMAL
2026-06-17T17:10:05.944259+00:00,DION_001,486353,0.3880824751242143,SIMULATED,NORMAL
2026-06-17T17:10:05.954604+00:00,DION_001,486354,0.34621931434135256,SIMULATED,NORMAL
2026-06-17T17:10:05.964859+00:00,DION_001,486355,0.49659586358295893,SIMULATED,NORMAL
2026-06-17T17:10:05.975114+00:00,DION_001,486356,0.40516813174440647,SIMULATED,NORMAL
2026-06-17T17:10:05.985429+00:00,DION_001,486357,0.2763709256598964,SIMULATED,NORMAL
2026-06-17T17:10:05.995777+00:00,DION_001,486358,0.4907358320405859,SIMULATED,NORMAL
2026-06-17T17:10:06.006227+00:00,DION_001,486359,0.3238768199283031,SIMULATED,NORMAL
2026-06-17T17:10:06.016510+00:00,DION_001,486360,0.041328802732377656,SIMULATED,NORMAL
2026-06-17T17:10:06.026883+00:00,DION_001,486361,0.330634940090011,SIMULATED,NORMAL
2026-06-17T17:10:06.037121+00:00,DION_001,486362,0.4894701772151636,SIMULATED,NORMAL
2026-06-17T17:10:06.047358+00:00,DION_001,486363,0.2816172932243265,SIMULATED,NORMAL
2026-06-17T17:10:06.057574+00:00,DION_001,486364,0.37649155583806576,SIMULATED,NORMAL
2026-06-17T17:10:06.067761+00:00,DION_001,486365,0.3182667427692046,SIMULATED,NORMAL
2026-06-17T17:10:06.078024+00:00,DION_001,486366,0.45098816846193157,SIMULATED,NORMAL
2026-06-17T17:10:06.088349+00:00,DION_001,486367,0.6117061559295482,SIMULATED,NORMAL
2026-06-17T17:10:06.098568+00:00,DION_001,486368,0.25334823331983203,SIMULATED,NORMAL
2026-06-17T17:10:06.108741+00:00,DION_001,486369,0.1980833721312754,SIMULATED,NORMAL
2026-06-17T17:10:06.118891+00:00,DION_001,486370,0.5093233526670025,SIMULATED,NORMAL
2026-06-17T17:10:06.129063+00:00,DION_001,486371,-0.018997771853276946,SIMULATED,NORMAL
2026-06-17T17:10:06.139225+00:00,DION_001,486372,0.15160202986139001,SIMULATED,NORMAL
2026-06-17T17:10:06.149458+00:00,DION_001,486373,0.10055823281078971,SIMULATED,NORMAL
2026-06-17T17:10:06.159731+00:00,DION_001,486374,0.0053681729896429345,SIMULATED,NORMAL
2026-06-17T17:10:06.170065+00:00,DION_001,486375,0.0924807418532407,SIMULATED,NORMAL
2026-06-17T17:10:06.180366+00:00,DION_001,486376,0.14995436226604347,SIMULATED,NORMAL
2026-06-17T17:10:06.190569+00:00,DION_001,486377,0.08654988974079925,SIMULATED,NORMAL
2026-06-17T17:10:06.200832+00:00,DION_001,486378,0.0817757357081039,SIMULATED,NORMAL
2026-06-17T17:10:06.211069+00:00,DION_001,486379,-0.36354628934227506,SIMULATED,NORMAL
2026-06-17T17:10:06.221313+00:00,DION_001,486380,-0.03657117117660996,SIMULATED,NORMAL
2026-06-17T17:10:06.231517+00:00,DION_001,486381,-0.18297427467103802,SIMULATED,NORMAL
2026-06-17T17:10:06.241713+00:00,DION_001,486382,-0.29842815899360287,SIMULATED,NORMAL
2026-06-17T17:10:06.251976+00:00,DION_001,486383,-0.38529260497463047,SIMULATED,NORMAL
2026-06-17T17:10:06.262224+00:00,DION_001,486384,-0.37484756016042686,SIMULATED,NORMAL
2026-06-17T17:10:06.272441+00:00,DION_001,486385,-0.4465786148816162,SIMULATED,NORMAL
2026-06-17T17:10:06.282670+00:00,DION_001,486386,-0.42821613034110156,SIMULATED,NORMAL
2026-06-17T17:10:06.292970+00:00,DION_001,486387,-0.7569136943500271,SIMULATED,NORMAL
2026-06-17T17:10:06.303283+00:00,DION_001,486388,-0.8465746989820369,SIMULATED,NORMAL
2026-06-17T17:10:06.313566+00:00,DION_001,486389,-0.42595207485113185,SIMULATED,NORMAL
2026-06-17T17:10:06.323815+00:00,DION_001,486390,-0.43979042915242117,SIMULATED,NORMAL
2026-06-17T17:10:06.334058+00:00,DION_001,486391,-2.6337365362960057,SIMULATED,EVENT_DETECTED
2026-06-17T17:10:06.344430+00:00,DION_001,486392,-0.533610441153048,SIMULATED,NORMAL
2026-06-17T17:10:06.354666+00:00,DION_001,486393,-0.7404283939549314,SIMULATED,NORMAL
2026-06-17T17:10:06.364869+00:00,DION_001,486394,-0.5664682881863388,SIMULATED,NORMAL
2026-06-17T17:10:06.375176+00:00,DION_001,486395,-0.8803160027353655,SIMULATED,NORMAL
2026-06-17T17:10:06.385438+00:00,DION_001,486396,-0.927385378835679,SIMULATED,NORMAL
2026-06-17T17:10:06.395666+00:00,DION_001,486397,-0.7043102482310822,SIMULATED,NORMAL
2026-06-17T17:10:06.405925+00:00,DION_001,486398,-0.9332845502410103,SIMULATED,NORMAL
2026-06-17T17:10:06.416183+00:00,DION_001,486399,-0.9344029209175047,SIMULATED,NORMAL
2026-06-17T17:10:06.426531+00:00,DION_001,486400,-0.6147902353238703,SIMULATED,NORMAL
2026-06-17T17:10:06.436898+00:00,DION_001,486401,-0.8347686144523826,SIMULATED,NORMAL
2026-06-17T17:10:06.447139+00:00,DION_001,486402,-0.75901482843221,SIMULATED,NORMAL
2026-06-17T17:10:06.457406+00:00,DION_001,486403,-0.9550378696601851,SIMULATED,NORMAL
2026-06-17T17:10:06.467684+00:00,DION_001,486404,-1.0564080073267335,SIMULATED,NORMAL
2026-06-17T17:10:06.477963+00:00,DION_001,486405,-0.851480018866321,SIMULATED,NORMAL
2026-06-17T17:10:06.488291+00:00,DION_001,486406,-0.64944529498861,SIMULATED,NORMAL
2026-06-17T17:10:06.498578+00:00,DION_001,486407,-1.1345382599321072,SIMULATED,NORMAL
2026-06-17T17:10:06.508799+00:00,DION_001,486408,-1.035615090572423,SIMULATED,NORMAL
2026-06-17T17:10:06.518983+00:00,DION_001,486409,-1.0004151001030195,SIMULATED,NORMAL
2026-06-17T17:10:06.529227+00:00,DION_001,486410,-1.1353916973912013,SIMULATED,NORMAL
2026-06-17T17:10:06.539611+00:00,DION_001,486411,-1.054029836336513,SIMULATED,NORMAL
2026-06-17T17:10:06.549929+00:00,DION_001,486412,-0.870231574699372,SIMULATED,NORMAL
2026-06-17T17:10:06.560197+00:00,DION_001,486413,-1.1723059653463495,SIMULATED,NORMAL
2026-06-17T17:10:06.570451+00:00,DION_001,486414,-1.0176403166662313,SIMULATED,NORMAL
2026-06-17T17:10:06.580743+00:00,DION_001,486415,-0.7156701862098598,SIMULATED,NORMAL
2026-06-17T17:10:06.591009+00:00,DION_001,486416,-0.764941840392474,SIMULATED,NORMAL
2026-06-17T17:10:06.601296+00:00,DION_001,486417,-0.8271562170936531,SIMULATED,NORMAL
2026-06-17T17:10:06.611554+00:00,DION_001,486418,-0.8094713402904712,SIMULATED,NORMAL
2026-06-17T17:10:06.621794+00:00,DION_001,486419,-0.7565404287815478,SIMULATED,NORMAL
2026-06-17T17:10:06.632042+00:00,DION_001,486420,-0.880184133508586,SIMULATED,NORMAL
2026-06-17T17:10:06.642273+00:00,DION_001,486421,-0.701592192183,SIMULATED,NORMAL
2026-06-17T17:10:06.652500+00:00,DION_001,486422,-0.829314220946058,SIMULATED,NORMAL
2026-06-17T17:10:06.662797+00:00,DION_001,486423,-0.8449688432560682,SIMULATED,NORMAL
2026-06-17T17:10:06.673015+00:00,DION_001,486424,-0.7469377669388777,SIMULATED,NORMAL
2026-06-17T17:10:06.683269+00:00,DION_001,486425,-0.6514941061318325,SIMULATED,NORMAL
2026-06-17T17:10:06.693608+00:00,DION_001,486426,-0.91145404853162,SIMULATED,NORMAL
2026-06-17T17:10:06.703970+00:00,DION_001,486427,-0.505863808937932,SIMULATED,NORMAL
2026-06-17T17:10:06.714429+00:00,DION_001,486428,-0.5174514408666926,SIMULATED,NORMAL
2026-06-17T17:10:06.724699+00:00,DION_001,486429,-0.4858262400336172,SIMULATED,NORMAL
2026-06-17T17:10:06.734996+00:00,DION_001,486430,-0.6005779032048326,SIMULATED,NORMAL
2026-06-17T17:10:06.745326+00:00,DION_001,486431,-0.38691225051443934,SIMULATED,NORMAL
2026-06-17T17:10:06.755619+00:00,DION_001,486432,-0.6913467215672693,SIMULATED,NORMAL
2026-06-17T17:10:06.765987+00:00,DION_001,486433,-0.34361822823560356,SIMULATED,NORMAL
2026-06-17T17:10:06.776248+00:00,DION_001,486434,-0.35035022514155595,SIMULATED,NORMAL
2026-06-17T17:10:06.786466+00:00,DION_001,486435,-0.6007168497602282,SIMULATED,NORMAL
2026-06-17T17:10:06.796749+00:00,DION_001,486436,-0.53466906349918,SIMULATED,NORMAL
2026-06-17T17:10:06.807033+00:00,DION_001,486437,-0.6052397213858931,SIMULATED,NORMAL
2026-06-17T17:10:06.817246+00:00,DION_001,486438,-0.5919984698885098,SIMULATED,NORMAL
2026-06-17T17:10:06.827515+00:00,DION_001,486439,1.6625814451680023,SIMULATED,NORMAL
2026-06-17T17:10:06.837898+00:00,DION_001,486440,-0.39250754099152124,SIMULATED,NORMAL
2026-06-17T17:10:06.848173+00:00,DION_001,486441,-0.36317088283916266,SIMULATED,NORMAL
2026-06-17T17:10:06.858469+00:00,DION_001,486442,-0.16527933051388988,SIMULATED,NORMAL
2026-06-17T17:10:06.868763+00:00,DION_001,486443,-0.3309562307875985,SIMULATED,NORMAL
2026-06-17T17:10:06.879165+00:00,DION_001,486444,-0.4589144034333927,SIMULATED,NORMAL
2026-06-17T17:10:06.889456+00:00,DION_001,486445,-0.2718964008154776,SIMULATED,NORMAL
2026-06-17T17:10:06.899809+00:00,DION_001,486446,-0.34482690068953314,SIMULATED,NORMAL
2026-06-17T17:10:06.910316+00:00,DION_001,486447,-0.4391623385050497,SIMULATED,NORMAL
2026-06-17T17:10:06.920771+00:00,DION_001,486448,-0.5900913104512402,SIMULATED,NORMAL
2026-06-17T17:10:06.931124+00:00,DION_001,486449,-0.5146383753883917,SIMULATED,NORMAL
2026-06-17T17:10:06.941653+00:00,DION_001,486450,-0.48262631665453637,SIMULATED,NORMAL
2026-06-17T17:10:06.952113+00:00,DION_001,486451,-0.37426539804596926,SIMULATED,NORMAL
2026-06-17T17:10:06.962409+00:00,DION_001,486452,-0.3927546789113914,SIMULATED,NORMAL
2026-06-17T17:10:06.972654+00:00,DION_001,486453,-0.4262994921873944,SIMULATED,NORMAL
2026-06-17T17:10:06.982904+00:00,DION_001,486454,-0.5697193661341868,SIMULATED,NORMAL
2026-06-17T17:10:06.993234+00:00,DION_001,486455,-0.39484298604896684,SIMULATED,NORMAL
2026-06-17T17:10:07.003536+00:00,DION_001,486456,-0.6575384117325881,SIMULATED,NORMAL
2026-06-17T17:10:07.013863+00:00,DION_001,486457,-0.6100928116187226,SIMULATED,NORMAL
2026-06-17T17:10:07.024146+00:00,DION_001,486458,-0.6229012751354133,SIMULATED,NORMAL
2026-06-17T17:10:07.034423+00:00,DION_001,486459,-0.6050224622851696,SIMULATED,NORMAL
2026-06-17T17:10:07.044709+00:00,DION_001,486460,-1.0704273056459055,SIMULATED,NORMAL
2026-06-17T17:10:07.054982+00:00,DION_001,486461,-0.5386584886594076,SIMULATED,NORMAL
2026-06-17T17:10:07.065267+00:00,DION_001,486462,-0.8824144633437417,SIMULATED,NORMAL
2026-06-17T17:10:07.075496+00:00,DION_001,486463,-0.6004616349284282,SIMULATED,NORMAL
2026-06-17T17:10:07.085724+00:00,DION_001,486464,-0.8688891602226357,SIMULATED,NORMAL
2026-06-17T17:10:07.095960+00:00,DION_001,486465,-3.727188020277754,SIMULATED,EVENT_DETECTED
2026-06-17T17:10:07.106287+00:00,DION_001,486466,-0.6036717484100017,SIMULATED,NORMAL
2026-06-17T17:10:07.116534+00:00,DION_001,486467,-1.3190559286424473,SIMULATED,NORMAL
2026-06-17T17:10:07.126814+00:00,DION_001,486468,-0.8712132593210233,SIMULATED,NORMAL
2026-06-17T17:10:07.137083+00:00,DION_001,486469,0.6935443896440726,SIMULATED,NORMAL
2026-06-17T17:10:07.147472+00:00,DION_001,486470,-1.124732033790973,SIMULATED,NORMAL
2026-06-17T17:10:07.157730+00:00,DION_001,486471,-1.107894157030607,SIMULATED,NORMAL
2026-06-17T17:10:07.167967+00:00,DION_001,486472,-1.0209322682968849,SIMULATED,NORMAL
2026-06-17T17:10:07.178175+00:00,DION_001,486473,-0.9577593442160909,SIMULATED,NORMAL
2026-06-17T17:10:07.188466+00:00,DION_001,486474,-1.3409128273722117,SIMULATED,NORMAL
2026-06-17T17:10:07.198813+00:00,DION_001,486475,-1.1932329386699112,SIMULATED,NORMAL
2026-06-17T17:10:07.209070+00:00,DION_001,486476,-0.9645862701587353,SIMULATED,NORMAL
2026-06-17T17:10:07.219306+00:00,DION_001,486477,-0.8417577589680372,SIMULATED,NORMAL
2026-06-17T17:10:07.229510+00:00,DION_001,486478,-1.3477463914511205,SIMULATED,NORMAL
2026-06-17T17:10:07.239784+00:00,DION_001,486479,-2.7664311624650963,SIMULATED,EVENT_DETECTED
2026-06-17T17:10:07.250194+00:00,DION_001,486480,-1.0472675081193408,SIMULATED,NORMAL
2026-06-17T17:10:07.260532+00:00,DION_001,486481,-0.9134665413647647,SIMULATED,NORMAL
2026-06-17T17:10:07.270853+00:00,DION_001,486482,-1.1752570894245908,SIMULATED,NORMAL
2026-06-17T17:10:07.281146+00:00,DION_001,486483,-1.1070274615867524,SIMULATED,NORMAL
2026-06-17T17:10:07.291385+00:00,DION_001,486484,-1.0531394808425698,SIMULATED,NORMAL
2026-06-17T17:10:07.301589+00:00,DION_001,486485,-0.985753050301565,SIMULATED,NORMAL
2026-06-17T17:10:07.311871+00:00,DION_001,486486,-1.544035244854804,SIMULATED,NORMAL
2026-06-17T17:10:07.322131+00:00,DION_001,486487,-0.8143280898909214,SIMULATED,NORMAL
2026-06-17T17:10:07.332417+00:00,DION_001,486488,-0.8249199437618252,SIMULATED,NORMAL
2026-06-17T17:10:07.342661+00:00,DION_001,486489,-1.1731123787493964,SIMULATED,NORMAL
2026-06-17T17:10:07.352844+00:00,DION_001,486490,-0.8569698670937078,SIMULATED,NORMAL
2026-06-17T17:10:07.363085+00:00,DION_001,486491,-0.872200330033963,SIMULATED,NORMAL
2026-06-17T17:10:07.373422+00:00,DION_001,486492,-1.083961778798912,SIMULATED,NORMAL
2026-06-17T17:10:07.384150+00:00,DION_001,486493,-1.0419909839371615,SIMULATED,NORMAL
2026-06-17T17:10:07.394530+00:00,DION_001,486494,-0.8901736804279146,SIMULATED,NORMAL
2026-06-17T17:10:07.404853+00:00,DION_001,486495,-0.7454851963130334,SIMULATED,NORMAL
2026-06-17T17:10:07.415120+00:00,DION_001,486496,-0.9789346454454084,SIMULATED,NORMAL
2026-06-17T17:10:07.425374+00:00,DION_001,486497,-1.0997107306785696,SIMULATED,NORMAL
2026-06-17T17:10:07.435596+00:00,DION_001,486498,-0.6159019117546188,SIMULATED,NORMAL
2026-06-17T17:10:07.445884+00:00,DION_001,486499,-0.7508183961280983,SIMULATED,NORMAL
2026-06-17T17:10:07.456192+00:00,DION_001,486500,-0.6461143337525415,SIMULATED,NORMAL
2026-06-17T17:10:07.466530+00:00,DION_001,486501,-0.8221166616740481,SIMULATED,NORMAL
2026-06-17T17:10:07.476790+00:00,DION_001,486502,-0.6029911454126218,SIMULATED,NORMAL
2026-06-17T17:10:07.487006+00:00,DION_001,486503,-0.9223119162557635,SIMULATED,NORMAL
2026-06-17T17:10:07.497252+00:00,DION_001,486504,-0.60585248615829,SIMULATED,NORMAL
2026-06-17T17:10:07.507462+00:00,DION_001,486505,-0.7368569135927131,SIMULATED,NORMAL
2026-06-17T17:10:07.517677+00:00,DION_001,486506,-0.5330190044416919,SIMULATED,NORMAL
2026-06-17T17:10:07.527876+00:00,DION_001,486507,-0.47811127291329913,SIMULATED,NORMAL
2026-06-17T17:10:07.538157+00:00,DION_001,486508,-0.3219933912584852,SIMULATED,NORMAL
2026-06-17T17:10:07.548433+00:00,DION_001,486509,-0.5879704115418889,SIMULATED,NORMAL
2026-06-17T17:10:07.558776+00:00,DION_001,486510,-0.35217302218901564,SIMULATED,NORMAL
2026-06-17T17:10:07.569077+00:00,DION_001,486511,-0.4699942492937246,SIMULATED,NORMAL
2026-06-17T17:10:07.579324+00:00,DION_001,486512,-0.518663534749465,SIMULATED,NORMAL
2026-06-17T17:10:07.589583+00:00,DION_001,486513,-0.2696615385859114,SIMULATED,NORMAL
2026-06-17T17:10:07.599807+00:00,DION_001,486514,-0.3689444974822459,SIMULATED,NORMAL
2026-06-17T17:10:07.610094+00:00,DION_001,486515,-0.2958041172608372,SIMULATED,NORMAL
2026-06-17T17:10:07.620372+00:00,DION_001,486516,-0.13034051479383235,SIMULATED,NORMAL
2026-06-17T17:10:07.630654+00:00,DION_001,486517,0.06638336773277007,SIMULATED,NORMAL
2026-06-17T17:10:07.640882+00:00,DION_001,486518,-0.47679930745342897,SIMULATED,NORMAL
2026-06-17T17:10:07.651073+00:00,DION_001,486519,-0.08964541313163417,SIMULATED,NORMAL
2026-06-17T17:10:07.661328+00:00,DION_001,486520,-0.15693818004141058,SIMULATED,NORMAL
2026-06-17T17:10:07.671667+00:00,DION_001,486521,0.036226753012053685,SIMULATED,NORMAL
2026-06-17T17:10:07.681972+00:00,DION_001,486522,0.05697930605649017,SIMULATED,NORMAL
2026-06-17T17:10:07.692248+00:00,DION_001,486523,-0.07573090139027225,SIMULATED,NORMAL
2026-06-17T17:10:07.702541+00:00,DION_001,486524,-0.011137231472456342,SIMULATED,NORMAL
2026-06-17T17:10:07.712762+00:00,DION_001,486525,0.1425445628451626,SIMULATED,NORMAL
2026-06-17T17:10:07.722982+00:00,DION_001,486526,-0.0915196675385995,SIMULATED,NORMAL
2026-06-17T17:10:07.733188+00:00,DION_001,486527,0.15466482088778027,SIMULATED,NORMAL
2026-06-17T17:10:07.743403+00:00,DION_001,486528,-0.11962801474528664,SIMULATED,NORMAL
2026-06-17T17:10:07.753649+00:00,DION_001,486529,0.40876995299912494,SIMULATED,NORMAL
2026-06-17T17:10:07.763886+00:00,DION_001,486530,-0.01052715661821707,SIMULATED,NORMAL
2026-06-17T17:10:07.774135+00:00,DION_001,486531,-0.06173184274791996,SIMULATED,NORMAL
2026-06-17T17:10:07.784344+00:00,DION_001,486532,-0.08785295904542886,SIMULATED,NORMAL
2026-06-17T17:10:07.794732+00:00,DION_001,486533,0.2772184296409582,SIMULATED,NORMAL
2026-06-17T17:10:07.805058+00:00,DION_001,486534,0.15250369418366932,SIMULATED,NORMAL
2026-06-17T17:10:07.815383+00:00,DION_001,486535,0.18527603710178508,SIMULATED,NORMAL
2026-06-17T17:10:07.825651+00:00,DION_001,486536,-0.0438819548192647,SIMULATED,NORMAL
2026-06-17T17:10:07.835907+00:00,DION_001,486537,0.1989060270387333,SIMULATED,NORMAL
2026-06-17T17:10:07.846178+00:00,DION_001,486538,0.17557388493933807,SIMULATED,NORMAL
2026-06-17T17:10:07.856436+00:00,DION_001,486539,-0.22737470741663532,SIMULATED,NORMAL
2026-06-17T17:10:07.866663+00:00,DION_001,486540,1.8788611223069105,SIMULATED,NORMAL
2026-06-17T17:10:07.876999+00:00,DION_001,486541,0.02116812884208126,SIMULATED,NORMAL
2026-06-17T17:10:07.887218+00:00,DION_001,486542,0.04566990512444209,SIMULATED,NORMAL
2026-06-17T17:10:07.897523+00:00,DION_001,486543,-0.02750713129697436,SIMULATED,NORMAL
2026-06-17T17:10:07.907814+00:00,DION_001,486544,0.06137756527439599,SIMULATED,NORMAL
2026-06-17T17:10:07.918053+00:00,DION_001,486545,0.007005024436043228,SIMULATED,NORMAL
2026-06-17T17:10:07.928375+00:00,DION_001,486546,-0.23531063984843792,SIMULATED,NORMAL
2026-06-17T17:10:07.938928+00:00,DION_001,486547,-0.055407521044718494,SIMULATED,NORMAL
2026-06-17T17:10:07.949236+00:00,DION_001,486548,-0.24274365239429394,SIMULATED,NORMAL
2026-06-17T17:10:07.959724+00:00,DION_001,486549,-0.04987667067917054,SIMULATED,NORMAL
2026-06-17T17:10:07.970180+00:00,DION_001,486550,-0.39411030691477195,SIMULATED,NORMAL
2026-06-17T17:10:07.980494+00:00,DION_001,486551,-0.3332141752063301,SIMULATED,NORMAL
2026-06-17T17:10:07.990908+00:00,DION_001,486552,-0.10247009707872246,SIMULATED,NORMAL
2026-06-17T17:10:08.001515+00:00,DION_001,486553,-0.3028331507694114,SIMULATED,NORMAL
2026-06-17T17:10:08.012750+00:00,DION_001,486554,-0.2705032619574403,SIMULATED,NORMAL
2026-06-17T17:10:08.023482+00:00,DION_001,486555,-0.26297990369254914,SIMULATED,NORMAL
2026-06-17T17:10:08.034005+00:00,DION_001,486556,-0.30815964961335623,SIMULATED,NORMAL
2026-06-17T17:10:08.044379+00:00,DION_001,486557,-0.32327159329249844,SIMULATED,NORMAL
2026-06-17T17:10:08.055084+00:00,DION_001,486558,-0.18986761200533586,SIMULATED,NORMAL
2026-06-17T17:10:08.065474+00:00,DION_001,486559,-0.3153256573697446,SIMULATED,NORMAL
2026-06-17T17:10:08.075892+00:00,DION_001,486560,-0.5206315866314258,SIMULATED,NORMAL
2026-06-17T17:10:08.086633+00:00,DION_001,486561,-0.4226454383926245,SIMULATED,NORMAL
2026-06-17T17:10:08.097318+00:00,DION_001,486562,-0.34437278796108606,SIMULATED,NORMAL
2026-06-17T17:10:08.107594+00:00,DION_001,486563,-0.04053055380410006,SIMULATED,NORMAL
2026-06-17T17:10:08.117864+00:00,DION_001,486564,-0.1085439614678782,SIMULATED,NORMAL
2026-06-17T17:10:08.128205+00:00,DION_001,486565,-0.16676701489122628,SIMULATED,NORMAL
2026-06-17T17:10:08.138833+00:00,DION_001,486566,-0.32599405507193024,SIMULATED,NORMAL
2026-06-17T17:10:08.149154+00:00,DION_001,486567,0.03798751932391908,SIMULATED,NORMAL
2026-06-17T17:10:08.159426+00:00,DION_001,486568,-0.48008768054431694,SIMULATED,NORMAL
2026-06-17T17:10:08.169685+00:00,DION_001,486569,-0.3455187281240987,SIMULATED,NORMAL
2026-06-17T17:10:08.179937+00:00,DION_001,486570,-0.23176445296112014,SIMULATED,NORMAL
2026-06-17T17:10:08.190152+00:00,DION_001,486571,-0.058451866312428026,SIMULATED,NORMAL
2026-06-17T17:10:08.200505+00:00,DION_001,486572,-0.17829862051418804,SIMULATED,NORMAL
2026-06-17T17:10:08.210942+00:00,DION_001,486573,0.08712762947975569,SIMULATED,NORMAL
2026-06-17T17:10:08.221168+00:00,DION_001,486574,0.20128427153000664,SIMULATED,NORMAL
2026-06-17T17:10:08.231360+00:00,DION_001,486575,-0.15447363847770124,SIMULATED,NORMAL
2026-06-17T17:10:08.241573+00:00,DION_001,486576,0.03762525287816804,SIMULATED,NORMAL
2026-06-17T17:10:08.251799+00:00,DION_001,486577,0.3434631416402211,SIMULATED,NORMAL
2026-06-17T17:10:08.262059+00:00,DION_001,486578,1.782510428790053,SIMULATED,NORMAL
2026-06-17T17:10:08.272422+00:00,DION_001,486579,0.26634937767249683,SIMULATED,NORMAL
2026-06-17T17:10:08.282683+00:00,DION_001,486580,0.0885052666338884,SIMULATED,NORMAL
2026-06-17T17:10:08.292928+00:00,DION_001,486581,0.46050405530537303,SIMULATED,NORMAL
2026-06-17T17:10:08.303128+00:00,DION_001,486582,0.2680574842857282,SIMULATED,NORMAL
2026-06-17T17:10:08.313350+00:00,DION_001,486583,0.22392908007063222,SIMULATED,NORMAL
2026-06-17T17:10:08.323524+00:00,DION_001,486584,0.5129123409220161,SIMULATED,NORMAL
2026-06-17T17:10:08.333684+00:00,DION_001,486585,0.38429989768862854,SIMULATED,NORMAL
2026-06-17T17:10:08.343857+00:00,DION_001,486586,0.6899115271900156,SIMULATED,NORMAL
2026-06-17T17:10:08.354078+00:00,DION_001,486587,0.464083993634036,SIMULATED,NORMAL
2026-06-17T17:10:08.364368+00:00,DION_001,486588,0.4135520836009806,SIMULATED,NORMAL
2026-06-17T17:10:08.374717+00:00,DION_001,486589,0.4271570433348348,SIMULATED,NORMAL
