timestamp_utc,station_id,sample_index,raw_value,source,event_status
2026-06-17T18:32:10.068934+00:00,DION_001,102136,0.17670483016092547,SIMULATED,NORMAL
2026-06-17T18:32:10.079319+00:00,DION_001,102137,0.18673374397753775,SIMULATED,NORMAL
2026-06-17T18:32:10.089583+00:00,DION_001,102138,0.21653005137441467,SIMULATED,NORMAL
2026-06-17T18:32:10.099949+00:00,DION_001,102139,-0.07615692235997298,SIMULATED,NORMAL
2026-06-17T18:32:10.110389+00:00,DION_001,102140,0.18595521897150968,SIMULATED,NORMAL
2026-06-17T18:32:10.121314+00:00,DION_001,102141,0.28325389945740265,SIMULATED,NORMAL
2026-06-17T18:32:10.131891+00:00,DION_001,102142,0.23785051263768353,SIMULATED,NORMAL
2026-06-17T18:32:10.142469+00:00,DION_001,102143,0.19105874961089336,SIMULATED,NORMAL
2026-06-17T18:32:10.153145+00:00,DION_001,102144,0.17804866113915346,SIMULATED,NORMAL
2026-06-17T18:32:10.163730+00:00,DION_001,102145,0.2794150304916582,SIMULATED,NORMAL
2026-06-17T18:32:10.174372+00:00,DION_001,102146,0.01861102933989983,SIMULATED,NORMAL
2026-06-17T18:32:10.184975+00:00,DION_001,102147,0.24077226013339365,SIMULATED,NORMAL
2026-06-17T18:32:10.195551+00:00,DION_001,102148,-2.3016852409588107,SIMULATED,EVENT_DETECTED
2026-06-17T18:32:10.206334+00:00,DION_001,102149,0.19381056845992292,SIMULATED,NORMAL
2026-06-17T18:32:10.216960+00:00,DION_001,102150,0.13638803541211392,SIMULATED,NORMAL
2026-06-17T18:32:10.227568+00:00,DION_001,102151,-0.013026559509536517,SIMULATED,NORMAL
2026-06-17T18:32:10.238118+00:00,DION_001,102152,0.016939898973915443,SIMULATED,NORMAL
2026-06-17T18:32:10.248683+00:00,DION_001,102153,-0.11798733989251758,SIMULATED,NORMAL
2026-06-17T18:32:10.259312+00:00,DION_001,102154,-0.04015429968548008,SIMULATED,NORMAL
2026-06-17T18:32:10.269954+00:00,DION_001,102155,-0.11408237630158802,SIMULATED,NORMAL
2026-06-17T18:32:10.280484+00:00,DION_001,102156,-0.1709630396203642,SIMULATED,NORMAL
2026-06-17T18:32:10.291241+00:00,DION_001,102157,-0.15350523863532492,SIMULATED,NORMAL
2026-06-17T18:32:10.301978+00:00,DION_001,102158,-0.13359395856458162,SIMULATED,NORMAL
2026-06-17T18:32:10.312642+00:00,DION_001,102159,-0.3254358766788019,SIMULATED,NORMAL
2026-06-17T18:32:10.323209+00:00,DION_001,102160,-0.3560937500990615,SIMULATED,NORMAL
2026-06-17T18:32:10.333809+00:00,DION_001,102161,-0.4707984438872591,SIMULATED,NORMAL
2026-06-17T18:32:10.344542+00:00,DION_001,102162,-0.47512711144491704,SIMULATED,NORMAL
2026-06-17T18:32:10.355276+00:00,DION_001,102163,-0.43227593075814563,SIMULATED,NORMAL
2026-06-17T18:32:10.366051+00:00,DION_001,102164,-0.39924935791783506,SIMULATED,NORMAL
2026-06-17T18:32:10.376666+00:00,DION_001,102165,-0.524184355429713,SIMULATED,NORMAL
2026-06-17T18:32:10.387634+00:00,DION_001,102166,-0.024818814689794855,SIMULATED,NORMAL
2026-06-17T18:32:10.398414+00:00,DION_001,102167,-0.329905657804867,SIMULATED,NORMAL
2026-06-17T18:32:10.408900+00:00,DION_001,102168,-0.5556950686326823,SIMULATED,NORMAL
2026-06-17T18:32:10.419510+00:00,DION_001,102169,-0.408314137260905,SIMULATED,NORMAL
2026-06-17T18:32:10.430074+00:00,DION_001,102170,-0.5672414886601839,SIMULATED,NORMAL
2026-06-17T18:32:10.440657+00:00,DION_001,102171,-0.6305085459300276,SIMULATED,NORMAL
2026-06-17T18:32:10.451210+00:00,DION_001,102172,-0.7334918580126258,SIMULATED,NORMAL
2026-06-17T18:32:10.461754+00:00,DION_001,102173,-0.6280694485694881,SIMULATED,NORMAL
2026-06-17T18:32:10.472375+00:00,DION_001,102174,-0.5008917775108185,SIMULATED,NORMAL
2026-06-17T18:32:10.483426+00:00,DION_001,102175,-0.7368976267352181,SIMULATED,NORMAL
2026-06-17T18:32:10.494060+00:00,DION_001,102176,-0.6708406127063011,SIMULATED,NORMAL
2026-06-17T18:32:10.504710+00:00,DION_001,102177,-0.6943147055032319,SIMULATED,NORMAL
2026-06-17T18:32:10.515330+00:00,DION_001,102178,-0.8895899075496545,SIMULATED,NORMAL
2026-06-17T18:32:10.525974+00:00,DION_001,102179,-1.134718954174026,SIMULATED,NORMAL
2026-06-17T18:32:10.536535+00:00,DION_001,102180,-1.066936316243501,SIMULATED,NORMAL
2026-06-17T18:32:10.547599+00:00,DION_001,102181,-1.0038489917656823,SIMULATED,NORMAL
2026-06-17T18:32:10.558262+00:00,DION_001,102182,-1.0616963022961718,SIMULATED,NORMAL
2026-06-17T18:32:10.569011+00:00,DION_001,102183,-1.1135021600507524,SIMULATED,NORMAL
2026-06-17T18:32:10.579516+00:00,DION_001,102184,-0.9191847577030582,SIMULATED,NORMAL
2026-06-17T18:32:10.590186+00:00,DION_001,102185,-0.7719562497425059,SIMULATED,NORMAL
2026-06-17T18:32:10.600854+00:00,DION_001,102186,-0.7519136671518478,SIMULATED,NORMAL
2026-06-17T18:32:10.611479+00:00,DION_001,102187,-0.9398242175819759,SIMULATED,NORMAL
2026-06-17T18:32:10.622037+00:00,DION_001,102188,-1.0098953320098893,SIMULATED,NORMAL
2026-06-17T18:32:10.632682+00:00,DION_001,102189,-0.9574282310778172,SIMULATED,NORMAL
2026-06-17T18:32:10.643573+00:00,DION_001,102190,-1.1825499480588608,SIMULATED,NORMAL
2026-06-17T18:32:10.654261+00:00,DION_001,102191,-1.127244817366455,SIMULATED,NORMAL
2026-06-17T18:32:10.664815+00:00,DION_001,102192,-1.0312836289890244,SIMULATED,NORMAL
2026-06-17T18:32:10.675343+00:00,DION_001,102193,-1.3284439563106596,SIMULATED,NORMAL
2026-06-17T18:32:10.685880+00:00,DION_001,102194,-1.0097435745580643,SIMULATED,NORMAL
2026-06-17T18:32:10.696415+00:00,DION_001,102195,-1.1057702960746791,SIMULATED,NORMAL
2026-06-17T18:32:10.707008+00:00,DION_001,102196,-0.801011048218121,SIMULATED,NORMAL
2026-06-17T18:32:10.717355+00:00,DION_001,102197,-1.1120759464932213,SIMULATED,NORMAL
2026-06-17T18:32:10.728205+00:00,DION_001,102198,-1.0480770258901548,SIMULATED,NORMAL
2026-06-17T18:32:10.739126+00:00,DION_001,102199,-0.9468651885045619,SIMULATED,NORMAL
2026-06-17T18:32:10.749560+00:00,DION_001,102200,-1.042587704810197,SIMULATED,NORMAL
2026-06-17T18:32:10.760054+00:00,DION_001,102201,-1.1999253446755405,SIMULATED,NORMAL
2026-06-17T18:32:10.770555+00:00,DION_001,102202,-0.8543053037320275,SIMULATED,NORMAL
2026-06-17T18:32:10.781018+00:00,DION_001,102203,-0.9937320187672303,SIMULATED,NORMAL
2026-06-17T18:32:10.791660+00:00,DION_001,102204,-0.9144447164483498,SIMULATED,NORMAL
2026-06-17T18:32:10.802225+00:00,DION_001,102205,-0.6806678767664501,SIMULATED,NORMAL
2026-06-17T18:32:10.812669+00:00,DION_001,102206,-1.0220296809754865,SIMULATED,NORMAL
2026-06-17T18:32:10.823288+00:00,DION_001,102207,-0.7520014542670393,SIMULATED,NORMAL
2026-06-17T18:32:10.833842+00:00,DION_001,102208,-0.6879078718170304,SIMULATED,NORMAL
2026-06-17T18:32:10.844469+00:00,DION_001,102209,-0.6628277810529218,SIMULATED,NORMAL
2026-06-17T18:32:10.855241+00:00,DION_001,102210,-0.5180485318206862,SIMULATED,NORMAL
2026-06-17T18:32:10.865894+00:00,DION_001,102211,-0.47580564654618474,SIMULATED,NORMAL
2026-06-17T18:32:10.876480+00:00,DION_001,102212,-0.7692888968961458,SIMULATED,NORMAL
2026-06-17T18:32:10.887178+00:00,DION_001,102213,-0.6195742546624661,SIMULATED,NORMAL
2026-06-17T18:32:10.897625+00:00,DION_001,102214,2.4666179083437494,SIMULATED,EVENT_DETECTED
2026-06-17T18:32:10.908285+00:00,DION_001,102215,-0.7291504306118904,SIMULATED,NORMAL
2026-06-17T18:32:10.918783+00:00,DION_001,102216,-0.735192062512907,SIMULATED,NORMAL
2026-06-17T18:32:10.929252+00:00,DION_001,102217,-0.558510346085456,SIMULATED,NORMAL
2026-06-17T18:32:10.939806+00:00,DION_001,102218,-0.44062765434778023,SIMULATED,NORMAL
2026-06-17T18:32:10.950345+00:00,DION_001,102219,-0.3692689679447674,SIMULATED,NORMAL
2026-06-17T18:32:10.960880+00:00,DION_001,102220,-0.3563812697668527,SIMULATED,NORMAL
2026-06-17T18:32:10.971375+00:00,DION_001,102221,-0.24462515188041695,SIMULATED,NORMAL
2026-06-17T18:32:10.981878+00:00,DION_001,102222,-0.5622620852413872,SIMULATED,NORMAL
2026-06-17T18:32:10.992470+00:00,DION_001,102223,-0.522006951723161,SIMULATED,NORMAL
2026-06-17T18:32:11.005217+00:00,DION_001,102224,-0.4114164947898571,SIMULATED,NORMAL
2026-06-17T18:32:11.015835+00:00,DION_001,102225,-0.3083855394324563,SIMULATED,NORMAL
2026-06-17T18:32:11.026458+00:00,DION_001,102226,-0.6557057319530919,SIMULATED,NORMAL
2026-06-17T18:32:11.036953+00:00,DION_001,102227,-0.18892963027501075,SIMULATED,NORMAL
2026-06-17T18:32:11.047588+00:00,DION_001,102228,-0.388201400344486,SIMULATED,NORMAL
2026-06-17T18:32:11.058175+00:00,DION_001,102229,-0.40883078559941666,SIMULATED,NORMAL
2026-06-17T18:32:11.068836+00:00,DION_001,102230,-0.5689378145324242,SIMULATED,NORMAL
2026-06-17T18:32:11.079381+00:00,DION_001,102231,-0.16051374782503747,SIMULATED,NORMAL
2026-06-17T18:32:11.089939+00:00,DION_001,102232,-0.2970962970304505,SIMULATED,NORMAL
2026-06-17T18:32:11.100492+00:00,DION_001,102233,-0.5851405951676079,SIMULATED,NORMAL
2026-06-17T18:32:11.111100+00:00,DION_001,102234,-0.6306596603865062,SIMULATED,NORMAL
2026-06-17T18:32:11.121574+00:00,DION_001,102235,1.8512350705821161,SIMULATED,NORMAL
2026-06-17T18:32:11.132122+00:00,DION_001,102236,-0.3821819609209605,SIMULATED,NORMAL
2026-06-17T18:32:11.142596+00:00,DION_001,102237,-0.6055698422500682,SIMULATED,NORMAL
2026-06-17T18:32:11.153102+00:00,DION_001,102238,-0.46878015648121407,SIMULATED,NORMAL
2026-06-17T18:32:11.163511+00:00,DION_001,102239,-0.3328242163825631,SIMULATED,NORMAL
2026-06-17T18:32:11.173768+00:00,DION_001,102240,-0.16655191370822453,SIMULATED,NORMAL
2026-06-17T18:32:11.184069+00:00,DION_001,102241,-0.6132788954095943,SIMULATED,NORMAL
2026-06-17T18:32:11.194382+00:00,DION_001,102242,-0.55528927146375,SIMULATED,NORMAL
2026-06-17T18:32:11.204881+00:00,DION_001,102243,-0.7846425712198044,SIMULATED,NORMAL
2026-06-17T18:32:11.215419+00:00,DION_001,102244,-0.7726044417024786,SIMULATED,NORMAL
2026-06-17T18:32:11.225998+00:00,DION_001,102245,-0.825083738241553,SIMULATED,NORMAL
2026-06-17T18:32:11.236889+00:00,DION_001,102246,-0.6960375143810356,SIMULATED,NORMAL
2026-06-17T18:32:11.247479+00:00,DION_001,102247,-0.7075218916125465,SIMULATED,NORMAL
2026-06-17T18:32:11.258079+00:00,DION_001,102248,-0.5578146894518461,SIMULATED,NORMAL
2026-06-17T18:32:11.268712+00:00,DION_001,102249,-0.9947052175945715,SIMULATED,NORMAL
2026-06-17T18:32:11.279227+00:00,DION_001,102250,-0.7640106852524119,SIMULATED,NORMAL
2026-06-17T18:32:11.289945+00:00,DION_001,102251,-0.7732795004590274,SIMULATED,NORMAL
2026-06-17T18:32:11.300667+00:00,DION_001,102252,-0.9468323226036512,SIMULATED,NORMAL
2026-06-17T18:32:11.311208+00:00,DION_001,102253,-0.6461299386497328,SIMULATED,NORMAL
2026-06-17T18:32:11.322014+00:00,DION_001,102254,-0.8827167930584818,SIMULATED,NORMAL
2026-06-17T18:32:11.332667+00:00,DION_001,102255,-0.9576168329523553,SIMULATED,NORMAL
2026-06-17T18:32:11.343225+00:00,DION_001,102256,-1.081845410370097,SIMULATED,NORMAL
2026-06-17T18:32:11.353892+00:00,DION_001,102257,-0.7572302888083116,SIMULATED,NORMAL
2026-06-17T18:32:11.364531+00:00,DION_001,102258,-0.726061697537476,SIMULATED,NORMAL
2026-06-17T18:32:11.375214+00:00,DION_001,102259,-1.260215094691979,SIMULATED,NORMAL
2026-06-17T18:32:11.385911+00:00,DION_001,102260,-1.1394077180899338,SIMULATED,NORMAL
2026-06-17T18:32:11.396466+00:00,DION_001,102261,-1.0774899870772925,SIMULATED,NORMAL
2026-06-17T18:32:11.407190+00:00,DION_001,102262,-1.1198565555377764,SIMULATED,NORMAL
2026-06-17T18:32:11.417800+00:00,DION_001,102263,-0.9857627666988217,SIMULATED,NORMAL
2026-06-17T18:32:11.428406+00:00,DION_001,102264,-1.1128846704588258,SIMULATED,NORMAL
2026-06-17T18:32:11.439173+00:00,DION_001,102265,-0.6129954196543665,SIMULATED,NORMAL
2026-06-17T18:32:11.449816+00:00,DION_001,102266,-0.9271066543807953,SIMULATED,NORMAL
2026-06-17T18:32:11.463589+00:00,DION_001,102267,-1.0223064526812178,SIMULATED,NORMAL
2026-06-17T18:32:11.474231+00:00,DION_001,102268,-1.022936742943815,SIMULATED,NORMAL
2026-06-17T18:32:11.484965+00:00,DION_001,102269,-0.9350944306847808,SIMULATED,NORMAL
2026-06-17T18:32:11.495418+00:00,DION_001,102270,-0.9290628570189453,SIMULATED,NORMAL
2026-06-17T18:32:11.506004+00:00,DION_001,102271,-0.8513836295490527,SIMULATED,NORMAL
2026-06-17T18:32:11.516668+00:00,DION_001,102272,-1.0504913351064056,SIMULATED,NORMAL
2026-06-17T18:32:11.527200+00:00,DION_001,102273,-0.7210935496878326,SIMULATED,NORMAL
2026-06-17T18:32:11.537816+00:00,DION_001,102274,-0.762862013052586,SIMULATED,NORMAL
2026-06-17T18:32:11.548779+00:00,DION_001,102275,-0.7482937733791359,SIMULATED,NORMAL
2026-06-17T18:32:11.559482+00:00,DION_001,102276,-0.9319315044378368,SIMULATED,NORMAL
2026-06-17T18:32:11.570309+00:00,DION_001,102277,-0.8135553616318516,SIMULATED,NORMAL
2026-06-17T18:32:11.580832+00:00,DION_001,102278,-0.5336683389357333,SIMULATED,NORMAL
2026-06-17T18:32:11.591441+00:00,DION_001,102279,-0.5949159929623231,SIMULATED,NORMAL
2026-06-17T18:32:11.601930+00:00,DION_001,102280,-0.5182729676989456,SIMULATED,NORMAL
2026-06-17T18:32:11.612494+00:00,DION_001,102281,-0.9079572783412239,SIMULATED,NORMAL
2026-06-17T18:32:11.623261+00:00,DION_001,102282,-0.8115947642212297,SIMULATED,NORMAL
2026-06-17T18:32:11.633801+00:00,DION_001,102283,-0.5666440014692692,SIMULATED,NORMAL
2026-06-17T18:32:11.644441+00:00,DION_001,102284,-0.3599147528730686,SIMULATED,NORMAL
2026-06-17T18:32:11.655221+00:00,DION_001,102285,-0.7483096263326469,SIMULATED,NORMAL
2026-06-17T18:32:11.665742+00:00,DION_001,102286,-0.5865293251192176,SIMULATED,NORMAL
2026-06-17T18:32:11.676832+00:00,DION_001,102287,-0.3481780193182132,SIMULATED,NORMAL
2026-06-17T18:32:11.687546+00:00,DION_001,102288,-0.25401956838064677,SIMULATED,NORMAL
2026-06-17T18:32:11.698093+00:00,DION_001,102289,-0.2005577263468841,SIMULATED,NORMAL
2026-06-17T18:32:11.708644+00:00,DION_001,102290,-0.4180484847030324,SIMULATED,NORMAL
2026-06-17T18:32:11.719365+00:00,DION_001,102291,-0.22817940575108567,SIMULATED,NORMAL
2026-06-17T18:32:11.729945+00:00,DION_001,102292,-0.1842848536259017,SIMULATED,NORMAL
2026-06-17T18:32:11.740505+00:00,DION_001,102293,-0.3452747079708782,SIMULATED,NORMAL
2026-06-17T18:32:11.751313+00:00,DION_001,102294,-0.15565659823664846,SIMULATED,NORMAL
2026-06-17T18:32:11.762009+00:00,DION_001,102295,-0.26415164573958794,SIMULATED,NORMAL
2026-06-17T18:32:11.774650+00:00,DION_001,102296,0.1755459964733134,SIMULATED,NORMAL
2026-06-17T18:32:11.785136+00:00,DION_001,102297,0.07164241069396618,SIMULATED,NORMAL
2026-06-17T18:32:11.795667+00:00,DION_001,102298,0.34560671449024505,SIMULATED,NORMAL
2026-06-17T18:32:11.806294+00:00,DION_001,102299,0.10157417813065908,SIMULATED,NORMAL
2026-06-17T18:32:11.816825+00:00,DION_001,102300,-0.10591392810172107,SIMULATED,NORMAL
2026-06-17T18:32:11.827196+00:00,DION_001,102301,0.1750105338909851,SIMULATED,NORMAL
2026-06-17T18:32:11.837534+00:00,DION_001,102302,0.4099394837434492,SIMULATED,NORMAL
2026-06-17T18:32:11.847880+00:00,DION_001,102303,0.5058484664681837,SIMULATED,NORMAL
2026-06-17T18:32:11.858173+00:00,DION_001,102304,0.2791006640044415,SIMULATED,NORMAL
2026-06-17T18:32:11.868485+00:00,DION_001,102305,0.276889676814596,SIMULATED,NORMAL
2026-06-17T18:32:11.878890+00:00,DION_001,102306,0.37832527578332054,SIMULATED,NORMAL
2026-06-17T18:32:11.889193+00:00,DION_001,102307,0.37762426816471506,SIMULATED,NORMAL
2026-06-17T18:32:11.899588+00:00,DION_001,102308,0.27331639214109227,SIMULATED,NORMAL
2026-06-17T18:32:11.909919+00:00,DION_001,102309,0.27467061343936267,SIMULATED,NORMAL
2026-06-17T18:32:11.920246+00:00,DION_001,102310,0.5325625175107496,SIMULATED,NORMAL
2026-06-17T18:32:11.930643+00:00,DION_001,102311,0.4671173799079992,SIMULATED,NORMAL
2026-06-17T18:32:11.940987+00:00,DION_001,102312,0.38452630339660226,SIMULATED,NORMAL
2026-06-17T18:32:11.951295+00:00,DION_001,102313,0.21020586538531447,SIMULATED,NORMAL
2026-06-17T18:32:11.961606+00:00,DION_001,102314,0.35271812669860103,SIMULATED,NORMAL
2026-06-17T18:32:11.971971+00:00,DION_001,102315,0.5665907458272602,SIMULATED,NORMAL
2026-06-17T18:32:11.982455+00:00,DION_001,102316,0.41322830742524347,SIMULATED,NORMAL
2026-06-17T18:32:11.992762+00:00,DION_001,102317,0.10859818437578095,SIMULATED,NORMAL
2026-06-17T18:32:12.003109+00:00,DION_001,102318,0.16939567279779372,SIMULATED,NORMAL
2026-06-17T18:32:12.013470+00:00,DION_001,102319,0.212076213064433,SIMULATED,NORMAL
2026-06-17T18:32:12.023775+00:00,DION_001,102320,0.4324145533864514,SIMULATED,NORMAL
2026-06-17T18:32:12.034083+00:00,DION_001,102321,0.23180083249405742,SIMULATED,NORMAL
2026-06-17T18:32:12.044391+00:00,DION_001,102322,-2.121226197436129,SIMULATED,EVENT_DETECTED
2026-06-17T18:32:12.055055+00:00,DION_001,102323,0.1682327543409753,SIMULATED,NORMAL
2026-06-17T18:32:12.065398+00:00,DION_001,102324,0.024613525200053804,SIMULATED,NORMAL
2026-06-17T18:32:12.075826+00:00,DION_001,102325,0.040840955611298524,SIMULATED,NORMAL
2026-06-17T18:32:12.086284+00:00,DION_001,102326,0.10746612669460123,SIMULATED,NORMAL
2026-06-17T18:32:12.096629+00:00,DION_001,102327,-0.05376586453375026,SIMULATED,NORMAL
2026-06-17T18:32:12.106960+00:00,DION_001,102328,-0.27974752506745987,SIMULATED,NORMAL
2026-06-17T18:32:12.117292+00:00,DION_001,102329,0.16265835893414965,SIMULATED,NORMAL
2026-06-17T18:32:12.127659+00:00,DION_001,102330,-0.008652844624816122,SIMULATED,NORMAL
2026-06-17T18:32:12.138011+00:00,DION_001,102331,-0.13916027746871518,SIMULATED,NORMAL
2026-06-17T18:32:12.148389+00:00,DION_001,102332,-0.044233927756428044,SIMULATED,NORMAL
2026-06-17T18:32:12.158692+00:00,DION_001,102333,0.08773502682617325,SIMULATED,NORMAL
2026-06-17T18:32:12.169006+00:00,DION_001,102334,-0.07684775244795965,SIMULATED,NORMAL
2026-06-17T18:32:12.179421+00:00,DION_001,102335,-0.10458541510012385,SIMULATED,NORMAL
2026-06-17T18:32:12.189743+00:00,DION_001,102336,0.05397818785828212,SIMULATED,NORMAL
2026-06-17T18:32:12.200050+00:00,DION_001,102337,0.08796862920940132,SIMULATED,NORMAL
2026-06-17T18:32:12.210481+00:00,DION_001,102338,-2.006086741656889,SIMULATED,EVENT_DETECTED
2026-06-17T18:32:12.221219+00:00,DION_001,102339,-0.13544639498189276,SIMULATED,NORMAL
2026-06-17T18:32:12.231661+00:00,DION_001,102340,-0.29336143597287123,SIMULATED,NORMAL
2026-06-17T18:32:12.242047+00:00,DION_001,102341,0.0957269513053152,SIMULATED,NORMAL
2026-06-17T18:32:12.252478+00:00,DION_001,102342,-0.23106309915298864,SIMULATED,NORMAL
2026-06-17T18:32:12.262919+00:00,DION_001,102343,0.01688989652291452,SIMULATED,NORMAL
2026-06-17T18:32:12.273303+00:00,DION_001,102344,0.0010634554650105488,SIMULATED,NORMAL
2026-06-17T18:32:12.283760+00:00,DION_001,102345,-0.10614505964323102,SIMULATED,NORMAL
2026-06-17T18:32:12.294418+00:00,DION_001,102346,0.05274014819684138,SIMULATED,NORMAL
2026-06-17T18:32:12.304982+00:00,DION_001,102347,-0.04116888296397592,SIMULATED,NORMAL
2026-06-17T18:32:12.315736+00:00,DION_001,102348,0.03665033665053783,SIMULATED,NORMAL
2026-06-17T18:32:12.326360+00:00,DION_001,102349,0.1628891818429241,SIMULATED,NORMAL
2026-06-17T18:32:12.336991+00:00,DION_001,102350,0.17979951703203026,SIMULATED,NORMAL
2026-06-17T18:32:12.347594+00:00,DION_001,102351,0.046180356335277305,SIMULATED,NORMAL
2026-06-17T18:32:12.358101+00:00,DION_001,102352,0.22837533481067265,SIMULATED,NORMAL
2026-06-17T18:32:12.369059+00:00,DION_001,102353,0.13275356843848585,SIMULATED,NORMAL
2026-06-17T18:32:12.379721+00:00,DION_001,102354,0.16159528476994142,SIMULATED,NORMAL
2026-06-17T18:32:12.390225+00:00,DION_001,102355,0.29184294176436976,SIMULATED,NORMAL
2026-06-17T18:32:12.401104+00:00,DION_001,102356,0.3636972677708532,SIMULATED,NORMAL
2026-06-17T18:32:12.411667+00:00,DION_001,102357,0.1563331269800043,SIMULATED,NORMAL
2026-06-17T18:32:12.422491+00:00,DION_001,102358,0.17178632439512662,SIMULATED,NORMAL
2026-06-17T18:32:12.433185+00:00,DION_001,102359,0.17683235954341853,SIMULATED,NORMAL
2026-06-17T18:32:12.443820+00:00,DION_001,102360,0.5702900945611363,SIMULATED,NORMAL
2026-06-17T18:32:12.454535+00:00,DION_001,102361,0.3021258701151701,SIMULATED,NORMAL
2026-06-17T18:32:12.465061+00:00,DION_001,102362,0.37956185437108686,SIMULATED,NORMAL
2026-06-17T18:32:12.475670+00:00,DION_001,102363,0.5762933357343245,SIMULATED,NORMAL
2026-06-17T18:32:12.486219+00:00,DION_001,102364,0.48485956268278224,SIMULATED,NORMAL
2026-06-17T18:32:12.496836+00:00,DION_001,102365,0.5448951030060011,SIMULATED,NORMAL
2026-06-17T18:32:12.507445+00:00,DION_001,102366,0.6284197280573942,SIMULATED,NORMAL
2026-06-17T18:32:12.517964+00:00,DION_001,102367,0.735555661321981,SIMULATED,NORMAL
2026-06-17T18:32:12.528731+00:00,DION_001,102368,0.8908761745663292,SIMULATED,NORMAL
2026-06-17T18:32:12.539364+00:00,DION_001,102369,0.9865682677144052,SIMULATED,NORMAL
2026-06-17T18:32:12.550098+00:00,DION_001,102370,0.6732778804551219,SIMULATED,NORMAL
2026-06-17T18:32:12.560648+00:00,DION_001,102371,0.6929554628320423,SIMULATED,NORMAL
2026-06-17T18:32:12.571289+00:00,DION_001,102372,0.6544543396057747,SIMULATED,NORMAL
2026-06-17T18:32:12.581974+00:00,DION_001,102373,1.1025895193489146,SIMULATED,NORMAL
2026-06-17T18:32:12.592691+00:00,DION_001,102374,0.9361701998230493,SIMULATED,NORMAL
2026-06-17T18:32:12.603315+00:00,DION_001,102375,0.9162830835682151,SIMULATED,NORMAL
2026-06-17T18:32:12.613910+00:00,DION_001,102376,1.2009403015438385,SIMULATED,NORMAL
2026-06-17T18:32:12.624519+00:00,DION_001,102377,1.134586919281731,SIMULATED,NORMAL
2026-06-17T18:32:12.635215+00:00,DION_001,102378,1.2141377321290237,SIMULATED,NORMAL
2026-06-17T18:32:12.645917+00:00,DION_001,102379,0.8119036400680475,SIMULATED,NORMAL
2026-06-17T18:32:12.656514+00:00,DION_001,102380,0.8246762076860987,SIMULATED,NORMAL
2026-06-17T18:32:12.667378+00:00,DION_001,102381,0.984817274084749,SIMULATED,NORMAL
2026-06-17T18:32:12.678582+00:00,DION_001,102382,1.1153119469438144,SIMULATED,NORMAL
2026-06-17T18:32:12.689290+00:00,DION_001,102383,0.8497738134688075,SIMULATED,NORMAL
2026-06-17T18:32:12.699969+00:00,DION_001,102384,1.0594806175912932,SIMULATED,NORMAL
2026-06-17T18:32:12.710731+00:00,DION_001,102385,1.1636875903981918,SIMULATED,NORMAL
2026-06-17T18:32:12.721377+00:00,DION_001,102386,0.9124699555416925,SIMULATED,NORMAL
2026-06-17T18:32:12.731939+00:00,DION_001,102387,1.0492013586042181,SIMULATED,NORMAL
2026-06-17T18:32:12.742551+00:00,DION_001,102388,1.2578699268117737,SIMULATED,NORMAL
2026-06-17T18:32:12.753192+00:00,DION_001,102389,1.1570933445564067,SIMULATED,NORMAL
2026-06-17T18:32:12.763861+00:00,DION_001,102390,1.2455898893332205,SIMULATED,NORMAL
2026-06-17T18:32:12.774456+00:00,DION_001,102391,1.200464783566125,SIMULATED,NORMAL
2026-06-17T18:32:12.784982+00:00,DION_001,102392,1.2185960987609668,SIMULATED,NORMAL
2026-06-17T18:32:12.795577+00:00,DION_001,102393,1.0114177350343199,SIMULATED,NORMAL
2026-06-17T18:32:12.806180+00:00,DION_001,102394,0.844450820983081,SIMULATED,NORMAL
2026-06-17T18:32:12.816732+00:00,DION_001,102395,0.8516720128873498,SIMULATED,NORMAL
2026-06-17T18:32:12.827366+00:00,DION_001,102396,1.2858861546825573,SIMULATED,NORMAL
2026-06-17T18:32:12.838020+00:00,DION_001,102397,1.1121653211550369,SIMULATED,NORMAL
2026-06-17T18:32:12.848528+00:00,DION_001,102398,1.0183395946350435,SIMULATED,NORMAL
2026-06-17T18:32:12.859342+00:00,DION_001,102399,0.9152507653495706,SIMULATED,NORMAL
2026-06-17T18:32:12.869935+00:00,DION_001,102400,0.8887271898850485,SIMULATED,NORMAL
2026-06-17T18:32:12.880531+00:00,DION_001,102401,0.888526657568579,SIMULATED,NORMAL
2026-06-17T18:32:12.891277+00:00,DION_001,102402,0.8343698605288105,SIMULATED,NORMAL
2026-06-17T18:32:12.901879+00:00,DION_001,102403,0.9589248772427197,SIMULATED,NORMAL
2026-06-17T18:32:12.912476+00:00,DION_001,102404,0.8981280844060444,SIMULATED,NORMAL
2026-06-17T18:32:12.923216+00:00,DION_001,102405,0.5617678058352247,SIMULATED,NORMAL
2026-06-17T18:32:12.933818+00:00,DION_001,102406,0.9167408819705574,SIMULATED,NORMAL
2026-06-17T18:32:12.944445+00:00,DION_001,102407,0.8992401378594571,SIMULATED,NORMAL
2026-06-17T18:32:12.955171+00:00,DION_001,102408,0.6059114751181911,SIMULATED,NORMAL
2026-06-17T18:32:12.965802+00:00,DION_001,102409,0.6497304300263372,SIMULATED,NORMAL
2026-06-17T18:32:12.976696+00:00,DION_001,102410,0.6754880972003283,SIMULATED,NORMAL
2026-06-17T18:32:12.987308+00:00,DION_001,102411,0.5321600290953992,SIMULATED,NORMAL
2026-06-17T18:32:12.998026+00:00,DION_001,102412,-2.0442563732247683,SIMULATED,EVENT_DETECTED
2026-06-17T18:32:13.008969+00:00,DION_001,102413,0.6360613231719254,SIMULATED,NORMAL
2026-06-17T18:32:13.019708+00:00,DION_001,102414,0.5612290652842932,SIMULATED,NORMAL
2026-06-17T18:32:13.030440+00:00,DION_001,102415,0.48565425114974387,SIMULATED,NORMAL
2026-06-17T18:32:13.041248+00:00,DION_001,102416,0.3903732863012852,SIMULATED,NORMAL
2026-06-17T18:32:13.051968+00:00,DION_001,102417,0.5076689142414473,SIMULATED,NORMAL
2026-06-17T18:32:13.062630+00:00,DION_001,102418,0.24220837067154252,SIMULATED,NORMAL
2026-06-17T18:32:13.073307+00:00,DION_001,102419,0.2450752055972272,SIMULATED,NORMAL
2026-06-17T18:32:13.084000+00:00,DION_001,102420,0.5412566792307435,SIMULATED,NORMAL
2026-06-17T18:32:13.094795+00:00,DION_001,102421,0.513938204825216,SIMULATED,NORMAL
2026-06-17T18:32:13.105562+00:00,DION_001,102422,0.20341126591961797,SIMULATED,NORMAL
2026-06-17T18:32:13.116277+00:00,DION_001,102423,0.5500542548608556,SIMULATED,NORMAL
2026-06-17T18:32:13.126970+00:00,DION_001,102424,0.431918751695371,SIMULATED,NORMAL
2026-06-17T18:32:13.137633+00:00,DION_001,102425,0.27772837776125203,SIMULATED,NORMAL
2026-06-17T18:32:13.148343+00:00,DION_001,102426,0.6440618300047769,SIMULATED,NORMAL
2026-06-17T18:32:13.159158+00:00,DION_001,102427,0.4654422906336916,SIMULATED,NORMAL
2026-06-17T18:32:13.170181+00:00,DION_001,102428,0.13096324186903818,SIMULATED,NORMAL
2026-06-17T18:32:13.181018+00:00,DION_001,102429,0.606142947218414,SIMULATED,NORMAL
2026-06-17T18:32:13.191758+00:00,DION_001,102430,0.4250882077888037,SIMULATED,NORMAL
2026-06-17T18:32:13.202569+00:00,DION_001,102431,0.5899536301453064,SIMULATED,NORMAL
2026-06-17T18:32:13.213304+00:00,DION_001,102432,0.43068786530721215,SIMULATED,NORMAL
2026-06-17T18:32:13.224079+00:00,DION_001,102433,0.4187245296710631,SIMULATED,NORMAL
2026-06-17T18:32:13.234832+00:00,DION_001,102434,0.3289726989960261,SIMULATED,NORMAL
2026-06-17T18:32:13.245621+00:00,DION_001,102435,0.2698128175447622,SIMULATED,NORMAL
2026-06-17T18:32:13.256392+00:00,DION_001,102436,0.6574584220626204,SIMULATED,NORMAL
2026-06-17T18:32:13.267275+00:00,DION_001,102437,0.26027478901003703,SIMULATED,NORMAL
2026-06-17T18:32:13.278031+00:00,DION_001,102438,0.611786921212276,SIMULATED,NORMAL
2026-06-17T18:32:13.288993+00:00,DION_001,102439,0.7012433957726844,SIMULATED,NORMAL
2026-06-17T18:32:13.299467+00:00,DION_001,102440,0.4886081958780849,SIMULATED,NORMAL
2026-06-17T18:32:13.309935+00:00,DION_001,102441,0.4670764376380956,SIMULATED,NORMAL
2026-06-17T18:32:13.320411+00:00,DION_001,102442,0.9012636875129005,SIMULATED,NORMAL
2026-06-17T18:32:13.330889+00:00,DION_001,102443,0.3493750663487503,SIMULATED,NORMAL
2026-06-17T18:32:13.341202+00:00,DION_001,102444,0.7056614811871078,SIMULATED,NORMAL
2026-06-17T18:32:13.351534+00:00,DION_001,102445,0.7253804220833366,SIMULATED,NORMAL
2026-06-17T18:32:13.361884+00:00,DION_001,102446,0.5732835772834406,SIMULATED,NORMAL
2026-06-17T18:32:13.372304+00:00,DION_001,102447,0.6441359241067207,SIMULATED,NORMAL
2026-06-17T18:32:13.382799+00:00,DION_001,102448,0.6886511988997387,SIMULATED,NORMAL
2026-06-17T18:32:13.393267+00:00,DION_001,102449,0.6667950480751359,SIMULATED,NORMAL
2026-06-17T18:32:13.403806+00:00,DION_001,102450,0.823600033572901,SIMULATED,NORMAL
2026-06-17T18:32:13.414497+00:00,DION_001,102451,0.5576524596098821,SIMULATED,NORMAL
2026-06-17T18:32:13.425181+00:00,DION_001,102452,1.0001327207669244,SIMULATED,NORMAL
2026-06-17T18:32:13.435831+00:00,DION_001,102453,1.0911613940604394,SIMULATED,NORMAL
2026-06-17T18:32:13.446417+00:00,DION_001,102454,0.72512664344738,SIMULATED,NORMAL
2026-06-17T18:32:13.456974+00:00,DION_001,102455,0.8466530231739187,SIMULATED,NORMAL
2026-06-17T18:32:13.467477+00:00,DION_001,102456,0.8346873858538829,SIMULATED,NORMAL
2026-06-17T18:32:13.478141+00:00,DION_001,102457,1.000747271078646,SIMULATED,NORMAL
2026-06-17T18:32:13.488848+00:00,DION_001,102458,1.0875557927714976,SIMULATED,NORMAL
2026-06-17T18:32:13.499480+00:00,DION_001,102459,0.8759002772359035,SIMULATED,NORMAL
2026-06-17T18:32:13.509961+00:00,DION_001,102460,1.068775252222775,SIMULATED,NORMAL
2026-06-17T18:32:13.520753+00:00,DION_001,102461,1.0106945287893074,SIMULATED,NORMAL
2026-06-17T18:32:13.531595+00:00,DION_001,102462,0.7939722227906316,SIMULATED,NORMAL
2026-06-17T18:32:13.542281+00:00,DION_001,102463,0.7940805982583902,SIMULATED,NORMAL
2026-06-17T18:32:13.552978+00:00,DION_001,102464,0.8915604195176319,SIMULATED,NORMAL
2026-06-17T18:32:13.563671+00:00,DION_001,102465,0.8511681569029612,SIMULATED,NORMAL
2026-06-17T18:32:13.574550+00:00,DION_001,102466,0.7377173958918788,SIMULATED,NORMAL
2026-06-17T18:32:13.585350+00:00,DION_001,102467,0.7570599356493904,SIMULATED,NORMAL
2026-06-17T18:32:13.596018+00:00,DION_001,102468,0.8677591112499776,SIMULATED,NORMAL
2026-06-17T18:32:13.606725+00:00,DION_001,102469,1.0809109045645926,SIMULATED,NORMAL
2026-06-17T18:32:13.617381+00:00,DION_001,102470,0.9438109933329107,SIMULATED,NORMAL
2026-06-17T18:32:13.628150+00:00,DION_001,102471,0.672708572033822,SIMULATED,NORMAL
2026-06-17T18:32:13.638735+00:00,DION_001,102472,0.7135394572018716,SIMULATED,NORMAL
2026-06-17T18:32:13.649382+00:00,DION_001,102473,0.5267741802573712,SIMULATED,NORMAL
2026-06-17T18:32:13.660080+00:00,DION_001,102474,0.5802399761373858,SIMULATED,NORMAL
2026-06-17T18:32:13.670716+00:00,DION_001,102475,0.5918726114832581,SIMULATED,NORMAL
2026-06-17T18:32:13.681456+00:00,DION_001,102476,0.5993086186279465,SIMULATED,NORMAL
2026-06-17T18:32:13.692294+00:00,DION_001,102477,0.9104188221739435,SIMULATED,NORMAL
2026-06-17T18:32:13.702985+00:00,DION_001,102478,0.43011256114074137,SIMULATED,NORMAL
2026-06-17T18:32:13.713681+00:00,DION_001,102479,0.6248283406335462,SIMULATED,NORMAL
2026-06-17T18:32:13.724381+00:00,DION_001,102480,0.6631795758307949,SIMULATED,NORMAL
2026-06-17T18:32:13.735207+00:00,DION_001,102481,0.36422884001115513,SIMULATED,NORMAL
2026-06-17T18:32:13.745937+00:00,DION_001,102482,0.3751258647510578,SIMULATED,NORMAL
2026-06-17T18:32:13.756636+00:00,DION_001,102483,0.03998999556375729,SIMULATED,NORMAL
2026-06-17T18:32:13.767297+00:00,DION_001,102484,0.2535404600106452,SIMULATED,NORMAL
2026-06-17T18:32:13.777950+00:00,DION_001,102485,0.28740996434167054,SIMULATED,NORMAL
2026-06-17T18:32:13.788735+00:00,DION_001,102486,0.06317851945425564,SIMULATED,NORMAL
2026-06-17T18:32:13.799384+00:00,DION_001,102487,-0.04678711903667604,SIMULATED,NORMAL
2026-06-17T18:32:13.810186+00:00,DION_001,102488,-0.1115930407557412,SIMULATED,NORMAL
2026-06-17T18:32:13.820848+00:00,DION_001,102489,-0.18361003912945967,SIMULATED,NORMAL
2026-06-17T18:32:13.831517+00:00,DION_001,102490,-0.05154558012277011,SIMULATED,NORMAL
2026-06-17T18:32:13.842172+00:00,DION_001,102491,-0.16506284276080935,SIMULATED,NORMAL
2026-06-17T18:32:13.852804+00:00,DION_001,102492,-0.007886355102544387,SIMULATED,NORMAL
2026-06-17T18:32:13.863561+00:00,DION_001,102493,-0.20387246449609137,SIMULATED,NORMAL
2026-06-17T18:32:13.874179+00:00,DION_001,102494,-0.09052018174337007,SIMULATED,NORMAL
2026-06-17T18:32:13.884778+00:00,DION_001,102495,-0.14503562293176508,SIMULATED,NORMAL
2026-06-17T18:32:13.895327+00:00,DION_001,102496,-0.20057107112316516,SIMULATED,NORMAL
2026-06-17T18:32:13.905869+00:00,DION_001,102497,-0.22602005227135585,SIMULATED,NORMAL
2026-06-17T18:32:13.916279+00:00,DION_001,102498,-0.47978813927129804,SIMULATED,NORMAL
2026-06-17T18:32:13.926736+00:00,DION_001,102499,-0.5005750419874897,SIMULATED,NORMAL
2026-06-17T18:32:13.937129+00:00,DION_001,102500,-0.3926194086068844,SIMULATED,NORMAL
2026-06-17T18:32:13.947517+00:00,DION_001,102501,-0.3391101542265061,SIMULATED,NORMAL
2026-06-17T18:32:13.958103+00:00,DION_001,102502,-0.4597333600848854,SIMULATED,NORMAL
2026-06-17T18:32:13.968729+00:00,DION_001,102503,-0.3414970094589298,SIMULATED,NORMAL
2026-06-17T18:32:13.979512+00:00,DION_001,102504,-0.22222318938272848,SIMULATED,NORMAL
2026-06-17T18:32:13.990026+00:00,DION_001,102505,-0.18964250421837736,SIMULATED,NORMAL
2026-06-17T18:32:14.000791+00:00,DION_001,102506,-0.23866753811599123,SIMULATED,NORMAL
2026-06-17T18:32:14.011405+00:00,DION_001,102507,-0.3553116942472704,SIMULATED,NORMAL
2026-06-17T18:32:14.022093+00:00,DION_001,102508,-0.42750919562339973,SIMULATED,NORMAL
2026-06-17T18:32:14.032826+00:00,DION_001,102509,-0.2682023697156423,SIMULATED,NORMAL
2026-06-17T18:32:14.043413+00:00,DION_001,102510,-0.5914126048920171,SIMULATED,NORMAL
2026-06-17T18:32:14.054012+00:00,DION_001,102511,-0.4832655421645492,SIMULATED,NORMAL
2026-06-17T18:32:14.064691+00:00,DION_001,102512,-0.45315954383752655,SIMULATED,NORMAL
2026-06-17T18:32:14.075309+00:00,DION_001,102513,-0.322660407040959,SIMULATED,NORMAL
2026-06-17T18:32:14.085930+00:00,DION_001,102514,-0.40828053437665957,SIMULATED,NORMAL
2026-06-17T18:32:14.096357+00:00,DION_001,102515,-0.48285363570355266,SIMULATED,NORMAL
2026-06-17T18:32:14.106774+00:00,DION_001,102516,-0.3347067120589159,SIMULATED,NORMAL
2026-06-17T18:32:14.117257+00:00,DION_001,102517,-0.4231345237263191,SIMULATED,NORMAL
2026-06-17T18:32:14.127790+00:00,DION_001,102518,-0.3339389141814198,SIMULATED,NORMAL
2026-06-17T18:32:14.138341+00:00,DION_001,102519,-0.3781336519401762,SIMULATED,NORMAL
2026-06-17T18:32:14.148917+00:00,DION_001,102520,-0.3387698601696289,SIMULATED,NORMAL
2026-06-17T18:32:14.159565+00:00,DION_001,102521,-0.36732741896879284,SIMULATED,NORMAL
2026-06-17T18:32:14.170172+00:00,DION_001,102522,-0.59262685087059,SIMULATED,NORMAL
2026-06-17T18:32:14.180783+00:00,DION_001,102523,-0.2449857688142119,SIMULATED,NORMAL
2026-06-17T18:32:14.191490+00:00,DION_001,102524,0.00043809812509257307,SIMULATED,NORMAL
2026-06-17T18:32:14.202059+00:00,DION_001,102525,-0.22783007823906826,SIMULATED,NORMAL
2026-06-17T18:32:14.212672+00:00,DION_001,102526,-0.18900605960236883,SIMULATED,NORMAL
2026-06-17T18:32:14.223301+00:00,DION_001,102527,-0.05123247024850511,SIMULATED,NORMAL
2026-06-17T18:32:14.233926+00:00,DION_001,102528,0.11946287516760715,SIMULATED,NORMAL
2026-06-17T18:32:14.244711+00:00,DION_001,102529,-0.37838706793816035,SIMULATED,NORMAL
2026-06-17T18:32:14.255373+00:00,DION_001,102530,-0.006546761408820975,SIMULATED,NORMAL
2026-06-17T18:32:14.265993+00:00,DION_001,102531,0.30165514209611716,SIMULATED,NORMAL
2026-06-17T18:32:14.276618+00:00,DION_001,102532,-0.22518301095987966,SIMULATED,NORMAL
2026-06-17T18:32:14.287212+00:00,DION_001,102533,0.15240245676062927,SIMULATED,NORMAL
2026-06-17T18:32:14.297820+00:00,DION_001,102534,-0.08829127470985582,SIMULATED,NORMAL
2026-06-17T18:32:14.308499+00:00,DION_001,102535,0.07321019154827511,SIMULATED,NORMAL
2026-06-17T18:32:14.319311+00:00,DION_001,102536,-0.2936881350332545,SIMULATED,NORMAL
2026-06-17T18:32:14.330002+00:00,DION_001,102537,0.058733256212969445,SIMULATED,NORMAL
2026-06-17T18:32:14.340695+00:00,DION_001,102538,-0.12606637466949894,SIMULATED,NORMAL
2026-06-17T18:32:14.351408+00:00,DION_001,102539,-0.04873155638865785,SIMULATED,NORMAL
2026-06-17T18:32:14.362144+00:00,DION_001,102540,0.010268007551004217,SIMULATED,NORMAL
2026-06-17T18:32:14.372803+00:00,DION_001,102541,0.036958687552644934,SIMULATED,NORMAL
2026-06-17T18:32:14.383389+00:00,DION_001,102542,0.0015552365177421146,SIMULATED,NORMAL
2026-06-17T18:32:14.393874+00:00,DION_001,102543,-0.1373146810648203,SIMULATED,NORMAL
2026-06-17T18:32:14.404343+00:00,DION_001,102544,-0.17456041683386628,SIMULATED,NORMAL
2026-06-17T18:32:14.414881+00:00,DION_001,102545,0.19107149882211116,SIMULATED,NORMAL
2026-06-17T18:32:14.425232+00:00,DION_001,102546,-0.21012720872436835,SIMULATED,NORMAL
2026-06-17T18:32:14.435586+00:00,DION_001,102547,-0.10369182950547176,SIMULATED,NORMAL
2026-06-17T18:32:14.445995+00:00,DION_001,102548,-0.4815980592507752,SIMULATED,NORMAL
2026-06-17T18:32:14.456311+00:00,DION_001,102549,-0.23724393140922492,SIMULATED,NORMAL
2026-06-17T18:32:14.466750+00:00,DION_001,102550,-0.33702478275285264,SIMULATED,NORMAL
2026-06-17T18:32:14.477144+00:00,DION_001,102551,-0.19994430271011254,SIMULATED,NORMAL
2026-06-17T18:32:14.487533+00:00,DION_001,102552,-0.37362015497701373,SIMULATED,NORMAL
2026-06-17T18:32:14.497995+00:00,DION_001,102553,-0.2885239501528672,SIMULATED,NORMAL
2026-06-17T18:32:14.508672+00:00,DION_001,102554,-0.41266577111564556,SIMULATED,NORMAL
2026-06-17T18:32:14.519258+00:00,DION_001,102555,-0.2801353816275184,SIMULATED,NORMAL
2026-06-17T18:32:14.529996+00:00,DION_001,102556,-0.318180355483643,SIMULATED,NORMAL
2026-06-17T18:32:14.540759+00:00,DION_001,102557,-0.3361830848135421,SIMULATED,NORMAL
2026-06-17T18:32:14.551254+00:00,DION_001,102558,-0.3241321244565315,SIMULATED,NORMAL
2026-06-17T18:32:14.561884+00:00,DION_001,102559,-0.4476633100132099,SIMULATED,NORMAL
2026-06-17T18:32:14.572530+00:00,DION_001,102560,-0.3988660953848318,SIMULATED,NORMAL
2026-06-17T18:32:14.583173+00:00,DION_001,102561,-0.30258403220594615,SIMULATED,NORMAL
2026-06-17T18:32:14.593849+00:00,DION_001,102562,-0.8330816476760975,SIMULATED,NORMAL
2026-06-17T18:32:14.604469+00:00,DION_001,102563,-0.7361313174024099,SIMULATED,NORMAL
2026-06-17T18:32:14.615324+00:00,DION_001,102564,-0.8128639503905588,SIMULATED,NORMAL
2026-06-17T18:32:14.626002+00:00,DION_001,102565,-0.8195996441083074,SIMULATED,NORMAL
2026-06-17T18:32:14.636702+00:00,DION_001,102566,-0.6913265825805922,SIMULATED,NORMAL
2026-06-17T18:32:14.647451+00:00,DION_001,102567,-0.8727695234611973,SIMULATED,NORMAL
2026-06-17T18:32:14.658178+00:00,DION_001,102568,-1.195137139199944,SIMULATED,NORMAL
2026-06-17T18:32:14.668885+00:00,DION_001,102569,-0.9127513074412962,SIMULATED,NORMAL
2026-06-17T18:32:14.679565+00:00,DION_001,102570,-0.9960088697955567,SIMULATED,NORMAL
2026-06-17T18:32:14.690302+00:00,DION_001,102571,-1.0058917330934356,SIMULATED,NORMAL
2026-06-17T18:32:14.700992+00:00,DION_001,102572,-1.0690039808123455,SIMULATED,NORMAL
2026-06-17T18:32:14.711690+00:00,DION_001,102573,-0.881044192087843,SIMULATED,NORMAL
2026-06-17T18:32:14.722362+00:00,DION_001,102574,-1.262799454321928,SIMULATED,NORMAL
2026-06-17T18:32:14.733462+00:00,DION_001,102575,-0.9613702127435557,SIMULATED,NORMAL
2026-06-17T18:32:14.744276+00:00,DION_001,102576,-0.8450336236866284,SIMULATED,NORMAL
2026-06-17T18:32:14.754823+00:00,DION_001,102577,-1.2571755930589277,SIMULATED,NORMAL
2026-06-17T18:32:14.765309+00:00,DION_001,102578,-1.1719555540752478,SIMULATED,NORMAL
2026-06-17T18:32:14.775863+00:00,DION_001,102579,-1.1117724272077776,SIMULATED,NORMAL
2026-06-17T18:32:14.786466+00:00,DION_001,102580,-1.0921641353246563,SIMULATED,NORMAL
2026-06-17T18:32:14.797041+00:00,DION_001,102581,-1.1550080301844439,SIMULATED,NORMAL
2026-06-17T18:32:14.807618+00:00,DION_001,102582,-1.2801453105183436,SIMULATED,NORMAL
2026-06-17T18:32:14.818215+00:00,DION_001,102583,-1.0410725930704672,SIMULATED,NORMAL
2026-06-17T18:32:14.828906+00:00,DION_001,102584,-1.0664637287103509,SIMULATED,NORMAL
2026-06-17T18:32:14.839489+00:00,DION_001,102585,-1.3169147176838898,SIMULATED,NORMAL
2026-06-17T18:32:14.850088+00:00,DION_001,102586,-0.955357869563756,SIMULATED,NORMAL
2026-06-17T18:32:14.860677+00:00,DION_001,102587,-1.2384895604763835,SIMULATED,NORMAL
2026-06-17T18:32:14.871263+00:00,DION_001,102588,-1.0309516148414701,SIMULATED,NORMAL
2026-06-17T18:32:14.881876+00:00,DION_001,102589,-1.097262968748235,SIMULATED,NORMAL
2026-06-17T18:32:14.892533+00:00,DION_001,102590,-0.9987743837909407,SIMULATED,NORMAL
2026-06-17T18:32:14.903355+00:00,DION_001,102591,-1.2227429304336401,SIMULATED,NORMAL
2026-06-17T18:32:14.914154+00:00,DION_001,102592,-1.1908010938682352,SIMULATED,NORMAL
2026-06-17T18:32:14.924687+00:00,DION_001,102593,-1.117587027236174,SIMULATED,NORMAL
2026-06-17T18:32:14.935207+00:00,DION_001,102594,-0.9949779868878444,SIMULATED,NORMAL
2026-06-17T18:32:14.945696+00:00,DION_001,102595,-0.5759795875415925,SIMULATED,NORMAL
2026-06-17T18:32:14.956201+00:00,DION_001,102596,-0.9632211415850289,SIMULATED,NORMAL
2026-06-17T18:32:14.966636+00:00,DION_001,102597,-1.2944272336022526,SIMULATED,NORMAL
2026-06-17T18:32:14.977019+00:00,DION_001,102598,-0.49547251330170955,SIMULATED,NORMAL
2026-06-17T18:32:14.987663+00:00,DION_001,102599,-0.6938073024833648,SIMULATED,NORMAL
2026-06-17T18:32:14.998765+00:00,DION_001,102600,-0.6893032107457755,SIMULATED,NORMAL
2026-06-17T18:32:15.009376+00:00,DION_001,102601,-0.7073205081237772,SIMULATED,NORMAL
2026-06-17T18:32:15.019946+00:00,DION_001,102602,-0.6388190234189063,SIMULATED,NORMAL
2026-06-17T18:32:15.030497+00:00,DION_001,102603,-0.7734842403164275,SIMULATED,NORMAL
2026-06-17T18:32:15.041030+00:00,DION_001,102604,-0.840659082835477,SIMULATED,NORMAL
2026-06-17T18:32:15.051642+00:00,DION_001,102605,-0.6770364976588614,SIMULATED,NORMAL
2026-06-17T18:32:15.062242+00:00,DION_001,102606,-0.7364957419014784,SIMULATED,NORMAL
2026-06-17T18:32:15.072897+00:00,DION_001,102607,-0.3159005662731553,SIMULATED,NORMAL
2026-06-17T18:32:15.083514+00:00,DION_001,102608,-0.6033236408176286,SIMULATED,NORMAL
2026-06-17T18:32:15.094132+00:00,DION_001,102609,-0.43245770557594077,SIMULATED,NORMAL
2026-06-17T18:32:15.104826+00:00,DION_001,102610,-0.6476502150979389,SIMULATED,NORMAL
2026-06-17T18:32:15.115442+00:00,DION_001,102611,-0.49716857134471343,SIMULATED,NORMAL
2026-06-17T18:32:15.126166+00:00,DION_001,102612,2.070054694903731,SIMULATED,EVENT_DETECTED
2026-06-17T18:32:15.137117+00:00,DION_001,102613,-0.4234850174619012,SIMULATED,NORMAL
2026-06-17T18:32:15.147620+00:00,DION_001,102614,-0.20935690408747476,SIMULATED,NORMAL
2026-06-17T18:32:15.158132+00:00,DION_001,102615,-0.4424419218133702,SIMULATED,NORMAL
2026-06-17T18:32:15.168537+00:00,DION_001,102616,-0.3656402336716007,SIMULATED,NORMAL
2026-06-17T18:32:15.178985+00:00,DION_001,102617,-0.43819384757508995,SIMULATED,NORMAL
2026-06-17T18:32:15.189359+00:00,DION_001,102618,-0.2629071965647377,SIMULATED,NORMAL
2026-06-17T18:32:15.199773+00:00,DION_001,102619,-0.3509575487836266,SIMULATED,NORMAL
2026-06-17T18:32:15.210136+00:00,DION_001,102620,-0.3683149896765171,SIMULATED,NORMAL
2026-06-17T18:32:15.220627+00:00,DION_001,102621,-0.7832979268866462,SIMULATED,NORMAL
2026-06-17T18:32:15.231179+00:00,DION_001,102622,-0.28288412980992395,SIMULATED,NORMAL
2026-06-17T18:32:15.241607+00:00,DION_001,102623,-0.07960114094273496,SIMULATED,NORMAL
2026-06-17T18:32:15.252212+00:00,DION_001,102624,-0.3604772004779724,SIMULATED,NORMAL
2026-06-17T18:32:15.262749+00:00,DION_001,102625,-0.09783188649293639,SIMULATED,NORMAL
2026-06-17T18:32:15.273342+00:00,DION_001,102626,-0.3167118481645425,SIMULATED,NORMAL
2026-06-17T18:32:15.283918+00:00,DION_001,102627,-0.33130088242254724,SIMULATED,NORMAL
2026-06-17T18:32:15.294478+00:00,DION_001,102628,-0.5287843480178652,SIMULATED,NORMAL
2026-06-17T18:32:15.305060+00:00,DION_001,102629,-0.5244402337528321,SIMULATED,NORMAL
2026-06-17T18:32:15.315877+00:00,DION_001,102630,-0.23943440166270344,SIMULATED,NORMAL
2026-06-17T18:32:15.326463+00:00,DION_001,102631,-0.5164022205517889,SIMULATED,NORMAL
2026-06-17T18:32:15.337085+00:00,DION_001,102632,-0.5534689465963006,SIMULATED,NORMAL
2026-06-17T18:32:15.347695+00:00,DION_001,102633,-0.5803559191480435,SIMULATED,NORMAL
2026-06-17T18:32:15.358296+00:00,DION_001,102634,-0.5086721034317875,SIMULATED,NORMAL
2026-06-17T18:32:15.368891+00:00,DION_001,102635,-0.41746501030866545,SIMULATED,NORMAL
2026-06-17T18:32:15.379479+00:00,DION_001,102636,-0.682236470672701,SIMULATED,NORMAL
2026-06-17T18:32:15.390092+00:00,DION_001,102637,-0.6148041691450237,SIMULATED,NORMAL
2026-06-17T18:32:15.400716+00:00,DION_001,102638,-0.6634334904965575,SIMULATED,NORMAL
2026-06-17T18:32:15.411361+00:00,DION_001,102639,-0.57537190378976,SIMULATED,NORMAL
2026-06-17T18:32:15.421958+00:00,DION_001,102640,-0.7999130914495205,SIMULATED,NORMAL
2026-06-17T18:32:15.432703+00:00,DION_001,102641,-0.5325847341092214,SIMULATED,NORMAL
2026-06-17T18:32:15.443354+00:00,DION_001,102642,-0.9143288572172016,SIMULATED,NORMAL
2026-06-17T18:32:15.453986+00:00,DION_001,102643,-0.7665259335395437,SIMULATED,NORMAL
2026-06-17T18:32:15.464746+00:00,DION_001,102644,-0.9133473061015557,SIMULATED,NORMAL
2026-06-17T18:32:15.475295+00:00,DION_001,102645,-0.9495433075191524,SIMULATED,NORMAL
2026-06-17T18:32:15.485776+00:00,DION_001,102646,-1.0468641969862424,SIMULATED,NORMAL
2026-06-17T18:32:15.496249+00:00,DION_001,102647,-1.0365470076430192,SIMULATED,NORMAL
2026-06-17T18:32:15.506659+00:00,DION_001,102648,-0.9318989175475019,SIMULATED,NORMAL
2026-06-17T18:32:15.517110+00:00,DION_001,102649,-0.6955794243419982,SIMULATED,NORMAL
2026-06-17T18:32:15.527567+00:00,DION_001,102650,-0.46737444284590146,SIMULATED,NORMAL
2026-06-17T18:32:15.538284+00:00,DION_001,102651,-0.8980936555982455,SIMULATED,NORMAL
2026-06-17T18:32:15.548739+00:00,DION_001,102652,-0.8348018662900768,SIMULATED,NORMAL
2026-06-17T18:32:15.559228+00:00,DION_001,102653,-0.9034778294679658,SIMULATED,NORMAL
2026-06-17T18:32:15.569715+00:00,DION_001,102654,-0.8799845272492275,SIMULATED,NORMAL
2026-06-17T18:32:15.580274+00:00,DION_001,102655,-0.9549851856302743,SIMULATED,NORMAL
2026-06-17T18:32:15.590638+00:00,DION_001,102656,-0.9114901928382502,SIMULATED,NORMAL
2026-06-17T18:32:15.601026+00:00,DION_001,102657,-1.1924828364525593,SIMULATED,NORMAL
2026-06-17T18:32:15.611413+00:00,DION_001,102658,-0.7447675132743784,SIMULATED,NORMAL
2026-06-17T18:32:15.621769+00:00,DION_001,102659,-0.7685128934059589,SIMULATED,NORMAL
2026-06-17T18:32:15.632170+00:00,DION_001,102660,-0.8908370190435786,SIMULATED,NORMAL
2026-06-17T18:32:15.642679+00:00,DION_001,102661,-1.050621438664904,SIMULATED,NORMAL
2026-06-17T18:32:15.653159+00:00,DION_001,102662,-0.786441950680948,SIMULATED,NORMAL
2026-06-17T18:32:15.664018+00:00,DION_001,102663,-0.5509660266912249,SIMULATED,NORMAL
2026-06-17T18:32:15.674664+00:00,DION_001,102664,-0.7250007434677033,SIMULATED,NORMAL
2026-06-17T18:32:15.685314+00:00,DION_001,102665,-0.7133030121495868,SIMULATED,NORMAL
2026-06-17T18:32:15.695942+00:00,DION_001,102666,-0.8815087170101913,SIMULATED,NORMAL
2026-06-17T18:32:15.706616+00:00,DION_001,102667,-0.7149367521584379,SIMULATED,NORMAL
2026-06-17T18:32:15.717221+00:00,DION_001,102668,-0.8242985281468795,SIMULATED,NORMAL
2026-06-17T18:32:15.727986+00:00,DION_001,102669,-0.7991571335337728,SIMULATED,NORMAL
2026-06-17T18:32:15.738718+00:00,DION_001,102670,-0.4544140450178813,SIMULATED,NORMAL
2026-06-17T18:32:15.749224+00:00,DION_001,102671,-0.5894791104959357,SIMULATED,NORMAL
2026-06-17T18:32:15.759839+00:00,DION_001,102672,-0.5000266183828977,SIMULATED,NORMAL
2026-06-17T18:32:15.770495+00:00,DION_001,102673,-0.5746200739218891,SIMULATED,NORMAL
2026-06-17T18:32:15.781113+00:00,DION_001,102674,-0.2699042224568934,SIMULATED,NORMAL
2026-06-17T18:32:15.791709+00:00,DION_001,102675,-0.4599756190529289,SIMULATED,NORMAL
2026-06-17T18:32:15.802230+00:00,DION_001,102676,-0.49655578993265737,SIMULATED,NORMAL
2026-06-17T18:32:15.812698+00:00,DION_001,102677,-0.10542426193648069,SIMULATED,NORMAL
2026-06-17T18:32:15.823106+00:00,DION_001,102678,-0.34737219083557497,SIMULATED,NORMAL
2026-06-17T18:32:15.833484+00:00,DION_001,102679,-0.5807529679185774,SIMULATED,NORMAL
2026-06-17T18:32:15.843828+00:00,DION_001,102680,-0.33891832610210726,SIMULATED,NORMAL
2026-06-17T18:32:15.854200+00:00,DION_001,102681,-0.07125535234521954,SIMULATED,NORMAL
2026-06-17T18:32:15.864529+00:00,DION_001,102682,-0.22274746184504662,SIMULATED,NORMAL
2026-06-17T18:32:15.874980+00:00,DION_001,102683,0.10424290551370718,SIMULATED,NORMAL
2026-06-17T18:32:15.885405+00:00,DION_001,102684,0.04384461825135332,SIMULATED,NORMAL
2026-06-17T18:32:15.896129+00:00,DION_001,102685,-0.08340171802131036,SIMULATED,NORMAL
2026-06-17T18:32:15.906573+00:00,DION_001,102686,0.10218650714675367,SIMULATED,NORMAL
2026-06-17T18:32:15.917043+00:00,DION_001,102687,0.12102253925150062,SIMULATED,NORMAL
2026-06-17T18:32:15.927610+00:00,DION_001,102688,0.023676642226074435,SIMULATED,NORMAL
2026-06-17T18:32:15.938051+00:00,DION_001,102689,0.3171707920408315,SIMULATED,NORMAL
2026-06-17T18:32:15.948743+00:00,DION_001,102690,0.13037009474770705,SIMULATED,NORMAL
2026-06-17T18:32:15.959369+00:00,DION_001,102691,0.0649770329417973,SIMULATED,NORMAL
2026-06-17T18:32:15.970020+00:00,DION_001,102692,0.3740439775403124,SIMULATED,NORMAL
2026-06-17T18:32:15.980758+00:00,DION_001,102693,0.35552238282657667,SIMULATED,NORMAL
2026-06-17T18:32:15.991388+00:00,DION_001,102694,0.49722895638609266,SIMULATED,NORMAL
2026-06-17T18:32:16.001967+00:00,DION_001,102695,0.4497082162681044,SIMULATED,NORMAL
2026-06-17T18:32:16.012723+00:00,DION_001,102696,0.17360074387634217,SIMULATED,NORMAL
2026-06-17T18:32:16.023328+00:00,DION_001,102697,0.4073161999443807,SIMULATED,NORMAL
2026-06-17T18:32:16.033915+00:00,DION_001,102698,0.4261967545459303,SIMULATED,NORMAL
2026-06-17T18:32:16.044521+00:00,DION_001,102699,0.35885855951019785,SIMULATED,NORMAL
2026-06-17T18:32:16.055377+00:00,DION_001,102700,0.4734070833802679,SIMULATED,NORMAL
2026-06-17T18:32:16.066022+00:00,DION_001,102701,0.3879440023384335,SIMULATED,NORMAL
2026-06-17T18:32:16.076704+00:00,DION_001,102702,0.805075326738777,SIMULATED,NORMAL
2026-06-17T18:32:16.087436+00:00,DION_001,102703,0.42711497550944694,SIMULATED,NORMAL
2026-06-17T18:32:16.097963+00:00,DION_001,102704,0.6218515737944594,SIMULATED,NORMAL
2026-06-17T18:32:16.108502+00:00,DION_001,102705,0.7722560981906472,SIMULATED,NORMAL
2026-06-17T18:32:16.118992+00:00,DION_001,102706,0.7795316204094995,SIMULATED,NORMAL
2026-06-17T18:32:16.129404+00:00,DION_001,102707,0.5036444289468389,SIMULATED,NORMAL
2026-06-17T18:32:16.139886+00:00,DION_001,102708,0.18583216902419686,SIMULATED,NORMAL
2026-06-17T18:32:16.150160+00:00,DION_001,102709,0.684986003225413,SIMULATED,NORMAL
2026-06-17T18:32:16.160800+00:00,DION_001,102710,0.7431888263814419,SIMULATED,NORMAL
2026-06-17T18:32:16.171291+00:00,DION_001,102711,0.293093597548753,SIMULATED,NORMAL
2026-06-17T18:32:16.181892+00:00,DION_001,102712,0.38472384204065285,SIMULATED,NORMAL
2026-06-17T18:32:16.192469+00:00,DION_001,102713,0.4856240434302659,SIMULATED,NORMAL
2026-06-17T18:32:16.203246+00:00,DION_001,102714,0.4587044404218632,SIMULATED,NORMAL
2026-06-17T18:32:16.213976+00:00,DION_001,102715,0.5242949010068776,SIMULATED,NORMAL
2026-06-17T18:32:16.224644+00:00,DION_001,102716,0.3760685587282306,SIMULATED,NORMAL
2026-06-17T18:32:16.235153+00:00,DION_001,102717,0.4951378291116864,SIMULATED,NORMAL
2026-06-17T18:32:16.245735+00:00,DION_001,102718,0.28764435452562453,SIMULATED,NORMAL
2026-06-17T18:32:16.256284+00:00,DION_001,102719,0.4445051825278602,SIMULATED,NORMAL
2026-06-17T18:32:16.266847+00:00,DION_001,102720,0.3140362803070134,SIMULATED,NORMAL
2026-06-17T18:32:16.277324+00:00,DION_001,102721,0.31320113169753605,SIMULATED,NORMAL
2026-06-17T18:32:16.287989+00:00,DION_001,102722,0.20522748893072887,SIMULATED,NORMAL
2026-06-17T18:32:16.298663+00:00,DION_001,102723,0.3150679770250091,SIMULATED,NORMAL
2026-06-17T18:32:16.309219+00:00,DION_001,102724,0.25341082332614545,SIMULATED,NORMAL
2026-06-17T18:32:16.319797+00:00,DION_001,102725,-0.07064100463042924,SIMULATED,NORMAL
2026-06-17T18:32:16.330405+00:00,DION_001,102726,0.044161292997005386,SIMULATED,NORMAL
2026-06-17T18:32:16.341100+00:00,DION_001,102727,0.3364322253746559,SIMULATED,NORMAL
2026-06-17T18:32:16.351709+00:00,DION_001,102728,0.15754431377560738,SIMULATED,NORMAL
2026-06-17T18:32:16.362436+00:00,DION_001,102729,0.4545000533254128,SIMULATED,NORMAL
2026-06-17T18:32:16.373029+00:00,DION_001,102730,-0.1157762875199741,SIMULATED,NORMAL
2026-06-17T18:32:16.383759+00:00,DION_001,102731,0.21617987806354955,SIMULATED,NORMAL
2026-06-17T18:32:16.394343+00:00,DION_001,102732,0.2427581168634282,SIMULATED,NORMAL
2026-06-17T18:32:16.404997+00:00,DION_001,102733,0.20289672899865313,SIMULATED,NORMAL
2026-06-17T18:32:16.415584+00:00,DION_001,102734,0.1668918494300308,SIMULATED,NORMAL
2026-06-17T18:32:16.426192+00:00,DION_001,102735,0.1579151293395079,SIMULATED,NORMAL
2026-06-17T18:32:16.436822+00:00,DION_001,102736,-0.07182561955484221,SIMULATED,NORMAL
2026-06-17T18:32:16.447420+00:00,DION_001,102737,0.06889848891098824,SIMULATED,NORMAL
2026-06-17T18:32:16.458087+00:00,DION_001,102738,-2.6468673983094164,SIMULATED,EVENT_DETECTED
2026-06-17T18:32:16.469021+00:00,DION_001,102739,0.12229392602736931,SIMULATED,NORMAL
2026-06-17T18:32:16.479713+00:00,DION_001,102740,0.19415365194352793,SIMULATED,NORMAL
2026-06-17T18:32:16.490406+00:00,DION_001,102741,0.2927441305145656,SIMULATED,NORMAL
2026-06-17T18:32:16.501089+00:00,DION_001,102742,0.29550877118032254,SIMULATED,NORMAL
2026-06-17T18:32:16.511772+00:00,DION_001,102743,0.10453122329099794,SIMULATED,NORMAL
2026-06-17T18:32:16.522481+00:00,DION_001,102744,0.29398215254280613,SIMULATED,NORMAL
2026-06-17T18:32:16.533181+00:00,DION_001,102745,0.39001054180529493,SIMULATED,NORMAL
2026-06-17T18:32:16.543866+00:00,DION_001,102746,2.5973435507398137,SIMULATED,EVENT_DETECTED
2026-06-17T18:32:16.554898+00:00,DION_001,102747,0.5783991878827865,SIMULATED,NORMAL
2026-06-17T18:32:16.565659+00:00,DION_001,102748,0.5148106973930326,SIMULATED,NORMAL
2026-06-17T18:32:16.576234+00:00,DION_001,102749,0.2009443788971073,SIMULATED,NORMAL
2026-06-17T18:32:16.587165+00:00,DION_001,102750,0.26594962066304006,SIMULATED,NORMAL
2026-06-17T18:32:16.597615+00:00,DION_001,102751,0.37038231327614557,SIMULATED,NORMAL
2026-06-17T18:32:16.608153+00:00,DION_001,102752,0.5210568715477474,SIMULATED,NORMAL
2026-06-17T18:32:16.618647+00:00,DION_001,102753,0.5445570995069118,SIMULATED,NORMAL
2026-06-17T18:32:16.629138+00:00,DION_001,102754,0.6473451014204665,SIMULATED,NORMAL
2026-06-17T18:32:16.639520+00:00,DION_001,102755,0.588965567542394,SIMULATED,NORMAL
2026-06-17T18:32:16.649869+00:00,DION_001,102756,0.43337449691317237,SIMULATED,NORMAL
2026-06-17T18:32:16.660200+00:00,DION_001,102757,0.4436521721057688,SIMULATED,NORMAL
2026-06-17T18:32:16.670583+00:00,DION_001,102758,0.4562569805789682,SIMULATED,NORMAL
2026-06-17T18:32:16.681134+00:00,DION_001,102759,0.6152520460508218,SIMULATED,NORMAL
2026-06-17T18:32:16.691573+00:00,DION_001,102760,0.9091958907489466,SIMULATED,NORMAL
2026-06-17T18:32:16.701992+00:00,DION_001,102761,0.7818316114503255,SIMULATED,NORMAL
2026-06-17T18:32:16.712518+00:00,DION_001,102762,0.8464452051652039,SIMULATED,NORMAL
2026-06-17T18:32:16.723168+00:00,DION_001,102763,0.9501067738300879,SIMULATED,NORMAL
2026-06-17T18:32:16.733721+00:00,DION_001,102764,1.0058214729748636,SIMULATED,NORMAL
2026-06-17T18:32:16.744266+00:00,DION_001,102765,1.037270302329166,SIMULATED,NORMAL
2026-06-17T18:32:16.755031+00:00,DION_001,102766,1.046951966498445,SIMULATED,NORMAL
2026-06-17T18:32:16.765600+00:00,DION_001,102767,1.1209048918234463,SIMULATED,NORMAL
2026-06-17T18:32:16.776362+00:00,DION_001,102768,0.9067267611070468,SIMULATED,NORMAL
2026-06-17T18:32:16.787117+00:00,DION_001,102769,1.1549196688444485,SIMULATED,NORMAL
2026-06-17T18:32:16.797803+00:00,DION_001,102770,1.201416778783181,SIMULATED,NORMAL
2026-06-17T18:32:16.808470+00:00,DION_001,102771,1.109592454028459,SIMULATED,NORMAL
2026-06-17T18:32:16.819271+00:00,DION_001,102772,1.0869035186833915,SIMULATED,NORMAL
2026-06-17T18:32:16.829965+00:00,DION_001,102773,1.2222958395450827,SIMULATED,NORMAL
2026-06-17T18:32:16.840714+00:00,DION_001,102774,1.096347995842113,SIMULATED,NORMAL
2026-06-17T18:32:16.851415+00:00,DION_001,102775,0.9474695591412248,SIMULATED,NORMAL
2026-06-17T18:32:16.862098+00:00,DION_001,102776,1.4402840555109344,SIMULATED,NORMAL
2026-06-17T18:32:16.872673+00:00,DION_001,102777,1.1302396791630955,SIMULATED,NORMAL
2026-06-17T18:32:16.883243+00:00,DION_001,102778,0.9156260042556997,SIMULATED,NORMAL
2026-06-17T18:32:16.893810+00:00,DION_001,102779,1.2216884113287185,SIMULATED,NORMAL
2026-06-17T18:32:16.904507+00:00,DION_001,102780,1.1753624098505266,SIMULATED,NORMAL
2026-06-17T18:32:16.915362+00:00,DION_001,102781,1.2732500104603568,SIMULATED,NORMAL
2026-06-17T18:32:16.926040+00:00,DION_001,102782,1.1237613041379657,SIMULATED,NORMAL
2026-06-17T18:32:16.936700+00:00,DION_001,102783,1.1964742654492466,SIMULATED,NORMAL
2026-06-17T18:32:16.947316+00:00,DION_001,102784,1.2661159156462427,SIMULATED,NORMAL
2026-06-17T18:32:16.957991+00:00,DION_001,102785,1.300286891852654,SIMULATED,NORMAL
2026-06-17T18:32:16.968687+00:00,DION_001,102786,0.6704661980615996,SIMULATED,NORMAL
2026-06-17T18:32:16.979320+00:00,DION_001,102787,0.9085524671075126,SIMULATED,NORMAL
2026-06-17T18:32:16.989985+00:00,DION_001,102788,1.0170981025759755,SIMULATED,NORMAL
2026-06-17T18:32:17.000650+00:00,DION_001,102789,0.8593834683748223,SIMULATED,NORMAL
2026-06-17T18:32:17.011338+00:00,DION_001,102790,1.0454442882827413,SIMULATED,NORMAL
2026-06-17T18:32:17.022025+00:00,DION_001,102791,0.8128589917526082,SIMULATED,NORMAL
2026-06-17T18:32:17.032721+00:00,DION_001,102792,0.8792945352423973,SIMULATED,NORMAL
2026-06-17T18:32:17.043377+00:00,DION_001,102793,1.0992912682184253,SIMULATED,NORMAL
2026-06-17T18:32:17.054054+00:00,DION_001,102794,0.9978251188142485,SIMULATED,NORMAL
2026-06-17T18:32:17.064812+00:00,DION_001,102795,1.220191180790246,SIMULATED,NORMAL
2026-06-17T18:32:17.075423+00:00,DION_001,102796,0.9716481238810959,SIMULATED,NORMAL
2026-06-17T18:32:17.086028+00:00,DION_001,102797,0.6889850481106461,SIMULATED,NORMAL
2026-06-17T18:32:17.096728+00:00,DION_001,102798,0.7260168513098262,SIMULATED,NORMAL
2026-06-17T18:32:17.107445+00:00,DION_001,102799,0.7079478743206316,SIMULATED,NORMAL
2026-06-17T18:32:17.118121+00:00,DION_001,102800,0.7377162245844392,SIMULATED,NORMAL
2026-06-17T18:32:17.128845+00:00,DION_001,102801,0.7976202561456491,SIMULATED,NORMAL
2026-06-17T18:32:17.139549+00:00,DION_001,102802,0.6405341250009874,SIMULATED,NORMAL
2026-06-17T18:32:17.150237+00:00,DION_001,102803,0.5476389144469864,SIMULATED,NORMAL
2026-06-17T18:32:17.160954+00:00,DION_001,102804,0.6751057195152886,SIMULATED,NORMAL
2026-06-17T18:32:17.171689+00:00,DION_001,102805,0.5929770406574356,SIMULATED,NORMAL
2026-06-17T18:32:17.182399+00:00,DION_001,102806,2.898839608727548,SIMULATED,EVENT_DETECTED
2026-06-17T18:32:17.193509+00:00,DION_001,102807,0.38089541367171653,SIMULATED,NORMAL
2026-06-17T18:32:17.204195+00:00,DION_001,102808,0.6078515022983546,SIMULATED,NORMAL
2026-06-17T18:32:17.215060+00:00,DION_001,102809,0.4493806318007894,SIMULATED,NORMAL
2026-06-17T18:32:17.225931+00:00,DION_001,102810,0.12760374762111176,SIMULATED,NORMAL
2026-06-17T18:32:17.236708+00:00,DION_001,102811,0.3402285458431877,SIMULATED,NORMAL
2026-06-17T18:32:17.247348+00:00,DION_001,102812,0.22770026346812253,SIMULATED,NORMAL
2026-06-17T18:32:17.257949+00:00,DION_001,102813,0.10978413702319836,SIMULATED,NORMAL
2026-06-17T18:32:17.268417+00:00,DION_001,102814,0.668009651682592,SIMULATED,NORMAL
2026-06-17T18:32:17.278980+00:00,DION_001,102815,0.3472797329985992,SIMULATED,NORMAL
2026-06-17T18:32:17.289523+00:00,DION_001,102816,0.16128147101405896,SIMULATED,NORMAL
2026-06-17T18:32:17.300086+00:00,DION_001,102817,0.22661219842740454,SIMULATED,NORMAL
2026-06-17T18:32:17.310659+00:00,DION_001,102818,0.2884869863718245,SIMULATED,NORMAL
2026-06-17T18:32:17.321256+00:00,DION_001,102819,0.12996845074695232,SIMULATED,NORMAL
2026-06-17T18:32:17.331891+00:00,DION_001,102820,-0.08626911628339595,SIMULATED,NORMAL
2026-06-17T18:32:17.342537+00:00,DION_001,102821,0.30545772127052734,SIMULATED,NORMAL
2026-06-17T18:32:17.353096+00:00,DION_001,102822,0.04903651001969345,SIMULATED,NORMAL
2026-06-17T18:32:17.363703+00:00,DION_001,102823,0.11252049065758896,SIMULATED,NORMAL
2026-06-17T18:32:17.374306+00:00,DION_001,102824,0.4670677639786556,SIMULATED,NORMAL
2026-06-17T18:32:17.384907+00:00,DION_001,102825,0.40863393443627233,SIMULATED,NORMAL
2026-06-17T18:32:17.395553+00:00,DION_001,102826,0.5424091547102248,SIMULATED,NORMAL
2026-06-17T18:32:17.406159+00:00,DION_001,102827,0.35568926690341,SIMULATED,NORMAL
2026-06-17T18:32:17.416768+00:00,DION_001,102828,0.45629905210470906,SIMULATED,NORMAL
2026-06-17T18:32:17.427355+00:00,DION_001,102829,0.2782038081489019,SIMULATED,NORMAL
2026-06-17T18:32:17.438047+00:00,DION_001,102830,0.7497401047337324,SIMULATED,NORMAL
2026-06-17T18:32:17.448706+00:00,DION_001,102831,0.34649265029078874,SIMULATED,NORMAL
2026-06-17T18:32:17.459454+00:00,DION_001,102832,0.702874355444234,SIMULATED,NORMAL
2026-06-17T18:32:17.470138+00:00,DION_001,102833,0.5670855160766586,SIMULATED,NORMAL
2026-06-17T18:32:17.480808+00:00,DION_001,102834,0.6966749292596998,SIMULATED,NORMAL
2026-06-17T18:32:17.491524+00:00,DION_001,102835,0.37954215148976267,SIMULATED,NORMAL
2026-06-17T18:32:17.502052+00:00,DION_001,102836,0.9369928630851421,SIMULATED,NORMAL
2026-06-17T18:32:17.512528+00:00,DION_001,102837,0.997906781583871,SIMULATED,NORMAL
2026-06-17T18:32:17.523230+00:00,DION_001,102838,0.5881005885883307,SIMULATED,NORMAL
2026-06-17T18:32:17.534017+00:00,DION_001,102839,0.5904061200634994,SIMULATED,NORMAL
2026-06-17T18:32:17.544537+00:00,DION_001,102840,0.37784208716649836,SIMULATED,NORMAL
2026-06-17T18:32:17.555343+00:00,DION_001,102841,0.5887884928503804,SIMULATED,NORMAL
2026-06-17T18:32:17.566073+00:00,DION_001,102842,0.4428740671316152,SIMULATED,NORMAL
2026-06-17T18:32:17.576713+00:00,DION_001,102843,0.854605507129582,SIMULATED,NORMAL
2026-06-17T18:32:17.587349+00:00,DION_001,102844,1.2931436509834504,SIMULATED,NORMAL
2026-06-17T18:32:17.598017+00:00,DION_001,102845,0.6639304812556317,SIMULATED,NORMAL
2026-06-17T18:32:17.608750+00:00,DION_001,102846,0.6546265365423116,SIMULATED,NORMAL
2026-06-17T18:32:17.619414+00:00,DION_001,102847,0.6799336986411425,SIMULATED,NORMAL
2026-06-17T18:32:17.630055+00:00,DION_001,102848,0.9333230138334517,SIMULATED,NORMAL
2026-06-17T18:32:17.640761+00:00,DION_001,102849,0.96304460276873,SIMULATED,NORMAL
2026-06-17T18:32:17.651420+00:00,DION_001,102850,0.7017410103366973,SIMULATED,NORMAL
2026-06-17T18:32:17.662106+00:00,DION_001,102851,0.5892298271252957,SIMULATED,NORMAL
2026-06-17T18:32:17.672684+00:00,DION_001,102852,0.9302631389680444,SIMULATED,NORMAL
2026-06-17T18:32:17.683370+00:00,DION_001,102853,0.6489667757798192,SIMULATED,NORMAL
2026-06-17T18:32:17.693918+00:00,DION_001,102854,0.8099515203458508,SIMULATED,NORMAL
2026-06-17T18:32:17.704366+00:00,DION_001,102855,0.8336817260461002,SIMULATED,NORMAL
2026-06-17T18:32:17.714927+00:00,DION_001,102856,0.8905911583962346,SIMULATED,NORMAL
2026-06-17T18:32:17.725365+00:00,DION_001,102857,0.5149788320502717,SIMULATED,NORMAL
2026-06-17T18:32:17.735826+00:00,DION_001,102858,0.7917336836862128,SIMULATED,NORMAL
2026-06-17T18:32:17.746201+00:00,DION_001,102859,0.9458231736478656,SIMULATED,NORMAL
2026-06-17T18:32:17.756706+00:00,DION_001,102860,0.5469775234425011,SIMULATED,NORMAL
2026-06-17T18:32:17.767108+00:00,DION_001,102861,0.7301151103297896,SIMULATED,NORMAL
2026-06-17T18:32:17.777592+00:00,DION_001,102862,0.6026529143918159,SIMULATED,NORMAL
2026-06-17T18:32:17.788019+00:00,DION_001,102863,0.49669745452974323,SIMULATED,NORMAL
2026-06-17T18:32:17.798479+00:00,DION_001,102864,0.5982413486837966,SIMULATED,NORMAL
2026-06-17T18:32:17.808979+00:00,DION_001,102865,0.6575275755883743,SIMULATED,NORMAL
2026-06-17T18:32:17.819529+00:00,DION_001,102866,0.4943374627056574,SIMULATED,NORMAL
2026-06-17T18:32:17.830116+00:00,DION_001,102867,0.5888472321137442,SIMULATED,NORMAL
2026-06-17T18:32:17.840722+00:00,DION_001,102868,0.4620206843479261,SIMULATED,NORMAL
2026-06-17T18:32:17.851382+00:00,DION_001,102869,0.09926205717569797,SIMULATED,NORMAL
2026-06-17T18:32:17.861938+00:00,DION_001,102870,0.016511407798056876,SIMULATED,NORMAL
2026-06-17T18:32:17.872716+00:00,DION_001,102871,0.4133437941421847,SIMULATED,NORMAL
2026-06-17T18:32:17.883371+00:00,DION_001,102872,0.1719485971039167,SIMULATED,NORMAL
2026-06-17T18:32:17.894102+00:00,DION_001,102873,0.2992098470682486,SIMULATED,NORMAL
2026-06-17T18:32:17.904746+00:00,DION_001,102874,0.18618134071363918,SIMULATED,NORMAL
2026-06-17T18:32:17.915414+00:00,DION_001,102875,-0.0006400624031140112,SIMULATED,NORMAL
2026-06-17T18:32:17.926154+00:00,DION_001,102876,0.011993264669524092,SIMULATED,NORMAL
2026-06-17T18:32:17.936802+00:00,DION_001,102877,-0.35420707276696506,SIMULATED,NORMAL
2026-06-17T18:32:17.947454+00:00,DION_001,102878,-0.08983635061901975,SIMULATED,NORMAL
2026-06-17T18:32:17.958234+00:00,DION_001,102879,-0.1864355651015971,SIMULATED,NORMAL
2026-06-17T18:32:17.969117+00:00,DION_001,102880,-0.007821477001067334,SIMULATED,NORMAL
2026-06-17T18:32:17.979853+00:00,DION_001,102881,0.017463561326415633,SIMULATED,NORMAL
2026-06-17T18:32:17.990558+00:00,DION_001,102882,-0.3328742154060843,SIMULATED,NORMAL
2026-06-17T18:32:18.001127+00:00,DION_001,102883,-0.1884897370759652,SIMULATED,NORMAL
2026-06-17T18:32:18.011817+00:00,DION_001,102884,-0.286858288983902,SIMULATED,NORMAL
2026-06-17T18:32:18.022466+00:00,DION_001,102885,-0.017310522522137606,SIMULATED,NORMAL
2026-06-17T18:32:18.033154+00:00,DION_001,102886,-0.3758885362680573,SIMULATED,NORMAL
2026-06-17T18:32:18.043834+00:00,DION_001,102887,-0.3569887610794836,SIMULATED,NORMAL
2026-06-17T18:32:18.054640+00:00,DION_001,102888,-0.545958524476944,SIMULATED,NORMAL
2026-06-17T18:32:18.065293+00:00,DION_001,102889,-0.4665842232156686,SIMULATED,NORMAL
2026-06-17T18:32:18.076224+00:00,DION_001,102890,-0.2898170810132884,SIMULATED,NORMAL
2026-06-17T18:32:18.087232+00:00,DION_001,102891,-0.4501747136445544,SIMULATED,NORMAL
2026-06-17T18:32:18.097785+00:00,DION_001,102892,-0.6414058677824503,SIMULATED,NORMAL
2026-06-17T18:32:18.108626+00:00,DION_001,102893,-0.38451757556344063,SIMULATED,NORMAL
2026-06-17T18:32:18.119306+00:00,DION_001,102894,-0.5892376496033268,SIMULATED,NORMAL
2026-06-17T18:32:18.130217+00:00,DION_001,102895,1.3581618183430253,SIMULATED,NORMAL
2026-06-17T18:32:18.141207+00:00,DION_001,102896,-0.7753609340122071,SIMULATED,NORMAL
2026-06-17T18:32:18.151919+00:00,DION_001,102897,-0.7016552309131352,SIMULATED,NORMAL
2026-06-17T18:32:18.162526+00:00,DION_001,102898,-0.5021947070081287,SIMULATED,NORMAL
2026-06-17T18:32:18.173209+00:00,DION_001,102899,-0.46840153893239717,SIMULATED,NORMAL
2026-06-17T18:32:18.183899+00:00,DION_001,102900,-0.5760397094121431,SIMULATED,NORMAL
2026-06-17T18:32:18.194513+00:00,DION_001,102901,-0.6595903815855764,SIMULATED,NORMAL
2026-06-17T18:32:18.205087+00:00,DION_001,102902,-0.6365508491495262,SIMULATED,NORMAL
2026-06-17T18:32:18.215830+00:00,DION_001,102903,-0.29071722714480447,SIMULATED,NORMAL
2026-06-17T18:32:18.226572+00:00,DION_001,102904,-0.6267423343079566,SIMULATED,NORMAL
2026-06-17T18:32:18.237253+00:00,DION_001,102905,-0.4513390416283233,SIMULATED,NORMAL
2026-06-17T18:32:18.247691+00:00,DION_001,102906,-0.9246393690749255,SIMULATED,NORMAL
2026-06-17T18:32:18.258336+00:00,DION_001,102907,-0.6599607972399323,SIMULATED,NORMAL
2026-06-17T18:32:18.269014+00:00,DION_001,102908,-0.35840896875911277,SIMULATED,NORMAL
2026-06-17T18:32:18.279640+00:00,DION_001,102909,-0.5320506112461799,SIMULATED,NORMAL
2026-06-17T18:32:18.290321+00:00,DION_001,102910,-0.4973987838477931,SIMULATED,NORMAL
2026-06-17T18:32:18.301198+00:00,DION_001,102911,-0.358422927027858,SIMULATED,NORMAL
2026-06-17T18:32:18.311881+00:00,DION_001,102912,-0.31056015402083526,SIMULATED,NORMAL
2026-06-17T18:32:18.322553+00:00,DION_001,102913,-0.3829270607036762,SIMULATED,NORMAL
2026-06-17T18:32:18.333356+00:00,DION_001,102914,-0.594745833794557,SIMULATED,NORMAL
2026-06-17T18:32:18.344043+00:00,DION_001,102915,-0.3913454344538489,SIMULATED,NORMAL
2026-06-17T18:32:18.354702+00:00,DION_001,102916,-0.5361541840009573,SIMULATED,NORMAL
2026-06-17T18:32:18.365145+00:00,DION_001,102917,-0.39455052791574224,SIMULATED,NORMAL
2026-06-17T18:32:18.375816+00:00,DION_001,102918,-0.372565540397074,SIMULATED,NORMAL
2026-06-17T18:32:18.386495+00:00,DION_001,102919,-0.10379596672678801,SIMULATED,NORMAL
2026-06-17T18:32:18.397168+00:00,DION_001,102920,-0.41409490708899366,SIMULATED,NORMAL
2026-06-17T18:32:18.407845+00:00,DION_001,102921,-0.3467350675397597,SIMULATED,NORMAL
2026-06-17T18:32:18.418591+00:00,DION_001,102922,-0.4054511952808566,SIMULATED,NORMAL
2026-06-17T18:32:18.429317+00:00,DION_001,102923,-0.18185064241793422,SIMULATED,NORMAL
2026-06-17T18:32:18.440032+00:00,DION_001,102924,-0.06611340662810403,SIMULATED,NORMAL
2026-06-17T18:32:18.450615+00:00,DION_001,102925,-0.3471251700480453,SIMULATED,NORMAL
2026-06-17T18:32:18.461279+00:00,DION_001,102926,0.08910235081716639,SIMULATED,NORMAL
2026-06-17T18:32:18.471995+00:00,DION_001,102927,-0.17030706798605103,SIMULATED,NORMAL
2026-06-17T18:32:18.482580+00:00,DION_001,102928,-0.15050506529280358,SIMULATED,NORMAL
2026-06-17T18:32:18.493276+00:00,DION_001,102929,-0.22968584741211565,SIMULATED,NORMAL
2026-06-17T18:32:18.503935+00:00,DION_001,102930,0.028970992789477373,SIMULATED,NORMAL
2026-06-17T18:32:18.514646+00:00,DION_001,102931,0.03161096298261726,SIMULATED,NORMAL
2026-06-17T18:32:18.525115+00:00,DION_001,102932,-0.17094305829633027,SIMULATED,NORMAL
2026-06-17T18:32:18.535697+00:00,DION_001,102933,-0.13573755856551462,SIMULATED,NORMAL
2026-06-17T18:32:18.546382+00:00,DION_001,102934,-0.219021435468718,SIMULATED,NORMAL
2026-06-17T18:32:18.557108+00:00,DION_001,102935,-0.4060532863121145,SIMULATED,NORMAL
2026-06-17T18:32:18.567589+00:00,DION_001,102936,-0.33993084037045646,SIMULATED,NORMAL
2026-06-17T18:32:18.578417+00:00,DION_001,102937,-0.0180505354924112,SIMULATED,NORMAL
2026-06-17T18:32:18.589095+00:00,DION_001,102938,-0.3395991169785536,SIMULATED,NORMAL
2026-06-17T18:32:18.599785+00:00,DION_001,102939,-0.4439150940679619,SIMULATED,NORMAL
2026-06-17T18:32:18.610465+00:00,DION_001,102940,-0.37249212737493975,SIMULATED,NORMAL
2026-06-17T18:32:18.621138+00:00,DION_001,102941,-0.206000639259141,SIMULATED,NORMAL
2026-06-17T18:32:18.631827+00:00,DION_001,102942,-0.35227339242842065,SIMULATED,NORMAL
2026-06-17T18:32:18.642534+00:00,DION_001,102943,-0.20352234787594445,SIMULATED,NORMAL
2026-06-17T18:32:18.653266+00:00,DION_001,102944,-0.42149976492385943,SIMULATED,NORMAL
2026-06-17T18:32:18.664097+00:00,DION_001,102945,-0.3992762688354646,SIMULATED,NORMAL
2026-06-17T18:32:18.674782+00:00,DION_001,102946,-0.3155403196201871,SIMULATED,NORMAL
2026-06-17T18:32:18.685317+00:00,DION_001,102947,-0.5399132101046864,SIMULATED,NORMAL
2026-06-17T18:32:18.695988+00:00,DION_001,102948,-0.8044613505931679,SIMULATED,NORMAL
2026-06-17T18:32:18.706782+00:00,DION_001,102949,-0.7497232448480372,SIMULATED,NORMAL
2026-06-17T18:32:18.717356+00:00,DION_001,102950,-0.9602005151835958,SIMULATED,NORMAL
2026-06-17T18:32:18.728138+00:00,DION_001,102951,-0.8789304243374947,SIMULATED,NORMAL
2026-06-17T18:32:18.738890+00:00,DION_001,102952,-0.7062750880724222,SIMULATED,NORMAL
2026-06-17T18:32:18.749469+00:00,DION_001,102953,-0.8270722883224315,SIMULATED,NORMAL
2026-06-17T18:32:18.760111+00:00,DION_001,102954,-0.8899079855632354,SIMULATED,NORMAL
2026-06-17T18:32:18.770861+00:00,DION_001,102955,-0.8676450885807869,SIMULATED,NORMAL
2026-06-17T18:32:18.781368+00:00,DION_001,102956,-0.8189397361180452,SIMULATED,NORMAL
2026-06-17T18:32:18.791960+00:00,DION_001,102957,-0.6742461799653403,SIMULATED,NORMAL
2026-06-17T18:32:18.802488+00:00,DION_001,102958,-0.9259284671069559,SIMULATED,NORMAL
2026-06-17T18:32:18.812956+00:00,DION_001,102959,-0.7787656176488372,SIMULATED,NORMAL
2026-06-17T18:32:18.823428+00:00,DION_001,102960,-0.9942327274543026,SIMULATED,NORMAL
2026-06-17T18:32:18.833999+00:00,DION_001,102961,-0.9217676227014687,SIMULATED,NORMAL
2026-06-17T18:32:18.844490+00:00,DION_001,102962,-1.3284176226906892,SIMULATED,NORMAL
2026-06-17T18:32:18.855032+00:00,DION_001,102963,-0.9827847664109993,SIMULATED,NORMAL
2026-06-17T18:32:18.865380+00:00,DION_001,102964,-0.7457941869295615,SIMULATED,NORMAL
2026-06-17T18:32:18.875718+00:00,DION_001,102965,-0.9205069687643413,SIMULATED,NORMAL
2026-06-17T18:32:18.886139+00:00,DION_001,102966,-1.2492309838007252,SIMULATED,NORMAL
2026-06-17T18:32:18.896722+00:00,DION_001,102967,-1.0339188415091327,SIMULATED,NORMAL
2026-06-17T18:32:18.907384+00:00,DION_001,102968,-1.0283613366762172,SIMULATED,NORMAL
2026-06-17T18:32:18.917982+00:00,DION_001,102969,-1.1120741055590184,SIMULATED,NORMAL
2026-06-17T18:32:18.928842+00:00,DION_001,102970,-1.173676998900944,SIMULATED,NORMAL
2026-06-17T18:32:18.939459+00:00,DION_001,102971,-1.1294978745113144,SIMULATED,NORMAL
2026-06-17T18:32:18.950055+00:00,DION_001,102972,-1.246919092044582,SIMULATED,NORMAL
2026-06-17T18:32:18.960702+00:00,DION_001,102973,-1.1433979052588163,SIMULATED,NORMAL
2026-06-17T18:32:18.971372+00:00,DION_001,102974,-1.0709251307087473,SIMULATED,NORMAL
2026-06-17T18:32:18.982059+00:00,DION_001,102975,-0.9864807798812203,SIMULATED,NORMAL
2026-06-17T18:32:18.992867+00:00,DION_001,102976,-1.2097833117988896,SIMULATED,NORMAL
2026-06-17T18:32:19.003522+00:00,DION_001,102977,-1.159210069345025,SIMULATED,NORMAL
2026-06-17T18:32:19.014053+00:00,DION_001,102978,-1.0711114177089163,SIMULATED,NORMAL
2026-06-17T18:32:19.024774+00:00,DION_001,102979,-1.3134053320052386,SIMULATED,NORMAL
2026-06-17T18:32:19.035552+00:00,DION_001,102980,-0.9273281037267239,SIMULATED,NORMAL
2026-06-17T18:32:19.046300+00:00,DION_001,102981,-1.1431559938889815,SIMULATED,NORMAL
2026-06-17T18:32:19.057007+00:00,DION_001,102982,-0.800883267988226,SIMULATED,NORMAL
2026-06-17T18:32:19.067863+00:00,DION_001,102983,-1.0759395215679388,SIMULATED,NORMAL
2026-06-17T18:32:19.078446+00:00,DION_001,102984,-0.969934988763293,SIMULATED,NORMAL
2026-06-17T18:32:19.089186+00:00,DION_001,102985,-0.80760445018264,SIMULATED,NORMAL
2026-06-17T18:32:19.100057+00:00,DION_001,102986,-1.074049290932876,SIMULATED,NORMAL
2026-06-17T18:32:19.110804+00:00,DION_001,102987,-0.7973511525498802,SIMULATED,NORMAL
2026-06-17T18:32:19.121415+00:00,DION_001,102988,-0.9036086179388865,SIMULATED,NORMAL
2026-06-17T18:32:19.131928+00:00,DION_001,102989,-0.8605308606631196,SIMULATED,NORMAL
2026-06-17T18:32:19.142434+00:00,DION_001,102990,-0.7178575320496541,SIMULATED,NORMAL
2026-06-17T18:32:19.152931+00:00,DION_001,102991,-1.1097496679632182,SIMULATED,NORMAL
2026-06-17T18:32:19.163441+00:00,DION_001,102992,-0.7288384771037957,SIMULATED,NORMAL
2026-06-17T18:32:19.174250+00:00,DION_001,102993,-0.6253230313137885,SIMULATED,NORMAL
2026-06-17T18:32:19.184890+00:00,DION_001,102994,-0.9211244197775601,SIMULATED,NORMAL
2026-06-17T18:32:19.195467+00:00,DION_001,102995,-0.5559962997315276,SIMULATED,NORMAL
2026-06-17T18:32:19.206078+00:00,DION_001,102996,-0.7555164259698655,SIMULATED,NORMAL
2026-06-17T18:32:19.216662+00:00,DION_001,102997,-0.6915933523463262,SIMULATED,NORMAL
2026-06-17T18:32:19.227402+00:00,DION_001,102998,-0.6719890652262206,SIMULATED,NORMAL
2026-06-17T18:32:19.237997+00:00,DION_001,102999,-0.6645356086136546,SIMULATED,NORMAL
2026-06-17T18:32:19.248508+00:00,DION_001,103000,-0.19480699753912795,SIMULATED,NORMAL
2026-06-17T18:32:19.259308+00:00,DION_001,103001,-0.6940687916527681,SIMULATED,NORMAL
2026-06-17T18:32:19.269876+00:00,DION_001,103002,-0.5767683463033393,SIMULATED,NORMAL
2026-06-17T18:32:19.280506+00:00,DION_001,103003,-0.5916392364049134,SIMULATED,NORMAL
2026-06-17T18:32:19.291308+00:00,DION_001,103004,-0.2695970923461542,SIMULATED,NORMAL
2026-06-17T18:32:19.301962+00:00,DION_001,103005,-0.580314724634036,SIMULATED,NORMAL
2026-06-17T18:32:19.312702+00:00,DION_001,103006,-0.4627374140007805,SIMULATED,NORMAL
2026-06-17T18:32:19.323441+00:00,DION_001,103007,-0.07495031105714473,SIMULATED,NORMAL
2026-06-17T18:32:19.334069+00:00,DION_001,103008,-0.44977155659036305,SIMULATED,NORMAL
2026-06-17T18:32:19.344670+00:00,DION_001,103009,-0.21480769364436514,SIMULATED,NORMAL
2026-06-17T18:32:19.355301+00:00,DION_001,103010,-0.14259836507126303,SIMULATED,NORMAL
2026-06-17T18:32:19.365949+00:00,DION_001,103011,-0.29356652136254635,SIMULATED,NORMAL
2026-06-17T18:32:19.376668+00:00,DION_001,103012,-0.13889898861906513,SIMULATED,NORMAL
2026-06-17T18:32:19.387425+00:00,DION_001,103013,-0.07473210511019365,SIMULATED,NORMAL
2026-06-17T18:32:19.398236+00:00,DION_001,103014,-0.2608948476192283,SIMULATED,NORMAL
2026-06-17T18:32:19.408940+00:00,DION_001,103015,-0.21844053312072806,SIMULATED,NORMAL
2026-06-17T18:32:19.419477+00:00,DION_001,103016,-0.19964562069213843,SIMULATED,NORMAL
2026-06-17T18:32:19.430060+00:00,DION_001,103017,-0.01167937698793231,SIMULATED,NORMAL
2026-06-17T18:32:19.440685+00:00,DION_001,103018,-0.3342132774161817,SIMULATED,NORMAL
2026-06-17T18:32:19.451383+00:00,DION_001,103019,-0.126589987551425,SIMULATED,NORMAL
2026-06-17T18:32:19.462177+00:00,DION_001,103020,-0.22394846889366066,SIMULATED,NORMAL
2026-06-17T18:32:19.472907+00:00,DION_001,103021,-0.4966501579320245,SIMULATED,NORMAL
2026-06-17T18:32:19.483395+00:00,DION_001,103022,-0.2524794009968991,SIMULATED,NORMAL
2026-06-17T18:32:19.494082+00:00,DION_001,103023,-0.36151981190279303,SIMULATED,NORMAL
2026-06-17T18:32:19.504794+00:00,DION_001,103024,-0.4061898491390636,SIMULATED,NORMAL
2026-06-17T18:32:19.515613+00:00,DION_001,103025,-0.35288615308269883,SIMULATED,NORMAL
2026-06-17T18:32:19.526271+00:00,DION_001,103026,-0.12133294616603812,SIMULATED,NORMAL
2026-06-17T18:32:19.536955+00:00,DION_001,103027,-0.39404884033517373,SIMULATED,NORMAL
2026-06-17T18:32:19.547656+00:00,DION_001,103028,-0.4919136095600203,SIMULATED,NORMAL
2026-06-17T18:32:19.558378+00:00,DION_001,103029,-0.41696294015727026,SIMULATED,NORMAL
2026-06-17T18:32:19.569145+00:00,DION_001,103030,-0.68827417194195,SIMULATED,NORMAL
2026-06-17T18:32:19.579829+00:00,DION_001,103031,-0.5825865240024909,SIMULATED,NORMAL
2026-06-17T18:32:19.590541+00:00,DION_001,103032,-0.565048770756957,SIMULATED,NORMAL
2026-06-17T18:32:19.601190+00:00,DION_001,103033,-0.5560331616586031,SIMULATED,NORMAL
2026-06-17T18:32:19.611913+00:00,DION_001,103034,-0.5971469217606814,SIMULATED,NORMAL
2026-06-17T18:32:19.622562+00:00,DION_001,103035,-0.3216375015213094,SIMULATED,NORMAL
2026-06-17T18:32:19.633329+00:00,DION_001,103036,-0.44063425221515723,SIMULATED,NORMAL
2026-06-17T18:32:19.644033+00:00,DION_001,103037,-2.4456937166442407,SIMULATED,EVENT_DETECTED
2026-06-17T18:32:19.655294+00:00,DION_001,103038,-0.7277289229312565,SIMULATED,NORMAL
2026-06-17T18:32:19.665945+00:00,DION_001,103039,-0.5515945237515352,SIMULATED,NORMAL
2026-06-17T18:32:19.676696+00:00,DION_001,103040,-0.6970395851970952,SIMULATED,NORMAL
2026-06-17T18:32:19.687372+00:00,DION_001,103041,-0.5677302105247244,SIMULATED,NORMAL
2026-06-17T18:32:19.698068+00:00,DION_001,103042,-0.6507021808371054,SIMULATED,NORMAL
2026-06-17T18:32:19.708864+00:00,DION_001,103043,-0.5992005430152212,SIMULATED,NORMAL
2026-06-17T18:32:19.719601+00:00,DION_001,103044,2.046521292059092,SIMULATED,EVENT_DETECTED
2026-06-17T18:32:19.730500+00:00,DION_001,103045,-0.7015092564332212,SIMULATED,NORMAL
2026-06-17T18:32:19.741228+00:00,DION_001,103046,-0.5564975012552129,SIMULATED,NORMAL
2026-06-17T18:32:19.751664+00:00,DION_001,103047,-0.6893289506204279,SIMULATED,NORMAL
2026-06-17T18:32:19.762380+00:00,DION_001,103048,-0.7121528108231939,SIMULATED,NORMAL
2026-06-17T18:32:19.773053+00:00,DION_001,103049,-0.6663115123510724,SIMULATED,NORMAL
2026-06-17T18:32:19.783632+00:00,DION_001,103050,-0.5079858768414198,SIMULATED,NORMAL
2026-06-17T18:32:19.794119+00:00,DION_001,103051,-0.7115451887275993,SIMULATED,NORMAL
2026-06-17T18:32:19.804763+00:00,DION_001,103052,-0.5552703948942977,SIMULATED,NORMAL
2026-06-17T18:32:19.815474+00:00,DION_001,103053,-0.551424917053966,SIMULATED,NORMAL
2026-06-17T18:32:19.826063+00:00,DION_001,103054,-0.45179024577316146,SIMULATED,NORMAL
2026-06-17T18:32:19.836754+00:00,DION_001,103055,-0.5273903961762213,SIMULATED,NORMAL
2026-06-17T18:32:19.847434+00:00,DION_001,103056,-0.4845974755155572,SIMULATED,NORMAL
2026-06-17T18:32:19.858148+00:00,DION_001,103057,-0.6487495272504666,SIMULATED,NORMAL
2026-06-17T18:32:19.868773+00:00,DION_001,103058,-0.5939222656593265,SIMULATED,NORMAL
2026-06-17T18:32:19.879307+00:00,DION_001,103059,-0.3907005332154785,SIMULATED,NORMAL
2026-06-17T18:32:19.889793+00:00,DION_001,103060,-0.2790095828459341,SIMULATED,NORMAL
2026-06-17T18:32:19.900283+00:00,DION_001,103061,-0.45166366181818396,SIMULATED,NORMAL
2026-06-17T18:32:19.910758+00:00,DION_001,103062,-0.6565266913767858,SIMULATED,NORMAL
2026-06-17T18:32:19.921139+00:00,DION_001,103063,-0.43761371420924855,SIMULATED,NORMAL
2026-06-17T18:32:19.931610+00:00,DION_001,103064,-0.16844939291562752,SIMULATED,NORMAL
2026-06-17T18:32:19.941929+00:00,DION_001,103065,-0.34116018982867546,SIMULATED,NORMAL
2026-06-17T18:32:19.952215+00:00,DION_001,103066,-0.33754395562371914,SIMULATED,NORMAL
2026-06-17T18:32:19.962696+00:00,DION_001,103067,-0.17895405156016142,SIMULATED,NORMAL
2026-06-17T18:32:19.973126+00:00,DION_001,103068,-0.1737120673664547,SIMULATED,NORMAL
2026-06-17T18:32:19.983568+00:00,DION_001,103069,-0.04829340400366167,SIMULATED,NORMAL
2026-06-17T18:32:19.994009+00:00,DION_001,103070,-0.0509983311998614,SIMULATED,NORMAL
2026-06-17T18:32:20.004496+00:00,DION_001,103071,-0.02276970384256549,SIMULATED,NORMAL
2026-06-17T18:32:20.015146+00:00,DION_001,103072,0.17516085936917544,SIMULATED,NORMAL
2026-06-17T18:32:20.025677+00:00,DION_001,103073,0.2045914025841459,SIMULATED,NORMAL
2026-06-17T18:32:20.036682+00:00,DION_001,103074,0.3188570151574394,SIMULATED,NORMAL
2026-06-17T18:32:20.047607+00:00,DION_001,103075,-0.01547889767854016,SIMULATED,NORMAL
2026-06-17T18:32:20.058617+00:00,DION_001,103076,0.19914716291594212,SIMULATED,NORMAL
2026-06-17T18:32:20.069737+00:00,DION_001,103077,0.5813274697411922,SIMULATED,NORMAL
2026-06-17T18:32:20.080669+00:00,DION_001,103078,0.49145166427736187,SIMULATED,NORMAL
2026-06-17T18:32:20.091348+00:00,DION_001,103079,0.45042132176630323,SIMULATED,NORMAL
2026-06-17T18:32:20.101902+00:00,DION_001,103080,0.3088855687444093,SIMULATED,NORMAL
2026-06-17T18:32:20.112825+00:00,DION_001,103081,0.42017625566404093,SIMULATED,NORMAL
2026-06-17T18:32:20.123409+00:00,DION_001,103082,0.5678742928643568,SIMULATED,NORMAL
2026-06-17T18:32:20.134346+00:00,DION_001,103083,0.6034577408055055,SIMULATED,NORMAL
2026-06-17T18:32:20.145308+00:00,DION_001,103084,2.9639177901062297,SIMULATED,EVENT_DETECTED
2026-06-17T18:32:20.156421+00:00,DION_001,103085,0.4968044440806057,SIMULATED,NORMAL
2026-06-17T18:32:20.167523+00:00,DION_001,103086,0.5021127890411016,SIMULATED,NORMAL
2026-06-17T18:32:20.178470+00:00,DION_001,103087,0.675232918759628,SIMULATED,NORMAL
2026-06-17T18:32:20.189389+00:00,DION_001,103088,0.47200195813627754,SIMULATED,NORMAL
2026-06-17T18:32:20.200425+00:00,DION_001,103089,0.7497040743937299,SIMULATED,NORMAL
2026-06-17T18:32:20.211619+00:00,DION_001,103090,0.6296999575608075,SIMULATED,NORMAL
2026-06-17T18:32:20.222134+00:00,DION_001,103091,0.6539312756083856,SIMULATED,NORMAL
2026-06-17T18:32:20.232653+00:00,DION_001,103092,0.43682493255586213,SIMULATED,NORMAL
2026-06-17T18:32:20.243592+00:00,DION_001,103093,1.0161421952432215,SIMULATED,NORMAL
2026-06-17T18:32:20.254228+00:00,DION_001,103094,0.6195587018408915,SIMULATED,NORMAL
2026-06-17T18:32:20.265196+00:00,DION_001,103095,0.49103512815989403,SIMULATED,NORMAL
2026-06-17T18:32:20.276124+00:00,DION_001,103096,0.8949334991391223,SIMULATED,NORMAL
2026-06-17T18:32:20.287052+00:00,DION_001,103097,0.65379242435333,SIMULATED,NORMAL
2026-06-17T18:32:20.297975+00:00,DION_001,103098,0.69216238270701,SIMULATED,NORMAL
2026-06-17T18:32:20.309056+00:00,DION_001,103099,0.5683202498327186,SIMULATED,NORMAL
2026-06-17T18:32:20.319998+00:00,DION_001,103100,0.49039129825707983,SIMULATED,NORMAL
2026-06-17T18:32:20.330770+00:00,DION_001,103101,0.6833898273738168,SIMULATED,NORMAL
2026-06-17T18:32:20.341328+00:00,DION_001,103102,0.6436289917994131,SIMULATED,NORMAL
2026-06-17T18:32:20.351913+00:00,DION_001,103103,0.7267314207765126,SIMULATED,NORMAL
2026-06-17T18:32:20.362508+00:00,DION_001,103104,0.45353766834091636,SIMULATED,NORMAL
2026-06-17T18:32:20.373092+00:00,DION_001,103105,0.8283595553321735,SIMULATED,NORMAL
2026-06-17T18:32:20.383695+00:00,DION_001,103106,0.39394152791752257,SIMULATED,NORMAL
2026-06-17T18:32:20.394281+00:00,DION_001,103107,-2.0358477670175885,SIMULATED,EVENT_DETECTED
2026-06-17T18:32:20.405068+00:00,DION_001,103108,0.2916599401682559,SIMULATED,NORMAL
2026-06-17T18:32:20.415699+00:00,DION_001,103109,0.7592949426159267,SIMULATED,NORMAL
2026-06-17T18:32:20.426317+00:00,DION_001,103110,0.2881692890641876,SIMULATED,NORMAL
2026-06-17T18:32:20.436940+00:00,DION_001,103111,0.3277907634304824,SIMULATED,NORMAL
2026-06-17T18:32:20.447558+00:00,DION_001,103112,0.2969057037104861,SIMULATED,NORMAL
2026-06-17T18:32:20.458186+00:00,DION_001,103113,0.5090839170423278,SIMULATED,NORMAL
2026-06-17T18:32:20.468781+00:00,DION_001,103114,0.4332377618128956,SIMULATED,NORMAL
2026-06-17T18:32:20.479434+00:00,DION_001,103115,0.4167510553223333,SIMULATED,NORMAL
2026-06-17T18:32:20.490175+00:00,DION_001,103116,0.5343665970711536,SIMULATED,NORMAL
2026-06-17T18:32:20.500840+00:00,DION_001,103117,-1.8717089309550197,SIMULATED,NORMAL
2026-06-17T18:32:20.511716+00:00,DION_001,103118,0.36632692474507533,SIMULATED,NORMAL
2026-06-17T18:32:20.522320+00:00,DION_001,103119,0.016645043330809406,SIMULATED,NORMAL
2026-06-17T18:32:20.533276+00:00,DION_001,103120,0.32609794060343583,SIMULATED,NORMAL
2026-06-17T18:32:20.543785+00:00,DION_001,103121,0.483557630996437,SIMULATED,NORMAL
2026-06-17T18:32:20.554713+00:00,DION_001,103122,0.2812258792358191,SIMULATED,NORMAL
2026-06-17T18:32:20.565408+00:00,DION_001,103123,0.13999491764040253,SIMULATED,NORMAL
2026-06-17T18:32:20.576029+00:00,DION_001,103124,0.22863539471392794,SIMULATED,NORMAL
2026-06-17T18:32:20.586955+00:00,DION_001,103125,0.4348814289713422,SIMULATED,NORMAL
2026-06-17T18:32:20.598017+00:00,DION_001,103126,0.1488615205913018,SIMULATED,NORMAL
2026-06-17T18:32:20.608934+00:00,DION_001,103127,0.1086137120152339,SIMULATED,NORMAL
2026-06-17T18:32:20.619887+00:00,DION_001,103128,0.19284390422134373,SIMULATED,NORMAL
2026-06-17T18:32:20.630495+00:00,DION_001,103129,0.2822294532462928,SIMULATED,NORMAL
2026-06-17T18:32:20.641014+00:00,DION_001,103130,0.3280917131204953,SIMULATED,NORMAL
2026-06-17T18:32:20.651350+00:00,DION_001,103131,0.5209421475795685,SIMULATED,NORMAL
2026-06-17T18:32:20.661704+00:00,DION_001,103132,0.38538902170776357,SIMULATED,NORMAL
2026-06-17T18:32:20.672497+00:00,DION_001,103133,0.23611995500156002,SIMULATED,NORMAL
2026-06-17T18:32:20.683298+00:00,DION_001,103134,0.14509690536852116,SIMULATED,NORMAL
2026-06-17T18:32:20.694256+00:00,DION_001,103135,0.337074295344408,SIMULATED,NORMAL
2026-06-17T18:32:20.705200+00:00,DION_001,103136,0.1605498499550659,SIMULATED,NORMAL
2026-06-17T18:32:20.716252+00:00,DION_001,103137,0.30879061130453644,SIMULATED,NORMAL
2026-06-17T18:32:20.727481+00:00,DION_001,103138,0.47526525915384754,SIMULATED,NORMAL
2026-06-17T18:32:20.738394+00:00,DION_001,103139,0.4115520952288054,SIMULATED,NORMAL
2026-06-17T18:32:20.748951+00:00,DION_001,103140,0.6389661206908441,SIMULATED,NORMAL
2026-06-17T18:32:20.759868+00:00,DION_001,103141,0.5477872380852457,SIMULATED,NORMAL
2026-06-17T18:32:20.770561+00:00,DION_001,103142,0.5345286947412586,SIMULATED,NORMAL
2026-06-17T18:32:20.781247+00:00,DION_001,103143,0.28058509942074483,SIMULATED,NORMAL
2026-06-17T18:32:20.792195+00:00,DION_001,103144,0.4655267649408076,SIMULATED,NORMAL
2026-06-17T18:32:20.803190+00:00,DION_001,103145,0.48587359322390944,SIMULATED,NORMAL
2026-06-17T18:32:20.814200+00:00,DION_001,103146,0.4664045904135514,SIMULATED,NORMAL
2026-06-17T18:32:20.825147+00:00,DION_001,103147,0.8698462498639082,SIMULATED,NORMAL
2026-06-17T18:32:20.836279+00:00,DION_001,103148,0.7900067700277513,SIMULATED,NORMAL
2026-06-17T18:32:20.846789+00:00,DION_001,103149,0.7169738195856479,SIMULATED,NORMAL
2026-06-17T18:32:20.857309+00:00,DION_001,103150,0.9148479524070219,SIMULATED,NORMAL
2026-06-17T18:32:20.867782+00:00,DION_001,103151,0.7418481693252601,SIMULATED,NORMAL
2026-06-17T18:32:20.878279+00:00,DION_001,103152,0.8526721024478573,SIMULATED,NORMAL
2026-06-17T18:32:20.888686+00:00,DION_001,103153,1.104291153579372,SIMULATED,NORMAL
2026-06-17T18:32:20.899265+00:00,DION_001,103154,1.073913060114565,SIMULATED,NORMAL
2026-06-17T18:32:20.909864+00:00,DION_001,103155,1.1899605850024382,SIMULATED,NORMAL
2026-06-17T18:32:20.920337+00:00,DION_001,103156,1.017718664452598,SIMULATED,NORMAL
2026-06-17T18:32:20.930767+00:00,DION_001,103157,0.9336257179786847,SIMULATED,NORMAL
2026-06-17T18:32:20.941210+00:00,DION_001,103158,1.0805588722449033,SIMULATED,NORMAL
2026-06-17T18:32:20.952113+00:00,DION_001,103159,1.0693219630140127,SIMULATED,NORMAL
2026-06-17T18:32:20.962653+00:00,DION_001,103160,1.1142258395868891,SIMULATED,NORMAL
2026-06-17T18:32:20.973257+00:00,DION_001,103161,1.1889735340337368,SIMULATED,NORMAL
2026-06-17T18:32:20.983723+00:00,DION_001,103162,1.0621456689580488,SIMULATED,NORMAL
2026-06-17T18:32:20.994233+00:00,DION_001,103163,0.9438933624380604,SIMULATED,NORMAL
2026-06-17T18:32:21.004667+00:00,DION_001,103164,1.3694837852111879,SIMULATED,NORMAL
2026-06-17T18:32:21.015193+00:00,DION_001,103165,1.154575652321545,SIMULATED,NORMAL
2026-06-17T18:32:21.025500+00:00,DION_001,103166,1.014827266266925,SIMULATED,NORMAL
2026-06-17T18:32:21.035734+00:00,DION_001,103167,1.0420492021130994,SIMULATED,NORMAL
2026-06-17T18:32:21.046075+00:00,DION_001,103168,1.1391000745045645,SIMULATED,NORMAL
2026-06-17T18:32:21.056613+00:00,DION_001,103169,1.4661988042700171,SIMULATED,NORMAL
2026-06-17T18:32:21.067422+00:00,DION_001,103170,1.0686839930879,SIMULATED,NORMAL
2026-06-17T18:32:21.077827+00:00,DION_001,103171,1.0379396688058373,SIMULATED,NORMAL
2026-06-17T18:32:21.088286+00:00,DION_001,103172,1.226961577335367,SIMULATED,NORMAL
2026-06-17T18:32:21.099202+00:00,DION_001,103173,1.3253672367933258,SIMULATED,NORMAL
2026-06-17T18:32:21.110170+00:00,DION_001,103174,1.3319236827743264,SIMULATED,NORMAL
2026-06-17T18:32:21.121127+00:00,DION_001,103175,1.3781023983643221,SIMULATED,NORMAL
2026-06-17T18:32:21.131869+00:00,DION_001,103176,0.8415177296755881,SIMULATED,NORMAL
2026-06-17T18:32:21.142861+00:00,DION_001,103177,0.9206309447966422,SIMULATED,NORMAL
2026-06-17T18:32:21.153530+00:00,DION_001,103178,3.444526235102516,SIMULATED,EVENT_DETECTED
2026-06-17T18:32:21.164672+00:00,DION_001,103179,0.9554024022685345,SIMULATED,NORMAL
2026-06-17T18:32:21.175573+00:00,DION_001,103180,1.1552384227434571,SIMULATED,NORMAL
2026-06-17T18:32:21.186275+00:00,DION_001,103181,0.9614800694779286,SIMULATED,NORMAL
2026-06-17T18:32:21.197157+00:00,DION_001,103182,0.9033515443898529,SIMULATED,NORMAL
2026-06-17T18:32:21.208074+00:00,DION_001,103183,0.653492970070177,SIMULATED,NORMAL
2026-06-17T18:32:21.219053+00:00,DION_001,103184,0.7992505004010612,SIMULATED,NORMAL
2026-06-17T18:32:21.229974+00:00,DION_001,103185,0.6313236376829827,SIMULATED,NORMAL
2026-06-17T18:32:21.240924+00:00,DION_001,103186,0.6088206916986001,SIMULATED,NORMAL
2026-06-17T18:32:21.251852+00:00,DION_001,103187,0.9729511232885775,SIMULATED,NORMAL
2026-06-17T18:32:21.262781+00:00,DION_001,103188,0.37542820500775914,SIMULATED,NORMAL
2026-06-17T18:32:21.273197+00:00,DION_001,103189,0.826166955043111,SIMULATED,NORMAL
2026-06-17T18:32:21.284173+00:00,DION_001,103190,0.4937818966437848,SIMULATED,NORMAL
2026-06-17T18:32:21.294934+00:00,DION_001,103191,0.6026825492183112,SIMULATED,NORMAL
2026-06-17T18:32:21.305897+00:00,DION_001,103192,0.7632813701377561,SIMULATED,NORMAL
2026-06-17T18:32:21.316839+00:00,DION_001,103193,0.5498032157819978,SIMULATED,NORMAL
2026-06-17T18:32:21.327440+00:00,DION_001,103194,0.42188122057379984,SIMULATED,NORMAL
2026-06-17T18:32:21.338380+00:00,DION_001,103195,0.3780880206330081,SIMULATED,NORMAL
2026-06-17T18:32:21.349356+00:00,DION_001,103196,0.6703178107419868,SIMULATED,NORMAL
2026-06-17T18:32:21.360322+00:00,DION_001,103197,0.28886207412962867,SIMULATED,NORMAL
2026-06-17T18:32:21.371277+00:00,DION_001,103198,0.3367574602668505,SIMULATED,NORMAL
2026-06-17T18:32:21.382322+00:00,DION_001,103199,0.42703324954533184,SIMULATED,NORMAL
2026-06-17T18:32:21.393269+00:00,DION_001,103200,0.26006500878371674,SIMULATED,NORMAL
2026-06-17T18:32:21.403882+00:00,DION_001,103201,0.13321101480971292,SIMULATED,NORMAL
2026-06-17T18:32:21.414843+00:00,DION_001,103202,0.21919631415699314,SIMULATED,NORMAL
2026-06-17T18:32:21.425769+00:00,DION_001,103203,0.16633399726274545,SIMULATED,NORMAL
2026-06-17T18:32:21.436444+00:00,DION_001,103204,0.24400254852111622,SIMULATED,NORMAL
2026-06-17T18:32:21.447539+00:00,DION_001,103205,-0.003527088272417711,SIMULATED,NORMAL
2026-06-17T18:32:21.458074+00:00,DION_001,103206,0.1417777900341542,SIMULATED,NORMAL
2026-06-17T18:32:21.469049+00:00,DION_001,103207,0.2302979286424698,SIMULATED,NORMAL
2026-06-17T18:32:21.479704+00:00,DION_001,103208,0.28667971141325066,SIMULATED,NORMAL
2026-06-17T18:32:21.490726+00:00,DION_001,103209,0.14086472848009585,SIMULATED,NORMAL
2026-06-17T18:32:21.501165+00:00,DION_001,103210,0.12103071192407773,SIMULATED,NORMAL
2026-06-17T18:32:21.512073+00:00,DION_001,103211,0.5039887281906663,SIMULATED,NORMAL
2026-06-17T18:32:21.523027+00:00,DION_001,103212,0.05380850840027826,SIMULATED,NORMAL
2026-06-17T18:32:21.533954+00:00,DION_001,103213,0.3145535638128499,SIMULATED,NORMAL
2026-06-17T18:32:21.544971+00:00,DION_001,103214,0.3191287456058303,SIMULATED,NORMAL
2026-06-17T18:32:21.555923+00:00,DION_001,103215,0.2535532308720661,SIMULATED,NORMAL
2026-06-17T18:32:21.566962+00:00,DION_001,103216,0.2622395068872553,SIMULATED,NORMAL
2026-06-17T18:32:21.577675+00:00,DION_001,103217,0.1756281829838714,SIMULATED,NORMAL
2026-06-17T18:32:21.588698+00:00,DION_001,103218,0.3006182794854484,SIMULATED,NORMAL
2026-06-17T18:32:21.599682+00:00,DION_001,103219,0.4097583693651056,SIMULATED,NORMAL
2026-06-17T18:32:21.610640+00:00,DION_001,103220,0.17976700810543367,SIMULATED,NORMAL
2026-06-17T18:32:21.621342+00:00,DION_001,103221,0.1519318986481455,SIMULATED,NORMAL
2026-06-17T18:32:21.632284+00:00,DION_001,103222,0.2866980278459,SIMULATED,NORMAL
2026-06-17T18:32:21.643239+00:00,DION_001,103223,0.1190823385967732,SIMULATED,NORMAL
2026-06-17T18:32:21.654185+00:00,DION_001,103224,0.4621900862289595,SIMULATED,NORMAL
2026-06-17T18:32:21.665129+00:00,DION_001,103225,0.32234263647085587,SIMULATED,NORMAL
2026-06-17T18:32:21.676163+00:00,DION_001,103226,0.4637757637173503,SIMULATED,NORMAL
2026-06-17T18:32:21.686881+00:00,DION_001,103227,0.684943055022369,SIMULATED,NORMAL
2026-06-17T18:32:21.697803+00:00,DION_001,103228,0.6580143914545808,SIMULATED,NORMAL
2026-06-17T18:32:21.708774+00:00,DION_001,103229,0.4827218644088807,SIMULATED,NORMAL
2026-06-17T18:32:21.719409+00:00,DION_001,103230,0.33969542922009877,SIMULATED,NORMAL
2026-06-17T18:32:21.730359+00:00,DION_001,103231,0.37286262273840376,SIMULATED,NORMAL
2026-06-17T18:32:21.741082+00:00,DION_001,103232,0.8870695039532793,SIMULATED,NORMAL
2026-06-17T18:32:21.751827+00:00,DION_001,103233,0.5611226426485101,SIMULATED,NORMAL
2026-06-17T18:32:21.762542+00:00,DION_001,103234,0.27589176481216193,SIMULATED,NORMAL
2026-06-17T18:32:21.773717+00:00,DION_001,103235,0.5505996441764446,SIMULATED,NORMAL
2026-06-17T18:32:21.784845+00:00,DION_001,103236,0.6003207727965129,SIMULATED,NORMAL
2026-06-17T18:32:21.795940+00:00,DION_001,103237,0.7972238011351924,SIMULATED,NORMAL
2026-06-17T18:32:21.806864+00:00,DION_001,103238,0.5329932565747567,SIMULATED,NORMAL
2026-06-17T18:32:21.817902+00:00,DION_001,103239,0.6701851341250635,SIMULATED,NORMAL
2026-06-17T18:32:21.828818+00:00,DION_001,103240,0.8374800337923975,SIMULATED,NORMAL
2026-06-17T18:32:21.839715+00:00,DION_001,103241,0.5804360035214918,SIMULATED,NORMAL
2026-06-17T18:32:21.850682+00:00,DION_001,103242,0.8406633782663572,SIMULATED,NORMAL
2026-06-17T18:32:21.861600+00:00,DION_001,103243,0.45126972019921424,SIMULATED,NORMAL
2026-06-17T18:32:21.872167+00:00,DION_001,103244,0.6382441973446528,SIMULATED,NORMAL
2026-06-17T18:32:21.883508+00:00,DION_001,103245,0.6211628739070956,SIMULATED,NORMAL
2026-06-17T18:32:21.894469+00:00,DION_001,103246,0.17836990064984215,SIMULATED,NORMAL
2026-06-17T18:32:21.905110+00:00,DION_001,103247,0.3660587138688386,SIMULATED,NORMAL
2026-06-17T18:32:21.915753+00:00,DION_001,103248,0.2950080634201787,SIMULATED,NORMAL
2026-06-17T18:32:21.926453+00:00,DION_001,103249,0.5303341636772835,SIMULATED,NORMAL
2026-06-17T18:32:21.937100+00:00,DION_001,103250,0.4694244734232703,SIMULATED,NORMAL
2026-06-17T18:32:21.947557+00:00,DION_001,103251,0.5140927600961571,SIMULATED,NORMAL
2026-06-17T18:32:21.958081+00:00,DION_001,103252,0.4227771609478272,SIMULATED,NORMAL
2026-06-17T18:32:21.968957+00:00,DION_001,103253,0.27196395539899504,SIMULATED,NORMAL
2026-06-17T18:32:21.979529+00:00,DION_001,103254,0.26430036148027103,SIMULATED,NORMAL
2026-06-17T18:32:21.990495+00:00,DION_001,103255,0.1165652918120478,SIMULATED,NORMAL
2026-06-17T18:32:22.001394+00:00,DION_001,103256,0.11561838457986812,SIMULATED,NORMAL
2026-06-17T18:32:22.013717+00:00,DION_001,103257,0.06139607443709756,SIMULATED,NORMAL
2026-06-17T18:32:22.024685+00:00,DION_001,103258,0.28821162240093523,SIMULATED,NORMAL
2026-06-17T18:32:22.035339+00:00,DION_001,103259,-0.1256433464679349,SIMULATED,NORMAL
2026-06-17T18:32:22.045876+00:00,DION_001,103260,-0.2818017463295333,SIMULATED,NORMAL
2026-06-17T18:32:22.056413+00:00,DION_001,103261,0.0391010861446963,SIMULATED,NORMAL
2026-06-17T18:32:22.067120+00:00,DION_001,103262,0.06743190093436453,SIMULATED,NORMAL
2026-06-17T18:32:22.077556+00:00,DION_001,103263,-0.3323253715240617,SIMULATED,NORMAL
2026-06-17T18:32:22.088092+00:00,DION_001,103264,-0.32968459303820646,SIMULATED,NORMAL
2026-06-17T18:32:22.098490+00:00,DION_001,103265,-0.3181047662362307,SIMULATED,NORMAL
2026-06-17T18:32:22.108921+00:00,DION_001,103266,-0.2485740334984401,SIMULATED,NORMAL
2026-06-17T18:32:22.119447+00:00,DION_001,103267,-0.3519858211980636,SIMULATED,NORMAL
2026-06-17T18:32:22.129869+00:00,DION_001,103268,-0.3133526036311261,SIMULATED,NORMAL
2026-06-17T18:32:22.140612+00:00,DION_001,103269,-0.3242982857950204,SIMULATED,NORMAL
2026-06-17T18:32:22.151180+00:00,DION_001,103270,-0.29539464577111285,SIMULATED,NORMAL
2026-06-17T18:32:22.161585+00:00,DION_001,103271,-0.4640397113255871,SIMULATED,NORMAL
2026-06-17T18:32:22.172072+00:00,DION_001,103272,-0.38005937443883714,SIMULATED,NORMAL
2026-06-17T18:32:22.182634+00:00,DION_001,103273,-0.4874598301892715,SIMULATED,NORMAL
2026-06-17T18:32:22.193185+00:00,DION_001,103274,-0.7454697478010395,SIMULATED,NORMAL
2026-06-17T18:32:22.203740+00:00,DION_001,103275,-0.6085390898821247,SIMULATED,NORMAL
2026-06-17T18:32:22.214396+00:00,DION_001,103276,2.327819750010838,SIMULATED,EVENT_DETECTED
2026-06-17T18:32:22.225395+00:00,DION_001,103277,-0.6947483202121237,SIMULATED,NORMAL
2026-06-17T18:32:22.235941+00:00,DION_001,103278,-0.5823593268047318,SIMULATED,NORMAL
2026-06-17T18:32:22.246509+00:00,DION_001,103279,-0.4489146720745693,SIMULATED,NORMAL
2026-06-17T18:32:22.257068+00:00,DION_001,103280,-0.8316836534927021,SIMULATED,NORMAL
2026-06-17T18:32:22.267638+00:00,DION_001,103281,-0.5765454024219774,SIMULATED,NORMAL
2026-06-17T18:32:22.278203+00:00,DION_001,103282,-0.7105135811343082,SIMULATED,NORMAL
2026-06-17T18:32:22.288769+00:00,DION_001,103283,-0.45195243886594083,SIMULATED,NORMAL
2026-06-17T18:32:22.299350+00:00,DION_001,103284,-0.7260859391701548,SIMULATED,NORMAL
2026-06-17T18:32:22.310050+00:00,DION_001,103285,-1.0007901488073285,SIMULATED,NORMAL
2026-06-17T18:32:22.320655+00:00,DION_001,103286,-0.888750529738467,SIMULATED,NORMAL
2026-06-17T18:32:22.331262+00:00,DION_001,103287,-0.9202838974735701,SIMULATED,NORMAL
2026-06-17T18:32:22.341900+00:00,DION_001,103288,-0.8019934569772488,SIMULATED,NORMAL
2026-06-17T18:32:22.352491+00:00,DION_001,103289,-0.7912216922803417,SIMULATED,NORMAL
2026-06-17T18:32:22.363264+00:00,DION_001,103290,-0.7712346684660205,SIMULATED,NORMAL
2026-06-17T18:32:22.373957+00:00,DION_001,103291,-1.0216474904134463,SIMULATED,NORMAL
2026-06-17T18:32:22.384675+00:00,DION_001,103292,-0.7537944526574293,SIMULATED,NORMAL
2026-06-17T18:32:22.395301+00:00,DION_001,103293,-0.709246630859316,SIMULATED,NORMAL
2026-06-17T18:32:22.405924+00:00,DION_001,103294,-0.8477684997565067,SIMULATED,NORMAL
2026-06-17T18:32:22.416528+00:00,DION_001,103295,-0.8012129265086614,SIMULATED,NORMAL
2026-06-17T18:32:22.427308+00:00,DION_001,103296,-0.5243654860024151,SIMULATED,NORMAL
2026-06-17T18:32:22.437901+00:00,DION_001,103297,-0.7899354936641687,SIMULATED,NORMAL
2026-06-17T18:32:22.448434+00:00,DION_001,103298,-0.7204569725906529,SIMULATED,NORMAL
2026-06-17T18:32:22.459478+00:00,DION_001,103299,-0.4284305991483994,SIMULATED,NORMAL
2026-06-17T18:32:22.470451+00:00,DION_001,103300,-0.7792525733921154,SIMULATED,NORMAL
2026-06-17T18:32:22.481594+00:00,DION_001,103301,-0.549541414589952,SIMULATED,NORMAL
2026-06-17T18:32:22.492704+00:00,DION_001,103302,-0.47330628487783855,SIMULATED,NORMAL
2026-06-17T18:32:22.503632+00:00,DION_001,103303,-0.5038202911959895,SIMULATED,NORMAL
2026-06-17T18:32:22.514249+00:00,DION_001,103304,-0.6783020371163119,SIMULATED,NORMAL
2026-06-17T18:32:22.524989+00:00,DION_001,103305,-0.6301777595009675,SIMULATED,NORMAL
2026-06-17T18:32:22.535967+00:00,DION_001,103306,-0.44006885754438524,SIMULATED,NORMAL
2026-06-17T18:32:22.546525+00:00,DION_001,103307,-0.3570815322011129,SIMULATED,NORMAL
2026-06-17T18:32:22.557512+00:00,DION_001,103308,-0.39176715470876255,SIMULATED,NORMAL
2026-06-17T18:32:22.568463+00:00,DION_001,103309,-0.3292375990707789,SIMULATED,NORMAL
2026-06-17T18:32:22.579523+00:00,DION_001,103310,-0.024465937637298374,SIMULATED,NORMAL
2026-06-17T18:32:22.590477+00:00,DION_001,103311,-0.30828394965146727,SIMULATED,NORMAL
2026-06-17T18:32:22.601417+00:00,DION_001,103312,-0.6083446983462752,SIMULATED,NORMAL
2026-06-17T18:32:22.612431+00:00,DION_001,103313,-0.24635396645379098,SIMULATED,NORMAL
2026-06-17T18:32:22.623133+00:00,DION_001,103314,-0.17616391996638534,SIMULATED,NORMAL
2026-06-17T18:32:22.634115+00:00,DION_001,103315,-0.12915554210756164,SIMULATED,NORMAL
2026-06-17T18:32:22.645104+00:00,DION_001,103316,-0.3726748650178509,SIMULATED,NORMAL
2026-06-17T18:32:22.655792+00:00,DION_001,103317,-0.5811614366373594,SIMULATED,NORMAL
2026-06-17T18:32:22.666791+00:00,DION_001,103318,-0.04355837878475577,SIMULATED,NORMAL
2026-06-17T18:32:22.677739+00:00,DION_001,103319,-0.33063890838134435,SIMULATED,NORMAL
2026-06-17T18:32:22.688714+00:00,DION_001,103320,-0.4677789822545616,SIMULATED,NORMAL
2026-06-17T18:32:22.699630+00:00,DION_001,103321,-0.3242482742083823,SIMULATED,NORMAL
2026-06-17T18:32:22.710611+00:00,DION_001,103322,-0.1577913254512366,SIMULATED,NORMAL
2026-06-17T18:32:22.721557+00:00,DION_001,103323,-0.4302857014741681,SIMULATED,NORMAL
2026-06-17T18:32:22.732310+00:00,DION_001,103324,-0.268518166791761,SIMULATED,NORMAL
2026-06-17T18:32:22.743594+00:00,DION_001,103325,-0.15921476497135773,SIMULATED,NORMAL
2026-06-17T18:32:22.754539+00:00,DION_001,103326,-0.26355924245475426,SIMULATED,NORMAL
2026-06-17T18:32:22.765111+00:00,DION_001,103327,-0.4001342595841134,SIMULATED,NORMAL
2026-06-17T18:32:22.776059+00:00,DION_001,103328,-0.48856458450327533,SIMULATED,NORMAL
2026-06-17T18:32:22.787049+00:00,DION_001,103329,-0.19278731080794848,SIMULATED,NORMAL
2026-06-17T18:32:22.798013+00:00,DION_001,103330,-0.27908271765825077,SIMULATED,NORMAL
2026-06-17T18:32:22.809251+00:00,DION_001,103331,-0.3187154673222109,SIMULATED,NORMAL
2026-06-17T18:32:22.820374+00:00,DION_001,103332,-0.5278470193456142,SIMULATED,NORMAL
2026-06-17T18:32:22.831587+00:00,DION_001,103333,-0.41722038780826165,SIMULATED,NORMAL
2026-06-17T18:32:22.842265+00:00,DION_001,103334,-0.6391756738840462,SIMULATED,NORMAL
2026-06-17T18:32:22.853207+00:00,DION_001,103335,-0.3669255926517585,SIMULATED,NORMAL
2026-06-17T18:32:22.864116+00:00,DION_001,103336,-0.5291487024489413,SIMULATED,NORMAL
2026-06-17T18:32:22.874760+00:00,DION_001,103337,-0.5833354862135623,SIMULATED,NORMAL
2026-06-17T18:32:22.885753+00:00,DION_001,103338,-0.6697588544504097,SIMULATED,NORMAL
2026-06-17T18:32:22.896699+00:00,DION_001,103339,-0.6746752648697341,SIMULATED,NORMAL
2026-06-17T18:32:22.907673+00:00,DION_001,103340,-0.4612666835043813,SIMULATED,NORMAL
2026-06-17T18:32:22.918802+00:00,DION_001,103341,-0.6610930411297046,SIMULATED,NORMAL
2026-06-17T18:32:22.929937+00:00,DION_001,103342,-0.8115464524656416,SIMULATED,NORMAL
2026-06-17T18:32:22.941102+00:00,DION_001,103343,-0.74658657180622,SIMULATED,NORMAL
2026-06-17T18:32:22.951719+00:00,DION_001,103344,-0.8760049200039771,SIMULATED,NORMAL
2026-06-17T18:32:22.962418+00:00,DION_001,103345,-0.7926294203250721,SIMULATED,NORMAL
2026-06-17T18:32:22.973086+00:00,DION_001,103346,-4.079934180575611,SIMULATED,EVENT_DETECTED
2026-06-17T18:32:22.984249+00:00,DION_001,103347,-1.102991401299161,SIMULATED,NORMAL
2026-06-17T18:32:22.995182+00:00,DION_001,103348,-1.0294655187055843,SIMULATED,NORMAL
2026-06-17T18:32:23.006275+00:00,DION_001,103349,-1.5500438441560522,SIMULATED,NORMAL
2026-06-17T18:32:23.017341+00:00,DION_001,103350,-1.072707941704255,SIMULATED,NORMAL
2026-06-17T18:32:23.027941+00:00,DION_001,103351,-0.9567264356060623,SIMULATED,NORMAL
2026-06-17T18:32:23.038876+00:00,DION_001,103352,-1.271023816177372,SIMULATED,NORMAL
2026-06-17T18:32:23.049792+00:00,DION_001,103353,-1.1877810602414849,SIMULATED,NORMAL
2026-06-17T18:32:23.060691+00:00,DION_001,103354,-1.2614697426062498,SIMULATED,NORMAL
2026-06-17T18:32:23.071630+00:00,DION_001,103355,-1.2921506804608267,SIMULATED,NORMAL
2026-06-17T18:32:23.082588+00:00,DION_001,103356,-1.262212354136579,SIMULATED,NORMAL
2026-06-17T18:32:23.093578+00:00,DION_001,103357,-1.3959331379755333,SIMULATED,NORMAL
2026-06-17T18:32:23.104508+00:00,DION_001,103358,-1.0044461277299273,SIMULATED,NORMAL
2026-06-17T18:32:23.115649+00:00,DION_001,103359,-1.3386241425581982,SIMULATED,NORMAL
2026-06-17T18:32:23.126612+00:00,DION_001,103360,-1.248335170755442,SIMULATED,NORMAL
2026-06-17T18:32:23.137532+00:00,DION_001,103361,-1.112396005942334,SIMULATED,NORMAL
2026-06-17T18:32:23.148484+00:00,DION_001,103362,-1.1433671905938823,SIMULATED,NORMAL
2026-06-17T18:32:23.159160+00:00,DION_001,103363,-1.2074920787606842,SIMULATED,NORMAL
2026-06-17T18:32:23.169648+00:00,DION_001,103364,-1.1744449571572249,SIMULATED,NORMAL
2026-06-17T18:32:23.180173+00:00,DION_001,103365,-1.1949551923762483,SIMULATED,NORMAL
2026-06-17T18:32:23.190703+00:00,DION_001,103366,-1.1742025750601677,SIMULATED,NORMAL
2026-06-17T18:32:23.201248+00:00,DION_001,103367,-0.9227566849889917,SIMULATED,NORMAL
2026-06-17T18:32:23.211783+00:00,DION_001,103368,-0.956091096143155,SIMULATED,NORMAL
2026-06-17T18:32:23.222386+00:00,DION_001,103369,-1.209565192308296,SIMULATED,NORMAL
2026-06-17T18:32:23.232787+00:00,DION_001,103370,-1.053063982142237,SIMULATED,NORMAL
2026-06-17T18:32:23.243087+00:00,DION_001,103371,-1.0622774258057468,SIMULATED,NORMAL
2026-06-17T18:32:23.253614+00:00,DION_001,103372,-0.7722771326122346,SIMULATED,NORMAL
2026-06-17T18:32:23.264358+00:00,DION_001,103373,-0.9542748853510628,SIMULATED,NORMAL
2026-06-17T18:32:23.274803+00:00,DION_001,103374,-0.8984585115448114,SIMULATED,NORMAL
2026-06-17T18:32:23.285230+00:00,DION_001,103375,-1.0095681401057481,SIMULATED,NORMAL
2026-06-17T18:32:23.295704+00:00,DION_001,103376,-0.7526947603068782,SIMULATED,NORMAL
2026-06-17T18:32:23.306234+00:00,DION_001,103377,-0.6766015087664733,SIMULATED,NORMAL
2026-06-17T18:32:23.317111+00:00,DION_001,103378,-0.689420913172791,SIMULATED,NORMAL
2026-06-17T18:32:23.328076+00:00,DION_001,103379,-0.7647780102317547,SIMULATED,NORMAL
2026-06-17T18:32:23.338961+00:00,DION_001,103380,-0.5858350492471252,SIMULATED,NORMAL
2026-06-17T18:32:23.349453+00:00,DION_001,103381,-0.9154669736628473,SIMULATED,NORMAL
2026-06-17T18:32:23.360361+00:00,DION_001,103382,-0.6079220569869679,SIMULATED,NORMAL
2026-06-17T18:32:23.371407+00:00,DION_001,103383,-1.027535554862534,SIMULATED,NORMAL
2026-06-17T18:32:23.381993+00:00,DION_001,103384,-0.5493135080852553,SIMULATED,NORMAL
2026-06-17T18:32:23.393165+00:00,DION_001,103385,-0.2684351516273708,SIMULATED,NORMAL
2026-06-17T18:32:23.404095+00:00,DION_001,103386,-0.46724532095969323,SIMULATED,NORMAL
2026-06-17T18:32:23.414899+00:00,DION_001,103387,-0.3463118315542766,SIMULATED,NORMAL
2026-06-17T18:32:23.425921+00:00,DION_001,103388,-0.5675617726799244,SIMULATED,NORMAL
2026-06-17T18:32:23.436700+00:00,DION_001,103389,-0.6303585173908837,SIMULATED,NORMAL
2026-06-17T18:32:23.447663+00:00,DION_001,103390,-0.5931408995447257,SIMULATED,NORMAL
2026-06-17T18:32:23.458263+00:00,DION_001,103391,-0.20821631458039058,SIMULATED,NORMAL
2026-06-17T18:32:23.469201+00:00,DION_001,103392,0.11716340970536354,SIMULATED,NORMAL
2026-06-17T18:32:23.480135+00:00,DION_001,103393,-0.5722343985119508,SIMULATED,NORMAL
2026-06-17T18:32:23.491154+00:00,DION_001,103394,-0.36563866227305075,SIMULATED,NORMAL
2026-06-17T18:32:23.502162+00:00,DION_001,103395,-0.2932590769412832,SIMULATED,NORMAL
2026-06-17T18:32:23.513139+00:00,DION_001,103396,-0.15962370487680175,SIMULATED,NORMAL
2026-06-17T18:32:23.524386+00:00,DION_001,103397,-0.32913354998968863,SIMULATED,NORMAL
2026-06-17T18:32:23.535462+00:00,DION_001,103398,-0.30585606186525904,SIMULATED,NORMAL
2026-06-17T18:32:23.546182+00:00,DION_001,103399,-0.2089450473600963,SIMULATED,NORMAL
2026-06-17T18:32:23.557070+00:00,DION_001,103400,-0.21013311181791047,SIMULATED,NORMAL
2026-06-17T18:32:23.568020+00:00,DION_001,103401,-0.14200689449531548,SIMULATED,NORMAL
2026-06-17T18:32:23.578973+00:00,DION_001,103402,-0.15331378387409703,SIMULATED,NORMAL
2026-06-17T18:32:23.589879+00:00,DION_001,103403,-0.39043854311051795,SIMULATED,NORMAL
2026-06-17T18:32:23.600844+00:00,DION_001,103404,-0.17606454895358242,SIMULATED,NORMAL
2026-06-17T18:32:23.611829+00:00,DION_001,103405,-0.39190332751347323,SIMULATED,NORMAL
2026-06-17T18:32:23.622536+00:00,DION_001,103406,-0.07233581254619395,SIMULATED,NORMAL
2026-06-17T18:32:23.633495+00:00,DION_001,103407,-0.1650721477143639,SIMULATED,NORMAL
2026-06-17T18:32:23.644461+00:00,DION_001,103408,-0.23861271184612443,SIMULATED,NORMAL
2026-06-17T18:32:23.655354+00:00,DION_001,103409,-0.15438662648228832,SIMULATED,NORMAL
2026-06-17T18:32:23.666285+00:00,DION_001,103410,-0.1392360436511339,SIMULATED,NORMAL
2026-06-17T18:32:23.677345+00:00,DION_001,103411,-0.2842147134216242,SIMULATED,NORMAL
2026-06-17T18:32:23.688272+00:00,DION_001,103412,-0.15925979686752392,SIMULATED,NORMAL
2026-06-17T18:32:23.699246+00:00,DION_001,103413,-0.307192450763168,SIMULATED,NORMAL
2026-06-17T18:32:23.710303+00:00,DION_001,103414,-0.35802485590873523,SIMULATED,NORMAL
2026-06-17T18:32:23.721271+00:00,DION_001,103415,-0.2008887212551003,SIMULATED,NORMAL
2026-06-17T18:32:23.732205+00:00,DION_001,103416,-0.3861452701283401,SIMULATED,NORMAL
2026-06-17T18:32:23.743548+00:00,DION_001,103417,-0.34291246403991205,SIMULATED,NORMAL
2026-06-17T18:32:23.754501+00:00,DION_001,103418,-0.5911018654760254,SIMULATED,NORMAL
2026-06-17T18:32:23.765081+00:00,DION_001,103419,-0.47365762973918024,SIMULATED,NORMAL
2026-06-17T18:32:23.776042+00:00,DION_001,103420,-0.6152513975288233,SIMULATED,NORMAL
2026-06-17T18:32:23.786964+00:00,DION_001,103421,-0.2147725565375125,SIMULATED,NORMAL
2026-06-17T18:32:23.797924+00:00,DION_001,103422,-0.20023266857705538,SIMULATED,NORMAL
2026-06-17T18:32:23.808837+00:00,DION_001,103423,-0.5420185983190502,SIMULATED,NORMAL
2026-06-17T18:32:23.819941+00:00,DION_001,103424,-0.5562501691655929,SIMULATED,NORMAL
2026-06-17T18:32:23.830887+00:00,DION_001,103425,-0.5814248880327312,SIMULATED,NORMAL
2026-06-17T18:32:23.841534+00:00,DION_001,103426,-0.3219022915954993,SIMULATED,NORMAL
2026-06-17T18:32:23.852730+00:00,DION_001,103427,-0.4396867552317818,SIMULATED,NORMAL
2026-06-17T18:32:23.863655+00:00,DION_001,103428,-0.42570284469947084,SIMULATED,NORMAL
2026-06-17T18:32:23.874626+00:00,DION_001,103429,-0.4205981297131857,SIMULATED,NORMAL
2026-06-17T18:32:23.885524+00:00,DION_001,103430,-0.3617032573766584,SIMULATED,NORMAL
2026-06-17T18:32:23.896487+00:00,DION_001,103431,-0.33510504358069704,SIMULATED,NORMAL
2026-06-17T18:32:23.907573+00:00,DION_001,103432,-0.33681498685596756,SIMULATED,NORMAL
2026-06-17T18:32:23.918644+00:00,DION_001,103433,-0.5843506122766305,SIMULATED,NORMAL
2026-06-17T18:32:23.929684+00:00,DION_001,103434,-0.44442341543367186,SIMULATED,NORMAL
2026-06-17T18:32:23.940389+00:00,DION_001,103435,-0.7353336831206829,SIMULATED,NORMAL
2026-06-17T18:32:23.951249+00:00,DION_001,103436,-0.6303925497012363,SIMULATED,NORMAL
2026-06-17T18:32:23.961733+00:00,DION_001,103437,-0.18216275446248564,SIMULATED,NORMAL
2026-06-17T18:32:23.972418+00:00,DION_001,103438,-0.35896484125592565,SIMULATED,NORMAL
2026-06-17T18:32:23.983284+00:00,DION_001,103439,-0.5483152906067831,SIMULATED,NORMAL
2026-06-17T18:32:23.993826+00:00,DION_001,103440,-0.3520011592180392,SIMULATED,NORMAL
2026-06-17T18:32:24.004905+00:00,DION_001,103441,-0.34243282215403786,SIMULATED,NORMAL
2026-06-17T18:32:24.015435+00:00,DION_001,103442,-0.41679318779250596,SIMULATED,NORMAL
2026-06-17T18:32:24.025976+00:00,DION_001,103443,-0.294222818195502,SIMULATED,NORMAL
2026-06-17T18:32:24.036888+00:00,DION_001,103444,-0.4892887359830992,SIMULATED,NORMAL
2026-06-17T18:32:24.047790+00:00,DION_001,103445,-0.20690706579557044,SIMULATED,NORMAL
2026-06-17T18:32:24.058333+00:00,DION_001,103446,-0.17826064458868776,SIMULATED,NORMAL
2026-06-17T18:32:24.068824+00:00,DION_001,103447,-0.4454305471447022,SIMULATED,NORMAL
2026-06-17T18:32:24.079267+00:00,DION_001,103448,2.714003472405926,SIMULATED,EVENT_DETECTED
2026-06-17T18:32:24.090000+00:00,DION_001,103449,-0.16146130223709423,SIMULATED,NORMAL
2026-06-17T18:32:24.100457+00:00,DION_001,103450,-0.2379259908860557,SIMULATED,NORMAL
2026-06-17T18:32:24.111393+00:00,DION_001,103451,-0.0567141992927303,SIMULATED,NORMAL
2026-06-17T18:32:24.121831+00:00,DION_001,103452,-0.025120605463085498,SIMULATED,NORMAL
2026-06-17T18:32:24.132341+00:00,DION_001,103453,-0.044021435744107926,SIMULATED,NORMAL
2026-06-17T18:32:24.143416+00:00,DION_001,103454,0.12287250916469739,SIMULATED,NORMAL
2026-06-17T18:32:24.154099+00:00,DION_001,103455,0.21737247021774997,SIMULATED,NORMAL
2026-06-17T18:32:24.164709+00:00,DION_001,103456,0.08825978948912637,SIMULATED,NORMAL
2026-06-17T18:32:24.175311+00:00,DION_001,103457,0.15007956590770552,SIMULATED,NORMAL
2026-06-17T18:32:24.185739+00:00,DION_001,103458,0.38223800480432113,SIMULATED,NORMAL
2026-06-17T18:32:24.196274+00:00,DION_001,103459,0.3310773410577457,SIMULATED,NORMAL
2026-06-17T18:32:24.206850+00:00,DION_001,103460,0.0672636807052534,SIMULATED,NORMAL
2026-06-17T18:32:24.217401+00:00,DION_001,103461,0.443847935270364,SIMULATED,NORMAL
2026-06-17T18:32:24.227973+00:00,DION_001,103462,0.5111719956030423,SIMULATED,NORMAL
2026-06-17T18:32:24.238567+00:00,DION_001,103463,0.5466736164852665,SIMULATED,NORMAL
2026-06-17T18:32:24.249071+00:00,DION_001,103464,0.2433586320179888,SIMULATED,NORMAL
2026-06-17T18:32:24.259530+00:00,DION_001,103465,0.6895427436425204,SIMULATED,NORMAL
2026-06-17T18:32:24.270016+00:00,DION_001,103466,0.8592729955204093,SIMULATED,NORMAL
2026-06-17T18:32:24.280528+00:00,DION_001,103467,0.949568326232499,SIMULATED,NORMAL
2026-06-17T18:32:24.291087+00:00,DION_001,103468,0.5293654971317122,SIMULATED,NORMAL
2026-06-17T18:32:24.301577+00:00,DION_001,103469,0.8743851552942988,SIMULATED,NORMAL
2026-06-17T18:32:24.312098+00:00,DION_001,103470,0.8027716028900357,SIMULATED,NORMAL
2026-06-17T18:32:24.322425+00:00,DION_001,103471,0.6243095927069189,SIMULATED,NORMAL
2026-06-17T18:32:24.332709+00:00,DION_001,103472,0.9290220437398635,SIMULATED,NORMAL
2026-06-17T18:32:24.343007+00:00,DION_001,103473,0.894419451514209,SIMULATED,NORMAL
2026-06-17T18:32:24.353223+00:00,DION_001,103474,0.7585497290272896,SIMULATED,NORMAL
2026-06-17T18:32:24.363636+00:00,DION_001,103475,0.8486432254468775,SIMULATED,NORMAL
2026-06-17T18:32:24.374186+00:00,DION_001,103476,1.0347036740964561,SIMULATED,NORMAL
2026-06-17T18:32:24.385065+00:00,DION_001,103477,0.9835047145277699,SIMULATED,NORMAL
2026-06-17T18:32:24.395988+00:00,DION_001,103478,1.1323641535805116,SIMULATED,NORMAL
2026-06-17T18:32:24.406592+00:00,DION_001,103479,0.7952237787534411,SIMULATED,NORMAL
2026-06-17T18:32:24.417468+00:00,DION_001,103480,0.8993132899549039,SIMULATED,NORMAL
2026-06-17T18:32:24.428375+00:00,DION_001,103481,0.8718788152377472,SIMULATED,NORMAL
2026-06-17T18:32:24.439731+00:00,DION_001,103482,0.9850846475750122,SIMULATED,NORMAL
2026-06-17T18:32:24.450632+00:00,DION_001,103483,0.8418219507801976,SIMULATED,NORMAL
2026-06-17T18:32:24.461214+00:00,DION_001,103484,0.8005779823442121,SIMULATED,NORMAL
2026-06-17T18:32:24.471808+00:00,DION_001,103485,0.9473888807701766,SIMULATED,NORMAL
2026-06-17T18:32:24.482290+00:00,DION_001,103486,0.8440287478333316,SIMULATED,NORMAL
2026-06-17T18:32:24.492913+00:00,DION_001,103487,0.9144570239472967,SIMULATED,NORMAL
2026-06-17T18:32:24.503882+00:00,DION_001,103488,0.6089416199802294,SIMULATED,NORMAL
2026-06-17T18:32:24.514803+00:00,DION_001,103489,0.9472356591603105,SIMULATED,NORMAL
2026-06-17T18:32:24.525785+00:00,DION_001,103490,0.70444998680747,SIMULATED,NORMAL
2026-06-17T18:32:24.536818+00:00,DION_001,103491,1.0333909518071993,SIMULATED,NORMAL
2026-06-17T18:32:24.547840+00:00,DION_001,103492,0.22486251464493684,SIMULATED,NORMAL
2026-06-17T18:32:24.558803+00:00,DION_001,103493,0.7177975626110694,SIMULATED,NORMAL
2026-06-17T18:32:24.569853+00:00,DION_001,103494,0.4777714043628942,SIMULATED,NORMAL
2026-06-17T18:32:24.580779+00:00,DION_001,103495,0.6351609048491479,SIMULATED,NORMAL
2026-06-17T18:32:24.591432+00:00,DION_001,103496,0.7681206121668943,SIMULATED,NORMAL
2026-06-17T18:32:24.601947+00:00,DION_001,103497,0.6924468680191042,SIMULATED,NORMAL
2026-06-17T18:32:24.613080+00:00,DION_001,103498,0.5987555520163816,SIMULATED,NORMAL
2026-06-17T18:32:24.623743+00:00,DION_001,103499,0.7723858901615241,SIMULATED,NORMAL
2026-06-17T18:32:24.634688+00:00,DION_001,103500,0.7719485923162742,SIMULATED,NORMAL
2026-06-17T18:32:24.645625+00:00,DION_001,103501,0.39404344616976067,SIMULATED,NORMAL
2026-06-17T18:32:24.656533+00:00,DION_001,103502,0.5342398298647107,SIMULATED,NORMAL
2026-06-17T18:32:24.667629+00:00,DION_001,103503,0.004326736822006516,SIMULATED,NORMAL
2026-06-17T18:32:24.678623+00:00,DION_001,103504,0.4003061123102215,SIMULATED,NORMAL
2026-06-17T18:32:24.689552+00:00,DION_001,103505,0.31485810740182774,SIMULATED,NORMAL
2026-06-17T18:32:24.700676+00:00,DION_001,103506,0.5405236408905487,SIMULATED,NORMAL
2026-06-17T18:32:24.715109+00:00,DION_001,103507,0.2861447002750912,SIMULATED,NORMAL
2026-06-17T18:32:24.725685+00:00,DION_001,103508,0.3317889905320408,SIMULATED,NORMAL
2026-06-17T18:32:24.736286+00:00,DION_001,103509,0.6510288385740339,SIMULATED,NORMAL
2026-06-17T18:32:24.746900+00:00,DION_001,103510,0.2126975682833995,SIMULATED,NORMAL
2026-06-17T18:32:24.757490+00:00,DION_001,103511,0.23298059264557458,SIMULATED,NORMAL
2026-06-17T18:32:24.768051+00:00,DION_001,103512,0.3807808829656824,SIMULATED,NORMAL
2026-06-17T18:32:24.778675+00:00,DION_001,103513,0.40934397719186755,SIMULATED,NORMAL
2026-06-17T18:32:24.789289+00:00,DION_001,103514,0.33758301384185907,SIMULATED,NORMAL
2026-06-17T18:32:24.799915+00:00,DION_001,103515,0.49866691404097807,SIMULATED,NORMAL
2026-06-17T18:32:24.810542+00:00,DION_001,103516,0.34481578892322645,SIMULATED,NORMAL
2026-06-17T18:32:24.821128+00:00,DION_001,103517,0.23841462895329385,SIMULATED,NORMAL
2026-06-17T18:32:24.831781+00:00,DION_001,103518,0.6748005093861074,SIMULATED,NORMAL
2026-06-17T18:32:24.842397+00:00,DION_001,103519,0.053530025574842266,SIMULATED,NORMAL
2026-06-17T18:32:24.852986+00:00,DION_001,103520,0.38203098704707283,SIMULATED,NORMAL
2026-06-17T18:32:24.863569+00:00,DION_001,103521,0.5383504603312206,SIMULATED,NORMAL
2026-06-17T18:32:24.874175+00:00,DION_001,103522,0.2006720765832553,SIMULATED,NORMAL
2026-06-17T18:32:24.884767+00:00,DION_001,103523,0.3599033095397095,SIMULATED,NORMAL
2026-06-17T18:32:24.895488+00:00,DION_001,103524,0.520844663595573,SIMULATED,NORMAL
2026-06-17T18:32:24.906103+00:00,DION_001,103525,0.508045080272515,SIMULATED,NORMAL
2026-06-17T18:32:24.916727+00:00,DION_001,103526,0.4676253020076854,SIMULATED,NORMAL
2026-06-17T18:32:24.927705+00:00,DION_001,103527,0.5144087328253361,SIMULATED,NORMAL
2026-06-17T18:32:24.938642+00:00,DION_001,103528,0.7104741321846066,SIMULATED,NORMAL
2026-06-17T18:32:24.949822+00:00,DION_001,103529,0.5467260870955913,SIMULATED,NORMAL
2026-06-17T18:32:24.960666+00:00,DION_001,103530,0.6018265743021844,SIMULATED,NORMAL
2026-06-17T18:32:24.972201+00:00,DION_001,103531,0.6932874580773205,SIMULATED,NORMAL
2026-06-17T18:32:24.982881+00:00,DION_001,103532,0.792988376630348,SIMULATED,NORMAL
2026-06-17T18:32:24.993528+00:00,DION_001,103533,0.8036364936830438,SIMULATED,NORMAL
2026-06-17T18:32:25.004215+00:00,DION_001,103534,0.7315759345705585,SIMULATED,NORMAL
2026-06-17T18:32:25.015152+00:00,DION_001,103535,0.7716344581389544,SIMULATED,NORMAL
2026-06-17T18:32:25.025844+00:00,DION_001,103536,0.9291419317486319,SIMULATED,NORMAL
2026-06-17T18:32:25.036761+00:00,DION_001,103537,1.0407787598633909,SIMULATED,NORMAL
2026-06-17T18:32:25.047709+00:00,DION_001,103538,1.0088593654463174,SIMULATED,NORMAL
2026-06-17T18:32:25.058648+00:00,DION_001,103539,0.8761372031643178,SIMULATED,NORMAL
2026-06-17T18:32:25.069576+00:00,DION_001,103540,0.5716142545583915,SIMULATED,NORMAL
2026-06-17T18:32:25.080524+00:00,DION_001,103541,0.9890974092488921,SIMULATED,NORMAL
2026-06-17T18:32:25.091621+00:00,DION_001,103542,1.1325972949437888,SIMULATED,NORMAL
2026-06-17T18:32:25.102112+00:00,DION_001,103543,1.1268657411186167,SIMULATED,NORMAL
2026-06-17T18:32:25.113033+00:00,DION_001,103544,1.0172951633752676,SIMULATED,NORMAL
2026-06-17T18:32:25.124085+00:00,DION_001,103545,1.1493105753270465,SIMULATED,NORMAL
2026-06-17T18:32:25.134631+00:00,DION_001,103546,1.102222158821759,SIMULATED,NORMAL
2026-06-17T18:32:25.145687+00:00,DION_001,103547,1.0398369070508124,SIMULATED,NORMAL
2026-06-17T18:32:25.156668+00:00,DION_001,103548,1.195065294261668,SIMULATED,NORMAL
2026-06-17T18:32:25.167241+00:00,DION_001,103549,1.1990235278670318,SIMULATED,NORMAL
2026-06-17T18:32:25.178206+00:00,DION_001,103550,1.222856523594202,SIMULATED,NORMAL
2026-06-17T18:32:25.189174+00:00,DION_001,103551,1.1958661107116293,SIMULATED,NORMAL
2026-06-17T18:32:25.199844+00:00,DION_001,103552,1.3381702208522888,SIMULATED,NORMAL
2026-06-17T18:32:25.210764+00:00,DION_001,103553,1.2339148421816517,SIMULATED,NORMAL
2026-06-17T18:32:25.221751+00:00,DION_001,103554,1.0782601183670013,SIMULATED,NORMAL
2026-06-17T18:32:25.232295+00:00,DION_001,103555,0.9653384482694454,SIMULATED,NORMAL
2026-06-17T18:32:25.243256+00:00,DION_001,103556,0.9768091110641389,SIMULATED,NORMAL
2026-06-17T18:32:25.254189+00:00,DION_001,103557,1.2729907730010028,SIMULATED,NORMAL
2026-06-17T18:32:25.265139+00:00,DION_001,103558,0.9946347417146423,SIMULATED,NORMAL
2026-06-17T18:32:25.276155+00:00,DION_001,103559,0.833386945157561,SIMULATED,NORMAL
2026-06-17T18:32:25.287077+00:00,DION_001,103560,0.8078521953472663,SIMULATED,NORMAL
2026-06-17T18:32:25.298038+00:00,DION_001,103561,0.9165072548998447,SIMULATED,NORMAL
2026-06-17T18:32:25.309241+00:00,DION_001,103562,0.9908661742135176,SIMULATED,NORMAL
2026-06-17T18:32:25.320266+00:00,DION_001,103563,0.9401582336085059,SIMULATED,NORMAL
2026-06-17T18:32:25.331186+00:00,DION_001,103564,0.7568352352656293,SIMULATED,NORMAL
2026-06-17T18:32:25.341919+00:00,DION_001,103565,0.9521659813184447,SIMULATED,NORMAL
2026-06-17T18:32:25.352412+00:00,DION_001,103566,0.7614006615300964,SIMULATED,NORMAL
2026-06-17T18:32:25.363100+00:00,DION_001,103567,0.9307400310758968,SIMULATED,NORMAL
2026-06-17T18:32:25.373601+00:00,DION_001,103568,1.029931478189359,SIMULATED,NORMAL
2026-06-17T18:32:25.384065+00:00,DION_001,103569,0.7401920541596922,SIMULATED,NORMAL
2026-06-17T18:32:25.394625+00:00,DION_001,103570,0.9827547565715947,SIMULATED,NORMAL
2026-06-17T18:32:25.405089+00:00,DION_001,103571,0.8612656045089904,SIMULATED,NORMAL
2026-06-17T18:32:25.415590+00:00,DION_001,103572,0.5654993126485776,SIMULATED,NORMAL
2026-06-17T18:32:25.426094+00:00,DION_001,103573,0.7150510789072255,SIMULATED,NORMAL
2026-06-17T18:32:25.436370+00:00,DION_001,103574,0.551674210527927,SIMULATED,NORMAL
2026-06-17T18:32:25.446718+00:00,DION_001,103575,0.27522623872636054,SIMULATED,NORMAL
2026-06-17T18:32:25.457143+00:00,DION_001,103576,0.43114683567529666,SIMULATED,NORMAL
2026-06-17T18:32:25.467472+00:00,DION_001,103577,0.4573841829356568,SIMULATED,NORMAL
2026-06-17T18:32:25.477733+00:00,DION_001,103578,0.47654616604692196,SIMULATED,NORMAL
2026-06-17T18:32:25.488122+00:00,DION_001,103579,0.2903957408238702,SIMULATED,NORMAL
2026-06-17T18:32:25.498485+00:00,DION_001,103580,0.3142751138565249,SIMULATED,NORMAL
2026-06-17T18:32:25.508933+00:00,DION_001,103581,0.29258490059749687,SIMULATED,NORMAL
2026-06-17T18:32:25.519370+00:00,DION_001,103582,0.21458238800837387,SIMULATED,NORMAL
2026-06-17T18:32:25.529925+00:00,DION_001,103583,0.2403034501232787,SIMULATED,NORMAL
2026-06-17T18:32:25.540538+00:00,DION_001,103584,0.17448843386795232,SIMULATED,NORMAL
2026-06-17T18:32:25.551259+00:00,DION_001,103585,-0.10717453585475212,SIMULATED,NORMAL
2026-06-17T18:32:25.562180+00:00,DION_001,103586,0.008413086565262934,SIMULATED,NORMAL
2026-06-17T18:32:25.573121+00:00,DION_001,103587,0.08715577414996586,SIMULATED,NORMAL
2026-06-17T18:32:25.584026+00:00,DION_001,103588,0.17649642999058107,SIMULATED,NORMAL
2026-06-17T18:32:25.594635+00:00,DION_001,103589,0.10086197957369934,SIMULATED,NORMAL
2026-06-17T18:32:25.605611+00:00,DION_001,103590,0.164280415781265,SIMULATED,NORMAL
2026-06-17T18:32:25.616655+00:00,DION_001,103591,-0.07444397452423376,SIMULATED,NORMAL
2026-06-17T18:32:25.627543+00:00,DION_001,103592,0.1362490304376771,SIMULATED,NORMAL
2026-06-17T18:32:25.638348+00:00,DION_001,103593,-0.27627280557932127,SIMULATED,NORMAL
2026-06-17T18:32:25.649288+00:00,DION_001,103594,-0.3330075822173121,SIMULATED,NORMAL
2026-06-17T18:32:25.660232+00:00,DION_001,103595,0.07744810804119276,SIMULATED,NORMAL
2026-06-17T18:32:25.670760+00:00,DION_001,103596,-0.10624759027048614,SIMULATED,NORMAL
2026-06-17T18:32:25.681457+00:00,DION_001,103597,-0.26884988849252556,SIMULATED,NORMAL
2026-06-17T18:32:25.692382+00:00,DION_001,103598,0.07321740595897377,SIMULATED,NORMAL
2026-06-17T18:32:25.703508+00:00,DION_001,103599,-0.059785786866951754,SIMULATED,NORMAL
2026-06-17T18:32:25.714433+00:00,DION_001,103600,0.10462455778657272,SIMULATED,NORMAL
2026-06-17T18:32:25.725324+00:00,DION_001,103601,0.19011586528929314,SIMULATED,NORMAL
2026-06-17T18:32:25.736267+00:00,DION_001,103602,-0.16823295028885865,SIMULATED,NORMAL
2026-06-17T18:32:25.747004+00:00,DION_001,103603,0.16168559990300008,SIMULATED,NORMAL
2026-06-17T18:32:25.758145+00:00,DION_001,103604,0.1977924225774148,SIMULATED,NORMAL
2026-06-17T18:32:25.769095+00:00,DION_001,103605,0.12976447048063955,SIMULATED,NORMAL
2026-06-17T18:32:25.779735+00:00,DION_001,103606,0.16384011591241465,SIMULATED,NORMAL
2026-06-17T18:32:25.790634+00:00,DION_001,103607,0.16776301406089408,SIMULATED,NORMAL
2026-06-17T18:32:25.801234+00:00,DION_001,103608,0.14237077123089376,SIMULATED,NORMAL
2026-06-17T18:32:25.812040+00:00,DION_001,103609,0.05889593717475801,SIMULATED,NORMAL
2026-06-17T18:32:25.822615+00:00,DION_001,103610,0.06579787352574479,SIMULATED,NORMAL
2026-06-17T18:32:25.833150+00:00,DION_001,103611,0.21107306708206974,SIMULATED,NORMAL
2026-06-17T18:32:25.843735+00:00,DION_001,103612,0.6891556584522911,SIMULATED,NORMAL
2026-06-17T18:32:25.854317+00:00,DION_001,103613,0.07090016908140992,SIMULATED,NORMAL
2026-06-17T18:32:25.864902+00:00,DION_001,103614,0.39335004223213244,SIMULATED,NORMAL
2026-06-17T18:32:25.875482+00:00,DION_001,103615,0.25787634826778116,SIMULATED,NORMAL
2026-06-17T18:32:25.886183+00:00,DION_001,103616,0.48445853101633374,SIMULATED,NORMAL
2026-06-17T18:32:25.896780+00:00,DION_001,103617,0.3477955737767633,SIMULATED,NORMAL
2026-06-17T18:32:25.907503+00:00,DION_001,103618,0.4334309752934702,SIMULATED,NORMAL
2026-06-17T18:32:25.918221+00:00,DION_001,103619,0.06315134928975785,SIMULATED,NORMAL
2026-06-17T18:32:25.928844+00:00,DION_001,103620,-0.005489368208919321,SIMULATED,NORMAL
2026-06-17T18:32:25.939500+00:00,DION_001,103621,0.4237960281051396,SIMULATED,NORMAL
2026-06-17T18:32:25.950255+00:00,DION_001,103622,0.7075117201660213,SIMULATED,NORMAL
2026-06-17T18:32:25.960907+00:00,DION_001,103623,0.4089094800329872,SIMULATED,NORMAL
2026-06-17T18:32:25.971580+00:00,DION_001,103624,0.3803290975255792,SIMULATED,NORMAL
2026-06-17T18:32:25.982195+00:00,DION_001,103625,0.3054358151437643,SIMULATED,NORMAL
2026-06-17T18:32:25.992710+00:00,DION_001,103626,0.43846715418840937,SIMULATED,NORMAL
2026-06-17T18:32:26.003328+00:00,DION_001,103627,0.31201688069407585,SIMULATED,NORMAL
2026-06-17T18:32:26.013938+00:00,DION_001,103628,0.20539678332031638,SIMULATED,NORMAL
2026-06-17T18:32:26.024447+00:00,DION_001,103629,0.29951605998167685,SIMULATED,NORMAL
2026-06-17T18:32:26.035228+00:00,DION_001,103630,0.48092740958102254,SIMULATED,NORMAL
2026-06-17T18:32:26.045843+00:00,DION_001,103631,0.465256302195016,SIMULATED,NORMAL
2026-06-17T18:32:26.056462+00:00,DION_001,103632,0.2868866831707605,SIMULATED,NORMAL
2026-06-17T18:32:26.067245+00:00,DION_001,103633,0.24749865704744564,SIMULATED,NORMAL
2026-06-17T18:32:26.077857+00:00,DION_001,103634,0.36358729340616464,SIMULATED,NORMAL
2026-06-17T18:32:26.088431+00:00,DION_001,103635,0.4240899280464141,SIMULATED,NORMAL
2026-06-17T18:32:26.099242+00:00,DION_001,103636,0.33655127923998807,SIMULATED,NORMAL
2026-06-17T18:32:26.109919+00:00,DION_001,103637,0.17784840147479708,SIMULATED,NORMAL
2026-06-17T18:32:26.120709+00:00,DION_001,103638,-0.263905382375077,SIMULATED,NORMAL
2026-06-17T18:32:26.131573+00:00,DION_001,103639,0.15762728213670404,SIMULATED,NORMAL
2026-06-17T18:32:26.142412+00:00,DION_001,103640,0.06633599300492621,SIMULATED,NORMAL
2026-06-17T18:32:26.153099+00:00,DION_001,103641,0.10046726102017606,SIMULATED,NORMAL
2026-06-17T18:32:26.163751+00:00,DION_001,103642,3.0843094555479222,SIMULATED,EVENT_DETECTED
2026-06-17T18:32:26.174886+00:00,DION_001,103643,-0.10774367444324898,SIMULATED,NORMAL
2026-06-17T18:32:26.185546+00:00,DION_001,103644,-0.17205115197860557,SIMULATED,NORMAL
2026-06-17T18:32:26.196240+00:00,DION_001,103645,-0.12873837479691785,SIMULATED,NORMAL
2026-06-17T18:32:26.206936+00:00,DION_001,103646,-0.37319607301957414,SIMULATED,NORMAL
2026-06-17T18:32:26.217557+00:00,DION_001,103647,-0.19512572204931605,SIMULATED,NORMAL
2026-06-17T18:32:26.228259+00:00,DION_001,103648,-0.25054726667400706,SIMULATED,NORMAL
2026-06-17T18:32:26.238938+00:00,DION_001,103649,-0.5013200602241044,SIMULATED,NORMAL
2026-06-17T18:32:26.249648+00:00,DION_001,103650,-0.2678306235857621,SIMULATED,NORMAL
2026-06-17T18:32:26.260297+00:00,DION_001,103651,-0.3584847593078765,SIMULATED,NORMAL
2026-06-17T18:32:26.270880+00:00,DION_001,103652,-0.4417735188559432,SIMULATED,NORMAL
2026-06-17T18:32:26.281611+00:00,DION_001,103653,-0.4655314847349957,SIMULATED,NORMAL
2026-06-17T18:32:26.292310+00:00,DION_001,103654,-0.5065962244867359,SIMULATED,NORMAL
2026-06-17T18:32:26.302998+00:00,DION_001,103655,-0.6468266557977582,SIMULATED,NORMAL
2026-06-17T18:32:26.313687+00:00,DION_001,103656,-0.606156095620564,SIMULATED,NORMAL
2026-06-17T18:32:26.324359+00:00,DION_001,103657,-0.7342065544534645,SIMULATED,NORMAL
2026-06-17T18:32:26.335388+00:00,DION_001,103658,-0.5075165609392505,SIMULATED,NORMAL
2026-06-17T18:32:26.346074+00:00,DION_001,103659,-0.5744292200279938,SIMULATED,NORMAL
2026-06-17T18:32:26.356682+00:00,DION_001,103660,-0.4966951959049954,SIMULATED,NORMAL
2026-06-17T18:32:26.367345+00:00,DION_001,103661,-0.5611210573131247,SIMULATED,NORMAL
2026-06-17T18:32:26.378054+00:00,DION_001,103662,-0.7170394590130381,SIMULATED,NORMAL
2026-06-17T18:32:26.388677+00:00,DION_001,103663,-0.6709518901646789,SIMULATED,NORMAL
2026-06-17T18:32:26.399355+00:00,DION_001,103664,-0.6582687227286963,SIMULATED,NORMAL
2026-06-17T18:32:26.410028+00:00,DION_001,103665,-0.7993449310793862,SIMULATED,NORMAL
2026-06-17T18:32:26.420733+00:00,DION_001,103666,-0.9449803850382752,SIMULATED,NORMAL
2026-06-17T18:32:26.431412+00:00,DION_001,103667,-0.7899765689342054,SIMULATED,NORMAL
2026-06-17T18:32:26.442078+00:00,DION_001,103668,-1.0712483117147706,SIMULATED,NORMAL
2026-06-17T18:32:26.452693+00:00,DION_001,103669,-0.9748466259523815,SIMULATED,NORMAL
2026-06-17T18:32:26.463235+00:00,DION_001,103670,-0.9722713780371134,SIMULATED,NORMAL
2026-06-17T18:32:26.473780+00:00,DION_001,103671,-1.1081875569214514,SIMULATED,NORMAL
2026-06-17T18:32:26.484251+00:00,DION_001,103672,-1.1056630743476936,SIMULATED,NORMAL
2026-06-17T18:32:26.494714+00:00,DION_001,103673,-0.8927946280968637,SIMULATED,NORMAL
2026-06-17T18:32:26.505131+00:00,DION_001,103674,-0.9385761568319881,SIMULATED,NORMAL
2026-06-17T18:32:26.515559+00:00,DION_001,103675,-1.1355964299835988,SIMULATED,NORMAL
2026-06-17T18:32:26.526166+00:00,DION_001,103676,-1.0529665332168796,SIMULATED,NORMAL
2026-06-17T18:32:26.536658+00:00,DION_001,103677,-0.8714223555671889,SIMULATED,NORMAL
2026-06-17T18:32:26.546960+00:00,DION_001,103678,-0.9529008936051223,SIMULATED,NORMAL
2026-06-17T18:32:26.557224+00:00,DION_001,103679,-0.884290870905988,SIMULATED,NORMAL
2026-06-17T18:32:26.567649+00:00,DION_001,103680,-0.9107345383395449,SIMULATED,NORMAL
2026-06-17T18:32:26.578275+00:00,DION_001,103681,-1.0998500522307597,SIMULATED,NORMAL
2026-06-17T18:32:26.588885+00:00,DION_001,103682,-1.0211090525091238,SIMULATED,NORMAL
2026-06-17T18:32:26.599532+00:00,DION_001,103683,-0.45808349618713035,SIMULATED,NORMAL
2026-06-17T18:32:26.610169+00:00,DION_001,103684,-0.6796839311175354,SIMULATED,NORMAL
2026-06-17T18:32:26.620819+00:00,DION_001,103685,-0.9265965554436039,SIMULATED,NORMAL
2026-06-17T18:32:26.631484+00:00,DION_001,103686,-0.6074969559173692,SIMULATED,NORMAL
2026-06-17T18:32:26.642192+00:00,DION_001,103687,-0.6278859393774672,SIMULATED,NORMAL
2026-06-17T18:32:26.653035+00:00,DION_001,103688,-0.7400701378291126,SIMULATED,NORMAL
2026-06-17T18:32:26.663722+00:00,DION_001,103689,-0.8163444677368662,SIMULATED,NORMAL
2026-06-17T18:32:26.674263+00:00,DION_001,103690,-0.6555802298513939,SIMULATED,NORMAL
2026-06-17T18:32:26.684871+00:00,DION_001,103691,-0.3939075117212526,SIMULATED,NORMAL
2026-06-17T18:32:26.695567+00:00,DION_001,103692,-0.8351440459099487,SIMULATED,NORMAL
2026-06-17T18:32:26.706279+00:00,DION_001,103693,-0.6922685303109674,SIMULATED,NORMAL
2026-06-17T18:32:26.716969+00:00,DION_001,103694,-0.4703914408704555,SIMULATED,NORMAL
2026-06-17T18:32:26.727630+00:00,DION_001,103695,-0.5505463561342006,SIMULATED,NORMAL
2026-06-17T18:32:26.738415+00:00,DION_001,103696,-0.732225214144879,SIMULATED,NORMAL
2026-06-17T18:32:26.748871+00:00,DION_001,103697,-0.5507897424856358,SIMULATED,NORMAL
2026-06-17T18:32:26.759553+00:00,DION_001,103698,-2.5982587887590336,SIMULATED,EVENT_DETECTED
2026-06-17T18:32:26.770384+00:00,DION_001,103699,-0.28133303469674176,SIMULATED,NORMAL
2026-06-17T18:32:26.780870+00:00,DION_001,103700,-0.6621449904998571,SIMULATED,NORMAL
2026-06-17T18:32:26.791447+00:00,DION_001,103701,-0.63669922331058,SIMULATED,NORMAL
2026-06-17T18:32:26.802113+00:00,DION_001,103702,-0.19719817987223853,SIMULATED,NORMAL
2026-06-17T18:32:26.812772+00:00,DION_001,103703,-0.5323352910612974,SIMULATED,NORMAL
2026-06-17T18:32:26.823428+00:00,DION_001,103704,-0.3688673614231296,SIMULATED,NORMAL
2026-06-17T18:32:26.834125+00:00,DION_001,103705,-0.3430568887637484,SIMULATED,NORMAL
2026-06-17T18:32:26.844776+00:00,DION_001,103706,-0.17810332868445486,SIMULATED,NORMAL
2026-06-17T18:32:26.855456+00:00,DION_001,103707,-0.5142390702202623,SIMULATED,NORMAL
2026-06-17T18:32:26.866257+00:00,DION_001,103708,-0.22325789808548327,SIMULATED,NORMAL
2026-06-17T18:32:26.876932+00:00,DION_001,103709,-0.10594366504085145,SIMULATED,NORMAL
2026-06-17T18:32:26.887742+00:00,DION_001,103710,-0.5917848414331065,SIMULATED,NORMAL
2026-06-17T18:32:26.898542+00:00,DION_001,103711,-0.24315736104713542,SIMULATED,NORMAL
2026-06-17T18:32:26.909168+00:00,DION_001,103712,-0.2542708187216576,SIMULATED,NORMAL
2026-06-17T18:32:26.919769+00:00,DION_001,103713,-0.5285402326783827,SIMULATED,NORMAL
2026-06-17T18:32:26.930430+00:00,DION_001,103714,-0.45097078989232314,SIMULATED,NORMAL
2026-06-17T18:32:26.941201+00:00,DION_001,103715,-0.38499155476355273,SIMULATED,NORMAL
2026-06-17T18:32:26.951897+00:00,DION_001,103716,-0.7739563138351415,SIMULATED,NORMAL
2026-06-17T18:32:26.962592+00:00,DION_001,103717,-0.3602188055290952,SIMULATED,NORMAL
2026-06-17T18:32:26.973278+00:00,DION_001,103718,-0.6063057211092352,SIMULATED,NORMAL
2026-06-17T18:32:26.984079+00:00,DION_001,103719,-0.652095141753364,SIMULATED,NORMAL
2026-06-17T18:32:26.994615+00:00,DION_001,103720,-0.714998187360869,SIMULATED,NORMAL
2026-06-17T18:32:27.005276+00:00,DION_001,103721,-0.5461150822140723,SIMULATED,NORMAL
2026-06-17T18:32:27.015972+00:00,DION_001,103722,-0.8429735172894883,SIMULATED,NORMAL
2026-06-17T18:32:27.026522+00:00,DION_001,103723,-0.5087033878402095,SIMULATED,NORMAL
2026-06-17T18:32:27.037164+00:00,DION_001,103724,-0.8365439869398753,SIMULATED,NORMAL
2026-06-17T18:32:27.047867+00:00,DION_001,103725,-0.6985212217027638,SIMULATED,NORMAL
2026-06-17T18:32:27.058525+00:00,DION_001,103726,-0.7186260494656064,SIMULATED,NORMAL
2026-06-17T18:32:27.069174+00:00,DION_001,103727,-0.7631699501117991,SIMULATED,NORMAL
2026-06-17T18:32:27.079879+00:00,DION_001,103728,-0.3419284369885945,SIMULATED,NORMAL
2026-06-17T18:32:27.090563+00:00,DION_001,103729,-1.0322290979738142,SIMULATED,NORMAL
2026-06-17T18:32:27.101219+00:00,DION_001,103730,-1.115029317937966,SIMULATED,NORMAL
2026-06-17T18:32:27.111975+00:00,DION_001,103731,-0.9368778842078762,SIMULATED,NORMAL
2026-06-17T18:32:27.122694+00:00,DION_001,103732,-1.0527720225583161,SIMULATED,NORMAL
2026-06-17T18:32:27.133340+00:00,DION_001,103733,-0.7756573792093903,SIMULATED,NORMAL
2026-06-17T18:32:27.144089+00:00,DION_001,103734,-0.9445322599741233,SIMULATED,NORMAL
2026-06-17T18:32:27.154777+00:00,DION_001,103735,-1.1255551859597506,SIMULATED,NORMAL
2026-06-17T18:32:27.165328+00:00,DION_001,103736,-1.0428624538652773,SIMULATED,NORMAL
2026-06-17T18:32:27.176003+00:00,DION_001,103737,-1.2766454446102968,SIMULATED,NORMAL
2026-06-17T18:32:27.186712+00:00,DION_001,103738,-0.903262660619462,SIMULATED,NORMAL
2026-06-17T18:32:27.197367+00:00,DION_001,103739,-0.954901403206465,SIMULATED,NORMAL
2026-06-17T18:32:27.208122+00:00,DION_001,103740,-1.1430781051835315,SIMULATED,NORMAL
2026-06-17T18:32:27.218697+00:00,DION_001,103741,-1.1754246509601591,SIMULATED,NORMAL
2026-06-17T18:32:27.229638+00:00,DION_001,103742,-1.194066998870731,SIMULATED,NORMAL
2026-06-17T18:32:27.240324+00:00,DION_001,103743,-1.2006797442202797,SIMULATED,NORMAL
2026-06-17T18:32:27.251103+00:00,DION_001,103744,-1.2710819057184959,SIMULATED,NORMAL
2026-06-17T18:32:27.261778+00:00,DION_001,103745,-1.3229984206070513,SIMULATED,NORMAL
2026-06-17T18:32:27.272371+00:00,DION_001,103746,-1.0769729588972854,SIMULATED,NORMAL
2026-06-17T18:32:27.283061+00:00,DION_001,103747,-1.0361215503462233,SIMULATED,NORMAL
2026-06-17T18:32:27.293632+00:00,DION_001,103748,-1.108592124401601,SIMULATED,NORMAL
2026-06-17T18:32:27.304231+00:00,DION_001,103749,-1.1498738592261546,SIMULATED,NORMAL
2026-06-17T18:32:27.314834+00:00,DION_001,103750,-0.9945468970942944,SIMULATED,NORMAL
2026-06-17T18:32:27.325385+00:00,DION_001,103751,-1.0365314541520512,SIMULATED,NORMAL
2026-06-17T18:32:27.335874+00:00,DION_001,103752,-1.0892639996914977,SIMULATED,NORMAL
2026-06-17T18:32:27.346423+00:00,DION_001,103753,-1.0339301264068377,SIMULATED,NORMAL
2026-06-17T18:32:27.356977+00:00,DION_001,103754,-1.0193791106277519,SIMULATED,NORMAL
2026-06-17T18:32:27.367550+00:00,DION_001,103755,-0.9334185115760474,SIMULATED,NORMAL
2026-06-17T18:32:27.378098+00:00,DION_001,103756,-1.0359500085904403,SIMULATED,NORMAL
2026-06-17T18:32:27.388724+00:00,DION_001,103757,-0.8544452285834305,SIMULATED,NORMAL
2026-06-17T18:32:27.399493+00:00,DION_001,103758,-0.9458283283433138,SIMULATED,NORMAL
2026-06-17T18:32:27.410064+00:00,DION_001,103759,-0.6956371995379673,SIMULATED,NORMAL
2026-06-17T18:32:27.420631+00:00,DION_001,103760,-1.1500723653072984,SIMULATED,NORMAL
2026-06-17T18:32:27.431268+00:00,DION_001,103761,-0.8972669531175886,SIMULATED,NORMAL
2026-06-17T18:32:27.441865+00:00,DION_001,103762,-0.7570747211544695,SIMULATED,NORMAL
2026-06-17T18:32:27.452458+00:00,DION_001,103763,-0.9013522985792389,SIMULATED,NORMAL
2026-06-17T18:32:27.463236+00:00,DION_001,103764,-0.7488443525590283,SIMULATED,NORMAL
2026-06-17T18:32:27.473838+00:00,DION_001,103765,-0.8273190920826466,SIMULATED,NORMAL
2026-06-17T18:32:27.484463+00:00,DION_001,103766,-0.7684657142035726,SIMULATED,NORMAL
2026-06-17T18:32:27.495223+00:00,DION_001,103767,-0.7372925634243002,SIMULATED,NORMAL
2026-06-17T18:32:27.505873+00:00,DION_001,103768,-0.5171285112408623,SIMULATED,NORMAL
2026-06-17T18:32:27.516501+00:00,DION_001,103769,-0.6474572313997304,SIMULATED,NORMAL
2026-06-17T18:32:27.527277+00:00,DION_001,103770,-0.5194140690549676,SIMULATED,NORMAL
2026-06-17T18:32:27.537908+00:00,DION_001,103771,-0.6498316872689709,SIMULATED,NORMAL
2026-06-17T18:32:27.548662+00:00,DION_001,103772,-0.5784985297183834,SIMULATED,NORMAL
2026-06-17T18:32:27.559244+00:00,DION_001,103773,-0.5838928132835755,SIMULATED,NORMAL
2026-06-17T18:32:27.569804+00:00,DION_001,103774,-0.10563290668693257,SIMULATED,NORMAL
2026-06-17T18:32:27.580244+00:00,DION_001,103775,-0.2985496083180675,SIMULATED,NORMAL
2026-06-17T18:32:27.590706+00:00,DION_001,103776,-0.37519864464491526,SIMULATED,NORMAL
2026-06-17T18:32:27.601144+00:00,DION_001,103777,-0.12890633606319263,SIMULATED,NORMAL
2026-06-17T18:32:27.611606+00:00,DION_001,103778,-0.12153277945825651,SIMULATED,NORMAL
2026-06-17T18:32:27.622034+00:00,DION_001,103779,0.013331689617956333,SIMULATED,NORMAL
2026-06-17T18:32:27.632345+00:00,DION_001,103780,0.0767114654994592,SIMULATED,NORMAL
2026-06-17T18:32:27.642618+00:00,DION_001,103781,-0.1530488890929326,SIMULATED,NORMAL
2026-06-17T18:32:27.652896+00:00,DION_001,103782,-0.4080659607414089,SIMULATED,NORMAL
2026-06-17T18:32:27.663196+00:00,DION_001,103783,-0.048373767797807526,SIMULATED,NORMAL
2026-06-17T18:32:27.673770+00:00,DION_001,103784,-0.021803605271729774,SIMULATED,NORMAL
2026-06-17T18:32:27.684285+00:00,DION_001,103785,-0.19667926434041919,SIMULATED,NORMAL
2026-06-17T18:32:27.694830+00:00,DION_001,103786,0.05511038137389987,SIMULATED,NORMAL
2026-06-17T18:32:27.705292+00:00,DION_001,103787,-0.10710411357738128,SIMULATED,NORMAL
2026-06-17T18:32:27.716026+00:00,DION_001,103788,0.13303740552758736,SIMULATED,NORMAL
2026-06-17T18:32:27.726806+00:00,DION_001,103789,0.32731935108625465,SIMULATED,NORMAL
2026-06-17T18:32:27.737464+00:00,DION_001,103790,0.15243768003025737,SIMULATED,NORMAL
2026-06-17T18:32:27.748030+00:00,DION_001,103791,0.21774520608870793,SIMULATED,NORMAL
2026-06-17T18:32:27.758738+00:00,DION_001,103792,-0.05848860922361851,SIMULATED,NORMAL
2026-06-17T18:32:27.769441+00:00,DION_001,103793,-0.0383202864817558,SIMULATED,NORMAL
2026-06-17T18:32:27.780084+00:00,DION_001,103794,0.005265764715415108,SIMULATED,NORMAL
2026-06-17T18:32:27.790739+00:00,DION_001,103795,0.1667652931364943,SIMULATED,NORMAL
2026-06-17T18:32:27.801408+00:00,DION_001,103796,-0.21053097765907547,SIMULATED,NORMAL
2026-06-17T18:32:27.812077+00:00,DION_001,103797,-0.03877161928294018,SIMULATED,NORMAL
2026-06-17T18:32:27.822755+00:00,DION_001,103798,-0.03402561940566344,SIMULATED,NORMAL
2026-06-17T18:32:27.833518+00:00,DION_001,103799,0.18638265913158675,SIMULATED,NORMAL
2026-06-17T18:32:27.844230+00:00,DION_001,103800,-0.011062245011061629,SIMULATED,NORMAL
2026-06-17T18:32:27.854870+00:00,DION_001,103801,-0.009359757434058992,SIMULATED,NORMAL
2026-06-17T18:32:27.865794+00:00,DION_001,103802,0.002222622649369222,SIMULATED,NORMAL
2026-06-17T18:32:27.876517+00:00,DION_001,103803,-0.28517429931518534,SIMULATED,NORMAL
2026-06-17T18:32:27.887356+00:00,DION_001,103804,0.07625780416073831,SIMULATED,NORMAL
2026-06-17T18:32:27.898099+00:00,DION_001,103805,-0.33043520674283083,SIMULATED,NORMAL
2026-06-17T18:32:27.908805+00:00,DION_001,103806,-0.21569941994296948,SIMULATED,NORMAL
2026-06-17T18:32:27.919371+00:00,DION_001,103807,-0.10052178196665985,SIMULATED,NORMAL
2026-06-17T18:32:27.929997+00:00,DION_001,103808,-0.07798924677524921,SIMULATED,NORMAL
2026-06-17T18:32:27.940637+00:00,DION_001,103809,-0.06689203556895042,SIMULATED,NORMAL
2026-06-17T18:32:27.951322+00:00,DION_001,103810,-0.1819563630429418,SIMULATED,NORMAL
2026-06-17T18:32:27.962018+00:00,DION_001,103811,-0.15534955438104447,SIMULATED,NORMAL
2026-06-17T18:32:27.972769+00:00,DION_001,103812,-0.32224736857869596,SIMULATED,NORMAL
2026-06-17T18:32:27.983456+00:00,DION_001,103813,-0.2322603109293731,SIMULATED,NORMAL
2026-06-17T18:32:27.994126+00:00,DION_001,103814,-0.03127194684855855,SIMULATED,NORMAL
2026-06-17T18:32:28.004916+00:00,DION_001,103815,-0.37875614582556266,SIMULATED,NORMAL
2026-06-17T18:32:28.015736+00:00,DION_001,103816,-0.06435416869161506,SIMULATED,NORMAL
2026-06-17T18:32:28.026228+00:00,DION_001,103817,-0.25438164747413644,SIMULATED,NORMAL
2026-06-17T18:32:28.036929+00:00,DION_001,103818,-0.11814506845082015,SIMULATED,NORMAL
2026-06-17T18:32:28.047592+00:00,DION_001,103819,-0.5991605604544279,SIMULATED,NORMAL
2026-06-17T18:32:28.058267+00:00,DION_001,103820,-0.26978240620625377,SIMULATED,NORMAL
2026-06-17T18:32:28.068922+00:00,DION_001,103821,-0.06411348708544007,SIMULATED,NORMAL
2026-06-17T18:32:28.079613+00:00,DION_001,103822,0.02600823841036254,SIMULATED,NORMAL
2026-06-17T18:32:28.090263+00:00,DION_001,103823,-0.12553397029200694,SIMULATED,NORMAL
2026-06-17T18:32:28.100957+00:00,DION_001,103824,-0.07265345621216707,SIMULATED,NORMAL
2026-06-17T18:32:28.111737+00:00,DION_001,103825,-0.0457691793967851,SIMULATED,NORMAL
2026-06-17T18:32:28.122426+00:00,DION_001,103826,-0.21463685062854637,SIMULATED,NORMAL
2026-06-17T18:32:28.132919+00:00,DION_001,103827,0.1459729890216167,SIMULATED,NORMAL
2026-06-17T18:32:28.143631+00:00,DION_001,103828,-0.5055779603046607,SIMULATED,NORMAL
2026-06-17T18:32:28.154406+00:00,DION_001,103829,-0.3140010379849035,SIMULATED,NORMAL
2026-06-17T18:32:28.165116+00:00,DION_001,103830,-0.29737030013871324,SIMULATED,NORMAL
2026-06-17T18:32:28.175784+00:00,DION_001,103831,-0.321655670444165,SIMULATED,NORMAL
2026-06-17T18:32:28.186509+00:00,DION_001,103832,-0.14531252589120772,SIMULATED,NORMAL
2026-06-17T18:32:28.197260+00:00,DION_001,103833,-0.045326128760046346,SIMULATED,NORMAL
2026-06-17T18:32:28.207905+00:00,DION_001,103834,0.1406866515069885,SIMULATED,NORMAL
2026-06-17T18:32:28.218584+00:00,DION_001,103835,-0.1961189814008397,SIMULATED,NORMAL
2026-06-17T18:32:28.229228+00:00,DION_001,103836,-0.07323991149196525,SIMULATED,NORMAL
2026-06-17T18:32:28.239833+00:00,DION_001,103837,0.14199263861911038,SIMULATED,NORMAL
2026-06-17T18:32:28.250514+00:00,DION_001,103838,-0.05476462482305494,SIMULATED,NORMAL
2026-06-17T18:32:28.261191+00:00,DION_001,103839,0.18141094555066833,SIMULATED,NORMAL
2026-06-17T18:32:28.271887+00:00,DION_001,103840,0.2876463839796525,SIMULATED,NORMAL
2026-06-17T18:32:28.282560+00:00,DION_001,103841,0.08674309110511913,SIMULATED,NORMAL
2026-06-17T18:32:28.293551+00:00,DION_001,103842,0.2900875156649673,SIMULATED,NORMAL
2026-06-17T18:32:28.304295+00:00,DION_001,103843,0.142143096935055,SIMULATED,NORMAL
2026-06-17T18:32:28.315229+00:00,DION_001,103844,0.06835153581010633,SIMULATED,NORMAL
2026-06-17T18:32:28.325710+00:00,DION_001,103845,0.09171467077894369,SIMULATED,NORMAL
2026-06-17T18:32:28.336458+00:00,DION_001,103846,0.37491376951517036,SIMULATED,NORMAL
2026-06-17T18:32:28.347239+00:00,DION_001,103847,0.40450153570615344,SIMULATED,NORMAL
2026-06-17T18:32:28.357920+00:00,DION_001,103848,0.5746554398191466,SIMULATED,NORMAL
2026-06-17T18:32:28.368510+00:00,DION_001,103849,0.6143010407937693,SIMULATED,NORMAL
2026-06-17T18:32:28.379354+00:00,DION_001,103850,0.8156738677807235,SIMULATED,NORMAL
2026-06-17T18:32:28.390022+00:00,DION_001,103851,0.717611061566651,SIMULATED,NORMAL
2026-06-17T18:32:28.400699+00:00,DION_001,103852,0.6968427452808261,SIMULATED,NORMAL
2026-06-17T18:32:28.411432+00:00,DION_001,103853,0.7451265347227193,SIMULATED,NORMAL
2026-06-17T18:32:28.422153+00:00,DION_001,103854,1.0276739342431884,SIMULATED,NORMAL
2026-06-17T18:32:28.432811+00:00,DION_001,103855,0.5996095388533011,SIMULATED,NORMAL
2026-06-17T18:32:28.443530+00:00,DION_001,103856,0.5965773468454396,SIMULATED,NORMAL
2026-06-17T18:32:28.454000+00:00,DION_001,103857,0.8033680677950819,SIMULATED,NORMAL
2026-06-17T18:32:28.464782+00:00,DION_001,103858,0.9506296546369417,SIMULATED,NORMAL
2026-06-17T18:32:28.475729+00:00,DION_001,103859,0.7805216583711097,SIMULATED,NORMAL
2026-06-17T18:32:28.486380+00:00,DION_001,103860,0.8013372701407221,SIMULATED,NORMAL
2026-06-17T18:32:28.496907+00:00,DION_001,103861,1.0116818839210613,SIMULATED,NORMAL
2026-06-17T18:32:28.507602+00:00,DION_001,103862,0.873778946231605,SIMULATED,NORMAL
2026-06-17T18:32:28.518313+00:00,DION_001,103863,0.8545668841894963,SIMULATED,NORMAL
2026-06-17T18:32:28.528914+00:00,DION_001,103864,1.1443566955980182,SIMULATED,NORMAL
2026-06-17T18:32:28.539503+00:00,DION_001,103865,0.746389154069035,SIMULATED,NORMAL
2026-06-17T18:32:28.550150+00:00,DION_001,103866,0.7774767847647717,SIMULATED,NORMAL
2026-06-17T18:32:28.560847+00:00,DION_001,103867,0.9889895481124895,SIMULATED,NORMAL
2026-06-17T18:32:28.571511+00:00,DION_001,103868,1.1865740198360797,SIMULATED,NORMAL
2026-06-17T18:32:28.582238+00:00,DION_001,103869,0.9812247652648771,SIMULATED,NORMAL
2026-06-17T18:32:28.592913+00:00,DION_001,103870,0.8443269720786404,SIMULATED,NORMAL
2026-06-17T18:32:28.603585+00:00,DION_001,103871,0.7120768488846765,SIMULATED,NORMAL
2026-06-17T18:32:28.614302+00:00,DION_001,103872,1.0044145218301206,SIMULATED,NORMAL
2026-06-17T18:32:28.625002+00:00,DION_001,103873,1.0359162122882,SIMULATED,NORMAL
2026-06-17T18:32:28.635703+00:00,DION_001,103874,0.9861597669499113,SIMULATED,NORMAL
2026-06-17T18:32:28.646359+00:00,DION_001,103875,-1.0496329986194486,SIMULATED,NORMAL
2026-06-17T18:32:28.657329+00:00,DION_001,103876,0.747902426259612,SIMULATED,NORMAL
2026-06-17T18:32:28.668182+00:00,DION_001,103877,0.9719177058343842,SIMULATED,NORMAL
2026-06-17T18:32:28.678837+00:00,DION_001,103878,0.6128737414889286,SIMULATED,NORMAL
2026-06-17T18:32:28.689357+00:00,DION_001,103879,0.7954020712000932,SIMULATED,NORMAL
2026-06-17T18:32:28.699820+00:00,DION_001,103880,1.0610696734509415,SIMULATED,NORMAL
2026-06-17T18:32:28.710347+00:00,DION_001,103881,0.9071363850937414,SIMULATED,NORMAL
2026-06-17T18:32:28.720764+00:00,DION_001,103882,0.7445435955203615,SIMULATED,NORMAL
2026-06-17T18:32:28.731165+00:00,DION_001,103883,0.9405429939944823,SIMULATED,NORMAL
2026-06-17T18:32:28.741536+00:00,DION_001,103884,0.8486929521000434,SIMULATED,NORMAL
2026-06-17T18:32:28.751791+00:00,DION_001,103885,0.5621718733953147,SIMULATED,NORMAL
2026-06-17T18:32:28.762124+00:00,DION_001,103886,0.5416037959657071,SIMULATED,NORMAL
2026-06-17T18:32:28.772365+00:00,DION_001,103887,0.6779782417765501,SIMULATED,NORMAL
2026-06-17T18:32:28.782767+00:00,DION_001,103888,0.5900526185186197,SIMULATED,NORMAL
2026-06-17T18:32:28.793385+00:00,DION_001,103889,0.6533587450642766,SIMULATED,NORMAL
2026-06-17T18:32:28.803984+00:00,DION_001,103890,0.9961935693915541,SIMULATED,NORMAL
2026-06-17T18:32:28.814671+00:00,DION_001,103891,0.7242792506491416,SIMULATED,NORMAL
2026-06-17T18:32:28.825325+00:00,DION_001,103892,0.5658501843934253,SIMULATED,NORMAL
2026-06-17T18:32:28.835998+00:00,DION_001,103893,0.5748753623026582,SIMULATED,NORMAL
2026-06-17T18:32:28.846896+00:00,DION_001,103894,0.5691567917037835,SIMULATED,NORMAL
2026-06-17T18:32:28.857570+00:00,DION_001,103895,0.48399198281594263,SIMULATED,NORMAL
2026-06-17T18:32:28.868125+00:00,DION_001,103896,0.35715395459497234,SIMULATED,NORMAL
2026-06-17T18:32:28.878922+00:00,DION_001,103897,0.7167163284907392,SIMULATED,NORMAL
2026-06-17T18:32:28.889616+00:00,DION_001,103898,0.48467541153259,SIMULATED,NORMAL
2026-06-17T18:32:28.900185+00:00,DION_001,103899,0.36718328577587467,SIMULATED,NORMAL
2026-06-17T18:32:28.910857+00:00,DION_001,103900,0.5051685211032196,SIMULATED,NORMAL
2026-06-17T18:32:28.921476+00:00,DION_001,103901,0.1574265405113212,SIMULATED,NORMAL
2026-06-17T18:32:28.932130+00:00,DION_001,103902,0.5916387419948916,SIMULATED,NORMAL
2026-06-17T18:32:28.942792+00:00,DION_001,103903,0.5334172422559939,SIMULATED,NORMAL
2026-06-17T18:32:28.953397+00:00,DION_001,103904,0.15170252006373264,SIMULATED,NORMAL
2026-06-17T18:32:28.964055+00:00,DION_001,103905,0.3939229973482052,SIMULATED,NORMAL
2026-06-17T18:32:28.974820+00:00,DION_001,103906,0.20306905486149612,SIMULATED,NORMAL
2026-06-17T18:32:28.985453+00:00,DION_001,103907,0.16553734163457184,SIMULATED,NORMAL
2026-06-17T18:32:28.996386+00:00,DION_001,103908,0.5648322965325684,SIMULATED,NORMAL
2026-06-17T18:32:29.007125+00:00,DION_001,103909,0.29334937016259555,SIMULATED,NORMAL
2026-06-17T18:32:29.017845+00:00,DION_001,103910,0.49666882823420244,SIMULATED,NORMAL
2026-06-17T18:32:29.028411+00:00,DION_001,103911,0.3026468857489217,SIMULATED,NORMAL
2026-06-17T18:32:29.039256+00:00,DION_001,103912,0.28699781123640355,SIMULATED,NORMAL
2026-06-17T18:32:29.049897+00:00,DION_001,103913,0.27235635040676154,SIMULATED,NORMAL
2026-06-17T18:32:29.060472+00:00,DION_001,103914,0.6495997387081845,SIMULATED,NORMAL
2026-06-17T18:32:29.071292+00:00,DION_001,103915,0.41714829863226655,SIMULATED,NORMAL
2026-06-17T18:32:29.081959+00:00,DION_001,103916,0.5455165757962656,SIMULATED,NORMAL
2026-06-17T18:32:29.092709+00:00,DION_001,103917,0.49627212169580254,SIMULATED,NORMAL
2026-06-17T18:32:29.103352+00:00,DION_001,103918,0.6197345317472255,SIMULATED,NORMAL
2026-06-17T18:32:29.114030+00:00,DION_001,103919,0.5868373924124117,SIMULATED,NORMAL
2026-06-17T18:32:29.124752+00:00,DION_001,103920,0.8423221678862933,SIMULATED,NORMAL
2026-06-17T18:32:29.135363+00:00,DION_001,103921,0.7964215931787295,SIMULATED,NORMAL
2026-06-17T18:32:29.146180+00:00,DION_001,103922,0.7233726985654958,SIMULATED,NORMAL
2026-06-17T18:32:29.156904+00:00,DION_001,103923,0.568326258346869,SIMULATED,NORMAL
2026-06-17T18:32:29.167535+00:00,DION_001,103924,0.8519729187796778,SIMULATED,NORMAL
2026-06-17T18:32:29.178373+00:00,DION_001,103925,1.0243636756355394,SIMULATED,NORMAL
2026-06-17T18:32:29.189104+00:00,DION_001,103926,0.9498536462514142,SIMULATED,NORMAL
2026-06-17T18:32:29.199648+00:00,DION_001,103927,0.8424413215520647,SIMULATED,NORMAL
2026-06-17T18:32:29.213856+00:00,DION_001,103928,0.7576795933284343,SIMULATED,NORMAL
2026-06-17T18:32:29.224357+00:00,DION_001,103929,1.0129264539004725,SIMULATED,NORMAL
2026-06-17T18:32:29.235028+00:00,DION_001,103930,1.0329752336627307,SIMULATED,NORMAL
2026-06-17T18:32:29.245581+00:00,DION_001,103931,1.0950598696269025,SIMULATED,NORMAL
2026-06-17T18:32:29.256135+00:00,DION_001,103932,1.0533426996065198,SIMULATED,NORMAL
2026-06-17T18:32:29.266848+00:00,DION_001,103933,1.2251851929545483,SIMULATED,NORMAL
2026-06-17T18:32:29.277505+00:00,DION_001,103934,0.999717040530594,SIMULATED,NORMAL
2026-06-17T18:32:29.288106+00:00,DION_001,103935,0.8591912676160598,SIMULATED,NORMAL
2026-06-17T18:32:29.298753+00:00,DION_001,103936,0.9949225609660146,SIMULATED,NORMAL
2026-06-17T18:32:29.309467+00:00,DION_001,103937,1.0130316680260587,SIMULATED,NORMAL
2026-06-17T18:32:29.320106+00:00,DION_001,103938,0.9745107384098775,SIMULATED,NORMAL
2026-06-17T18:32:29.330699+00:00,DION_001,103939,1.1727791806801837,SIMULATED,NORMAL
2026-06-17T18:32:29.341320+00:00,DION_001,103940,1.088553736434927,SIMULATED,NORMAL
2026-06-17T18:32:29.351907+00:00,DION_001,103941,0.9612508221980518,SIMULATED,NORMAL
2026-06-17T18:32:29.362507+00:00,DION_001,103942,0.9062947690004018,SIMULATED,NORMAL
2026-06-17T18:32:29.373133+00:00,DION_001,103943,1.0399751346763784,SIMULATED,NORMAL
2026-06-17T18:32:29.383762+00:00,DION_001,103944,0.9115962917611613,SIMULATED,NORMAL
2026-06-17T18:32:29.394471+00:00,DION_001,103945,1.3125786277799478,SIMULATED,NORMAL
2026-06-17T18:32:29.404947+00:00,DION_001,103946,1.1406643196414048,SIMULATED,NORMAL
2026-06-17T18:32:29.415535+00:00,DION_001,103947,0.9214631993113925,SIMULATED,NORMAL
2026-06-17T18:32:29.426179+00:00,DION_001,103948,0.7879123827934894,SIMULATED,NORMAL
2026-06-17T18:32:29.436798+00:00,DION_001,103949,0.9030035857603669,SIMULATED,NORMAL
2026-06-17T18:32:29.447464+00:00,DION_001,103950,0.8385654899428874,SIMULATED,NORMAL
2026-06-17T18:32:29.458086+00:00,DION_001,103951,0.619110196140296,SIMULATED,NORMAL
2026-06-17T18:32:29.468899+00:00,DION_001,103952,0.8717730390880306,SIMULATED,NORMAL
2026-06-17T18:32:29.479661+00:00,DION_001,103953,0.7845097666719083,SIMULATED,NORMAL
2026-06-17T18:32:29.490375+00:00,DION_001,103954,0.8304135743406892,SIMULATED,NORMAL
2026-06-17T18:32:29.501049+00:00,DION_001,103955,0.5171231959856565,SIMULATED,NORMAL
2026-06-17T18:32:29.511771+00:00,DION_001,103956,1.1144120057251112,SIMULATED,NORMAL
2026-06-17T18:32:29.522449+00:00,DION_001,103957,0.7208909946622046,SIMULATED,NORMAL
2026-06-17T18:32:29.532994+00:00,DION_001,103958,0.3947535605760919,SIMULATED,NORMAL
2026-06-17T18:32:29.543714+00:00,DION_001,103959,0.3424676482384264,SIMULATED,NORMAL
2026-06-17T18:32:29.554381+00:00,DION_001,103960,0.6079443045799466,SIMULATED,NORMAL
2026-06-17T18:32:29.565082+00:00,DION_001,103961,0.8108346360369788,SIMULATED,NORMAL
2026-06-17T18:32:29.575669+00:00,DION_001,103962,0.4839307705558402,SIMULATED,NORMAL
2026-06-17T18:32:29.586342+00:00,DION_001,103963,0.536436201270191,SIMULATED,NORMAL
2026-06-17T18:32:29.597028+00:00,DION_001,103964,0.47272897995991114,SIMULATED,NORMAL
2026-06-17T18:32:29.607675+00:00,DION_001,103965,0.5073099988449565,SIMULATED,NORMAL
2026-06-17T18:32:29.618384+00:00,DION_001,103966,0.579593926290293,SIMULATED,NORMAL
2026-06-17T18:32:29.629113+00:00,DION_001,103967,0.00015581836518557823,SIMULATED,NORMAL
2026-06-17T18:32:29.639623+00:00,DION_001,103968,0.138990532727042,SIMULATED,NORMAL
2026-06-17T18:32:29.650170+00:00,DION_001,103969,0.17257904937399815,SIMULATED,NORMAL
2026-06-17T18:32:29.660911+00:00,DION_001,103970,0.23230315779397376,SIMULATED,NORMAL
2026-06-17T18:32:29.671677+00:00,DION_001,103971,0.17615781717202358,SIMULATED,NORMAL
2026-06-17T18:32:29.682357+00:00,DION_001,103972,0.27388224090879526,SIMULATED,NORMAL
2026-06-17T18:32:29.692927+00:00,DION_001,103973,0.27100027110343494,SIMULATED,NORMAL
2026-06-17T18:32:29.703713+00:00,DION_001,103974,0.25787667563949457,SIMULATED,NORMAL
2026-06-17T18:32:29.714483+00:00,DION_001,103975,0.14804827023456996,SIMULATED,NORMAL
2026-06-17T18:32:29.725383+00:00,DION_001,103976,-0.07076941677568144,SIMULATED,NORMAL
2026-06-17T18:32:29.736104+00:00,DION_001,103977,-0.03754440688687883,SIMULATED,NORMAL
2026-06-17T18:32:29.746767+00:00,DION_001,103978,0.01304997977253168,SIMULATED,NORMAL
2026-06-17T18:32:29.757641+00:00,DION_001,103979,-0.005442379310912751,SIMULATED,NORMAL
2026-06-17T18:32:29.768158+00:00,DION_001,103980,-0.44904745844119515,SIMULATED,NORMAL
2026-06-17T18:32:29.778578+00:00,DION_001,103981,-0.41541331725240815,SIMULATED,NORMAL
2026-06-17T18:32:29.789116+00:00,DION_001,103982,-0.25270137081728905,SIMULATED,NORMAL
2026-06-17T18:32:29.799563+00:00,DION_001,103983,0.017194028535821332,SIMULATED,NORMAL
2026-06-17T18:32:29.809993+00:00,DION_001,103984,-0.3294303694089391,SIMULATED,NORMAL
2026-06-17T18:32:29.820437+00:00,DION_001,103985,0.05902624455284253,SIMULATED,NORMAL
2026-06-17T18:32:29.830955+00:00,DION_001,103986,-0.038649659845824025,SIMULATED,NORMAL
2026-06-17T18:32:29.841332+00:00,DION_001,103987,-0.12535720269207085,SIMULATED,NORMAL
2026-06-17T18:32:29.851689+00:00,DION_001,103988,-0.11084399528186509,SIMULATED,NORMAL
2026-06-17T18:32:29.861940+00:00,DION_001,103989,-0.2589594607692509,SIMULATED,NORMAL
2026-06-17T18:32:29.872454+00:00,DION_001,103990,-0.003612676178860491,SIMULATED,NORMAL
2026-06-17T18:32:29.882981+00:00,DION_001,103991,-0.29598464944536695,SIMULATED,NORMAL
2026-06-17T18:32:29.893486+00:00,DION_001,103992,-0.07776457392650031,SIMULATED,NORMAL
2026-06-17T18:32:29.903954+00:00,DION_001,103993,-0.1217790465054944,SIMULATED,NORMAL
2026-06-17T18:32:29.914720+00:00,DION_001,103994,-0.019563776899206603,SIMULATED,NORMAL
2026-06-17T18:32:29.925375+00:00,DION_001,103995,-0.31377237002866415,SIMULATED,NORMAL
2026-06-17T18:32:29.935928+00:00,DION_001,103996,-0.28256471959352175,SIMULATED,NORMAL
2026-06-17T18:32:29.946551+00:00,DION_001,103997,-0.32614966733548123,SIMULATED,NORMAL
2026-06-17T18:32:29.957227+00:00,DION_001,103998,-0.1527149172833986,SIMULATED,NORMAL
2026-06-17T18:32:29.967902+00:00,DION_001,103999,0.04712491936501401,SIMULATED,NORMAL
2026-06-17T18:32:29.978506+00:00,DION_001,104000,-0.04736496459400973,SIMULATED,NORMAL
2026-06-17T18:32:29.989170+00:00,DION_001,104001,0.037210083818299995,SIMULATED,NORMAL
2026-06-17T18:32:29.999837+00:00,DION_001,104002,0.007329016901875251,SIMULATED,NORMAL
2026-06-17T18:32:30.010574+00:00,DION_001,104003,0.12979962393141256,SIMULATED,NORMAL
2026-06-17T18:32:30.021269+00:00,DION_001,104004,0.18491748908938355,SIMULATED,NORMAL
2026-06-17T18:32:30.033399+00:00,DION_001,104005,-0.027689583136159074,SIMULATED,NORMAL
2026-06-17T18:32:30.044001+00:00,DION_001,104006,-0.005245003182136804,SIMULATED,NORMAL
2026-06-17T18:32:30.054566+00:00,DION_001,104007,-0.06171719067994823,SIMULATED,NORMAL
2026-06-17T18:32:30.065120+00:00,DION_001,104008,0.21555507462544052,SIMULATED,NORMAL
2026-06-17T18:32:30.075729+00:00,DION_001,104009,-0.003393747100070607,SIMULATED,NORMAL
2026-06-17T18:32:30.086327+00:00,DION_001,104010,0.30882194142246266,SIMULATED,NORMAL
2026-06-17T18:32:30.097156+00:00,DION_001,104011,0.18622155084443104,SIMULATED,NORMAL
2026-06-17T18:32:30.107736+00:00,DION_001,104012,0.06989314615881381,SIMULATED,NORMAL
2026-06-17T18:32:30.118313+00:00,DION_001,104013,0.2301677682944931,SIMULATED,NORMAL
2026-06-17T18:32:30.128993+00:00,DION_001,104014,0.37481948775173335,SIMULATED,NORMAL
2026-06-17T18:32:30.139603+00:00,DION_001,104015,0.34506094849776814,SIMULATED,NORMAL
2026-06-17T18:32:30.150261+00:00,DION_001,104016,0.19250890900265016,SIMULATED,NORMAL
2026-06-17T18:32:30.160822+00:00,DION_001,104017,0.27313535212986684,SIMULATED,NORMAL
2026-06-17T18:32:30.171421+00:00,DION_001,104018,0.09126842228262287,SIMULATED,NORMAL
2026-06-17T18:32:30.182031+00:00,DION_001,104019,0.01026402700699855,SIMULATED,NORMAL
2026-06-17T18:32:30.192649+00:00,DION_001,104020,-0.13043298143909757,SIMULATED,NORMAL
2026-06-17T18:32:30.203246+00:00,DION_001,104021,0.3428002131180542,SIMULATED,NORMAL
2026-06-17T18:32:30.213875+00:00,DION_001,104022,0.30705904854064725,SIMULATED,NORMAL
2026-06-17T18:32:30.224545+00:00,DION_001,104023,-0.026222682323864654,SIMULATED,NORMAL
2026-06-17T18:32:30.235358+00:00,DION_001,104024,-0.03226345351175908,SIMULATED,NORMAL
2026-06-17T18:32:30.245964+00:00,DION_001,104025,2.592506332499136,SIMULATED,EVENT_DETECTED
2026-06-17T18:32:30.256943+00:00,DION_001,104026,-0.09811241104016316,SIMULATED,NORMAL
2026-06-17T18:32:30.267543+00:00,DION_001,104027,-0.2906512466469221,SIMULATED,NORMAL
2026-06-17T18:32:30.278073+00:00,DION_001,104028,0.20117311546503314,SIMULATED,NORMAL
2026-06-17T18:32:30.288782+00:00,DION_001,104029,-0.2196869398985475,SIMULATED,NORMAL
2026-06-17T18:32:30.299316+00:00,DION_001,104030,-0.26669214816267683,SIMULATED,NORMAL
2026-06-17T18:32:30.310081+00:00,DION_001,104031,-0.07313522693144861,SIMULATED,NORMAL
2026-06-17T18:32:30.320733+00:00,DION_001,104032,-0.2555064712523684,SIMULATED,NORMAL
2026-06-17T18:32:30.331420+00:00,DION_001,104033,-0.04762383320422488,SIMULATED,NORMAL
2026-06-17T18:32:30.342112+00:00,DION_001,104034,-0.2261323861029226,SIMULATED,NORMAL
2026-06-17T18:32:30.352890+00:00,DION_001,104035,-0.06993979800683517,SIMULATED,NORMAL
2026-06-17T18:32:30.363471+00:00,DION_001,104036,-0.17179399340449086,SIMULATED,NORMAL
2026-06-17T18:32:30.374089+00:00,DION_001,104037,-0.12845089086065004,SIMULATED,NORMAL
2026-06-17T18:32:30.384667+00:00,DION_001,104038,-0.35908487976376136,SIMULATED,NORMAL
2026-06-17T18:32:30.395279+00:00,DION_001,104039,-0.12844390237668385,SIMULATED,NORMAL
2026-06-17T18:32:30.405826+00:00,DION_001,104040,-0.5681877517202576,SIMULATED,NORMAL
2026-06-17T18:32:30.416424+00:00,DION_001,104041,-0.34897765855934104,SIMULATED,NORMAL
2026-06-17T18:32:30.427187+00:00,DION_001,104042,-0.40397103201077067,SIMULATED,NORMAL
2026-06-17T18:32:30.437811+00:00,DION_001,104043,-0.5854352248786363,SIMULATED,NORMAL
2026-06-17T18:32:30.448408+00:00,DION_001,104044,-0.6959663229450664,SIMULATED,NORMAL
2026-06-17T18:32:30.459147+00:00,DION_001,104045,-0.5042616173944011,SIMULATED,NORMAL
2026-06-17T18:32:30.469764+00:00,DION_001,104046,-0.47749190731757896,SIMULATED,NORMAL
2026-06-17T18:32:30.480382+00:00,DION_001,104047,-0.5319446466467703,SIMULATED,NORMAL
2026-06-17T18:32:30.491406+00:00,DION_001,104048,-0.47810407080473794,SIMULATED,NORMAL
2026-06-17T18:32:30.502030+00:00,DION_001,104049,-0.7691798320608826,SIMULATED,NORMAL
2026-06-17T18:32:30.512652+00:00,DION_001,104050,-0.9030983286619103,SIMULATED,NORMAL
2026-06-17T18:32:30.523378+00:00,DION_001,104051,1.4158707059471007,SIMULATED,NORMAL
2026-06-17T18:32:30.534399+00:00,DION_001,104052,-0.9271289035842569,SIMULATED,NORMAL
2026-06-17T18:32:30.545009+00:00,DION_001,104053,-0.8374985517620204,SIMULATED,NORMAL
2026-06-17T18:32:30.555629+00:00,DION_001,104054,-1.0907369957746982,SIMULATED,NORMAL
2026-06-17T18:32:30.566392+00:00,DION_001,104055,-0.9426478593506692,SIMULATED,NORMAL
2026-06-17T18:32:30.577093+00:00,DION_001,104056,-0.7811430331918887,SIMULATED,NORMAL
2026-06-17T18:32:30.587803+00:00,DION_001,104057,-1.0483220387753882,SIMULATED,NORMAL
2026-06-17T18:32:30.598543+00:00,DION_001,104058,-1.1986072906678944,SIMULATED,NORMAL
2026-06-17T18:32:30.609422+00:00,DION_001,104059,-1.155979909023651,SIMULATED,NORMAL
2026-06-17T18:32:30.620139+00:00,DION_001,104060,-1.1779276639306437,SIMULATED,NORMAL
2026-06-17T18:32:30.630825+00:00,DION_001,104061,-1.2217758667399952,SIMULATED,NORMAL
2026-06-17T18:32:30.641463+00:00,DION_001,104062,-1.2323259122377646,SIMULATED,NORMAL
2026-06-17T18:32:30.652174+00:00,DION_001,104063,-1.1218236899788432,SIMULATED,NORMAL
2026-06-17T18:32:30.662981+00:00,DION_001,104064,-1.0952074991497465,SIMULATED,NORMAL
2026-06-17T18:32:30.673640+00:00,DION_001,104065,-0.7973408248578645,SIMULATED,NORMAL
2026-06-17T18:32:30.684179+00:00,DION_001,104066,-1.0286301196337555,SIMULATED,NORMAL
2026-06-17T18:32:30.694895+00:00,DION_001,104067,-1.0946577400523108,SIMULATED,NORMAL
2026-06-17T18:32:30.705634+00:00,DION_001,104068,-1.0366091414716003,SIMULATED,NORMAL
2026-06-17T18:32:30.716247+00:00,DION_001,104069,-1.012290627100145,SIMULATED,NORMAL
2026-06-17T18:32:30.726972+00:00,DION_001,104070,-0.8327600261781662,SIMULATED,NORMAL
2026-06-17T18:32:30.737637+00:00,DION_001,104071,-0.8520426804798158,SIMULATED,NORMAL
2026-06-17T18:32:30.748263+00:00,DION_001,104072,-0.9164540583246601,SIMULATED,NORMAL
2026-06-17T18:32:30.758919+00:00,DION_001,104073,-0.9265464083718518,SIMULATED,NORMAL
2026-06-17T18:32:30.769636+00:00,DION_001,104074,-1.1129232537403808,SIMULATED,NORMAL
2026-06-17T18:32:30.780286+00:00,DION_001,104075,-0.9299932463296174,SIMULATED,NORMAL
2026-06-17T18:32:30.790931+00:00,DION_001,104076,-0.9087354670490116,SIMULATED,NORMAL
2026-06-17T18:32:30.801649+00:00,DION_001,104077,-0.9312306162358774,SIMULATED,NORMAL
2026-06-17T18:32:30.812396+00:00,DION_001,104078,-1.0257162007632716,SIMULATED,NORMAL
2026-06-17T18:32:30.823219+00:00,DION_001,104079,-0.8078544299254243,SIMULATED,NORMAL
2026-06-17T18:32:30.833872+00:00,DION_001,104080,-0.6573128750102446,SIMULATED,NORMAL
2026-06-17T18:32:30.844618+00:00,DION_001,104081,-0.7321857829622094,SIMULATED,NORMAL
2026-06-17T18:32:30.855609+00:00,DION_001,104082,-0.7634324481692897,SIMULATED,NORMAL
2026-06-17T18:32:30.866458+00:00,DION_001,104083,-0.3907370540018999,SIMULATED,NORMAL
2026-06-17T18:32:30.877021+00:00,DION_001,104084,-0.7408389138537106,SIMULATED,NORMAL
2026-06-17T18:32:30.887622+00:00,DION_001,104085,-0.739470123850122,SIMULATED,NORMAL
2026-06-17T18:32:30.898070+00:00,DION_001,104086,-0.7133043797823337,SIMULATED,NORMAL
2026-06-17T18:32:30.908674+00:00,DION_001,104087,-0.3340904266904491,SIMULATED,NORMAL
2026-06-17T18:32:30.919115+00:00,DION_001,104088,-0.3492370913335776,SIMULATED,NORMAL
2026-06-17T18:32:30.929537+00:00,DION_001,104089,-0.4319340147685278,SIMULATED,NORMAL
2026-06-17T18:32:30.939830+00:00,DION_001,104090,-0.7086278241921957,SIMULATED,NORMAL
2026-06-17T18:32:30.950230+00:00,DION_001,104091,-0.38948547741381473,SIMULATED,NORMAL
2026-06-17T18:32:30.960535+00:00,DION_001,104092,-0.48845574512057066,SIMULATED,NORMAL
2026-06-17T18:32:30.971012+00:00,DION_001,104093,-0.3494140070305947,SIMULATED,NORMAL
2026-06-17T18:32:30.981610+00:00,DION_001,104094,-0.21568319397216784,SIMULATED,NORMAL
2026-06-17T18:32:30.992134+00:00,DION_001,104095,-0.13847656665563884,SIMULATED,NORMAL
2026-06-17T18:32:31.002802+00:00,DION_001,104096,-0.6357828954766818,SIMULATED,NORMAL
2026-06-17T18:32:31.013466+00:00,DION_001,104097,-0.39490709239822425,SIMULATED,NORMAL
2026-06-17T18:32:31.024195+00:00,DION_001,104098,-0.2431839198219599,SIMULATED,NORMAL
2026-06-17T18:32:31.035017+00:00,DION_001,104099,-0.2652005394639034,SIMULATED,NORMAL
2026-06-17T18:32:31.045753+00:00,DION_001,104100,-0.4757932669803041,SIMULATED,NORMAL
2026-06-17T18:32:31.056431+00:00,DION_001,104101,-0.10090236970714234,SIMULATED,NORMAL
2026-06-17T18:32:31.067192+00:00,DION_001,104102,-0.428836235240112,SIMULATED,NORMAL
2026-06-17T18:32:31.077874+00:00,DION_001,104103,-0.5868886823252362,SIMULATED,NORMAL
2026-06-17T18:32:31.088505+00:00,DION_001,104104,-0.39840433713266143,SIMULATED,NORMAL
2026-06-17T18:32:31.099339+00:00,DION_001,104105,-0.6183188662644564,SIMULATED,NORMAL
2026-06-17T18:32:31.110013+00:00,DION_001,104106,-0.5146836617942077,SIMULATED,NORMAL
2026-06-17T18:32:31.120914+00:00,DION_001,104107,-0.33121692343254355,SIMULATED,NORMAL
2026-06-17T18:32:31.131822+00:00,DION_001,104108,-0.44491572029045123,SIMULATED,NORMAL
2026-06-17T18:32:31.142746+00:00,DION_001,104109,-0.4539013818119709,SIMULATED,NORMAL
2026-06-17T18:32:31.153308+00:00,DION_001,104110,-0.4729392215509837,SIMULATED,NORMAL
2026-06-17T18:32:31.164309+00:00,DION_001,104111,-0.7755648460258381,SIMULATED,NORMAL
2026-06-17T18:32:31.175392+00:00,DION_001,104112,-0.5319612283587926,SIMULATED,NORMAL
2026-06-17T18:32:31.186073+00:00,DION_001,104113,-0.4390539429406747,SIMULATED,NORMAL
2026-06-17T18:32:31.196970+00:00,DION_001,104114,-0.687394969554273,SIMULATED,NORMAL
2026-06-17T18:32:31.207933+00:00,DION_001,104115,-0.7120505764412273,SIMULATED,NORMAL
2026-06-17T18:32:31.218898+00:00,DION_001,104116,-0.6008509049153455,SIMULATED,NORMAL
2026-06-17T18:32:31.229841+00:00,DION_001,104117,-0.6577819694202512,SIMULATED,NORMAL
2026-06-17T18:32:31.240776+00:00,DION_001,104118,-0.6212822921106909,SIMULATED,NORMAL
2026-06-17T18:32:31.251733+00:00,DION_001,104119,-1.0052005570126752,SIMULATED,NORMAL
2026-06-17T18:32:31.262779+00:00,DION_001,104120,-0.7142906002504503,SIMULATED,NORMAL
2026-06-17T18:32:31.273725+00:00,DION_001,104121,-1.1070347948667845,SIMULATED,NORMAL
2026-06-17T18:32:31.284690+00:00,DION_001,104122,-0.8535476930886047,SIMULATED,NORMAL
2026-06-17T18:32:31.295352+00:00,DION_001,104123,-0.9302199495609644,SIMULATED,NORMAL
2026-06-17T18:32:31.306321+00:00,DION_001,104124,-0.8189656758494764,SIMULATED,NORMAL
2026-06-17T18:32:31.317258+00:00,DION_001,104125,-0.7683677142397617,SIMULATED,NORMAL
2026-06-17T18:32:31.328208+00:00,DION_001,104126,-0.8000672362490926,SIMULATED,NORMAL
2026-06-17T18:32:31.339145+00:00,DION_001,104127,-0.767873003162071,SIMULATED,NORMAL
2026-06-17T18:32:31.350208+00:00,DION_001,104128,-1.2373965590625131,SIMULATED,NORMAL
2026-06-17T18:32:31.361216+00:00,DION_001,104129,-1.0071762373017534,SIMULATED,NORMAL
2026-06-17T18:32:31.371747+00:00,DION_001,104130,-1.1094975555313076,SIMULATED,NORMAL
2026-06-17T18:32:31.382688+00:00,DION_001,104131,-0.9594700904341776,SIMULATED,NORMAL
2026-06-17T18:32:31.393641+00:00,DION_001,104132,-1.055218908975557,SIMULATED,NORMAL
2026-06-17T18:32:31.404259+00:00,DION_001,104133,-1.1519914866960845,SIMULATED,NORMAL
2026-06-17T18:32:31.415228+00:00,DION_001,104134,-1.0226749765551701,SIMULATED,NORMAL
2026-06-17T18:32:31.426151+00:00,DION_001,104135,-0.9345244191404183,SIMULATED,NORMAL
2026-06-17T18:32:31.437085+00:00,DION_001,104136,-0.8805662967413472,SIMULATED,NORMAL
2026-06-17T18:32:31.448030+00:00,DION_001,104137,-1.2727888962261378,SIMULATED,NORMAL
2026-06-17T18:32:31.458674+00:00,DION_001,104138,-0.9634644191374621,SIMULATED,NORMAL
2026-06-17T18:32:31.469659+00:00,DION_001,104139,-1.2508603969683834,SIMULATED,NORMAL
2026-06-17T18:32:31.480692+00:00,DION_001,104140,-1.1124012420955462,SIMULATED,NORMAL
2026-06-17T18:32:31.491823+00:00,DION_001,104141,-0.9085475269607731,SIMULATED,NORMAL
2026-06-17T18:32:31.502779+00:00,DION_001,104142,-1.0570975650941374,SIMULATED,NORMAL
2026-06-17T18:32:31.513334+00:00,DION_001,104143,-0.8881359953528019,SIMULATED,NORMAL
2026-06-17T18:32:31.524402+00:00,DION_001,104144,-1.0231674428402335,SIMULATED,NORMAL
2026-06-17T18:32:31.535570+00:00,DION_001,104145,-1.0114999187723146,SIMULATED,NORMAL
2026-06-17T18:32:31.546160+00:00,DION_001,104146,-0.8710996220512386,SIMULATED,NORMAL
2026-06-17T18:32:31.557174+00:00,DION_001,104147,-0.7285358645689639,SIMULATED,NORMAL
2026-06-17T18:32:31.568225+00:00,DION_001,104148,-0.7400421432269648,SIMULATED,NORMAL
2026-06-17T18:32:31.578798+00:00,DION_001,104149,-0.6402712242824494,SIMULATED,NORMAL
2026-06-17T18:32:31.589776+00:00,DION_001,104150,-0.5498188095148382,SIMULATED,NORMAL
2026-06-17T18:32:31.600702+00:00,DION_001,104151,-0.6170589714993243,SIMULATED,NORMAL
2026-06-17T18:32:31.611368+00:00,DION_001,104152,-0.6066339133478358,SIMULATED,NORMAL
2026-06-17T18:32:31.622107+00:00,DION_001,104153,-0.5852014102073858,SIMULATED,NORMAL
2026-06-17T18:32:31.633098+00:00,DION_001,104154,-0.3330440508790482,SIMULATED,NORMAL
2026-06-17T18:32:31.643659+00:00,DION_001,104155,-0.44168485615026226,SIMULATED,NORMAL
2026-06-17T18:32:31.654342+00:00,DION_001,104156,-0.4702875859522783,SIMULATED,NORMAL
2026-06-17T18:32:31.664836+00:00,DION_001,104157,-0.3145231650646839,SIMULATED,NORMAL
2026-06-17T18:32:31.675883+00:00,DION_001,104158,-0.11014625897533237,SIMULATED,NORMAL
2026-06-17T18:32:31.686991+00:00,DION_001,104159,-0.16977661097982158,SIMULATED,NORMAL
2026-06-17T18:32:31.697543+00:00,DION_001,104160,-0.35470403561043334,SIMULATED,NORMAL
2026-06-17T18:32:31.708474+00:00,DION_001,104161,-0.3092150494982651,SIMULATED,NORMAL
2026-06-17T18:32:31.719573+00:00,DION_001,104162,-0.2388186106748015,SIMULATED,NORMAL
2026-06-17T18:32:31.730764+00:00,DION_001,104163,-0.3385805729755573,SIMULATED,NORMAL
2026-06-17T18:32:31.741788+00:00,DION_001,104164,-0.19518226011587875,SIMULATED,NORMAL
2026-06-17T18:32:31.752740+00:00,DION_001,104165,0.09574367701746087,SIMULATED,NORMAL
2026-06-17T18:32:31.763263+00:00,DION_001,104166,0.1679137164391241,SIMULATED,NORMAL
2026-06-17T18:32:31.774126+00:00,DION_001,104167,0.2612481109919355,SIMULATED,NORMAL
2026-06-17T18:32:31.785253+00:00,DION_001,104168,0.029507351200135236,SIMULATED,NORMAL
2026-06-17T18:32:31.796165+00:00,DION_001,104169,0.13291649473484157,SIMULATED,NORMAL
2026-06-17T18:32:31.807102+00:00,DION_001,104170,0.320158748116693,SIMULATED,NORMAL
2026-06-17T18:32:31.818004+00:00,DION_001,104171,0.3643269962722592,SIMULATED,NORMAL
2026-06-17T18:32:31.828957+00:00,DION_001,104172,0.36980552947351863,SIMULATED,NORMAL
2026-06-17T18:32:31.840070+00:00,DION_001,104173,0.23944244649469276,SIMULATED,NORMAL
2026-06-17T18:32:31.851038+00:00,DION_001,104174,0.4390878083386731,SIMULATED,NORMAL
2026-06-17T18:32:31.861986+00:00,DION_001,104175,-2.6674168752698524,SIMULATED,EVENT_DETECTED
2026-06-17T18:32:31.872758+00:00,DION_001,104176,0.36838055670363123,SIMULATED,NORMAL
2026-06-17T18:32:31.883720+00:00,DION_001,104177,0.49284693696821735,SIMULATED,NORMAL
2026-06-17T18:32:31.894665+00:00,DION_001,104178,0.11825020826531102,SIMULATED,NORMAL
2026-06-17T18:32:31.905625+00:00,DION_001,104179,0.3358905956251627,SIMULATED,NORMAL
2026-06-17T18:32:31.916697+00:00,DION_001,104180,0.07967552534842628,SIMULATED,NORMAL
2026-06-17T18:32:31.927241+00:00,DION_001,104181,0.154247120947293,SIMULATED,NORMAL
2026-06-17T18:32:31.938170+00:00,DION_001,104182,0.5298401569301391,SIMULATED,NORMAL
2026-06-17T18:32:31.949075+00:00,DION_001,104183,0.27995146622019934,SIMULATED,NORMAL
2026-06-17T18:32:31.959972+00:00,DION_001,104184,0.16246096770242727,SIMULATED,NORMAL
2026-06-17T18:32:31.971092+00:00,DION_001,104185,0.23026348963609153,SIMULATED,NORMAL
2026-06-17T18:32:31.981653+00:00,DION_001,104186,0.23611800214195025,SIMULATED,NORMAL
2026-06-17T18:32:31.992133+00:00,DION_001,104187,0.47289149162671884,SIMULATED,NORMAL
2026-06-17T18:32:32.002615+00:00,DION_001,104188,0.006304570730093911,SIMULATED,NORMAL
2026-06-17T18:32:32.013068+00:00,DION_001,104189,0.16482121170287875,SIMULATED,NORMAL
2026-06-17T18:32:32.023520+00:00,DION_001,104190,0.3365065470116786,SIMULATED,NORMAL
2026-06-17T18:32:32.033974+00:00,DION_001,104191,0.048013376799282304,SIMULATED,NORMAL
2026-06-17T18:32:32.044433+00:00,DION_001,104192,0.24262665151804302,SIMULATED,NORMAL
2026-06-17T18:32:32.054650+00:00,DION_001,104193,-0.03816844170708247,SIMULATED,NORMAL
2026-06-17T18:32:32.064941+00:00,DION_001,104194,0.09539973642076233,SIMULATED,NORMAL
2026-06-17T18:32:32.075384+00:00,DION_001,104195,0.07662228011784578,SIMULATED,NORMAL
2026-06-17T18:32:32.086102+00:00,DION_001,104196,0.2023351752869671,SIMULATED,NORMAL
2026-06-17T18:32:32.096739+00:00,DION_001,104197,0.34429093891456597,SIMULATED,NORMAL
2026-06-17T18:32:32.107289+00:00,DION_001,104198,0.14524516401593535,SIMULATED,NORMAL
2026-06-17T18:32:32.118018+00:00,DION_001,104199,0.08662568366446705,SIMULATED,NORMAL
2026-06-17T18:32:32.128675+00:00,DION_001,104200,0.036070922433252293,SIMULATED,NORMAL
2026-06-17T18:32:32.139573+00:00,DION_001,104201,-0.2772503052902522,SIMULATED,NORMAL
2026-06-17T18:32:32.150491+00:00,DION_001,104202,1.5375738903725056,SIMULATED,NORMAL
2026-06-17T18:32:32.161654+00:00,DION_001,104203,-0.04866004157542217,SIMULATED,NORMAL
2026-06-17T18:32:32.172648+00:00,DION_001,104204,-2.648634188610736,SIMULATED,EVENT_DETECTED
2026-06-17T18:32:32.183866+00:00,DION_001,104205,0.01228516856081751,SIMULATED,NORMAL
2026-06-17T18:32:32.194848+00:00,DION_001,104206,0.25591515025800315,SIMULATED,NORMAL
2026-06-17T18:32:32.205853+00:00,DION_001,104207,-0.3820198660881506,SIMULATED,NORMAL
2026-06-17T18:32:32.216508+00:00,DION_001,104208,0.10962564509764028,SIMULATED,NORMAL
2026-06-17T18:32:32.227652+00:00,DION_001,104209,-0.09051494088230708,SIMULATED,NORMAL
2026-06-17T18:32:32.238645+00:00,DION_001,104210,-0.5645546132588958,SIMULATED,NORMAL
2026-06-17T18:32:32.249316+00:00,DION_001,104211,-0.0452231763414601,SIMULATED,NORMAL
2026-06-17T18:32:32.260448+00:00,DION_001,104212,-0.09789471011480624,SIMULATED,NORMAL
2026-06-17T18:32:32.271153+00:00,DION_001,104213,0.1553287142667417,SIMULATED,NORMAL
2026-06-17T18:32:32.281763+00:00,DION_001,104214,-0.17351505437813203,SIMULATED,NORMAL
2026-06-17T18:32:32.292387+00:00,DION_001,104215,0.07673990691116504,SIMULATED,NORMAL
2026-06-17T18:32:32.303103+00:00,DION_001,104216,-0.24019091535088935,SIMULATED,NORMAL
2026-06-17T18:32:32.313703+00:00,DION_001,104217,-0.17751915416548666,SIMULATED,NORMAL
2026-06-17T18:32:32.324405+00:00,DION_001,104218,-0.07681488144707883,SIMULATED,NORMAL
2026-06-17T18:32:32.335232+00:00,DION_001,104219,0.07946142111088365,SIMULATED,NORMAL
2026-06-17T18:32:32.345911+00:00,DION_001,104220,0.051752013343248394,SIMULATED,NORMAL
2026-06-17T18:32:32.356677+00:00,DION_001,104221,-0.18444651734759354,SIMULATED,NORMAL
2026-06-17T18:32:32.367355+00:00,DION_001,104222,-0.009821584060966726,SIMULATED,NORMAL
2026-06-17T18:32:32.377962+00:00,DION_001,104223,0.15612553496791093,SIMULATED,NORMAL
2026-06-17T18:32:32.388688+00:00,DION_001,104224,-0.007173029593884023,SIMULATED,NORMAL
2026-06-17T18:32:32.399308+00:00,DION_001,104225,0.2370081090862636,SIMULATED,NORMAL
2026-06-17T18:32:32.409946+00:00,DION_001,104226,0.09375657324930706,SIMULATED,NORMAL
2026-06-17T18:32:32.420708+00:00,DION_001,104227,0.11828407086425724,SIMULATED,NORMAL
2026-06-17T18:32:32.431319+00:00,DION_001,104228,0.25846117387884493,SIMULATED,NORMAL
2026-06-17T18:32:32.441964+00:00,DION_001,104229,0.36068947829908166,SIMULATED,NORMAL
2026-06-17T18:32:32.452703+00:00,DION_001,104230,0.542910652017062,SIMULATED,NORMAL
2026-06-17T18:32:32.463352+00:00,DION_001,104231,0.7034539767727248,SIMULATED,NORMAL
2026-06-17T18:32:32.473986+00:00,DION_001,104232,0.34812288338031594,SIMULATED,NORMAL
2026-06-17T18:32:32.484943+00:00,DION_001,104233,0.4274173410369252,SIMULATED,NORMAL
2026-06-17T18:32:32.495856+00:00,DION_001,104234,0.6400922347862557,SIMULATED,NORMAL
2026-06-17T18:32:32.506794+00:00,DION_001,104235,0.683792537116457,SIMULATED,NORMAL
2026-06-17T18:32:32.517753+00:00,DION_001,104236,0.6220429804237293,SIMULATED,NORMAL
2026-06-17T18:32:32.528658+00:00,DION_001,104237,0.6104465820985165,SIMULATED,NORMAL
2026-06-17T18:32:32.539266+00:00,DION_001,104238,0.7319923116038198,SIMULATED,NORMAL
2026-06-17T18:32:32.550480+00:00,DION_001,104239,0.649520869085145,SIMULATED,NORMAL
2026-06-17T18:32:32.561613+00:00,DION_001,104240,0.851768879669147,SIMULATED,NORMAL
2026-06-17T18:32:32.572532+00:00,DION_001,104241,0.6427325066163768,SIMULATED,NORMAL
2026-06-17T18:32:32.583644+00:00,DION_001,104242,0.7154979090872178,SIMULATED,NORMAL
2026-06-17T18:32:32.594133+00:00,DION_001,104243,0.923502975769233,SIMULATED,NORMAL
2026-06-17T18:32:32.606017+00:00,DION_001,104244,0.8667858332850663,SIMULATED,NORMAL
2026-06-17T18:32:32.616673+00:00,DION_001,104245,0.7293999027029205,SIMULATED,NORMAL
2026-06-17T18:32:32.627261+00:00,DION_001,104246,0.948369045269628,SIMULATED,NORMAL
2026-06-17T18:32:32.637912+00:00,DION_001,104247,1.066058405119592,SIMULATED,NORMAL
2026-06-17T18:32:32.648469+00:00,DION_001,104248,1.0427090210003882,SIMULATED,NORMAL
2026-06-17T18:32:32.659143+00:00,DION_001,104249,0.964281246115477,SIMULATED,NORMAL
2026-06-17T18:32:32.669632+00:00,DION_001,104250,1.0264158279551554,SIMULATED,NORMAL
2026-06-17T18:32:32.680217+00:00,DION_001,104251,1.0124700248278098,SIMULATED,NORMAL
2026-06-17T18:32:32.690905+00:00,DION_001,104252,0.8620032349779002,SIMULATED,NORMAL
2026-06-17T18:32:32.701585+00:00,DION_001,104253,0.9508597682797886,SIMULATED,NORMAL
2026-06-17T18:32:32.712199+00:00,DION_001,104254,0.9711383380231614,SIMULATED,NORMAL
2026-06-17T18:32:32.722843+00:00,DION_001,104255,1.1935447019813827,SIMULATED,NORMAL
2026-06-17T18:32:32.733426+00:00,DION_001,104256,1.0034190355323596,SIMULATED,NORMAL
2026-06-17T18:32:32.744036+00:00,DION_001,104257,1.3682057849400175,SIMULATED,NORMAL
2026-06-17T18:32:32.754709+00:00,DION_001,104258,1.1256496198550858,SIMULATED,NORMAL
2026-06-17T18:32:32.765180+00:00,DION_001,104259,1.0841438396754517,SIMULATED,NORMAL
2026-06-17T18:32:32.775798+00:00,DION_001,104260,1.1303750648951743,SIMULATED,NORMAL
2026-06-17T18:32:32.786425+00:00,DION_001,104261,1.2451192429332776,SIMULATED,NORMAL
2026-06-17T18:32:32.797078+00:00,DION_001,104262,0.950855821736392,SIMULATED,NORMAL
2026-06-17T18:32:32.807685+00:00,DION_001,104263,1.1544023921920232,SIMULATED,NORMAL
2026-06-17T18:32:32.818616+00:00,DION_001,104264,1.2278859969351241,SIMULATED,NORMAL
2026-06-17T18:32:32.829552+00:00,DION_001,104265,1.1188079525242685,SIMULATED,NORMAL
2026-06-17T18:32:32.840653+00:00,DION_001,104266,0.9763911616661893,SIMULATED,NORMAL
2026-06-17T18:32:32.851581+00:00,DION_001,104267,0.9587422530339724,SIMULATED,NORMAL
2026-06-17T18:32:32.862499+00:00,DION_001,104268,0.8638587770949123,SIMULATED,NORMAL
2026-06-17T18:32:32.873098+00:00,DION_001,104269,0.8916260638391479,SIMULATED,NORMAL
2026-06-17T18:32:32.884021+00:00,DION_001,104270,0.6548195542305256,SIMULATED,NORMAL
2026-06-17T18:32:32.894629+00:00,DION_001,104271,0.7815607266333124,SIMULATED,NORMAL
2026-06-17T18:32:32.905314+00:00,DION_001,104272,0.8700183546934902,SIMULATED,NORMAL
2026-06-17T18:32:32.915928+00:00,DION_001,104273,0.7314805489486214,SIMULATED,NORMAL
2026-06-17T18:32:32.926645+00:00,DION_001,104274,0.4157602960613433,SIMULATED,NORMAL
2026-06-17T18:32:32.937262+00:00,DION_001,104275,0.6726274404423038,SIMULATED,NORMAL
2026-06-17T18:32:32.947856+00:00,DION_001,104276,0.48187307866987017,SIMULATED,NORMAL
2026-06-17T18:32:32.958463+00:00,DION_001,104277,0.9387772483432733,SIMULATED,NORMAL
2026-06-17T18:32:32.969117+00:00,DION_001,104278,0.60555851784875,SIMULATED,NORMAL
2026-06-17T18:32:32.979712+00:00,DION_001,104279,0.5454912473154938,SIMULATED,NORMAL
2026-06-17T18:32:32.990359+00:00,DION_001,104280,0.5297046676643292,SIMULATED,NORMAL
2026-06-17T18:32:33.001084+00:00,DION_001,104281,0.6855873424671958,SIMULATED,NORMAL
2026-06-17T18:32:33.011859+00:00,DION_001,104282,0.6567496150622413,SIMULATED,NORMAL
2026-06-17T18:32:33.022443+00:00,DION_001,104283,0.611416514865031,SIMULATED,NORMAL
2026-06-17T18:32:33.033027+00:00,DION_001,104284,0.4016467667805156,SIMULATED,NORMAL
2026-06-17T18:32:33.043678+00:00,DION_001,104285,0.09964899067065669,SIMULATED,NORMAL
2026-06-17T18:32:33.054266+00:00,DION_001,104286,0.23028465428134634,SIMULATED,NORMAL
2026-06-17T18:32:33.064897+00:00,DION_001,104287,0.7957251659777516,SIMULATED,NORMAL
2026-06-17T18:32:33.075439+00:00,DION_001,104288,0.4146887536172417,SIMULATED,NORMAL
2026-06-17T18:32:33.085967+00:00,DION_001,104289,0.32171468159045896,SIMULATED,NORMAL
2026-06-17T18:32:33.096462+00:00,DION_001,104290,0.28906092938304445,SIMULATED,NORMAL
2026-06-17T18:32:33.107071+00:00,DION_001,104291,0.3024062321994009,SIMULATED,NORMAL
2026-06-17T18:32:33.117447+00:00,DION_001,104292,0.7319176344388933,SIMULATED,NORMAL
2026-06-17T18:32:33.127913+00:00,DION_001,104293,0.43587704044384273,SIMULATED,NORMAL
2026-06-17T18:32:33.138331+00:00,DION_001,104294,0.4363949866487681,SIMULATED,NORMAL
2026-06-17T18:32:33.148664+00:00,DION_001,104295,0.31935001467690627,SIMULATED,NORMAL
2026-06-17T18:32:33.159033+00:00,DION_001,104296,0.4105487068879522,SIMULATED,NORMAL
2026-06-17T18:32:33.169351+00:00,DION_001,104297,0.34353847217990924,SIMULATED,NORMAL
2026-06-17T18:32:33.180094+00:00,DION_001,104298,0.5308387982388381,SIMULATED,NORMAL
2026-06-17T18:32:33.190762+00:00,DION_001,104299,0.4664529875256801,SIMULATED,NORMAL
2026-06-17T18:32:33.201326+00:00,DION_001,104300,0.24324158757734557,SIMULATED,NORMAL
2026-06-17T18:32:33.211853+00:00,DION_001,104301,0.5412958252806838,SIMULATED,NORMAL
2026-06-17T18:32:33.222388+00:00,DION_001,104302,0.26782393711645947,SIMULATED,NORMAL
2026-06-17T18:32:33.233075+00:00,DION_001,104303,0.7389590009257196,SIMULATED,NORMAL
2026-06-17T18:32:33.243997+00:00,DION_001,104304,0.28023265865435604,SIMULATED,NORMAL
2026-06-17T18:32:33.254921+00:00,DION_001,104305,0.2753119803593016,SIMULATED,NORMAL
2026-06-17T18:32:33.265889+00:00,DION_001,104306,0.3040156701955292,SIMULATED,NORMAL
2026-06-17T18:32:33.276783+00:00,DION_001,104307,0.288880196550279,SIMULATED,NORMAL
2026-06-17T18:32:33.287739+00:00,DION_001,104308,1.0028378473728883,SIMULATED,NORMAL
2026-06-17T18:32:33.298693+00:00,DION_001,104309,0.7541398868482974,SIMULATED,NORMAL
2026-06-17T18:32:33.309628+00:00,DION_001,104310,0.7945225436261861,SIMULATED,NORMAL
2026-06-17T18:32:33.320729+00:00,DION_001,104311,0.8795497990223171,SIMULATED,NORMAL
2026-06-17T18:32:33.331722+00:00,DION_001,104312,0.8252875790276031,SIMULATED,NORMAL
2026-06-17T18:32:33.342693+00:00,DION_001,104313,0.5475728612966169,SIMULATED,NORMAL
2026-06-17T18:32:33.353617+00:00,DION_001,104314,0.6474464269762347,SIMULATED,NORMAL
2026-06-17T18:32:33.364691+00:00,DION_001,104315,0.5520794156921677,SIMULATED,NORMAL
2026-06-17T18:32:33.375670+00:00,DION_001,104316,0.9845155543845677,SIMULATED,NORMAL
2026-06-17T18:32:33.386610+00:00,DION_001,104317,0.7331144893596331,SIMULATED,NORMAL
2026-06-17T18:32:33.397508+00:00,DION_001,104318,0.9732144005028736,SIMULATED,NORMAL
2026-06-17T18:32:33.408202+00:00,DION_001,104319,0.7610461060283985,SIMULATED,NORMAL
2026-06-17T18:32:33.419068+00:00,DION_001,104320,0.9592251551734061,SIMULATED,NORMAL
2026-06-17T18:32:33.430160+00:00,DION_001,104321,0.8087601504362244,SIMULATED,NORMAL
2026-06-17T18:32:33.441088+00:00,DION_001,104322,1.1385931190548393,SIMULATED,NORMAL
2026-06-17T18:32:33.452054+00:00,DION_001,104323,1.1163409308824899,SIMULATED,NORMAL
2026-06-17T18:32:33.462606+00:00,DION_001,104324,0.9796649954113297,SIMULATED,NORMAL
2026-06-17T18:32:33.473521+00:00,DION_001,104325,1.1715917443346755,SIMULATED,NORMAL
2026-06-17T18:32:33.484483+00:00,DION_001,104326,0.8101973734786972,SIMULATED,NORMAL
2026-06-17T18:32:33.495580+00:00,DION_001,104327,0.9174018699731039,SIMULATED,NORMAL
2026-06-17T18:32:33.506666+00:00,DION_001,104328,0.8944864278503757,SIMULATED,NORMAL
2026-06-17T18:32:33.517591+00:00,DION_001,104329,0.826028575475442,SIMULATED,NORMAL
2026-06-17T18:32:33.528477+00:00,DION_001,104330,0.8501143577287582,SIMULATED,NORMAL
2026-06-17T18:32:33.539643+00:00,DION_001,104331,0.8993157426003945,SIMULATED,NORMAL
2026-06-17T18:32:33.550698+00:00,DION_001,104332,0.8135110660447857,SIMULATED,NORMAL
2026-06-17T18:32:33.561274+00:00,DION_001,104333,0.8632218023937287,SIMULATED,NORMAL
2026-06-17T18:32:33.572174+00:00,DION_001,104334,1.02234905179268,SIMULATED,NORMAL
2026-06-17T18:32:33.583084+00:00,DION_001,104335,0.5189209462398534,SIMULATED,NORMAL
2026-06-17T18:32:33.594048+00:00,DION_001,104336,0.9137833803336979,SIMULATED,NORMAL
2026-06-17T18:32:33.604946+00:00,DION_001,104337,0.9457047495765818,SIMULATED,NORMAL
2026-06-17T18:32:33.615867+00:00,DION_001,104338,0.7192855881210893,SIMULATED,NORMAL
2026-06-17T18:32:33.626801+00:00,DION_001,104339,0.8995019892899448,SIMULATED,NORMAL
2026-06-17T18:32:33.637713+00:00,DION_001,104340,2.166460996361039,SIMULATED,EVENT_DETECTED
2026-06-17T18:32:33.649254+00:00,DION_001,104341,0.7042614607702726,SIMULATED,NORMAL
2026-06-17T18:32:33.660220+00:00,DION_001,104342,0.5052734280334007,SIMULATED,NORMAL
2026-06-17T18:32:33.670710+00:00,DION_001,104343,0.8189988039052483,SIMULATED,NORMAL
2026-06-17T18:32:33.681713+00:00,DION_001,104344,0.73788864470767,SIMULATED,NORMAL
2026-06-17T18:32:33.692206+00:00,DION_001,104345,0.5822464792274784,SIMULATED,NORMAL
2026-06-17T18:32:33.702783+00:00,DION_001,104346,0.5715164603060755,SIMULATED,NORMAL
2026-06-17T18:32:33.713766+00:00,DION_001,104347,0.34063261984502524,SIMULATED,NORMAL
2026-06-17T18:32:33.724695+00:00,DION_001,104348,0.3231722999715681,SIMULATED,NORMAL
2026-06-17T18:32:33.735447+00:00,DION_001,104349,0.226316862436994,SIMULATED,NORMAL
2026-06-17T18:32:33.746356+00:00,DION_001,104350,-0.015260219367281724,SIMULATED,NORMAL
2026-06-17T18:32:33.757272+00:00,DION_001,104351,0.17912374486837596,SIMULATED,NORMAL
2026-06-17T18:32:33.768145+00:00,DION_001,104352,0.17776535919140662,SIMULATED,NORMAL
2026-06-17T18:32:33.778810+00:00,DION_001,104353,0.3563001696275724,SIMULATED,NORMAL
2026-06-17T18:32:33.789727+00:00,DION_001,104354,0.1280701151100744,SIMULATED,NORMAL
2026-06-17T18:32:33.800770+00:00,DION_001,104355,0.1691766658704274,SIMULATED,NORMAL
2026-06-17T18:32:33.811453+00:00,DION_001,104356,0.1751199581118169,SIMULATED,NORMAL
2026-06-17T18:32:33.822402+00:00,DION_001,104357,-0.21908891895169078,SIMULATED,NORMAL
2026-06-17T18:32:33.833535+00:00,DION_001,104358,-0.024324254005777295,SIMULATED,NORMAL
2026-06-17T18:32:33.844492+00:00,DION_001,104359,-0.048516239147856716,SIMULATED,NORMAL
2026-06-17T18:32:33.855587+00:00,DION_001,104360,0.1993591066602431,SIMULATED,NORMAL
2026-06-17T18:32:33.866198+00:00,DION_001,104361,-0.1109005444880309,SIMULATED,NORMAL
2026-06-17T18:32:33.877150+00:00,DION_001,104362,-0.2143615831184501,SIMULATED,NORMAL
2026-06-17T18:32:33.887757+00:00,DION_001,104363,-0.250133313749675,SIMULATED,NORMAL
2026-06-17T18:32:33.898698+00:00,DION_001,104364,-0.19178596826117222,SIMULATED,NORMAL
2026-06-17T18:32:33.909671+00:00,DION_001,104365,-0.35704721487078667,SIMULATED,NORMAL
2026-06-17T18:32:33.920273+00:00,DION_001,104366,-0.11893170135788053,SIMULATED,NORMAL
2026-06-17T18:32:33.931174+00:00,DION_001,104367,-0.28566451312919433,SIMULATED,NORMAL
2026-06-17T18:32:33.942160+00:00,DION_001,104368,1.7491950765165338,SIMULATED,NORMAL
2026-06-17T18:32:33.952865+00:00,DION_001,104369,-0.5160861128799326,SIMULATED,NORMAL
2026-06-17T18:32:33.963859+00:00,DION_001,104370,-0.10148426364014895,SIMULATED,NORMAL
2026-06-17T18:32:33.974866+00:00,DION_001,104371,-0.23985550605814307,SIMULATED,NORMAL
2026-06-17T18:32:33.985852+00:00,DION_001,104372,-0.6064518285926374,SIMULATED,NORMAL
2026-06-17T18:32:33.996753+00:00,DION_001,104373,-0.4122097582577503,SIMULATED,NORMAL
2026-06-17T18:32:34.007803+00:00,DION_001,104374,-0.26253707500426715,SIMULATED,NORMAL
2026-06-17T18:32:34.018397+00:00,DION_001,104375,-0.5486182459485904,SIMULATED,NORMAL
2026-06-17T18:32:34.028988+00:00,DION_001,104376,-0.2644817811869635,SIMULATED,NORMAL
2026-06-17T18:32:34.039891+00:00,DION_001,104377,-0.34310131702089836,SIMULATED,NORMAL
2026-06-17T18:32:34.050782+00:00,DION_001,104378,-0.44779286869606,SIMULATED,NORMAL
2026-06-17T18:32:34.061365+00:00,DION_001,104379,-0.36503930065242407,SIMULATED,NORMAL
2026-06-17T18:32:34.072291+00:00,DION_001,104380,-0.28086109167442896,SIMULATED,NORMAL
2026-06-17T18:32:34.083427+00:00,DION_001,104381,-0.30255558371675356,SIMULATED,NORMAL
2026-06-17T18:32:34.094023+00:00,DION_001,104382,-0.5697558880163798,SIMULATED,NORMAL
2026-06-17T18:32:34.105006+00:00,DION_001,104383,-0.2744748558669451,SIMULATED,NORMAL
2026-06-17T18:32:34.115998+00:00,DION_001,104384,-0.4079894447316741,SIMULATED,NORMAL
2026-06-17T18:32:34.126771+00:00,DION_001,104385,-0.2361310198897839,SIMULATED,NORMAL
2026-06-17T18:32:34.137409+00:00,DION_001,104386,-0.4009589449126516,SIMULATED,NORMAL
2026-06-17T18:32:34.148044+00:00,DION_001,104387,-0.44330459037296377,SIMULATED,NORMAL
2026-06-17T18:32:34.158759+00:00,DION_001,104388,-0.2279165256262704,SIMULATED,NORMAL
2026-06-17T18:32:34.169326+00:00,DION_001,104389,-0.22333393073473973,SIMULATED,NORMAL
2026-06-17T18:32:34.179799+00:00,DION_001,104390,-0.18636851664594528,SIMULATED,NORMAL
2026-06-17T18:32:34.190303+00:00,DION_001,104391,-0.36022572486942617,SIMULATED,NORMAL
2026-06-17T18:32:34.200840+00:00,DION_001,104392,-0.22392633825102057,SIMULATED,NORMAL
2026-06-17T18:32:34.211510+00:00,DION_001,104393,-0.1749852224577073,SIMULATED,NORMAL
2026-06-17T18:32:34.222032+00:00,DION_001,104394,-0.07690872164091969,SIMULATED,NORMAL
2026-06-17T18:32:34.234843+00:00,DION_001,104395,-0.23640019489896014,SIMULATED,NORMAL
2026-06-17T18:32:34.245309+00:00,DION_001,104396,-0.0031761934410359377,SIMULATED,NORMAL
2026-06-17T18:32:34.255849+00:00,DION_001,104397,-0.09729598295453233,SIMULATED,NORMAL
2026-06-17T18:32:34.266499+00:00,DION_001,104398,-0.17291725626898896,SIMULATED,NORMAL
2026-06-17T18:32:34.276799+00:00,DION_001,104399,-0.06346829207717573,SIMULATED,NORMAL
2026-06-17T18:32:34.287284+00:00,DION_001,104400,-0.14539361256018196,SIMULATED,NORMAL
2026-06-17T18:32:34.297832+00:00,DION_001,104401,0.1316982104292906,SIMULATED,NORMAL
2026-06-17T18:32:34.308649+00:00,DION_001,104402,0.029710314950320386,SIMULATED,NORMAL
2026-06-17T18:32:34.319237+00:00,DION_001,104403,0.07298541815824917,SIMULATED,NORMAL
2026-06-17T18:32:34.329901+00:00,DION_001,104404,-0.04620224086128695,SIMULATED,NORMAL
2026-06-17T18:32:34.340465+00:00,DION_001,104405,-0.045763746195969665,SIMULATED,NORMAL
2026-06-17T18:32:34.351179+00:00,DION_001,104406,-0.12337056114601276,SIMULATED,NORMAL
2026-06-17T18:32:34.361754+00:00,DION_001,104407,0.019746209840008237,SIMULATED,NORMAL
2026-06-17T18:32:34.372370+00:00,DION_001,104408,-0.0080968997812952,SIMULATED,NORMAL
2026-06-17T18:32:34.383222+00:00,DION_001,104409,0.0975044392733071,SIMULATED,NORMAL
2026-06-17T18:32:34.393798+00:00,DION_001,104410,-0.08092554710546684,SIMULATED,NORMAL
2026-06-17T18:32:34.404321+00:00,DION_001,104411,-0.1464914868207887,SIMULATED,NORMAL
2026-06-17T18:32:34.414893+00:00,DION_001,104412,-0.4392110974618492,SIMULATED,NORMAL
2026-06-17T18:32:34.425521+00:00,DION_001,104413,-0.1097892501202853,SIMULATED,NORMAL
2026-06-17T18:32:34.436146+00:00,DION_001,104414,-0.21993511900218216,SIMULATED,NORMAL
2026-06-17T18:32:34.446705+00:00,DION_001,104415,-0.0898852249390607,SIMULATED,NORMAL
2026-06-17T18:32:34.457694+00:00,DION_001,104416,-0.18933906620071367,SIMULATED,NORMAL
2026-06-17T18:32:34.468291+00:00,DION_001,104417,-0.17806066167347695,SIMULATED,NORMAL
2026-06-17T18:32:34.479231+00:00,DION_001,104418,-0.10644932159478737,SIMULATED,NORMAL
2026-06-17T18:32:34.490149+00:00,DION_001,104419,-0.3409305922761622,SIMULATED,NORMAL
2026-06-17T18:32:34.501121+00:00,DION_001,104420,-0.23911965092255516,SIMULATED,NORMAL
2026-06-17T18:32:34.512025+00:00,DION_001,104421,-0.3871406593117746,SIMULATED,NORMAL
2026-06-17T18:32:34.523011+00:00,DION_001,104422,-0.25903054822470495,SIMULATED,NORMAL
2026-06-17T18:32:34.534041+00:00,DION_001,104423,-0.7903304559036766,SIMULATED,NORMAL
2026-06-17T18:32:34.544711+00:00,DION_001,104424,-0.7605023090592573,SIMULATED,NORMAL
2026-06-17T18:32:34.555690+00:00,DION_001,104425,-0.8588275362948616,SIMULATED,NORMAL
2026-06-17T18:32:34.566908+00:00,DION_001,104426,-0.46945295466115755,SIMULATED,NORMAL
2026-06-17T18:32:34.577609+00:00,DION_001,104427,-0.6281627615264784,SIMULATED,NORMAL
2026-06-17T18:32:34.588217+00:00,DION_001,104428,-0.7771366570541309,SIMULATED,NORMAL
2026-06-17T18:32:34.599210+00:00,DION_001,104429,-0.9536294961642655,SIMULATED,NORMAL
2026-06-17T18:32:34.609831+00:00,DION_001,104430,-0.933692057239806,SIMULATED,NORMAL
2026-06-17T18:32:34.620747+00:00,DION_001,104431,-0.8731403137079774,SIMULATED,NORMAL
2026-06-17T18:32:34.631667+00:00,DION_001,104432,-0.8574657988148024,SIMULATED,NORMAL
2026-06-17T18:32:34.642804+00:00,DION_001,104433,-0.8920145361618576,SIMULATED,NORMAL
2026-06-17T18:32:34.653354+00:00,DION_001,104434,-1.107093122362093,SIMULATED,NORMAL
2026-06-17T18:32:34.664070+00:00,DION_001,104435,-0.9885124766440664,SIMULATED,NORMAL
2026-06-17T18:32:34.674986+00:00,DION_001,104436,-1.1551721234117944,SIMULATED,NORMAL
2026-06-17T18:32:34.685549+00:00,DION_001,104437,-0.7194819241160735,SIMULATED,NORMAL
2026-06-17T18:32:34.696496+00:00,DION_001,104438,-3.5256511905137735,SIMULATED,EVENT_DETECTED
2026-06-17T18:32:34.707916+00:00,DION_001,104439,-0.9600130872838564,SIMULATED,NORMAL
2026-06-17T18:32:34.718918+00:00,DION_001,104440,-1.2764173358737225,SIMULATED,NORMAL
2026-06-17T18:32:34.729484+00:00,DION_001,104441,-1.0301578650538121,SIMULATED,NORMAL
2026-06-17T18:32:34.740454+00:00,DION_001,104442,-1.3092012943799722,SIMULATED,NORMAL
2026-06-17T18:32:34.751563+00:00,DION_001,104443,-0.7190556803449049,SIMULATED,NORMAL
2026-06-17T18:32:34.762416+00:00,DION_001,104444,-1.2684631567549165,SIMULATED,NORMAL
2026-06-17T18:32:34.773371+00:00,DION_001,104445,-0.6903505743364736,SIMULATED,NORMAL
2026-06-17T18:32:34.784345+00:00,DION_001,104446,-0.8319783148784374,SIMULATED,NORMAL
2026-06-17T18:32:34.795262+00:00,DION_001,104447,-1.3088439548289492,SIMULATED,NORMAL
2026-06-17T18:32:34.806251+00:00,DION_001,104448,-0.9187281427553615,SIMULATED,NORMAL
2026-06-17T18:32:34.817181+00:00,DION_001,104449,-0.9096738329089495,SIMULATED,NORMAL
2026-06-17T18:32:34.828116+00:00,DION_001,104450,-1.3662180940349693,SIMULATED,NORMAL
2026-06-17T18:32:34.839039+00:00,DION_001,104451,-1.0889915416410632,SIMULATED,NORMAL
2026-06-17T18:32:34.849688+00:00,DION_001,104452,-0.8722599868560583,SIMULATED,NORMAL
2026-06-17T18:32:34.860700+00:00,DION_001,104453,-1.2606695998584534,SIMULATED,NORMAL
2026-06-17T18:32:34.871537+00:00,DION_001,104454,-1.3285539691121728,SIMULATED,NORMAL
2026-06-17T18:32:34.882431+00:00,DION_001,104455,-0.9246533486195003,SIMULATED,NORMAL
2026-06-17T18:32:34.893379+00:00,DION_001,104456,-1.0505289342576851,SIMULATED,NORMAL
2026-06-17T18:32:34.903983+00:00,DION_001,104457,-1.141910192516743,SIMULATED,NORMAL
2026-06-17T18:32:34.914931+00:00,DION_001,104458,-1.241376086001271,SIMULATED,NORMAL
2026-06-17T18:32:34.925858+00:00,DION_001,104459,-0.9957954586495084,SIMULATED,NORMAL
2026-06-17T18:32:34.936693+00:00,DION_001,104460,-1.1062134873932519,SIMULATED,NORMAL
2026-06-17T18:32:34.947612+00:00,DION_001,104461,-0.8315013428690499,SIMULATED,NORMAL
2026-06-17T18:32:34.958548+00:00,DION_001,104462,-0.7565488891685325,SIMULATED,NORMAL
2026-06-17T18:32:34.969510+00:00,DION_001,104463,-0.7764088509384426,SIMULATED,NORMAL
2026-06-17T18:32:34.980461+00:00,DION_001,104464,-1.0006721227299844,SIMULATED,NORMAL
2026-06-17T18:32:34.991631+00:00,DION_001,104465,-0.888263244193449,SIMULATED,NORMAL
2026-06-17T18:32:35.002590+00:00,DION_001,104466,-0.8623309467934719,SIMULATED,NORMAL
2026-06-17T18:32:35.013148+00:00,DION_001,104467,-0.6805152741452535,SIMULATED,NORMAL
2026-06-17T18:32:35.023640+00:00,DION_001,104468,-0.8588141868953947,SIMULATED,NORMAL
2026-06-17T18:32:35.034569+00:00,DION_001,104469,-0.5668796289276444,SIMULATED,NORMAL
2026-06-17T18:32:35.045179+00:00,DION_001,104470,-0.9268394222059555,SIMULATED,NORMAL
2026-06-17T18:32:35.056158+00:00,DION_001,104471,-0.6429962991474055,SIMULATED,NORMAL
2026-06-17T18:32:35.067066+00:00,DION_001,104472,-0.7428982225650547,SIMULATED,NORMAL
2026-06-17T18:32:35.077689+00:00,DION_001,104473,-0.5256299083819026,SIMULATED,NORMAL
2026-06-17T18:32:35.088681+00:00,DION_001,104474,-0.6888695889130876,SIMULATED,NORMAL
2026-06-17T18:32:35.099402+00:00,DION_001,104475,-0.6043397289646391,SIMULATED,NORMAL
2026-06-17T18:32:35.110151+00:00,DION_001,104476,-0.6978771816099667,SIMULATED,NORMAL
2026-06-17T18:32:35.121137+00:00,DION_001,104477,-0.46668873311047687,SIMULATED,NORMAL
2026-06-17T18:32:35.132133+00:00,DION_001,104478,-0.616746331760047,SIMULATED,NORMAL
2026-06-17T18:32:35.142759+00:00,DION_001,104479,-0.5276279457874644,SIMULATED,NORMAL
2026-06-17T18:32:35.153239+00:00,DION_001,104480,-0.2790128392157267,SIMULATED,NORMAL
2026-06-17T18:32:35.163986+00:00,DION_001,104481,-0.2392730652960297,SIMULATED,NORMAL
2026-06-17T18:32:35.174752+00:00,DION_001,104482,-0.3357280153829936,SIMULATED,NORMAL
2026-06-17T18:32:35.185472+00:00,DION_001,104483,-0.5268123001723651,SIMULATED,NORMAL
2026-06-17T18:32:35.196019+00:00,DION_001,104484,-0.4475993461196727,SIMULATED,NORMAL
2026-06-17T18:32:35.206584+00:00,DION_001,104485,-0.5711455797353793,SIMULATED,NORMAL
2026-06-17T18:32:35.217242+00:00,DION_001,104486,-0.08082939766230102,SIMULATED,NORMAL
2026-06-17T18:32:35.228008+00:00,DION_001,104487,-0.46044122991735004,SIMULATED,NORMAL
2026-06-17T18:32:35.239022+00:00,DION_001,104488,-0.35845588575884996,SIMULATED,NORMAL
2026-06-17T18:32:35.249969+00:00,DION_001,104489,-0.3802933838430973,SIMULATED,NORMAL
2026-06-17T18:32:35.260938+00:00,DION_001,104490,-0.19446015039666528,SIMULATED,NORMAL
2026-06-17T18:32:35.271854+00:00,DION_001,104491,-0.5124725784243775,SIMULATED,NORMAL
2026-06-17T18:32:35.282391+00:00,DION_001,104492,-0.3205941648542362,SIMULATED,NORMAL
2026-06-17T18:32:35.292994+00:00,DION_001,104493,-0.39892902346159437,SIMULATED,NORMAL
2026-06-17T18:32:35.303430+00:00,DION_001,104494,-0.5588554375171609,SIMULATED,NORMAL
2026-06-17T18:32:35.314029+00:00,DION_001,104495,-0.502305097634006,SIMULATED,NORMAL
2026-06-17T18:32:35.324532+00:00,DION_001,104496,-0.418478837210373,SIMULATED,NORMAL
2026-06-17T18:32:35.335085+00:00,DION_001,104497,-0.4356377696827433,SIMULATED,NORMAL
2026-06-17T18:32:35.345507+00:00,DION_001,104498,-0.4155318316246334,SIMULATED,NORMAL
2026-06-17T18:32:35.355846+00:00,DION_001,104499,-0.7083944231347106,SIMULATED,NORMAL
2026-06-17T18:32:35.366082+00:00,DION_001,104500,-0.7491075922416229,SIMULATED,NORMAL
2026-06-17T18:32:35.376421+00:00,DION_001,104501,-0.5421641336649933,SIMULATED,NORMAL
2026-06-17T18:32:35.386840+00:00,DION_001,104502,-0.5903810274830006,SIMULATED,NORMAL
2026-06-17T18:32:35.397308+00:00,DION_001,104503,-0.6192874590794097,SIMULATED,NORMAL
2026-06-17T18:32:35.407910+00:00,DION_001,104504,-0.653183177798137,SIMULATED,NORMAL
2026-06-17T18:32:35.418545+00:00,DION_001,104505,-0.8225905474472314,SIMULATED,NORMAL
2026-06-17T18:32:35.429097+00:00,DION_001,104506,-0.5302065312558355,SIMULATED,NORMAL
2026-06-17T18:32:35.439658+00:00,DION_001,104507,-0.9631098551993359,SIMULATED,NORMAL
2026-06-17T18:32:35.450146+00:00,DION_001,104508,-0.7913334421736119,SIMULATED,NORMAL
2026-06-17T18:32:35.460740+00:00,DION_001,104509,-0.8565582265159433,SIMULATED,NORMAL
2026-06-17T18:32:35.471388+00:00,DION_001,104510,-0.7475350607020796,SIMULATED,NORMAL
2026-06-17T18:32:35.481940+00:00,DION_001,104511,-0.6351708465542424,SIMULATED,NORMAL
2026-06-17T18:32:35.492536+00:00,DION_001,104512,-0.9505414791376364,SIMULATED,NORMAL
2026-06-17T18:32:35.503278+00:00,DION_001,104513,-0.6926180433243391,SIMULATED,NORMAL
2026-06-17T18:32:35.513873+00:00,DION_001,104514,-0.9845093793918812,SIMULATED,NORMAL
2026-06-17T18:32:35.524445+00:00,DION_001,104515,-0.9893662437319615,SIMULATED,NORMAL
2026-06-17T18:32:35.535147+00:00,DION_001,104516,-0.6541395986612839,SIMULATED,NORMAL
2026-06-17T18:32:35.545749+00:00,DION_001,104517,-1.0184988971442943,SIMULATED,NORMAL
2026-06-17T18:32:35.556369+00:00,DION_001,104518,-1.0488574616930948,SIMULATED,NORMAL
2026-06-17T18:32:35.567056+00:00,DION_001,104519,-0.9347740782663287,SIMULATED,NORMAL
2026-06-17T18:32:35.577971+00:00,DION_001,104520,-1.0156537605531528,SIMULATED,NORMAL
2026-06-17T18:32:35.588918+00:00,DION_001,104521,-0.9106134448088014,SIMULATED,NORMAL
2026-06-17T18:32:35.599876+00:00,DION_001,104522,-0.6962707155689232,SIMULATED,NORMAL
2026-06-17T18:32:35.611412+00:00,DION_001,104523,-0.7975887715435043,SIMULATED,NORMAL
2026-06-17T18:32:35.622118+00:00,DION_001,104524,-0.7308504481858836,SIMULATED,NORMAL
2026-06-17T18:32:35.632646+00:00,DION_001,104525,-1.1045336846235347,SIMULATED,NORMAL
2026-06-17T18:32:35.643270+00:00,DION_001,104526,-0.6206632286393459,SIMULATED,NORMAL
2026-06-17T18:32:35.653877+00:00,DION_001,104527,-0.8723552777262308,SIMULATED,NORMAL
2026-06-17T18:32:35.664492+00:00,DION_001,104528,-0.672479645599377,SIMULATED,NORMAL
2026-06-17T18:32:35.675234+00:00,DION_001,104529,-0.9014283550018614,SIMULATED,NORMAL
2026-06-17T18:32:35.685870+00:00,DION_001,104530,-0.5560699829760767,SIMULATED,NORMAL
2026-06-17T18:32:35.696465+00:00,DION_001,104531,-0.4653687676509438,SIMULATED,NORMAL
2026-06-17T18:32:35.707210+00:00,DION_001,104532,-0.529133194302034,SIMULATED,NORMAL
2026-06-17T18:32:35.717870+00:00,DION_001,104533,-0.6124017705350994,SIMULATED,NORMAL
2026-06-17T18:32:35.728480+00:00,DION_001,104534,-0.6862826524472765,SIMULATED,NORMAL
2026-06-17T18:32:35.739273+00:00,DION_001,104535,-0.4770721764647039,SIMULATED,NORMAL
2026-06-17T18:32:35.749891+00:00,DION_001,104536,-0.20706954936239236,SIMULATED,NORMAL
2026-06-17T18:32:35.760496+00:00,DION_001,104537,-0.709447922491867,SIMULATED,NORMAL
2026-06-17T18:32:35.771291+00:00,DION_001,104538,-0.4015461985587367,SIMULATED,NORMAL
2026-06-17T18:32:35.781951+00:00,DION_001,104539,-0.4800893411526762,SIMULATED,NORMAL
2026-06-17T18:32:35.792684+00:00,DION_001,104540,-0.33899520725920596,SIMULATED,NORMAL
2026-06-17T18:32:35.803480+00:00,DION_001,104541,-0.5560451537197268,SIMULATED,NORMAL
2026-06-17T18:32:35.814109+00:00,DION_001,104542,-0.5322655096178903,SIMULATED,NORMAL
2026-06-17T18:32:35.824821+00:00,DION_001,104543,-0.12586038065105445,SIMULATED,NORMAL
2026-06-17T18:32:35.835975+00:00,DION_001,104544,0.029921099904247545,SIMULATED,NORMAL
2026-06-17T18:32:35.846525+00:00,DION_001,104545,-0.059278709980263716,SIMULATED,NORMAL
2026-06-17T18:32:35.857178+00:00,DION_001,104546,0.022629862650630814,SIMULATED,NORMAL
2026-06-17T18:32:35.868224+00:00,DION_001,104547,-0.012513203089284969,SIMULATED,NORMAL
2026-06-17T18:32:35.879146+00:00,DION_001,104548,0.016023341491681047,SIMULATED,NORMAL
2026-06-17T18:32:35.889734+00:00,DION_001,104549,0.1836142013051284,SIMULATED,NORMAL
2026-06-17T18:32:35.900711+00:00,DION_001,104550,-0.1258605120197753,SIMULATED,NORMAL
2026-06-17T18:32:35.911610+00:00,DION_001,104551,0.2376342523329389,SIMULATED,NORMAL
2026-06-17T18:32:35.922536+00:00,DION_001,104552,0.00608605703998058,SIMULATED,NORMAL
2026-06-17T18:32:35.933499+00:00,DION_001,104553,0.19453022973128029,SIMULATED,NORMAL
2026-06-17T18:32:35.944439+00:00,DION_001,104554,0.20981383368119294,SIMULATED,NORMAL
2026-06-17T18:32:35.955624+00:00,DION_001,104555,0.1496932152316794,SIMULATED,NORMAL
2026-06-17T18:32:35.966897+00:00,DION_001,104556,0.42735126637795096,SIMULATED,NORMAL
2026-06-17T18:32:35.977523+00:00,DION_001,104557,0.1461904138415994,SIMULATED,NORMAL
2026-06-17T18:32:35.988079+00:00,DION_001,104558,0.056446473234532724,SIMULATED,NORMAL
2026-06-17T18:32:35.998579+00:00,DION_001,104559,0.5762363849319609,SIMULATED,NORMAL
2026-06-17T18:32:36.009195+00:00,DION_001,104560,0.2592604692031373,SIMULATED,NORMAL
2026-06-17T18:32:36.019799+00:00,DION_001,104561,0.6217082228749393,SIMULATED,NORMAL
2026-06-17T18:32:36.030268+00:00,DION_001,104562,0.4410434603770961,SIMULATED,NORMAL
2026-06-17T18:32:36.040886+00:00,DION_001,104563,0.3937146842297059,SIMULATED,NORMAL
2026-06-17T18:32:36.051481+00:00,DION_001,104564,0.4161029284281239,SIMULATED,NORMAL
2026-06-17T18:32:36.062142+00:00,DION_001,104565,0.4651952825665995,SIMULATED,NORMAL
2026-06-17T18:32:36.072758+00:00,DION_001,104566,0.45497028328124145,SIMULATED,NORMAL
2026-06-17T18:32:36.083412+00:00,DION_001,104567,0.3915696800996399,SIMULATED,NORMAL
2026-06-17T18:32:36.094014+00:00,DION_001,104568,0.5406311029699373,SIMULATED,NORMAL
2026-06-17T18:32:36.104658+00:00,DION_001,104569,0.24604480827956512,SIMULATED,NORMAL
2026-06-17T18:32:36.115280+00:00,DION_001,104570,0.3896478710601677,SIMULATED,NORMAL
2026-06-17T18:32:36.125863+00:00,DION_001,104571,0.8328990912513349,SIMULATED,NORMAL
2026-06-17T18:32:36.136696+00:00,DION_001,104572,0.5634222593568814,SIMULATED,NORMAL
2026-06-17T18:32:36.147321+00:00,DION_001,104573,0.48970452726635155,SIMULATED,NORMAL
2026-06-17T18:32:36.157965+00:00,DION_001,104574,0.6723827562799496,SIMULATED,NORMAL
2026-06-17T18:32:36.168526+00:00,DION_001,104575,0.39656535979711505,SIMULATED,NORMAL
2026-06-17T18:32:36.179290+00:00,DION_001,104576,0.4147171927960165,SIMULATED,NORMAL
2026-06-17T18:32:36.189968+00:00,DION_001,104577,0.2629922933760598,SIMULATED,NORMAL
2026-06-17T18:32:36.200635+00:00,DION_001,104578,0.4703691692353826,SIMULATED,NORMAL
2026-06-17T18:32:36.211281+00:00,DION_001,104579,0.15671017742205717,SIMULATED,NORMAL
2026-06-17T18:32:36.222365+00:00,DION_001,104580,0.4428845574875386,SIMULATED,NORMAL
2026-06-17T18:32:36.233308+00:00,DION_001,104581,0.48894033865312536,SIMULATED,NORMAL
2026-06-17T18:32:36.244162+00:00,DION_001,104582,0.4745049129504029,SIMULATED,NORMAL
2026-06-17T18:32:36.255124+00:00,DION_001,104583,0.27203113507570537,SIMULATED,NORMAL
2026-06-17T18:32:36.266059+00:00,DION_001,104584,0.35648751615098273,SIMULATED,NORMAL
2026-06-17T18:32:36.276623+00:00,DION_001,104585,0.41056503276106504,SIMULATED,NORMAL
2026-06-17T18:32:36.287621+00:00,DION_001,104586,0.3136669692697106,SIMULATED,NORMAL
2026-06-17T18:32:36.298594+00:00,DION_001,104587,0.25550763180117636,SIMULATED,NORMAL
2026-06-17T18:32:36.309547+00:00,DION_001,104588,0.25454479604988456,SIMULATED,NORMAL
2026-06-17T18:32:36.320778+00:00,DION_001,104589,0.24082379091007605,SIMULATED,NORMAL
2026-06-17T18:32:36.331721+00:00,DION_001,104590,0.301190230933583,SIMULATED,NORMAL
2026-06-17T18:32:36.342346+00:00,DION_001,104591,-0.07313037702904018,SIMULATED,NORMAL
2026-06-17T18:32:36.353266+00:00,DION_001,104592,0.12425664739900227,SIMULATED,NORMAL
2026-06-17T18:32:36.364179+00:00,DION_001,104593,0.20237286178115993,SIMULATED,NORMAL
2026-06-17T18:32:36.374637+00:00,DION_001,104594,0.07141565421438104,SIMULATED,NORMAL
2026-06-17T18:32:36.385539+00:00,DION_001,104595,-0.017127393285251286,SIMULATED,NORMAL
2026-06-17T18:32:36.396091+00:00,DION_001,104596,0.25977684844258486,SIMULATED,NORMAL
2026-06-17T18:32:36.406586+00:00,DION_001,104597,0.1423905718388261,SIMULATED,NORMAL
2026-06-17T18:32:36.417053+00:00,DION_001,104598,0.11136698788779426,SIMULATED,NORMAL
2026-06-17T18:32:36.427599+00:00,DION_001,104599,0.18334377552288864,SIMULATED,NORMAL
2026-06-17T18:32:36.438074+00:00,DION_001,104600,0.23120457107496872,SIMULATED,NORMAL
2026-06-17T18:32:36.448451+00:00,DION_001,104601,0.05768930818991172,SIMULATED,NORMAL
2026-06-17T18:32:36.458920+00:00,DION_001,104602,0.09666140338107969,SIMULATED,NORMAL
2026-06-17T18:32:36.469337+00:00,DION_001,104603,0.09170175352804857,SIMULATED,NORMAL
2026-06-17T18:32:36.479873+00:00,DION_001,104604,0.2442030048558312,SIMULATED,NORMAL
2026-06-17T18:32:36.490317+00:00,DION_001,104605,0.0810638495457163,SIMULATED,NORMAL
2026-06-17T18:32:36.501112+00:00,DION_001,104606,0.0889958096179011,SIMULATED,NORMAL
2026-06-17T18:32:36.511851+00:00,DION_001,104607,0.39188285268405043,SIMULATED,NORMAL
2026-06-17T18:32:36.522721+00:00,DION_001,104608,0.3776966462683128,SIMULATED,NORMAL
2026-06-17T18:32:36.533196+00:00,DION_001,104609,0.5412763399894371,SIMULATED,NORMAL
2026-06-17T18:32:36.544110+00:00,DION_001,104610,0.1731895453513274,SIMULATED,NORMAL
2026-06-17T18:32:36.554913+00:00,DION_001,104611,0.31174992748214947,SIMULATED,NORMAL
2026-06-17T18:32:36.565801+00:00,DION_001,104612,0.21923959468310872,SIMULATED,NORMAL
2026-06-17T18:32:36.576731+00:00,DION_001,104613,0.35313843085340374,SIMULATED,NORMAL
2026-06-17T18:32:36.587281+00:00,DION_001,104614,0.7028332225891802,SIMULATED,NORMAL
2026-06-17T18:32:36.598191+00:00,DION_001,104615,0.5962254568520126,SIMULATED,NORMAL
2026-06-17T18:32:36.609162+00:00,DION_001,104616,0.5882708440125526,SIMULATED,NORMAL
2026-06-17T18:32:36.619865+00:00,DION_001,104617,0.6664589161965164,SIMULATED,NORMAL
2026-06-17T18:32:36.630792+00:00,DION_001,104618,0.7840057913012957,SIMULATED,NORMAL
2026-06-17T18:32:36.641357+00:00,DION_001,104619,0.9111169991821593,SIMULATED,NORMAL
2026-06-17T18:32:36.652313+00:00,DION_001,104620,0.5592637598929235,SIMULATED,NORMAL
2026-06-17T18:32:36.663237+00:00,DION_001,104621,0.7460284818381605,SIMULATED,NORMAL
2026-06-17T18:32:36.674153+00:00,DION_001,104622,0.7122546669493085,SIMULATED,NORMAL
2026-06-17T18:32:36.684759+00:00,DION_001,104623,0.6515380241113481,SIMULATED,NORMAL
2026-06-17T18:32:36.695703+00:00,DION_001,104624,-1.3737341093327808,SIMULATED,NORMAL
2026-06-17T18:32:36.706897+00:00,DION_001,104625,0.7990730159217473,SIMULATED,NORMAL
2026-06-17T18:32:36.717830+00:00,DION_001,104626,0.96817112493396,SIMULATED,NORMAL
2026-06-17T18:32:36.728785+00:00,DION_001,104627,0.6866473510022626,SIMULATED,NORMAL
2026-06-17T18:32:36.739752+00:00,DION_001,104628,-0.7592973864373251,SIMULATED,NORMAL
2026-06-17T18:32:36.750902+00:00,DION_001,104629,1.1434183488488836,SIMULATED,NORMAL
2026-06-17T18:32:36.761892+00:00,DION_001,104630,1.0562424578316034,SIMULATED,NORMAL
2026-06-17T18:32:36.772997+00:00,DION_001,104631,1.1847155746208116,SIMULATED,NORMAL
2026-06-17T18:32:36.783571+00:00,DION_001,104632,0.9939726792841923,SIMULATED,NORMAL
2026-06-17T18:32:36.794213+00:00,DION_001,104633,1.1972312522276263,SIMULATED,NORMAL
2026-06-17T18:32:36.805155+00:00,DION_001,104634,1.1416215066239017,SIMULATED,NORMAL
2026-06-17T18:32:36.816059+00:00,DION_001,104635,1.1329371862189843,SIMULATED,NORMAL
2026-06-17T18:32:36.826654+00:00,DION_001,104636,1.1795668006853044,SIMULATED,NORMAL
2026-06-17T18:32:36.837286+00:00,DION_001,104637,1.1434381269818796,SIMULATED,NORMAL
2026-06-17T18:32:36.847890+00:00,DION_001,104638,1.1753714236648187,SIMULATED,NORMAL
2026-06-17T18:32:36.858531+00:00,DION_001,104639,1.1828553461784397,SIMULATED,NORMAL
2026-06-17T18:32:36.869191+00:00,DION_001,104640,1.04307397183121,SIMULATED,NORMAL
2026-06-17T18:32:36.880107+00:00,DION_001,104641,1.1272682529093605,SIMULATED,NORMAL
2026-06-17T18:32:36.891022+00:00,DION_001,104642,1.139920654219319,SIMULATED,NORMAL
2026-06-17T18:32:36.901993+00:00,DION_001,104643,1.3029968745153977,SIMULATED,NORMAL
2026-06-17T18:32:36.913074+00:00,DION_001,104644,1.2824959264457987,SIMULATED,NORMAL
2026-06-17T18:32:36.923667+00:00,DION_001,104645,1.3351530286239834,SIMULATED,NORMAL
2026-06-17T18:32:36.934769+00:00,DION_001,104646,0.846524484509287,SIMULATED,NORMAL
2026-06-17T18:32:36.945688+00:00,DION_001,104647,1.160364843552679,SIMULATED,NORMAL
2026-06-17T18:32:36.956637+00:00,DION_001,104648,0.9213202387978241,SIMULATED,NORMAL
2026-06-17T18:32:36.970158+00:00,DION_001,104649,1.0624910725888206,SIMULATED,NORMAL
2026-06-17T18:32:36.980822+00:00,DION_001,104650,1.230310119745125,SIMULATED,NORMAL
2026-06-17T18:32:36.991383+00:00,DION_001,104651,1.2475581616562172,SIMULATED,NORMAL
2026-06-17T18:32:37.001948+00:00,DION_001,104652,1.0868877409481104,SIMULATED,NORMAL
2026-06-17T18:32:37.012675+00:00,DION_001,104653,1.1089142946725052,SIMULATED,NORMAL
2026-06-17T18:32:37.023266+00:00,DION_001,104654,1.1983558372144345,SIMULATED,NORMAL
2026-06-17T18:32:37.033757+00:00,DION_001,104655,1.1010831381557735,SIMULATED,NORMAL
2026-06-17T18:32:37.044297+00:00,DION_001,104656,0.9749396654660962,SIMULATED,NORMAL
2026-06-17T18:32:37.054848+00:00,DION_001,104657,1.25368570559929,SIMULATED,NORMAL
2026-06-17T18:32:37.065537+00:00,DION_001,104658,0.8030793378814979,SIMULATED,NORMAL
2026-06-17T18:32:37.076132+00:00,DION_001,104659,0.7349239881752372,SIMULATED,NORMAL
2026-06-17T18:32:37.086700+00:00,DION_001,104660,0.9082577707815767,SIMULATED,NORMAL
2026-06-17T18:32:37.097295+00:00,DION_001,104661,0.8297144778440338,SIMULATED,NORMAL
2026-06-17T18:32:37.107770+00:00,DION_001,104662,0.8065104769092916,SIMULATED,NORMAL
2026-06-17T18:32:37.118410+00:00,DION_001,104663,0.6742634366627364,SIMULATED,NORMAL
2026-06-17T18:32:37.129045+00:00,DION_001,104664,0.6636862830738942,SIMULATED,NORMAL
2026-06-17T18:32:37.139687+00:00,DION_001,104665,0.5842252800530029,SIMULATED,NORMAL
2026-06-17T18:32:37.150298+00:00,DION_001,104666,0.5079311965451071,SIMULATED,NORMAL
2026-06-17T18:32:37.160922+00:00,DION_001,104667,0.5777691222198449,SIMULATED,NORMAL
2026-06-17T18:32:37.171542+00:00,DION_001,104668,0.4188197657091897,SIMULATED,NORMAL
2026-06-17T18:32:37.182094+00:00,DION_001,104669,0.3209293383825345,SIMULATED,NORMAL
2026-06-17T18:32:37.192672+00:00,DION_001,104670,0.48464728636214766,SIMULATED,NORMAL
2026-06-17T18:32:37.203337+00:00,DION_001,104671,0.7209063756343681,SIMULATED,NORMAL
2026-06-17T18:32:37.213997+00:00,DION_001,104672,0.34142462993326883,SIMULATED,NORMAL
2026-06-17T18:32:37.224662+00:00,DION_001,104673,0.40819623587435544,SIMULATED,NORMAL
2026-06-17T18:32:37.235767+00:00,DION_001,104674,0.31301365730184305,SIMULATED,NORMAL
2026-06-17T18:32:37.246681+00:00,DION_001,104675,0.468438870184782,SIMULATED,NORMAL
2026-06-17T18:32:37.257593+00:00,DION_001,104676,0.3801313515162268,SIMULATED,NORMAL
2026-06-17T18:32:37.268715+00:00,DION_001,104677,0.4820354268846997,SIMULATED,NORMAL
2026-06-17T18:32:37.279304+00:00,DION_001,104678,0.5341394700458093,SIMULATED,NORMAL
2026-06-17T18:32:37.289864+00:00,DION_001,104679,0.5609309953576643,SIMULATED,NORMAL
2026-06-17T18:32:37.300428+00:00,DION_001,104680,0.4853136885722228,SIMULATED,NORMAL
2026-06-17T18:32:37.311123+00:00,DION_001,104681,0.25357222632423204,SIMULATED,NORMAL
2026-06-17T18:32:37.321737+00:00,DION_001,104682,0.29076671478874655,SIMULATED,NORMAL
2026-06-17T18:32:37.332445+00:00,DION_001,104683,0.2135770446386535,SIMULATED,NORMAL
2026-06-17T18:32:37.343128+00:00,DION_001,104684,0.04009416167055152,SIMULATED,NORMAL
2026-06-17T18:32:37.353738+00:00,DION_001,104685,0.2718579270732049,SIMULATED,NORMAL
2026-06-17T18:32:37.364440+00:00,DION_001,104686,0.16871225801216502,SIMULATED,NORMAL
2026-06-17T18:32:37.375212+00:00,DION_001,104687,0.28769488693687145,SIMULATED,NORMAL
2026-06-17T18:32:37.385811+00:00,DION_001,104688,0.4520539435534906,SIMULATED,NORMAL
2026-06-17T18:32:37.396443+00:00,DION_001,104689,0.4130741200219539,SIMULATED,NORMAL
2026-06-17T18:32:37.407306+00:00,DION_001,104690,0.41048723308093493,SIMULATED,NORMAL
2026-06-17T18:32:37.417916+00:00,DION_001,104691,0.31860414865315545,SIMULATED,NORMAL
2026-06-17T18:32:37.428543+00:00,DION_001,104692,0.1930418971048501,SIMULATED,NORMAL
2026-06-17T18:32:37.439271+00:00,DION_001,104693,0.4328765101071292,SIMULATED,NORMAL
2026-06-17T18:32:37.449848+00:00,DION_001,104694,0.5620913783630578,SIMULATED,NORMAL
2026-06-17T18:32:37.460397+00:00,DION_001,104695,0.5173827707316607,SIMULATED,NORMAL
2026-06-17T18:32:37.471159+00:00,DION_001,104696,0.6444828094233205,SIMULATED,NORMAL
2026-06-17T18:32:37.481769+00:00,DION_001,104697,0.38591729179848444,SIMULATED,NORMAL
2026-06-17T18:32:37.492265+00:00,DION_001,104698,0.498065591155917,SIMULATED,NORMAL
2026-06-17T18:32:37.502744+00:00,DION_001,104699,0.5856474001784194,SIMULATED,NORMAL
2026-06-17T18:32:37.513386+00:00,DION_001,104700,0.6197236988605932,SIMULATED,NORMAL
2026-06-17T18:32:37.523899+00:00,DION_001,104701,0.635641157926149,SIMULATED,NORMAL
2026-06-17T18:32:37.534342+00:00,DION_001,104702,0.5665323698003287,SIMULATED,NORMAL
2026-06-17T18:32:37.544761+00:00,DION_001,104703,0.8669627554909598,SIMULATED,NORMAL
2026-06-17T18:32:37.555232+00:00,DION_001,104704,0.8747951378355108,SIMULATED,NORMAL
2026-06-17T18:32:37.565729+00:00,DION_001,104705,0.5726134299396906,SIMULATED,NORMAL
2026-06-17T18:32:37.575989+00:00,DION_001,104706,0.46563674179829895,SIMULATED,NORMAL
2026-06-17T18:32:37.586349+00:00,DION_001,104707,0.6406266686092748,SIMULATED,NORMAL
2026-06-17T18:32:37.596879+00:00,DION_001,104708,0.6514634947390546,SIMULATED,NORMAL
2026-06-17T18:32:37.607351+00:00,DION_001,104709,0.3568146100994681,SIMULATED,NORMAL
2026-06-17T18:32:37.617856+00:00,DION_001,104710,1.109789917815164,SIMULATED,NORMAL
2026-06-17T18:32:37.628401+00:00,DION_001,104711,0.9120027443594271,SIMULATED,NORMAL
2026-06-17T18:32:37.639068+00:00,DION_001,104712,0.739913793764648,SIMULATED,NORMAL
2026-06-17T18:32:37.649958+00:00,DION_001,104713,0.6886927368351556,SIMULATED,NORMAL
2026-06-17T18:32:37.660901+00:00,DION_001,104714,0.6991230066928649,SIMULATED,NORMAL
2026-06-17T18:32:37.671873+00:00,DION_001,104715,0.9880137351555627,SIMULATED,NORMAL
2026-06-17T18:32:37.682857+00:00,DION_001,104716,0.8604386018652136,SIMULATED,NORMAL
2026-06-17T18:32:37.693786+00:00,DION_001,104717,0.8450357130244618,SIMULATED,NORMAL
2026-06-17T18:32:37.704291+00:00,DION_001,104718,0.718270309324686,SIMULATED,NORMAL
2026-06-17T18:32:37.715167+00:00,DION_001,104719,0.5861509120871221,SIMULATED,NORMAL
2026-06-17T18:32:37.726202+00:00,DION_001,104720,0.8242801394914175,SIMULATED,NORMAL
2026-06-17T18:32:37.736863+00:00,DION_001,104721,0.8374968995154848,SIMULATED,NORMAL
2026-06-17T18:32:37.747450+00:00,DION_001,104722,0.5333397009962685,SIMULATED,NORMAL
2026-06-17T18:32:37.758141+00:00,DION_001,104723,0.6837633438203982,SIMULATED,NORMAL
2026-06-17T18:32:37.769252+00:00,DION_001,104724,0.6809841937532045,SIMULATED,NORMAL
2026-06-17T18:32:37.779907+00:00,DION_001,104725,0.6356251531293703,SIMULATED,NORMAL
2026-06-17T18:32:37.790455+00:00,DION_001,104726,0.8002728857828003,SIMULATED,NORMAL
2026-06-17T18:32:37.801429+00:00,DION_001,104727,0.546428639226206,SIMULATED,NORMAL
2026-06-17T18:32:37.812362+00:00,DION_001,104728,0.4430195023314207,SIMULATED,NORMAL
2026-06-17T18:32:37.823445+00:00,DION_001,104729,0.31077860269600555,SIMULATED,NORMAL
2026-06-17T18:32:37.834404+00:00,DION_001,104730,0.7827831324721954,SIMULATED,NORMAL
2026-06-17T18:32:37.845045+00:00,DION_001,104731,0.3104859987456171,SIMULATED,NORMAL
2026-06-17T18:32:37.856136+00:00,DION_001,104732,0.05139665626158929,SIMULATED,NORMAL
2026-06-17T18:32:37.867073+00:00,DION_001,104733,0.45929038053986904,SIMULATED,NORMAL
2026-06-17T18:32:37.878022+00:00,DION_001,104734,0.5080585770122789,SIMULATED,NORMAL
2026-06-17T18:32:37.889098+00:00,DION_001,104735,0.15681988353738496,SIMULATED,NORMAL
2026-06-17T18:32:37.900065+00:00,DION_001,104736,0.09195475805957322,SIMULATED,NORMAL
2026-06-17T18:32:37.911026+00:00,DION_001,104737,0.0710999098735505,SIMULATED,NORMAL
2026-06-17T18:32:37.921935+00:00,DION_001,104738,-0.15237143748980303,SIMULATED,NORMAL
2026-06-17T18:32:37.932853+00:00,DION_001,104739,0.271556179662787,SIMULATED,NORMAL
2026-06-17T18:32:37.943834+00:00,DION_001,104740,-0.07295856452909574,SIMULATED,NORMAL
2026-06-17T18:32:37.954748+00:00,DION_001,104741,-0.04370789053658206,SIMULATED,NORMAL
2026-06-17T18:32:37.965638+00:00,DION_001,104742,-0.10556848030027316,SIMULATED,NORMAL
2026-06-17T18:32:37.976747+00:00,DION_001,104743,-0.22433957117638847,SIMULATED,NORMAL
2026-06-17T18:32:37.987881+00:00,DION_001,104744,-0.21389688326589884,SIMULATED,NORMAL
2026-06-17T18:32:37.998524+00:00,DION_001,104745,-0.21173662140070645,SIMULATED,NORMAL
2026-06-17T18:32:38.009496+00:00,DION_001,104746,-0.18678844108231638,SIMULATED,NORMAL
2026-06-17T18:32:38.020431+00:00,DION_001,104747,-0.26425435277887743,SIMULATED,NORMAL
2026-06-17T18:32:38.031530+00:00,DION_001,104748,-0.39109285759099827,SIMULATED,NORMAL
2026-06-17T18:32:38.042103+00:00,DION_001,104749,-0.4839903740963807,SIMULATED,NORMAL
2026-06-17T18:32:38.053055+00:00,DION_001,104750,-0.36700744949790803,SIMULATED,NORMAL
2026-06-17T18:32:38.064020+00:00,DION_001,104751,-0.4636942928061539,SIMULATED,NORMAL
2026-06-17T18:32:38.075047+00:00,DION_001,104752,-0.3625715905086365,SIMULATED,NORMAL
2026-06-17T18:32:38.086014+00:00,DION_001,104753,-0.37940645351719154,SIMULATED,NORMAL
2026-06-17T18:32:38.096984+00:00,DION_001,104754,-0.44293255823449357,SIMULATED,NORMAL
2026-06-17T18:32:38.107602+00:00,DION_001,104755,-0.3634147782578502,SIMULATED,NORMAL
2026-06-17T18:32:38.118543+00:00,DION_001,104756,-0.9245036245728806,SIMULATED,NORMAL
2026-06-17T18:32:38.129472+00:00,DION_001,104757,-0.627961363934333,SIMULATED,NORMAL
2026-06-17T18:32:38.140076+00:00,DION_001,104758,-0.4939028105136354,SIMULATED,NORMAL
2026-06-17T18:32:38.150994+00:00,DION_001,104759,-0.5742405394147565,SIMULATED,NORMAL
2026-06-17T18:32:38.161965+00:00,DION_001,104760,-0.6967613818859207,SIMULATED,NORMAL
2026-06-17T18:32:38.172953+00:00,DION_001,104761,-0.7667071998354351,SIMULATED,NORMAL
2026-06-17T18:32:38.184017+00:00,DION_001,104762,2.454051067687293,SIMULATED,EVENT_DETECTED
2026-06-17T18:32:38.195475+00:00,DION_001,104763,-0.5814785707494935,SIMULATED,NORMAL
2026-06-17T18:32:38.206102+00:00,DION_001,104764,-0.7888183443496818,SIMULATED,NORMAL
2026-06-17T18:32:38.216798+00:00,DION_001,104765,-0.4812026715004712,SIMULATED,NORMAL
2026-06-17T18:32:38.227569+00:00,DION_001,104766,-0.35015010136585234,SIMULATED,NORMAL
2026-06-17T18:32:38.238297+00:00,DION_001,104767,-0.5402901717232977,SIMULATED,NORMAL
2026-06-17T18:32:38.249220+00:00,DION_001,104768,-0.294680927923175,SIMULATED,NORMAL
2026-06-17T18:32:38.259793+00:00,DION_001,104769,-0.7007561258712215,SIMULATED,NORMAL
2026-06-17T18:32:38.270748+00:00,DION_001,104770,-0.5198744123272937,SIMULATED,NORMAL
2026-06-17T18:32:38.281379+00:00,DION_001,104771,-0.6329838329513326,SIMULATED,NORMAL
2026-06-17T18:32:38.292313+00:00,DION_001,104772,-0.3169797025502259,SIMULATED,NORMAL
2026-06-17T18:32:38.303376+00:00,DION_001,104773,-0.41867430966122543,SIMULATED,NORMAL
2026-06-17T18:32:38.314350+00:00,DION_001,104774,-0.6005557693477247,SIMULATED,NORMAL
2026-06-17T18:32:38.325251+00:00,DION_001,104775,-0.08805971602944551,SIMULATED,NORMAL
2026-06-17T18:32:38.336168+00:00,DION_001,104776,-0.4086193121596074,SIMULATED,NORMAL
2026-06-17T18:32:38.347217+00:00,DION_001,104777,-0.4599668395896159,SIMULATED,NORMAL
2026-06-17T18:32:38.358293+00:00,DION_001,104778,-0.21911078413501486,SIMULATED,NORMAL
2026-06-17T18:32:38.368917+00:00,DION_001,104779,-0.2063764330303074,SIMULATED,NORMAL
2026-06-17T18:32:38.379855+00:00,DION_001,104780,-0.7784468583761741,SIMULATED,NORMAL
2026-06-17T18:32:38.390796+00:00,DION_001,104781,-0.34115299779405617,SIMULATED,NORMAL
2026-06-17T18:32:38.401724+00:00,DION_001,104782,-0.3589935238680547,SIMULATED,NORMAL
2026-06-17T18:32:38.412760+00:00,DION_001,104783,-0.26472360073931944,SIMULATED,NORMAL
2026-06-17T18:32:38.423676+00:00,DION_001,104784,-0.24985698516092622,SIMULATED,NORMAL
2026-06-17T18:32:38.434585+00:00,DION_001,104785,-0.3306174929899712,SIMULATED,NORMAL
2026-06-17T18:32:38.445032+00:00,DION_001,104786,-0.4990035043530336,SIMULATED,NORMAL
2026-06-17T18:32:38.455973+00:00,DION_001,104787,-0.11188533989952706,SIMULATED,NORMAL
2026-06-17T18:32:38.466570+00:00,DION_001,104788,-0.0015062628701153769,SIMULATED,NORMAL
2026-06-17T18:32:38.477500+00:00,DION_001,104789,-0.17909081128414925,SIMULATED,NORMAL
2026-06-17T18:32:38.488450+00:00,DION_001,104790,-0.11544269848057198,SIMULATED,NORMAL
2026-06-17T18:32:38.499137+00:00,DION_001,104791,-0.08803214012309639,SIMULATED,NORMAL
2026-06-17T18:32:38.510080+00:00,DION_001,104792,-1.9605012614601784,SIMULATED,NORMAL
2026-06-17T18:32:38.521192+00:00,DION_001,104793,-0.14889466170885263,SIMULATED,NORMAL
2026-06-17T18:32:38.532200+00:00,DION_001,104794,-0.11349482191168632,SIMULATED,NORMAL
2026-06-17T18:32:38.543136+00:00,DION_001,104795,-0.035173091779028665,SIMULATED,NORMAL
2026-06-17T18:32:38.553727+00:00,DION_001,104796,-0.43682941880713466,SIMULATED,NORMAL
2026-06-17T18:32:38.564475+00:00,DION_001,104797,-0.17257494584076208,SIMULATED,NORMAL
2026-06-17T18:32:38.575224+00:00,DION_001,104798,-0.14825905633182396,SIMULATED,NORMAL
2026-06-17T18:32:38.586173+00:00,DION_001,104799,-0.172998392928098,SIMULATED,NORMAL
2026-06-17T18:32:38.596697+00:00,DION_001,104800,-0.29590382260705045,SIMULATED,NORMAL
2026-06-17T18:32:38.607082+00:00,DION_001,104801,-0.08757084628120501,SIMULATED,NORMAL
2026-06-17T18:32:38.617483+00:00,DION_001,104802,-0.30369566203493853,SIMULATED,NORMAL
2026-06-17T18:32:38.627949+00:00,DION_001,104803,-0.32846888242020883,SIMULATED,NORMAL
2026-06-17T18:32:38.638281+00:00,DION_001,104804,-0.3597066316110054,SIMULATED,NORMAL
2026-06-17T18:32:38.648832+00:00,DION_001,104805,-0.287373425739048,SIMULATED,NORMAL
2026-06-17T18:32:38.659141+00:00,DION_001,104806,-0.23770756685551478,SIMULATED,NORMAL
2026-06-17T18:32:38.670077+00:00,DION_001,104807,-0.8212721813419586,SIMULATED,NORMAL
2026-06-17T18:32:38.680657+00:00,DION_001,104808,-0.5443088734352907,SIMULATED,NORMAL
2026-06-17T18:32:38.691422+00:00,DION_001,104809,-0.48110338145577847,SIMULATED,NORMAL
2026-06-17T18:32:38.702246+00:00,DION_001,104810,-0.6171972678223101,SIMULATED,NORMAL
2026-06-17T18:32:38.713198+00:00,DION_001,104811,-0.7630335608566768,SIMULATED,NORMAL
2026-06-17T18:32:38.724112+00:00,DION_001,104812,-0.5315509084068257,SIMULATED,NORMAL
2026-06-17T18:32:38.734764+00:00,DION_001,104813,-0.762169311859161,SIMULATED,NORMAL
2026-06-17T18:32:38.745653+00:00,DION_001,104814,-0.7099533688101878,SIMULATED,NORMAL
2026-06-17T18:32:38.756171+00:00,DION_001,104815,-1.0964291276009612,SIMULATED,NORMAL
2026-06-17T18:32:38.766791+00:00,DION_001,104816,-1.1703013336206687,SIMULATED,NORMAL
2026-06-17T18:32:38.777374+00:00,DION_001,104817,-1.1379142984413624,SIMULATED,NORMAL
2026-06-17T18:32:38.788329+00:00,DION_001,104818,-0.9442336970088857,SIMULATED,NORMAL
2026-06-17T18:32:38.799370+00:00,DION_001,104819,-0.9222506845385451,SIMULATED,NORMAL
2026-06-17T18:32:38.809943+00:00,DION_001,104820,-1.0347041300458384,SIMULATED,NORMAL
2026-06-17T18:32:38.820849+00:00,DION_001,104821,-0.771200351967995,SIMULATED,NORMAL
2026-06-17T18:32:38.831777+00:00,DION_001,104822,-0.9316659550378256,SIMULATED,NORMAL
2026-06-17T18:32:38.842459+00:00,DION_001,104823,-0.8149255783243758,SIMULATED,NORMAL
2026-06-17T18:32:38.853426+00:00,DION_001,104824,-1.0785465907687868,SIMULATED,NORMAL
2026-06-17T18:32:38.864446+00:00,DION_001,104825,-1.0804361386908294,SIMULATED,NORMAL
2026-06-17T18:32:38.875577+00:00,DION_001,104826,-1.2172061367675753,SIMULATED,NORMAL
2026-06-17T18:32:38.886718+00:00,DION_001,104827,-1.1289884082568147,SIMULATED,NORMAL
2026-06-17T18:32:38.897178+00:00,DION_001,104828,-1.3452170053992623,SIMULATED,NORMAL
2026-06-17T18:32:38.908164+00:00,DION_001,104829,-0.8689074794992078,SIMULATED,NORMAL
2026-06-17T18:32:38.919328+00:00,DION_001,104830,-1.3418991018064306,SIMULATED,NORMAL
2026-06-17T18:32:38.930417+00:00,DION_001,104831,-1.0716356335980985,SIMULATED,NORMAL
2026-06-17T18:32:38.940972+00:00,DION_001,104832,-1.4518580721353285,SIMULATED,NORMAL
2026-06-17T18:32:38.951667+00:00,DION_001,104833,-0.9195452895353988,SIMULATED,NORMAL
2026-06-17T18:32:38.962597+00:00,DION_001,104834,-0.9490058731387917,SIMULATED,NORMAL
2026-06-17T18:32:38.973137+00:00,DION_001,104835,-1.2553760406797674,SIMULATED,NORMAL
2026-06-17T18:32:38.984078+00:00,DION_001,104836,-1.0777064443273225,SIMULATED,NORMAL
2026-06-17T18:32:38.994983+00:00,DION_001,104837,-1.3206942844265588,SIMULATED,NORMAL
2026-06-17T18:32:39.005546+00:00,DION_001,104838,-1.1531972309151615,SIMULATED,NORMAL
2026-06-17T18:32:39.016471+00:00,DION_001,104839,-1.2213217775499359,SIMULATED,NORMAL
2026-06-17T18:32:39.027102+00:00,DION_001,104840,-1.1981888473058973,SIMULATED,NORMAL
2026-06-17T18:32:39.037763+00:00,DION_001,104841,-1.2073516957659145,SIMULATED,NORMAL
2026-06-17T18:32:39.048740+00:00,DION_001,104842,-1.3293680997599724,SIMULATED,NORMAL
2026-06-17T18:32:39.059407+00:00,DION_001,104843,-1.066044237660485,SIMULATED,NORMAL
2026-06-17T18:32:39.070298+00:00,DION_001,104844,-1.2018351671757146,SIMULATED,NORMAL
2026-06-17T18:32:39.081252+00:00,DION_001,104845,-1.1332324149938977,SIMULATED,NORMAL
2026-06-17T18:32:39.092208+00:00,DION_001,104846,-1.1573446905941365,SIMULATED,NORMAL
2026-06-17T18:32:39.103174+00:00,DION_001,104847,1.391276648865024,SIMULATED,NORMAL
2026-06-17T18:32:39.114165+00:00,DION_001,104848,-0.8063818306548953,SIMULATED,NORMAL
2026-06-17T18:32:39.124769+00:00,DION_001,104849,-0.6232128139840605,SIMULATED,NORMAL
2026-06-17T18:32:39.135683+00:00,DION_001,104850,-0.9110346363326051,SIMULATED,NORMAL
2026-06-17T18:32:39.146663+00:00,DION_001,104851,-1.134790731558139,SIMULATED,NORMAL
2026-06-17T18:32:39.157093+00:00,DION_001,104852,-0.72472389328356,SIMULATED,NORMAL
2026-06-17T18:32:39.168000+00:00,DION_001,104853,-0.6076717665500446,SIMULATED,NORMAL
2026-06-17T18:32:39.178884+00:00,DION_001,104854,-0.5504926404664955,SIMULATED,NORMAL
2026-06-17T18:32:39.189798+00:00,DION_001,104855,-0.8516660987121438,SIMULATED,NORMAL
2026-06-17T18:32:39.200426+00:00,DION_001,104856,-0.9136242189255905,SIMULATED,NORMAL
2026-06-17T18:32:39.211587+00:00,DION_001,104857,-0.6453432841592293,SIMULATED,NORMAL
2026-06-17T18:32:39.222337+00:00,DION_001,104858,-0.6842292871196936,SIMULATED,NORMAL
2026-06-17T18:32:39.232834+00:00,DION_001,104859,-0.5715971244447415,SIMULATED,NORMAL
2026-06-17T18:32:39.243488+00:00,DION_001,104860,-0.2377134594948353,SIMULATED,NORMAL
2026-06-17T18:32:39.254386+00:00,DION_001,104861,-0.43457533503872214,SIMULATED,NORMAL
2026-06-17T18:32:39.268039+00:00,DION_001,104862,-0.4778601808010588,SIMULATED,NORMAL
2026-06-17T18:32:39.278585+00:00,DION_001,104863,-0.45945820377822627,SIMULATED,NORMAL
2026-06-17T18:32:39.289205+00:00,DION_001,104864,-0.8056913390967961,SIMULATED,NORMAL
2026-06-17T18:32:39.299725+00:00,DION_001,104865,-0.12282940168803741,SIMULATED,NORMAL
2026-06-17T18:32:39.310274+00:00,DION_001,104866,-0.5496064779973177,SIMULATED,NORMAL
2026-06-17T18:32:39.320891+00:00,DION_001,104867,-0.5936667751485711,SIMULATED,NORMAL
2026-06-17T18:32:39.331455+00:00,DION_001,104868,-0.5322624914389831,SIMULATED,NORMAL
2026-06-17T18:32:39.342162+00:00,DION_001,104869,-0.06571445841528484,SIMULATED,NORMAL
2026-06-17T18:32:39.352720+00:00,DION_001,104870,-0.6736343892814376,SIMULATED,NORMAL
2026-06-17T18:32:39.363329+00:00,DION_001,104871,-0.37780931400083706,SIMULATED,NORMAL
2026-06-17T18:32:39.373946+00:00,DION_001,104872,-0.2504252000116435,SIMULATED,NORMAL
2026-06-17T18:32:39.384700+00:00,DION_001,104873,-0.551735569005119,SIMULATED,NORMAL
2026-06-17T18:32:39.395325+00:00,DION_001,104874,-0.413567338249742,SIMULATED,NORMAL
2026-06-17T18:32:39.405967+00:00,DION_001,104875,-0.44687307142741856,SIMULATED,NORMAL
2026-06-17T18:32:39.416688+00:00,DION_001,104876,-0.04495763564836719,SIMULATED,NORMAL
2026-06-17T18:32:39.427316+00:00,DION_001,104877,-0.22880280321204982,SIMULATED,NORMAL
2026-06-17T18:32:39.437943+00:00,DION_001,104878,-0.5291903529012545,SIMULATED,NORMAL
2026-06-17T18:32:39.448527+00:00,DION_001,104879,-0.11788457694497992,SIMULATED,NORMAL
2026-06-17T18:32:39.459268+00:00,DION_001,104880,-0.4185654528992726,SIMULATED,NORMAL
2026-06-17T18:32:39.469917+00:00,DION_001,104881,-0.43688770935014665,SIMULATED,NORMAL
2026-06-17T18:32:39.480690+00:00,DION_001,104882,-0.2342406956940295,SIMULATED,NORMAL
2026-06-17T18:32:39.491858+00:00,DION_001,104883,-0.2339847551666716,SIMULATED,NORMAL
2026-06-17T18:32:39.502494+00:00,DION_001,104884,-0.4461921035717603,SIMULATED,NORMAL
2026-06-17T18:32:39.513500+00:00,DION_001,104885,-0.2764428920879498,SIMULATED,NORMAL
2026-06-17T18:32:39.524433+00:00,DION_001,104886,-0.07036785636621745,SIMULATED,NORMAL
2026-06-17T18:32:39.535190+00:00,DION_001,104887,-0.3441027761127192,SIMULATED,NORMAL
2026-06-17T18:32:39.546102+00:00,DION_001,104888,-0.27980986205035424,SIMULATED,NORMAL
2026-06-17T18:32:39.557068+00:00,DION_001,104889,-0.7036024372968774,SIMULATED,NORMAL
2026-06-17T18:32:39.567680+00:00,DION_001,104890,-0.38364202018883964,SIMULATED,NORMAL
2026-06-17T18:32:39.578600+00:00,DION_001,104891,-0.7566100023823289,SIMULATED,NORMAL
2026-06-17T18:32:39.589557+00:00,DION_001,104892,-0.20921557941045776,SIMULATED,NORMAL
2026-06-17T18:32:39.600517+00:00,DION_001,104893,-0.7497735919998398,SIMULATED,NORMAL
2026-06-17T18:32:39.611285+00:00,DION_001,104894,-0.7023057088624601,SIMULATED,NORMAL
2026-06-17T18:32:39.622235+00:00,DION_001,104895,-0.5485789517591851,SIMULATED,NORMAL
2026-06-17T18:32:39.633202+00:00,DION_001,104896,-0.5345552553198969,SIMULATED,NORMAL
2026-06-17T18:32:39.644164+00:00,DION_001,104897,-0.681897338475715,SIMULATED,NORMAL
2026-06-17T18:32:39.654891+00:00,DION_001,104898,-0.3710204468747715,SIMULATED,NORMAL
2026-06-17T18:32:39.665823+00:00,DION_001,104899,-0.6604220462480211,SIMULATED,NORMAL
2026-06-17T18:32:39.676384+00:00,DION_001,104900,-0.775750404643054,SIMULATED,NORMAL
2026-06-17T18:32:39.686929+00:00,DION_001,104901,-0.19408719244993333,SIMULATED,NORMAL
2026-06-17T18:32:39.697405+00:00,DION_001,104902,-0.80608133528365,SIMULATED,NORMAL
2026-06-17T18:32:39.707899+00:00,DION_001,104903,-0.7288299656117994,SIMULATED,NORMAL
2026-06-17T18:32:39.718302+00:00,DION_001,104904,-0.7418688985709977,SIMULATED,NORMAL
2026-06-17T18:32:39.728726+00:00,DION_001,104905,-0.7616957313395253,SIMULATED,NORMAL
2026-06-17T18:32:39.739124+00:00,DION_001,104906,-0.5063973295618475,SIMULATED,NORMAL
2026-06-17T18:32:39.749476+00:00,DION_001,104907,-0.6568697112898358,SIMULATED,NORMAL
2026-06-17T18:32:39.760001+00:00,DION_001,104908,-0.7064761523806464,SIMULATED,NORMAL
2026-06-17T18:32:39.770550+00:00,DION_001,104909,-0.5990444354654996,SIMULATED,NORMAL
2026-06-17T18:32:39.781427+00:00,DION_001,104910,-0.6863897521384744,SIMULATED,NORMAL
2026-06-17T18:32:39.792249+00:00,DION_001,104911,-0.6224220268011373,SIMULATED,NORMAL
2026-06-17T18:32:39.803151+00:00,DION_001,104912,-0.6762825671653402,SIMULATED,NORMAL
2026-06-17T18:32:39.813830+00:00,DION_001,104913,-0.5798153978195402,SIMULATED,NORMAL
2026-06-17T18:32:39.824812+00:00,DION_001,104914,-0.31948337393458337,SIMULATED,NORMAL
2026-06-17T18:32:39.835843+00:00,DION_001,104915,-0.5364326398620675,SIMULATED,NORMAL
2026-06-17T18:32:39.846726+00:00,DION_001,104916,-0.9713848427986997,SIMULATED,NORMAL
2026-06-17T18:32:39.857360+00:00,DION_001,104917,-0.5212265376270027,SIMULATED,NORMAL
2026-06-17T18:32:39.868236+00:00,DION_001,104918,-0.5562862303774485,SIMULATED,NORMAL
2026-06-17T18:32:39.879296+00:00,DION_001,104919,-0.34719748459588606,SIMULATED,NORMAL
2026-06-17T18:32:39.890176+00:00,DION_001,104920,-0.3623888222651295,SIMULATED,NORMAL
2026-06-17T18:32:39.901075+00:00,DION_001,104921,-0.20819381907359247,SIMULATED,NORMAL
2026-06-17T18:32:39.912017+00:00,DION_001,104922,-0.39183143177664415,SIMULATED,NORMAL
2026-06-17T18:32:39.922932+00:00,DION_001,104923,-0.2923465228560114,SIMULATED,NORMAL
2026-06-17T18:32:39.933905+00:00,DION_001,104924,-0.24091354961344796,SIMULATED,NORMAL
2026-06-17T18:32:39.944918+00:00,DION_001,104925,-0.2240518474169524,SIMULATED,NORMAL
2026-06-17T18:32:39.955896+00:00,DION_001,104926,-0.42508253284075875,SIMULATED,NORMAL
2026-06-17T18:32:39.966580+00:00,DION_001,104927,-0.17922911801677516,SIMULATED,NORMAL
2026-06-17T18:32:39.977504+00:00,DION_001,104928,0.03164469578092628,SIMULATED,NORMAL
2026-06-17T18:32:39.988440+00:00,DION_001,104929,0.09542319923839754,SIMULATED,NORMAL
2026-06-17T18:32:39.999466+00:00,DION_001,104930,0.07315142432744202,SIMULATED,NORMAL
2026-06-17T18:32:40.010404+00:00,DION_001,104931,0.15345194443797755,SIMULATED,NORMAL
2026-06-17T18:32:40.021496+00:00,DION_001,104932,-0.19090951588016186,SIMULATED,NORMAL
2026-06-17T18:32:40.032527+00:00,DION_001,104933,0.2747890554675986,SIMULATED,NORMAL
2026-06-17T18:32:40.043607+00:00,DION_001,104934,-0.24379889790212034,SIMULATED,NORMAL
2026-06-17T18:32:40.054643+00:00,DION_001,104935,0.2738445790705205,SIMULATED,NORMAL
2026-06-17T18:32:40.065603+00:00,DION_001,104936,0.4943044000707157,SIMULATED,NORMAL
2026-06-17T18:32:40.076196+00:00,DION_001,104937,0.09326790218381806,SIMULATED,NORMAL
2026-06-17T18:32:40.087168+00:00,DION_001,104938,0.2648005735500063,SIMULATED,NORMAL
2026-06-17T18:32:40.098090+00:00,DION_001,104939,0.35899427198877243,SIMULATED,NORMAL
2026-06-17T18:32:40.108733+00:00,DION_001,104940,0.726964650760647,SIMULATED,NORMAL
2026-06-17T18:32:40.119664+00:00,DION_001,104941,0.693886586824833,SIMULATED,NORMAL
2026-06-17T18:32:40.130653+00:00,DION_001,104942,0.4292852663449541,SIMULATED,NORMAL
2026-06-17T18:32:40.141663+00:00,DION_001,104943,0.6600410604644077,SIMULATED,NORMAL
2026-06-17T18:32:40.152710+00:00,DION_001,104944,0.4241920589803063,SIMULATED,NORMAL
2026-06-17T18:32:40.163902+00:00,DION_001,104945,0.5166939810518776,SIMULATED,NORMAL
2026-06-17T18:32:40.174907+00:00,DION_001,104946,0.6976805920396627,SIMULATED,NORMAL
2026-06-17T18:32:40.185612+00:00,DION_001,104947,0.7985875577813608,SIMULATED,NORMAL
2026-06-17T18:32:40.196535+00:00,DION_001,104948,0.7736191066880111,SIMULATED,NORMAL
2026-06-17T18:32:40.207624+00:00,DION_001,104949,0.792213055323323,SIMULATED,NORMAL
2026-06-17T18:32:40.218236+00:00,DION_001,104950,0.7977683441954685,SIMULATED,NORMAL
2026-06-17T18:32:40.228697+00:00,DION_001,104951,0.6281644848551429,SIMULATED,NORMAL
2026-06-17T18:32:40.239367+00:00,DION_001,104952,0.7700832496010606,SIMULATED,NORMAL
2026-06-17T18:32:40.250049+00:00,DION_001,104953,0.8325158971015033,SIMULATED,NORMAL
2026-06-17T18:32:40.260711+00:00,DION_001,104954,0.3012141855321007,SIMULATED,NORMAL
2026-06-17T18:32:40.271421+00:00,DION_001,104955,0.6729336379997406,SIMULATED,NORMAL
2026-06-17T18:32:40.282144+00:00,DION_001,104956,0.5772322736699661,SIMULATED,NORMAL
2026-06-17T18:32:40.292805+00:00,DION_001,104957,0.6291594433254407,SIMULATED,NORMAL
2026-06-17T18:32:40.303741+00:00,DION_001,104958,0.7551824875846892,SIMULATED,NORMAL
2026-06-17T18:32:40.314462+00:00,DION_001,104959,0.8404676730177172,SIMULATED,NORMAL
2026-06-17T18:32:40.325620+00:00,DION_001,104960,0.7627545764510419,SIMULATED,NORMAL
2026-06-17T18:32:40.336740+00:00,DION_001,104961,0.7542679688387932,SIMULATED,NORMAL
2026-06-17T18:32:40.347728+00:00,DION_001,104962,0.5480229071305371,SIMULATED,NORMAL
2026-06-17T18:32:40.358415+00:00,DION_001,104963,0.5300349200009076,SIMULATED,NORMAL
2026-06-17T18:32:40.369012+00:00,DION_001,104964,0.5867345769580872,SIMULATED,NORMAL
2026-06-17T18:32:40.379818+00:00,DION_001,104965,0.599003186303775,SIMULATED,NORMAL
2026-06-17T18:32:40.390412+00:00,DION_001,104966,0.7016772083024706,SIMULATED,NORMAL
2026-06-17T18:32:40.401073+00:00,DION_001,104967,0.31925299426842135,SIMULATED,NORMAL
2026-06-17T18:32:40.411692+00:00,DION_001,104968,-2.2805532918383604,SIMULATED,EVENT_DETECTED
2026-06-17T18:32:40.422668+00:00,DION_001,104969,0.6124475459973551,SIMULATED,NORMAL
2026-06-17T18:32:40.433262+00:00,DION_001,104970,0.798704929026526,SIMULATED,NORMAL
2026-06-17T18:32:40.443872+00:00,DION_001,104971,0.44940487732582945,SIMULATED,NORMAL
2026-06-17T18:32:40.454475+00:00,DION_001,104972,0.49436605825487473,SIMULATED,NORMAL
2026-06-17T18:32:40.465078+00:00,DION_001,104973,-1.5427427046079087,SIMULATED,NORMAL
2026-06-17T18:32:40.475941+00:00,DION_001,104974,0.41948857629211217,SIMULATED,NORMAL
2026-06-17T18:32:40.486564+00:00,DION_001,104975,0.43090913334558684,SIMULATED,NORMAL
2026-06-17T18:32:40.497091+00:00,DION_001,104976,0.2986358079224837,SIMULATED,NORMAL
2026-06-17T18:32:40.507719+00:00,DION_001,104977,0.5499325318431847,SIMULATED,NORMAL
2026-06-17T18:32:40.518352+00:00,DION_001,104978,0.3463718020336161,SIMULATED,NORMAL
2026-06-17T18:32:40.528935+00:00,DION_001,104979,0.4884182438770177,SIMULATED,NORMAL
2026-06-17T18:32:40.539665+00:00,DION_001,104980,0.31737526795976745,SIMULATED,NORMAL
2026-06-17T18:32:40.550268+00:00,DION_001,104981,0.35767057174522937,SIMULATED,NORMAL
2026-06-17T18:32:40.560864+00:00,DION_001,104982,0.32611397228746974,SIMULATED,NORMAL
2026-06-17T18:32:40.571523+00:00,DION_001,104983,0.20001105352119664,SIMULATED,NORMAL
2026-06-17T18:32:40.582189+00:00,DION_001,104984,0.34441897758078455,SIMULATED,NORMAL
2026-06-17T18:32:40.592816+00:00,DION_001,104985,0.3204616369466029,SIMULATED,NORMAL
2026-06-17T18:32:40.603746+00:00,DION_001,104986,0.26309090084169157,SIMULATED,NORMAL
2026-06-17T18:32:40.614767+00:00,DION_001,104987,0.18839735601758828,SIMULATED,NORMAL
2026-06-17T18:32:40.625463+00:00,DION_001,104988,0.06619924571040062,SIMULATED,NORMAL
2026-06-17T18:32:40.636379+00:00,DION_001,104989,-0.025039075993224136,SIMULATED,NORMAL
2026-06-17T18:32:40.647466+00:00,DION_001,104990,0.5056764763774111,SIMULATED,NORMAL
2026-06-17T18:32:40.658397+00:00,DION_001,104991,0.2177664704970233,SIMULATED,NORMAL
2026-06-17T18:32:40.669344+00:00,DION_001,104992,0.3160383363856782,SIMULATED,NORMAL
2026-06-17T18:32:40.680388+00:00,DION_001,104993,0.3357298954782906,SIMULATED,NORMAL
2026-06-17T18:32:40.691519+00:00,DION_001,104994,0.18912106882338256,SIMULATED,NORMAL
2026-06-17T18:32:40.702170+00:00,DION_001,104995,0.5797638799942448,SIMULATED,NORMAL
2026-06-17T18:32:40.713101+00:00,DION_001,104996,0.42872525352165913,SIMULATED,NORMAL
2026-06-17T18:32:40.724045+00:00,DION_001,104997,0.4660647098131786,SIMULATED,NORMAL
2026-06-17T18:32:40.734711+00:00,DION_001,104998,0.7312073150290896,SIMULATED,NORMAL
2026-06-17T18:32:40.745269+00:00,DION_001,104999,0.5606682225376439,SIMULATED,NORMAL
2026-06-17T18:32:40.756383+00:00,DION_001,105000,0.7621531086487772,SIMULATED,NORMAL
2026-06-17T18:32:40.767086+00:00,DION_001,105001,0.6180821004666813,SIMULATED,NORMAL
2026-06-17T18:32:40.777578+00:00,DION_001,105002,0.3096422561096587,SIMULATED,NORMAL
2026-06-17T18:32:40.787963+00:00,DION_001,105003,0.6147021762384491,SIMULATED,NORMAL
2026-06-17T18:32:40.798371+00:00,DION_001,105004,0.5145701818872156,SIMULATED,NORMAL
2026-06-17T18:32:40.808832+00:00,DION_001,105005,0.7412829904147263,SIMULATED,NORMAL
2026-06-17T18:32:40.819161+00:00,DION_001,105006,0.7669250347129658,SIMULATED,NORMAL
2026-06-17T18:32:40.829452+00:00,DION_001,105007,0.8581189547870349,SIMULATED,NORMAL
2026-06-17T18:32:40.839970+00:00,DION_001,105008,0.7197642798898763,SIMULATED,NORMAL
2026-06-17T18:32:40.850428+00:00,DION_001,105009,0.8238443051821418,SIMULATED,NORMAL
2026-06-17T18:32:40.860822+00:00,DION_001,105010,1.0076577438239036,SIMULATED,NORMAL
2026-06-17T18:32:40.871669+00:00,DION_001,105011,1.0594073853554673,SIMULATED,NORMAL
2026-06-17T18:32:40.882709+00:00,DION_001,105012,0.8553293780008846,SIMULATED,NORMAL
2026-06-17T18:32:40.893592+00:00,DION_001,105013,0.9022525036370963,SIMULATED,NORMAL
2026-06-17T18:32:40.904314+00:00,DION_001,105014,0.9618505103249044,SIMULATED,NORMAL
2026-06-17T18:32:40.915236+00:00,DION_001,105015,1.009577910365383,SIMULATED,NORMAL
2026-06-17T18:32:40.926113+00:00,DION_001,105016,1.2438398172491067,SIMULATED,NORMAL
2026-06-17T18:32:40.936698+00:00,DION_001,105017,1.0974946659790898,SIMULATED,NORMAL
2026-06-17T18:32:40.947604+00:00,DION_001,105018,0.9153468967497299,SIMULATED,NORMAL
2026-06-17T18:32:40.958147+00:00,DION_001,105019,1.0271378512091816,SIMULATED,NORMAL
2026-06-17T18:32:40.968737+00:00,DION_001,105020,1.236661803809456,SIMULATED,NORMAL
2026-06-17T18:32:40.979307+00:00,DION_001,105021,1.0369450641708333,SIMULATED,NORMAL
2026-06-17T18:32:40.989908+00:00,DION_001,105022,1.1831094311683228,SIMULATED,NORMAL
2026-06-17T18:32:41.000540+00:00,DION_001,105023,1.2500381415247357,SIMULATED,NORMAL
2026-06-17T18:32:41.011317+00:00,DION_001,105024,1.2304315504352885,SIMULATED,NORMAL
2026-06-17T18:32:41.022046+00:00,DION_001,105025,0.9649302192040676,SIMULATED,NORMAL
2026-06-17T18:32:41.032835+00:00,DION_001,105026,1.2447096133378341,SIMULATED,NORMAL
2026-06-17T18:32:41.043449+00:00,DION_001,105027,1.0472802302878566,SIMULATED,NORMAL
2026-06-17T18:32:41.054016+00:00,DION_001,105028,0.8657593882347154,SIMULATED,NORMAL
2026-06-17T18:32:41.064674+00:00,DION_001,105029,1.215259232391678,SIMULATED,NORMAL
2026-06-17T18:32:41.075313+00:00,DION_001,105030,1.2484116112569617,SIMULATED,NORMAL
2026-06-17T18:32:41.085877+00:00,DION_001,105031,1.1939297889692813,SIMULATED,NORMAL
2026-06-17T18:32:41.096465+00:00,DION_001,105032,1.1736514146502128,SIMULATED,NORMAL
2026-06-17T18:32:41.107225+00:00,DION_001,105033,1.1256922997670336,SIMULATED,NORMAL
2026-06-17T18:32:41.117847+00:00,DION_001,105034,1.1331291711744973,SIMULATED,NORMAL
2026-06-17T18:32:41.128449+00:00,DION_001,105035,0.8760449306232665,SIMULATED,NORMAL
2026-06-17T18:32:41.139109+00:00,DION_001,105036,1.2911557847641517,SIMULATED,NORMAL
2026-06-17T18:32:41.149707+00:00,DION_001,105037,1.1573094957911025,SIMULATED,NORMAL
2026-06-17T18:32:41.160286+00:00,DION_001,105038,1.1031292685893286,SIMULATED,NORMAL
2026-06-17T18:32:41.170877+00:00,DION_001,105039,0.9172041445668275,SIMULATED,NORMAL
2026-06-17T18:32:41.181514+00:00,DION_001,105040,0.8913991486743559,SIMULATED,NORMAL
2026-06-17T18:32:41.192136+00:00,DION_001,105041,0.7501681349696182,SIMULATED,NORMAL
2026-06-17T18:32:41.202866+00:00,DION_001,105042,0.8080707902259986,SIMULATED,NORMAL
2026-06-17T18:32:41.213375+00:00,DION_001,105043,0.6650247378225392,SIMULATED,NORMAL
2026-06-17T18:32:41.223922+00:00,DION_001,105044,1.278893062280928,SIMULATED,NORMAL
2026-06-17T18:32:41.234515+00:00,DION_001,105045,0.548599963693594,SIMULATED,NORMAL
2026-06-17T18:32:41.245051+00:00,DION_001,105046,0.9225574144550321,SIMULATED,NORMAL
2026-06-17T18:32:41.255630+00:00,DION_001,105047,0.5839976399932507,SIMULATED,NORMAL
2026-06-17T18:32:41.266412+00:00,DION_001,105048,0.8385235482074193,SIMULATED,NORMAL
2026-06-17T18:32:41.277097+00:00,DION_001,105049,0.6763996226001868,SIMULATED,NORMAL
2026-06-17T18:32:41.287725+00:00,DION_001,105050,0.292911056069417,SIMULATED,NORMAL
2026-06-17T18:32:41.298821+00:00,DION_001,105051,0.3685064093847802,SIMULATED,NORMAL
2026-06-17T18:32:41.309435+00:00,DION_001,105052,0.5676442024109095,SIMULATED,NORMAL
2026-06-17T18:32:41.320410+00:00,DION_001,105053,0.7405868140458576,SIMULATED,NORMAL
2026-06-17T18:32:41.331546+00:00,DION_001,105054,0.6157795311724019,SIMULATED,NORMAL
2026-06-17T18:32:41.342079+00:00,DION_001,105055,0.4457964989039834,SIMULATED,NORMAL
2026-06-17T18:32:41.353047+00:00,DION_001,105056,0.4321892820586357,SIMULATED,NORMAL
2026-06-17T18:32:41.363954+00:00,DION_001,105057,0.3261692584108811,SIMULATED,NORMAL
2026-06-17T18:32:41.374621+00:00,DION_001,105058,0.12375169183331897,SIMULATED,NORMAL
2026-06-17T18:32:41.385538+00:00,DION_001,105059,-0.026816757021783932,SIMULATED,NORMAL
2026-06-17T18:32:41.396521+00:00,DION_001,105060,0.041010459546707345,SIMULATED,NORMAL
2026-06-17T18:32:41.407596+00:00,DION_001,105061,0.3061142593159766,SIMULATED,NORMAL
2026-06-17T18:32:41.418487+00:00,DION_001,105062,-0.09153631991257688,SIMULATED,NORMAL
2026-06-17T18:32:41.429475+00:00,DION_001,105063,0.35282223925675077,SIMULATED,NORMAL
2026-06-17T18:32:41.440409+00:00,DION_001,105064,0.1823421183249042,SIMULATED,NORMAL
2026-06-17T18:32:41.451202+00:00,DION_001,105065,0.22696338176732472,SIMULATED,NORMAL
2026-06-17T18:32:41.461827+00:00,DION_001,105066,0.07505387529568999,SIMULATED,NORMAL
2026-06-17T18:32:41.472403+00:00,DION_001,105067,0.14045366251692576,SIMULATED,NORMAL
2026-06-17T18:32:41.483102+00:00,DION_001,105068,0.06372672349940817,SIMULATED,NORMAL
2026-06-17T18:32:41.493706+00:00,DION_001,105069,0.06859349940679316,SIMULATED,NORMAL
2026-06-17T18:32:41.504278+00:00,DION_001,105070,0.12604485317231007,SIMULATED,NORMAL
2026-06-17T18:32:41.514868+00:00,DION_001,105071,0.33776648991494307,SIMULATED,NORMAL
2026-06-17T18:32:41.525493+00:00,DION_001,105072,0.10991788023774046,SIMULATED,NORMAL
2026-06-17T18:32:41.536143+00:00,DION_001,105073,0.2786012602840831,SIMULATED,NORMAL
2026-06-17T18:32:41.546749+00:00,DION_001,105074,0.2152738083070299,SIMULATED,NORMAL
2026-06-17T18:32:41.557363+00:00,DION_001,105075,0.42155066068501257,SIMULATED,NORMAL
2026-06-17T18:32:41.567948+00:00,DION_001,105076,0.28876937044261275,SIMULATED,NORMAL
2026-06-17T18:32:41.578546+00:00,DION_001,105077,0.2391461947141779,SIMULATED,NORMAL
2026-06-17T18:32:41.589303+00:00,DION_001,105078,0.24868932066694555,SIMULATED,NORMAL
2026-06-17T18:32:41.599942+00:00,DION_001,105079,0.34381214628114665,SIMULATED,NORMAL
2026-06-17T18:32:41.610537+00:00,DION_001,105080,0.1795461217438695,SIMULATED,NORMAL
2026-06-17T18:32:41.621210+00:00,DION_001,105081,0.28693636441268866,SIMULATED,NORMAL
2026-06-17T18:32:41.631823+00:00,DION_001,105082,0.3248573304401375,SIMULATED,NORMAL
2026-06-17T18:32:41.642439+00:00,DION_001,105083,0.25832558368242686,SIMULATED,NORMAL
2026-06-17T18:32:41.653300+00:00,DION_001,105084,0.37925879729525086,SIMULATED,NORMAL
2026-06-17T18:32:41.663948+00:00,DION_001,105085,0.35233795590628,SIMULATED,NORMAL
2026-06-17T18:32:41.674888+00:00,DION_001,105086,0.5774068153193433,SIMULATED,NORMAL
2026-06-17T18:32:41.685819+00:00,DION_001,105087,0.6170233880155511,SIMULATED,NORMAL
2026-06-17T18:32:41.696789+00:00,DION_001,105088,0.5204550772148034,SIMULATED,NORMAL
2026-06-17T18:32:41.707718+00:00,DION_001,105089,0.4720696742333237,SIMULATED,NORMAL
2026-06-17T18:32:41.718233+00:00,DION_001,105090,0.3918128601447616,SIMULATED,NORMAL
2026-06-17T18:32:41.729199+00:00,DION_001,105091,0.5696077623794196,SIMULATED,NORMAL
2026-06-17T18:32:41.740123+00:00,DION_001,105092,0.2957105459062903,SIMULATED,NORMAL
2026-06-17T18:32:41.751088+00:00,DION_001,105093,0.5431911643299531,SIMULATED,NORMAL
2026-06-17T18:32:41.761682+00:00,DION_001,105094,1.0137910650656086,SIMULATED,NORMAL
2026-06-17T18:32:41.772690+00:00,DION_001,105095,0.47027935487869543,SIMULATED,NORMAL
2026-06-17T18:32:41.783691+00:00,DION_001,105096,0.4362164874944786,SIMULATED,NORMAL
2026-06-17T18:32:41.794344+00:00,DION_001,105097,0.5721237776011657,SIMULATED,NORMAL
2026-06-17T18:32:41.805273+00:00,DION_001,105098,0.5348277567471733,SIMULATED,NORMAL
2026-06-17T18:32:41.815976+00:00,DION_001,105099,0.5453057399341323,SIMULATED,NORMAL
2026-06-17T18:32:41.826635+00:00,DION_001,105100,0.740526885314035,SIMULATED,NORMAL
2026-06-17T18:32:41.837590+00:00,DION_001,105101,0.6396125484492489,SIMULATED,NORMAL
2026-06-17T18:32:41.848088+00:00,DION_001,105102,0.28758541586071557,SIMULATED,NORMAL
2026-06-17T18:32:41.858549+00:00,DION_001,105103,0.5448689816816492,SIMULATED,NORMAL
2026-06-17T18:32:41.869004+00:00,DION_001,105104,0.8602370350848814,SIMULATED,NORMAL
2026-06-17T18:32:41.879627+00:00,DION_001,105105,0.43404097389017576,SIMULATED,NORMAL
2026-06-17T18:32:41.890069+00:00,DION_001,105106,0.6493977037076157,SIMULATED,NORMAL
2026-06-17T18:32:41.900422+00:00,DION_001,105107,0.3868524456878227,SIMULATED,NORMAL
2026-06-17T18:32:41.910957+00:00,DION_001,105108,0.42950646155530825,SIMULATED,NORMAL
2026-06-17T18:32:41.921410+00:00,DION_001,105109,0.48974644434579795,SIMULATED,NORMAL
2026-06-17T18:32:41.932090+00:00,DION_001,105110,0.5225513608406053,SIMULATED,NORMAL
2026-06-17T18:32:41.943040+00:00,DION_001,105111,0.1889657368128983,SIMULATED,NORMAL
2026-06-17T18:32:41.953507+00:00,DION_001,105112,0.05009359894990473,SIMULATED,NORMAL
2026-06-17T18:32:41.964131+00:00,DION_001,105113,0.5343305363712514,SIMULATED,NORMAL
2026-06-17T18:32:41.974629+00:00,DION_001,105114,0.29384297009699367,SIMULATED,NORMAL
2026-06-17T18:32:41.985150+00:00,DION_001,105115,0.16285931283471483,SIMULATED,NORMAL
2026-06-17T18:32:41.995683+00:00,DION_001,105116,0.24314744170799218,SIMULATED,NORMAL
2026-06-17T18:32:42.006242+00:00,DION_001,105117,0.07911499725134821,SIMULATED,NORMAL
2026-06-17T18:32:42.016787+00:00,DION_001,105118,0.15137512628555297,SIMULATED,NORMAL
2026-06-17T18:32:42.027745+00:00,DION_001,105119,-0.11799239779465684,SIMULATED,NORMAL
2026-06-17T18:32:42.038301+00:00,DION_001,105120,-0.05538169948556079,SIMULATED,NORMAL
2026-06-17T18:32:42.048903+00:00,DION_001,105121,0.009339701474041007,SIMULATED,NORMAL
2026-06-17T18:32:42.059417+00:00,DION_001,105122,-0.13509086820932567,SIMULATED,NORMAL
2026-06-17T18:32:42.070046+00:00,DION_001,105123,-0.19648830201021328,SIMULATED,NORMAL
2026-06-17T18:32:42.080798+00:00,DION_001,105124,-0.10127919058231835,SIMULATED,NORMAL
2026-06-17T18:32:42.091386+00:00,DION_001,105125,-0.43460136724999177,SIMULATED,NORMAL
2026-06-17T18:32:42.101971+00:00,DION_001,105126,-0.40381686778331993,SIMULATED,NORMAL
2026-06-17T18:32:42.112625+00:00,DION_001,105127,-0.21180478356910593,SIMULATED,NORMAL
2026-06-17T18:32:42.123192+00:00,DION_001,105128,-0.43370075020986376,SIMULATED,NORMAL
2026-06-17T18:32:42.133837+00:00,DION_001,105129,-0.4788927332463474,SIMULATED,NORMAL
2026-06-17T18:32:42.144464+00:00,DION_001,105130,-0.40016656168515413,SIMULATED,NORMAL
2026-06-17T18:32:42.155247+00:00,DION_001,105131,-0.6075922723145222,SIMULATED,NORMAL
2026-06-17T18:32:42.166175+00:00,DION_001,105132,-0.7725144444974141,SIMULATED,NORMAL
2026-06-17T18:32:42.177094+00:00,DION_001,105133,-0.4676560693878663,SIMULATED,NORMAL
2026-06-17T18:32:42.187576+00:00,DION_001,105134,-0.6932665364311749,SIMULATED,NORMAL
2026-06-17T18:32:42.198501+00:00,DION_001,105135,-0.881764173061833,SIMULATED,NORMAL
2026-06-17T18:32:42.209469+00:00,DION_001,105136,-0.4422283485042252,SIMULATED,NORMAL
2026-06-17T18:32:42.220067+00:00,DION_001,105137,-0.5416262380106492,SIMULATED,NORMAL
2026-06-17T18:32:42.231005+00:00,DION_001,105138,-0.5856616202903184,SIMULATED,NORMAL
2026-06-17T18:32:42.241978+00:00,DION_001,105139,-0.2888449216353918,SIMULATED,NORMAL
2026-06-17T18:32:42.253110+00:00,DION_001,105140,-0.7091128940437467,SIMULATED,NORMAL
2026-06-17T18:32:42.263942+00:00,DION_001,105141,-0.6408179946795461,SIMULATED,NORMAL
2026-06-17T18:32:42.274984+00:00,DION_001,105142,-0.8121042971492259,SIMULATED,NORMAL
2026-06-17T18:32:42.287482+00:00,DION_001,105143,-0.5625658003691922,SIMULATED,NORMAL
2026-06-17T18:32:42.298070+00:00,DION_001,105144,-0.8407954846146382,SIMULATED,NORMAL
2026-06-17T18:32:42.308764+00:00,DION_001,105145,-0.9310675372613527,SIMULATED,NORMAL
2026-06-17T18:32:42.319399+00:00,DION_001,105146,-0.9256628047534963,SIMULATED,NORMAL
2026-06-17T18:32:42.329934+00:00,DION_001,105147,-0.7790721987368091,SIMULATED,NORMAL
2026-06-17T18:32:42.340678+00:00,DION_001,105148,-0.6450457367766708,SIMULATED,NORMAL
2026-06-17T18:32:42.351301+00:00,DION_001,105149,-0.8458049461907442,SIMULATED,NORMAL
2026-06-17T18:32:42.361921+00:00,DION_001,105150,-0.6823045487479159,SIMULATED,NORMAL
2026-06-17T18:32:42.372672+00:00,DION_001,105151,-0.6835604384860519,SIMULATED,NORMAL
2026-06-17T18:32:42.383267+00:00,DION_001,105152,-3.553730876110685,SIMULATED,EVENT_DETECTED
2026-06-17T18:32:42.394104+00:00,DION_001,105153,-0.7323462864513178,SIMULATED,NORMAL
2026-06-17T18:32:42.404728+00:00,DION_001,105154,-0.9084108435094739,SIMULATED,NORMAL
2026-06-17T18:32:42.415365+00:00,DION_001,105155,-0.8216141765463312,SIMULATED,NORMAL
2026-06-17T18:32:42.426205+00:00,DION_001,105156,-0.901544209623228,SIMULATED,NORMAL
2026-06-17T18:32:42.436799+00:00,DION_001,105157,-0.5369546021840068,SIMULATED,NORMAL
2026-06-17T18:32:42.447401+00:00,DION_001,105158,-0.5927942348723801,SIMULATED,NORMAL
2026-06-17T18:32:42.458038+00:00,DION_001,105159,-1.0057068727461766,SIMULATED,NORMAL
2026-06-17T18:32:42.468543+00:00,DION_001,105160,-0.414231287885766,SIMULATED,NORMAL
2026-06-17T18:32:42.479277+00:00,DION_001,105161,-0.6573377167512737,SIMULATED,NORMAL
2026-06-17T18:32:42.489765+00:00,DION_001,105162,-0.8331920241984886,SIMULATED,NORMAL
2026-06-17T18:32:42.500287+00:00,DION_001,105163,-0.5610040725877172,SIMULATED,NORMAL
2026-06-17T18:32:42.510620+00:00,DION_001,105164,-0.5253302113076803,SIMULATED,NORMAL
2026-06-17T18:32:42.520936+00:00,DION_001,105165,-0.7726106444100191,SIMULATED,NORMAL
2026-06-17T18:32:42.531204+00:00,DION_001,105166,-0.5762389690314778,SIMULATED,NORMAL
2026-06-17T18:32:42.541483+00:00,DION_001,105167,-0.4400923403419936,SIMULATED,NORMAL
2026-06-17T18:32:42.551809+00:00,DION_001,105168,-0.6506611292898075,SIMULATED,NORMAL
2026-06-17T18:32:42.562244+00:00,DION_001,105169,-0.5492639615421814,SIMULATED,NORMAL
2026-06-17T18:32:42.572691+00:00,DION_001,105170,-0.4345456522021316,SIMULATED,NORMAL
2026-06-17T18:32:42.583159+00:00,DION_001,105171,-0.33749910179517056,SIMULATED,NORMAL
2026-06-17T18:32:42.593628+00:00,DION_001,105172,-0.29531574431546753,SIMULATED,NORMAL
2026-06-17T18:32:42.603990+00:00,DION_001,105173,-0.27236022379145675,SIMULATED,NORMAL
2026-06-17T18:32:42.614578+00:00,DION_001,105174,-0.17983983503863255,SIMULATED,NORMAL
2026-06-17T18:32:42.625148+00:00,DION_001,105175,-0.31552547804295256,SIMULATED,NORMAL
2026-06-17T18:32:42.635731+00:00,DION_001,105176,-0.435923778190218,SIMULATED,NORMAL
2026-06-17T18:32:42.646244+00:00,DION_001,105177,-0.1761536649679069,SIMULATED,NORMAL
2026-06-17T18:32:42.657029+00:00,DION_001,105178,-0.24886498387060715,SIMULATED,NORMAL
2026-06-17T18:32:42.667664+00:00,DION_001,105179,-0.31281838232088527,SIMULATED,NORMAL
2026-06-17T18:32:42.678279+00:00,DION_001,105180,-0.5007534393058419,SIMULATED,NORMAL
2026-06-17T18:32:42.688925+00:00,DION_001,105181,-0.29867618979265753,SIMULATED,NORMAL
2026-06-17T18:32:42.699588+00:00,DION_001,105182,-0.32324715285326483,SIMULATED,NORMAL
2026-06-17T18:32:42.710377+00:00,DION_001,105183,-0.33811123707156043,SIMULATED,NORMAL
2026-06-17T18:32:42.721129+00:00,DION_001,105184,-0.6653661757738567,SIMULATED,NORMAL
2026-06-17T18:32:42.731887+00:00,DION_001,105185,-0.40799807651182535,SIMULATED,NORMAL
2026-06-17T18:32:42.742517+00:00,DION_001,105186,-0.2787083410332224,SIMULATED,NORMAL
2026-06-17T18:32:42.753248+00:00,DION_001,105187,-0.3082790509679015,SIMULATED,NORMAL
2026-06-17T18:32:42.763662+00:00,DION_001,105188,-0.37990692080059163,SIMULATED,NORMAL
2026-06-17T18:32:42.774324+00:00,DION_001,105189,-0.426216832965732,SIMULATED,NORMAL
2026-06-17T18:32:42.785012+00:00,DION_001,105190,-0.4764819248131495,SIMULATED,NORMAL
2026-06-17T18:32:42.795509+00:00,DION_001,105191,-0.4173383942754645,SIMULATED,NORMAL
2026-06-17T18:32:42.806263+00:00,DION_001,105192,-0.7532192682632133,SIMULATED,NORMAL
2026-06-17T18:32:42.816808+00:00,DION_001,105193,-0.3311069504646307,SIMULATED,NORMAL
2026-06-17T18:32:42.827652+00:00,DION_001,105194,-0.463763533909765,SIMULATED,NORMAL
2026-06-17T18:32:42.838285+00:00,DION_001,105195,-0.6887637804265144,SIMULATED,NORMAL
2026-06-17T18:32:42.848939+00:00,DION_001,105196,-0.5491525629469488,SIMULATED,NORMAL
2026-06-17T18:32:42.859578+00:00,DION_001,105197,-3.508639321653286,SIMULATED,EVENT_DETECTED
2026-06-17T18:32:42.870614+00:00,DION_001,105198,-0.5844037819819243,SIMULATED,NORMAL
2026-06-17T18:32:42.881217+00:00,DION_001,105199,-0.7029793085308027,SIMULATED,NORMAL
2026-06-17T18:32:42.891916+00:00,DION_001,105200,-0.7413087067244519,SIMULATED,NORMAL
2026-06-17T18:32:42.902548+00:00,DION_001,105201,-0.7730339045362686,SIMULATED,NORMAL
2026-06-17T18:32:42.913190+00:00,DION_001,105202,-0.7237890062874006,SIMULATED,NORMAL
2026-06-17T18:32:42.923829+00:00,DION_001,105203,-0.8624913909649289,SIMULATED,NORMAL
2026-06-17T18:32:42.934645+00:00,DION_001,105204,-0.5812772668408108,SIMULATED,NORMAL
2026-06-17T18:32:42.945152+00:00,DION_001,105205,-1.020451784137833,SIMULATED,NORMAL
2026-06-17T18:32:42.955635+00:00,DION_001,105206,-0.9980320317246065,SIMULATED,NORMAL
2026-06-17T18:32:42.966132+00:00,DION_001,105207,-0.9492497303113671,SIMULATED,NORMAL
2026-06-17T18:32:42.976667+00:00,DION_001,105208,-1.3792590379058418,SIMULATED,NORMAL
2026-06-17T18:32:42.987103+00:00,DION_001,105209,-1.0548343741876456,SIMULATED,NORMAL
2026-06-17T18:32:42.997530+00:00,DION_001,105210,-1.1310946381127585,SIMULATED,NORMAL
2026-06-17T18:32:43.008040+00:00,DION_001,105211,-1.0182480738675213,SIMULATED,NORMAL
2026-06-17T18:32:43.018382+00:00,DION_001,105212,-1.210101897946957,SIMULATED,NORMAL
2026-06-17T18:32:43.028949+00:00,DION_001,105213,-1.271138932124448,SIMULATED,NORMAL
2026-06-17T18:32:43.039409+00:00,DION_001,105214,-1.1306859761595915,SIMULATED,NORMAL
2026-06-17T18:32:43.049827+00:00,DION_001,105215,-1.1994863953797623,SIMULATED,NORMAL
2026-06-17T18:32:43.060317+00:00,DION_001,105216,-1.1093693354963925,SIMULATED,NORMAL
2026-06-17T18:32:43.070872+00:00,DION_001,105217,-1.2107039365582568,SIMULATED,NORMAL
2026-06-17T18:32:43.081541+00:00,DION_001,105218,-1.2089718825793037,SIMULATED,NORMAL
2026-06-17T18:32:43.092154+00:00,DION_001,105219,-1.0416730725360157,SIMULATED,NORMAL
2026-06-17T18:32:43.102683+00:00,DION_001,105220,-1.0280963626047959,SIMULATED,NORMAL
2026-06-17T18:32:43.113168+00:00,DION_001,105221,-1.2292826008986015,SIMULATED,NORMAL
2026-06-17T18:32:43.123693+00:00,DION_001,105222,-1.1331586984047808,SIMULATED,NORMAL
2026-06-17T18:32:43.134239+00:00,DION_001,105223,-1.1766598855687285,SIMULATED,NORMAL
2026-06-17T18:32:43.144846+00:00,DION_001,105224,-1.0949523812402024,SIMULATED,NORMAL
2026-06-17T18:32:43.155394+00:00,DION_001,105225,-1.1852150867626592,SIMULATED,NORMAL
2026-06-17T18:32:43.166009+00:00,DION_001,105226,-1.130684248870075,SIMULATED,NORMAL
2026-06-17T18:32:43.176682+00:00,DION_001,105227,-1.3551180994692957,SIMULATED,NORMAL
2026-06-17T18:32:43.187242+00:00,DION_001,105228,-1.1843542363350112,SIMULATED,NORMAL
2026-06-17T18:32:43.197831+00:00,DION_001,105229,-1.0865245554123344,SIMULATED,NORMAL
2026-06-17T18:32:43.208451+00:00,DION_001,105230,-1.2035729020243653,SIMULATED,NORMAL
2026-06-17T18:32:43.219397+00:00,DION_001,105231,-0.9035839075934493,SIMULATED,NORMAL
2026-06-17T18:32:43.230039+00:00,DION_001,105232,-0.8243399637848542,SIMULATED,NORMAL
2026-06-17T18:32:43.240680+00:00,DION_001,105233,-1.0490866567648707,SIMULATED,NORMAL
2026-06-17T18:32:43.251369+00:00,DION_001,105234,-0.9094484766669887,SIMULATED,NORMAL
2026-06-17T18:32:43.261972+00:00,DION_001,105235,-0.8601784971611445,SIMULATED,NORMAL
2026-06-17T18:32:43.272672+00:00,DION_001,105236,-1.1146238531912347,SIMULATED,NORMAL
2026-06-17T18:32:43.283338+00:00,DION_001,105237,-0.8443045765360768,SIMULATED,NORMAL
2026-06-17T18:32:43.293908+00:00,DION_001,105238,-0.8891325155731438,SIMULATED,NORMAL
2026-06-17T18:32:43.304706+00:00,DION_001,105239,-0.7793372664459021,SIMULATED,NORMAL
2026-06-17T18:32:43.315345+00:00,DION_001,105240,-0.7648235059830003,SIMULATED,NORMAL
2026-06-17T18:32:43.326121+00:00,DION_001,105241,-0.7939943656888198,SIMULATED,NORMAL
2026-06-17T18:32:43.337234+00:00,DION_001,105242,-0.8985509310663308,SIMULATED,NORMAL
2026-06-17T18:32:43.348273+00:00,DION_001,105243,-0.8175717546127028,SIMULATED,NORMAL
2026-06-17T18:32:43.359194+00:00,DION_001,105244,-0.5396205329217465,SIMULATED,NORMAL
2026-06-17T18:32:43.369866+00:00,DION_001,105245,-0.7551049471154974,SIMULATED,NORMAL
2026-06-17T18:32:43.380762+00:00,DION_001,105246,-0.5366930889965139,SIMULATED,NORMAL
2026-06-17T18:32:43.391639+00:00,DION_001,105247,-0.3055120346004211,SIMULATED,NORMAL
2026-06-17T18:32:43.402208+00:00,DION_001,105248,-0.46523091759664087,SIMULATED,NORMAL
2026-06-17T18:32:43.413148+00:00,DION_001,105249,-0.34521515406266,SIMULATED,NORMAL
2026-06-17T18:32:43.424156+00:00,DION_001,105250,-0.4724098743387222,SIMULATED,NORMAL
2026-06-17T18:32:43.434634+00:00,DION_001,105251,-0.55333171632829,SIMULATED,NORMAL
2026-06-17T18:32:43.445577+00:00,DION_001,105252,-0.3160252461318827,SIMULATED,NORMAL
2026-06-17T18:32:43.456506+00:00,DION_001,105253,-0.037282436806808206,SIMULATED,NORMAL
2026-06-17T18:32:43.467588+00:00,DION_001,105254,-0.23879728942281972,SIMULATED,NORMAL
2026-06-17T18:32:43.478529+00:00,DION_001,105255,-0.30040240463005335,SIMULATED,NORMAL
2026-06-17T18:32:43.489590+00:00,DION_001,105256,-0.3143781382655747,SIMULATED,NORMAL
2026-06-17T18:32:43.500507+00:00,DION_001,105257,0.0021683303773455676,SIMULATED,NORMAL
2026-06-17T18:32:43.511601+00:00,DION_001,105258,0.06210910755550139,SIMULATED,NORMAL
2026-06-17T18:32:43.522722+00:00,DION_001,105259,-0.5260096170260158,SIMULATED,NORMAL
2026-06-17T18:32:43.533644+00:00,DION_001,105260,-0.24066736807899242,SIMULATED,NORMAL
2026-06-17T18:32:43.544180+00:00,DION_001,105261,-0.5320138182153608,SIMULATED,NORMAL
2026-06-17T18:32:43.555112+00:00,DION_001,105262,-0.13090825271213727,SIMULATED,NORMAL
2026-06-17T18:32:43.566096+00:00,DION_001,105263,-0.17119424769560793,SIMULATED,NORMAL
2026-06-17T18:32:43.576725+00:00,DION_001,105264,0.11267386955605957,SIMULATED,NORMAL
2026-06-17T18:32:43.587664+00:00,DION_001,105265,-0.20676153785634388,SIMULATED,NORMAL
2026-06-17T18:32:43.598560+00:00,DION_001,105266,-0.07171733598356415,SIMULATED,NORMAL
2026-06-17T18:32:43.609520+00:00,DION_001,105267,-0.1214415342414605,SIMULATED,NORMAL
2026-06-17T18:32:43.620468+00:00,DION_001,105268,0.07686817289532324,SIMULATED,NORMAL
2026-06-17T18:32:43.631520+00:00,DION_001,105269,-0.17749360903662084,SIMULATED,NORMAL
2026-06-17T18:32:43.642540+00:00,DION_001,105270,-0.35566404310517186,SIMULATED,NORMAL
2026-06-17T18:32:43.653542+00:00,DION_001,105271,-0.0326426515579106,SIMULATED,NORMAL
2026-06-17T18:32:43.664692+00:00,DION_001,105272,-0.28636356280894054,SIMULATED,NORMAL
2026-06-17T18:32:43.675646+00:00,DION_001,105273,-0.01963316196469414,SIMULATED,NORMAL
2026-06-17T18:32:43.686336+00:00,DION_001,105274,-0.2698372302125619,SIMULATED,NORMAL
2026-06-17T18:32:43.697247+00:00,DION_001,105275,-0.16011989351212136,SIMULATED,NORMAL
2026-06-17T18:32:43.708236+00:00,DION_001,105276,-0.2701741004291726,SIMULATED,NORMAL
2026-06-17T18:32:43.719185+00:00,DION_001,105277,-0.40335672082831914,SIMULATED,NORMAL
2026-06-17T18:32:43.730105+00:00,DION_001,105278,-0.21584239920508336,SIMULATED,NORMAL
2026-06-17T18:32:43.741056+00:00,DION_001,105279,-0.27720450267789476,SIMULATED,NORMAL
2026-06-17T18:32:43.751999+00:00,DION_001,105280,-0.23496353267838754,SIMULATED,NORMAL
2026-06-17T18:32:43.762719+00:00,DION_001,105281,-0.41096719313620234,SIMULATED,NORMAL
2026-06-17T18:32:43.773716+00:00,DION_001,105282,-0.27340778687733047,SIMULATED,NORMAL
2026-06-17T18:32:43.784747+00:00,DION_001,105283,-0.5509875916212703,SIMULATED,NORMAL
2026-06-17T18:32:43.795496+00:00,DION_001,105284,-0.47492071478275466,SIMULATED,NORMAL
2026-06-17T18:32:43.806109+00:00,DION_001,105285,-0.4794543654114477,SIMULATED,NORMAL
2026-06-17T18:32:43.816697+00:00,DION_001,105286,-0.2933731353467142,SIMULATED,NORMAL
2026-06-17T18:32:43.827641+00:00,DION_001,105287,-0.6998346765718411,SIMULATED,NORMAL
2026-06-17T18:32:43.838581+00:00,DION_001,105288,-0.6006043198809246,SIMULATED,NORMAL
2026-06-17T18:32:43.849550+00:00,DION_001,105289,-0.6271898619133336,SIMULATED,NORMAL
2026-06-17T18:32:43.860664+00:00,DION_001,105290,-0.45618243857205437,SIMULATED,NORMAL
2026-06-17T18:32:43.871586+00:00,DION_001,105291,-0.4652737502791291,SIMULATED,NORMAL
2026-06-17T18:32:43.882584+00:00,DION_001,105292,-0.5949065354500201,SIMULATED,NORMAL
2026-06-17T18:32:43.893576+00:00,DION_001,105293,-0.368844265563672,SIMULATED,NORMAL
2026-06-17T18:32:43.904147+00:00,DION_001,105294,-0.5175146822916995,SIMULATED,NORMAL
2026-06-17T18:32:43.915111+00:00,DION_001,105295,-0.5392650586053348,SIMULATED,NORMAL
2026-06-17T18:32:43.926089+00:00,DION_001,105296,-0.36575912993558046,SIMULATED,NORMAL
2026-06-17T18:32:43.936772+00:00,DION_001,105297,-0.3997695244611903,SIMULATED,NORMAL
2026-06-17T18:32:43.947724+00:00,DION_001,105298,-0.19242142876126128,SIMULATED,NORMAL
2026-06-17T18:32:43.958692+00:00,DION_001,105299,-0.4925069383804036,SIMULATED,NORMAL
2026-06-17T18:32:43.969638+00:00,DION_001,105300,-0.23498117314415712,SIMULATED,NORMAL
2026-06-17T18:32:43.980719+00:00,DION_001,105301,-0.41085625335410403,SIMULATED,NORMAL
2026-06-17T18:32:43.991661+00:00,DION_001,105302,-0.5719623423175624,SIMULATED,NORMAL
2026-06-17T18:32:44.002666+00:00,DION_001,105303,-0.7037343119216777,SIMULATED,NORMAL
2026-06-17T18:32:44.013286+00:00,DION_001,105304,-0.18363731940799408,SIMULATED,NORMAL
2026-06-17T18:32:44.024274+00:00,DION_001,105305,-0.31161517549708767,SIMULATED,NORMAL
2026-06-17T18:32:44.034831+00:00,DION_001,105306,-0.19643779310090248,SIMULATED,NORMAL
2026-06-17T18:32:44.045499+00:00,DION_001,105307,-0.19276394536431335,SIMULATED,NORMAL
2026-06-17T18:32:44.056089+00:00,DION_001,105308,-0.2261967255151154,SIMULATED,NORMAL
2026-06-17T18:32:44.066596+00:00,DION_001,105309,-0.24876058196770967,SIMULATED,NORMAL
2026-06-17T18:32:44.077034+00:00,DION_001,105310,-0.0704571942337425,SIMULATED,NORMAL
2026-06-17T18:32:44.087534+00:00,DION_001,105311,-0.2232414860804573,SIMULATED,NORMAL
2026-06-17T18:32:44.097967+00:00,DION_001,105312,-0.32737170883547223,SIMULATED,NORMAL
2026-06-17T18:32:44.108246+00:00,DION_001,105313,-0.241808834353971,SIMULATED,NORMAL
2026-06-17T18:32:44.118505+00:00,DION_001,105314,0.2413197168055713,SIMULATED,NORMAL
2026-06-17T18:32:44.128771+00:00,DION_001,105315,0.38705292938187963,SIMULATED,NORMAL
2026-06-17T18:32:44.139097+00:00,DION_001,105316,-0.026809083690626317,SIMULATED,NORMAL
2026-06-17T18:32:44.150208+00:00,DION_001,105317,0.12130010243258574,SIMULATED,NORMAL
2026-06-17T18:32:44.160845+00:00,DION_001,105318,0.347002749524172,SIMULATED,NORMAL
2026-06-17T18:32:44.171419+00:00,DION_001,105319,0.24566512530028367,SIMULATED,NORMAL
2026-06-17T18:32:44.181974+00:00,DION_001,105320,0.27129603834461985,SIMULATED,NORMAL
2026-06-17T18:32:44.192436+00:00,DION_001,105321,0.3201741432489229,SIMULATED,NORMAL
2026-06-17T18:32:44.203066+00:00,DION_001,105322,0.4084924328218342,SIMULATED,NORMAL
2026-06-17T18:32:44.213700+00:00,DION_001,105323,0.30700074046111403,SIMULATED,NORMAL
2026-06-17T18:32:44.224273+00:00,DION_001,105324,0.6033162958661439,SIMULATED,NORMAL
2026-06-17T18:32:44.234927+00:00,DION_001,105325,0.5844378216781867,SIMULATED,NORMAL
2026-06-17T18:32:44.245501+00:00,DION_001,105326,0.5568798661758013,SIMULATED,NORMAL
2026-06-17T18:32:44.256071+00:00,DION_001,105327,0.7786070350854524,SIMULATED,NORMAL
2026-06-17T18:32:44.266675+00:00,DION_001,105328,0.3739380114654541,SIMULATED,NORMAL
2026-06-17T18:32:44.277176+00:00,DION_001,105329,0.7260453487742006,SIMULATED,NORMAL
2026-06-17T18:32:44.287761+00:00,DION_001,105330,0.6424892065432197,SIMULATED,NORMAL
2026-06-17T18:32:44.298265+00:00,DION_001,105331,0.7932617532370646,SIMULATED,NORMAL
2026-06-17T18:32:44.308709+00:00,DION_001,105332,0.7809439095868226,SIMULATED,NORMAL
2026-06-17T18:32:44.319181+00:00,DION_001,105333,0.8274735323860426,SIMULATED,NORMAL
2026-06-17T18:32:44.329757+00:00,DION_001,105334,0.5374544973364687,SIMULATED,NORMAL
2026-06-17T18:32:44.340330+00:00,DION_001,105335,0.7310986035912524,SIMULATED,NORMAL
2026-06-17T18:32:44.351000+00:00,DION_001,105336,0.9191287317878348,SIMULATED,NORMAL
2026-06-17T18:32:44.361584+00:00,DION_001,105337,1.0463683034457434,SIMULATED,NORMAL
2026-06-17T18:32:44.372138+00:00,DION_001,105338,0.8232295616602534,SIMULATED,NORMAL
2026-06-17T18:32:44.382728+00:00,DION_001,105339,0.9763584594372184,SIMULATED,NORMAL
2026-06-17T18:32:44.393308+00:00,DION_001,105340,0.8126496358826871,SIMULATED,NORMAL
2026-06-17T18:32:44.403844+00:00,DION_001,105341,0.6340979111907815,SIMULATED,NORMAL
2026-06-17T18:32:44.414773+00:00,DION_001,105342,0.8616284653786331,SIMULATED,NORMAL
2026-06-17T18:32:44.425376+00:00,DION_001,105343,0.8978427058281695,SIMULATED,NORMAL
2026-06-17T18:32:44.435981+00:00,DION_001,105344,1.1437091807882236,SIMULATED,NORMAL
2026-06-17T18:32:44.446572+00:00,DION_001,105345,0.8468510554452612,SIMULATED,NORMAL
2026-06-17T18:32:44.457162+00:00,DION_001,105346,1.1219943055360062,SIMULATED,NORMAL
2026-06-17T18:32:44.467733+00:00,DION_001,105347,0.7803392824569794,SIMULATED,NORMAL
2026-06-17T18:32:44.478377+00:00,DION_001,105348,0.9888860085305399,SIMULATED,NORMAL
2026-06-17T18:32:44.488966+00:00,DION_001,105349,0.8267054437130185,SIMULATED,NORMAL
2026-06-17T18:32:44.499559+00:00,DION_001,105350,0.822900646551345,SIMULATED,NORMAL
2026-06-17T18:32:44.510509+00:00,DION_001,105351,0.5462800356420477,SIMULATED,NORMAL
2026-06-17T18:32:44.521415+00:00,DION_001,105352,0.651454668289033,SIMULATED,NORMAL
2026-06-17T18:32:44.532330+00:00,DION_001,105353,0.7120639029314091,SIMULATED,NORMAL
2026-06-17T18:32:44.543407+00:00,DION_001,105354,0.5823386279244521,SIMULATED,NORMAL
2026-06-17T18:32:44.554394+00:00,DION_001,105355,0.8156158717429014,SIMULATED,NORMAL
2026-06-17T18:32:44.565323+00:00,DION_001,105356,0.8939531151719796,SIMULATED,NORMAL
2026-06-17T18:32:44.576461+00:00,DION_001,105357,0.7210752389301883,SIMULATED,NORMAL
2026-06-17T18:32:44.587633+00:00,DION_001,105358,0.6015106099501508,SIMULATED,NORMAL
2026-06-17T18:32:44.598578+00:00,DION_001,105359,0.4864029560612808,SIMULATED,NORMAL
2026-06-17T18:32:44.609273+00:00,DION_001,105360,0.44020214780040334,SIMULATED,NORMAL
2026-06-17T18:32:44.620208+00:00,DION_001,105361,0.43222398597927564,SIMULATED,NORMAL
2026-06-17T18:32:44.631235+00:00,DION_001,105362,0.46164772086664263,SIMULATED,NORMAL
2026-06-17T18:32:44.642238+00:00,DION_001,105363,0.2847387111633689,SIMULATED,NORMAL
2026-06-17T18:32:44.653194+00:00,DION_001,105364,0.14796135572562935,SIMULATED,NORMAL
2026-06-17T18:32:44.664195+00:00,DION_001,105365,0.5066024809374597,SIMULATED,NORMAL
2026-06-17T18:32:44.675144+00:00,DION_001,105366,0.39281692796683293,SIMULATED,NORMAL
2026-06-17T18:32:44.685742+00:00,DION_001,105367,0.3818635196112407,SIMULATED,NORMAL
2026-06-17T18:32:44.696689+00:00,DION_001,105368,0.3379572627679861,SIMULATED,NORMAL
2026-06-17T18:32:44.707653+00:00,DION_001,105369,0.44483853999670897,SIMULATED,NORMAL
2026-06-17T18:32:44.718567+00:00,DION_001,105370,0.13532347648016346,SIMULATED,NORMAL
2026-06-17T18:32:44.729524+00:00,DION_001,105371,0.5357243053645607,SIMULATED,NORMAL
2026-06-17T18:32:44.740480+00:00,DION_001,105372,0.5138517452290339,SIMULATED,NORMAL
2026-06-17T18:32:44.751613+00:00,DION_001,105373,0.09757535292370645,SIMULATED,NORMAL
2026-06-17T18:32:44.762547+00:00,DION_001,105374,0.32299881348205156,SIMULATED,NORMAL
2026-06-17T18:32:44.773620+00:00,DION_001,105375,0.3905678813888189,SIMULATED,NORMAL
2026-06-17T18:32:44.784310+00:00,DION_001,105376,0.31761341315211195,SIMULATED,NORMAL
2026-06-17T18:32:44.795089+00:00,DION_001,105377,0.07173851749517446,SIMULATED,NORMAL
2026-06-17T18:32:44.805693+00:00,DION_001,105378,0.4750756344793663,SIMULATED,NORMAL
2026-06-17T18:32:44.816303+00:00,DION_001,105379,0.37512513698136113,SIMULATED,NORMAL
2026-06-17T18:32:44.827052+00:00,DION_001,105380,0.33687188898810727,SIMULATED,NORMAL
2026-06-17T18:32:44.838108+00:00,DION_001,105381,0.37027335909421233,SIMULATED,NORMAL
2026-06-17T18:32:44.848658+00:00,DION_001,105382,0.6192006310404032,SIMULATED,NORMAL
2026-06-17T18:32:44.859292+00:00,DION_001,105383,0.5475733075383087,SIMULATED,NORMAL
2026-06-17T18:32:44.869895+00:00,DION_001,105384,0.2909634091435064,SIMULATED,NORMAL
2026-06-17T18:32:44.880484+00:00,DION_001,105385,0.5136390482543013,SIMULATED,NORMAL
2026-06-17T18:32:44.891245+00:00,DION_001,105386,0.4279434661256696,SIMULATED,NORMAL
2026-06-17T18:32:44.901896+00:00,DION_001,105387,0.4901692003840914,SIMULATED,NORMAL
2026-06-17T18:32:44.912515+00:00,DION_001,105388,0.42234224873994375,SIMULATED,NORMAL
2026-06-17T18:32:44.923279+00:00,DION_001,105389,0.684338749200718,SIMULATED,NORMAL
2026-06-17T18:32:44.933882+00:00,DION_001,105390,0.6279552270280033,SIMULATED,NORMAL
2026-06-17T18:32:44.944729+00:00,DION_001,105391,2.154075259835474,SIMULATED,EVENT_DETECTED
2026-06-17T18:32:44.955801+00:00,DION_001,105392,0.5049091301578301,SIMULATED,NORMAL
2026-06-17T18:32:44.966357+00:00,DION_001,105393,0.7951948185650203,SIMULATED,NORMAL
2026-06-17T18:32:44.976943+00:00,DION_001,105394,0.7497012485856347,SIMULATED,NORMAL
2026-06-17T18:32:44.987624+00:00,DION_001,105395,0.8642753384109394,SIMULATED,NORMAL
2026-06-17T18:32:44.998296+00:00,DION_001,105396,1.0879035548452478,SIMULATED,NORMAL
2026-06-17T18:32:45.009215+00:00,DION_001,105397,1.1131440208792254,SIMULATED,NORMAL
2026-06-17T18:32:45.020198+00:00,DION_001,105398,0.7459876357819197,SIMULATED,NORMAL
2026-06-17T18:32:45.030774+00:00,DION_001,105399,0.8466498259613516,SIMULATED,NORMAL
2026-06-17T18:32:45.041696+00:00,DION_001,105400,0.912893275049384,SIMULATED,NORMAL
2026-06-17T18:32:45.052652+00:00,DION_001,105401,0.9238228781190222,SIMULATED,NORMAL
2026-06-17T18:32:45.063287+00:00,DION_001,105402,1.1612889726028368,SIMULATED,NORMAL
2026-06-17T18:32:45.073853+00:00,DION_001,105403,1.0842698490992624,SIMULATED,NORMAL
2026-06-17T18:32:45.084851+00:00,DION_001,105404,0.7702469673952723,SIMULATED,NORMAL
2026-06-17T18:32:45.095882+00:00,DION_001,105405,0.913859169926366,SIMULATED,NORMAL
2026-06-17T18:32:45.106539+00:00,DION_001,105406,1.089820628064614,SIMULATED,NORMAL
2026-06-17T18:32:45.117487+00:00,DION_001,105407,0.9898127361104962,SIMULATED,NORMAL
2026-06-17T18:32:45.128008+00:00,DION_001,105408,1.2432107153415717,SIMULATED,NORMAL
2026-06-17T18:32:45.138425+00:00,DION_001,105409,1.0557443118732117,SIMULATED,NORMAL
2026-06-17T18:32:45.148997+00:00,DION_001,105410,1.215802621140895,SIMULATED,NORMAL
2026-06-17T18:32:45.159487+00:00,DION_001,105411,1.1841483422255885,SIMULATED,NORMAL
2026-06-17T18:32:45.169939+00:00,DION_001,105412,1.1063568280948466,SIMULATED,NORMAL
2026-06-17T18:32:45.180371+00:00,DION_001,105413,1.1952794903357997,SIMULATED,NORMAL
2026-06-17T18:32:45.190732+00:00,DION_001,105414,0.9913185173045194,SIMULATED,NORMAL
2026-06-17T18:32:45.201227+00:00,DION_001,105415,1.143453967750083,SIMULATED,NORMAL
2026-06-17T18:32:45.211557+00:00,DION_001,105416,0.9519069192548519,SIMULATED,NORMAL
2026-06-17T18:32:45.222493+00:00,DION_001,105417,1.0866655466970712,SIMULATED,NORMAL
2026-06-17T18:32:45.233066+00:00,DION_001,105418,0.6144647850734984,SIMULATED,NORMAL
2026-06-17T18:32:45.243840+00:00,DION_001,105419,1.1538540040586274,SIMULATED,NORMAL
2026-06-17T18:32:45.254667+00:00,DION_001,105420,1.12419115852248,SIMULATED,NORMAL
2026-06-17T18:32:45.265407+00:00,DION_001,105421,2.70782118504558,SIMULATED,EVENT_DETECTED
2026-06-17T18:32:45.276699+00:00,DION_001,105422,0.7598086528807391,SIMULATED,NORMAL
2026-06-17T18:32:45.287398+00:00,DION_001,105423,1.124207891582177,SIMULATED,NORMAL
2026-06-17T18:32:45.297834+00:00,DION_001,105424,0.7215423390147897,SIMULATED,NORMAL
2026-06-17T18:32:45.308784+00:00,DION_001,105425,0.820024384260402,SIMULATED,NORMAL
2026-06-17T18:32:45.319543+00:00,DION_001,105426,0.9854668871672307,SIMULATED,NORMAL
2026-06-17T18:32:45.330125+00:00,DION_001,105427,1.0926978709628736,SIMULATED,NORMAL
2026-06-17T18:32:45.340775+00:00,DION_001,105428,0.7153970971038784,SIMULATED,NORMAL
2026-06-17T18:32:45.351459+00:00,DION_001,105429,1.2936082892287915,SIMULATED,NORMAL
2026-06-17T18:32:45.362157+00:00,DION_001,105430,0.5718519002771634,SIMULATED,NORMAL
2026-06-17T18:32:45.372683+00:00,DION_001,105431,0.990341819037508,SIMULATED,NORMAL
2026-06-17T18:32:45.383608+00:00,DION_001,105432,0.7990908886774809,SIMULATED,NORMAL
2026-06-17T18:32:45.394331+00:00,DION_001,105433,0.4841106746417769,SIMULATED,NORMAL
2026-06-17T18:32:45.404906+00:00,DION_001,105434,0.7386750898110637,SIMULATED,NORMAL
2026-06-17T18:32:45.415449+00:00,DION_001,105435,0.5280418088931055,SIMULATED,NORMAL
2026-06-17T18:32:45.426152+00:00,DION_001,105436,0.6288326473061266,SIMULATED,NORMAL
2026-06-17T18:32:45.436706+00:00,DION_001,105437,0.55267810026854,SIMULATED,NORMAL
2026-06-17T18:32:45.447304+00:00,DION_001,105438,0.5623704606031339,SIMULATED,NORMAL
2026-06-17T18:32:45.457979+00:00,DION_001,105439,0.6606260812477847,SIMULATED,NORMAL
2026-06-17T18:32:45.468688+00:00,DION_001,105440,0.513076741728449,SIMULATED,NORMAL
2026-06-17T18:32:45.479310+00:00,DION_001,105441,0.27168180888004156,SIMULATED,NORMAL
2026-06-17T18:32:45.489932+00:00,DION_001,105442,0.2937254064204123,SIMULATED,NORMAL
2026-06-17T18:32:45.500716+00:00,DION_001,105443,0.5565892513473657,SIMULATED,NORMAL
2026-06-17T18:32:45.511346+00:00,DION_001,105444,0.28098835616807877,SIMULATED,NORMAL
2026-06-17T18:32:45.521956+00:00,DION_001,105445,0.44661816846114744,SIMULATED,NORMAL
2026-06-17T18:32:45.532669+00:00,DION_001,105446,0.39389733312401987,SIMULATED,NORMAL
2026-06-17T18:32:45.543294+00:00,DION_001,105447,0.07928010289627113,SIMULATED,NORMAL
2026-06-17T18:32:45.553911+00:00,DION_001,105448,0.15293841247099693,SIMULATED,NORMAL
2026-06-17T18:32:45.564682+00:00,DION_001,105449,0.15929692504323242,SIMULATED,NORMAL
2026-06-17T18:32:45.575289+00:00,DION_001,105450,0.020389381012311372,SIMULATED,NORMAL
2026-06-17T18:32:45.586192+00:00,DION_001,105451,0.1627827591521445,SIMULATED,NORMAL
2026-06-17T18:32:45.596839+00:00,DION_001,105452,0.015751776154076816,SIMULATED,NORMAL
2026-06-17T18:32:45.607517+00:00,DION_001,105453,0.14087426864812558,SIMULATED,NORMAL
2026-06-17T18:32:45.618465+00:00,DION_001,105454,-0.10668657549146274,SIMULATED,NORMAL
2026-06-17T18:32:45.629459+00:00,DION_001,105455,-0.09725596209074455,SIMULATED,NORMAL
2026-06-17T18:32:45.639976+00:00,DION_001,105456,-0.01903126674645044,SIMULATED,NORMAL
2026-06-17T18:32:45.650881+00:00,DION_001,105457,-0.19737745032406587,SIMULATED,NORMAL
2026-06-17T18:32:45.661832+00:00,DION_001,105458,0.1377997522196508,SIMULATED,NORMAL
2026-06-17T18:32:45.672756+00:00,DION_001,105459,-0.15849106301398447,SIMULATED,NORMAL
2026-06-17T18:32:45.683721+00:00,DION_001,105460,-0.044769182947716424,SIMULATED,NORMAL
2026-06-17T18:32:45.694752+00:00,DION_001,105461,0.31723399143368897,SIMULATED,NORMAL
2026-06-17T18:32:45.705680+00:00,DION_001,105462,-0.15277310489063056,SIMULATED,NORMAL
2026-06-17T18:32:45.716328+00:00,DION_001,105463,0.11525460332681195,SIMULATED,NORMAL
2026-06-17T18:32:45.727413+00:00,DION_001,105464,-0.058663055500370584,SIMULATED,NORMAL
2026-06-17T18:32:45.738346+00:00,DION_001,105465,0.3894586344310195,SIMULATED,NORMAL
2026-06-17T18:32:45.749226+00:00,DION_001,105466,0.08554146443960794,SIMULATED,NORMAL
2026-06-17T18:32:45.760391+00:00,DION_001,105467,0.2842515291313209,SIMULATED,NORMAL
2026-06-17T18:32:45.771487+00:00,DION_001,105468,-0.0634529761630497,SIMULATED,NORMAL
2026-06-17T18:32:45.782405+00:00,DION_001,105469,0.08330349964232805,SIMULATED,NORMAL
2026-06-17T18:32:45.793328+00:00,DION_001,105470,0.23551080134707653,SIMULATED,NORMAL
2026-06-17T18:32:45.804322+00:00,DION_001,105471,0.17005700589376305,SIMULATED,NORMAL
2026-06-17T18:32:45.815459+00:00,DION_001,105472,0.2862558784264616,SIMULATED,NORMAL
2026-06-17T18:32:45.826037+00:00,DION_001,105473,0.051419300458031114,SIMULATED,NORMAL
2026-06-17T18:32:45.837092+00:00,DION_001,105474,0.2416333360610136,SIMULATED,NORMAL
2026-06-17T18:32:45.848023+00:00,DION_001,105475,0.029568137357114388,SIMULATED,NORMAL
2026-06-17T18:32:45.858610+00:00,DION_001,105476,0.08155217081306138,SIMULATED,NORMAL
2026-06-17T18:32:45.869267+00:00,DION_001,105477,0.47770087968506325,SIMULATED,NORMAL
2026-06-17T18:32:45.880210+00:00,DION_001,105478,0.3110352400537807,SIMULATED,NORMAL
2026-06-17T18:32:45.891174+00:00,DION_001,105479,0.15380643388832912,SIMULATED,NORMAL
2026-06-17T18:32:45.902133+00:00,DION_001,105480,0.3895907176551888,SIMULATED,NORMAL
2026-06-17T18:32:45.913046+00:00,DION_001,105481,2.840079451610215,SIMULATED,EVENT_DETECTED
2026-06-17T18:32:45.924224+00:00,DION_001,105482,0.5094534671637,SIMULATED,NORMAL
2026-06-17T18:32:45.935343+00:00,DION_001,105483,0.46281819273297886,SIMULATED,NORMAL
2026-06-17T18:32:45.946317+00:00,DION_001,105484,0.32453178586299386,SIMULATED,NORMAL
2026-06-17T18:32:45.957309+00:00,DION_001,105485,0.3800891979139149,SIMULATED,NORMAL
2026-06-17T18:32:45.967989+00:00,DION_001,105486,0.42241782276181966,SIMULATED,NORMAL
2026-06-17T18:32:45.978927+00:00,DION_001,105487,0.029325105680402197,SIMULATED,NORMAL
2026-06-17T18:32:45.989875+00:00,DION_001,105488,0.1905683173286364,SIMULATED,NORMAL
2026-06-17T18:32:46.000841+00:00,DION_001,105489,0.40119584021045923,SIMULATED,NORMAL
2026-06-17T18:32:46.011798+00:00,DION_001,105490,0.531833212366604,SIMULATED,NORMAL
2026-06-17T18:32:46.023005+00:00,DION_001,105491,0.2861369375462125,SIMULATED,NORMAL
2026-06-17T18:32:46.033976+00:00,DION_001,105492,0.07397566107228987,SIMULATED,NORMAL
2026-06-17T18:32:46.044699+00:00,DION_001,105493,0.31981333105238147,SIMULATED,NORMAL
2026-06-17T18:32:46.055638+00:00,DION_001,105494,0.3973735663532262,SIMULATED,NORMAL
2026-06-17T18:32:46.066770+00:00,DION_001,105495,0.4325436472541583,SIMULATED,NORMAL
2026-06-17T18:32:46.077404+00:00,DION_001,105496,0.23680007473028247,SIMULATED,NORMAL
2026-06-17T18:32:46.088339+00:00,DION_001,105497,0.19048725525332721,SIMULATED,NORMAL
2026-06-17T18:32:46.099454+00:00,DION_001,105498,0.0795195189086777,SIMULATED,NORMAL
2026-06-17T18:32:46.110442+00:00,DION_001,105499,0.242399943504839,SIMULATED,NORMAL
2026-06-17T18:32:46.121356+00:00,DION_001,105500,0.16096102764815395,SIMULATED,NORMAL
2026-06-17T18:32:46.132322+00:00,DION_001,105501,0.06294816171985797,SIMULATED,NORMAL
2026-06-17T18:32:46.143377+00:00,DION_001,105502,0.2675643359676383,SIMULATED,NORMAL
2026-06-17T18:32:46.153893+00:00,DION_001,105503,-0.08077286366434788,SIMULATED,NORMAL
2026-06-17T18:32:46.164825+00:00,DION_001,105504,0.11617584623043978,SIMULATED,NORMAL
2026-06-17T18:32:46.175781+00:00,DION_001,105505,0.07847936712712242,SIMULATED,NORMAL
2026-06-17T18:32:46.186417+00:00,DION_001,105506,0.07454505017762215,SIMULATED,NORMAL
2026-06-17T18:32:46.197328+00:00,DION_001,105507,-0.11107793176885898,SIMULATED,NORMAL
2026-06-17T18:32:46.208284+00:00,DION_001,105508,0.06835012545850391,SIMULATED,NORMAL
2026-06-17T18:32:46.219036+00:00,DION_001,105509,-0.2939443095549443,SIMULATED,NORMAL
2026-06-17T18:32:46.229530+00:00,DION_001,105510,-0.3582838748400092,SIMULATED,NORMAL
2026-06-17T18:32:46.239945+00:00,DION_001,105511,-0.16474413040911684,SIMULATED,NORMAL
2026-06-17T18:32:46.250376+00:00,DION_001,105512,-0.07825172720597615,SIMULATED,NORMAL
2026-06-17T18:32:46.260889+00:00,DION_001,105513,-0.5975569192037876,SIMULATED,NORMAL
2026-06-17T18:32:46.271347+00:00,DION_001,105514,-0.22131081524455223,SIMULATED,NORMAL
2026-06-17T18:32:46.281769+00:00,DION_001,105515,-0.21902928299425042,SIMULATED,NORMAL
2026-06-17T18:32:46.292324+00:00,DION_001,105516,-0.5183172361206991,SIMULATED,NORMAL
2026-06-17T18:32:46.302799+00:00,DION_001,105517,-0.4979398783637257,SIMULATED,NORMAL
2026-06-17T18:32:46.313042+00:00,DION_001,105518,-0.6445365829328075,SIMULATED,NORMAL
2026-06-17T18:32:46.323788+00:00,DION_001,105519,-0.5798621070129286,SIMULATED,NORMAL
2026-06-17T18:32:46.334272+00:00,DION_001,105520,-0.4974138077252134,SIMULATED,NORMAL
2026-06-17T18:32:46.344885+00:00,DION_001,105521,-0.651463055586488,SIMULATED,NORMAL
2026-06-17T18:32:46.355556+00:00,DION_001,105522,-0.6279306837970515,SIMULATED,NORMAL
2026-06-17T18:32:46.366410+00:00,DION_001,105523,-0.9743306712169446,SIMULATED,NORMAL
2026-06-17T18:32:46.376953+00:00,DION_001,105524,-0.7610928039378245,SIMULATED,NORMAL
2026-06-17T18:32:46.387379+00:00,DION_001,105525,-0.6963581135276516,SIMULATED,NORMAL
2026-06-17T18:32:46.398364+00:00,DION_001,105526,-0.9051820961775594,SIMULATED,NORMAL
2026-06-17T18:32:46.409259+00:00,DION_001,105527,-0.832906991705549,SIMULATED,NORMAL
2026-06-17T18:32:46.419840+00:00,DION_001,105528,-0.8217498109045565,SIMULATED,NORMAL
2026-06-17T18:32:46.430775+00:00,DION_001,105529,-0.806585540236293,SIMULATED,NORMAL
2026-06-17T18:32:46.441708+00:00,DION_001,105530,-0.7828413888590628,SIMULATED,NORMAL
2026-06-17T18:32:46.452645+00:00,DION_001,105531,-0.871764554740464,SIMULATED,NORMAL
2026-06-17T18:32:46.463588+00:00,DION_001,105532,-1.079241879982374,SIMULATED,NORMAL
2026-06-17T18:32:46.474714+00:00,DION_001,105533,-0.8418490229400097,SIMULATED,NORMAL
2026-06-17T18:32:46.485785+00:00,DION_001,105534,-1.0735291086096155,SIMULATED,NORMAL
2026-06-17T18:32:46.496763+00:00,DION_001,105535,-0.8419111136814501,SIMULATED,NORMAL
2026-06-17T18:32:46.507678+00:00,DION_001,105536,-0.9951942738149369,SIMULATED,NORMAL
2026-06-17T18:32:46.518633+00:00,DION_001,105537,-0.5922244106156072,SIMULATED,NORMAL
2026-06-17T18:32:46.529229+00:00,DION_001,105538,-0.946141239839333,SIMULATED,NORMAL
2026-06-17T18:32:46.540333+00:00,DION_001,105539,-1.2110071708031225,SIMULATED,NORMAL
2026-06-17T18:32:46.551426+00:00,DION_001,105540,-0.9945097039594795,SIMULATED,NORMAL
2026-06-17T18:32:46.562389+00:00,DION_001,105541,-0.8801961846604249,SIMULATED,NORMAL
2026-06-17T18:32:46.573352+00:00,DION_001,105542,-0.9789356032243455,SIMULATED,NORMAL
2026-06-17T18:32:46.583933+00:00,DION_001,105543,-1.041240760077659,SIMULATED,NORMAL
2026-06-17T18:32:46.594490+00:00,DION_001,105544,-0.6572052292008869,SIMULATED,NORMAL
2026-06-17T18:32:46.604964+00:00,DION_001,105545,-0.6593814416634407,SIMULATED,NORMAL
2026-06-17T18:32:46.615687+00:00,DION_001,105546,-0.6530429768318026,SIMULATED,NORMAL
2026-06-17T18:32:46.626303+00:00,DION_001,105547,-0.7414327439814428,SIMULATED,NORMAL
2026-06-17T18:32:46.636979+00:00,DION_001,105548,-0.8163886134965489,SIMULATED,NORMAL
2026-06-17T18:32:46.647573+00:00,DION_001,105549,-0.7399979997419174,SIMULATED,NORMAL
2026-06-17T18:32:46.658203+00:00,DION_001,105550,-0.7269592361204265,SIMULATED,NORMAL
2026-06-17T18:32:46.668805+00:00,DION_001,105551,-0.7663755198408653,SIMULATED,NORMAL
2026-06-17T18:32:46.679412+00:00,DION_001,105552,-0.38641083069816423,SIMULATED,NORMAL
2026-06-17T18:32:46.689998+00:00,DION_001,105553,-0.4342739975708878,SIMULATED,NORMAL
2026-06-17T18:32:46.700734+00:00,DION_001,105554,-0.4036612091716133,SIMULATED,NORMAL
2026-06-17T18:32:46.711500+00:00,DION_001,105555,-0.5917880557501537,SIMULATED,NORMAL
2026-06-17T18:32:46.722121+00:00,DION_001,105556,-0.6827902304693128,SIMULATED,NORMAL
2026-06-17T18:32:46.732854+00:00,DION_001,105557,-0.7430652704977638,SIMULATED,NORMAL
2026-06-17T18:32:46.743450+00:00,DION_001,105558,-0.5060622947431581,SIMULATED,NORMAL
2026-06-17T18:32:46.754068+00:00,DION_001,105559,-0.625597322604547,SIMULATED,NORMAL
2026-06-17T18:32:46.764684+00:00,DION_001,105560,-0.4598276830183163,SIMULATED,NORMAL
2026-06-17T18:32:46.775321+00:00,DION_001,105561,-0.11507983831975865,SIMULATED,NORMAL
2026-06-17T18:32:46.786002+00:00,DION_001,105562,-0.453030890596489,SIMULATED,NORMAL
2026-06-17T18:32:46.796661+00:00,DION_001,105563,-0.632694726336286,SIMULATED,NORMAL
2026-06-17T18:32:46.807330+00:00,DION_001,105564,-0.30318383838520013,SIMULATED,NORMAL
2026-06-17T18:32:46.817965+00:00,DION_001,105565,-0.3795908477161243,SIMULATED,NORMAL
2026-06-17T18:32:46.828885+00:00,DION_001,105566,-0.24544919196817638,SIMULATED,NORMAL
2026-06-17T18:32:46.839498+00:00,DION_001,105567,-0.32065221699361013,SIMULATED,NORMAL
2026-06-17T18:32:46.850223+00:00,DION_001,105568,-0.47944480003818357,SIMULATED,NORMAL
2026-06-17T18:32:46.860853+00:00,DION_001,105569,-0.39119409718254733,SIMULATED,NORMAL
2026-06-17T18:32:46.871456+00:00,DION_001,105570,-0.5295809093265837,SIMULATED,NORMAL
2026-06-17T18:32:46.882381+00:00,DION_001,105571,-0.5053076708968561,SIMULATED,NORMAL
2026-06-17T18:32:46.893306+00:00,DION_001,105572,-0.5548872229041659,SIMULATED,NORMAL
2026-06-17T18:32:46.903861+00:00,DION_001,105573,-0.18520170456403354,SIMULATED,NORMAL
2026-06-17T18:32:46.914782+00:00,DION_001,105574,-0.17483994846478454,SIMULATED,NORMAL
2026-06-17T18:32:46.925771+00:00,DION_001,105575,-0.29399807228142694,SIMULATED,NORMAL
2026-06-17T18:32:46.936701+00:00,DION_001,105576,-0.3839384169215175,SIMULATED,NORMAL
2026-06-17T18:32:46.947658+00:00,DION_001,105577,-0.5637045693815058,SIMULATED,NORMAL
2026-06-17T18:32:46.958651+00:00,DION_001,105578,-0.3309699774391769,SIMULATED,NORMAL
2026-06-17T18:32:46.969618+00:00,DION_001,105579,-0.47407394657356755,SIMULATED,NORMAL
2026-06-17T18:32:46.980693+00:00,DION_001,105580,-0.6058936551500385,SIMULATED,NORMAL
2026-06-17T18:32:46.991814+00:00,DION_001,105581,-0.3776251267940879,SIMULATED,NORMAL
2026-06-17T18:32:47.002755+00:00,DION_001,105582,-0.6218542795848567,SIMULATED,NORMAL
2026-06-17T18:32:47.013347+00:00,DION_001,105583,-0.8388662473058144,SIMULATED,NORMAL
2026-06-17T18:32:47.024267+00:00,DION_001,105584,-0.828931734717218,SIMULATED,NORMAL
2026-06-17T18:32:47.035284+00:00,DION_001,105585,-0.642873636717612,SIMULATED,NORMAL
2026-06-17T18:32:47.046333+00:00,DION_001,105586,-0.769264391819157,SIMULATED,NORMAL
2026-06-17T18:32:47.057266+00:00,DION_001,105587,-0.6755285869421549,SIMULATED,NORMAL
2026-06-17T18:32:47.068206+00:00,DION_001,105588,-1.0279279327168358,SIMULATED,NORMAL
2026-06-17T18:32:47.078913+00:00,DION_001,105589,-0.6887789092334631,SIMULATED,NORMAL
2026-06-17T18:32:47.089423+00:00,DION_001,105590,-0.8883753399722257,SIMULATED,NORMAL
2026-06-17T18:32:47.099904+00:00,DION_001,105591,-0.742374385942976,SIMULATED,NORMAL
2026-06-17T18:32:47.110799+00:00,DION_001,105592,-1.0016414142389536,SIMULATED,NORMAL
2026-06-17T18:32:47.121757+00:00,DION_001,105593,-0.8176841521305384,SIMULATED,NORMAL
2026-06-17T18:32:47.132715+00:00,DION_001,105594,-0.9638451367375838,SIMULATED,NORMAL
2026-06-17T18:32:47.143669+00:00,DION_001,105595,-0.9859302968744222,SIMULATED,NORMAL
2026-06-17T18:32:47.154260+00:00,DION_001,105596,-1.0297273078253713,SIMULATED,NORMAL
2026-06-17T18:32:47.165239+00:00,DION_001,105597,1.4137343781450928,SIMULATED,NORMAL
2026-06-17T18:32:47.176527+00:00,DION_001,105598,-1.028971652818259,SIMULATED,NORMAL
2026-06-17T18:32:47.187595+00:00,DION_001,105599,-0.9508676400799368,SIMULATED,NORMAL
2026-06-17T18:32:47.198678+00:00,DION_001,105600,-0.981632947250389,SIMULATED,NORMAL
2026-06-17T18:32:47.209610+00:00,DION_001,105601,-0.9295830284384426,SIMULATED,NORMAL
2026-06-17T18:32:47.220172+00:00,DION_001,105602,-1.2374099931956737,SIMULATED,NORMAL
2026-06-17T18:32:47.231166+00:00,DION_001,105603,-1.217899292275472,SIMULATED,NORMAL
2026-06-17T18:32:47.241777+00:00,DION_001,105604,-1.0828228624516965,SIMULATED,NORMAL
2026-06-17T18:32:47.252500+00:00,DION_001,105605,-1.2168923216005876,SIMULATED,NORMAL
2026-06-17T18:32:47.263339+00:00,DION_001,105606,-1.30857314712532,SIMULATED,NORMAL
2026-06-17T18:32:47.274272+00:00,DION_001,105607,-1.176410978624397,SIMULATED,NORMAL
2026-06-17T18:32:47.285308+00:00,DION_001,105608,-1.3982772281057987,SIMULATED,NORMAL
2026-06-17T18:32:47.298334+00:00,DION_001,105609,-1.126598231649776,SIMULATED,NORMAL
2026-06-17T18:32:47.308992+00:00,DION_001,105610,-1.21918325566245,SIMULATED,NORMAL
2026-06-17T18:32:47.319589+00:00,DION_001,105611,-0.856103779396825,SIMULATED,NORMAL
2026-06-17T18:32:47.330100+00:00,DION_001,105612,-1.2619803632779054,SIMULATED,NORMAL
2026-06-17T18:32:47.340742+00:00,DION_001,105613,-1.007037383184886,SIMULATED,NORMAL
2026-06-17T18:32:47.351406+00:00,DION_001,105614,-1.1127167668554274,SIMULATED,NORMAL
2026-06-17T18:32:47.361953+00:00,DION_001,105615,-1.1518303486327508,SIMULATED,NORMAL
2026-06-17T18:32:47.372427+00:00,DION_001,105616,-1.1766998305630234,SIMULATED,NORMAL
2026-06-17T18:32:47.383024+00:00,DION_001,105617,-0.8447006413980912,SIMULATED,NORMAL
2026-06-17T18:32:47.393322+00:00,DION_001,105618,-1.42968674840272,SIMULATED,NORMAL
2026-06-17T18:32:47.403567+00:00,DION_001,105619,-0.8631312232238622,SIMULATED,NORMAL
2026-06-17T18:32:47.413806+00:00,DION_001,105620,-0.7343528305735043,SIMULATED,NORMAL
2026-06-17T18:32:47.424215+00:00,DION_001,105621,-0.9967404372122945,SIMULATED,NORMAL
2026-06-17T18:32:47.434643+00:00,DION_001,105622,-0.8919162804733045,SIMULATED,NORMAL
2026-06-17T18:32:47.445123+00:00,DION_001,105623,-0.6890713412303632,SIMULATED,NORMAL
2026-06-17T18:32:47.455616+00:00,DION_001,105624,-0.8356999544974203,SIMULATED,NORMAL
2026-06-17T18:32:47.466312+00:00,DION_001,105625,-0.7186410455301568,SIMULATED,NORMAL
2026-06-17T18:32:47.477040+00:00,DION_001,105626,-0.3806004172697666,SIMULATED,NORMAL
2026-06-17T18:32:47.487732+00:00,DION_001,105627,-0.35429668421373156,SIMULATED,NORMAL
2026-06-17T18:32:47.498321+00:00,DION_001,105628,-0.5404679939888262,SIMULATED,NORMAL
2026-06-17T18:32:47.509196+00:00,DION_001,105629,-0.5855530389343384,SIMULATED,NORMAL
2026-06-17T18:32:47.520262+00:00,DION_001,105630,-0.6117988666689879,SIMULATED,NORMAL
2026-06-17T18:32:47.530906+00:00,DION_001,105631,-0.507941884285151,SIMULATED,NORMAL
2026-06-17T18:32:47.541796+00:00,DION_001,105632,-0.3851964453624713,SIMULATED,NORMAL
2026-06-17T18:32:47.552817+00:00,DION_001,105633,-0.36674588657890467,SIMULATED,NORMAL
2026-06-17T18:32:47.563752+00:00,DION_001,105634,0.0612501276561378,SIMULATED,NORMAL
2026-06-17T18:32:47.574664+00:00,DION_001,105635,-0.0677189886487046,SIMULATED,NORMAL
2026-06-17T18:32:47.585245+00:00,DION_001,105636,-0.21907591274045954,SIMULATED,NORMAL
2026-06-17T18:32:47.596191+00:00,DION_001,105637,0.10101561603189835,SIMULATED,NORMAL
2026-06-17T18:32:47.606736+00:00,DION_001,105638,-0.2354696987630078,SIMULATED,NORMAL
2026-06-17T18:32:47.617805+00:00,DION_001,105639,-0.23125634234187709,SIMULATED,NORMAL
2026-06-17T18:32:47.628715+00:00,DION_001,105640,-2.5569298543056633,SIMULATED,EVENT_DETECTED
2026-06-17T18:32:47.640007+00:00,DION_001,105641,-0.507641593371001,SIMULATED,NORMAL
2026-06-17T18:32:47.650922+00:00,DION_001,105642,0.19010751954288907,SIMULATED,NORMAL
2026-06-17T18:32:47.661979+00:00,DION_001,105643,0.14991938854846018,SIMULATED,NORMAL
2026-06-17T18:32:47.672914+00:00,DION_001,105644,0.17550629527904488,SIMULATED,NORMAL
2026-06-17T18:32:47.683924+00:00,DION_001,105645,0.32799550098871005,SIMULATED,NORMAL
2026-06-17T18:32:47.694905+00:00,DION_001,105646,0.3534717008415231,SIMULATED,NORMAL
2026-06-17T18:32:47.705847+00:00,DION_001,105647,-0.2101434868705454,SIMULATED,NORMAL
2026-06-17T18:32:47.716396+00:00,DION_001,105648,-0.17711959146763478,SIMULATED,NORMAL
2026-06-17T18:32:47.727456+00:00,DION_001,105649,0.2912739523588812,SIMULATED,NORMAL
2026-06-17T18:32:47.738421+00:00,DION_001,105650,0.20103654326973847,SIMULATED,NORMAL
2026-06-17T18:32:47.748928+00:00,DION_001,105651,0.2145293199272305,SIMULATED,NORMAL
2026-06-17T18:32:47.759879+00:00,DION_001,105652,-2.71561197559278e-05,SIMULATED,NORMAL
2026-06-17T18:32:47.770571+00:00,DION_001,105653,0.20795475455753515,SIMULATED,NORMAL
2026-06-17T18:32:47.781505+00:00,DION_001,105654,0.3798661976120717,SIMULATED,NORMAL
2026-06-17T18:32:47.792157+00:00,DION_001,105655,0.11871759519949904,SIMULATED,NORMAL
2026-06-17T18:32:47.803133+00:00,DION_001,105656,0.064741134331852,SIMULATED,NORMAL
2026-06-17T18:32:47.814045+00:00,DION_001,105657,-0.26920187298889686,SIMULATED,NORMAL
2026-06-17T18:32:47.825188+00:00,DION_001,105658,0.27908704385482463,SIMULATED,NORMAL
2026-06-17T18:32:47.836150+00:00,DION_001,105659,-0.03787710940726436,SIMULATED,NORMAL
2026-06-17T18:32:47.847098+00:00,DION_001,105660,0.00447850027138724,SIMULATED,NORMAL
2026-06-17T18:32:47.857726+00:00,DION_001,105661,-0.04180389186463933,SIMULATED,NORMAL
2026-06-17T18:32:47.868642+00:00,DION_001,105662,1.9505475792054061,SIMULATED,NORMAL
2026-06-17T18:32:47.879789+00:00,DION_001,105663,0.18371292273298429,SIMULATED,NORMAL
2026-06-17T18:32:47.890754+00:00,DION_001,105664,-0.23364033534219564,SIMULATED,NORMAL
2026-06-17T18:32:47.901301+00:00,DION_001,105665,-0.14123283034713674,SIMULATED,NORMAL
2026-06-17T18:32:47.912284+00:00,DION_001,105666,0.0714006683677257,SIMULATED,NORMAL
2026-06-17T18:32:47.923239+00:00,DION_001,105667,-0.45315587800410295,SIMULATED,NORMAL
2026-06-17T18:32:47.934187+00:00,DION_001,105668,-0.04882156806549674,SIMULATED,NORMAL
2026-06-17T18:32:47.945094+00:00,DION_001,105669,-0.1624298955678043,SIMULATED,NORMAL
2026-06-17T18:32:47.956058+00:00,DION_001,105670,-0.09511793552431712,SIMULATED,NORMAL
2026-06-17T18:32:47.966766+00:00,DION_001,105671,-0.3604776956066381,SIMULATED,NORMAL
2026-06-17T18:32:47.977802+00:00,DION_001,105672,-0.19521538873656008,SIMULATED,NORMAL
2026-06-17T18:32:47.988720+00:00,DION_001,105673,-0.3034318032599551,SIMULATED,NORMAL
2026-06-17T18:32:47.999382+00:00,DION_001,105674,-0.04058549790398577,SIMULATED,NORMAL
2026-06-17T18:32:48.010356+00:00,DION_001,105675,-0.16315977034522428,SIMULATED,NORMAL
2026-06-17T18:32:48.021306+00:00,DION_001,105676,-0.23905565156851089,SIMULATED,NORMAL
2026-06-17T18:32:48.032296+00:00,DION_001,105677,-0.016320119237832276,SIMULATED,NORMAL
2026-06-17T18:32:48.043241+00:00,DION_001,105678,-0.3217207910252719,SIMULATED,NORMAL
2026-06-17T18:32:48.054172+00:00,DION_001,105679,-0.18232514076680822,SIMULATED,NORMAL
2026-06-17T18:32:48.065119+00:00,DION_001,105680,-0.17652039558617155,SIMULATED,NORMAL
2026-06-17T18:32:48.075672+00:00,DION_001,105681,-0.401289949114631,SIMULATED,NORMAL
2026-06-17T18:32:48.086364+00:00,DION_001,105682,-0.33038917801463796,SIMULATED,NORMAL
2026-06-17T18:32:48.097319+00:00,DION_001,105683,-0.15183936300419099,SIMULATED,NORMAL
2026-06-17T18:32:48.107900+00:00,DION_001,105684,-0.07751723497284915,SIMULATED,NORMAL
2026-06-17T18:32:48.118863+00:00,DION_001,105685,-0.2551991170107147,SIMULATED,NORMAL
2026-06-17T18:32:48.129849+00:00,DION_001,105686,-0.2711514664205287,SIMULATED,NORMAL
2026-06-17T18:32:48.140817+00:00,DION_001,105687,-0.2789356070980506,SIMULATED,NORMAL
2026-06-17T18:32:48.151512+00:00,DION_001,105688,-0.07368972429767678,SIMULATED,NORMAL
2026-06-17T18:32:48.162467+00:00,DION_001,105689,0.004921930930682605,SIMULATED,NORMAL
2026-06-17T18:32:48.173386+00:00,DION_001,105690,-0.09606115246403814,SIMULATED,NORMAL
2026-06-17T18:32:48.184395+00:00,DION_001,105691,-0.19153039962379997,SIMULATED,NORMAL
2026-06-17T18:32:48.195472+00:00,DION_001,105692,0.12300686817994341,SIMULATED,NORMAL
2026-06-17T18:32:48.206577+00:00,DION_001,105693,-0.07675055501330266,SIMULATED,NORMAL
2026-06-17T18:32:48.217310+00:00,DION_001,105694,-0.1878299986688824,SIMULATED,NORMAL
2026-06-17T18:32:48.228217+00:00,DION_001,105695,-0.050412945644158665,SIMULATED,NORMAL
2026-06-17T18:32:48.239194+00:00,DION_001,105696,0.057287423207563415,SIMULATED,NORMAL
2026-06-17T18:32:48.250187+00:00,DION_001,105697,-0.03664957152510895,SIMULATED,NORMAL
2026-06-17T18:32:48.261114+00:00,DION_001,105698,0.2743675505204638,SIMULATED,NORMAL
2026-06-17T18:32:48.272042+00:00,DION_001,105699,0.27648584618733996,SIMULATED,NORMAL
2026-06-17T18:32:48.283003+00:00,DION_001,105700,0.4816612410168253,SIMULATED,NORMAL
2026-06-17T18:32:48.294091+00:00,DION_001,105701,0.4774698788470455,SIMULATED,NORMAL
2026-06-17T18:32:48.305038+00:00,DION_001,105702,0.17744334170283188,SIMULATED,NORMAL
2026-06-17T18:32:48.316012+00:00,DION_001,105703,0.354946820283843,SIMULATED,NORMAL
2026-06-17T18:32:48.326517+00:00,DION_001,105704,0.40303202199203264,SIMULATED,NORMAL
2026-06-17T18:32:48.337008+00:00,DION_001,105705,0.33594486066464596,SIMULATED,NORMAL
2026-06-17T18:32:48.347951+00:00,DION_001,105706,0.5754841953573802,SIMULATED,NORMAL
2026-06-17T18:32:48.358609+00:00,DION_001,105707,0.6052407939129987,SIMULATED,NORMAL
2026-06-17T18:32:48.369117+00:00,DION_001,105708,0.5643653265368708,SIMULATED,NORMAL
2026-06-17T18:32:48.379788+00:00,DION_001,105709,0.39391799534918576,SIMULATED,NORMAL
2026-06-17T18:32:48.390511+00:00,DION_001,105710,0.6132966780381541,SIMULATED,NORMAL
2026-06-17T18:32:48.401268+00:00,DION_001,105711,0.5043025333820953,SIMULATED,NORMAL
2026-06-17T18:32:48.411949+00:00,DION_001,105712,0.5146042423819965,SIMULATED,NORMAL
2026-06-17T18:32:48.422473+00:00,DION_001,105713,0.6942040380264693,SIMULATED,NORMAL
2026-06-17T18:32:48.432949+00:00,DION_001,105714,0.937662194718487,SIMULATED,NORMAL
2026-06-17T18:32:48.443386+00:00,DION_001,105715,0.8737605983255805,SIMULATED,NORMAL
2026-06-17T18:32:48.453929+00:00,DION_001,105716,0.6298622135061015,SIMULATED,NORMAL
2026-06-17T18:32:48.464368+00:00,DION_001,105717,0.9292657424668019,SIMULATED,NORMAL
2026-06-17T18:32:48.474929+00:00,DION_001,105718,1.013460962947739,SIMULATED,NORMAL
2026-06-17T18:32:48.485247+00:00,DION_001,105719,0.7957274958224773,SIMULATED,NORMAL
2026-06-17T18:32:48.495518+00:00,DION_001,105720,0.9544968749164991,SIMULATED,NORMAL
2026-06-17T18:32:48.505779+00:00,DION_001,105721,0.7713565038463224,SIMULATED,NORMAL
2026-06-17T18:32:48.516303+00:00,DION_001,105722,0.5317609002556418,SIMULATED,NORMAL
2026-06-17T18:32:48.526777+00:00,DION_001,105723,1.051926568449595,SIMULATED,NORMAL
2026-06-17T18:32:48.537212+00:00,DION_001,105724,1.0160559869428312,SIMULATED,NORMAL
2026-06-17T18:32:48.547668+00:00,DION_001,105725,0.7744179715414135,SIMULATED,NORMAL
2026-06-17T18:32:48.558253+00:00,DION_001,105726,0.9459682192139126,SIMULATED,NORMAL
2026-06-17T18:32:48.568912+00:00,DION_001,105727,0.9166826296727397,SIMULATED,NORMAL
2026-06-17T18:32:48.579942+00:00,DION_001,105728,0.7303174894773772,SIMULATED,NORMAL
2026-06-17T18:32:48.590549+00:00,DION_001,105729,1.2952005796639858,SIMULATED,NORMAL
2026-06-17T18:32:48.601453+00:00,DION_001,105730,0.9487230002810811,SIMULATED,NORMAL
2026-06-17T18:32:48.612343+00:00,DION_001,105731,1.1381298192323506,SIMULATED,NORMAL
2026-06-17T18:32:48.623068+00:00,DION_001,105732,0.9804311752797055,SIMULATED,NORMAL
2026-06-17T18:32:48.633976+00:00,DION_001,105733,0.9566863261013233,SIMULATED,NORMAL
2026-06-17T18:32:48.644881+00:00,DION_001,105734,1.0002943080927633,SIMULATED,NORMAL
2026-06-17T18:32:48.655820+00:00,DION_001,105735,1.1254804807467529,SIMULATED,NORMAL
2026-06-17T18:32:48.666748+00:00,DION_001,105736,0.6131828399085133,SIMULATED,NORMAL
2026-06-17T18:32:48.677670+00:00,DION_001,105737,1.0639176087774898,SIMULATED,NORMAL
2026-06-17T18:32:48.688743+00:00,DION_001,105738,1.0078263117242539,SIMULATED,NORMAL
2026-06-17T18:32:48.699649+00:00,DION_001,105739,0.6110133835300212,SIMULATED,NORMAL
2026-06-17T18:32:48.710752+00:00,DION_001,105740,0.9606702326967287,SIMULATED,NORMAL
2026-06-17T18:32:48.721679+00:00,DION_001,105741,0.7941874066294825,SIMULATED,NORMAL
2026-06-17T18:32:48.732213+00:00,DION_001,105742,0.7816093729509274,SIMULATED,NORMAL
2026-06-17T18:32:48.743102+00:00,DION_001,105743,0.887713928926432,SIMULATED,NORMAL
2026-06-17T18:32:48.754003+00:00,DION_001,105744,-0.8727905734481058,SIMULATED,NORMAL
2026-06-17T18:32:48.765092+00:00,DION_001,105745,0.8808253608340122,SIMULATED,NORMAL
2026-06-17T18:32:48.776021+00:00,DION_001,105746,1.0957924749945933,SIMULATED,NORMAL
2026-06-17T18:32:48.786980+00:00,DION_001,105747,0.5865895666442977,SIMULATED,NORMAL
2026-06-17T18:32:48.797927+00:00,DION_001,105748,0.4960133948025288,SIMULATED,NORMAL
2026-06-17T18:32:48.808849+00:00,DION_001,105749,0.7006252910577406,SIMULATED,NORMAL
2026-06-17T18:32:48.819809+00:00,DION_001,105750,0.5117815535575511,SIMULATED,NORMAL
2026-06-17T18:32:48.830518+00:00,DION_001,105751,0.473541117434017,SIMULATED,NORMAL
2026-06-17T18:32:48.841510+00:00,DION_001,105752,0.4729935453745432,SIMULATED,NORMAL
2026-06-17T18:32:48.852445+00:00,DION_001,105753,0.3927618245396482,SIMULATED,NORMAL
2026-06-17T18:32:48.863572+00:00,DION_001,105754,0.4682012403048657,SIMULATED,NORMAL
2026-06-17T18:32:48.874220+00:00,DION_001,105755,0.3646959059527694,SIMULATED,NORMAL
2026-06-17T18:32:48.884771+00:00,DION_001,105756,0.36267403265449133,SIMULATED,NORMAL
2026-06-17T18:32:48.895805+00:00,DION_001,105757,0.5443483548682222,SIMULATED,NORMAL
2026-06-17T18:32:48.906773+00:00,DION_001,105758,0.6399846944240897,SIMULATED,NORMAL
2026-06-17T18:32:48.917666+00:00,DION_001,105759,0.4387241017255778,SIMULATED,NORMAL
2026-06-17T18:32:48.928734+00:00,DION_001,105760,0.23140284181476353,SIMULATED,NORMAL
2026-06-17T18:32:48.939647+00:00,DION_001,105761,0.34265491487738287,SIMULATED,NORMAL
2026-06-17T18:32:48.950668+00:00,DION_001,105762,0.5734996954256011,SIMULATED,NORMAL
2026-06-17T18:32:48.961268+00:00,DION_001,105763,0.5181341465439893,SIMULATED,NORMAL
2026-06-17T18:32:48.972162+00:00,DION_001,105764,0.2728775274961259,SIMULATED,NORMAL
2026-06-17T18:32:48.982718+00:00,DION_001,105765,0.6360021512247473,SIMULATED,NORMAL
2026-06-17T18:32:48.993681+00:00,DION_001,105766,0.48276275573308614,SIMULATED,NORMAL
2026-06-17T18:32:49.004678+00:00,DION_001,105767,0.6269179609676787,SIMULATED,NORMAL
2026-06-17T18:32:49.015691+00:00,DION_001,105768,0.6501548017863642,SIMULATED,NORMAL
2026-06-17T18:32:49.026634+00:00,DION_001,105769,0.3549421720733355,SIMULATED,NORMAL
2026-06-17T18:32:49.037701+00:00,DION_001,105770,0.5067439216093065,SIMULATED,NORMAL
2026-06-17T18:32:49.048331+00:00,DION_001,105771,0.44140893899680667,SIMULATED,NORMAL
2026-06-17T18:32:49.059487+00:00,DION_001,105772,0.27959279983596175,SIMULATED,NORMAL
2026-06-17T18:32:49.070388+00:00,DION_001,105773,0.6095853965933545,SIMULATED,NORMAL
2026-06-17T18:32:49.081272+00:00,DION_001,105774,0.6521971853561314,SIMULATED,NORMAL
2026-06-17T18:32:49.091876+00:00,DION_001,105775,0.44233014993387654,SIMULATED,NORMAL
2026-06-17T18:32:49.102815+00:00,DION_001,105776,0.7698484429921244,SIMULATED,NORMAL
2026-06-17T18:32:49.113719+00:00,DION_001,105777,0.6786360956419315,SIMULATED,NORMAL
2026-06-17T18:32:49.124650+00:00,DION_001,105778,0.7645598009605216,SIMULATED,NORMAL
2026-06-17T18:32:49.135749+00:00,DION_001,105779,0.7141727664213634,SIMULATED,NORMAL
2026-06-17T18:32:49.146676+00:00,DION_001,105780,0.764402988506454,SIMULATED,NORMAL
2026-06-17T18:32:49.157634+00:00,DION_001,105781,0.741974886293408,SIMULATED,NORMAL
2026-06-17T18:32:49.168685+00:00,DION_001,105782,0.8010195246145478,SIMULATED,NORMAL
2026-06-17T18:32:49.179829+00:00,DION_001,105783,0.997580425141842,SIMULATED,NORMAL
2026-06-17T18:32:49.190580+00:00,DION_001,105784,0.8130821372953674,SIMULATED,NORMAL
2026-06-17T18:32:49.201203+00:00,DION_001,105785,0.8572138157825812,SIMULATED,NORMAL
2026-06-17T18:32:49.212132+00:00,DION_001,105786,0.6931216728778724,SIMULATED,NORMAL
2026-06-17T18:32:49.223124+00:00,DION_001,105787,0.9273198534260535,SIMULATED,NORMAL
2026-06-17T18:32:49.233630+00:00,DION_001,105788,0.8874049888259378,SIMULATED,NORMAL
2026-06-17T18:32:49.244731+00:00,DION_001,105789,0.8171594209539282,SIMULATED,NORMAL
2026-06-17T18:32:49.255798+00:00,DION_001,105790,0.7926101222413905,SIMULATED,NORMAL
2026-06-17T18:32:49.266683+00:00,DION_001,105791,1.016159688024981,SIMULATED,NORMAL
2026-06-17T18:32:49.277650+00:00,DION_001,105792,0.8438709732210493,SIMULATED,NORMAL
2026-06-17T18:32:49.288701+00:00,DION_001,105793,0.8829826828334657,SIMULATED,NORMAL
2026-06-17T18:32:49.299683+00:00,DION_001,105794,1.0361475281614778,SIMULATED,NORMAL
2026-06-17T18:32:49.310447+00:00,DION_001,105795,1.1373579528537299,SIMULATED,NORMAL
2026-06-17T18:32:49.321362+00:00,DION_001,105796,1.0933258181054049,SIMULATED,NORMAL
2026-06-17T18:32:49.332002+00:00,DION_001,105797,0.8089499968096258,SIMULATED,NORMAL
2026-06-17T18:32:49.342723+00:00,DION_001,105798,1.309435853231442,SIMULATED,NORMAL
2026-06-17T18:32:49.353419+00:00,DION_001,105799,0.9395876880473638,SIMULATED,NORMAL
2026-06-17T18:32:49.363930+00:00,DION_001,105800,0.9180386994263351,SIMULATED,NORMAL
2026-06-17T18:32:49.374623+00:00,DION_001,105801,0.5520755600258985,SIMULATED,NORMAL
2026-06-17T18:32:49.385194+00:00,DION_001,105802,1.2000848321147444,SIMULATED,NORMAL
2026-06-17T18:32:49.395767+00:00,DION_001,105803,0.9700419012836493,SIMULATED,NORMAL
2026-06-17T18:32:49.406333+00:00,DION_001,105804,0.9515899127539464,SIMULATED,NORMAL
2026-06-17T18:32:49.416896+00:00,DION_001,105805,1.0970138493765351,SIMULATED,NORMAL
2026-06-17T18:32:49.427535+00:00,DION_001,105806,1.0432926630921824,SIMULATED,NORMAL
2026-06-17T18:32:49.438024+00:00,DION_001,105807,0.9418825914475824,SIMULATED,NORMAL
2026-06-17T18:32:49.448734+00:00,DION_001,105808,0.9306103886319643,SIMULATED,NORMAL
2026-06-17T18:32:49.459350+00:00,DION_001,105809,0.682309428253017,SIMULATED,NORMAL
2026-06-17T18:32:49.469930+00:00,DION_001,105810,0.7877357516841826,SIMULATED,NORMAL
2026-06-17T18:32:49.480688+00:00,DION_001,105811,0.9565338067892213,SIMULATED,NORMAL
2026-06-17T18:32:49.491395+00:00,DION_001,105812,-1.2586859572102385,SIMULATED,NORMAL
2026-06-17T18:32:49.502256+00:00,DION_001,105813,0.6396510076566547,SIMULATED,NORMAL
2026-06-17T18:32:49.512782+00:00,DION_001,105814,0.6029978027394806,SIMULATED,NORMAL
2026-06-17T18:32:49.523331+00:00,DION_001,105815,0.7613445893676893,SIMULATED,NORMAL
2026-06-17T18:32:49.533892+00:00,DION_001,105816,0.5986980948307725,SIMULATED,NORMAL
2026-06-17T18:32:49.544449+00:00,DION_001,105817,0.44229655516256244,SIMULATED,NORMAL
2026-06-17T18:32:49.555030+00:00,DION_001,105818,0.5429283623143388,SIMULATED,NORMAL
2026-06-17T18:32:49.565501+00:00,DION_001,105819,0.5537220117255718,SIMULATED,NORMAL
2026-06-17T18:32:49.575914+00:00,DION_001,105820,0.5832923293821654,SIMULATED,NORMAL
2026-06-17T18:32:49.586203+00:00,DION_001,105821,0.6081092436005904,SIMULATED,NORMAL
2026-06-17T18:32:49.596461+00:00,DION_001,105822,0.539683035255284,SIMULATED,NORMAL
2026-06-17T18:32:49.607038+00:00,DION_001,105823,0.5607785079950506,SIMULATED,NORMAL
2026-06-17T18:32:49.617519+00:00,DION_001,105824,0.2594214870221819,SIMULATED,NORMAL
2026-06-17T18:32:49.627984+00:00,DION_001,105825,0.4247127938929234,SIMULATED,NORMAL
2026-06-17T18:32:49.638454+00:00,DION_001,105826,0.2080301972306186,SIMULATED,NORMAL
2026-06-17T18:32:49.648936+00:00,DION_001,105827,0.2763462770865866,SIMULATED,NORMAL
2026-06-17T18:32:49.659463+00:00,DION_001,105828,0.2683460492180172,SIMULATED,NORMAL
2026-06-17T18:32:49.670183+00:00,DION_001,105829,0.5011395305157628,SIMULATED,NORMAL
2026-06-17T18:32:49.681085+00:00,DION_001,105830,0.156739462325942,SIMULATED,NORMAL
2026-06-17T18:32:49.692113+00:00,DION_001,105831,0.12596460613321547,SIMULATED,NORMAL
2026-06-17T18:32:49.703034+00:00,DION_001,105832,-0.020639962202150502,SIMULATED,NORMAL
2026-06-17T18:32:49.713959+00:00,DION_001,105833,0.17252317186963043,SIMULATED,NORMAL
2026-06-17T18:32:49.724888+00:00,DION_001,105834,0.3254157076694775,SIMULATED,NORMAL
2026-06-17T18:32:49.735817+00:00,DION_001,105835,-0.11120654781452108,SIMULATED,NORMAL
2026-06-17T18:32:49.746444+00:00,DION_001,105836,0.05730196960738655,SIMULATED,NORMAL
2026-06-17T18:32:49.757598+00:00,DION_001,105837,-0.144944376321849,SIMULATED,NORMAL
2026-06-17T18:32:49.768155+00:00,DION_001,105838,-0.11534742845272053,SIMULATED,NORMAL
2026-06-17T18:32:49.778682+00:00,DION_001,105839,-0.04639880946282621,SIMULATED,NORMAL
2026-06-17T18:32:49.789612+00:00,DION_001,105840,0.08604712966258321,SIMULATED,NORMAL
2026-06-17T18:32:49.800518+00:00,DION_001,105841,-0.16569049101158484,SIMULATED,NORMAL
2026-06-17T18:32:49.811336+00:00,DION_001,105842,-0.22181070142056541,SIMULATED,NORMAL
2026-06-17T18:32:49.822236+00:00,DION_001,105843,-0.2203349075962347,SIMULATED,NORMAL
2026-06-17T18:32:49.833174+00:00,DION_001,105844,-0.08963483808288096,SIMULATED,NORMAL
2026-06-17T18:32:49.844089+00:00,DION_001,105845,-0.1387126985525004,SIMULATED,NORMAL
2026-06-17T18:32:49.855006+00:00,DION_001,105846,-0.11429420778772284,SIMULATED,NORMAL
2026-06-17T18:32:49.866057+00:00,DION_001,105847,0.002768379051122566,SIMULATED,NORMAL
2026-06-17T18:32:49.877010+00:00,DION_001,105848,-0.38787943497567645,SIMULATED,NORMAL
2026-06-17T18:32:49.887639+00:00,DION_001,105849,-0.45058271871912653,SIMULATED,NORMAL
2026-06-17T18:32:49.898596+00:00,DION_001,105850,-0.13572655910601053,SIMULATED,NORMAL
2026-06-17T18:32:49.909546+00:00,DION_001,105851,-0.08206221193426605,SIMULATED,NORMAL
2026-06-17T18:32:49.920163+00:00,DION_001,105852,0.03398300238078267,SIMULATED,NORMAL
2026-06-17T18:32:49.931113+00:00,DION_001,105853,-0.28523327196422005,SIMULATED,NORMAL
2026-06-17T18:32:49.942039+00:00,DION_001,105854,-0.2788467056510737,SIMULATED,NORMAL
2026-06-17T18:32:49.952747+00:00,DION_001,105855,-0.006175423429784194,SIMULATED,NORMAL
2026-06-17T18:32:49.963641+00:00,DION_001,105856,-0.03106798242002739,SIMULATED,NORMAL
2026-06-17T18:32:49.974650+00:00,DION_001,105857,-0.2507295931694194,SIMULATED,NORMAL
2026-06-17T18:32:49.985584+00:00,DION_001,105858,-0.24906978847864464,SIMULATED,NORMAL
2026-06-17T18:32:49.996708+00:00,DION_001,105859,-0.01479603460117564,SIMULATED,NORMAL
2026-06-17T18:32:50.007650+00:00,DION_001,105860,-0.12109426094566483,SIMULATED,NORMAL
2026-06-17T18:32:50.018647+00:00,DION_001,105861,-0.05273933969511795,SIMULATED,NORMAL
2026-06-17T18:32:50.029671+00:00,DION_001,105862,0.022180559093231137,SIMULATED,NORMAL
2026-06-17T18:32:50.040650+00:00,DION_001,105863,-0.10733451052599519,SIMULATED,NORMAL
2026-06-17T18:32:50.051673+00:00,DION_001,105864,0.16465924198643633,SIMULATED,NORMAL
2026-06-17T18:32:50.062257+00:00,DION_001,105865,-0.004265398889018043,SIMULATED,NORMAL
2026-06-17T18:32:50.073225+00:00,DION_001,105866,0.3332061397353634,SIMULATED,NORMAL
2026-06-17T18:32:50.083788+00:00,DION_001,105867,0.3832407605795471,SIMULATED,NORMAL
2026-06-17T18:32:50.094406+00:00,DION_001,105868,0.16494791352779162,SIMULATED,NORMAL
2026-06-17T18:32:50.104960+00:00,DION_001,105869,-0.24361672537600124,SIMULATED,NORMAL
2026-06-17T18:32:50.115923+00:00,DION_001,105870,0.22216399992972255,SIMULATED,NORMAL
2026-06-17T18:32:50.126886+00:00,DION_001,105871,0.24642386654316406,SIMULATED,NORMAL
2026-06-17T18:32:50.137718+00:00,DION_001,105872,-0.058606416991109966,SIMULATED,NORMAL
2026-06-17T18:32:50.148674+00:00,DION_001,105873,0.2194652454604857,SIMULATED,NORMAL
2026-06-17T18:32:50.159650+00:00,DION_001,105874,0.01632695734372175,SIMULATED,NORMAL
2026-06-17T18:32:50.170262+00:00,DION_001,105875,0.45126966689520026,SIMULATED,NORMAL
2026-06-17T18:32:50.181255+00:00,DION_001,105876,0.23984154845264866,SIMULATED,NORMAL
2026-06-17T18:32:50.192352+00:00,DION_001,105877,0.26836697149740013,SIMULATED,NORMAL
2026-06-17T18:32:50.203182+00:00,DION_001,105878,-0.1309957657968649,SIMULATED,NORMAL
2026-06-17T18:32:50.214137+00:00,DION_001,105879,-0.160201862426523,SIMULATED,NORMAL
2026-06-17T18:32:50.225083+00:00,DION_001,105880,0.27978703770235314,SIMULATED,NORMAL
2026-06-17T18:32:50.236024+00:00,DION_001,105881,0.005404768783518976,SIMULATED,NORMAL
2026-06-17T18:32:50.246964+00:00,DION_001,105882,-0.001617187309034665,SIMULATED,NORMAL
2026-06-17T18:32:50.257887+00:00,DION_001,105883,0.29717797362875764,SIMULATED,NORMAL
2026-06-17T18:32:50.268791+00:00,DION_001,105884,-0.041596804888952996,SIMULATED,NORMAL
2026-06-17T18:32:50.279460+00:00,DION_001,105885,0.11142393104215799,SIMULATED,NORMAL
2026-06-17T18:32:50.290430+00:00,DION_001,105886,0.04896825699036014,SIMULATED,NORMAL
2026-06-17T18:32:50.301356+00:00,DION_001,105887,0.024201513307850447,SIMULATED,NORMAL
2026-06-17T18:32:50.312203+00:00,DION_001,105888,-0.08423486140149769,SIMULATED,NORMAL
2026-06-17T18:32:50.323148+00:00,DION_001,105889,-0.006542023273566289,SIMULATED,NORMAL
2026-06-17T18:32:50.334138+00:00,DION_001,105890,0.12851546557810148,SIMULATED,NORMAL
2026-06-17T18:32:50.344939+00:00,DION_001,105891,-0.20306983819741503,SIMULATED,NORMAL
2026-06-17T18:32:50.355837+00:00,DION_001,105892,-0.3638511329477635,SIMULATED,NORMAL
2026-06-17T18:32:50.366354+00:00,DION_001,105893,-0.36639723172037436,SIMULATED,NORMAL
2026-06-17T18:32:50.377271+00:00,DION_001,105894,-0.3644772367946969,SIMULATED,NORMAL
2026-06-17T18:32:50.388161+00:00,DION_001,105895,-0.4646787283878998,SIMULATED,NORMAL
2026-06-17T18:32:50.399140+00:00,DION_001,105896,-0.5952009570387471,SIMULATED,NORMAL
2026-06-17T18:32:50.409911+00:00,DION_001,105897,-0.3445112164761466,SIMULATED,NORMAL
2026-06-17T18:32:50.420484+00:00,DION_001,105898,-0.40531986957586197,SIMULATED,NORMAL
2026-06-17T18:32:50.431207+00:00,DION_001,105899,-0.60807274594188,SIMULATED,NORMAL
2026-06-17T18:32:50.441803+00:00,DION_001,105900,-0.49601551326279647,SIMULATED,NORMAL
2026-06-17T18:32:50.452373+00:00,DION_001,105901,-0.4259715647301511,SIMULATED,NORMAL
2026-06-17T18:32:50.463118+00:00,DION_001,105902,-0.5994460028334176,SIMULATED,NORMAL
2026-06-17T18:32:50.473694+00:00,DION_001,105903,-0.6429549736490368,SIMULATED,NORMAL
2026-06-17T18:32:50.484326+00:00,DION_001,105904,-0.5671652228159294,SIMULATED,NORMAL
2026-06-17T18:32:50.495009+00:00,DION_001,105905,-0.759409779470205,SIMULATED,NORMAL
2026-06-17T18:32:50.505583+00:00,DION_001,105906,-0.6372097430419231,SIMULATED,NORMAL
2026-06-17T18:32:50.516217+00:00,DION_001,105907,-0.9960429046209953,SIMULATED,NORMAL
2026-06-17T18:32:50.526812+00:00,DION_001,105908,-0.8105981250765376,SIMULATED,NORMAL
2026-06-17T18:32:50.537401+00:00,DION_001,105909,-0.8034493441617392,SIMULATED,NORMAL
2026-06-17T18:32:50.548199+00:00,DION_001,105910,-1.0335440866333672,SIMULATED,NORMAL
2026-06-17T18:32:50.558845+00:00,DION_001,105911,-0.9646646593388997,SIMULATED,NORMAL
2026-06-17T18:32:50.569426+00:00,DION_001,105912,-1.135047149895924,SIMULATED,NORMAL
2026-06-17T18:32:50.580090+00:00,DION_001,105913,-1.0103579879423763,SIMULATED,NORMAL
2026-06-17T18:32:50.590957+00:00,DION_001,105914,-0.772569368344018,SIMULATED,NORMAL
2026-06-17T18:32:50.601629+00:00,DION_001,105915,-1.0967653574644294,SIMULATED,NORMAL
2026-06-17T18:32:50.612260+00:00,DION_001,105916,-1.1143203714746315,SIMULATED,NORMAL
2026-06-17T18:32:50.622714+00:00,DION_001,105917,-1.024419912368635,SIMULATED,NORMAL
2026-06-17T18:32:50.633249+00:00,DION_001,105918,-1.119004357569849,SIMULATED,NORMAL
2026-06-17T18:32:50.643760+00:00,DION_001,105919,-1.1279567930819725,SIMULATED,NORMAL
2026-06-17T18:32:50.654211+00:00,DION_001,105920,-1.016728403156042,SIMULATED,NORMAL
2026-06-17T18:32:50.664695+00:00,DION_001,105921,-1.1211958492756497,SIMULATED,NORMAL
2026-06-17T18:32:50.675135+00:00,DION_001,105922,-1.01196874451778,SIMULATED,NORMAL
2026-06-17T18:32:50.685522+00:00,DION_001,105923,-1.0933133883920925,SIMULATED,NORMAL
2026-06-17T18:32:50.695896+00:00,DION_001,105924,-1.1700216247632662,SIMULATED,NORMAL
2026-06-17T18:32:50.706157+00:00,DION_001,105925,-1.056067591360906,SIMULATED,NORMAL
2026-06-17T18:32:50.716442+00:00,DION_001,105926,-0.8755769380286069,SIMULATED,NORMAL
2026-06-17T18:32:50.726752+00:00,DION_001,105927,-0.820380884095135,SIMULATED,NORMAL
2026-06-17T18:32:50.736978+00:00,DION_001,105928,-1.0271563174215494,SIMULATED,NORMAL
2026-06-17T18:32:50.747233+00:00,DION_001,105929,-0.9533948562472144,SIMULATED,NORMAL
2026-06-17T18:32:50.757437+00:00,DION_001,105930,-1.1956534586642955,SIMULATED,NORMAL
2026-06-17T18:32:50.767809+00:00,DION_001,105931,-0.9729514922319051,SIMULATED,NORMAL
2026-06-17T18:32:50.778346+00:00,DION_001,105932,-0.835654141712065,SIMULATED,NORMAL
2026-06-17T18:32:50.788888+00:00,DION_001,105933,-0.7799353516262232,SIMULATED,NORMAL
2026-06-17T18:32:50.799434+00:00,DION_001,105934,-1.238804606312833,SIMULATED,NORMAL
2026-06-17T18:32:50.809982+00:00,DION_001,105935,-0.8239247618978391,SIMULATED,NORMAL
2026-06-17T18:32:50.820852+00:00,DION_001,105936,-0.7889790802777646,SIMULATED,NORMAL
2026-06-17T18:32:50.831762+00:00,DION_001,105937,-0.5533564086346595,SIMULATED,NORMAL
2026-06-17T18:32:50.842669+00:00,DION_001,105938,-0.5523012835514722,SIMULATED,NORMAL
2026-06-17T18:32:50.853587+00:00,DION_001,105939,-0.9179299142736794,SIMULATED,NORMAL
2026-06-17T18:32:50.864495+00:00,DION_001,105940,-0.7516990986666332,SIMULATED,NORMAL
2026-06-17T18:32:50.875603+00:00,DION_001,105941,-0.5453849788921841,SIMULATED,NORMAL
2026-06-17T18:32:50.886194+00:00,DION_001,105942,-0.708661668929839,SIMULATED,NORMAL
2026-06-17T18:32:50.897130+00:00,DION_001,105943,-0.5948091430194489,SIMULATED,NORMAL
2026-06-17T18:32:50.907694+00:00,DION_001,105944,-0.4933585329876762,SIMULATED,NORMAL
2026-06-17T18:32:50.918606+00:00,DION_001,105945,-0.561064508119665,SIMULATED,NORMAL
2026-06-17T18:32:50.929502+00:00,DION_001,105946,-0.468460977652227,SIMULATED,NORMAL
2026-06-17T18:32:50.940420+00:00,DION_001,105947,-0.47678758753219896,SIMULATED,NORMAL
2026-06-17T18:32:50.951147+00:00,DION_001,105948,-0.27494913872252147,SIMULATED,NORMAL
2026-06-17T18:32:50.962074+00:00,DION_001,105949,-0.589711670267829,SIMULATED,NORMAL
2026-06-17T18:32:50.973153+00:00,DION_001,105950,-0.6862971375070338,SIMULATED,NORMAL
2026-06-17T18:32:50.983835+00:00,DION_001,105951,-0.5096031881768139,SIMULATED,NORMAL
2026-06-17T18:32:50.994770+00:00,DION_001,105952,-0.5784067449327763,SIMULATED,NORMAL
2026-06-17T18:32:51.005685+00:00,DION_001,105953,-0.5222630814807014,SIMULATED,NORMAL
2026-06-17T18:32:51.016771+00:00,DION_001,105954,-0.5104623478042105,SIMULATED,NORMAL
2026-06-17T18:32:51.027690+00:00,DION_001,105955,-0.4128506387078483,SIMULATED,NORMAL
2026-06-17T18:32:51.038631+00:00,DION_001,105956,-0.4706848391220019,SIMULATED,NORMAL
2026-06-17T18:32:51.049557+00:00,DION_001,105957,-0.37389377340565133,SIMULATED,NORMAL
2026-06-17T18:32:51.060248+00:00,DION_001,105958,-0.4751858797284352,SIMULATED,NORMAL
2026-06-17T18:32:51.071181+00:00,DION_001,105959,-0.4426020598645532,SIMULATED,NORMAL
2026-06-17T18:32:51.082109+00:00,DION_001,105960,-0.5252043614285826,SIMULATED,NORMAL
2026-06-17T18:32:51.092850+00:00,DION_001,105961,-0.5703240233536325,SIMULATED,NORMAL
2026-06-17T18:32:51.103793+00:00,DION_001,105962,-0.4823047053052261,SIMULATED,NORMAL
2026-06-17T18:32:51.114582+00:00,DION_001,105963,-0.30582664868114595,SIMULATED,NORMAL
2026-06-17T18:32:51.125526+00:00,DION_001,105964,-0.533941262331612,SIMULATED,NORMAL
2026-06-17T18:32:51.136441+00:00,DION_001,105965,-0.44020101061737027,SIMULATED,NORMAL
2026-06-17T18:32:51.147631+00:00,DION_001,105966,-0.34680391870671345,SIMULATED,NORMAL
2026-06-17T18:32:51.158529+00:00,DION_001,105967,-0.6464990989159738,SIMULATED,NORMAL
2026-06-17T18:32:51.169056+00:00,DION_001,105968,2.2634339919539976,SIMULATED,EVENT_DETECTED
2026-06-17T18:32:51.180405+00:00,DION_001,105969,-0.4275083099756175,SIMULATED,NORMAL
2026-06-17T18:32:51.191539+00:00,DION_001,105970,-0.6556590478560013,SIMULATED,NORMAL
2026-06-17T18:32:51.202484+00:00,DION_001,105971,-0.8011297794625736,SIMULATED,NORMAL
2026-06-17T18:32:51.213444+00:00,DION_001,105972,-0.6018117037432267,SIMULATED,NORMAL
2026-06-17T18:32:51.224350+00:00,DION_001,105973,-0.831359194849751,SIMULATED,NORMAL
2026-06-17T18:32:51.235472+00:00,DION_001,105974,-0.778772807822815,SIMULATED,NORMAL
2026-06-17T18:32:51.246438+00:00,DION_001,105975,-0.6819804290099571,SIMULATED,NORMAL
2026-06-17T18:32:51.256883+00:00,DION_001,105976,-0.7893695753888781,SIMULATED,NORMAL
2026-06-17T18:32:51.267819+00:00,DION_001,105977,-1.0028227965286571,SIMULATED,NORMAL
2026-06-17T18:32:51.278941+00:00,DION_001,105978,-0.986381679647757,SIMULATED,NORMAL
2026-06-17T18:32:51.289966+00:00,DION_001,105979,-0.7865830612752917,SIMULATED,NORMAL
2026-06-17T18:32:51.300900+00:00,DION_001,105980,-1.0100652638079803,SIMULATED,NORMAL
2026-06-17T18:32:51.311500+00:00,DION_001,105981,-0.7126074827945041,SIMULATED,NORMAL
2026-06-17T18:32:51.322460+00:00,DION_001,105982,-0.931700026166695,SIMULATED,NORMAL
2026-06-17T18:32:51.333387+00:00,DION_001,105983,-1.0306693068508939,SIMULATED,NORMAL
2026-06-17T18:32:51.344307+00:00,DION_001,105984,-0.7844344901743852,SIMULATED,NORMAL
2026-06-17T18:32:51.355417+00:00,DION_001,105985,-0.8860931856909791,SIMULATED,NORMAL
2026-06-17T18:32:51.366462+00:00,DION_001,105986,-1.1434517795161518,SIMULATED,NORMAL
2026-06-17T18:32:51.377095+00:00,DION_001,105987,-0.9682899144759557,SIMULATED,NORMAL
2026-06-17T18:32:51.388333+00:00,DION_001,105988,-0.8799820519180908,SIMULATED,NORMAL
2026-06-17T18:32:51.399427+00:00,DION_001,105989,-1.338021971267711,SIMULATED,NORMAL
2026-06-17T18:32:51.410399+00:00,DION_001,105990,-1.2494013781546107,SIMULATED,NORMAL
2026-06-17T18:32:51.421065+00:00,DION_001,105991,-1.13856705859021,SIMULATED,NORMAL
2026-06-17T18:32:51.431524+00:00,DION_001,105992,-1.1215635993621673,SIMULATED,NORMAL
2026-06-17T18:32:51.442211+00:00,DION_001,105993,-1.0460443054366673,SIMULATED,NORMAL
2026-06-17T18:32:51.452849+00:00,DION_001,105994,-1.019750842614241,SIMULATED,NORMAL
2026-06-17T18:32:51.463509+00:00,DION_001,105995,-1.1338054601919632,SIMULATED,NORMAL
2026-06-17T18:32:51.474250+00:00,DION_001,105996,-1.0434087733498985,SIMULATED,NORMAL
2026-06-17T18:32:51.485201+00:00,DION_001,105997,-1.1076035497161252,SIMULATED,NORMAL
2026-06-17T18:32:51.496133+00:00,DION_001,105998,-1.0636816157682496,SIMULATED,NORMAL
2026-06-17T18:32:51.506994+00:00,DION_001,105999,-0.8856042414742928,SIMULATED,NORMAL
2026-06-17T18:32:51.517989+00:00,DION_001,106000,-0.8026546845445499,SIMULATED,NORMAL
2026-06-17T18:32:51.528920+00:00,DION_001,106001,-1.2054488918960362,SIMULATED,NORMAL
2026-06-17T18:32:51.539838+00:00,DION_001,106002,-0.8939724901109369,SIMULATED,NORMAL
2026-06-17T18:32:51.550778+00:00,DION_001,106003,-0.6527982193389849,SIMULATED,NORMAL
2026-06-17T18:32:51.561720+00:00,DION_001,106004,-0.5561177444201946,SIMULATED,NORMAL
2026-06-17T18:32:51.572731+00:00,DION_001,106005,-1.0082164814167631,SIMULATED,NORMAL
2026-06-17T18:32:51.583676+00:00,DION_001,106006,-0.7980064267671108,SIMULATED,NORMAL
2026-06-17T18:32:51.594657+00:00,DION_001,106007,-0.5492357502294956,SIMULATED,NORMAL
2026-06-17T18:32:51.605263+00:00,DION_001,106008,-0.7185955964939444,SIMULATED,NORMAL
2026-06-17T18:32:51.616204+00:00,DION_001,106009,-0.8954070496643666,SIMULATED,NORMAL
2026-06-17T18:32:51.626881+00:00,DION_001,106010,-0.5142710385715878,SIMULATED,NORMAL
2026-06-17T18:32:51.637809+00:00,DION_001,106011,-0.46644642863803293,SIMULATED,NORMAL
2026-06-17T18:32:51.648734+00:00,DION_001,106012,-0.5854718687804763,SIMULATED,NORMAL
2026-06-17T18:32:51.659698+00:00,DION_001,106013,-0.7051795834648709,SIMULATED,NORMAL
2026-06-17T18:32:51.670198+00:00,DION_001,106014,-0.34927560751331604,SIMULATED,NORMAL
2026-06-17T18:32:51.681102+00:00,DION_001,106015,-0.293520456477824,SIMULATED,NORMAL
2026-06-17T18:32:51.692074+00:00,DION_001,106016,-0.25423260311073664,SIMULATED,NORMAL
2026-06-17T18:32:51.702782+00:00,DION_001,106017,-0.4033946253508292,SIMULATED,NORMAL
2026-06-17T18:32:51.713726+00:00,DION_001,106018,-0.08529170617112587,SIMULATED,NORMAL
2026-06-17T18:32:51.724237+00:00,DION_001,106019,-0.2877764662730313,SIMULATED,NORMAL
2026-06-17T18:32:51.734762+00:00,DION_001,106020,-0.11899670052666231,SIMULATED,NORMAL
2026-06-17T18:32:51.745218+00:00,DION_001,106021,-0.09857371857622263,SIMULATED,NORMAL
2026-06-17T18:32:51.755590+00:00,DION_001,106022,0.2171310331231892,SIMULATED,NORMAL
2026-06-17T18:32:51.765937+00:00,DION_001,106023,0.17299193838078342,SIMULATED,NORMAL
2026-06-17T18:32:51.776293+00:00,DION_001,106024,0.04616869272087275,SIMULATED,NORMAL
2026-06-17T18:32:51.786622+00:00,DION_001,106025,2.1358511304691485,SIMULATED,EVENT_DETECTED
2026-06-17T18:32:51.796981+00:00,DION_001,106026,0.03322855565669635,SIMULATED,NORMAL
2026-06-17T18:32:51.807903+00:00,DION_001,106027,0.23482481853524012,SIMULATED,NORMAL
2026-06-17T18:32:51.818706+00:00,DION_001,106028,0.40995468802048046,SIMULATED,NORMAL
2026-06-17T18:32:51.829347+00:00,DION_001,106029,0.23453406078506636,SIMULATED,NORMAL
2026-06-17T18:32:51.840344+00:00,DION_001,106030,0.07428319394238625,SIMULATED,NORMAL
2026-06-17T18:32:51.851322+00:00,DION_001,106031,0.12363757172287605,SIMULATED,NORMAL
2026-06-17T18:32:51.862252+00:00,DION_001,106032,0.27419492543548424,SIMULATED,NORMAL
2026-06-17T18:32:51.872886+00:00,DION_001,106033,0.37852646255345,SIMULATED,NORMAL
2026-06-17T18:32:51.883409+00:00,DION_001,106034,0.15890181043654233,SIMULATED,NORMAL
2026-06-17T18:32:51.893957+00:00,DION_001,106035,0.4511203080000034,SIMULATED,NORMAL
2026-06-17T18:32:51.904471+00:00,DION_001,106036,0.14309118187996317,SIMULATED,NORMAL
2026-06-17T18:32:51.915169+00:00,DION_001,106037,0.28145157699391044,SIMULATED,NORMAL
2026-06-17T18:32:51.926072+00:00,DION_001,106038,0.4153768837869897,SIMULATED,NORMAL
2026-06-17T18:32:51.936667+00:00,DION_001,106039,0.4723901713570394,SIMULATED,NORMAL
2026-06-17T18:32:51.947302+00:00,DION_001,106040,0.2757777213526215,SIMULATED,NORMAL
2026-06-17T18:32:51.958253+00:00,DION_001,106041,0.19118176750065463,SIMULATED,NORMAL
2026-06-17T18:32:51.969232+00:00,DION_001,106042,0.05325602014294559,SIMULATED,NORMAL
2026-06-17T18:32:51.980170+00:00,DION_001,106043,0.29377491482758555,SIMULATED,NORMAL
2026-06-17T18:32:51.991165+00:00,DION_001,106044,0.22720913109180124,SIMULATED,NORMAL
2026-06-17T18:32:52.002189+00:00,DION_001,106045,0.36618699813247557,SIMULATED,NORMAL
2026-06-17T18:32:52.013207+00:00,DION_001,106046,0.2918916645476703,SIMULATED,NORMAL
2026-06-17T18:32:52.024138+00:00,DION_001,106047,0.1919206707811314,SIMULATED,NORMAL
2026-06-17T18:32:52.035126+00:00,DION_001,106048,0.15742357121989653,SIMULATED,NORMAL
2026-06-17T18:32:52.045706+00:00,DION_001,106049,0.12117929300016941,SIMULATED,NORMAL
2026-06-17T18:32:52.056641+00:00,DION_001,106050,-0.02355852255549773,SIMULATED,NORMAL
2026-06-17T18:32:52.067631+00:00,DION_001,106051,-2.313663801098744,SIMULATED,EVENT_DETECTED
2026-06-17T18:32:52.078617+00:00,DION_001,106052,0.2902791432712255,SIMULATED,NORMAL
2026-06-17T18:32:52.089224+00:00,DION_001,106053,0.14548345915664854,SIMULATED,NORMAL
2026-06-17T18:32:52.100130+00:00,DION_001,106054,-0.07334743417876638,SIMULATED,NORMAL
2026-06-17T18:32:52.110593+00:00,DION_001,106055,0.11291996694131393,SIMULATED,NORMAL
2026-06-17T18:32:52.121541+00:00,DION_001,106056,-0.09860500960649261,SIMULATED,NORMAL
2026-06-17T18:32:52.132500+00:00,DION_001,106057,-0.0017650920780199232,SIMULATED,NORMAL
2026-06-17T18:32:52.143144+00:00,DION_001,106058,0.05814050734356243,SIMULATED,NORMAL
2026-06-17T18:32:52.154034+00:00,DION_001,106059,-0.12122287666559906,SIMULATED,NORMAL
2026-06-17T18:32:52.164976+00:00,DION_001,106060,0.11974287434616901,SIMULATED,NORMAL
2026-06-17T18:32:52.175572+00:00,DION_001,106061,-0.1432107017205253,SIMULATED,NORMAL
2026-06-17T18:32:52.186505+00:00,DION_001,106062,-0.20426433688714876,SIMULATED,NORMAL
2026-06-17T18:32:52.197485+00:00,DION_001,106063,-0.0004399555963260776,SIMULATED,NORMAL
2026-06-17T18:32:52.208453+00:00,DION_001,106064,-0.12962373559187523,SIMULATED,NORMAL
2026-06-17T18:32:52.219552+00:00,DION_001,106065,-0.14477360614784016,SIMULATED,NORMAL
2026-06-17T18:32:52.230473+00:00,DION_001,106066,-0.1214920157992089,SIMULATED,NORMAL
2026-06-17T18:32:52.241459+00:00,DION_001,106067,-0.10767536152476945,SIMULATED,NORMAL
2026-06-17T18:32:52.252382+00:00,DION_001,106068,-0.17705259712172527,SIMULATED,NORMAL
2026-06-17T18:32:52.263135+00:00,DION_001,106069,-0.15485310268498392,SIMULATED,NORMAL
2026-06-17T18:32:52.274109+00:00,DION_001,106070,-0.19117608822642995,SIMULATED,NORMAL
2026-06-17T18:32:52.285144+00:00,DION_001,106071,-0.154541634972305,SIMULATED,NORMAL
2026-06-17T18:32:52.295731+00:00,DION_001,106072,-0.32196247224531915,SIMULATED,NORMAL
2026-06-17T18:32:52.306668+00:00,DION_001,106073,-0.08111830867962952,SIMULATED,NORMAL
2026-06-17T18:32:52.317267+00:00,DION_001,106074,-0.13296970521101528,SIMULATED,NORMAL
2026-06-17T18:32:52.327885+00:00,DION_001,106075,0.2874399838753522,SIMULATED,NORMAL
2026-06-17T18:32:52.338491+00:00,DION_001,106076,0.04328823041226671,SIMULATED,NORMAL
2026-06-17T18:32:52.348960+00:00,DION_001,106077,0.01062330381868408,SIMULATED,NORMAL
2026-06-17T18:32:52.359560+00:00,DION_001,106078,0.04819553833894346,SIMULATED,NORMAL
2026-06-17T18:32:52.370143+00:00,DION_001,106079,0.08626923483093281,SIMULATED,NORMAL
2026-06-17T18:32:52.380761+00:00,DION_001,106080,0.3757192356026485,SIMULATED,NORMAL
2026-06-17T18:32:52.391394+00:00,DION_001,106081,0.0931614544612564,SIMULATED,NORMAL
2026-06-17T18:32:52.402006+00:00,DION_001,106082,0.42862853935213635,SIMULATED,NORMAL
2026-06-17T18:32:52.412620+00:00,DION_001,106083,-0.05336752968595426,SIMULATED,NORMAL
2026-06-17T18:32:52.423263+00:00,DION_001,106084,0.24425075903684218,SIMULATED,NORMAL
2026-06-17T18:32:52.433863+00:00,DION_001,106085,0.14449653382783703,SIMULATED,NORMAL
2026-06-17T18:32:52.444480+00:00,DION_001,106086,0.25741455034227634,SIMULATED,NORMAL
2026-06-17T18:32:52.455248+00:00,DION_001,106087,0.6234238028723278,SIMULATED,NORMAL
2026-06-17T18:32:52.465854+00:00,DION_001,106088,0.23376315112026988,SIMULATED,NORMAL
2026-06-17T18:32:52.476504+00:00,DION_001,106089,0.5733697024864187,SIMULATED,NORMAL
2026-06-17T18:32:52.487266+00:00,DION_001,106090,0.42566646437683325,SIMULATED,NORMAL
2026-06-17T18:32:52.497956+00:00,DION_001,106091,0.5693526068299811,SIMULATED,NORMAL
2026-06-17T18:32:52.508721+00:00,DION_001,106092,0.7718216506495563,SIMULATED,NORMAL
2026-06-17T18:32:52.519784+00:00,DION_001,106093,0.7021325739791988,SIMULATED,NORMAL
2026-06-17T18:32:52.530461+00:00,DION_001,106094,0.7701162272812576,SIMULATED,NORMAL
2026-06-17T18:32:52.541399+00:00,DION_001,106095,0.6222548673405296,SIMULATED,NORMAL
2026-06-17T18:32:52.552393+00:00,DION_001,106096,0.7342196001058295,SIMULATED,NORMAL
2026-06-17T18:32:52.563438+00:00,DION_001,106097,1.0322342543238423,SIMULATED,NORMAL
2026-06-17T18:32:52.574051+00:00,DION_001,106098,0.8477997624569923,SIMULATED,NORMAL
2026-06-17T18:32:52.585067+00:00,DION_001,106099,0.8105000013785373,SIMULATED,NORMAL
2026-06-17T18:32:52.596006+00:00,DION_001,106100,0.8904561075913939,SIMULATED,NORMAL
2026-06-17T18:32:52.606621+00:00,DION_001,106101,0.6425475358830286,SIMULATED,NORMAL
2026-06-17T18:32:52.617590+00:00,DION_001,106102,1.1109483339087514,SIMULATED,NORMAL
2026-06-17T18:32:52.628348+00:00,DION_001,106103,1.126849620645089,SIMULATED,NORMAL
2026-06-17T18:32:52.639071+00:00,DION_001,106104,1.1005851805654447,SIMULATED,NORMAL
2026-06-17T18:32:52.649988+00:00,DION_001,106105,1.0159580546475422,SIMULATED,NORMAL
2026-06-17T18:32:52.660905+00:00,DION_001,106106,0.9839323202133461,SIMULATED,NORMAL
2026-06-17T18:32:52.671609+00:00,DION_001,106107,1.175553857413173,SIMULATED,NORMAL
2026-06-17T18:32:52.682563+00:00,DION_001,106108,0.9944622656290584,SIMULATED,NORMAL
2026-06-17T18:32:52.693640+00:00,DION_001,106109,0.854269694052282,SIMULATED,NORMAL
2026-06-17T18:32:52.704713+00:00,DION_001,106110,1.1403397997183449,SIMULATED,NORMAL
2026-06-17T18:32:52.715712+00:00,DION_001,106111,1.2448449527045744,SIMULATED,NORMAL
2026-06-17T18:32:52.726685+00:00,DION_001,106112,0.8662105331942183,SIMULATED,NORMAL
2026-06-17T18:32:52.737343+00:00,DION_001,106113,0.9904507959007656,SIMULATED,NORMAL
2026-06-17T18:32:52.747939+00:00,DION_001,106114,1.117830861337624,SIMULATED,NORMAL
2026-06-17T18:32:52.758548+00:00,DION_001,106115,1.1777898698825897,SIMULATED,NORMAL
2026-06-17T18:32:52.769135+00:00,DION_001,106116,1.1621464352454325,SIMULATED,NORMAL
2026-06-17T18:32:52.779758+00:00,DION_001,106117,1.2023409823172984,SIMULATED,NORMAL
2026-06-17T18:32:52.790335+00:00,DION_001,106118,0.9264003471190629,SIMULATED,NORMAL
2026-06-17T18:32:52.800923+00:00,DION_001,106119,1.2242730326270608,SIMULATED,NORMAL
2026-06-17T18:32:52.811767+00:00,DION_001,106120,1.1006033592667355,SIMULATED,NORMAL
2026-06-17T18:32:52.822301+00:00,DION_001,106121,1.0422730579137172,SIMULATED,NORMAL
2026-06-17T18:32:52.832739+00:00,DION_001,106122,0.8810077584526778,SIMULATED,NORMAL
2026-06-17T18:32:52.843244+00:00,DION_001,106123,1.1388743380004027,SIMULATED,NORMAL
2026-06-17T18:32:52.853630+00:00,DION_001,106124,1.0477241377935747,SIMULATED,NORMAL
2026-06-17T18:32:52.863958+00:00,DION_001,106125,1.0626672881939183,SIMULATED,NORMAL
2026-06-17T18:32:52.874249+00:00,DION_001,106126,0.8025802486438935,SIMULATED,NORMAL
2026-06-17T18:32:52.884787+00:00,DION_001,106127,0.9115057142098163,SIMULATED,NORMAL
2026-06-17T18:32:52.895302+00:00,DION_001,106128,0.5887703786852668,SIMULATED,NORMAL
2026-06-17T18:32:52.905848+00:00,DION_001,106129,0.756675860917341,SIMULATED,NORMAL
2026-06-17T18:32:52.916533+00:00,DION_001,106130,0.9275011317430626,SIMULATED,NORMAL
2026-06-17T18:32:52.927391+00:00,DION_001,106131,0.7106113388650113,SIMULATED,NORMAL
2026-06-17T18:32:52.937890+00:00,DION_001,106132,0.8038713318145385,SIMULATED,NORMAL
2026-06-17T18:32:52.948462+00:00,DION_001,106133,0.589137924534422,SIMULATED,NORMAL
2026-06-17T18:32:52.959129+00:00,DION_001,106134,0.8407118264551148,SIMULATED,NORMAL
2026-06-17T18:32:52.969778+00:00,DION_001,106135,0.9090196109531539,SIMULATED,NORMAL
2026-06-17T18:32:52.980686+00:00,DION_001,106136,0.5661160961639792,SIMULATED,NORMAL
2026-06-17T18:32:52.991789+00:00,DION_001,106137,0.7729940637699787,SIMULATED,NORMAL
2026-06-17T18:32:53.002375+00:00,DION_001,106138,0.5275567298223395,SIMULATED,NORMAL
2026-06-17T18:32:53.012918+00:00,DION_001,106139,0.3649952843393992,SIMULATED,NORMAL
2026-06-17T18:32:53.023947+00:00,DION_001,106140,0.8833302745794547,SIMULATED,NORMAL
2026-06-17T18:32:53.034628+00:00,DION_001,106141,0.6251907577836225,SIMULATED,NORMAL
2026-06-17T18:32:53.045524+00:00,DION_001,106142,0.5125932820049584,SIMULATED,NORMAL
2026-06-17T18:32:53.056617+00:00,DION_001,106143,0.5060450515549326,SIMULATED,NORMAL
2026-06-17T18:32:53.067492+00:00,DION_001,106144,0.12519953239534654,SIMULATED,NORMAL
2026-06-17T18:32:53.078480+00:00,DION_001,106145,0.36718343035576145,SIMULATED,NORMAL
2026-06-17T18:32:53.089389+00:00,DION_001,106146,0.3789784353630605,SIMULATED,NORMAL
2026-06-17T18:32:53.100364+00:00,DION_001,106147,0.21429386084063035,SIMULATED,NORMAL
2026-06-17T18:32:53.111370+00:00,DION_001,106148,0.7243384623851143,SIMULATED,NORMAL
2026-06-17T18:32:53.122480+00:00,DION_001,106149,0.4539802312308487,SIMULATED,NORMAL
2026-06-17T18:32:53.133442+00:00,DION_001,106150,0.26180215033427695,SIMULATED,NORMAL
2026-06-17T18:32:53.144429+00:00,DION_001,106151,0.3598661713207545,SIMULATED,NORMAL
2026-06-17T18:32:53.155279+00:00,DION_001,106152,0.15275688457305914,SIMULATED,NORMAL
2026-06-17T18:32:53.166242+00:00,DION_001,106153,0.4132457932572,SIMULATED,NORMAL
2026-06-17T18:32:53.177161+00:00,DION_001,106154,0.5542535484809603,SIMULATED,NORMAL
2026-06-17T18:32:53.188139+00:00,DION_001,106155,0.275362350282307,SIMULATED,NORMAL
2026-06-17T18:32:53.199034+00:00,DION_001,106156,0.44726466715982927,SIMULATED,NORMAL
2026-06-17T18:32:53.210026+00:00,DION_001,106157,0.3817190598153707,SIMULATED,NORMAL
2026-06-17T18:32:53.220965+00:00,DION_001,106158,0.33832093588451206,SIMULATED,NORMAL
2026-06-17T18:32:53.231505+00:00,DION_001,106159,0.25197295971428624,SIMULATED,NORMAL
2026-06-17T18:32:53.242517+00:00,DION_001,106160,0.24135301968672557,SIMULATED,NORMAL
2026-06-17T18:32:53.253470+00:00,DION_001,106161,0.7135244568195775,SIMULATED,NORMAL
2026-06-17T18:32:53.264162+00:00,DION_001,106162,0.6495312915014213,SIMULATED,NORMAL
2026-06-17T18:32:53.275168+00:00,DION_001,106163,0.683235446076651,SIMULATED,NORMAL
2026-06-17T18:32:53.286229+00:00,DION_001,106164,0.427831640523065,SIMULATED,NORMAL
2026-06-17T18:32:53.296801+00:00,DION_001,106165,0.8315330023956599,SIMULATED,NORMAL
2026-06-17T18:32:53.307765+00:00,DION_001,106166,0.6906609619786007,SIMULATED,NORMAL
2026-06-17T18:32:53.318722+00:00,DION_001,106167,0.6784822023690091,SIMULATED,NORMAL
2026-06-17T18:32:53.329705+00:00,DION_001,106168,0.6495661566977511,SIMULATED,NORMAL
2026-06-17T18:32:53.340634+00:00,DION_001,106169,0.4653936919725151,SIMULATED,NORMAL
2026-06-17T18:32:53.351407+00:00,DION_001,106170,0.9137856822581896,SIMULATED,NORMAL
2026-06-17T18:32:53.362422+00:00,DION_001,106171,0.6030915836705031,SIMULATED,NORMAL
2026-06-17T18:32:53.373014+00:00,DION_001,106172,0.9028878348721644,SIMULATED,NORMAL
2026-06-17T18:32:53.384055+00:00,DION_001,106173,0.652246598364998,SIMULATED,NORMAL
2026-06-17T18:32:53.395019+00:00,DION_001,106174,0.6529103191455536,SIMULATED,NORMAL
2026-06-17T18:32:53.405640+00:00,DION_001,106175,0.6597802506572239,SIMULATED,NORMAL
2026-06-17T18:32:53.416644+00:00,DION_001,106176,0.7222742852730641,SIMULATED,NORMAL
2026-06-17T18:32:53.427273+00:00,DION_001,106177,0.6027158058841575,SIMULATED,NORMAL
2026-06-17T18:32:53.437855+00:00,DION_001,106178,0.9157213072874661,SIMULATED,NORMAL
2026-06-17T18:32:53.448810+00:00,DION_001,106179,1.0304046433674425,SIMULATED,NORMAL
2026-06-17T18:32:53.459775+00:00,DION_001,106180,0.7211792633856028,SIMULATED,NORMAL
2026-06-17T18:32:53.470316+00:00,DION_001,106181,1.0921802739451043,SIMULATED,NORMAL
2026-06-17T18:32:53.480968+00:00,DION_001,106182,0.7621552369594994,SIMULATED,NORMAL
2026-06-17T18:32:53.491628+00:00,DION_001,106183,0.9998859672302602,SIMULATED,NORMAL
2026-06-17T18:32:53.502318+00:00,DION_001,106184,0.8693124737336865,SIMULATED,NORMAL
2026-06-17T18:32:53.513024+00:00,DION_001,106185,0.8914352260575314,SIMULATED,NORMAL
2026-06-17T18:32:53.523783+00:00,DION_001,106186,1.1200467863883037,SIMULATED,NORMAL
2026-06-17T18:32:53.534548+00:00,DION_001,106187,1.0800597167931443,SIMULATED,NORMAL
2026-06-17T18:32:53.545463+00:00,DION_001,106188,1.054685737331454,SIMULATED,NORMAL
2026-06-17T18:32:53.555988+00:00,DION_001,106189,0.8380933173900654,SIMULATED,NORMAL
2026-06-17T18:32:53.566948+00:00,DION_001,106190,0.9399431768107439,SIMULATED,NORMAL
2026-06-17T18:32:53.577895+00:00,DION_001,106191,1.2190994232789318,SIMULATED,NORMAL
2026-06-17T18:32:53.588855+00:00,DION_001,106192,0.902384590364365,SIMULATED,NORMAL
2026-06-17T18:32:53.599763+00:00,DION_001,106193,0.8451522912783391,SIMULATED,NORMAL
2026-06-17T18:32:53.610762+00:00,DION_001,106194,0.7017395494652531,SIMULATED,NORMAL
2026-06-17T18:32:53.621539+00:00,DION_001,106195,0.809806609559094,SIMULATED,NORMAL
2026-06-17T18:32:53.632447+00:00,DION_001,106196,0.6514244463043577,SIMULATED,NORMAL
2026-06-17T18:32:53.643079+00:00,DION_001,106197,0.71857262174432,SIMULATED,NORMAL
2026-06-17T18:32:53.653737+00:00,DION_001,106198,0.9731529056636108,SIMULATED,NORMAL
2026-06-17T18:32:53.664656+00:00,DION_001,106199,0.8218491307833793,SIMULATED,NORMAL
2026-06-17T18:32:53.675641+00:00,DION_001,106200,0.23168755683263426,SIMULATED,NORMAL
2026-06-17T18:32:53.686545+00:00,DION_001,106201,0.6281296117785686,SIMULATED,NORMAL
2026-06-17T18:32:53.697449+00:00,DION_001,106202,0.3369394077266331,SIMULATED,NORMAL
2026-06-17T18:32:53.708390+00:00,DION_001,106203,0.53455811082575,SIMULATED,NORMAL
2026-06-17T18:32:53.719471+00:00,DION_001,106204,0.4991137040141149,SIMULATED,NORMAL
2026-06-17T18:32:53.730635+00:00,DION_001,106205,0.27322651181940155,SIMULATED,NORMAL
2026-06-17T18:32:53.741569+00:00,DION_001,106206,0.6114842659511635,SIMULATED,NORMAL
2026-06-17T18:32:53.752514+00:00,DION_001,106207,0.38200906151566927,SIMULATED,NORMAL
2026-06-17T18:32:53.763252+00:00,DION_001,106208,0.08851973874712352,SIMULATED,NORMAL
2026-06-17T18:32:53.773922+00:00,DION_001,106209,0.15382497524659844,SIMULATED,NORMAL
2026-06-17T18:32:53.784868+00:00,DION_001,106210,-0.0015066766171591695,SIMULATED,NORMAL
2026-06-17T18:32:53.795563+00:00,DION_001,106211,-0.09429147738483773,SIMULATED,NORMAL
2026-06-17T18:32:53.806489+00:00,DION_001,106212,-1.5461601088115406,SIMULATED,NORMAL
2026-06-17T18:32:53.817604+00:00,DION_001,106213,0.27168977014440376,SIMULATED,NORMAL
2026-06-17T18:32:53.828681+00:00,DION_001,106214,-0.08243403855472332,SIMULATED,NORMAL
2026-06-17T18:32:53.839691+00:00,DION_001,106215,-0.08386683742136922,SIMULATED,NORMAL
2026-06-17T18:32:53.850718+00:00,DION_001,106216,0.2519178392676176,SIMULATED,NORMAL
2026-06-17T18:32:53.861731+00:00,DION_001,106217,-0.18057142103015383,SIMULATED,NORMAL
2026-06-17T18:32:53.872238+00:00,DION_001,106218,-0.4455017064463402,SIMULATED,NORMAL
2026-06-17T18:32:53.883461+00:00,DION_001,106219,-0.03760161306396384,SIMULATED,NORMAL
2026-06-17T18:32:53.894113+00:00,DION_001,106220,-0.17073206746026603,SIMULATED,NORMAL
2026-06-17T18:32:53.904642+00:00,DION_001,106221,-0.3336393699070699,SIMULATED,NORMAL
2026-06-17T18:32:53.915084+00:00,DION_001,106222,-0.05906121569605749,SIMULATED,NORMAL
2026-06-17T18:32:53.925566+00:00,DION_001,106223,-0.2945126952203969,SIMULATED,NORMAL
2026-06-17T18:32:53.936068+00:00,DION_001,106224,-0.49741608537272375,SIMULATED,NORMAL
2026-06-17T18:32:53.946556+00:00,DION_001,106225,-0.1921406269197755,SIMULATED,NORMAL
2026-06-17T18:32:53.956861+00:00,DION_001,106226,-0.4155605156212332,SIMULATED,NORMAL
2026-06-17T18:32:53.967179+00:00,DION_001,106227,-0.16472178040046026,SIMULATED,NORMAL
2026-06-17T18:32:53.977543+00:00,DION_001,106228,-0.22798268204888106,SIMULATED,NORMAL
2026-06-17T18:32:53.987942+00:00,DION_001,106229,-0.38885267094884246,SIMULATED,NORMAL
2026-06-17T18:32:53.998343+00:00,DION_001,106230,-0.45395357975769796,SIMULATED,NORMAL
2026-06-17T18:32:54.008755+00:00,DION_001,106231,-0.6185878253076392,SIMULATED,NORMAL
2026-06-17T18:32:54.019243+00:00,DION_001,106232,-0.21435496735409562,SIMULATED,NORMAL
2026-06-17T18:32:54.029771+00:00,DION_001,106233,-0.22165476112553625,SIMULATED,NORMAL
2026-06-17T18:32:54.040280+00:00,DION_001,106234,-0.2780103967975688,SIMULATED,NORMAL
2026-06-17T18:32:54.050922+00:00,DION_001,106235,-0.24517555552303957,SIMULATED,NORMAL
2026-06-17T18:32:54.061371+00:00,DION_001,106236,-0.3402463906675775,SIMULATED,NORMAL
2026-06-17T18:32:54.072006+00:00,DION_001,106237,-0.6100436795731328,SIMULATED,NORMAL
2026-06-17T18:32:54.082878+00:00,DION_001,106238,-0.3250666857274532,SIMULATED,NORMAL
2026-06-17T18:32:54.093786+00:00,DION_001,106239,-0.31323947578029554,SIMULATED,NORMAL
2026-06-17T18:32:54.104295+00:00,DION_001,106240,-0.4776691043695439,SIMULATED,NORMAL
2026-06-17T18:32:54.115189+00:00,DION_001,106241,-0.44171352591480384,SIMULATED,NORMAL
2026-06-17T18:32:54.126094+00:00,DION_001,106242,-0.5039394111367844,SIMULATED,NORMAL
2026-06-17T18:32:54.137050+00:00,DION_001,106243,0.01110487154673534,SIMULATED,NORMAL
2026-06-17T18:32:54.147933+00:00,DION_001,106244,-0.3110696533546421,SIMULATED,NORMAL
2026-06-17T18:32:54.158886+00:00,DION_001,106245,-0.21804968525780585,SIMULATED,NORMAL
2026-06-17T18:32:54.169499+00:00,DION_001,106246,-0.34343744524229947,SIMULATED,NORMAL
2026-06-17T18:32:54.180407+00:00,DION_001,106247,-0.11977090089061199,SIMULATED,NORMAL
2026-06-17T18:32:54.191508+00:00,DION_001,106248,0.034842904927715385,SIMULATED,NORMAL
2026-06-17T18:32:54.202063+00:00,DION_001,106249,-0.2677408299741676,SIMULATED,NORMAL
2026-06-17T18:32:54.213009+00:00,DION_001,106250,-0.16255933708000891,SIMULATED,NORMAL
2026-06-17T18:32:54.223967+00:00,DION_001,106251,-0.3302082045786354,SIMULATED,NORMAL
2026-06-17T18:32:54.234887+00:00,DION_001,106252,-0.2093993008214428,SIMULATED,NORMAL
2026-06-17T18:32:54.245799+00:00,DION_001,106253,-0.20081810802620848,SIMULATED,NORMAL
2026-06-17T18:32:54.256778+00:00,DION_001,106254,0.03544578916096361,SIMULATED,NORMAL
2026-06-17T18:32:54.267417+00:00,DION_001,106255,-0.2705560022590573,SIMULATED,NORMAL
2026-06-17T18:32:54.277988+00:00,DION_001,106256,0.07248921092421834,SIMULATED,NORMAL
2026-06-17T18:32:54.288984+00:00,DION_001,106257,0.04380223750266386,SIMULATED,NORMAL
2026-06-17T18:32:54.299932+00:00,DION_001,106258,0.04529057520809421,SIMULATED,NORMAL
2026-06-17T18:32:54.310564+00:00,DION_001,106259,0.02859103766450899,SIMULATED,NORMAL
2026-06-17T18:32:54.321510+00:00,DION_001,106260,-0.03498534690511936,SIMULATED,NORMAL
2026-06-17T18:32:54.332472+00:00,DION_001,106261,0.04251254129318792,SIMULATED,NORMAL
2026-06-17T18:32:54.343237+00:00,DION_001,106262,-0.09448229055822265,SIMULATED,NORMAL
2026-06-17T18:32:54.354167+00:00,DION_001,106263,0.06088760661853554,SIMULATED,NORMAL
2026-06-17T18:32:54.364822+00:00,DION_001,106264,-0.005021228751915532,SIMULATED,NORMAL
2026-06-17T18:32:54.375315+00:00,DION_001,106265,0.1775594754642167,SIMULATED,NORMAL
2026-06-17T18:32:54.385990+00:00,DION_001,106266,0.03775583737606249,SIMULATED,NORMAL
2026-06-17T18:32:54.396650+00:00,DION_001,106267,-0.13592061183156223,SIMULATED,NORMAL
2026-06-17T18:32:54.407249+00:00,DION_001,106268,-0.1875386507863087,SIMULATED,NORMAL
2026-06-17T18:32:54.417913+00:00,DION_001,106269,-0.5078017904493182,SIMULATED,NORMAL
2026-06-17T18:32:54.428670+00:00,DION_001,106270,-0.0479109927165368,SIMULATED,NORMAL
2026-06-17T18:32:54.439426+00:00,DION_001,106271,-0.03800675003173237,SIMULATED,NORMAL
2026-06-17T18:32:54.450042+00:00,DION_001,106272,-0.4008384532048057,SIMULATED,NORMAL
2026-06-17T18:32:54.460635+00:00,DION_001,106273,-0.11287144866194707,SIMULATED,NORMAL
2026-06-17T18:32:54.471131+00:00,DION_001,106274,-0.35546423983410314,SIMULATED,NORMAL
2026-06-17T18:32:54.481913+00:00,DION_001,106275,-0.09728201951431595,SIMULATED,NORMAL
2026-06-17T18:32:54.492526+00:00,DION_001,106276,-0.31097311751211054,SIMULATED,NORMAL
2026-06-17T18:32:54.503361+00:00,DION_001,106277,-0.47331762045728654,SIMULATED,NORMAL
2026-06-17T18:32:54.513822+00:00,DION_001,106278,-0.4684546734179694,SIMULATED,NORMAL
2026-06-17T18:32:54.524513+00:00,DION_001,106279,-0.36640452413331603,SIMULATED,NORMAL
2026-06-17T18:32:54.535328+00:00,DION_001,106280,-0.7225460353230142,SIMULATED,NORMAL
2026-06-17T18:32:54.545925+00:00,DION_001,106281,-0.4982713861707811,SIMULATED,NORMAL
2026-06-17T18:32:54.556685+00:00,DION_001,106282,-0.5621303587680606,SIMULATED,NORMAL
2026-06-17T18:32:54.567293+00:00,DION_001,106283,-0.7740113721299207,SIMULATED,NORMAL
2026-06-17T18:32:54.577883+00:00,DION_001,106284,-0.6888754454984615,SIMULATED,NORMAL
2026-06-17T18:32:54.588866+00:00,DION_001,106285,-0.5766534096967467,SIMULATED,NORMAL
2026-06-17T18:32:54.599902+00:00,DION_001,106286,-0.5268572551078048,SIMULATED,NORMAL
2026-06-17T18:32:54.610601+00:00,DION_001,106287,-0.7261650765135053,SIMULATED,NORMAL
2026-06-17T18:32:54.621616+00:00,DION_001,106288,-0.8052774140020471,SIMULATED,NORMAL
2026-06-17T18:32:54.632662+00:00,DION_001,106289,-0.7921280692117498,SIMULATED,NORMAL
2026-06-17T18:32:54.643640+00:00,DION_001,106290,-0.8854972511995653,SIMULATED,NORMAL
2026-06-17T18:32:54.654550+00:00,DION_001,106291,-0.9713617383544266,SIMULATED,NORMAL
2026-06-17T18:32:54.665649+00:00,DION_001,106292,-0.7990441928571056,SIMULATED,NORMAL
2026-06-17T18:32:54.676738+00:00,DION_001,106293,-0.9785027786292654,SIMULATED,NORMAL
2026-06-17T18:32:54.687399+00:00,DION_001,106294,-0.9570461954304371,SIMULATED,NORMAL
2026-06-17T18:32:54.698361+00:00,DION_001,106295,-1.126994356180497,SIMULATED,NORMAL
2026-06-17T18:32:54.709440+00:00,DION_001,106296,-1.2533859295745704,SIMULATED,NORMAL
2026-06-17T18:32:54.720377+00:00,DION_001,106297,-1.3291761948188334,SIMULATED,NORMAL
2026-06-17T18:32:54.731237+00:00,DION_001,106298,-1.2320365987376385,SIMULATED,NORMAL
2026-06-17T18:32:54.742210+00:00,DION_001,106299,-0.9661575734294053,SIMULATED,NORMAL
2026-06-17T18:32:54.753142+00:00,DION_001,106300,-1.1547812887453197,SIMULATED,NORMAL
2026-06-17T18:32:54.763743+00:00,DION_001,106301,-1.0997955251567118,SIMULATED,NORMAL
2026-06-17T18:32:54.774698+00:00,DION_001,106302,-1.2150668175037747,SIMULATED,NORMAL
2026-06-17T18:32:54.785627+00:00,DION_001,106303,-1.1214225791175256,SIMULATED,NORMAL
2026-06-17T18:32:54.796725+00:00,DION_001,106304,-1.110375513042609,SIMULATED,NORMAL
2026-06-17T18:32:54.807659+00:00,DION_001,106305,-1.0300554797117527,SIMULATED,NORMAL
2026-06-17T18:32:54.818631+00:00,DION_001,106306,-1.0420769161385877,SIMULATED,NORMAL
2026-06-17T18:32:54.829597+00:00,DION_001,106307,-1.1383702782423901,SIMULATED,NORMAL
2026-06-17T18:32:54.840777+00:00,DION_001,106308,-1.2274644450268022,SIMULATED,NORMAL
2026-06-17T18:32:54.851834+00:00,DION_001,106309,-0.9822663540758872,SIMULATED,NORMAL
2026-06-17T18:32:54.862780+00:00,DION_001,106310,-1.110623913726014,SIMULATED,NORMAL
2026-06-17T18:32:54.873372+00:00,DION_001,106311,-1.3355016699604614,SIMULATED,NORMAL
2026-06-17T18:32:54.884323+00:00,DION_001,106312,-1.2213713413808378,SIMULATED,NORMAL
2026-06-17T18:32:54.895400+00:00,DION_001,106313,-1.1049591823586273,SIMULATED,NORMAL
2026-06-17T18:32:54.906128+00:00,DION_001,106314,-0.8774839043720751,SIMULATED,NORMAL
2026-06-17T18:32:54.917112+00:00,DION_001,106315,-1.2667753664106876,SIMULATED,NORMAL
2026-06-17T18:32:54.928035+00:00,DION_001,106316,-0.8481377907259233,SIMULATED,NORMAL
2026-06-17T18:32:54.939064+00:00,DION_001,106317,-0.9735119007889539,SIMULATED,NORMAL
2026-06-17T18:32:54.949659+00:00,DION_001,106318,-1.1288429288633575,SIMULATED,NORMAL
2026-06-17T18:32:54.960743+00:00,DION_001,106319,-1.1409394948399003,SIMULATED,NORMAL
2026-06-17T18:32:54.971676+00:00,DION_001,106320,-0.9033074577957549,SIMULATED,NORMAL
2026-06-17T18:32:54.982339+00:00,DION_001,106321,-0.8355016643794243,SIMULATED,NORMAL
2026-06-17T18:32:54.992889+00:00,DION_001,106322,-0.9482323930675262,SIMULATED,NORMAL
2026-06-17T18:32:55.003490+00:00,DION_001,106323,-0.832759582874358,SIMULATED,NORMAL
2026-06-17T18:32:55.013879+00:00,DION_001,106324,-0.8342201968310798,SIMULATED,NORMAL
2026-06-17T18:32:55.024330+00:00,DION_001,106325,-0.8106558275257667,SIMULATED,NORMAL
2026-06-17T18:32:55.034708+00:00,DION_001,106326,2.274816604248464,SIMULATED,EVENT_DETECTED
2026-06-17T18:32:55.045344+00:00,DION_001,106327,-0.3974753696373384,SIMULATED,NORMAL
2026-06-17T18:32:55.055753+00:00,DION_001,106328,-1.0385648102931628,SIMULATED,NORMAL
2026-06-17T18:32:55.066137+00:00,DION_001,106329,-0.40658745017694353,SIMULATED,NORMAL
2026-06-17T18:32:55.076655+00:00,DION_001,106330,-0.515737869429371,SIMULATED,NORMAL
2026-06-17T18:32:55.087089+00:00,DION_001,106331,-0.7400012424504916,SIMULATED,NORMAL
2026-06-17T18:32:55.097536+00:00,DION_001,106332,-0.4443677584902894,SIMULATED,NORMAL
2026-06-17T18:32:55.108032+00:00,DION_001,106333,-0.4726866524675108,SIMULATED,NORMAL
2026-06-17T18:32:55.118535+00:00,DION_001,106334,-0.24205856127436573,SIMULATED,NORMAL
2026-06-17T18:32:55.129091+00:00,DION_001,106335,-0.4371193572729433,SIMULATED,NORMAL
2026-06-17T18:32:55.140012+00:00,DION_001,106336,-0.5053778073590959,SIMULATED,NORMAL
2026-06-17T18:32:55.150941+00:00,DION_001,106337,-0.3570681230453525,SIMULATED,NORMAL
2026-06-17T18:32:55.161826+00:00,DION_001,106338,-0.3714524319912237,SIMULATED,NORMAL
2026-06-17T18:32:55.172721+00:00,DION_001,106339,-0.32640753564832337,SIMULATED,NORMAL
2026-06-17T18:32:55.183676+00:00,DION_001,106340,-0.48414549177650196,SIMULATED,NORMAL
2026-06-17T18:32:55.194559+00:00,DION_001,106341,-0.5395115251408321,SIMULATED,NORMAL
2026-06-17T18:32:55.205494+00:00,DION_001,106342,-0.38413511107607784,SIMULATED,NORMAL
2026-06-17T18:32:55.216091+00:00,DION_001,106343,-0.538126702029831,SIMULATED,NORMAL
2026-06-17T18:32:55.226967+00:00,DION_001,106344,-0.6189641457719033,SIMULATED,NORMAL
2026-06-17T18:32:55.237902+00:00,DION_001,106345,-0.5750751117346959,SIMULATED,NORMAL
2026-06-17T18:32:55.248812+00:00,DION_001,106346,-0.5197756383909253,SIMULATED,NORMAL
2026-06-17T18:32:55.259767+00:00,DION_001,106347,-0.2596302401364064,SIMULATED,NORMAL
2026-06-17T18:32:55.270370+00:00,DION_001,106348,-0.49110843634736473,SIMULATED,NORMAL
2026-06-17T18:32:55.281377+00:00,DION_001,106349,-0.5188564697341957,SIMULATED,NORMAL
2026-06-17T18:32:55.292288+00:00,DION_001,106350,-0.2927507980526415,SIMULATED,NORMAL
2026-06-17T18:32:55.303209+00:00,DION_001,106351,-0.30437857834264237,SIMULATED,NORMAL
2026-06-17T18:32:55.314098+00:00,DION_001,106352,-0.2263110150977155,SIMULATED,NORMAL
2026-06-17T18:32:55.325154+00:00,DION_001,106353,-0.47041249841326926,SIMULATED,NORMAL
2026-06-17T18:32:55.336175+00:00,DION_001,106354,-0.4791203986776242,SIMULATED,NORMAL
2026-06-17T18:32:55.347138+00:00,DION_001,106355,-0.5236223886299343,SIMULATED,NORMAL
2026-06-17T18:32:55.357796+00:00,DION_001,106356,-0.3335099934746943,SIMULATED,NORMAL
2026-06-17T18:32:55.368743+00:00,DION_001,106357,-0.5983217692920715,SIMULATED,NORMAL
2026-06-17T18:32:55.379714+00:00,DION_001,106358,-0.5766308460826317,SIMULATED,NORMAL
2026-06-17T18:32:55.390639+00:00,DION_001,106359,-0.234514198535815,SIMULATED,NORMAL
2026-06-17T18:32:55.401578+00:00,DION_001,106360,-0.7626112893550764,SIMULATED,NORMAL
2026-06-17T18:32:55.412525+00:00,DION_001,106361,-0.5446054977176117,SIMULATED,NORMAL
2026-06-17T18:32:55.423471+00:00,DION_001,106362,-0.6493753201585919,SIMULATED,NORMAL
2026-06-17T18:32:55.434041+00:00,DION_001,106363,-0.48004026605900685,SIMULATED,NORMAL
2026-06-17T18:32:55.444663+00:00,DION_001,106364,-0.7953204858561594,SIMULATED,NORMAL
2026-06-17T18:32:55.455273+00:00,DION_001,106365,-0.718664796585429,SIMULATED,NORMAL
2026-06-17T18:32:55.465852+00:00,DION_001,106366,-0.4782698502299547,SIMULATED,NORMAL
2026-06-17T18:32:55.476451+00:00,DION_001,106367,-0.8283343654274926,SIMULATED,NORMAL
2026-06-17T18:32:55.487230+00:00,DION_001,106368,-0.8651834072997452,SIMULATED,NORMAL
2026-06-17T18:32:55.497814+00:00,DION_001,106369,-0.7189329119728005,SIMULATED,NORMAL
2026-06-17T18:32:55.508437+00:00,DION_001,106370,-0.8870109625968373,SIMULATED,NORMAL
2026-06-17T18:32:55.519191+00:00,DION_001,106371,-0.46607672633461533,SIMULATED,NORMAL
2026-06-17T18:32:55.529791+00:00,DION_001,106372,-0.6010693172481586,SIMULATED,NORMAL
2026-06-17T18:32:55.540396+00:00,DION_001,106373,-0.7583798721694011,SIMULATED,NORMAL
2026-06-17T18:32:55.551276+00:00,DION_001,106374,-0.7836377066723014,SIMULATED,NORMAL
2026-06-17T18:32:55.561876+00:00,DION_001,106375,-0.7462401199929716,SIMULATED,NORMAL
2026-06-17T18:32:55.572521+00:00,DION_001,106376,-0.9066901269841279,SIMULATED,NORMAL
2026-06-17T18:32:55.583258+00:00,DION_001,106377,-0.8860590831917696,SIMULATED,NORMAL
2026-06-17T18:32:55.593880+00:00,DION_001,106378,-1.034127437151608,SIMULATED,NORMAL
2026-06-17T18:32:55.604502+00:00,DION_001,106379,-0.8825782587262877,SIMULATED,NORMAL
2026-06-17T18:32:55.615305+00:00,DION_001,106380,-0.7369819796042927,SIMULATED,NORMAL
2026-06-17T18:32:55.625906+00:00,DION_001,106381,-0.6169384410214513,SIMULATED,NORMAL
2026-06-17T18:32:55.636909+00:00,DION_001,106382,-0.9157345722149929,SIMULATED,NORMAL
2026-06-17T18:32:55.647873+00:00,DION_001,106383,-0.776274848711031,SIMULATED,NORMAL
2026-06-17T18:32:55.658801+00:00,DION_001,106384,-1.067457806331643,SIMULATED,NORMAL
2026-06-17T18:32:55.669724+00:00,DION_001,106385,-0.7643519777896761,SIMULATED,NORMAL
2026-06-17T18:32:55.680779+00:00,DION_001,106386,-0.573262002074624,SIMULATED,NORMAL
2026-06-17T18:32:55.691757+00:00,DION_001,106387,-1.015808798130051,SIMULATED,NORMAL
2026-06-17T18:32:55.702687+00:00,DION_001,106388,-0.633582083887122,SIMULATED,NORMAL
2026-06-17T18:32:55.713353+00:00,DION_001,106389,-0.587497015107586,SIMULATED,NORMAL
2026-06-17T18:32:55.724307+00:00,DION_001,106390,-0.3826209869635835,SIMULATED,NORMAL
2026-06-17T18:32:55.735413+00:00,DION_001,106391,-0.5937687526585224,SIMULATED,NORMAL
2026-06-17T18:32:55.746346+00:00,DION_001,106392,-0.7894915945554832,SIMULATED,NORMAL
2026-06-17T18:32:55.757298+00:00,DION_001,106393,-0.5016916635307711,SIMULATED,NORMAL
2026-06-17T18:32:55.768250+00:00,DION_001,106394,-0.5503251146600125,SIMULATED,NORMAL
2026-06-17T18:32:55.779191+00:00,DION_001,106395,-0.5492231266115012,SIMULATED,NORMAL
2026-06-17T18:32:55.790404+00:00,DION_001,106396,-0.43538111107490435,SIMULATED,NORMAL
2026-06-17T18:32:55.801393+00:00,DION_001,106397,-0.5943045535487042,SIMULATED,NORMAL
2026-06-17T18:32:55.812331+00:00,DION_001,106398,-0.4371702285841507,SIMULATED,NORMAL
2026-06-17T18:32:55.823406+00:00,DION_001,106399,-0.2633233566699472,SIMULATED,NORMAL
2026-06-17T18:32:55.834370+00:00,DION_001,106400,-0.22387987513691665,SIMULATED,NORMAL
2026-06-17T18:32:55.845343+00:00,DION_001,106401,-0.11083737630835544,SIMULATED,NORMAL
2026-06-17T18:32:55.856419+00:00,DION_001,106402,-0.2214437235885655,SIMULATED,NORMAL
2026-06-17T18:32:55.867685+00:00,DION_001,106403,-0.21278629271990396,SIMULATED,NORMAL
2026-06-17T18:32:55.878636+00:00,DION_001,106404,0.0384593787143853,SIMULATED,NORMAL
2026-06-17T18:32:55.889285+00:00,DION_001,106405,0.16008759449282445,SIMULATED,NORMAL
2026-06-17T18:32:55.900233+00:00,DION_001,106406,0.04732716369041813,SIMULATED,NORMAL
2026-06-17T18:32:55.911198+00:00,DION_001,106407,-0.11146779721147386,SIMULATED,NORMAL
2026-06-17T18:32:55.921808+00:00,DION_001,106408,0.06773593982806998,SIMULATED,NORMAL
2026-06-17T18:32:55.932726+00:00,DION_001,106409,0.38595455362378894,SIMULATED,NORMAL
2026-06-17T18:32:55.943694+00:00,DION_001,106410,0.06464060477940328,SIMULATED,NORMAL
2026-06-17T18:32:55.954667+00:00,DION_001,106411,0.24994492201160498,SIMULATED,NORMAL
2026-06-17T18:32:55.965610+00:00,DION_001,106412,0.33503208198778156,SIMULATED,NORMAL
2026-06-17T18:32:55.976698+00:00,DION_001,106413,0.16772106249684224,SIMULATED,NORMAL
2026-06-17T18:32:55.987698+00:00,DION_001,106414,0.3229871858385103,SIMULATED,NORMAL
2026-06-17T18:32:55.998311+00:00,DION_001,106415,0.5198812786353983,SIMULATED,NORMAL
2026-06-17T18:32:56.009217+00:00,DION_001,106416,0.33048586917749023,SIMULATED,NORMAL
2026-06-17T18:32:56.020330+00:00,DION_001,106417,0.4193093691356494,SIMULATED,NORMAL
2026-06-17T18:32:56.031437+00:00,DION_001,106418,0.42506927410277967,SIMULATED,NORMAL
2026-06-17T18:32:56.042357+00:00,DION_001,106419,0.5775687716870094,SIMULATED,NORMAL
2026-06-17T18:32:56.053292+00:00,DION_001,106420,0.47440428222332803,SIMULATED,NORMAL
2026-06-17T18:32:56.064255+00:00,DION_001,106421,0.5772743172142532,SIMULATED,NORMAL
2026-06-17T18:32:56.075421+00:00,DION_001,106422,0.335220129653939,SIMULATED,NORMAL
2026-06-17T18:32:56.086077+00:00,DION_001,106423,0.20886978557488417,SIMULATED,NORMAL
2026-06-17T18:32:56.096662+00:00,DION_001,106424,0.5498539515410534,SIMULATED,NORMAL
2026-06-17T18:32:56.107079+00:00,DION_001,106425,0.4186976514413016,SIMULATED,NORMAL
2026-06-17T18:32:56.117480+00:00,DION_001,106426,0.5467153163079055,SIMULATED,NORMAL
2026-06-17T18:32:56.127800+00:00,DION_001,106427,0.4767000099496363,SIMULATED,NORMAL
2026-06-17T18:32:56.138114+00:00,DION_001,106428,0.34900835843122385,SIMULATED,NORMAL
2026-06-17T18:32:56.148512+00:00,DION_001,106429,0.4367410727813287,SIMULATED,NORMAL
2026-06-17T18:32:56.159282+00:00,DION_001,106430,0.6808151562033833,SIMULATED,NORMAL
2026-06-17T18:32:56.170149+00:00,DION_001,106431,0.13302264656002155,SIMULATED,NORMAL
2026-06-17T18:32:56.180965+00:00,DION_001,106432,0.6140206475254815,SIMULATED,NORMAL
2026-06-17T18:32:56.191832+00:00,DION_001,106433,0.6085396509896154,SIMULATED,NORMAL
2026-06-17T18:32:56.202917+00:00,DION_001,106434,0.39716392087511726,SIMULATED,NORMAL
2026-06-17T18:32:56.213431+00:00,DION_001,106435,0.5262506691830005,SIMULATED,NORMAL
2026-06-17T18:32:56.223966+00:00,DION_001,106436,0.33388470963677624,SIMULATED,NORMAL
2026-06-17T18:32:56.234963+00:00,DION_001,106437,-0.036565121043265314,SIMULATED,NORMAL
2026-06-17T18:32:56.245865+00:00,DION_001,106438,0.3209892874823887,SIMULATED,NORMAL
2026-06-17T18:32:56.256433+00:00,DION_001,106439,0.34112935966627633,SIMULATED,NORMAL
2026-06-17T18:32:56.267480+00:00,DION_001,106440,0.3425058225651582,SIMULATED,NORMAL
2026-06-17T18:32:56.278374+00:00,DION_001,106441,0.07888307809932812,SIMULATED,NORMAL
2026-06-17T18:32:56.289314+00:00,DION_001,106442,0.19529634725773162,SIMULATED,NORMAL
2026-06-17T18:32:56.300239+00:00,DION_001,106443,0.39002463128144754,SIMULATED,NORMAL
2026-06-17T18:32:56.311154+00:00,DION_001,106444,-0.01821066690751022,SIMULATED,NORMAL
2026-06-17T18:32:56.322079+00:00,DION_001,106445,0.23200650478257562,SIMULATED,NORMAL
2026-06-17T18:32:56.333172+00:00,DION_001,106446,0.0009302203958316269,SIMULATED,NORMAL
2026-06-17T18:32:56.344191+00:00,DION_001,106447,0.4049843133511575,SIMULATED,NORMAL
2026-06-17T18:32:56.355085+00:00,DION_001,106448,-0.055177766064461814,SIMULATED,NORMAL
2026-06-17T18:32:56.366055+00:00,DION_001,106449,0.09203464745523668,SIMULATED,NORMAL
2026-06-17T18:32:56.376971+00:00,DION_001,106450,0.09772073784947982,SIMULATED,NORMAL
2026-06-17T18:32:56.387949+00:00,DION_001,106451,-0.031215419450517784,SIMULATED,NORMAL
2026-06-17T18:32:56.398968+00:00,DION_001,106452,-0.02155273328236179,SIMULATED,NORMAL
2026-06-17T18:32:56.410004+00:00,DION_001,106453,0.04341541616190263,SIMULATED,NORMAL
2026-06-17T18:32:56.420778+00:00,DION_001,106454,-0.12591402657512651,SIMULATED,NORMAL
2026-06-17T18:32:56.431658+00:00,DION_001,106455,0.37386828874166717,SIMULATED,NORMAL
2026-06-17T18:32:56.442697+00:00,DION_001,106456,0.23026235687573032,SIMULATED,NORMAL
2026-06-17T18:32:56.453649+00:00,DION_001,106457,0.2359695727089993,SIMULATED,NORMAL
2026-06-17T18:32:56.464369+00:00,DION_001,106458,0.31345021138298634,SIMULATED,NORMAL
2026-06-17T18:32:56.475060+00:00,DION_001,106459,-0.040406595392614236,SIMULATED,NORMAL
2026-06-17T18:32:56.485556+00:00,DION_001,106460,0.07502796412160172,SIMULATED,NORMAL
2026-06-17T18:32:56.496097+00:00,DION_001,106461,0.365951928808527,SIMULATED,NORMAL
2026-06-17T18:32:56.506490+00:00,DION_001,106462,-0.0064572145547211746,SIMULATED,NORMAL
2026-06-17T18:32:56.516765+00:00,DION_001,106463,0.011456240876892898,SIMULATED,NORMAL
2026-06-17T18:32:56.527199+00:00,DION_001,106464,0.2776287499531883,SIMULATED,NORMAL
2026-06-17T18:32:56.537748+00:00,DION_001,106465,-0.01162403270063389,SIMULATED,NORMAL
2026-06-17T18:32:56.548421+00:00,DION_001,106466,0.27219481729928235,SIMULATED,NORMAL
2026-06-17T18:32:56.559164+00:00,DION_001,106467,0.49331243725007073,SIMULATED,NORMAL
2026-06-17T18:32:56.569729+00:00,DION_001,106468,0.2806043955211337,SIMULATED,NORMAL
2026-06-17T18:32:56.580295+00:00,DION_001,106469,0.5253306233275272,SIMULATED,NORMAL
2026-06-17T18:32:56.590866+00:00,DION_001,106470,0.34751441049710313,SIMULATED,NORMAL
2026-06-17T18:32:56.601535+00:00,DION_001,106471,0.3374074540672807,SIMULATED,NORMAL
2026-06-17T18:32:56.612224+00:00,DION_001,106472,0.5693815504319688,SIMULATED,NORMAL
2026-06-17T18:32:56.622738+00:00,DION_001,106473,0.5088962959311361,SIMULATED,NORMAL
2026-06-17T18:32:56.633345+00:00,DION_001,106474,0.4798673170960747,SIMULATED,NORMAL
2026-06-17T18:32:56.644003+00:00,DION_001,106475,0.6869341281991896,SIMULATED,NORMAL
2026-06-17T18:32:56.654618+00:00,DION_001,106476,0.5105328259407877,SIMULATED,NORMAL
2026-06-17T18:32:56.665241+00:00,DION_001,106477,0.8493558449175683,SIMULATED,NORMAL
2026-06-17T18:32:56.675868+00:00,DION_001,106478,0.680558718758423,SIMULATED,NORMAL
2026-06-17T18:32:56.686532+00:00,DION_001,106479,0.8116017900727451,SIMULATED,NORMAL
2026-06-17T18:32:56.697448+00:00,DION_001,106480,0.834843361392059,SIMULATED,NORMAL
2026-06-17T18:32:56.708411+00:00,DION_001,106481,1.0183574480902524,SIMULATED,NORMAL
2026-06-17T18:32:56.719441+00:00,DION_001,106482,1.0146996595297078,SIMULATED,NORMAL
2026-06-17T18:32:56.730359+00:00,DION_001,106483,0.9393726382798213,SIMULATED,NORMAL
2026-06-17T18:32:56.741303+00:00,DION_001,106484,0.9428293909863538,SIMULATED,NORMAL
2026-06-17T18:32:56.751961+00:00,DION_001,106485,0.8800707487604409,SIMULATED,NORMAL
2026-06-17T18:32:56.762914+00:00,DION_001,106486,1.1459932057316466,SIMULATED,NORMAL
2026-06-17T18:32:56.774087+00:00,DION_001,106487,0.9011089663278855,SIMULATED,NORMAL
2026-06-17T18:32:56.785137+00:00,DION_001,106488,0.9176420199849671,SIMULATED,NORMAL
2026-06-17T18:32:56.795672+00:00,DION_001,106489,1.1352290532956941,SIMULATED,NORMAL
2026-06-17T18:32:56.806362+00:00,DION_001,106490,1.3854985447149577,SIMULATED,NORMAL
2026-06-17T18:32:56.817372+00:00,DION_001,106491,1.0913898680629222,SIMULATED,NORMAL
2026-06-17T18:32:56.828280+00:00,DION_001,106492,1.2627185618524952,SIMULATED,NORMAL
2026-06-17T18:32:56.839177+00:00,DION_001,106493,1.164680345596243,SIMULATED,NORMAL
2026-06-17T18:32:56.849807+00:00,DION_001,106494,1.2017930059165958,SIMULATED,NORMAL
2026-06-17T18:32:56.861007+00:00,DION_001,106495,1.2369755763716113,SIMULATED,NORMAL
2026-06-17T18:32:56.872080+00:00,DION_001,106496,1.0585522551387891,SIMULATED,NORMAL
2026-06-17T18:32:56.883108+00:00,DION_001,106497,1.2773935969193966,SIMULATED,NORMAL
2026-06-17T18:32:56.894060+00:00,DION_001,106498,1.2922211206099423,SIMULATED,NORMAL
2026-06-17T18:32:56.904774+00:00,DION_001,106499,1.1217637668869105,SIMULATED,NORMAL
2026-06-17T18:32:56.915678+00:00,DION_001,106500,1.1687184003705027,SIMULATED,NORMAL
2026-06-17T18:32:56.926719+00:00,DION_001,106501,1.2035314421808094,SIMULATED,NORMAL
2026-06-17T18:32:56.937667+00:00,DION_001,106502,1.2918473671818942,SIMULATED,NORMAL
2026-06-17T18:32:56.948720+00:00,DION_001,106503,0.9585068833418565,SIMULATED,NORMAL
2026-06-17T18:32:56.959699+00:00,DION_001,106504,1.1359753989747563,SIMULATED,NORMAL
2026-06-17T18:32:56.970661+00:00,DION_001,106505,1.1873922008482931,SIMULATED,NORMAL
2026-06-17T18:32:56.981140+00:00,DION_001,106506,0.8677546428218439,SIMULATED,NORMAL
2026-06-17T18:32:56.992106+00:00,DION_001,106507,1.1857329721603451,SIMULATED,NORMAL
2026-06-17T18:32:57.003101+00:00,DION_001,106508,1.0812297412685181,SIMULATED,NORMAL
2026-06-17T18:32:57.013713+00:00,DION_001,106509,0.9327411921898944,SIMULATED,NORMAL
2026-06-17T18:32:57.024663+00:00,DION_001,106510,0.983079184683133,SIMULATED,NORMAL
2026-06-17T18:32:57.035571+00:00,DION_001,106511,0.8003234958435166,SIMULATED,NORMAL
2026-06-17T18:32:57.046518+00:00,DION_001,106512,-0.5963512779614666,SIMULATED,NORMAL
2026-06-17T18:32:57.057623+00:00,DION_001,106513,0.6464751273861477,SIMULATED,NORMAL
2026-06-17T18:32:57.068676+00:00,DION_001,106514,0.6235335610554968,SIMULATED,NORMAL
2026-06-17T18:32:57.079667+00:00,DION_001,106515,0.6978641896709252,SIMULATED,NORMAL
2026-06-17T18:32:57.090858+00:00,DION_001,106516,0.9545360308831887,SIMULATED,NORMAL
2026-06-17T18:32:57.101826+00:00,DION_001,106517,0.41798539116761135,SIMULATED,NORMAL
2026-06-17T18:32:57.112437+00:00,DION_001,106518,0.7540185988152618,SIMULATED,NORMAL
2026-06-17T18:32:57.123250+00:00,DION_001,106519,0.6631985164647937,SIMULATED,NORMAL
2026-06-17T18:32:57.134173+00:00,DION_001,106520,0.7905486590704481,SIMULATED,NORMAL
2026-06-17T18:32:57.145088+00:00,DION_001,106521,0.5104103284505788,SIMULATED,NORMAL
2026-06-17T18:32:57.155621+00:00,DION_001,106522,0.5922362081391692,SIMULATED,NORMAL
2026-06-17T18:32:57.166185+00:00,DION_001,106523,0.41282399415784254,SIMULATED,NORMAL
2026-06-17T18:32:57.176700+00:00,DION_001,106524,0.35914157117696344,SIMULATED,NORMAL
2026-06-17T18:32:57.187140+00:00,DION_001,106525,0.6602937064326702,SIMULATED,NORMAL
2026-06-17T18:32:57.197595+00:00,DION_001,106526,0.38459872398691075,SIMULATED,NORMAL
2026-06-17T18:32:57.208028+00:00,DION_001,106527,0.251847789468531,SIMULATED,NORMAL
2026-06-17T18:32:57.218531+00:00,DION_001,106528,0.8198260970878234,SIMULATED,NORMAL
2026-06-17T18:32:57.228861+00:00,DION_001,106529,0.16312711415232484,SIMULATED,NORMAL
2026-06-17T18:32:57.239126+00:00,DION_001,106530,0.21214521127869015,SIMULATED,NORMAL
2026-06-17T18:32:57.249566+00:00,DION_001,106531,0.23503340605976072,SIMULATED,NORMAL
2026-06-17T18:32:57.260057+00:00,DION_001,106532,0.11163448107340712,SIMULATED,NORMAL
2026-06-17T18:32:57.270680+00:00,DION_001,106533,0.5042336275237532,SIMULATED,NORMAL
2026-06-17T18:32:57.281173+00:00,DION_001,106534,0.5318425975330604,SIMULATED,NORMAL
2026-06-17T18:32:57.291700+00:00,DION_001,106535,0.3961123253246887,SIMULATED,NORMAL
2026-06-17T18:32:57.302228+00:00,DION_001,106536,0.3398525508613275,SIMULATED,NORMAL
2026-06-17T18:32:57.314537+00:00,DION_001,106537,0.23590358779890552,SIMULATED,NORMAL
2026-06-17T18:32:57.325041+00:00,DION_001,106538,0.36520132364918184,SIMULATED,NORMAL
2026-06-17T18:32:57.335721+00:00,DION_001,106539,0.3340111516349976,SIMULATED,NORMAL
2026-06-17T18:32:57.346356+00:00,DION_001,106540,0.3725629764727124,SIMULATED,NORMAL
2026-06-17T18:32:57.356924+00:00,DION_001,106541,0.34633772577596567,SIMULATED,NORMAL
2026-06-17T18:32:57.367521+00:00,DION_001,106542,0.21238356284052656,SIMULATED,NORMAL
2026-06-17T18:32:57.378107+00:00,DION_001,106543,0.05647385985763831,SIMULATED,NORMAL
2026-06-17T18:32:57.388837+00:00,DION_001,106544,0.052252676802511,SIMULATED,NORMAL
2026-06-17T18:32:57.399421+00:00,DION_001,106545,0.3976776850184956,SIMULATED,NORMAL
2026-06-17T18:32:57.410033+00:00,DION_001,106546,0.4661795182448689,SIMULATED,NORMAL
2026-06-17T18:32:57.420753+00:00,DION_001,106547,0.6324777984834298,SIMULATED,NORMAL
2026-06-17T18:32:57.431767+00:00,DION_001,106548,0.3338203955178084,SIMULATED,NORMAL
2026-06-17T18:32:57.442347+00:00,DION_001,106549,0.4741185016079357,SIMULATED,NORMAL
2026-06-17T18:32:57.452967+00:00,DION_001,106550,0.09536826837288742,SIMULATED,NORMAL
2026-06-17T18:32:57.463557+00:00,DION_001,106551,0.44799269880161474,SIMULATED,NORMAL
2026-06-17T18:32:57.474116+00:00,DION_001,106552,0.5279725393035529,SIMULATED,NORMAL
2026-06-17T18:32:57.484689+00:00,DION_001,106553,0.4901347593084724,SIMULATED,NORMAL
2026-06-17T18:32:57.495323+00:00,DION_001,106554,0.6251845172806137,SIMULATED,NORMAL
2026-06-17T18:32:57.505955+00:00,DION_001,106555,0.701815216558108,SIMULATED,NORMAL
2026-06-17T18:32:57.516674+00:00,DION_001,106556,0.5954666051492652,SIMULATED,NORMAL
2026-06-17T18:32:57.527322+00:00,DION_001,106557,0.9069753446264883,SIMULATED,NORMAL
2026-06-17T18:32:57.538113+00:00,DION_001,106558,0.43468670970719336,SIMULATED,NORMAL
2026-06-17T18:32:57.548769+00:00,DION_001,106559,0.735971806826938,SIMULATED,NORMAL
2026-06-17T18:32:57.559443+00:00,DION_001,106560,0.8880570837510426,SIMULATED,NORMAL
2026-06-17T18:32:57.570145+00:00,DION_001,106561,0.4507000376546854,SIMULATED,NORMAL
2026-06-17T18:32:57.580761+00:00,DION_001,106562,0.6431318924182687,SIMULATED,NORMAL
2026-06-17T18:32:57.591397+00:00,DION_001,106563,0.7711955511414703,SIMULATED,NORMAL
2026-06-17T18:32:57.602109+00:00,DION_001,106564,0.5889046046519417,SIMULATED,NORMAL
2026-06-17T18:32:57.612974+00:00,DION_001,106565,0.3276187141779623,SIMULATED,NORMAL
2026-06-17T18:32:57.623642+00:00,DION_001,106566,0.8028433113589267,SIMULATED,NORMAL
2026-06-17T18:32:57.634328+00:00,DION_001,106567,0.8888147870027371,SIMULATED,NORMAL
2026-06-17T18:32:57.645261+00:00,DION_001,106568,0.5544314548094842,SIMULATED,NORMAL
2026-06-17T18:32:57.656194+00:00,DION_001,106569,0.83691439966903,SIMULATED,NORMAL
2026-06-17T18:32:57.666708+00:00,DION_001,106570,0.6225828296642525,SIMULATED,NORMAL
2026-06-17T18:32:57.677613+00:00,DION_001,106571,0.5933105671281387,SIMULATED,NORMAL
2026-06-17T18:32:57.688698+00:00,DION_001,106572,0.6694388402611056,SIMULATED,NORMAL
2026-06-17T18:32:57.699432+00:00,DION_001,106573,0.70275158415799,SIMULATED,NORMAL
2026-06-17T18:32:57.710383+00:00,DION_001,106574,0.6912761365606447,SIMULATED,NORMAL
2026-06-17T18:32:57.721349+00:00,DION_001,106575,0.48343321703087583,SIMULATED,NORMAL
2026-06-17T18:32:57.732265+00:00,DION_001,106576,0.767606719781979,SIMULATED,NORMAL
2026-06-17T18:32:57.743191+00:00,DION_001,106577,0.7113799794062239,SIMULATED,NORMAL
2026-06-17T18:32:57.754111+00:00,DION_001,106578,0.48616640609463013,SIMULATED,NORMAL
2026-06-17T18:32:57.765070+00:00,DION_001,106579,0.7280354946741069,SIMULATED,NORMAL
2026-06-17T18:32:57.776075+00:00,DION_001,106580,0.5232045836268049,SIMULATED,NORMAL
2026-06-17T18:32:57.787105+00:00,DION_001,106581,0.6840749440301885,SIMULATED,NORMAL
2026-06-17T18:32:57.797683+00:00,DION_001,106582,0.47281212794944877,SIMULATED,NORMAL
2026-06-17T18:32:57.808276+00:00,DION_001,106583,0.5792552523092086,SIMULATED,NORMAL
2026-06-17T18:32:57.818957+00:00,DION_001,106584,0.043159864020369254,SIMULATED,NORMAL
2026-06-17T18:32:57.829875+00:00,DION_001,106585,0.4669502072569064,SIMULATED,NORMAL
2026-06-17T18:32:57.840829+00:00,DION_001,106586,0.3065710769866979,SIMULATED,NORMAL
2026-06-17T18:32:57.851804+00:00,DION_001,106587,0.43189767492577164,SIMULATED,NORMAL
2026-06-17T18:32:57.862747+00:00,DION_001,106588,0.5590550878710132,SIMULATED,NORMAL
2026-06-17T18:32:57.873403+00:00,DION_001,106589,0.32620724150543834,SIMULATED,NORMAL
2026-06-17T18:32:57.884329+00:00,DION_001,106590,0.4544052100474415,SIMULATED,NORMAL
2026-06-17T18:32:57.895386+00:00,DION_001,106591,0.12550146491641445,SIMULATED,NORMAL
2026-06-17T18:32:57.906065+00:00,DION_001,106592,0.05582155619890029,SIMULATED,NORMAL
2026-06-17T18:32:57.916954+00:00,DION_001,106593,0.24701327693094857,SIMULATED,NORMAL
2026-06-17T18:32:57.927920+00:00,DION_001,106594,-0.02453398970780566,SIMULATED,NORMAL
2026-06-17T18:32:57.938887+00:00,DION_001,106595,-0.11914943403526558,SIMULATED,NORMAL
2026-06-17T18:32:57.949782+00:00,DION_001,106596,0.05040629806737272,SIMULATED,NORMAL
2026-06-17T18:32:57.960768+00:00,DION_001,106597,0.17182045568381077,SIMULATED,NORMAL
2026-06-17T18:32:57.971822+00:00,DION_001,106598,-0.2514758141794339,SIMULATED,NORMAL
2026-06-17T18:32:57.982455+00:00,DION_001,106599,-0.1293464303588301,SIMULATED,NORMAL
2026-06-17T18:32:57.993391+00:00,DION_001,106600,-0.42623669713790086,SIMULATED,NORMAL
2026-06-17T18:32:58.004338+00:00,DION_001,106601,0.06514643694935751,SIMULATED,NORMAL
2026-06-17T18:32:58.015444+00:00,DION_001,106602,-0.41554545685281397,SIMULATED,NORMAL
2026-06-17T18:32:58.026367+00:00,DION_001,106603,2.5372964862823357,SIMULATED,EVENT_DETECTED
2026-06-17T18:32:58.037784+00:00,DION_001,106604,-0.3519708784301924,SIMULATED,NORMAL
2026-06-17T18:32:58.048728+00:00,DION_001,106605,-0.42923581991574206,SIMULATED,NORMAL
2026-06-17T18:32:58.059695+00:00,DION_001,106606,-0.17072851911102743,SIMULATED,NORMAL
2026-06-17T18:32:58.070774+00:00,DION_001,106607,-0.4744670910823916,SIMULATED,NORMAL
2026-06-17T18:32:58.081707+00:00,DION_001,106608,-0.4749703915875342,SIMULATED,NORMAL
2026-06-17T18:32:58.092695+00:00,DION_001,106609,-0.2315126790589208,SIMULATED,NORMAL
2026-06-17T18:32:58.103584+00:00,DION_001,106610,-0.7816688167964008,SIMULATED,NORMAL
2026-06-17T18:32:58.114566+00:00,DION_001,106611,-2.6080040702627096,SIMULATED,EVENT_DETECTED
2026-06-17T18:32:58.125735+00:00,DION_001,106612,-0.5699666114160457,SIMULATED,NORMAL
2026-06-17T18:32:58.136865+00:00,DION_001,106613,-0.7933778928202769,SIMULATED,NORMAL
2026-06-17T18:32:58.147835+00:00,DION_001,106614,-0.595561213723106,SIMULATED,NORMAL
2026-06-17T18:32:58.158761+00:00,DION_001,106615,-0.5914967837060776,SIMULATED,NORMAL
2026-06-17T18:32:58.169322+00:00,DION_001,106616,-0.5709961034332443,SIMULATED,NORMAL
2026-06-17T18:32:58.180283+00:00,DION_001,106617,-0.45592865329166377,SIMULATED,NORMAL
2026-06-17T18:32:58.191527+00:00,DION_001,106618,-0.6315336225889523,SIMULATED,NORMAL
2026-06-17T18:32:58.202183+00:00,DION_001,106619,-0.7432219378590278,SIMULATED,NORMAL
2026-06-17T18:32:58.213243+00:00,DION_001,106620,-0.34456761208740727,SIMULATED,NORMAL
2026-06-17T18:32:58.224169+00:00,DION_001,106621,-0.7123425986563097,SIMULATED,NORMAL
2026-06-17T18:32:58.235128+00:00,DION_001,106622,-0.6779430143808663,SIMULATED,NORMAL
2026-06-17T18:32:58.246087+00:00,DION_001,106623,-0.4739246692628687,SIMULATED,NORMAL
2026-06-17T18:32:58.256614+00:00,DION_001,106624,-0.709904050499886,SIMULATED,NORMAL
2026-06-17T18:32:58.267152+00:00,DION_001,106625,-0.5422570930437901,SIMULATED,NORMAL
2026-06-17T18:32:58.277603+00:00,DION_001,106626,-0.19472866126270272,SIMULATED,NORMAL
2026-06-17T18:32:58.288065+00:00,DION_001,106627,-0.5185621706472844,SIMULATED,NORMAL
2026-06-17T18:32:58.298464+00:00,DION_001,106628,-0.5117144704448721,SIMULATED,NORMAL
2026-06-17T18:32:58.308962+00:00,DION_001,106629,-0.5573138074225154,SIMULATED,NORMAL
2026-06-17T18:32:58.319276+00:00,DION_001,106630,-0.3130166140937838,SIMULATED,NORMAL
2026-06-17T18:32:58.329587+00:00,DION_001,106631,-0.33101452057904956,SIMULATED,NORMAL
2026-06-17T18:32:58.339956+00:00,DION_001,106632,-0.14371882041449174,SIMULATED,NORMAL
2026-06-17T18:32:58.350374+00:00,DION_001,106633,-0.34936557479341007,SIMULATED,NORMAL
2026-06-17T18:32:58.360807+00:00,DION_001,106634,-0.36969761801970774,SIMULATED,NORMAL
2026-06-17T18:32:58.371148+00:00,DION_001,106635,-0.20317232735125262,SIMULATED,NORMAL
2026-06-17T18:32:58.381662+00:00,DION_001,106636,-0.32348597907502225,SIMULATED,NORMAL
2026-06-17T18:32:58.392121+00:00,DION_001,106637,-0.24106491460078688,SIMULATED,NORMAL
2026-06-17T18:32:58.402625+00:00,DION_001,106638,-0.25567925930473084,SIMULATED,NORMAL
2026-06-17T18:32:58.413561+00:00,DION_001,106639,-0.47023585071200025,SIMULATED,NORMAL
2026-06-17T18:32:58.424463+00:00,DION_001,106640,-0.4834166393753463,SIMULATED,NORMAL
2026-06-17T18:32:58.435349+00:00,DION_001,106641,-0.29661459370691484,SIMULATED,NORMAL
2026-06-17T18:32:58.445862+00:00,DION_001,106642,-0.22047844744118963,SIMULATED,NORMAL
2026-06-17T18:32:58.456819+00:00,DION_001,106643,-0.2194998965698305,SIMULATED,NORMAL
2026-06-17T18:32:58.467366+00:00,DION_001,106644,-0.057273625221718305,SIMULATED,NORMAL
2026-06-17T18:32:58.478271+00:00,DION_001,106645,-0.09805539101473652,SIMULATED,NORMAL
2026-06-17T18:32:58.489333+00:00,DION_001,106646,-0.040666682167580404,SIMULATED,NORMAL
2026-06-17T18:32:58.500026+00:00,DION_001,106647,-0.269631110117026,SIMULATED,NORMAL
2026-06-17T18:32:58.510566+00:00,DION_001,106648,0.1252818067709522,SIMULATED,NORMAL
2026-06-17T18:32:58.521240+00:00,DION_001,106649,-0.3832185194581367,SIMULATED,NORMAL
2026-06-17T18:32:58.532289+00:00,DION_001,106650,-0.22410322613630054,SIMULATED,NORMAL
2026-06-17T18:32:58.543254+00:00,DION_001,106651,-0.38421646591347036,SIMULATED,NORMAL
2026-06-17T18:32:58.554179+00:00,DION_001,106652,-0.2912101202050881,SIMULATED,NORMAL
2026-06-17T18:32:58.565144+00:00,DION_001,106653,-0.11401218692797493,SIMULATED,NORMAL
2026-06-17T18:32:58.576306+00:00,DION_001,106654,-0.24816018720977967,SIMULATED,NORMAL
2026-06-17T18:32:58.587067+00:00,DION_001,106655,-0.019760583308917112,SIMULATED,NORMAL
2026-06-17T18:32:58.597945+00:00,DION_001,106656,-0.21744147463626845,SIMULATED,NORMAL
2026-06-17T18:32:58.608729+00:00,DION_001,106657,-0.35340649359532533,SIMULATED,NORMAL
2026-06-17T18:32:58.619334+00:00,DION_001,106658,-0.6363534891922805,SIMULATED,NORMAL
2026-06-17T18:32:58.630002+00:00,DION_001,106659,-0.4233842346837517,SIMULATED,NORMAL
2026-06-17T18:32:58.640872+00:00,DION_001,106660,-0.5940880876276547,SIMULATED,NORMAL
2026-06-17T18:32:58.651459+00:00,DION_001,106661,-0.43696616638731717,SIMULATED,NORMAL
2026-06-17T18:32:58.662372+00:00,DION_001,106662,-0.22739147230298282,SIMULATED,NORMAL
2026-06-17T18:32:58.673261+00:00,DION_001,106663,-0.3975665880287277,SIMULATED,NORMAL
2026-06-17T18:32:58.683845+00:00,DION_001,106664,-0.6507541764403375,SIMULATED,NORMAL
2026-06-17T18:32:58.694824+00:00,DION_001,106665,-0.5827338592952821,SIMULATED,NORMAL
2026-06-17T18:32:58.705710+00:00,DION_001,106666,-0.40110470243906116,SIMULATED,NORMAL
2026-06-17T18:32:58.716668+00:00,DION_001,106667,-0.7885026881430445,SIMULATED,NORMAL
2026-06-17T18:32:58.727550+00:00,DION_001,106668,-0.7948180067703577,SIMULATED,NORMAL
2026-06-17T18:32:58.738668+00:00,DION_001,106669,-0.7345903438462066,SIMULATED,NORMAL
2026-06-17T18:32:58.749578+00:00,DION_001,106670,-0.8069493347173928,SIMULATED,NORMAL
2026-06-17T18:32:58.760187+00:00,DION_001,106671,-0.6591544241873911,SIMULATED,NORMAL
2026-06-17T18:32:58.771122+00:00,DION_001,106672,-0.6493688316151032,SIMULATED,NORMAL
2026-06-17T18:32:58.782049+00:00,DION_001,106673,-0.8351822576928459,SIMULATED,NORMAL
2026-06-17T18:32:58.792735+00:00,DION_001,106674,-0.7926169519645901,SIMULATED,NORMAL
2026-06-17T18:32:58.803657+00:00,DION_001,106675,-0.8470470090016224,SIMULATED,NORMAL
2026-06-17T18:32:58.814600+00:00,DION_001,106676,-1.0970306467842756,SIMULATED,NORMAL
2026-06-17T18:32:58.825625+00:00,DION_001,106677,-0.9274859353066648,SIMULATED,NORMAL
2026-06-17T18:32:58.836694+00:00,DION_001,106678,-1.038507158633672,SIMULATED,NORMAL
2026-06-17T18:32:58.847660+00:00,DION_001,106679,-0.9652093131933214,SIMULATED,NORMAL
2026-06-17T18:32:58.858375+00:00,DION_001,106680,-0.9551200631212968,SIMULATED,NORMAL
2026-06-17T18:32:58.869242+00:00,DION_001,106681,-1.067427802363508,SIMULATED,NORMAL
2026-06-17T18:32:58.880154+00:00,DION_001,106682,-1.5016658319628036,SIMULATED,NORMAL
2026-06-17T18:32:58.891115+00:00,DION_001,106683,-0.9644178830931697,SIMULATED,NORMAL
2026-06-17T18:32:58.902051+00:00,DION_001,106684,-1.2008539928476867,SIMULATED,NORMAL
2026-06-17T18:32:58.912989+00:00,DION_001,106685,-0.9534180962194599,SIMULATED,NORMAL
2026-06-17T18:32:58.923935+00:00,DION_001,106686,-1.0329928023898791,SIMULATED,NORMAL
2026-06-17T18:32:58.934762+00:00,DION_001,106687,-1.1721551588907726,SIMULATED,NORMAL
2026-06-17T18:32:58.945846+00:00,DION_001,106688,-1.1969640681781006,SIMULATED,NORMAL
2026-06-17T18:32:58.956846+00:00,DION_001,106689,-1.1639398534418688,SIMULATED,NORMAL
2026-06-17T18:32:58.967470+00:00,DION_001,106690,-1.2507150014944666,SIMULATED,NORMAL
2026-06-17T18:32:58.978023+00:00,DION_001,106691,-1.37902574402458,SIMULATED,NORMAL
2026-06-17T18:32:58.988945+00:00,DION_001,106692,-0.9029240673057058,SIMULATED,NORMAL
2026-06-17T18:32:58.999916+00:00,DION_001,106693,-1.3183705670797163,SIMULATED,NORMAL
2026-06-17T18:32:59.010827+00:00,DION_001,106694,-1.156548194941989,SIMULATED,NORMAL
2026-06-17T18:32:59.021814+00:00,DION_001,106695,-0.9875998424140837,SIMULATED,NORMAL
2026-06-17T18:32:59.032736+00:00,DION_001,106696,-1.20610661027173,SIMULATED,NORMAL
2026-06-17T18:32:59.043843+00:00,DION_001,106697,-1.0172746400429578,SIMULATED,NORMAL
2026-06-17T18:32:59.054813+00:00,DION_001,106698,-1.0191447176133597,SIMULATED,NORMAL
2026-06-17T18:32:59.065457+00:00,DION_001,106699,-1.124123182236911,SIMULATED,NORMAL
2026-06-17T18:32:59.076056+00:00,DION_001,106700,-1.2163810326936193,SIMULATED,NORMAL
2026-06-17T18:32:59.087053+00:00,DION_001,106701,-1.0096708571224413,SIMULATED,NORMAL
2026-06-17T18:32:59.097959+00:00,DION_001,106702,-1.0449415675424811,SIMULATED,NORMAL
2026-06-17T18:32:59.108889+00:00,DION_001,106703,-0.5950149496250344,SIMULATED,NORMAL
2026-06-17T18:32:59.119666+00:00,DION_001,106704,-1.0212975455584126,SIMULATED,NORMAL
2026-06-17T18:32:59.130603+00:00,DION_001,106705,-0.9164355557197825,SIMULATED,NORMAL
2026-06-17T18:32:59.141165+00:00,DION_001,106706,-0.5575307154351348,SIMULATED,NORMAL
2026-06-17T18:32:59.151750+00:00,DION_001,106707,-0.9585138851751491,SIMULATED,NORMAL
2026-06-17T18:32:59.162311+00:00,DION_001,106708,-0.6798100217296433,SIMULATED,NORMAL
2026-06-17T18:32:59.173187+00:00,DION_001,106709,-0.39508814613690013,SIMULATED,NORMAL
2026-06-17T18:32:59.184184+00:00,DION_001,106710,-0.4426518503459565,SIMULATED,NORMAL
2026-06-17T18:32:59.194812+00:00,DION_001,106711,-0.7918371394847116,SIMULATED,NORMAL
2026-06-17T18:32:59.205735+00:00,DION_001,106712,-0.445389634133986,SIMULATED,NORMAL
2026-06-17T18:32:59.216700+00:00,DION_001,106713,-0.6870922641973677,SIMULATED,NORMAL
2026-06-17T18:32:59.227592+00:00,DION_001,106714,-0.9096415195565577,SIMULATED,NORMAL
2026-06-17T18:32:59.238507+00:00,DION_001,106715,-0.4938396468666221,SIMULATED,NORMAL
2026-06-17T18:32:59.249435+00:00,DION_001,106716,-0.766893063272839,SIMULATED,NORMAL
2026-06-17T18:32:59.260336+00:00,DION_001,106717,-0.3843934444634463,SIMULATED,NORMAL
2026-06-17T18:32:59.271620+00:00,DION_001,106718,-0.5659366013636424,SIMULATED,NORMAL
2026-06-17T18:32:59.282848+00:00,DION_001,106719,-0.4704451740225642,SIMULATED,NORMAL
2026-06-17T18:32:59.293785+00:00,DION_001,106720,-0.22950744510988902,SIMULATED,NORMAL
2026-06-17T18:32:59.304930+00:00,DION_001,106721,-0.46593499154143186,SIMULATED,NORMAL
2026-06-17T18:32:59.315842+00:00,DION_001,106722,-0.3954974286961343,SIMULATED,NORMAL
2026-06-17T18:32:59.326541+00:00,DION_001,106723,-0.09981645199464409,SIMULATED,NORMAL
2026-06-17T18:32:59.337503+00:00,DION_001,106724,-0.34796959019857354,SIMULATED,NORMAL
2026-06-17T18:32:59.348117+00:00,DION_001,106725,-0.3725598122768999,SIMULATED,NORMAL
2026-06-17T18:32:59.358626+00:00,DION_001,106726,-0.18147961586958755,SIMULATED,NORMAL
2026-06-17T18:32:59.369051+00:00,DION_001,106727,-0.19357722288491008,SIMULATED,NORMAL
2026-06-17T18:32:59.379557+00:00,DION_001,106728,-0.31878281869833186,SIMULATED,NORMAL
2026-06-17T18:32:59.389999+00:00,DION_001,106729,-0.07507974516483451,SIMULATED,NORMAL
2026-06-17T18:32:59.400424+00:00,DION_001,106730,-0.05947911684046556,SIMULATED,NORMAL
2026-06-17T18:32:59.410945+00:00,DION_001,106731,-0.11193163754854818,SIMULATED,NORMAL
2026-06-17T18:32:59.421439+00:00,DION_001,106732,-0.32812728686586656,SIMULATED,NORMAL
2026-06-17T18:32:59.431797+00:00,DION_001,106733,-0.09226770730926953,SIMULATED,NORMAL
2026-06-17T18:32:59.442156+00:00,DION_001,106734,-0.32035813919970074,SIMULATED,NORMAL
2026-06-17T18:32:59.452595+00:00,DION_001,106735,-0.28460108137366036,SIMULATED,NORMAL
2026-06-17T18:32:59.463234+00:00,DION_001,106736,-0.15797647108204996,SIMULATED,NORMAL
2026-06-17T18:32:59.473676+00:00,DION_001,106737,-0.23502515952231548,SIMULATED,NORMAL
2026-06-17T18:32:59.484247+00:00,DION_001,106738,-0.4273821006044385,SIMULATED,NORMAL
2026-06-17T18:32:59.494856+00:00,DION_001,106739,-0.5260761387111763,SIMULATED,NORMAL
2026-06-17T18:32:59.505438+00:00,DION_001,106740,-0.3224943971232725,SIMULATED,NORMAL
2026-06-17T18:32:59.516039+00:00,DION_001,106741,-0.2526617591610174,SIMULATED,NORMAL
2026-06-17T18:32:59.526730+00:00,DION_001,106742,-0.3200679072907809,SIMULATED,NORMAL
2026-06-17T18:32:59.537222+00:00,DION_001,106743,-0.24769618086516262,SIMULATED,NORMAL
2026-06-17T18:32:59.547799+00:00,DION_001,106744,-0.33211769776356603,SIMULATED,NORMAL
2026-06-17T18:32:59.558401+00:00,DION_001,106745,-0.2694722094039087,SIMULATED,NORMAL
2026-06-17T18:32:59.568992+00:00,DION_001,106746,-0.8006952351954264,SIMULATED,NORMAL
2026-06-17T18:32:59.579615+00:00,DION_001,106747,-0.3172335335401698,SIMULATED,NORMAL
2026-06-17T18:32:59.590163+00:00,DION_001,106748,-0.6186942109949373,SIMULATED,NORMAL
2026-06-17T18:32:59.600771+00:00,DION_001,106749,-0.6630654869253167,SIMULATED,NORMAL
2026-06-17T18:32:59.611389+00:00,DION_001,106750,-0.4113217244046218,SIMULATED,NORMAL
2026-06-17T18:32:59.621965+00:00,DION_001,106751,-0.6784391799500068,SIMULATED,NORMAL
2026-06-17T18:32:59.632651+00:00,DION_001,106752,-0.5671934589364568,SIMULATED,NORMAL
2026-06-17T18:32:59.643687+00:00,DION_001,106753,-0.5532130325487554,SIMULATED,NORMAL
2026-06-17T18:32:59.654476+00:00,DION_001,106754,-0.8359045347880044,SIMULATED,NORMAL
2026-06-17T18:32:59.664988+00:00,DION_001,106755,-0.738732676802639,SIMULATED,NORMAL
2026-06-17T18:32:59.675901+00:00,DION_001,106756,-0.5356336778459273,SIMULATED,NORMAL
2026-06-17T18:32:59.686955+00:00,DION_001,106757,-0.6324199416232704,SIMULATED,NORMAL
2026-06-17T18:32:59.697517+00:00,DION_001,106758,-0.7340952923360178,SIMULATED,NORMAL
2026-06-17T18:32:59.708456+00:00,DION_001,106759,-0.7890549729992715,SIMULATED,NORMAL
2026-06-17T18:32:59.719556+00:00,DION_001,106760,-0.9913637483349933,SIMULATED,NORMAL
2026-06-17T18:32:59.730495+00:00,DION_001,106761,-0.7032724903973666,SIMULATED,NORMAL
2026-06-17T18:32:59.741427+00:00,DION_001,106762,-0.6707773278586681,SIMULATED,NORMAL
2026-06-17T18:32:59.752338+00:00,DION_001,106763,-0.8596323240715296,SIMULATED,NORMAL
2026-06-17T18:32:59.763393+00:00,DION_001,106764,-0.48593039642191393,SIMULATED,NORMAL
2026-06-17T18:32:59.774098+00:00,DION_001,106765,-0.5684037905562549,SIMULATED,NORMAL
2026-06-17T18:32:59.785052+00:00,DION_001,106766,-0.537857282886522,SIMULATED,NORMAL
2026-06-17T18:32:59.795875+00:00,DION_001,106767,-0.3275461363381018,SIMULATED,NORMAL
2026-06-17T18:32:59.806790+00:00,DION_001,106768,-0.5728340959462258,SIMULATED,NORMAL
2026-06-17T18:32:59.817722+00:00,DION_001,106769,-0.8281192470346606,SIMULATED,NORMAL
2026-06-17T18:32:59.828666+00:00,DION_001,106770,-0.44655672102613503,SIMULATED,NORMAL
2026-06-17T18:32:59.839571+00:00,DION_001,106771,-0.4654985952332697,SIMULATED,NORMAL
2026-06-17T18:32:59.850540+00:00,DION_001,106772,-0.5182525499547761,SIMULATED,NORMAL
2026-06-17T18:32:59.861528+00:00,DION_001,106773,-0.5098301020490784,SIMULATED,NORMAL
2026-06-17T18:32:59.872042+00:00,DION_001,106774,-0.6419107814606423,SIMULATED,NORMAL
2026-06-17T18:32:59.883084+00:00,DION_001,106775,-0.49040892410848663,SIMULATED,NORMAL
2026-06-17T18:32:59.894059+00:00,DION_001,106776,-0.4920620967148383,SIMULATED,NORMAL
2026-06-17T18:32:59.904704+00:00,DION_001,106777,-0.508591345321197,SIMULATED,NORMAL
2026-06-17T18:32:59.915664+00:00,DION_001,106778,-0.17175285833307888,SIMULATED,NORMAL
2026-06-17T18:32:59.926609+00:00,DION_001,106779,-0.4985797089259189,SIMULATED,NORMAL
2026-06-17T18:32:59.937584+00:00,DION_001,106780,-0.22613031748402587,SIMULATED,NORMAL
2026-06-17T18:32:59.948485+00:00,DION_001,106781,-0.06963155037144683,SIMULATED,NORMAL
2026-06-17T18:32:59.959601+00:00,DION_001,106782,-0.3254499173509142,SIMULATED,NORMAL
2026-06-17T18:32:59.970574+00:00,DION_001,106783,-0.04361662204957964,SIMULATED,NORMAL
2026-06-17T18:32:59.981618+00:00,DION_001,106784,-0.16405778809898078,SIMULATED,NORMAL
2026-06-17T18:32:59.992696+00:00,DION_001,106785,-0.03248695381684973,SIMULATED,NORMAL
2026-06-17T18:33:00.003787+00:00,DION_001,106786,-0.18762326229305137,SIMULATED,NORMAL
2026-06-17T18:33:00.014310+00:00,DION_001,106787,-0.01812422059779413,SIMULATED,NORMAL
2026-06-17T18:33:00.025229+00:00,DION_001,106788,0.20013947935535886,SIMULATED,NORMAL
2026-06-17T18:33:00.036167+00:00,DION_001,106789,0.11365677848878872,SIMULATED,NORMAL
2026-06-17T18:33:00.047096+00:00,DION_001,106790,0.0629334029173313,SIMULATED,NORMAL
2026-06-17T18:33:00.057986+00:00,DION_001,106791,0.3252533722335015,SIMULATED,NORMAL
2026-06-17T18:33:00.068947+00:00,DION_001,106792,0.26732412395320987,SIMULATED,NORMAL
2026-06-17T18:33:00.079891+00:00,DION_001,106793,3.4377804594545194,SIMULATED,EVENT_DETECTED
2026-06-17T18:33:00.091137+00:00,DION_001,106794,0.28521313631918976,SIMULATED,NORMAL
2026-06-17T18:33:00.102083+00:00,DION_001,106795,0.5100144595263614,SIMULATED,NORMAL
2026-06-17T18:33:00.113029+00:00,DION_001,106796,0.3468573677870704,SIMULATED,NORMAL
2026-06-17T18:33:00.123666+00:00,DION_001,106797,0.46474296022701334,SIMULATED,NORMAL
2026-06-17T18:33:00.134583+00:00,DION_001,106798,0.4300530057856131,SIMULATED,NORMAL
2026-06-17T18:33:00.145532+00:00,DION_001,106799,0.5990214927465793,SIMULATED,NORMAL
2026-06-17T18:33:00.156182+00:00,DION_001,106800,0.3332571973147686,SIMULATED,NORMAL
2026-06-17T18:33:00.167145+00:00,DION_001,106801,0.5007473732500134,SIMULATED,NORMAL
2026-06-17T18:33:00.178085+00:00,DION_001,106802,0.7863809606552529,SIMULATED,NORMAL
2026-06-17T18:33:00.189091+00:00,DION_001,106803,0.8553049950559599,SIMULATED,NORMAL
2026-06-17T18:33:00.199861+00:00,DION_001,106804,0.7220730688011827,SIMULATED,NORMAL
2026-06-17T18:33:00.210792+00:00,DION_001,106805,0.5423494834459485,SIMULATED,NORMAL
2026-06-17T18:33:00.221707+00:00,DION_001,106806,0.53529651355064,SIMULATED,NORMAL
2026-06-17T18:33:00.232420+00:00,DION_001,106807,0.6482503724429937,SIMULATED,NORMAL
2026-06-17T18:33:00.243614+00:00,DION_001,106808,0.7124962420960407,SIMULATED,NORMAL
2026-06-17T18:33:00.254576+00:00,DION_001,106809,0.849503176799198,SIMULATED,NORMAL
2026-06-17T18:33:00.265499+00:00,DION_001,106810,0.5635568874375223,SIMULATED,NORMAL
2026-06-17T18:33:00.276459+00:00,DION_001,106811,0.585937341178543,SIMULATED,NORMAL
2026-06-17T18:33:00.287610+00:00,DION_001,106812,0.5894561392297217,SIMULATED,NORMAL
2026-06-17T18:33:00.298522+00:00,DION_001,106813,0.4377826310727294,SIMULATED,NORMAL
2026-06-17T18:33:00.309544+00:00,DION_001,106814,0.6516858197505284,SIMULATED,NORMAL
2026-06-17T18:33:00.320494+00:00,DION_001,106815,0.4886064596264258,SIMULATED,NORMAL
2026-06-17T18:33:00.331442+00:00,DION_001,106816,0.28384999991184995,SIMULATED,NORMAL
2026-06-17T18:33:00.342105+00:00,DION_001,106817,0.518013260046672,SIMULATED,NORMAL
2026-06-17T18:33:00.353063+00:00,DION_001,106818,0.3391584501704897,SIMULATED,NORMAL
2026-06-17T18:33:00.363983+00:00,DION_001,106819,0.7022955048794044,SIMULATED,NORMAL
2026-06-17T18:33:00.374506+00:00,DION_001,106820,0.3148052815061678,SIMULATED,NORMAL
2026-06-17T18:33:00.385427+00:00,DION_001,106821,0.36658883042679646,SIMULATED,NORMAL
2026-06-17T18:33:00.396345+00:00,DION_001,106822,0.42634536644865634,SIMULATED,NORMAL
2026-06-17T18:33:00.407460+00:00,DION_001,106823,0.48145713575331295,SIMULATED,NORMAL
2026-06-17T18:33:00.418537+00:00,DION_001,106824,0.6054418177053476,SIMULATED,NORMAL
2026-06-17T18:33:00.429218+00:00,DION_001,106825,0.5388850027947284,SIMULATED,NORMAL
2026-06-17T18:33:00.439951+00:00,DION_001,106826,0.1576611735060462,SIMULATED,NORMAL
2026-06-17T18:33:00.450445+00:00,DION_001,106827,0.47116057709623194,SIMULATED,NORMAL
2026-06-17T18:33:00.461057+00:00,DION_001,106828,0.09929001190260622,SIMULATED,NORMAL
2026-06-17T18:33:00.471574+00:00,DION_001,106829,0.3693339661989901,SIMULATED,NORMAL
2026-06-17T18:33:00.482156+00:00,DION_001,106830,0.23062773496067626,SIMULATED,NORMAL
2026-06-17T18:33:00.492615+00:00,DION_001,106831,0.26951520623545416,SIMULATED,NORMAL
2026-06-17T18:33:00.502994+00:00,DION_001,106832,0.34752474055276966,SIMULATED,NORMAL
2026-06-17T18:33:00.513377+00:00,DION_001,106833,0.38948654436392416,SIMULATED,NORMAL
2026-06-17T18:33:00.523698+00:00,DION_001,106834,0.33076772849569214,SIMULATED,NORMAL
2026-06-17T18:33:00.534057+00:00,DION_001,106835,0.28778852624858925,SIMULATED,NORMAL
2026-06-17T18:33:00.544480+00:00,DION_001,106836,0.5051555983120152,SIMULATED,NORMAL
2026-06-17T18:33:00.555034+00:00,DION_001,106837,0.6662258501181051,SIMULATED,NORMAL
2026-06-17T18:33:00.565510+00:00,DION_001,106838,0.250137800977615,SIMULATED,NORMAL
2026-06-17T18:33:00.576085+00:00,DION_001,106839,0.6141055216155014,SIMULATED,NORMAL
2026-06-17T18:33:00.586637+00:00,DION_001,106840,0.15839504336575355,SIMULATED,NORMAL
2026-06-17T18:33:00.597174+00:00,DION_001,106841,0.208608934051875,SIMULATED,NORMAL
2026-06-17T18:33:00.607716+00:00,DION_001,106842,0.3378135969356214,SIMULATED,NORMAL
2026-06-17T18:33:00.618272+00:00,DION_001,106843,0.3313557431043094,SIMULATED,NORMAL
2026-06-17T18:33:00.629186+00:00,DION_001,106844,0.5743415909688068,SIMULATED,NORMAL
2026-06-17T18:33:00.639806+00:00,DION_001,106845,1.9796978925229323,SIMULATED,NORMAL
2026-06-17T18:33:00.650617+00:00,DION_001,106846,0.22493439716354002,SIMULATED,NORMAL
2026-06-17T18:33:00.661351+00:00,DION_001,106847,0.21005044499529593,SIMULATED,NORMAL
2026-06-17T18:33:00.672201+00:00,DION_001,106848,0.36603675454328255,SIMULATED,NORMAL
2026-06-17T18:33:00.683120+00:00,DION_001,106849,0.1976026309940266,SIMULATED,NORMAL
2026-06-17T18:33:00.693940+00:00,DION_001,106850,0.3613259037648401,SIMULATED,NORMAL
2026-06-17T18:33:00.704638+00:00,DION_001,106851,0.4402805024857272,SIMULATED,NORMAL
2026-06-17T18:33:00.715238+00:00,DION_001,106852,0.5225652654111396,SIMULATED,NORMAL
2026-06-17T18:33:00.725825+00:00,DION_001,106853,0.4795869630348652,SIMULATED,NORMAL
2026-06-17T18:33:00.736454+00:00,DION_001,106854,0.471525718365174,SIMULATED,NORMAL
2026-06-17T18:33:00.747129+00:00,DION_001,106855,0.5134001497090211,SIMULATED,NORMAL
2026-06-17T18:33:00.757738+00:00,DION_001,106856,0.5052141185890764,SIMULATED,NORMAL
2026-06-17T18:33:00.768405+00:00,DION_001,106857,0.2977018355869913,SIMULATED,NORMAL
2026-06-17T18:33:00.779173+00:00,DION_001,106858,0.555584384785858,SIMULATED,NORMAL
2026-06-17T18:33:00.789821+00:00,DION_001,106859,0.4779134784810327,SIMULATED,NORMAL
2026-06-17T18:33:00.800455+00:00,DION_001,106860,0.6956564518725084,SIMULATED,NORMAL
2026-06-17T18:33:00.811248+00:00,DION_001,106861,0.9652983268608908,SIMULATED,NORMAL
2026-06-17T18:33:00.821873+00:00,DION_001,106862,0.6098395133358919,SIMULATED,NORMAL
2026-06-17T18:33:00.832526+00:00,DION_001,106863,0.8270717409635371,SIMULATED,NORMAL
2026-06-17T18:33:00.843605+00:00,DION_001,106864,0.9324008926068956,SIMULATED,NORMAL
2026-06-17T18:33:00.854557+00:00,DION_001,106865,0.806967312840261,SIMULATED,NORMAL
2026-06-17T18:33:00.865470+00:00,DION_001,106866,0.9931301346700929,SIMULATED,NORMAL
2026-06-17T18:33:00.876383+00:00,DION_001,106867,0.8745218178756261,SIMULATED,NORMAL
2026-06-17T18:33:00.887260+00:00,DION_001,106868,0.7522476670248538,SIMULATED,NORMAL
2026-06-17T18:33:00.898185+00:00,DION_001,106869,0.8810880644791097,SIMULATED,NORMAL
2026-06-17T18:33:00.909131+00:00,DION_001,106870,0.9976357402404379,SIMULATED,NORMAL
2026-06-17T18:33:00.919655+00:00,DION_001,106871,1.1678675117964,SIMULATED,NORMAL
2026-06-17T18:33:00.930574+00:00,DION_001,106872,1.2190796086086884,SIMULATED,NORMAL
2026-06-17T18:33:00.941582+00:00,DION_001,106873,1.1807876822287788,SIMULATED,NORMAL
2026-06-17T18:33:00.952524+00:00,DION_001,106874,1.093778210294234,SIMULATED,NORMAL
2026-06-17T18:33:00.963553+00:00,DION_001,106875,1.1249573925076133,SIMULATED,NORMAL
2026-06-17T18:33:00.974640+00:00,DION_001,106876,1.0940247595854344,SIMULATED,NORMAL
2026-06-17T18:33:00.985550+00:00,DION_001,106877,1.1400956762759293,SIMULATED,NORMAL
2026-06-17T18:33:00.996778+00:00,DION_001,106878,1.1508643009964152,SIMULATED,NORMAL
2026-06-17T18:33:01.007736+00:00,DION_001,106879,1.084514563207926,SIMULATED,NORMAL
2026-06-17T18:33:01.018690+00:00,DION_001,106880,1.111410129092826,SIMULATED,NORMAL
2026-06-17T18:33:01.029267+00:00,DION_001,106881,1.0181984634106866,SIMULATED,NORMAL
2026-06-17T18:33:01.040206+00:00,DION_001,106882,1.2336528154459216,SIMULATED,NORMAL
2026-06-17T18:33:01.051133+00:00,DION_001,106883,1.0350526835607916,SIMULATED,NORMAL
2026-06-17T18:33:01.061733+00:00,DION_001,106884,1.116180254073973,SIMULATED,NORMAL
2026-06-17T18:33:01.072652+00:00,DION_001,106885,1.0668542423240277,SIMULATED,NORMAL
2026-06-17T18:33:01.083664+00:00,DION_001,106886,1.0937526497985288,SIMULATED,NORMAL
2026-06-17T18:33:01.094579+00:00,DION_001,106887,1.2105253286007116,SIMULATED,NORMAL
2026-06-17T18:33:01.105487+00:00,DION_001,106888,1.1306829645124692,SIMULATED,NORMAL
2026-06-17T18:33:01.116509+00:00,DION_001,106889,1.145294275236563,SIMULATED,NORMAL
2026-06-17T18:33:01.127203+00:00,DION_001,106890,1.1594453425778786,SIMULATED,NORMAL
2026-06-17T18:33:01.137882+00:00,DION_001,106891,0.9694664063584291,SIMULATED,NORMAL
2026-06-17T18:33:01.148866+00:00,DION_001,106892,0.9341263583028092,SIMULATED,NORMAL
2026-06-17T18:33:01.159808+00:00,DION_001,106893,1.0871001269051475,SIMULATED,NORMAL
2026-06-17T18:33:01.170450+00:00,DION_001,106894,0.9668800254711993,SIMULATED,NORMAL
2026-06-17T18:33:01.181388+00:00,DION_001,106895,1.0229646279821956,SIMULATED,NORMAL
2026-06-17T18:33:01.192439+00:00,DION_001,106896,0.9470699711854286,SIMULATED,NORMAL
2026-06-17T18:33:01.203565+00:00,DION_001,106897,3.9284056731123678,SIMULATED,EVENT_DETECTED
2026-06-17T18:33:01.214415+00:00,DION_001,106898,0.9694101597763303,SIMULATED,NORMAL
2026-06-17T18:33:01.224908+00:00,DION_001,106899,0.8379856284782018,SIMULATED,NORMAL
2026-06-17T18:33:01.235847+00:00,DION_001,106900,0.8778280115723749,SIMULATED,NORMAL
2026-06-17T18:33:01.246927+00:00,DION_001,106901,0.6660936658136157,SIMULATED,NORMAL
2026-06-17T18:33:01.257943+00:00,DION_001,106902,0.7809228179977227,SIMULATED,NORMAL
2026-06-17T18:33:01.268901+00:00,DION_001,106903,0.6907086018166803,SIMULATED,NORMAL
2026-06-17T18:33:01.279504+00:00,DION_001,106904,0.8372397834656196,SIMULATED,NORMAL
2026-06-17T18:33:01.290450+00:00,DION_001,106905,0.7158699366597676,SIMULATED,NORMAL
2026-06-17T18:33:01.301382+00:00,DION_001,106906,0.4806749893167649,SIMULATED,NORMAL
2026-06-17T18:33:01.312316+00:00,DION_001,106907,0.8025767681832403,SIMULATED,NORMAL
2026-06-17T18:33:01.323357+00:00,DION_001,106908,0.8616040970945322,SIMULATED,NORMAL
2026-06-17T18:33:01.334312+00:00,DION_001,106909,-1.947846044319454,SIMULATED,NORMAL
2026-06-17T18:33:01.345588+00:00,DION_001,106910,0.6407809331032939,SIMULATED,NORMAL
2026-06-17T18:33:01.356732+00:00,DION_001,106911,0.23153913953663646,SIMULATED,NORMAL
2026-06-17T18:33:01.367393+00:00,DION_001,106912,0.1259404545808795,SIMULATED,NORMAL
2026-06-17T18:33:01.378021+00:00,DION_001,106913,0.35221201082610065,SIMULATED,NORMAL
2026-06-17T18:33:01.388696+00:00,DION_001,106914,0.2611842558334872,SIMULATED,NORMAL
2026-06-17T18:33:01.399666+00:00,DION_001,106915,0.060576322075868716,SIMULATED,NORMAL
2026-06-17T18:33:01.410635+00:00,DION_001,106916,0.324198361572623,SIMULATED,NORMAL
2026-06-17T18:33:01.421253+00:00,DION_001,106917,0.011270462239385992,SIMULATED,NORMAL
2026-06-17T18:33:01.432311+00:00,DION_001,106918,0.3822983922901577,SIMULATED,NORMAL
2026-06-17T18:33:01.443399+00:00,DION_001,106919,0.0328000601101702,SIMULATED,NORMAL
2026-06-17T18:33:01.454342+00:00,DION_001,106920,-0.005628818869019364,SIMULATED,NORMAL
2026-06-17T18:33:01.465277+00:00,DION_001,106921,-0.08334833962482907,SIMULATED,NORMAL
2026-06-17T18:33:01.476229+00:00,DION_001,106922,0.1634187228856628,SIMULATED,NORMAL
2026-06-17T18:33:01.487161+00:00,DION_001,106923,0.3181994352682879,SIMULATED,NORMAL
2026-06-17T18:33:01.497942+00:00,DION_001,106924,0.02868368486592332,SIMULATED,NORMAL
2026-06-17T18:33:01.508872+00:00,DION_001,106925,0.12037824559689356,SIMULATED,NORMAL
2026-06-17T18:33:01.519458+00:00,DION_001,106926,0.2718674721629215,SIMULATED,NORMAL
2026-06-17T18:33:01.530166+00:00,DION_001,106927,0.19351155755272068,SIMULATED,NORMAL
2026-06-17T18:33:01.541096+00:00,DION_001,106928,0.2806032693916224,SIMULATED,NORMAL
2026-06-17T18:33:01.551645+00:00,DION_001,106929,-2.038139656434144,SIMULATED,EVENT_DETECTED
2026-06-17T18:33:01.562300+00:00,DION_001,106930,0.4481447720032172,SIMULATED,NORMAL
2026-06-17T18:33:01.572751+00:00,DION_001,106931,0.23371420224227582,SIMULATED,NORMAL
2026-06-17T18:33:01.583294+00:00,DION_001,106932,0.15140213257826007,SIMULATED,NORMAL
2026-06-17T18:33:01.593747+00:00,DION_001,106933,0.1658332691423729,SIMULATED,NORMAL
2026-06-17T18:33:01.604114+00:00,DION_001,106934,0.387523011814425,SIMULATED,NORMAL
2026-06-17T18:33:01.614511+00:00,DION_001,106935,0.14795346581486057,SIMULATED,NORMAL
2026-06-17T18:33:01.624942+00:00,DION_001,106936,0.4618698707469756,SIMULATED,NORMAL
2026-06-17T18:33:01.635237+00:00,DION_001,106937,0.3185128274471705,SIMULATED,NORMAL
2026-06-17T18:33:01.645672+00:00,DION_001,106938,0.1950078368807562,SIMULATED,NORMAL
2026-06-17T18:33:01.656103+00:00,DION_001,106939,0.2929301068736181,SIMULATED,NORMAL
2026-06-17T18:33:01.666638+00:00,DION_001,106940,0.4530152325595198,SIMULATED,NORMAL
2026-06-17T18:33:01.677256+00:00,DION_001,106941,0.46475838165905053,SIMULATED,NORMAL
2026-06-17T18:33:01.687929+00:00,DION_001,106942,0.4474759679422253,SIMULATED,NORMAL
2026-06-17T18:33:01.698561+00:00,DION_001,106943,0.485001520879807,SIMULATED,NORMAL
2026-06-17T18:33:01.709235+00:00,DION_001,106944,0.4648330476412545,SIMULATED,NORMAL
2026-06-17T18:33:01.720193+00:00,DION_001,106945,0.6616582468065807,SIMULATED,NORMAL
2026-06-17T18:33:01.731069+00:00,DION_001,106946,0.6318234903847059,SIMULATED,NORMAL
2026-06-17T18:33:01.742018+00:00,DION_001,106947,0.49528985929339864,SIMULATED,NORMAL
2026-06-17T18:33:01.752917+00:00,DION_001,106948,0.559977547778024,SIMULATED,NORMAL
2026-06-17T18:33:01.763457+00:00,DION_001,106949,0.6161799164818941,SIMULATED,NORMAL
2026-06-17T18:33:01.774389+00:00,DION_001,106950,0.4447664540590299,SIMULATED,NORMAL
2026-06-17T18:33:01.785404+00:00,DION_001,106951,0.5385171824267566,SIMULATED,NORMAL
2026-06-17T18:33:01.795906+00:00,DION_001,106952,0.8130280991013009,SIMULATED,NORMAL
2026-06-17T18:33:01.806934+00:00,DION_001,106953,0.5027633240478532,SIMULATED,NORMAL
2026-06-17T18:33:01.817859+00:00,DION_001,106954,0.22237381813535378,SIMULATED,NORMAL
2026-06-17T18:33:01.828759+00:00,DION_001,106955,0.5698496686357375,SIMULATED,NORMAL
2026-06-17T18:33:01.839654+00:00,DION_001,106956,0.6214642087242506,SIMULATED,NORMAL
2026-06-17T18:33:01.850622+00:00,DION_001,106957,0.5037350681435889,SIMULATED,NORMAL
2026-06-17T18:33:01.861123+00:00,DION_001,106958,0.7529507450053996,SIMULATED,NORMAL
2026-06-17T18:33:01.871752+00:00,DION_001,106959,0.5517523222980685,SIMULATED,NORMAL
2026-06-17T18:33:01.882311+00:00,DION_001,106960,0.6321996253493023,SIMULATED,NORMAL
2026-06-17T18:33:01.893435+00:00,DION_001,106961,0.6542291939528911,SIMULATED,NORMAL
2026-06-17T18:33:01.904295+00:00,DION_001,106962,0.711130291848638,SIMULATED,NORMAL
2026-06-17T18:33:01.915241+00:00,DION_001,106963,0.5315498204918997,SIMULATED,NORMAL
2026-06-17T18:33:01.926182+00:00,DION_001,106964,0.5261175843323381,SIMULATED,NORMAL
2026-06-17T18:33:01.936748+00:00,DION_001,106965,0.33436667444352913,SIMULATED,NORMAL
2026-06-17T18:33:01.947663+00:00,DION_001,106966,0.21097173863338015,SIMULATED,NORMAL
2026-06-17T18:33:01.958616+00:00,DION_001,106967,0.7171656792348755,SIMULATED,NORMAL
2026-06-17T18:33:01.969226+00:00,DION_001,106968,0.3721750454300742,SIMULATED,NORMAL
2026-06-17T18:33:01.980132+00:00,DION_001,106969,0.09843031213412173,SIMULATED,NORMAL
2026-06-17T18:33:01.991135+00:00,DION_001,106970,0.3154848338144716,SIMULATED,NORMAL
2026-06-17T18:33:02.002168+00:00,DION_001,106971,0.2475180528900512,SIMULATED,NORMAL
2026-06-17T18:33:02.013169+00:00,DION_001,106972,0.15764684807938248,SIMULATED,NORMAL
2026-06-17T18:33:02.024072+00:00,DION_001,106973,0.09359820748651732,SIMULATED,NORMAL
2026-06-17T18:33:02.035011+00:00,DION_001,106974,-0.05684607761324334,SIMULATED,NORMAL
2026-06-17T18:33:02.045598+00:00,DION_001,106975,0.12081481144404321,SIMULATED,NORMAL
2026-06-17T18:33:02.056507+00:00,DION_001,106976,-0.12265716045579354,SIMULATED,NORMAL
2026-06-17T18:33:02.067627+00:00,DION_001,106977,-0.040508967039798116,SIMULATED,NORMAL
2026-06-17T18:33:02.078566+00:00,DION_001,106978,0.17141321150156863,SIMULATED,NORMAL
2026-06-17T18:33:02.089498+00:00,DION_001,106979,-0.32125824687691146,SIMULATED,NORMAL
2026-06-17T18:33:02.100446+00:00,DION_001,106980,-0.3190003041241307,SIMULATED,NORMAL
2026-06-17T18:33:02.111472+00:00,DION_001,106981,-0.012853149076010706,SIMULATED,NORMAL
2026-06-17T18:33:02.122090+00:00,DION_001,106982,-0.34809868056963333,SIMULATED,NORMAL
2026-06-17T18:33:02.133071+00:00,DION_001,106983,-0.27674284169946284,SIMULATED,NORMAL
2026-06-17T18:33:02.144032+00:00,DION_001,106984,-0.4661334239584155,SIMULATED,NORMAL
2026-06-17T18:33:02.154743+00:00,DION_001,106985,-0.625459349933371,SIMULATED,NORMAL
2026-06-17T18:33:02.165675+00:00,DION_001,106986,-0.5823360907949576,SIMULATED,NORMAL
2026-06-17T18:33:02.176761+00:00,DION_001,106987,-0.41898412719463485,SIMULATED,NORMAL
2026-06-17T18:33:02.187715+00:00,DION_001,106988,-0.4206004403661821,SIMULATED,NORMAL
2026-06-17T18:33:02.198667+00:00,DION_001,106989,-0.5806117192500883,SIMULATED,NORMAL
2026-06-17T18:33:02.209666+00:00,DION_001,106990,-0.2819063816142755,SIMULATED,NORMAL
2026-06-17T18:33:02.220656+00:00,DION_001,106991,-0.7323376388236136,SIMULATED,NORMAL
2026-06-17T18:33:02.231268+00:00,DION_001,106992,-0.4696946689622002,SIMULATED,NORMAL
2026-06-17T18:33:02.241889+00:00,DION_001,106993,-0.7298316928559594,SIMULATED,NORMAL
2026-06-17T18:33:02.252822+00:00,DION_001,106994,-0.8175376304599034,SIMULATED,NORMAL
2026-06-17T18:33:02.263427+00:00,DION_001,106995,-0.8704529559362515,SIMULATED,NORMAL
2026-06-17T18:33:02.274404+00:00,DION_001,106996,-0.6633675798211833,SIMULATED,NORMAL
2026-06-17T18:33:02.284898+00:00,DION_001,106997,-0.9202932649040563,SIMULATED,NORMAL
2026-06-17T18:33:02.295623+00:00,DION_001,106998,-0.8977350111192376,SIMULATED,NORMAL
2026-06-17T18:33:02.306607+00:00,DION_001,106999,-0.664312462758205,SIMULATED,NORMAL
2026-06-17T18:33:02.317697+00:00,DION_001,107000,-0.8655322622343754,SIMULATED,NORMAL
2026-06-17T18:33:02.328919+00:00,DION_001,107001,-0.6851061591031704,SIMULATED,NORMAL
2026-06-17T18:33:02.339450+00:00,DION_001,107002,-0.8678918121953754,SIMULATED,NORMAL
2026-06-17T18:33:02.350092+00:00,DION_001,107003,-0.7839680509150468,SIMULATED,NORMAL
2026-06-17T18:33:02.360876+00:00,DION_001,107004,-0.7344290867092909,SIMULATED,NORMAL
2026-06-17T18:33:02.371462+00:00,DION_001,107005,-0.9160464393800518,SIMULATED,NORMAL
2026-06-17T18:33:02.382043+00:00,DION_001,107006,-0.6209470369805777,SIMULATED,NORMAL
2026-06-17T18:33:02.392659+00:00,DION_001,107007,-0.8728384508106855,SIMULATED,NORMAL
2026-06-17T18:33:02.403262+00:00,DION_001,107008,-0.7872055318903355,SIMULATED,NORMAL
2026-06-17T18:33:02.413874+00:00,DION_001,107009,-1.0759637562684645,SIMULATED,NORMAL
2026-06-17T18:33:02.424378+00:00,DION_001,107010,-0.7731420115721261,SIMULATED,NORMAL
2026-06-17T18:33:02.435114+00:00,DION_001,107011,-0.7290412194000961,SIMULATED,NORMAL
2026-06-17T18:33:02.445666+00:00,DION_001,107012,-0.643227980125028,SIMULATED,NORMAL
2026-06-17T18:33:02.456294+00:00,DION_001,107013,-0.7051519034823781,SIMULATED,NORMAL
2026-06-17T18:33:02.466934+00:00,DION_001,107014,-0.41578243952672655,SIMULATED,NORMAL
2026-06-17T18:33:02.477513+00:00,DION_001,107015,-0.7054787732994562,SIMULATED,NORMAL
2026-06-17T18:33:02.488264+00:00,DION_001,107016,-0.736848209959182,SIMULATED,NORMAL
2026-06-17T18:33:02.498931+00:00,DION_001,107017,-0.590816378026734,SIMULATED,NORMAL
2026-06-17T18:33:02.509559+00:00,DION_001,107018,-0.5492973014111601,SIMULATED,NORMAL
2026-06-17T18:33:02.520200+00:00,DION_001,107019,-0.49813675776863325,SIMULATED,NORMAL
2026-06-17T18:33:02.530824+00:00,DION_001,107020,-0.8987756138888248,SIMULATED,NORMAL
2026-06-17T18:33:02.541578+00:00,DION_001,107021,-0.49823259481072485,SIMULATED,NORMAL
2026-06-17T18:33:02.552538+00:00,DION_001,107022,-0.6892752232202723,SIMULATED,NORMAL
2026-06-17T18:33:02.563578+00:00,DION_001,107023,-0.40400972265594737,SIMULATED,NORMAL
2026-06-17T18:33:02.574529+00:00,DION_001,107024,-0.19573847081019163,SIMULATED,NORMAL
2026-06-17T18:33:02.585494+00:00,DION_001,107025,-0.13687381718145641,SIMULATED,NORMAL
2026-06-17T18:33:02.596421+00:00,DION_001,107026,-0.43098245299968135,SIMULATED,NORMAL
2026-06-17T18:33:02.607147+00:00,DION_001,107027,-0.36726897455129687,SIMULATED,NORMAL
2026-06-17T18:33:02.617824+00:00,DION_001,107028,-0.5825445547129343,SIMULATED,NORMAL
2026-06-17T18:33:02.628653+00:00,DION_001,107029,-0.5144249186185242,SIMULATED,NORMAL
2026-06-17T18:33:02.639272+00:00,DION_001,107030,-0.4301833189875852,SIMULATED,NORMAL
2026-06-17T18:33:02.649866+00:00,DION_001,107031,-0.403726334333152,SIMULATED,NORMAL
2026-06-17T18:33:02.660397+00:00,DION_001,107032,-0.2788475647622136,SIMULATED,NORMAL
2026-06-17T18:33:02.670968+00:00,DION_001,107033,-0.4043677950632208,SIMULATED,NORMAL
2026-06-17T18:33:02.681484+00:00,DION_001,107034,-0.43457424195098865,SIMULATED,NORMAL
2026-06-17T18:33:02.691891+00:00,DION_001,107035,-0.43740220428547805,SIMULATED,NORMAL
2026-06-17T18:33:02.702237+00:00,DION_001,107036,-0.2949780530607364,SIMULATED,NORMAL
2026-06-17T18:33:02.712540+00:00,DION_001,107037,-0.4133302641592151,SIMULATED,NORMAL
2026-06-17T18:33:02.722892+00:00,DION_001,107038,-0.44391602632459115,SIMULATED,NORMAL
2026-06-17T18:33:02.733219+00:00,DION_001,107039,-0.5434059445121364,SIMULATED,NORMAL
2026-06-17T18:33:02.743640+00:00,DION_001,107040,-0.09424057313723855,SIMULATED,NORMAL
2026-06-17T18:33:02.754163+00:00,DION_001,107041,-0.4716449399445088,SIMULATED,NORMAL
2026-06-17T18:33:02.764777+00:00,DION_001,107042,-0.40983662832355555,SIMULATED,NORMAL
2026-06-17T18:33:02.775759+00:00,DION_001,107043,-0.2344002249760333,SIMULATED,NORMAL
2026-06-17T18:33:02.786698+00:00,DION_001,107044,-0.5300755446917738,SIMULATED,NORMAL
2026-06-17T18:33:02.797622+00:00,DION_001,107045,-0.5151426037002115,SIMULATED,NORMAL
2026-06-17T18:33:02.808652+00:00,DION_001,107046,-0.33676750783727094,SIMULATED,NORMAL
2026-06-17T18:33:02.819591+00:00,DION_001,107047,-0.5019070952766662,SIMULATED,NORMAL
2026-06-17T18:33:02.830505+00:00,DION_001,107048,-0.4512419519754217,SIMULATED,NORMAL
2026-06-17T18:33:02.841502+00:00,DION_001,107049,-0.621524527673598,SIMULATED,NORMAL
2026-06-17T18:33:02.852449+00:00,DION_001,107050,-0.8875676644541413,SIMULATED,NORMAL
2026-06-17T18:33:02.863512+00:00,DION_001,107051,-0.502836408637172,SIMULATED,NORMAL
2026-06-17T18:33:02.874194+00:00,DION_001,107052,-0.7719831591407814,SIMULATED,NORMAL
2026-06-17T18:33:02.885126+00:00,DION_001,107053,-0.7433289216386622,SIMULATED,NORMAL
2026-06-17T18:33:02.896108+00:00,DION_001,107054,-0.7546150326544063,SIMULATED,NORMAL
2026-06-17T18:33:02.907041+00:00,DION_001,107055,-0.7851428404119205,SIMULATED,NORMAL
2026-06-17T18:33:02.917983+00:00,DION_001,107056,-0.8959679975723518,SIMULATED,NORMAL
2026-06-17T18:33:02.928909+00:00,DION_001,107057,-0.7029230103432174,SIMULATED,NORMAL
2026-06-17T18:33:02.939842+00:00,DION_001,107058,-0.880184485072625,SIMULATED,NORMAL
2026-06-17T18:33:02.951043+00:00,DION_001,107059,-0.9456866263030943,SIMULATED,NORMAL
2026-06-17T18:33:02.961988+00:00,DION_001,107060,-1.021035784515547,SIMULATED,NORMAL
2026-06-17T18:33:02.973073+00:00,DION_001,107061,-0.9733458198767502,SIMULATED,NORMAL
2026-06-17T18:33:02.983578+00:00,DION_001,107062,-0.8091790735474504,SIMULATED,NORMAL
2026-06-17T18:33:02.994545+00:00,DION_001,107063,-1.0953318606959832,SIMULATED,NORMAL
2026-06-17T18:33:03.005490+00:00,DION_001,107064,-1.062370752825803,SIMULATED,NORMAL
2026-06-17T18:33:03.016407+00:00,DION_001,107065,-1.0103517919802107,SIMULATED,NORMAL
2026-06-17T18:33:03.027510+00:00,DION_001,107066,-1.066086580426838,SIMULATED,NORMAL
2026-06-17T18:33:03.038586+00:00,DION_001,107067,-1.1324115553191638,SIMULATED,NORMAL
2026-06-17T18:33:03.049489+00:00,DION_001,107068,-1.2316429397425734,SIMULATED,NORMAL
2026-06-17T18:33:03.060208+00:00,DION_001,107069,-0.9783426876821755,SIMULATED,NORMAL
2026-06-17T18:33:03.071234+00:00,DION_001,107070,-1.0836589975827229,SIMULATED,NORMAL
2026-06-17T18:33:03.082183+00:00,DION_001,107071,-1.2552572761836818,SIMULATED,NORMAL
2026-06-17T18:33:03.093127+00:00,DION_001,107072,-1.3110502048065151,SIMULATED,NORMAL
2026-06-17T18:33:03.104038+00:00,DION_001,107073,-1.2733144111100114,SIMULATED,NORMAL
2026-06-17T18:33:03.115014+00:00,DION_001,107074,-1.0821593373658542,SIMULATED,NORMAL
2026-06-17T18:33:03.125958+00:00,DION_001,107075,-1.3761336375629771,SIMULATED,NORMAL
2026-06-17T18:33:03.136942+00:00,DION_001,107076,-1.2227254462741708,SIMULATED,NORMAL
2026-06-17T18:33:03.147865+00:00,DION_001,107077,-1.1193551090734064,SIMULATED,NORMAL
2026-06-17T18:33:03.158559+00:00,DION_001,107078,-1.1568389422183964,SIMULATED,NORMAL
2026-06-17T18:33:03.169196+00:00,DION_001,107079,-1.467144315412774,SIMULATED,NORMAL
2026-06-17T18:33:03.180188+00:00,DION_001,107080,-1.2443218173500568,SIMULATED,NORMAL
2026-06-17T18:33:03.191136+00:00,DION_001,107081,-1.1602077714122658,SIMULATED,NORMAL
2026-06-17T18:33:03.202088+00:00,DION_001,107082,-1.1466289771879143,SIMULATED,NORMAL
2026-06-17T18:33:03.213015+00:00,DION_001,107083,-1.2985128721369459,SIMULATED,NORMAL
2026-06-17T18:33:03.224069+00:00,DION_001,107084,-1.0993287911760308,SIMULATED,NORMAL
2026-06-17T18:33:03.235062+00:00,DION_001,107085,-0.9210606455741609,SIMULATED,NORMAL
2026-06-17T18:33:03.245950+00:00,DION_001,107086,-0.9520487433002879,SIMULATED,NORMAL
2026-06-17T18:33:03.256974+00:00,DION_001,107087,-0.804204900886297,SIMULATED,NORMAL
2026-06-17T18:33:03.268020+00:00,DION_001,107088,-0.9032834497771393,SIMULATED,NORMAL
2026-06-17T18:33:03.278690+00:00,DION_001,107089,-0.842770279855467,SIMULATED,NORMAL
2026-06-17T18:33:03.289681+00:00,DION_001,107090,-0.6708404813546324,SIMULATED,NORMAL
2026-06-17T18:33:03.300654+00:00,DION_001,107091,-0.8910537081005883,SIMULATED,NORMAL
2026-06-17T18:33:03.311398+00:00,DION_001,107092,-0.9181209024132873,SIMULATED,NORMAL
2026-06-17T18:33:03.322307+00:00,DION_001,107093,-0.669283859390754,SIMULATED,NORMAL
2026-06-17T18:33:03.333379+00:00,DION_001,107094,-2.713591901861867,SIMULATED,EVENT_DETECTED
2026-06-17T18:33:03.344734+00:00,DION_001,107095,-0.6096119208637475,SIMULATED,NORMAL
2026-06-17T18:33:03.355657+00:00,DION_001,107096,-0.4445290297141128,SIMULATED,NORMAL
2026-06-17T18:33:03.366706+00:00,DION_001,107097,-0.41704137595256496,SIMULATED,NORMAL
2026-06-17T18:33:03.377654+00:00,DION_001,107098,-0.7244186050239273,SIMULATED,NORMAL
2026-06-17T18:33:03.388204+00:00,DION_001,107099,-0.3832791453183154,SIMULATED,NORMAL
2026-06-17T18:33:03.399177+00:00,DION_001,107100,-0.43773502298767414,SIMULATED,NORMAL
2026-06-17T18:33:03.410107+00:00,DION_001,107101,-0.16382722312172343,SIMULATED,NORMAL
2026-06-17T18:33:03.420739+00:00,DION_001,107102,-0.3903425252723905,SIMULATED,NORMAL
2026-06-17T18:33:03.431721+00:00,DION_001,107103,-0.33956139844314326,SIMULATED,NORMAL
2026-06-17T18:33:03.442676+00:00,DION_001,107104,-0.33042249138938423,SIMULATED,NORMAL
2026-06-17T18:33:03.453389+00:00,DION_001,107105,-0.1910255555800378,SIMULATED,NORMAL
2026-06-17T18:33:03.464349+00:00,DION_001,107106,-0.2749624955469619,SIMULATED,NORMAL
2026-06-17T18:33:03.475144+00:00,DION_001,107107,-0.11551540730855656,SIMULATED,NORMAL
2026-06-17T18:33:03.486190+00:00,DION_001,107108,-0.193218210752916,SIMULATED,NORMAL
2026-06-17T18:33:03.497248+00:00,DION_001,107109,-0.3246292660196133,SIMULATED,NORMAL
2026-06-17T18:33:03.508191+00:00,DION_001,107110,-0.14889379322646779,SIMULATED,NORMAL
2026-06-17T18:33:03.519233+00:00,DION_001,107111,-0.21414962494836393,SIMULATED,NORMAL
2026-06-17T18:33:03.529965+00:00,DION_001,107112,-0.20127877302823366,SIMULATED,NORMAL
2026-06-17T18:33:03.540899+00:00,DION_001,107113,-0.11853803746151369,SIMULATED,NORMAL
2026-06-17T18:33:03.551813+00:00,DION_001,107114,-0.07226664096877425,SIMULATED,NORMAL
2026-06-17T18:33:03.562802+00:00,DION_001,107115,-0.1139803110677537,SIMULATED,NORMAL
2026-06-17T18:33:03.573396+00:00,DION_001,107116,-0.21058180981727592,SIMULATED,NORMAL
2026-06-17T18:33:03.584310+00:00,DION_001,107117,-0.49873978591789186,SIMULATED,NORMAL
2026-06-17T18:33:03.595311+00:00,DION_001,107118,-0.3525888434931143,SIMULATED,NORMAL
2026-06-17T18:33:03.606369+00:00,DION_001,107119,0.3307315815231005,SIMULATED,NORMAL
2026-06-17T18:33:03.617315+00:00,DION_001,107120,0.020674374981369786,SIMULATED,NORMAL
2026-06-17T18:33:03.628252+00:00,DION_001,107121,-0.11297334601622036,SIMULATED,NORMAL
2026-06-17T18:33:03.638904+00:00,DION_001,107122,-0.15570779716347027,SIMULATED,NORMAL
2026-06-17T18:33:03.649787+00:00,DION_001,107123,0.12887047386258838,SIMULATED,NORMAL
2026-06-17T18:33:03.660761+00:00,DION_001,107124,-0.0210456045845194,SIMULATED,NORMAL
2026-06-17T18:33:03.671689+00:00,DION_001,107125,-0.01871949696649644,SIMULATED,NORMAL
2026-06-17T18:33:03.682604+00:00,DION_001,107126,-0.13802456688536183,SIMULATED,NORMAL
2026-06-17T18:33:03.693318+00:00,DION_001,107127,-0.09258287019162927,SIMULATED,NORMAL
2026-06-17T18:33:03.704000+00:00,DION_001,107128,-0.40977398373305485,SIMULATED,NORMAL
2026-06-17T18:33:03.714676+00:00,DION_001,107129,-0.03439139064557323,SIMULATED,NORMAL
2026-06-17T18:33:03.725335+00:00,DION_001,107130,-0.30948874561621603,SIMULATED,NORMAL
2026-06-17T18:33:03.736045+00:00,DION_001,107131,-0.26149091713287925,SIMULATED,NORMAL
2026-06-17T18:33:03.746654+00:00,DION_001,107132,-0.4338522192188713,SIMULATED,NORMAL
2026-06-17T18:33:03.757128+00:00,DION_001,107133,-0.32503957711651654,SIMULATED,NORMAL
2026-06-17T18:33:03.767479+00:00,DION_001,107134,-0.04560220172980256,SIMULATED,NORMAL
2026-06-17T18:33:03.777913+00:00,DION_001,107135,-0.255512011995677,SIMULATED,NORMAL
2026-06-17T18:33:03.788429+00:00,DION_001,107136,-0.5338449213167791,SIMULATED,NORMAL
2026-06-17T18:33:03.799057+00:00,DION_001,107137,-0.3953421018005342,SIMULATED,NORMAL
2026-06-17T18:33:03.809526+00:00,DION_001,107138,-0.43149850416416946,SIMULATED,NORMAL
2026-06-17T18:33:03.819929+00:00,DION_001,107139,-0.45339837100759495,SIMULATED,NORMAL
2026-06-17T18:33:03.830259+00:00,DION_001,107140,-0.36047472384873147,SIMULATED,NORMAL
2026-06-17T18:33:03.840605+00:00,DION_001,107141,-0.8524811380968228,SIMULATED,NORMAL
2026-06-17T18:33:03.850852+00:00,DION_001,107142,-0.39123939932876806,SIMULATED,NORMAL
2026-06-17T18:33:03.861102+00:00,DION_001,107143,-0.6228691735042943,SIMULATED,NORMAL
2026-06-17T18:33:03.871970+00:00,DION_001,107144,-0.6240536560570049,SIMULATED,NORMAL
2026-06-17T18:33:03.882487+00:00,DION_001,107145,-0.8233985412392262,SIMULATED,NORMAL
2026-06-17T18:33:03.893399+00:00,DION_001,107146,-0.4981441088767448,SIMULATED,NORMAL
2026-06-17T18:33:03.904297+00:00,DION_001,107147,-0.45581053197432386,SIMULATED,NORMAL
2026-06-17T18:33:03.915345+00:00,DION_001,107148,-0.41827204064429957,SIMULATED,NORMAL
2026-06-17T18:33:03.926018+00:00,DION_001,107149,-0.3479230820106795,SIMULATED,NORMAL
2026-06-17T18:33:03.936456+00:00,DION_001,107150,-0.6284883983801584,SIMULATED,NORMAL
2026-06-17T18:33:03.947072+00:00,DION_001,107151,-0.49934369897611836,SIMULATED,NORMAL
2026-06-17T18:33:03.957550+00:00,DION_001,107152,-0.46963638158238635,SIMULATED,NORMAL
2026-06-17T18:33:03.968047+00:00,DION_001,107153,-0.37129500128526705,SIMULATED,NORMAL
2026-06-17T18:33:03.978621+00:00,DION_001,107154,-0.5865700329385944,SIMULATED,NORMAL
2026-06-17T18:33:03.989039+00:00,DION_001,107155,-0.3666244944816853,SIMULATED,NORMAL
2026-06-17T18:33:03.999444+00:00,DION_001,107156,-0.5313298864118531,SIMULATED,NORMAL
2026-06-17T18:33:04.009996+00:00,DION_001,107157,-0.34119252557365987,SIMULATED,NORMAL
2026-06-17T18:33:04.020427+00:00,DION_001,107158,-0.34360365930198794,SIMULATED,NORMAL
2026-06-17T18:33:04.030906+00:00,DION_001,107159,-2.2087682139235345,SIMULATED,EVENT_DETECTED
2026-06-17T18:33:04.041558+00:00,DION_001,107160,0.0045347726582709025,SIMULATED,NORMAL
2026-06-17T18:33:04.052064+00:00,DION_001,107161,-0.2630442019579603,SIMULATED,NORMAL
2026-06-17T18:33:04.062592+00:00,DION_001,107162,-0.38471424836946544,SIMULATED,NORMAL
2026-06-17T18:33:04.073190+00:00,DION_001,107163,-0.42898197105440294,SIMULATED,NORMAL
2026-06-17T18:33:04.083762+00:00,DION_001,107164,0.05063050226500229,SIMULATED,NORMAL
2026-06-17T18:33:04.094288+00:00,DION_001,107165,-0.12567722200582238,SIMULATED,NORMAL
2026-06-17T18:33:04.105007+00:00,DION_001,107166,0.17657933666052178,SIMULATED,NORMAL
2026-06-17T18:33:04.115579+00:00,DION_001,107167,0.0444725157990269,SIMULATED,NORMAL
2026-06-17T18:33:04.126290+00:00,DION_001,107168,0.031522703986573676,SIMULATED,NORMAL
2026-06-17T18:33:04.136985+00:00,DION_001,107169,2.030230676666659,SIMULATED,EVENT_DETECTED
2026-06-17T18:33:04.147841+00:00,DION_001,107170,0.01658484603852288,SIMULATED,NORMAL
2026-06-17T18:33:04.158410+00:00,DION_001,107171,0.015885716849394577,SIMULATED,NORMAL
2026-06-17T18:33:04.168997+00:00,DION_001,107172,0.4514094441900538,SIMULATED,NORMAL
2026-06-17T18:33:04.179743+00:00,DION_001,107173,0.1914796807448988,SIMULATED,NORMAL
2026-06-17T18:33:04.190371+00:00,DION_001,107174,0.6224534747518913,SIMULATED,NORMAL
2026-06-17T18:33:04.201006+00:00,DION_001,107175,0.5310738901287331,SIMULATED,NORMAL
2026-06-17T18:33:04.211594+00:00,DION_001,107176,0.45848535779684396,SIMULATED,NORMAL
2026-06-17T18:33:04.222246+00:00,DION_001,107177,0.555818917685077,SIMULATED,NORMAL
2026-06-17T18:33:04.232779+00:00,DION_001,107178,0.04783274147564692,SIMULATED,NORMAL
2026-06-17T18:33:04.243448+00:00,DION_001,107179,0.45759187604300633,SIMULATED,NORMAL
2026-06-17T18:33:04.254020+00:00,DION_001,107180,0.49114611121693774,SIMULATED,NORMAL
2026-06-17T18:33:04.264683+00:00,DION_001,107181,0.5326054934290961,SIMULATED,NORMAL
2026-06-17T18:33:04.275291+00:00,DION_001,107182,0.8771900560380252,SIMULATED,NORMAL
2026-06-17T18:33:04.285929+00:00,DION_001,107183,0.4075163322291446,SIMULATED,NORMAL
2026-06-17T18:33:04.296677+00:00,DION_001,107184,0.6821610918038574,SIMULATED,NORMAL
2026-06-17T18:33:04.307312+00:00,DION_001,107185,0.8128512438621166,SIMULATED,NORMAL
2026-06-17T18:33:04.317941+00:00,DION_001,107186,0.6118151714378726,SIMULATED,NORMAL
2026-06-17T18:33:04.328653+00:00,DION_001,107187,0.875953195406862,SIMULATED,NORMAL
2026-06-17T18:33:04.339306+00:00,DION_001,107188,0.6284964249588914,SIMULATED,NORMAL
2026-06-17T18:33:04.350039+00:00,DION_001,107189,0.9331345247561839,SIMULATED,NORMAL
2026-06-17T18:33:04.360695+00:00,DION_001,107190,0.8915789533850184,SIMULATED,NORMAL
2026-06-17T18:33:04.371305+00:00,DION_001,107191,0.7452265338222552,SIMULATED,NORMAL
2026-06-17T18:33:04.382193+00:00,DION_001,107192,1.0457582120104958,SIMULATED,NORMAL
2026-06-17T18:33:04.392884+00:00,DION_001,107193,0.7086033507662387,SIMULATED,NORMAL
2026-06-17T18:33:04.403414+00:00,DION_001,107194,0.929420236204723,SIMULATED,NORMAL
2026-06-17T18:33:04.414040+00:00,DION_001,107195,0.790380234017857,SIMULATED,NORMAL
2026-06-17T18:33:04.424678+00:00,DION_001,107196,0.6787633945483407,SIMULATED,NORMAL
2026-06-17T18:33:04.435286+00:00,DION_001,107197,0.7643030640050101,SIMULATED,NORMAL
2026-06-17T18:33:04.445802+00:00,DION_001,107198,1.159279764955449,SIMULATED,NORMAL
2026-06-17T18:33:04.456319+00:00,DION_001,107199,0.9873063410918388,SIMULATED,NORMAL
2026-06-17T18:33:04.466860+00:00,DION_001,107200,1.1249128495511247,SIMULATED,NORMAL
2026-06-17T18:33:04.477326+00:00,DION_001,107201,0.7146595846969621,SIMULATED,NORMAL
2026-06-17T18:33:04.487963+00:00,DION_001,107202,0.9944139170361086,SIMULATED,NORMAL
2026-06-17T18:33:04.498613+00:00,DION_001,107203,0.5805477684931124,SIMULATED,NORMAL
2026-06-17T18:33:04.509224+00:00,DION_001,107204,0.6903275647932975,SIMULATED,NORMAL
2026-06-17T18:33:04.519822+00:00,DION_001,107205,0.6758623042068672,SIMULATED,NORMAL
2026-06-17T18:33:04.530483+00:00,DION_001,107206,1.0787917149120894,SIMULATED,NORMAL
2026-06-17T18:33:04.541089+00:00,DION_001,107207,0.692618589703701,SIMULATED,NORMAL
2026-06-17T18:33:04.551700+00:00,DION_001,107208,0.4678157581735861,SIMULATED,NORMAL
2026-06-17T18:33:04.562286+00:00,DION_001,107209,0.6651680989986595,SIMULATED,NORMAL
2026-06-17T18:33:04.572917+00:00,DION_001,107210,0.7081541993945506,SIMULATED,NORMAL
2026-06-17T18:33:04.583554+00:00,DION_001,107211,0.8945776482646359,SIMULATED,NORMAL
2026-06-17T18:33:04.594168+00:00,DION_001,107212,0.5412844595787604,SIMULATED,NORMAL
2026-06-17T18:33:04.604957+00:00,DION_001,107213,0.7640949401305221,SIMULATED,NORMAL
2026-06-17T18:33:04.615564+00:00,DION_001,107214,0.47974220709783927,SIMULATED,NORMAL
2026-06-17T18:33:04.626327+00:00,DION_001,107215,0.589732308090002,SIMULATED,NORMAL
2026-06-17T18:33:04.636976+00:00,DION_001,107216,0.40378405126141936,SIMULATED,NORMAL
2026-06-17T18:33:04.648313+00:00,DION_001,107217,0.5632351790424038,SIMULATED,NORMAL
2026-06-17T18:33:04.659395+00:00,DION_001,107218,0.4244413859760013,SIMULATED,NORMAL
2026-06-17T18:33:04.669972+00:00,DION_001,107219,0.5834076185232868,SIMULATED,NORMAL
2026-06-17T18:33:04.681046+00:00,DION_001,107220,0.5153710831445592,SIMULATED,NORMAL
2026-06-17T18:33:04.691975+00:00,DION_001,107221,0.44752237686483043,SIMULATED,NORMAL
2026-06-17T18:33:04.702561+00:00,DION_001,107222,0.7442391967716941,SIMULATED,NORMAL
2026-06-17T18:33:04.713242+00:00,DION_001,107223,0.26543884157251996,SIMULATED,NORMAL
2026-06-17T18:33:04.723991+00:00,DION_001,107224,0.39517198118657376,SIMULATED,NORMAL
2026-06-17T18:33:04.734726+00:00,DION_001,107225,0.5540601094839064,SIMULATED,NORMAL
2026-06-17T18:33:04.745413+00:00,DION_001,107226,0.27712026658327626,SIMULATED,NORMAL
2026-06-17T18:33:04.756083+00:00,DION_001,107227,0.21650332343889273,SIMULATED,NORMAL
2026-06-17T18:33:04.766799+00:00,DION_001,107228,0.2649165437695481,SIMULATED,NORMAL
2026-06-17T18:33:04.777500+00:00,DION_001,107229,0.26146936761332523,SIMULATED,NORMAL
2026-06-17T18:33:04.788413+00:00,DION_001,107230,0.34850437043836635,SIMULATED,NORMAL
2026-06-17T18:33:04.799483+00:00,DION_001,107231,0.16676047797502663,SIMULATED,NORMAL
2026-06-17T18:33:04.810185+00:00,DION_001,107232,0.6098117658153408,SIMULATED,NORMAL
2026-06-17T18:33:04.820800+00:00,DION_001,107233,0.5134877664036492,SIMULATED,NORMAL
2026-06-17T18:33:04.831706+00:00,DION_001,107234,0.45406149960122444,SIMULATED,NORMAL
2026-06-17T18:33:04.842356+00:00,DION_001,107235,0.6424244627869559,SIMULATED,NORMAL
2026-06-17T18:33:04.852823+00:00,DION_001,107236,0.5970896222510271,SIMULATED,NORMAL
2026-06-17T18:33:04.863349+00:00,DION_001,107237,0.43497147915688045,SIMULATED,NORMAL
2026-06-17T18:33:04.873789+00:00,DION_001,107238,0.3142736192172595,SIMULATED,NORMAL
2026-06-17T18:33:04.884230+00:00,DION_001,107239,0.42937573720756816,SIMULATED,NORMAL
2026-06-17T18:33:04.894622+00:00,DION_001,107240,0.2409708572020267,SIMULATED,NORMAL
2026-06-17T18:33:04.904943+00:00,DION_001,107241,0.21278904222858686,SIMULATED,NORMAL
2026-06-17T18:33:04.915243+00:00,DION_001,107242,0.3973432263058453,SIMULATED,NORMAL
2026-06-17T18:33:04.925735+00:00,DION_001,107243,0.23499940321241836,SIMULATED,NORMAL
2026-06-17T18:33:04.936235+00:00,DION_001,107244,0.712575486034738,SIMULATED,NORMAL
2026-06-17T18:33:04.946721+00:00,DION_001,107245,0.5977423920802265,SIMULATED,NORMAL
2026-06-17T18:33:04.957251+00:00,DION_001,107246,0.5099366869057979,SIMULATED,NORMAL
2026-06-17T18:33:04.967832+00:00,DION_001,107247,0.6128487503608909,SIMULATED,NORMAL
2026-06-17T18:33:04.978404+00:00,DION_001,107248,0.8994434953332395,SIMULATED,NORMAL
2026-06-17T18:33:04.988987+00:00,DION_001,107249,0.5985936796312208,SIMULATED,NORMAL
2026-06-17T18:33:04.999938+00:00,DION_001,107250,0.9434718825909163,SIMULATED,NORMAL
2026-06-17T18:33:05.010572+00:00,DION_001,107251,0.5862818033953963,SIMULATED,NORMAL
2026-06-17T18:33:05.021446+00:00,DION_001,107252,0.981046045528698,SIMULATED,NORMAL
2026-06-17T18:33:05.032110+00:00,DION_001,107253,0.9143402371774166,SIMULATED,NORMAL
2026-06-17T18:33:05.043205+00:00,DION_001,107254,0.9692555211107631,SIMULATED,NORMAL
2026-06-17T18:33:05.053702+00:00,DION_001,107255,0.704370670223933,SIMULATED,NORMAL
2026-06-17T18:33:05.064658+00:00,DION_001,107256,0.9283203317210117,SIMULATED,NORMAL
2026-06-17T18:33:05.075555+00:00,DION_001,107257,1.1203002333868173,SIMULATED,NORMAL
2026-06-17T18:33:05.086521+00:00,DION_001,107258,1.18429453301103,SIMULATED,NORMAL
2026-06-17T18:33:05.097460+00:00,DION_001,107259,1.2980486807342728,SIMULATED,NORMAL
2026-06-17T18:33:05.108092+00:00,DION_001,107260,1.4321659895528442,SIMULATED,NORMAL
2026-06-17T18:33:05.119065+00:00,DION_001,107261,1.0772840568985367,SIMULATED,NORMAL
2026-06-17T18:33:05.129979+00:00,DION_001,107262,1.301390082130142,SIMULATED,NORMAL
2026-06-17T18:33:05.140914+00:00,DION_001,107263,1.0599052325487643,SIMULATED,NORMAL
2026-06-17T18:33:05.151819+00:00,DION_001,107264,1.1287350587787424,SIMULATED,NORMAL
2026-06-17T18:33:05.162769+00:00,DION_001,107265,0.9400777674888641,SIMULATED,NORMAL
2026-06-17T18:33:05.173717+00:00,DION_001,107266,1.0916667381405942,SIMULATED,NORMAL
2026-06-17T18:33:05.184698+00:00,DION_001,107267,1.1011763476994494,SIMULATED,NORMAL
2026-06-17T18:33:05.195651+00:00,DION_001,107268,1.1647290700734785,SIMULATED,NORMAL
2026-06-17T18:33:05.206608+00:00,DION_001,107269,1.1631198675985075,SIMULATED,NORMAL
2026-06-17T18:33:05.217186+00:00,DION_001,107270,2.950511939223613,SIMULATED,EVENT_DETECTED
2026-06-17T18:33:05.228327+00:00,DION_001,107271,1.1739666857034678,SIMULATED,NORMAL
2026-06-17T18:33:05.239458+00:00,DION_001,107272,1.0555192482527973,SIMULATED,NORMAL
2026-06-17T18:33:05.250387+00:00,DION_001,107273,1.1911821629991168,SIMULATED,NORMAL
2026-06-17T18:33:05.261368+00:00,DION_001,107274,1.0738574327485095,SIMULATED,NORMAL
2026-06-17T18:33:05.272331+00:00,DION_001,107275,0.9667929690850524,SIMULATED,NORMAL
2026-06-17T18:33:05.283401+00:00,DION_001,107276,0.884407064825977,SIMULATED,NORMAL
2026-06-17T18:33:05.293976+00:00,DION_001,107277,1.2688685784027591,SIMULATED,NORMAL
2026-06-17T18:33:05.305114+00:00,DION_001,107278,1.0593388095989886,SIMULATED,NORMAL
2026-06-17T18:33:05.316244+00:00,DION_001,107279,0.7886535397410095,SIMULATED,NORMAL
2026-06-17T18:33:05.326923+00:00,DION_001,107280,0.9836798595059296,SIMULATED,NORMAL
2026-06-17T18:33:05.337911+00:00,DION_001,107281,0.5975114279281188,SIMULATED,NORMAL
2026-06-17T18:33:05.348506+00:00,DION_001,107282,0.9167811617846013,SIMULATED,NORMAL
2026-06-17T18:33:05.359549+00:00,DION_001,107283,0.7220844529075267,SIMULATED,NORMAL
2026-06-17T18:33:05.370238+00:00,DION_001,107284,0.8912354361645041,SIMULATED,NORMAL
2026-06-17T18:33:05.381331+00:00,DION_001,107285,0.7502228624938514,SIMULATED,NORMAL
2026-06-17T18:33:05.392247+00:00,DION_001,107286,0.6731452236146135,SIMULATED,NORMAL
2026-06-17T18:33:05.403229+00:00,DION_001,107287,0.8139158029901309,SIMULATED,NORMAL
2026-06-17T18:33:05.414217+00:00,DION_001,107288,0.6327678742359755,SIMULATED,NORMAL
2026-06-17T18:33:05.424794+00:00,DION_001,107289,0.48756014590299424,SIMULATED,NORMAL
2026-06-17T18:33:05.435456+00:00,DION_001,107290,0.527246099396381,SIMULATED,NORMAL
2026-06-17T18:33:05.446498+00:00,DION_001,107291,0.4904553568858307,SIMULATED,NORMAL
2026-06-17T18:33:05.457279+00:00,DION_001,107292,0.5417492361310724,SIMULATED,NORMAL
2026-06-17T18:33:05.467866+00:00,DION_001,107293,0.6266325044171052,SIMULATED,NORMAL
2026-06-17T18:33:05.478459+00:00,DION_001,107294,0.3790105815662647,SIMULATED,NORMAL
2026-06-17T18:33:05.489068+00:00,DION_001,107295,0.4758997507694933,SIMULATED,NORMAL
2026-06-17T18:33:05.499725+00:00,DION_001,107296,0.4072229275279232,SIMULATED,NORMAL
2026-06-17T18:33:05.510370+00:00,DION_001,107297,0.27550977140959954,SIMULATED,NORMAL
2026-06-17T18:33:05.521011+00:00,DION_001,107298,0.4517428567098102,SIMULATED,NORMAL
2026-06-17T18:33:05.531623+00:00,DION_001,107299,0.24081476862314166,SIMULATED,NORMAL
2026-06-17T18:33:05.542350+00:00,DION_001,107300,0.4031191826057944,SIMULATED,NORMAL
2026-06-17T18:33:05.552981+00:00,DION_001,107301,0.13783096623778243,SIMULATED,NORMAL
2026-06-17T18:33:05.563584+00:00,DION_001,107302,0.05383843687575478,SIMULATED,NORMAL
2026-06-17T18:33:05.574159+00:00,DION_001,107303,0.034563311493912896,SIMULATED,NORMAL
2026-06-17T18:33:05.584817+00:00,DION_001,107304,0.022128451836976912,SIMULATED,NORMAL
2026-06-17T18:33:05.595339+00:00,DION_001,107305,0.035661933023379534,SIMULATED,NORMAL
2026-06-17T18:33:05.605993+00:00,DION_001,107306,-0.08552574235622731,SIMULATED,NORMAL
2026-06-17T18:33:05.616735+00:00,DION_001,107307,0.05800235430694496,SIMULATED,NORMAL
2026-06-17T18:33:05.627343+00:00,DION_001,107308,-0.040706437004788806,SIMULATED,NORMAL
2026-06-17T18:33:05.637813+00:00,DION_001,107309,0.22715376775116958,SIMULATED,NORMAL
2026-06-17T18:33:05.648404+00:00,DION_001,107310,-0.18837234243632417,SIMULATED,NORMAL
2026-06-17T18:33:05.659143+00:00,DION_001,107311,-0.14337956002765212,SIMULATED,NORMAL
2026-06-17T18:33:05.669719+00:00,DION_001,107312,-0.44354400146515544,SIMULATED,NORMAL
2026-06-17T18:33:05.680354+00:00,DION_001,107313,0.24434305581725285,SIMULATED,NORMAL
2026-06-17T18:33:05.691136+00:00,DION_001,107314,0.0031296962474882985,SIMULATED,NORMAL
2026-06-17T18:33:05.701813+00:00,DION_001,107315,0.01740742834066864,SIMULATED,NORMAL
2026-06-17T18:33:05.712434+00:00,DION_001,107316,0.13980246979335276,SIMULATED,NORMAL
2026-06-17T18:33:05.723223+00:00,DION_001,107317,0.010967122720289775,SIMULATED,NORMAL
2026-06-17T18:33:05.733838+00:00,DION_001,107318,0.12513079963345755,SIMULATED,NORMAL
2026-06-17T18:33:05.744439+00:00,DION_001,107319,0.1620504829979741,SIMULATED,NORMAL
2026-06-17T18:33:05.755169+00:00,DION_001,107320,-0.1539405927541441,SIMULATED,NORMAL
2026-06-17T18:33:05.765813+00:00,DION_001,107321,0.11575194733589425,SIMULATED,NORMAL
2026-06-17T18:33:05.776448+00:00,DION_001,107322,0.33709271206577357,SIMULATED,NORMAL
2026-06-17T18:33:05.787356+00:00,DION_001,107323,0.281818431491634,SIMULATED,NORMAL
2026-06-17T18:33:05.797970+00:00,DION_001,107324,0.19201639521595512,SIMULATED,NORMAL
2026-06-17T18:33:05.808966+00:00,DION_001,107325,0.15683029139838436,SIMULATED,NORMAL
2026-06-17T18:33:05.819934+00:00,DION_001,107326,0.246378208845152,SIMULATED,NORMAL
2026-06-17T18:33:05.830906+00:00,DION_001,107327,0.14392256980206836,SIMULATED,NORMAL
2026-06-17T18:33:05.841813+00:00,DION_001,107328,0.25194092738349433,SIMULATED,NORMAL
2026-06-17T18:33:05.852713+00:00,DION_001,107329,0.17693454028679073,SIMULATED,NORMAL
2026-06-17T18:33:05.863396+00:00,DION_001,107330,0.28588246849024307,SIMULATED,NORMAL
2026-06-17T18:33:05.874445+00:00,DION_001,107331,-0.019287634488526828,SIMULATED,NORMAL
2026-06-17T18:33:05.885388+00:00,DION_001,107332,0.40623806039666727,SIMULATED,NORMAL
2026-06-17T18:33:05.895888+00:00,DION_001,107333,-0.03487245671757,SIMULATED,NORMAL
2026-06-17T18:33:05.906828+00:00,DION_001,107334,0.33663767994579336,SIMULATED,NORMAL
2026-06-17T18:33:05.917421+00:00,DION_001,107335,0.5392376455547518,SIMULATED,NORMAL
2026-06-17T18:33:05.928027+00:00,DION_001,107336,0.27172861835401213,SIMULATED,NORMAL
2026-06-17T18:33:05.938503+00:00,DION_001,107337,0.29928634819832134,SIMULATED,NORMAL
2026-06-17T18:33:05.948982+00:00,DION_001,107338,0.4729349236198361,SIMULATED,NORMAL
2026-06-17T18:33:05.959367+00:00,DION_001,107339,0.41369913524089635,SIMULATED,NORMAL
2026-06-17T18:33:05.969703+00:00,DION_001,107340,0.24593568020256834,SIMULATED,NORMAL
2026-06-17T18:33:05.980086+00:00,DION_001,107341,0.62684507658045,SIMULATED,NORMAL
2026-06-17T18:33:05.990381+00:00,DION_001,107342,0.3250817486851374,SIMULATED,NORMAL
2026-06-17T18:33:06.000720+00:00,DION_001,107343,0.6144852693162027,SIMULATED,NORMAL
2026-06-17T18:33:06.011247+00:00,DION_001,107344,0.4830273894989743,SIMULATED,NORMAL
2026-06-17T18:33:06.022130+00:00,DION_001,107345,0.44511292275472947,SIMULATED,NORMAL
2026-06-17T18:33:06.032980+00:00,DION_001,107346,0.5435425935372918,SIMULATED,NORMAL
2026-06-17T18:33:06.043601+00:00,DION_001,107347,0.2652311008566463,SIMULATED,NORMAL
2026-06-17T18:33:06.054497+00:00,DION_001,107348,0.14730284125502963,SIMULATED,NORMAL
2026-06-17T18:33:06.065502+00:00,DION_001,107349,0.1101977651791394,SIMULATED,NORMAL
2026-06-17T18:33:06.076168+00:00,DION_001,107350,0.29770078512846804,SIMULATED,NORMAL
2026-06-17T18:33:06.087090+00:00,DION_001,107351,0.24505601284975403,SIMULATED,NORMAL
2026-06-17T18:33:06.098005+00:00,DION_001,107352,0.0016867764872138535,SIMULATED,NORMAL
2026-06-17T18:33:06.108741+00:00,DION_001,107353,0.06430575484268322,SIMULATED,NORMAL
2026-06-17T18:33:06.119678+00:00,DION_001,107354,0.40473006521388455,SIMULATED,NORMAL
2026-06-17T18:33:06.130322+00:00,DION_001,107355,0.06697854899011628,SIMULATED,NORMAL
2026-06-17T18:33:06.141261+00:00,DION_001,107356,-0.08791014331119262,SIMULATED,NORMAL
2026-06-17T18:33:06.152340+00:00,DION_001,107357,0.25396032724592843,SIMULATED,NORMAL
2026-06-17T18:33:06.163522+00:00,DION_001,107358,0.04270697103843096,SIMULATED,NORMAL
2026-06-17T18:33:06.174447+00:00,DION_001,107359,0.02003210892346576,SIMULATED,NORMAL
2026-06-17T18:33:06.185266+00:00,DION_001,107360,-0.08453511125353341,SIMULATED,NORMAL
2026-06-17T18:33:06.196225+00:00,DION_001,107361,0.1633114486736815,SIMULATED,NORMAL
2026-06-17T18:33:06.207177+00:00,DION_001,107362,-0.1748750284430254,SIMULATED,NORMAL
2026-06-17T18:33:06.217742+00:00,DION_001,107363,-0.34472498104047605,SIMULATED,NORMAL
2026-06-17T18:33:06.228695+00:00,DION_001,107364,-0.28305121691860524,SIMULATED,NORMAL
2026-06-17T18:33:06.239688+00:00,DION_001,107365,-0.05386503246272814,SIMULATED,NORMAL
2026-06-17T18:33:06.250539+00:00,DION_001,107366,-0.2215036854973218,SIMULATED,NORMAL
2026-06-17T18:33:06.261716+00:00,DION_001,107367,-0.2008997998083781,SIMULATED,NORMAL
2026-06-17T18:33:06.272721+00:00,DION_001,107368,-0.24305872744425122,SIMULATED,NORMAL
2026-06-17T18:33:06.283461+00:00,DION_001,107369,-0.29558716230980975,SIMULATED,NORMAL
2026-06-17T18:33:06.294053+00:00,DION_001,107370,-0.4517571480373205,SIMULATED,NORMAL
2026-06-17T18:33:06.305013+00:00,DION_001,107371,-0.6225200641955592,SIMULATED,NORMAL
2026-06-17T18:33:06.316086+00:00,DION_001,107372,-0.6207721780260061,SIMULATED,NORMAL
2026-06-17T18:33:06.326608+00:00,DION_001,107373,-0.47269624507951613,SIMULATED,NORMAL
2026-06-17T18:33:06.337295+00:00,DION_001,107374,-0.5787934596372063,SIMULATED,NORMAL
2026-06-17T18:33:06.347995+00:00,DION_001,107375,-0.6356475134856705,SIMULATED,NORMAL
2026-06-17T18:33:06.358917+00:00,DION_001,107376,-0.6067302125889624,SIMULATED,NORMAL
2026-06-17T18:33:06.369615+00:00,DION_001,107377,-0.7428293305555238,SIMULATED,NORMAL
2026-06-17T18:33:06.380337+00:00,DION_001,107378,-0.8889069061612126,SIMULATED,NORMAL
2026-06-17T18:33:06.391111+00:00,DION_001,107379,-0.7628515166325408,SIMULATED,NORMAL
2026-06-17T18:33:06.402129+00:00,DION_001,107380,-0.807180780723274,SIMULATED,NORMAL
2026-06-17T18:33:06.413070+00:00,DION_001,107381,-0.8196017739773943,SIMULATED,NORMAL
2026-06-17T18:33:06.424074+00:00,DION_001,107382,-0.7972895748740081,SIMULATED,NORMAL
2026-06-17T18:33:06.434823+00:00,DION_001,107383,-0.674468417604285,SIMULATED,NORMAL
2026-06-17T18:33:06.445354+00:00,DION_001,107384,-0.8101416947406223,SIMULATED,NORMAL
2026-06-17T18:33:06.455950+00:00,DION_001,107385,-0.9487213010932504,SIMULATED,NORMAL
2026-06-17T18:33:06.466559+00:00,DION_001,107386,-0.8625478767628192,SIMULATED,NORMAL
2026-06-17T18:33:06.477116+00:00,DION_001,107387,-1.062576828327263,SIMULATED,NORMAL
2026-06-17T18:33:06.488089+00:00,DION_001,107388,-1.0153931368860578,SIMULATED,NORMAL
2026-06-17T18:33:06.498730+00:00,DION_001,107389,-0.7106568661859186,SIMULATED,NORMAL
2026-06-17T18:33:06.509703+00:00,DION_001,107390,-0.8381415460608613,SIMULATED,NORMAL
2026-06-17T18:33:06.520673+00:00,DION_001,107391,-0.9407329627908327,SIMULATED,NORMAL
2026-06-17T18:33:06.531676+00:00,DION_001,107392,-1.007028716540827,SIMULATED,NORMAL
2026-06-17T18:33:06.542781+00:00,DION_001,107393,-0.89660243518475,SIMULATED,NORMAL
2026-06-17T18:33:06.553285+00:00,DION_001,107394,-0.8477940541799832,SIMULATED,NORMAL
2026-06-17T18:33:06.563934+00:00,DION_001,107395,-0.7505655550375746,SIMULATED,NORMAL
2026-06-17T18:33:06.575243+00:00,DION_001,107396,-0.6052280715033029,SIMULATED,NORMAL
2026-06-17T18:33:06.586225+00:00,DION_001,107397,-0.9463062783070803,SIMULATED,NORMAL
2026-06-17T18:33:06.597245+00:00,DION_001,107398,-0.9207311331166182,SIMULATED,NORMAL
2026-06-17T18:33:06.607794+00:00,DION_001,107399,-0.8732027117394054,SIMULATED,NORMAL
2026-06-17T18:33:06.618491+00:00,DION_001,107400,-0.6864750682165561,SIMULATED,NORMAL
2026-06-17T18:33:06.629566+00:00,DION_001,107401,-0.703123612895773,SIMULATED,NORMAL
2026-06-17T18:33:06.640246+00:00,DION_001,107402,-0.8230595655896704,SIMULATED,NORMAL
2026-06-17T18:33:06.651201+00:00,DION_001,107403,-1.014273756064026,SIMULATED,NORMAL
2026-06-17T18:33:06.662246+00:00,DION_001,107404,-0.7652250027825799,SIMULATED,NORMAL
2026-06-17T18:33:06.673235+00:00,DION_001,107405,-0.7189890755868165,SIMULATED,NORMAL
2026-06-17T18:33:06.684005+00:00,DION_001,107406,-0.4762524092610676,SIMULATED,NORMAL
2026-06-17T18:33:06.694984+00:00,DION_001,107407,-0.4353732388530666,SIMULATED,NORMAL
2026-06-17T18:33:06.705954+00:00,DION_001,107408,-0.6170600643350683,SIMULATED,NORMAL
2026-06-17T18:33:06.716673+00:00,DION_001,107409,-0.4140957352768006,SIMULATED,NORMAL
2026-06-17T18:33:06.727675+00:00,DION_001,107410,-0.48179531940136466,SIMULATED,NORMAL
2026-06-17T18:33:06.738607+00:00,DION_001,107411,-0.5084785336538097,SIMULATED,NORMAL
2026-06-17T18:33:06.749199+00:00,DION_001,107412,-0.3741892270397904,SIMULATED,NORMAL
2026-06-17T18:33:06.759842+00:00,DION_001,107413,-0.674904483550608,SIMULATED,NORMAL
2026-06-17T18:33:06.770559+00:00,DION_001,107414,-0.22530130234964985,SIMULATED,NORMAL
2026-06-17T18:33:06.781258+00:00,DION_001,107415,-0.27567213852439465,SIMULATED,NORMAL
2026-06-17T18:33:06.791881+00:00,DION_001,107416,-0.5990862282361862,SIMULATED,NORMAL
2026-06-17T18:33:06.802614+00:00,DION_001,107417,-0.4054567763848206,SIMULATED,NORMAL
2026-06-17T18:33:06.813267+00:00,DION_001,107418,-0.5561316941060797,SIMULATED,NORMAL
2026-06-17T18:33:06.823916+00:00,DION_001,107419,-0.5809183757803232,SIMULATED,NORMAL
2026-06-17T18:33:06.834850+00:00,DION_001,107420,-0.3532288522757371,SIMULATED,NORMAL
2026-06-17T18:33:06.845350+00:00,DION_001,107421,-0.4564307842950944,SIMULATED,NORMAL
2026-06-17T18:33:06.856047+00:00,DION_001,107422,-0.5257111573731869,SIMULATED,NORMAL
2026-06-17T18:33:06.866989+00:00,DION_001,107423,-0.4318206567941582,SIMULATED,NORMAL
2026-06-17T18:33:06.877572+00:00,DION_001,107424,-0.40024552957401854,SIMULATED,NORMAL
2026-06-17T18:33:06.888493+00:00,DION_001,107425,-0.569974978866048,SIMULATED,NORMAL
2026-06-17T18:33:06.899694+00:00,DION_001,107426,-0.34661577286812845,SIMULATED,NORMAL
2026-06-17T18:33:06.910766+00:00,DION_001,107427,-0.2518671009433754,SIMULATED,NORMAL
2026-06-17T18:33:06.921683+00:00,DION_001,107428,-0.26216779461212614,SIMULATED,NORMAL
2026-06-17T18:33:06.932709+00:00,DION_001,107429,-0.4260967311669548,SIMULATED,NORMAL
2026-06-17T18:33:06.943670+00:00,DION_001,107430,-0.4981773735217207,SIMULATED,NORMAL
2026-06-17T18:33:06.954568+00:00,DION_001,107431,-0.6556998202845649,SIMULATED,NORMAL
2026-06-17T18:33:06.965505+00:00,DION_001,107432,-0.4723023583165691,SIMULATED,NORMAL
2026-06-17T18:33:06.976499+00:00,DION_001,107433,-0.4418057038697989,SIMULATED,NORMAL
2026-06-17T18:33:06.987599+00:00,DION_001,107434,-0.6391652582557923,SIMULATED,NORMAL
2026-06-17T18:33:06.998197+00:00,DION_001,107435,-0.4580364243122152,SIMULATED,NORMAL
2026-06-17T18:33:07.009122+00:00,DION_001,107436,-0.6945513159409501,SIMULATED,NORMAL
2026-06-17T18:33:07.019742+00:00,DION_001,107437,-0.6590281912590459,SIMULATED,NORMAL
2026-06-17T18:33:07.033670+00:00,DION_001,107438,-0.534781327530811,SIMULATED,NORMAL
2026-06-17T18:33:07.044145+00:00,DION_001,107439,-0.683442025751367,SIMULATED,NORMAL
2026-06-17T18:33:07.054784+00:00,DION_001,107440,-0.5422369966914303,SIMULATED,NORMAL
2026-06-17T18:33:07.065347+00:00,DION_001,107441,-0.8971402579996267,SIMULATED,NORMAL
2026-06-17T18:33:07.075800+00:00,DION_001,107442,-0.6239026273202739,SIMULATED,NORMAL
2026-06-17T18:33:07.086286+00:00,DION_001,107443,-0.7736213353210878,SIMULATED,NORMAL
2026-06-17T18:33:07.096691+00:00,DION_001,107444,-0.9709267380508275,SIMULATED,NORMAL
2026-06-17T18:33:07.107120+00:00,DION_001,107445,-0.5782321581343948,SIMULATED,NORMAL
2026-06-17T18:33:07.117393+00:00,DION_001,107446,-0.7897814965337542,SIMULATED,NORMAL
2026-06-17T18:33:07.127687+00:00,DION_001,107447,-1.008312873342885,SIMULATED,NORMAL
2026-06-17T18:33:07.138282+00:00,DION_001,107448,-0.6473549185477054,SIMULATED,NORMAL
2026-06-17T18:33:07.148782+00:00,DION_001,107449,-0.8198428375166652,SIMULATED,NORMAL
2026-06-17T18:33:07.159311+00:00,DION_001,107450,-1.1651688679113188,SIMULATED,NORMAL
2026-06-17T18:33:07.169915+00:00,DION_001,107451,-0.766951948050833,SIMULATED,NORMAL
2026-06-17T18:33:07.180706+00:00,DION_001,107452,-1.0754239814065094,SIMULATED,NORMAL
2026-06-17T18:33:07.191358+00:00,DION_001,107453,-0.8947070976755402,SIMULATED,NORMAL
2026-06-17T18:33:07.201920+00:00,DION_001,107454,-0.9396961935747632,SIMULATED,NORMAL
2026-06-17T18:33:07.212501+00:00,DION_001,107455,-1.3529635503502768,SIMULATED,NORMAL
2026-06-17T18:33:07.223239+00:00,DION_001,107456,-0.8714786339119,SIMULATED,NORMAL
2026-06-17T18:33:07.233837+00:00,DION_001,107457,-0.9150029690140734,SIMULATED,NORMAL
2026-06-17T18:33:07.244524+00:00,DION_001,107458,-1.02436811605878,SIMULATED,NORMAL
2026-06-17T18:33:07.255301+00:00,DION_001,107459,-1.2198518578437285,SIMULATED,NORMAL
2026-06-17T18:33:07.265753+00:00,DION_001,107460,-0.8376991344237988,SIMULATED,NORMAL
2026-06-17T18:33:07.276723+00:00,DION_001,107461,-1.057166991948238,SIMULATED,NORMAL
2026-06-17T18:33:07.287262+00:00,DION_001,107462,-1.1882608897244886,SIMULATED,NORMAL
2026-06-17T18:33:07.298148+00:00,DION_001,107463,1.1980560361495263,SIMULATED,NORMAL
2026-06-17T18:33:07.309207+00:00,DION_001,107464,-1.273820753312161,SIMULATED,NORMAL
2026-06-17T18:33:07.320171+00:00,DION_001,107465,-1.0088394272230967,SIMULATED,NORMAL
2026-06-17T18:33:07.331155+00:00,DION_001,107466,-0.9997900826394963,SIMULATED,NORMAL
2026-06-17T18:33:07.341896+00:00,DION_001,107467,-1.0329941634606907,SIMULATED,NORMAL
2026-06-17T18:33:07.352454+00:00,DION_001,107468,-0.8559056128576109,SIMULATED,NORMAL
2026-06-17T18:33:07.363377+00:00,DION_001,107469,-1.205696144896419,SIMULATED,NORMAL
2026-06-17T18:33:07.373919+00:00,DION_001,107470,-0.9817645033676374,SIMULATED,NORMAL
2026-06-17T18:33:07.384476+00:00,DION_001,107471,-0.8738598315382236,SIMULATED,NORMAL
2026-06-17T18:33:07.395226+00:00,DION_001,107472,-0.8672815739809959,SIMULATED,NORMAL
2026-06-17T18:33:07.405858+00:00,DION_001,107473,-0.7462270343558582,SIMULATED,NORMAL
2026-06-17T18:33:07.416466+00:00,DION_001,107474,-0.8153137500527382,SIMULATED,NORMAL
2026-06-17T18:33:07.427236+00:00,DION_001,107475,-0.7146452506678437,SIMULATED,NORMAL
2026-06-17T18:33:07.437828+00:00,DION_001,107476,-0.8999083661602154,SIMULATED,NORMAL
2026-06-17T18:33:07.448430+00:00,DION_001,107477,-0.5510269049832426,SIMULATED,NORMAL
2026-06-17T18:33:07.459214+00:00,DION_001,107478,-0.6315238806854403,SIMULATED,NORMAL
2026-06-17T18:33:07.469819+00:00,DION_001,107479,-0.7958984906046191,SIMULATED,NORMAL
2026-06-17T18:33:07.480805+00:00,DION_001,107480,-0.35484432793530873,SIMULATED,NORMAL
2026-06-17T18:33:07.491610+00:00,DION_001,107481,-0.49460346835548274,SIMULATED,NORMAL
2026-06-17T18:33:07.502230+00:00,DION_001,107482,-0.6652501823668551,SIMULATED,NORMAL
2026-06-17T18:33:07.512880+00:00,DION_001,107483,-0.5404063056622694,SIMULATED,NORMAL
2026-06-17T18:33:07.523630+00:00,DION_001,107484,-0.5831072561278143,SIMULATED,NORMAL
2026-06-17T18:33:07.534256+00:00,DION_001,107485,-0.17747929472990898,SIMULATED,NORMAL
2026-06-17T18:33:07.544924+00:00,DION_001,107486,-0.3897091669497862,SIMULATED,NORMAL
2026-06-17T18:33:07.555902+00:00,DION_001,107487,-0.5145013341942419,SIMULATED,NORMAL
2026-06-17T18:33:07.566941+00:00,DION_001,107488,-0.4000784165628546,SIMULATED,NORMAL
2026-06-17T18:33:07.577850+00:00,DION_001,107489,-0.26894385866328524,SIMULATED,NORMAL
2026-06-17T18:33:07.588775+00:00,DION_001,107490,0.007388245593956261,SIMULATED,NORMAL
2026-06-17T18:33:07.599732+00:00,DION_001,107491,-0.1683219613547761,SIMULATED,NORMAL
2026-06-17T18:33:07.610758+00:00,DION_001,107492,0.011268403953356043,SIMULATED,NORMAL
2026-06-17T18:33:07.621691+00:00,DION_001,107493,-0.1586715349312122,SIMULATED,NORMAL
2026-06-17T18:33:07.632451+00:00,DION_001,107494,0.015963038083676967,SIMULATED,NORMAL
2026-06-17T18:33:07.643547+00:00,DION_001,107495,-0.1666993125534001,SIMULATED,NORMAL
2026-06-17T18:33:07.654143+00:00,DION_001,107496,0.035208684927293385,SIMULATED,NORMAL
2026-06-17T18:33:07.665116+00:00,DION_001,107497,-0.013984156213128951,SIMULATED,NORMAL
2026-06-17T18:33:07.676223+00:00,DION_001,107498,0.1478454814384334,SIMULATED,NORMAL
2026-06-17T18:33:07.687194+00:00,DION_001,107499,-0.23490792663206234,SIMULATED,NORMAL
2026-06-17T18:33:07.698156+00:00,DION_001,107500,0.16375370010722087,SIMULATED,NORMAL
2026-06-17T18:33:07.709079+00:00,DION_001,107501,-0.21586596673288577,SIMULATED,NORMAL
2026-06-17T18:33:07.720104+00:00,DION_001,107502,-0.017522662938610697,SIMULATED,NORMAL
2026-06-17T18:33:07.731171+00:00,DION_001,107503,-0.055203828093445595,SIMULATED,NORMAL
2026-06-17T18:33:07.742121+00:00,DION_001,107504,0.014214283562074631,SIMULATED,NORMAL
2026-06-17T18:33:07.752650+00:00,DION_001,107505,-0.19033680332610903,SIMULATED,NORMAL
2026-06-17T18:33:07.763734+00:00,DION_001,107506,-0.09363622122595622,SIMULATED,NORMAL
2026-06-17T18:33:07.774500+00:00,DION_001,107507,-0.05374249851127952,SIMULATED,NORMAL
2026-06-17T18:33:07.785463+00:00,DION_001,107508,2.7145183588887294,SIMULATED,EVENT_DETECTED
2026-06-17T18:33:07.796662+00:00,DION_001,107509,0.0023341043247671264,SIMULATED,NORMAL
2026-06-17T18:33:07.807452+00:00,DION_001,107510,0.4334696828928053,SIMULATED,NORMAL
2026-06-17T18:33:07.818161+00:00,DION_001,107511,-0.002335234705648427,SIMULATED,NORMAL
2026-06-17T18:33:07.829191+00:00,DION_001,107512,0.1017395156397228,SIMULATED,NORMAL
2026-06-17T18:33:07.840216+00:00,DION_001,107513,-0.115501035561975,SIMULATED,NORMAL
2026-06-17T18:33:07.851162+00:00,DION_001,107514,-0.022021046123270698,SIMULATED,NORMAL
2026-06-17T18:33:07.862208+00:00,DION_001,107515,-0.27256402135431984,SIMULATED,NORMAL
2026-06-17T18:33:07.872879+00:00,DION_001,107516,-0.3349193765648353,SIMULATED,NORMAL
2026-06-17T18:33:07.883983+00:00,DION_001,107517,0.13161490602457615,SIMULATED,NORMAL
2026-06-17T18:33:07.894623+00:00,DION_001,107518,0.0317120137452212,SIMULATED,NORMAL
2026-06-17T18:33:07.905180+00:00,DION_001,107519,0.014280151723231313,SIMULATED,NORMAL
2026-06-17T18:33:07.915918+00:00,DION_001,107520,-0.04796120142452911,SIMULATED,NORMAL
2026-06-17T18:33:07.926548+00:00,DION_001,107521,-0.06014674305272151,SIMULATED,NORMAL
2026-06-17T18:33:07.937233+00:00,DION_001,107522,-0.24843312311421334,SIMULATED,NORMAL
2026-06-17T18:33:07.947907+00:00,DION_001,107523,-0.2828505873299837,SIMULATED,NORMAL
2026-06-17T18:33:07.958547+00:00,DION_001,107524,-0.3256008916018908,SIMULATED,NORMAL
2026-06-17T18:33:07.969144+00:00,DION_001,107525,-0.2270293813642668,SIMULATED,NORMAL
2026-06-17T18:33:07.979816+00:00,DION_001,107526,0.01081517238178853,SIMULATED,NORMAL
2026-06-17T18:33:07.990451+00:00,DION_001,107527,0.01866917637650528,SIMULATED,NORMAL
2026-06-17T18:33:08.001143+00:00,DION_001,107528,-0.3238359739749841,SIMULATED,NORMAL
2026-06-17T18:33:08.011843+00:00,DION_001,107529,-0.5791496044140833,SIMULATED,NORMAL
2026-06-17T18:33:08.022475+00:00,DION_001,107530,-0.10305734025284999,SIMULATED,NORMAL
2026-06-17T18:33:08.033120+00:00,DION_001,107531,-0.3199018953216072,SIMULATED,NORMAL
2026-06-17T18:33:08.043579+00:00,DION_001,107532,-0.10639929592336927,SIMULATED,NORMAL
2026-06-17T18:33:08.054404+00:00,DION_001,107533,-0.26288882198351887,SIMULATED,NORMAL
2026-06-17T18:33:08.065156+00:00,DION_001,107534,-0.3491071631414464,SIMULATED,NORMAL
2026-06-17T18:33:08.075853+00:00,DION_001,107535,-0.143414257166388,SIMULATED,NORMAL
2026-06-17T18:33:08.086583+00:00,DION_001,107536,-0.17093932568610415,SIMULATED,NORMAL
2026-06-17T18:33:08.097143+00:00,DION_001,107537,-0.4768264198058789,SIMULATED,NORMAL
2026-06-17T18:33:08.107882+00:00,DION_001,107538,-0.13939485354699988,SIMULATED,NORMAL
2026-06-17T18:33:08.118427+00:00,DION_001,107539,-0.31857696150702874,SIMULATED,NORMAL
2026-06-17T18:33:08.129052+00:00,DION_001,107540,-0.17399817386176264,SIMULATED,NORMAL
2026-06-17T18:33:08.139618+00:00,DION_001,107541,-0.09132079719300815,SIMULATED,NORMAL
2026-06-17T18:33:08.150082+00:00,DION_001,107542,-0.2303988875359366,SIMULATED,NORMAL
2026-06-17T18:33:08.160655+00:00,DION_001,107543,-0.17091322568808331,SIMULATED,NORMAL
2026-06-17T18:33:08.171206+00:00,DION_001,107544,-0.14119834039215345,SIMULATED,NORMAL
2026-06-17T18:33:08.181645+00:00,DION_001,107545,-0.30084310819227533,SIMULATED,NORMAL
2026-06-17T18:33:08.192048+00:00,DION_001,107546,-0.1576765460706568,SIMULATED,NORMAL
2026-06-17T18:33:08.202459+00:00,DION_001,107547,-0.27029608561817686,SIMULATED,NORMAL
2026-06-17T18:33:08.212940+00:00,DION_001,107548,-0.0717945022939306,SIMULATED,NORMAL
2026-06-17T18:33:08.223194+00:00,DION_001,107549,-0.04106938769604576,SIMULATED,NORMAL
2026-06-17T18:33:08.233607+00:00,DION_001,107550,-0.13086160963694143,SIMULATED,NORMAL
2026-06-17T18:33:08.244063+00:00,DION_001,107551,-0.16361883113866382,SIMULATED,NORMAL
2026-06-17T18:33:08.254555+00:00,DION_001,107552,0.13282304585120025,SIMULATED,NORMAL
2026-06-17T18:33:08.265409+00:00,DION_001,107553,0.23037630144346483,SIMULATED,NORMAL
2026-06-17T18:33:08.276304+00:00,DION_001,107554,0.10389292155119391,SIMULATED,NORMAL
2026-06-17T18:33:08.287217+00:00,DION_001,107555,0.3445070286102117,SIMULATED,NORMAL
2026-06-17T18:33:08.298141+00:00,DION_001,107556,0.21498398114574924,SIMULATED,NORMAL
2026-06-17T18:33:08.309061+00:00,DION_001,107557,0.26170260534302825,SIMULATED,NORMAL
2026-06-17T18:33:08.319998+00:00,DION_001,107558,0.3702531329046047,SIMULATED,NORMAL
2026-06-17T18:33:08.330918+00:00,DION_001,107559,0.6328273153365178,SIMULATED,NORMAL
2026-06-17T18:33:08.341382+00:00,DION_001,107560,0.34755355286893436,SIMULATED,NORMAL
2026-06-17T18:33:08.352283+00:00,DION_001,107561,0.7505573803484432,SIMULATED,NORMAL
2026-06-17T18:33:08.363259+00:00,DION_001,107562,0.6157552224088471,SIMULATED,NORMAL
2026-06-17T18:33:08.373833+00:00,DION_001,107563,0.34074877682383165,SIMULATED,NORMAL
2026-06-17T18:33:08.384757+00:00,DION_001,107564,0.7803516227460712,SIMULATED,NORMAL
2026-06-17T18:33:08.395473+00:00,DION_001,107565,0.6579720126194948,SIMULATED,NORMAL
2026-06-17T18:33:08.406138+00:00,DION_001,107566,0.7044574578791272,SIMULATED,NORMAL
2026-06-17T18:33:08.417055+00:00,DION_001,107567,0.8595057932272425,SIMULATED,NORMAL
2026-06-17T18:33:08.427688+00:00,DION_001,107568,0.5590614321586328,SIMULATED,NORMAL
2026-06-17T18:33:08.438741+00:00,DION_001,107569,0.7782710213588727,SIMULATED,NORMAL
2026-06-17T18:33:08.449928+00:00,DION_001,107570,0.9833690076950258,SIMULATED,NORMAL
2026-06-17T18:33:08.460878+00:00,DION_001,107571,0.9856039716344662,SIMULATED,NORMAL
2026-06-17T18:33:08.471890+00:00,DION_001,107572,1.1282625593217261,SIMULATED,NORMAL
2026-06-17T18:33:08.482497+00:00,DION_001,107573,0.941296586971606,SIMULATED,NORMAL
2026-06-17T18:33:08.493421+00:00,DION_001,107574,1.0923489307864864,SIMULATED,NORMAL
2026-06-17T18:33:08.504357+00:00,DION_001,107575,1.2325737006598803,SIMULATED,NORMAL
2026-06-17T18:33:08.515399+00:00,DION_001,107576,0.8191867783517617,SIMULATED,NORMAL
2026-06-17T18:33:08.526304+00:00,DION_001,107577,1.220967607862597,SIMULATED,NORMAL
2026-06-17T18:33:08.537252+00:00,DION_001,107578,0.8813501417265293,SIMULATED,NORMAL
2026-06-17T18:33:08.548199+00:00,DION_001,107579,0.7848470054882286,SIMULATED,NORMAL
2026-06-17T18:33:08.558809+00:00,DION_001,107580,1.193374372299193,SIMULATED,NORMAL
2026-06-17T18:33:08.569926+00:00,DION_001,107581,1.2383757634654777,SIMULATED,NORMAL
2026-06-17T18:33:08.581004+00:00,DION_001,107582,0.8355755133672464,SIMULATED,NORMAL
2026-06-17T18:33:08.591573+00:00,DION_001,107583,0.8849900776387216,SIMULATED,NORMAL
2026-06-17T18:33:08.602350+00:00,DION_001,107584,0.8446265251702845,SIMULATED,NORMAL
2026-06-17T18:33:08.613333+00:00,DION_001,107585,1.0913679695561351,SIMULATED,NORMAL
2026-06-17T18:33:08.624045+00:00,DION_001,107586,0.8184598838743818,SIMULATED,NORMAL
2026-06-17T18:33:08.634947+00:00,DION_001,107587,0.791022781936964,SIMULATED,NORMAL
2026-06-17T18:33:08.645530+00:00,DION_001,107588,1.0248150072033606,SIMULATED,NORMAL
2026-06-17T18:33:08.656449+00:00,DION_001,107589,1.242505993544608,SIMULATED,NORMAL
2026-06-17T18:33:08.667551+00:00,DION_001,107590,0.8518708777525603,SIMULATED,NORMAL
2026-06-17T18:33:08.678490+00:00,DION_001,107591,0.7568845628515959,SIMULATED,NORMAL
2026-06-17T18:33:08.689418+00:00,DION_001,107592,1.0459368946683685,SIMULATED,NORMAL
2026-06-17T18:33:08.700317+00:00,DION_001,107593,0.8599907991123027,SIMULATED,NORMAL
2026-06-17T18:33:08.711406+00:00,DION_001,107594,0.5293855682956468,SIMULATED,NORMAL
2026-06-17T18:33:08.722345+00:00,DION_001,107595,0.7696394232023643,SIMULATED,NORMAL
2026-06-17T18:33:08.732962+00:00,DION_001,107596,0.7879441044218058,SIMULATED,NORMAL
2026-06-17T18:33:08.743936+00:00,DION_001,107597,0.7106049842344514,SIMULATED,NORMAL
2026-06-17T18:33:08.754870+00:00,DION_001,107598,3.405576054837786,SIMULATED,EVENT_DETECTED
2026-06-17T18:33:08.765801+00:00,DION_001,107599,0.7467184341788405,SIMULATED,NORMAL
2026-06-17T18:33:08.776404+00:00,DION_001,107600,0.595682788896781,SIMULATED,NORMAL
2026-06-17T18:33:08.787062+00:00,DION_001,107601,0.7223820637038151,SIMULATED,NORMAL
2026-06-17T18:33:08.797737+00:00,DION_001,107602,0.49001341816926136,SIMULATED,NORMAL
2026-06-17T18:33:08.808322+00:00,DION_001,107603,0.5127921636053142,SIMULATED,NORMAL
2026-06-17T18:33:08.819142+00:00,DION_001,107604,0.675974713828901,SIMULATED,NORMAL
2026-06-17T18:33:08.829947+00:00,DION_001,107605,0.5483977407827856,SIMULATED,NORMAL
2026-06-17T18:33:08.840711+00:00,DION_001,107606,0.2949579258289424,SIMULATED,NORMAL
2026-06-17T18:33:08.851501+00:00,DION_001,107607,0.5342639064298782,SIMULATED,NORMAL
2026-06-17T18:33:08.862652+00:00,DION_001,107608,0.6785097082829505,SIMULATED,NORMAL
2026-06-17T18:33:08.873605+00:00,DION_001,107609,0.5149598293527701,SIMULATED,NORMAL
2026-06-17T18:33:08.884101+00:00,DION_001,107610,0.5170926862475492,SIMULATED,NORMAL
2026-06-17T18:33:08.895036+00:00,DION_001,107611,0.1847342308327675,SIMULATED,NORMAL
2026-06-17T18:33:08.906009+00:00,DION_001,107612,0.49298253511141144,SIMULATED,NORMAL
2026-06-17T18:33:08.916975+00:00,DION_001,107613,0.5281691842804007,SIMULATED,NORMAL
2026-06-17T18:33:08.927865+00:00,DION_001,107614,0.5851247809424942,SIMULATED,NORMAL
2026-06-17T18:33:08.938804+00:00,DION_001,107615,0.25266017735829555,SIMULATED,NORMAL
2026-06-17T18:33:08.949714+00:00,DION_001,107616,0.5417754680490758,SIMULATED,NORMAL
2026-06-17T18:33:08.960670+00:00,DION_001,107617,0.40387881328439185,SIMULATED,NORMAL
2026-06-17T18:33:08.971315+00:00,DION_001,107618,0.30263867451513304,SIMULATED,NORMAL
2026-06-17T18:33:08.982098+00:00,DION_001,107619,0.39222343500035817,SIMULATED,NORMAL
2026-06-17T18:33:08.993057+00:00,DION_001,107620,0.38200840436830924,SIMULATED,NORMAL
2026-06-17T18:33:09.003996+00:00,DION_001,107621,0.6320794030527507,SIMULATED,NORMAL
2026-06-17T18:33:09.014933+00:00,DION_001,107622,0.32194854435118736,SIMULATED,NORMAL
2026-06-17T18:33:09.025846+00:00,DION_001,107623,0.23846438354948823,SIMULATED,NORMAL
2026-06-17T18:33:09.036773+00:00,DION_001,107624,0.12846873630033195,SIMULATED,NORMAL
2026-06-17T18:33:09.047815+00:00,DION_001,107625,0.42093351747383745,SIMULATED,NORMAL
2026-06-17T18:33:09.058785+00:00,DION_001,107626,0.3644882252769004,SIMULATED,NORMAL
2026-06-17T18:33:09.069928+00:00,DION_001,107627,0.5312225074945516,SIMULATED,NORMAL
2026-06-17T18:33:09.080850+00:00,DION_001,107628,0.6747883297520889,SIMULATED,NORMAL
2026-06-17T18:33:09.091471+00:00,DION_001,107629,0.549170404782301,SIMULATED,NORMAL
2026-06-17T18:33:09.102392+00:00,DION_001,107630,0.2801176998069611,SIMULATED,NORMAL
2026-06-17T18:33:09.112975+00:00,DION_001,107631,0.8430030969396746,SIMULATED,NORMAL
2026-06-17T18:33:09.123629+00:00,DION_001,107632,0.46134974187872857,SIMULATED,NORMAL
2026-06-17T18:33:09.134690+00:00,DION_001,107633,0.7954273120299911,SIMULATED,NORMAL
2026-06-17T18:33:09.145667+00:00,DION_001,107634,0.6220998273727276,SIMULATED,NORMAL
2026-06-17T18:33:09.156722+00:00,DION_001,107635,0.8944848814548987,SIMULATED,NORMAL
2026-06-17T18:33:09.167661+00:00,DION_001,107636,0.9136650352574477,SIMULATED,NORMAL
2026-06-17T18:33:09.178606+00:00,DION_001,107637,0.8506268153293322,SIMULATED,NORMAL
2026-06-17T18:33:09.189070+00:00,DION_001,107638,0.7616302946668949,SIMULATED,NORMAL
2026-06-17T18:33:09.199988+00:00,DION_001,107639,0.7911927144831891,SIMULATED,NORMAL
2026-06-17T18:33:09.211072+00:00,DION_001,107640,0.9333473156213477,SIMULATED,NORMAL
2026-06-17T18:33:09.221988+00:00,DION_001,107641,1.0510683019107134,SIMULATED,NORMAL
2026-06-17T18:33:09.232694+00:00,DION_001,107642,1.0957688523560825,SIMULATED,NORMAL
2026-06-17T18:33:09.243191+00:00,DION_001,107643,1.0197218507549561,SIMULATED,NORMAL
2026-06-17T18:33:09.253690+00:00,DION_001,107644,0.8114622899870133,SIMULATED,NORMAL
2026-06-17T18:33:09.264132+00:00,DION_001,107645,1.1920165228663295,SIMULATED,NORMAL
2026-06-17T18:33:09.274581+00:00,DION_001,107646,0.7405232972778284,SIMULATED,NORMAL
2026-06-17T18:33:09.285006+00:00,DION_001,107647,1.0724985880600206,SIMULATED,NORMAL
2026-06-17T18:33:09.295342+00:00,DION_001,107648,1.1832786582410408,SIMULATED,NORMAL
2026-06-17T18:33:09.305848+00:00,DION_001,107649,0.8971889181138165,SIMULATED,NORMAL
2026-06-17T18:33:09.316113+00:00,DION_001,107650,0.9333197558736077,SIMULATED,NORMAL
2026-06-17T18:33:09.326470+00:00,DION_001,107651,0.7461568648372017,SIMULATED,NORMAL
2026-06-17T18:33:09.336923+00:00,DION_001,107652,1.058018756724762,SIMULATED,NORMAL
2026-06-17T18:33:09.347799+00:00,DION_001,107653,1.2440979801875767,SIMULATED,NORMAL
2026-06-17T18:33:09.358257+00:00,DION_001,107654,1.1370052623222728,SIMULATED,NORMAL
2026-06-17T18:33:09.369149+00:00,DION_001,107655,1.2093924840325496,SIMULATED,NORMAL
2026-06-17T18:33:09.380042+00:00,DION_001,107656,0.935002294306292,SIMULATED,NORMAL
2026-06-17T18:33:09.390965+00:00,DION_001,107657,0.9663360371533927,SIMULATED,NORMAL
2026-06-17T18:33:09.404835+00:00,DION_001,107658,0.9892132726580933,SIMULATED,NORMAL
2026-06-17T18:33:09.415451+00:00,DION_001,107659,1.0164830656571828,SIMULATED,NORMAL
2026-06-17T18:33:09.426147+00:00,DION_001,107660,1.1070736999643231,SIMULATED,NORMAL
2026-06-17T18:33:09.436787+00:00,DION_001,107661,0.7484168543635271,SIMULATED,NORMAL
2026-06-17T18:33:09.447354+00:00,DION_001,107662,0.9528407876611709,SIMULATED,NORMAL
2026-06-17T18:33:09.457927+00:00,DION_001,107663,0.9460959614363834,SIMULATED,NORMAL
2026-06-17T18:33:09.468488+00:00,DION_001,107664,1.2572366589100155,SIMULATED,NORMAL
2026-06-17T18:33:09.479104+00:00,DION_001,107665,0.86743733683101,SIMULATED,NORMAL
2026-06-17T18:33:09.489629+00:00,DION_001,107666,0.5875070447441985,SIMULATED,NORMAL
2026-06-17T18:33:09.500199+00:00,DION_001,107667,0.800029666693534,SIMULATED,NORMAL
2026-06-17T18:33:09.510775+00:00,DION_001,107668,0.5770875917603728,SIMULATED,NORMAL
2026-06-17T18:33:09.521522+00:00,DION_001,107669,0.6252205221857324,SIMULATED,NORMAL
2026-06-17T18:33:09.532220+00:00,DION_001,107670,0.6459312550740818,SIMULATED,NORMAL
2026-06-17T18:33:09.542749+00:00,DION_001,107671,0.7798061520904289,SIMULATED,NORMAL
2026-06-17T18:33:09.553433+00:00,DION_001,107672,0.7505500576409229,SIMULATED,NORMAL
2026-06-17T18:33:09.564071+00:00,DION_001,107673,0.5284034652087584,SIMULATED,NORMAL
2026-06-17T18:33:09.574647+00:00,DION_001,107674,0.48159456035474935,SIMULATED,NORMAL
2026-06-17T18:33:09.585226+00:00,DION_001,107675,0.4348984196993244,SIMULATED,NORMAL
2026-06-17T18:33:09.595859+00:00,DION_001,107676,0.47004157543188463,SIMULATED,NORMAL
2026-06-17T18:33:09.606551+00:00,DION_001,107677,0.5882454789249052,SIMULATED,NORMAL
2026-06-17T18:33:09.617237+00:00,DION_001,107678,0.39870585472107195,SIMULATED,NORMAL
2026-06-17T18:33:09.627900+00:00,DION_001,107679,0.34077087801362127,SIMULATED,NORMAL
2026-06-17T18:33:09.638683+00:00,DION_001,107680,0.3216982004417411,SIMULATED,NORMAL
2026-06-17T18:33:09.649204+00:00,DION_001,107681,0.3014993419870214,SIMULATED,NORMAL
2026-06-17T18:33:09.659804+00:00,DION_001,107682,-0.0021416553640209446,SIMULATED,NORMAL
2026-06-17T18:33:09.670440+00:00,DION_001,107683,-0.08594503601109973,SIMULATED,NORMAL
2026-06-17T18:33:09.681368+00:00,DION_001,107684,0.30408528885294933,SIMULATED,NORMAL
2026-06-17T18:33:09.692273+00:00,DION_001,107685,0.15262712557641417,SIMULATED,NORMAL
2026-06-17T18:33:09.703054+00:00,DION_001,107686,0.0055491506360823215,SIMULATED,NORMAL
2026-06-17T18:33:09.713963+00:00,DION_001,107687,0.13811422025512055,SIMULATED,NORMAL
2026-06-17T18:33:09.724909+00:00,DION_001,107688,-0.08676268648526027,SIMULATED,NORMAL
2026-06-17T18:33:09.735875+00:00,DION_001,107689,-0.061222846239621556,SIMULATED,NORMAL
2026-06-17T18:33:09.746782+00:00,DION_001,107690,0.08074702767429467,SIMULATED,NORMAL
2026-06-17T18:33:09.757748+00:00,DION_001,107691,-0.2234823494291096,SIMULATED,NORMAL
2026-06-17T18:33:09.768700+00:00,DION_001,107692,-0.04339386188543051,SIMULATED,NORMAL
2026-06-17T18:33:09.779270+00:00,DION_001,107693,0.10746728556691645,SIMULATED,NORMAL
2026-06-17T18:33:09.790207+00:00,DION_001,107694,-0.08645300525508773,SIMULATED,NORMAL
2026-06-17T18:33:09.801145+00:00,DION_001,107695,-0.18257716188617135,SIMULATED,NORMAL
2026-06-17T18:33:09.811857+00:00,DION_001,107696,-0.16172370308408973,SIMULATED,NORMAL
2026-06-17T18:33:09.822420+00:00,DION_001,107697,-0.031829959632299065,SIMULATED,NORMAL
2026-06-17T18:33:09.833076+00:00,DION_001,107698,-0.19009392565213182,SIMULATED,NORMAL
2026-06-17T18:33:09.843559+00:00,DION_001,107699,-0.03523668872468347,SIMULATED,NORMAL
2026-06-17T18:33:09.854227+00:00,DION_001,107700,-0.08427636233608485,SIMULATED,NORMAL
2026-06-17T18:33:09.864947+00:00,DION_001,107701,-0.46051220866259057,SIMULATED,NORMAL
2026-06-17T18:33:09.875903+00:00,DION_001,107702,0.01552935347971729,SIMULATED,NORMAL
2026-06-17T18:33:09.886624+00:00,DION_001,107703,-0.3252940445919945,SIMULATED,NORMAL
2026-06-17T18:33:09.897589+00:00,DION_001,107704,0.04856444971373239,SIMULATED,NORMAL
2026-06-17T18:33:09.908643+00:00,DION_001,107705,-0.05390919898680849,SIMULATED,NORMAL
2026-06-17T18:33:09.919364+00:00,DION_001,107706,-0.07091015774854906,SIMULATED,NORMAL
2026-06-17T18:33:09.930416+00:00,DION_001,107707,0.13030767450250144,SIMULATED,NORMAL
2026-06-17T18:33:09.941396+00:00,DION_001,107708,-0.01325947322979551,SIMULATED,NORMAL
2026-06-17T18:33:09.952317+00:00,DION_001,107709,-0.11611132021647574,SIMULATED,NORMAL
2026-06-17T18:33:09.963201+00:00,DION_001,107710,0.08499138816868454,SIMULATED,NORMAL
2026-06-17T18:33:09.974206+00:00,DION_001,107711,-0.0750220420659598,SIMULATED,NORMAL
2026-06-17T18:33:09.985314+00:00,DION_001,107712,-0.006191278775875875,SIMULATED,NORMAL
2026-06-17T18:33:09.996280+00:00,DION_001,107713,0.2522408408678893,SIMULATED,NORMAL
2026-06-17T18:33:10.007213+00:00,DION_001,107714,0.31720575957789426,SIMULATED,NORMAL
2026-06-17T18:33:10.018140+00:00,DION_001,107715,0.2678854304009898,SIMULATED,NORMAL
2026-06-17T18:33:10.028789+00:00,DION_001,107716,-0.1925601547356257,SIMULATED,NORMAL
2026-06-17T18:33:10.039779+00:00,DION_001,107717,0.13226167513132137,SIMULATED,NORMAL
2026-06-17T18:33:10.050736+00:00,DION_001,107718,-0.012847717650666654,SIMULATED,NORMAL
2026-06-17T18:33:10.061437+00:00,DION_001,107719,0.13298291268835588,SIMULATED,NORMAL
