timestamp_utc,station_id,sample_index,raw_value,source,event_status
2026-06-17T17:24:08.541251+00:00,DION_001,566393,0.6872012109533752,SIMULATED,NORMAL
2026-06-17T17:24:08.551523+00:00,DION_001,566394,0.9585202659122278,SIMULATED,NORMAL
2026-06-17T17:24:08.561956+00:00,DION_001,566395,0.8987520689900151,SIMULATED,NORMAL
2026-06-17T17:24:08.572471+00:00,DION_001,566396,0.9769222135384462,SIMULATED,NORMAL
2026-06-17T17:24:08.583069+00:00,DION_001,566397,0.868876071496256,SIMULATED,NORMAL
2026-06-17T17:24:08.593538+00:00,DION_001,566398,1.2734590863097994,SIMULATED,NORMAL
2026-06-17T17:24:08.603942+00:00,DION_001,566399,1.0412418067158098,SIMULATED,NORMAL
2026-06-17T17:24:08.614273+00:00,DION_001,566400,1.1402641439771906,SIMULATED,NORMAL
2026-06-17T17:24:08.624716+00:00,DION_001,566401,-1.6380560306555005,SIMULATED,NORMAL
2026-06-17T17:24:08.635325+00:00,DION_001,566402,0.9612837919717991,SIMULATED,NORMAL
2026-06-17T17:24:08.645754+00:00,DION_001,566403,1.0177845037490687,SIMULATED,NORMAL
2026-06-17T17:24:08.656263+00:00,DION_001,566404,0.8919639100931724,SIMULATED,NORMAL
2026-06-17T17:24:08.666799+00:00,DION_001,566405,0.8424894822804346,SIMULATED,NORMAL
2026-06-17T17:24:08.677225+00:00,DION_001,566406,1.1242009774107629,SIMULATED,NORMAL
2026-06-17T17:24:08.687798+00:00,DION_001,566407,1.174692250094607,SIMULATED,NORMAL
2026-06-17T17:24:08.698284+00:00,DION_001,566408,0.9801036862111651,SIMULATED,NORMAL
2026-06-17T17:24:08.708601+00:00,DION_001,566409,0.8773015127346445,SIMULATED,NORMAL
2026-06-17T17:24:08.719086+00:00,DION_001,566410,0.5069315294109851,SIMULATED,NORMAL
2026-06-17T17:24:08.729513+00:00,DION_001,566411,0.33686203941785586,SIMULATED,NORMAL
2026-06-17T17:24:08.739898+00:00,DION_001,566412,0.671702243356911,SIMULATED,NORMAL
2026-06-17T17:24:08.750316+00:00,DION_001,566413,0.5605911963497843,SIMULATED,NORMAL
2026-06-17T17:24:08.760638+00:00,DION_001,566414,0.9664634865036441,SIMULATED,NORMAL
2026-06-17T17:24:08.770990+00:00,DION_001,566415,0.6460436026744822,SIMULATED,NORMAL
2026-06-17T17:24:08.781401+00:00,DION_001,566416,0.8613290368420098,SIMULATED,NORMAL
2026-06-17T17:24:08.791740+00:00,DION_001,566417,0.4945862604143162,SIMULATED,NORMAL
2026-06-17T17:24:08.802163+00:00,DION_001,566418,0.5136585097525839,SIMULATED,NORMAL
2026-06-17T17:24:08.812650+00:00,DION_001,566419,0.3653291424402306,SIMULATED,NORMAL
2026-06-17T17:24:08.823033+00:00,DION_001,566420,0.4645645627783451,SIMULATED,NORMAL
2026-06-17T17:24:08.833390+00:00,DION_001,566421,0.6281412688275417,SIMULATED,NORMAL
2026-06-17T17:24:08.843822+00:00,DION_001,566422,0.5214308264358187,SIMULATED,NORMAL
2026-06-17T17:24:08.854245+00:00,DION_001,566423,0.3308881347971521,SIMULATED,NORMAL
2026-06-17T17:24:08.864629+00:00,DION_001,566424,0.6767658094606637,SIMULATED,NORMAL
2026-06-17T17:24:08.874986+00:00,DION_001,566425,0.35598107568283366,SIMULATED,NORMAL
2026-06-17T17:24:08.885385+00:00,DION_001,566426,0.5124941186531984,SIMULATED,NORMAL
2026-06-17T17:24:08.895812+00:00,DION_001,566427,0.6847393426730966,SIMULATED,NORMAL
2026-06-17T17:24:08.906414+00:00,DION_001,566428,0.457051457028662,SIMULATED,NORMAL
2026-06-17T17:24:08.916688+00:00,DION_001,566429,0.4021715242306947,SIMULATED,NORMAL
2026-06-17T17:24:08.927032+00:00,DION_001,566430,0.27920343376672985,SIMULATED,NORMAL
2026-06-17T17:24:08.937386+00:00,DION_001,566431,0.48245283569799885,SIMULATED,NORMAL
2026-06-17T17:24:08.947800+00:00,DION_001,566432,0.2963362290744096,SIMULATED,NORMAL
2026-06-17T17:24:08.958267+00:00,DION_001,566433,0.14049872384904805,SIMULATED,NORMAL
2026-06-17T17:24:08.968700+00:00,DION_001,566434,0.4190216099492294,SIMULATED,NORMAL
2026-06-17T17:24:08.979082+00:00,DION_001,566435,0.6137887438655235,SIMULATED,NORMAL
2026-06-17T17:24:08.989388+00:00,DION_001,566436,0.31673500931399146,SIMULATED,NORMAL
2026-06-17T17:24:08.999821+00:00,DION_001,566437,0.5379553179099892,SIMULATED,NORMAL
2026-06-17T17:24:09.010236+00:00,DION_001,566438,0.31707662143383847,SIMULATED,NORMAL
2026-06-17T17:24:09.020654+00:00,DION_001,566439,0.4440897743785634,SIMULATED,NORMAL
2026-06-17T17:24:09.031045+00:00,DION_001,566440,0.5177439947136572,SIMULATED,NORMAL
2026-06-17T17:24:09.041423+00:00,DION_001,566441,0.469254560255981,SIMULATED,NORMAL
2026-06-17T17:24:09.051828+00:00,DION_001,566442,0.5074610369746411,SIMULATED,NORMAL
2026-06-17T17:24:09.062205+00:00,DION_001,566443,0.7430227641579099,SIMULATED,NORMAL
2026-06-17T17:24:09.072515+00:00,DION_001,566444,0.5729964081643285,SIMULATED,NORMAL
2026-06-17T17:24:09.082966+00:00,DION_001,566445,0.4222493830733804,SIMULATED,NORMAL
2026-06-17T17:24:09.093445+00:00,DION_001,566446,0.8435460914542989,SIMULATED,NORMAL
2026-06-17T17:24:09.103907+00:00,DION_001,566447,0.5328351101454656,SIMULATED,NORMAL
2026-06-17T17:24:09.114301+00:00,DION_001,566448,0.9523615571194568,SIMULATED,NORMAL
2026-06-17T17:24:09.124667+00:00,DION_001,566449,0.5967819470198148,SIMULATED,NORMAL
2026-06-17T17:24:09.135032+00:00,DION_001,566450,0.9460973797516206,SIMULATED,NORMAL
2026-06-17T17:24:09.145361+00:00,DION_001,566451,0.661688161411899,SIMULATED,NORMAL
2026-06-17T17:24:09.155730+00:00,DION_001,566452,0.8675136915357028,SIMULATED,NORMAL
2026-06-17T17:24:09.166153+00:00,DION_001,566453,0.8758965524634106,SIMULATED,NORMAL
2026-06-17T17:24:09.176640+00:00,DION_001,566454,0.6656704865478686,SIMULATED,NORMAL
2026-06-17T17:24:09.187183+00:00,DION_001,566455,0.883692259764315,SIMULATED,NORMAL
2026-06-17T17:24:09.197665+00:00,DION_001,566456,0.4703511406873711,SIMULATED,NORMAL
2026-06-17T17:24:09.208171+00:00,DION_001,566457,0.8819561308102206,SIMULATED,NORMAL
2026-06-17T17:24:09.218588+00:00,DION_001,566458,0.9358034860829549,SIMULATED,NORMAL
2026-06-17T17:24:09.228965+00:00,DION_001,566459,1.0224985831685887,SIMULATED,NORMAL
2026-06-17T17:24:09.239351+00:00,DION_001,566460,0.8778412646905823,SIMULATED,NORMAL
2026-06-17T17:24:09.249783+00:00,DION_001,566461,0.9634977058317065,SIMULATED,NORMAL
2026-06-17T17:24:09.260210+00:00,DION_001,566462,1.0001408913542933,SIMULATED,NORMAL
2026-06-17T17:24:09.270693+00:00,DION_001,566463,1.1476885132305261,SIMULATED,NORMAL
2026-06-17T17:24:09.281085+00:00,DION_001,566464,1.0285400388115953,SIMULATED,NORMAL
2026-06-17T17:24:09.291427+00:00,DION_001,566465,1.334980736640419,SIMULATED,NORMAL
2026-06-17T17:24:09.301779+00:00,DION_001,566466,1.2030283463638736,SIMULATED,NORMAL
2026-06-17T17:24:09.312111+00:00,DION_001,566467,1.0579677562593368,SIMULATED,NORMAL
2026-06-17T17:24:09.322609+00:00,DION_001,566468,1.2478967873376805,SIMULATED,NORMAL
2026-06-17T17:24:09.333030+00:00,DION_001,566469,1.022149616945364,SIMULATED,NORMAL
2026-06-17T17:24:09.343441+00:00,DION_001,566470,0.9914223719693459,SIMULATED,NORMAL
2026-06-17T17:24:09.353800+00:00,DION_001,566471,1.0647917787899546,SIMULATED,NORMAL
2026-06-17T17:24:09.364098+00:00,DION_001,566472,1.138157852673733,SIMULATED,NORMAL
2026-06-17T17:24:09.374462+00:00,DION_001,566473,1.0808527742830698,SIMULATED,NORMAL
2026-06-17T17:24:09.384780+00:00,DION_001,566474,1.125858021137556,SIMULATED,NORMAL
2026-06-17T17:24:09.395201+00:00,DION_001,566475,1.128760245740676,SIMULATED,NORMAL
2026-06-17T17:24:09.405770+00:00,DION_001,566476,1.0923103440425395,SIMULATED,NORMAL
2026-06-17T17:24:09.416286+00:00,DION_001,566477,0.8502072231381861,SIMULATED,NORMAL
2026-06-17T17:24:09.426750+00:00,DION_001,566478,0.8869354402374006,SIMULATED,NORMAL
2026-06-17T17:24:09.437235+00:00,DION_001,566479,1.082120761892262,SIMULATED,NORMAL
2026-06-17T17:24:09.447622+00:00,DION_001,566480,1.0340804018180774,SIMULATED,NORMAL
2026-06-17T17:24:09.458020+00:00,DION_001,566481,1.0523679499149856,SIMULATED,NORMAL
2026-06-17T17:24:09.468514+00:00,DION_001,566482,0.6975726187101563,SIMULATED,NORMAL
2026-06-17T17:24:09.479099+00:00,DION_001,566483,0.885512746150846,SIMULATED,NORMAL
2026-06-17T17:24:09.489709+00:00,DION_001,566484,0.8088692591036492,SIMULATED,NORMAL
2026-06-17T17:24:09.500160+00:00,DION_001,566485,1.0227380657361822,SIMULATED,NORMAL
2026-06-17T17:24:09.510698+00:00,DION_001,566486,0.9604061506747408,SIMULATED,NORMAL
2026-06-17T17:24:09.521115+00:00,DION_001,566487,0.9598605129831619,SIMULATED,NORMAL
2026-06-17T17:24:09.531544+00:00,DION_001,566488,2.8501549469376073,SIMULATED,EVENT_DETECTED
2026-06-17T17:24:09.542543+00:00,DION_001,566489,0.6480071600968534,SIMULATED,NORMAL
2026-06-17T17:24:09.553082+00:00,DION_001,566490,0.6476874594987598,SIMULATED,NORMAL
2026-06-17T17:24:09.563542+00:00,DION_001,566491,0.4807057225280796,SIMULATED,NORMAL
2026-06-17T17:24:09.573955+00:00,DION_001,566492,0.5214753550877617,SIMULATED,NORMAL
2026-06-17T17:24:09.584295+00:00,DION_001,566493,0.2135637350428588,SIMULATED,NORMAL
2026-06-17T17:24:09.594601+00:00,DION_001,566494,0.3641317626844403,SIMULATED,NORMAL
2026-06-17T17:24:09.604970+00:00,DION_001,566495,0.17071159401266262,SIMULATED,NORMAL
2026-06-17T17:24:09.615427+00:00,DION_001,566496,0.37512864992026385,SIMULATED,NORMAL
2026-06-17T17:24:09.625943+00:00,DION_001,566497,0.6430999149709705,SIMULATED,NORMAL
2026-06-17T17:24:09.636409+00:00,DION_001,566498,0.36956432255151384,SIMULATED,NORMAL
2026-06-17T17:24:09.646900+00:00,DION_001,566499,0.23605140187965928,SIMULATED,NORMAL
2026-06-17T17:24:09.657325+00:00,DION_001,566500,0.07043985961033636,SIMULATED,NORMAL
2026-06-17T17:24:09.667740+00:00,DION_001,566501,0.13576459519455542,SIMULATED,NORMAL
2026-06-17T17:24:09.678208+00:00,DION_001,566502,0.2758819564270343,SIMULATED,NORMAL
2026-06-17T17:24:09.688622+00:00,DION_001,566503,0.06650734424319348,SIMULATED,NORMAL
2026-06-17T17:24:09.699173+00:00,DION_001,566504,-0.12153564829968624,SIMULATED,NORMAL
2026-06-17T17:24:09.709634+00:00,DION_001,566505,-0.12749462261228145,SIMULATED,NORMAL
2026-06-17T17:24:09.720101+00:00,DION_001,566506,0.15119008529180009,SIMULATED,NORMAL
2026-06-17T17:24:09.730625+00:00,DION_001,566507,-0.005844833034181231,SIMULATED,NORMAL
2026-06-17T17:24:09.741062+00:00,DION_001,566508,-0.025639793521592413,SIMULATED,NORMAL
2026-06-17T17:24:09.751532+00:00,DION_001,566509,-0.00889544668033937,SIMULATED,NORMAL
2026-06-17T17:24:09.761959+00:00,DION_001,566510,0.046263715657714505,SIMULATED,NORMAL
2026-06-17T17:24:09.772410+00:00,DION_001,566511,-0.06501270604785658,SIMULATED,NORMAL
2026-06-17T17:24:09.782894+00:00,DION_001,566512,-0.11550126447104334,SIMULATED,NORMAL
2026-06-17T17:24:09.793232+00:00,DION_001,566513,-0.04171977752244546,SIMULATED,NORMAL
2026-06-17T17:24:09.803679+00:00,DION_001,566514,-0.16177269415256026,SIMULATED,NORMAL
2026-06-17T17:24:09.814172+00:00,DION_001,566515,-0.24866862695154626,SIMULATED,NORMAL
2026-06-17T17:24:09.824665+00:00,DION_001,566516,-0.01850933071065508,SIMULATED,NORMAL
2026-06-17T17:24:09.835069+00:00,DION_001,566517,-0.34874085961747736,SIMULATED,NORMAL
2026-06-17T17:24:09.845417+00:00,DION_001,566518,-0.1096030912652384,SIMULATED,NORMAL
2026-06-17T17:24:09.855905+00:00,DION_001,566519,-0.2899617849854136,SIMULATED,NORMAL
2026-06-17T17:24:09.866460+00:00,DION_001,566520,-0.5446085830198759,SIMULATED,NORMAL
2026-06-17T17:24:09.876913+00:00,DION_001,566521,-0.25018634645422533,SIMULATED,NORMAL
2026-06-17T17:24:09.887319+00:00,DION_001,566522,0.054593834379765366,SIMULATED,NORMAL
2026-06-17T17:24:09.897691+00:00,DION_001,566523,-0.15978614075830674,SIMULATED,NORMAL
2026-06-17T17:24:09.908053+00:00,DION_001,566524,-0.4354497380153891,SIMULATED,NORMAL
2026-06-17T17:24:09.918413+00:00,DION_001,566525,-0.39383972349538526,SIMULATED,NORMAL
2026-06-17T17:24:09.928806+00:00,DION_001,566526,-0.06347716819035011,SIMULATED,NORMAL
2026-06-17T17:24:09.939203+00:00,DION_001,566527,-0.05937384614258282,SIMULATED,NORMAL
2026-06-17T17:24:09.949559+00:00,DION_001,566528,-0.04364131245489256,SIMULATED,NORMAL
2026-06-17T17:24:09.959952+00:00,DION_001,566529,-0.17597163577608907,SIMULATED,NORMAL
2026-06-17T17:24:09.970391+00:00,DION_001,566530,-0.014500350611420701,SIMULATED,NORMAL
2026-06-17T17:24:09.980772+00:00,DION_001,566531,-0.1492206292792265,SIMULATED,NORMAL
2026-06-17T17:24:09.991137+00:00,DION_001,566532,0.24716684106372103,SIMULATED,NORMAL
2026-06-17T17:24:10.001506+00:00,DION_001,566533,-0.06455800164394085,SIMULATED,NORMAL
2026-06-17T17:24:10.011898+00:00,DION_001,566534,0.13511430081739778,SIMULATED,NORMAL
2026-06-17T17:24:10.022300+00:00,DION_001,566535,0.07595090245711512,SIMULATED,NORMAL
2026-06-17T17:24:10.032614+00:00,DION_001,566536,-0.17578082404732895,SIMULATED,NORMAL
2026-06-17T17:24:10.042964+00:00,DION_001,566537,0.1657882625828501,SIMULATED,NORMAL
2026-06-17T17:24:10.053351+00:00,DION_001,566538,0.08080100223771008,SIMULATED,NORMAL
2026-06-17T17:24:10.063670+00:00,DION_001,566539,0.2149123142278779,SIMULATED,NORMAL
2026-06-17T17:24:10.073995+00:00,DION_001,566540,-0.06126878220690801,SIMULATED,NORMAL
2026-06-17T17:24:10.084381+00:00,DION_001,566541,0.11490659768207773,SIMULATED,NORMAL
2026-06-17T17:24:10.094862+00:00,DION_001,566542,0.43100539883207023,SIMULATED,NORMAL
2026-06-17T17:24:10.105244+00:00,DION_001,566543,0.17010159885792836,SIMULATED,NORMAL
2026-06-17T17:24:10.115568+00:00,DION_001,566544,0.23580973382829065,SIMULATED,NORMAL
2026-06-17T17:24:10.125894+00:00,DION_001,566545,0.0402359155132512,SIMULATED,NORMAL
2026-06-17T17:24:10.136170+00:00,DION_001,566546,0.19534074350965916,SIMULATED,NORMAL
2026-06-17T17:24:10.146525+00:00,DION_001,566547,0.1143104931220203,SIMULATED,NORMAL
2026-06-17T17:24:10.156883+00:00,DION_001,566548,0.17547209356690405,SIMULATED,NORMAL
2026-06-17T17:24:10.167229+00:00,DION_001,566549,0.2514594556032308,SIMULATED,NORMAL
2026-06-17T17:24:10.177539+00:00,DION_001,566550,0.061384512625274834,SIMULATED,NORMAL
2026-06-17T17:24:10.187894+00:00,DION_001,566551,0.2760449286606795,SIMULATED,NORMAL
2026-06-17T17:24:10.198222+00:00,DION_001,566552,0.1806645252562472,SIMULATED,NORMAL
2026-06-17T17:24:10.208607+00:00,DION_001,566553,-0.01826682641517871,SIMULATED,NORMAL
2026-06-17T17:24:10.219021+00:00,DION_001,566554,0.16973266356187375,SIMULATED,NORMAL
2026-06-17T17:24:10.229333+00:00,DION_001,566555,0.40501492290921987,SIMULATED,NORMAL
2026-06-17T17:24:10.239658+00:00,DION_001,566556,-0.24711986966024535,SIMULATED,NORMAL
2026-06-17T17:24:10.250021+00:00,DION_001,566557,-0.04778930659569855,SIMULATED,NORMAL
2026-06-17T17:24:10.260357+00:00,DION_001,566558,0.16387623308078675,SIMULATED,NORMAL
2026-06-17T17:24:10.270660+00:00,DION_001,566559,-0.33782881117016933,SIMULATED,NORMAL
2026-06-17T17:24:10.280972+00:00,DION_001,566560,-0.042807286941802324,SIMULATED,NORMAL
2026-06-17T17:24:10.291255+00:00,DION_001,566561,-0.0702323769455634,SIMULATED,NORMAL
2026-06-17T17:24:10.301589+00:00,DION_001,566562,-0.36565627046962645,SIMULATED,NORMAL
2026-06-17T17:24:10.311876+00:00,DION_001,566563,-0.06681814118903454,SIMULATED,NORMAL
2026-06-17T17:24:10.322179+00:00,DION_001,566564,-0.21310883037881634,SIMULATED,NORMAL
2026-06-17T17:24:10.332518+00:00,DION_001,566565,-0.07688212676015253,SIMULATED,NORMAL
2026-06-17T17:24:10.342893+00:00,DION_001,566566,-0.30723413985770487,SIMULATED,NORMAL
2026-06-17T17:24:10.353276+00:00,DION_001,566567,-0.46265079026741485,SIMULATED,NORMAL
2026-06-17T17:24:10.363524+00:00,DION_001,566568,-0.4366536544362621,SIMULATED,NORMAL
2026-06-17T17:24:10.373881+00:00,DION_001,566569,-0.2682044758425846,SIMULATED,NORMAL
2026-06-17T17:24:10.384316+00:00,DION_001,566570,-0.38803855011633126,SIMULATED,NORMAL
2026-06-17T17:24:10.394710+00:00,DION_001,566571,-0.21328964064218117,SIMULATED,NORMAL
2026-06-17T17:24:10.405165+00:00,DION_001,566572,-0.23536914180918647,SIMULATED,NORMAL
2026-06-17T17:24:10.415627+00:00,DION_001,566573,-0.21133141805827949,SIMULATED,NORMAL
2026-06-17T17:24:10.426078+00:00,DION_001,566574,-0.6552162892098592,SIMULATED,NORMAL
2026-06-17T17:24:10.436522+00:00,DION_001,566575,-0.4292818856714701,SIMULATED,NORMAL
2026-06-17T17:24:10.446916+00:00,DION_001,566576,-0.8505814645063985,SIMULATED,NORMAL
2026-06-17T17:24:10.457252+00:00,DION_001,566577,-0.8658188055372643,SIMULATED,NORMAL
2026-06-17T17:24:10.467615+00:00,DION_001,566578,-0.8358257029469551,SIMULATED,NORMAL
2026-06-17T17:24:10.478042+00:00,DION_001,566579,-0.5283572563318812,SIMULATED,NORMAL
2026-06-17T17:24:10.488436+00:00,DION_001,566580,-0.9600135382146845,SIMULATED,NORMAL
2026-06-17T17:24:10.498956+00:00,DION_001,566581,-0.7903733637383156,SIMULATED,NORMAL
2026-06-17T17:24:10.509329+00:00,DION_001,566582,-0.6621015933515683,SIMULATED,NORMAL
2026-06-17T17:24:10.519711+00:00,DION_001,566583,-1.151568861555357,SIMULATED,NORMAL
2026-06-17T17:24:10.530126+00:00,DION_001,566584,-1.0182781883290823,SIMULATED,NORMAL
2026-06-17T17:24:10.540476+00:00,DION_001,566585,-0.7865021219300532,SIMULATED,NORMAL
2026-06-17T17:24:10.550884+00:00,DION_001,566586,-1.2835269575974313,SIMULATED,NORMAL
2026-06-17T17:24:10.561248+00:00,DION_001,566587,-0.7669855446916892,SIMULATED,NORMAL
2026-06-17T17:24:10.571678+00:00,DION_001,566588,-0.9407626899402008,SIMULATED,NORMAL
2026-06-17T17:24:10.582064+00:00,DION_001,566589,-0.9092851479280956,SIMULATED,NORMAL
2026-06-17T17:24:10.592495+00:00,DION_001,566590,-1.0907636297280818,SIMULATED,NORMAL
2026-06-17T17:24:10.603119+00:00,DION_001,566591,-1.1260687233464812,SIMULATED,NORMAL
2026-06-17T17:24:10.613639+00:00,DION_001,566592,-0.94636359069793,SIMULATED,NORMAL
2026-06-17T17:24:10.624047+00:00,DION_001,566593,-1.301142508560686,SIMULATED,NORMAL
2026-06-17T17:24:10.634481+00:00,DION_001,566594,-1.084636287256543,SIMULATED,NORMAL
2026-06-17T17:24:10.644890+00:00,DION_001,566595,-0.8564182331288024,SIMULATED,NORMAL
2026-06-17T17:24:10.655324+00:00,DION_001,566596,-0.934288927589406,SIMULATED,NORMAL
2026-06-17T17:24:10.665757+00:00,DION_001,566597,-1.3166694925228342,SIMULATED,NORMAL
2026-06-17T17:24:10.676121+00:00,DION_001,566598,-0.9895390737876208,SIMULATED,NORMAL
2026-06-17T17:24:10.686434+00:00,DION_001,566599,-1.1959649457895494,SIMULATED,NORMAL
2026-06-17T17:24:10.696717+00:00,DION_001,566600,-1.13584866638058,SIMULATED,NORMAL
2026-06-17T17:24:10.707088+00:00,DION_001,566601,-0.9836177131328468,SIMULATED,NORMAL
2026-06-17T17:24:10.717513+00:00,DION_001,566602,-0.8565171171744029,SIMULATED,NORMAL
2026-06-17T17:24:10.727988+00:00,DION_001,566603,-0.9153835893023686,SIMULATED,NORMAL
2026-06-17T17:24:10.738416+00:00,DION_001,566604,-1.365264065273237,SIMULATED,NORMAL
2026-06-17T17:24:10.748815+00:00,DION_001,566605,-0.7903888538486592,SIMULATED,NORMAL
2026-06-17T17:24:10.759193+00:00,DION_001,566606,-0.8193112129640636,SIMULATED,NORMAL
2026-06-17T17:24:10.769506+00:00,DION_001,566607,-0.900110926912047,SIMULATED,NORMAL
2026-06-17T17:24:10.779837+00:00,DION_001,566608,-0.878370469736333,SIMULATED,NORMAL
2026-06-17T17:24:10.790281+00:00,DION_001,566609,-0.7809341882016174,SIMULATED,NORMAL
2026-06-17T17:24:10.800631+00:00,DION_001,566610,-0.7181030041289154,SIMULATED,NORMAL
2026-06-17T17:24:10.810952+00:00,DION_001,566611,-0.8334762753605544,SIMULATED,NORMAL
2026-06-17T17:24:10.821431+00:00,DION_001,566612,-0.8431065584191874,SIMULATED,NORMAL
2026-06-17T17:24:10.831820+00:00,DION_001,566613,-0.6467050462398389,SIMULATED,NORMAL
2026-06-17T17:24:10.842147+00:00,DION_001,566614,-0.4881509342896727,SIMULATED,NORMAL
2026-06-17T17:24:10.852452+00:00,DION_001,566615,-0.8191056163209673,SIMULATED,NORMAL
2026-06-17T17:24:10.862992+00:00,DION_001,566616,-0.7300513479173347,SIMULATED,NORMAL
2026-06-17T17:24:10.873386+00:00,DION_001,566617,-0.7731872929483401,SIMULATED,NORMAL
2026-06-17T17:24:10.883665+00:00,DION_001,566618,-0.6000720154395078,SIMULATED,NORMAL
2026-06-17T17:24:10.894155+00:00,DION_001,566619,-0.6819328067754529,SIMULATED,NORMAL
2026-06-17T17:24:10.904482+00:00,DION_001,566620,-0.7171622758641707,SIMULATED,NORMAL
2026-06-17T17:24:10.914954+00:00,DION_001,566621,-0.4502796954905248,SIMULATED,NORMAL
2026-06-17T17:24:10.925405+00:00,DION_001,566622,-0.4127612483916915,SIMULATED,NORMAL
2026-06-17T17:24:10.935774+00:00,DION_001,566623,-0.4374154391293643,SIMULATED,NORMAL
2026-06-17T17:24:10.946139+00:00,DION_001,566624,-0.5428825226368031,SIMULATED,NORMAL
2026-06-17T17:24:10.956692+00:00,DION_001,566625,-0.5047824343773365,SIMULATED,NORMAL
2026-06-17T17:24:10.967109+00:00,DION_001,566626,-0.4700958806231684,SIMULATED,NORMAL
2026-06-17T17:24:10.977510+00:00,DION_001,566627,-0.18327997225285964,SIMULATED,NORMAL
2026-06-17T17:24:10.987826+00:00,DION_001,566628,-0.34454441620937404,SIMULATED,NORMAL
2026-06-17T17:24:10.998249+00:00,DION_001,566629,-0.305802509280833,SIMULATED,NORMAL
2026-06-17T17:24:11.008628+00:00,DION_001,566630,-0.6047347427966541,SIMULATED,NORMAL
2026-06-17T17:24:11.018938+00:00,DION_001,566631,-0.5580337449680595,SIMULATED,NORMAL
2026-06-17T17:24:11.029401+00:00,DION_001,566632,-0.5180452751676425,SIMULATED,NORMAL
2026-06-17T17:24:11.039765+00:00,DION_001,566633,-0.3322574878707457,SIMULATED,NORMAL
2026-06-17T17:24:11.050035+00:00,DION_001,566634,-0.4894730433207494,SIMULATED,NORMAL
2026-06-17T17:24:11.060352+00:00,DION_001,566635,-0.3007603051093094,SIMULATED,NORMAL
2026-06-17T17:24:11.070738+00:00,DION_001,566636,-0.4999527739515901,SIMULATED,NORMAL
2026-06-17T17:24:11.081152+00:00,DION_001,566637,-0.4167054598159528,SIMULATED,NORMAL
2026-06-17T17:24:11.091459+00:00,DION_001,566638,-0.39699778660567503,SIMULATED,NORMAL
2026-06-17T17:24:11.101715+00:00,DION_001,566639,-0.5101353234042535,SIMULATED,NORMAL
2026-06-17T17:24:11.112027+00:00,DION_001,566640,-0.47886128301526193,SIMULATED,NORMAL
2026-06-17T17:24:11.122338+00:00,DION_001,566641,1.9123790603799058,SIMULATED,NORMAL
2026-06-17T17:24:11.132785+00:00,DION_001,566642,-0.5770523508922047,SIMULATED,NORMAL
2026-06-17T17:24:11.143169+00:00,DION_001,566643,-0.47408852838978366,SIMULATED,NORMAL
2026-06-17T17:24:11.153566+00:00,DION_001,566644,-0.45206726032865185,SIMULATED,NORMAL
2026-06-17T17:24:11.163950+00:00,DION_001,566645,-0.5678701761426682,SIMULATED,NORMAL
2026-06-17T17:24:11.174239+00:00,DION_001,566646,-0.5055471254752878,SIMULATED,NORMAL
2026-06-17T17:24:11.184529+00:00,DION_001,566647,-0.6309839078188458,SIMULATED,NORMAL
2026-06-17T17:24:11.194855+00:00,DION_001,566648,-0.6742228275456439,SIMULATED,NORMAL
2026-06-17T17:24:11.205170+00:00,DION_001,566649,-0.355223281742732,SIMULATED,NORMAL
2026-06-17T17:24:11.215507+00:00,DION_001,566650,-0.8632171414131664,SIMULATED,NORMAL
2026-06-17T17:24:11.225817+00:00,DION_001,566651,-0.6044020475212094,SIMULATED,NORMAL
2026-06-17T17:24:11.236205+00:00,DION_001,566652,-0.8387572806629726,SIMULATED,NORMAL
2026-06-17T17:24:11.246568+00:00,DION_001,566653,-0.9685713825871608,SIMULATED,NORMAL
2026-06-17T17:24:11.256893+00:00,DION_001,566654,-0.44655798214956394,SIMULATED,NORMAL
2026-06-17T17:24:11.267249+00:00,DION_001,566655,-0.8943389495241876,SIMULATED,NORMAL
2026-06-17T17:24:11.277645+00:00,DION_001,566656,-0.9293192735079032,SIMULATED,NORMAL
2026-06-17T17:24:11.288080+00:00,DION_001,566657,-0.716270704835977,SIMULATED,NORMAL
2026-06-17T17:24:11.298596+00:00,DION_001,566658,-0.7075644948263798,SIMULATED,NORMAL
2026-06-17T17:24:11.309138+00:00,DION_001,566659,-0.9870106257979405,SIMULATED,NORMAL
2026-06-17T17:24:11.319413+00:00,DION_001,566660,-0.7463397408512673,SIMULATED,NORMAL
2026-06-17T17:24:11.329775+00:00,DION_001,566661,-0.8521920274748169,SIMULATED,NORMAL
2026-06-17T17:24:11.340167+00:00,DION_001,566662,-0.7727677859542035,SIMULATED,NORMAL
2026-06-17T17:24:11.350568+00:00,DION_001,566663,-0.8676029159264523,SIMULATED,NORMAL
2026-06-17T17:24:11.360941+00:00,DION_001,566664,-1.2224787000149229,SIMULATED,NORMAL
2026-06-17T17:24:11.371198+00:00,DION_001,566665,-1.1220429805297147,SIMULATED,NORMAL
2026-06-17T17:24:11.381529+00:00,DION_001,566666,-0.7114641223943762,SIMULATED,NORMAL
2026-06-17T17:24:11.391972+00:00,DION_001,566667,-1.0315663459962503,SIMULATED,NORMAL
2026-06-17T17:24:11.402338+00:00,DION_001,566668,-1.0218246669415847,SIMULATED,NORMAL
2026-06-17T17:24:11.412691+00:00,DION_001,566669,-1.2584261302865896,SIMULATED,NORMAL
2026-06-17T17:24:11.423089+00:00,DION_001,566670,-0.9384236764880585,SIMULATED,NORMAL
2026-06-17T17:24:11.433524+00:00,DION_001,566671,-1.2331659338399699,SIMULATED,NORMAL
2026-06-17T17:24:11.443917+00:00,DION_001,566672,-1.1238251924539033,SIMULATED,NORMAL
2026-06-17T17:24:11.454347+00:00,DION_001,566673,-1.0922881847893677,SIMULATED,NORMAL
2026-06-17T17:24:11.464862+00:00,DION_001,566674,-1.0762138298454302,SIMULATED,NORMAL
2026-06-17T17:24:11.475287+00:00,DION_001,566675,2.1107863112048086,SIMULATED,EVENT_DETECTED
2026-06-17T17:24:11.485952+00:00,DION_001,566676,-0.7946585743767803,SIMULATED,NORMAL
2026-06-17T17:24:11.496330+00:00,DION_001,566677,-0.7122850413976236,SIMULATED,NORMAL
2026-06-17T17:24:11.506927+00:00,DION_001,566678,-0.8829339905289693,SIMULATED,NORMAL
2026-06-17T17:24:11.517330+00:00,DION_001,566679,-0.7152320129823463,SIMULATED,NORMAL
2026-06-17T17:24:11.527731+00:00,DION_001,566680,-0.7692957455880113,SIMULATED,NORMAL
2026-06-17T17:24:11.538154+00:00,DION_001,566681,-1.0504325647450796,SIMULATED,NORMAL
2026-06-17T17:24:11.548620+00:00,DION_001,566682,-0.7461523455153156,SIMULATED,NORMAL
2026-06-17T17:24:11.559046+00:00,DION_001,566683,-0.8945520653415583,SIMULATED,NORMAL
2026-06-17T17:24:11.569417+00:00,DION_001,566684,-0.7622988513186126,SIMULATED,NORMAL
2026-06-17T17:24:11.579797+00:00,DION_001,566685,-0.8534332116812376,SIMULATED,NORMAL
2026-06-17T17:24:11.590248+00:00,DION_001,566686,-0.6195369188061786,SIMULATED,NORMAL
2026-06-17T17:24:11.600620+00:00,DION_001,566687,-0.5236440680834624,SIMULATED,NORMAL
2026-06-17T17:24:11.611019+00:00,DION_001,566688,-0.5760100793252755,SIMULATED,NORMAL
2026-06-17T17:24:11.621428+00:00,DION_001,566689,-0.267159110630904,SIMULATED,NORMAL
2026-06-17T17:24:11.631776+00:00,DION_001,566690,-0.4067292798009301,SIMULATED,NORMAL
2026-06-17T17:24:11.642168+00:00,DION_001,566691,-0.5676534904561326,SIMULATED,NORMAL
2026-06-17T17:24:11.652536+00:00,DION_001,566692,-0.34274285657609055,SIMULATED,NORMAL
2026-06-17T17:24:11.662976+00:00,DION_001,566693,-0.2657674161054079,SIMULATED,NORMAL
2026-06-17T17:24:11.673343+00:00,DION_001,566694,-0.5571410052391119,SIMULATED,NORMAL
2026-06-17T17:24:11.683694+00:00,DION_001,566695,-0.7101306507439562,SIMULATED,NORMAL
2026-06-17T17:24:11.694065+00:00,DION_001,566696,-0.3497797191322887,SIMULATED,NORMAL
2026-06-17T17:24:11.704434+00:00,DION_001,566697,-0.4961271719270405,SIMULATED,NORMAL
2026-06-17T17:24:11.714830+00:00,DION_001,566698,-0.05634875092538419,SIMULATED,NORMAL
2026-06-17T17:24:11.725183+00:00,DION_001,566699,-0.1138655786779957,SIMULATED,NORMAL
2026-06-17T17:24:11.735555+00:00,DION_001,566700,-0.10118550717993577,SIMULATED,NORMAL
2026-06-17T17:24:11.745975+00:00,DION_001,566701,0.05630991594439286,SIMULATED,NORMAL
2026-06-17T17:24:11.756348+00:00,DION_001,566702,0.05862199525843145,SIMULATED,NORMAL
2026-06-17T17:24:11.766686+00:00,DION_001,566703,-0.1437878952304266,SIMULATED,NORMAL
2026-06-17T17:24:11.777029+00:00,DION_001,566704,0.07687931556945587,SIMULATED,NORMAL
2026-06-17T17:24:11.787422+00:00,DION_001,566705,0.2620850086782528,SIMULATED,NORMAL
2026-06-17T17:24:11.797785+00:00,DION_001,566706,-0.03963646896736567,SIMULATED,NORMAL
2026-06-17T17:24:11.808240+00:00,DION_001,566707,0.11883702299554953,SIMULATED,NORMAL
2026-06-17T17:24:11.818588+00:00,DION_001,566708,0.20800616660848387,SIMULATED,NORMAL
2026-06-17T17:24:11.829008+00:00,DION_001,566709,0.1385708209764846,SIMULATED,NORMAL
2026-06-17T17:24:11.839449+00:00,DION_001,566710,0.1495168555733511,SIMULATED,NORMAL
2026-06-17T17:24:11.849826+00:00,DION_001,566711,0.06977088753595773,SIMULATED,NORMAL
2026-06-17T17:24:11.860203+00:00,DION_001,566712,0.2167524652922182,SIMULATED,NORMAL
2026-06-17T17:24:11.870576+00:00,DION_001,566713,-0.035537032933017465,SIMULATED,NORMAL
2026-06-17T17:24:11.880936+00:00,DION_001,566714,-0.013532057380088947,SIMULATED,NORMAL
2026-06-17T17:24:11.891322+00:00,DION_001,566715,0.03270888736815436,SIMULATED,NORMAL
2026-06-17T17:24:11.901724+00:00,DION_001,566716,0.17881399936073455,SIMULATED,NORMAL
2026-06-17T17:24:11.912220+00:00,DION_001,566717,0.18143114813545197,SIMULATED,NORMAL
2026-06-17T17:24:11.922710+00:00,DION_001,566718,0.10195265951538812,SIMULATED,NORMAL
2026-06-17T17:24:11.933378+00:00,DION_001,566719,0.16862762587673474,SIMULATED,NORMAL
2026-06-17T17:24:11.943856+00:00,DION_001,566720,0.2598755257679955,SIMULATED,NORMAL
2026-06-17T17:24:11.954357+00:00,DION_001,566721,0.0025194542543078846,SIMULATED,NORMAL
2026-06-17T17:24:11.964810+00:00,DION_001,566722,0.3503866101253406,SIMULATED,NORMAL
2026-06-17T17:24:11.975175+00:00,DION_001,566723,0.3555210387558543,SIMULATED,NORMAL
2026-06-17T17:24:11.985529+00:00,DION_001,566724,-0.04862848266783776,SIMULATED,NORMAL
2026-06-17T17:24:11.996081+00:00,DION_001,566725,0.46178943446084075,SIMULATED,NORMAL
2026-06-17T17:24:12.006491+00:00,DION_001,566726,0.23911670716944114,SIMULATED,NORMAL
2026-06-17T17:24:12.016966+00:00,DION_001,566727,0.18294102495081657,SIMULATED,NORMAL
2026-06-17T17:24:12.027401+00:00,DION_001,566728,0.20490649117601534,SIMULATED,NORMAL
2026-06-17T17:24:12.037724+00:00,DION_001,566729,0.17538991477011154,SIMULATED,NORMAL
2026-06-17T17:24:12.048107+00:00,DION_001,566730,-0.13319331182303365,SIMULATED,NORMAL
2026-06-17T17:24:12.058488+00:00,DION_001,566731,0.26847626630966037,SIMULATED,NORMAL
2026-06-17T17:24:12.068879+00:00,DION_001,566732,-0.3564112742319173,SIMULATED,NORMAL
2026-06-17T17:24:12.079275+00:00,DION_001,566733,0.15541726190768432,SIMULATED,NORMAL
2026-06-17T17:24:12.089649+00:00,DION_001,566734,-0.02373805545767166,SIMULATED,NORMAL
2026-06-17T17:24:12.100058+00:00,DION_001,566735,0.13461323347557194,SIMULATED,NORMAL
2026-06-17T17:24:12.110441+00:00,DION_001,566736,0.18219330903045938,SIMULATED,NORMAL
2026-06-17T17:24:12.120725+00:00,DION_001,566737,-0.229581279000996,SIMULATED,NORMAL
2026-06-17T17:24:12.131176+00:00,DION_001,566738,0.14418123072711092,SIMULATED,NORMAL
2026-06-17T17:24:12.141545+00:00,DION_001,566739,0.029411157130606814,SIMULATED,NORMAL
2026-06-17T17:24:12.151936+00:00,DION_001,566740,0.07288098261975304,SIMULATED,NORMAL
2026-06-17T17:24:12.162370+00:00,DION_001,566741,-0.013225112798749177,SIMULATED,NORMAL
2026-06-17T17:24:12.172771+00:00,DION_001,566742,-0.07002361749418758,SIMULATED,NORMAL
2026-06-17T17:24:12.183093+00:00,DION_001,566743,0.013859630240488786,SIMULATED,NORMAL
2026-06-17T17:24:12.193399+00:00,DION_001,566744,0.15816343336582545,SIMULATED,NORMAL
2026-06-17T17:24:12.203739+00:00,DION_001,566745,-0.32583980144454094,SIMULATED,NORMAL
2026-06-17T17:24:12.214066+00:00,DION_001,566746,0.11185784502915325,SIMULATED,NORMAL
2026-06-17T17:24:12.224365+00:00,DION_001,566747,-0.20091606016840258,SIMULATED,NORMAL
2026-06-17T17:24:12.234736+00:00,DION_001,566748,-0.017222485068934118,SIMULATED,NORMAL
2026-06-17T17:24:12.245090+00:00,DION_001,566749,-0.13795550852884192,SIMULATED,NORMAL
2026-06-17T17:24:12.255429+00:00,DION_001,566750,-0.365058294203951,SIMULATED,NORMAL
2026-06-17T17:24:12.265747+00:00,DION_001,566751,0.055847002469430584,SIMULATED,NORMAL
2026-06-17T17:24:12.276041+00:00,DION_001,566752,0.1356004518896207,SIMULATED,NORMAL
2026-06-17T17:24:12.286259+00:00,DION_001,566753,-0.3272210262768325,SIMULATED,NORMAL
2026-06-17T17:24:12.296497+00:00,DION_001,566754,0.034033268685479415,SIMULATED,NORMAL
2026-06-17T17:24:12.306865+00:00,DION_001,566755,0.20430106819154992,SIMULATED,NORMAL
2026-06-17T17:24:12.317120+00:00,DION_001,566756,0.17561160758040353,SIMULATED,NORMAL
2026-06-17T17:24:12.327436+00:00,DION_001,566757,-0.06904863852797855,SIMULATED,NORMAL
2026-06-17T17:24:12.337795+00:00,DION_001,566758,0.15031797464847751,SIMULATED,NORMAL
2026-06-17T17:24:12.348090+00:00,DION_001,566759,-0.000972776283106408,SIMULATED,NORMAL
2026-06-17T17:24:12.358484+00:00,DION_001,566760,0.013468936041800411,SIMULATED,NORMAL
2026-06-17T17:24:12.368978+00:00,DION_001,566761,0.08705051766483635,SIMULATED,NORMAL
2026-06-17T17:24:12.379379+00:00,DION_001,566762,0.04312527138133247,SIMULATED,NORMAL
2026-06-17T17:24:12.389738+00:00,DION_001,566763,0.06828282467810937,SIMULATED,NORMAL
2026-06-17T17:24:12.400015+00:00,DION_001,566764,0.3155635694506015,SIMULATED,NORMAL
2026-06-17T17:24:12.410313+00:00,DION_001,566765,0.14481502825793957,SIMULATED,NORMAL
2026-06-17T17:24:12.420624+00:00,DION_001,566766,0.2699555139188207,SIMULATED,NORMAL
2026-06-17T17:24:12.430961+00:00,DION_001,566767,0.4330211793796045,SIMULATED,NORMAL
2026-06-17T17:24:12.441277+00:00,DION_001,566768,0.15233861140013064,SIMULATED,NORMAL
2026-06-17T17:24:12.451655+00:00,DION_001,566769,0.39924103682459133,SIMULATED,NORMAL
2026-06-17T17:24:12.462104+00:00,DION_001,566770,0.38516651795116613,SIMULATED,NORMAL
2026-06-17T17:24:12.472519+00:00,DION_001,566771,0.35540490271742403,SIMULATED,NORMAL
2026-06-17T17:24:12.482916+00:00,DION_001,566772,0.25550692266796393,SIMULATED,NORMAL
2026-06-17T17:24:12.493281+00:00,DION_001,566773,0.6415096452649802,SIMULATED,NORMAL
2026-06-17T17:24:12.503712+00:00,DION_001,566774,0.7494085583189024,SIMULATED,NORMAL
2026-06-17T17:24:12.514187+00:00,DION_001,566775,0.7593500879932775,SIMULATED,NORMAL
2026-06-17T17:24:12.524596+00:00,DION_001,566776,0.660676871469845,SIMULATED,NORMAL
2026-06-17T17:24:12.534938+00:00,DION_001,566777,0.3603783873127097,SIMULATED,NORMAL
2026-06-17T17:24:12.545303+00:00,DION_001,566778,0.9104532746668397,SIMULATED,NORMAL
2026-06-17T17:24:12.555689+00:00,DION_001,566779,0.6689095110888806,SIMULATED,NORMAL
2026-06-17T17:24:12.565936+00:00,DION_001,566780,1.0165842678424064,SIMULATED,NORMAL
2026-06-17T17:24:12.576219+00:00,DION_001,566781,0.9791608756927297,SIMULATED,NORMAL
2026-06-17T17:24:12.586577+00:00,DION_001,566782,1.115052505016706,SIMULATED,NORMAL
2026-06-17T17:24:12.596930+00:00,DION_001,566783,0.8258899252645296,SIMULATED,NORMAL
2026-06-17T17:24:12.607339+00:00,DION_001,566784,1.0542610195641693,SIMULATED,NORMAL
2026-06-17T17:24:12.617720+00:00,DION_001,566785,1.0085204482941577,SIMULATED,NORMAL
2026-06-17T17:24:12.628119+00:00,DION_001,566786,1.0344995149393459,SIMULATED,NORMAL
2026-06-17T17:24:12.638439+00:00,DION_001,566787,1.1511512466569236,SIMULATED,NORMAL
2026-06-17T17:24:12.648739+00:00,DION_001,566788,1.1616546976040227,SIMULATED,NORMAL
2026-06-17T17:24:12.659098+00:00,DION_001,566789,1.0113188935848394,SIMULATED,NORMAL
2026-06-17T17:24:12.669435+00:00,DION_001,566790,1.225363486819405,SIMULATED,NORMAL
2026-06-17T17:24:12.679747+00:00,DION_001,566791,1.0996483758123519,SIMULATED,NORMAL
2026-06-17T17:24:12.690021+00:00,DION_001,566792,0.9463794682365813,SIMULATED,NORMAL
2026-06-17T17:24:12.700327+00:00,DION_001,566793,1.0015203131964034,SIMULATED,NORMAL
2026-06-17T17:24:12.710625+00:00,DION_001,566794,1.032310614797392,SIMULATED,NORMAL
2026-06-17T17:24:12.720912+00:00,DION_001,566795,1.0386753340856048,SIMULATED,NORMAL
2026-06-17T17:24:12.731317+00:00,DION_001,566796,1.2381498802171182,SIMULATED,NORMAL
2026-06-17T17:24:12.741613+00:00,DION_001,566797,0.9099188652532082,SIMULATED,NORMAL
2026-06-17T17:24:12.751897+00:00,DION_001,566798,0.9104184060311894,SIMULATED,NORMAL
2026-06-17T17:24:12.762266+00:00,DION_001,566799,1.0738954100844738,SIMULATED,NORMAL
2026-06-17T17:24:12.772658+00:00,DION_001,566800,1.033762275324304,SIMULATED,NORMAL
2026-06-17T17:24:12.783058+00:00,DION_001,566801,0.9946930971527668,SIMULATED,NORMAL
2026-06-17T17:24:12.793423+00:00,DION_001,566802,0.9034679765124697,SIMULATED,NORMAL
2026-06-17T17:24:12.803795+00:00,DION_001,566803,1.2710474207918039,SIMULATED,NORMAL
2026-06-17T17:24:12.814159+00:00,DION_001,566804,0.9867660168515862,SIMULATED,NORMAL
2026-06-17T17:24:12.824372+00:00,DION_001,566805,1.1037604543127153,SIMULATED,NORMAL
2026-06-17T17:24:12.834697+00:00,DION_001,566806,1.1800853423276427,SIMULATED,NORMAL
2026-06-17T17:24:12.845039+00:00,DION_001,566807,0.8304341742839809,SIMULATED,NORMAL
2026-06-17T17:24:12.855328+00:00,DION_001,566808,1.0831601329214329,SIMULATED,NORMAL
2026-06-17T17:24:12.865625+00:00,DION_001,566809,1.114700639418694,SIMULATED,NORMAL
2026-06-17T17:24:12.875957+00:00,DION_001,566810,0.7890064460442004,SIMULATED,NORMAL
2026-06-17T17:24:12.886306+00:00,DION_001,566811,1.0028276326007828,SIMULATED,NORMAL
2026-06-17T17:24:12.896638+00:00,DION_001,566812,0.9937280305133791,SIMULATED,NORMAL
2026-06-17T17:24:12.906957+00:00,DION_001,566813,0.8901071408050356,SIMULATED,NORMAL
2026-06-17T17:24:12.917240+00:00,DION_001,566814,0.8026723030300492,SIMULATED,NORMAL
2026-06-17T17:24:12.927570+00:00,DION_001,566815,0.7279447594038935,SIMULATED,NORMAL
2026-06-17T17:24:12.937904+00:00,DION_001,566816,0.8966802127783644,SIMULATED,NORMAL
2026-06-17T17:24:12.948235+00:00,DION_001,566817,0.29886612095968007,SIMULATED,NORMAL
2026-06-17T17:24:12.958655+00:00,DION_001,566818,0.5985948567486945,SIMULATED,NORMAL
2026-06-17T17:24:12.969019+00:00,DION_001,566819,0.5816500385533581,SIMULATED,NORMAL
2026-06-17T17:24:12.979452+00:00,DION_001,566820,0.39834739878507486,SIMULATED,NORMAL
2026-06-17T17:24:12.989832+00:00,DION_001,566821,0.6883050670427188,SIMULATED,NORMAL
2026-06-17T17:24:13.000246+00:00,DION_001,566822,0.534530244260864,SIMULATED,NORMAL
2026-06-17T17:24:13.010601+00:00,DION_001,566823,0.2618391380539528,SIMULATED,NORMAL
2026-06-17T17:24:13.021012+00:00,DION_001,566824,0.4940415705195064,SIMULATED,NORMAL
2026-06-17T17:24:13.031330+00:00,DION_001,566825,0.42063591102637815,SIMULATED,NORMAL
2026-06-17T17:24:13.041654+00:00,DION_001,566826,0.6203350064022138,SIMULATED,NORMAL
2026-06-17T17:24:13.051961+00:00,DION_001,566827,0.7057782531355897,SIMULATED,NORMAL
2026-06-17T17:24:13.062389+00:00,DION_001,566828,0.45360210847659643,SIMULATED,NORMAL
2026-06-17T17:24:13.072761+00:00,DION_001,566829,0.16045580549868466,SIMULATED,NORMAL
2026-06-17T17:24:13.083060+00:00,DION_001,566830,0.292906263053002,SIMULATED,NORMAL
2026-06-17T17:24:13.093375+00:00,DION_001,566831,0.24430538951426775,SIMULATED,NORMAL
2026-06-17T17:24:13.103808+00:00,DION_001,566832,0.35567284542490013,SIMULATED,NORMAL
2026-06-17T17:24:13.114080+00:00,DION_001,566833,0.7179315275504672,SIMULATED,NORMAL
2026-06-17T17:24:13.124385+00:00,DION_001,566834,0.29030818580199275,SIMULATED,NORMAL
2026-06-17T17:24:13.134673+00:00,DION_001,566835,0.17238630088072254,SIMULATED,NORMAL
2026-06-17T17:24:13.144928+00:00,DION_001,566836,0.23002274889354743,SIMULATED,NORMAL
2026-06-17T17:24:13.155211+00:00,DION_001,566837,0.24058877634996717,SIMULATED,NORMAL
2026-06-17T17:24:13.165523+00:00,DION_001,566838,0.4241896707869967,SIMULATED,NORMAL
2026-06-17T17:24:13.175825+00:00,DION_001,566839,0.5706410866823461,SIMULATED,NORMAL
2026-06-17T17:24:13.186142+00:00,DION_001,566840,0.23748573156174163,SIMULATED,NORMAL
2026-06-17T17:24:13.196518+00:00,DION_001,566841,0.3826410761969159,SIMULATED,NORMAL
2026-06-17T17:24:13.206878+00:00,DION_001,566842,0.3480564503206911,SIMULATED,NORMAL
2026-06-17T17:24:13.217234+00:00,DION_001,566843,0.6789281084653827,SIMULATED,NORMAL
2026-06-17T17:24:13.227507+00:00,DION_001,566844,0.4143720020780972,SIMULATED,NORMAL
2026-06-17T17:24:13.237809+00:00,DION_001,566845,0.2703470029674586,SIMULATED,NORMAL
2026-06-17T17:24:13.248326+00:00,DION_001,566846,0.5523507873809905,SIMULATED,NORMAL
2026-06-17T17:24:13.258728+00:00,DION_001,566847,0.4677423374638464,SIMULATED,NORMAL
2026-06-17T17:24:13.269125+00:00,DION_001,566848,0.4780493068704399,SIMULATED,NORMAL
2026-06-17T17:24:13.279503+00:00,DION_001,566849,0.7091127475455297,SIMULATED,NORMAL
2026-06-17T17:24:13.289940+00:00,DION_001,566850,0.8402781454314203,SIMULATED,NORMAL
2026-06-17T17:24:13.300409+00:00,DION_001,566851,0.7503369270991782,SIMULATED,NORMAL
2026-06-17T17:24:13.310901+00:00,DION_001,566852,0.7257552305777907,SIMULATED,NORMAL
2026-06-17T17:24:13.321456+00:00,DION_001,566853,0.5193365438736018,SIMULATED,NORMAL
2026-06-17T17:24:13.331953+00:00,DION_001,566854,2.0064592268455264,SIMULATED,EVENT_DETECTED
2026-06-17T17:24:13.342486+00:00,DION_001,566855,0.84437810176208,SIMULATED,NORMAL
2026-06-17T17:24:13.352780+00:00,DION_001,566856,0.7553059184953556,SIMULATED,NORMAL
2026-06-17T17:24:13.363127+00:00,DION_001,566857,0.9334644997076909,SIMULATED,NORMAL
2026-06-17T17:24:13.373500+00:00,DION_001,566858,0.7829284665334478,SIMULATED,NORMAL
2026-06-17T17:24:13.383898+00:00,DION_001,566859,0.93338337169471,SIMULATED,NORMAL
2026-06-17T17:24:13.394309+00:00,DION_001,566860,0.8296547231808595,SIMULATED,NORMAL
2026-06-17T17:24:13.404680+00:00,DION_001,566861,0.9262688041529735,SIMULATED,NORMAL
2026-06-17T17:24:13.415101+00:00,DION_001,566862,0.653731010799212,SIMULATED,NORMAL
2026-06-17T17:24:13.425499+00:00,DION_001,566863,0.944607393076087,SIMULATED,NORMAL
2026-06-17T17:24:13.435849+00:00,DION_001,566864,0.6991381266132564,SIMULATED,NORMAL
2026-06-17T17:24:13.446224+00:00,DION_001,566865,0.9575606867320454,SIMULATED,NORMAL
2026-06-17T17:24:13.456614+00:00,DION_001,566866,0.6962738037055486,SIMULATED,NORMAL
2026-06-17T17:24:13.466947+00:00,DION_001,566867,0.9135338069594344,SIMULATED,NORMAL
2026-06-17T17:24:13.477239+00:00,DION_001,566868,0.8553319547954114,SIMULATED,NORMAL
2026-06-17T17:24:13.487593+00:00,DION_001,566869,1.1426697520676286,SIMULATED,NORMAL
2026-06-17T17:24:13.498100+00:00,DION_001,566870,0.7065372080698865,SIMULATED,NORMAL
2026-06-17T17:24:13.508495+00:00,DION_001,566871,0.7628705327401512,SIMULATED,NORMAL
2026-06-17T17:24:13.519000+00:00,DION_001,566872,0.8275662091942945,SIMULATED,NORMAL
2026-06-17T17:24:13.529421+00:00,DION_001,566873,1.1451827034495585,SIMULATED,NORMAL
2026-06-17T17:24:13.539859+00:00,DION_001,566874,0.913974555058154,SIMULATED,NORMAL
2026-06-17T17:24:13.550237+00:00,DION_001,566875,1.06697331214573,SIMULATED,NORMAL
2026-06-17T17:24:13.560523+00:00,DION_001,566876,0.8250652710242101,SIMULATED,NORMAL
2026-06-17T17:24:13.570975+00:00,DION_001,566877,1.0635354183219679,SIMULATED,NORMAL
2026-06-17T17:24:13.581342+00:00,DION_001,566878,0.9954675383675288,SIMULATED,NORMAL
2026-06-17T17:24:13.591830+00:00,DION_001,566879,0.8431252844759483,SIMULATED,NORMAL
2026-06-17T17:24:13.602194+00:00,DION_001,566880,0.8802966696469382,SIMULATED,NORMAL
2026-06-17T17:24:13.612491+00:00,DION_001,566881,0.5694805333405852,SIMULATED,NORMAL
2026-06-17T17:24:13.622971+00:00,DION_001,566882,0.8107087818832697,SIMULATED,NORMAL
2026-06-17T17:24:13.633380+00:00,DION_001,566883,0.5457147643105696,SIMULATED,NORMAL
2026-06-17T17:24:13.643766+00:00,DION_001,566884,0.9220447147478515,SIMULATED,NORMAL
2026-06-17T17:24:13.654134+00:00,DION_001,566885,0.5836978242889086,SIMULATED,NORMAL
2026-06-17T17:24:13.664522+00:00,DION_001,566886,0.6735632249868232,SIMULATED,NORMAL
2026-06-17T17:24:13.674980+00:00,DION_001,566887,0.600136845631246,SIMULATED,NORMAL
2026-06-17T17:24:13.685344+00:00,DION_001,566888,0.5139599623502923,SIMULATED,NORMAL
2026-06-17T17:24:13.695859+00:00,DION_001,566889,0.7532565763809326,SIMULATED,NORMAL
2026-06-17T17:24:13.706320+00:00,DION_001,566890,0.6423557000519721,SIMULATED,NORMAL
2026-06-17T17:24:13.716724+00:00,DION_001,566891,0.3926067685720822,SIMULATED,NORMAL
2026-06-17T17:24:13.727107+00:00,DION_001,566892,0.4314356356385128,SIMULATED,NORMAL
2026-06-17T17:24:13.737482+00:00,DION_001,566893,0.6028250121377532,SIMULATED,NORMAL
2026-06-17T17:24:13.747941+00:00,DION_001,566894,0.2944474187202353,SIMULATED,NORMAL
2026-06-17T17:24:13.758262+00:00,DION_001,566895,0.24519179849152212,SIMULATED,NORMAL
2026-06-17T17:24:13.768620+00:00,DION_001,566896,0.2064868402778573,SIMULATED,NORMAL
2026-06-17T17:24:13.778996+00:00,DION_001,566897,-0.06552586682023076,SIMULATED,NORMAL
2026-06-17T17:24:13.789454+00:00,DION_001,566898,0.03265682830496722,SIMULATED,NORMAL
2026-06-17T17:24:13.799907+00:00,DION_001,566899,0.29150373580510036,SIMULATED,NORMAL
2026-06-17T17:24:13.810321+00:00,DION_001,566900,0.25696407923436765,SIMULATED,NORMAL
2026-06-17T17:24:13.820769+00:00,DION_001,566901,0.17611306622979425,SIMULATED,NORMAL
2026-06-17T17:24:13.831158+00:00,DION_001,566902,0.17363647426216977,SIMULATED,NORMAL
2026-06-17T17:24:13.841593+00:00,DION_001,566903,-2.2881599411959974,SIMULATED,EVENT_DETECTED
2026-06-17T17:24:13.852017+00:00,DION_001,566904,-0.03730192336529262,SIMULATED,NORMAL
2026-06-17T17:24:13.862292+00:00,DION_001,566905,-0.5020684284710749,SIMULATED,NORMAL
2026-06-17T17:24:13.872623+00:00,DION_001,566906,-0.2140991987166112,SIMULATED,NORMAL
2026-06-17T17:24:13.882897+00:00,DION_001,566907,-0.26424250705427516,SIMULATED,NORMAL
2026-06-17T17:24:13.893270+00:00,DION_001,566908,-0.2204386843570824,SIMULATED,NORMAL
2026-06-17T17:24:13.903628+00:00,DION_001,566909,-0.5248729687329832,SIMULATED,NORMAL
2026-06-17T17:24:13.913883+00:00,DION_001,566910,-0.23823002046050107,SIMULATED,NORMAL
2026-06-17T17:24:13.924134+00:00,DION_001,566911,-0.4107408292691595,SIMULATED,NORMAL
2026-06-17T17:24:13.934579+00:00,DION_001,566912,-0.3379842746879445,SIMULATED,NORMAL
2026-06-17T17:24:13.944926+00:00,DION_001,566913,-0.4384635482978892,SIMULATED,NORMAL
2026-06-17T17:24:13.955399+00:00,DION_001,566914,-0.4511787672681844,SIMULATED,NORMAL
2026-06-17T17:24:13.965877+00:00,DION_001,566915,-0.5365425925261836,SIMULATED,NORMAL
2026-06-17T17:24:13.976250+00:00,DION_001,566916,-0.30558674641799743,SIMULATED,NORMAL
2026-06-17T17:24:13.986531+00:00,DION_001,566917,-0.47115101282619015,SIMULATED,NORMAL
2026-06-17T17:24:13.996884+00:00,DION_001,566918,-0.4095547166962447,SIMULATED,NORMAL
2026-06-17T17:24:14.007249+00:00,DION_001,566919,-0.43055393041968015,SIMULATED,NORMAL
2026-06-17T17:24:14.017625+00:00,DION_001,566920,-0.6692996268929853,SIMULATED,NORMAL
2026-06-17T17:24:14.028050+00:00,DION_001,566921,-0.3842076546354966,SIMULATED,NORMAL
2026-06-17T17:24:14.038527+00:00,DION_001,566922,-0.5668997075782517,SIMULATED,NORMAL
2026-06-17T17:24:14.048930+00:00,DION_001,566923,-0.4169856710026924,SIMULATED,NORMAL
2026-06-17T17:24:14.059293+00:00,DION_001,566924,-0.14089637227427682,SIMULATED,NORMAL
2026-06-17T17:24:14.069724+00:00,DION_001,566925,-0.12754884043848935,SIMULATED,NORMAL
2026-06-17T17:24:14.080026+00:00,DION_001,566926,-0.07579347690353722,SIMULATED,NORMAL
2026-06-17T17:24:14.090434+00:00,DION_001,566927,-0.37497428164763746,SIMULATED,NORMAL
2026-06-17T17:24:14.100864+00:00,DION_001,566928,-0.1389893759592405,SIMULATED,NORMAL
2026-06-17T17:24:14.111222+00:00,DION_001,566929,-0.3967646427720554,SIMULATED,NORMAL
2026-06-17T17:24:14.121712+00:00,DION_001,566930,-0.29893567759157785,SIMULATED,NORMAL
2026-06-17T17:24:14.132091+00:00,DION_001,566931,-0.17487941674512308,SIMULATED,NORMAL
2026-06-17T17:24:14.142479+00:00,DION_001,566932,-0.22844893210541944,SIMULATED,NORMAL
2026-06-17T17:24:14.152771+00:00,DION_001,566933,-0.1400504299885732,SIMULATED,NORMAL
2026-06-17T17:24:14.163114+00:00,DION_001,566934,-0.06695444911660159,SIMULATED,NORMAL
2026-06-17T17:24:14.173525+00:00,DION_001,566935,-0.22110279070911093,SIMULATED,NORMAL
2026-06-17T17:24:14.183952+00:00,DION_001,566936,0.04550000157199008,SIMULATED,NORMAL
2026-06-17T17:24:14.194217+00:00,DION_001,566937,0.01825649753284972,SIMULATED,NORMAL
2026-06-17T17:24:14.204620+00:00,DION_001,566938,-0.2445854318408338,SIMULATED,NORMAL
2026-06-17T17:24:14.214932+00:00,DION_001,566939,0.0323297499599981,SIMULATED,NORMAL
2026-06-17T17:24:14.225242+00:00,DION_001,566940,-0.13229277134969408,SIMULATED,NORMAL
2026-06-17T17:24:14.235553+00:00,DION_001,566941,-0.22392113372256972,SIMULATED,NORMAL
2026-06-17T17:24:14.245830+00:00,DION_001,566942,-0.001859773598140227,SIMULATED,NORMAL
2026-06-17T17:24:14.256141+00:00,DION_001,566943,-0.2937592674028239,SIMULATED,NORMAL
2026-06-17T17:24:14.266467+00:00,DION_001,566944,-0.037373150492201544,SIMULATED,NORMAL
2026-06-17T17:24:14.276885+00:00,DION_001,566945,-0.18059808299528432,SIMULATED,NORMAL
2026-06-17T17:24:14.287260+00:00,DION_001,566946,0.09134642884233826,SIMULATED,NORMAL
2026-06-17T17:24:14.297621+00:00,DION_001,566947,-0.2682093436787946,SIMULATED,NORMAL
2026-06-17T17:24:14.308136+00:00,DION_001,566948,-0.06160651060867927,SIMULATED,NORMAL
2026-06-17T17:24:14.318553+00:00,DION_001,566949,0.22364672305187655,SIMULATED,NORMAL
2026-06-17T17:24:14.328970+00:00,DION_001,566950,-0.1155606373269217,SIMULATED,NORMAL
2026-06-17T17:24:14.339279+00:00,DION_001,566951,-0.0867254245817837,SIMULATED,NORMAL
2026-06-17T17:24:14.349666+00:00,DION_001,566952,-0.0789056086449357,SIMULATED,NORMAL
2026-06-17T17:24:14.360059+00:00,DION_001,566953,0.08542098503235328,SIMULATED,NORMAL
2026-06-17T17:24:14.370457+00:00,DION_001,566954,-0.1547681214721638,SIMULATED,NORMAL
2026-06-17T17:24:14.380809+00:00,DION_001,566955,-0.02095961006729486,SIMULATED,NORMAL
2026-06-17T17:24:14.391208+00:00,DION_001,566956,0.39502166439696684,SIMULATED,NORMAL
2026-06-17T17:24:14.401553+00:00,DION_001,566957,0.1222526240408813,SIMULATED,NORMAL
2026-06-17T17:24:14.411896+00:00,DION_001,566958,0.015985962588075595,SIMULATED,NORMAL
2026-06-17T17:24:14.422294+00:00,DION_001,566959,-0.1404978750047409,SIMULATED,NORMAL
2026-06-17T17:24:14.432719+00:00,DION_001,566960,-0.26951744983304926,SIMULATED,NORMAL
2026-06-17T17:24:14.442982+00:00,DION_001,566961,-0.1174296195279455,SIMULATED,NORMAL
2026-06-17T17:24:14.453284+00:00,DION_001,566962,-0.09133949864617621,SIMULATED,NORMAL
2026-06-17T17:24:14.463610+00:00,DION_001,566963,-0.05813778618201412,SIMULATED,NORMAL
2026-06-17T17:24:14.473989+00:00,DION_001,566964,-0.13377466741435945,SIMULATED,NORMAL
2026-06-17T17:24:14.484363+00:00,DION_001,566965,-0.4311796143468688,SIMULATED,NORMAL
2026-06-17T17:24:14.494812+00:00,DION_001,566966,-0.3767900906060687,SIMULATED,NORMAL
2026-06-17T17:24:14.505196+00:00,DION_001,566967,-0.5413404075056114,SIMULATED,NORMAL
2026-06-17T17:24:14.515669+00:00,DION_001,566968,-0.2555554947662113,SIMULATED,NORMAL
2026-06-17T17:24:14.526019+00:00,DION_001,566969,-0.3794558999535588,SIMULATED,NORMAL
2026-06-17T17:24:14.536332+00:00,DION_001,566970,-0.5065391885867714,SIMULATED,NORMAL
2026-06-17T17:24:14.546762+00:00,DION_001,566971,-0.8741789220788538,SIMULATED,NORMAL
2026-06-17T17:24:14.557107+00:00,DION_001,566972,-0.5093950715906395,SIMULATED,NORMAL
2026-06-17T17:24:14.567401+00:00,DION_001,566973,-0.44772907456328837,SIMULATED,NORMAL
2026-06-17T17:24:14.577739+00:00,DION_001,566974,-0.5266085683318992,SIMULATED,NORMAL
2026-06-17T17:24:14.588015+00:00,DION_001,566975,-0.514245277637871,SIMULATED,NORMAL
2026-06-17T17:24:14.598341+00:00,DION_001,566976,-0.5614650512668651,SIMULATED,NORMAL
2026-06-17T17:24:14.608775+00:00,DION_001,566977,-0.8399026010947503,SIMULATED,NORMAL
2026-06-17T17:24:14.619234+00:00,DION_001,566978,-0.9236860526992878,SIMULATED,NORMAL
2026-06-17T17:24:14.629661+00:00,DION_001,566979,-0.9819287318334846,SIMULATED,NORMAL
2026-06-17T17:24:14.640080+00:00,DION_001,566980,-0.8419084303726838,SIMULATED,NORMAL
2026-06-17T17:24:14.650463+00:00,DION_001,566981,-0.8493082382861354,SIMULATED,NORMAL
2026-06-17T17:24:14.660835+00:00,DION_001,566982,-1.1603481352759046,SIMULATED,NORMAL
2026-06-17T17:24:14.671278+00:00,DION_001,566983,-0.7264699993689858,SIMULATED,NORMAL
2026-06-17T17:24:14.681703+00:00,DION_001,566984,-0.7626266360525024,SIMULATED,NORMAL
2026-06-17T17:24:14.692080+00:00,DION_001,566985,-0.9566036008437127,SIMULATED,NORMAL
2026-06-17T17:24:14.702453+00:00,DION_001,566986,-0.9593070686319681,SIMULATED,NORMAL
2026-06-17T17:24:14.712663+00:00,DION_001,566987,-1.1174752077247923,SIMULATED,NORMAL
2026-06-17T17:24:14.722988+00:00,DION_001,566988,-0.8523263387800042,SIMULATED,NORMAL
2026-06-17T17:24:14.733272+00:00,DION_001,566989,-1.0504008759594174,SIMULATED,NORMAL
2026-06-17T17:24:14.743590+00:00,DION_001,566990,1.1185976173129677,SIMULATED,NORMAL
2026-06-17T17:24:14.754104+00:00,DION_001,566991,-1.2239824668731087,SIMULATED,NORMAL
2026-06-17T17:24:14.764405+00:00,DION_001,566992,-0.9532626163188009,SIMULATED,NORMAL
2026-06-17T17:24:14.774797+00:00,DION_001,566993,-1.1323724932108765,SIMULATED,NORMAL
2026-06-17T17:24:14.785150+00:00,DION_001,566994,-1.430493893302812,SIMULATED,NORMAL
2026-06-17T17:24:14.795453+00:00,DION_001,566995,-1.2929892605010953,SIMULATED,NORMAL
2026-06-17T17:24:14.805779+00:00,DION_001,566996,-1.0357271117446807,SIMULATED,NORMAL
2026-06-17T17:24:14.816075+00:00,DION_001,566997,-1.0374586889729134,SIMULATED,NORMAL
2026-06-17T17:24:14.826362+00:00,DION_001,566998,-1.4626827962960514,SIMULATED,NORMAL
2026-06-17T17:24:14.836633+00:00,DION_001,566999,-1.049803795733712,SIMULATED,NORMAL
2026-06-17T17:24:14.846965+00:00,DION_001,567000,-1.1940369932876451,SIMULATED,NORMAL
2026-06-17T17:24:14.857315+00:00,DION_001,567001,-1.268078223668683,SIMULATED,NORMAL
2026-06-17T17:24:14.867605+00:00,DION_001,567002,-1.3978715695632973,SIMULATED,NORMAL
2026-06-17T17:24:14.877920+00:00,DION_001,567003,-0.9750970364938222,SIMULATED,NORMAL
2026-06-17T17:24:14.888295+00:00,DION_001,567004,-0.9757564700527145,SIMULATED,NORMAL
2026-06-17T17:24:14.898577+00:00,DION_001,567005,-1.1013200126934213,SIMULATED,NORMAL
2026-06-17T17:24:14.908890+00:00,DION_001,567006,-1.0171736804858373,SIMULATED,NORMAL
2026-06-17T17:24:14.919213+00:00,DION_001,567007,-0.9898213899471209,SIMULATED,NORMAL
2026-06-17T17:24:14.929540+00:00,DION_001,567008,-1.16828472944689,SIMULATED,NORMAL
2026-06-17T17:24:14.939901+00:00,DION_001,567009,-1.0786491239567402,SIMULATED,NORMAL
2026-06-17T17:24:14.950196+00:00,DION_001,567010,-0.9934459199394908,SIMULATED,NORMAL
2026-06-17T17:24:14.960612+00:00,DION_001,567011,-0.8471567161662019,SIMULATED,NORMAL
2026-06-17T17:24:14.970991+00:00,DION_001,567012,-0.9788285148077823,SIMULATED,NORMAL
2026-06-17T17:24:14.981362+00:00,DION_001,567013,-0.808651858428984,SIMULATED,NORMAL
2026-06-17T17:24:14.991736+00:00,DION_001,567014,-0.8482375515352227,SIMULATED,NORMAL
2026-06-17T17:24:15.002084+00:00,DION_001,567015,-1.0833820292192944,SIMULATED,NORMAL
2026-06-17T17:24:15.012441+00:00,DION_001,567016,-0.8077421195180607,SIMULATED,NORMAL
2026-06-17T17:24:15.022839+00:00,DION_001,567017,-0.9537809312518578,SIMULATED,NORMAL
2026-06-17T17:24:15.033172+00:00,DION_001,567018,-0.9272283617426511,SIMULATED,NORMAL
2026-06-17T17:24:15.043485+00:00,DION_001,567019,-0.6118990535554936,SIMULATED,NORMAL
2026-06-17T17:24:15.053853+00:00,DION_001,567020,-0.5868710212944568,SIMULATED,NORMAL
2026-06-17T17:24:15.064146+00:00,DION_001,567021,-0.7433887671937053,SIMULATED,NORMAL
2026-06-17T17:24:15.074538+00:00,DION_001,567022,-0.5324667814605831,SIMULATED,NORMAL
2026-06-17T17:24:15.084886+00:00,DION_001,567023,-0.28679285910151686,SIMULATED,NORMAL
2026-06-17T17:24:15.095199+00:00,DION_001,567024,-0.4314435718914003,SIMULATED,NORMAL
2026-06-17T17:24:15.105517+00:00,DION_001,567025,-0.744570401451512,SIMULATED,NORMAL
2026-06-17T17:24:15.115793+00:00,DION_001,567026,-0.3083352586135446,SIMULATED,NORMAL
2026-06-17T17:24:15.126163+00:00,DION_001,567027,-0.39649027138370074,SIMULATED,NORMAL
2026-06-17T17:24:15.136605+00:00,DION_001,567028,-0.5099479326284083,SIMULATED,NORMAL
2026-06-17T17:24:15.146957+00:00,DION_001,567029,-0.2984753354945624,SIMULATED,NORMAL
2026-06-17T17:24:15.157361+00:00,DION_001,567030,-0.3726904056690209,SIMULATED,NORMAL
2026-06-17T17:24:15.167753+00:00,DION_001,567031,-0.4968728811707406,SIMULATED,NORMAL
2026-06-17T17:24:15.178180+00:00,DION_001,567032,-0.49089531737648207,SIMULATED,NORMAL
2026-06-17T17:24:15.188541+00:00,DION_001,567033,-0.6908990869598012,SIMULATED,NORMAL
2026-06-17T17:24:15.198955+00:00,DION_001,567034,-0.3123073900132925,SIMULATED,NORMAL
2026-06-17T17:24:15.209246+00:00,DION_001,567035,-0.3320488554310425,SIMULATED,NORMAL
2026-06-17T17:24:15.219534+00:00,DION_001,567036,-0.18873231251268252,SIMULATED,NORMAL
2026-06-17T17:24:15.229932+00:00,DION_001,567037,-0.1699244938594361,SIMULATED,NORMAL
2026-06-17T17:24:15.240299+00:00,DION_001,567038,-0.5706150227669284,SIMULATED,NORMAL
2026-06-17T17:24:15.250686+00:00,DION_001,567039,-0.6640737723797214,SIMULATED,NORMAL
2026-06-17T17:24:15.261027+00:00,DION_001,567040,-0.7280414205323046,SIMULATED,NORMAL
2026-06-17T17:24:15.271347+00:00,DION_001,567041,-0.40129591603360365,SIMULATED,NORMAL
2026-06-17T17:24:15.281753+00:00,DION_001,567042,-0.24878903173954153,SIMULATED,NORMAL
2026-06-17T17:24:15.292142+00:00,DION_001,567043,-0.5753553521227354,SIMULATED,NORMAL
2026-06-17T17:24:15.302574+00:00,DION_001,567044,-0.1926523843355245,SIMULATED,NORMAL
2026-06-17T17:24:15.313037+00:00,DION_001,567045,-0.2447392582886129,SIMULATED,NORMAL
2026-06-17T17:24:15.323412+00:00,DION_001,567046,-0.2863322943477028,SIMULATED,NORMAL
2026-06-17T17:24:15.333789+00:00,DION_001,567047,-0.6500299928984969,SIMULATED,NORMAL
2026-06-17T17:24:15.344143+00:00,DION_001,567048,-0.31502833360075366,SIMULATED,NORMAL
2026-06-17T17:24:15.354520+00:00,DION_001,567049,-0.31959475058113096,SIMULATED,NORMAL
2026-06-17T17:24:15.364996+00:00,DION_001,567050,-0.6147531703859587,SIMULATED,NORMAL
2026-06-17T17:24:15.375284+00:00,DION_001,567051,-0.5681526144122254,SIMULATED,NORMAL
2026-06-17T17:24:15.385594+00:00,DION_001,567052,-0.3969961983401862,SIMULATED,NORMAL
2026-06-17T17:24:15.395842+00:00,DION_001,567053,-0.48952679438945607,SIMULATED,NORMAL
2026-06-17T17:24:15.406190+00:00,DION_001,567054,-0.3797905367343153,SIMULATED,NORMAL
2026-06-17T17:24:15.416545+00:00,DION_001,567055,-0.6558315380510226,SIMULATED,NORMAL
2026-06-17T17:24:15.426969+00:00,DION_001,567056,-0.6627138948660551,SIMULATED,NORMAL
2026-06-17T17:24:15.437357+00:00,DION_001,567057,-0.678247410024831,SIMULATED,NORMAL
2026-06-17T17:24:15.447790+00:00,DION_001,567058,-0.8241921948472298,SIMULATED,NORMAL
2026-06-17T17:24:15.458267+00:00,DION_001,567059,-0.8215900171222879,SIMULATED,NORMAL
2026-06-17T17:24:15.468532+00:00,DION_001,567060,-0.682070211512148,SIMULATED,NORMAL
2026-06-17T17:24:15.478900+00:00,DION_001,567061,-0.6270668037569902,SIMULATED,NORMAL
2026-06-17T17:24:15.489287+00:00,DION_001,567062,-0.8275446276620939,SIMULATED,NORMAL
2026-06-17T17:24:15.499614+00:00,DION_001,567063,-0.6617524994714005,SIMULATED,NORMAL
2026-06-17T17:24:15.509888+00:00,DION_001,567064,-0.905134637988534,SIMULATED,NORMAL
2026-06-17T17:24:15.520166+00:00,DION_001,567065,-0.7471036807884007,SIMULATED,NORMAL
2026-06-17T17:24:15.530477+00:00,DION_001,567066,-1.1315886246174913,SIMULATED,NORMAL
2026-06-17T17:24:15.540873+00:00,DION_001,567067,-0.7798977874440849,SIMULATED,NORMAL
2026-06-17T17:24:15.551224+00:00,DION_001,567068,-1.1140415542092434,SIMULATED,NORMAL
2026-06-17T17:24:15.561568+00:00,DION_001,567069,-0.925442288396306,SIMULATED,NORMAL
2026-06-17T17:24:15.571918+00:00,DION_001,567070,-0.6842291516475806,SIMULATED,NORMAL
2026-06-17T17:24:15.582268+00:00,DION_001,567071,-0.7727959182481257,SIMULATED,NORMAL
2026-06-17T17:24:15.592640+00:00,DION_001,567072,-0.9124444569900098,SIMULATED,NORMAL
2026-06-17T17:24:15.603070+00:00,DION_001,567073,-0.8409087669213676,SIMULATED,NORMAL
2026-06-17T17:24:15.613398+00:00,DION_001,567074,-0.9055331855297687,SIMULATED,NORMAL
2026-06-17T17:24:15.623727+00:00,DION_001,567075,-0.6928222170889491,SIMULATED,NORMAL
2026-06-17T17:24:15.634070+00:00,DION_001,567076,-1.0462641285983787,SIMULATED,NORMAL
2026-06-17T17:24:15.644427+00:00,DION_001,567077,-0.950112662368249,SIMULATED,NORMAL
2026-06-17T17:24:15.654858+00:00,DION_001,567078,-0.8772846101975119,SIMULATED,NORMAL
2026-06-17T17:24:15.665216+00:00,DION_001,567079,-0.5692830564644685,SIMULATED,NORMAL
2026-06-17T17:24:15.675509+00:00,DION_001,567080,-0.6220008575399459,SIMULATED,NORMAL
2026-06-17T17:24:15.685865+00:00,DION_001,567081,-0.8602623412243948,SIMULATED,NORMAL
2026-06-17T17:24:15.696204+00:00,DION_001,567082,-0.7816243230628456,SIMULATED,NORMAL
2026-06-17T17:24:15.706538+00:00,DION_001,567083,-0.49060190554955974,SIMULATED,NORMAL
2026-06-17T17:24:15.716847+00:00,DION_001,567084,-0.5385337491145876,SIMULATED,NORMAL
2026-06-17T17:24:15.727183+00:00,DION_001,567085,-0.7054413646714117,SIMULATED,NORMAL
2026-06-17T17:24:15.737504+00:00,DION_001,567086,-0.3713121255925548,SIMULATED,NORMAL
2026-06-17T17:24:15.747847+00:00,DION_001,567087,-0.8061604312239544,SIMULATED,NORMAL
2026-06-17T17:24:15.758173+00:00,DION_001,567088,-0.5866014634342877,SIMULATED,NORMAL
2026-06-17T17:24:15.768523+00:00,DION_001,567089,-0.772926202700473,SIMULATED,NORMAL
2026-06-17T17:24:15.779002+00:00,DION_001,567090,-0.3915899093990353,SIMULATED,NORMAL
2026-06-17T17:24:15.789433+00:00,DION_001,567091,-0.22194600207119902,SIMULATED,NORMAL
2026-06-17T17:24:15.799785+00:00,DION_001,567092,-0.3611462543889774,SIMULATED,NORMAL
2026-06-17T17:24:15.810124+00:00,DION_001,567093,-0.4376124960243384,SIMULATED,NORMAL
2026-06-17T17:24:15.820377+00:00,DION_001,567094,-0.22173334885584597,SIMULATED,NORMAL
2026-06-17T17:24:15.830902+00:00,DION_001,567095,-0.21428242489709218,SIMULATED,NORMAL
2026-06-17T17:24:15.841262+00:00,DION_001,567096,-0.05510427057262815,SIMULATED,NORMAL
2026-06-17T17:24:15.851621+00:00,DION_001,567097,-0.2374019380361107,SIMULATED,NORMAL
2026-06-17T17:24:15.861939+00:00,DION_001,567098,-0.009220759117343547,SIMULATED,NORMAL
2026-06-17T17:24:15.872273+00:00,DION_001,567099,-0.28366152142021106,SIMULATED,NORMAL
2026-06-17T17:24:15.882615+00:00,DION_001,567100,-0.060464285555977625,SIMULATED,NORMAL
2026-06-17T17:24:15.892979+00:00,DION_001,567101,-0.05457355188209238,SIMULATED,NORMAL
2026-06-17T17:24:15.903248+00:00,DION_001,567102,0.24980371971115567,SIMULATED,NORMAL
2026-06-17T17:24:15.913572+00:00,DION_001,567103,0.4294161878633116,SIMULATED,NORMAL
2026-06-17T17:24:15.923964+00:00,DION_001,567104,0.2672795530983029,SIMULATED,NORMAL
2026-06-17T17:24:15.934361+00:00,DION_001,567105,0.14767696734663985,SIMULATED,NORMAL
2026-06-17T17:24:15.944719+00:00,DION_001,567106,0.3910686517603008,SIMULATED,NORMAL
2026-06-17T17:24:15.955025+00:00,DION_001,567107,0.5796545505862041,SIMULATED,NORMAL
2026-06-17T17:24:15.965462+00:00,DION_001,567108,0.1669935815462007,SIMULATED,NORMAL
2026-06-17T17:24:15.975736+00:00,DION_001,567109,0.1920408848854907,SIMULATED,NORMAL
2026-06-17T17:24:15.985977+00:00,DION_001,567110,0.6298294617957672,SIMULATED,NORMAL
2026-06-17T17:24:15.996377+00:00,DION_001,567111,0.14500102661273964,SIMULATED,NORMAL
2026-06-17T17:24:16.006852+00:00,DION_001,567112,0.26769055707835304,SIMULATED,NORMAL
2026-06-17T17:24:16.017211+00:00,DION_001,567113,0.3363786880986034,SIMULATED,NORMAL
2026-06-17T17:24:16.027422+00:00,DION_001,567114,0.32440769778708123,SIMULATED,NORMAL
2026-06-17T17:24:16.037687+00:00,DION_001,567115,0.31487491426750064,SIMULATED,NORMAL
2026-06-17T17:24:16.048052+00:00,DION_001,567116,0.41449891384066645,SIMULATED,NORMAL
2026-06-17T17:24:16.058306+00:00,DION_001,567117,0.3447514692216495,SIMULATED,NORMAL
2026-06-17T17:24:16.068609+00:00,DION_001,567118,0.528564754566673,SIMULATED,NORMAL
2026-06-17T17:24:16.078855+00:00,DION_001,567119,0.5844496503980502,SIMULATED,NORMAL
2026-06-17T17:24:16.089186+00:00,DION_001,567120,0.3116702128215786,SIMULATED,NORMAL
2026-06-17T17:24:16.099495+00:00,DION_001,567121,0.6993017308770103,SIMULATED,NORMAL
2026-06-17T17:24:16.109878+00:00,DION_001,567122,0.34323109312670674,SIMULATED,NORMAL
2026-06-17T17:24:16.120220+00:00,DION_001,567123,0.4262752073650711,SIMULATED,NORMAL
2026-06-17T17:24:16.130580+00:00,DION_001,567124,0.6480608328348316,SIMULATED,NORMAL
2026-06-17T17:24:16.140929+00:00,DION_001,567125,0.5475025787696615,SIMULATED,NORMAL
2026-06-17T17:24:16.151235+00:00,DION_001,567126,0.43501877872355227,SIMULATED,NORMAL
2026-06-17T17:24:16.161583+00:00,DION_001,567127,0.3655866322500473,SIMULATED,NORMAL
2026-06-17T17:24:16.172079+00:00,DION_001,567128,0.6026012182845071,SIMULATED,NORMAL
2026-06-17T17:24:16.182406+00:00,DION_001,567129,0.2845621853122112,SIMULATED,NORMAL
2026-06-17T17:24:16.192789+00:00,DION_001,567130,0.3816807919629678,SIMULATED,NORMAL
2026-06-17T17:24:16.203180+00:00,DION_001,567131,0.2858987653231268,SIMULATED,NORMAL
2026-06-17T17:24:16.213641+00:00,DION_001,567132,0.5785512758598261,SIMULATED,NORMAL
2026-06-17T17:24:16.224100+00:00,DION_001,567133,0.3624501022366762,SIMULATED,NORMAL
2026-06-17T17:24:16.234419+00:00,DION_001,567134,0.15470572491386683,SIMULATED,NORMAL
2026-06-17T17:24:16.244697+00:00,DION_001,567135,0.43092207883202727,SIMULATED,NORMAL
2026-06-17T17:24:16.255050+00:00,DION_001,567136,0.4870269437857765,SIMULATED,NORMAL
2026-06-17T17:24:16.265451+00:00,DION_001,567137,0.31157000986258215,SIMULATED,NORMAL
2026-06-17T17:24:16.275763+00:00,DION_001,567138,0.08638546702553324,SIMULATED,NORMAL
2026-06-17T17:24:16.286055+00:00,DION_001,567139,0.12913943011004048,SIMULATED,NORMAL
2026-06-17T17:24:16.296531+00:00,DION_001,567140,0.11752308302408793,SIMULATED,NORMAL
2026-06-17T17:24:16.306995+00:00,DION_001,567141,0.1257557945169392,SIMULATED,NORMAL
2026-06-17T17:24:16.317363+00:00,DION_001,567142,0.05314683856818289,SIMULATED,NORMAL
2026-06-17T17:24:16.327797+00:00,DION_001,567143,0.3484970813926871,SIMULATED,NORMAL
2026-06-17T17:24:16.338226+00:00,DION_001,567144,0.4193873958397687,SIMULATED,NORMAL
2026-06-17T17:24:16.348719+00:00,DION_001,567145,-0.03385136879558498,SIMULATED,NORMAL
2026-06-17T17:24:16.359124+00:00,DION_001,567146,0.18016034171629933,SIMULATED,NORMAL
2026-06-17T17:24:16.369459+00:00,DION_001,567147,0.19459454009397,SIMULATED,NORMAL
2026-06-17T17:24:16.379775+00:00,DION_001,567148,0.16056317100191755,SIMULATED,NORMAL
2026-06-17T17:24:16.390283+00:00,DION_001,567149,0.40909141671276505,SIMULATED,NORMAL
2026-06-17T17:24:16.400678+00:00,DION_001,567150,0.48806529920069924,SIMULATED,NORMAL
2026-06-17T17:24:16.411046+00:00,DION_001,567151,0.2547013044642316,SIMULATED,NORMAL
2026-06-17T17:24:16.421445+00:00,DION_001,567152,-0.12798664882270958,SIMULATED,NORMAL
2026-06-17T17:24:16.431948+00:00,DION_001,567153,-0.144641823758822,SIMULATED,NORMAL
2026-06-17T17:24:16.442372+00:00,DION_001,567154,0.27041804911003076,SIMULATED,NORMAL
2026-06-17T17:24:16.452867+00:00,DION_001,567155,0.20966286022302802,SIMULATED,NORMAL
2026-06-17T17:24:16.463194+00:00,DION_001,567156,-0.13131664601119025,SIMULATED,NORMAL
2026-06-17T17:24:16.473480+00:00,DION_001,567157,0.23170954419185302,SIMULATED,NORMAL
2026-06-17T17:24:16.483839+00:00,DION_001,567158,0.013839248766558065,SIMULATED,NORMAL
2026-06-17T17:24:16.494208+00:00,DION_001,567159,-0.05189035401199027,SIMULATED,NORMAL
2026-06-17T17:24:16.504724+00:00,DION_001,567160,0.150270565218067,SIMULATED,NORMAL
2026-06-17T17:24:16.515256+00:00,DION_001,567161,0.3356560257630386,SIMULATED,NORMAL
2026-06-17T17:24:16.525765+00:00,DION_001,567162,0.21886028096848403,SIMULATED,NORMAL
2026-06-17T17:24:16.536153+00:00,DION_001,567163,0.05351287413402209,SIMULATED,NORMAL
2026-06-17T17:24:16.546511+00:00,DION_001,567164,0.30554592975476025,SIMULATED,NORMAL
2026-06-17T17:24:16.556921+00:00,DION_001,567165,0.2701489983435967,SIMULATED,NORMAL
2026-06-17T17:24:16.567237+00:00,DION_001,567166,0.8070269951118476,SIMULATED,NORMAL
2026-06-17T17:24:16.577650+00:00,DION_001,567167,0.18625943283300078,SIMULATED,NORMAL
2026-06-17T17:24:16.587947+00:00,DION_001,567168,0.2588670131971913,SIMULATED,NORMAL
2026-06-17T17:24:16.598376+00:00,DION_001,567169,0.12867151281131922,SIMULATED,NORMAL
2026-06-17T17:24:16.608730+00:00,DION_001,567170,0.6828044260465757,SIMULATED,NORMAL
2026-06-17T17:24:16.619081+00:00,DION_001,567171,0.5393993687863243,SIMULATED,NORMAL
2026-06-17T17:24:16.629461+00:00,DION_001,567172,0.4392621186792478,SIMULATED,NORMAL
2026-06-17T17:24:16.639882+00:00,DION_001,567173,0.6545064837738321,SIMULATED,NORMAL
2026-06-17T17:24:16.650216+00:00,DION_001,567174,0.7459713553339755,SIMULATED,NORMAL
2026-06-17T17:24:16.660705+00:00,DION_001,567175,0.7367519832845497,SIMULATED,NORMAL
2026-06-17T17:24:16.671095+00:00,DION_001,567176,0.6216802589014627,SIMULATED,NORMAL
2026-06-17T17:24:16.681477+00:00,DION_001,567177,0.6907950549099101,SIMULATED,NORMAL
2026-06-17T17:24:16.691821+00:00,DION_001,567178,0.8454142580333575,SIMULATED,NORMAL
2026-06-17T17:24:16.702178+00:00,DION_001,567179,0.8386736336562807,SIMULATED,NORMAL
2026-06-17T17:24:16.712592+00:00,DION_001,567180,0.8073328939065151,SIMULATED,NORMAL
2026-06-17T17:24:16.722997+00:00,DION_001,567181,0.7791243542905151,SIMULATED,NORMAL
2026-06-17T17:24:16.733439+00:00,DION_001,567182,0.8668289165534837,SIMULATED,NORMAL
2026-06-17T17:24:16.743765+00:00,DION_001,567183,1.1918670771641715,SIMULATED,NORMAL
2026-06-17T17:24:16.754232+00:00,DION_001,567184,0.9124205917014362,SIMULATED,NORMAL
2026-06-17T17:24:16.764686+00:00,DION_001,567185,1.0334708383121824,SIMULATED,NORMAL
2026-06-17T17:24:16.775044+00:00,DION_001,567186,1.0796477382074847,SIMULATED,NORMAL
2026-06-17T17:24:16.785417+00:00,DION_001,567187,0.955114590106642,SIMULATED,NORMAL
2026-06-17T17:24:16.795859+00:00,DION_001,567188,1.2327033800659506,SIMULATED,NORMAL
2026-06-17T17:24:16.806231+00:00,DION_001,567189,1.2103770403651881,SIMULATED,NORMAL
2026-06-17T17:24:16.816707+00:00,DION_001,567190,0.9962838069100024,SIMULATED,NORMAL
2026-06-17T17:24:16.827033+00:00,DION_001,567191,1.1200720360257381,SIMULATED,NORMAL
2026-06-17T17:24:16.837274+00:00,DION_001,567192,1.0292178950869315,SIMULATED,NORMAL
2026-06-17T17:24:16.847598+00:00,DION_001,567193,0.9790039433036772,SIMULATED,NORMAL
2026-06-17T17:24:16.857964+00:00,DION_001,567194,1.2272397648216269,SIMULATED,NORMAL
2026-06-17T17:24:16.868323+00:00,DION_001,567195,1.0845984490281715,SIMULATED,NORMAL
2026-06-17T17:24:16.878664+00:00,DION_001,567196,1.0073296169527561,SIMULATED,NORMAL
2026-06-17T17:24:16.889097+00:00,DION_001,567197,1.137569143764096,SIMULATED,NORMAL
2026-06-17T17:24:16.899466+00:00,DION_001,567198,1.1876047242520267,SIMULATED,NORMAL
2026-06-17T17:24:16.909817+00:00,DION_001,567199,1.334847072611537,SIMULATED,NORMAL
2026-06-17T17:24:16.920129+00:00,DION_001,567200,1.173556128088768,SIMULATED,NORMAL
2026-06-17T17:24:16.930572+00:00,DION_001,567201,1.3159101545898835,SIMULATED,NORMAL
2026-06-17T17:24:16.940966+00:00,DION_001,567202,1.2439446164660901,SIMULATED,NORMAL
2026-06-17T17:24:16.951476+00:00,DION_001,567203,1.1143088387019662,SIMULATED,NORMAL
2026-06-17T17:24:16.961969+00:00,DION_001,567204,1.1850358254419515,SIMULATED,NORMAL
2026-06-17T17:24:16.972344+00:00,DION_001,567205,1.0516782850918736,SIMULATED,NORMAL
2026-06-17T17:24:16.982690+00:00,DION_001,567206,1.0105103022835138,SIMULATED,NORMAL
2026-06-17T17:24:16.993107+00:00,DION_001,567207,0.9243869464462529,SIMULATED,NORMAL
2026-06-17T17:24:17.003547+00:00,DION_001,567208,1.228290490487479,SIMULATED,NORMAL
2026-06-17T17:24:17.014044+00:00,DION_001,567209,1.2644296559855508,SIMULATED,NORMAL
2026-06-17T17:24:17.024392+00:00,DION_001,567210,1.1294657857082664,SIMULATED,NORMAL
2026-06-17T17:24:17.034814+00:00,DION_001,567211,1.109459199531736,SIMULATED,NORMAL
2026-06-17T17:24:17.045229+00:00,DION_001,567212,0.8834760771025323,SIMULATED,NORMAL
2026-06-17T17:24:17.055579+00:00,DION_001,567213,1.0579284621898288,SIMULATED,NORMAL
2026-06-17T17:24:17.065945+00:00,DION_001,567214,0.7582547141538835,SIMULATED,NORMAL
2026-06-17T17:24:17.076291+00:00,DION_001,567215,0.9484438103395212,SIMULATED,NORMAL
2026-06-17T17:24:17.086664+00:00,DION_001,567216,0.7478713172418676,SIMULATED,NORMAL
2026-06-17T17:24:17.096990+00:00,DION_001,567217,0.7321958780861723,SIMULATED,NORMAL
2026-06-17T17:24:17.107225+00:00,DION_001,567218,0.9005312353981014,SIMULATED,NORMAL
2026-06-17T17:24:17.117516+00:00,DION_001,567219,0.6705153978145537,SIMULATED,NORMAL
2026-06-17T17:24:17.127919+00:00,DION_001,567220,0.6510806009107725,SIMULATED,NORMAL
2026-06-17T17:24:17.138157+00:00,DION_001,567221,0.5459807176589315,SIMULATED,NORMAL
2026-06-17T17:24:17.148616+00:00,DION_001,567222,0.3740712419912888,SIMULATED,NORMAL
2026-06-17T17:24:17.158937+00:00,DION_001,567223,0.7051614424689274,SIMULATED,NORMAL
2026-06-17T17:24:17.169251+00:00,DION_001,567224,0.5740069068198256,SIMULATED,NORMAL
2026-06-17T17:24:17.179495+00:00,DION_001,567225,0.36849635735339165,SIMULATED,NORMAL
2026-06-17T17:24:17.189817+00:00,DION_001,567226,0.4917148408146524,SIMULATED,NORMAL
2026-06-17T17:24:17.200151+00:00,DION_001,567227,0.4279862335620129,SIMULATED,NORMAL
2026-06-17T17:24:17.210476+00:00,DION_001,567228,0.2657951134568275,SIMULATED,NORMAL
2026-06-17T17:24:17.220812+00:00,DION_001,567229,0.36248681830513735,SIMULATED,NORMAL
2026-06-17T17:24:17.231203+00:00,DION_001,567230,0.3761487925687765,SIMULATED,NORMAL
2026-06-17T17:24:17.241718+00:00,DION_001,567231,0.3064057731036833,SIMULATED,NORMAL
2026-06-17T17:24:17.252082+00:00,DION_001,567232,0.21003544052545114,SIMULATED,NORMAL
2026-06-17T17:24:17.262449+00:00,DION_001,567233,0.394277981635126,SIMULATED,NORMAL
2026-06-17T17:24:17.272744+00:00,DION_001,567234,0.2975312942819706,SIMULATED,NORMAL
2026-06-17T17:24:17.283019+00:00,DION_001,567235,2.088404485487165,SIMULATED,EVENT_DETECTED
2026-06-17T17:24:17.293700+00:00,DION_001,567236,0.20182880831360228,SIMULATED,NORMAL
2026-06-17T17:24:17.304064+00:00,DION_001,567237,0.4372458306697562,SIMULATED,NORMAL
2026-06-17T17:24:17.314330+00:00,DION_001,567238,0.26082967981661004,SIMULATED,NORMAL
2026-06-17T17:24:17.324579+00:00,DION_001,567239,0.2525885593808582,SIMULATED,NORMAL
2026-06-17T17:24:17.334779+00:00,DION_001,567240,0.008026888300353696,SIMULATED,NORMAL
2026-06-17T17:24:17.345021+00:00,DION_001,567241,0.6913600653226728,SIMULATED,NORMAL
2026-06-17T17:24:17.355284+00:00,DION_001,567242,0.4153925327709269,SIMULATED,NORMAL
2026-06-17T17:24:17.365608+00:00,DION_001,567243,0.3508244136730937,SIMULATED,NORMAL
2026-06-17T17:24:17.375900+00:00,DION_001,567244,0.3590243539099459,SIMULATED,NORMAL
2026-06-17T17:24:17.386214+00:00,DION_001,567245,0.41072327575647394,SIMULATED,NORMAL
2026-06-17T17:24:17.396505+00:00,DION_001,567246,0.3960544873557558,SIMULATED,NORMAL
2026-06-17T17:24:17.406818+00:00,DION_001,567247,0.35229800207921197,SIMULATED,NORMAL
2026-06-17T17:24:17.417209+00:00,DION_001,567248,0.4381896311556158,SIMULATED,NORMAL
2026-06-17T17:24:17.427502+00:00,DION_001,567249,0.5282273418273463,SIMULATED,NORMAL
2026-06-17T17:24:17.437797+00:00,DION_001,567250,0.07056228081126598,SIMULATED,NORMAL
2026-06-17T17:24:17.448100+00:00,DION_001,567251,0.38638343236635964,SIMULATED,NORMAL
2026-06-17T17:24:17.458405+00:00,DION_001,567252,0.6436511716749198,SIMULATED,NORMAL
2026-06-17T17:24:17.468700+00:00,DION_001,567253,0.24078099478815135,SIMULATED,NORMAL
2026-06-17T17:24:17.479052+00:00,DION_001,567254,0.2522623682711186,SIMULATED,NORMAL
2026-06-17T17:24:17.489416+00:00,DION_001,567255,0.3866615098912262,SIMULATED,NORMAL
2026-06-17T17:24:17.499876+00:00,DION_001,567256,0.5310270658504229,SIMULATED,NORMAL
2026-06-17T17:24:17.510246+00:00,DION_001,567257,0.7015876242422724,SIMULATED,NORMAL
2026-06-17T17:24:17.520596+00:00,DION_001,567258,0.48048063584944034,SIMULATED,NORMAL
2026-06-17T17:24:17.530968+00:00,DION_001,567259,1.0031465915252205,SIMULATED,NORMAL
2026-06-17T17:24:17.541381+00:00,DION_001,567260,0.6856610334408114,SIMULATED,NORMAL
2026-06-17T17:24:17.551688+00:00,DION_001,567261,0.4945070170733097,SIMULATED,NORMAL
2026-06-17T17:24:17.561997+00:00,DION_001,567262,0.5663695092164213,SIMULATED,NORMAL
2026-06-17T17:24:17.572283+00:00,DION_001,567263,0.7651061174626644,SIMULATED,NORMAL
2026-06-17T17:24:17.582612+00:00,DION_001,567264,0.6191391124960336,SIMULATED,NORMAL
2026-06-17T17:24:17.592899+00:00,DION_001,567265,0.6720563603416138,SIMULATED,NORMAL
2026-06-17T17:24:17.603225+00:00,DION_001,567266,0.933716428129834,SIMULATED,NORMAL
2026-06-17T17:24:17.613570+00:00,DION_001,567267,0.6369216298058138,SIMULATED,NORMAL
2026-06-17T17:24:17.623925+00:00,DION_001,567268,0.8362900149580276,SIMULATED,NORMAL
2026-06-17T17:24:17.634356+00:00,DION_001,567269,0.5806655518915904,SIMULATED,NORMAL
2026-06-17T17:24:17.644732+00:00,DION_001,567270,0.6463563756836135,SIMULATED,NORMAL
2026-06-17T17:24:17.655039+00:00,DION_001,567271,0.7099074033152395,SIMULATED,NORMAL
2026-06-17T17:24:17.665370+00:00,DION_001,567272,0.7561632478872384,SIMULATED,NORMAL
2026-06-17T17:24:17.675645+00:00,DION_001,567273,0.7462459257450267,SIMULATED,NORMAL
2026-06-17T17:24:17.685953+00:00,DION_001,567274,0.7947779095535401,SIMULATED,NORMAL
2026-06-17T17:24:17.696402+00:00,DION_001,567275,0.7457474147783866,SIMULATED,NORMAL
2026-06-17T17:24:17.706902+00:00,DION_001,567276,0.768191558376924,SIMULATED,NORMAL
2026-06-17T17:24:17.717275+00:00,DION_001,567277,0.5515394455220684,SIMULATED,NORMAL
2026-06-17T17:24:17.727650+00:00,DION_001,567278,0.5624889199554626,SIMULATED,NORMAL
2026-06-17T17:24:17.737978+00:00,DION_001,567279,0.49581790168093515,SIMULATED,NORMAL
2026-06-17T17:24:17.748448+00:00,DION_001,567280,0.7701565513411472,SIMULATED,NORMAL
2026-06-17T17:24:17.759173+00:00,DION_001,567281,0.5187361967902898,SIMULATED,NORMAL
2026-06-17T17:24:17.769533+00:00,DION_001,567282,0.5262167831257256,SIMULATED,NORMAL
2026-06-17T17:24:17.779862+00:00,DION_001,567283,0.4309207072808226,SIMULATED,NORMAL
2026-06-17T17:24:17.790230+00:00,DION_001,567284,0.6214118090504263,SIMULATED,NORMAL
2026-06-17T17:24:17.800591+00:00,DION_001,567285,0.6865167001972349,SIMULATED,NORMAL
2026-06-17T17:24:17.810840+00:00,DION_001,567286,0.5626219364798343,SIMULATED,NORMAL
2026-06-17T17:24:17.821138+00:00,DION_001,567287,0.7566459387706792,SIMULATED,NORMAL
2026-06-17T17:24:17.831507+00:00,DION_001,567288,0.7668788854527495,SIMULATED,NORMAL
2026-06-17T17:24:17.841841+00:00,DION_001,567289,0.00019027644207880723,SIMULATED,NORMAL
2026-06-17T17:24:17.852241+00:00,DION_001,567290,-0.07336935119236254,SIMULATED,NORMAL
2026-06-17T17:24:17.862553+00:00,DION_001,567291,0.24000413057008246,SIMULATED,NORMAL
2026-06-17T17:24:17.872868+00:00,DION_001,567292,0.5269159691839305,SIMULATED,NORMAL
2026-06-17T17:24:17.883282+00:00,DION_001,567293,0.025063715604565856,SIMULATED,NORMAL
2026-06-17T17:24:17.893604+00:00,DION_001,567294,0.2713258398771538,SIMULATED,NORMAL
2026-06-17T17:24:17.903958+00:00,DION_001,567295,0.3366133204628722,SIMULATED,NORMAL
2026-06-17T17:24:17.914323+00:00,DION_001,567296,0.36470021968191885,SIMULATED,NORMAL
2026-06-17T17:24:17.924675+00:00,DION_001,567297,0.2390026263202883,SIMULATED,NORMAL
2026-06-17T17:24:17.935026+00:00,DION_001,567298,0.0700522981683475,SIMULATED,NORMAL
2026-06-17T17:24:17.945346+00:00,DION_001,567299,0.09972541323661799,SIMULATED,NORMAL
2026-06-17T17:24:17.955832+00:00,DION_001,567300,0.15113532472367908,SIMULATED,NORMAL
2026-06-17T17:24:17.966317+00:00,DION_001,567301,-0.3081047253146242,SIMULATED,NORMAL
2026-06-17T17:24:17.976601+00:00,DION_001,567302,-0.35874112493488397,SIMULATED,NORMAL
2026-06-17T17:24:17.986910+00:00,DION_001,567303,-0.22224425164933792,SIMULATED,NORMAL
2026-06-17T17:24:17.997263+00:00,DION_001,567304,-0.18335818548806998,SIMULATED,NORMAL
2026-06-17T17:24:18.007549+00:00,DION_001,567305,-0.16758244271239658,SIMULATED,NORMAL
2026-06-17T17:24:18.017811+00:00,DION_001,567306,-0.49980659585320886,SIMULATED,NORMAL
2026-06-17T17:24:18.028014+00:00,DION_001,567307,-0.1941558129139962,SIMULATED,NORMAL
2026-06-17T17:24:18.038301+00:00,DION_001,567308,-0.2762430295743892,SIMULATED,NORMAL
2026-06-17T17:24:18.048598+00:00,DION_001,567309,-0.4896555232119044,SIMULATED,NORMAL
2026-06-17T17:24:18.058831+00:00,DION_001,567310,-0.4199599836798463,SIMULATED,NORMAL
2026-06-17T17:24:18.069136+00:00,DION_001,567311,-0.30049502724007277,SIMULATED,NORMAL
2026-06-17T17:24:18.079598+00:00,DION_001,567312,-0.1341993839774313,SIMULATED,NORMAL
2026-06-17T17:24:18.089978+00:00,DION_001,567313,-0.3182627725779225,SIMULATED,NORMAL
2026-06-17T17:24:18.100301+00:00,DION_001,567314,-0.44447845947929476,SIMULATED,NORMAL
2026-06-17T17:24:18.110610+00:00,DION_001,567315,-0.2884948292397491,SIMULATED,NORMAL
2026-06-17T17:24:18.120885+00:00,DION_001,567316,-0.6340771612990924,SIMULATED,NORMAL
2026-06-17T17:24:18.131334+00:00,DION_001,567317,-0.5808616360417813,SIMULATED,NORMAL
2026-06-17T17:24:18.141617+00:00,DION_001,567318,-0.4597943691965689,SIMULATED,NORMAL
2026-06-17T17:24:18.151900+00:00,DION_001,567319,-0.7242089291366498,SIMULATED,NORMAL
2026-06-17T17:24:18.162157+00:00,DION_001,567320,-0.4755069645929539,SIMULATED,NORMAL
2026-06-17T17:24:18.172461+00:00,DION_001,567321,-0.8023173519465774,SIMULATED,NORMAL
2026-06-17T17:24:18.182785+00:00,DION_001,567322,-0.7183510648464824,SIMULATED,NORMAL
2026-06-17T17:24:18.193057+00:00,DION_001,567323,-0.4940765288305797,SIMULATED,NORMAL
2026-06-17T17:24:18.203376+00:00,DION_001,567324,-0.34373876867899,SIMULATED,NORMAL
2026-06-17T17:24:18.213748+00:00,DION_001,567325,-0.5992552732352722,SIMULATED,NORMAL
2026-06-17T17:24:18.224130+00:00,DION_001,567326,-0.44546544088572887,SIMULATED,NORMAL
2026-06-17T17:24:18.234497+00:00,DION_001,567327,-0.472308406040313,SIMULATED,NORMAL
2026-06-17T17:24:18.244841+00:00,DION_001,567328,-0.41122268344675944,SIMULATED,NORMAL
2026-06-17T17:24:18.255184+00:00,DION_001,567329,-0.69596740558012,SIMULATED,NORMAL
2026-06-17T17:24:18.265567+00:00,DION_001,567330,-0.61718776953404,SIMULATED,NORMAL
2026-06-17T17:24:18.275974+00:00,DION_001,567331,-0.5680715271346088,SIMULATED,NORMAL
2026-06-17T17:24:18.286405+00:00,DION_001,567332,-0.4530956610692339,SIMULATED,NORMAL
2026-06-17T17:24:18.296767+00:00,DION_001,567333,-0.3705062041687997,SIMULATED,NORMAL
2026-06-17T17:24:18.307108+00:00,DION_001,567334,-0.2783004125718952,SIMULATED,NORMAL
2026-06-17T17:24:18.317456+00:00,DION_001,567335,-0.3986318300311144,SIMULATED,NORMAL
2026-06-17T17:24:18.327829+00:00,DION_001,567336,-0.23312994933173287,SIMULATED,NORMAL
2026-06-17T17:24:18.338223+00:00,DION_001,567337,-0.2363471396230389,SIMULATED,NORMAL
2026-06-17T17:24:18.348608+00:00,DION_001,567338,-0.4585707419006179,SIMULATED,NORMAL
2026-06-17T17:24:18.358937+00:00,DION_001,567339,-0.42151032501816116,SIMULATED,NORMAL
2026-06-17T17:24:18.369335+00:00,DION_001,567340,-0.3583927034022594,SIMULATED,NORMAL
2026-06-17T17:24:18.379817+00:00,DION_001,567341,-0.3526490928826985,SIMULATED,NORMAL
2026-06-17T17:24:18.390228+00:00,DION_001,567342,-0.18303227769961158,SIMULATED,NORMAL
2026-06-17T17:24:18.400645+00:00,DION_001,567343,-0.1743739080273565,SIMULATED,NORMAL
2026-06-17T17:24:18.411096+00:00,DION_001,567344,0.06693431749849016,SIMULATED,NORMAL
2026-06-17T17:24:18.421602+00:00,DION_001,567345,-0.498898057488181,SIMULATED,NORMAL
2026-06-17T17:24:18.432035+00:00,DION_001,567346,-0.35513990565877707,SIMULATED,NORMAL
2026-06-17T17:24:18.442386+00:00,DION_001,567347,-0.33335085646059404,SIMULATED,NORMAL
2026-06-17T17:24:18.452808+00:00,DION_001,567348,-0.47049822830051,SIMULATED,NORMAL
2026-06-17T17:24:18.463112+00:00,DION_001,567349,-0.20368784977656493,SIMULATED,NORMAL
2026-06-17T17:24:18.473644+00:00,DION_001,567350,-0.009356335568836804,SIMULATED,NORMAL
2026-06-17T17:24:18.484135+00:00,DION_001,567351,-0.17140332953921888,SIMULATED,NORMAL
2026-06-17T17:24:18.494528+00:00,DION_001,567352,-0.16068166305513254,SIMULATED,NORMAL
2026-06-17T17:24:18.504953+00:00,DION_001,567353,-0.09457689931025777,SIMULATED,NORMAL
2026-06-17T17:24:18.515324+00:00,DION_001,567354,-0.035177279639874465,SIMULATED,NORMAL
2026-06-17T17:24:18.525673+00:00,DION_001,567355,-0.2583075624034668,SIMULATED,NORMAL
2026-06-17T17:24:18.536007+00:00,DION_001,567356,-0.36293367725094905,SIMULATED,NORMAL
2026-06-17T17:24:18.546397+00:00,DION_001,567357,-0.22323127037265944,SIMULATED,NORMAL
2026-06-17T17:24:18.556854+00:00,DION_001,567358,-0.30567926184547045,SIMULATED,NORMAL
2026-06-17T17:24:18.567174+00:00,DION_001,567359,-0.44479494363434247,SIMULATED,NORMAL
2026-06-17T17:24:18.577429+00:00,DION_001,567360,-0.07763574097889525,SIMULATED,NORMAL
2026-06-17T17:24:18.587746+00:00,DION_001,567361,-0.2652861349490935,SIMULATED,NORMAL
2026-06-17T17:24:18.598128+00:00,DION_001,567362,-0.1583921862049329,SIMULATED,NORMAL
2026-06-17T17:24:18.608430+00:00,DION_001,567363,-0.196210727925417,SIMULATED,NORMAL
2026-06-17T17:24:18.618904+00:00,DION_001,567364,-0.19866682897927396,SIMULATED,NORMAL
2026-06-17T17:24:18.629352+00:00,DION_001,567365,-0.6413872864253534,SIMULATED,NORMAL
2026-06-17T17:24:18.639791+00:00,DION_001,567366,-0.48184853893201834,SIMULATED,NORMAL
2026-06-17T17:24:18.650167+00:00,DION_001,567367,-0.4976050352221327,SIMULATED,NORMAL
2026-06-17T17:24:18.660479+00:00,DION_001,567368,-0.39812890245232946,SIMULATED,NORMAL
2026-06-17T17:24:18.670811+00:00,DION_001,567369,-0.5174045646583098,SIMULATED,NORMAL
2026-06-17T17:24:18.681114+00:00,DION_001,567370,-0.37077661155387726,SIMULATED,NORMAL
2026-06-17T17:24:18.691373+00:00,DION_001,567371,-0.5683374153963778,SIMULATED,NORMAL
2026-06-17T17:24:18.701716+00:00,DION_001,567372,-0.6282426748275465,SIMULATED,NORMAL
2026-06-17T17:24:18.711986+00:00,DION_001,567373,-0.4242833582226725,SIMULATED,NORMAL
2026-06-17T17:24:18.722267+00:00,DION_001,567374,-0.8142508229919382,SIMULATED,NORMAL
2026-06-17T17:24:18.732636+00:00,DION_001,567375,-0.9665650048275123,SIMULATED,NORMAL
2026-06-17T17:24:18.742963+00:00,DION_001,567376,-0.9681276715372531,SIMULATED,NORMAL
2026-06-17T17:24:18.753300+00:00,DION_001,567377,-0.7753413784039362,SIMULATED,NORMAL
2026-06-17T17:24:18.763590+00:00,DION_001,567378,-0.6840343318256347,SIMULATED,NORMAL
2026-06-17T17:24:18.773902+00:00,DION_001,567379,-0.8953215868483283,SIMULATED,NORMAL
2026-06-17T17:24:18.784317+00:00,DION_001,567380,-0.9924422073068688,SIMULATED,NORMAL
2026-06-17T17:24:18.794666+00:00,DION_001,567381,-0.6799362292327619,SIMULATED,NORMAL
2026-06-17T17:24:18.805186+00:00,DION_001,567382,-1.1095549823108144,SIMULATED,NORMAL
2026-06-17T17:24:18.815571+00:00,DION_001,567383,-0.7754640224485464,SIMULATED,NORMAL
2026-06-17T17:24:18.825974+00:00,DION_001,567384,-0.8248207067089144,SIMULATED,NORMAL
2026-06-17T17:24:18.836382+00:00,DION_001,567385,-0.8956604801978402,SIMULATED,NORMAL
2026-06-17T17:24:18.847078+00:00,DION_001,567386,-0.947771869238056,SIMULATED,NORMAL
2026-06-17T17:24:18.857525+00:00,DION_001,567387,-0.9310867044015091,SIMULATED,NORMAL
2026-06-17T17:24:18.867936+00:00,DION_001,567388,-0.9419863839467244,SIMULATED,NORMAL
2026-06-17T17:24:18.878326+00:00,DION_001,567389,-1.09034338468234,SIMULATED,NORMAL
2026-06-17T17:24:18.888625+00:00,DION_001,567390,-1.1354959225867232,SIMULATED,NORMAL
2026-06-17T17:24:18.898903+00:00,DION_001,567391,-1.192041143555675,SIMULATED,NORMAL
2026-06-17T17:24:18.909171+00:00,DION_001,567392,-1.1975892200074876,SIMULATED,NORMAL
2026-06-17T17:24:18.919614+00:00,DION_001,567393,-1.444234767073618,SIMULATED,NORMAL
2026-06-17T17:24:18.929946+00:00,DION_001,567394,-1.1699687314001348,SIMULATED,NORMAL
2026-06-17T17:24:18.940331+00:00,DION_001,567395,-1.0745154417578644,SIMULATED,NORMAL
2026-06-17T17:24:18.950726+00:00,DION_001,567396,-1.215059789860648,SIMULATED,NORMAL
2026-06-17T17:24:18.961205+00:00,DION_001,567397,-1.1225068426533327,SIMULATED,NORMAL
2026-06-17T17:24:18.971594+00:00,DION_001,567398,-1.2076990941720933,SIMULATED,NORMAL
2026-06-17T17:24:18.982021+00:00,DION_001,567399,-1.2396697389591957,SIMULATED,NORMAL
2026-06-17T17:24:18.992399+00:00,DION_001,567400,-1.1227779463017387,SIMULATED,NORMAL
2026-06-17T17:24:19.002747+00:00,DION_001,567401,-1.0897466901117272,SIMULATED,NORMAL
2026-06-17T17:24:19.013096+00:00,DION_001,567402,-0.853119103227376,SIMULATED,NORMAL
2026-06-17T17:24:19.023533+00:00,DION_001,567403,-1.0754266968984438,SIMULATED,NORMAL
2026-06-17T17:24:19.033867+00:00,DION_001,567404,-1.217980441749639,SIMULATED,NORMAL
2026-06-17T17:24:19.044384+00:00,DION_001,567405,-1.2537802670067988,SIMULATED,NORMAL
2026-06-17T17:24:19.054706+00:00,DION_001,567406,-0.9849716244619444,SIMULATED,NORMAL
2026-06-17T17:24:19.064990+00:00,DION_001,567407,-1.0201973055253786,SIMULATED,NORMAL
2026-06-17T17:24:19.075284+00:00,DION_001,567408,-0.9166420348945442,SIMULATED,NORMAL
2026-06-17T17:24:19.085654+00:00,DION_001,567409,-0.9206459405112692,SIMULATED,NORMAL
2026-06-17T17:24:19.096002+00:00,DION_001,567410,-0.9601177307688153,SIMULATED,NORMAL
2026-06-17T17:24:19.106385+00:00,DION_001,567411,-0.6896575262066293,SIMULATED,NORMAL
2026-06-17T17:24:19.116784+00:00,DION_001,567412,-1.080333199217442,SIMULATED,NORMAL
2026-06-17T17:24:19.127164+00:00,DION_001,567413,-0.9663700916860266,SIMULATED,NORMAL
2026-06-17T17:24:19.137631+00:00,DION_001,567414,-1.024647585703815,SIMULATED,NORMAL
2026-06-17T17:24:19.147902+00:00,DION_001,567415,-1.0581993462408528,SIMULATED,NORMAL
2026-06-17T17:24:19.158125+00:00,DION_001,567416,-0.7642850990428952,SIMULATED,NORMAL
2026-06-17T17:24:19.168383+00:00,DION_001,567417,-0.69282435424208,SIMULATED,NORMAL
2026-06-17T17:24:19.178740+00:00,DION_001,567418,-0.6330110507633077,SIMULATED,NORMAL
2026-06-17T17:24:19.189113+00:00,DION_001,567419,-0.8447158533142712,SIMULATED,NORMAL
2026-06-17T17:24:19.199453+00:00,DION_001,567420,-0.8188636741760998,SIMULATED,NORMAL
2026-06-17T17:24:19.209872+00:00,DION_001,567421,-0.6564510827440453,SIMULATED,NORMAL
2026-06-17T17:24:19.220188+00:00,DION_001,567422,-0.6891074601999921,SIMULATED,NORMAL
2026-06-17T17:24:19.230536+00:00,DION_001,567423,-0.6556073650736669,SIMULATED,NORMAL
2026-06-17T17:24:19.240835+00:00,DION_001,567424,-0.4101188615913443,SIMULATED,NORMAL
2026-06-17T17:24:19.251113+00:00,DION_001,567425,-0.2915690698641414,SIMULATED,NORMAL
2026-06-17T17:24:19.261476+00:00,DION_001,567426,-0.14833085829241777,SIMULATED,NORMAL
2026-06-17T17:24:19.271779+00:00,DION_001,567427,-0.2655156978690476,SIMULATED,NORMAL
2026-06-17T17:24:19.282132+00:00,DION_001,567428,-0.2106769981397366,SIMULATED,NORMAL
2026-06-17T17:24:19.292619+00:00,DION_001,567429,-0.5385204170195041,SIMULATED,NORMAL
2026-06-17T17:24:19.302963+00:00,DION_001,567430,-0.21935737479357964,SIMULATED,NORMAL
2026-06-17T17:24:19.313365+00:00,DION_001,567431,-0.3549387530700801,SIMULATED,NORMAL
2026-06-17T17:24:19.323689+00:00,DION_001,567432,-0.46432856902662845,SIMULATED,NORMAL
2026-06-17T17:24:19.334098+00:00,DION_001,567433,-0.5779612841574331,SIMULATED,NORMAL
2026-06-17T17:24:19.344450+00:00,DION_001,567434,-0.4452614529861717,SIMULATED,NORMAL
2026-06-17T17:24:19.354782+00:00,DION_001,567435,-0.29227460221896895,SIMULATED,NORMAL
2026-06-17T17:24:19.365030+00:00,DION_001,567436,-0.15879437024429036,SIMULATED,NORMAL
2026-06-17T17:24:19.375370+00:00,DION_001,567437,-0.3575406837996569,SIMULATED,NORMAL
2026-06-17T17:24:19.385614+00:00,DION_001,567438,-0.3341927045691747,SIMULATED,NORMAL
2026-06-17T17:24:19.395873+00:00,DION_001,567439,-0.10372156698489635,SIMULATED,NORMAL
2026-06-17T17:24:19.406182+00:00,DION_001,567440,-0.15727540418298597,SIMULATED,NORMAL
2026-06-17T17:24:19.416508+00:00,DION_001,567441,-0.2340155702091375,SIMULATED,NORMAL
2026-06-17T17:24:19.426824+00:00,DION_001,567442,-0.14171622316851928,SIMULATED,NORMAL
2026-06-17T17:24:19.437178+00:00,DION_001,567443,-0.21064173676847414,SIMULATED,NORMAL
2026-06-17T17:24:19.447619+00:00,DION_001,567444,0.08824135807766137,SIMULATED,NORMAL
2026-06-17T17:24:19.458070+00:00,DION_001,567445,-0.05182638772651249,SIMULATED,NORMAL
2026-06-17T17:24:19.468427+00:00,DION_001,567446,-0.3193957267515912,SIMULATED,NORMAL
2026-06-17T17:24:19.478844+00:00,DION_001,567447,-0.3767337024017633,SIMULATED,NORMAL
2026-06-17T17:24:19.489133+00:00,DION_001,567448,-0.4923384349733465,SIMULATED,NORMAL
2026-06-17T17:24:19.499539+00:00,DION_001,567449,-0.4699007985650545,SIMULATED,NORMAL
2026-06-17T17:24:19.509887+00:00,DION_001,567450,-0.5991822253780847,SIMULATED,NORMAL
2026-06-17T17:24:19.520223+00:00,DION_001,567451,-0.24781677400049043,SIMULATED,NORMAL
2026-06-17T17:24:19.530621+00:00,DION_001,567452,-0.108875076790519,SIMULATED,NORMAL
2026-06-17T17:24:19.540969+00:00,DION_001,567453,-0.4095124394259612,SIMULATED,NORMAL
2026-06-17T17:24:19.551285+00:00,DION_001,567454,-0.0991628840645194,SIMULATED,NORMAL
2026-06-17T17:24:19.561641+00:00,DION_001,567455,-0.4750159130082343,SIMULATED,NORMAL
2026-06-17T17:24:19.572153+00:00,DION_001,567456,-0.3366094729326592,SIMULATED,NORMAL
2026-06-17T17:24:19.582558+00:00,DION_001,567457,-0.6621733795632505,SIMULATED,NORMAL
2026-06-17T17:24:19.592898+00:00,DION_001,567458,-0.6999545313328692,SIMULATED,NORMAL
2026-06-17T17:24:19.603299+00:00,DION_001,567459,-0.6772840309603083,SIMULATED,NORMAL
2026-06-17T17:24:19.613629+00:00,DION_001,567460,-0.5933817119826204,SIMULATED,NORMAL
2026-06-17T17:24:19.623965+00:00,DION_001,567461,-0.6031630549826089,SIMULATED,NORMAL
2026-06-17T17:24:19.634257+00:00,DION_001,567462,-0.8153008722133843,SIMULATED,NORMAL
2026-06-17T17:24:19.644642+00:00,DION_001,567463,-2.3912042586993314,SIMULATED,EVENT_DETECTED
2026-06-17T17:24:19.655208+00:00,DION_001,567464,-0.4370827051969792,SIMULATED,NORMAL
2026-06-17T17:24:19.665570+00:00,DION_001,567465,-0.5458968199590236,SIMULATED,NORMAL
2026-06-17T17:24:19.675879+00:00,DION_001,567466,-0.7857223927168215,SIMULATED,NORMAL
2026-06-17T17:24:19.686186+00:00,DION_001,567467,-0.3789007570515254,SIMULATED,NORMAL
2026-06-17T17:24:19.696483+00:00,DION_001,567468,-0.6058413054958851,SIMULATED,NORMAL
2026-06-17T17:24:19.706897+00:00,DION_001,567469,-3.3646437405363154,SIMULATED,EVENT_DETECTED
2026-06-17T17:24:19.717323+00:00,DION_001,567470,-0.8847213376234346,SIMULATED,NORMAL
2026-06-17T17:24:19.727747+00:00,DION_001,567471,-0.6768033712164385,SIMULATED,NORMAL
2026-06-17T17:24:19.738146+00:00,DION_001,567472,-0.5252382192880891,SIMULATED,NORMAL
2026-06-17T17:24:19.748666+00:00,DION_001,567473,-0.35867173562849025,SIMULATED,NORMAL
2026-06-17T17:24:19.759078+00:00,DION_001,567474,-0.5710539682592071,SIMULATED,NORMAL
2026-06-17T17:24:19.769521+00:00,DION_001,567475,-0.7767841957516078,SIMULATED,NORMAL
2026-06-17T17:24:19.779961+00:00,DION_001,567476,-0.7361864792529029,SIMULATED,NORMAL
2026-06-17T17:24:19.790374+00:00,DION_001,567477,-0.35501124437248827,SIMULATED,NORMAL
2026-06-17T17:24:19.800736+00:00,DION_001,567478,-0.6872312728000864,SIMULATED,NORMAL
2026-06-17T17:24:19.811142+00:00,DION_001,567479,-0.6477264182959657,SIMULATED,NORMAL
2026-06-17T17:24:19.821587+00:00,DION_001,567480,-0.5306510984353885,SIMULATED,NORMAL
2026-06-17T17:24:19.832006+00:00,DION_001,567481,-0.7043226532518425,SIMULATED,NORMAL
2026-06-17T17:24:19.842381+00:00,DION_001,567482,-0.6315053407644794,SIMULATED,NORMAL
2026-06-17T17:24:19.852665+00:00,DION_001,567483,-0.4981844323847693,SIMULATED,NORMAL
2026-06-17T17:24:19.862941+00:00,DION_001,567484,-0.4926670244606257,SIMULATED,NORMAL
2026-06-17T17:24:19.873284+00:00,DION_001,567485,-0.2708672980329363,SIMULATED,NORMAL
2026-06-17T17:24:19.883683+00:00,DION_001,567486,-0.42745120132418196,SIMULATED,NORMAL
2026-06-17T17:24:19.894034+00:00,DION_001,567487,-0.6356431862320501,SIMULATED,NORMAL
2026-06-17T17:24:19.904449+00:00,DION_001,567488,0.024585103352763427,SIMULATED,NORMAL
2026-06-17T17:24:19.914972+00:00,DION_001,567489,-0.43078167811935136,SIMULATED,NORMAL
2026-06-17T17:24:19.925411+00:00,DION_001,567490,-0.2706701159217463,SIMULATED,NORMAL
2026-06-17T17:24:19.935958+00:00,DION_001,567491,-0.38402085180901224,SIMULATED,NORMAL
2026-06-17T17:24:19.946630+00:00,DION_001,567492,-0.2213372784595086,SIMULATED,NORMAL
2026-06-17T17:24:19.957279+00:00,DION_001,567493,0.12490935230297934,SIMULATED,NORMAL
2026-06-17T17:24:19.967607+00:00,DION_001,567494,-0.14794175916513577,SIMULATED,NORMAL
2026-06-17T17:24:19.977898+00:00,DION_001,567495,-0.05192718110606752,SIMULATED,NORMAL
2026-06-17T17:24:19.988348+00:00,DION_001,567496,-0.20561381568309334,SIMULATED,NORMAL
2026-06-17T17:24:19.998688+00:00,DION_001,567497,-0.06895257801814106,SIMULATED,NORMAL
2026-06-17T17:24:20.009056+00:00,DION_001,567498,0.09389505194167294,SIMULATED,NORMAL
2026-06-17T17:24:20.019409+00:00,DION_001,567499,0.414105718326616,SIMULATED,NORMAL
2026-06-17T17:24:20.029702+00:00,DION_001,567500,0.012423750779556736,SIMULATED,NORMAL
2026-06-17T17:24:20.040047+00:00,DION_001,567501,0.15581054974185327,SIMULATED,NORMAL
2026-06-17T17:24:20.050358+00:00,DION_001,567502,0.2781668193521651,SIMULATED,NORMAL
2026-06-17T17:24:20.060652+00:00,DION_001,567503,0.32942733193230334,SIMULATED,NORMAL
2026-06-17T17:24:20.070944+00:00,DION_001,567504,0.09008803121800346,SIMULATED,NORMAL
2026-06-17T17:24:20.081264+00:00,DION_001,567505,0.3432894863881904,SIMULATED,NORMAL
2026-06-17T17:24:20.091532+00:00,DION_001,567506,0.2947136783635557,SIMULATED,NORMAL
2026-06-17T17:24:20.101873+00:00,DION_001,567507,0.745025714965512,SIMULATED,NORMAL
2026-06-17T17:24:20.112277+00:00,DION_001,567508,0.2594845733146076,SIMULATED,NORMAL
2026-06-17T17:24:20.122633+00:00,DION_001,567509,0.4594419289465121,SIMULATED,NORMAL
2026-06-17T17:24:20.133075+00:00,DION_001,567510,0.350331303978885,SIMULATED,NORMAL
2026-06-17T17:24:20.143373+00:00,DION_001,567511,0.5057315115999231,SIMULATED,NORMAL
2026-06-17T17:24:20.153710+00:00,DION_001,567512,0.5372195028701532,SIMULATED,NORMAL
2026-06-17T17:24:20.163972+00:00,DION_001,567513,0.7098394679723985,SIMULATED,NORMAL
2026-06-17T17:24:20.174352+00:00,DION_001,567514,0.4518771497132678,SIMULATED,NORMAL
2026-06-17T17:24:20.184787+00:00,DION_001,567515,0.547152708025428,SIMULATED,NORMAL
2026-06-17T17:24:20.195172+00:00,DION_001,567516,0.620690820908407,SIMULATED,NORMAL
2026-06-17T17:24:20.205638+00:00,DION_001,567517,0.6097323533213241,SIMULATED,NORMAL
2026-06-17T17:24:20.216069+00:00,DION_001,567518,0.5760907679599954,SIMULATED,NORMAL
2026-06-17T17:24:20.226506+00:00,DION_001,567519,0.6714881004369095,SIMULATED,NORMAL
2026-06-17T17:24:20.236914+00:00,DION_001,567520,0.6629184371303254,SIMULATED,NORMAL
2026-06-17T17:24:20.247276+00:00,DION_001,567521,0.6693898592015687,SIMULATED,NORMAL
2026-06-17T17:24:20.257716+00:00,DION_001,567522,0.6152608161468363,SIMULATED,NORMAL
2026-06-17T17:24:20.268180+00:00,DION_001,567523,0.5134344318706718,SIMULATED,NORMAL
2026-06-17T17:24:20.278594+00:00,DION_001,567524,0.7331181399941015,SIMULATED,NORMAL
2026-06-17T17:24:20.289042+00:00,DION_001,567525,0.4092681372430759,SIMULATED,NORMAL
2026-06-17T17:24:20.299458+00:00,DION_001,567526,0.39460083753497444,SIMULATED,NORMAL
2026-06-17T17:24:20.309821+00:00,DION_001,567527,0.6104057816818096,SIMULATED,NORMAL
2026-06-17T17:24:20.320168+00:00,DION_001,567528,0.4281127217156554,SIMULATED,NORMAL
2026-06-17T17:24:20.330486+00:00,DION_001,567529,0.6250361686379002,SIMULATED,NORMAL
2026-06-17T17:24:20.340887+00:00,DION_001,567530,0.5096271020133079,SIMULATED,NORMAL
2026-06-17T17:24:20.351304+00:00,DION_001,567531,0.7271968551372361,SIMULATED,NORMAL
2026-06-17T17:24:20.361712+00:00,DION_001,567532,0.3632091127982495,SIMULATED,NORMAL
2026-06-17T17:24:20.372110+00:00,DION_001,567533,0.5223056709114187,SIMULATED,NORMAL
2026-06-17T17:24:20.382536+00:00,DION_001,567534,0.4424528409208683,SIMULATED,NORMAL
2026-06-17T17:24:20.392951+00:00,DION_001,567535,0.6905619225725448,SIMULATED,NORMAL
2026-06-17T17:24:20.403425+00:00,DION_001,567536,0.2900449423767485,SIMULATED,NORMAL
2026-06-17T17:24:20.413848+00:00,DION_001,567537,0.5009549835509736,SIMULATED,NORMAL
2026-06-17T17:24:20.424284+00:00,DION_001,567538,0.7661852523083835,SIMULATED,NORMAL
2026-06-17T17:24:20.434969+00:00,DION_001,567539,0.529423172872418,SIMULATED,NORMAL
2026-06-17T17:24:20.445364+00:00,DION_001,567540,0.3663072469204797,SIMULATED,NORMAL
2026-06-17T17:24:20.455633+00:00,DION_001,567541,0.40607539200231696,SIMULATED,NORMAL
2026-06-17T17:24:20.465964+00:00,DION_001,567542,0.3704728780317055,SIMULATED,NORMAL
2026-06-17T17:24:20.476351+00:00,DION_001,567543,0.5419709976189991,SIMULATED,NORMAL
2026-06-17T17:24:20.486726+00:00,DION_001,567544,0.45954813086484336,SIMULATED,NORMAL
2026-06-17T17:24:20.497051+00:00,DION_001,567545,0.30137162433477355,SIMULATED,NORMAL
2026-06-17T17:24:20.507369+00:00,DION_001,567546,0.34453167218212016,SIMULATED,NORMAL
2026-06-17T17:24:20.517764+00:00,DION_001,567547,0.3619675712350601,SIMULATED,NORMAL
2026-06-17T17:24:20.528070+00:00,DION_001,567548,0.27151816039744003,SIMULATED,NORMAL
2026-06-17T17:24:20.538400+00:00,DION_001,567549,0.23761702703664597,SIMULATED,NORMAL
2026-06-17T17:24:20.548830+00:00,DION_001,567550,0.365208645791705,SIMULATED,NORMAL
2026-06-17T17:24:20.559377+00:00,DION_001,567551,0.5222834031509023,SIMULATED,NORMAL
2026-06-17T17:24:20.569743+00:00,DION_001,567552,0.2187043252948482,SIMULATED,NORMAL
2026-06-17T17:24:20.580098+00:00,DION_001,567553,0.23332828777194517,SIMULATED,NORMAL
2026-06-17T17:24:20.590567+00:00,DION_001,567554,0.21137540135895877,SIMULATED,NORMAL
2026-06-17T17:24:20.600932+00:00,DION_001,567555,0.16304735619958255,SIMULATED,NORMAL
2026-06-17T17:24:20.611409+00:00,DION_001,567556,0.5057020974685746,SIMULATED,NORMAL
2026-06-17T17:24:20.621910+00:00,DION_001,567557,0.293753802430166,SIMULATED,NORMAL
2026-06-17T17:24:20.632304+00:00,DION_001,567558,0.1350866439158568,SIMULATED,NORMAL
2026-06-17T17:24:20.642687+00:00,DION_001,567559,0.29316775307735154,SIMULATED,NORMAL
2026-06-17T17:24:20.653019+00:00,DION_001,567560,0.23324861307965145,SIMULATED,NORMAL
2026-06-17T17:24:20.663283+00:00,DION_001,567561,0.2764198290576957,SIMULATED,NORMAL
2026-06-17T17:24:20.673631+00:00,DION_001,567562,0.1319728661154553,SIMULATED,NORMAL
2026-06-17T17:24:20.683934+00:00,DION_001,567563,0.3142064710155669,SIMULATED,NORMAL
2026-06-17T17:24:20.694190+00:00,DION_001,567564,0.43579109333727595,SIMULATED,NORMAL
2026-06-17T17:24:20.704425+00:00,DION_001,567565,0.5895841009326194,SIMULATED,NORMAL
2026-06-17T17:24:20.714835+00:00,DION_001,567566,0.4491527768377579,SIMULATED,NORMAL
2026-06-17T17:24:20.725060+00:00,DION_001,567567,0.4793463315544623,SIMULATED,NORMAL
2026-06-17T17:24:20.735266+00:00,DION_001,567568,0.4425966095960193,SIMULATED,NORMAL
2026-06-17T17:24:20.745526+00:00,DION_001,567569,0.6201767614135829,SIMULATED,NORMAL
2026-06-17T17:24:20.755759+00:00,DION_001,567570,0.6242354984424572,SIMULATED,NORMAL
2026-06-17T17:24:20.766037+00:00,DION_001,567571,2.708903702402453,SIMULATED,EVENT_DETECTED
2026-06-17T17:24:20.776365+00:00,DION_001,567572,0.6655710621680312,SIMULATED,NORMAL
2026-06-17T17:24:20.786664+00:00,DION_001,567573,0.7859980829943812,SIMULATED,NORMAL
2026-06-17T17:24:20.796965+00:00,DION_001,567574,0.5438036316340148,SIMULATED,NORMAL
2026-06-17T17:24:20.807195+00:00,DION_001,567575,0.695912592536927,SIMULATED,NORMAL
2026-06-17T17:24:20.817448+00:00,DION_001,567576,0.7206774759777679,SIMULATED,NORMAL
2026-06-17T17:24:20.827696+00:00,DION_001,567577,0.7230232674660888,SIMULATED,NORMAL
2026-06-17T17:24:20.837936+00:00,DION_001,567578,0.7750858423867424,SIMULATED,NORMAL
2026-06-17T17:24:20.848217+00:00,DION_001,567579,0.8709257990229541,SIMULATED,NORMAL
2026-06-17T17:24:20.858472+00:00,DION_001,567580,1.1272356299060815,SIMULATED,NORMAL
2026-06-17T17:24:20.868760+00:00,DION_001,567581,0.7452940531465636,SIMULATED,NORMAL
2026-06-17T17:24:20.879020+00:00,DION_001,567582,0.9031890459173543,SIMULATED,NORMAL
2026-06-17T17:24:20.889412+00:00,DION_001,567583,0.8783621135007336,SIMULATED,NORMAL
2026-06-17T17:24:20.899807+00:00,DION_001,567584,1.0299464001602574,SIMULATED,NORMAL
2026-06-17T17:24:20.910213+00:00,DION_001,567585,1.0104780048148554,SIMULATED,NORMAL
2026-06-17T17:24:20.920607+00:00,DION_001,567586,1.116699923329265,SIMULATED,NORMAL
2026-06-17T17:24:20.931095+00:00,DION_001,567587,1.1654915203215026,SIMULATED,NORMAL
2026-06-17T17:24:20.941738+00:00,DION_001,567588,0.9439183974053504,SIMULATED,NORMAL
2026-06-17T17:24:20.952198+00:00,DION_001,567589,1.042703704052679,SIMULATED,NORMAL
2026-06-17T17:24:20.962596+00:00,DION_001,567590,1.124119506408044,SIMULATED,NORMAL
2026-06-17T17:24:20.972945+00:00,DION_001,567591,0.8831987055671691,SIMULATED,NORMAL
2026-06-17T17:24:20.983440+00:00,DION_001,567592,0.8910314947209801,SIMULATED,NORMAL
2026-06-17T17:24:20.993755+00:00,DION_001,567593,1.2117444626857004,SIMULATED,NORMAL
2026-06-17T17:24:21.004062+00:00,DION_001,567594,1.0536756271268835,SIMULATED,NORMAL
2026-06-17T17:24:21.014402+00:00,DION_001,567595,1.3602349423951192,SIMULATED,NORMAL
2026-06-17T17:24:21.024828+00:00,DION_001,567596,1.149737553257329,SIMULATED,NORMAL
2026-06-17T17:24:21.035171+00:00,DION_001,567597,1.260695809721921,SIMULATED,NORMAL
2026-06-17T17:24:21.045477+00:00,DION_001,567598,1.146424567450872,SIMULATED,NORMAL
2026-06-17T17:24:21.055781+00:00,DION_001,567599,1.4493749076940459,SIMULATED,NORMAL
2026-06-17T17:24:21.066128+00:00,DION_001,567600,1.0753690272107261,SIMULATED,NORMAL
2026-06-17T17:24:21.076405+00:00,DION_001,567601,1.0086417234219063,SIMULATED,NORMAL
2026-06-17T17:24:21.086802+00:00,DION_001,567602,0.8795701757910104,SIMULATED,NORMAL
2026-06-17T17:24:21.097098+00:00,DION_001,567603,1.1184655439774698,SIMULATED,NORMAL
2026-06-17T17:24:21.107389+00:00,DION_001,567604,1.246350074240728,SIMULATED,NORMAL
2026-06-17T17:24:21.117727+00:00,DION_001,567605,1.0680271189826702,SIMULATED,NORMAL
2026-06-17T17:24:21.128319+00:00,DION_001,567606,1.2349080909542924,SIMULATED,NORMAL
2026-06-17T17:24:21.138763+00:00,DION_001,567607,1.0232134818612806,SIMULATED,NORMAL
2026-06-17T17:24:21.149275+00:00,DION_001,567608,0.8250593345993804,SIMULATED,NORMAL
2026-06-17T17:24:21.159792+00:00,DION_001,567609,1.0967838775707779,SIMULATED,NORMAL
2026-06-17T17:24:21.170262+00:00,DION_001,567610,0.9636336187918321,SIMULATED,NORMAL
2026-06-17T17:24:21.180642+00:00,DION_001,567611,1.0791783685460934,SIMULATED,NORMAL
2026-06-17T17:24:21.191299+00:00,DION_001,567612,0.6883329519128734,SIMULATED,NORMAL
2026-06-17T17:24:21.201759+00:00,DION_001,567613,0.7321806427639937,SIMULATED,NORMAL
2026-06-17T17:24:21.212131+00:00,DION_001,567614,0.8043041106468936,SIMULATED,NORMAL
2026-06-17T17:24:21.222543+00:00,DION_001,567615,0.5658609225334391,SIMULATED,NORMAL
2026-06-17T17:24:21.232982+00:00,DION_001,567616,0.727611354110147,SIMULATED,NORMAL
2026-06-17T17:24:21.243428+00:00,DION_001,567617,0.7574974702409704,SIMULATED,NORMAL
2026-06-17T17:24:21.253755+00:00,DION_001,567618,0.7597819900232684,SIMULATED,NORMAL
2026-06-17T17:24:21.264107+00:00,DION_001,567619,0.942722165894702,SIMULATED,NORMAL
2026-06-17T17:24:21.274484+00:00,DION_001,567620,0.7048612545525307,SIMULATED,NORMAL
2026-06-17T17:24:21.284850+00:00,DION_001,567621,0.6440505259975249,SIMULATED,NORMAL
2026-06-17T17:24:21.295095+00:00,DION_001,567622,0.4724183512934058,SIMULATED,NORMAL
2026-06-17T17:24:21.305439+00:00,DION_001,567623,0.46564420398074013,SIMULATED,NORMAL
2026-06-17T17:24:21.315894+00:00,DION_001,567624,0.4822337278247295,SIMULATED,NORMAL
2026-06-17T17:24:21.326204+00:00,DION_001,567625,0.3307717334545325,SIMULATED,NORMAL
2026-06-17T17:24:21.336716+00:00,DION_001,567626,0.713469140280694,SIMULATED,NORMAL
2026-06-17T17:24:21.347107+00:00,DION_001,567627,0.2819157111412935,SIMULATED,NORMAL
2026-06-17T17:24:21.357492+00:00,DION_001,567628,0.40587504653767775,SIMULATED,NORMAL
2026-06-17T17:24:21.367806+00:00,DION_001,567629,0.23312855439193067,SIMULATED,NORMAL
2026-06-17T17:24:21.378125+00:00,DION_001,567630,0.21470814382049191,SIMULATED,NORMAL
2026-06-17T17:24:21.388479+00:00,DION_001,567631,0.5814838014398911,SIMULATED,NORMAL
2026-06-17T17:24:21.398805+00:00,DION_001,567632,0.3141571820609455,SIMULATED,NORMAL
2026-06-17T17:24:21.409050+00:00,DION_001,567633,0.13245253197011816,SIMULATED,NORMAL
2026-06-17T17:24:21.419401+00:00,DION_001,567634,0.025242038198581174,SIMULATED,NORMAL
2026-06-17T17:24:21.429727+00:00,DION_001,567635,0.08005659536767695,SIMULATED,NORMAL
2026-06-17T17:24:21.440078+00:00,DION_001,567636,-0.013597022277853366,SIMULATED,NORMAL
2026-06-17T17:24:21.450498+00:00,DION_001,567637,0.35356112609882306,SIMULATED,NORMAL
2026-06-17T17:24:21.460870+00:00,DION_001,567638,0.6572936966225232,SIMULATED,NORMAL
2026-06-17T17:24:21.471260+00:00,DION_001,567639,0.4978318506243642,SIMULATED,NORMAL
2026-06-17T17:24:21.481606+00:00,DION_001,567640,0.21929212624200883,SIMULATED,NORMAL
2026-06-17T17:24:21.491982+00:00,DION_001,567641,0.4815983458068108,SIMULATED,NORMAL
2026-06-17T17:24:21.502529+00:00,DION_001,567642,0.5879741280063463,SIMULATED,NORMAL
2026-06-17T17:24:21.512874+00:00,DION_001,567643,0.15836086335373054,SIMULATED,NORMAL
2026-06-17T17:24:21.523368+00:00,DION_001,567644,0.27153592236689184,SIMULATED,NORMAL
2026-06-17T17:24:21.533760+00:00,DION_001,567645,0.1321819578008268,SIMULATED,NORMAL
2026-06-17T17:24:21.544231+00:00,DION_001,567646,0.24676911867315174,SIMULATED,NORMAL
2026-06-17T17:24:21.554709+00:00,DION_001,567647,-0.03223547598674728,SIMULATED,NORMAL
2026-06-17T17:24:21.565129+00:00,DION_001,567648,0.2054199958808834,SIMULATED,NORMAL
2026-06-17T17:24:21.575574+00:00,DION_001,567649,0.3243948990762345,SIMULATED,NORMAL
2026-06-17T17:24:21.585913+00:00,DION_001,567650,0.360434930018676,SIMULATED,NORMAL
2026-06-17T17:24:21.596267+00:00,DION_001,567651,-0.019339092053131335,SIMULATED,NORMAL
2026-06-17T17:24:21.606712+00:00,DION_001,567652,0.24797312860067985,SIMULATED,NORMAL
2026-06-17T17:24:21.617116+00:00,DION_001,567653,0.5008001166908268,SIMULATED,NORMAL
2026-06-17T17:24:21.627525+00:00,DION_001,567654,0.48223690177658896,SIMULATED,NORMAL
2026-06-17T17:24:21.638064+00:00,DION_001,567655,0.4628838401271027,SIMULATED,NORMAL
2026-06-17T17:24:21.648430+00:00,DION_001,567656,0.28754679929892346,SIMULATED,NORMAL
2026-06-17T17:24:21.658951+00:00,DION_001,567657,0.8461420263648247,SIMULATED,NORMAL
2026-06-17T17:24:21.669330+00:00,DION_001,567658,0.2770426694735141,SIMULATED,NORMAL
2026-06-17T17:24:21.679650+00:00,DION_001,567659,0.2533441142910105,SIMULATED,NORMAL
2026-06-17T17:24:21.690080+00:00,DION_001,567660,0.7554503616443593,SIMULATED,NORMAL
2026-06-17T17:24:21.700525+00:00,DION_001,567661,0.3895727904160774,SIMULATED,NORMAL
2026-06-17T17:24:21.711034+00:00,DION_001,567662,0.34573816035385074,SIMULATED,NORMAL
2026-06-17T17:24:21.721428+00:00,DION_001,567663,0.18139173053063612,SIMULATED,NORMAL
2026-06-17T17:24:21.731950+00:00,DION_001,567664,0.7301444257085259,SIMULATED,NORMAL
2026-06-17T17:24:21.742559+00:00,DION_001,567665,0.651149213673203,SIMULATED,NORMAL
2026-06-17T17:24:21.752985+00:00,DION_001,567666,0.5819035469288969,SIMULATED,NORMAL
2026-06-17T17:24:21.763388+00:00,DION_001,567667,0.4902312252473194,SIMULATED,NORMAL
2026-06-17T17:24:21.773881+00:00,DION_001,567668,0.23909938253426316,SIMULATED,NORMAL
2026-06-17T17:24:21.784258+00:00,DION_001,567669,0.6300239499856664,SIMULATED,NORMAL
2026-06-17T17:24:21.794672+00:00,DION_001,567670,0.21446142670306728,SIMULATED,NORMAL
2026-06-17T17:24:21.805086+00:00,DION_001,567671,0.6047141933494216,SIMULATED,NORMAL
2026-06-17T17:24:21.815436+00:00,DION_001,567672,0.6380741434514293,SIMULATED,NORMAL
2026-06-17T17:24:21.825977+00:00,DION_001,567673,0.47353809177854916,SIMULATED,NORMAL
2026-06-17T17:24:21.836695+00:00,DION_001,567674,0.5575117223607482,SIMULATED,NORMAL
2026-06-17T17:24:21.847289+00:00,DION_001,567675,0.6965916339790594,SIMULATED,NORMAL
2026-06-17T17:24:21.857660+00:00,DION_001,567676,3.0021882319806936,SIMULATED,EVENT_DETECTED
2026-06-17T17:24:21.868350+00:00,DION_001,567677,0.5047173089808678,SIMULATED,NORMAL
2026-06-17T17:24:21.878721+00:00,DION_001,567678,0.8034350214656147,SIMULATED,NORMAL
2026-06-17T17:24:21.889078+00:00,DION_001,567679,0.42744593264546993,SIMULATED,NORMAL
2026-06-17T17:24:21.899531+00:00,DION_001,567680,-1.863661071169994,SIMULATED,NORMAL
2026-06-17T17:24:21.910170+00:00,DION_001,567681,0.7896383460722505,SIMULATED,NORMAL
2026-06-17T17:24:21.920648+00:00,DION_001,567682,0.4476153911529583,SIMULATED,NORMAL
2026-06-17T17:24:21.931067+00:00,DION_001,567683,0.9127151085835092,SIMULATED,NORMAL
2026-06-17T17:24:21.941465+00:00,DION_001,567684,0.27896732810206226,SIMULATED,NORMAL
2026-06-17T17:24:21.951829+00:00,DION_001,567685,0.22350836510998134,SIMULATED,NORMAL
2026-06-17T17:24:21.962331+00:00,DION_001,567686,0.3067454931451614,SIMULATED,NORMAL
2026-06-17T17:24:21.972729+00:00,DION_001,567687,-0.08504053529558114,SIMULATED,NORMAL
2026-06-17T17:24:21.983146+00:00,DION_001,567688,0.38835916704728907,SIMULATED,NORMAL
2026-06-17T17:24:21.993567+00:00,DION_001,567689,0.1328939911524663,SIMULATED,NORMAL
2026-06-17T17:24:22.003912+00:00,DION_001,567690,0.010000084432813056,SIMULATED,NORMAL
2026-06-17T17:24:22.014312+00:00,DION_001,567691,0.2091799203248698,SIMULATED,NORMAL
2026-06-17T17:24:22.024628+00:00,DION_001,567692,-0.08348006311028483,SIMULATED,NORMAL
2026-06-17T17:24:22.035096+00:00,DION_001,567693,0.13444983835119906,SIMULATED,NORMAL
2026-06-17T17:24:22.045562+00:00,DION_001,567694,0.17466507234705272,SIMULATED,NORMAL
2026-06-17T17:24:22.056078+00:00,DION_001,567695,-0.04810154716011547,SIMULATED,NORMAL
2026-06-17T17:24:22.066538+00:00,DION_001,567696,-0.047979044191673606,SIMULATED,NORMAL
2026-06-17T17:24:22.077021+00:00,DION_001,567697,-0.056978882093397076,SIMULATED,NORMAL
2026-06-17T17:24:22.087452+00:00,DION_001,567698,-0.2510956285929838,SIMULATED,NORMAL
2026-06-17T17:24:22.097962+00:00,DION_001,567699,0.08730185247912892,SIMULATED,NORMAL
2026-06-17T17:24:22.108464+00:00,DION_001,567700,0.25338400846687226,SIMULATED,NORMAL
2026-06-17T17:24:22.118861+00:00,DION_001,567701,-0.29435220953188584,SIMULATED,NORMAL
2026-06-17T17:24:22.129205+00:00,DION_001,567702,-0.1952111541180407,SIMULATED,NORMAL
2026-06-17T17:24:22.139555+00:00,DION_001,567703,-0.32955118538081046,SIMULATED,NORMAL
2026-06-17T17:24:22.149781+00:00,DION_001,567704,-0.40679909467692277,SIMULATED,NORMAL
2026-06-17T17:24:22.159959+00:00,DION_001,567705,-0.4284965657793394,SIMULATED,NORMAL
2026-06-17T17:24:22.170113+00:00,DION_001,567706,-0.3879589941834428,SIMULATED,NORMAL
2026-06-17T17:24:22.180300+00:00,DION_001,567707,-0.4693954341933005,SIMULATED,NORMAL
2026-06-17T17:24:22.190480+00:00,DION_001,567708,-0.4559729420452762,SIMULATED,NORMAL
2026-06-17T17:24:22.200688+00:00,DION_001,567709,-0.5648997127720002,SIMULATED,NORMAL
2026-06-17T17:24:22.211165+00:00,DION_001,567710,-0.4077765948899667,SIMULATED,NORMAL
2026-06-17T17:24:22.221723+00:00,DION_001,567711,-0.5321224120334276,SIMULATED,NORMAL
2026-06-17T17:24:22.232368+00:00,DION_001,567712,-0.6112748697716592,SIMULATED,NORMAL
2026-06-17T17:24:22.243089+00:00,DION_001,567713,-0.4789380895779354,SIMULATED,NORMAL
2026-06-17T17:24:22.253817+00:00,DION_001,567714,-0.6683587146667438,SIMULATED,NORMAL
2026-06-17T17:24:22.264324+00:00,DION_001,567715,-0.7887577872445561,SIMULATED,NORMAL
2026-06-17T17:24:22.274932+00:00,DION_001,567716,-0.8341446304987759,SIMULATED,NORMAL
2026-06-17T17:24:22.285351+00:00,DION_001,567717,-0.4640794543073982,SIMULATED,NORMAL
2026-06-17T17:24:22.295768+00:00,DION_001,567718,-0.9132836605795112,SIMULATED,NORMAL
2026-06-17T17:24:22.306204+00:00,DION_001,567719,-1.0667743611031606,SIMULATED,NORMAL
2026-06-17T17:24:22.316647+00:00,DION_001,567720,-0.7270984878984816,SIMULATED,NORMAL
2026-06-17T17:24:22.326980+00:00,DION_001,567721,-0.8542855592245585,SIMULATED,NORMAL
2026-06-17T17:24:22.337296+00:00,DION_001,567722,-0.7031560798333931,SIMULATED,NORMAL
2026-06-17T17:24:22.347839+00:00,DION_001,567723,-0.7778469933473158,SIMULATED,NORMAL
2026-06-17T17:24:22.358367+00:00,DION_001,567724,-0.7815946011813345,SIMULATED,NORMAL
2026-06-17T17:24:22.368834+00:00,DION_001,567725,-0.6771178116342348,SIMULATED,NORMAL
2026-06-17T17:24:22.379338+00:00,DION_001,567726,-0.9927018853532283,SIMULATED,NORMAL
2026-06-17T17:24:22.389711+00:00,DION_001,567727,-0.7994635110388498,SIMULATED,NORMAL
2026-06-17T17:24:22.400400+00:00,DION_001,567728,-0.7491568935570267,SIMULATED,NORMAL
2026-06-17T17:24:22.410980+00:00,DION_001,567729,-0.6592681976014553,SIMULATED,NORMAL
2026-06-17T17:24:22.421487+00:00,DION_001,567730,-0.7551221159424238,SIMULATED,NORMAL
2026-06-17T17:24:22.431954+00:00,DION_001,567731,-0.7820608531780064,SIMULATED,NORMAL
2026-06-17T17:24:22.442389+00:00,DION_001,567732,-3.1548931783191314,SIMULATED,EVENT_DETECTED
2026-06-17T17:24:22.452935+00:00,DION_001,567733,-0.6697020927368716,SIMULATED,NORMAL
2026-06-17T17:24:22.463433+00:00,DION_001,567734,-0.5428063458484723,SIMULATED,NORMAL
2026-06-17T17:24:22.473878+00:00,DION_001,567735,-0.8651537665494338,SIMULATED,NORMAL
2026-06-17T17:24:22.484383+00:00,DION_001,567736,-0.5457602608277471,SIMULATED,NORMAL
2026-06-17T17:24:22.494922+00:00,DION_001,567737,-0.6631618276026208,SIMULATED,NORMAL
2026-06-17T17:24:22.505380+00:00,DION_001,567738,-2.7313606319699124,SIMULATED,EVENT_DETECTED
2026-06-17T17:24:22.516128+00:00,DION_001,567739,-0.4746015191439923,SIMULATED,NORMAL
2026-06-17T17:24:22.526625+00:00,DION_001,567740,-0.13586190590342828,SIMULATED,NORMAL
2026-06-17T17:24:22.537071+00:00,DION_001,567741,-0.6875747957423353,SIMULATED,NORMAL
2026-06-17T17:24:22.547497+00:00,DION_001,567742,-1.9734625387028255,SIMULATED,NORMAL
2026-06-17T17:24:22.558098+00:00,DION_001,567743,-0.548856434704843,SIMULATED,NORMAL
2026-06-17T17:24:22.568747+00:00,DION_001,567744,-0.4654455802386227,SIMULATED,NORMAL
2026-06-17T17:24:22.579361+00:00,DION_001,567745,-0.5664567724926709,SIMULATED,NORMAL
2026-06-17T17:24:22.589894+00:00,DION_001,567746,-0.35355124545401645,SIMULATED,NORMAL
2026-06-17T17:24:22.600360+00:00,DION_001,567747,-0.535962983430594,SIMULATED,NORMAL
2026-06-17T17:24:22.611240+00:00,DION_001,567748,-0.4399507371783297,SIMULATED,NORMAL
2026-06-17T17:24:22.621720+00:00,DION_001,567749,-0.06279722328930754,SIMULATED,NORMAL
2026-06-17T17:24:22.632110+00:00,DION_001,567750,-0.36163854180270505,SIMULATED,NORMAL
2026-06-17T17:24:22.642476+00:00,DION_001,567751,-0.3392349593661057,SIMULATED,NORMAL
2026-06-17T17:24:22.652846+00:00,DION_001,567752,-0.29011032189504976,SIMULATED,NORMAL
2026-06-17T17:24:22.663291+00:00,DION_001,567753,-0.21327923878272992,SIMULATED,NORMAL
2026-06-17T17:24:22.673812+00:00,DION_001,567754,-0.255100138270697,SIMULATED,NORMAL
2026-06-17T17:24:22.684306+00:00,DION_001,567755,-0.4139706851903933,SIMULATED,NORMAL
2026-06-17T17:24:22.694622+00:00,DION_001,567756,-0.37578790864010103,SIMULATED,NORMAL
2026-06-17T17:24:22.705096+00:00,DION_001,567757,-0.2705920931530762,SIMULATED,NORMAL
2026-06-17T17:24:22.715629+00:00,DION_001,567758,-0.27493098191346627,SIMULATED,NORMAL
2026-06-17T17:24:22.726060+00:00,DION_001,567759,-0.3710080804070089,SIMULATED,NORMAL
2026-06-17T17:24:22.736626+00:00,DION_001,567760,-0.058761015226277524,SIMULATED,NORMAL
2026-06-17T17:24:22.747056+00:00,DION_001,567761,-0.2591507654318525,SIMULATED,NORMAL
2026-06-17T17:24:22.757588+00:00,DION_001,567762,-0.17852727891407474,SIMULATED,NORMAL
2026-06-17T17:24:22.767941+00:00,DION_001,567763,-0.5495962249251612,SIMULATED,NORMAL
2026-06-17T17:24:22.778404+00:00,DION_001,567764,-0.28246593151504,SIMULATED,NORMAL
2026-06-17T17:24:22.788907+00:00,DION_001,567765,-0.3298408195369041,SIMULATED,NORMAL
2026-06-17T17:24:22.799348+00:00,DION_001,567766,-0.48003580900671733,SIMULATED,NORMAL
2026-06-17T17:24:22.809775+00:00,DION_001,567767,-0.2363326612980832,SIMULATED,NORMAL
2026-06-17T17:24:22.820127+00:00,DION_001,567768,2.1383251183130296,SIMULATED,EVENT_DETECTED
2026-06-17T17:24:22.830884+00:00,DION_001,567769,-0.5881186374580348,SIMULATED,NORMAL
2026-06-17T17:24:22.841437+00:00,DION_001,567770,-0.3934868311503611,SIMULATED,NORMAL
2026-06-17T17:24:22.852096+00:00,DION_001,567771,-0.21785062779231917,SIMULATED,NORMAL
2026-06-17T17:24:22.862622+00:00,DION_001,567772,-0.3025556736247783,SIMULATED,NORMAL
2026-06-17T17:24:22.873107+00:00,DION_001,567773,-0.4291247222239169,SIMULATED,NORMAL
2026-06-17T17:24:22.883610+00:00,DION_001,567774,-0.7155096253316735,SIMULATED,NORMAL
2026-06-17T17:24:22.893968+00:00,DION_001,567775,-0.584072450666218,SIMULATED,NORMAL
2026-06-17T17:24:22.904306+00:00,DION_001,567776,-0.7164890468582048,SIMULATED,NORMAL
2026-06-17T17:24:22.914682+00:00,DION_001,567777,-0.8522777738915724,SIMULATED,NORMAL
2026-06-17T17:24:22.925211+00:00,DION_001,567778,-0.7753984401905266,SIMULATED,NORMAL
2026-06-17T17:24:22.935692+00:00,DION_001,567779,-0.611552691286146,SIMULATED,NORMAL
2026-06-17T17:24:22.946130+00:00,DION_001,567780,-0.7596925520501212,SIMULATED,NORMAL
2026-06-17T17:24:22.956624+00:00,DION_001,567781,-0.9092823017193101,SIMULATED,NORMAL
2026-06-17T17:24:22.967131+00:00,DION_001,567782,-1.0876508080614324,SIMULATED,NORMAL
2026-06-17T17:24:22.977616+00:00,DION_001,567783,-1.1774702467191964,SIMULATED,NORMAL
2026-06-17T17:24:22.988237+00:00,DION_001,567784,-0.9938338656223079,SIMULATED,NORMAL
2026-06-17T17:24:22.998757+00:00,DION_001,567785,-0.9412951871195441,SIMULATED,NORMAL
2026-06-17T17:24:23.009242+00:00,DION_001,567786,-0.9940875459856472,SIMULATED,NORMAL
2026-06-17T17:24:23.019658+00:00,DION_001,567787,-1.34857449909182,SIMULATED,NORMAL
2026-06-17T17:24:23.030130+00:00,DION_001,567788,-1.0413823791766965,SIMULATED,NORMAL
2026-06-17T17:24:23.040593+00:00,DION_001,567789,-1.0431257706380936,SIMULATED,NORMAL
2026-06-17T17:24:23.051003+00:00,DION_001,567790,-0.8428265475100558,SIMULATED,NORMAL
2026-06-17T17:24:23.061381+00:00,DION_001,567791,-1.210068473987056,SIMULATED,NORMAL
2026-06-17T17:24:23.071814+00:00,DION_001,567792,-1.124831315411408,SIMULATED,NORMAL
2026-06-17T17:24:23.082240+00:00,DION_001,567793,-1.3317143567514043,SIMULATED,NORMAL
2026-06-17T17:24:23.092859+00:00,DION_001,567794,-0.841857692346411,SIMULATED,NORMAL
2026-06-17T17:24:23.103359+00:00,DION_001,567795,-1.4188682487845004,SIMULATED,NORMAL
2026-06-17T17:24:23.113773+00:00,DION_001,567796,-1.0018297910606329,SIMULATED,NORMAL
2026-06-17T17:24:23.124129+00:00,DION_001,567797,-1.1683442075735642,SIMULATED,NORMAL
2026-06-17T17:24:23.134894+00:00,DION_001,567798,-1.1065906840017334,SIMULATED,NORMAL
2026-06-17T17:24:23.145281+00:00,DION_001,567799,-1.3429604273402735,SIMULATED,NORMAL
2026-06-17T17:24:23.155689+00:00,DION_001,567800,-0.918472678001513,SIMULATED,NORMAL
2026-06-17T17:24:23.166123+00:00,DION_001,567801,-1.0911241278332688,SIMULATED,NORMAL
2026-06-17T17:24:23.176645+00:00,DION_001,567802,-1.1434591520013628,SIMULATED,NORMAL
2026-06-17T17:24:23.187082+00:00,DION_001,567803,-1.1964955907052577,SIMULATED,NORMAL
2026-06-17T17:24:23.197558+00:00,DION_001,567804,-1.0832506511611655,SIMULATED,NORMAL
2026-06-17T17:24:23.208009+00:00,DION_001,567805,-1.2630589083122772,SIMULATED,NORMAL
2026-06-17T17:24:23.219009+00:00,DION_001,567806,-1.0425427522721078,SIMULATED,NORMAL
2026-06-17T17:24:23.229453+00:00,DION_001,567807,-1.0848477793576459,SIMULATED,NORMAL
2026-06-17T17:24:23.239801+00:00,DION_001,567808,-1.0771829855056452,SIMULATED,NORMAL
2026-06-17T17:24:23.250029+00:00,DION_001,567809,-1.151264225380739,SIMULATED,NORMAL
2026-06-17T17:24:23.260339+00:00,DION_001,567810,-0.8617935233048688,SIMULATED,NORMAL
2026-06-17T17:24:23.270760+00:00,DION_001,567811,-0.9630292319523578,SIMULATED,NORMAL
2026-06-17T17:24:23.281134+00:00,DION_001,567812,-0.7159748533695456,SIMULATED,NORMAL
2026-06-17T17:24:23.291453+00:00,DION_001,567813,-0.909157016569748,SIMULATED,NORMAL
2026-06-17T17:24:23.301766+00:00,DION_001,567814,-0.6918888688224568,SIMULATED,NORMAL
2026-06-17T17:24:23.312280+00:00,DION_001,567815,-0.6890696635665228,SIMULATED,NORMAL
2026-06-17T17:24:23.322750+00:00,DION_001,567816,-3.579361920155643,SIMULATED,EVENT_DETECTED
2026-06-17T17:24:23.333475+00:00,DION_001,567817,-0.6609970052308571,SIMULATED,NORMAL
2026-06-17T17:24:23.343924+00:00,DION_001,567818,-0.7789003760467262,SIMULATED,NORMAL
2026-06-17T17:24:23.354438+00:00,DION_001,567819,-0.5936263759419071,SIMULATED,NORMAL
2026-06-17T17:24:23.364876+00:00,DION_001,567820,-0.6819066115580863,SIMULATED,NORMAL
2026-06-17T17:24:23.375219+00:00,DION_001,567821,-0.4776470643381829,SIMULATED,NORMAL
2026-06-17T17:24:23.385543+00:00,DION_001,567822,-0.46862970877967774,SIMULATED,NORMAL
2026-06-17T17:24:23.396144+00:00,DION_001,567823,-0.5484533301680881,SIMULATED,NORMAL
2026-06-17T17:24:23.406624+00:00,DION_001,567824,-0.3805046650158196,SIMULATED,NORMAL
2026-06-17T17:24:23.417070+00:00,DION_001,567825,-0.39334101340686706,SIMULATED,NORMAL
2026-06-17T17:24:23.427580+00:00,DION_001,567826,0.03199311360151408,SIMULATED,NORMAL
2026-06-17T17:24:23.438161+00:00,DION_001,567827,-0.41506926580482967,SIMULATED,NORMAL
2026-06-17T17:24:23.448667+00:00,DION_001,567828,-0.21466153057085946,SIMULATED,NORMAL
2026-06-17T17:24:23.459108+00:00,DION_001,567829,-0.21354754361698483,SIMULATED,NORMAL
2026-06-17T17:24:23.469632+00:00,DION_001,567830,-0.48016572008596387,SIMULATED,NORMAL
2026-06-17T17:24:23.480160+00:00,DION_001,567831,-0.04732707383918863,SIMULATED,NORMAL
2026-06-17T17:24:23.490669+00:00,DION_001,567832,-0.18240931005775582,SIMULATED,NORMAL
2026-06-17T17:24:23.501222+00:00,DION_001,567833,-0.15267948114065777,SIMULATED,NORMAL
2026-06-17T17:24:23.511668+00:00,DION_001,567834,-0.04218548897172006,SIMULATED,NORMAL
2026-06-17T17:24:23.522103+00:00,DION_001,567835,-0.17511245119678592,SIMULATED,NORMAL
2026-06-17T17:24:23.532500+00:00,DION_001,567836,-0.05987822134884156,SIMULATED,NORMAL
2026-06-17T17:24:23.543058+00:00,DION_001,567837,-0.25478039421680443,SIMULATED,NORMAL
2026-06-17T17:24:23.553409+00:00,DION_001,567838,0.09832405327668467,SIMULATED,NORMAL
2026-06-17T17:24:23.563852+00:00,DION_001,567839,-0.04464326867531704,SIMULATED,NORMAL
2026-06-17T17:24:23.574330+00:00,DION_001,567840,-0.2099880501294356,SIMULATED,NORMAL
2026-06-17T17:24:23.584724+00:00,DION_001,567841,-0.3335312860108934,SIMULATED,NORMAL
2026-06-17T17:24:23.595226+00:00,DION_001,567842,-0.02712987605865129,SIMULATED,NORMAL
2026-06-17T17:24:23.605739+00:00,DION_001,567843,0.17116518895320043,SIMULATED,NORMAL
2026-06-17T17:24:23.616121+00:00,DION_001,567844,0.14604061499221704,SIMULATED,NORMAL
2026-06-17T17:24:23.626588+00:00,DION_001,567845,-0.18566732753749074,SIMULATED,NORMAL
2026-06-17T17:24:23.637014+00:00,DION_001,567846,-0.10313903307902472,SIMULATED,NORMAL
2026-06-17T17:24:23.647434+00:00,DION_001,567847,-0.038718631861959826,SIMULATED,NORMAL
2026-06-17T17:24:23.657858+00:00,DION_001,567848,-0.16686182984271983,SIMULATED,NORMAL
2026-06-17T17:24:23.668267+00:00,DION_001,567849,-0.3888433743120492,SIMULATED,NORMAL
2026-06-17T17:24:23.678772+00:00,DION_001,567850,-0.3427054260083804,SIMULATED,NORMAL
2026-06-17T17:24:23.689104+00:00,DION_001,567851,-0.046196864324723336,SIMULATED,NORMAL
2026-06-17T17:24:23.699610+00:00,DION_001,567852,-0.2598359332423731,SIMULATED,NORMAL
2026-06-17T17:24:23.710041+00:00,DION_001,567853,-0.3118568628889132,SIMULATED,NORMAL
2026-06-17T17:24:23.720649+00:00,DION_001,567854,-0.3504676555657893,SIMULATED,NORMAL
2026-06-17T17:24:23.731227+00:00,DION_001,567855,-0.2993593914308152,SIMULATED,NORMAL
2026-06-17T17:24:23.741856+00:00,DION_001,567856,-0.15595774728517883,SIMULATED,NORMAL
2026-06-17T17:24:23.752357+00:00,DION_001,567857,-0.37101037920740837,SIMULATED,NORMAL
2026-06-17T17:24:23.762857+00:00,DION_001,567858,-0.21655275105082933,SIMULATED,NORMAL
2026-06-17T17:24:23.773109+00:00,DION_001,567859,-0.18795142174114587,SIMULATED,NORMAL
2026-06-17T17:24:23.783549+00:00,DION_001,567860,-0.6069956287094062,SIMULATED,NORMAL
2026-06-17T17:24:23.793998+00:00,DION_001,567861,-0.3110089965529494,SIMULATED,NORMAL
2026-06-17T17:24:23.804470+00:00,DION_001,567862,-0.4364833602828661,SIMULATED,NORMAL
2026-06-17T17:24:23.815021+00:00,DION_001,567863,-0.14147356136670347,SIMULATED,NORMAL
2026-06-17T17:24:23.825350+00:00,DION_001,567864,-0.38689856928439786,SIMULATED,NORMAL
2026-06-17T17:24:23.835811+00:00,DION_001,567865,-0.06085513177415797,SIMULATED,NORMAL
2026-06-17T17:24:23.846327+00:00,DION_001,567866,-0.4182381324315226,SIMULATED,NORMAL
2026-06-17T17:24:23.856872+00:00,DION_001,567867,-0.5824411764162192,SIMULATED,NORMAL
2026-06-17T17:24:23.867317+00:00,DION_001,567868,-0.44423953986322295,SIMULATED,NORMAL
2026-06-17T17:24:23.877705+00:00,DION_001,567869,-0.42540924143176434,SIMULATED,NORMAL
2026-06-17T17:24:23.888152+00:00,DION_001,567870,-0.3093470985557293,SIMULATED,NORMAL
2026-06-17T17:24:23.898480+00:00,DION_001,567871,-0.6558211448458292,SIMULATED,NORMAL
2026-06-17T17:24:23.908861+00:00,DION_001,567872,-0.36044972686129806,SIMULATED,NORMAL
2026-06-17T17:24:23.919354+00:00,DION_001,567873,-0.5209157247997062,SIMULATED,NORMAL
2026-06-17T17:24:23.929788+00:00,DION_001,567874,-0.3740008009762924,SIMULATED,NORMAL
2026-06-17T17:24:23.940214+00:00,DION_001,567875,-0.2520934887236931,SIMULATED,NORMAL
2026-06-17T17:24:23.950598+00:00,DION_001,567876,-0.5161171595112222,SIMULATED,NORMAL
2026-06-17T17:24:23.960992+00:00,DION_001,567877,-0.6546771081493533,SIMULATED,NORMAL
2026-06-17T17:24:23.971422+00:00,DION_001,567878,-0.3872090183510768,SIMULATED,NORMAL
2026-06-17T17:24:23.981827+00:00,DION_001,567879,-0.5396637195941889,SIMULATED,NORMAL
2026-06-17T17:24:23.992196+00:00,DION_001,567880,-0.24573980374130658,SIMULATED,NORMAL
2026-06-17T17:24:24.002466+00:00,DION_001,567881,-0.3246401897954427,SIMULATED,NORMAL
2026-06-17T17:24:24.012884+00:00,DION_001,567882,-0.34855794548483177,SIMULATED,NORMAL
2026-06-17T17:24:24.023156+00:00,DION_001,567883,-0.5858456232870047,SIMULATED,NORMAL
2026-06-17T17:24:24.033599+00:00,DION_001,567884,-0.022614632643188082,SIMULATED,NORMAL
2026-06-17T17:24:24.044001+00:00,DION_001,567885,-0.20394561955190843,SIMULATED,NORMAL
2026-06-17T17:24:24.054292+00:00,DION_001,567886,-0.1896542397070608,SIMULATED,NORMAL
2026-06-17T17:24:24.064686+00:00,DION_001,567887,-0.08084333825656792,SIMULATED,NORMAL
2026-06-17T17:24:24.075204+00:00,DION_001,567888,0.025967438225142164,SIMULATED,NORMAL
2026-06-17T17:24:24.085566+00:00,DION_001,567889,-0.16140839584713684,SIMULATED,NORMAL
2026-06-17T17:24:24.095848+00:00,DION_001,567890,-0.3848897964492951,SIMULATED,NORMAL
2026-06-17T17:24:24.106191+00:00,DION_001,567891,-0.20128300684707412,SIMULATED,NORMAL
2026-06-17T17:24:24.116727+00:00,DION_001,567892,-0.22671445920947944,SIMULATED,NORMAL
2026-06-17T17:24:24.127194+00:00,DION_001,567893,-0.06115885404465578,SIMULATED,NORMAL
2026-06-17T17:24:24.137541+00:00,DION_001,567894,0.05554911112037955,SIMULATED,NORMAL
2026-06-17T17:24:24.147923+00:00,DION_001,567895,0.08758052879498267,SIMULATED,NORMAL
2026-06-17T17:24:24.158267+00:00,DION_001,567896,0.2818601445284969,SIMULATED,NORMAL
2026-06-17T17:24:24.168688+00:00,DION_001,567897,0.559258507924224,SIMULATED,NORMAL
2026-06-17T17:24:24.179139+00:00,DION_001,567898,0.26502348723550767,SIMULATED,NORMAL
2026-06-17T17:24:24.189602+00:00,DION_001,567899,0.39110614558936646,SIMULATED,NORMAL
2026-06-17T17:24:24.199952+00:00,DION_001,567900,0.23032549857916015,SIMULATED,NORMAL
2026-06-17T17:24:24.210329+00:00,DION_001,567901,0.5723195145503783,SIMULATED,NORMAL
2026-06-17T17:24:24.220792+00:00,DION_001,567902,0.41873732462877106,SIMULATED,NORMAL
2026-06-17T17:24:24.231205+00:00,DION_001,567903,0.6833399318351188,SIMULATED,NORMAL
2026-06-17T17:24:24.241712+00:00,DION_001,567904,0.34924469250113593,SIMULATED,NORMAL
2026-06-17T17:24:24.252086+00:00,DION_001,567905,0.49838346765147223,SIMULATED,NORMAL
2026-06-17T17:24:24.262410+00:00,DION_001,567906,0.6149399984497965,SIMULATED,NORMAL
2026-06-17T17:24:24.272739+00:00,DION_001,567907,0.5582150890509489,SIMULATED,NORMAL
2026-06-17T17:24:24.283264+00:00,DION_001,567908,0.4329879971774486,SIMULATED,NORMAL
2026-06-17T17:24:24.294041+00:00,DION_001,567909,0.4477823189719302,SIMULATED,NORMAL
2026-06-17T17:24:24.304636+00:00,DION_001,567910,0.4164625449315524,SIMULATED,NORMAL
2026-06-17T17:24:24.315194+00:00,DION_001,567911,0.5556095935816595,SIMULATED,NORMAL
2026-06-17T17:24:24.325666+00:00,DION_001,567912,0.735715463322291,SIMULATED,NORMAL
2026-06-17T17:24:24.336148+00:00,DION_001,567913,0.904995278045155,SIMULATED,NORMAL
2026-06-17T17:24:24.346522+00:00,DION_001,567914,0.9587507759975039,SIMULATED,NORMAL
2026-06-17T17:24:24.356902+00:00,DION_001,567915,0.7211966808984861,SIMULATED,NORMAL
2026-06-17T17:24:24.367095+00:00,DION_001,567916,0.8680386690741592,SIMULATED,NORMAL
2026-06-17T17:24:24.377455+00:00,DION_001,567917,1.0905177407100681,SIMULATED,NORMAL
2026-06-17T17:24:24.387814+00:00,DION_001,567918,0.5960409983687747,SIMULATED,NORMAL
2026-06-17T17:24:24.398152+00:00,DION_001,567919,0.6054495005432399,SIMULATED,NORMAL
2026-06-17T17:24:24.408428+00:00,DION_001,567920,0.8827676163943095,SIMULATED,NORMAL
2026-06-17T17:24:24.418882+00:00,DION_001,567921,0.7759693149822906,SIMULATED,NORMAL
2026-06-17T17:24:24.429252+00:00,DION_001,567922,0.8021633799471332,SIMULATED,NORMAL
2026-06-17T17:24:24.439622+00:00,DION_001,567923,0.82285646900739,SIMULATED,NORMAL
2026-06-17T17:24:24.449982+00:00,DION_001,567924,1.0400114228554918,SIMULATED,NORMAL
2026-06-17T17:24:24.460274+00:00,DION_001,567925,0.6348206914336918,SIMULATED,NORMAL
2026-06-17T17:24:24.470751+00:00,DION_001,567926,0.7242382536353897,SIMULATED,NORMAL
2026-06-17T17:24:24.481045+00:00,DION_001,567927,0.8267156950426353,SIMULATED,NORMAL
2026-06-17T17:24:24.491402+00:00,DION_001,567928,0.5954394722202078,SIMULATED,NORMAL
2026-06-17T17:24:24.501813+00:00,DION_001,567929,1.0064759431838417,SIMULATED,NORMAL
2026-06-17T17:24:24.512338+00:00,DION_001,567930,-1.1469290500702085,SIMULATED,NORMAL
2026-06-17T17:24:24.523267+00:00,DION_001,567931,0.996999211243419,SIMULATED,NORMAL
2026-06-17T17:24:24.533597+00:00,DION_001,567932,0.7821451554021283,SIMULATED,NORMAL
2026-06-17T17:24:24.544035+00:00,DION_001,567933,0.5533176010176875,SIMULATED,NORMAL
2026-06-17T17:24:24.554498+00:00,DION_001,567934,1.027890234421462,SIMULATED,NORMAL
2026-06-17T17:24:24.564881+00:00,DION_001,567935,0.631734134179337,SIMULATED,NORMAL
2026-06-17T17:24:24.575289+00:00,DION_001,567936,0.679743301013894,SIMULATED,NORMAL
2026-06-17T17:24:24.585711+00:00,DION_001,567937,0.9106444711407675,SIMULATED,NORMAL
2026-06-17T17:24:24.596038+00:00,DION_001,567938,0.6995340061987518,SIMULATED,NORMAL
2026-06-17T17:24:24.606503+00:00,DION_001,567939,0.4285984916994112,SIMULATED,NORMAL
2026-06-17T17:24:24.616924+00:00,DION_001,567940,0.24246998832210137,SIMULATED,NORMAL
2026-06-17T17:24:24.627516+00:00,DION_001,567941,0.7487770367916324,SIMULATED,NORMAL
2026-06-17T17:24:24.637961+00:00,DION_001,567942,0.5233828950790379,SIMULATED,NORMAL
2026-06-17T17:24:24.648296+00:00,DION_001,567943,0.3704651536577494,SIMULATED,NORMAL
2026-06-17T17:24:24.658660+00:00,DION_001,567944,0.27524554484384445,SIMULATED,NORMAL
2026-06-17T17:24:24.668972+00:00,DION_001,567945,0.34200730965743054,SIMULATED,NORMAL
2026-06-17T17:24:24.679313+00:00,DION_001,567946,0.3249378499445474,SIMULATED,NORMAL
2026-06-17T17:24:24.689782+00:00,DION_001,567947,0.2897991916450834,SIMULATED,NORMAL
2026-06-17T17:24:24.700249+00:00,DION_001,567948,0.21937713801899864,SIMULATED,NORMAL
2026-06-17T17:24:24.710723+00:00,DION_001,567949,0.4325181855296524,SIMULATED,NORMAL
2026-06-17T17:24:24.721187+00:00,DION_001,567950,0.40914748289278075,SIMULATED,NORMAL
2026-06-17T17:24:24.731663+00:00,DION_001,567951,0.5026674033688159,SIMULATED,NORMAL
2026-06-17T17:24:24.742148+00:00,DION_001,567952,0.5588907540033019,SIMULATED,NORMAL
2026-06-17T17:24:24.752683+00:00,DION_001,567953,0.24822132970103492,SIMULATED,NORMAL
2026-06-17T17:24:24.763209+00:00,DION_001,567954,0.17948684161853756,SIMULATED,NORMAL
2026-06-17T17:24:24.773755+00:00,DION_001,567955,0.3959663125055393,SIMULATED,NORMAL
2026-06-17T17:24:24.784102+00:00,DION_001,567956,0.3020835841973161,SIMULATED,NORMAL
2026-06-17T17:24:24.794433+00:00,DION_001,567957,0.39990676497230576,SIMULATED,NORMAL
2026-06-17T17:24:24.804782+00:00,DION_001,567958,0.2860957111660196,SIMULATED,NORMAL
2026-06-17T17:24:24.815285+00:00,DION_001,567959,0.47229422265569687,SIMULATED,NORMAL
2026-06-17T17:24:24.825738+00:00,DION_001,567960,0.2758086931337654,SIMULATED,NORMAL
2026-06-17T17:24:24.836069+00:00,DION_001,567961,0.5518947158921841,SIMULATED,NORMAL
2026-06-17T17:24:24.846609+00:00,DION_001,567962,0.30753354582838066,SIMULATED,NORMAL
2026-06-17T17:24:24.857207+00:00,DION_001,567963,0.28411281904515584,SIMULATED,NORMAL
2026-06-17T17:24:24.867811+00:00,DION_001,567964,0.5567982796959879,SIMULATED,NORMAL
2026-06-17T17:24:24.878235+00:00,DION_001,567965,0.24677744576205835,SIMULATED,NORMAL
2026-06-17T17:24:24.888699+00:00,DION_001,567966,0.290515777682383,SIMULATED,NORMAL
2026-06-17T17:24:24.899131+00:00,DION_001,567967,0.6793655096357281,SIMULATED,NORMAL
2026-06-17T17:24:24.909631+00:00,DION_001,567968,0.2700612896327768,SIMULATED,NORMAL
2026-06-17T17:24:24.920260+00:00,DION_001,567969,0.5829634866124194,SIMULATED,NORMAL
2026-06-17T17:24:24.930719+00:00,DION_001,567970,0.6430984330771761,SIMULATED,NORMAL
2026-06-17T17:24:24.941194+00:00,DION_001,567971,0.7054901864639871,SIMULATED,NORMAL
2026-06-17T17:24:24.951685+00:00,DION_001,567972,0.7387719912469752,SIMULATED,NORMAL
2026-06-17T17:24:24.962147+00:00,DION_001,567973,0.7250250841621119,SIMULATED,NORMAL
2026-06-17T17:24:24.972622+00:00,DION_001,567974,0.6162154507753927,SIMULATED,NORMAL
2026-06-17T17:24:24.983192+00:00,DION_001,567975,0.4931026744574306,SIMULATED,NORMAL
2026-06-17T17:24:24.993583+00:00,DION_001,567976,0.8429722078932741,SIMULATED,NORMAL
2026-06-17T17:24:25.003980+00:00,DION_001,567977,0.7400944950777913,SIMULATED,NORMAL
2026-06-17T17:24:25.014438+00:00,DION_001,567978,0.9940746669903938,SIMULATED,NORMAL
2026-06-17T17:24:25.024791+00:00,DION_001,567979,0.8424991932895513,SIMULATED,NORMAL
2026-06-17T17:24:25.035145+00:00,DION_001,567980,0.8731868919605523,SIMULATED,NORMAL
2026-06-17T17:24:25.045596+00:00,DION_001,567981,1.149211682710687,SIMULATED,NORMAL
2026-06-17T17:24:25.056062+00:00,DION_001,567982,1.0493168536081183,SIMULATED,NORMAL
2026-06-17T17:24:25.066431+00:00,DION_001,567983,1.0761430264878853,SIMULATED,NORMAL
2026-06-17T17:24:25.076823+00:00,DION_001,567984,1.027209929294149,SIMULATED,NORMAL
2026-06-17T17:24:25.087336+00:00,DION_001,567985,0.7694144767169121,SIMULATED,NORMAL
2026-06-17T17:24:25.097856+00:00,DION_001,567986,1.178817782576994,SIMULATED,NORMAL
2026-06-17T17:24:25.108372+00:00,DION_001,567987,1.0266879156399948,SIMULATED,NORMAL
2026-06-17T17:24:25.119018+00:00,DION_001,567988,1.0135265873249153,SIMULATED,NORMAL
2026-06-17T17:24:25.129416+00:00,DION_001,567989,1.132077440913286,SIMULATED,NORMAL
2026-06-17T17:24:25.139911+00:00,DION_001,567990,1.1391014214559536,SIMULATED,NORMAL
2026-06-17T17:24:25.150400+00:00,DION_001,567991,0.9767361385384197,SIMULATED,NORMAL
2026-06-17T17:24:25.160803+00:00,DION_001,567992,1.0295238574890648,SIMULATED,NORMAL
2026-06-17T17:24:25.171279+00:00,DION_001,567993,1.13866429906757,SIMULATED,NORMAL
2026-06-17T17:24:25.181761+00:00,DION_001,567994,1.1709089068300718,SIMULATED,NORMAL
2026-06-17T17:24:25.192189+00:00,DION_001,567995,1.1871288912103959,SIMULATED,NORMAL
2026-06-17T17:24:25.202676+00:00,DION_001,567996,1.3470801151824132,SIMULATED,NORMAL
2026-06-17T17:24:25.213183+00:00,DION_001,567997,1.2331624554408402,SIMULATED,NORMAL
2026-06-17T17:24:25.223726+00:00,DION_001,567998,1.11462382473248,SIMULATED,NORMAL
2026-06-17T17:24:25.234295+00:00,DION_001,567999,0.8956731194078276,SIMULATED,NORMAL
2026-06-17T17:24:25.244862+00:00,DION_001,568000,0.9853782182693386,SIMULATED,NORMAL
2026-06-17T17:24:25.255431+00:00,DION_001,568001,0.938086143268138,SIMULATED,NORMAL
2026-06-17T17:24:25.265956+00:00,DION_001,568002,1.1856778944729274,SIMULATED,NORMAL
2026-06-17T17:24:25.276480+00:00,DION_001,568003,1.197520239044803,SIMULATED,NORMAL
2026-06-17T17:24:25.287095+00:00,DION_001,568004,1.143834741274298,SIMULATED,NORMAL
2026-06-17T17:24:25.297646+00:00,DION_001,568005,1.1419097664674398,SIMULATED,NORMAL
2026-06-17T17:24:25.308118+00:00,DION_001,568006,0.9979672750411432,SIMULATED,NORMAL
2026-06-17T17:24:25.318641+00:00,DION_001,568007,1.0070267310277292,SIMULATED,NORMAL
2026-06-17T17:24:25.329107+00:00,DION_001,568008,0.9459131460828557,SIMULATED,NORMAL
2026-06-17T17:24:25.339699+00:00,DION_001,568009,0.718485695404865,SIMULATED,NORMAL
2026-06-17T17:24:25.350210+00:00,DION_001,568010,0.78479036613151,SIMULATED,NORMAL
2026-06-17T17:24:25.360675+00:00,DION_001,568011,0.9368872161203254,SIMULATED,NORMAL
2026-06-17T17:24:25.371114+00:00,DION_001,568012,0.7847609648850132,SIMULATED,NORMAL
2026-06-17T17:24:25.381639+00:00,DION_001,568013,0.6073083876814342,SIMULATED,NORMAL
2026-06-17T17:24:25.392085+00:00,DION_001,568014,0.7235724841796676,SIMULATED,NORMAL
2026-06-17T17:24:25.402598+00:00,DION_001,568015,0.6681992754967951,SIMULATED,NORMAL
2026-06-17T17:24:25.412967+00:00,DION_001,568016,0.729820373299261,SIMULATED,NORMAL
2026-06-17T17:24:25.423333+00:00,DION_001,568017,0.7354091603326638,SIMULATED,NORMAL
2026-06-17T17:24:25.433607+00:00,DION_001,568018,0.4745195438535827,SIMULATED,NORMAL
2026-06-17T17:24:25.443812+00:00,DION_001,568019,0.4309619656944307,SIMULATED,NORMAL
2026-06-17T17:24:25.454038+00:00,DION_001,568020,0.39531631833044245,SIMULATED,NORMAL
2026-06-17T17:24:25.464351+00:00,DION_001,568021,0.48482429000358307,SIMULATED,NORMAL
2026-06-17T17:24:25.474485+00:00,DION_001,568022,0.22309450628826502,SIMULATED,NORMAL
2026-06-17T17:24:25.484808+00:00,DION_001,568023,0.3089699874696351,SIMULATED,NORMAL
2026-06-17T17:24:25.495240+00:00,DION_001,568024,0.2447093518453275,SIMULATED,NORMAL
2026-06-17T17:24:25.505705+00:00,DION_001,568025,0.46399386958755584,SIMULATED,NORMAL
2026-06-17T17:24:25.516072+00:00,DION_001,568026,0.3805268041863058,SIMULATED,NORMAL
2026-06-17T17:24:25.526438+00:00,DION_001,568027,0.008835476773192769,SIMULATED,NORMAL
2026-06-17T17:24:25.536974+00:00,DION_001,568028,0.1793404796470768,SIMULATED,NORMAL
2026-06-17T17:24:25.547417+00:00,DION_001,568029,0.14777030008132191,SIMULATED,NORMAL
2026-06-17T17:24:25.557784+00:00,DION_001,568030,0.25011807018448856,SIMULATED,NORMAL
2026-06-17T17:24:25.568360+00:00,DION_001,568031,0.1610471684409503,SIMULATED,NORMAL
2026-06-17T17:24:25.578917+00:00,DION_001,568032,0.10474224883046884,SIMULATED,NORMAL
2026-06-17T17:24:25.589448+00:00,DION_001,568033,-0.04539259607258744,SIMULATED,NORMAL
2026-06-17T17:24:25.599808+00:00,DION_001,568034,0.12398494308784222,SIMULATED,NORMAL
2026-06-17T17:24:25.610165+00:00,DION_001,568035,-0.19657655553764092,SIMULATED,NORMAL
2026-06-17T17:24:25.620490+00:00,DION_001,568036,-0.18501705760440473,SIMULATED,NORMAL
2026-06-17T17:24:25.630979+00:00,DION_001,568037,-0.09750856796546592,SIMULATED,NORMAL
2026-06-17T17:24:25.641390+00:00,DION_001,568038,-0.13331596093422185,SIMULATED,NORMAL
2026-06-17T17:24:25.651827+00:00,DION_001,568039,0.2530722966173422,SIMULATED,NORMAL
2026-06-17T17:24:25.662308+00:00,DION_001,568040,0.2795653921368999,SIMULATED,NORMAL
2026-06-17T17:24:25.672725+00:00,DION_001,568041,-0.08549102541778117,SIMULATED,NORMAL
2026-06-17T17:24:25.683210+00:00,DION_001,568042,0.02814297090611529,SIMULATED,NORMAL
2026-06-17T17:24:25.693555+00:00,DION_001,568043,-0.1589526513395788,SIMULATED,NORMAL
2026-06-17T17:24:25.703947+00:00,DION_001,568044,-0.06978263725167251,SIMULATED,NORMAL
2026-06-17T17:24:25.714282+00:00,DION_001,568045,0.07783323174115257,SIMULATED,NORMAL
2026-06-17T17:24:25.724712+00:00,DION_001,568046,-0.08412687438982497,SIMULATED,NORMAL
2026-06-17T17:24:25.735199+00:00,DION_001,568047,0.018727727485454308,SIMULATED,NORMAL
2026-06-17T17:24:25.745590+00:00,DION_001,568048,0.28333559850865475,SIMULATED,NORMAL
2026-06-17T17:24:25.755987+00:00,DION_001,568049,-0.01602644726746369,SIMULATED,NORMAL
2026-06-17T17:24:25.766354+00:00,DION_001,568050,-0.07632866751271516,SIMULATED,NORMAL
2026-06-17T17:24:25.776840+00:00,DION_001,568051,0.019148071286901866,SIMULATED,NORMAL
2026-06-17T17:24:25.787393+00:00,DION_001,568052,0.006513104727401353,SIMULATED,NORMAL
2026-06-17T17:24:25.797994+00:00,DION_001,568053,0.24913020743146858,SIMULATED,NORMAL
2026-06-17T17:24:25.808515+00:00,DION_001,568054,0.12723196586452423,SIMULATED,NORMAL
2026-06-17T17:24:25.819149+00:00,DION_001,568055,-0.04423639306645277,SIMULATED,NORMAL
2026-06-17T17:24:25.829636+00:00,DION_001,568056,0.11449295452021425,SIMULATED,NORMAL
2026-06-17T17:24:25.840230+00:00,DION_001,568057,0.024331676437106653,SIMULATED,NORMAL
2026-06-17T17:24:25.850805+00:00,DION_001,568058,0.15472380908863548,SIMULATED,NORMAL
2026-06-17T17:24:25.861376+00:00,DION_001,568059,0.19527637963160227,SIMULATED,NORMAL
2026-06-17T17:24:25.871944+00:00,DION_001,568060,0.4173617481592498,SIMULATED,NORMAL
2026-06-17T17:24:25.882451+00:00,DION_001,568061,0.0630074473941471,SIMULATED,NORMAL
2026-06-17T17:24:25.892885+00:00,DION_001,568062,0.1491009641361774,SIMULATED,NORMAL
2026-06-17T17:24:25.903295+00:00,DION_001,568063,0.5645964262156153,SIMULATED,NORMAL
2026-06-17T17:24:25.913690+00:00,DION_001,568064,0.36856712771730676,SIMULATED,NORMAL
2026-06-17T17:24:25.924171+00:00,DION_001,568065,0.4906429149571967,SIMULATED,NORMAL
2026-06-17T17:24:25.934625+00:00,DION_001,568066,0.33592506178780895,SIMULATED,NORMAL
2026-06-17T17:24:25.945108+00:00,DION_001,568067,0.1617973170745829,SIMULATED,NORMAL
2026-06-17T17:24:25.955657+00:00,DION_001,568068,0.45657226261348155,SIMULATED,NORMAL
2026-06-17T17:24:25.966125+00:00,DION_001,568069,0.4242169826762584,SIMULATED,NORMAL
2026-06-17T17:24:25.976698+00:00,DION_001,568070,0.399507157394022,SIMULATED,NORMAL
2026-06-17T17:24:25.987166+00:00,DION_001,568071,0.43371188751989714,SIMULATED,NORMAL
2026-06-17T17:24:25.997667+00:00,DION_001,568072,0.5894469981393626,SIMULATED,NORMAL
2026-06-17T17:24:26.008154+00:00,DION_001,568073,0.2808018120935462,SIMULATED,NORMAL
2026-06-17T17:24:26.018647+00:00,DION_001,568074,0.5233212372141695,SIMULATED,NORMAL
2026-06-17T17:24:26.029153+00:00,DION_001,568075,0.28988136866801506,SIMULATED,NORMAL
2026-06-17T17:24:26.039690+00:00,DION_001,568076,0.3310276786043452,SIMULATED,NORMAL
2026-06-17T17:24:26.050076+00:00,DION_001,568077,0.27402444636458595,SIMULATED,NORMAL
2026-06-17T17:24:26.060473+00:00,DION_001,568078,0.411598747261048,SIMULATED,NORMAL
2026-06-17T17:24:26.071184+00:00,DION_001,568079,0.003122781333992908,SIMULATED,NORMAL
2026-06-17T17:24:26.081682+00:00,DION_001,568080,0.44471030304194337,SIMULATED,NORMAL
2026-06-17T17:24:26.092143+00:00,DION_001,568081,0.40939113345714073,SIMULATED,NORMAL
2026-06-17T17:24:26.102748+00:00,DION_001,568082,0.37611145380202005,SIMULATED,NORMAL
2026-06-17T17:24:26.113120+00:00,DION_001,568083,0.14326889562995573,SIMULATED,NORMAL
2026-06-17T17:24:26.123669+00:00,DION_001,568084,0.10801438123917945,SIMULATED,NORMAL
2026-06-17T17:24:26.133979+00:00,DION_001,568085,0.15899826724970365,SIMULATED,NORMAL
2026-06-17T17:24:26.144376+00:00,DION_001,568086,-0.014948070399297436,SIMULATED,NORMAL
2026-06-17T17:24:26.154964+00:00,DION_001,568087,-0.03817754179860572,SIMULATED,NORMAL
2026-06-17T17:24:26.165417+00:00,DION_001,568088,-0.0151338600903222,SIMULATED,NORMAL
2026-06-17T17:24:26.175897+00:00,DION_001,568089,-0.24173716807904186,SIMULATED,NORMAL
2026-06-17T17:24:26.186432+00:00,DION_001,568090,-0.034867620381536714,SIMULATED,NORMAL
2026-06-17T17:24:26.197038+00:00,DION_001,568091,0.008580045101954023,SIMULATED,NORMAL
2026-06-17T17:24:26.207645+00:00,DION_001,568092,-0.3877821644070778,SIMULATED,NORMAL
2026-06-17T17:24:26.218183+00:00,DION_001,568093,-0.026292909209450044,SIMULATED,NORMAL
2026-06-17T17:24:26.228668+00:00,DION_001,568094,-0.1960102231177733,SIMULATED,NORMAL
2026-06-17T17:24:26.239038+00:00,DION_001,568095,-0.2652540339560181,SIMULATED,NORMAL
2026-06-17T17:24:26.249441+00:00,DION_001,568096,-0.05966145371877768,SIMULATED,NORMAL
2026-06-17T17:24:26.259859+00:00,DION_001,568097,-0.2874061416274441,SIMULATED,NORMAL
2026-06-17T17:24:26.270414+00:00,DION_001,568098,-0.4819415633325588,SIMULATED,NORMAL
2026-06-17T17:24:26.280874+00:00,DION_001,568099,-0.22884980723837733,SIMULATED,NORMAL
2026-06-17T17:24:26.291490+00:00,DION_001,568100,-0.34101338589181485,SIMULATED,NORMAL
2026-06-17T17:24:26.302000+00:00,DION_001,568101,-0.44344696117624727,SIMULATED,NORMAL
2026-06-17T17:24:26.312512+00:00,DION_001,568102,-0.3294589210645605,SIMULATED,NORMAL
2026-06-17T17:24:26.323066+00:00,DION_001,568103,-0.4381472021999017,SIMULATED,NORMAL
2026-06-17T17:24:26.333619+00:00,DION_001,568104,-0.7503245282035079,SIMULATED,NORMAL
2026-06-17T17:24:26.344069+00:00,DION_001,568105,-0.769373129806758,SIMULATED,NORMAL
2026-06-17T17:24:26.354511+00:00,DION_001,568106,-0.5929593875350314,SIMULATED,NORMAL
2026-06-17T17:24:26.365001+00:00,DION_001,568107,-0.7422880054675707,SIMULATED,NORMAL
2026-06-17T17:24:26.375763+00:00,DION_001,568108,-1.0689712127148154,SIMULATED,NORMAL
2026-06-17T17:24:26.386308+00:00,DION_001,568109,-1.1175156794252437,SIMULATED,NORMAL
2026-06-17T17:24:26.396815+00:00,DION_001,568110,-0.9155743814797381,SIMULATED,NORMAL
2026-06-17T17:24:26.407485+00:00,DION_001,568111,-0.678095648642161,SIMULATED,NORMAL
2026-06-17T17:24:26.418078+00:00,DION_001,568112,-0.9598855888831597,SIMULATED,NORMAL
2026-06-17T17:24:26.428651+00:00,DION_001,568113,-1.0195912563631817,SIMULATED,NORMAL
2026-06-17T17:24:26.439078+00:00,DION_001,568114,-0.8002437872342943,SIMULATED,NORMAL
2026-06-17T17:24:26.449700+00:00,DION_001,568115,-0.8927561154807229,SIMULATED,NORMAL
2026-06-17T17:24:26.460266+00:00,DION_001,568116,-1.0752193918487003,SIMULATED,NORMAL
2026-06-17T17:24:26.470788+00:00,DION_001,568117,-0.9306799826992282,SIMULATED,NORMAL
2026-06-17T17:24:26.481263+00:00,DION_001,568118,-0.763780384869378,SIMULATED,NORMAL
2026-06-17T17:24:26.491598+00:00,DION_001,568119,-0.9742545873288131,SIMULATED,NORMAL
2026-06-17T17:24:26.501893+00:00,DION_001,568120,-1.1104568155030545,SIMULATED,NORMAL
2026-06-17T17:24:26.512292+00:00,DION_001,568121,-0.912021961464037,SIMULATED,NORMAL
2026-06-17T17:24:26.522576+00:00,DION_001,568122,-0.7330019476175487,SIMULATED,NORMAL
2026-06-17T17:24:26.532889+00:00,DION_001,568123,-0.984246409929198,SIMULATED,NORMAL
2026-06-17T17:24:26.543214+00:00,DION_001,568124,-0.7254820679945991,SIMULATED,NORMAL
2026-06-17T17:24:26.553543+00:00,DION_001,568125,-1.2165027414703389,SIMULATED,NORMAL
2026-06-17T17:24:26.563989+00:00,DION_001,568126,-0.8268604864320096,SIMULATED,NORMAL
2026-06-17T17:24:26.574620+00:00,DION_001,568127,-0.7972798557825955,SIMULATED,NORMAL
2026-06-17T17:24:26.585290+00:00,DION_001,568128,-0.7526489355558177,SIMULATED,NORMAL
2026-06-17T17:24:26.595802+00:00,DION_001,568129,-0.9775142898407418,SIMULATED,NORMAL
2026-06-17T17:24:26.606368+00:00,DION_001,568130,-0.9099202927688553,SIMULATED,NORMAL
2026-06-17T17:24:26.616821+00:00,DION_001,568131,-0.8026020921551328,SIMULATED,NORMAL
2026-06-17T17:24:26.627205+00:00,DION_001,568132,-0.7717768372359306,SIMULATED,NORMAL
2026-06-17T17:24:26.637792+00:00,DION_001,568133,-0.779785057653572,SIMULATED,NORMAL
2026-06-17T17:24:26.648344+00:00,DION_001,568134,-0.6039809487264511,SIMULATED,NORMAL
2026-06-17T17:24:26.658962+00:00,DION_001,568135,-0.743852985901068,SIMULATED,NORMAL
2026-06-17T17:24:26.669513+00:00,DION_001,568136,-0.7251913067096838,SIMULATED,NORMAL
2026-06-17T17:24:26.680013+00:00,DION_001,568137,-0.5189845921486937,SIMULATED,NORMAL
2026-06-17T17:24:26.690371+00:00,DION_001,568138,-0.6556015582158367,SIMULATED,NORMAL
2026-06-17T17:24:26.700879+00:00,DION_001,568139,-0.8634244546743408,SIMULATED,NORMAL
2026-06-17T17:24:26.711362+00:00,DION_001,568140,-0.548615021701903,SIMULATED,NORMAL
2026-06-17T17:24:26.721872+00:00,DION_001,568141,-0.6082694365920442,SIMULATED,NORMAL
2026-06-17T17:24:26.732373+00:00,DION_001,568142,-0.4448151156676165,SIMULATED,NORMAL
2026-06-17T17:24:26.743074+00:00,DION_001,568143,-0.33939393776918303,SIMULATED,NORMAL
2026-06-17T17:24:26.753520+00:00,DION_001,568144,-0.3156040250301719,SIMULATED,NORMAL
2026-06-17T17:24:26.763958+00:00,DION_001,568145,-0.5307092258678162,SIMULATED,NORMAL
2026-06-17T17:24:26.774363+00:00,DION_001,568146,-0.33346193454510253,SIMULATED,NORMAL
2026-06-17T17:24:26.784729+00:00,DION_001,568147,-0.2765425872457035,SIMULATED,NORMAL
2026-06-17T17:24:26.795138+00:00,DION_001,568148,-0.28040139785639473,SIMULATED,NORMAL
2026-06-17T17:24:26.805523+00:00,DION_001,568149,-0.2507449119799334,SIMULATED,NORMAL
2026-06-17T17:24:26.815956+00:00,DION_001,568150,-0.22447998503669975,SIMULATED,NORMAL
2026-06-17T17:24:26.826438+00:00,DION_001,568151,-0.2240917080374724,SIMULATED,NORMAL
2026-06-17T17:24:26.836858+00:00,DION_001,568152,-0.19857034663995973,SIMULATED,NORMAL
2026-06-17T17:24:26.847343+00:00,DION_001,568153,-0.3647517801523783,SIMULATED,NORMAL
2026-06-17T17:24:26.857793+00:00,DION_001,568154,-0.32100273908670285,SIMULATED,NORMAL
2026-06-17T17:24:26.868115+00:00,DION_001,568155,-0.1490921825523731,SIMULATED,NORMAL
2026-06-17T17:24:26.878474+00:00,DION_001,568156,-0.40960831211886656,SIMULATED,NORMAL
2026-06-17T17:24:26.888816+00:00,DION_001,568157,-0.38428151197878246,SIMULATED,NORMAL
2026-06-17T17:24:26.899224+00:00,DION_001,568158,-0.4279936144586133,SIMULATED,NORMAL
2026-06-17T17:24:26.909543+00:00,DION_001,568159,-0.29713916547471747,SIMULATED,NORMAL
2026-06-17T17:24:26.919856+00:00,DION_001,568160,-0.49754973865339114,SIMULATED,NORMAL
2026-06-17T17:24:26.930182+00:00,DION_001,568161,-2.508947496091203,SIMULATED,EVENT_DETECTED
2026-06-17T17:24:26.941087+00:00,DION_001,568162,-0.5414619825029389,SIMULATED,NORMAL
2026-06-17T17:24:26.951465+00:00,DION_001,568163,-0.35830804210446865,SIMULATED,NORMAL
2026-06-17T17:24:26.961940+00:00,DION_001,568164,-0.5256747575557089,SIMULATED,NORMAL
2026-06-17T17:24:26.972324+00:00,DION_001,568165,-0.26406231083132925,SIMULATED,NORMAL
2026-06-17T17:24:26.982830+00:00,DION_001,568166,-0.1305817653492432,SIMULATED,NORMAL
2026-06-17T17:24:26.993249+00:00,DION_001,568167,-0.8408999826160208,SIMULATED,NORMAL
2026-06-17T17:24:27.003796+00:00,DION_001,568168,-0.6449973982579902,SIMULATED,NORMAL
2026-06-17T17:24:27.014248+00:00,DION_001,568169,-0.4677808113634571,SIMULATED,NORMAL
2026-06-17T17:24:27.024718+00:00,DION_001,568170,-0.5399944686534456,SIMULATED,NORMAL
2026-06-17T17:24:27.035143+00:00,DION_001,568171,-0.7547615879118167,SIMULATED,NORMAL
2026-06-17T17:24:27.045600+00:00,DION_001,568172,-0.6199586533152477,SIMULATED,NORMAL
2026-06-17T17:24:27.056156+00:00,DION_001,568173,-0.6361666721640593,SIMULATED,NORMAL
2026-06-17T17:24:27.066579+00:00,DION_001,568174,-0.7092536321946273,SIMULATED,NORMAL
2026-06-17T17:24:27.077052+00:00,DION_001,568175,-0.5127365782343368,SIMULATED,NORMAL
2026-06-17T17:24:27.087453+00:00,DION_001,568176,-0.7400103205033013,SIMULATED,NORMAL
2026-06-17T17:24:27.097912+00:00,DION_001,568177,-0.6016482583590277,SIMULATED,NORMAL
2026-06-17T17:24:27.108268+00:00,DION_001,568178,-0.7402695606325894,SIMULATED,NORMAL
2026-06-17T17:24:27.118601+00:00,DION_001,568179,-0.7970370724950921,SIMULATED,NORMAL
2026-06-17T17:24:27.128922+00:00,DION_001,568180,-1.1722747577007424,SIMULATED,NORMAL
2026-06-17T17:24:27.139385+00:00,DION_001,568181,-1.1638059885175545,SIMULATED,NORMAL
2026-06-17T17:24:27.149829+00:00,DION_001,568182,-0.9897936166404862,SIMULATED,NORMAL
2026-06-17T17:24:27.160233+00:00,DION_001,568183,-0.9348712116717853,SIMULATED,NORMAL
2026-06-17T17:24:27.170772+00:00,DION_001,568184,-1.0012863191014396,SIMULATED,NORMAL
2026-06-17T17:24:27.181258+00:00,DION_001,568185,-1.1468174029053133,SIMULATED,NORMAL
2026-06-17T17:24:27.191748+00:00,DION_001,568186,-0.9326723182376458,SIMULATED,NORMAL
2026-06-17T17:24:27.202169+00:00,DION_001,568187,-1.1328918681774716,SIMULATED,NORMAL
2026-06-17T17:24:27.212581+00:00,DION_001,568188,-1.1611964470738683,SIMULATED,NORMAL
2026-06-17T17:24:27.222935+00:00,DION_001,568189,-0.7567423487822904,SIMULATED,NORMAL
2026-06-17T17:24:27.233283+00:00,DION_001,568190,-0.9836798547198095,SIMULATED,NORMAL
2026-06-17T17:24:27.243631+00:00,DION_001,568191,-1.3675072522449492,SIMULATED,NORMAL
2026-06-17T17:24:27.253917+00:00,DION_001,568192,-1.1905341135696887,SIMULATED,NORMAL
2026-06-17T17:24:27.264243+00:00,DION_001,568193,-1.10419464460875,SIMULATED,NORMAL
2026-06-17T17:24:27.274667+00:00,DION_001,568194,-1.1242348205873456,SIMULATED,NORMAL
2026-06-17T17:24:27.284951+00:00,DION_001,568195,-1.1483353013486837,SIMULATED,NORMAL
2026-06-17T17:24:27.295323+00:00,DION_001,568196,-1.0835939592050008,SIMULATED,NORMAL
2026-06-17T17:24:27.305631+00:00,DION_001,568197,-0.9091313178021081,SIMULATED,NORMAL
2026-06-17T17:24:27.315937+00:00,DION_001,568198,-1.3609937628701112,SIMULATED,NORMAL
2026-06-17T17:24:27.326271+00:00,DION_001,568199,-1.0886155394256913,SIMULATED,NORMAL
2026-06-17T17:24:27.336734+00:00,DION_001,568200,-1.0096750471227418,SIMULATED,NORMAL
2026-06-17T17:24:27.347171+00:00,DION_001,568201,-1.0971935749175397,SIMULATED,NORMAL
2026-06-17T17:24:27.357744+00:00,DION_001,568202,-0.9997758008362476,SIMULATED,NORMAL
2026-06-17T17:24:27.368233+00:00,DION_001,568203,-1.0043640854372196,SIMULATED,NORMAL
2026-06-17T17:24:27.378647+00:00,DION_001,568204,-1.0290233837828975,SIMULATED,NORMAL
2026-06-17T17:24:27.389166+00:00,DION_001,568205,-0.9471005547478311,SIMULATED,NORMAL
2026-06-17T17:24:27.399582+00:00,DION_001,568206,-0.9565432830206819,SIMULATED,NORMAL
2026-06-17T17:24:27.409985+00:00,DION_001,568207,-0.47462501802704854,SIMULATED,NORMAL
2026-06-17T17:24:27.420380+00:00,DION_001,568208,-0.9506645475165982,SIMULATED,NORMAL
2026-06-17T17:24:27.430780+00:00,DION_001,568209,-0.9157209049033138,SIMULATED,NORMAL
2026-06-17T17:24:27.441171+00:00,DION_001,568210,-0.6231823488085403,SIMULATED,NORMAL
2026-06-17T17:24:27.451621+00:00,DION_001,568211,-0.4576035935192253,SIMULATED,NORMAL
2026-06-17T17:24:27.461913+00:00,DION_001,568212,-0.9660965640512345,SIMULATED,NORMAL
2026-06-17T17:24:27.472471+00:00,DION_001,568213,-0.8150873833340391,SIMULATED,NORMAL
2026-06-17T17:24:27.482989+00:00,DION_001,568214,-0.6939175900234419,SIMULATED,NORMAL
2026-06-17T17:24:27.493355+00:00,DION_001,568215,-0.9130166945452056,SIMULATED,NORMAL
2026-06-17T17:24:27.503721+00:00,DION_001,568216,-0.6679679176475408,SIMULATED,NORMAL
2026-06-17T17:24:27.514274+00:00,DION_001,568217,-0.47735611608130274,SIMULATED,NORMAL
2026-06-17T17:24:27.524769+00:00,DION_001,568218,-0.28977725065851223,SIMULATED,NORMAL
2026-06-17T17:24:27.535160+00:00,DION_001,568219,-0.663353764396748,SIMULATED,NORMAL
2026-06-17T17:24:27.545634+00:00,DION_001,568220,-0.037964391337397485,SIMULATED,NORMAL
2026-06-17T17:24:27.555980+00:00,DION_001,568221,-0.35851348146402684,SIMULATED,NORMAL
2026-06-17T17:24:27.566298+00:00,DION_001,568222,-0.1614024229734495,SIMULATED,NORMAL
2026-06-17T17:24:27.576691+00:00,DION_001,568223,-0.18824183764388974,SIMULATED,NORMAL
2026-06-17T17:24:27.587051+00:00,DION_001,568224,-0.1910968571366111,SIMULATED,NORMAL
2026-06-17T17:24:27.597421+00:00,DION_001,568225,-0.2745137025830302,SIMULATED,NORMAL
2026-06-17T17:24:27.607728+00:00,DION_001,568226,-0.26652916794004516,SIMULATED,NORMAL
2026-06-17T17:24:27.618006+00:00,DION_001,568227,-0.3369698394266616,SIMULATED,NORMAL
2026-06-17T17:24:27.628216+00:00,DION_001,568228,0.16950968071235867,SIMULATED,NORMAL
2026-06-17T17:24:27.638444+00:00,DION_001,568229,0.04184108812509971,SIMULATED,NORMAL
2026-06-17T17:24:27.648662+00:00,DION_001,568230,-0.08955995209084085,SIMULATED,NORMAL
2026-06-17T17:24:27.658916+00:00,DION_001,568231,-0.22237633396122086,SIMULATED,NORMAL
2026-06-17T17:24:27.669222+00:00,DION_001,568232,-0.012393853802654734,SIMULATED,NORMAL
2026-06-17T17:24:27.679578+00:00,DION_001,568233,-0.0513933496697925,SIMULATED,NORMAL
2026-06-17T17:24:27.689774+00:00,DION_001,568234,-0.029924050939790718,SIMULATED,NORMAL
2026-06-17T17:24:27.700126+00:00,DION_001,568235,0.26718714334091903,SIMULATED,NORMAL
2026-06-17T17:24:27.710454+00:00,DION_001,568236,0.39317518550067737,SIMULATED,NORMAL
2026-06-17T17:24:27.720740+00:00,DION_001,568237,0.08861284861537452,SIMULATED,NORMAL
2026-06-17T17:24:27.731094+00:00,DION_001,568238,-2.2551864900678122,SIMULATED,EVENT_DETECTED
2026-06-17T17:24:27.741600+00:00,DION_001,568239,0.015026022984064594,SIMULATED,NORMAL
2026-06-17T17:24:27.751963+00:00,DION_001,568240,0.16265249170812102,SIMULATED,NORMAL
2026-06-17T17:24:27.762173+00:00,DION_001,568241,-0.06048019659334308,SIMULATED,NORMAL
2026-06-17T17:24:27.772347+00:00,DION_001,568242,0.22724090982618783,SIMULATED,NORMAL
2026-06-17T17:24:27.782597+00:00,DION_001,568243,0.0474452768669566,SIMULATED,NORMAL
2026-06-17T17:24:27.792864+00:00,DION_001,568244,-0.06615272221158894,SIMULATED,NORMAL
2026-06-17T17:24:27.803134+00:00,DION_001,568245,-0.1275253027126849,SIMULATED,NORMAL
2026-06-17T17:24:27.813375+00:00,DION_001,568246,0.15375435842248336,SIMULATED,NORMAL
2026-06-17T17:24:27.823936+00:00,DION_001,568247,-0.09726594813545092,SIMULATED,NORMAL
2026-06-17T17:24:27.834381+00:00,DION_001,568248,0.006049484155096815,SIMULATED,NORMAL
2026-06-17T17:24:27.844796+00:00,DION_001,568249,-0.053060283848528775,SIMULATED,NORMAL
2026-06-17T17:24:27.855159+00:00,DION_001,568250,-0.10069903897897567,SIMULATED,NORMAL
2026-06-17T17:24:27.865748+00:00,DION_001,568251,-0.03469183709667685,SIMULATED,NORMAL
2026-06-17T17:24:27.876200+00:00,DION_001,568252,-0.1268492467178028,SIMULATED,NORMAL
2026-06-17T17:24:27.886700+00:00,DION_001,568253,0.19078681341163867,SIMULATED,NORMAL
2026-06-17T17:24:27.897182+00:00,DION_001,568254,-0.08727038199287313,SIMULATED,NORMAL
2026-06-17T17:24:27.907630+00:00,DION_001,568255,-0.043271922437149855,SIMULATED,NORMAL
2026-06-17T17:24:27.918142+00:00,DION_001,568256,-0.17495754530719765,SIMULATED,NORMAL
2026-06-17T17:24:27.928639+00:00,DION_001,568257,0.0688739868847095,SIMULATED,NORMAL
2026-06-17T17:24:27.938998+00:00,DION_001,568258,-0.22349359731567575,SIMULATED,NORMAL
2026-06-17T17:24:27.949484+00:00,DION_001,568259,-0.0476833588666028,SIMULATED,NORMAL
2026-06-17T17:24:27.959981+00:00,DION_001,568260,0.012910059644897082,SIMULATED,NORMAL
2026-06-17T17:24:27.970551+00:00,DION_001,568261,-0.3240246314294596,SIMULATED,NORMAL
2026-06-17T17:24:27.980975+00:00,DION_001,568262,-0.3338139260185193,SIMULATED,NORMAL
2026-06-17T17:24:27.991305+00:00,DION_001,568263,-0.1418307679007504,SIMULATED,NORMAL
2026-06-17T17:24:28.001736+00:00,DION_001,568264,-0.2681499605310803,SIMULATED,NORMAL
2026-06-17T17:24:28.012503+00:00,DION_001,568265,-0.3169175480893545,SIMULATED,NORMAL
2026-06-17T17:24:28.023191+00:00,DION_001,568266,-0.25846862657061553,SIMULATED,NORMAL
2026-06-17T17:24:28.033610+00:00,DION_001,568267,-0.10112412192973927,SIMULATED,NORMAL
2026-06-17T17:24:28.044067+00:00,DION_001,568268,-0.4616512764109042,SIMULATED,NORMAL
2026-06-17T17:24:28.054594+00:00,DION_001,568269,-0.2254765320484937,SIMULATED,NORMAL
2026-06-17T17:24:28.064992+00:00,DION_001,568270,-0.44531760328697134,SIMULATED,NORMAL
2026-06-17T17:24:28.075387+00:00,DION_001,568271,-0.3790198501172649,SIMULATED,NORMAL
2026-06-17T17:24:28.085852+00:00,DION_001,568272,-0.47458462519586864,SIMULATED,NORMAL
2026-06-17T17:24:28.096315+00:00,DION_001,568273,-0.3484401896121465,SIMULATED,NORMAL
2026-06-17T17:24:28.106826+00:00,DION_001,568274,-0.020619450072586865,SIMULATED,NORMAL
2026-06-17T17:24:28.117266+00:00,DION_001,568275,-0.48122637619204445,SIMULATED,NORMAL
2026-06-17T17:24:28.127724+00:00,DION_001,568276,-0.15807032890323564,SIMULATED,NORMAL
2026-06-17T17:24:28.138190+00:00,DION_001,568277,-0.051008324064879235,SIMULATED,NORMAL
2026-06-17T17:24:28.148675+00:00,DION_001,568278,0.05286966706468457,SIMULATED,NORMAL
2026-06-17T17:24:28.159123+00:00,DION_001,568279,-0.17136616323249262,SIMULATED,NORMAL
2026-06-17T17:24:28.169471+00:00,DION_001,568280,-0.27314060235300575,SIMULATED,NORMAL
2026-06-17T17:24:28.179809+00:00,DION_001,568281,-0.47050828393302235,SIMULATED,NORMAL
2026-06-17T17:24:28.190303+00:00,DION_001,568282,-0.309590513927415,SIMULATED,NORMAL
2026-06-17T17:24:28.200998+00:00,DION_001,568283,-0.3101825976504111,SIMULATED,NORMAL
2026-06-17T17:24:28.211540+00:00,DION_001,568284,-0.1034888822332527,SIMULATED,NORMAL
2026-06-17T17:24:28.221860+00:00,DION_001,568285,0.2719818038372606,SIMULATED,NORMAL
2026-06-17T17:24:28.232318+00:00,DION_001,568286,0.28742217751619864,SIMULATED,NORMAL
2026-06-17T17:24:28.242691+00:00,DION_001,568287,-0.1985731053487666,SIMULATED,NORMAL
2026-06-17T17:24:28.253130+00:00,DION_001,568288,0.2522903960698669,SIMULATED,NORMAL
2026-06-17T17:24:28.263572+00:00,DION_001,568289,0.14386440319473776,SIMULATED,NORMAL
2026-06-17T17:24:28.274122+00:00,DION_001,568290,-0.06451953422579068,SIMULATED,NORMAL
2026-06-17T17:24:28.284730+00:00,DION_001,568291,0.34639913577803316,SIMULATED,NORMAL
2026-06-17T17:24:28.295136+00:00,DION_001,568292,0.11298454517001419,SIMULATED,NORMAL
2026-06-17T17:24:28.305567+00:00,DION_001,568293,0.12427670843367933,SIMULATED,NORMAL
2026-06-17T17:24:28.315930+00:00,DION_001,568294,0.46882501154953604,SIMULATED,NORMAL
2026-06-17T17:24:28.326273+00:00,DION_001,568295,0.15592550722837648,SIMULATED,NORMAL
2026-06-17T17:24:28.336630+00:00,DION_001,568296,0.26776273189393707,SIMULATED,NORMAL
2026-06-17T17:24:28.347021+00:00,DION_001,568297,0.5806101187612012,SIMULATED,NORMAL
2026-06-17T17:24:28.357406+00:00,DION_001,568298,0.6589513955819626,SIMULATED,NORMAL
2026-06-17T17:24:28.367838+00:00,DION_001,568299,0.28676386818969685,SIMULATED,NORMAL
2026-06-17T17:24:28.378193+00:00,DION_001,568300,0.5906202008935417,SIMULATED,NORMAL
2026-06-17T17:24:28.388720+00:00,DION_001,568301,0.39053416914214967,SIMULATED,NORMAL
2026-06-17T17:24:28.399053+00:00,DION_001,568302,0.43448155847839875,SIMULATED,NORMAL
2026-06-17T17:24:28.409466+00:00,DION_001,568303,0.5611847088134687,SIMULATED,NORMAL
2026-06-17T17:24:28.419861+00:00,DION_001,568304,0.7523787483447525,SIMULATED,NORMAL
2026-06-17T17:24:28.430272+00:00,DION_001,568305,0.7625936288795429,SIMULATED,NORMAL
2026-06-17T17:24:28.440762+00:00,DION_001,568306,0.7712107768096349,SIMULATED,NORMAL
2026-06-17T17:24:28.451207+00:00,DION_001,568307,0.8017014936232478,SIMULATED,NORMAL
2026-06-17T17:24:28.461808+00:00,DION_001,568308,1.1536707572105929,SIMULATED,NORMAL
2026-06-17T17:24:28.472355+00:00,DION_001,568309,0.8216247863171281,SIMULATED,NORMAL
2026-06-17T17:24:28.482990+00:00,DION_001,568310,0.5381070387780771,SIMULATED,NORMAL
2026-06-17T17:24:28.493502+00:00,DION_001,568311,0.8883273972580794,SIMULATED,NORMAL
2026-06-17T17:24:28.504241+00:00,DION_001,568312,1.1971457471695621,SIMULATED,NORMAL
2026-06-17T17:24:28.514711+00:00,DION_001,568313,1.0661097647992432,SIMULATED,NORMAL
2026-06-17T17:24:28.525158+00:00,DION_001,568314,1.1400024274411897,SIMULATED,NORMAL
2026-06-17T17:24:28.535543+00:00,DION_001,568315,1.1209244295112315,SIMULATED,NORMAL
2026-06-17T17:24:28.546004+00:00,DION_001,568316,0.6638842458240206,SIMULATED,NORMAL
2026-06-17T17:24:28.556329+00:00,DION_001,568317,1.0489813048657688,SIMULATED,NORMAL
2026-06-17T17:24:28.566854+00:00,DION_001,568318,1.0137824762686087,SIMULATED,NORMAL
2026-06-17T17:24:28.577285+00:00,DION_001,568319,0.7583095348807272,SIMULATED,NORMAL
2026-06-17T17:24:28.587745+00:00,DION_001,568320,1.0590183679469585,SIMULATED,NORMAL
2026-06-17T17:24:28.598111+00:00,DION_001,568321,1.0330198236381842,SIMULATED,NORMAL
2026-06-17T17:24:28.608624+00:00,DION_001,568322,-1.3036839113881604,SIMULATED,NORMAL
2026-06-17T17:24:28.619050+00:00,DION_001,568323,0.7676683721582728,SIMULATED,NORMAL
2026-06-17T17:24:28.629512+00:00,DION_001,568324,1.0879393383252822,SIMULATED,NORMAL
2026-06-17T17:24:28.639919+00:00,DION_001,568325,0.9204018194144511,SIMULATED,NORMAL
2026-06-17T17:24:28.650455+00:00,DION_001,568326,1.0657312983617673,SIMULATED,NORMAL
2026-06-17T17:24:28.660929+00:00,DION_001,568327,1.0745413351435205,SIMULATED,NORMAL
2026-06-17T17:24:28.671262+00:00,DION_001,568328,0.922725771993213,SIMULATED,NORMAL
2026-06-17T17:24:28.681599+00:00,DION_001,568329,0.8382939027855868,SIMULATED,NORMAL
2026-06-17T17:24:28.691870+00:00,DION_001,568330,1.0209932346293873,SIMULATED,NORMAL
2026-06-17T17:24:28.702115+00:00,DION_001,568331,0.6462317664447278,SIMULATED,NORMAL
2026-06-17T17:24:28.712461+00:00,DION_001,568332,0.9107091298265387,SIMULATED,NORMAL
2026-06-17T17:24:28.723091+00:00,DION_001,568333,0.8359151434951845,SIMULATED,NORMAL
2026-06-17T17:24:28.733652+00:00,DION_001,568334,0.8329494070638005,SIMULATED,NORMAL
2026-06-17T17:24:28.744126+00:00,DION_001,568335,0.8379435323877972,SIMULATED,NORMAL
2026-06-17T17:24:28.754522+00:00,DION_001,568336,0.5159755256887989,SIMULATED,NORMAL
2026-06-17T17:24:28.764942+00:00,DION_001,568337,1.1247867962160945,SIMULATED,NORMAL
2026-06-17T17:24:28.775386+00:00,DION_001,568338,0.6398484070132587,SIMULATED,NORMAL
2026-06-17T17:24:28.785822+00:00,DION_001,568339,0.5584990426419216,SIMULATED,NORMAL
2026-06-17T17:24:28.796397+00:00,DION_001,568340,0.6016659390642333,SIMULATED,NORMAL
2026-06-17T17:24:28.806984+00:00,DION_001,568341,0.3521734151503871,SIMULATED,NORMAL
2026-06-17T17:24:28.817447+00:00,DION_001,568342,0.6345449054841161,SIMULATED,NORMAL
2026-06-17T17:24:28.827812+00:00,DION_001,568343,0.4371482581953694,SIMULATED,NORMAL
2026-06-17T17:24:28.838255+00:00,DION_001,568344,0.799102919709985,SIMULATED,NORMAL
2026-06-17T17:24:28.848648+00:00,DION_001,568345,0.503993489606423,SIMULATED,NORMAL
2026-06-17T17:24:28.859028+00:00,DION_001,568346,0.5994028954825233,SIMULATED,NORMAL
2026-06-17T17:24:28.869456+00:00,DION_001,568347,0.5857178389962515,SIMULATED,NORMAL
2026-06-17T17:24:28.879921+00:00,DION_001,568348,0.36673361127034276,SIMULATED,NORMAL
2026-06-17T17:24:28.890297+00:00,DION_001,568349,0.42372640517844606,SIMULATED,NORMAL
2026-06-17T17:24:28.900755+00:00,DION_001,568350,0.3055715434989682,SIMULATED,NORMAL
2026-06-17T17:24:28.911089+00:00,DION_001,568351,0.23613838075543434,SIMULATED,NORMAL
2026-06-17T17:24:28.921595+00:00,DION_001,568352,0.19200938999435552,SIMULATED,NORMAL
2026-06-17T17:24:28.932064+00:00,DION_001,568353,0.4958785026896682,SIMULATED,NORMAL
2026-06-17T17:24:28.942428+00:00,DION_001,568354,0.27689101026092894,SIMULATED,NORMAL
2026-06-17T17:24:28.952914+00:00,DION_001,568355,0.3858274608061989,SIMULATED,NORMAL
2026-06-17T17:24:28.963365+00:00,DION_001,568356,0.6095646693816682,SIMULATED,NORMAL
2026-06-17T17:24:28.973796+00:00,DION_001,568357,0.46693009198376195,SIMULATED,NORMAL
2026-06-17T17:24:28.984294+00:00,DION_001,568358,0.2641651301765521,SIMULATED,NORMAL
2026-06-17T17:24:28.994630+00:00,DION_001,568359,0.32883461112347,SIMULATED,NORMAL
2026-06-17T17:24:29.005011+00:00,DION_001,568360,0.6940624784238136,SIMULATED,NORMAL
2026-06-17T17:24:29.015468+00:00,DION_001,568361,0.517975723864705,SIMULATED,NORMAL
2026-06-17T17:24:29.025835+00:00,DION_001,568362,0.42600891715120814,SIMULATED,NORMAL
2026-06-17T17:24:29.036261+00:00,DION_001,568363,0.546934255718058,SIMULATED,NORMAL
2026-06-17T17:24:29.046573+00:00,DION_001,568364,0.28607615586771995,SIMULATED,NORMAL
2026-06-17T17:24:29.057004+00:00,DION_001,568365,0.4030314478094688,SIMULATED,NORMAL
2026-06-17T17:24:29.067491+00:00,DION_001,568366,0.3841910902208104,SIMULATED,NORMAL
2026-06-17T17:24:29.077892+00:00,DION_001,568367,0.7700041048035375,SIMULATED,NORMAL
2026-06-17T17:24:29.088265+00:00,DION_001,568368,0.4256203365875107,SIMULATED,NORMAL
2026-06-17T17:24:29.098700+00:00,DION_001,568369,0.73953855027806,SIMULATED,NORMAL
2026-06-17T17:24:29.109130+00:00,DION_001,568370,0.5336969156342215,SIMULATED,NORMAL
2026-06-17T17:24:29.119594+00:00,DION_001,568371,0.8247686991718741,SIMULATED,NORMAL
2026-06-17T17:24:29.130003+00:00,DION_001,568372,0.24995212967553354,SIMULATED,NORMAL
2026-06-17T17:24:29.140408+00:00,DION_001,568373,0.800652816346384,SIMULATED,NORMAL
2026-06-17T17:24:29.151139+00:00,DION_001,568374,0.6498435233530432,SIMULATED,NORMAL
2026-06-17T17:24:29.161688+00:00,DION_001,568375,0.8130737451546486,SIMULATED,NORMAL
2026-06-17T17:24:29.172276+00:00,DION_001,568376,0.9585099187774717,SIMULATED,NORMAL
2026-06-17T17:24:29.182764+00:00,DION_001,568377,0.8003065183298307,SIMULATED,NORMAL
2026-06-17T17:24:29.193376+00:00,DION_001,568378,0.8622340324148579,SIMULATED,NORMAL
2026-06-17T17:24:29.203887+00:00,DION_001,568379,0.9526408557616078,SIMULATED,NORMAL
2026-06-17T17:24:29.214433+00:00,DION_001,568380,0.7315066666977956,SIMULATED,NORMAL
2026-06-17T17:24:29.224996+00:00,DION_001,568381,0.9859581087752485,SIMULATED,NORMAL
2026-06-17T17:24:29.235453+00:00,DION_001,568382,0.9426674014902849,SIMULATED,NORMAL
2026-06-17T17:24:29.245834+00:00,DION_001,568383,0.5511017999139926,SIMULATED,NORMAL
2026-06-17T17:24:29.256453+00:00,DION_001,568384,1.1650058114421291,SIMULATED,NORMAL
2026-06-17T17:24:29.267088+00:00,DION_001,568385,2.3973458037432964,SIMULATED,EVENT_DETECTED
2026-06-17T17:24:29.277922+00:00,DION_001,568386,1.0486472836054639,SIMULATED,NORMAL
2026-06-17T17:24:29.288462+00:00,DION_001,568387,1.071416660361399,SIMULATED,NORMAL
2026-06-17T17:24:29.299016+00:00,DION_001,568388,0.9306234537910233,SIMULATED,NORMAL
2026-06-17T17:24:29.309585+00:00,DION_001,568389,1.3239912908553308,SIMULATED,NORMAL
2026-06-17T17:24:29.320163+00:00,DION_001,568390,1.0436113393599293,SIMULATED,NORMAL
2026-06-17T17:24:29.330586+00:00,DION_001,568391,0.9825049489820652,SIMULATED,NORMAL
2026-06-17T17:24:29.341153+00:00,DION_001,568392,1.2503971250788815,SIMULATED,NORMAL
2026-06-17T17:24:29.351580+00:00,DION_001,568393,0.9430451076163751,SIMULATED,NORMAL
2026-06-17T17:24:29.361955+00:00,DION_001,568394,1.1102854469099621,SIMULATED,NORMAL
2026-06-17T17:24:29.372454+00:00,DION_001,568395,1.0882771953021841,SIMULATED,NORMAL
2026-06-17T17:24:29.383059+00:00,DION_001,568396,0.7420794902330696,SIMULATED,NORMAL
2026-06-17T17:24:29.393549+00:00,DION_001,568397,0.9684142797735957,SIMULATED,NORMAL
2026-06-17T17:24:29.404091+00:00,DION_001,568398,0.9468496603687838,SIMULATED,NORMAL
2026-06-17T17:24:29.414462+00:00,DION_001,568399,0.9502107723232524,SIMULATED,NORMAL
2026-06-17T17:24:29.424825+00:00,DION_001,568400,0.9511079375924777,SIMULATED,NORMAL
2026-06-17T17:24:29.435241+00:00,DION_001,568401,1.2184603960578313,SIMULATED,NORMAL
2026-06-17T17:24:29.445682+00:00,DION_001,568402,0.8915004824881544,SIMULATED,NORMAL
2026-06-17T17:24:29.456033+00:00,DION_001,568403,-0.8558376988105351,SIMULATED,NORMAL
2026-06-17T17:24:29.466709+00:00,DION_001,568404,1.1151636306553847,SIMULATED,NORMAL
2026-06-17T17:24:29.477154+00:00,DION_001,568405,0.7341005487591764,SIMULATED,NORMAL
2026-06-17T17:24:29.487582+00:00,DION_001,568406,0.8740674831020753,SIMULATED,NORMAL
2026-06-17T17:24:29.498087+00:00,DION_001,568407,1.0103330244585298,SIMULATED,NORMAL
2026-06-17T17:24:29.508622+00:00,DION_001,568408,0.7193559796620482,SIMULATED,NORMAL
2026-06-17T17:24:29.519179+00:00,DION_001,568409,0.7909526110333547,SIMULATED,NORMAL
2026-06-17T17:24:29.529662+00:00,DION_001,568410,0.4167471041817243,SIMULATED,NORMAL
2026-06-17T17:24:29.540056+00:00,DION_001,568411,0.6072575358060678,SIMULATED,NORMAL
2026-06-17T17:24:29.550353+00:00,DION_001,568412,0.7438635588808394,SIMULATED,NORMAL
2026-06-17T17:24:29.560787+00:00,DION_001,568413,0.46526734566925587,SIMULATED,NORMAL
2026-06-17T17:24:29.571203+00:00,DION_001,568414,0.5015372945560137,SIMULATED,NORMAL
2026-06-17T17:24:29.581627+00:00,DION_001,568415,0.2826457842340172,SIMULATED,NORMAL
2026-06-17T17:24:29.592118+00:00,DION_001,568416,0.19500398582396483,SIMULATED,NORMAL
2026-06-17T17:24:29.602490+00:00,DION_001,568417,0.4879378281338961,SIMULATED,NORMAL
2026-06-17T17:24:29.612939+00:00,DION_001,568418,0.46103781551262996,SIMULATED,NORMAL
2026-06-17T17:24:29.623381+00:00,DION_001,568419,0.44405106171089365,SIMULATED,NORMAL
2026-06-17T17:24:29.633765+00:00,DION_001,568420,0.24142684572663592,SIMULATED,NORMAL
2026-06-17T17:24:29.644170+00:00,DION_001,568421,0.3740797514056372,SIMULATED,NORMAL
2026-06-17T17:24:29.654614+00:00,DION_001,568422,-0.054010161979782034,SIMULATED,NORMAL
2026-06-17T17:24:29.665196+00:00,DION_001,568423,0.09676262266583582,SIMULATED,NORMAL
2026-06-17T17:24:29.675570+00:00,DION_001,568424,-0.03049944719492098,SIMULATED,NORMAL
2026-06-17T17:24:29.685939+00:00,DION_001,568425,0.1267379217019896,SIMULATED,NORMAL
2026-06-17T17:24:29.696363+00:00,DION_001,568426,0.11833373654242516,SIMULATED,NORMAL
2026-06-17T17:24:29.706922+00:00,DION_001,568427,-0.1804426785580162,SIMULATED,NORMAL
2026-06-17T17:24:29.717336+00:00,DION_001,568428,0.15414595729611047,SIMULATED,NORMAL
2026-06-17T17:24:29.727669+00:00,DION_001,568429,-0.01745994006824288,SIMULATED,NORMAL
2026-06-17T17:24:29.738142+00:00,DION_001,568430,0.02278807226659625,SIMULATED,NORMAL
2026-06-17T17:24:29.748676+00:00,DION_001,568431,-0.2900101218445764,SIMULATED,NORMAL
2026-06-17T17:24:29.759513+00:00,DION_001,568432,-0.15183565150184497,SIMULATED,NORMAL
2026-06-17T17:24:29.770247+00:00,DION_001,568433,0.14749573226563945,SIMULATED,NORMAL
2026-06-17T17:24:29.780685+00:00,DION_001,568434,-0.18338543974338414,SIMULATED,NORMAL
2026-06-17T17:24:29.791024+00:00,DION_001,568435,-2.255210836065333,SIMULATED,EVENT_DETECTED
2026-06-17T17:24:29.801548+00:00,DION_001,568436,-0.13560748225230795,SIMULATED,NORMAL
2026-06-17T17:24:29.812060+00:00,DION_001,568437,-0.36687732146922947,SIMULATED,NORMAL
2026-06-17T17:24:29.822398+00:00,DION_001,568438,-0.2079218146205941,SIMULATED,NORMAL
2026-06-17T17:24:29.832794+00:00,DION_001,568439,-0.023998357087417405,SIMULATED,NORMAL
2026-06-17T17:24:29.843238+00:00,DION_001,568440,-0.1446590245547093,SIMULATED,NORMAL
2026-06-17T17:24:29.853692+00:00,DION_001,568441,-0.41263419861840145,SIMULATED,NORMAL
2026-06-17T17:24:29.864070+00:00,DION_001,568442,-0.29920183884029056,SIMULATED,NORMAL
2026-06-17T17:24:29.874549+00:00,DION_001,568443,-0.18868070332129586,SIMULATED,NORMAL
2026-06-17T17:24:29.884989+00:00,DION_001,568444,-0.17240165575699626,SIMULATED,NORMAL
2026-06-17T17:24:29.895408+00:00,DION_001,568445,-0.13559984786927204,SIMULATED,NORMAL
2026-06-17T17:24:29.905862+00:00,DION_001,568446,-0.05040748534994281,SIMULATED,NORMAL
2026-06-17T17:24:29.916326+00:00,DION_001,568447,-0.023399984989769043,SIMULATED,NORMAL
2026-06-17T17:24:29.926783+00:00,DION_001,568448,-0.3180511177205503,SIMULATED,NORMAL
2026-06-17T17:24:29.937319+00:00,DION_001,568449,0.06474937849746268,SIMULATED,NORMAL
2026-06-17T17:24:29.947841+00:00,DION_001,568450,-0.02406929818939757,SIMULATED,NORMAL
2026-06-17T17:24:29.958381+00:00,DION_001,568451,-0.12200026934714828,SIMULATED,NORMAL
2026-06-17T17:24:29.968940+00:00,DION_001,568452,0.14138886904419717,SIMULATED,NORMAL
2026-06-17T17:24:29.979412+00:00,DION_001,568453,0.03508534164665575,SIMULATED,NORMAL
2026-06-17T17:24:29.989813+00:00,DION_001,568454,-0.22779907336616156,SIMULATED,NORMAL
2026-06-17T17:24:30.000223+00:00,DION_001,568455,0.02839523100531088,SIMULATED,NORMAL
2026-06-17T17:24:30.010740+00:00,DION_001,568456,0.10929637226678617,SIMULATED,NORMAL
2026-06-17T17:24:30.021273+00:00,DION_001,568457,-0.11110050928209425,SIMULATED,NORMAL
2026-06-17T17:24:30.031843+00:00,DION_001,568458,0.20353591020762318,SIMULATED,NORMAL
2026-06-17T17:24:30.042323+00:00,DION_001,568459,0.14702023264568742,SIMULATED,NORMAL
2026-06-17T17:24:30.053036+00:00,DION_001,568460,0.16812840622034633,SIMULATED,NORMAL
2026-06-17T17:24:30.063441+00:00,DION_001,568461,0.1511559721251713,SIMULATED,NORMAL
2026-06-17T17:24:30.073950+00:00,DION_001,568462,-0.20763541393103116,SIMULATED,NORMAL
2026-06-17T17:24:30.084403+00:00,DION_001,568463,0.08151898954238423,SIMULATED,NORMAL
2026-06-17T17:24:30.094987+00:00,DION_001,568464,0.2582215253501898,SIMULATED,NORMAL
2026-06-17T17:24:30.105414+00:00,DION_001,568465,-0.006384109291105583,SIMULATED,NORMAL
2026-06-17T17:24:30.115869+00:00,DION_001,568466,0.10171292130837464,SIMULATED,NORMAL
2026-06-17T17:24:30.126283+00:00,DION_001,568467,0.14060350434687155,SIMULATED,NORMAL
2026-06-17T17:24:30.136613+00:00,DION_001,568468,0.06672015927740028,SIMULATED,NORMAL
2026-06-17T17:24:30.147064+00:00,DION_001,568469,0.35768508588691134,SIMULATED,NORMAL
2026-06-17T17:24:30.157625+00:00,DION_001,568470,0.2055575577422413,SIMULATED,NORMAL
2026-06-17T17:24:30.168123+00:00,DION_001,568471,0.4736342658374466,SIMULATED,NORMAL
2026-06-17T17:24:30.178517+00:00,DION_001,568472,0.07593691458239762,SIMULATED,NORMAL
2026-06-17T17:24:30.189119+00:00,DION_001,568473,-0.2164234428271394,SIMULATED,NORMAL
2026-06-17T17:24:30.199640+00:00,DION_001,568474,0.030248273108159765,SIMULATED,NORMAL
2026-06-17T17:24:30.210178+00:00,DION_001,568475,-0.19623955782728997,SIMULATED,NORMAL
2026-06-17T17:24:30.220777+00:00,DION_001,568476,0.1615606427511038,SIMULATED,NORMAL
2026-06-17T17:24:30.231191+00:00,DION_001,568477,0.11625308373105055,SIMULATED,NORMAL
2026-06-17T17:24:30.241743+00:00,DION_001,568478,0.12286184201753242,SIMULATED,NORMAL
2026-06-17T17:24:30.252225+00:00,DION_001,568479,-0.0023367084941396388,SIMULATED,NORMAL
2026-06-17T17:24:30.262665+00:00,DION_001,568480,0.15914722506201762,SIMULATED,NORMAL
2026-06-17T17:24:30.273310+00:00,DION_001,568481,0.3473652259724542,SIMULATED,NORMAL
2026-06-17T17:24:30.283786+00:00,DION_001,568482,0.22232171281666974,SIMULATED,NORMAL
2026-06-17T17:24:30.294233+00:00,DION_001,568483,-0.20796153815618926,SIMULATED,NORMAL
2026-06-17T17:24:30.304696+00:00,DION_001,568484,0.05157814858362081,SIMULATED,NORMAL
2026-06-17T17:24:30.315182+00:00,DION_001,568485,-0.05355646430462525,SIMULATED,NORMAL
2026-06-17T17:24:30.325683+00:00,DION_001,568486,-0.20930424210549042,SIMULATED,NORMAL
2026-06-17T17:24:30.335955+00:00,DION_001,568487,-0.06169557362830207,SIMULATED,NORMAL
2026-06-17T17:24:30.346387+00:00,DION_001,568488,2.312342048074238,SIMULATED,EVENT_DETECTED
2026-06-17T17:24:30.357015+00:00,DION_001,568489,-0.17291154993055502,SIMULATED,NORMAL
2026-06-17T17:24:30.367516+00:00,DION_001,568490,-0.10944288541930755,SIMULATED,NORMAL
2026-06-17T17:24:30.377996+00:00,DION_001,568491,-0.24099722912810018,SIMULATED,NORMAL
2026-06-17T17:24:30.388452+00:00,DION_001,568492,-0.48037965872051824,SIMULATED,NORMAL
2026-06-17T17:24:30.399077+00:00,DION_001,568493,-0.49571376163507197,SIMULATED,NORMAL
2026-06-17T17:24:30.409433+00:00,DION_001,568494,-0.5411268956434608,SIMULATED,NORMAL
2026-06-17T17:24:30.419950+00:00,DION_001,568495,-0.49150944414420034,SIMULATED,NORMAL
2026-06-17T17:24:30.430508+00:00,DION_001,568496,-0.3097285272241762,SIMULATED,NORMAL
2026-06-17T17:24:30.441149+00:00,DION_001,568497,-0.4639859060775212,SIMULATED,NORMAL
2026-06-17T17:24:30.451736+00:00,DION_001,568498,-0.89051731993059,SIMULATED,NORMAL
2026-06-17T17:24:30.462309+00:00,DION_001,568499,-0.6804090388818084,SIMULATED,NORMAL
2026-06-17T17:24:30.472775+00:00,DION_001,568500,-0.6394153462289891,SIMULATED,NORMAL
2026-06-17T17:24:30.483257+00:00,DION_001,568501,-0.8151463280536926,SIMULATED,NORMAL
2026-06-17T17:24:30.493792+00:00,DION_001,568502,-0.7542762037736045,SIMULATED,NORMAL
2026-06-17T17:24:30.504170+00:00,DION_001,568503,-0.720987777310601,SIMULATED,NORMAL
2026-06-17T17:24:30.514672+00:00,DION_001,568504,-0.9273490959981929,SIMULATED,NORMAL
2026-06-17T17:24:30.525183+00:00,DION_001,568505,-0.9268691174736482,SIMULATED,NORMAL
2026-06-17T17:24:30.535505+00:00,DION_001,568506,-0.9685454503081898,SIMULATED,NORMAL
2026-06-17T17:24:30.545877+00:00,DION_001,568507,-0.7360832250198777,SIMULATED,NORMAL
2026-06-17T17:24:30.556201+00:00,DION_001,568508,-1.0539176223331401,SIMULATED,NORMAL
2026-06-17T17:24:30.566718+00:00,DION_001,568509,-0.9155720694573707,SIMULATED,NORMAL
2026-06-17T17:24:30.577169+00:00,DION_001,568510,-1.04878470763536,SIMULATED,NORMAL
2026-06-17T17:24:30.587621+00:00,DION_001,568511,-1.169161133280997,SIMULATED,NORMAL
2026-06-17T17:24:30.597986+00:00,DION_001,568512,-0.9518426619036658,SIMULATED,NORMAL
2026-06-17T17:24:30.608338+00:00,DION_001,568513,-1.1942664310984026,SIMULATED,NORMAL
2026-06-17T17:24:30.618595+00:00,DION_001,568514,-1.5242861520055584,SIMULATED,NORMAL
2026-06-17T17:24:30.628895+00:00,DION_001,568515,-0.8777484049477529,SIMULATED,NORMAL
2026-06-17T17:24:30.639426+00:00,DION_001,568516,-1.2953047008089038,SIMULATED,NORMAL
2026-06-17T17:24:30.649818+00:00,DION_001,568517,-1.1850307850431852,SIMULATED,NORMAL
2026-06-17T17:24:30.660237+00:00,DION_001,568518,-1.251448062618198,SIMULATED,NORMAL
2026-06-17T17:24:30.670661+00:00,DION_001,568519,-1.0611897522123748,SIMULATED,NORMAL
2026-06-17T17:24:30.681060+00:00,DION_001,568520,-1.0994577797869654,SIMULATED,NORMAL
2026-06-17T17:24:30.691624+00:00,DION_001,568521,-1.2726769930594968,SIMULATED,NORMAL
2026-06-17T17:24:30.702154+00:00,DION_001,568522,-1.0913259641303392,SIMULATED,NORMAL
2026-06-17T17:24:30.712525+00:00,DION_001,568523,-1.2210944292126937,SIMULATED,NORMAL
2026-06-17T17:24:30.723135+00:00,DION_001,568524,-2.7720799621455234,SIMULATED,EVENT_DETECTED
2026-06-17T17:24:30.733732+00:00,DION_001,568525,-1.1061349645937388,SIMULATED,NORMAL
2026-06-17T17:24:30.744157+00:00,DION_001,568526,-0.5751718402375781,SIMULATED,NORMAL
2026-06-17T17:24:30.754542+00:00,DION_001,568527,-0.7276220116924894,SIMULATED,NORMAL
2026-06-17T17:24:30.764987+00:00,DION_001,568528,-0.8983032421851458,SIMULATED,NORMAL
2026-06-17T17:24:30.775458+00:00,DION_001,568529,-1.0242145215597358,SIMULATED,NORMAL
2026-06-17T17:24:30.785953+00:00,DION_001,568530,-0.7446011654233828,SIMULATED,NORMAL
2026-06-17T17:24:30.796374+00:00,DION_001,568531,-0.9105242947763974,SIMULATED,NORMAL
2026-06-17T17:24:30.807014+00:00,DION_001,568532,-0.9284313641220551,SIMULATED,NORMAL
2026-06-17T17:24:30.817524+00:00,DION_001,568533,-0.8935614574001496,SIMULATED,NORMAL
2026-06-17T17:24:30.828016+00:00,DION_001,568534,-0.6902377986510324,SIMULATED,NORMAL
2026-06-17T17:24:30.838502+00:00,DION_001,568535,-1.020097765637408,SIMULATED,NORMAL
2026-06-17T17:24:30.849451+00:00,DION_001,568536,-0.716214127099902,SIMULATED,NORMAL
2026-06-17T17:24:30.859931+00:00,DION_001,568537,-0.67894578551476,SIMULATED,NORMAL
2026-06-17T17:24:30.870242+00:00,DION_001,568538,-0.5283153403050312,SIMULATED,NORMAL
2026-06-17T17:24:30.880468+00:00,DION_001,568539,-2.9437158462922977,SIMULATED,EVENT_DETECTED
2026-06-17T17:24:30.890813+00:00,DION_001,568540,-0.5118432855787398,SIMULATED,NORMAL
2026-06-17T17:24:30.901097+00:00,DION_001,568541,-0.5151361101723706,SIMULATED,NORMAL
2026-06-17T17:24:30.911357+00:00,DION_001,568542,-0.43595266862834314,SIMULATED,NORMAL
2026-06-17T17:24:30.921586+00:00,DION_001,568543,-0.44584441481835757,SIMULATED,NORMAL
2026-06-17T17:24:30.931793+00:00,DION_001,568544,-0.3606737497595183,SIMULATED,NORMAL
2026-06-17T17:24:30.942051+00:00,DION_001,568545,-0.7245034398445258,SIMULATED,NORMAL
2026-06-17T17:24:30.952270+00:00,DION_001,568546,-0.5082143567703049,SIMULATED,NORMAL
2026-06-17T17:24:30.962588+00:00,DION_001,568547,-0.4289484819335597,SIMULATED,NORMAL
2026-06-17T17:24:30.973053+00:00,DION_001,568548,-0.24051656784117978,SIMULATED,NORMAL
2026-06-17T17:24:30.983630+00:00,DION_001,568549,-0.45311725719837537,SIMULATED,NORMAL
2026-06-17T17:24:30.994061+00:00,DION_001,568550,-0.5223818908135728,SIMULATED,NORMAL
2026-06-17T17:24:31.004489+00:00,DION_001,568551,-0.5124271767934522,SIMULATED,NORMAL
2026-06-17T17:24:31.015018+00:00,DION_001,568552,-0.31523445320698823,SIMULATED,NORMAL
2026-06-17T17:24:31.025584+00:00,DION_001,568553,-0.39500228017491745,SIMULATED,NORMAL
2026-06-17T17:24:31.036017+00:00,DION_001,568554,-0.3350619204709657,SIMULATED,NORMAL
2026-06-17T17:24:31.046562+00:00,DION_001,568555,-0.2284918319731086,SIMULATED,NORMAL
2026-06-17T17:24:31.057231+00:00,DION_001,568556,-0.4773424509162373,SIMULATED,NORMAL
2026-06-17T17:24:31.067729+00:00,DION_001,568557,-0.5648465861478825,SIMULATED,NORMAL
2026-06-17T17:24:31.078263+00:00,DION_001,568558,-0.3570413644754371,SIMULATED,NORMAL
2026-06-17T17:24:31.088810+00:00,DION_001,568559,-0.2563394599809052,SIMULATED,NORMAL
2026-06-17T17:24:31.099270+00:00,DION_001,568560,-0.35254792668730583,SIMULATED,NORMAL
2026-06-17T17:24:31.109776+00:00,DION_001,568561,-0.47797096991279125,SIMULATED,NORMAL
2026-06-17T17:24:31.120357+00:00,DION_001,568562,-0.4072640589726867,SIMULATED,NORMAL
2026-06-17T17:24:31.130999+00:00,DION_001,568563,-0.3473742806664255,SIMULATED,NORMAL
2026-06-17T17:24:31.141542+00:00,DION_001,568564,-0.749981045200232,SIMULATED,NORMAL
2026-06-17T17:24:31.152032+00:00,DION_001,568565,-0.5920497737793512,SIMULATED,NORMAL
2026-06-17T17:24:31.162436+00:00,DION_001,568566,-0.49466454607334015,SIMULATED,NORMAL
2026-06-17T17:24:31.173118+00:00,DION_001,568567,-0.42696082161301274,SIMULATED,NORMAL
2026-06-17T17:24:31.183589+00:00,DION_001,568568,-0.48129794840157,SIMULATED,NORMAL
2026-06-17T17:24:31.194150+00:00,DION_001,568569,-0.6723224046249493,SIMULATED,NORMAL
2026-06-17T17:24:31.204672+00:00,DION_001,568570,-0.7360272903038702,SIMULATED,NORMAL
2026-06-17T17:24:31.215090+00:00,DION_001,568571,-0.47247380967854957,SIMULATED,NORMAL
2026-06-17T17:24:31.225403+00:00,DION_001,568572,-0.33757143760554964,SIMULATED,NORMAL
2026-06-17T17:24:31.235759+00:00,DION_001,568573,-0.7460799415664509,SIMULATED,NORMAL
2026-06-17T17:24:31.246065+00:00,DION_001,568574,-0.9717922024964609,SIMULATED,NORMAL
2026-06-17T17:24:31.256453+00:00,DION_001,568575,-0.8308567636575246,SIMULATED,NORMAL
2026-06-17T17:24:31.266911+00:00,DION_001,568576,-0.7404871467190104,SIMULATED,NORMAL
2026-06-17T17:24:31.277248+00:00,DION_001,568577,-0.6257983754299603,SIMULATED,NORMAL
2026-06-17T17:24:31.287403+00:00,DION_001,568578,-0.7068946278946433,SIMULATED,NORMAL
2026-06-17T17:24:31.297585+00:00,DION_001,568579,-0.87555875511311,SIMULATED,NORMAL
2026-06-17T17:24:31.307768+00:00,DION_001,568580,-0.9428177983517626,SIMULATED,NORMAL
2026-06-17T17:24:31.317918+00:00,DION_001,568581,-1.0211802232854066,SIMULATED,NORMAL
2026-06-17T17:24:31.328069+00:00,DION_001,568582,-1.13175822636372,SIMULATED,NORMAL
2026-06-17T17:24:31.338195+00:00,DION_001,568583,-0.7293218508178644,SIMULATED,NORMAL
2026-06-17T17:24:31.348310+00:00,DION_001,568584,-1.1274294673048775,SIMULATED,NORMAL
2026-06-17T17:24:31.358437+00:00,DION_001,568585,-0.685490270836567,SIMULATED,NORMAL
2026-06-17T17:24:31.368565+00:00,DION_001,568586,-0.7778154050664696,SIMULATED,NORMAL
2026-06-17T17:24:31.378692+00:00,DION_001,568587,-0.661509492053131,SIMULATED,NORMAL
2026-06-17T17:24:31.388856+00:00,DION_001,568588,-0.9022934822429453,SIMULATED,NORMAL
2026-06-17T17:24:31.399078+00:00,DION_001,568589,-1.1147917837110088,SIMULATED,NORMAL
2026-06-17T17:24:31.409264+00:00,DION_001,568590,-1.0363503179948774,SIMULATED,NORMAL
2026-06-17T17:24:31.419441+00:00,DION_001,568591,-1.3113216357529907,SIMULATED,NORMAL
2026-06-17T17:24:31.429625+00:00,DION_001,568592,-1.1111669308691945,SIMULATED,NORMAL
2026-06-17T17:24:31.439835+00:00,DION_001,568593,-1.2701940614265432,SIMULATED,NORMAL
2026-06-17T17:24:31.450076+00:00,DION_001,568594,-1.009457394496426,SIMULATED,NORMAL
2026-06-17T17:24:31.460316+00:00,DION_001,568595,-1.1430211006325592,SIMULATED,NORMAL
2026-06-17T17:24:31.470778+00:00,DION_001,568596,-0.8703916324149267,SIMULATED,NORMAL
2026-06-17T17:24:31.481169+00:00,DION_001,568597,-0.7704868423812852,SIMULATED,NORMAL
2026-06-17T17:24:31.491666+00:00,DION_001,568598,-0.9443884548017852,SIMULATED,NORMAL
2026-06-17T17:24:31.501909+00:00,DION_001,568599,-0.8738679139874853,SIMULATED,NORMAL
2026-06-17T17:24:31.512386+00:00,DION_001,568600,-1.000722249482976,SIMULATED,NORMAL
2026-06-17T17:24:31.522966+00:00,DION_001,568601,-0.9920988094434321,SIMULATED,NORMAL
2026-06-17T17:24:31.533374+00:00,DION_001,568602,-0.9743609549504684,SIMULATED,NORMAL
2026-06-17T17:24:31.543672+00:00,DION_001,568603,-0.9642226943748623,SIMULATED,NORMAL
2026-06-17T17:24:31.553897+00:00,DION_001,568604,-0.885874108679744,SIMULATED,NORMAL
2026-06-17T17:24:31.564079+00:00,DION_001,568605,-1.003746130219751,SIMULATED,NORMAL
2026-06-17T17:24:31.574273+00:00,DION_001,568606,-1.012697604472998,SIMULATED,NORMAL
2026-06-17T17:24:31.584493+00:00,DION_001,568607,-0.6021990241646595,SIMULATED,NORMAL
2026-06-17T17:24:31.594946+00:00,DION_001,568608,-0.6546682284741971,SIMULATED,NORMAL
2026-06-17T17:24:31.605217+00:00,DION_001,568609,-0.4058863903982266,SIMULATED,NORMAL
2026-06-17T17:24:31.615489+00:00,DION_001,568610,-0.5091729484661374,SIMULATED,NORMAL
2026-06-17T17:24:31.625737+00:00,DION_001,568611,-0.5552433064139973,SIMULATED,NORMAL
2026-06-17T17:24:31.636132+00:00,DION_001,568612,-0.6684450542906323,SIMULATED,NORMAL
2026-06-17T17:24:31.646401+00:00,DION_001,568613,-0.3649702192878703,SIMULATED,NORMAL
2026-06-17T17:24:31.656657+00:00,DION_001,568614,-0.4677209107058959,SIMULATED,NORMAL
2026-06-17T17:24:31.666950+00:00,DION_001,568615,-0.5309155971174342,SIMULATED,NORMAL
2026-06-17T17:24:31.677379+00:00,DION_001,568616,-0.23163835833554447,SIMULATED,NORMAL
2026-06-17T17:24:31.687800+00:00,DION_001,568617,-0.4944645960981108,SIMULATED,NORMAL
2026-06-17T17:24:31.698131+00:00,DION_001,568618,-0.17619579639645905,SIMULATED,NORMAL
2026-06-17T17:24:31.708376+00:00,DION_001,568619,-0.5378800806396733,SIMULATED,NORMAL
2026-06-17T17:24:31.718709+00:00,DION_001,568620,-0.0909696987708187,SIMULATED,NORMAL
2026-06-17T17:24:31.728973+00:00,DION_001,568621,-0.08638628239870577,SIMULATED,NORMAL
2026-06-17T17:24:31.739264+00:00,DION_001,568622,0.005858923423838813,SIMULATED,NORMAL
2026-06-17T17:24:31.749596+00:00,DION_001,568623,-0.09941801014643539,SIMULATED,NORMAL
2026-06-17T17:24:31.760000+00:00,DION_001,568624,0.02507610364118354,SIMULATED,NORMAL
2026-06-17T17:24:31.770424+00:00,DION_001,568625,-0.008970836498918229,SIMULATED,NORMAL
2026-06-17T17:24:31.780771+00:00,DION_001,568626,0.05101905123416941,SIMULATED,NORMAL
2026-06-17T17:24:31.791012+00:00,DION_001,568627,0.18230762888340182,SIMULATED,NORMAL
2026-06-17T17:24:31.801206+00:00,DION_001,568628,0.05550895786822733,SIMULATED,NORMAL
2026-06-17T17:24:31.811368+00:00,DION_001,568629,0.04112116246433151,SIMULATED,NORMAL
2026-06-17T17:24:31.821584+00:00,DION_001,568630,0.20921994549558795,SIMULATED,NORMAL
2026-06-17T17:24:31.831848+00:00,DION_001,568631,0.23427394549133262,SIMULATED,NORMAL
2026-06-17T17:24:31.842288+00:00,DION_001,568632,0.26884393976733023,SIMULATED,NORMAL
2026-06-17T17:24:31.852583+00:00,DION_001,568633,0.08992461895691466,SIMULATED,NORMAL
2026-06-17T17:24:31.862991+00:00,DION_001,568634,0.07818437200802988,SIMULATED,NORMAL
2026-06-17T17:24:31.873429+00:00,DION_001,568635,0.20324044441573003,SIMULATED,NORMAL
2026-06-17T17:24:31.883866+00:00,DION_001,568636,0.39130713004616324,SIMULATED,NORMAL
2026-06-17T17:24:31.894371+00:00,DION_001,568637,0.28947281327868707,SIMULATED,NORMAL
2026-06-17T17:24:31.904915+00:00,DION_001,568638,0.39450778108126816,SIMULATED,NORMAL
2026-06-17T17:24:31.915435+00:00,DION_001,568639,0.5127529690152798,SIMULATED,NORMAL
2026-06-17T17:24:31.925900+00:00,DION_001,568640,0.12262611828385228,SIMULATED,NORMAL
2026-06-17T17:24:31.936330+00:00,DION_001,568641,0.16966070875027492,SIMULATED,NORMAL
2026-06-17T17:24:31.947076+00:00,DION_001,568642,0.3503341962591206,SIMULATED,NORMAL
2026-06-17T17:24:31.957432+00:00,DION_001,568643,0.33378950821641595,SIMULATED,NORMAL
2026-06-17T17:24:31.967723+00:00,DION_001,568644,0.4949142048279326,SIMULATED,NORMAL
2026-06-17T17:24:31.978133+00:00,DION_001,568645,0.21425623953838738,SIMULATED,NORMAL
2026-06-17T17:24:31.988443+00:00,DION_001,568646,0.24066723559649086,SIMULATED,NORMAL
2026-06-17T17:24:31.998787+00:00,DION_001,568647,0.15119984849571594,SIMULATED,NORMAL
2026-06-17T17:24:32.009194+00:00,DION_001,568648,0.26255099381349456,SIMULATED,NORMAL
2026-06-17T17:24:32.019490+00:00,DION_001,568649,0.06702513572794,SIMULATED,NORMAL
2026-06-17T17:24:32.029778+00:00,DION_001,568650,0.12420212079676203,SIMULATED,NORMAL
2026-06-17T17:24:32.040139+00:00,DION_001,568651,0.33007338235441047,SIMULATED,NORMAL
2026-06-17T17:24:32.050471+00:00,DION_001,568652,0.2622635582335187,SIMULATED,NORMAL
2026-06-17T17:24:32.060794+00:00,DION_001,568653,0.14297737818455417,SIMULATED,NORMAL
2026-06-17T17:24:32.071159+00:00,DION_001,568654,0.12691191949497257,SIMULATED,NORMAL
2026-06-17T17:24:32.081426+00:00,DION_001,568655,0.31231602995262625,SIMULATED,NORMAL
2026-06-17T17:24:32.091695+00:00,DION_001,568656,-0.13241726618701305,SIMULATED,NORMAL
2026-06-17T17:24:32.101939+00:00,DION_001,568657,-0.0032635159422587517,SIMULATED,NORMAL
2026-06-17T17:24:32.112206+00:00,DION_001,568658,0.08244992844600921,SIMULATED,NORMAL
2026-06-17T17:24:32.122463+00:00,DION_001,568659,0.27550904768107004,SIMULATED,NORMAL
2026-06-17T17:24:32.132722+00:00,DION_001,568660,0.060818428347299315,SIMULATED,NORMAL
2026-06-17T17:24:32.143098+00:00,DION_001,568661,0.25609195318224903,SIMULATED,NORMAL
2026-06-17T17:24:32.153509+00:00,DION_001,568662,-0.24590901171444476,SIMULATED,NORMAL
2026-06-17T17:24:32.164039+00:00,DION_001,568663,0.0211623570896955,SIMULATED,NORMAL
2026-06-17T17:24:32.174563+00:00,DION_001,568664,0.0053649112348939515,SIMULATED,NORMAL
2026-06-17T17:24:32.185012+00:00,DION_001,568665,0.2921257945189818,SIMULATED,NORMAL
2026-06-17T17:24:32.195417+00:00,DION_001,568666,0.199576928500183,SIMULATED,NORMAL
2026-06-17T17:24:32.205942+00:00,DION_001,568667,-0.06608809367989099,SIMULATED,NORMAL
2026-06-17T17:24:32.216303+00:00,DION_001,568668,-1.5969645292665386,SIMULATED,NORMAL
2026-06-17T17:24:32.226891+00:00,DION_001,568669,-0.08157715282262416,SIMULATED,NORMAL
2026-06-17T17:24:32.237266+00:00,DION_001,568670,-0.050030795158150974,SIMULATED,NORMAL
2026-06-17T17:24:32.247618+00:00,DION_001,568671,-0.12877938916040638,SIMULATED,NORMAL
2026-06-17T17:24:32.258264+00:00,DION_001,568672,0.23891677346540413,SIMULATED,NORMAL
2026-06-17T17:24:32.268694+00:00,DION_001,568673,-0.2675001407420179,SIMULATED,NORMAL
2026-06-17T17:24:32.278919+00:00,DION_001,568674,0.09460450294177994,SIMULATED,NORMAL
2026-06-17T17:24:32.289297+00:00,DION_001,568675,-0.012372866589576523,SIMULATED,NORMAL
2026-06-17T17:24:32.299671+00:00,DION_001,568676,-0.12740506845318367,SIMULATED,NORMAL
2026-06-17T17:24:32.310153+00:00,DION_001,568677,-0.07451874036577638,SIMULATED,NORMAL
2026-06-17T17:24:32.320641+00:00,DION_001,568678,0.20233045255955015,SIMULATED,NORMAL
2026-06-17T17:24:32.331146+00:00,DION_001,568679,-0.0009275808826979121,SIMULATED,NORMAL
2026-06-17T17:24:32.341566+00:00,DION_001,568680,0.11310874300125855,SIMULATED,NORMAL
2026-06-17T17:24:32.352046+00:00,DION_001,568681,-0.0023532962777980393,SIMULATED,NORMAL
2026-06-17T17:24:32.362478+00:00,DION_001,568682,0.35454205301479064,SIMULATED,NORMAL
2026-06-17T17:24:32.372925+00:00,DION_001,568683,0.2639503069995427,SIMULATED,NORMAL
2026-06-17T17:24:32.383301+00:00,DION_001,568684,-0.08933497404588386,SIMULATED,NORMAL
2026-06-17T17:24:32.393801+00:00,DION_001,568685,0.19439931587506482,SIMULATED,NORMAL
2026-06-17T17:24:32.404291+00:00,DION_001,568686,0.05239744149460915,SIMULATED,NORMAL
2026-06-17T17:24:32.414778+00:00,DION_001,568687,0.19970280984136624,SIMULATED,NORMAL
2026-06-17T17:24:32.425308+00:00,DION_001,568688,0.30332226420304337,SIMULATED,NORMAL
2026-06-17T17:24:32.435832+00:00,DION_001,568689,0.08641715747271214,SIMULATED,NORMAL
2026-06-17T17:24:32.446306+00:00,DION_001,568690,0.4756054155858742,SIMULATED,NORMAL
2026-06-17T17:24:32.456842+00:00,DION_001,568691,0.33167796255583515,SIMULATED,NORMAL
2026-06-17T17:24:32.467239+00:00,DION_001,568692,0.35798278141681694,SIMULATED,NORMAL
2026-06-17T17:24:32.477701+00:00,DION_001,568693,0.4053810198731951,SIMULATED,NORMAL
2026-06-17T17:24:32.488471+00:00,DION_001,568694,0.4554970523712449,SIMULATED,NORMAL
2026-06-17T17:24:32.499305+00:00,DION_001,568695,0.4394922422162277,SIMULATED,NORMAL
2026-06-17T17:24:32.509783+00:00,DION_001,568696,0.7046266158511449,SIMULATED,NORMAL
2026-06-17T17:24:32.520030+00:00,DION_001,568697,0.591583155737563,SIMULATED,NORMAL
2026-06-17T17:24:32.530315+00:00,DION_001,568698,0.7484190070639488,SIMULATED,NORMAL
2026-06-17T17:24:32.540621+00:00,DION_001,568699,0.6335166644319363,SIMULATED,NORMAL
2026-06-17T17:24:32.550894+00:00,DION_001,568700,0.22772868567159865,SIMULATED,NORMAL
2026-06-17T17:24:32.561112+00:00,DION_001,568701,0.6289330702503176,SIMULATED,NORMAL
2026-06-17T17:24:32.571311+00:00,DION_001,568702,0.715859691764634,SIMULATED,NORMAL
2026-06-17T17:24:32.581626+00:00,DION_001,568703,0.9113719006321814,SIMULATED,NORMAL
2026-06-17T17:24:32.592013+00:00,DION_001,568704,0.8923681396143731,SIMULATED,NORMAL
2026-06-17T17:24:32.602507+00:00,DION_001,568705,1.0491897785316568,SIMULATED,NORMAL
2026-06-17T17:24:32.613074+00:00,DION_001,568706,1.0269661503477527,SIMULATED,NORMAL
2026-06-17T17:24:32.623625+00:00,DION_001,568707,1.1474732120849607,SIMULATED,NORMAL
2026-06-17T17:24:32.634093+00:00,DION_001,568708,1.043517387054411,SIMULATED,NORMAL
2026-06-17T17:24:32.644798+00:00,DION_001,568709,1.0347265568187156,SIMULATED,NORMAL
2026-06-17T17:24:32.655246+00:00,DION_001,568710,1.0619579152074374,SIMULATED,NORMAL
2026-06-17T17:24:32.665856+00:00,DION_001,568711,0.9758086177295113,SIMULATED,NORMAL
2026-06-17T17:24:32.676208+00:00,DION_001,568712,1.0005216497959246,SIMULATED,NORMAL
2026-06-17T17:24:32.686707+00:00,DION_001,568713,0.8586697826332059,SIMULATED,NORMAL
2026-06-17T17:24:32.697171+00:00,DION_001,568714,1.010066632101454,SIMULATED,NORMAL
2026-06-17T17:24:32.707710+00:00,DION_001,568715,1.093862229389486,SIMULATED,NORMAL
2026-06-17T17:24:32.718079+00:00,DION_001,568716,1.1021787517319315,SIMULATED,NORMAL
2026-06-17T17:24:32.728686+00:00,DION_001,568717,1.227463505602316,SIMULATED,NORMAL
2026-06-17T17:24:32.739145+00:00,DION_001,568718,0.8696255065373661,SIMULATED,NORMAL
2026-06-17T17:24:32.749618+00:00,DION_001,568719,1.0004862836758557,SIMULATED,NORMAL
2026-06-17T17:24:32.760219+00:00,DION_001,568720,1.3534340346726563,SIMULATED,NORMAL
2026-06-17T17:24:32.770661+00:00,DION_001,568721,1.2744752064191334,SIMULATED,NORMAL
2026-06-17T17:24:32.781232+00:00,DION_001,568722,4.173346085775719,SIMULATED,EVENT_DETECTED
2026-06-17T17:24:32.792081+00:00,DION_001,568723,0.749096875757495,SIMULATED,NORMAL
2026-06-17T17:24:32.802511+00:00,DION_001,568724,0.951896439483656,SIMULATED,NORMAL
2026-06-17T17:24:32.813007+00:00,DION_001,568725,1.179228100732061,SIMULATED,NORMAL
2026-06-17T17:24:32.823343+00:00,DION_001,568726,0.6928539908489979,SIMULATED,NORMAL
2026-06-17T17:24:32.833671+00:00,DION_001,568727,1.1589091798269815,SIMULATED,NORMAL
2026-06-17T17:24:32.843977+00:00,DION_001,568728,1.2225112372467315,SIMULATED,NORMAL
2026-06-17T17:24:32.854297+00:00,DION_001,568729,0.9850993790050616,SIMULATED,NORMAL
2026-06-17T17:24:32.864545+00:00,DION_001,568730,1.0255608841142336,SIMULATED,NORMAL
2026-06-17T17:24:32.874917+00:00,DION_001,568731,0.9580730221138429,SIMULATED,NORMAL
2026-06-17T17:24:32.885227+00:00,DION_001,568732,0.7741205350293087,SIMULATED,NORMAL
2026-06-17T17:24:32.895492+00:00,DION_001,568733,0.7466145528690926,SIMULATED,NORMAL
2026-06-17T17:24:32.905731+00:00,DION_001,568734,0.7468364918408845,SIMULATED,NORMAL
2026-06-17T17:24:32.916104+00:00,DION_001,568735,0.6627793377910008,SIMULATED,NORMAL
2026-06-17T17:24:32.926393+00:00,DION_001,568736,0.9434115234349789,SIMULATED,NORMAL
2026-06-17T17:24:32.936701+00:00,DION_001,568737,0.9936898217637482,SIMULATED,NORMAL
2026-06-17T17:24:32.947036+00:00,DION_001,568738,0.8094620768257086,SIMULATED,NORMAL
2026-06-17T17:24:32.957460+00:00,DION_001,568739,0.9178078915705237,SIMULATED,NORMAL
2026-06-17T17:24:32.967850+00:00,DION_001,568740,0.5838524730363022,SIMULATED,NORMAL
2026-06-17T17:24:32.978360+00:00,DION_001,568741,0.6062747819653121,SIMULATED,NORMAL
2026-06-17T17:24:32.988774+00:00,DION_001,568742,0.5763444739050025,SIMULATED,NORMAL
2026-06-17T17:24:32.999279+00:00,DION_001,568743,0.7263184141485962,SIMULATED,NORMAL
2026-06-17T17:24:33.009614+00:00,DION_001,568744,0.24639733734480856,SIMULATED,NORMAL
2026-06-17T17:24:33.020009+00:00,DION_001,568745,0.40417668660981,SIMULATED,NORMAL
2026-06-17T17:24:33.030427+00:00,DION_001,568746,0.47155068788551036,SIMULATED,NORMAL
2026-06-17T17:24:33.040947+00:00,DION_001,568747,0.4518497957962988,SIMULATED,NORMAL
2026-06-17T17:24:33.051450+00:00,DION_001,568748,0.4019557047681045,SIMULATED,NORMAL
2026-06-17T17:24:33.062035+00:00,DION_001,568749,0.2832907821007663,SIMULATED,NORMAL
2026-06-17T17:24:33.072621+00:00,DION_001,568750,0.30388655107991314,SIMULATED,NORMAL
2026-06-17T17:24:33.082943+00:00,DION_001,568751,0.4027767854686468,SIMULATED,NORMAL
2026-06-17T17:24:33.093289+00:00,DION_001,568752,0.5869450070950506,SIMULATED,NORMAL
2026-06-17T17:24:33.103555+00:00,DION_001,568753,0.5511717754956793,SIMULATED,NORMAL
2026-06-17T17:24:33.113790+00:00,DION_001,568754,0.29320770741023233,SIMULATED,NORMAL
2026-06-17T17:24:33.123976+00:00,DION_001,568755,0.38198400393006643,SIMULATED,NORMAL
2026-06-17T17:24:33.134300+00:00,DION_001,568756,0.29848056374580706,SIMULATED,NORMAL
2026-06-17T17:24:33.144761+00:00,DION_001,568757,0.43754094553286615,SIMULATED,NORMAL
2026-06-17T17:24:33.155003+00:00,DION_001,568758,0.1685778265810464,SIMULATED,NORMAL
2026-06-17T17:24:33.165325+00:00,DION_001,568759,0.28225163947354825,SIMULATED,NORMAL
2026-06-17T17:24:33.175596+00:00,DION_001,568760,0.5324433941943416,SIMULATED,NORMAL
2026-06-17T17:24:33.185800+00:00,DION_001,568761,0.4228367247622506,SIMULATED,NORMAL
2026-06-17T17:24:33.195999+00:00,DION_001,568762,0.37547644675525166,SIMULATED,NORMAL
2026-06-17T17:24:33.206290+00:00,DION_001,568763,0.812388577965152,SIMULATED,NORMAL
2026-06-17T17:24:33.216605+00:00,DION_001,568764,0.5757513364247712,SIMULATED,NORMAL
2026-06-17T17:24:33.226777+00:00,DION_001,568765,0.7014079588846159,SIMULATED,NORMAL
2026-06-17T17:24:33.236952+00:00,DION_001,568766,0.4215763843245592,SIMULATED,NORMAL
2026-06-17T17:24:33.247300+00:00,DION_001,568767,0.5676724285976786,SIMULATED,NORMAL
2026-06-17T17:24:33.257662+00:00,DION_001,568768,0.5275254823698569,SIMULATED,NORMAL
2026-06-17T17:24:33.268020+00:00,DION_001,568769,0.2519506316447926,SIMULATED,NORMAL
2026-06-17T17:24:33.278490+00:00,DION_001,568770,0.5173652420313651,SIMULATED,NORMAL
2026-06-17T17:24:33.288745+00:00,DION_001,568771,0.38626378505882636,SIMULATED,NORMAL
2026-06-17T17:24:33.299030+00:00,DION_001,568772,0.5203793701727618,SIMULATED,NORMAL
2026-06-17T17:24:33.309325+00:00,DION_001,568773,0.7553990531157265,SIMULATED,NORMAL
2026-06-17T17:24:33.319634+00:00,DION_001,568774,0.635363543100989,SIMULATED,NORMAL
2026-06-17T17:24:33.330121+00:00,DION_001,568775,0.6336680888620145,SIMULATED,NORMAL
2026-06-17T17:24:33.340322+00:00,DION_001,568776,0.8896673051446127,SIMULATED,NORMAL
2026-06-17T17:24:33.350680+00:00,DION_001,568777,0.7499645636009026,SIMULATED,NORMAL
2026-06-17T17:24:33.360873+00:00,DION_001,568778,0.9938943314626615,SIMULATED,NORMAL
2026-06-17T17:24:33.371148+00:00,DION_001,568779,0.760945284553785,SIMULATED,NORMAL
2026-06-17T17:24:33.381545+00:00,DION_001,568780,0.5900393693491635,SIMULATED,NORMAL
2026-06-17T17:24:33.392147+00:00,DION_001,568781,0.9232923306766783,SIMULATED,NORMAL
2026-06-17T17:24:33.402601+00:00,DION_001,568782,0.835009293404091,SIMULATED,NORMAL
2026-06-17T17:24:33.413280+00:00,DION_001,568783,1.0188888114622152,SIMULATED,NORMAL
2026-06-17T17:24:33.423989+00:00,DION_001,568784,1.140827677741646,SIMULATED,NORMAL
2026-06-17T17:24:33.434526+00:00,DION_001,568785,1.0432020112576257,SIMULATED,NORMAL
2026-06-17T17:24:33.444984+00:00,DION_001,568786,0.9404743474661735,SIMULATED,NORMAL
2026-06-17T17:24:33.455470+00:00,DION_001,568787,0.8478037735114267,SIMULATED,NORMAL
2026-06-17T17:24:33.465900+00:00,DION_001,568788,0.9676081677846232,SIMULATED,NORMAL
2026-06-17T17:24:33.476334+00:00,DION_001,568789,0.9139280650402949,SIMULATED,NORMAL
2026-06-17T17:24:33.486861+00:00,DION_001,568790,0.6724367050526385,SIMULATED,NORMAL
2026-06-17T17:24:33.497296+00:00,DION_001,568791,0.9303249650896381,SIMULATED,NORMAL
2026-06-17T17:24:33.507731+00:00,DION_001,568792,0.775214040055773,SIMULATED,NORMAL
2026-06-17T17:24:33.518157+00:00,DION_001,568793,0.7344435719743158,SIMULATED,NORMAL
2026-06-17T17:24:33.528619+00:00,DION_001,568794,0.8827054181551889,SIMULATED,NORMAL
2026-06-17T17:24:33.539009+00:00,DION_001,568795,0.842304376593039,SIMULATED,NORMAL
2026-06-17T17:24:33.549381+00:00,DION_001,568796,1.0901414508898102,SIMULATED,NORMAL
2026-06-17T17:24:33.559810+00:00,DION_001,568797,0.9539847322714661,SIMULATED,NORMAL
2026-06-17T17:24:33.570212+00:00,DION_001,568798,0.816789077285101,SIMULATED,NORMAL
2026-06-17T17:24:33.580703+00:00,DION_001,568799,0.9667413046445464,SIMULATED,NORMAL
2026-06-17T17:24:33.591098+00:00,DION_001,568800,1.0093385859899668,SIMULATED,NORMAL
2026-06-17T17:24:33.601419+00:00,DION_001,568801,0.9199024490912338,SIMULATED,NORMAL
2026-06-17T17:24:33.611787+00:00,DION_001,568802,0.5830403171019376,SIMULATED,NORMAL
2026-06-17T17:24:33.622193+00:00,DION_001,568803,0.6387708886652836,SIMULATED,NORMAL
2026-06-17T17:24:33.632501+00:00,DION_001,568804,0.8431432021025109,SIMULATED,NORMAL
2026-06-17T17:24:33.642941+00:00,DION_001,568805,0.6922693021564774,SIMULATED,NORMAL
2026-06-17T17:24:33.653314+00:00,DION_001,568806,0.8691455145005083,SIMULATED,NORMAL
2026-06-17T17:24:33.663686+00:00,DION_001,568807,0.7281869357876213,SIMULATED,NORMAL
2026-06-17T17:24:33.673942+00:00,DION_001,568808,0.53777573802754,SIMULATED,NORMAL
2026-06-17T17:24:33.684227+00:00,DION_001,568809,0.640825674314792,SIMULATED,NORMAL
2026-06-17T17:24:33.694657+00:00,DION_001,568810,0.8510056090205503,SIMULATED,NORMAL
2026-06-17T17:24:33.705033+00:00,DION_001,568811,0.5666381359034522,SIMULATED,NORMAL
2026-06-17T17:24:33.715756+00:00,DION_001,568812,0.46662502274900725,SIMULATED,NORMAL
2026-06-17T17:24:33.726242+00:00,DION_001,568813,0.5603275652051793,SIMULATED,NORMAL
2026-06-17T17:24:33.736684+00:00,DION_001,568814,0.2765064444497985,SIMULATED,NORMAL
2026-06-17T17:24:33.747339+00:00,DION_001,568815,0.2742662325073339,SIMULATED,NORMAL
2026-06-17T17:24:33.757842+00:00,DION_001,568816,0.3041945340220991,SIMULATED,NORMAL
2026-06-17T17:24:33.768189+00:00,DION_001,568817,0.12042644455877075,SIMULATED,NORMAL
2026-06-17T17:24:33.778500+00:00,DION_001,568818,0.21452265820373662,SIMULATED,NORMAL
2026-06-17T17:24:33.788873+00:00,DION_001,568819,0.1072592377879028,SIMULATED,NORMAL
2026-06-17T17:24:33.799231+00:00,DION_001,568820,-0.17757430249804182,SIMULATED,NORMAL
2026-06-17T17:24:33.809569+00:00,DION_001,568821,0.018527306433624463,SIMULATED,NORMAL
2026-06-17T17:24:33.819966+00:00,DION_001,568822,-0.07278755640335514,SIMULATED,NORMAL
2026-06-17T17:24:33.830463+00:00,DION_001,568823,0.10631468428149124,SIMULATED,NORMAL
2026-06-17T17:24:33.840752+00:00,DION_001,568824,-0.08861286355005121,SIMULATED,NORMAL
2026-06-17T17:24:33.851052+00:00,DION_001,568825,0.1428850081170928,SIMULATED,NORMAL
2026-06-17T17:24:33.861340+00:00,DION_001,568826,0.02151599878937996,SIMULATED,NORMAL
2026-06-17T17:24:33.871766+00:00,DION_001,568827,-0.21774958835277067,SIMULATED,NORMAL
2026-06-17T17:24:33.882082+00:00,DION_001,568828,-0.5007329825337175,SIMULATED,NORMAL
2026-06-17T17:24:33.892391+00:00,DION_001,568829,0.23092452528632235,SIMULATED,NORMAL
2026-06-17T17:24:33.902996+00:00,DION_001,568830,-0.2995866587821735,SIMULATED,NORMAL
2026-06-17T17:24:33.913343+00:00,DION_001,568831,-0.2861101882732888,SIMULATED,NORMAL
2026-06-17T17:24:33.923867+00:00,DION_001,568832,-0.0749877202865891,SIMULATED,NORMAL
2026-06-17T17:24:33.934274+00:00,DION_001,568833,-0.12897014866333467,SIMULATED,NORMAL
2026-06-17T17:24:33.944701+00:00,DION_001,568834,-0.43114774717483095,SIMULATED,NORMAL
2026-06-17T17:24:33.955201+00:00,DION_001,568835,-0.28037022236220466,SIMULATED,NORMAL
2026-06-17T17:24:33.965772+00:00,DION_001,568836,-0.09178202946286557,SIMULATED,NORMAL
2026-06-17T17:24:33.976184+00:00,DION_001,568837,-0.5900275091702055,SIMULATED,NORMAL
2026-06-17T17:24:33.986620+00:00,DION_001,568838,-0.5995611912796414,SIMULATED,NORMAL
2026-06-17T17:24:33.997038+00:00,DION_001,568839,-0.6650093687195879,SIMULATED,NORMAL
2026-06-17T17:24:34.007490+00:00,DION_001,568840,-0.2618688356565443,SIMULATED,NORMAL
2026-06-17T17:24:34.018016+00:00,DION_001,568841,-0.4791690423107725,SIMULATED,NORMAL
2026-06-17T17:24:34.028450+00:00,DION_001,568842,-0.4979291874140746,SIMULATED,NORMAL
2026-06-17T17:24:34.038850+00:00,DION_001,568843,-0.4169428233175655,SIMULATED,NORMAL
2026-06-17T17:24:34.049245+00:00,DION_001,568844,-0.5369084526047715,SIMULATED,NORMAL
2026-06-17T17:24:34.059651+00:00,DION_001,568845,-0.38600055685420437,SIMULATED,NORMAL
2026-06-17T17:24:34.070012+00:00,DION_001,568846,-0.39731380739879535,SIMULATED,NORMAL
2026-06-17T17:24:34.080318+00:00,DION_001,568847,-0.4084122278071895,SIMULATED,NORMAL
2026-06-17T17:24:34.090973+00:00,DION_001,568848,-0.28594990031145223,SIMULATED,NORMAL
2026-06-17T17:24:34.101374+00:00,DION_001,568849,-0.22169266251452435,SIMULATED,NORMAL
2026-06-17T17:24:34.111772+00:00,DION_001,568850,-0.3961704863381813,SIMULATED,NORMAL
2026-06-17T17:24:34.122260+00:00,DION_001,568851,-0.23674039364203353,SIMULATED,NORMAL
2026-06-17T17:24:34.132636+00:00,DION_001,568852,-0.24174979988256504,SIMULATED,NORMAL
2026-06-17T17:24:34.142924+00:00,DION_001,568853,-0.25583160628797175,SIMULATED,NORMAL
2026-06-17T17:24:34.153260+00:00,DION_001,568854,-0.3391644178410197,SIMULATED,NORMAL
2026-06-17T17:24:34.163558+00:00,DION_001,568855,-0.4159553045762535,SIMULATED,NORMAL
2026-06-17T17:24:34.173892+00:00,DION_001,568856,-0.12278200635571453,SIMULATED,NORMAL
2026-06-17T17:24:34.184216+00:00,DION_001,568857,-0.26452198425914636,SIMULATED,NORMAL
2026-06-17T17:24:34.194601+00:00,DION_001,568858,-0.04842945535018543,SIMULATED,NORMAL
2026-06-17T17:24:34.205056+00:00,DION_001,568859,-0.07166303201377137,SIMULATED,NORMAL
2026-06-17T17:24:34.215508+00:00,DION_001,568860,-0.10046661842655699,SIMULATED,NORMAL
2026-06-17T17:24:34.225944+00:00,DION_001,568861,0.16757057296206032,SIMULATED,NORMAL
2026-06-17T17:24:34.236403+00:00,DION_001,568862,0.23637289211437873,SIMULATED,NORMAL
2026-06-17T17:24:34.246886+00:00,DION_001,568863,-0.20678948250698245,SIMULATED,NORMAL
2026-06-17T17:24:34.257288+00:00,DION_001,568864,0.054037317491993864,SIMULATED,NORMAL
2026-06-17T17:24:34.267852+00:00,DION_001,568865,-0.07212920394589088,SIMULATED,NORMAL
2026-06-17T17:24:34.278197+00:00,DION_001,568866,-0.08709076973602477,SIMULATED,NORMAL
2026-06-17T17:24:34.288661+00:00,DION_001,568867,0.15429145178835788,SIMULATED,NORMAL
2026-06-17T17:24:34.299165+00:00,DION_001,568868,0.007235228214459835,SIMULATED,NORMAL
2026-06-17T17:24:34.309639+00:00,DION_001,568869,-0.11951907264500396,SIMULATED,NORMAL
2026-06-17T17:24:34.320139+00:00,DION_001,568870,0.053067143465600236,SIMULATED,NORMAL
2026-06-17T17:24:34.330607+00:00,DION_001,568871,-0.1936151374430288,SIMULATED,NORMAL
2026-06-17T17:24:34.341128+00:00,DION_001,568872,0.0456401336056724,SIMULATED,NORMAL
2026-06-17T17:24:34.351526+00:00,DION_001,568873,-0.02509116166860036,SIMULATED,NORMAL
2026-06-17T17:24:34.361918+00:00,DION_001,568874,-0.0774077067436496,SIMULATED,NORMAL
2026-06-17T17:24:34.372327+00:00,DION_001,568875,-0.04294748627514846,SIMULATED,NORMAL
2026-06-17T17:24:34.382840+00:00,DION_001,568876,-0.2016597254579029,SIMULATED,NORMAL
2026-06-17T17:24:34.393289+00:00,DION_001,568877,-0.1477104892338434,SIMULATED,NORMAL
2026-06-17T17:24:34.403886+00:00,DION_001,568878,0.009013476914737265,SIMULATED,NORMAL
2026-06-17T17:24:34.414373+00:00,DION_001,568879,-0.08736034261329449,SIMULATED,NORMAL
2026-06-17T17:24:34.424926+00:00,DION_001,568880,-0.23945727228097363,SIMULATED,NORMAL
2026-06-17T17:24:34.435478+00:00,DION_001,568881,-0.1499489262548997,SIMULATED,NORMAL
2026-06-17T17:24:34.445884+00:00,DION_001,568882,-0.09343473146845128,SIMULATED,NORMAL
2026-06-17T17:24:34.456287+00:00,DION_001,568883,-0.16548359119794737,SIMULATED,NORMAL
2026-06-17T17:24:34.466780+00:00,DION_001,568884,-0.17416054995213848,SIMULATED,NORMAL
2026-06-17T17:24:34.477078+00:00,DION_001,568885,-0.19559650864584452,SIMULATED,NORMAL
2026-06-17T17:24:34.487390+00:00,DION_001,568886,-0.37597179468675435,SIMULATED,NORMAL
2026-06-17T17:24:34.497749+00:00,DION_001,568887,-2.797181265904488,SIMULATED,EVENT_DETECTED
2026-06-17T17:24:34.508517+00:00,DION_001,568888,-0.027944359962798926,SIMULATED,NORMAL
2026-06-17T17:24:34.518986+00:00,DION_001,568889,-0.5241962097475148,SIMULATED,NORMAL
2026-06-17T17:24:34.529430+00:00,DION_001,568890,-0.5773547625648652,SIMULATED,NORMAL
2026-06-17T17:24:34.539969+00:00,DION_001,568891,-0.41550427377256943,SIMULATED,NORMAL
2026-06-17T17:24:34.550320+00:00,DION_001,568892,-0.6892730761393334,SIMULATED,NORMAL
2026-06-17T17:24:34.560741+00:00,DION_001,568893,-0.7891347681410352,SIMULATED,NORMAL
2026-06-17T17:24:34.571248+00:00,DION_001,568894,-0.7096901121651906,SIMULATED,NORMAL
2026-06-17T17:24:34.581739+00:00,DION_001,568895,-0.593458397491479,SIMULATED,NORMAL
2026-06-17T17:24:34.592190+00:00,DION_001,568896,-0.6712639105680756,SIMULATED,NORMAL
2026-06-17T17:24:34.602607+00:00,DION_001,568897,-0.6826866371811525,SIMULATED,NORMAL
2026-06-17T17:24:34.613100+00:00,DION_001,568898,-0.9492632107521382,SIMULATED,NORMAL
2026-06-17T17:24:34.623629+00:00,DION_001,568899,-0.7327639968303385,SIMULATED,NORMAL
2026-06-17T17:24:34.634027+00:00,DION_001,568900,-0.6424229179971204,SIMULATED,NORMAL
2026-06-17T17:24:34.644401+00:00,DION_001,568901,-0.927509226650866,SIMULATED,NORMAL
2026-06-17T17:24:34.654895+00:00,DION_001,568902,-0.6594004310011249,SIMULATED,NORMAL
2026-06-17T17:24:34.665339+00:00,DION_001,568903,-1.0845884298310466,SIMULATED,NORMAL
2026-06-17T17:24:34.675803+00:00,DION_001,568904,-1.1636644203979456,SIMULATED,NORMAL
2026-06-17T17:24:34.686246+00:00,DION_001,568905,-0.8738595875638586,SIMULATED,NORMAL
2026-06-17T17:24:34.696699+00:00,DION_001,568906,-0.9735906624735516,SIMULATED,NORMAL
2026-06-17T17:24:34.707137+00:00,DION_001,568907,-0.8224256686910566,SIMULATED,NORMAL
2026-06-17T17:24:34.717738+00:00,DION_001,568908,-0.9396198304457725,SIMULATED,NORMAL
2026-06-17T17:24:34.728259+00:00,DION_001,568909,-1.0705777466810213,SIMULATED,NORMAL
2026-06-17T17:24:34.738773+00:00,DION_001,568910,-1.0684851784224676,SIMULATED,NORMAL
2026-06-17T17:24:34.749263+00:00,DION_001,568911,-1.2831546821299324,SIMULATED,NORMAL
2026-06-17T17:24:34.759783+00:00,DION_001,568912,-1.1612708293871283,SIMULATED,NORMAL
2026-06-17T17:24:34.770162+00:00,DION_001,568913,-1.120028620998324,SIMULATED,NORMAL
2026-06-17T17:24:34.780650+00:00,DION_001,568914,-1.3041140830727385,SIMULATED,NORMAL
2026-06-17T17:24:34.791022+00:00,DION_001,568915,-1.0999022595275108,SIMULATED,NORMAL
2026-06-17T17:24:34.801394+00:00,DION_001,568916,-0.903849011124915,SIMULATED,NORMAL
2026-06-17T17:24:34.811957+00:00,DION_001,568917,-1.260977237621336,SIMULATED,NORMAL
2026-06-17T17:24:34.822507+00:00,DION_001,568918,-1.0677964907905775,SIMULATED,NORMAL
2026-06-17T17:24:34.833028+00:00,DION_001,568919,-1.0598862710024741,SIMULATED,NORMAL
2026-06-17T17:24:34.843502+00:00,DION_001,568920,-0.9833027844482295,SIMULATED,NORMAL
2026-06-17T17:24:34.854030+00:00,DION_001,568921,-1.2066102515302835,SIMULATED,NORMAL
2026-06-17T17:24:34.864531+00:00,DION_001,568922,-1.2561924305971879,SIMULATED,NORMAL
2026-06-17T17:24:34.875061+00:00,DION_001,568923,-1.0403719617603597,SIMULATED,NORMAL
2026-06-17T17:24:34.885547+00:00,DION_001,568924,-0.9566768891516961,SIMULATED,NORMAL
2026-06-17T17:24:34.896026+00:00,DION_001,568925,-1.3672375373322305,SIMULATED,NORMAL
2026-06-17T17:24:34.906397+00:00,DION_001,568926,-1.24898632657523,SIMULATED,NORMAL
2026-06-17T17:24:34.916808+00:00,DION_001,568927,-0.6334522550225321,SIMULATED,NORMAL
2026-06-17T17:24:34.927293+00:00,DION_001,568928,-1.0844981080906373,SIMULATED,NORMAL
2026-06-17T17:24:34.937862+00:00,DION_001,568929,-0.9191011614999186,SIMULATED,NORMAL
2026-06-17T17:24:34.948298+00:00,DION_001,568930,-1.0380482062505418,SIMULATED,NORMAL
2026-06-17T17:24:34.958653+00:00,DION_001,568931,-1.0365528550843737,SIMULATED,NORMAL
2026-06-17T17:24:34.969021+00:00,DION_001,568932,-0.773654754442029,SIMULATED,NORMAL
2026-06-17T17:24:34.979437+00:00,DION_001,568933,-0.9125980107882512,SIMULATED,NORMAL
2026-06-17T17:24:34.989778+00:00,DION_001,568934,-0.7584899734148197,SIMULATED,NORMAL
2026-06-17T17:24:35.000102+00:00,DION_001,568935,-0.6904782814898219,SIMULATED,NORMAL
2026-06-17T17:24:35.010532+00:00,DION_001,568936,-0.724826953423791,SIMULATED,NORMAL
2026-06-17T17:24:35.020918+00:00,DION_001,568937,-1.095818744942044,SIMULATED,NORMAL
2026-06-17T17:24:35.031326+00:00,DION_001,568938,-0.8898249147384878,SIMULATED,NORMAL
2026-06-17T17:24:35.041795+00:00,DION_001,568939,-0.5175562701375014,SIMULATED,NORMAL
2026-06-17T17:24:35.052180+00:00,DION_001,568940,-0.737501764264309,SIMULATED,NORMAL
2026-06-17T17:24:35.062641+00:00,DION_001,568941,-0.617455518282755,SIMULATED,NORMAL
2026-06-17T17:24:35.073218+00:00,DION_001,568942,-0.6270783667087069,SIMULATED,NORMAL
2026-06-17T17:24:35.083778+00:00,DION_001,568943,-0.4191503897423135,SIMULATED,NORMAL
2026-06-17T17:24:35.094237+00:00,DION_001,568944,-0.3173628114674497,SIMULATED,NORMAL
2026-06-17T17:24:35.104690+00:00,DION_001,568945,-0.7224036373187063,SIMULATED,NORMAL
2026-06-17T17:24:35.115205+00:00,DION_001,568946,-0.2631263686435378,SIMULATED,NORMAL
2026-06-17T17:24:35.125814+00:00,DION_001,568947,-0.48690071214576924,SIMULATED,NORMAL
2026-06-17T17:24:35.136290+00:00,DION_001,568948,-0.3706738522428299,SIMULATED,NORMAL
2026-06-17T17:24:35.146632+00:00,DION_001,568949,-0.34149894911399303,SIMULATED,NORMAL
2026-06-17T17:24:35.157016+00:00,DION_001,568950,-0.28787460312755564,SIMULATED,NORMAL
2026-06-17T17:24:35.167613+00:00,DION_001,568951,-0.25116115049789395,SIMULATED,NORMAL
2026-06-17T17:24:35.178058+00:00,DION_001,568952,-0.5192739668824509,SIMULATED,NORMAL
2026-06-17T17:24:35.188414+00:00,DION_001,568953,-0.37499795509474726,SIMULATED,NORMAL
2026-06-17T17:24:35.198838+00:00,DION_001,568954,-0.6193512692993339,SIMULATED,NORMAL
2026-06-17T17:24:35.209288+00:00,DION_001,568955,-0.3223511206798303,SIMULATED,NORMAL
2026-06-17T17:24:35.219673+00:00,DION_001,568956,-0.24565895473268118,SIMULATED,NORMAL
2026-06-17T17:24:35.230095+00:00,DION_001,568957,-0.387032471726533,SIMULATED,NORMAL
2026-06-17T17:24:35.241005+00:00,DION_001,568958,-0.27725875254981497,SIMULATED,NORMAL
2026-06-17T17:24:35.251463+00:00,DION_001,568959,-0.3067669957825257,SIMULATED,NORMAL
2026-06-17T17:24:35.261829+00:00,DION_001,568960,-0.44460944972804395,SIMULATED,NORMAL
2026-06-17T17:24:35.272142+00:00,DION_001,568961,-0.18365685122877995,SIMULATED,NORMAL
2026-06-17T17:24:35.282434+00:00,DION_001,568962,-0.2416702399243656,SIMULATED,NORMAL
2026-06-17T17:24:35.292674+00:00,DION_001,568963,-0.3891653101031538,SIMULATED,NORMAL
2026-06-17T17:24:35.302999+00:00,DION_001,568964,-0.32888573059487847,SIMULATED,NORMAL
2026-06-17T17:24:35.313256+00:00,DION_001,568965,-0.7373431600709927,SIMULATED,NORMAL
2026-06-17T17:24:35.323480+00:00,DION_001,568966,-0.35783122892544483,SIMULATED,NORMAL
2026-06-17T17:24:35.333722+00:00,DION_001,568967,-0.6711398015585369,SIMULATED,NORMAL
2026-06-17T17:24:35.344060+00:00,DION_001,568968,-0.43155612437817503,SIMULATED,NORMAL
2026-06-17T17:24:35.354351+00:00,DION_001,568969,-0.5822260708623846,SIMULATED,NORMAL
2026-06-17T17:24:35.364597+00:00,DION_001,568970,-0.6334607517658979,SIMULATED,NORMAL
2026-06-17T17:24:35.374803+00:00,DION_001,568971,-0.6634924035648477,SIMULATED,NORMAL
2026-06-17T17:24:35.385225+00:00,DION_001,568972,1.3130150824209221,SIMULATED,NORMAL
2026-06-17T17:24:35.396030+00:00,DION_001,568973,-0.4518049080463163,SIMULATED,NORMAL
2026-06-17T17:24:35.406711+00:00,DION_001,568974,-0.6909059021500608,SIMULATED,NORMAL
2026-06-17T17:24:35.417217+00:00,DION_001,568975,-0.44261151134073884,SIMULATED,NORMAL
2026-06-17T17:24:35.427666+00:00,DION_001,568976,-0.7270334808020188,SIMULATED,NORMAL
2026-06-17T17:24:35.438123+00:00,DION_001,568977,-0.4996314334482374,SIMULATED,NORMAL
2026-06-17T17:24:35.448679+00:00,DION_001,568978,-0.71645251651424,SIMULATED,NORMAL
2026-06-17T17:24:35.459124+00:00,DION_001,568979,-0.7252852630987991,SIMULATED,NORMAL
2026-06-17T17:24:35.469536+00:00,DION_001,568980,-0.7620610788586243,SIMULATED,NORMAL
2026-06-17T17:24:35.480126+00:00,DION_001,568981,-0.7428659265060042,SIMULATED,NORMAL
2026-06-17T17:24:35.490705+00:00,DION_001,568982,-0.8741054422164649,SIMULATED,NORMAL
2026-06-17T17:24:35.501209+00:00,DION_001,568983,-0.8467168483844085,SIMULATED,NORMAL
2026-06-17T17:24:35.511821+00:00,DION_001,568984,-0.7557126390107626,SIMULATED,NORMAL
2026-06-17T17:24:35.522296+00:00,DION_001,568985,-0.8545381049358425,SIMULATED,NORMAL
2026-06-17T17:24:35.532710+00:00,DION_001,568986,-0.7676326316438316,SIMULATED,NORMAL
2026-06-17T17:24:35.543109+00:00,DION_001,568987,-0.7001113795958547,SIMULATED,NORMAL
2026-06-17T17:24:35.553633+00:00,DION_001,568988,-0.9579507470019824,SIMULATED,NORMAL
2026-06-17T17:24:35.563994+00:00,DION_001,568989,-0.746252807659366,SIMULATED,NORMAL
2026-06-17T17:24:35.574436+00:00,DION_001,568990,-0.660675997368338,SIMULATED,NORMAL
2026-06-17T17:24:35.584788+00:00,DION_001,568991,-1.049356728487939,SIMULATED,NORMAL
2026-06-17T17:24:35.595107+00:00,DION_001,568992,-0.8987227091514595,SIMULATED,NORMAL
2026-06-17T17:24:35.605416+00:00,DION_001,568993,-0.805654031398468,SIMULATED,NORMAL
2026-06-17T17:24:35.615752+00:00,DION_001,568994,-0.7765448001605867,SIMULATED,NORMAL
2026-06-17T17:24:35.626071+00:00,DION_001,568995,-0.5984051444872955,SIMULATED,NORMAL
2026-06-17T17:24:35.636436+00:00,DION_001,568996,-0.8396896433770961,SIMULATED,NORMAL
2026-06-17T17:24:35.646847+00:00,DION_001,568997,-0.9954899377486085,SIMULATED,NORMAL
2026-06-17T17:24:35.657224+00:00,DION_001,568998,-0.9890595897384946,SIMULATED,NORMAL
2026-06-17T17:24:35.667707+00:00,DION_001,568999,-0.5349169252371717,SIMULATED,NORMAL
2026-06-17T17:24:35.677978+00:00,DION_001,569000,-0.8846441231287658,SIMULATED,NORMAL
2026-06-17T17:24:35.688350+00:00,DION_001,569001,-0.5466525953096614,SIMULATED,NORMAL
2026-06-17T17:24:35.698650+00:00,DION_001,569002,-0.937122965812018,SIMULATED,NORMAL
2026-06-17T17:24:35.709157+00:00,DION_001,569003,-0.6596502513877911,SIMULATED,NORMAL
2026-06-17T17:24:35.719724+00:00,DION_001,569004,-0.5361603501495454,SIMULATED,NORMAL
2026-06-17T17:24:35.730074+00:00,DION_001,569005,-0.7156542572381553,SIMULATED,NORMAL
2026-06-17T17:24:35.740466+00:00,DION_001,569006,-0.5038738517084821,SIMULATED,NORMAL
2026-06-17T17:24:35.750970+00:00,DION_001,569007,-0.38122344248520607,SIMULATED,NORMAL
2026-06-17T17:24:35.761425+00:00,DION_001,569008,-0.33109004545681253,SIMULATED,NORMAL
2026-06-17T17:24:35.771981+00:00,DION_001,569009,-0.48369012601228717,SIMULATED,NORMAL
2026-06-17T17:24:35.782471+00:00,DION_001,569010,-0.4008868404367101,SIMULATED,NORMAL
2026-06-17T17:24:35.793039+00:00,DION_001,569011,-0.5446358089556768,SIMULATED,NORMAL
2026-06-17T17:24:35.803646+00:00,DION_001,569012,-0.4226438063850705,SIMULATED,NORMAL
2026-06-17T17:24:35.814255+00:00,DION_001,569013,-0.024964853790412578,SIMULATED,NORMAL
2026-06-17T17:24:35.824935+00:00,DION_001,569014,-0.3012191794460929,SIMULATED,NORMAL
2026-06-17T17:24:35.835369+00:00,DION_001,569015,0.08910077990458795,SIMULATED,NORMAL
2026-06-17T17:24:35.845927+00:00,DION_001,569016,-0.24923082841699978,SIMULATED,NORMAL
2026-06-17T17:24:35.856403+00:00,DION_001,569017,-0.23849315082590145,SIMULATED,NORMAL
2026-06-17T17:24:35.867004+00:00,DION_001,569018,-0.09801850108933098,SIMULATED,NORMAL
2026-06-17T17:24:35.877539+00:00,DION_001,569019,0.3034482514180822,SIMULATED,NORMAL
2026-06-17T17:24:35.887997+00:00,DION_001,569020,0.17065775897555913,SIMULATED,NORMAL
2026-06-17T17:24:35.898442+00:00,DION_001,569021,0.0034373019556421733,SIMULATED,NORMAL
2026-06-17T17:24:35.908900+00:00,DION_001,569022,0.034293646911764925,SIMULATED,NORMAL
2026-06-17T17:24:35.919431+00:00,DION_001,569023,0.3816067177551174,SIMULATED,NORMAL
2026-06-17T17:24:35.929967+00:00,DION_001,569024,-0.08709366721154033,SIMULATED,NORMAL
2026-06-17T17:24:35.940325+00:00,DION_001,569025,-2.330236352803103,SIMULATED,EVENT_DETECTED
2026-06-17T17:24:35.951398+00:00,DION_001,569026,0.25854365346210856,SIMULATED,NORMAL
2026-06-17T17:24:35.961871+00:00,DION_001,569027,0.3665911065847731,SIMULATED,NORMAL
2026-06-17T17:24:35.972450+00:00,DION_001,569028,0.25662393358134544,SIMULATED,NORMAL
2026-06-17T17:24:35.983042+00:00,DION_001,569029,0.49199977125013816,SIMULATED,NORMAL
2026-06-17T17:24:35.993663+00:00,DION_001,569030,0.5189782885911514,SIMULATED,NORMAL
2026-06-17T17:24:36.004376+00:00,DION_001,569031,0.6299271120730326,SIMULATED,NORMAL
2026-06-17T17:24:36.015064+00:00,DION_001,569032,0.43783783120330305,SIMULATED,NORMAL
2026-06-17T17:24:36.025525+00:00,DION_001,569033,0.3719252557281472,SIMULATED,NORMAL
2026-06-17T17:24:36.035975+00:00,DION_001,569034,0.5145751869923838,SIMULATED,NORMAL
2026-06-17T17:24:36.046593+00:00,DION_001,569035,0.21194904482691157,SIMULATED,NORMAL
2026-06-17T17:24:36.057038+00:00,DION_001,569036,0.3647167479246626,SIMULATED,NORMAL
2026-06-17T17:24:36.067597+00:00,DION_001,569037,0.555586432796226,SIMULATED,NORMAL
2026-06-17T17:24:36.078121+00:00,DION_001,569038,0.5523301076579578,SIMULATED,NORMAL
2026-06-17T17:24:36.088770+00:00,DION_001,569039,0.5652611198026956,SIMULATED,NORMAL
2026-06-17T17:24:36.099355+00:00,DION_001,569040,0.48531748599742647,SIMULATED,NORMAL
2026-06-17T17:24:36.109739+00:00,DION_001,569041,0.08499073262696794,SIMULATED,NORMAL
2026-06-17T17:24:36.120138+00:00,DION_001,569042,0.46883842112470814,SIMULATED,NORMAL
2026-06-17T17:24:36.130725+00:00,DION_001,569043,0.5565726606800441,SIMULATED,NORMAL
2026-06-17T17:24:36.141295+00:00,DION_001,569044,0.5091762022651442,SIMULATED,NORMAL
2026-06-17T17:24:36.151876+00:00,DION_001,569045,0.26934070016583556,SIMULATED,NORMAL
2026-06-17T17:24:36.162366+00:00,DION_001,569046,0.5172750158134418,SIMULATED,NORMAL
2026-06-17T17:24:36.172703+00:00,DION_001,569047,0.01342519136705872,SIMULATED,NORMAL
2026-06-17T17:24:36.183073+00:00,DION_001,569048,0.8656032245444387,SIMULATED,NORMAL
2026-06-17T17:24:36.193447+00:00,DION_001,569049,0.6498564092094884,SIMULATED,NORMAL
2026-06-17T17:24:36.203716+00:00,DION_001,569050,0.28803408227034843,SIMULATED,NORMAL
2026-06-17T17:24:36.214093+00:00,DION_001,569051,0.354260891083757,SIMULATED,NORMAL
2026-06-17T17:24:36.224456+00:00,DION_001,569052,0.47480237929977825,SIMULATED,NORMAL
2026-06-17T17:24:36.234950+00:00,DION_001,569053,0.38817895621742426,SIMULATED,NORMAL
2026-06-17T17:24:36.245384+00:00,DION_001,569054,0.4911617264018801,SIMULATED,NORMAL
2026-06-17T17:24:36.255851+00:00,DION_001,569055,0.3252047400242611,SIMULATED,NORMAL
2026-06-17T17:24:36.266294+00:00,DION_001,569056,0.22282256856204533,SIMULATED,NORMAL
2026-06-17T17:24:36.276663+00:00,DION_001,569057,0.2470099561024388,SIMULATED,NORMAL
2026-06-17T17:24:36.287065+00:00,DION_001,569058,0.397671896807661,SIMULATED,NORMAL
2026-06-17T17:24:36.297403+00:00,DION_001,569059,0.29216945870552596,SIMULATED,NORMAL
2026-06-17T17:24:36.307793+00:00,DION_001,569060,0.377320169177345,SIMULATED,NORMAL
2026-06-17T17:24:36.318481+00:00,DION_001,569061,0.09376303860396822,SIMULATED,NORMAL
2026-06-17T17:24:36.328816+00:00,DION_001,569062,0.06591965178243758,SIMULATED,NORMAL
2026-06-17T17:24:36.339199+00:00,DION_001,569063,0.18855376661516185,SIMULATED,NORMAL
2026-06-17T17:24:36.349557+00:00,DION_001,569064,-0.1012427522933369,SIMULATED,NORMAL
2026-06-17T17:24:36.359776+00:00,DION_001,569065,0.3921093966265337,SIMULATED,NORMAL
2026-06-17T17:24:36.369999+00:00,DION_001,569066,-0.09526347912684574,SIMULATED,NORMAL
2026-06-17T17:24:36.380280+00:00,DION_001,569067,0.10114205795872495,SIMULATED,NORMAL
2026-06-17T17:24:36.390687+00:00,DION_001,569068,0.2987056664804021,SIMULATED,NORMAL
2026-06-17T17:24:36.401074+00:00,DION_001,569069,0.15226827371451462,SIMULATED,NORMAL
2026-06-17T17:24:36.411519+00:00,DION_001,569070,0.19010366797630535,SIMULATED,NORMAL
2026-06-17T17:24:36.422057+00:00,DION_001,569071,0.3514362185018297,SIMULATED,NORMAL
2026-06-17T17:24:36.432614+00:00,DION_001,569072,-0.08099218743620215,SIMULATED,NORMAL
2026-06-17T17:24:36.443127+00:00,DION_001,569073,0.25956782144167767,SIMULATED,NORMAL
2026-06-17T17:24:36.453723+00:00,DION_001,569074,0.10174681144431064,SIMULATED,NORMAL
2026-06-17T17:24:36.464143+00:00,DION_001,569075,0.5724338966475147,SIMULATED,NORMAL
2026-06-17T17:24:36.474680+00:00,DION_001,569076,0.08831329734929386,SIMULATED,NORMAL
2026-06-17T17:24:36.485178+00:00,DION_001,569077,0.046137786397214386,SIMULATED,NORMAL
2026-06-17T17:24:36.495721+00:00,DION_001,569078,0.28323475357203887,SIMULATED,NORMAL
2026-06-17T17:24:36.506181+00:00,DION_001,569079,0.38495128438467185,SIMULATED,NORMAL
2026-06-17T17:24:36.516654+00:00,DION_001,569080,0.2021171358700051,SIMULATED,NORMAL
2026-06-17T17:24:36.527049+00:00,DION_001,569081,0.24666420907856598,SIMULATED,NORMAL
2026-06-17T17:24:36.537554+00:00,DION_001,569082,0.2328282368736572,SIMULATED,NORMAL
2026-06-17T17:24:36.548051+00:00,DION_001,569083,0.41579647879045184,SIMULATED,NORMAL
2026-06-17T17:24:36.558675+00:00,DION_001,569084,0.6696352308544429,SIMULATED,NORMAL
2026-06-17T17:24:36.569403+00:00,DION_001,569085,0.35564756625050103,SIMULATED,NORMAL
2026-06-17T17:24:36.579852+00:00,DION_001,569086,0.39204419597805396,SIMULATED,NORMAL
2026-06-17T17:24:36.590420+00:00,DION_001,569087,0.367410620545661,SIMULATED,NORMAL
2026-06-17T17:24:36.601000+00:00,DION_001,569088,0.4543496711393385,SIMULATED,NORMAL
2026-06-17T17:24:36.611500+00:00,DION_001,569089,0.6265044241089894,SIMULATED,NORMAL
2026-06-17T17:24:36.621961+00:00,DION_001,569090,-1.2748577131192342,SIMULATED,NORMAL
2026-06-17T17:24:36.632432+00:00,DION_001,569091,0.4629887307978923,SIMULATED,NORMAL
2026-06-17T17:24:36.642964+00:00,DION_001,569092,0.4754045922913749,SIMULATED,NORMAL
2026-06-17T17:24:36.653270+00:00,DION_001,569093,0.40193184596920795,SIMULATED,NORMAL
2026-06-17T17:24:36.663625+00:00,DION_001,569094,0.601162710358498,SIMULATED,NORMAL
2026-06-17T17:24:36.674080+00:00,DION_001,569095,0.9076459982998619,SIMULATED,NORMAL
2026-06-17T17:24:36.684439+00:00,DION_001,569096,0.9922534120805804,SIMULATED,NORMAL
2026-06-17T17:24:36.694796+00:00,DION_001,569097,0.8127343184160447,SIMULATED,NORMAL
2026-06-17T17:24:36.705245+00:00,DION_001,569098,0.5188336239367936,SIMULATED,NORMAL
2026-06-17T17:24:36.715533+00:00,DION_001,569099,0.7882857753246397,SIMULATED,NORMAL
2026-06-17T17:24:36.725994+00:00,DION_001,569100,0.8231324296619377,SIMULATED,NORMAL
2026-06-17T17:24:36.736316+00:00,DION_001,569101,1.1909856471927247,SIMULATED,NORMAL
2026-06-17T17:24:36.746710+00:00,DION_001,569102,0.9732437373691545,SIMULATED,NORMAL
2026-06-17T17:24:36.757060+00:00,DION_001,569103,1.0408272448183393,SIMULATED,NORMAL
2026-06-17T17:24:36.767325+00:00,DION_001,569104,1.1823911178113038,SIMULATED,NORMAL
2026-06-17T17:24:36.777561+00:00,DION_001,569105,1.3407209850118051,SIMULATED,NORMAL
2026-06-17T17:24:36.787882+00:00,DION_001,569106,0.6948541878871303,SIMULATED,NORMAL
2026-06-17T17:24:36.798474+00:00,DION_001,569107,0.9492709796420928,SIMULATED,NORMAL
2026-06-17T17:24:36.808987+00:00,DION_001,569108,1.1809470942512876,SIMULATED,NORMAL
2026-06-17T17:24:36.819803+00:00,DION_001,569109,1.2703148281983991,SIMULATED,NORMAL
2026-06-17T17:24:36.830232+00:00,DION_001,569110,1.2068439029995799,SIMULATED,NORMAL
2026-06-17T17:24:36.840834+00:00,DION_001,569111,0.985315222487702,SIMULATED,NORMAL
2026-06-17T17:24:36.851433+00:00,DION_001,569112,0.8806942411456031,SIMULATED,NORMAL
2026-06-17T17:24:36.861979+00:00,DION_001,569113,0.977721329043871,SIMULATED,NORMAL
2026-06-17T17:24:36.872443+00:00,DION_001,569114,1.1138926457130782,SIMULATED,NORMAL
2026-06-17T17:24:36.883023+00:00,DION_001,569115,1.6373724491720982,SIMULATED,NORMAL
2026-06-17T17:24:36.893469+00:00,DION_001,569116,1.3188224039971486,SIMULATED,NORMAL
2026-06-17T17:24:36.903929+00:00,DION_001,569117,1.2299654763733818,SIMULATED,NORMAL
2026-06-17T17:24:36.914543+00:00,DION_001,569118,1.2448670037574148,SIMULATED,NORMAL
2026-06-17T17:24:36.924958+00:00,DION_001,569119,1.3594919036735258,SIMULATED,NORMAL
2026-06-17T17:24:36.935391+00:00,DION_001,569120,3.8077848546387236,SIMULATED,EVENT_DETECTED
2026-06-17T17:24:36.945994+00:00,DION_001,569121,0.909019999458536,SIMULATED,NORMAL
2026-06-17T17:24:36.956447+00:00,DION_001,569122,1.121374694454964,SIMULATED,NORMAL
2026-06-17T17:24:36.966927+00:00,DION_001,569123,1.262369616969627,SIMULATED,NORMAL
2026-06-17T17:24:36.977325+00:00,DION_001,569124,1.0252919813507837,SIMULATED,NORMAL
2026-06-17T17:24:36.987846+00:00,DION_001,569125,0.8229903693375897,SIMULATED,NORMAL
2026-06-17T17:24:36.998275+00:00,DION_001,569126,1.0153421584148516,SIMULATED,NORMAL
2026-06-17T17:24:37.008755+00:00,DION_001,569127,1.0912765332907022,SIMULATED,NORMAL
2026-06-17T17:24:37.019276+00:00,DION_001,569128,1.203088035226575,SIMULATED,NORMAL
2026-06-17T17:24:37.029817+00:00,DION_001,569129,0.9346874766598747,SIMULATED,NORMAL
2026-06-17T17:24:37.040326+00:00,DION_001,569130,0.696480257362375,SIMULATED,NORMAL
2026-06-17T17:24:37.050676+00:00,DION_001,569131,0.837304960522617,SIMULATED,NORMAL
2026-06-17T17:24:37.061135+00:00,DION_001,569132,0.9597706202944717,SIMULATED,NORMAL
2026-06-17T17:24:37.071530+00:00,DION_001,569133,0.6163574603982238,SIMULATED,NORMAL
2026-06-17T17:24:37.081944+00:00,DION_001,569134,0.7011768399001044,SIMULATED,NORMAL
2026-06-17T17:24:37.092364+00:00,DION_001,569135,0.5993058792177889,SIMULATED,NORMAL
2026-06-17T17:24:37.102900+00:00,DION_001,569136,0.7993105141512303,SIMULATED,NORMAL
2026-06-17T17:24:37.113384+00:00,DION_001,569137,0.9390274201192003,SIMULATED,NORMAL
2026-06-17T17:24:37.123792+00:00,DION_001,569138,0.6556778468072626,SIMULATED,NORMAL
2026-06-17T17:24:37.134225+00:00,DION_001,569139,0.6967587829472717,SIMULATED,NORMAL
2026-06-17T17:24:37.144776+00:00,DION_001,569140,0.5847931450211189,SIMULATED,NORMAL
2026-06-17T17:24:37.155114+00:00,DION_001,569141,0.544306102504911,SIMULATED,NORMAL
2026-06-17T17:24:37.165519+00:00,DION_001,569142,0.7752083524152302,SIMULATED,NORMAL
2026-06-17T17:24:37.175981+00:00,DION_001,569143,0.9086501990774594,SIMULATED,NORMAL
2026-06-17T17:24:37.186329+00:00,DION_001,569144,0.2700062242178909,SIMULATED,NORMAL
2026-06-17T17:24:37.196730+00:00,DION_001,569145,0.4969206740606902,SIMULATED,NORMAL
2026-06-17T17:24:37.207106+00:00,DION_001,569146,0.6266150603654052,SIMULATED,NORMAL
2026-06-17T17:24:37.217607+00:00,DION_001,569147,0.5825928254002262,SIMULATED,NORMAL
2026-06-17T17:24:37.228089+00:00,DION_001,569148,0.5527062578596645,SIMULATED,NORMAL
2026-06-17T17:24:37.238445+00:00,DION_001,569149,0.4519013176739853,SIMULATED,NORMAL
2026-06-17T17:24:37.248771+00:00,DION_001,569150,0.1498076659836832,SIMULATED,NORMAL
2026-06-17T17:24:37.259104+00:00,DION_001,569151,0.48284134129799255,SIMULATED,NORMAL
2026-06-17T17:24:37.269591+00:00,DION_001,569152,0.28088470487957107,SIMULATED,NORMAL
2026-06-17T17:24:37.279989+00:00,DION_001,569153,0.2415250195425109,SIMULATED,NORMAL
2026-06-17T17:24:37.290261+00:00,DION_001,569154,0.3200710169986952,SIMULATED,NORMAL
2026-06-17T17:24:37.300688+00:00,DION_001,569155,0.14185367103189297,SIMULATED,NORMAL
2026-06-17T17:24:37.311213+00:00,DION_001,569156,0.2621802719280455,SIMULATED,NORMAL
2026-06-17T17:24:37.321643+00:00,DION_001,569157,0.5566881717196448,SIMULATED,NORMAL
2026-06-17T17:24:37.332027+00:00,DION_001,569158,0.09353393404911456,SIMULATED,NORMAL
2026-06-17T17:24:37.342367+00:00,DION_001,569159,0.3289773515370407,SIMULATED,NORMAL
2026-06-17T17:24:37.352681+00:00,DION_001,569160,0.2768688363837441,SIMULATED,NORMAL
2026-06-17T17:24:37.363093+00:00,DION_001,569161,-0.0039242645350205385,SIMULATED,NORMAL
2026-06-17T17:24:37.373418+00:00,DION_001,569162,0.43345365993156093,SIMULATED,NORMAL
2026-06-17T17:24:37.383825+00:00,DION_001,569163,0.5366569640492083,SIMULATED,NORMAL
2026-06-17T17:24:37.394188+00:00,DION_001,569164,0.34138591189968204,SIMULATED,NORMAL
2026-06-17T17:24:37.404524+00:00,DION_001,569165,0.3226451075462126,SIMULATED,NORMAL
2026-06-17T17:24:37.414942+00:00,DION_001,569166,0.35107341456989205,SIMULATED,NORMAL
2026-06-17T17:24:37.425404+00:00,DION_001,569167,0.33686714770993326,SIMULATED,NORMAL
2026-06-17T17:24:37.435710+00:00,DION_001,569168,0.3734173229616749,SIMULATED,NORMAL
2026-06-17T17:24:37.445934+00:00,DION_001,569169,0.4823551656473398,SIMULATED,NORMAL
2026-06-17T17:24:37.456127+00:00,DION_001,569170,0.43338068042236055,SIMULATED,NORMAL
2026-06-17T17:24:37.466340+00:00,DION_001,569171,0.2899066847207849,SIMULATED,NORMAL
2026-06-17T17:24:37.476528+00:00,DION_001,569172,0.20539349989995032,SIMULATED,NORMAL
2026-06-17T17:24:37.486775+00:00,DION_001,569173,0.7112435024238324,SIMULATED,NORMAL
2026-06-17T17:24:37.497078+00:00,DION_001,569174,0.6663244060939855,SIMULATED,NORMAL
2026-06-17T17:24:37.507521+00:00,DION_001,569175,0.6142687792659555,SIMULATED,NORMAL
2026-06-17T17:24:37.517950+00:00,DION_001,569176,0.201553065436826,SIMULATED,NORMAL
2026-06-17T17:24:37.528402+00:00,DION_001,569177,0.5185513516491008,SIMULATED,NORMAL
2026-06-17T17:24:37.538947+00:00,DION_001,569178,0.5472345831228492,SIMULATED,NORMAL
2026-06-17T17:24:37.549479+00:00,DION_001,569179,0.5561099944442988,SIMULATED,NORMAL
2026-06-17T17:24:37.559975+00:00,DION_001,569180,0.7877117101733513,SIMULATED,NORMAL
2026-06-17T17:24:37.570404+00:00,DION_001,569181,0.6019595319626816,SIMULATED,NORMAL
2026-06-17T17:24:37.580864+00:00,DION_001,569182,0.6610165744638292,SIMULATED,NORMAL
2026-06-17T17:24:37.591416+00:00,DION_001,569183,0.7899459248124298,SIMULATED,NORMAL
2026-06-17T17:24:37.601809+00:00,DION_001,569184,0.9244417439275976,SIMULATED,NORMAL
2026-06-17T17:24:37.612299+00:00,DION_001,569185,0.6405529323900798,SIMULATED,NORMAL
2026-06-17T17:24:37.622794+00:00,DION_001,569186,0.5336269228181026,SIMULATED,NORMAL
2026-06-17T17:24:37.633137+00:00,DION_001,569187,0.8686618420010732,SIMULATED,NORMAL
2026-06-17T17:24:37.643586+00:00,DION_001,569188,0.6731946159973297,SIMULATED,NORMAL
2026-06-17T17:24:37.654143+00:00,DION_001,569189,0.5580699560595653,SIMULATED,NORMAL
2026-06-17T17:24:37.664522+00:00,DION_001,569190,1.012075205771803,SIMULATED,NORMAL
2026-06-17T17:24:37.675133+00:00,DION_001,569191,0.9831086042865592,SIMULATED,NORMAL
2026-06-17T17:24:37.685572+00:00,DION_001,569192,0.6978864528339018,SIMULATED,NORMAL
2026-06-17T17:24:37.696112+00:00,DION_001,569193,0.941588109201137,SIMULATED,NORMAL
2026-06-17T17:24:37.706612+00:00,DION_001,569194,0.8861567438436411,SIMULATED,NORMAL
2026-06-17T17:24:37.716996+00:00,DION_001,569195,1.0775607303517958,SIMULATED,NORMAL
2026-06-17T17:24:37.727534+00:00,DION_001,569196,0.948804887682971,SIMULATED,NORMAL
2026-06-17T17:24:37.738015+00:00,DION_001,569197,0.8511811287188825,SIMULATED,NORMAL
2026-06-17T17:24:37.748497+00:00,DION_001,569198,0.7026990212116075,SIMULATED,NORMAL
2026-06-17T17:24:37.758992+00:00,DION_001,569199,0.6066314131449523,SIMULATED,NORMAL
2026-06-17T17:24:37.769420+00:00,DION_001,569200,0.676430017346981,SIMULATED,NORMAL
2026-06-17T17:24:37.779850+00:00,DION_001,569201,0.5984734925132463,SIMULATED,NORMAL
2026-06-17T17:24:37.790203+00:00,DION_001,569202,0.5129485336152736,SIMULATED,NORMAL
2026-06-17T17:24:37.800485+00:00,DION_001,569203,0.6934109489834192,SIMULATED,NORMAL
2026-06-17T17:24:37.811066+00:00,DION_001,569204,0.7960848020971667,SIMULATED,NORMAL
2026-06-17T17:24:37.821329+00:00,DION_001,569205,0.6532772813015193,SIMULATED,NORMAL
2026-06-17T17:24:37.831738+00:00,DION_001,569206,0.4838801615367404,SIMULATED,NORMAL
2026-06-17T17:24:37.842200+00:00,DION_001,569207,0.3634455173635146,SIMULATED,NORMAL
2026-06-17T17:24:37.852501+00:00,DION_001,569208,0.296901343617977,SIMULATED,NORMAL
2026-06-17T17:24:37.863078+00:00,DION_001,569209,0.4346733626883179,SIMULATED,NORMAL
2026-06-17T17:24:37.873445+00:00,DION_001,569210,0.34038833787385636,SIMULATED,NORMAL
2026-06-17T17:24:37.883796+00:00,DION_001,569211,0.16398703993407135,SIMULATED,NORMAL
2026-06-17T17:24:37.894281+00:00,DION_001,569212,0.08272171099010456,SIMULATED,NORMAL
2026-06-17T17:24:37.904772+00:00,DION_001,569213,-0.14215628270942612,SIMULATED,NORMAL
2026-06-17T17:24:37.915220+00:00,DION_001,569214,0.4062812332334905,SIMULATED,NORMAL
2026-06-17T17:24:37.925526+00:00,DION_001,569215,-0.06593254540765922,SIMULATED,NORMAL
2026-06-17T17:24:37.935971+00:00,DION_001,569216,-0.11405927535161244,SIMULATED,NORMAL
2026-06-17T17:24:37.946435+00:00,DION_001,569217,-0.2087915216509947,SIMULATED,NORMAL
2026-06-17T17:24:37.956852+00:00,DION_001,569218,-0.46672167829867184,SIMULATED,NORMAL
2026-06-17T17:24:37.967444+00:00,DION_001,569219,0.02042549182764622,SIMULATED,NORMAL
2026-06-17T17:24:37.977926+00:00,DION_001,569220,-0.07943534237372593,SIMULATED,NORMAL
2026-06-17T17:24:37.988414+00:00,DION_001,569221,-0.17283820315524176,SIMULATED,NORMAL
2026-06-17T17:24:37.999004+00:00,DION_001,569222,-0.17104516200366043,SIMULATED,NORMAL
2026-06-17T17:24:38.009517+00:00,DION_001,569223,-0.15788715108716556,SIMULATED,NORMAL
2026-06-17T17:24:38.020087+00:00,DION_001,569224,-0.42093515479831267,SIMULATED,NORMAL
2026-06-17T17:24:38.030517+00:00,DION_001,569225,-0.5680816515266864,SIMULATED,NORMAL
2026-06-17T17:24:38.040869+00:00,DION_001,569226,-0.36996141646461445,SIMULATED,NORMAL
2026-06-17T17:24:38.051438+00:00,DION_001,569227,-0.4339691983970102,SIMULATED,NORMAL
2026-06-17T17:24:38.061896+00:00,DION_001,569228,-0.6070517486544411,SIMULATED,NORMAL
2026-06-17T17:24:38.072258+00:00,DION_001,569229,-0.47067087353099274,SIMULATED,NORMAL
2026-06-17T17:24:38.082639+00:00,DION_001,569230,-0.35848125923019947,SIMULATED,NORMAL
2026-06-17T17:24:38.093053+00:00,DION_001,569231,-0.6890495301113833,SIMULATED,NORMAL
2026-06-17T17:24:38.103389+00:00,DION_001,569232,-0.45081947437621683,SIMULATED,NORMAL
2026-06-17T17:24:38.113766+00:00,DION_001,569233,-0.48417600030630936,SIMULATED,NORMAL
2026-06-17T17:24:38.124237+00:00,DION_001,569234,-0.5013492191809036,SIMULATED,NORMAL
2026-06-17T17:24:38.134619+00:00,DION_001,569235,-0.7179726251672044,SIMULATED,NORMAL
2026-06-17T17:24:38.145022+00:00,DION_001,569236,-0.7041617400109436,SIMULATED,NORMAL
2026-06-17T17:24:38.155389+00:00,DION_001,569237,-0.8997905627856737,SIMULATED,NORMAL
2026-06-17T17:24:38.165704+00:00,DION_001,569238,-0.7526173230200771,SIMULATED,NORMAL
2026-06-17T17:24:38.176006+00:00,DION_001,569239,-0.6490589070437311,SIMULATED,NORMAL
2026-06-17T17:24:38.186321+00:00,DION_001,569240,-0.6019546115786086,SIMULATED,NORMAL
2026-06-17T17:24:38.196796+00:00,DION_001,569241,-0.6783063941093421,SIMULATED,NORMAL
2026-06-17T17:24:38.207333+00:00,DION_001,569242,-0.5635488460293344,SIMULATED,NORMAL
2026-06-17T17:24:38.217821+00:00,DION_001,569243,-0.8865136614604385,SIMULATED,NORMAL
2026-06-17T17:24:38.228294+00:00,DION_001,569244,-0.31872317487259083,SIMULATED,NORMAL
2026-06-17T17:24:38.238689+00:00,DION_001,569245,-0.645493931734642,SIMULATED,NORMAL
2026-06-17T17:24:38.249002+00:00,DION_001,569246,-0.6179120572227942,SIMULATED,NORMAL
2026-06-17T17:24:38.259409+00:00,DION_001,569247,-0.707292037327877,SIMULATED,NORMAL
2026-06-17T17:24:38.269981+00:00,DION_001,569248,-0.6621359845879786,SIMULATED,NORMAL
2026-06-17T17:24:38.280530+00:00,DION_001,569249,-0.30981034101177485,SIMULATED,NORMAL
2026-06-17T17:24:38.291029+00:00,DION_001,569250,-0.5548274785991743,SIMULATED,NORMAL
2026-06-17T17:24:38.301446+00:00,DION_001,569251,-0.482485992503999,SIMULATED,NORMAL
2026-06-17T17:24:38.311767+00:00,DION_001,569252,-0.8616983170536903,SIMULATED,NORMAL
2026-06-17T17:24:38.322266+00:00,DION_001,569253,-0.2356227883180091,SIMULATED,NORMAL
2026-06-17T17:24:38.332842+00:00,DION_001,569254,-0.18840924806774612,SIMULATED,NORMAL
2026-06-17T17:24:38.343306+00:00,DION_001,569255,-0.5537921740924246,SIMULATED,NORMAL
2026-06-17T17:24:38.353840+00:00,DION_001,569256,-0.48065490149596235,SIMULATED,NORMAL
2026-06-17T17:24:38.364363+00:00,DION_001,569257,-0.5122208067396355,SIMULATED,NORMAL
2026-06-17T17:24:38.375050+00:00,DION_001,569258,-0.09049235890320848,SIMULATED,NORMAL
2026-06-17T17:24:38.385479+00:00,DION_001,569259,-0.3610205439811501,SIMULATED,NORMAL
2026-06-17T17:24:38.396027+00:00,DION_001,569260,-0.14204267906294032,SIMULATED,NORMAL
2026-06-17T17:24:38.406627+00:00,DION_001,569261,-0.3735294926703534,SIMULATED,NORMAL
2026-06-17T17:24:38.417298+00:00,DION_001,569262,-0.24136192919851474,SIMULATED,NORMAL
2026-06-17T17:24:38.427752+00:00,DION_001,569263,-0.16217012408474468,SIMULATED,NORMAL
2026-06-17T17:24:38.438292+00:00,DION_001,569264,-0.2577972332736309,SIMULATED,NORMAL
2026-06-17T17:24:38.448847+00:00,DION_001,569265,-0.31158904530274373,SIMULATED,NORMAL
2026-06-17T17:24:38.459256+00:00,DION_001,569266,-0.16248085519908773,SIMULATED,NORMAL
2026-06-17T17:24:38.469744+00:00,DION_001,569267,-0.008876114603284135,SIMULATED,NORMAL
2026-06-17T17:24:38.480163+00:00,DION_001,569268,-0.06240681759112751,SIMULATED,NORMAL
2026-06-17T17:24:38.490693+00:00,DION_001,569269,-0.15302498866257375,SIMULATED,NORMAL
2026-06-17T17:24:38.501092+00:00,DION_001,569270,-0.028302510131603426,SIMULATED,NORMAL
2026-06-17T17:24:38.511519+00:00,DION_001,569271,-0.19409259508204646,SIMULATED,NORMAL
2026-06-17T17:24:38.521834+00:00,DION_001,569272,-0.11353957576865371,SIMULATED,NORMAL
2026-06-17T17:24:38.532086+00:00,DION_001,569273,-0.2717152887853793,SIMULATED,NORMAL
2026-06-17T17:24:38.542354+00:00,DION_001,569274,-0.5954350212353903,SIMULATED,NORMAL
2026-06-17T17:24:38.552611+00:00,DION_001,569275,-0.3180725892717724,SIMULATED,NORMAL
2026-06-17T17:24:38.562918+00:00,DION_001,569276,-0.14300648580720288,SIMULATED,NORMAL
2026-06-17T17:24:38.573371+00:00,DION_001,569277,-0.2730165177332547,SIMULATED,NORMAL
2026-06-17T17:24:38.583806+00:00,DION_001,569278,-0.12081287094377421,SIMULATED,NORMAL
2026-06-17T17:24:38.594334+00:00,DION_001,569279,-0.285404738892284,SIMULATED,NORMAL
2026-06-17T17:24:38.604855+00:00,DION_001,569280,-0.17621081658834498,SIMULATED,NORMAL
2026-06-17T17:24:38.615351+00:00,DION_001,569281,-0.3259619755850496,SIMULATED,NORMAL
2026-06-17T17:24:38.625888+00:00,DION_001,569282,-0.3883565071252568,SIMULATED,NORMAL
2026-06-17T17:24:38.636342+00:00,DION_001,569283,-0.5390379213018466,SIMULATED,NORMAL
2026-06-17T17:24:38.646732+00:00,DION_001,569284,-0.3735706225426952,SIMULATED,NORMAL
2026-06-17T17:24:38.657218+00:00,DION_001,569285,-0.8780347552028935,SIMULATED,NORMAL
2026-06-17T17:24:38.667621+00:00,DION_001,569286,-0.3119726244472895,SIMULATED,NORMAL
2026-06-17T17:24:38.678052+00:00,DION_001,569287,-0.47658921653460573,SIMULATED,NORMAL
2026-06-17T17:24:38.688418+00:00,DION_001,569288,-2.181022479699493,SIMULATED,EVENT_DETECTED
2026-06-17T17:24:38.699074+00:00,DION_001,569289,-0.3383169683757149,SIMULATED,NORMAL
2026-06-17T17:24:38.709404+00:00,DION_001,569290,-0.7189306504096895,SIMULATED,NORMAL
2026-06-17T17:24:38.719614+00:00,DION_001,569291,-0.4083476562803334,SIMULATED,NORMAL
2026-06-17T17:24:38.729829+00:00,DION_001,569292,-0.5647130907992651,SIMULATED,NORMAL
2026-06-17T17:24:38.740096+00:00,DION_001,569293,-0.8035357039370831,SIMULATED,NORMAL
2026-06-17T17:24:38.750322+00:00,DION_001,569294,-0.5186500521889736,SIMULATED,NORMAL
2026-06-17T17:24:38.760605+00:00,DION_001,569295,-0.7040316350199092,SIMULATED,NORMAL
2026-06-17T17:24:38.770834+00:00,DION_001,569296,-0.8658100402721668,SIMULATED,NORMAL
2026-06-17T17:24:38.781085+00:00,DION_001,569297,-0.7405418918054816,SIMULATED,NORMAL
2026-06-17T17:24:38.791299+00:00,DION_001,569298,-0.8227125307288995,SIMULATED,NORMAL
2026-06-17T17:24:38.801516+00:00,DION_001,569299,-0.6339675266152509,SIMULATED,NORMAL
2026-06-17T17:24:38.811836+00:00,DION_001,569300,-1.1058463202128488,SIMULATED,NORMAL
2026-06-17T17:24:38.822274+00:00,DION_001,569301,-0.9625591189327283,SIMULATED,NORMAL
2026-06-17T17:24:38.832778+00:00,DION_001,569302,-1.092806185614859,SIMULATED,NORMAL
2026-06-17T17:24:38.843196+00:00,DION_001,569303,-0.9868957333503566,SIMULATED,NORMAL
2026-06-17T17:24:38.853675+00:00,DION_001,569304,-1.0301258248154994,SIMULATED,NORMAL
2026-06-17T17:24:38.864186+00:00,DION_001,569305,-0.9883717641254031,SIMULATED,NORMAL
2026-06-17T17:24:38.874490+00:00,DION_001,569306,-1.084309490046027,SIMULATED,NORMAL
2026-06-17T17:24:38.884992+00:00,DION_001,569307,-0.969316966353547,SIMULATED,NORMAL
2026-06-17T17:24:38.895404+00:00,DION_001,569308,-1.0676175598896922,SIMULATED,NORMAL
2026-06-17T17:24:38.905900+00:00,DION_001,569309,-1.0991871424932378,SIMULATED,NORMAL
2026-06-17T17:24:38.916408+00:00,DION_001,569310,-1.4853691420305641,SIMULATED,NORMAL
2026-06-17T17:24:38.926966+00:00,DION_001,569311,1.6383405448510688,SIMULATED,NORMAL
2026-06-17T17:24:38.937481+00:00,DION_001,569312,-1.0955531520285495,SIMULATED,NORMAL
2026-06-17T17:24:38.947930+00:00,DION_001,569313,-1.10046579672453,SIMULATED,NORMAL
2026-06-17T17:24:38.958381+00:00,DION_001,569314,-1.2710861491458183,SIMULATED,NORMAL
2026-06-17T17:24:38.968880+00:00,DION_001,569315,-1.4358980604852438,SIMULATED,NORMAL
2026-06-17T17:24:38.979346+00:00,DION_001,569316,-1.3459571129349088,SIMULATED,NORMAL
2026-06-17T17:24:38.989672+00:00,DION_001,569317,-1.2964124480157113,SIMULATED,NORMAL
2026-06-17T17:24:39.000071+00:00,DION_001,569318,-1.195745908576255,SIMULATED,NORMAL
2026-06-17T17:24:39.010507+00:00,DION_001,569319,-1.213550864144678,SIMULATED,NORMAL
2026-06-17T17:24:39.021047+00:00,DION_001,569320,1.2434288632798915,SIMULATED,NORMAL
2026-06-17T17:24:39.031506+00:00,DION_001,569321,-0.8592472265984816,SIMULATED,NORMAL
2026-06-17T17:24:39.042025+00:00,DION_001,569322,-1.1704487984038283,SIMULATED,NORMAL
2026-06-17T17:24:39.052530+00:00,DION_001,569323,-0.8200165447720408,SIMULATED,NORMAL
2026-06-17T17:24:39.062957+00:00,DION_001,569324,-0.8001312236557179,SIMULATED,NORMAL
2026-06-17T17:24:39.073629+00:00,DION_001,569325,-0.9543025828596357,SIMULATED,NORMAL
2026-06-17T17:24:39.084079+00:00,DION_001,569326,-0.8962832373313697,SIMULATED,NORMAL
2026-06-17T17:24:39.094470+00:00,DION_001,569327,-1.1480677195200217,SIMULATED,NORMAL
2026-06-17T17:24:39.105032+00:00,DION_001,569328,-0.8816119916543952,SIMULATED,NORMAL
2026-06-17T17:24:39.115379+00:00,DION_001,569329,-1.0287567931012702,SIMULATED,NORMAL
2026-06-17T17:24:39.125765+00:00,DION_001,569330,-1.1172912656886593,SIMULATED,NORMAL
2026-06-17T17:24:39.136171+00:00,DION_001,569331,-0.8401527910864975,SIMULATED,NORMAL
2026-06-17T17:24:39.146642+00:00,DION_001,569332,-0.9172842460015679,SIMULATED,NORMAL
2026-06-17T17:24:39.157176+00:00,DION_001,569333,-0.7648600105303798,SIMULATED,NORMAL
2026-06-17T17:24:39.167627+00:00,DION_001,569334,-0.5215072197875357,SIMULATED,NORMAL
2026-06-17T17:24:39.178036+00:00,DION_001,569335,-0.9782244542319805,SIMULATED,NORMAL
2026-06-17T17:24:39.188393+00:00,DION_001,569336,-0.6202417768133184,SIMULATED,NORMAL
2026-06-17T17:24:39.198902+00:00,DION_001,569337,-0.6469214748358669,SIMULATED,NORMAL
2026-06-17T17:24:39.209290+00:00,DION_001,569338,-0.8235771114241093,SIMULATED,NORMAL
2026-06-17T17:24:39.219625+00:00,DION_001,569339,-0.25369135661172026,SIMULATED,NORMAL
2026-06-17T17:24:39.230157+00:00,DION_001,569340,-0.695804971076471,SIMULATED,NORMAL
2026-06-17T17:24:39.240634+00:00,DION_001,569341,-0.434724511448744,SIMULATED,NORMAL
2026-06-17T17:24:39.250928+00:00,DION_001,569342,-0.5767196292440574,SIMULATED,NORMAL
2026-06-17T17:24:39.261344+00:00,DION_001,569343,-0.5770279483236558,SIMULATED,NORMAL
2026-06-17T17:24:39.271784+00:00,DION_001,569344,-0.4305388789575377,SIMULATED,NORMAL
2026-06-17T17:24:39.282150+00:00,DION_001,569345,-0.21671673911996614,SIMULATED,NORMAL
2026-06-17T17:24:39.292621+00:00,DION_001,569346,-0.3345285091411466,SIMULATED,NORMAL
2026-06-17T17:24:39.303064+00:00,DION_001,569347,-0.2783771333254308,SIMULATED,NORMAL
2026-06-17T17:24:39.313512+00:00,DION_001,569348,-0.2676562544454023,SIMULATED,NORMAL
2026-06-17T17:24:39.324029+00:00,DION_001,569349,-0.458779178963723,SIMULATED,NORMAL
2026-06-17T17:24:39.334445+00:00,DION_001,569350,-0.21821826387311985,SIMULATED,NORMAL
2026-06-17T17:24:39.344945+00:00,DION_001,569351,-0.326058720209873,SIMULATED,NORMAL
2026-06-17T17:24:39.355307+00:00,DION_001,569352,-0.22681162095090499,SIMULATED,NORMAL
2026-06-17T17:24:39.365851+00:00,DION_001,569353,-0.2992362051429749,SIMULATED,NORMAL
2026-06-17T17:24:39.376280+00:00,DION_001,569354,-0.1743294689420566,SIMULATED,NORMAL
2026-06-17T17:24:39.386632+00:00,DION_001,569355,-0.3277678863566837,SIMULATED,NORMAL
2026-06-17T17:24:39.396981+00:00,DION_001,569356,-0.056436954765147096,SIMULATED,NORMAL
2026-06-17T17:24:39.407376+00:00,DION_001,569357,-0.1677655332522435,SIMULATED,NORMAL
2026-06-17T17:24:39.417980+00:00,DION_001,569358,-0.29431138994564815,SIMULATED,NORMAL
2026-06-17T17:24:39.428435+00:00,DION_001,569359,-0.22676019919090817,SIMULATED,NORMAL
2026-06-17T17:24:39.438789+00:00,DION_001,569360,-0.27417133962924056,SIMULATED,NORMAL
2026-06-17T17:24:39.449287+00:00,DION_001,569361,-0.042179478269556564,SIMULATED,NORMAL
2026-06-17T17:24:39.459767+00:00,DION_001,569362,-0.13491182844667216,SIMULATED,NORMAL
2026-06-17T17:24:39.470217+00:00,DION_001,569363,-0.2867274308204025,SIMULATED,NORMAL
2026-06-17T17:24:39.480605+00:00,DION_001,569364,-0.40191459190762463,SIMULATED,NORMAL
2026-06-17T17:24:39.491034+00:00,DION_001,569365,-0.5618841667534384,SIMULATED,NORMAL
2026-06-17T17:24:39.501351+00:00,DION_001,569366,-0.4110602951389326,SIMULATED,NORMAL
2026-06-17T17:24:39.511627+00:00,DION_001,569367,-0.35362203132907355,SIMULATED,NORMAL
2026-06-17T17:24:39.521980+00:00,DION_001,569368,-0.5225060982607543,SIMULATED,NORMAL
2026-06-17T17:24:39.532438+00:00,DION_001,569369,-0.2806575857659136,SIMULATED,NORMAL
2026-06-17T17:24:39.542785+00:00,DION_001,569370,-0.30260957668062305,SIMULATED,NORMAL
2026-06-17T17:24:39.553120+00:00,DION_001,569371,-0.41714024644233016,SIMULATED,NORMAL
2026-06-17T17:24:39.563460+00:00,DION_001,569372,-0.4866890757224211,SIMULATED,NORMAL
2026-06-17T17:24:39.573910+00:00,DION_001,569373,-0.5032288135160942,SIMULATED,NORMAL
2026-06-17T17:24:39.584329+00:00,DION_001,569374,-0.6553059534332246,SIMULATED,NORMAL
2026-06-17T17:24:39.595029+00:00,DION_001,569375,-0.3487770337075293,SIMULATED,NORMAL
2026-06-17T17:24:39.606147+00:00,DION_001,569376,-0.7997237825287514,SIMULATED,NORMAL
2026-06-17T17:24:39.616430+00:00,DION_001,569377,-0.32209710557791316,SIMULATED,NORMAL
2026-06-17T17:24:39.626829+00:00,DION_001,569378,-0.7866468979052113,SIMULATED,NORMAL
2026-06-17T17:24:39.637254+00:00,DION_001,569379,-0.8363403677735551,SIMULATED,NORMAL
2026-06-17T17:24:39.647687+00:00,DION_001,569380,-0.4594902953062745,SIMULATED,NORMAL
2026-06-17T17:24:39.658087+00:00,DION_001,569381,-0.47850821541388244,SIMULATED,NORMAL
2026-06-17T17:24:39.668696+00:00,DION_001,569382,-0.7200995135189596,SIMULATED,NORMAL
2026-06-17T17:24:39.679190+00:00,DION_001,569383,-0.6946848948968389,SIMULATED,NORMAL
2026-06-17T17:24:39.689698+00:00,DION_001,569384,-0.6616557525237288,SIMULATED,NORMAL
2026-06-17T17:24:39.700173+00:00,DION_001,569385,-0.5811617252831961,SIMULATED,NORMAL
2026-06-17T17:24:39.710745+00:00,DION_001,569386,-0.8654994105694522,SIMULATED,NORMAL
2026-06-17T17:24:39.721322+00:00,DION_001,569387,-1.0996429953833624,SIMULATED,NORMAL
2026-06-17T17:24:39.731825+00:00,DION_001,569388,-0.7741435486629287,SIMULATED,NORMAL
2026-06-17T17:24:39.742301+00:00,DION_001,569389,-0.9494470252317593,SIMULATED,NORMAL
2026-06-17T17:24:39.752805+00:00,DION_001,569390,-0.9412919529120358,SIMULATED,NORMAL
2026-06-17T17:24:39.763256+00:00,DION_001,569391,-0.9287592586499586,SIMULATED,NORMAL
2026-06-17T17:24:39.773891+00:00,DION_001,569392,-0.8713469246707114,SIMULATED,NORMAL
2026-06-17T17:24:39.784488+00:00,DION_001,569393,-0.6258296281156723,SIMULATED,NORMAL
2026-06-17T17:24:39.795045+00:00,DION_001,569394,-0.6540565803924605,SIMULATED,NORMAL
2026-06-17T17:24:39.805633+00:00,DION_001,569395,-0.7613061867531241,SIMULATED,NORMAL
2026-06-17T17:24:39.816158+00:00,DION_001,569396,-0.28658711566581524,SIMULATED,NORMAL
2026-06-17T17:24:39.826724+00:00,DION_001,569397,-0.7845383754742045,SIMULATED,NORMAL
2026-06-17T17:24:39.837288+00:00,DION_001,569398,-0.5277716020422382,SIMULATED,NORMAL
2026-06-17T17:24:39.847909+00:00,DION_001,569399,-0.6250288034453585,SIMULATED,NORMAL
2026-06-17T17:24:39.858422+00:00,DION_001,569400,-0.44981605009569825,SIMULATED,NORMAL
2026-06-17T17:24:39.869062+00:00,DION_001,569401,-0.5436848502915314,SIMULATED,NORMAL
2026-06-17T17:24:39.879577+00:00,DION_001,569402,-0.3618987973917117,SIMULATED,NORMAL
2026-06-17T17:24:39.890153+00:00,DION_001,569403,-0.37714700755300223,SIMULATED,NORMAL
2026-06-17T17:24:39.900617+00:00,DION_001,569404,-0.42350493058137406,SIMULATED,NORMAL
2026-06-17T17:24:39.911010+00:00,DION_001,569405,-0.41920584385418436,SIMULATED,NORMAL
2026-06-17T17:24:39.921471+00:00,DION_001,569406,-0.5072820263221266,SIMULATED,NORMAL
2026-06-17T17:24:39.932002+00:00,DION_001,569407,-0.3158031813383831,SIMULATED,NORMAL
2026-06-17T17:24:39.942456+00:00,DION_001,569408,-0.5388931913274009,SIMULATED,NORMAL
2026-06-17T17:24:39.952914+00:00,DION_001,569409,-0.28557490148453923,SIMULATED,NORMAL
2026-06-17T17:24:39.963364+00:00,DION_001,569410,-0.09719994759352098,SIMULATED,NORMAL
2026-06-17T17:24:39.973753+00:00,DION_001,569411,-0.06056188109981104,SIMULATED,NORMAL
2026-06-17T17:24:39.984430+00:00,DION_001,569412,0.0986493130365183,SIMULATED,NORMAL
2026-06-17T17:24:39.995054+00:00,DION_001,569413,-2.5390127244229226,SIMULATED,EVENT_DETECTED
2026-06-17T17:24:40.006086+00:00,DION_001,569414,0.19214994917653946,SIMULATED,NORMAL
2026-06-17T17:24:40.016700+00:00,DION_001,569415,-0.04556781886837545,SIMULATED,NORMAL
2026-06-17T17:24:40.027121+00:00,DION_001,569416,0.112620313035315,SIMULATED,NORMAL
2026-06-17T17:24:40.037668+00:00,DION_001,569417,0.6692503204690361,SIMULATED,NORMAL
2026-06-17T17:24:40.048191+00:00,DION_001,569418,0.27908197980648886,SIMULATED,NORMAL
2026-06-17T17:24:40.058773+00:00,DION_001,569419,0.33276003565654294,SIMULATED,NORMAL
2026-06-17T17:24:40.069270+00:00,DION_001,569420,0.22238303388455427,SIMULATED,NORMAL
2026-06-17T17:24:40.079941+00:00,DION_001,569421,0.539902095777444,SIMULATED,NORMAL
2026-06-17T17:24:40.090519+00:00,DION_001,569422,0.0838806501326167,SIMULATED,NORMAL
2026-06-17T17:24:40.101091+00:00,DION_001,569423,0.5615858473745687,SIMULATED,NORMAL
2026-06-17T17:24:40.111576+00:00,DION_001,569424,0.5663378356298411,SIMULATED,NORMAL
2026-06-17T17:24:40.122161+00:00,DION_001,569425,0.6214088380800233,SIMULATED,NORMAL
2026-06-17T17:24:40.132653+00:00,DION_001,569426,0.6923633483248428,SIMULATED,NORMAL
2026-06-17T17:24:40.143120+00:00,DION_001,569427,0.45304204628101197,SIMULATED,NORMAL
2026-06-17T17:24:40.153538+00:00,DION_001,569428,0.6482290282525391,SIMULATED,NORMAL
2026-06-17T17:24:40.164073+00:00,DION_001,569429,0.521429707030276,SIMULATED,NORMAL
2026-06-17T17:24:40.174470+00:00,DION_001,569430,0.8498588272593153,SIMULATED,NORMAL
2026-06-17T17:24:40.185050+00:00,DION_001,569431,0.5197490525413773,SIMULATED,NORMAL
2026-06-17T17:24:40.195625+00:00,DION_001,569432,0.6142189161161226,SIMULATED,NORMAL
2026-06-17T17:24:40.206168+00:00,DION_001,569433,0.7705244874106701,SIMULATED,NORMAL
2026-06-17T17:24:40.216748+00:00,DION_001,569434,0.2529858929361816,SIMULATED,NORMAL
2026-06-17T17:24:40.227340+00:00,DION_001,569435,0.5992207035960839,SIMULATED,NORMAL
2026-06-17T17:24:40.237814+00:00,DION_001,569436,0.6478808992840542,SIMULATED,NORMAL
2026-06-17T17:24:40.248378+00:00,DION_001,569437,0.7646550779384066,SIMULATED,NORMAL
2026-06-17T17:24:40.258884+00:00,DION_001,569438,0.4679605729863943,SIMULATED,NORMAL
2026-06-17T17:24:40.269503+00:00,DION_001,569439,0.804833706857211,SIMULATED,NORMAL
2026-06-17T17:24:40.280094+00:00,DION_001,569440,0.44669734156835267,SIMULATED,NORMAL
2026-06-17T17:24:40.290766+00:00,DION_001,569441,0.820439152045352,SIMULATED,NORMAL
2026-06-17T17:24:40.301313+00:00,DION_001,569442,0.8920225066362282,SIMULATED,NORMAL
2026-06-17T17:24:40.311878+00:00,DION_001,569443,0.7579246755672544,SIMULATED,NORMAL
2026-06-17T17:24:40.322446+00:00,DION_001,569444,0.4944554603703335,SIMULATED,NORMAL
2026-06-17T17:24:40.332959+00:00,DION_001,569445,0.6836765235062628,SIMULATED,NORMAL
2026-06-17T17:24:40.343478+00:00,DION_001,569446,0.43333716152831747,SIMULATED,NORMAL
2026-06-17T17:24:40.354248+00:00,DION_001,569447,0.5984311532818508,SIMULATED,NORMAL
2026-06-17T17:24:40.364806+00:00,DION_001,569448,0.6547474089700204,SIMULATED,NORMAL
2026-06-17T17:24:40.375252+00:00,DION_001,569449,0.4313669446163383,SIMULATED,NORMAL
2026-06-17T17:24:40.385843+00:00,DION_001,569450,0.6939010594912811,SIMULATED,NORMAL
2026-06-17T17:24:40.396379+00:00,DION_001,569451,0.25821523688609055,SIMULATED,NORMAL
2026-06-17T17:24:40.406966+00:00,DION_001,569452,0.5559917379694594,SIMULATED,NORMAL
2026-06-17T17:24:40.417523+00:00,DION_001,569453,0.7575080258158439,SIMULATED,NORMAL
2026-06-17T17:24:40.428178+00:00,DION_001,569454,0.6845475165519075,SIMULATED,NORMAL
2026-06-17T17:24:40.438687+00:00,DION_001,569455,0.5147561951088779,SIMULATED,NORMAL
2026-06-17T17:24:40.449162+00:00,DION_001,569456,0.46866084471888325,SIMULATED,NORMAL
2026-06-17T17:24:40.459701+00:00,DION_001,569457,0.3362014458416444,SIMULATED,NORMAL
2026-06-17T17:24:40.470242+00:00,DION_001,569458,0.22704561496419792,SIMULATED,NORMAL
2026-06-17T17:24:40.480639+00:00,DION_001,569459,0.38357935935437526,SIMULATED,NORMAL
2026-06-17T17:24:40.491274+00:00,DION_001,569460,0.2852777724976449,SIMULATED,NORMAL
2026-06-17T17:24:40.501902+00:00,DION_001,569461,0.16717758017223702,SIMULATED,NORMAL
2026-06-17T17:24:40.512321+00:00,DION_001,569462,0.18569418235611845,SIMULATED,NORMAL
2026-06-17T17:24:40.523030+00:00,DION_001,569463,0.3850153834507791,SIMULATED,NORMAL
2026-06-17T17:24:40.533501+00:00,DION_001,569464,0.24940895248922906,SIMULATED,NORMAL
2026-06-17T17:24:40.543995+00:00,DION_001,569465,0.32691864426627737,SIMULATED,NORMAL
2026-06-17T17:24:40.554365+00:00,DION_001,569466,0.4131700472842545,SIMULATED,NORMAL
2026-06-17T17:24:40.564863+00:00,DION_001,569467,0.15503479886183735,SIMULATED,NORMAL
2026-06-17T17:24:40.575235+00:00,DION_001,569468,-0.0257166297141323,SIMULATED,NORMAL
2026-06-17T17:24:40.585566+00:00,DION_001,569469,0.38337374300101773,SIMULATED,NORMAL
2026-06-17T17:24:40.595831+00:00,DION_001,569470,0.3101967449866261,SIMULATED,NORMAL
2026-06-17T17:24:40.606153+00:00,DION_001,569471,0.12275754484907461,SIMULATED,NORMAL
2026-06-17T17:24:40.616604+00:00,DION_001,569472,0.1441117143802605,SIMULATED,NORMAL
2026-06-17T17:24:40.626928+00:00,DION_001,569473,0.15201310758378744,SIMULATED,NORMAL
2026-06-17T17:24:40.637297+00:00,DION_001,569474,0.3645627968929773,SIMULATED,NORMAL
2026-06-17T17:24:40.647716+00:00,DION_001,569475,0.5338860586482368,SIMULATED,NORMAL
2026-06-17T17:24:40.658109+00:00,DION_001,569476,0.14629902431109967,SIMULATED,NORMAL
2026-06-17T17:24:40.668781+00:00,DION_001,569477,0.08859266386936812,SIMULATED,NORMAL
2026-06-17T17:24:40.679093+00:00,DION_001,569478,0.2977139656334465,SIMULATED,NORMAL
2026-06-17T17:24:40.689363+00:00,DION_001,569479,0.462146136990013,SIMULATED,NORMAL
2026-06-17T17:24:40.699608+00:00,DION_001,569480,0.48268454757691315,SIMULATED,NORMAL
2026-06-17T17:24:40.709841+00:00,DION_001,569481,0.4382538740203942,SIMULATED,NORMAL
2026-06-17T17:24:40.720118+00:00,DION_001,569482,0.6918889510507884,SIMULATED,NORMAL
2026-06-17T17:24:40.730369+00:00,DION_001,569483,0.3190778331250975,SIMULATED,NORMAL
2026-06-17T17:24:40.740843+00:00,DION_001,569484,0.49268699779676045,SIMULATED,NORMAL
2026-06-17T17:24:40.751397+00:00,DION_001,569485,0.7138583706284499,SIMULATED,NORMAL
2026-06-17T17:24:40.761961+00:00,DION_001,569486,0.7887336212464563,SIMULATED,NORMAL
2026-06-17T17:24:40.772629+00:00,DION_001,569487,0.5884832718846578,SIMULATED,NORMAL
2026-06-17T17:24:40.783101+00:00,DION_001,569488,0.7809426049891319,SIMULATED,NORMAL
2026-06-17T17:24:40.793612+00:00,DION_001,569489,0.7731130491345017,SIMULATED,NORMAL
2026-06-17T17:24:40.804157+00:00,DION_001,569490,0.8147846494162705,SIMULATED,NORMAL
2026-06-17T17:24:40.814661+00:00,DION_001,569491,0.7442354148956785,SIMULATED,NORMAL
2026-06-17T17:24:40.825151+00:00,DION_001,569492,0.8014605167947171,SIMULATED,NORMAL
2026-06-17T17:24:40.835734+00:00,DION_001,569493,0.6009660470109482,SIMULATED,NORMAL
2026-06-17T17:24:40.846191+00:00,DION_001,569494,0.6348293100186136,SIMULATED,NORMAL
2026-06-17T17:24:40.856832+00:00,DION_001,569495,0.8086675067721495,SIMULATED,NORMAL
2026-06-17T17:24:40.867391+00:00,DION_001,569496,0.9520763198515928,SIMULATED,NORMAL
2026-06-17T17:24:40.877971+00:00,DION_001,569497,0.6821540561033415,SIMULATED,NORMAL
2026-06-17T17:24:40.888538+00:00,DION_001,569498,0.8541314385703841,SIMULATED,NORMAL
2026-06-17T17:24:40.899067+00:00,DION_001,569499,0.9429723122632577,SIMULATED,NORMAL
2026-06-17T17:24:40.909424+00:00,DION_001,569500,0.9056649455755063,SIMULATED,NORMAL
2026-06-17T17:24:40.919729+00:00,DION_001,569501,0.9571169022538576,SIMULATED,NORMAL
2026-06-17T17:24:40.929972+00:00,DION_001,569502,1.030186425664963,SIMULATED,NORMAL
2026-06-17T17:24:40.940189+00:00,DION_001,569503,0.9448492278477013,SIMULATED,NORMAL
2026-06-17T17:24:40.950405+00:00,DION_001,569504,1.0962547540700542,SIMULATED,NORMAL
2026-06-17T17:24:40.960632+00:00,DION_001,569505,0.9414261496860303,SIMULATED,NORMAL
2026-06-17T17:24:40.970881+00:00,DION_001,569506,1.0056195007712556,SIMULATED,NORMAL
2026-06-17T17:24:40.981168+00:00,DION_001,569507,1.1960297242808213,SIMULATED,NORMAL
2026-06-17T17:24:40.991400+00:00,DION_001,569508,1.1160317003185511,SIMULATED,NORMAL
2026-06-17T17:24:41.001613+00:00,DION_001,569509,1.1195227885794643,SIMULATED,NORMAL
2026-06-17T17:24:41.011794+00:00,DION_001,569510,1.0230385297548399,SIMULATED,NORMAL
2026-06-17T17:24:41.021953+00:00,DION_001,569511,1.4522135977438573,SIMULATED,NORMAL
2026-06-17T17:24:41.032115+00:00,DION_001,569512,1.3635892704044479,SIMULATED,NORMAL
2026-06-17T17:24:41.042401+00:00,DION_001,569513,1.4433560109585373,SIMULATED,NORMAL
2026-06-17T17:24:41.052665+00:00,DION_001,569514,1.2521786730925295,SIMULATED,NORMAL
2026-06-17T17:24:41.062805+00:00,DION_001,569515,1.3514797338413693,SIMULATED,NORMAL
2026-06-17T17:24:41.072926+00:00,DION_001,569516,1.2179503327820995,SIMULATED,NORMAL
2026-06-17T17:24:41.083048+00:00,DION_001,569517,1.182993591694019,SIMULATED,NORMAL
2026-06-17T17:24:41.093185+00:00,DION_001,569518,0.9798609833929499,SIMULATED,NORMAL
2026-06-17T17:24:41.103479+00:00,DION_001,569519,0.932451377665295,SIMULATED,NORMAL
2026-06-17T17:24:41.113860+00:00,DION_001,569520,1.1844693251340783,SIMULATED,NORMAL
2026-06-17T17:24:41.124276+00:00,DION_001,569521,1.045214083102648,SIMULATED,NORMAL
2026-06-17T17:24:41.134773+00:00,DION_001,569522,1.0525258375713558,SIMULATED,NORMAL
2026-06-17T17:24:41.145312+00:00,DION_001,569523,0.9112419942901999,SIMULATED,NORMAL
2026-06-17T17:24:41.155823+00:00,DION_001,569524,1.039078723271481,SIMULATED,NORMAL
2026-06-17T17:24:41.166190+00:00,DION_001,569525,0.8713858998218984,SIMULATED,NORMAL
2026-06-17T17:24:41.176511+00:00,DION_001,569526,0.8249915448882453,SIMULATED,NORMAL
2026-06-17T17:24:41.187235+00:00,DION_001,569527,1.1233789354320463,SIMULATED,NORMAL
2026-06-17T17:24:41.197676+00:00,DION_001,569528,0.7863870029388377,SIMULATED,NORMAL
2026-06-17T17:24:41.208053+00:00,DION_001,569529,1.1261803741433165,SIMULATED,NORMAL
2026-06-17T17:24:41.218412+00:00,DION_001,569530,1.0722760629657662,SIMULATED,NORMAL
2026-06-17T17:24:41.228855+00:00,DION_001,569531,0.9103121877623935,SIMULATED,NORMAL
2026-06-17T17:24:41.239370+00:00,DION_001,569532,1.0798003472990363,SIMULATED,NORMAL
2026-06-17T17:24:41.249821+00:00,DION_001,569533,0.7275254587734717,SIMULATED,NORMAL
2026-06-17T17:24:41.260361+00:00,DION_001,569534,0.815251686672179,SIMULATED,NORMAL
2026-06-17T17:24:41.270834+00:00,DION_001,569535,0.6899287356049969,SIMULATED,NORMAL
2026-06-17T17:24:41.281260+00:00,DION_001,569536,0.5376044608464421,SIMULATED,NORMAL
2026-06-17T17:24:41.291767+00:00,DION_001,569537,0.4126658660850423,SIMULATED,NORMAL
2026-06-17T17:24:41.302263+00:00,DION_001,569538,0.4718581824907582,SIMULATED,NORMAL
2026-06-17T17:24:41.312820+00:00,DION_001,569539,0.5908438860793758,SIMULATED,NORMAL
2026-06-17T17:24:41.323328+00:00,DION_001,569540,0.7853600124574743,SIMULATED,NORMAL
2026-06-17T17:24:41.333862+00:00,DION_001,569541,0.5700095042573902,SIMULATED,NORMAL
2026-06-17T17:24:41.344436+00:00,DION_001,569542,0.6092835024177328,SIMULATED,NORMAL
2026-06-17T17:24:41.355076+00:00,DION_001,569543,0.49343201458378483,SIMULATED,NORMAL
2026-06-17T17:24:41.365549+00:00,DION_001,569544,0.6055278889040284,SIMULATED,NORMAL
2026-06-17T17:24:41.376029+00:00,DION_001,569545,0.37992716749934774,SIMULATED,NORMAL
2026-06-17T17:24:41.386476+00:00,DION_001,569546,0.5657113894370527,SIMULATED,NORMAL
2026-06-17T17:24:41.396968+00:00,DION_001,569547,0.29531656072208423,SIMULATED,NORMAL
2026-06-17T17:24:41.407624+00:00,DION_001,569548,0.17420956365721774,SIMULATED,NORMAL
2026-06-17T17:24:41.418094+00:00,DION_001,569549,0.6493860389547343,SIMULATED,NORMAL
2026-06-17T17:24:41.428644+00:00,DION_001,569550,0.1594393690353158,SIMULATED,NORMAL
2026-06-17T17:24:41.439064+00:00,DION_001,569551,0.29755868589592394,SIMULATED,NORMAL
2026-06-17T17:24:41.449660+00:00,DION_001,569552,0.012848866212826021,SIMULATED,NORMAL
2026-06-17T17:24:41.460038+00:00,DION_001,569553,-0.070249306665005,SIMULATED,NORMAL
2026-06-17T17:24:41.470433+00:00,DION_001,569554,0.30594813913661933,SIMULATED,NORMAL
2026-06-17T17:24:41.481008+00:00,DION_001,569555,0.40974707079364436,SIMULATED,NORMAL
2026-06-17T17:24:41.491599+00:00,DION_001,569556,0.5559164966769378,SIMULATED,NORMAL
2026-06-17T17:24:41.502071+00:00,DION_001,569557,0.09853333022370525,SIMULATED,NORMAL
2026-06-17T17:24:41.512721+00:00,DION_001,569558,-0.03757805056559993,SIMULATED,NORMAL
2026-06-17T17:24:41.523430+00:00,DION_001,569559,0.10439331267847204,SIMULATED,NORMAL
2026-06-17T17:24:41.533857+00:00,DION_001,569560,0.027775998094801496,SIMULATED,NORMAL
2026-06-17T17:24:41.544254+00:00,DION_001,569561,0.05902157239987202,SIMULATED,NORMAL
2026-06-17T17:24:41.554642+00:00,DION_001,569562,0.1442507035836712,SIMULATED,NORMAL
2026-06-17T17:24:41.565180+00:00,DION_001,569563,0.34450963681002444,SIMULATED,NORMAL
2026-06-17T17:24:41.575588+00:00,DION_001,569564,0.3620132113758364,SIMULATED,NORMAL
2026-06-17T17:24:41.585925+00:00,DION_001,569565,-0.0011239536250920446,SIMULATED,NORMAL
2026-06-17T17:24:41.596774+00:00,DION_001,569566,0.07509837965030167,SIMULATED,NORMAL
2026-06-17T17:24:41.607437+00:00,DION_001,569567,0.25657794807209466,SIMULATED,NORMAL
2026-06-17T17:24:41.617851+00:00,DION_001,569568,0.20080583662781093,SIMULATED,NORMAL
2026-06-17T17:24:41.628365+00:00,DION_001,569569,0.336436556822014,SIMULATED,NORMAL
2026-06-17T17:24:41.638720+00:00,DION_001,569570,0.06658484718548774,SIMULATED,NORMAL
2026-06-17T17:24:41.649144+00:00,DION_001,569571,0.651818220333396,SIMULATED,NORMAL
2026-06-17T17:24:41.659529+00:00,DION_001,569572,0.17689202462241918,SIMULATED,NORMAL
2026-06-17T17:24:41.670040+00:00,DION_001,569573,0.19196039490003475,SIMULATED,NORMAL
2026-06-17T17:24:41.680503+00:00,DION_001,569574,0.5199174892606252,SIMULATED,NORMAL
2026-06-17T17:24:41.691035+00:00,DION_001,569575,0.4228711933270974,SIMULATED,NORMAL
2026-06-17T17:24:41.701464+00:00,DION_001,569576,0.6361763065252334,SIMULATED,NORMAL
2026-06-17T17:24:41.712012+00:00,DION_001,569577,0.5053234216075353,SIMULATED,NORMAL
2026-06-17T17:24:41.722607+00:00,DION_001,569578,0.4622577567355546,SIMULATED,NORMAL
2026-06-17T17:24:41.733082+00:00,DION_001,569579,0.6329161452741179,SIMULATED,NORMAL
2026-06-17T17:24:41.743533+00:00,DION_001,569580,0.7208822716888885,SIMULATED,NORMAL
2026-06-17T17:24:41.754071+00:00,DION_001,569581,0.6088367500741972,SIMULATED,NORMAL
2026-06-17T17:24:41.764478+00:00,DION_001,569582,0.8568051738527251,SIMULATED,NORMAL
2026-06-17T17:24:41.775217+00:00,DION_001,569583,0.3221546960678112,SIMULATED,NORMAL
2026-06-17T17:24:41.785663+00:00,DION_001,569584,0.7159749668058939,SIMULATED,NORMAL
2026-06-17T17:24:41.795974+00:00,DION_001,569585,-1.6373500069412599,SIMULATED,NORMAL
2026-06-17T17:24:41.806342+00:00,DION_001,569586,0.7875842992257429,SIMULATED,NORMAL
2026-06-17T17:24:41.816733+00:00,DION_001,569587,0.44654340554324623,SIMULATED,NORMAL
2026-06-17T17:24:41.827070+00:00,DION_001,569588,0.5421592315398704,SIMULATED,NORMAL
2026-06-17T17:24:41.837444+00:00,DION_001,569589,0.5429092329194278,SIMULATED,NORMAL
2026-06-17T17:24:41.847810+00:00,DION_001,569590,0.6658364385785832,SIMULATED,NORMAL
2026-06-17T17:24:41.858163+00:00,DION_001,569591,0.33405258777044994,SIMULATED,NORMAL
2026-06-17T17:24:41.868660+00:00,DION_001,569592,0.5805582297080697,SIMULATED,NORMAL
2026-06-17T17:24:41.879017+00:00,DION_001,569593,0.5932102604439781,SIMULATED,NORMAL
2026-06-17T17:24:41.889573+00:00,DION_001,569594,0.4088603417880124,SIMULATED,NORMAL
2026-06-17T17:24:41.900001+00:00,DION_001,569595,-1.747709742751424,SIMULATED,NORMAL
2026-06-17T17:24:41.910620+00:00,DION_001,569596,0.42947629728590464,SIMULATED,NORMAL
2026-06-17T17:24:41.921104+00:00,DION_001,569597,0.5714690508900803,SIMULATED,NORMAL
2026-06-17T17:24:41.931597+00:00,DION_001,569598,0.6230115955593065,SIMULATED,NORMAL
2026-06-17T17:24:41.941942+00:00,DION_001,569599,0.16553738412417995,SIMULATED,NORMAL
2026-06-17T17:24:41.952242+00:00,DION_001,569600,0.11939204500363149,SIMULATED,NORMAL
2026-06-17T17:24:41.962593+00:00,DION_001,569601,0.3190406907578226,SIMULATED,NORMAL
2026-06-17T17:24:41.973065+00:00,DION_001,569602,0.31678341114795416,SIMULATED,NORMAL
2026-06-17T17:24:41.983413+00:00,DION_001,569603,0.24866971129147422,SIMULATED,NORMAL
2026-06-17T17:24:41.993872+00:00,DION_001,569604,0.4752702504415577,SIMULATED,NORMAL
2026-06-17T17:24:42.004250+00:00,DION_001,569605,0.3362191871959878,SIMULATED,NORMAL
2026-06-17T17:24:42.014676+00:00,DION_001,569606,0.43694753444079404,SIMULATED,NORMAL
2026-06-17T17:24:42.024988+00:00,DION_001,569607,0.31839265955893925,SIMULATED,NORMAL
2026-06-17T17:24:42.035402+00:00,DION_001,569608,0.14409655329457308,SIMULATED,NORMAL
2026-06-17T17:24:42.045823+00:00,DION_001,569609,0.11382429312726346,SIMULATED,NORMAL
2026-06-17T17:24:42.056368+00:00,DION_001,569610,0.06343748127943866,SIMULATED,NORMAL
2026-06-17T17:24:42.067045+00:00,DION_001,569611,0.11552461876423306,SIMULATED,NORMAL
2026-06-17T17:24:42.077439+00:00,DION_001,569612,0.01711110319766114,SIMULATED,NORMAL
2026-06-17T17:24:42.087962+00:00,DION_001,569613,-0.18396502556715005,SIMULATED,NORMAL
2026-06-17T17:24:42.098492+00:00,DION_001,569614,-0.19854189532441427,SIMULATED,NORMAL
2026-06-17T17:24:42.108985+00:00,DION_001,569615,0.06110099691254112,SIMULATED,NORMAL
2026-06-17T17:24:42.119513+00:00,DION_001,569616,-0.05267536759179195,SIMULATED,NORMAL
2026-06-17T17:24:42.130060+00:00,DION_001,569617,-0.08217576862014586,SIMULATED,NORMAL
2026-06-17T17:24:42.140465+00:00,DION_001,569618,-0.12239606867731348,SIMULATED,NORMAL
2026-06-17T17:24:42.151058+00:00,DION_001,569619,-0.003658720741547772,SIMULATED,NORMAL
2026-06-17T17:24:42.161511+00:00,DION_001,569620,-0.5871063443421652,SIMULATED,NORMAL
2026-06-17T17:24:42.171983+00:00,DION_001,569621,-0.46019977349438296,SIMULATED,NORMAL
2026-06-17T17:24:42.182434+00:00,DION_001,569622,-0.6390405364199543,SIMULATED,NORMAL
2026-06-17T17:24:42.192849+00:00,DION_001,569623,-0.5290139331970849,SIMULATED,NORMAL
2026-06-17T17:24:42.203290+00:00,DION_001,569624,-0.7804464086868184,SIMULATED,NORMAL
2026-06-17T17:24:42.213715+00:00,DION_001,569625,-0.7518729201012775,SIMULATED,NORMAL
2026-06-17T17:24:42.224042+00:00,DION_001,569626,-0.48036514690087617,SIMULATED,NORMAL
2026-06-17T17:24:42.234502+00:00,DION_001,569627,-0.7627811669322171,SIMULATED,NORMAL
2026-06-17T17:24:42.244991+00:00,DION_001,569628,-0.6785344841756722,SIMULATED,NORMAL
2026-06-17T17:24:42.255347+00:00,DION_001,569629,-0.7060244510806533,SIMULATED,NORMAL
2026-06-17T17:24:42.265749+00:00,DION_001,569630,-0.6860995909220575,SIMULATED,NORMAL
2026-06-17T17:24:42.276092+00:00,DION_001,569631,-0.8298001880735192,SIMULATED,NORMAL
2026-06-17T17:24:42.286457+00:00,DION_001,569632,-0.8859286916224454,SIMULATED,NORMAL
2026-06-17T17:24:42.296820+00:00,DION_001,569633,-0.722201252129682,SIMULATED,NORMAL
2026-06-17T17:24:42.307164+00:00,DION_001,569634,-0.6991594950188184,SIMULATED,NORMAL
2026-06-17T17:24:42.317743+00:00,DION_001,569635,-0.6525730060263267,SIMULATED,NORMAL
2026-06-17T17:24:42.328364+00:00,DION_001,569636,-0.7957820637487955,SIMULATED,NORMAL
2026-06-17T17:24:42.339170+00:00,DION_001,569637,-0.691512610974031,SIMULATED,NORMAL
2026-06-17T17:24:42.349718+00:00,DION_001,569638,-0.7582173454206796,SIMULATED,NORMAL
2026-06-17T17:24:42.360103+00:00,DION_001,569639,-0.45268132138791933,SIMULATED,NORMAL
2026-06-17T17:24:42.370583+00:00,DION_001,569640,-0.8424291718585155,SIMULATED,NORMAL
2026-06-17T17:24:42.381092+00:00,DION_001,569641,-0.8237263688731554,SIMULATED,NORMAL
2026-06-17T17:24:42.391621+00:00,DION_001,569642,-0.7644494728998643,SIMULATED,NORMAL
2026-06-17T17:24:42.402141+00:00,DION_001,569643,-0.6308324043488498,SIMULATED,NORMAL
2026-06-17T17:24:42.412741+00:00,DION_001,569644,-0.8331711927008093,SIMULATED,NORMAL
2026-06-17T17:24:42.423329+00:00,DION_001,569645,-0.7665739638525724,SIMULATED,NORMAL
2026-06-17T17:24:42.433909+00:00,DION_001,569646,-0.6782218917195798,SIMULATED,NORMAL
2026-06-17T17:24:42.444349+00:00,DION_001,569647,-0.8386686307858952,SIMULATED,NORMAL
2026-06-17T17:24:42.454907+00:00,DION_001,569648,-0.7165724834026705,SIMULATED,NORMAL
2026-06-17T17:24:42.465288+00:00,DION_001,569649,-0.8425155060769138,SIMULATED,NORMAL
2026-06-17T17:24:42.475692+00:00,DION_001,569650,-0.5334653344682244,SIMULATED,NORMAL
2026-06-17T17:24:42.486072+00:00,DION_001,569651,-0.7534784680152629,SIMULATED,NORMAL
2026-06-17T17:24:42.496676+00:00,DION_001,569652,-0.4812901645055931,SIMULATED,NORMAL
2026-06-17T17:24:42.507140+00:00,DION_001,569653,-0.592704606740285,SIMULATED,NORMAL
2026-06-17T17:24:42.517509+00:00,DION_001,569654,-0.39226508043745834,SIMULATED,NORMAL
2026-06-17T17:24:42.527826+00:00,DION_001,569655,-0.35255044886100445,SIMULATED,NORMAL
2026-06-17T17:24:42.538170+00:00,DION_001,569656,-0.5431068779023968,SIMULATED,NORMAL
2026-06-17T17:24:42.548670+00:00,DION_001,569657,-0.37039568777725973,SIMULATED,NORMAL
2026-06-17T17:24:42.559221+00:00,DION_001,569658,-0.5615433565650272,SIMULATED,NORMAL
2026-06-17T17:24:42.569611+00:00,DION_001,569659,-0.5072906773543774,SIMULATED,NORMAL
2026-06-17T17:24:42.579993+00:00,DION_001,569660,-0.21027606225589496,SIMULATED,NORMAL
2026-06-17T17:24:42.590402+00:00,DION_001,569661,-1.8401502722424676,SIMULATED,NORMAL
2026-06-17T17:24:42.601021+00:00,DION_001,569662,-2.630250039841355,SIMULATED,EVENT_DETECTED
2026-06-17T17:24:42.612090+00:00,DION_001,569663,-0.2599502049603607,SIMULATED,NORMAL
2026-06-17T17:24:42.622443+00:00,DION_001,569664,-0.13188009218395996,SIMULATED,NORMAL
2026-06-17T17:24:42.632811+00:00,DION_001,569665,-0.34194456871481194,SIMULATED,NORMAL
2026-06-17T17:24:42.643162+00:00,DION_001,569666,-0.4103278595721526,SIMULATED,NORMAL
2026-06-17T17:24:42.653497+00:00,DION_001,569667,-0.22928800127777327,SIMULATED,NORMAL
2026-06-17T17:24:42.663938+00:00,DION_001,569668,-0.36943419027878166,SIMULATED,NORMAL
2026-06-17T17:24:42.674370+00:00,DION_001,569669,-0.2876486552617781,SIMULATED,NORMAL
2026-06-17T17:24:42.684747+00:00,DION_001,569670,-0.2840863017516679,SIMULATED,NORMAL
2026-06-17T17:24:42.695146+00:00,DION_001,569671,-0.4261358236888124,SIMULATED,NORMAL
2026-06-17T17:24:42.705515+00:00,DION_001,569672,-0.3691822208712147,SIMULATED,NORMAL
2026-06-17T17:24:42.716053+00:00,DION_001,569673,-0.12919476284472117,SIMULATED,NORMAL
2026-06-17T17:24:42.726520+00:00,DION_001,569674,0.03698608679091542,SIMULATED,NORMAL
2026-06-17T17:24:42.737070+00:00,DION_001,569675,-0.15903952137235308,SIMULATED,NORMAL
2026-06-17T17:24:42.747572+00:00,DION_001,569676,-0.22264815487316741,SIMULATED,NORMAL
2026-06-17T17:24:42.758008+00:00,DION_001,569677,-0.2809462932655464,SIMULATED,NORMAL
2026-06-17T17:24:42.768397+00:00,DION_001,569678,-0.43350040923785166,SIMULATED,NORMAL
2026-06-17T17:24:42.778990+00:00,DION_001,569679,-0.3855802437821742,SIMULATED,NORMAL
2026-06-17T17:24:42.789519+00:00,DION_001,569680,-0.40186688335526766,SIMULATED,NORMAL
2026-06-17T17:24:42.800012+00:00,DION_001,569681,-0.536113301834454,SIMULATED,NORMAL
2026-06-17T17:24:42.810359+00:00,DION_001,569682,-0.5897113253616615,SIMULATED,NORMAL
2026-06-17T17:24:42.820759+00:00,DION_001,569683,-0.6959235667476759,SIMULATED,NORMAL
2026-06-17T17:24:42.831058+00:00,DION_001,569684,-0.44848350940717135,SIMULATED,NORMAL
2026-06-17T17:24:42.841563+00:00,DION_001,569685,1.6682553588445987,SIMULATED,NORMAL
2026-06-17T17:24:42.852080+00:00,DION_001,569686,-0.8894589205827373,SIMULATED,NORMAL
2026-06-17T17:24:42.862502+00:00,DION_001,569687,-0.594731294413444,SIMULATED,NORMAL
2026-06-17T17:24:42.872835+00:00,DION_001,569688,-0.6077510684310692,SIMULATED,NORMAL
2026-06-17T17:24:42.883068+00:00,DION_001,569689,-0.7548170304992362,SIMULATED,NORMAL
2026-06-17T17:24:42.893346+00:00,DION_001,569690,-0.8916454993606018,SIMULATED,NORMAL
2026-06-17T17:24:42.903576+00:00,DION_001,569691,-0.6427458757056526,SIMULATED,NORMAL
2026-06-17T17:24:42.913795+00:00,DION_001,569692,-0.9242684781067048,SIMULATED,NORMAL
2026-06-17T17:24:42.924105+00:00,DION_001,569693,-0.9586059170082554,SIMULATED,NORMAL
2026-06-17T17:24:42.934291+00:00,DION_001,569694,-0.9764820164237658,SIMULATED,NORMAL
2026-06-17T17:24:42.944625+00:00,DION_001,569695,-0.8863562840099507,SIMULATED,NORMAL
2026-06-17T17:24:42.955194+00:00,DION_001,569696,-0.936549426016156,SIMULATED,NORMAL
2026-06-17T17:24:42.965920+00:00,DION_001,569697,-0.6014708526653945,SIMULATED,NORMAL
2026-06-17T17:24:42.976408+00:00,DION_001,569698,-1.1097026136439447,SIMULATED,NORMAL
2026-06-17T17:24:42.987034+00:00,DION_001,569699,-1.1706958437697552,SIMULATED,NORMAL
2026-06-17T17:24:42.997523+00:00,DION_001,569700,-1.149554723965913,SIMULATED,NORMAL
2026-06-17T17:24:43.008118+00:00,DION_001,569701,-0.9753867687973697,SIMULATED,NORMAL
2026-06-17T17:24:43.018717+00:00,DION_001,569702,-1.0562227604410106,SIMULATED,NORMAL
2026-06-17T17:24:43.029329+00:00,DION_001,569703,-1.295352916271035,SIMULATED,NORMAL
2026-06-17T17:24:43.039829+00:00,DION_001,569704,-1.298266023985339,SIMULATED,NORMAL
2026-06-17T17:24:43.050434+00:00,DION_001,569705,-1.0492901537014987,SIMULATED,NORMAL
2026-06-17T17:24:43.061013+00:00,DION_001,569706,-0.9692672481357264,SIMULATED,NORMAL
2026-06-17T17:24:43.071611+00:00,DION_001,569707,-1.0261290686193396,SIMULATED,NORMAL
2026-06-17T17:24:43.082187+00:00,DION_001,569708,-1.281104833617839,SIMULATED,NORMAL
2026-06-17T17:24:43.092734+00:00,DION_001,569709,-1.0719015975698876,SIMULATED,NORMAL
2026-06-17T17:24:43.103243+00:00,DION_001,569710,-1.1929562108167338,SIMULATED,NORMAL
2026-06-17T17:24:43.113578+00:00,DION_001,569711,-1.1967170536461145,SIMULATED,NORMAL
2026-06-17T17:24:43.124003+00:00,DION_001,569712,-1.289577916906068,SIMULATED,NORMAL
2026-06-17T17:24:43.134401+00:00,DION_001,569713,-0.997838539575363,SIMULATED,NORMAL
2026-06-17T17:24:43.144945+00:00,DION_001,569714,-1.2602482198166425,SIMULATED,NORMAL
2026-06-17T17:24:43.155410+00:00,DION_001,569715,-1.2885780802640883,SIMULATED,NORMAL
2026-06-17T17:24:43.165996+00:00,DION_001,569716,-1.3071468059960105,SIMULATED,NORMAL
2026-06-17T17:24:43.176687+00:00,DION_001,569717,-1.0342650913136067,SIMULATED,NORMAL
2026-06-17T17:24:43.187239+00:00,DION_001,569718,-1.0746464484032834,SIMULATED,NORMAL
2026-06-17T17:24:43.197849+00:00,DION_001,569719,-1.0318213688190956,SIMULATED,NORMAL
2026-06-17T17:24:43.208349+00:00,DION_001,569720,-1.177710273128625,SIMULATED,NORMAL
2026-06-17T17:24:43.219005+00:00,DION_001,569721,-0.7916768062581006,SIMULATED,NORMAL
2026-06-17T17:24:43.229552+00:00,DION_001,569722,-0.9011193486480856,SIMULATED,NORMAL
2026-06-17T17:24:43.239972+00:00,DION_001,569723,-0.9705038867355491,SIMULATED,NORMAL
2026-06-17T17:24:43.250365+00:00,DION_001,569724,-0.9238595153292392,SIMULATED,NORMAL
2026-06-17T17:24:43.260826+00:00,DION_001,569725,-0.9690045038898115,SIMULATED,NORMAL
2026-06-17T17:24:43.271312+00:00,DION_001,569726,-0.5750866905285252,SIMULATED,NORMAL
2026-06-17T17:24:43.281872+00:00,DION_001,569727,-0.7815663346728912,SIMULATED,NORMAL
2026-06-17T17:24:43.292285+00:00,DION_001,569728,-0.821553034045112,SIMULATED,NORMAL
2026-06-17T17:24:43.302739+00:00,DION_001,569729,-0.7445209842532516,SIMULATED,NORMAL
2026-06-17T17:24:43.313209+00:00,DION_001,569730,-0.8291936132351888,SIMULATED,NORMAL
2026-06-17T17:24:43.323614+00:00,DION_001,569731,-0.7984487817144342,SIMULATED,NORMAL
2026-06-17T17:24:43.334275+00:00,DION_001,569732,-0.6456266234132355,SIMULATED,NORMAL
2026-06-17T17:24:43.344728+00:00,DION_001,569733,-0.7467747815471414,SIMULATED,NORMAL
2026-06-17T17:24:43.355183+00:00,DION_001,569734,-0.6686237268288526,SIMULATED,NORMAL
2026-06-17T17:24:43.365716+00:00,DION_001,569735,-0.7035276742354528,SIMULATED,NORMAL
2026-06-17T17:24:43.376298+00:00,DION_001,569736,-0.2992350616876578,SIMULATED,NORMAL
2026-06-17T17:24:43.386752+00:00,DION_001,569737,-0.611290167643578,SIMULATED,NORMAL
2026-06-17T17:24:43.397183+00:00,DION_001,569738,-0.32967004568296887,SIMULATED,NORMAL
2026-06-17T17:24:43.407764+00:00,DION_001,569739,2.055168581600675,SIMULATED,EVENT_DETECTED
2026-06-17T17:24:43.418585+00:00,DION_001,569740,-0.1681102450557035,SIMULATED,NORMAL
2026-06-17T17:24:43.429031+00:00,DION_001,569741,-0.42337021605519964,SIMULATED,NORMAL
2026-06-17T17:24:43.439512+00:00,DION_001,569742,-0.51935513062911,SIMULATED,NORMAL
2026-06-17T17:24:43.450128+00:00,DION_001,569743,-0.24420290954580265,SIMULATED,NORMAL
2026-06-17T17:24:43.460627+00:00,DION_001,569744,-0.2136154434799633,SIMULATED,NORMAL
2026-06-17T17:24:43.471088+00:00,DION_001,569745,-0.21793732214880834,SIMULATED,NORMAL
2026-06-17T17:24:43.481669+00:00,DION_001,569746,-0.355760217307756,SIMULATED,NORMAL
2026-06-17T17:24:43.492182+00:00,DION_001,569747,-0.09174488224413971,SIMULATED,NORMAL
2026-06-17T17:24:43.502750+00:00,DION_001,569748,-0.23823593704157942,SIMULATED,NORMAL
2026-06-17T17:24:43.513405+00:00,DION_001,569749,-0.3402719791884999,SIMULATED,NORMAL
2026-06-17T17:24:43.523969+00:00,DION_001,569750,-0.47947052712073696,SIMULATED,NORMAL
2026-06-17T17:24:43.534473+00:00,DION_001,569751,0.04046518864697468,SIMULATED,NORMAL
2026-06-17T17:24:43.545023+00:00,DION_001,569752,0.05296423254487845,SIMULATED,NORMAL
2026-06-17T17:24:43.555436+00:00,DION_001,569753,-0.14306740064534038,SIMULATED,NORMAL
2026-06-17T17:24:43.565995+00:00,DION_001,569754,0.04193688558901307,SIMULATED,NORMAL
2026-06-17T17:24:43.576520+00:00,DION_001,569755,0.023609338250770717,SIMULATED,NORMAL
2026-06-17T17:24:43.587150+00:00,DION_001,569756,-0.09760941993733918,SIMULATED,NORMAL
2026-06-17T17:24:43.597756+00:00,DION_001,569757,-0.21349103022645333,SIMULATED,NORMAL
2026-06-17T17:24:43.608240+00:00,DION_001,569758,-0.14974576081915536,SIMULATED,NORMAL
2026-06-17T17:24:43.618791+00:00,DION_001,569759,-0.23678281635614554,SIMULATED,NORMAL
2026-06-17T17:24:43.629429+00:00,DION_001,569760,-0.2747784581886067,SIMULATED,NORMAL
2026-06-17T17:24:43.639858+00:00,DION_001,569761,-0.4084727518330784,SIMULATED,NORMAL
2026-06-17T17:24:43.650300+00:00,DION_001,569762,-0.3601408628036077,SIMULATED,NORMAL
2026-06-17T17:24:43.660792+00:00,DION_001,569763,0.030413790219446818,SIMULATED,NORMAL
2026-06-17T17:24:43.671202+00:00,DION_001,569764,0.07065797759493553,SIMULATED,NORMAL
2026-06-17T17:24:43.681654+00:00,DION_001,569765,0.06267721236351476,SIMULATED,NORMAL
2026-06-17T17:24:43.691965+00:00,DION_001,569766,0.028911751600852936,SIMULATED,NORMAL
2026-06-17T17:24:43.702410+00:00,DION_001,569767,-0.20366541784067727,SIMULATED,NORMAL
2026-06-17T17:24:43.712888+00:00,DION_001,569768,-0.1793206444688849,SIMULATED,NORMAL
2026-06-17T17:24:43.723382+00:00,DION_001,569769,-0.25693952137685144,SIMULATED,NORMAL
2026-06-17T17:24:43.734009+00:00,DION_001,569770,-0.3130257215243449,SIMULATED,NORMAL
2026-06-17T17:24:43.744529+00:00,DION_001,569771,0.034468191210789534,SIMULATED,NORMAL
2026-06-17T17:24:43.755271+00:00,DION_001,569772,-0.4265086052896626,SIMULATED,NORMAL
2026-06-17T17:24:43.765806+00:00,DION_001,569773,-0.4512045006852134,SIMULATED,NORMAL
2026-06-17T17:24:43.776334+00:00,DION_001,569774,-0.20929177327645548,SIMULATED,NORMAL
2026-06-17T17:24:43.786930+00:00,DION_001,569775,-0.27749933831186063,SIMULATED,NORMAL
2026-06-17T17:24:43.797412+00:00,DION_001,569776,-0.5611481729368534,SIMULATED,NORMAL
2026-06-17T17:24:43.808120+00:00,DION_001,569777,-0.36623539033510244,SIMULATED,NORMAL
2026-06-17T17:24:43.818628+00:00,DION_001,569778,-0.5111864821255967,SIMULATED,NORMAL
2026-06-17T17:24:43.829066+00:00,DION_001,569779,-0.322334203331603,SIMULATED,NORMAL
2026-06-17T17:24:43.839578+00:00,DION_001,569780,-0.5341630598127607,SIMULATED,NORMAL
2026-06-17T17:24:43.850226+00:00,DION_001,569781,-0.47442719214989576,SIMULATED,NORMAL
2026-06-17T17:24:43.860901+00:00,DION_001,569782,-0.707488915042076,SIMULATED,NORMAL
2026-06-17T17:24:43.871479+00:00,DION_001,569783,-0.5566550996355412,SIMULATED,NORMAL
2026-06-17T17:24:43.881977+00:00,DION_001,569784,-0.6973605346587507,SIMULATED,NORMAL
2026-06-17T17:24:43.892495+00:00,DION_001,569785,-0.49786597812231553,SIMULATED,NORMAL
2026-06-17T17:24:43.903150+00:00,DION_001,569786,-0.7038345404333706,SIMULATED,NORMAL
2026-06-17T17:24:43.913510+00:00,DION_001,569787,-0.5825613432122734,SIMULATED,NORMAL
2026-06-17T17:24:43.923875+00:00,DION_001,569788,-0.28430285769852365,SIMULATED,NORMAL
2026-06-17T17:24:43.934202+00:00,DION_001,569789,-0.20882357644153865,SIMULATED,NORMAL
2026-06-17T17:24:43.944802+00:00,DION_001,569790,-0.467962305485032,SIMULATED,NORMAL
2026-06-17T17:24:43.955122+00:00,DION_001,569791,-0.4513603555577854,SIMULATED,NORMAL
2026-06-17T17:24:43.965401+00:00,DION_001,569792,-0.7411376883028404,SIMULATED,NORMAL
2026-06-17T17:24:43.975622+00:00,DION_001,569793,-0.6422083867573494,SIMULATED,NORMAL
2026-06-17T17:24:43.985834+00:00,DION_001,569794,-2.734951051948517,SIMULATED,EVENT_DETECTED
2026-06-17T17:24:43.996215+00:00,DION_001,569795,-0.43889795524593267,SIMULATED,NORMAL
2026-06-17T17:24:44.006541+00:00,DION_001,569796,-0.11357689933176895,SIMULATED,NORMAL
2026-06-17T17:24:44.016967+00:00,DION_001,569797,-0.5233134326863618,SIMULATED,NORMAL
2026-06-17T17:24:44.027394+00:00,DION_001,569798,-0.280287101554842,SIMULATED,NORMAL
2026-06-17T17:24:44.037851+00:00,DION_001,569799,-0.13781766910588134,SIMULATED,NORMAL
2026-06-17T17:24:44.048542+00:00,DION_001,569800,0.042080133153631405,SIMULATED,NORMAL
2026-06-17T17:24:44.059280+00:00,DION_001,569801,-0.2106015355425098,SIMULATED,NORMAL
2026-06-17T17:24:44.069904+00:00,DION_001,569802,-0.14937626708577498,SIMULATED,NORMAL
2026-06-17T17:24:44.080310+00:00,DION_001,569803,-0.18999538889457557,SIMULATED,NORMAL
2026-06-17T17:24:44.090721+00:00,DION_001,569804,-0.035370973913662104,SIMULATED,NORMAL
2026-06-17T17:24:44.101005+00:00,DION_001,569805,-0.15568091322412098,SIMULATED,NORMAL
2026-06-17T17:24:44.111373+00:00,DION_001,569806,-0.06439162913232221,SIMULATED,NORMAL
2026-06-17T17:24:44.121725+00:00,DION_001,569807,0.2865494095057257,SIMULATED,NORMAL
2026-06-17T17:24:44.132214+00:00,DION_001,569808,0.14223810689312477,SIMULATED,NORMAL
2026-06-17T17:24:44.142655+00:00,DION_001,569809,-0.044190394937076924,SIMULATED,NORMAL
2026-06-17T17:24:44.153015+00:00,DION_001,569810,2.36639914301709,SIMULATED,EVENT_DETECTED
2026-06-17T17:24:44.163535+00:00,DION_001,569811,-0.03634185629546391,SIMULATED,NORMAL
2026-06-17T17:24:44.173905+00:00,DION_001,569812,0.2393676545483788,SIMULATED,NORMAL
2026-06-17T17:24:44.184306+00:00,DION_001,569813,0.16994270261040523,SIMULATED,NORMAL
2026-06-17T17:24:44.194621+00:00,DION_001,569814,0.24135202737073513,SIMULATED,NORMAL
2026-06-17T17:24:44.205146+00:00,DION_001,569815,0.5943150776757169,SIMULATED,NORMAL
2026-06-17T17:24:44.215555+00:00,DION_001,569816,0.496592889204258,SIMULATED,NORMAL
2026-06-17T17:24:44.225891+00:00,DION_001,569817,0.3142214179258471,SIMULATED,NORMAL
2026-06-17T17:24:44.236278+00:00,DION_001,569818,0.5850627128069862,SIMULATED,NORMAL
2026-06-17T17:24:44.246735+00:00,DION_001,569819,0.4521275363191247,SIMULATED,NORMAL
2026-06-17T17:24:44.257108+00:00,DION_001,569820,0.35363504239118104,SIMULATED,NORMAL
2026-06-17T17:24:44.267426+00:00,DION_001,569821,0.691246107761599,SIMULATED,NORMAL
2026-06-17T17:24:44.278013+00:00,DION_001,569822,0.7361673882981712,SIMULATED,NORMAL
2026-06-17T17:24:44.288450+00:00,DION_001,569823,0.3732767918643855,SIMULATED,NORMAL
2026-06-17T17:24:44.299029+00:00,DION_001,569824,0.8540632691181171,SIMULATED,NORMAL
2026-06-17T17:24:44.309402+00:00,DION_001,569825,0.698512305940872,SIMULATED,NORMAL
2026-06-17T17:24:44.319811+00:00,DION_001,569826,0.8641937790014693,SIMULATED,NORMAL
2026-06-17T17:24:44.330296+00:00,DION_001,569827,0.79122816949381,SIMULATED,NORMAL
2026-06-17T17:24:44.340852+00:00,DION_001,569828,0.889290899319083,SIMULATED,NORMAL
2026-06-17T17:24:44.351369+00:00,DION_001,569829,0.9143852703462828,SIMULATED,NORMAL
2026-06-17T17:24:44.361970+00:00,DION_001,569830,0.968954344403113,SIMULATED,NORMAL
2026-06-17T17:24:44.372401+00:00,DION_001,569831,0.6824872263938645,SIMULATED,NORMAL
2026-06-17T17:24:44.382888+00:00,DION_001,569832,1.1944036903210506,SIMULATED,NORMAL
2026-06-17T17:24:44.393208+00:00,DION_001,569833,0.6674700288332516,SIMULATED,NORMAL
2026-06-17T17:24:44.403657+00:00,DION_001,569834,0.6443668692496386,SIMULATED,NORMAL
2026-06-17T17:24:44.413993+00:00,DION_001,569835,1.3096894142416242,SIMULATED,NORMAL
2026-06-17T17:24:44.424382+00:00,DION_001,569836,0.8742905275997191,SIMULATED,NORMAL
2026-06-17T17:24:44.434877+00:00,DION_001,569837,0.8592507803943333,SIMULATED,NORMAL
2026-06-17T17:24:44.445213+00:00,DION_001,569838,0.8325398996453193,SIMULATED,NORMAL
2026-06-17T17:24:44.455588+00:00,DION_001,569839,0.7638274684667263,SIMULATED,NORMAL
2026-06-17T17:24:44.465946+00:00,DION_001,569840,0.6670005123426612,SIMULATED,NORMAL
2026-06-17T17:24:44.476485+00:00,DION_001,569841,0.8706874420966845,SIMULATED,NORMAL
2026-06-17T17:24:44.486981+00:00,DION_001,569842,0.7513785383109264,SIMULATED,NORMAL
2026-06-17T17:24:44.497281+00:00,DION_001,569843,0.9435521243965534,SIMULATED,NORMAL
2026-06-17T17:24:44.507651+00:00,DION_001,569844,0.8392244013951841,SIMULATED,NORMAL
2026-06-17T17:24:44.517966+00:00,DION_001,569845,0.8316284816819987,SIMULATED,NORMAL
2026-06-17T17:24:44.528407+00:00,DION_001,569846,0.9835638119080521,SIMULATED,NORMAL
2026-06-17T17:24:44.538848+00:00,DION_001,569847,0.7620915329279554,SIMULATED,NORMAL
2026-06-17T17:24:44.549199+00:00,DION_001,569848,0.7592802250368998,SIMULATED,NORMAL
2026-06-17T17:24:44.559586+00:00,DION_001,569849,0.7192859260772365,SIMULATED,NORMAL
2026-06-17T17:24:44.570038+00:00,DION_001,569850,0.8309316855952911,SIMULATED,NORMAL
2026-06-17T17:24:44.580510+00:00,DION_001,569851,0.59619717202423,SIMULATED,NORMAL
2026-06-17T17:24:44.590984+00:00,DION_001,569852,0.7057598164425156,SIMULATED,NORMAL
2026-06-17T17:24:44.601379+00:00,DION_001,569853,0.5187999992004583,SIMULATED,NORMAL
2026-06-17T17:24:44.611903+00:00,DION_001,569854,0.4252033867173018,SIMULATED,NORMAL
2026-06-17T17:24:44.622398+00:00,DION_001,569855,0.6626591215723533,SIMULATED,NORMAL
2026-06-17T17:24:44.632888+00:00,DION_001,569856,0.5704928079793453,SIMULATED,NORMAL
2026-06-17T17:24:44.643212+00:00,DION_001,569857,0.47378285798059167,SIMULATED,NORMAL
2026-06-17T17:24:44.653543+00:00,DION_001,569858,0.6234741931156884,SIMULATED,NORMAL
2026-06-17T17:24:44.664040+00:00,DION_001,569859,0.3737340302790082,SIMULATED,NORMAL
2026-06-17T17:24:44.674425+00:00,DION_001,569860,0.40479801414733224,SIMULATED,NORMAL
2026-06-17T17:24:44.684729+00:00,DION_001,569861,0.46682677662950534,SIMULATED,NORMAL
2026-06-17T17:24:44.695112+00:00,DION_001,569862,0.2695581363799324,SIMULATED,NORMAL
2026-06-17T17:24:44.705491+00:00,DION_001,569863,0.34552339135183424,SIMULATED,NORMAL
2026-06-17T17:24:44.715873+00:00,DION_001,569864,0.007624379025994554,SIMULATED,NORMAL
2026-06-17T17:24:44.726251+00:00,DION_001,569865,0.45252195941817064,SIMULATED,NORMAL
2026-06-17T17:24:44.736584+00:00,DION_001,569866,0.344700346039017,SIMULATED,NORMAL
2026-06-17T17:24:44.747026+00:00,DION_001,569867,0.10818960509431691,SIMULATED,NORMAL
2026-06-17T17:24:44.757228+00:00,DION_001,569868,0.5101676390581391,SIMULATED,NORMAL
2026-06-17T17:24:44.767403+00:00,DION_001,569869,0.11718379044737348,SIMULATED,NORMAL
2026-06-17T17:24:44.777687+00:00,DION_001,569870,0.2690088978771614,SIMULATED,NORMAL
2026-06-17T17:24:44.788043+00:00,DION_001,569871,0.24840214024737234,SIMULATED,NORMAL
2026-06-17T17:24:44.798410+00:00,DION_001,569872,0.2788061065144473,SIMULATED,NORMAL
2026-06-17T17:24:44.808638+00:00,DION_001,569873,0.3526962833426173,SIMULATED,NORMAL
2026-06-17T17:24:44.819047+00:00,DION_001,569874,0.394289740209176,SIMULATED,NORMAL
2026-06-17T17:24:44.829289+00:00,DION_001,569875,0.2952928812645801,SIMULATED,NORMAL
2026-06-17T17:24:44.839625+00:00,DION_001,569876,0.39819158487402784,SIMULATED,NORMAL
2026-06-17T17:24:44.850010+00:00,DION_001,569877,0.397179366779642,SIMULATED,NORMAL
2026-06-17T17:24:44.860392+00:00,DION_001,569878,0.5826586417391516,SIMULATED,NORMAL
2026-06-17T17:24:44.870779+00:00,DION_001,569879,0.6326853198187048,SIMULATED,NORMAL
2026-06-17T17:24:44.881066+00:00,DION_001,569880,0.6786487271010249,SIMULATED,NORMAL
2026-06-17T17:24:44.891435+00:00,DION_001,569881,0.741168655304635,SIMULATED,NORMAL
2026-06-17T17:24:44.901849+00:00,DION_001,569882,0.46414458932572555,SIMULATED,NORMAL
2026-06-17T17:24:44.912122+00:00,DION_001,569883,0.44605286303393804,SIMULATED,NORMAL
2026-06-17T17:24:44.922465+00:00,DION_001,569884,0.6869731384879735,SIMULATED,NORMAL
2026-06-17T17:24:44.932956+00:00,DION_001,569885,0.7686076376100415,SIMULATED,NORMAL
2026-06-17T17:24:44.943296+00:00,DION_001,569886,1.0401393816286066,SIMULATED,NORMAL
2026-06-17T17:24:44.953825+00:00,DION_001,569887,0.5481424894144699,SIMULATED,NORMAL
2026-06-17T17:24:44.964245+00:00,DION_001,569888,0.7426518740373401,SIMULATED,NORMAL
2026-06-17T17:24:44.974741+00:00,DION_001,569889,0.6248769048777986,SIMULATED,NORMAL
2026-06-17T17:24:44.985264+00:00,DION_001,569890,0.8230817360961241,SIMULATED,NORMAL
2026-06-17T17:24:44.995637+00:00,DION_001,569891,0.7104499503290773,SIMULATED,NORMAL
2026-06-17T17:24:45.006201+00:00,DION_001,569892,0.752321571527981,SIMULATED,NORMAL
2026-06-17T17:24:45.016621+00:00,DION_001,569893,0.6473822375354197,SIMULATED,NORMAL
2026-06-17T17:24:45.027023+00:00,DION_001,569894,0.8340863411265457,SIMULATED,NORMAL
2026-06-17T17:24:45.037652+00:00,DION_001,569895,0.9077972224829702,SIMULATED,NORMAL
2026-06-17T17:24:45.048324+00:00,DION_001,569896,0.9242048757964634,SIMULATED,NORMAL
2026-06-17T17:24:45.058628+00:00,DION_001,569897,0.9373259260504754,SIMULATED,NORMAL
2026-06-17T17:24:45.068885+00:00,DION_001,569898,0.9779510497220428,SIMULATED,NORMAL
2026-06-17T17:24:45.079050+00:00,DION_001,569899,1.1140925814483926,SIMULATED,NORMAL
2026-06-17T17:24:45.089193+00:00,DION_001,569900,1.156606401693927,SIMULATED,NORMAL
2026-06-17T17:24:45.099370+00:00,DION_001,569901,0.9923973359019367,SIMULATED,NORMAL
2026-06-17T17:24:45.109692+00:00,DION_001,569902,1.0434334865448276,SIMULATED,NORMAL
2026-06-17T17:24:45.119894+00:00,DION_001,569903,1.3333560149820611,SIMULATED,NORMAL
2026-06-17T17:24:45.130177+00:00,DION_001,569904,1.046394056127091,SIMULATED,NORMAL
2026-06-17T17:24:45.140422+00:00,DION_001,569905,1.0422982288984133,SIMULATED,NORMAL
2026-06-17T17:24:45.150711+00:00,DION_001,569906,1.2572199954023922,SIMULATED,NORMAL
2026-06-17T17:24:45.160988+00:00,DION_001,569907,1.1143550978358168,SIMULATED,NORMAL
2026-06-17T17:24:45.171176+00:00,DION_001,569908,1.1400381542232032,SIMULATED,NORMAL
2026-06-17T17:24:45.181535+00:00,DION_001,569909,0.9890919944277093,SIMULATED,NORMAL
2026-06-17T17:24:45.192003+00:00,DION_001,569910,1.0250736994897185,SIMULATED,NORMAL
2026-06-17T17:24:45.202448+00:00,DION_001,569911,1.017389963373518,SIMULATED,NORMAL
2026-06-17T17:24:45.212809+00:00,DION_001,569912,1.1579493414586985,SIMULATED,NORMAL
2026-06-17T17:24:45.223211+00:00,DION_001,569913,1.353522421535361,SIMULATED,NORMAL
2026-06-17T17:24:45.233641+00:00,DION_001,569914,1.2637864323571875,SIMULATED,NORMAL
2026-06-17T17:24:45.244035+00:00,DION_001,569915,1.1780145471335408,SIMULATED,NORMAL
2026-06-17T17:24:45.254486+00:00,DION_001,569916,0.8287462289731273,SIMULATED,NORMAL
2026-06-17T17:24:45.264946+00:00,DION_001,569917,1.098968524819681,SIMULATED,NORMAL
2026-06-17T17:24:45.275361+00:00,DION_001,569918,1.1051786083137454,SIMULATED,NORMAL
2026-06-17T17:24:45.285769+00:00,DION_001,569919,1.3708471742528316,SIMULATED,NORMAL
2026-06-17T17:24:45.296154+00:00,DION_001,569920,1.356949069687503,SIMULATED,NORMAL
2026-06-17T17:24:45.306573+00:00,DION_001,569921,1.100942588192239,SIMULATED,NORMAL
2026-06-17T17:24:45.317027+00:00,DION_001,569922,0.8528389226873533,SIMULATED,NORMAL
2026-06-17T17:24:45.327395+00:00,DION_001,569923,0.7390100916579396,SIMULATED,NORMAL
2026-06-17T17:24:45.337676+00:00,DION_001,569924,0.6833112966385716,SIMULATED,NORMAL
2026-06-17T17:24:45.348098+00:00,DION_001,569925,0.5968614979450915,SIMULATED,NORMAL
2026-06-17T17:24:45.358539+00:00,DION_001,569926,1.0009901348664825,SIMULATED,NORMAL
2026-06-17T17:24:45.369032+00:00,DION_001,569927,0.5049332705875136,SIMULATED,NORMAL
2026-06-17T17:24:45.379362+00:00,DION_001,569928,-0.9332379407810171,SIMULATED,NORMAL
2026-06-17T17:24:45.390044+00:00,DION_001,569929,0.9456698549760902,SIMULATED,NORMAL
2026-06-17T17:24:45.400528+00:00,DION_001,569930,2.703673325792339,SIMULATED,EVENT_DETECTED
2026-06-17T17:24:45.411547+00:00,DION_001,569931,0.5151660122209233,SIMULATED,NORMAL
2026-06-17T17:24:45.422109+00:00,DION_001,569932,0.7703002234265369,SIMULATED,NORMAL
2026-06-17T17:24:45.432655+00:00,DION_001,569933,0.2980098353943456,SIMULATED,NORMAL
2026-06-17T17:24:45.443213+00:00,DION_001,569934,0.3416938864181246,SIMULATED,NORMAL
2026-06-17T17:24:45.453810+00:00,DION_001,569935,0.3038351376063342,SIMULATED,NORMAL
2026-06-17T17:24:45.464340+00:00,DION_001,569936,0.23799814844162925,SIMULATED,NORMAL
2026-06-17T17:24:45.474893+00:00,DION_001,569937,0.1958369560582802,SIMULATED,NORMAL
2026-06-17T17:24:45.485285+00:00,DION_001,569938,0.30630531524010185,SIMULATED,NORMAL
2026-06-17T17:24:45.495752+00:00,DION_001,569939,0.44567080585849783,SIMULATED,NORMAL
2026-06-17T17:24:45.506265+00:00,DION_001,569940,0.2390801029825717,SIMULATED,NORMAL
2026-06-17T17:24:45.516823+00:00,DION_001,569941,0.44477796690039617,SIMULATED,NORMAL
2026-06-17T17:24:45.527353+00:00,DION_001,569942,0.24545451697045267,SIMULATED,NORMAL
2026-06-17T17:24:45.537821+00:00,DION_001,569943,0.16912275688669243,SIMULATED,NORMAL
2026-06-17T17:24:45.548073+00:00,DION_001,569944,0.23243436185344318,SIMULATED,NORMAL
2026-06-17T17:24:45.558388+00:00,DION_001,569945,0.2717571265695729,SIMULATED,NORMAL
2026-06-17T17:24:45.568722+00:00,DION_001,569946,-0.1067387354538839,SIMULATED,NORMAL
2026-06-17T17:24:45.578918+00:00,DION_001,569947,-0.022571670916460923,SIMULATED,NORMAL
2026-06-17T17:24:45.589203+00:00,DION_001,569948,0.046537141326417834,SIMULATED,NORMAL
2026-06-17T17:24:45.599555+00:00,DION_001,569949,0.12360013778200607,SIMULATED,NORMAL
2026-06-17T17:24:45.610098+00:00,DION_001,569950,-0.06014035747821375,SIMULATED,NORMAL
2026-06-17T17:24:45.620502+00:00,DION_001,569951,0.05465765940486013,SIMULATED,NORMAL
2026-06-17T17:24:45.631034+00:00,DION_001,569952,-0.025286532436967782,SIMULATED,NORMAL
2026-06-17T17:24:45.641531+00:00,DION_001,569953,-0.023089725484420003,SIMULATED,NORMAL
2026-06-17T17:24:45.651960+00:00,DION_001,569954,0.14846816316499847,SIMULATED,NORMAL
2026-06-17T17:24:45.662390+00:00,DION_001,569955,-0.08916773750138152,SIMULATED,NORMAL
2026-06-17T17:24:45.673006+00:00,DION_001,569956,-0.026407072607531383,SIMULATED,NORMAL
2026-06-17T17:24:45.683544+00:00,DION_001,569957,0.05030509915569226,SIMULATED,NORMAL
2026-06-17T17:24:45.693970+00:00,DION_001,569958,0.10361456521152358,SIMULATED,NORMAL
2026-06-17T17:24:45.704404+00:00,DION_001,569959,0.19403057781234442,SIMULATED,NORMAL
2026-06-17T17:24:45.715115+00:00,DION_001,569960,0.02654633462794355,SIMULATED,NORMAL
2026-06-17T17:24:45.725535+00:00,DION_001,569961,2.437547906692913,SIMULATED,EVENT_DETECTED
2026-06-17T17:24:45.736161+00:00,DION_001,569962,-0.011087772813155983,SIMULATED,NORMAL
2026-06-17T17:24:45.746592+00:00,DION_001,569963,0.027994694546185653,SIMULATED,NORMAL
2026-06-17T17:24:45.757014+00:00,DION_001,569964,0.19773516007466524,SIMULATED,NORMAL
2026-06-17T17:24:45.767510+00:00,DION_001,569965,0.2872496911651884,SIMULATED,NORMAL
2026-06-17T17:24:45.777880+00:00,DION_001,569966,0.06823064300818354,SIMULATED,NORMAL
2026-06-17T17:24:45.788373+00:00,DION_001,569967,0.1521771748984671,SIMULATED,NORMAL
2026-06-17T17:24:45.798824+00:00,DION_001,569968,0.03101471015252978,SIMULATED,NORMAL
2026-06-17T17:24:45.809291+00:00,DION_001,569969,0.266249266013748,SIMULATED,NORMAL
2026-06-17T17:24:45.819672+00:00,DION_001,569970,0.01551725402048007,SIMULATED,NORMAL
2026-06-17T17:24:45.830176+00:00,DION_001,569971,0.025003693261155868,SIMULATED,NORMAL
2026-06-17T17:24:45.840939+00:00,DION_001,569972,0.2959505715734661,SIMULATED,NORMAL
2026-06-17T17:24:45.851394+00:00,DION_001,569973,0.11821295623766856,SIMULATED,NORMAL
2026-06-17T17:24:45.861843+00:00,DION_001,569974,0.39971013862396404,SIMULATED,NORMAL
2026-06-17T17:24:45.872190+00:00,DION_001,569975,-0.0752068700157627,SIMULATED,NORMAL
2026-06-17T17:24:45.882666+00:00,DION_001,569976,0.3921221388730497,SIMULATED,NORMAL
2026-06-17T17:24:45.893092+00:00,DION_001,569977,0.29170031422012815,SIMULATED,NORMAL
2026-06-17T17:24:45.903537+00:00,DION_001,569978,0.1318363574851984,SIMULATED,NORMAL
2026-06-17T17:24:45.913981+00:00,DION_001,569979,0.3151194424174041,SIMULATED,NORMAL
2026-06-17T17:24:45.924388+00:00,DION_001,569980,0.2182662320392577,SIMULATED,NORMAL
2026-06-17T17:24:45.934971+00:00,DION_001,569981,0.3564269387436155,SIMULATED,NORMAL
2026-06-17T17:24:45.945344+00:00,DION_001,569982,0.24156967590871273,SIMULATED,NORMAL
2026-06-17T17:24:45.955763+00:00,DION_001,569983,0.4090742936408376,SIMULATED,NORMAL
2026-06-17T17:24:45.966264+00:00,DION_001,569984,0.5726076862226723,SIMULATED,NORMAL
2026-06-17T17:24:45.976691+00:00,DION_001,569985,0.3093965643466794,SIMULATED,NORMAL
2026-06-17T17:24:45.987085+00:00,DION_001,569986,0.08688333297289286,SIMULATED,NORMAL
2026-06-17T17:24:45.997466+00:00,DION_001,569987,0.3873856345118431,SIMULATED,NORMAL
2026-06-17T17:24:46.007992+00:00,DION_001,569988,0.3367450312830181,SIMULATED,NORMAL
2026-06-17T17:24:46.018537+00:00,DION_001,569989,0.5212427001532287,SIMULATED,NORMAL
2026-06-17T17:24:46.028961+00:00,DION_001,569990,0.2602225875059433,SIMULATED,NORMAL
2026-06-17T17:24:46.039266+00:00,DION_001,569991,0.24357024147198392,SIMULATED,NORMAL
2026-06-17T17:24:46.049653+00:00,DION_001,569992,0.2398802488690855,SIMULATED,NORMAL
2026-06-17T17:24:46.060042+00:00,DION_001,569993,2.5513185625351786,SIMULATED,EVENT_DETECTED
2026-06-17T17:24:46.070791+00:00,DION_001,569994,0.2843990083864792,SIMULATED,NORMAL
2026-06-17T17:24:46.081236+00:00,DION_001,569995,0.14584777078016373,SIMULATED,NORMAL
2026-06-17T17:24:46.091636+00:00,DION_001,569996,-2.2419177681475575,SIMULATED,EVENT_DETECTED
2026-06-17T17:24:46.102005+00:00,DION_001,569997,0.2408331814459754,SIMULATED,NORMAL
2026-06-17T17:24:46.112499+00:00,DION_001,569998,0.07647783343622325,SIMULATED,NORMAL
2026-06-17T17:24:46.123140+00:00,DION_001,569999,0.08818121499140981,SIMULATED,NORMAL
2026-06-17T17:24:46.133538+00:00,DION_001,570000,0.39178447321517834,SIMULATED,NORMAL
2026-06-17T17:24:46.143875+00:00,DION_001,570001,0.3107477632310911,SIMULATED,NORMAL
2026-06-17T17:24:46.154200+00:00,DION_001,570002,0.07015613867048617,SIMULATED,NORMAL
2026-06-17T17:24:46.164430+00:00,DION_001,570003,0.21081988307262353,SIMULATED,NORMAL
2026-06-17T17:24:46.174600+00:00,DION_001,570004,0.08167200195619485,SIMULATED,NORMAL
2026-06-17T17:24:46.184757+00:00,DION_001,570005,-0.12331293099268423,SIMULATED,NORMAL
2026-06-17T17:24:46.194897+00:00,DION_001,570006,-0.008914204253908,SIMULATED,NORMAL
2026-06-17T17:24:46.205102+00:00,DION_001,570007,0.005167466792547565,SIMULATED,NORMAL
2026-06-17T17:24:46.215297+00:00,DION_001,570008,-0.392045077680759,SIMULATED,NORMAL
2026-06-17T17:24:46.225453+00:00,DION_001,570009,-0.455935748715868,SIMULATED,NORMAL
2026-06-17T17:24:46.235590+00:00,DION_001,570010,-0.33319605844710515,SIMULATED,NORMAL
2026-06-17T17:24:46.245721+00:00,DION_001,570011,-0.13041463392682842,SIMULATED,NORMAL
2026-06-17T17:24:46.255864+00:00,DION_001,570012,-0.3976575199377018,SIMULATED,NORMAL
2026-06-17T17:24:46.266051+00:00,DION_001,570013,-0.2793612334443355,SIMULATED,NORMAL
2026-06-17T17:24:46.276209+00:00,DION_001,570014,-0.5397748413710081,SIMULATED,NORMAL
2026-06-17T17:24:46.286350+00:00,DION_001,570015,-0.08177559512487964,SIMULATED,NORMAL
2026-06-17T17:24:46.296515+00:00,DION_001,570016,-0.3744382233934358,SIMULATED,NORMAL
2026-06-17T17:24:46.306779+00:00,DION_001,570017,-0.4104400748516983,SIMULATED,NORMAL
2026-06-17T17:24:46.316945+00:00,DION_001,570018,-0.7361541377608096,SIMULATED,NORMAL
2026-06-17T17:24:46.327088+00:00,DION_001,570019,-0.6466693453982213,SIMULATED,NORMAL
2026-06-17T17:24:46.337225+00:00,DION_001,570020,-0.42395931376063056,SIMULATED,NORMAL
2026-06-17T17:24:46.347362+00:00,DION_001,570021,-0.4644674325722217,SIMULATED,NORMAL
2026-06-17T17:24:46.357503+00:00,DION_001,570022,-0.8809344767776044,SIMULATED,NORMAL
2026-06-17T17:24:46.367643+00:00,DION_001,570023,-0.8240971577536126,SIMULATED,NORMAL
2026-06-17T17:24:46.377786+00:00,DION_001,570024,-0.5469942218821229,SIMULATED,NORMAL
2026-06-17T17:24:46.387992+00:00,DION_001,570025,-0.9951591928705482,SIMULATED,NORMAL
2026-06-17T17:24:46.398269+00:00,DION_001,570026,-0.8315983463665225,SIMULATED,NORMAL
2026-06-17T17:24:46.408498+00:00,DION_001,570027,-1.1305912549639205,SIMULATED,NORMAL
2026-06-17T17:24:46.418725+00:00,DION_001,570028,-0.7661978189443237,SIMULATED,NORMAL
2026-06-17T17:24:46.428919+00:00,DION_001,570029,-0.8629525907540442,SIMULATED,NORMAL
2026-06-17T17:24:46.439093+00:00,DION_001,570030,-0.7431467062932601,SIMULATED,NORMAL
2026-06-17T17:24:46.449307+00:00,DION_001,570031,-0.71530281623398,SIMULATED,NORMAL
2026-06-17T17:24:46.459481+00:00,DION_001,570032,-0.9985819249815632,SIMULATED,NORMAL
2026-06-17T17:24:46.469611+00:00,DION_001,570033,-0.689125428986811,SIMULATED,NORMAL
2026-06-17T17:24:46.479931+00:00,DION_001,570034,-1.213198909004846,SIMULATED,NORMAL
2026-06-17T17:24:46.490197+00:00,DION_001,570035,-0.7515599507475255,SIMULATED,NORMAL
2026-06-17T17:24:46.500638+00:00,DION_001,570036,-0.7940427855939063,SIMULATED,NORMAL
2026-06-17T17:24:46.510944+00:00,DION_001,570037,-1.0455673934152865,SIMULATED,NORMAL
2026-06-17T17:24:46.521207+00:00,DION_001,570038,-0.7631289442935386,SIMULATED,NORMAL
2026-06-17T17:24:46.531523+00:00,DION_001,570039,-0.9924827654999603,SIMULATED,NORMAL
2026-06-17T17:24:46.541982+00:00,DION_001,570040,-0.9959886677673112,SIMULATED,NORMAL
2026-06-17T17:24:46.552406+00:00,DION_001,570041,-0.7183990033178389,SIMULATED,NORMAL
2026-06-17T17:24:46.562740+00:00,DION_001,570042,-0.8944760890577819,SIMULATED,NORMAL
2026-06-17T17:24:46.573127+00:00,DION_001,570043,-0.8144924988729941,SIMULATED,NORMAL
2026-06-17T17:24:46.583502+00:00,DION_001,570044,-0.7993399660434725,SIMULATED,NORMAL
2026-06-17T17:24:46.593986+00:00,DION_001,570045,-0.9495670247861482,SIMULATED,NORMAL
2026-06-17T17:24:46.604409+00:00,DION_001,570046,-0.9779150452063964,SIMULATED,NORMAL
2026-06-17T17:24:46.614808+00:00,DION_001,570047,-0.6752583685866994,SIMULATED,NORMAL
2026-06-17T17:24:46.625132+00:00,DION_001,570048,-0.7033621176057349,SIMULATED,NORMAL
2026-06-17T17:24:46.635530+00:00,DION_001,570049,-0.6491258191589651,SIMULATED,NORMAL
2026-06-17T17:24:46.645988+00:00,DION_001,570050,-0.8965247754936527,SIMULATED,NORMAL
2026-06-17T17:24:46.656533+00:00,DION_001,570051,-0.7218844042664572,SIMULATED,NORMAL
2026-06-17T17:24:46.667136+00:00,DION_001,570052,-0.672938491482734,SIMULATED,NORMAL
2026-06-17T17:24:46.677452+00:00,DION_001,570053,-0.4007104972963078,SIMULATED,NORMAL
2026-06-17T17:24:46.687818+00:00,DION_001,570054,-0.6638769998794642,SIMULATED,NORMAL
2026-06-17T17:24:46.698154+00:00,DION_001,570055,-0.7964389731720913,SIMULATED,NORMAL
2026-06-17T17:24:46.708377+00:00,DION_001,570056,-0.7000825549258658,SIMULATED,NORMAL
2026-06-17T17:24:46.718729+00:00,DION_001,570057,-0.5996982130843188,SIMULATED,NORMAL
2026-06-17T17:24:46.729148+00:00,DION_001,570058,-0.47162274081632705,SIMULATED,NORMAL
2026-06-17T17:24:46.739584+00:00,DION_001,570059,-0.6289705948070923,SIMULATED,NORMAL
2026-06-17T17:24:46.750013+00:00,DION_001,570060,-0.7269011046702047,SIMULATED,NORMAL
2026-06-17T17:24:46.760367+00:00,DION_001,570061,-0.483436576312678,SIMULATED,NORMAL
2026-06-17T17:24:46.770688+00:00,DION_001,570062,-0.5455437058156247,SIMULATED,NORMAL
2026-06-17T17:24:46.781004+00:00,DION_001,570063,-0.2752278393163717,SIMULATED,NORMAL
2026-06-17T17:24:46.791270+00:00,DION_001,570064,-0.6524484564481443,SIMULATED,NORMAL
2026-06-17T17:24:46.801653+00:00,DION_001,570065,-0.511416719885463,SIMULATED,NORMAL
2026-06-17T17:24:46.811998+00:00,DION_001,570066,-0.5887062270212408,SIMULATED,NORMAL
2026-06-17T17:24:46.822297+00:00,DION_001,570067,-0.2553459240125364,SIMULATED,NORMAL
2026-06-17T17:24:46.832799+00:00,DION_001,570068,-0.3122146467049177,SIMULATED,NORMAL
2026-06-17T17:24:46.843084+00:00,DION_001,570069,-0.2634608972186614,SIMULATED,NORMAL
2026-06-17T17:24:46.853294+00:00,DION_001,570070,-0.4016166998814128,SIMULATED,NORMAL
2026-06-17T17:24:46.863530+00:00,DION_001,570071,-0.44844106750912327,SIMULATED,NORMAL
2026-06-17T17:24:46.873803+00:00,DION_001,570072,-0.04999710438191268,SIMULATED,NORMAL
2026-06-17T17:24:46.884122+00:00,DION_001,570073,-0.27436464733454596,SIMULATED,NORMAL
2026-06-17T17:24:46.894400+00:00,DION_001,570074,-0.19514261213193024,SIMULATED,NORMAL
2026-06-17T17:24:46.904746+00:00,DION_001,570075,-0.4174250425968072,SIMULATED,NORMAL
2026-06-17T17:24:46.915023+00:00,DION_001,570076,-0.34643227609121396,SIMULATED,NORMAL
2026-06-17T17:24:46.925316+00:00,DION_001,570077,-0.3229864989617719,SIMULATED,NORMAL
2026-06-17T17:24:46.935560+00:00,DION_001,570078,-0.24849100841314503,SIMULATED,NORMAL
2026-06-17T17:24:46.945780+00:00,DION_001,570079,-0.539511121375829,SIMULATED,NORMAL
2026-06-17T17:24:46.955980+00:00,DION_001,570080,-0.49782805339077696,SIMULATED,NORMAL
2026-06-17T17:24:46.966217+00:00,DION_001,570081,-0.6939707786898743,SIMULATED,NORMAL
2026-06-17T17:24:46.976456+00:00,DION_001,570082,-0.5324517990421335,SIMULATED,NORMAL
2026-06-17T17:24:46.986743+00:00,DION_001,570083,-0.4923964673567769,SIMULATED,NORMAL
2026-06-17T17:24:46.997096+00:00,DION_001,570084,-0.4925476384277539,SIMULATED,NORMAL
2026-06-17T17:24:47.007625+00:00,DION_001,570085,-0.4862568000794338,SIMULATED,NORMAL
2026-06-17T17:24:47.018080+00:00,DION_001,570086,-0.40520015162979717,SIMULATED,NORMAL
2026-06-17T17:24:47.028358+00:00,DION_001,570087,-0.6015496529624087,SIMULATED,NORMAL
2026-06-17T17:24:47.038644+00:00,DION_001,570088,-0.4420917744454416,SIMULATED,NORMAL
2026-06-17T17:24:47.049065+00:00,DION_001,570089,-0.7064801840232874,SIMULATED,NORMAL
2026-06-17T17:24:47.059370+00:00,DION_001,570090,-0.8627113624766105,SIMULATED,NORMAL
2026-06-17T17:24:47.069726+00:00,DION_001,570091,-0.6516172399478924,SIMULATED,NORMAL
2026-06-17T17:24:47.080050+00:00,DION_001,570092,-0.4073266273796164,SIMULATED,NORMAL
2026-06-17T17:24:47.090391+00:00,DION_001,570093,-0.701855794918427,SIMULATED,NORMAL
2026-06-17T17:24:47.100770+00:00,DION_001,570094,-0.6696267930448409,SIMULATED,NORMAL
2026-06-17T17:24:47.111194+00:00,DION_001,570095,-0.7918133610005245,SIMULATED,NORMAL
2026-06-17T17:24:47.121624+00:00,DION_001,570096,-0.998856748834805,SIMULATED,NORMAL
2026-06-17T17:24:47.131986+00:00,DION_001,570097,-0.9798091328732236,SIMULATED,NORMAL
2026-06-17T17:24:47.142350+00:00,DION_001,570098,-0.9605430404661014,SIMULATED,NORMAL
2026-06-17T17:24:47.152642+00:00,DION_001,570099,-0.7569346142730681,SIMULATED,NORMAL
2026-06-17T17:24:47.162946+00:00,DION_001,570100,-0.7845138977118024,SIMULATED,NORMAL
2026-06-17T17:24:47.173370+00:00,DION_001,570101,-0.827864130632449,SIMULATED,NORMAL
2026-06-17T17:24:47.183733+00:00,DION_001,570102,-1.0141047187606524,SIMULATED,NORMAL
2026-06-17T17:24:47.194131+00:00,DION_001,570103,-1.0892604059485278,SIMULATED,NORMAL
2026-06-17T17:24:47.204531+00:00,DION_001,570104,-3.4815002036911826,SIMULATED,EVENT_DETECTED
2026-06-17T17:24:47.215339+00:00,DION_001,570105,-1.1481442890942823,SIMULATED,NORMAL
2026-06-17T17:24:47.225909+00:00,DION_001,570106,-1.0704870238902058,SIMULATED,NORMAL
2026-06-17T17:24:47.236812+00:00,DION_001,570107,-1.099584611059229,SIMULATED,NORMAL
2026-06-17T17:24:47.247774+00:00,DION_001,570108,-1.2823312980955839,SIMULATED,NORMAL
2026-06-17T17:24:47.258159+00:00,DION_001,570109,-1.1339308233769747,SIMULATED,NORMAL
2026-06-17T17:24:47.268440+00:00,DION_001,570110,-1.0811624612029027,SIMULATED,NORMAL
2026-06-17T17:24:47.278706+00:00,DION_001,570111,-1.2867112824753844,SIMULATED,NORMAL
2026-06-17T17:24:47.288893+00:00,DION_001,570112,-0.946641358986929,SIMULATED,NORMAL
2026-06-17T17:24:47.299052+00:00,DION_001,570113,-1.2594868206226262,SIMULATED,NORMAL
2026-06-17T17:24:47.309253+00:00,DION_001,570114,-0.9626132327812846,SIMULATED,NORMAL
2026-06-17T17:24:47.319484+00:00,DION_001,570115,-0.9654216288317845,SIMULATED,NORMAL
2026-06-17T17:24:47.329734+00:00,DION_001,570116,-1.181587199106508,SIMULATED,NORMAL
2026-06-17T17:24:47.339866+00:00,DION_001,570117,-0.8794900275137434,SIMULATED,NORMAL
2026-06-17T17:24:47.349986+00:00,DION_001,570118,-1.0516078500374373,SIMULATED,NORMAL
2026-06-17T17:24:47.360110+00:00,DION_001,570119,-1.2018604372775923,SIMULATED,NORMAL
2026-06-17T17:24:47.370234+00:00,DION_001,570120,-0.7522974578023199,SIMULATED,NORMAL
2026-06-17T17:24:47.380391+00:00,DION_001,570121,-0.8784043455010393,SIMULATED,NORMAL
2026-06-17T17:24:47.390657+00:00,DION_001,570122,-0.8152806912966677,SIMULATED,NORMAL
2026-06-17T17:24:47.401036+00:00,DION_001,570123,-0.6834689295561869,SIMULATED,NORMAL
2026-06-17T17:24:47.411332+00:00,DION_001,570124,-0.8160068356627372,SIMULATED,NORMAL
2026-06-17T17:24:47.421601+00:00,DION_001,570125,-0.9167788525019138,SIMULATED,NORMAL
2026-06-17T17:24:47.431915+00:00,DION_001,570126,-1.0251131563226132,SIMULATED,NORMAL
2026-06-17T17:24:47.442202+00:00,DION_001,570127,-0.835675315523627,SIMULATED,NORMAL
2026-06-17T17:24:47.452515+00:00,DION_001,570128,-0.643204854205319,SIMULATED,NORMAL
2026-06-17T17:24:47.462785+00:00,DION_001,570129,-0.743402458360517,SIMULATED,NORMAL
2026-06-17T17:24:47.472950+00:00,DION_001,570130,-0.8446837281603565,SIMULATED,NORMAL
2026-06-17T17:24:47.483146+00:00,DION_001,570131,-0.7279833063776082,SIMULATED,NORMAL
2026-06-17T17:24:47.493349+00:00,DION_001,570132,-0.22771173626781577,SIMULATED,NORMAL
2026-06-17T17:24:47.503665+00:00,DION_001,570133,-0.586735432580458,SIMULATED,NORMAL
2026-06-17T17:24:47.513989+00:00,DION_001,570134,-0.44169252491125305,SIMULATED,NORMAL
2026-06-17T17:24:47.524215+00:00,DION_001,570135,-0.3212725630085347,SIMULATED,NORMAL
2026-06-17T17:24:47.534546+00:00,DION_001,570136,-0.21702726876058026,SIMULATED,NORMAL
2026-06-17T17:24:47.544973+00:00,DION_001,570137,-0.4102320834258939,SIMULATED,NORMAL
2026-06-17T17:24:47.555333+00:00,DION_001,570138,-0.4027557843655493,SIMULATED,NORMAL
2026-06-17T17:24:47.565536+00:00,DION_001,570139,-0.453385762027339,SIMULATED,NORMAL
2026-06-17T17:24:47.575693+00:00,DION_001,570140,-0.29545590964340973,SIMULATED,NORMAL
2026-06-17T17:24:47.585967+00:00,DION_001,570141,-0.323962915811243,SIMULATED,NORMAL
2026-06-17T17:24:47.596357+00:00,DION_001,570142,-0.2541516756659486,SIMULATED,NORMAL
2026-06-17T17:24:47.606804+00:00,DION_001,570143,-0.1571698560508757,SIMULATED,NORMAL
2026-06-17T17:24:47.617078+00:00,DION_001,570144,-0.1754727741506008,SIMULATED,NORMAL
2026-06-17T17:24:47.627535+00:00,DION_001,570145,-0.2345233529754066,SIMULATED,NORMAL
2026-06-17T17:24:47.637938+00:00,DION_001,570146,-0.2629117566961559,SIMULATED,NORMAL
2026-06-17T17:24:47.648262+00:00,DION_001,570147,-0.17694220480749226,SIMULATED,NORMAL
2026-06-17T17:24:47.658453+00:00,DION_001,570148,0.1331005318551494,SIMULATED,NORMAL
2026-06-17T17:24:47.668671+00:00,DION_001,570149,-0.035041707807417374,SIMULATED,NORMAL
2026-06-17T17:24:47.678861+00:00,DION_001,570150,-0.028532380030377898,SIMULATED,NORMAL
2026-06-17T17:24:47.689085+00:00,DION_001,570151,0.1796126522347378,SIMULATED,NORMAL
2026-06-17T17:24:47.699354+00:00,DION_001,570152,-0.1853520188491298,SIMULATED,NORMAL
2026-06-17T17:24:47.709554+00:00,DION_001,570153,0.08692508715741351,SIMULATED,NORMAL
2026-06-17T17:24:47.719748+00:00,DION_001,570154,-0.037700268608406154,SIMULATED,NORMAL
2026-06-17T17:24:47.729995+00:00,DION_001,570155,-0.019656204670030458,SIMULATED,NORMAL
2026-06-17T17:24:47.740230+00:00,DION_001,570156,-0.2142607530741492,SIMULATED,NORMAL
2026-06-17T17:24:47.750477+00:00,DION_001,570157,-0.09693832036687536,SIMULATED,NORMAL
2026-06-17T17:24:47.760684+00:00,DION_001,570158,0.11265947260748518,SIMULATED,NORMAL
2026-06-17T17:24:47.770936+00:00,DION_001,570159,0.06544704940780091,SIMULATED,NORMAL
2026-06-17T17:24:47.781191+00:00,DION_001,570160,-0.14191404097208646,SIMULATED,NORMAL
2026-06-17T17:24:47.791406+00:00,DION_001,570161,0.11413315124914597,SIMULATED,NORMAL
2026-06-17T17:24:47.801645+00:00,DION_001,570162,0.4521213248087762,SIMULATED,NORMAL
2026-06-17T17:24:47.811860+00:00,DION_001,570163,-0.003583160185422603,SIMULATED,NORMAL
2026-06-17T17:24:47.822149+00:00,DION_001,570164,-0.16062160420947408,SIMULATED,NORMAL
2026-06-17T17:24:47.832365+00:00,DION_001,570165,0.37919189160247907,SIMULATED,NORMAL
2026-06-17T17:24:47.842654+00:00,DION_001,570166,-0.017790175002536893,SIMULATED,NORMAL
2026-06-17T17:24:47.852875+00:00,DION_001,570167,0.0742306022895426,SIMULATED,NORMAL
2026-06-17T17:24:47.863222+00:00,DION_001,570168,-0.1413190035365467,SIMULATED,NORMAL
2026-06-17T17:24:47.873450+00:00,DION_001,570169,0.10085369364789751,SIMULATED,NORMAL
2026-06-17T17:24:47.883819+00:00,DION_001,570170,0.14990200527920744,SIMULATED,NORMAL
2026-06-17T17:24:47.894192+00:00,DION_001,570171,0.03534928498132946,SIMULATED,NORMAL
2026-06-17T17:24:47.904495+00:00,DION_001,570172,-0.19430088255516753,SIMULATED,NORMAL
2026-06-17T17:24:47.914797+00:00,DION_001,570173,-0.058878269642995563,SIMULATED,NORMAL
2026-06-17T17:24:47.925124+00:00,DION_001,570174,-0.025447848953081623,SIMULATED,NORMAL
2026-06-17T17:24:47.935345+00:00,DION_001,570175,-0.35880935470365755,SIMULATED,NORMAL
2026-06-17T17:24:47.945703+00:00,DION_001,570176,-0.12600400973208498,SIMULATED,NORMAL
2026-06-17T17:24:47.956116+00:00,DION_001,570177,0.0788094370476824,SIMULATED,NORMAL
2026-06-17T17:24:47.966397+00:00,DION_001,570178,-0.11995695310619384,SIMULATED,NORMAL
2026-06-17T17:24:47.976650+00:00,DION_001,570179,-0.24910741350804794,SIMULATED,NORMAL
2026-06-17T17:24:47.986960+00:00,DION_001,570180,-0.029097016658631375,SIMULATED,NORMAL
2026-06-17T17:24:47.997211+00:00,DION_001,570181,-0.05259662735218587,SIMULATED,NORMAL
2026-06-17T17:24:48.007516+00:00,DION_001,570182,-0.05636619077760305,SIMULATED,NORMAL
2026-06-17T17:24:48.017856+00:00,DION_001,570183,-0.2656439802592207,SIMULATED,NORMAL
2026-06-17T17:24:48.028163+00:00,DION_001,570184,-0.22869669420555125,SIMULATED,NORMAL
2026-06-17T17:24:48.038388+00:00,DION_001,570185,-0.34503607888309457,SIMULATED,NORMAL
2026-06-17T17:24:48.048761+00:00,DION_001,570186,-0.32062292354234,SIMULATED,NORMAL
2026-06-17T17:24:48.059215+00:00,DION_001,570187,-0.5371597651752912,SIMULATED,NORMAL
2026-06-17T17:24:48.069614+00:00,DION_001,570188,-0.29898978217067584,SIMULATED,NORMAL
2026-06-17T17:24:48.079978+00:00,DION_001,570189,-0.296342102172553,SIMULATED,NORMAL
2026-06-17T17:24:48.090483+00:00,DION_001,570190,-0.19661299011211755,SIMULATED,NORMAL
2026-06-17T17:24:48.100944+00:00,DION_001,570191,-0.3297701812111551,SIMULATED,NORMAL
2026-06-17T17:24:48.111247+00:00,DION_001,570192,0.030378702641281008,SIMULATED,NORMAL
2026-06-17T17:24:48.121632+00:00,DION_001,570193,-0.22007776403428903,SIMULATED,NORMAL
2026-06-17T17:24:48.131874+00:00,DION_001,570194,-0.483580769464942,SIMULATED,NORMAL
2026-06-17T17:24:48.142173+00:00,DION_001,570195,0.07038664361391125,SIMULATED,NORMAL
2026-06-17T17:24:48.152448+00:00,DION_001,570196,-0.35798357330267516,SIMULATED,NORMAL
2026-06-17T17:24:48.162861+00:00,DION_001,570197,0.040081427240037576,SIMULATED,NORMAL
2026-06-17T17:24:48.173181+00:00,DION_001,570198,-0.42053130349069356,SIMULATED,NORMAL
2026-06-17T17:24:48.183511+00:00,DION_001,570199,-0.35440003532571673,SIMULATED,NORMAL
2026-06-17T17:24:48.193908+00:00,DION_001,570200,-0.17885540413611523,SIMULATED,NORMAL
2026-06-17T17:24:48.204326+00:00,DION_001,570201,-0.2313849148504893,SIMULATED,NORMAL
2026-06-17T17:24:48.214778+00:00,DION_001,570202,-0.033524792540162635,SIMULATED,NORMAL
2026-06-17T17:24:48.225094+00:00,DION_001,570203,0.09566084491169839,SIMULATED,NORMAL
2026-06-17T17:24:48.235355+00:00,DION_001,570204,-0.27804061474766195,SIMULATED,NORMAL
2026-06-17T17:24:48.245816+00:00,DION_001,570205,-0.16673283874955333,SIMULATED,NORMAL
2026-06-17T17:24:48.256083+00:00,DION_001,570206,-0.060195816592638285,SIMULATED,NORMAL
2026-06-17T17:24:48.266472+00:00,DION_001,570207,-0.04000908036777867,SIMULATED,NORMAL
2026-06-17T17:24:48.276985+00:00,DION_001,570208,0.37966680450540646,SIMULATED,NORMAL
2026-06-17T17:24:48.287497+00:00,DION_001,570209,0.11343095105332243,SIMULATED,NORMAL
2026-06-17T17:24:48.297958+00:00,DION_001,570210,0.09211736130922449,SIMULATED,NORMAL
2026-06-17T17:24:48.308628+00:00,DION_001,570211,0.4995230946443228,SIMULATED,NORMAL
2026-06-17T17:24:48.319372+00:00,DION_001,570212,0.32228904804646474,SIMULATED,NORMAL
2026-06-17T17:24:48.329886+00:00,DION_001,570213,0.31718562494499486,SIMULATED,NORMAL
2026-06-17T17:24:48.340447+00:00,DION_001,570214,0.2831410608551115,SIMULATED,NORMAL
2026-06-17T17:24:48.350904+00:00,DION_001,570215,0.08691016380235195,SIMULATED,NORMAL
2026-06-17T17:24:48.361377+00:00,DION_001,570216,0.3214903840845972,SIMULATED,NORMAL
2026-06-17T17:24:48.371823+00:00,DION_001,570217,0.5436148545444575,SIMULATED,NORMAL
2026-06-17T17:24:48.382207+00:00,DION_001,570218,0.36339614430253564,SIMULATED,NORMAL
2026-06-17T17:24:48.392666+00:00,DION_001,570219,0.6101343887758723,SIMULATED,NORMAL
2026-06-17T17:24:48.403059+00:00,DION_001,570220,0.7523064251995252,SIMULATED,NORMAL
2026-06-17T17:24:48.413516+00:00,DION_001,570221,0.6731997390228641,SIMULATED,NORMAL
2026-06-17T17:24:48.424006+00:00,DION_001,570222,0.7241125651969808,SIMULATED,NORMAL
2026-06-17T17:24:48.434478+00:00,DION_001,570223,0.8762402612889443,SIMULATED,NORMAL
2026-06-17T17:24:48.444841+00:00,DION_001,570224,0.7437515409203296,SIMULATED,NORMAL
2026-06-17T17:24:48.455246+00:00,DION_001,570225,0.7041682614747786,SIMULATED,NORMAL
2026-06-17T17:24:48.465727+00:00,DION_001,570226,0.85533056481512,SIMULATED,NORMAL
2026-06-17T17:24:48.476019+00:00,DION_001,570227,0.7435940158603994,SIMULATED,NORMAL
2026-06-17T17:24:48.486372+00:00,DION_001,570228,0.9198286212294143,SIMULATED,NORMAL
2026-06-17T17:24:48.496940+00:00,DION_001,570229,0.801802601878722,SIMULATED,NORMAL
2026-06-17T17:24:48.507325+00:00,DION_001,570230,0.8620228901598157,SIMULATED,NORMAL
2026-06-17T17:24:48.517841+00:00,DION_001,570231,0.9553072330881955,SIMULATED,NORMAL
2026-06-17T17:24:48.528280+00:00,DION_001,570232,1.0219991381294635,SIMULATED,NORMAL
2026-06-17T17:24:48.538729+00:00,DION_001,570233,0.9177105655276925,SIMULATED,NORMAL
2026-06-17T17:24:48.549218+00:00,DION_001,570234,0.9354054926432266,SIMULATED,NORMAL
2026-06-17T17:24:48.559615+00:00,DION_001,570235,0.9880729798880435,SIMULATED,NORMAL
2026-06-17T17:24:48.570087+00:00,DION_001,570236,1.0176873837437765,SIMULATED,NORMAL
2026-06-17T17:24:48.580626+00:00,DION_001,570237,1.11423822216249,SIMULATED,NORMAL
2026-06-17T17:24:48.591085+00:00,DION_001,570238,1.0419675954645835,SIMULATED,NORMAL
2026-06-17T17:24:48.601550+00:00,DION_001,570239,0.738678759821249,SIMULATED,NORMAL
2026-06-17T17:24:48.612002+00:00,DION_001,570240,0.8067130802490841,SIMULATED,NORMAL
2026-06-17T17:24:48.622441+00:00,DION_001,570241,1.1395016902999466,SIMULATED,NORMAL
2026-06-17T17:24:48.632832+00:00,DION_001,570242,1.1306031249639958,SIMULATED,NORMAL
2026-06-17T17:24:48.643333+00:00,DION_001,570243,1.0314314866492944,SIMULATED,NORMAL
2026-06-17T17:24:48.653837+00:00,DION_001,570244,1.0513392969485271,SIMULATED,NORMAL
2026-06-17T17:24:48.664325+00:00,DION_001,570245,1.118115187080013,SIMULATED,NORMAL
2026-06-17T17:24:48.674712+00:00,DION_001,570246,0.6814163493931128,SIMULATED,NORMAL
2026-06-17T17:24:48.685104+00:00,DION_001,570247,0.9360336292749473,SIMULATED,NORMAL
2026-06-17T17:24:48.695471+00:00,DION_001,570248,0.972176496065544,SIMULATED,NORMAL
2026-06-17T17:24:48.705847+00:00,DION_001,570249,0.688509593467723,SIMULATED,NORMAL
2026-06-17T17:24:48.716289+00:00,DION_001,570250,1.0816557230876729,SIMULATED,NORMAL
2026-06-17T17:24:48.726727+00:00,DION_001,570251,0.6236387414343714,SIMULATED,NORMAL
2026-06-17T17:24:48.737081+00:00,DION_001,570252,0.876069043412237,SIMULATED,NORMAL
2026-06-17T17:24:48.747429+00:00,DION_001,570253,0.7286749853275166,SIMULATED,NORMAL
2026-06-17T17:24:48.757855+00:00,DION_001,570254,0.8522199379650371,SIMULATED,NORMAL
2026-06-17T17:24:48.768134+00:00,DION_001,570255,0.6555506755351496,SIMULATED,NORMAL
2026-06-17T17:24:48.778471+00:00,DION_001,570256,0.5090069618258838,SIMULATED,NORMAL
2026-06-17T17:24:48.788824+00:00,DION_001,570257,0.7789138960477953,SIMULATED,NORMAL
2026-06-17T17:24:48.799226+00:00,DION_001,570258,0.5204515561042302,SIMULATED,NORMAL
2026-06-17T17:24:48.809578+00:00,DION_001,570259,0.8117246161098963,SIMULATED,NORMAL
2026-06-17T17:24:48.819959+00:00,DION_001,570260,0.3744043392463229,SIMULATED,NORMAL
2026-06-17T17:24:48.830368+00:00,DION_001,570261,0.525006359207092,SIMULATED,NORMAL
2026-06-17T17:24:48.840810+00:00,DION_001,570262,0.6227501140415174,SIMULATED,NORMAL
2026-06-17T17:24:48.851097+00:00,DION_001,570263,0.5071765965246834,SIMULATED,NORMAL
2026-06-17T17:24:48.861457+00:00,DION_001,570264,0.5558009821129775,SIMULATED,NORMAL
2026-06-17T17:24:48.871705+00:00,DION_001,570265,0.4667775362824529,SIMULATED,NORMAL
2026-06-17T17:24:48.881942+00:00,DION_001,570266,0.3102643543666737,SIMULATED,NORMAL
2026-06-17T17:24:48.892284+00:00,DION_001,570267,0.419132164362151,SIMULATED,NORMAL
2026-06-17T17:24:48.902561+00:00,DION_001,570268,0.25921325786011373,SIMULATED,NORMAL
2026-06-17T17:24:48.912879+00:00,DION_001,570269,0.41328084305588214,SIMULATED,NORMAL
2026-06-17T17:24:48.923133+00:00,DION_001,570270,0.5033386040463829,SIMULATED,NORMAL
2026-06-17T17:24:48.933468+00:00,DION_001,570271,0.25946880195063515,SIMULATED,NORMAL
2026-06-17T17:24:48.943796+00:00,DION_001,570272,0.33805624841549403,SIMULATED,NORMAL
2026-06-17T17:24:48.954110+00:00,DION_001,570273,0.26645197965886036,SIMULATED,NORMAL
2026-06-17T17:24:48.964343+00:00,DION_001,570274,0.3672465712371396,SIMULATED,NORMAL
2026-06-17T17:24:48.974621+00:00,DION_001,570275,0.5049872009935994,SIMULATED,NORMAL
2026-06-17T17:24:48.984851+00:00,DION_001,570276,0.5480598637218624,SIMULATED,NORMAL
2026-06-17T17:24:48.995100+00:00,DION_001,570277,0.5167489593613748,SIMULATED,NORMAL
2026-06-17T17:24:49.005283+00:00,DION_001,570278,0.5754459230010109,SIMULATED,NORMAL
2026-06-17T17:24:49.015514+00:00,DION_001,570279,0.4099630797461533,SIMULATED,NORMAL
2026-06-17T17:24:49.025844+00:00,DION_001,570280,0.5069184045226307,SIMULATED,NORMAL
2026-06-17T17:24:49.036070+00:00,DION_001,570281,0.295243118386738,SIMULATED,NORMAL
2026-06-17T17:24:49.046449+00:00,DION_001,570282,0.5475652771130658,SIMULATED,NORMAL
2026-06-17T17:24:49.056629+00:00,DION_001,570283,0.5018973150441021,SIMULATED,NORMAL
2026-06-17T17:24:49.066791+00:00,DION_001,570284,0.4251776660918317,SIMULATED,NORMAL
2026-06-17T17:24:49.076938+00:00,DION_001,570285,0.5261487388694227,SIMULATED,NORMAL
2026-06-17T17:24:49.087066+00:00,DION_001,570286,0.5779436777581952,SIMULATED,NORMAL
2026-06-17T17:24:49.097204+00:00,DION_001,570287,0.4426536448218963,SIMULATED,NORMAL
2026-06-17T17:24:49.107385+00:00,DION_001,570288,1.0366965854686008,SIMULATED,NORMAL
2026-06-17T17:24:49.117678+00:00,DION_001,570289,0.6617640992834535,SIMULATED,NORMAL
2026-06-17T17:24:49.128010+00:00,DION_001,570290,0.8273674831072301,SIMULATED,NORMAL
2026-06-17T17:24:49.138415+00:00,DION_001,570291,0.6229108871406815,SIMULATED,NORMAL
2026-06-17T17:24:49.148819+00:00,DION_001,570292,0.6086475904911559,SIMULATED,NORMAL
2026-06-17T17:24:49.159246+00:00,DION_001,570293,0.7217759704804956,SIMULATED,NORMAL
2026-06-17T17:24:49.169688+00:00,DION_001,570294,0.9484553802791148,SIMULATED,NORMAL
2026-06-17T17:24:49.180055+00:00,DION_001,570295,0.8206811554676678,SIMULATED,NORMAL
2026-06-17T17:24:49.190493+00:00,DION_001,570296,0.9139371690982648,SIMULATED,NORMAL
2026-06-17T17:24:49.200880+00:00,DION_001,570297,0.9197845667430322,SIMULATED,NORMAL
2026-06-17T17:24:49.211178+00:00,DION_001,570298,1.0376863078885314,SIMULATED,NORMAL
2026-06-17T17:24:49.221472+00:00,DION_001,570299,0.7135806351035907,SIMULATED,NORMAL
2026-06-17T17:24:49.231964+00:00,DION_001,570300,0.7575013879467994,SIMULATED,NORMAL
2026-06-17T17:24:49.242328+00:00,DION_001,570301,0.9726043777606221,SIMULATED,NORMAL
2026-06-17T17:24:49.252704+00:00,DION_001,570302,0.6812366482869081,SIMULATED,NORMAL
2026-06-17T17:24:49.263095+00:00,DION_001,570303,0.9959313595843515,SIMULATED,NORMAL
2026-06-17T17:24:49.273487+00:00,DION_001,570304,1.2210059687288162,SIMULATED,NORMAL
2026-06-17T17:24:49.283855+00:00,DION_001,570305,1.1166295914572364,SIMULATED,NORMAL
2026-06-17T17:24:49.294309+00:00,DION_001,570306,0.822395436799598,SIMULATED,NORMAL
2026-06-17T17:24:49.304671+00:00,DION_001,570307,1.2459871718528823,SIMULATED,NORMAL
2026-06-17T17:24:49.314985+00:00,DION_001,570308,1.1256268768577382,SIMULATED,NORMAL
2026-06-17T17:24:49.325411+00:00,DION_001,570309,1.1859554899002231,SIMULATED,NORMAL
2026-06-17T17:24:49.335935+00:00,DION_001,570310,1.6062187936447812,SIMULATED,NORMAL
2026-06-17T17:24:49.346408+00:00,DION_001,570311,1.158230893735697,SIMULATED,NORMAL
2026-06-17T17:24:49.356750+00:00,DION_001,570312,0.9094762322186029,SIMULATED,NORMAL
2026-06-17T17:24:49.367116+00:00,DION_001,570313,1.0256177300155842,SIMULATED,NORMAL
2026-06-17T17:24:49.377471+00:00,DION_001,570314,0.9368870014756963,SIMULATED,NORMAL
2026-06-17T17:24:49.387785+00:00,DION_001,570315,1.063111804267336,SIMULATED,NORMAL
2026-06-17T17:24:49.398075+00:00,DION_001,570316,1.0241649002138675,SIMULATED,NORMAL
2026-06-17T17:24:49.408514+00:00,DION_001,570317,1.0155360186645888,SIMULATED,NORMAL
2026-06-17T17:24:49.419309+00:00,DION_001,570318,1.1625213954517242,SIMULATED,NORMAL
2026-06-17T17:24:49.429716+00:00,DION_001,570319,0.8590584653406547,SIMULATED,NORMAL
2026-06-17T17:24:49.440036+00:00,DION_001,570320,1.1948591230976136,SIMULATED,NORMAL
2026-06-17T17:24:49.450273+00:00,DION_001,570321,1.1970272409071778,SIMULATED,NORMAL
2026-06-17T17:24:49.460434+00:00,DION_001,570322,1.2540715349178515,SIMULATED,NORMAL
2026-06-17T17:24:49.470729+00:00,DION_001,570323,1.013050047560273,SIMULATED,NORMAL
2026-06-17T17:24:49.480973+00:00,DION_001,570324,0.8523736679850409,SIMULATED,NORMAL
2026-06-17T17:24:49.491353+00:00,DION_001,570325,1.007600768512012,SIMULATED,NORMAL
2026-06-17T17:24:49.501833+00:00,DION_001,570326,0.8499123638900662,SIMULATED,NORMAL
2026-06-17T17:24:49.512329+00:00,DION_001,570327,0.7445977743443895,SIMULATED,NORMAL
2026-06-17T17:24:49.522832+00:00,DION_001,570328,0.6415290814874373,SIMULATED,NORMAL
2026-06-17T17:24:49.533313+00:00,DION_001,570329,0.7746358171732438,SIMULATED,NORMAL
2026-06-17T17:24:49.543831+00:00,DION_001,570330,0.5721141752858672,SIMULATED,NORMAL
2026-06-17T17:24:49.554317+00:00,DION_001,570331,0.4766808542016935,SIMULATED,NORMAL
2026-06-17T17:24:49.564943+00:00,DION_001,570332,0.6620262653735376,SIMULATED,NORMAL
2026-06-17T17:24:49.575467+00:00,DION_001,570333,0.48384941523989067,SIMULATED,NORMAL
2026-06-17T17:24:49.585924+00:00,DION_001,570334,0.5860815917336388,SIMULATED,NORMAL
2026-06-17T17:24:49.596289+00:00,DION_001,570335,0.3596076124164337,SIMULATED,NORMAL
2026-06-17T17:24:49.606725+00:00,DION_001,570336,0.33838999541742804,SIMULATED,NORMAL
2026-06-17T17:24:49.617088+00:00,DION_001,570337,0.5724272553827725,SIMULATED,NORMAL
2026-06-17T17:24:49.627486+00:00,DION_001,570338,0.4385672321592454,SIMULATED,NORMAL
2026-06-17T17:24:49.637914+00:00,DION_001,570339,0.13124982155542114,SIMULATED,NORMAL
2026-06-17T17:24:49.648478+00:00,DION_001,570340,0.18959300060372275,SIMULATED,NORMAL
2026-06-17T17:24:49.658910+00:00,DION_001,570341,0.11195589582315102,SIMULATED,NORMAL
2026-06-17T17:24:49.669303+00:00,DION_001,570342,0.13102349434105018,SIMULATED,NORMAL
2026-06-17T17:24:49.679649+00:00,DION_001,570343,0.2405775153217286,SIMULATED,NORMAL
2026-06-17T17:24:49.689986+00:00,DION_001,570344,-0.16266940584663608,SIMULATED,NORMAL
2026-06-17T17:24:49.700305+00:00,DION_001,570345,-0.005191880575561442,SIMULATED,NORMAL
2026-06-17T17:24:49.710634+00:00,DION_001,570346,-0.04643665247294712,SIMULATED,NORMAL
2026-06-17T17:24:49.720988+00:00,DION_001,570347,0.1466777360545632,SIMULATED,NORMAL
2026-06-17T17:24:49.731418+00:00,DION_001,570348,-0.1047863449874209,SIMULATED,NORMAL
2026-06-17T17:24:49.741905+00:00,DION_001,570349,0.03997023966203907,SIMULATED,NORMAL
2026-06-17T17:24:49.752428+00:00,DION_001,570350,-0.13296007048046193,SIMULATED,NORMAL
2026-06-17T17:24:49.762885+00:00,DION_001,570351,0.14837553089555397,SIMULATED,NORMAL
2026-06-17T17:24:49.773199+00:00,DION_001,570352,-0.2315945611981624,SIMULATED,NORMAL
2026-06-17T17:24:49.783569+00:00,DION_001,570353,-0.26622422909862764,SIMULATED,NORMAL
2026-06-17T17:24:49.793895+00:00,DION_001,570354,-0.36747335941873227,SIMULATED,NORMAL
2026-06-17T17:24:49.804218+00:00,DION_001,570355,0.22008030228765674,SIMULATED,NORMAL
2026-06-17T17:24:49.814535+00:00,DION_001,570356,-0.10385586635927022,SIMULATED,NORMAL
2026-06-17T17:24:49.824901+00:00,DION_001,570357,-0.13113046866130054,SIMULATED,NORMAL
2026-06-17T17:24:49.835447+00:00,DION_001,570358,-0.217518328191527,SIMULATED,NORMAL
2026-06-17T17:24:49.846024+00:00,DION_001,570359,-0.08173010746597821,SIMULATED,NORMAL
2026-06-17T17:24:49.856727+00:00,DION_001,570360,-0.05387638148813334,SIMULATED,NORMAL
2026-06-17T17:24:49.867333+00:00,DION_001,570361,-0.11613001977355905,SIMULATED,NORMAL
2026-06-17T17:24:49.877879+00:00,DION_001,570362,-0.2295315608617569,SIMULATED,NORMAL
2026-06-17T17:24:49.888426+00:00,DION_001,570363,-0.21413105474601746,SIMULATED,NORMAL
2026-06-17T17:24:49.898956+00:00,DION_001,570364,0.14576357224774403,SIMULATED,NORMAL
2026-06-17T17:24:49.909649+00:00,DION_001,570365,-0.04861135396696305,SIMULATED,NORMAL
2026-06-17T17:24:49.920255+00:00,DION_001,570366,0.057551900603430045,SIMULATED,NORMAL
2026-06-17T17:24:49.930777+00:00,DION_001,570367,-0.2492966909681257,SIMULATED,NORMAL
2026-06-17T17:24:49.941307+00:00,DION_001,570368,0.029029989214112442,SIMULATED,NORMAL
2026-06-17T17:24:49.951703+00:00,DION_001,570369,-0.20389841740522996,SIMULATED,NORMAL
2026-06-17T17:24:49.962181+00:00,DION_001,570370,-0.05341691087238891,SIMULATED,NORMAL
2026-06-17T17:24:49.972672+00:00,DION_001,570371,0.22310008197711073,SIMULATED,NORMAL
2026-06-17T17:24:49.983247+00:00,DION_001,570372,0.021770303560219202,SIMULATED,NORMAL
2026-06-17T17:24:49.993617+00:00,DION_001,570373,0.10796886054529495,SIMULATED,NORMAL
2026-06-17T17:24:50.004011+00:00,DION_001,570374,-0.05354855427368074,SIMULATED,NORMAL
2026-06-17T17:24:50.014416+00:00,DION_001,570375,0.07961450157854062,SIMULATED,NORMAL
2026-06-17T17:24:50.024740+00:00,DION_001,570376,-0.012769723100406388,SIMULATED,NORMAL
2026-06-17T17:24:50.035163+00:00,DION_001,570377,0.09190802616893085,SIMULATED,NORMAL
2026-06-17T17:24:50.045544+00:00,DION_001,570378,0.2754817353567339,SIMULATED,NORMAL
2026-06-17T17:24:50.056046+00:00,DION_001,570379,0.1963963256641228,SIMULATED,NORMAL
2026-06-17T17:24:50.066596+00:00,DION_001,570380,0.34039932381739235,SIMULATED,NORMAL
2026-06-17T17:24:50.077059+00:00,DION_001,570381,-0.016453885393648338,SIMULATED,NORMAL
2026-06-17T17:24:50.087663+00:00,DION_001,570382,-0.06281987704251751,SIMULATED,NORMAL
2026-06-17T17:24:50.098039+00:00,DION_001,570383,0.1398527704000077,SIMULATED,NORMAL
2026-06-17T17:24:50.108544+00:00,DION_001,570384,0.3475921434056827,SIMULATED,NORMAL
2026-06-17T17:24:50.119194+00:00,DION_001,570385,0.16095686772576076,SIMULATED,NORMAL
2026-06-17T17:24:50.129638+00:00,DION_001,570386,0.03174448476872918,SIMULATED,NORMAL
2026-06-17T17:24:50.140124+00:00,DION_001,570387,0.4090213278974747,SIMULATED,NORMAL
2026-06-17T17:24:50.150614+00:00,DION_001,570388,0.17326167866101286,SIMULATED,NORMAL
2026-06-17T17:24:50.161091+00:00,DION_001,570389,0.23550794332293232,SIMULATED,NORMAL
2026-06-17T17:24:50.171600+00:00,DION_001,570390,0.43196064397972633,SIMULATED,NORMAL
2026-06-17T17:24:50.182082+00:00,DION_001,570391,-0.01469373338571292,SIMULATED,NORMAL
2026-06-17T17:24:50.192436+00:00,DION_001,570392,0.04658748476889929,SIMULATED,NORMAL
2026-06-17T17:24:50.202958+00:00,DION_001,570393,0.13426421058335297,SIMULATED,NORMAL
2026-06-17T17:24:50.213629+00:00,DION_001,570394,0.15750782878182815,SIMULATED,NORMAL
2026-06-17T17:24:50.224225+00:00,DION_001,570395,0.050141247213944765,SIMULATED,NORMAL
2026-06-17T17:24:50.234765+00:00,DION_001,570396,0.07372021166386983,SIMULATED,NORMAL
2026-06-17T17:24:50.245252+00:00,DION_001,570397,0.4022702232549608,SIMULATED,NORMAL
2026-06-17T17:24:50.255762+00:00,DION_001,570398,0.3468507022684154,SIMULATED,NORMAL
2026-06-17T17:24:50.266235+00:00,DION_001,570399,0.09419250171734658,SIMULATED,NORMAL
2026-06-17T17:24:50.276831+00:00,DION_001,570400,-0.0021599373280153794,SIMULATED,NORMAL
2026-06-17T17:24:50.287319+00:00,DION_001,570401,-0.06590680980259722,SIMULATED,NORMAL
2026-06-17T17:24:50.297842+00:00,DION_001,570402,-0.22469035108591118,SIMULATED,NORMAL
2026-06-17T17:24:50.308307+00:00,DION_001,570403,-0.17067017464710244,SIMULATED,NORMAL
2026-06-17T17:24:50.318805+00:00,DION_001,570404,-0.4353043372900413,SIMULATED,NORMAL
2026-06-17T17:24:50.329351+00:00,DION_001,570405,-0.2182150359846364,SIMULATED,NORMAL
2026-06-17T17:24:50.339973+00:00,DION_001,570406,-0.13268355155060335,SIMULATED,NORMAL
2026-06-17T17:24:50.350577+00:00,DION_001,570407,-0.08870033610517147,SIMULATED,NORMAL
2026-06-17T17:24:50.361122+00:00,DION_001,570408,-0.44823919973806037,SIMULATED,NORMAL
2026-06-17T17:24:50.371684+00:00,DION_001,570409,-0.1417609987093586,SIMULATED,NORMAL
2026-06-17T17:24:50.382446+00:00,DION_001,570410,-0.5341578136544566,SIMULATED,NORMAL
2026-06-17T17:24:50.392936+00:00,DION_001,570411,-0.12012010966800096,SIMULATED,NORMAL
2026-06-17T17:24:50.403519+00:00,DION_001,570412,-0.7362499538894125,SIMULATED,NORMAL
2026-06-17T17:24:50.413928+00:00,DION_001,570413,-0.5046256682768069,SIMULATED,NORMAL
2026-06-17T17:24:50.424430+00:00,DION_001,570414,-0.46067665324024437,SIMULATED,NORMAL
2026-06-17T17:24:50.435056+00:00,DION_001,570415,-0.7076934612280299,SIMULATED,NORMAL
2026-06-17T17:24:50.445521+00:00,DION_001,570416,-0.6578713795399437,SIMULATED,NORMAL
2026-06-17T17:24:50.456085+00:00,DION_001,570417,-0.7736206664637892,SIMULATED,NORMAL
2026-06-17T17:24:50.466625+00:00,DION_001,570418,-0.8409000339867729,SIMULATED,NORMAL
2026-06-17T17:24:50.477055+00:00,DION_001,570419,-0.5708820843712777,SIMULATED,NORMAL
2026-06-17T17:24:50.487505+00:00,DION_001,570420,-0.9116824921815868,SIMULATED,NORMAL
2026-06-17T17:24:50.498029+00:00,DION_001,570421,-0.8221588310195675,SIMULATED,NORMAL
2026-06-17T17:24:50.508681+00:00,DION_001,570422,-0.5421403543535288,SIMULATED,NORMAL
2026-06-17T17:24:50.519093+00:00,DION_001,570423,-0.6939884681096969,SIMULATED,NORMAL
2026-06-17T17:24:50.529457+00:00,DION_001,570424,-0.7180365912565341,SIMULATED,NORMAL
2026-06-17T17:24:50.539915+00:00,DION_001,570425,-0.737119102414389,SIMULATED,NORMAL
2026-06-17T17:24:50.550478+00:00,DION_001,570426,-0.7907861981214656,SIMULATED,NORMAL
2026-06-17T17:24:50.561079+00:00,DION_001,570427,-0.9219509347374448,SIMULATED,NORMAL
2026-06-17T17:24:50.571425+00:00,DION_001,570428,-1.0546121518878002,SIMULATED,NORMAL
2026-06-17T17:24:50.581911+00:00,DION_001,570429,-1.0548549924619968,SIMULATED,NORMAL
2026-06-17T17:24:50.592215+00:00,DION_001,570430,-0.926046649665583,SIMULATED,NORMAL
2026-06-17T17:24:50.602620+00:00,DION_001,570431,-1.0866109592365547,SIMULATED,NORMAL
2026-06-17T17:24:50.613387+00:00,DION_001,570432,-1.0521031699894339,SIMULATED,NORMAL
2026-06-17T17:24:50.624010+00:00,DION_001,570433,-1.0256314706015661,SIMULATED,NORMAL
2026-06-17T17:24:50.634512+00:00,DION_001,570434,-1.047321744753132,SIMULATED,NORMAL
2026-06-17T17:24:50.645141+00:00,DION_001,570435,-0.884897151450001,SIMULATED,NORMAL
2026-06-17T17:24:50.655628+00:00,DION_001,570436,-1.2238522651600665,SIMULATED,NORMAL
2026-06-17T17:24:50.666118+00:00,DION_001,570437,-1.003943029203385,SIMULATED,NORMAL
2026-06-17T17:24:50.676641+00:00,DION_001,570438,-1.0257575820087548,SIMULATED,NORMAL
2026-06-17T17:24:50.687094+00:00,DION_001,570439,-1.1593627300961367,SIMULATED,NORMAL
2026-06-17T17:24:50.697542+00:00,DION_001,570440,-0.7338938755657103,SIMULATED,NORMAL
2026-06-17T17:24:50.708134+00:00,DION_001,570441,-0.9288636975900646,SIMULATED,NORMAL
2026-06-17T17:24:50.718584+00:00,DION_001,570442,-1.0590474242658279,SIMULATED,NORMAL
2026-06-17T17:24:50.729088+00:00,DION_001,570443,-1.0671594985306188,SIMULATED,NORMAL
2026-06-17T17:24:50.739613+00:00,DION_001,570444,-1.0712927589329455,SIMULATED,NORMAL
2026-06-17T17:24:50.750139+00:00,DION_001,570445,-1.4050413550999077,SIMULATED,NORMAL
2026-06-17T17:24:50.760684+00:00,DION_001,570446,-0.8001142653886345,SIMULATED,NORMAL
2026-06-17T17:24:50.771221+00:00,DION_001,570447,-0.9499237800558615,SIMULATED,NORMAL
2026-06-17T17:24:50.781878+00:00,DION_001,570448,-1.2169139956374782,SIMULATED,NORMAL
2026-06-17T17:24:50.792292+00:00,DION_001,570449,-0.7767301208056092,SIMULATED,NORMAL
2026-06-17T17:24:50.802808+00:00,DION_001,570450,-0.8548217699382304,SIMULATED,NORMAL
2026-06-17T17:24:50.813519+00:00,DION_001,570451,-0.9792789147808802,SIMULATED,NORMAL
2026-06-17T17:24:50.824091+00:00,DION_001,570452,-0.5775931432990695,SIMULATED,NORMAL
2026-06-17T17:24:50.834718+00:00,DION_001,570453,-0.5361564752350443,SIMULATED,NORMAL
2026-06-17T17:24:50.845260+00:00,DION_001,570454,-0.8879722599560493,SIMULATED,NORMAL
2026-06-17T17:24:50.855782+00:00,DION_001,570455,-1.0093517142412245,SIMULATED,NORMAL
2026-06-17T17:24:50.866294+00:00,DION_001,570456,-0.7895398204251596,SIMULATED,NORMAL
2026-06-17T17:24:50.876871+00:00,DION_001,570457,-0.4007831014541588,SIMULATED,NORMAL
2026-06-17T17:24:50.887486+00:00,DION_001,570458,-0.7205591383402592,SIMULATED,NORMAL
2026-06-17T17:24:50.898036+00:00,DION_001,570459,-0.6866729249319071,SIMULATED,NORMAL
2026-06-17T17:24:50.908675+00:00,DION_001,570460,-0.44334041695398113,SIMULATED,NORMAL
2026-06-17T17:24:50.919261+00:00,DION_001,570461,-0.5114805953278186,SIMULATED,NORMAL
2026-06-17T17:24:50.929742+00:00,DION_001,570462,-0.7675377568310277,SIMULATED,NORMAL
2026-06-17T17:24:50.940214+00:00,DION_001,570463,-0.7458379906584943,SIMULATED,NORMAL
2026-06-17T17:24:50.950866+00:00,DION_001,570464,-0.4584135315646579,SIMULATED,NORMAL
2026-06-17T17:24:50.961247+00:00,DION_001,570465,-0.33917076264018375,SIMULATED,NORMAL
2026-06-17T17:24:50.972002+00:00,DION_001,570466,-0.49415948628196354,SIMULATED,NORMAL
2026-06-17T17:24:50.982452+00:00,DION_001,570467,-0.2593915431954157,SIMULATED,NORMAL
2026-06-17T17:24:50.992969+00:00,DION_001,570468,-0.31269605139865864,SIMULATED,NORMAL
2026-06-17T17:24:51.003544+00:00,DION_001,570469,-0.4788364262602082,SIMULATED,NORMAL
2026-06-17T17:24:51.014054+00:00,DION_001,570470,-0.29115490115954734,SIMULATED,NORMAL
2026-06-17T17:24:51.024490+00:00,DION_001,570471,-0.3920697352297999,SIMULATED,NORMAL
2026-06-17T17:24:51.035111+00:00,DION_001,570472,-0.23668830206582692,SIMULATED,NORMAL
2026-06-17T17:24:51.045640+00:00,DION_001,570473,-0.32416950656786037,SIMULATED,NORMAL
2026-06-17T17:24:51.056178+00:00,DION_001,570474,-0.48904322816976886,SIMULATED,NORMAL
2026-06-17T17:24:51.066609+00:00,DION_001,570475,-0.19165119427581268,SIMULATED,NORMAL
2026-06-17T17:24:51.077066+00:00,DION_001,570476,-0.3572797347754933,SIMULATED,NORMAL
2026-06-17T17:24:51.087492+00:00,DION_001,570477,-0.3337900049704379,SIMULATED,NORMAL
2026-06-17T17:24:51.097943+00:00,DION_001,570478,-0.34348930907613234,SIMULATED,NORMAL
2026-06-17T17:24:51.108421+00:00,DION_001,570479,-0.4962737648816884,SIMULATED,NORMAL
2026-06-17T17:24:51.119012+00:00,DION_001,570480,-0.45933411596628565,SIMULATED,NORMAL
2026-06-17T17:24:51.129469+00:00,DION_001,570481,-0.3944633524801386,SIMULATED,NORMAL
2026-06-17T17:24:51.139984+00:00,DION_001,570482,-0.5636846772504479,SIMULATED,NORMAL
2026-06-17T17:24:51.150582+00:00,DION_001,570483,-0.45799177499564747,SIMULATED,NORMAL
2026-06-17T17:24:51.161176+00:00,DION_001,570484,-0.6909841502615802,SIMULATED,NORMAL
2026-06-17T17:24:51.171650+00:00,DION_001,570485,-0.7198765807907195,SIMULATED,NORMAL
2026-06-17T17:24:51.182183+00:00,DION_001,570486,-0.6675254071414677,SIMULATED,NORMAL
2026-06-17T17:24:51.192634+00:00,DION_001,570487,-0.7617485767168445,SIMULATED,NORMAL
2026-06-17T17:24:51.203076+00:00,DION_001,570488,-0.8768674624230683,SIMULATED,NORMAL
2026-06-17T17:24:51.213495+00:00,DION_001,570489,-0.6103711564348777,SIMULATED,NORMAL
2026-06-17T17:24:51.224075+00:00,DION_001,570490,-0.7651494293813605,SIMULATED,NORMAL
2026-06-17T17:24:51.234492+00:00,DION_001,570491,-0.8702327783151448,SIMULATED,NORMAL
2026-06-17T17:24:51.245014+00:00,DION_001,570492,-0.6243928629333798,SIMULATED,NORMAL
2026-06-17T17:24:51.255443+00:00,DION_001,570493,-0.7860196939681615,SIMULATED,NORMAL
2026-06-17T17:24:51.265993+00:00,DION_001,570494,-0.5751100478852635,SIMULATED,NORMAL
2026-06-17T17:24:51.276379+00:00,DION_001,570495,-0.5359901489818532,SIMULATED,NORMAL
2026-06-17T17:24:51.286941+00:00,DION_001,570496,-0.9719170939908501,SIMULATED,NORMAL
2026-06-17T17:24:51.297363+00:00,DION_001,570497,-0.9734457903843555,SIMULATED,NORMAL
2026-06-17T17:24:51.307871+00:00,DION_001,570498,-1.0875054414380851,SIMULATED,NORMAL
2026-06-17T17:24:51.318325+00:00,DION_001,570499,-0.9638007734213513,SIMULATED,NORMAL
2026-06-17T17:24:51.328753+00:00,DION_001,570500,-0.8412162654659856,SIMULATED,NORMAL
2026-06-17T17:24:51.339164+00:00,DION_001,570501,-0.8780216138954948,SIMULATED,NORMAL
2026-06-17T17:24:51.349631+00:00,DION_001,570502,-0.925478187369616,SIMULATED,NORMAL
2026-06-17T17:24:51.360016+00:00,DION_001,570503,-0.7349114820254246,SIMULATED,NORMAL
2026-06-17T17:24:51.370610+00:00,DION_001,570504,-1.0677811917731375,SIMULATED,NORMAL
2026-06-17T17:24:51.381025+00:00,DION_001,570505,-1.1244878134764678,SIMULATED,NORMAL
2026-06-17T17:24:51.391504+00:00,DION_001,570506,-1.058946257336433,SIMULATED,NORMAL
2026-06-17T17:24:51.401930+00:00,DION_001,570507,-1.212969694389128,SIMULATED,NORMAL
2026-06-17T17:24:51.412418+00:00,DION_001,570508,-1.19930515303013,SIMULATED,NORMAL
2026-06-17T17:24:51.422900+00:00,DION_001,570509,-0.8864252226930144,SIMULATED,NORMAL
2026-06-17T17:24:51.433585+00:00,DION_001,570510,-1.0788865452932581,SIMULATED,NORMAL
2026-06-17T17:24:51.444132+00:00,DION_001,570511,-0.7743213857365518,SIMULATED,NORMAL
2026-06-17T17:24:51.454598+00:00,DION_001,570512,-0.8373630569109975,SIMULATED,NORMAL
2026-06-17T17:24:51.465055+00:00,DION_001,570513,-0.7656433991476681,SIMULATED,NORMAL
2026-06-17T17:24:51.475466+00:00,DION_001,570514,-1.0519414146831783,SIMULATED,NORMAL
2026-06-17T17:24:51.485849+00:00,DION_001,570515,-0.943566538754342,SIMULATED,NORMAL
2026-06-17T17:24:51.496327+00:00,DION_001,570516,-0.8083481311438508,SIMULATED,NORMAL
2026-06-17T17:24:51.506929+00:00,DION_001,570517,-0.9029601650946322,SIMULATED,NORMAL
2026-06-17T17:24:51.517341+00:00,DION_001,570518,-0.5801855760583772,SIMULATED,NORMAL
2026-06-17T17:24:51.527898+00:00,DION_001,570519,-0.8085400090364939,SIMULATED,NORMAL
2026-06-17T17:24:51.538249+00:00,DION_001,570520,-0.5390382518255528,SIMULATED,NORMAL
2026-06-17T17:24:51.548771+00:00,DION_001,570521,-1.0919550000008642,SIMULATED,NORMAL
2026-06-17T17:24:51.559293+00:00,DION_001,570522,-0.8978010850266425,SIMULATED,NORMAL
2026-06-17T17:24:51.569699+00:00,DION_001,570523,-0.8131708047963189,SIMULATED,NORMAL
2026-06-17T17:24:51.580211+00:00,DION_001,570524,-0.7271356899637039,SIMULATED,NORMAL
2026-06-17T17:24:51.590642+00:00,DION_001,570525,-0.8416123172981366,SIMULATED,NORMAL
2026-06-17T17:24:51.600999+00:00,DION_001,570526,-0.6581621191299567,SIMULATED,NORMAL
2026-06-17T17:24:51.611351+00:00,DION_001,570527,-0.6264018341871506,SIMULATED,NORMAL
2026-06-17T17:24:51.621698+00:00,DION_001,570528,-0.6945070563208237,SIMULATED,NORMAL
2026-06-17T17:24:51.632078+00:00,DION_001,570529,-0.5046289243133252,SIMULATED,NORMAL
2026-06-17T17:24:51.642417+00:00,DION_001,570530,-0.5573901470669965,SIMULATED,NORMAL
2026-06-17T17:24:51.652834+00:00,DION_001,570531,-0.39824240161293234,SIMULATED,NORMAL
2026-06-17T17:24:51.663103+00:00,DION_001,570532,-0.44435565559329876,SIMULATED,NORMAL
2026-06-17T17:24:51.673413+00:00,DION_001,570533,-0.629355851249493,SIMULATED,NORMAL
2026-06-17T17:24:51.683598+00:00,DION_001,570534,-0.5349529173382762,SIMULATED,NORMAL
2026-06-17T17:24:51.693777+00:00,DION_001,570535,-0.2756389082767584,SIMULATED,NORMAL
2026-06-17T17:24:51.704039+00:00,DION_001,570536,-0.3025810682328748,SIMULATED,NORMAL
2026-06-17T17:24:51.714535+00:00,DION_001,570537,-0.30727173981256306,SIMULATED,NORMAL
2026-06-17T17:24:51.725023+00:00,DION_001,570538,-0.260073932641471,SIMULATED,NORMAL
2026-06-17T17:24:51.735459+00:00,DION_001,570539,-0.2847349329270171,SIMULATED,NORMAL
2026-06-17T17:24:51.745869+00:00,DION_001,570540,-0.15396350015666949,SIMULATED,NORMAL
2026-06-17T17:24:51.756216+00:00,DION_001,570541,-0.18408919946739044,SIMULATED,NORMAL
2026-06-17T17:24:51.766764+00:00,DION_001,570542,-0.023188980074877928,SIMULATED,NORMAL
2026-06-17T17:24:51.777250+00:00,DION_001,570543,-0.07740399990462861,SIMULATED,NORMAL
2026-06-17T17:24:51.787818+00:00,DION_001,570544,0.06518993047604366,SIMULATED,NORMAL
2026-06-17T17:24:51.798362+00:00,DION_001,570545,-0.011574094663516069,SIMULATED,NORMAL
2026-06-17T17:24:51.808914+00:00,DION_001,570546,0.13043122389313094,SIMULATED,NORMAL
2026-06-17T17:24:51.819376+00:00,DION_001,570547,0.2565347629179404,SIMULATED,NORMAL
2026-06-17T17:24:51.829942+00:00,DION_001,570548,-0.00644998162891286,SIMULATED,NORMAL
2026-06-17T17:24:51.840677+00:00,DION_001,570549,0.24651076064604355,SIMULATED,NORMAL
2026-06-17T17:24:51.851331+00:00,DION_001,570550,0.20266515515045036,SIMULATED,NORMAL
2026-06-17T17:24:51.861864+00:00,DION_001,570551,0.35007606889089193,SIMULATED,NORMAL
2026-06-17T17:24:51.872396+00:00,DION_001,570552,0.5415240207695213,SIMULATED,NORMAL
2026-06-17T17:24:51.883054+00:00,DION_001,570553,0.2931117735453496,SIMULATED,NORMAL
2026-06-17T17:24:51.893461+00:00,DION_001,570554,0.44735388461322234,SIMULATED,NORMAL
2026-06-17T17:24:51.904015+00:00,DION_001,570555,0.10085566616732286,SIMULATED,NORMAL
2026-06-17T17:24:51.914484+00:00,DION_001,570556,0.054235905597343675,SIMULATED,NORMAL
2026-06-17T17:24:51.924952+00:00,DION_001,570557,0.405421692733764,SIMULATED,NORMAL
2026-06-17T17:24:51.935441+00:00,DION_001,570558,0.578616490202711,SIMULATED,NORMAL
2026-06-17T17:24:51.945896+00:00,DION_001,570559,0.2115513805429613,SIMULATED,NORMAL
2026-06-17T17:24:51.956357+00:00,DION_001,570560,0.4203269085590805,SIMULATED,NORMAL
2026-06-17T17:24:51.967028+00:00,DION_001,570561,0.4528619348269939,SIMULATED,NORMAL
2026-06-17T17:24:51.977590+00:00,DION_001,570562,0.27023098838100834,SIMULATED,NORMAL
2026-06-17T17:24:51.988198+00:00,DION_001,570563,0.1585227777429792,SIMULATED,NORMAL
2026-06-17T17:24:51.998675+00:00,DION_001,570564,0.24281705805299791,SIMULATED,NORMAL
2026-06-17T17:24:52.009210+00:00,DION_001,570565,0.18347186327851087,SIMULATED,NORMAL
2026-06-17T17:24:52.019641+00:00,DION_001,570566,0.29034506021887113,SIMULATED,NORMAL
2026-06-17T17:24:52.030173+00:00,DION_001,570567,0.24632843587049794,SIMULATED,NORMAL
2026-06-17T17:24:52.040657+00:00,DION_001,570568,0.04544817289563444,SIMULATED,NORMAL
2026-06-17T17:24:52.051221+00:00,DION_001,570569,0.3245332439421181,SIMULATED,NORMAL
2026-06-17T17:24:52.061803+00:00,DION_001,570570,0.01741768613084789,SIMULATED,NORMAL
2026-06-17T17:24:52.072463+00:00,DION_001,570571,0.18355361708737367,SIMULATED,NORMAL
2026-06-17T17:24:52.082974+00:00,DION_001,570572,0.25484368897219056,SIMULATED,NORMAL
2026-06-17T17:24:52.093358+00:00,DION_001,570573,-0.034574578062063016,SIMULATED,NORMAL
2026-06-17T17:24:52.103704+00:00,DION_001,570574,0.058404347706256965,SIMULATED,NORMAL
2026-06-17T17:24:52.114252+00:00,DION_001,570575,-0.07245233845334335,SIMULATED,NORMAL
2026-06-17T17:24:52.124681+00:00,DION_001,570576,0.2719081886825074,SIMULATED,NORMAL
2026-06-17T17:24:52.135146+00:00,DION_001,570577,0.02558357918777838,SIMULATED,NORMAL
2026-06-17T17:24:52.145536+00:00,DION_001,570578,-0.14406926096539857,SIMULATED,NORMAL
2026-06-17T17:24:52.156044+00:00,DION_001,570579,-0.0516212389869683,SIMULATED,NORMAL
2026-06-17T17:24:52.166525+00:00,DION_001,570580,-0.2520023888114686,SIMULATED,NORMAL
2026-06-17T17:24:52.176968+00:00,DION_001,570581,-0.060027858367461294,SIMULATED,NORMAL
2026-06-17T17:24:52.187479+00:00,DION_001,570582,-0.15672887170570177,SIMULATED,NORMAL
2026-06-17T17:24:52.198034+00:00,DION_001,570583,0.09577962572741247,SIMULATED,NORMAL
2026-06-17T17:24:52.208417+00:00,DION_001,570584,0.13052157833252898,SIMULATED,NORMAL
2026-06-17T17:24:52.218975+00:00,DION_001,570585,-0.26006631569359573,SIMULATED,NORMAL
2026-06-17T17:24:52.229446+00:00,DION_001,570586,-0.10064466925083163,SIMULATED,NORMAL
2026-06-17T17:24:52.239927+00:00,DION_001,570587,-0.16113546000076812,SIMULATED,NORMAL
2026-06-17T17:24:52.250370+00:00,DION_001,570588,-0.07678665104998884,SIMULATED,NORMAL
2026-06-17T17:24:52.260976+00:00,DION_001,570589,0.1557286751026844,SIMULATED,NORMAL
2026-06-17T17:24:52.271499+00:00,DION_001,570590,-0.2276442833197308,SIMULATED,NORMAL
2026-06-17T17:24:52.282227+00:00,DION_001,570591,-0.06125408913916713,SIMULATED,NORMAL
2026-06-17T17:24:52.292870+00:00,DION_001,570592,0.09502199934288916,SIMULATED,NORMAL
2026-06-17T17:24:52.303275+00:00,DION_001,570593,-0.553581158545666,SIMULATED,NORMAL
2026-06-17T17:24:52.313862+00:00,DION_001,570594,-0.192135813624609,SIMULATED,NORMAL
2026-06-17T17:24:52.324329+00:00,DION_001,570595,-0.08312317842728033,SIMULATED,NORMAL
2026-06-17T17:24:52.334767+00:00,DION_001,570596,0.10560324567612281,SIMULATED,NORMAL
2026-06-17T17:24:52.345089+00:00,DION_001,570597,-0.03714280161191752,SIMULATED,NORMAL
2026-06-17T17:24:52.355513+00:00,DION_001,570598,0.083120269910225,SIMULATED,NORMAL
2026-06-17T17:24:52.365945+00:00,DION_001,570599,-0.26738815975897967,SIMULATED,NORMAL
2026-06-17T17:24:52.376477+00:00,DION_001,570600,0.14493499259613005,SIMULATED,NORMAL
2026-06-17T17:24:52.387058+00:00,DION_001,570601,0.05496010362150254,SIMULATED,NORMAL
2026-06-17T17:24:52.397592+00:00,DION_001,570602,0.5324505164652711,SIMULATED,NORMAL
2026-06-17T17:24:52.408146+00:00,DION_001,570603,0.22926530925145028,SIMULATED,NORMAL
2026-06-17T17:24:52.418574+00:00,DION_001,570604,0.31851984584940696,SIMULATED,NORMAL
2026-06-17T17:24:52.429065+00:00,DION_001,570605,0.2508377050070054,SIMULATED,NORMAL
2026-06-17T17:24:52.439464+00:00,DION_001,570606,0.4006387640789788,SIMULATED,NORMAL
2026-06-17T17:24:52.450035+00:00,DION_001,570607,0.6284813339985771,SIMULATED,NORMAL
2026-06-17T17:24:52.460462+00:00,DION_001,570608,0.5343818308154064,SIMULATED,NORMAL
2026-06-17T17:24:52.470939+00:00,DION_001,570609,0.5314633630979286,SIMULATED,NORMAL
2026-06-17T17:24:52.481394+00:00,DION_001,570610,0.37641567778399626,SIMULATED,NORMAL
2026-06-17T17:24:52.491843+00:00,DION_001,570611,0.6575799416803482,SIMULATED,NORMAL
2026-06-17T17:24:52.502325+00:00,DION_001,570612,0.5476845568956457,SIMULATED,NORMAL
2026-06-17T17:24:52.512773+00:00,DION_001,570613,0.6955431140742694,SIMULATED,NORMAL
2026-06-17T17:24:52.523172+00:00,DION_001,570614,0.7049871100915166,SIMULATED,NORMAL
2026-06-17T17:24:52.533700+00:00,DION_001,570615,0.5032119120739622,SIMULATED,NORMAL
2026-06-17T17:24:52.544115+00:00,DION_001,570616,0.6989153058430412,SIMULATED,NORMAL
2026-06-17T17:24:52.554482+00:00,DION_001,570617,1.0772486510561012,SIMULATED,NORMAL
2026-06-17T17:24:52.564832+00:00,DION_001,570618,0.716635365854289,SIMULATED,NORMAL
2026-06-17T17:24:52.575326+00:00,DION_001,570619,0.9841988266316857,SIMULATED,NORMAL
2026-06-17T17:24:52.585785+00:00,DION_001,570620,0.8102758207889155,SIMULATED,NORMAL
2026-06-17T17:24:52.596222+00:00,DION_001,570621,0.7795085653168676,SIMULATED,NORMAL
2026-06-17T17:24:52.606715+00:00,DION_001,570622,1.003859781764748,SIMULATED,NORMAL
2026-06-17T17:24:52.617200+00:00,DION_001,570623,0.8516607778424974,SIMULATED,NORMAL
2026-06-17T17:24:52.627641+00:00,DION_001,570624,1.1683348945466854,SIMULATED,NORMAL
2026-06-17T17:24:52.638089+00:00,DION_001,570625,1.1616341865731532,SIMULATED,NORMAL
2026-06-17T17:24:52.648720+00:00,DION_001,570626,1.3265409223728852,SIMULATED,NORMAL
2026-06-17T17:24:52.659227+00:00,DION_001,570627,1.1800546355805017,SIMULATED,NORMAL
2026-06-17T17:24:52.669666+00:00,DION_001,570628,0.9537172431567372,SIMULATED,NORMAL
2026-06-17T17:24:52.680200+00:00,DION_001,570629,1.0965150201122096,SIMULATED,NORMAL
2026-06-17T17:24:52.690560+00:00,DION_001,570630,1.0487373234708923,SIMULATED,NORMAL
2026-06-17T17:24:52.700940+00:00,DION_001,570631,1.1556045993369413,SIMULATED,NORMAL
2026-06-17T17:24:52.711219+00:00,DION_001,570632,0.895750367227681,SIMULATED,NORMAL
2026-06-17T17:24:52.721525+00:00,DION_001,570633,1.1552157311824214,SIMULATED,NORMAL
2026-06-17T17:24:52.731924+00:00,DION_001,570634,1.160948506363025,SIMULATED,NORMAL
2026-06-17T17:24:52.742331+00:00,DION_001,570635,0.9239866145614325,SIMULATED,NORMAL
2026-06-17T17:24:52.752734+00:00,DION_001,570636,1.2250668983813104,SIMULATED,NORMAL
2026-06-17T17:24:52.762959+00:00,DION_001,570637,0.9697616385221856,SIMULATED,NORMAL
2026-06-17T17:24:52.773113+00:00,DION_001,570638,0.8524545403398359,SIMULATED,NORMAL
2026-06-17T17:24:52.783488+00:00,DION_001,570639,1.0281600680938914,SIMULATED,NORMAL
2026-06-17T17:24:52.793981+00:00,DION_001,570640,0.9566318561436904,SIMULATED,NORMAL
2026-06-17T17:24:52.804694+00:00,DION_001,570641,0.80013252333618,SIMULATED,NORMAL
2026-06-17T17:24:52.815257+00:00,DION_001,570642,0.9088185378724137,SIMULATED,NORMAL
2026-06-17T17:24:52.825857+00:00,DION_001,570643,0.9791858283513349,SIMULATED,NORMAL
2026-06-17T17:24:52.836318+00:00,DION_001,570644,1.310634516500254,SIMULATED,NORMAL
2026-06-17T17:24:52.846850+00:00,DION_001,570645,0.9896747906273407,SIMULATED,NORMAL
2026-06-17T17:24:52.857401+00:00,DION_001,570646,0.978366190083761,SIMULATED,NORMAL
2026-06-17T17:24:52.867968+00:00,DION_001,570647,1.1227392247155952,SIMULATED,NORMAL
2026-06-17T17:24:52.878658+00:00,DION_001,570648,0.8633529883482732,SIMULATED,NORMAL
2026-06-17T17:24:52.889201+00:00,DION_001,570649,0.8631050743008022,SIMULATED,NORMAL
2026-06-17T17:24:52.899809+00:00,DION_001,570650,0.911999203936663,SIMULATED,NORMAL
2026-06-17T17:24:52.910477+00:00,DION_001,570651,0.9890973969690782,SIMULATED,NORMAL
2026-06-17T17:24:52.920955+00:00,DION_001,570652,0.8298175952422813,SIMULATED,NORMAL
2026-06-17T17:24:52.931388+00:00,DION_001,570653,0.823369137918569,SIMULATED,NORMAL
2026-06-17T17:24:52.941862+00:00,DION_001,570654,0.7220530173501344,SIMULATED,NORMAL
2026-06-17T17:24:52.952311+00:00,DION_001,570655,0.5655914957344135,SIMULATED,NORMAL
2026-06-17T17:24:52.962754+00:00,DION_001,570656,0.7185070099447334,SIMULATED,NORMAL
2026-06-17T17:24:52.973171+00:00,DION_001,570657,0.38313132832151603,SIMULATED,NORMAL
2026-06-17T17:24:52.983717+00:00,DION_001,570658,0.6679397224546784,SIMULATED,NORMAL
2026-06-17T17:24:52.994230+00:00,DION_001,570659,0.7153099509088695,SIMULATED,NORMAL
2026-06-17T17:24:53.004785+00:00,DION_001,570660,0.5475405370322944,SIMULATED,NORMAL
2026-06-17T17:24:53.015251+00:00,DION_001,570661,0.5368135719032862,SIMULATED,NORMAL
2026-06-17T17:24:53.025818+00:00,DION_001,570662,0.2575228300646158,SIMULATED,NORMAL
2026-06-17T17:24:53.036340+00:00,DION_001,570663,0.5509400386676078,SIMULATED,NORMAL
2026-06-17T17:24:53.046887+00:00,DION_001,570664,0.2826447510266057,SIMULATED,NORMAL
2026-06-17T17:24:53.057367+00:00,DION_001,570665,0.3582277139932326,SIMULATED,NORMAL
2026-06-17T17:24:53.067812+00:00,DION_001,570666,0.8018652394210485,SIMULATED,NORMAL
2026-06-17T17:24:53.078255+00:00,DION_001,570667,0.41796492508549843,SIMULATED,NORMAL
2026-06-17T17:24:53.088721+00:00,DION_001,570668,0.28303345686500175,SIMULATED,NORMAL
2026-06-17T17:24:53.099153+00:00,DION_001,570669,0.6516684369785265,SIMULATED,NORMAL
2026-06-17T17:24:53.109670+00:00,DION_001,570670,0.3884557905101117,SIMULATED,NORMAL
2026-06-17T17:24:53.120297+00:00,DION_001,570671,-2.4499064756033935,SIMULATED,EVENT_DETECTED
2026-06-17T17:24:53.131322+00:00,DION_001,570672,0.38113562596912864,SIMULATED,NORMAL
2026-06-17T17:24:53.141828+00:00,DION_001,570673,0.3842610236250226,SIMULATED,NORMAL
2026-06-17T17:24:53.152324+00:00,DION_001,570674,0.2724984811593186,SIMULATED,NORMAL
2026-06-17T17:24:53.162757+00:00,DION_001,570675,0.5625314194244951,SIMULATED,NORMAL
2026-06-17T17:24:53.173245+00:00,DION_001,570676,0.4060869250826207,SIMULATED,NORMAL
2026-06-17T17:24:53.183831+00:00,DION_001,570677,0.252299727022377,SIMULATED,NORMAL
2026-06-17T17:24:53.194317+00:00,DION_001,570678,0.45587919207935806,SIMULATED,NORMAL
2026-06-17T17:24:53.204849+00:00,DION_001,570679,0.5612345680795603,SIMULATED,NORMAL
2026-06-17T17:24:53.215158+00:00,DION_001,570680,0.34736966605725794,SIMULATED,NORMAL
2026-06-17T17:24:53.225375+00:00,DION_001,570681,0.4061147838808872,SIMULATED,NORMAL
2026-06-17T17:24:53.235575+00:00,DION_001,570682,0.44170675394014985,SIMULATED,NORMAL
2026-06-17T17:24:53.245831+00:00,DION_001,570683,0.47941516352931757,SIMULATED,NORMAL
2026-06-17T17:24:53.256241+00:00,DION_001,570684,0.4286943511755251,SIMULATED,NORMAL
2026-06-17T17:24:53.266960+00:00,DION_001,570685,-1.821837093953403,SIMULATED,NORMAL
2026-06-17T17:24:53.277528+00:00,DION_001,570686,0.7925925510055917,SIMULATED,NORMAL
2026-06-17T17:24:53.288025+00:00,DION_001,570687,0.7154724359953759,SIMULATED,NORMAL
2026-06-17T17:24:53.298561+00:00,DION_001,570688,0.6447669064046735,SIMULATED,NORMAL
2026-06-17T17:24:53.308931+00:00,DION_001,570689,0.8553103356452472,SIMULATED,NORMAL
2026-06-17T17:24:53.319457+00:00,DION_001,570690,0.5318815411377625,SIMULATED,NORMAL
2026-06-17T17:24:53.330000+00:00,DION_001,570691,0.7231244701550111,SIMULATED,NORMAL
2026-06-17T17:24:53.340523+00:00,DION_001,570692,0.7135146707102966,SIMULATED,NORMAL
2026-06-17T17:24:53.351200+00:00,DION_001,570693,0.7872677468675644,SIMULATED,NORMAL
2026-06-17T17:24:53.361587+00:00,DION_001,570694,0.7590833018190691,SIMULATED,NORMAL
2026-06-17T17:24:53.372017+00:00,DION_001,570695,0.518487848295963,SIMULATED,NORMAL
2026-06-17T17:24:53.382513+00:00,DION_001,570696,0.7314680896451173,SIMULATED,NORMAL
2026-06-17T17:24:53.392914+00:00,DION_001,570697,0.5879229304875861,SIMULATED,NORMAL
2026-06-17T17:24:53.403249+00:00,DION_001,570698,0.6014335585662798,SIMULATED,NORMAL
2026-06-17T17:24:53.413742+00:00,DION_001,570699,0.9844104052608437,SIMULATED,NORMAL
2026-06-17T17:24:53.424353+00:00,DION_001,570700,0.4336659841997111,SIMULATED,NORMAL
2026-06-17T17:24:53.434931+00:00,DION_001,570701,0.9426311617850678,SIMULATED,NORMAL
2026-06-17T17:24:53.445384+00:00,DION_001,570702,0.8978800343462462,SIMULATED,NORMAL
2026-06-17T17:24:53.455800+00:00,DION_001,570703,1.1505532776860898,SIMULATED,NORMAL
2026-06-17T17:24:53.466300+00:00,DION_001,570704,0.627761708688815,SIMULATED,NORMAL
2026-06-17T17:24:53.476744+00:00,DION_001,570705,-1.6222079479990852,SIMULATED,NORMAL
2026-06-17T17:24:53.487514+00:00,DION_001,570706,0.8348042012510082,SIMULATED,NORMAL
2026-06-17T17:24:53.498114+00:00,DION_001,570707,1.0004408100551114,SIMULATED,NORMAL
2026-06-17T17:24:53.508835+00:00,DION_001,570708,1.135830855458002,SIMULATED,NORMAL
2026-06-17T17:24:53.519315+00:00,DION_001,570709,0.8337382851321441,SIMULATED,NORMAL
2026-06-17T17:24:53.529956+00:00,DION_001,570710,1.1044519793674956,SIMULATED,NORMAL
2026-06-17T17:24:53.540399+00:00,DION_001,570711,0.7770392584050413,SIMULATED,NORMAL
2026-06-17T17:24:53.550852+00:00,DION_001,570712,1.224232827493335,SIMULATED,NORMAL
2026-06-17T17:24:53.561388+00:00,DION_001,570713,0.7882532972452553,SIMULATED,NORMAL
2026-06-17T17:24:53.571815+00:00,DION_001,570714,0.7959082849921939,SIMULATED,NORMAL
2026-06-17T17:24:53.582271+00:00,DION_001,570715,1.0405806681855478,SIMULATED,NORMAL
2026-06-17T17:24:53.592825+00:00,DION_001,570716,0.7467210484766267,SIMULATED,NORMAL
2026-06-17T17:24:53.603355+00:00,DION_001,570717,0.8783874575543008,SIMULATED,NORMAL
2026-06-17T17:24:53.613943+00:00,DION_001,570718,0.6202304697564498,SIMULATED,NORMAL
2026-06-17T17:24:53.624371+00:00,DION_001,570719,0.734798327967957,SIMULATED,NORMAL
2026-06-17T17:24:53.634740+00:00,DION_001,570720,0.731104749500054,SIMULATED,NORMAL
2026-06-17T17:24:53.645153+00:00,DION_001,570721,0.6919131506576186,SIMULATED,NORMAL
2026-06-17T17:24:53.655625+00:00,DION_001,570722,0.7314821455729821,SIMULATED,NORMAL
2026-06-17T17:24:53.666016+00:00,DION_001,570723,0.9107400238757777,SIMULATED,NORMAL
2026-06-17T17:24:53.676419+00:00,DION_001,570724,0.2218833834523265,SIMULATED,NORMAL
2026-06-17T17:24:53.686989+00:00,DION_001,570725,0.5442309953409831,SIMULATED,NORMAL
2026-06-17T17:24:53.697483+00:00,DION_001,570726,0.5775536778074459,SIMULATED,NORMAL
2026-06-17T17:24:53.708006+00:00,DION_001,570727,0.38919186172647074,SIMULATED,NORMAL
2026-06-17T17:24:53.718450+00:00,DION_001,570728,0.20731034612976146,SIMULATED,NORMAL
2026-06-17T17:24:53.728861+00:00,DION_001,570729,0.3038514943995082,SIMULATED,NORMAL
2026-06-17T17:24:53.739324+00:00,DION_001,570730,0.21578803036803373,SIMULATED,NORMAL
2026-06-17T17:24:53.749812+00:00,DION_001,570731,0.35898633187424295,SIMULATED,NORMAL
2026-06-17T17:24:53.760320+00:00,DION_001,570732,0.0985864702109138,SIMULATED,NORMAL
2026-06-17T17:24:53.770712+00:00,DION_001,570733,0.04336598608470554,SIMULATED,NORMAL
2026-06-17T17:24:53.781266+00:00,DION_001,570734,0.1434619761499854,SIMULATED,NORMAL
2026-06-17T17:24:53.791622+00:00,DION_001,570735,0.20751344810154898,SIMULATED,NORMAL
2026-06-17T17:24:53.802068+00:00,DION_001,570736,-0.2106334012310816,SIMULATED,NORMAL
2026-06-17T17:24:53.812676+00:00,DION_001,570737,-0.10970939175834993,SIMULATED,NORMAL
2026-06-17T17:24:53.823137+00:00,DION_001,570738,0.004725273474681656,SIMULATED,NORMAL
2026-06-17T17:24:53.833601+00:00,DION_001,570739,-0.1854513876220403,SIMULATED,NORMAL
2026-06-17T17:24:53.844004+00:00,DION_001,570740,-0.10762570384100816,SIMULATED,NORMAL
2026-06-17T17:24:53.854309+00:00,DION_001,570741,0.09240079584541228,SIMULATED,NORMAL
2026-06-17T17:24:53.864596+00:00,DION_001,570742,0.03788119016920194,SIMULATED,NORMAL
2026-06-17T17:24:53.874898+00:00,DION_001,570743,-0.390715579522828,SIMULATED,NORMAL
2026-06-17T17:24:53.885271+00:00,DION_001,570744,-0.24670578449241792,SIMULATED,NORMAL
2026-06-17T17:24:53.895509+00:00,DION_001,570745,-0.22146208683243146,SIMULATED,NORMAL
2026-06-17T17:24:53.905803+00:00,DION_001,570746,-0.278814917145328,SIMULATED,NORMAL
2026-06-17T17:24:53.916211+00:00,DION_001,570747,-0.2807366490618379,SIMULATED,NORMAL
2026-06-17T17:24:53.926704+00:00,DION_001,570748,-0.37157884666343216,SIMULATED,NORMAL
2026-06-17T17:24:53.937209+00:00,DION_001,570749,-0.4987695146296184,SIMULATED,NORMAL
2026-06-17T17:24:53.947744+00:00,DION_001,570750,-2.5256364944448606,SIMULATED,EVENT_DETECTED
2026-06-17T17:24:53.958398+00:00,DION_001,570751,-0.17127934069321554,SIMULATED,NORMAL
2026-06-17T17:24:53.968877+00:00,DION_001,570752,-0.3536539561859265,SIMULATED,NORMAL
2026-06-17T17:24:53.979460+00:00,DION_001,570753,-0.5207462208673794,SIMULATED,NORMAL
2026-06-17T17:24:53.990052+00:00,DION_001,570754,-0.36041377291273236,SIMULATED,NORMAL
2026-06-17T17:24:54.000515+00:00,DION_001,570755,-0.37247796657149684,SIMULATED,NORMAL
2026-06-17T17:24:54.010992+00:00,DION_001,570756,-0.30491163875011285,SIMULATED,NORMAL
2026-06-17T17:24:54.021441+00:00,DION_001,570757,-0.5225124599588751,SIMULATED,NORMAL
2026-06-17T17:24:54.031949+00:00,DION_001,570758,-0.2521885449189849,SIMULATED,NORMAL
2026-06-17T17:24:54.042426+00:00,DION_001,570759,-0.2733514892028777,SIMULATED,NORMAL
2026-06-17T17:24:54.052839+00:00,DION_001,570760,-0.39298616888124527,SIMULATED,NORMAL
2026-06-17T17:24:54.063241+00:00,DION_001,570761,-0.3216512545193626,SIMULATED,NORMAL
2026-06-17T17:24:54.073705+00:00,DION_001,570762,-0.48182881483685525,SIMULATED,NORMAL
2026-06-17T17:24:54.084255+00:00,DION_001,570763,-0.4202298599092107,SIMULATED,NORMAL
2026-06-17T17:24:54.094708+00:00,DION_001,570764,-0.3296171542252928,SIMULATED,NORMAL
2026-06-17T17:24:54.105076+00:00,DION_001,570765,-0.23047388156271473,SIMULATED,NORMAL
2026-06-17T17:24:54.115661+00:00,DION_001,570766,-0.002562281564217561,SIMULATED,NORMAL
2026-06-17T17:24:54.126095+00:00,DION_001,570767,-0.23944064402545204,SIMULATED,NORMAL
2026-06-17T17:24:54.136821+00:00,DION_001,570768,-0.4655314115308905,SIMULATED,NORMAL
2026-06-17T17:24:54.147611+00:00,DION_001,570769,-0.1690657674886795,SIMULATED,NORMAL
2026-06-17T17:24:54.158064+00:00,DION_001,570770,-0.45820156124852784,SIMULATED,NORMAL
2026-06-17T17:24:54.168666+00:00,DION_001,570771,0.1463606561324497,SIMULATED,NORMAL
2026-06-17T17:24:54.179259+00:00,DION_001,570772,-0.4158162347940759,SIMULATED,NORMAL
2026-06-17T17:24:54.189692+00:00,DION_001,570773,-0.332662512841248,SIMULATED,NORMAL
2026-06-17T17:24:54.200160+00:00,DION_001,570774,-0.0982281634661607,SIMULATED,NORMAL
2026-06-17T17:24:54.210614+00:00,DION_001,570775,-0.27616228819981514,SIMULATED,NORMAL
2026-06-17T17:24:54.221074+00:00,DION_001,570776,-0.38189766411736203,SIMULATED,NORMAL
2026-06-17T17:24:54.231740+00:00,DION_001,570777,-0.1645228250241379,SIMULATED,NORMAL
2026-06-17T17:24:54.242317+00:00,DION_001,570778,-0.23463268891906577,SIMULATED,NORMAL
2026-06-17T17:24:54.252808+00:00,DION_001,570779,-0.24190449049683724,SIMULATED,NORMAL
2026-06-17T17:24:54.263252+00:00,DION_001,570780,-0.23616445227683056,SIMULATED,NORMAL
2026-06-17T17:24:54.273965+00:00,DION_001,570781,0.14768307889777807,SIMULATED,NORMAL
2026-06-17T17:24:54.284418+00:00,DION_001,570782,-0.2575290820065639,SIMULATED,NORMAL
2026-06-17T17:24:54.295141+00:00,DION_001,570783,0.06144502096064698,SIMULATED,NORMAL
2026-06-17T17:24:54.305904+00:00,DION_001,570784,0.03556804653693601,SIMULATED,NORMAL
2026-06-17T17:24:54.316363+00:00,DION_001,570785,0.05603332754053268,SIMULATED,NORMAL
2026-06-17T17:24:54.327009+00:00,DION_001,570786,-0.2590550386945017,SIMULATED,NORMAL
2026-06-17T17:24:54.337465+00:00,DION_001,570787,-0.12025742411552683,SIMULATED,NORMAL
2026-06-17T17:24:54.347879+00:00,DION_001,570788,0.19520468129954208,SIMULATED,NORMAL
2026-06-17T17:24:54.358252+00:00,DION_001,570789,-0.4076599988051973,SIMULATED,NORMAL
2026-06-17T17:24:54.368696+00:00,DION_001,570790,-0.2170745904021542,SIMULATED,NORMAL
2026-06-17T17:24:54.379083+00:00,DION_001,570791,-0.03175557990791188,SIMULATED,NORMAL
2026-06-17T17:24:54.389528+00:00,DION_001,570792,-0.022967609284344,SIMULATED,NORMAL
2026-06-17T17:24:54.400005+00:00,DION_001,570793,0.2191439268330756,SIMULATED,NORMAL
2026-06-17T17:24:54.410480+00:00,DION_001,570794,0.1730138152797679,SIMULATED,NORMAL
2026-06-17T17:24:54.420978+00:00,DION_001,570795,-0.1347098084010263,SIMULATED,NORMAL
2026-06-17T17:24:54.431387+00:00,DION_001,570796,-0.12325860658070567,SIMULATED,NORMAL
2026-06-17T17:24:54.441839+00:00,DION_001,570797,-0.22981534641180182,SIMULATED,NORMAL
2026-06-17T17:24:54.452322+00:00,DION_001,570798,-0.3521579982145346,SIMULATED,NORMAL
2026-06-17T17:24:54.462623+00:00,DION_001,570799,-0.39616195679842925,SIMULATED,NORMAL
2026-06-17T17:24:54.472963+00:00,DION_001,570800,-0.17394521538655536,SIMULATED,NORMAL
2026-06-17T17:24:54.483387+00:00,DION_001,570801,-0.28987261161297323,SIMULATED,NORMAL
2026-06-17T17:24:54.493715+00:00,DION_001,570802,0.019040118605907375,SIMULATED,NORMAL
2026-06-17T17:24:54.504114+00:00,DION_001,570803,-0.19124061041429757,SIMULATED,NORMAL
2026-06-17T17:24:54.514552+00:00,DION_001,570804,-0.10075093935562074,SIMULATED,NORMAL
2026-06-17T17:24:54.525162+00:00,DION_001,570805,-0.5103731882870305,SIMULATED,NORMAL
2026-06-17T17:24:54.535539+00:00,DION_001,570806,-0.38944996889733086,SIMULATED,NORMAL
2026-06-17T17:24:54.546001+00:00,DION_001,570807,-0.716086246283637,SIMULATED,NORMAL
2026-06-17T17:24:54.556376+00:00,DION_001,570808,-0.4370978321110859,SIMULATED,NORMAL
2026-06-17T17:24:54.566829+00:00,DION_001,570809,-0.4623685709547693,SIMULATED,NORMAL
2026-06-17T17:24:54.577226+00:00,DION_001,570810,-0.7390859001390194,SIMULATED,NORMAL
2026-06-17T17:24:54.587796+00:00,DION_001,570811,-0.4734267177173687,SIMULATED,NORMAL
2026-06-17T17:24:54.598383+00:00,DION_001,570812,-0.5963402354201022,SIMULATED,NORMAL
2026-06-17T17:24:54.608903+00:00,DION_001,570813,-0.5807608770592031,SIMULATED,NORMAL
2026-06-17T17:24:54.619339+00:00,DION_001,570814,-0.583629632754198,SIMULATED,NORMAL
2026-06-17T17:24:54.629915+00:00,DION_001,570815,-0.5838414837203949,SIMULATED,NORMAL
2026-06-17T17:24:54.640591+00:00,DION_001,570816,-0.7699437255780467,SIMULATED,NORMAL
2026-06-17T17:24:54.651105+00:00,DION_001,570817,-0.9697438519056409,SIMULATED,NORMAL
2026-06-17T17:24:54.661513+00:00,DION_001,570818,-1.1686456660207794,SIMULATED,NORMAL
2026-06-17T17:24:54.672023+00:00,DION_001,570819,-0.7544229368278591,SIMULATED,NORMAL
2026-06-17T17:24:54.682479+00:00,DION_001,570820,-0.6941535441265978,SIMULATED,NORMAL
2026-06-17T17:24:54.692974+00:00,DION_001,570821,-1.2260247922052157,SIMULATED,NORMAL
2026-06-17T17:24:54.703453+00:00,DION_001,570822,-0.8598211716486039,SIMULATED,NORMAL
2026-06-17T17:24:54.713952+00:00,DION_001,570823,-1.4017763702396795,SIMULATED,NORMAL
2026-06-17T17:24:54.724422+00:00,DION_001,570824,-0.8366973204658442,SIMULATED,NORMAL
2026-06-17T17:24:54.734924+00:00,DION_001,570825,-0.8011820892009733,SIMULATED,NORMAL
2026-06-17T17:24:54.745271+00:00,DION_001,570826,-1.1367189881337263,SIMULATED,NORMAL
2026-06-17T17:24:54.755879+00:00,DION_001,570827,-1.3757036860793943,SIMULATED,NORMAL
2026-06-17T17:24:54.766394+00:00,DION_001,570828,-1.1281784513698772,SIMULATED,NORMAL
2026-06-17T17:24:54.776935+00:00,DION_001,570829,-1.0422788038525745,SIMULATED,NORMAL
2026-06-17T17:24:54.787242+00:00,DION_001,570830,-1.0137824976166872,SIMULATED,NORMAL
2026-06-17T17:24:54.797747+00:00,DION_001,570831,-1.0434274171321989,SIMULATED,NORMAL
2026-06-17T17:24:54.808310+00:00,DION_001,570832,-1.0944716718500935,SIMULATED,NORMAL
2026-06-17T17:24:54.818641+00:00,DION_001,570833,-1.1614629296588512,SIMULATED,NORMAL
2026-06-17T17:24:54.829059+00:00,DION_001,570834,-2.954549999205223,SIMULATED,EVENT_DETECTED
2026-06-17T17:24:54.839656+00:00,DION_001,570835,-1.295195439331475,SIMULATED,NORMAL
2026-06-17T17:24:54.850061+00:00,DION_001,570836,-1.0690081354729437,SIMULATED,NORMAL
2026-06-17T17:24:54.860620+00:00,DION_001,570837,-0.8150367986569822,SIMULATED,NORMAL
2026-06-17T17:24:54.871011+00:00,DION_001,570838,-1.0788310308065563,SIMULATED,NORMAL
2026-06-17T17:24:54.881451+00:00,DION_001,570839,-1.1213832948383191,SIMULATED,NORMAL
2026-06-17T17:24:54.891942+00:00,DION_001,570840,-0.9633856061929807,SIMULATED,NORMAL
2026-06-17T17:24:54.902399+00:00,DION_001,570841,-1.001176664807042,SIMULATED,NORMAL
2026-06-17T17:24:54.913020+00:00,DION_001,570842,-1.122137748960279,SIMULATED,NORMAL
2026-06-17T17:24:54.923465+00:00,DION_001,570843,-0.8744152249558158,SIMULATED,NORMAL
2026-06-17T17:24:54.933836+00:00,DION_001,570844,-0.8318737814922673,SIMULATED,NORMAL
2026-06-17T17:24:54.944174+00:00,DION_001,570845,-0.8396530258221505,SIMULATED,NORMAL
2026-06-17T17:24:54.954522+00:00,DION_001,570846,-1.1598890113057307,SIMULATED,NORMAL
2026-06-17T17:24:54.964878+00:00,DION_001,570847,-0.8387357947532811,SIMULATED,NORMAL
2026-06-17T17:24:54.975231+00:00,DION_001,570848,-0.7358927005614164,SIMULATED,NORMAL
2026-06-17T17:24:54.985450+00:00,DION_001,570849,-0.7451808604210639,SIMULATED,NORMAL
2026-06-17T17:24:54.995736+00:00,DION_001,570850,-0.7926646212131907,SIMULATED,NORMAL
2026-06-17T17:24:55.006196+00:00,DION_001,570851,-0.4986607236038174,SIMULATED,NORMAL
2026-06-17T17:24:55.016528+00:00,DION_001,570852,-0.5301639616863795,SIMULATED,NORMAL
2026-06-17T17:24:55.026872+00:00,DION_001,570853,-0.6378733443851252,SIMULATED,NORMAL
2026-06-17T17:24:55.037297+00:00,DION_001,570854,-0.8863346673806577,SIMULATED,NORMAL
2026-06-17T17:24:55.047903+00:00,DION_001,570855,-0.485141443865449,SIMULATED,NORMAL
2026-06-17T17:24:55.058443+00:00,DION_001,570856,-0.39252667393795515,SIMULATED,NORMAL
2026-06-17T17:24:55.069019+00:00,DION_001,570857,-0.5370026369510966,SIMULATED,NORMAL
2026-06-17T17:24:55.079519+00:00,DION_001,570858,-0.4269481689255281,SIMULATED,NORMAL
2026-06-17T17:24:55.090074+00:00,DION_001,570859,-0.5548760390864389,SIMULATED,NORMAL
2026-06-17T17:24:55.100649+00:00,DION_001,570860,-0.3556842328448685,SIMULATED,NORMAL
2026-06-17T17:24:55.111087+00:00,DION_001,570861,-0.33480800440440506,SIMULATED,NORMAL
2026-06-17T17:24:55.121620+00:00,DION_001,570862,-0.4653241320342666,SIMULATED,NORMAL
2026-06-17T17:24:55.132145+00:00,DION_001,570863,-0.13500999968109606,SIMULATED,NORMAL
2026-06-17T17:24:55.142747+00:00,DION_001,570864,-0.09802542122705149,SIMULATED,NORMAL
2026-06-17T17:24:55.153246+00:00,DION_001,570865,-0.26903312773552307,SIMULATED,NORMAL
2026-06-17T17:24:55.163725+00:00,DION_001,570866,-0.3688473535016782,SIMULATED,NORMAL
2026-06-17T17:24:55.174246+00:00,DION_001,570867,-0.49495919203528144,SIMULATED,NORMAL
2026-06-17T17:24:55.184790+00:00,DION_001,570868,-0.37525685281741356,SIMULATED,NORMAL
2026-06-17T17:24:55.195396+00:00,DION_001,570869,-0.5172199116385625,SIMULATED,NORMAL
2026-06-17T17:24:55.205931+00:00,DION_001,570870,-0.47760466777808935,SIMULATED,NORMAL
2026-06-17T17:24:55.216432+00:00,DION_001,570871,-0.24297252818254964,SIMULATED,NORMAL
2026-06-17T17:24:55.227092+00:00,DION_001,570872,-0.35052980731678995,SIMULATED,NORMAL
2026-06-17T17:24:55.237607+00:00,DION_001,570873,-0.34320634825611873,SIMULATED,NORMAL
2026-06-17T17:24:55.248198+00:00,DION_001,570874,-0.30295421639642295,SIMULATED,NORMAL
2026-06-17T17:24:55.258769+00:00,DION_001,570875,-0.14810281096914216,SIMULATED,NORMAL
2026-06-17T17:24:55.269231+00:00,DION_001,570876,-0.29707881840058736,SIMULATED,NORMAL
2026-06-17T17:24:55.279680+00:00,DION_001,570877,-0.3306230902355556,SIMULATED,NORMAL
2026-06-17T17:24:55.290262+00:00,DION_001,570878,-0.523269997700379,SIMULATED,NORMAL
2026-06-17T17:24:55.300874+00:00,DION_001,570879,-0.6080009300293605,SIMULATED,NORMAL
2026-06-17T17:24:55.311446+00:00,DION_001,570880,-0.5544355985875713,SIMULATED,NORMAL
2026-06-17T17:24:55.322065+00:00,DION_001,570881,-0.3736408919708595,SIMULATED,NORMAL
2026-06-17T17:24:55.332640+00:00,DION_001,570882,-0.46839471295323193,SIMULATED,NORMAL
2026-06-17T17:24:55.343065+00:00,DION_001,570883,-0.485765602224575,SIMULATED,NORMAL
2026-06-17T17:24:55.353529+00:00,DION_001,570884,-0.53845397997697,SIMULATED,NORMAL
2026-06-17T17:24:55.364122+00:00,DION_001,570885,-0.5427117031238337,SIMULATED,NORMAL
2026-06-17T17:24:55.374666+00:00,DION_001,570886,-0.6836192932078002,SIMULATED,NORMAL
2026-06-17T17:24:55.385181+00:00,DION_001,570887,-0.6382025541632735,SIMULATED,NORMAL
2026-06-17T17:24:55.395534+00:00,DION_001,570888,-0.6980948685219648,SIMULATED,NORMAL
2026-06-17T17:24:55.405945+00:00,DION_001,570889,-0.39467346053323626,SIMULATED,NORMAL
2026-06-17T17:24:55.416286+00:00,DION_001,570890,-0.5538335577178695,SIMULATED,NORMAL
2026-06-17T17:24:55.426686+00:00,DION_001,570891,-0.6727141378831311,SIMULATED,NORMAL
2026-06-17T17:24:55.437135+00:00,DION_001,570892,-0.705712668834779,SIMULATED,NORMAL
2026-06-17T17:24:55.447601+00:00,DION_001,570893,-0.8916575280113619,SIMULATED,NORMAL
2026-06-17T17:24:55.458113+00:00,DION_001,570894,-0.6888811910656065,SIMULATED,NORMAL
2026-06-17T17:24:55.468544+00:00,DION_001,570895,-0.6158451385859206,SIMULATED,NORMAL
2026-06-17T17:24:55.479323+00:00,DION_001,570896,-0.5586874032268023,SIMULATED,NORMAL
2026-06-17T17:24:55.489814+00:00,DION_001,570897,-0.5095692727451144,SIMULATED,NORMAL
2026-06-17T17:24:55.500263+00:00,DION_001,570898,-0.6461031148211994,SIMULATED,NORMAL
2026-06-17T17:24:55.510750+00:00,DION_001,570899,-0.8248382314529746,SIMULATED,NORMAL
2026-06-17T17:24:55.521063+00:00,DION_001,570900,-0.8171306716249124,SIMULATED,NORMAL
2026-06-17T17:24:55.531545+00:00,DION_001,570901,-1.041674954242629,SIMULATED,NORMAL
2026-06-17T17:24:55.541994+00:00,DION_001,570902,-0.8140232735123267,SIMULATED,NORMAL
2026-06-17T17:24:55.552306+00:00,DION_001,570903,-0.8317883160411552,SIMULATED,NORMAL
2026-06-17T17:24:55.562664+00:00,DION_001,570904,-0.7296683239493957,SIMULATED,NORMAL
2026-06-17T17:24:55.573051+00:00,DION_001,570905,-0.7816375742165802,SIMULATED,NORMAL
2026-06-17T17:24:55.583438+00:00,DION_001,570906,-0.638376012512343,SIMULATED,NORMAL
2026-06-17T17:24:55.593930+00:00,DION_001,570907,-1.0523653343082107,SIMULATED,NORMAL
2026-06-17T17:24:55.604327+00:00,DION_001,570908,-0.8488859410567379,SIMULATED,NORMAL
2026-06-17T17:24:55.614929+00:00,DION_001,570909,-0.8761414745457579,SIMULATED,NORMAL
2026-06-17T17:24:55.625479+00:00,DION_001,570910,-1.0714096499049912,SIMULATED,NORMAL
2026-06-17T17:24:55.636046+00:00,DION_001,570911,-3.8108974849450146,SIMULATED,EVENT_DETECTED
2026-06-17T17:24:55.647331+00:00,DION_001,570912,-0.9367450488625088,SIMULATED,NORMAL
2026-06-17T17:24:55.657962+00:00,DION_001,570913,-0.7811067411891104,SIMULATED,NORMAL
2026-06-17T17:24:55.668670+00:00,DION_001,570914,-0.9039344889746512,SIMULATED,NORMAL
2026-06-17T17:24:55.679205+00:00,DION_001,570915,-0.744635141872687,SIMULATED,NORMAL
2026-06-17T17:24:55.689686+00:00,DION_001,570916,-0.7828391904382465,SIMULATED,NORMAL
2026-06-17T17:24:55.700292+00:00,DION_001,570917,-0.5503904872014236,SIMULATED,NORMAL
2026-06-17T17:24:55.710755+00:00,DION_001,570918,-0.6701784894124687,SIMULATED,NORMAL
2026-06-17T17:24:55.721231+00:00,DION_001,570919,-0.6728564227997443,SIMULATED,NORMAL
2026-06-17T17:24:55.731741+00:00,DION_001,570920,-0.7049368827124598,SIMULATED,NORMAL
2026-06-17T17:24:55.742329+00:00,DION_001,570921,-0.7274923367115251,SIMULATED,NORMAL
2026-06-17T17:24:55.752968+00:00,DION_001,570922,-0.5634639963327006,SIMULATED,NORMAL
2026-06-17T17:24:55.763574+00:00,DION_001,570923,-0.6923186136034968,SIMULATED,NORMAL
2026-06-17T17:24:55.774215+00:00,DION_001,570924,-0.35552287354268514,SIMULATED,NORMAL
2026-06-17T17:24:55.784727+00:00,DION_001,570925,-0.5382838835274203,SIMULATED,NORMAL
2026-06-17T17:24:55.795155+00:00,DION_001,570926,-0.23762310012503507,SIMULATED,NORMAL
2026-06-17T17:24:55.805595+00:00,DION_001,570927,-0.4262548707310234,SIMULATED,NORMAL
2026-06-17T17:24:55.816143+00:00,DION_001,570928,-0.30134760623566104,SIMULATED,NORMAL
2026-06-17T17:24:55.826699+00:00,DION_001,570929,-0.12055075333523832,SIMULATED,NORMAL
2026-06-17T17:24:55.837318+00:00,DION_001,570930,-0.24001933144030846,SIMULATED,NORMAL
2026-06-17T17:24:55.847821+00:00,DION_001,570931,0.0012171640524616945,SIMULATED,NORMAL
2026-06-17T17:24:55.858281+00:00,DION_001,570932,-0.09147404961551941,SIMULATED,NORMAL
2026-06-17T17:24:55.868817+00:00,DION_001,570933,0.12745522861644934,SIMULATED,NORMAL
2026-06-17T17:24:55.879343+00:00,DION_001,570934,-0.09045055662621893,SIMULATED,NORMAL
2026-06-17T17:24:55.889877+00:00,DION_001,570935,-0.13645687731394796,SIMULATED,NORMAL
2026-06-17T17:24:55.900370+00:00,DION_001,570936,-0.002846061816169171,SIMULATED,NORMAL
2026-06-17T17:24:55.910995+00:00,DION_001,570937,0.011791374919925171,SIMULATED,NORMAL
2026-06-17T17:24:55.921394+00:00,DION_001,570938,0.08660230922126125,SIMULATED,NORMAL
2026-06-17T17:24:55.932023+00:00,DION_001,570939,0.39839292113830543,SIMULATED,NORMAL
2026-06-17T17:24:55.942429+00:00,DION_001,570940,0.39860683234782424,SIMULATED,NORMAL
2026-06-17T17:24:55.952954+00:00,DION_001,570941,0.4847073314907065,SIMULATED,NORMAL
2026-06-17T17:24:55.963422+00:00,DION_001,570942,0.15675660686445955,SIMULATED,NORMAL
2026-06-17T17:24:55.973816+00:00,DION_001,570943,0.4942913967278795,SIMULATED,NORMAL
2026-06-17T17:24:55.984107+00:00,DION_001,570944,0.3818977211960145,SIMULATED,NORMAL
2026-06-17T17:24:55.994667+00:00,DION_001,570945,0.45362119949764446,SIMULATED,NORMAL
2026-06-17T17:24:56.005170+00:00,DION_001,570946,0.49961589587973143,SIMULATED,NORMAL
2026-06-17T17:24:56.015489+00:00,DION_001,570947,0.5973057631027694,SIMULATED,NORMAL
2026-06-17T17:24:56.026001+00:00,DION_001,570948,0.42893911771539966,SIMULATED,NORMAL
2026-06-17T17:24:56.036644+00:00,DION_001,570949,0.33835509022441407,SIMULATED,NORMAL
2026-06-17T17:24:56.047028+00:00,DION_001,570950,0.2384309730920244,SIMULATED,NORMAL
2026-06-17T17:24:56.057286+00:00,DION_001,570951,0.43441874619545673,SIMULATED,NORMAL
2026-06-17T17:24:56.067697+00:00,DION_001,570952,0.582850711662679,SIMULATED,NORMAL
2026-06-17T17:24:56.078121+00:00,DION_001,570953,0.36939079220545645,SIMULATED,NORMAL
2026-06-17T17:24:56.088751+00:00,DION_001,570954,0.705777194541293,SIMULATED,NORMAL
2026-06-17T17:24:56.099394+00:00,DION_001,570955,0.7392612006986141,SIMULATED,NORMAL
2026-06-17T17:24:56.109937+00:00,DION_001,570956,0.4842457649742463,SIMULATED,NORMAL
2026-06-17T17:24:56.120397+00:00,DION_001,570957,0.5398204434147115,SIMULATED,NORMAL
2026-06-17T17:24:56.131053+00:00,DION_001,570958,0.5231309385050606,SIMULATED,NORMAL
2026-06-17T17:24:56.141481+00:00,DION_001,570959,0.45945693510580954,SIMULATED,NORMAL
2026-06-17T17:24:56.152008+00:00,DION_001,570960,0.4505034705510756,SIMULATED,NORMAL
2026-06-17T17:24:56.162447+00:00,DION_001,570961,0.36283590229325,SIMULATED,NORMAL
2026-06-17T17:24:56.172948+00:00,DION_001,570962,0.6874895142256168,SIMULATED,NORMAL
2026-06-17T17:24:56.183636+00:00,DION_001,570963,0.5762836325880303,SIMULATED,NORMAL
2026-06-17T17:24:56.194015+00:00,DION_001,570964,0.514516129745317,SIMULATED,NORMAL
2026-06-17T17:24:56.204446+00:00,DION_001,570965,0.21216944517124103,SIMULATED,NORMAL
2026-06-17T17:24:56.215002+00:00,DION_001,570966,0.4273714510063302,SIMULATED,NORMAL
2026-06-17T17:24:56.225440+00:00,DION_001,570967,0.062345082920132466,SIMULATED,NORMAL
2026-06-17T17:24:56.235893+00:00,DION_001,570968,0.6691993973615524,SIMULATED,NORMAL
2026-06-17T17:24:56.246348+00:00,DION_001,570969,0.3336725680032882,SIMULATED,NORMAL
2026-06-17T17:24:56.256928+00:00,DION_001,570970,0.14028674906618502,SIMULATED,NORMAL
2026-06-17T17:24:56.267473+00:00,DION_001,570971,0.49249192280580556,SIMULATED,NORMAL
2026-06-17T17:24:56.277902+00:00,DION_001,570972,0.4218130946342278,SIMULATED,NORMAL
2026-06-17T17:24:56.288377+00:00,DION_001,570973,0.4160292294097185,SIMULATED,NORMAL
2026-06-17T17:24:56.298940+00:00,DION_001,570974,0.32237963038921524,SIMULATED,NORMAL
2026-06-17T17:24:56.309485+00:00,DION_001,570975,0.06817952192738999,SIMULATED,NORMAL
2026-06-17T17:24:56.319996+00:00,DION_001,570976,0.28740067489725574,SIMULATED,NORMAL
2026-06-17T17:24:56.330620+00:00,DION_001,570977,-0.3067309606286003,SIMULATED,NORMAL
2026-06-17T17:24:56.341138+00:00,DION_001,570978,0.0618334211756716,SIMULATED,NORMAL
2026-06-17T17:24:56.351697+00:00,DION_001,570979,0.3995357632120304,SIMULATED,NORMAL
2026-06-17T17:24:56.362203+00:00,DION_001,570980,-0.08349822804488688,SIMULATED,NORMAL
2026-06-17T17:24:56.372768+00:00,DION_001,570981,0.042425665217380684,SIMULATED,NORMAL
2026-06-17T17:24:56.383285+00:00,DION_001,570982,0.03525960221975247,SIMULATED,NORMAL
2026-06-17T17:24:56.393761+00:00,DION_001,570983,0.08784981353120494,SIMULATED,NORMAL
2026-06-17T17:24:56.404127+00:00,DION_001,570984,0.30324995520270304,SIMULATED,NORMAL
2026-06-17T17:24:56.414511+00:00,DION_001,570985,0.03243394808497521,SIMULATED,NORMAL
2026-06-17T17:24:56.425131+00:00,DION_001,570986,0.028158679171033,SIMULATED,NORMAL
2026-06-17T17:24:56.435644+00:00,DION_001,570987,0.07475453544473482,SIMULATED,NORMAL
2026-06-17T17:24:56.446020+00:00,DION_001,570988,0.37627838905375915,SIMULATED,NORMAL
2026-06-17T17:24:56.456541+00:00,DION_001,570989,0.21414938349359486,SIMULATED,NORMAL
2026-06-17T17:24:56.467097+00:00,DION_001,570990,0.4412451048585352,SIMULATED,NORMAL
2026-06-17T17:24:56.477591+00:00,DION_001,570991,-0.0017990132938057735,SIMULATED,NORMAL
2026-06-17T17:24:56.488183+00:00,DION_001,570992,0.02973337624484798,SIMULATED,NORMAL
2026-06-17T17:24:56.498651+00:00,DION_001,570993,-0.07634670104836244,SIMULATED,NORMAL
2026-06-17T17:24:56.509108+00:00,DION_001,570994,0.41354846899745434,SIMULATED,NORMAL
2026-06-17T17:24:56.519575+00:00,DION_001,570995,0.2537622084042526,SIMULATED,NORMAL
2026-06-17T17:24:56.530033+00:00,DION_001,570996,0.2408625509431759,SIMULATED,NORMAL
2026-06-17T17:24:56.540511+00:00,DION_001,570997,0.2917544214473475,SIMULATED,NORMAL
2026-06-17T17:24:56.551008+00:00,DION_001,570998,0.43374130573230785,SIMULATED,NORMAL
2026-06-17T17:24:56.561428+00:00,DION_001,570999,0.4137506967524815,SIMULATED,NORMAL
2026-06-17T17:24:56.571985+00:00,DION_001,571000,0.1396299441108113,SIMULATED,NORMAL
2026-06-17T17:24:56.582481+00:00,DION_001,571001,0.5017889859901214,SIMULATED,NORMAL
2026-06-17T17:24:56.593050+00:00,DION_001,571002,0.4961623239032029,SIMULATED,NORMAL
2026-06-17T17:24:56.603482+00:00,DION_001,571003,0.5422734181119837,SIMULATED,NORMAL
2026-06-17T17:24:56.613903+00:00,DION_001,571004,0.4920828006570959,SIMULATED,NORMAL
2026-06-17T17:24:56.624390+00:00,DION_001,571005,0.5469638793353575,SIMULATED,NORMAL
2026-06-17T17:24:56.634808+00:00,DION_001,571006,0.6190328481931374,SIMULATED,NORMAL
2026-06-17T17:24:56.645202+00:00,DION_001,571007,0.9120006615602596,SIMULATED,NORMAL
2026-06-17T17:24:56.655565+00:00,DION_001,571008,0.6204425546949044,SIMULATED,NORMAL
2026-06-17T17:24:56.665930+00:00,DION_001,571009,0.669842911365238,SIMULATED,NORMAL
2026-06-17T17:24:56.676384+00:00,DION_001,571010,0.5558403710686384,SIMULATED,NORMAL
2026-06-17T17:24:56.686916+00:00,DION_001,571011,0.5591366147919481,SIMULATED,NORMAL
2026-06-17T17:24:56.697359+00:00,DION_001,571012,3.0415272942650895,SIMULATED,EVENT_DETECTED
2026-06-17T17:24:56.707900+00:00,DION_001,571013,0.7727483538667216,SIMULATED,NORMAL
2026-06-17T17:24:56.718300+00:00,DION_001,571014,1.028395869661368,SIMULATED,NORMAL
2026-06-17T17:24:56.728689+00:00,DION_001,571015,1.3636242107322722,SIMULATED,NORMAL
2026-06-17T17:24:56.739148+00:00,DION_001,571016,1.0300401085707274,SIMULATED,NORMAL
2026-06-17T17:24:56.749665+00:00,DION_001,571017,1.0662013555717405,SIMULATED,NORMAL
2026-06-17T17:24:56.760020+00:00,DION_001,571018,1.1451009978568507,SIMULATED,NORMAL
2026-06-17T17:24:56.770417+00:00,DION_001,571019,0.9350794817035333,SIMULATED,NORMAL
2026-06-17T17:24:56.780905+00:00,DION_001,571020,0.9633812494634089,SIMULATED,NORMAL
2026-06-17T17:24:56.791430+00:00,DION_001,571021,2.6192762292544876,SIMULATED,EVENT_DETECTED
2026-06-17T17:24:56.802204+00:00,DION_001,571022,0.924049583560229,SIMULATED,NORMAL
2026-06-17T17:24:56.812827+00:00,DION_001,571023,1.0657953068701076,SIMULATED,NORMAL
2026-06-17T17:24:56.823253+00:00,DION_001,571024,0.9934861134971044,SIMULATED,NORMAL
2026-06-17T17:24:56.833912+00:00,DION_001,571025,1.1720015429090427,SIMULATED,NORMAL
2026-06-17T17:24:56.844370+00:00,DION_001,571026,0.9494328693382987,SIMULATED,NORMAL
2026-06-17T17:24:56.854975+00:00,DION_001,571027,1.209638748994421,SIMULATED,NORMAL
2026-06-17T17:24:56.865481+00:00,DION_001,571028,1.225785054704975,SIMULATED,NORMAL
2026-06-17T17:24:56.876012+00:00,DION_001,571029,1.1772305916216608,SIMULATED,NORMAL
2026-06-17T17:24:56.886487+00:00,DION_001,571030,1.288217540665697,SIMULATED,NORMAL
2026-06-17T17:24:56.896941+00:00,DION_001,571031,1.1920588466682265,SIMULATED,NORMAL
2026-06-17T17:24:56.907362+00:00,DION_001,571032,1.036212640094306,SIMULATED,NORMAL
2026-06-17T17:24:56.917776+00:00,DION_001,571033,1.30939627589657,SIMULATED,NORMAL
2026-06-17T17:24:56.928245+00:00,DION_001,571034,1.0704617023689815,SIMULATED,NORMAL
2026-06-17T17:24:56.938789+00:00,DION_001,571035,1.1359122211628225,SIMULATED,NORMAL
2026-06-17T17:24:56.949187+00:00,DION_001,571036,1.0481428896247484,SIMULATED,NORMAL
2026-06-17T17:24:56.959639+00:00,DION_001,571037,1.332157202258269,SIMULATED,NORMAL
2026-06-17T17:24:56.970230+00:00,DION_001,571038,1.2401368371731913,SIMULATED,NORMAL
2026-06-17T17:24:56.980812+00:00,DION_001,571039,1.0041079246780809,SIMULATED,NORMAL
2026-06-17T17:24:56.991401+00:00,DION_001,571040,1.1414933147075015,SIMULATED,NORMAL
2026-06-17T17:24:57.001835+00:00,DION_001,571041,1.2305873442417525,SIMULATED,NORMAL
2026-06-17T17:24:57.012329+00:00,DION_001,571042,1.0447970141434846,SIMULATED,NORMAL
2026-06-17T17:24:57.022931+00:00,DION_001,571043,1.1718176490294956,SIMULATED,NORMAL
2026-06-17T17:24:57.033463+00:00,DION_001,571044,1.0367294486181864,SIMULATED,NORMAL
2026-06-17T17:24:57.043960+00:00,DION_001,571045,0.9721082605800554,SIMULATED,NORMAL
2026-06-17T17:24:57.054362+00:00,DION_001,571046,0.66551164709245,SIMULATED,NORMAL
2026-06-17T17:24:57.064700+00:00,DION_001,571047,0.8188945781296847,SIMULATED,NORMAL
2026-06-17T17:24:57.075080+00:00,DION_001,571048,0.95493564008998,SIMULATED,NORMAL
2026-06-17T17:24:57.085476+00:00,DION_001,571049,0.8712201355164585,SIMULATED,NORMAL
2026-06-17T17:24:57.095862+00:00,DION_001,571050,0.7470990330936594,SIMULATED,NORMAL
2026-06-17T17:24:57.106487+00:00,DION_001,571051,0.9249680452893871,SIMULATED,NORMAL
2026-06-17T17:24:57.116867+00:00,DION_001,571052,0.8714336544710906,SIMULATED,NORMAL
2026-06-17T17:24:57.127155+00:00,DION_001,571053,0.7135724844793938,SIMULATED,NORMAL
2026-06-17T17:24:57.137571+00:00,DION_001,571054,2.9001683889534826,SIMULATED,EVENT_DETECTED
2026-06-17T17:24:57.148117+00:00,DION_001,571055,0.4085126043447975,SIMULATED,NORMAL
2026-06-17T17:24:57.158595+00:00,DION_001,571056,0.4224792385745312,SIMULATED,NORMAL
2026-06-17T17:24:57.168914+00:00,DION_001,571057,0.6962560515560461,SIMULATED,NORMAL
2026-06-17T17:24:57.179372+00:00,DION_001,571058,0.510106023913705,SIMULATED,NORMAL
2026-06-17T17:24:57.189893+00:00,DION_001,571059,0.5242674938817218,SIMULATED,NORMAL
2026-06-17T17:24:57.200407+00:00,DION_001,571060,0.2718700681505875,SIMULATED,NORMAL
2026-06-17T17:24:57.211034+00:00,DION_001,571061,0.4706388344046668,SIMULATED,NORMAL
2026-06-17T17:24:57.221473+00:00,DION_001,571062,0.3284165652329997,SIMULATED,NORMAL
2026-06-17T17:24:57.231909+00:00,DION_001,571063,0.3931857664296256,SIMULATED,NORMAL
2026-06-17T17:24:57.242390+00:00,DION_001,571064,0.16520946672388234,SIMULATED,NORMAL
2026-06-17T17:24:57.252924+00:00,DION_001,571065,0.6469872068656095,SIMULATED,NORMAL
2026-06-17T17:24:57.263559+00:00,DION_001,571066,0.3991594036508912,SIMULATED,NORMAL
2026-06-17T17:24:57.274172+00:00,DION_001,571067,0.4862784099769541,SIMULATED,NORMAL
2026-06-17T17:24:57.284695+00:00,DION_001,571068,0.5192677697967231,SIMULATED,NORMAL
2026-06-17T17:24:57.295306+00:00,DION_001,571069,0.3232850530370614,SIMULATED,NORMAL
2026-06-17T17:24:57.305812+00:00,DION_001,571070,0.23302537333706286,SIMULATED,NORMAL
2026-06-17T17:24:57.316341+00:00,DION_001,571071,0.32216311033533684,SIMULATED,NORMAL
2026-06-17T17:24:57.326945+00:00,DION_001,571072,0.18521047262620022,SIMULATED,NORMAL
2026-06-17T17:24:57.337345+00:00,DION_001,571073,0.24164726200466363,SIMULATED,NORMAL
2026-06-17T17:24:57.347776+00:00,DION_001,571074,0.285485194254394,SIMULATED,NORMAL
2026-06-17T17:24:57.358134+00:00,DION_001,571075,0.35760273155140915,SIMULATED,NORMAL
2026-06-17T17:24:57.368644+00:00,DION_001,571076,0.4493255551084681,SIMULATED,NORMAL
2026-06-17T17:24:57.379154+00:00,DION_001,571077,0.2787689314459484,SIMULATED,NORMAL
2026-06-17T17:24:57.389664+00:00,DION_001,571078,0.3200870380782226,SIMULATED,NORMAL
2026-06-17T17:24:57.400160+00:00,DION_001,571079,0.6849721907116668,SIMULATED,NORMAL
2026-06-17T17:24:57.410744+00:00,DION_001,571080,0.4015950082474674,SIMULATED,NORMAL
2026-06-17T17:24:57.421288+00:00,DION_001,571081,0.36701453420762314,SIMULATED,NORMAL
2026-06-17T17:24:57.431796+00:00,DION_001,571082,0.3309803525726164,SIMULATED,NORMAL
2026-06-17T17:24:57.442294+00:00,DION_001,571083,0.5955299675532023,SIMULATED,NORMAL
2026-06-17T17:24:57.452803+00:00,DION_001,571084,0.2594769098262062,SIMULATED,NORMAL
2026-06-17T17:24:57.463399+00:00,DION_001,571085,0.4094464073265736,SIMULATED,NORMAL
2026-06-17T17:24:57.473806+00:00,DION_001,571086,0.6924615287136187,SIMULATED,NORMAL
2026-06-17T17:24:57.484271+00:00,DION_001,571087,0.5164561200005718,SIMULATED,NORMAL
2026-06-17T17:24:57.494829+00:00,DION_001,571088,0.6328271047852043,SIMULATED,NORMAL
2026-06-17T17:24:57.505319+00:00,DION_001,571089,0.6460391939870573,SIMULATED,NORMAL
2026-06-17T17:24:57.515810+00:00,DION_001,571090,0.8090398502215087,SIMULATED,NORMAL
2026-06-17T17:24:57.526281+00:00,DION_001,571091,0.5615529908469673,SIMULATED,NORMAL
2026-06-17T17:24:57.536681+00:00,DION_001,571092,0.8081609806799188,SIMULATED,NORMAL
2026-06-17T17:24:57.547153+00:00,DION_001,571093,0.5378207686751784,SIMULATED,NORMAL
2026-06-17T17:24:57.557553+00:00,DION_001,571094,0.7872174530012627,SIMULATED,NORMAL
2026-06-17T17:24:57.568074+00:00,DION_001,571095,3.505480946976064,SIMULATED,EVENT_DETECTED
2026-06-17T17:24:57.578782+00:00,DION_001,571096,0.46013731652722667,SIMULATED,NORMAL
2026-06-17T17:24:57.589287+00:00,DION_001,571097,0.7205505747215919,SIMULATED,NORMAL
2026-06-17T17:24:57.600063+00:00,DION_001,571098,0.9673196256115871,SIMULATED,NORMAL
2026-06-17T17:24:57.610407+00:00,DION_001,571099,0.895277165304746,SIMULATED,NORMAL
2026-06-17T17:24:57.620754+00:00,DION_001,571100,0.7077908160274267,SIMULATED,NORMAL
2026-06-17T17:24:57.631246+00:00,DION_001,571101,0.5319767418163317,SIMULATED,NORMAL
2026-06-17T17:24:57.641780+00:00,DION_001,571102,0.8254287135047719,SIMULATED,NORMAL
2026-06-17T17:24:57.652181+00:00,DION_001,571103,0.8668877924518217,SIMULATED,NORMAL
2026-06-17T17:24:57.662662+00:00,DION_001,571104,0.6852998413650159,SIMULATED,NORMAL
2026-06-17T17:24:57.673203+00:00,DION_001,571105,0.9795137243184977,SIMULATED,NORMAL
2026-06-17T17:24:57.683713+00:00,DION_001,571106,0.7600032761812813,SIMULATED,NORMAL
2026-06-17T17:24:57.694058+00:00,DION_001,571107,0.7810247192742821,SIMULATED,NORMAL
2026-06-17T17:24:57.704481+00:00,DION_001,571108,0.9040614400267835,SIMULATED,NORMAL
2026-06-17T17:24:57.714958+00:00,DION_001,571109,0.5644326039986841,SIMULATED,NORMAL
2026-06-17T17:24:57.725379+00:00,DION_001,571110,0.6526480199187858,SIMULATED,NORMAL
2026-06-17T17:24:57.735856+00:00,DION_001,571111,0.9237912819060481,SIMULATED,NORMAL
2026-06-17T17:24:57.746472+00:00,DION_001,571112,0.7951429162337833,SIMULATED,NORMAL
2026-06-17T17:24:57.756930+00:00,DION_001,571113,0.5615936109213273,SIMULATED,NORMAL
2026-06-17T17:24:57.767358+00:00,DION_001,571114,0.5251917049405697,SIMULATED,NORMAL
2026-06-17T17:24:57.777863+00:00,DION_001,571115,0.7886772954941446,SIMULATED,NORMAL
2026-06-17T17:24:57.788251+00:00,DION_001,571116,0.4183740822339219,SIMULATED,NORMAL
2026-06-17T17:24:57.798743+00:00,DION_001,571117,0.6046553014158123,SIMULATED,NORMAL
2026-06-17T17:24:57.809215+00:00,DION_001,571118,0.3784110366713481,SIMULATED,NORMAL
2026-06-17T17:24:57.819549+00:00,DION_001,571119,0.3287842722731885,SIMULATED,NORMAL
2026-06-17T17:24:57.829923+00:00,DION_001,571120,0.4780766304913074,SIMULATED,NORMAL
2026-06-17T17:24:57.840390+00:00,DION_001,571121,0.4281908332399643,SIMULATED,NORMAL
2026-06-17T17:24:57.850937+00:00,DION_001,571122,0.3371973741135421,SIMULATED,NORMAL
2026-06-17T17:24:57.861532+00:00,DION_001,571123,0.45793621665727313,SIMULATED,NORMAL
2026-06-17T17:24:57.872042+00:00,DION_001,571124,0.4258838177431875,SIMULATED,NORMAL
2026-06-17T17:24:57.882562+00:00,DION_001,571125,0.13298361481406806,SIMULATED,NORMAL
2026-06-17T17:24:57.893091+00:00,DION_001,571126,-0.023471858628422798,SIMULATED,NORMAL
2026-06-17T17:24:57.903510+00:00,DION_001,571127,0.251343670064995,SIMULATED,NORMAL
2026-06-17T17:24:57.914068+00:00,DION_001,571128,-0.1367068050849251,SIMULATED,NORMAL
2026-06-17T17:24:57.924725+00:00,DION_001,571129,0.09014642663213707,SIMULATED,NORMAL
2026-06-17T17:24:57.935161+00:00,DION_001,571130,-0.11117424356788459,SIMULATED,NORMAL
2026-06-17T17:24:57.945572+00:00,DION_001,571131,-0.07583588975329544,SIMULATED,NORMAL
2026-06-17T17:24:57.956059+00:00,DION_001,571132,-0.06883097216230767,SIMULATED,NORMAL
2026-06-17T17:24:57.966602+00:00,DION_001,571133,0.062456453817336,SIMULATED,NORMAL
2026-06-17T17:24:57.977073+00:00,DION_001,571134,-0.18196428497089956,SIMULATED,NORMAL
2026-06-17T17:24:57.987459+00:00,DION_001,571135,-0.09819724285515447,SIMULATED,NORMAL
2026-06-17T17:24:57.997906+00:00,DION_001,571136,-0.3834697964427459,SIMULATED,NORMAL
2026-06-17T17:24:58.008293+00:00,DION_001,571137,-0.418716452038421,SIMULATED,NORMAL
2026-06-17T17:24:58.018643+00:00,DION_001,571138,-0.3150261883755082,SIMULATED,NORMAL
2026-06-17T17:24:58.029065+00:00,DION_001,571139,0.016822493424151097,SIMULATED,NORMAL
2026-06-17T17:24:58.039595+00:00,DION_001,571140,-0.6256992779763032,SIMULATED,NORMAL
2026-06-17T17:24:58.050099+00:00,DION_001,571141,-0.29486281593611224,SIMULATED,NORMAL
2026-06-17T17:24:58.060629+00:00,DION_001,571142,-0.46911094621022315,SIMULATED,NORMAL
2026-06-17T17:24:58.071148+00:00,DION_001,571143,-0.37604504788960774,SIMULATED,NORMAL
2026-06-17T17:24:58.081659+00:00,DION_001,571144,-0.893941011569361,SIMULATED,NORMAL
2026-06-17T17:24:58.092054+00:00,DION_001,571145,-0.4583511089732126,SIMULATED,NORMAL
2026-06-17T17:24:58.102434+00:00,DION_001,571146,-0.5292296304080842,SIMULATED,NORMAL
2026-06-17T17:24:58.112960+00:00,DION_001,571147,-0.6816009032618615,SIMULATED,NORMAL
2026-06-17T17:24:58.123360+00:00,DION_001,571148,-0.5457705508298619,SIMULATED,NORMAL
2026-06-17T17:24:58.133837+00:00,DION_001,571149,-0.541190311669585,SIMULATED,NORMAL
2026-06-17T17:24:58.144246+00:00,DION_001,571150,-0.8254341348075513,SIMULATED,NORMAL
2026-06-17T17:24:58.154616+00:00,DION_001,571151,-0.4391538125104172,SIMULATED,NORMAL
2026-06-17T17:24:58.164998+00:00,DION_001,571152,-0.787496543482979,SIMULATED,NORMAL
2026-06-17T17:24:58.175421+00:00,DION_001,571153,-0.40170377037779975,SIMULATED,NORMAL
2026-06-17T17:24:58.186039+00:00,DION_001,571154,-0.39591008720959936,SIMULATED,NORMAL
2026-06-17T17:24:58.196656+00:00,DION_001,571155,-0.6488968725140889,SIMULATED,NORMAL
2026-06-17T17:24:58.206998+00:00,DION_001,571156,-0.3946088580009645,SIMULATED,NORMAL
2026-06-17T17:24:58.217251+00:00,DION_001,571157,-0.6531588861221396,SIMULATED,NORMAL
2026-06-17T17:24:58.227415+00:00,DION_001,571158,-3.2486925614831685,SIMULATED,EVENT_DETECTED
2026-06-17T17:24:58.237844+00:00,DION_001,571159,-0.7872194791888083,SIMULATED,NORMAL
2026-06-17T17:24:58.248082+00:00,DION_001,571160,-0.7997425764316872,SIMULATED,NORMAL
2026-06-17T17:24:58.258264+00:00,DION_001,571161,-0.6375836751952838,SIMULATED,NORMAL
2026-06-17T17:24:58.268479+00:00,DION_001,571162,-0.5434549932238723,SIMULATED,NORMAL
2026-06-17T17:24:58.278759+00:00,DION_001,571163,-0.37372183288685384,SIMULATED,NORMAL
2026-06-17T17:24:58.289285+00:00,DION_001,571164,-0.1333669046245356,SIMULATED,NORMAL
2026-06-17T17:24:58.299867+00:00,DION_001,571165,-0.4461352654426425,SIMULATED,NORMAL
2026-06-17T17:24:58.310393+00:00,DION_001,571166,-0.4511361659454189,SIMULATED,NORMAL
2026-06-17T17:24:58.320899+00:00,DION_001,571167,-0.25326254876140053,SIMULATED,NORMAL
2026-06-17T17:24:58.331524+00:00,DION_001,571168,-0.6382728321609065,SIMULATED,NORMAL
2026-06-17T17:24:58.342152+00:00,DION_001,571169,-0.3092885436722157,SIMULATED,NORMAL
2026-06-17T17:24:58.352779+00:00,DION_001,571170,-0.1320814667846449,SIMULATED,NORMAL
2026-06-17T17:24:58.363444+00:00,DION_001,571171,-0.1348342609016416,SIMULATED,NORMAL
2026-06-17T17:24:58.373996+00:00,DION_001,571172,-0.1783838798346931,SIMULATED,NORMAL
2026-06-17T17:24:58.384659+00:00,DION_001,571173,-0.2586532776792573,SIMULATED,NORMAL
2026-06-17T17:24:58.395232+00:00,DION_001,571174,-0.26372162630515966,SIMULATED,NORMAL
2026-06-17T17:24:58.405786+00:00,DION_001,571175,-0.2348899218608847,SIMULATED,NORMAL
2026-06-17T17:24:58.416378+00:00,DION_001,571176,-0.22812696007297517,SIMULATED,NORMAL
2026-06-17T17:24:58.426996+00:00,DION_001,571177,-0.21967047280555355,SIMULATED,NORMAL
2026-06-17T17:24:58.437521+00:00,DION_001,571178,-0.28283841929822195,SIMULATED,NORMAL
2026-06-17T17:24:58.447999+00:00,DION_001,571179,0.10892336849854245,SIMULATED,NORMAL
2026-06-17T17:24:58.458424+00:00,DION_001,571180,-0.38222934305795686,SIMULATED,NORMAL
2026-06-17T17:24:58.468939+00:00,DION_001,571181,-0.34035846460739266,SIMULATED,NORMAL
2026-06-17T17:24:58.479422+00:00,DION_001,571182,-0.41240560221310474,SIMULATED,NORMAL
2026-06-17T17:24:58.489976+00:00,DION_001,571183,-0.10786648344324078,SIMULATED,NORMAL
2026-06-17T17:24:58.500536+00:00,DION_001,571184,-0.3999573050008439,SIMULATED,NORMAL
2026-06-17T17:24:58.511151+00:00,DION_001,571185,0.05959581684000623,SIMULATED,NORMAL
2026-06-17T17:24:58.521558+00:00,DION_001,571186,-0.1611125967360566,SIMULATED,NORMAL
2026-06-17T17:24:58.531999+00:00,DION_001,571187,-0.07252676474991965,SIMULATED,NORMAL
2026-06-17T17:24:58.542616+00:00,DION_001,571188,-0.13529476586976513,SIMULATED,NORMAL
2026-06-17T17:24:58.553128+00:00,DION_001,571189,-0.17191144246315462,SIMULATED,NORMAL
2026-06-17T17:24:58.563759+00:00,DION_001,571190,-0.40108811384985604,SIMULATED,NORMAL
2026-06-17T17:24:58.574367+00:00,DION_001,571191,-0.3478954269512312,SIMULATED,NORMAL
2026-06-17T17:24:58.584767+00:00,DION_001,571192,0.18716606418181775,SIMULATED,NORMAL
2026-06-17T17:24:58.595275+00:00,DION_001,571193,-0.38270928903769685,SIMULATED,NORMAL
2026-06-17T17:24:58.605857+00:00,DION_001,571194,-0.29701110649890095,SIMULATED,NORMAL
2026-06-17T17:24:58.616355+00:00,DION_001,571195,-0.4850332836529046,SIMULATED,NORMAL
2026-06-17T17:24:58.627009+00:00,DION_001,571196,-0.5059062785800497,SIMULATED,NORMAL
2026-06-17T17:24:58.637524+00:00,DION_001,571197,-0.6125291927217527,SIMULATED,NORMAL
2026-06-17T17:24:58.648320+00:00,DION_001,571198,-0.4973512584012211,SIMULATED,NORMAL
2026-06-17T17:24:58.659062+00:00,DION_001,571199,-0.5441791368074949,SIMULATED,NORMAL
2026-06-17T17:24:58.669633+00:00,DION_001,571200,-0.573684804071736,SIMULATED,NORMAL
2026-06-17T17:24:58.680084+00:00,DION_001,571201,-0.22098530744639422,SIMULATED,NORMAL
2026-06-17T17:24:58.690720+00:00,DION_001,571202,-0.7473163440285714,SIMULATED,NORMAL
2026-06-17T17:24:58.701207+00:00,DION_001,571203,-0.2625976274543948,SIMULATED,NORMAL
2026-06-17T17:24:58.711759+00:00,DION_001,571204,-0.6197056753877617,SIMULATED,NORMAL
2026-06-17T17:24:58.722192+00:00,DION_001,571205,-0.8626720769640137,SIMULATED,NORMAL
2026-06-17T17:24:58.732621+00:00,DION_001,571206,-0.7697186560117724,SIMULATED,NORMAL
2026-06-17T17:24:58.743130+00:00,DION_001,571207,-0.6592950316790839,SIMULATED,NORMAL
2026-06-17T17:24:58.753585+00:00,DION_001,571208,-0.4835989003145024,SIMULATED,NORMAL
2026-06-17T17:24:58.763944+00:00,DION_001,571209,-0.8106282134136081,SIMULATED,NORMAL
2026-06-17T17:24:58.774465+00:00,DION_001,571210,-0.6204553244697945,SIMULATED,NORMAL
2026-06-17T17:24:58.784950+00:00,DION_001,571211,-0.9552304522154861,SIMULATED,NORMAL
2026-06-17T17:24:58.795422+00:00,DION_001,571212,-0.990242003143743,SIMULATED,NORMAL
2026-06-17T17:24:58.805830+00:00,DION_001,571213,-0.8632112997285146,SIMULATED,NORMAL
2026-06-17T17:24:58.816402+00:00,DION_001,571214,-0.8760770485748794,SIMULATED,NORMAL
2026-06-17T17:24:58.826985+00:00,DION_001,571215,-1.101682469854129,SIMULATED,NORMAL
2026-06-17T17:24:58.837597+00:00,DION_001,571216,-1.173670994301862,SIMULATED,NORMAL
2026-06-17T17:24:58.848105+00:00,DION_001,571217,-0.8799641769648233,SIMULATED,NORMAL
2026-06-17T17:24:58.858649+00:00,DION_001,571218,-0.7668662361635669,SIMULATED,NORMAL
2026-06-17T17:24:58.869218+00:00,DION_001,571219,-1.3698292180023932,SIMULATED,NORMAL
2026-06-17T17:24:58.879775+00:00,DION_001,571220,-1.0809734672268783,SIMULATED,NORMAL
2026-06-17T17:24:58.890454+00:00,DION_001,571221,-1.1198515141762515,SIMULATED,NORMAL
2026-06-17T17:24:58.900868+00:00,DION_001,571222,-1.2026218392401944,SIMULATED,NORMAL
2026-06-17T17:24:58.911519+00:00,DION_001,571223,-1.4283459095621538,SIMULATED,NORMAL
2026-06-17T17:24:58.922019+00:00,DION_001,571224,-1.0705958419999746,SIMULATED,NORMAL
2026-06-17T17:24:58.932676+00:00,DION_001,571225,-1.3230713944807284,SIMULATED,NORMAL
2026-06-17T17:24:58.943223+00:00,DION_001,571226,-1.1807038071244849,SIMULATED,NORMAL
2026-06-17T17:24:58.953809+00:00,DION_001,571227,-1.1641469507898994,SIMULATED,NORMAL
2026-06-17T17:24:58.964352+00:00,DION_001,571228,-1.1097901635787515,SIMULATED,NORMAL
2026-06-17T17:24:58.975120+00:00,DION_001,571229,-1.3361348505118704,SIMULATED,NORMAL
2026-06-17T17:24:58.985616+00:00,DION_001,571230,-1.0331180220878884,SIMULATED,NORMAL
2026-06-17T17:24:58.996109+00:00,DION_001,571231,-1.1749973876908146,SIMULATED,NORMAL
2026-06-17T17:24:59.006633+00:00,DION_001,571232,-1.2336183594642136,SIMULATED,NORMAL
2026-06-17T17:24:59.017217+00:00,DION_001,571233,-1.1893302413601006,SIMULATED,NORMAL
2026-06-17T17:24:59.027804+00:00,DION_001,571234,-0.9942793921894971,SIMULATED,NORMAL
2026-06-17T17:24:59.038227+00:00,DION_001,571235,-0.9632929036266833,SIMULATED,NORMAL
2026-06-17T17:24:59.048706+00:00,DION_001,571236,-1.0741404344443228,SIMULATED,NORMAL
2026-06-17T17:24:59.059217+00:00,DION_001,571237,-1.0578799685920395,SIMULATED,NORMAL
2026-06-17T17:24:59.069686+00:00,DION_001,571238,-1.190344008785147,SIMULATED,NORMAL
2026-06-17T17:24:59.080287+00:00,DION_001,571239,-1.1320130367930739,SIMULATED,NORMAL
2026-06-17T17:24:59.091139+00:00,DION_001,571240,-1.2117926244997301,SIMULATED,NORMAL
2026-06-17T17:24:59.101730+00:00,DION_001,571241,-1.1848211280917873,SIMULATED,NORMAL
2026-06-17T17:24:59.112163+00:00,DION_001,571242,-0.9473120945348099,SIMULATED,NORMAL
2026-06-17T17:24:59.122629+00:00,DION_001,571243,-1.3166890508191846,SIMULATED,NORMAL
2026-06-17T17:24:59.133247+00:00,DION_001,571244,-0.7497807515927642,SIMULATED,NORMAL
2026-06-17T17:24:59.143769+00:00,DION_001,571245,-0.81578790318999,SIMULATED,NORMAL
2026-06-17T17:24:59.154296+00:00,DION_001,571246,-0.8623564488100446,SIMULATED,NORMAL
2026-06-17T17:24:59.164871+00:00,DION_001,571247,-0.8259422518115919,SIMULATED,NORMAL
2026-06-17T17:24:59.175267+00:00,DION_001,571248,-0.5852621040128927,SIMULATED,NORMAL
2026-06-17T17:24:59.185747+00:00,DION_001,571249,-0.6662482740109648,SIMULATED,NORMAL
2026-06-17T17:24:59.196187+00:00,DION_001,571250,-0.6045672261716469,SIMULATED,NORMAL
2026-06-17T17:24:59.206650+00:00,DION_001,571251,-0.9022513984725201,SIMULATED,NORMAL
2026-06-17T17:24:59.217022+00:00,DION_001,571252,-0.6110780140378224,SIMULATED,NORMAL
2026-06-17T17:24:59.227443+00:00,DION_001,571253,-0.36346169191511823,SIMULATED,NORMAL
2026-06-17T17:24:59.237896+00:00,DION_001,571254,-0.4467182608845946,SIMULATED,NORMAL
2026-06-17T17:24:59.248258+00:00,DION_001,571255,-0.16042148778284032,SIMULATED,NORMAL
2026-06-17T17:24:59.258692+00:00,DION_001,571256,-0.5336486151436086,SIMULATED,NORMAL
2026-06-17T17:24:59.269250+00:00,DION_001,571257,-0.5052272824271556,SIMULATED,NORMAL
2026-06-17T17:24:59.279636+00:00,DION_001,571258,-0.34409175002048387,SIMULATED,NORMAL
2026-06-17T17:24:59.289960+00:00,DION_001,571259,-3.301134782662971,SIMULATED,EVENT_DETECTED
2026-06-17T17:24:59.300378+00:00,DION_001,571260,-0.32646955975526065,SIMULATED,NORMAL
2026-06-17T17:24:59.310624+00:00,DION_001,571261,-0.3434714943387658,SIMULATED,NORMAL
2026-06-17T17:24:59.320968+00:00,DION_001,571262,-0.40586238420906395,SIMULATED,NORMAL
2026-06-17T17:24:59.331293+00:00,DION_001,571263,-0.29892474142250497,SIMULATED,NORMAL
2026-06-17T17:24:59.341660+00:00,DION_001,571264,-0.2807546068191898,SIMULATED,NORMAL
2026-06-17T17:24:59.351943+00:00,DION_001,571265,-0.13676239537776966,SIMULATED,NORMAL
2026-06-17T17:24:59.362307+00:00,DION_001,571266,-0.442804341476135,SIMULATED,NORMAL
2026-06-17T17:24:59.372874+00:00,DION_001,571267,-0.3319981852240599,SIMULATED,NORMAL
2026-06-17T17:24:59.383411+00:00,DION_001,571268,-0.34469292361126586,SIMULATED,NORMAL
2026-06-17T17:24:59.393929+00:00,DION_001,571269,-0.07018679178666118,SIMULATED,NORMAL
2026-06-17T17:24:59.404413+00:00,DION_001,571270,-0.23986658616340836,SIMULATED,NORMAL
2026-06-17T17:24:59.415053+00:00,DION_001,571271,-0.12764812976975443,SIMULATED,NORMAL
2026-06-17T17:24:59.425552+00:00,DION_001,571272,-0.42693030784109043,SIMULATED,NORMAL
2026-06-17T17:24:59.436069+00:00,DION_001,571273,-0.011384537138690531,SIMULATED,NORMAL
2026-06-17T17:24:59.446532+00:00,DION_001,571274,-0.04662089962393337,SIMULATED,NORMAL
2026-06-17T17:24:59.457150+00:00,DION_001,571275,-0.3031958753751682,SIMULATED,NORMAL
2026-06-17T17:24:59.467738+00:00,DION_001,571276,-0.21199025067743527,SIMULATED,NORMAL
2026-06-17T17:24:59.478367+00:00,DION_001,571277,-0.18128423726740744,SIMULATED,NORMAL
2026-06-17T17:24:59.488894+00:00,DION_001,571278,-0.3706918305037922,SIMULATED,NORMAL
2026-06-17T17:24:59.499462+00:00,DION_001,571279,-0.41210325520950036,SIMULATED,NORMAL
2026-06-17T17:24:59.509973+00:00,DION_001,571280,-1.8017643348540073,SIMULATED,NORMAL
2026-06-17T17:24:59.520651+00:00,DION_001,571281,-0.5586444165557991,SIMULATED,NORMAL
2026-06-17T17:24:59.531107+00:00,DION_001,571282,-0.5388191187223295,SIMULATED,NORMAL
2026-06-17T17:24:59.541646+00:00,DION_001,571283,-0.5118362805597793,SIMULATED,NORMAL
2026-06-17T17:24:59.552221+00:00,DION_001,571284,-0.5134748769482622,SIMULATED,NORMAL
2026-06-17T17:24:59.562738+00:00,DION_001,571285,-0.7365607495909736,SIMULATED,NORMAL
2026-06-17T17:24:59.573271+00:00,DION_001,571286,-0.5543799757992572,SIMULATED,NORMAL
2026-06-17T17:24:59.583798+00:00,DION_001,571287,-0.5198707955054204,SIMULATED,NORMAL
2026-06-17T17:24:59.594238+00:00,DION_001,571288,-0.6297435666284619,SIMULATED,NORMAL
2026-06-17T17:24:59.604666+00:00,DION_001,571289,-0.6899343798762508,SIMULATED,NORMAL
2026-06-17T17:24:59.615189+00:00,DION_001,571290,-0.6424071179478701,SIMULATED,NORMAL
2026-06-17T17:24:59.625594+00:00,DION_001,571291,-0.39512941831872683,SIMULATED,NORMAL
2026-06-17T17:24:59.636149+00:00,DION_001,571292,-0.5040121084499855,SIMULATED,NORMAL
2026-06-17T17:24:59.646601+00:00,DION_001,571293,-0.5441483820775271,SIMULATED,NORMAL
2026-06-17T17:24:59.657141+00:00,DION_001,571294,-0.6468496066732619,SIMULATED,NORMAL
2026-06-17T17:24:59.667619+00:00,DION_001,571295,-0.6713204948867935,SIMULATED,NORMAL
2026-06-17T17:24:59.678244+00:00,DION_001,571296,-0.661983903525894,SIMULATED,NORMAL
2026-06-17T17:24:59.688807+00:00,DION_001,571297,-0.7422031957388455,SIMULATED,NORMAL
2026-06-17T17:24:59.699341+00:00,DION_001,571298,-0.45735820373940084,SIMULATED,NORMAL
2026-06-17T17:24:59.709732+00:00,DION_001,571299,-0.6004248836973103,SIMULATED,NORMAL
2026-06-17T17:24:59.720160+00:00,DION_001,571300,-0.6142064135003265,SIMULATED,NORMAL
2026-06-17T17:24:59.730599+00:00,DION_001,571301,-0.6425985907316256,SIMULATED,NORMAL
2026-06-17T17:24:59.741116+00:00,DION_001,571302,-0.7780025816791076,SIMULATED,NORMAL
2026-06-17T17:24:59.751670+00:00,DION_001,571303,-2.413495270181197,SIMULATED,EVENT_DETECTED
2026-06-17T17:24:59.762314+00:00,DION_001,571304,-0.6158261501201593,SIMULATED,NORMAL
2026-06-17T17:24:59.772724+00:00,DION_001,571305,-0.7815171920248317,SIMULATED,NORMAL
2026-06-17T17:24:59.783330+00:00,DION_001,571306,-0.8578750138742901,SIMULATED,NORMAL
2026-06-17T17:24:59.793825+00:00,DION_001,571307,-0.4155929154454925,SIMULATED,NORMAL
2026-06-17T17:24:59.804509+00:00,DION_001,571308,-0.6342754996733737,SIMULATED,NORMAL
2026-06-17T17:24:59.815097+00:00,DION_001,571309,-0.6504690169415616,SIMULATED,NORMAL
2026-06-17T17:24:59.825400+00:00,DION_001,571310,-0.5012418393606185,SIMULATED,NORMAL
2026-06-17T17:24:59.835844+00:00,DION_001,571311,-0.6310171630816049,SIMULATED,NORMAL
2026-06-17T17:24:59.846195+00:00,DION_001,571312,-0.6069019764444251,SIMULATED,NORMAL
2026-06-17T17:24:59.856757+00:00,DION_001,571313,-0.5529767763249156,SIMULATED,NORMAL
2026-06-17T17:24:59.867311+00:00,DION_001,571314,-0.3203751089903294,SIMULATED,NORMAL
2026-06-17T17:24:59.877815+00:00,DION_001,571315,-0.5650106164733486,SIMULATED,NORMAL
2026-06-17T17:24:59.888275+00:00,DION_001,571316,-2.4088325620258186,SIMULATED,EVENT_DETECTED
2026-06-17T17:24:59.899177+00:00,DION_001,571317,-0.5845754877766138,SIMULATED,NORMAL
2026-06-17T17:24:59.909683+00:00,DION_001,571318,-0.2788328999087163,SIMULATED,NORMAL
2026-06-17T17:24:59.920120+00:00,DION_001,571319,-0.23850531859900698,SIMULATED,NORMAL
2026-06-17T17:24:59.930554+00:00,DION_001,571320,-0.34915336484498727,SIMULATED,NORMAL
2026-06-17T17:24:59.940961+00:00,DION_001,571321,-0.26760263456947314,SIMULATED,NORMAL
2026-06-17T17:24:59.951551+00:00,DION_001,571322,-0.08684114352780767,SIMULATED,NORMAL
2026-06-17T17:24:59.962020+00:00,DION_001,571323,-0.050609287570303516,SIMULATED,NORMAL
2026-06-17T17:24:59.972385+00:00,DION_001,571324,-0.12637884702014,SIMULATED,NORMAL
2026-06-17T17:24:59.982917+00:00,DION_001,571325,-0.0924655210038125,SIMULATED,NORMAL
2026-06-17T17:24:59.993319+00:00,DION_001,571326,0.2774822990803266,SIMULATED,NORMAL
2026-06-17T17:25:00.003745+00:00,DION_001,571327,0.2041013160439461,SIMULATED,NORMAL
2026-06-17T17:25:00.014268+00:00,DION_001,571328,-0.13138937219360383,SIMULATED,NORMAL
2026-06-17T17:25:00.024719+00:00,DION_001,571329,0.2713599392965609,SIMULATED,NORMAL
2026-06-17T17:25:00.035271+00:00,DION_001,571330,0.23336434939251294,SIMULATED,NORMAL
2026-06-17T17:25:00.045749+00:00,DION_001,571331,0.1051311551312294,SIMULATED,NORMAL
2026-06-17T17:25:00.056176+00:00,DION_001,571332,0.4170947465049548,SIMULATED,NORMAL
2026-06-17T17:25:00.066790+00:00,DION_001,571333,0.3569010280289228,SIMULATED,NORMAL
2026-06-17T17:25:00.077316+00:00,DION_001,571334,0.26231576906282006,SIMULATED,NORMAL
2026-06-17T17:25:00.088194+00:00,DION_001,571335,0.5147594834236983,SIMULATED,NORMAL
2026-06-17T17:25:00.098969+00:00,DION_001,571336,0.2790919051792931,SIMULATED,NORMAL
2026-06-17T17:25:00.109525+00:00,DION_001,571337,0.40450071256072284,SIMULATED,NORMAL
2026-06-17T17:25:00.119989+00:00,DION_001,571338,0.4815769940537563,SIMULATED,NORMAL
2026-06-17T17:25:00.130455+00:00,DION_001,571339,0.3956692619704483,SIMULATED,NORMAL
2026-06-17T17:25:00.141002+00:00,DION_001,571340,0.5448769984569675,SIMULATED,NORMAL
2026-06-17T17:25:00.151532+00:00,DION_001,571341,0.5153461960121221,SIMULATED,NORMAL
2026-06-17T17:25:00.162107+00:00,DION_001,571342,0.6543311900420219,SIMULATED,NORMAL
2026-06-17T17:25:00.172543+00:00,DION_001,571343,0.7449279122551209,SIMULATED,NORMAL
2026-06-17T17:25:00.183105+00:00,DION_001,571344,0.7041672749451545,SIMULATED,NORMAL
2026-06-17T17:25:00.193708+00:00,DION_001,571345,0.48471091541989597,SIMULATED,NORMAL
2026-06-17T17:25:00.204192+00:00,DION_001,571346,0.6631809183768753,SIMULATED,NORMAL
2026-06-17T17:25:00.214890+00:00,DION_001,571347,0.577366393587175,SIMULATED,NORMAL
2026-06-17T17:25:00.225310+00:00,DION_001,571348,0.6055936048386066,SIMULATED,NORMAL
2026-06-17T17:25:00.235780+00:00,DION_001,571349,0.941980457281872,SIMULATED,NORMAL
2026-06-17T17:25:00.246253+00:00,DION_001,571350,0.4320639035763132,SIMULATED,NORMAL
2026-06-17T17:25:00.256661+00:00,DION_001,571351,0.7813239614560098,SIMULATED,NORMAL
2026-06-17T17:25:00.267157+00:00,DION_001,571352,0.744053323358486,SIMULATED,NORMAL
2026-06-17T17:25:00.277579+00:00,DION_001,571353,0.9103538164580761,SIMULATED,NORMAL
2026-06-17T17:25:00.288002+00:00,DION_001,571354,0.6082747420331504,SIMULATED,NORMAL
2026-06-17T17:25:00.298441+00:00,DION_001,571355,0.9021678979478888,SIMULATED,NORMAL
2026-06-17T17:25:00.308874+00:00,DION_001,571356,0.5522557559372219,SIMULATED,NORMAL
2026-06-17T17:25:00.319361+00:00,DION_001,571357,0.7866356887472281,SIMULATED,NORMAL
2026-06-17T17:25:00.329841+00:00,DION_001,571358,0.4366616139259928,SIMULATED,NORMAL
2026-06-17T17:25:00.340246+00:00,DION_001,571359,0.15212228875696177,SIMULATED,NORMAL
2026-06-17T17:25:00.350670+00:00,DION_001,571360,0.6854981731223929,SIMULATED,NORMAL
2026-06-17T17:25:00.361341+00:00,DION_001,571361,0.2707735579981201,SIMULATED,NORMAL
2026-06-17T17:25:00.371836+00:00,DION_001,571362,0.6722709557252113,SIMULATED,NORMAL
2026-06-17T17:25:00.382213+00:00,DION_001,571363,0.5794755170874152,SIMULATED,NORMAL
2026-06-17T17:25:00.392643+00:00,DION_001,571364,0.539135098108823,SIMULATED,NORMAL
2026-06-17T17:25:00.402955+00:00,DION_001,571365,0.40914191184292914,SIMULATED,NORMAL
2026-06-17T17:25:00.413191+00:00,DION_001,571366,0.511452565734898,SIMULATED,NORMAL
2026-06-17T17:25:00.423577+00:00,DION_001,571367,0.5065179462113509,SIMULATED,NORMAL
2026-06-17T17:25:00.433931+00:00,DION_001,571368,0.4028631471624884,SIMULATED,NORMAL
2026-06-17T17:25:00.444348+00:00,DION_001,571369,0.18561216880633738,SIMULATED,NORMAL
2026-06-17T17:25:00.454736+00:00,DION_001,571370,0.44592308559262317,SIMULATED,NORMAL
2026-06-17T17:25:00.465145+00:00,DION_001,571371,0.24365032596284497,SIMULATED,NORMAL
2026-06-17T17:25:00.475785+00:00,DION_001,571372,0.32239652543865743,SIMULATED,NORMAL
2026-06-17T17:25:00.486368+00:00,DION_001,571373,0.44892635088454386,SIMULATED,NORMAL
2026-06-17T17:25:00.496856+00:00,DION_001,571374,0.34945537562729523,SIMULATED,NORMAL
2026-06-17T17:25:00.507467+00:00,DION_001,571375,0.6487616329595491,SIMULATED,NORMAL
2026-06-17T17:25:00.518016+00:00,DION_001,571376,0.012943974241526157,SIMULATED,NORMAL
2026-06-17T17:25:00.528519+00:00,DION_001,571377,0.262997073544648,SIMULATED,NORMAL
2026-06-17T17:25:00.539089+00:00,DION_001,571378,0.42381534834590306,SIMULATED,NORMAL
2026-06-17T17:25:00.549595+00:00,DION_001,571379,0.4573949449084218,SIMULATED,NORMAL
2026-06-17T17:25:00.560210+00:00,DION_001,571380,0.04141155112693759,SIMULATED,NORMAL
2026-06-17T17:25:00.570706+00:00,DION_001,571381,0.19381185575443288,SIMULATED,NORMAL
2026-06-17T17:25:00.581166+00:00,DION_001,571382,0.3160857248209837,SIMULATED,NORMAL
2026-06-17T17:25:00.591670+00:00,DION_001,571383,0.38011831046275263,SIMULATED,NORMAL
2026-06-17T17:25:00.602044+00:00,DION_001,571384,0.24370024768498,SIMULATED,NORMAL
2026-06-17T17:25:00.612400+00:00,DION_001,571385,0.38179581851921773,SIMULATED,NORMAL
2026-06-17T17:25:00.622995+00:00,DION_001,571386,0.5669841718083628,SIMULATED,NORMAL
2026-06-17T17:25:00.633302+00:00,DION_001,571387,0.11680703704438894,SIMULATED,NORMAL
2026-06-17T17:25:00.643821+00:00,DION_001,571388,0.6818400209390076,SIMULATED,NORMAL
2026-06-17T17:25:00.654175+00:00,DION_001,571389,0.25823644648879457,SIMULATED,NORMAL
2026-06-17T17:25:00.664770+00:00,DION_001,571390,0.12049495189323006,SIMULATED,NORMAL
2026-06-17T17:25:00.675220+00:00,DION_001,571391,0.3941336055018103,SIMULATED,NORMAL
2026-06-17T17:25:00.685654+00:00,DION_001,571392,0.374060392041614,SIMULATED,NORMAL
2026-06-17T17:25:00.696038+00:00,DION_001,571393,0.2328261962552819,SIMULATED,NORMAL
2026-06-17T17:25:00.706494+00:00,DION_001,571394,0.3164316261397594,SIMULATED,NORMAL
2026-06-17T17:25:00.717077+00:00,DION_001,571395,0.09053118005056626,SIMULATED,NORMAL
2026-06-17T17:25:00.727628+00:00,DION_001,571396,0.4527566804651146,SIMULATED,NORMAL
2026-06-17T17:25:00.738183+00:00,DION_001,571397,0.5368892323939345,SIMULATED,NORMAL
2026-06-17T17:25:00.748785+00:00,DION_001,571398,0.3747612146572481,SIMULATED,NORMAL
2026-06-17T17:25:00.759207+00:00,DION_001,571399,0.7557728794335129,SIMULATED,NORMAL
2026-06-17T17:25:00.769741+00:00,DION_001,571400,0.5130484446066182,SIMULATED,NORMAL
2026-06-17T17:25:00.780245+00:00,DION_001,571401,0.38356173641364083,SIMULATED,NORMAL
2026-06-17T17:25:00.790867+00:00,DION_001,571402,0.608547053038739,SIMULATED,NORMAL
2026-06-17T17:25:00.801377+00:00,DION_001,571403,0.5234743991283042,SIMULATED,NORMAL
2026-06-17T17:25:00.811929+00:00,DION_001,571404,0.8567432456748153,SIMULATED,NORMAL
2026-06-17T17:25:00.822363+00:00,DION_001,571405,0.5208578305146039,SIMULATED,NORMAL
2026-06-17T17:25:00.832825+00:00,DION_001,571406,0.6811588218469591,SIMULATED,NORMAL
2026-06-17T17:25:00.843333+00:00,DION_001,571407,0.7426259534085057,SIMULATED,NORMAL
2026-06-17T17:25:00.853917+00:00,DION_001,571408,0.8396170558486471,SIMULATED,NORMAL
2026-06-17T17:25:00.864441+00:00,DION_001,571409,0.9339173548910469,SIMULATED,NORMAL
2026-06-17T17:25:00.875039+00:00,DION_001,571410,0.8293572275669203,SIMULATED,NORMAL
2026-06-17T17:25:00.885639+00:00,DION_001,571411,1.0426864151704167,SIMULATED,NORMAL
2026-06-17T17:25:00.896169+00:00,DION_001,571412,0.9470603443642552,SIMULATED,NORMAL
2026-06-17T17:25:00.906655+00:00,DION_001,571413,0.7776704009702654,SIMULATED,NORMAL
2026-06-17T17:25:00.917191+00:00,DION_001,571414,0.765756678218497,SIMULATED,NORMAL
2026-06-17T17:25:00.927655+00:00,DION_001,571415,1.0090762014015136,SIMULATED,NORMAL
2026-06-17T17:25:00.938097+00:00,DION_001,571416,1.0612108945691199,SIMULATED,NORMAL
2026-06-17T17:25:00.948498+00:00,DION_001,571417,1.0330047056469904,SIMULATED,NORMAL
2026-06-17T17:25:00.959012+00:00,DION_001,571418,1.105208634623611,SIMULATED,NORMAL
2026-06-17T17:25:00.969525+00:00,DION_001,571419,1.3926240136078554,SIMULATED,NORMAL
2026-06-17T17:25:00.979897+00:00,DION_001,571420,1.160096311853966,SIMULATED,NORMAL
2026-06-17T17:25:00.990362+00:00,DION_001,571421,1.0331521286826697,SIMULATED,NORMAL
2026-06-17T17:25:01.000772+00:00,DION_001,571422,1.3344405129796082,SIMULATED,NORMAL
2026-06-17T17:25:01.011298+00:00,DION_001,571423,1.0362883278288024,SIMULATED,NORMAL
2026-06-17T17:25:01.021817+00:00,DION_001,571424,1.309631044219714,SIMULATED,NORMAL
2026-06-17T17:25:01.032344+00:00,DION_001,571425,1.4909283763658956,SIMULATED,NORMAL
2026-06-17T17:25:01.042825+00:00,DION_001,571426,-0.9111959261205358,SIMULATED,NORMAL
2026-06-17T17:25:01.053497+00:00,DION_001,571427,0.9896883449748611,SIMULATED,NORMAL
2026-06-17T17:25:01.063968+00:00,DION_001,571428,1.1122163546129793,SIMULATED,NORMAL
2026-06-17T17:25:01.074584+00:00,DION_001,571429,1.313084872836056,SIMULATED,NORMAL
2026-06-17T17:25:01.085045+00:00,DION_001,571430,1.3380526896952387,SIMULATED,NORMAL
2026-06-17T17:25:01.095632+00:00,DION_001,571431,1.1390395684080732,SIMULATED,NORMAL
2026-06-17T17:25:01.106173+00:00,DION_001,571432,1.2963510778417322,SIMULATED,NORMAL
2026-06-17T17:25:01.116663+00:00,DION_001,571433,1.2064185744878668,SIMULATED,NORMAL
2026-06-17T17:25:01.127047+00:00,DION_001,571434,0.9729541471026939,SIMULATED,NORMAL
2026-06-17T17:25:01.137584+00:00,DION_001,571435,1.1687397621647737,SIMULATED,NORMAL
2026-06-17T17:25:01.148034+00:00,DION_001,571436,1.2813887675358229,SIMULATED,NORMAL
2026-06-17T17:25:01.158413+00:00,DION_001,571437,1.0653831590183678,SIMULATED,NORMAL
2026-06-17T17:25:01.168968+00:00,DION_001,571438,0.931020175511815,SIMULATED,NORMAL
2026-06-17T17:25:01.179370+00:00,DION_001,571439,1.1328401191674387,SIMULATED,NORMAL
2026-06-17T17:25:01.189853+00:00,DION_001,571440,0.9445476463316536,SIMULATED,NORMAL
2026-06-17T17:25:01.200277+00:00,DION_001,571441,1.016112885580736,SIMULATED,NORMAL
2026-06-17T17:25:01.210744+00:00,DION_001,571442,0.8295361370044517,SIMULATED,NORMAL
2026-06-17T17:25:01.221190+00:00,DION_001,571443,0.8923784631483447,SIMULATED,NORMAL
2026-06-17T17:25:01.231730+00:00,DION_001,571444,0.9804965363061661,SIMULATED,NORMAL
2026-06-17T17:25:01.242264+00:00,DION_001,571445,0.8420230237563918,SIMULATED,NORMAL
2026-06-17T17:25:01.252789+00:00,DION_001,571446,0.5488991454353753,SIMULATED,NORMAL
2026-06-17T17:25:01.263388+00:00,DION_001,571447,0.8571874370300504,SIMULATED,NORMAL
2026-06-17T17:25:01.273950+00:00,DION_001,571448,0.4689140653740034,SIMULATED,NORMAL
2026-06-17T17:25:01.284489+00:00,DION_001,571449,0.2558914213526547,SIMULATED,NORMAL
2026-06-17T17:25:01.295123+00:00,DION_001,571450,0.46411034019395464,SIMULATED,NORMAL
2026-06-17T17:25:01.305628+00:00,DION_001,571451,0.35614283737353347,SIMULATED,NORMAL
2026-06-17T17:25:01.316176+00:00,DION_001,571452,0.4651842712082653,SIMULATED,NORMAL
2026-06-17T17:25:01.326746+00:00,DION_001,571453,0.6934915352834685,SIMULATED,NORMAL
2026-06-17T17:25:01.337218+00:00,DION_001,571454,0.6477919372416892,SIMULATED,NORMAL
2026-06-17T17:25:01.347676+00:00,DION_001,571455,0.4349655648768476,SIMULATED,NORMAL
2026-06-17T17:25:01.358094+00:00,DION_001,571456,0.3596255547580722,SIMULATED,NORMAL
2026-06-17T17:25:01.368525+00:00,DION_001,571457,0.3099180157561502,SIMULATED,NORMAL
2026-06-17T17:25:01.379166+00:00,DION_001,571458,0.32928592280765423,SIMULATED,NORMAL
2026-06-17T17:25:01.389625+00:00,DION_001,571459,0.47427098273613966,SIMULATED,NORMAL
2026-06-17T17:25:01.400034+00:00,DION_001,571460,0.16175334798881857,SIMULATED,NORMAL
2026-06-17T17:25:01.410386+00:00,DION_001,571461,0.37578366184109807,SIMULATED,NORMAL
2026-06-17T17:25:01.420799+00:00,DION_001,571462,0.35305516076531474,SIMULATED,NORMAL
2026-06-17T17:25:01.431224+00:00,DION_001,571463,0.07579532052798041,SIMULATED,NORMAL
2026-06-17T17:25:01.441618+00:00,DION_001,571464,0.34955999101596846,SIMULATED,NORMAL
2026-06-17T17:25:01.451936+00:00,DION_001,571465,0.22285817242624242,SIMULATED,NORMAL
2026-06-17T17:25:01.462352+00:00,DION_001,571466,0.31033713038550176,SIMULATED,NORMAL
2026-06-17T17:25:01.472699+00:00,DION_001,571467,0.33164434490034955,SIMULATED,NORMAL
2026-06-17T17:25:01.483002+00:00,DION_001,571468,0.085443580479878,SIMULATED,NORMAL
2026-06-17T17:25:01.493190+00:00,DION_001,571469,0.046335851361801544,SIMULATED,NORMAL
2026-06-17T17:25:01.503509+00:00,DION_001,571470,0.2048724529467725,SIMULATED,NORMAL
2026-06-17T17:25:01.513793+00:00,DION_001,571471,0.2634610016104099,SIMULATED,NORMAL
2026-06-17T17:25:01.524271+00:00,DION_001,571472,0.37692267083408804,SIMULATED,NORMAL
2026-06-17T17:25:01.534790+00:00,DION_001,571473,0.028039863580510666,SIMULATED,NORMAL
2026-06-17T17:25:01.545309+00:00,DION_001,571474,0.39565234579991426,SIMULATED,NORMAL
2026-06-17T17:25:01.555937+00:00,DION_001,571475,0.37243269743342833,SIMULATED,NORMAL
2026-06-17T17:25:01.566439+00:00,DION_001,571476,-0.02360101339157117,SIMULATED,NORMAL
2026-06-17T17:25:01.577005+00:00,DION_001,571477,0.6080674669912138,SIMULATED,NORMAL
2026-06-17T17:25:01.587371+00:00,DION_001,571478,0.11059464932496385,SIMULATED,NORMAL
2026-06-17T17:25:01.597983+00:00,DION_001,571479,0.27060776912538376,SIMULATED,NORMAL
2026-06-17T17:25:01.608811+00:00,DION_001,571480,0.4722699019604629,SIMULATED,NORMAL
2026-06-17T17:25:01.619195+00:00,DION_001,571481,0.3246153141426995,SIMULATED,NORMAL
2026-06-17T17:25:01.629845+00:00,DION_001,571482,-0.038818357503897616,SIMULATED,NORMAL
2026-06-17T17:25:01.640382+00:00,DION_001,571483,0.28942944890275807,SIMULATED,NORMAL
2026-06-17T17:25:01.650799+00:00,DION_001,571484,0.38816112213848836,SIMULATED,NORMAL
2026-06-17T17:25:01.661272+00:00,DION_001,571485,0.5243536956574857,SIMULATED,NORMAL
2026-06-17T17:25:01.671811+00:00,DION_001,571486,0.16485670490810755,SIMULATED,NORMAL
2026-06-17T17:25:01.682375+00:00,DION_001,571487,0.47147603483030254,SIMULATED,NORMAL
2026-06-17T17:25:01.692795+00:00,DION_001,571488,0.23566821948207325,SIMULATED,NORMAL
2026-06-17T17:25:01.703350+00:00,DION_001,571489,0.6093413627067199,SIMULATED,NORMAL
2026-06-17T17:25:01.713961+00:00,DION_001,571490,0.38253901498335174,SIMULATED,NORMAL
2026-06-17T17:25:01.724670+00:00,DION_001,571491,0.3183863775996335,SIMULATED,NORMAL
2026-06-17T17:25:01.735220+00:00,DION_001,571492,0.28776942042234493,SIMULATED,NORMAL
2026-06-17T17:25:01.745691+00:00,DION_001,571493,0.43375527678105114,SIMULATED,NORMAL
2026-06-17T17:25:01.756128+00:00,DION_001,571494,0.5685138260332475,SIMULATED,NORMAL
2026-06-17T17:25:01.766618+00:00,DION_001,571495,0.44327292299353466,SIMULATED,NORMAL
2026-06-17T17:25:01.777026+00:00,DION_001,571496,0.2975649060406405,SIMULATED,NORMAL
2026-06-17T17:25:01.787468+00:00,DION_001,571497,0.532955456116113,SIMULATED,NORMAL
2026-06-17T17:25:01.798015+00:00,DION_001,571498,0.524421371871322,SIMULATED,NORMAL
2026-06-17T17:25:01.808538+00:00,DION_001,571499,2.4490686737886223,SIMULATED,EVENT_DETECTED
2026-06-17T17:25:01.819616+00:00,DION_001,571500,0.4552639015798791,SIMULATED,NORMAL
2026-06-17T17:25:01.830130+00:00,DION_001,571501,0.5344971924354708,SIMULATED,NORMAL
2026-06-17T17:25:01.840656+00:00,DION_001,571502,0.32033868687055866,SIMULATED,NORMAL
2026-06-17T17:25:01.851115+00:00,DION_001,571503,0.38852437931267436,SIMULATED,NORMAL
2026-06-17T17:25:01.861516+00:00,DION_001,571504,0.5471060852570769,SIMULATED,NORMAL
2026-06-17T17:25:01.872004+00:00,DION_001,571505,0.6634881189571235,SIMULATED,NORMAL
2026-06-17T17:25:01.882459+00:00,DION_001,571506,0.47784099296976995,SIMULATED,NORMAL
2026-06-17T17:25:01.893026+00:00,DION_001,571507,0.6142148800887305,SIMULATED,NORMAL
2026-06-17T17:25:01.903677+00:00,DION_001,571508,0.8401024633575764,SIMULATED,NORMAL
2026-06-17T17:25:01.914258+00:00,DION_001,571509,0.5291919602430428,SIMULATED,NORMAL
2026-06-17T17:25:01.924804+00:00,DION_001,571510,0.42901133582511203,SIMULATED,NORMAL
2026-06-17T17:25:01.935448+00:00,DION_001,571511,0.7434480719084477,SIMULATED,NORMAL
2026-06-17T17:25:01.946114+00:00,DION_001,571512,0.15585869776327788,SIMULATED,NORMAL
2026-06-17T17:25:01.956774+00:00,DION_001,571513,0.14047913332103656,SIMULATED,NORMAL
2026-06-17T17:25:01.967248+00:00,DION_001,571514,0.4658135821386742,SIMULATED,NORMAL
2026-06-17T17:25:01.977854+00:00,DION_001,571515,0.5805011202321269,SIMULATED,NORMAL
2026-06-17T17:25:01.988301+00:00,DION_001,571516,0.2897047288511736,SIMULATED,NORMAL
2026-06-17T17:25:01.998714+00:00,DION_001,571517,0.10009065071557857,SIMULATED,NORMAL
2026-06-17T17:25:02.009299+00:00,DION_001,571518,0.35060278695053587,SIMULATED,NORMAL
2026-06-17T17:25:02.019760+00:00,DION_001,571519,0.00486432745829074,SIMULATED,NORMAL
2026-06-17T17:25:02.030450+00:00,DION_001,571520,0.20713210960916295,SIMULATED,NORMAL
2026-06-17T17:25:02.041196+00:00,DION_001,571521,0.08420031539111662,SIMULATED,NORMAL
2026-06-17T17:25:02.051874+00:00,DION_001,571522,-0.06914506714364307,SIMULATED,NORMAL
2026-06-17T17:25:02.062456+00:00,DION_001,571523,-0.06565856434628746,SIMULATED,NORMAL
2026-06-17T17:25:02.073228+00:00,DION_001,571524,0.027541833627213914,SIMULATED,NORMAL
2026-06-17T17:25:02.083891+00:00,DION_001,571525,-0.10258713505125938,SIMULATED,NORMAL
2026-06-17T17:25:02.094540+00:00,DION_001,571526,-0.28704315627959,SIMULATED,NORMAL
2026-06-17T17:25:02.104994+00:00,DION_001,571527,-0.15850760167704947,SIMULATED,NORMAL
2026-06-17T17:25:02.115556+00:00,DION_001,571528,0.19921881685327622,SIMULATED,NORMAL
2026-06-17T17:25:02.126030+00:00,DION_001,571529,-0.42081916927844665,SIMULATED,NORMAL
2026-06-17T17:25:02.136498+00:00,DION_001,571530,-0.27036842306126596,SIMULATED,NORMAL
2026-06-17T17:25:02.147046+00:00,DION_001,571531,-0.4677774655580748,SIMULATED,NORMAL
2026-06-17T17:25:02.157574+00:00,DION_001,571532,-0.5519704608535196,SIMULATED,NORMAL
2026-06-17T17:25:02.168071+00:00,DION_001,571533,-0.3125769991340108,SIMULATED,NORMAL
2026-06-17T17:25:02.178628+00:00,DION_001,571534,-0.626589079483586,SIMULATED,NORMAL
2026-06-17T17:25:02.189277+00:00,DION_001,571535,-0.5166133938635875,SIMULATED,NORMAL
2026-06-17T17:25:02.199691+00:00,DION_001,571536,1.7744985133483866,SIMULATED,NORMAL
2026-06-17T17:25:02.210389+00:00,DION_001,571537,-0.3292466822352674,SIMULATED,NORMAL
2026-06-17T17:25:02.220975+00:00,DION_001,571538,-0.24499646737012504,SIMULATED,NORMAL
2026-06-17T17:25:02.231532+00:00,DION_001,571539,-0.7449015283613465,SIMULATED,NORMAL
2026-06-17T17:25:02.241957+00:00,DION_001,571540,-0.6700863065030445,SIMULATED,NORMAL
2026-06-17T17:25:02.252535+00:00,DION_001,571541,-0.5840160161784799,SIMULATED,NORMAL
2026-06-17T17:25:02.263237+00:00,DION_001,571542,-0.794939814130791,SIMULATED,NORMAL
2026-06-17T17:25:02.273891+00:00,DION_001,571543,-0.8618947688820038,SIMULATED,NORMAL
2026-06-17T17:25:02.284431+00:00,DION_001,571544,-0.779287129388658,SIMULATED,NORMAL
2026-06-17T17:25:02.295043+00:00,DION_001,571545,-1.047180103738105,SIMULATED,NORMAL
2026-06-17T17:25:02.305575+00:00,DION_001,571546,-0.597034436646779,SIMULATED,NORMAL
2026-06-17T17:25:02.316048+00:00,DION_001,571547,-0.7778435266738432,SIMULATED,NORMAL
2026-06-17T17:25:02.326611+00:00,DION_001,571548,-0.9163899144442345,SIMULATED,NORMAL
2026-06-17T17:25:02.337077+00:00,DION_001,571549,-0.8354420018951983,SIMULATED,NORMAL
2026-06-17T17:25:02.347534+00:00,DION_001,571550,-1.1282564833770823,SIMULATED,NORMAL
2026-06-17T17:25:02.358155+00:00,DION_001,571551,-0.8627132576961631,SIMULATED,NORMAL
2026-06-17T17:25:02.368646+00:00,DION_001,571552,-0.5255749952843469,SIMULATED,NORMAL
2026-06-17T17:25:02.379229+00:00,DION_001,571553,-1.2143026176851632,SIMULATED,NORMAL
2026-06-17T17:25:02.389624+00:00,DION_001,571554,-0.7660069064437661,SIMULATED,NORMAL
2026-06-17T17:25:02.400210+00:00,DION_001,571555,-0.6592745771762508,SIMULATED,NORMAL
2026-06-17T17:25:02.410811+00:00,DION_001,571556,-0.9027895465270427,SIMULATED,NORMAL
2026-06-17T17:25:02.421281+00:00,DION_001,571557,-0.5152653662219839,SIMULATED,NORMAL
2026-06-17T17:25:02.431687+00:00,DION_001,571558,-0.5919335378516325,SIMULATED,NORMAL
2026-06-17T17:25:02.442212+00:00,DION_001,571559,-0.6070757886214979,SIMULATED,NORMAL
2026-06-17T17:25:02.452714+00:00,DION_001,571560,-0.7513977136015642,SIMULATED,NORMAL
2026-06-17T17:25:02.463087+00:00,DION_001,571561,-0.6511389323177994,SIMULATED,NORMAL
2026-06-17T17:25:02.473527+00:00,DION_001,571562,-0.9213642546636318,SIMULATED,NORMAL
2026-06-17T17:25:02.483990+00:00,DION_001,571563,-0.450767073567222,SIMULATED,NORMAL
2026-06-17T17:25:02.494509+00:00,DION_001,571564,-0.5299011311790389,SIMULATED,NORMAL
2026-06-17T17:25:02.504888+00:00,DION_001,571565,-0.462946945130416,SIMULATED,NORMAL
2026-06-17T17:25:02.515318+00:00,DION_001,571566,-0.30677974910211314,SIMULATED,NORMAL
2026-06-17T17:25:02.525708+00:00,DION_001,571567,-0.6604309608758538,SIMULATED,NORMAL
2026-06-17T17:25:02.536021+00:00,DION_001,571568,-0.6521035578781361,SIMULATED,NORMAL
2026-06-17T17:25:02.546644+00:00,DION_001,571569,-0.48271038352429785,SIMULATED,NORMAL
2026-06-17T17:25:02.557102+00:00,DION_001,571570,-0.5630690909500634,SIMULATED,NORMAL
2026-06-17T17:25:02.567477+00:00,DION_001,571571,-0.48487787519595343,SIMULATED,NORMAL
2026-06-17T17:25:02.577820+00:00,DION_001,571572,-0.6191193272795819,SIMULATED,NORMAL
2026-06-17T17:25:02.588080+00:00,DION_001,571573,-0.3696923792765139,SIMULATED,NORMAL
2026-06-17T17:25:02.598348+00:00,DION_001,571574,-0.5613719029503983,SIMULATED,NORMAL
2026-06-17T17:25:02.608669+00:00,DION_001,571575,-0.7335168621962644,SIMULATED,NORMAL
2026-06-17T17:25:02.618997+00:00,DION_001,571576,-0.031266173621355475,SIMULATED,NORMAL
2026-06-17T17:25:02.629425+00:00,DION_001,571577,-0.3213740787901361,SIMULATED,NORMAL
2026-06-17T17:25:02.639857+00:00,DION_001,571578,-0.18213588078795095,SIMULATED,NORMAL
2026-06-17T17:25:02.650293+00:00,DION_001,571579,-0.2132697805391593,SIMULATED,NORMAL
2026-06-17T17:25:02.660793+00:00,DION_001,571580,-0.21835115592649396,SIMULATED,NORMAL
2026-06-17T17:25:02.671293+00:00,DION_001,571581,-0.3115462510963778,SIMULATED,NORMAL
2026-06-17T17:25:02.681713+00:00,DION_001,571582,-0.6427950449828681,SIMULATED,NORMAL
2026-06-17T17:25:02.692227+00:00,DION_001,571583,-0.3353748752188665,SIMULATED,NORMAL
2026-06-17T17:25:02.702731+00:00,DION_001,571584,-0.40834601623331396,SIMULATED,NORMAL
2026-06-17T17:25:02.713103+00:00,DION_001,571585,-0.52797369795751,SIMULATED,NORMAL
2026-06-17T17:25:02.723538+00:00,DION_001,571586,-0.3786731171939488,SIMULATED,NORMAL
2026-06-17T17:25:02.733986+00:00,DION_001,571587,-0.5205401259406319,SIMULATED,NORMAL
2026-06-17T17:25:02.744463+00:00,DION_001,571588,1.184559428366608,SIMULATED,NORMAL
2026-06-17T17:25:02.755143+00:00,DION_001,571589,-0.412598906914141,SIMULATED,NORMAL
2026-06-17T17:25:02.765650+00:00,DION_001,571590,-0.31897079013478974,SIMULATED,NORMAL
2026-06-17T17:25:02.776246+00:00,DION_001,571591,-0.3636896557957533,SIMULATED,NORMAL
2026-06-17T17:25:02.786796+00:00,DION_001,571592,-0.5336764988762269,SIMULATED,NORMAL
2026-06-17T17:25:02.797282+00:00,DION_001,571593,-0.47437835942769463,SIMULATED,NORMAL
2026-06-17T17:25:02.807815+00:00,DION_001,571594,-0.4770197446507131,SIMULATED,NORMAL
2026-06-17T17:25:02.818334+00:00,DION_001,571595,-0.5552371382878006,SIMULATED,NORMAL
2026-06-17T17:25:02.828798+00:00,DION_001,571596,-0.6436845381304425,SIMULATED,NORMAL
2026-06-17T17:25:02.839357+00:00,DION_001,571597,-0.5613127265166199,SIMULATED,NORMAL
2026-06-17T17:25:02.849870+00:00,DION_001,571598,-0.5063060662191927,SIMULATED,NORMAL
2026-06-17T17:25:02.860234+00:00,DION_001,571599,-0.8689859559807942,SIMULATED,NORMAL
2026-06-17T17:25:02.870725+00:00,DION_001,571600,-0.6136282414796994,SIMULATED,NORMAL
2026-06-17T17:25:02.881224+00:00,DION_001,571601,-0.47019233501398927,SIMULATED,NORMAL
2026-06-17T17:25:02.891677+00:00,DION_001,571602,-0.9185280582107826,SIMULATED,NORMAL
2026-06-17T17:25:02.902133+00:00,DION_001,571603,-0.5870270349780169,SIMULATED,NORMAL
2026-06-17T17:25:02.912467+00:00,DION_001,571604,-0.8205163135035125,SIMULATED,NORMAL
2026-06-17T17:25:02.923033+00:00,DION_001,571605,-0.846047880346159,SIMULATED,NORMAL
2026-06-17T17:25:02.933348+00:00,DION_001,571606,-0.7277216901765593,SIMULATED,NORMAL
2026-06-17T17:25:02.943791+00:00,DION_001,571607,-0.9776302577503886,SIMULATED,NORMAL
2026-06-17T17:25:02.954246+00:00,DION_001,571608,-0.8099487003815824,SIMULATED,NORMAL
2026-06-17T17:25:02.964682+00:00,DION_001,571609,-0.904367912647241,SIMULATED,NORMAL
2026-06-17T17:25:02.975145+00:00,DION_001,571610,-1.0803173612763106,SIMULATED,NORMAL
2026-06-17T17:25:02.985641+00:00,DION_001,571611,-1.3311445406452502,SIMULATED,NORMAL
2026-06-17T17:25:02.996100+00:00,DION_001,571612,-1.1227231131758695,SIMULATED,NORMAL
2026-06-17T17:25:03.006571+00:00,DION_001,571613,-0.9931500363651956,SIMULATED,NORMAL
2026-06-17T17:25:03.017004+00:00,DION_001,571614,-1.1368611314325265,SIMULATED,NORMAL
2026-06-17T17:25:03.027547+00:00,DION_001,571615,-0.9844185914043494,SIMULATED,NORMAL
2026-06-17T17:25:03.038173+00:00,DION_001,571616,-1.02742022808734,SIMULATED,NORMAL
2026-06-17T17:25:03.048761+00:00,DION_001,571617,-1.0820275642878325,SIMULATED,NORMAL
2026-06-17T17:25:03.059200+00:00,DION_001,571618,-0.944698621176327,SIMULATED,NORMAL
2026-06-17T17:25:03.069713+00:00,DION_001,571619,-1.183030225893603,SIMULATED,NORMAL
2026-06-17T17:25:03.080201+00:00,DION_001,571620,-1.1040017948992122,SIMULATED,NORMAL
2026-06-17T17:25:03.090844+00:00,DION_001,571621,-1.1437274991467525,SIMULATED,NORMAL
2026-06-17T17:25:03.101297+00:00,DION_001,571622,-1.1627806929381401,SIMULATED,NORMAL
2026-06-17T17:25:03.111849+00:00,DION_001,571623,-1.1564232184058445,SIMULATED,NORMAL
2026-06-17T17:25:03.122287+00:00,DION_001,571624,-1.2719057928858317,SIMULATED,NORMAL
2026-06-17T17:25:03.132779+00:00,DION_001,571625,-0.8891795484259355,SIMULATED,NORMAL
2026-06-17T17:25:03.143183+00:00,DION_001,571626,-1.3990768713584567,SIMULATED,NORMAL
2026-06-17T17:25:03.153573+00:00,DION_001,571627,-1.0953065859916027,SIMULATED,NORMAL
2026-06-17T17:25:03.164213+00:00,DION_001,571628,-1.1058053802290841,SIMULATED,NORMAL
2026-06-17T17:25:03.174736+00:00,DION_001,571629,-1.2208307792864068,SIMULATED,NORMAL
2026-06-17T17:25:03.185142+00:00,DION_001,571630,-1.4639533940525755,SIMULATED,NORMAL
2026-06-17T17:25:03.195603+00:00,DION_001,571631,-1.0034262366449425,SIMULATED,NORMAL
2026-06-17T17:25:03.205965+00:00,DION_001,571632,-2.792898603749633,SIMULATED,EVENT_DETECTED
2026-06-17T17:25:03.216437+00:00,DION_001,571633,-1.4407155706762393,SIMULATED,NORMAL
2026-06-17T17:25:03.226868+00:00,DION_001,571634,-0.8014295337494393,SIMULATED,NORMAL
2026-06-17T17:25:03.237142+00:00,DION_001,571635,-1.0038158399190056,SIMULATED,NORMAL
2026-06-17T17:25:03.247688+00:00,DION_001,571636,-1.2113841000426242,SIMULATED,NORMAL
2026-06-17T17:25:03.258176+00:00,DION_001,571637,-0.7653931742966618,SIMULATED,NORMAL
2026-06-17T17:25:03.268668+00:00,DION_001,571638,-1.0707597243583886,SIMULATED,NORMAL
2026-06-17T17:25:03.279189+00:00,DION_001,571639,-0.7766594958112993,SIMULATED,NORMAL
2026-06-17T17:25:03.289760+00:00,DION_001,571640,-0.742683023651676,SIMULATED,NORMAL
2026-06-17T17:25:03.300134+00:00,DION_001,571641,-1.0897298967225986,SIMULATED,NORMAL
2026-06-17T17:25:03.310509+00:00,DION_001,571642,-0.7745333345093137,SIMULATED,NORMAL
2026-06-17T17:25:03.320849+00:00,DION_001,571643,-1.0680839430579239,SIMULATED,NORMAL
2026-06-17T17:25:03.331265+00:00,DION_001,571644,-0.9999266378614877,SIMULATED,NORMAL
2026-06-17T17:25:03.341615+00:00,DION_001,571645,-0.6457116811477027,SIMULATED,NORMAL
2026-06-17T17:25:03.352010+00:00,DION_001,571646,-0.5961952299997728,SIMULATED,NORMAL
2026-06-17T17:25:03.362484+00:00,DION_001,571647,-0.532862932972903,SIMULATED,NORMAL
2026-06-17T17:25:03.373047+00:00,DION_001,571648,-0.6580596547301771,SIMULATED,NORMAL
2026-06-17T17:25:03.383491+00:00,DION_001,571649,-0.44655706681549695,SIMULATED,NORMAL
2026-06-17T17:25:03.393905+00:00,DION_001,571650,-0.5979232473250996,SIMULATED,NORMAL
2026-06-17T17:25:03.404238+00:00,DION_001,571651,-0.601883082530005,SIMULATED,NORMAL
2026-06-17T17:25:03.414595+00:00,DION_001,571652,-0.29164837432719803,SIMULATED,NORMAL
2026-06-17T17:25:03.425178+00:00,DION_001,571653,-0.36915079258997147,SIMULATED,NORMAL
2026-06-17T17:25:03.435600+00:00,DION_001,571654,-0.4616795830093031,SIMULATED,NORMAL
2026-06-17T17:25:03.446118+00:00,DION_001,571655,-0.5800172175572245,SIMULATED,NORMAL
2026-06-17T17:25:03.456674+00:00,DION_001,571656,-0.34580287238041074,SIMULATED,NORMAL
2026-06-17T17:25:03.467145+00:00,DION_001,571657,-0.25862299615101353,SIMULATED,NORMAL
2026-06-17T17:25:03.477723+00:00,DION_001,571658,0.06950938466155665,SIMULATED,NORMAL
2026-06-17T17:25:03.488268+00:00,DION_001,571659,-0.09551577903775002,SIMULATED,NORMAL
2026-06-17T17:25:03.498556+00:00,DION_001,571660,-0.4206809599686443,SIMULATED,NORMAL
2026-06-17T17:25:03.508896+00:00,DION_001,571661,-0.14633914721775654,SIMULATED,NORMAL
2026-06-17T17:25:03.519278+00:00,DION_001,571662,-0.09788507514077041,SIMULATED,NORMAL
2026-06-17T17:25:03.529600+00:00,DION_001,571663,-0.05772483147885646,SIMULATED,NORMAL
2026-06-17T17:25:03.540074+00:00,DION_001,571664,-0.21169790207164713,SIMULATED,NORMAL
2026-06-17T17:25:03.550443+00:00,DION_001,571665,0.04986361363564509,SIMULATED,NORMAL
2026-06-17T17:25:03.560998+00:00,DION_001,571666,-0.36439264106423497,SIMULATED,NORMAL
2026-06-17T17:25:03.571375+00:00,DION_001,571667,0.029368216748402176,SIMULATED,NORMAL
2026-06-17T17:25:03.581812+00:00,DION_001,571668,-0.04170988455379761,SIMULATED,NORMAL
2026-06-17T17:25:03.592232+00:00,DION_001,571669,-0.15143260632933891,SIMULATED,NORMAL
2026-06-17T17:25:03.602624+00:00,DION_001,571670,-0.05479837139692671,SIMULATED,NORMAL
2026-06-17T17:25:03.613026+00:00,DION_001,571671,-0.2817264865478295,SIMULATED,NORMAL
2026-06-17T17:25:03.623390+00:00,DION_001,571672,-0.10344784412380315,SIMULATED,NORMAL
2026-06-17T17:25:03.633720+00:00,DION_001,571673,0.09008047030825655,SIMULATED,NORMAL
2026-06-17T17:25:03.644215+00:00,DION_001,571674,-0.24939213599740073,SIMULATED,NORMAL
2026-06-17T17:25:03.654913+00:00,DION_001,571675,-0.031697418200792735,SIMULATED,NORMAL
2026-06-17T17:25:03.665281+00:00,DION_001,571676,-0.10250009832881686,SIMULATED,NORMAL
2026-06-17T17:25:03.675512+00:00,DION_001,571677,-0.09802456560475918,SIMULATED,NORMAL
2026-06-17T17:25:03.685735+00:00,DION_001,571678,-0.21427744260141882,SIMULATED,NORMAL
2026-06-17T17:25:03.695996+00:00,DION_001,571679,-0.10418649527150839,SIMULATED,NORMAL
2026-06-17T17:25:03.706194+00:00,DION_001,571680,-0.024549923732167495,SIMULATED,NORMAL
2026-06-17T17:25:03.716409+00:00,DION_001,571681,-0.11173004180009632,SIMULATED,NORMAL
2026-06-17T17:25:03.726769+00:00,DION_001,571682,-0.16185791868051835,SIMULATED,NORMAL
2026-06-17T17:25:03.737017+00:00,DION_001,571683,-0.3611711037072372,SIMULATED,NORMAL
2026-06-17T17:25:03.747317+00:00,DION_001,571684,-0.27736817905545985,SIMULATED,NORMAL
2026-06-17T17:25:03.757695+00:00,DION_001,571685,-0.507009322561722,SIMULATED,NORMAL
2026-06-17T17:25:03.767951+00:00,DION_001,571686,-0.24048371110424765,SIMULATED,NORMAL
2026-06-17T17:25:03.778279+00:00,DION_001,571687,-0.3168973901825817,SIMULATED,NORMAL
2026-06-17T17:25:03.788686+00:00,DION_001,571688,-0.4948473060161972,SIMULATED,NORMAL
2026-06-17T17:25:03.799005+00:00,DION_001,571689,-0.32970052256681154,SIMULATED,NORMAL
2026-06-17T17:25:03.809339+00:00,DION_001,571690,-0.8000257182769179,SIMULATED,NORMAL
2026-06-17T17:25:03.819707+00:00,DION_001,571691,-0.27367223788307415,SIMULATED,NORMAL
2026-06-17T17:25:03.830236+00:00,DION_001,571692,-0.20498307333732727,SIMULATED,NORMAL
2026-06-17T17:25:03.841140+00:00,DION_001,571693,-0.3666257074256333,SIMULATED,NORMAL
2026-06-17T17:25:03.851797+00:00,DION_001,571694,-0.8359036178514694,SIMULATED,NORMAL
2026-06-17T17:25:03.862281+00:00,DION_001,571695,-0.18530012418871766,SIMULATED,NORMAL
2026-06-17T17:25:03.872862+00:00,DION_001,571696,-0.2581621307235431,SIMULATED,NORMAL
2026-06-17T17:25:03.883413+00:00,DION_001,571697,-0.6225196579509379,SIMULATED,NORMAL
2026-06-17T17:25:03.894057+00:00,DION_001,571698,-0.2747392229324551,SIMULATED,NORMAL
2026-06-17T17:25:03.904623+00:00,DION_001,571699,-0.5475268113325045,SIMULATED,NORMAL
2026-06-17T17:25:03.915162+00:00,DION_001,571700,-0.33083373034311536,SIMULATED,NORMAL
2026-06-17T17:25:03.925798+00:00,DION_001,571701,-0.49309795049404187,SIMULATED,NORMAL
2026-06-17T17:25:03.936255+00:00,DION_001,571702,-0.27380703325585315,SIMULATED,NORMAL
2026-06-17T17:25:03.946837+00:00,DION_001,571703,-0.3263407285927989,SIMULATED,NORMAL
2026-06-17T17:25:03.957423+00:00,DION_001,571704,-0.49322759720777415,SIMULATED,NORMAL
2026-06-17T17:25:03.967978+00:00,DION_001,571705,-0.7144674956182446,SIMULATED,NORMAL
2026-06-17T17:25:03.978450+00:00,DION_001,571706,-0.43333559453470744,SIMULATED,NORMAL
2026-06-17T17:25:03.989027+00:00,DION_001,571707,-0.5521345604117623,SIMULATED,NORMAL
2026-06-17T17:25:03.999710+00:00,DION_001,571708,-0.3937002645144396,SIMULATED,NORMAL
2026-06-17T17:25:04.010177+00:00,DION_001,571709,-0.21523549104174747,SIMULATED,NORMAL
2026-06-17T17:25:04.020882+00:00,DION_001,571710,-0.2963348318267749,SIMULATED,NORMAL
2026-06-17T17:25:04.031257+00:00,DION_001,571711,-0.22363457274457516,SIMULATED,NORMAL
2026-06-17T17:25:04.041634+00:00,DION_001,571712,-0.07981924363613996,SIMULATED,NORMAL
2026-06-17T17:25:04.052092+00:00,DION_001,571713,-0.19979339846770375,SIMULATED,NORMAL
2026-06-17T17:25:04.062647+00:00,DION_001,571714,-0.11638186600317917,SIMULATED,NORMAL
2026-06-17T17:25:04.073066+00:00,DION_001,571715,-0.2251162487440896,SIMULATED,NORMAL
2026-06-17T17:25:04.083549+00:00,DION_001,571716,-0.27474504455683624,SIMULATED,NORMAL
2026-06-17T17:25:04.094025+00:00,DION_001,571717,-0.21001840416059472,SIMULATED,NORMAL
2026-06-17T17:25:04.104391+00:00,DION_001,571718,0.10570443984315159,SIMULATED,NORMAL
2026-06-17T17:25:04.114906+00:00,DION_001,571719,0.09950368559792008,SIMULATED,NORMAL
2026-06-17T17:25:04.125408+00:00,DION_001,571720,0.0681484298326949,SIMULATED,NORMAL
2026-06-17T17:25:04.135960+00:00,DION_001,571721,0.1676110273290944,SIMULATED,NORMAL
2026-06-17T17:25:04.146425+00:00,DION_001,571722,0.3656141520985483,SIMULATED,NORMAL
2026-06-17T17:25:04.156916+00:00,DION_001,571723,0.013315944410441732,SIMULATED,NORMAL
2026-06-17T17:25:04.167462+00:00,DION_001,571724,0.6238351349796323,SIMULATED,NORMAL
2026-06-17T17:25:04.178048+00:00,DION_001,571725,0.3169077139320482,SIMULATED,NORMAL
2026-06-17T17:25:04.188672+00:00,DION_001,571726,0.12800234387413603,SIMULATED,NORMAL
2026-06-17T17:25:04.199232+00:00,DION_001,571727,0.7211535289035356,SIMULATED,NORMAL
2026-06-17T17:25:04.209818+00:00,DION_001,571728,0.5771877382548973,SIMULATED,NORMAL
2026-06-17T17:25:04.220509+00:00,DION_001,571729,0.4536869061947894,SIMULATED,NORMAL
2026-06-17T17:25:04.231315+00:00,DION_001,571730,0.5092932028544304,SIMULATED,NORMAL
2026-06-17T17:25:04.241902+00:00,DION_001,571731,0.5271842058123858,SIMULATED,NORMAL
2026-06-17T17:25:04.252384+00:00,DION_001,571732,0.3547760940696566,SIMULATED,NORMAL
2026-06-17T17:25:04.263097+00:00,DION_001,571733,0.5497372422864276,SIMULATED,NORMAL
2026-06-17T17:25:04.273748+00:00,DION_001,571734,0.41008746644812444,SIMULATED,NORMAL
2026-06-17T17:25:04.284332+00:00,DION_001,571735,0.5262737562485604,SIMULATED,NORMAL
2026-06-17T17:25:04.294986+00:00,DION_001,571736,0.7946981357073298,SIMULATED,NORMAL
2026-06-17T17:25:04.305703+00:00,DION_001,571737,0.6481133492102047,SIMULATED,NORMAL
2026-06-17T17:25:04.316148+00:00,DION_001,571738,0.9753768070559006,SIMULATED,NORMAL
2026-06-17T17:25:04.326670+00:00,DION_001,571739,1.0192832732034418,SIMULATED,NORMAL
2026-06-17T17:25:04.337132+00:00,DION_001,571740,0.6613927420037609,SIMULATED,NORMAL
2026-06-17T17:25:04.347830+00:00,DION_001,571741,0.8281271203207543,SIMULATED,NORMAL
2026-06-17T17:25:04.358498+00:00,DION_001,571742,0.9569282863313554,SIMULATED,NORMAL
2026-06-17T17:25:04.368983+00:00,DION_001,571743,0.8355841590581637,SIMULATED,NORMAL
2026-06-17T17:25:04.379424+00:00,DION_001,571744,0.8429678298620036,SIMULATED,NORMAL
2026-06-17T17:25:04.389948+00:00,DION_001,571745,0.7498873270540268,SIMULATED,NORMAL
2026-06-17T17:25:04.400495+00:00,DION_001,571746,1.0671859125720446,SIMULATED,NORMAL
2026-06-17T17:25:04.411051+00:00,DION_001,571747,2.0630735342675095,SIMULATED,EVENT_DETECTED
2026-06-17T17:25:04.421948+00:00,DION_001,571748,1.0877883176780987,SIMULATED,NORMAL
2026-06-17T17:25:04.432417+00:00,DION_001,571749,0.9563379434207067,SIMULATED,NORMAL
2026-06-17T17:25:04.443052+00:00,DION_001,571750,0.7414999921229071,SIMULATED,NORMAL
2026-06-17T17:25:04.453471+00:00,DION_001,571751,0.7422119956529685,SIMULATED,NORMAL
2026-06-17T17:25:04.463980+00:00,DION_001,571752,0.9483337785738231,SIMULATED,NORMAL
2026-06-17T17:25:04.474501+00:00,DION_001,571753,0.8748912670918586,SIMULATED,NORMAL
2026-06-17T17:25:04.484987+00:00,DION_001,571754,1.0846057880815478,SIMULATED,NORMAL
2026-06-17T17:25:04.495516+00:00,DION_001,571755,1.0833386477158466,SIMULATED,NORMAL
2026-06-17T17:25:04.506151+00:00,DION_001,571756,1.1385769577688232,SIMULATED,NORMAL
2026-06-17T17:25:04.516666+00:00,DION_001,571757,0.39796745166823994,SIMULATED,NORMAL
2026-06-17T17:25:04.527212+00:00,DION_001,571758,0.8559288805207735,SIMULATED,NORMAL
2026-06-17T17:25:04.537706+00:00,DION_001,571759,0.7674931189646165,SIMULATED,NORMAL
2026-06-17T17:25:04.548243+00:00,DION_001,571760,0.6940696394698732,SIMULATED,NORMAL
2026-06-17T17:25:04.558718+00:00,DION_001,571761,0.45687014146397853,SIMULATED,NORMAL
2026-06-17T17:25:04.569214+00:00,DION_001,571762,0.8638579069393388,SIMULATED,NORMAL
2026-06-17T17:25:04.579660+00:00,DION_001,571763,0.8103583577306772,SIMULATED,NORMAL
2026-06-17T17:25:04.590170+00:00,DION_001,571764,0.6007708825414495,SIMULATED,NORMAL
2026-06-17T17:25:04.600863+00:00,DION_001,571765,0.8919522761301313,SIMULATED,NORMAL
2026-06-17T17:25:04.611367+00:00,DION_001,571766,0.9116613189016658,SIMULATED,NORMAL
2026-06-17T17:25:04.621782+00:00,DION_001,571767,0.42519160554301133,SIMULATED,NORMAL
2026-06-17T17:25:04.632149+00:00,DION_001,571768,0.4356576108696202,SIMULATED,NORMAL
2026-06-17T17:25:04.642672+00:00,DION_001,571769,0.511560969743001,SIMULATED,NORMAL
2026-06-17T17:25:04.653148+00:00,DION_001,571770,0.3024314499784566,SIMULATED,NORMAL
2026-06-17T17:25:04.663842+00:00,DION_001,571771,0.31129900347822614,SIMULATED,NORMAL
2026-06-17T17:25:04.674430+00:00,DION_001,571772,0.5922201775496112,SIMULATED,NORMAL
2026-06-17T17:25:04.684857+00:00,DION_001,571773,0.47816473897278206,SIMULATED,NORMAL
2026-06-17T17:25:04.695222+00:00,DION_001,571774,0.5607006991227943,SIMULATED,NORMAL
2026-06-17T17:25:04.705557+00:00,DION_001,571775,0.6431816540264841,SIMULATED,NORMAL
2026-06-17T17:25:04.715935+00:00,DION_001,571776,0.228267221365674,SIMULATED,NORMAL
2026-06-17T17:25:04.726484+00:00,DION_001,571777,0.6816461629120816,SIMULATED,NORMAL
2026-06-17T17:25:04.736944+00:00,DION_001,571778,0.16337873205054185,SIMULATED,NORMAL
2026-06-17T17:25:04.747408+00:00,DION_001,571779,0.40540396871014117,SIMULATED,NORMAL
2026-06-17T17:25:04.757602+00:00,DION_001,571780,0.3831726382966092,SIMULATED,NORMAL
2026-06-17T17:25:04.767750+00:00,DION_001,571781,0.3977764854067456,SIMULATED,NORMAL
2026-06-17T17:25:04.777960+00:00,DION_001,571782,0.5325588602583595,SIMULATED,NORMAL
2026-06-17T17:25:04.788098+00:00,DION_001,571783,0.6168762600693559,SIMULATED,NORMAL
2026-06-17T17:25:04.798310+00:00,DION_001,571784,0.49479336536022156,SIMULATED,NORMAL
2026-06-17T17:25:04.808453+00:00,DION_001,571785,0.010886989951541193,SIMULATED,NORMAL
2026-06-17T17:25:04.818815+00:00,DION_001,571786,0.3125196497730061,SIMULATED,NORMAL
2026-06-17T17:25:04.829358+00:00,DION_001,571787,0.4870362695451604,SIMULATED,NORMAL
2026-06-17T17:25:04.839904+00:00,DION_001,571788,0.4727363400678993,SIMULATED,NORMAL
2026-06-17T17:25:04.850389+00:00,DION_001,571789,0.5433956630744942,SIMULATED,NORMAL
2026-06-17T17:25:04.860826+00:00,DION_001,571790,0.6420556248671498,SIMULATED,NORMAL
2026-06-17T17:25:04.871448+00:00,DION_001,571791,0.3054960355051737,SIMULATED,NORMAL
2026-06-17T17:25:04.882113+00:00,DION_001,571792,0.20526494678465818,SIMULATED,NORMAL
2026-06-17T17:25:04.892691+00:00,DION_001,571793,0.4581317481703585,SIMULATED,NORMAL
2026-06-17T17:25:04.903183+00:00,DION_001,571794,0.4887972384483411,SIMULATED,NORMAL
2026-06-17T17:25:04.913736+00:00,DION_001,571795,0.7821994072645727,SIMULATED,NORMAL
2026-06-17T17:25:04.924291+00:00,DION_001,571796,0.6741157365904893,SIMULATED,NORMAL
2026-06-17T17:25:04.934905+00:00,DION_001,571797,0.4451314276385516,SIMULATED,NORMAL
2026-06-17T17:25:04.945592+00:00,DION_001,571798,0.580622498025328,SIMULATED,NORMAL
2026-06-17T17:25:04.956137+00:00,DION_001,571799,0.5962890573480262,SIMULATED,NORMAL
2026-06-17T17:25:04.966657+00:00,DION_001,571800,0.4865255302417413,SIMULATED,NORMAL
2026-06-17T17:25:04.977185+00:00,DION_001,571801,0.7723107258233588,SIMULATED,NORMAL
2026-06-17T17:25:04.987809+00:00,DION_001,571802,0.8664511321372237,SIMULATED,NORMAL
2026-06-17T17:25:04.998289+00:00,DION_001,571803,0.8450445221678804,SIMULATED,NORMAL
2026-06-17T17:25:05.008841+00:00,DION_001,571804,0.7434476061904408,SIMULATED,NORMAL
2026-06-17T17:25:05.019425+00:00,DION_001,571805,0.983054823961538,SIMULATED,NORMAL
2026-06-17T17:25:05.030024+00:00,DION_001,571806,0.4931809286581297,SIMULATED,NORMAL
2026-06-17T17:25:05.040542+00:00,DION_001,571807,0.6632913286314805,SIMULATED,NORMAL
2026-06-17T17:25:05.051127+00:00,DION_001,571808,0.7526837236866186,SIMULATED,NORMAL
2026-06-17T17:25:05.061677+00:00,DION_001,571809,0.9379470417177016,SIMULATED,NORMAL
2026-06-17T17:25:05.072339+00:00,DION_001,571810,1.0648653680517863,SIMULATED,NORMAL
2026-06-17T17:25:05.082970+00:00,DION_001,571811,0.8513922348458136,SIMULATED,NORMAL
2026-06-17T17:25:05.093589+00:00,DION_001,571812,1.0955305427108213,SIMULATED,NORMAL
2026-06-17T17:25:05.104161+00:00,DION_001,571813,1.054127814560441,SIMULATED,NORMAL
2026-06-17T17:25:05.114613+00:00,DION_001,571814,1.120197555777177,SIMULATED,NORMAL
2026-06-17T17:25:05.125231+00:00,DION_001,571815,1.0737627020870744,SIMULATED,NORMAL
2026-06-17T17:25:05.135640+00:00,DION_001,571816,1.313417604111315,SIMULATED,NORMAL
2026-06-17T17:25:05.146207+00:00,DION_001,571817,1.356789978621247,SIMULATED,NORMAL
2026-06-17T17:25:05.156735+00:00,DION_001,571818,1.3330075309238236,SIMULATED,NORMAL
2026-06-17T17:25:05.167308+00:00,DION_001,571819,1.2007326941790855,SIMULATED,NORMAL
2026-06-17T17:25:05.177870+00:00,DION_001,571820,1.1315064794982632,SIMULATED,NORMAL
2026-06-17T17:25:05.188667+00:00,DION_001,571821,1.1145099182036373,SIMULATED,NORMAL
2026-06-17T17:25:05.199395+00:00,DION_001,571822,1.3583468446290876,SIMULATED,NORMAL
2026-06-17T17:25:05.210154+00:00,DION_001,571823,1.4827572098154707,SIMULATED,NORMAL
2026-06-17T17:25:05.220681+00:00,DION_001,571824,0.8944549860765543,SIMULATED,NORMAL
2026-06-17T17:25:05.231405+00:00,DION_001,571825,1.1608842895352698,SIMULATED,NORMAL
2026-06-17T17:25:05.242067+00:00,DION_001,571826,1.0996928934021912,SIMULATED,NORMAL
2026-06-17T17:25:05.252529+00:00,DION_001,571827,1.027138585683486,SIMULATED,NORMAL
2026-06-17T17:25:05.263171+00:00,DION_001,571828,1.1062919417335857,SIMULATED,NORMAL
2026-06-17T17:25:05.273656+00:00,DION_001,571829,1.1119935840372477,SIMULATED,NORMAL
2026-06-17T17:25:05.284179+00:00,DION_001,571830,1.1286835666072403,SIMULATED,NORMAL
2026-06-17T17:25:05.294747+00:00,DION_001,571831,0.8120087397997121,SIMULATED,NORMAL
2026-06-17T17:25:05.305225+00:00,DION_001,571832,1.0956109379489947,SIMULATED,NORMAL
2026-06-17T17:25:05.315677+00:00,DION_001,571833,1.153338708693089,SIMULATED,NORMAL
2026-06-17T17:25:05.326144+00:00,DION_001,571834,0.9203813512214997,SIMULATED,NORMAL
2026-06-17T17:25:05.336541+00:00,DION_001,571835,0.6903567732278981,SIMULATED,NORMAL
2026-06-17T17:25:05.347066+00:00,DION_001,571836,0.9007962514777232,SIMULATED,NORMAL
2026-06-17T17:25:05.357577+00:00,DION_001,571837,0.6338452985388303,SIMULATED,NORMAL
2026-06-17T17:25:05.367908+00:00,DION_001,571838,0.8386014974440393,SIMULATED,NORMAL
2026-06-17T17:25:05.378213+00:00,DION_001,571839,0.6903596606099291,SIMULATED,NORMAL
2026-06-17T17:25:05.388683+00:00,DION_001,571840,0.7569745006623074,SIMULATED,NORMAL
2026-06-17T17:25:05.399151+00:00,DION_001,571841,0.8807277830756405,SIMULATED,NORMAL
2026-06-17T17:25:05.409752+00:00,DION_001,571842,-1.6706504741735768,SIMULATED,NORMAL
2026-06-17T17:25:05.420402+00:00,DION_001,571843,0.6530255476359973,SIMULATED,NORMAL
2026-06-17T17:25:05.430911+00:00,DION_001,571844,0.7509937964311012,SIMULATED,NORMAL
2026-06-17T17:25:05.441494+00:00,DION_001,571845,0.5387955680376624,SIMULATED,NORMAL
2026-06-17T17:25:05.452077+00:00,DION_001,571846,0.41785118946900374,SIMULATED,NORMAL
2026-06-17T17:25:05.462561+00:00,DION_001,571847,0.19154280443285998,SIMULATED,NORMAL
2026-06-17T17:25:05.473064+00:00,DION_001,571848,0.39472065056466715,SIMULATED,NORMAL
2026-06-17T17:25:05.483502+00:00,DION_001,571849,0.17335684385386999,SIMULATED,NORMAL
2026-06-17T17:25:05.493961+00:00,DION_001,571850,0.5773985418589922,SIMULATED,NORMAL
2026-06-17T17:25:05.504399+00:00,DION_001,571851,0.12090217498038339,SIMULATED,NORMAL
2026-06-17T17:25:05.515088+00:00,DION_001,571852,0.5093089313682617,SIMULATED,NORMAL
2026-06-17T17:25:05.525417+00:00,DION_001,571853,0.17510094556784833,SIMULATED,NORMAL
2026-06-17T17:25:05.535811+00:00,DION_001,571854,0.2162694803477524,SIMULATED,NORMAL
2026-06-17T17:25:05.546343+00:00,DION_001,571855,0.32071630843284227,SIMULATED,NORMAL
2026-06-17T17:25:05.556895+00:00,DION_001,571856,0.007997931552022247,SIMULATED,NORMAL
2026-06-17T17:25:05.567411+00:00,DION_001,571857,0.15783354688156917,SIMULATED,NORMAL
2026-06-17T17:25:05.578058+00:00,DION_001,571858,0.12632709844882611,SIMULATED,NORMAL
2026-06-17T17:25:05.588694+00:00,DION_001,571859,0.10434504660359264,SIMULATED,NORMAL
2026-06-17T17:25:05.599213+00:00,DION_001,571860,-0.1595248270684889,SIMULATED,NORMAL
2026-06-17T17:25:05.609612+00:00,DION_001,571861,0.02245316662352565,SIMULATED,NORMAL
2026-06-17T17:25:05.620011+00:00,DION_001,571862,-0.16203818543874857,SIMULATED,NORMAL
2026-06-17T17:25:05.630381+00:00,DION_001,571863,0.11002995546958697,SIMULATED,NORMAL
2026-06-17T17:25:05.640895+00:00,DION_001,571864,0.11938469110139983,SIMULATED,NORMAL
2026-06-17T17:25:05.651270+00:00,DION_001,571865,0.3243344800195236,SIMULATED,NORMAL
2026-06-17T17:25:05.661719+00:00,DION_001,571866,0.314760128980623,SIMULATED,NORMAL
2026-06-17T17:25:05.672277+00:00,DION_001,571867,-0.028731263596774317,SIMULATED,NORMAL
2026-06-17T17:25:05.682696+00:00,DION_001,571868,0.3684929263664717,SIMULATED,NORMAL
2026-06-17T17:25:05.693219+00:00,DION_001,571869,0.22808956118153054,SIMULATED,NORMAL
2026-06-17T17:25:05.703649+00:00,DION_001,571870,-0.10105252127551576,SIMULATED,NORMAL
2026-06-17T17:25:05.714046+00:00,DION_001,571871,0.045184557404120015,SIMULATED,NORMAL
2026-06-17T17:25:05.724460+00:00,DION_001,571872,0.08236579490483589,SIMULATED,NORMAL
2026-06-17T17:25:05.734928+00:00,DION_001,571873,0.0436162379718171,SIMULATED,NORMAL
2026-06-17T17:25:05.745431+00:00,DION_001,571874,-0.09146306277932081,SIMULATED,NORMAL
2026-06-17T17:25:05.755909+00:00,DION_001,571875,0.21278791959787452,SIMULATED,NORMAL
2026-06-17T17:25:05.766322+00:00,DION_001,571876,0.20382041974325837,SIMULATED,NORMAL
2026-06-17T17:25:05.776740+00:00,DION_001,571877,-0.015598124599109697,SIMULATED,NORMAL
2026-06-17T17:25:05.787045+00:00,DION_001,571878,0.18554951836821262,SIMULATED,NORMAL
2026-06-17T17:25:05.797350+00:00,DION_001,571879,-0.0028820577260987856,SIMULATED,NORMAL
2026-06-17T17:25:05.807793+00:00,DION_001,571880,0.4584034878978488,SIMULATED,NORMAL
2026-06-17T17:25:05.818219+00:00,DION_001,571881,0.0634700273751331,SIMULATED,NORMAL
2026-06-17T17:25:05.828647+00:00,DION_001,571882,0.21239144039735836,SIMULATED,NORMAL
2026-06-17T17:25:05.838977+00:00,DION_001,571883,0.11657979794162283,SIMULATED,NORMAL
2026-06-17T17:25:05.849278+00:00,DION_001,571884,0.21689473221190525,SIMULATED,NORMAL
2026-06-17T17:25:05.859489+00:00,DION_001,571885,-0.010507390281474738,SIMULATED,NORMAL
2026-06-17T17:25:05.869697+00:00,DION_001,571886,0.3018207339278498,SIMULATED,NORMAL
2026-06-17T17:25:05.879896+00:00,DION_001,571887,0.4551619197566812,SIMULATED,NORMAL
2026-06-17T17:25:05.890235+00:00,DION_001,571888,0.15288551231753225,SIMULATED,NORMAL
2026-06-17T17:25:05.900500+00:00,DION_001,571889,0.22192533581397783,SIMULATED,NORMAL
2026-06-17T17:25:05.910896+00:00,DION_001,571890,0.184760031428079,SIMULATED,NORMAL
2026-06-17T17:25:05.921341+00:00,DION_001,571891,0.21176393936503202,SIMULATED,NORMAL
2026-06-17T17:25:05.931763+00:00,DION_001,571892,0.4290443268111386,SIMULATED,NORMAL
2026-06-17T17:25:05.942139+00:00,DION_001,571893,0.4797279866845004,SIMULATED,NORMAL
2026-06-17T17:25:05.952618+00:00,DION_001,571894,0.11312374622053983,SIMULATED,NORMAL
2026-06-17T17:25:05.963005+00:00,DION_001,571895,0.255033736910669,SIMULATED,NORMAL
2026-06-17T17:25:05.973253+00:00,DION_001,571896,0.5583296779385587,SIMULATED,NORMAL
2026-06-17T17:25:05.983511+00:00,DION_001,571897,0.5013271861299544,SIMULATED,NORMAL
2026-06-17T17:25:05.993858+00:00,DION_001,571898,0.3204825554527976,SIMULATED,NORMAL
2026-06-17T17:25:06.004208+00:00,DION_001,571899,0.45417865317127026,SIMULATED,NORMAL
2026-06-17T17:25:06.014769+00:00,DION_001,571900,0.31841975670188494,SIMULATED,NORMAL
2026-06-17T17:25:06.025141+00:00,DION_001,571901,0.570953963849407,SIMULATED,NORMAL
2026-06-17T17:25:06.035601+00:00,DION_001,571902,0.482395774172961,SIMULATED,NORMAL
2026-06-17T17:25:06.046084+00:00,DION_001,571903,0.36190872947948144,SIMULATED,NORMAL
2026-06-17T17:25:06.056678+00:00,DION_001,571904,0.388417413784753,SIMULATED,NORMAL
2026-06-17T17:25:06.067178+00:00,DION_001,571905,0.3529227530619717,SIMULATED,NORMAL
2026-06-17T17:25:06.077525+00:00,DION_001,571906,0.4361856715859822,SIMULATED,NORMAL
2026-06-17T17:25:06.087916+00:00,DION_001,571907,0.1438237025912781,SIMULATED,NORMAL
2026-06-17T17:25:06.098077+00:00,DION_001,571908,-0.21761351007851326,SIMULATED,NORMAL
2026-06-17T17:25:06.108241+00:00,DION_001,571909,0.19789102852189955,SIMULATED,NORMAL
2026-06-17T17:25:06.118416+00:00,DION_001,571910,0.05880095560545917,SIMULATED,NORMAL
2026-06-17T17:25:06.128631+00:00,DION_001,571911,0.5026323503001822,SIMULATED,NORMAL
2026-06-17T17:25:06.138808+00:00,DION_001,571912,0.31628193741346183,SIMULATED,NORMAL
2026-06-17T17:25:06.149052+00:00,DION_001,571913,-0.023505653203316934,SIMULATED,NORMAL
2026-06-17T17:25:06.159589+00:00,DION_001,571914,0.28469777384288275,SIMULATED,NORMAL
2026-06-17T17:25:06.170106+00:00,DION_001,571915,-0.18525450051631487,SIMULATED,NORMAL
2026-06-17T17:25:06.180655+00:00,DION_001,571916,0.05629988624157685,SIMULATED,NORMAL
2026-06-17T17:25:06.191159+00:00,DION_001,571917,-0.15051184519790423,SIMULATED,NORMAL
2026-06-17T17:25:06.201674+00:00,DION_001,571918,-0.02094181085608833,SIMULATED,NORMAL
2026-06-17T17:25:06.212006+00:00,DION_001,571919,-0.12231169815263235,SIMULATED,NORMAL
2026-06-17T17:25:06.222436+00:00,DION_001,571920,-0.4547144904513368,SIMULATED,NORMAL
2026-06-17T17:25:06.232937+00:00,DION_001,571921,-0.2894267812663704,SIMULATED,NORMAL
2026-06-17T17:25:06.243483+00:00,DION_001,571922,-0.017232186934069638,SIMULATED,NORMAL
2026-06-17T17:25:06.253985+00:00,DION_001,571923,-0.6114467045996217,SIMULATED,NORMAL
2026-06-17T17:25:06.264431+00:00,DION_001,571924,-0.34450424480658415,SIMULATED,NORMAL
2026-06-17T17:25:06.275041+00:00,DION_001,571925,-0.13677566397705265,SIMULATED,NORMAL
2026-06-17T17:25:06.285444+00:00,DION_001,571926,-0.6763351179178874,SIMULATED,NORMAL
2026-06-17T17:25:06.296005+00:00,DION_001,571927,-0.6242666753461641,SIMULATED,NORMAL
2026-06-17T17:25:06.306458+00:00,DION_001,571928,-0.622291679193425,SIMULATED,NORMAL
2026-06-17T17:25:06.316964+00:00,DION_001,571929,-0.7486646400995064,SIMULATED,NORMAL
2026-06-17T17:25:06.327388+00:00,DION_001,571930,-0.6918084631969206,SIMULATED,NORMAL
2026-06-17T17:25:06.337857+00:00,DION_001,571931,-0.8376556529225915,SIMULATED,NORMAL
2026-06-17T17:25:06.348440+00:00,DION_001,571932,-0.7856020813212313,SIMULATED,NORMAL
2026-06-17T17:25:06.359122+00:00,DION_001,571933,-0.6510334306502105,SIMULATED,NORMAL
2026-06-17T17:25:06.369553+00:00,DION_001,571934,-0.9011546437693654,SIMULATED,NORMAL
2026-06-17T17:25:06.380344+00:00,DION_001,571935,-0.7901232705167704,SIMULATED,NORMAL
2026-06-17T17:25:06.391181+00:00,DION_001,571936,-0.8940886474205914,SIMULATED,NORMAL
2026-06-17T17:25:06.401670+00:00,DION_001,571937,-0.7714866391968469,SIMULATED,NORMAL
2026-06-17T17:25:06.411996+00:00,DION_001,571938,-0.7873210226827148,SIMULATED,NORMAL
2026-06-17T17:25:06.422363+00:00,DION_001,571939,-0.7824915686192948,SIMULATED,NORMAL
2026-06-17T17:25:06.432784+00:00,DION_001,571940,-0.9335506010651009,SIMULATED,NORMAL
2026-06-17T17:25:06.443133+00:00,DION_001,571941,-0.9295696222833327,SIMULATED,NORMAL
2026-06-17T17:25:06.453449+00:00,DION_001,571942,-0.9911407997351175,SIMULATED,NORMAL
2026-06-17T17:25:06.463914+00:00,DION_001,571943,-1.0437602051635393,SIMULATED,NORMAL
2026-06-17T17:25:06.474330+00:00,DION_001,571944,-0.7354047386290515,SIMULATED,NORMAL
2026-06-17T17:25:06.484700+00:00,DION_001,571945,-0.9376664029397503,SIMULATED,NORMAL
2026-06-17T17:25:06.494981+00:00,DION_001,571946,-1.0149243769500986,SIMULATED,NORMAL
2026-06-17T17:25:06.505246+00:00,DION_001,571947,-0.8643637535468855,SIMULATED,NORMAL
2026-06-17T17:25:06.515575+00:00,DION_001,571948,-1.2437891764528148,SIMULATED,NORMAL
2026-06-17T17:25:06.525887+00:00,DION_001,571949,-1.0379469572688362,SIMULATED,NORMAL
2026-06-17T17:25:06.536231+00:00,DION_001,571950,-0.7657607618351732,SIMULATED,NORMAL
2026-06-17T17:25:06.546541+00:00,DION_001,571951,-0.7512119348915617,SIMULATED,NORMAL
2026-06-17T17:25:06.556992+00:00,DION_001,571952,1.591238987731121,SIMULATED,NORMAL
2026-06-17T17:25:06.567564+00:00,DION_001,571953,-0.7477842386405834,SIMULATED,NORMAL
2026-06-17T17:25:06.578028+00:00,DION_001,571954,-1.0213165299477822,SIMULATED,NORMAL
2026-06-17T17:25:06.588377+00:00,DION_001,571955,-0.7862549494590395,SIMULATED,NORMAL
2026-06-17T17:25:06.598902+00:00,DION_001,571956,-1.0183725080051786,SIMULATED,NORMAL
2026-06-17T17:25:06.609321+00:00,DION_001,571957,-0.8972930624298051,SIMULATED,NORMAL
2026-06-17T17:25:06.619769+00:00,DION_001,571958,-0.57698442579112,SIMULATED,NORMAL
2026-06-17T17:25:06.630155+00:00,DION_001,571959,-0.9632008170550728,SIMULATED,NORMAL
2026-06-17T17:25:06.640627+00:00,DION_001,571960,-0.8123514290590851,SIMULATED,NORMAL
2026-06-17T17:25:06.651087+00:00,DION_001,571961,-0.9041391964102186,SIMULATED,NORMAL
2026-06-17T17:25:06.661516+00:00,DION_001,571962,-0.8512541780708865,SIMULATED,NORMAL
2026-06-17T17:25:06.671852+00:00,DION_001,571963,1.7341401843949238,SIMULATED,NORMAL
2026-06-17T17:25:06.682408+00:00,DION_001,571964,-0.9191699936610405,SIMULATED,NORMAL
2026-06-17T17:25:06.692700+00:00,DION_001,571965,-0.6966271684485451,SIMULATED,NORMAL
2026-06-17T17:25:06.702989+00:00,DION_001,571966,-0.4138117469062297,SIMULATED,NORMAL
2026-06-17T17:25:06.713456+00:00,DION_001,571967,-0.49294765877099406,SIMULATED,NORMAL
2026-06-17T17:25:06.723771+00:00,DION_001,571968,-0.6404455549357166,SIMULATED,NORMAL
2026-06-17T17:25:06.734116+00:00,DION_001,571969,-0.3277917360815298,SIMULATED,NORMAL
2026-06-17T17:25:06.744408+00:00,DION_001,571970,-0.2682095152109749,SIMULATED,NORMAL
2026-06-17T17:25:06.754876+00:00,DION_001,571971,-0.4197159744283721,SIMULATED,NORMAL
2026-06-17T17:25:06.765320+00:00,DION_001,571972,-0.5125694480698191,SIMULATED,NORMAL
2026-06-17T17:25:06.775768+00:00,DION_001,571973,-0.27768518167300466,SIMULATED,NORMAL
2026-06-17T17:25:06.786228+00:00,DION_001,571974,-0.637318948568845,SIMULATED,NORMAL
2026-06-17T17:25:06.796635+00:00,DION_001,571975,-0.2946371873984067,SIMULATED,NORMAL
2026-06-17T17:25:06.807094+00:00,DION_001,571976,-0.24468131767160345,SIMULATED,NORMAL
2026-06-17T17:25:06.817578+00:00,DION_001,571977,-0.7182796258974624,SIMULATED,NORMAL
2026-06-17T17:25:06.827928+00:00,DION_001,571978,-3.297588267573907,SIMULATED,EVENT_DETECTED
2026-06-17T17:25:06.838740+00:00,DION_001,571979,-0.5616813194073419,SIMULATED,NORMAL
2026-06-17T17:25:06.849173+00:00,DION_001,571980,-0.7247114057985551,SIMULATED,NORMAL
2026-06-17T17:25:06.859703+00:00,DION_001,571981,-0.27575456057103626,SIMULATED,NORMAL
2026-06-17T17:25:06.870162+00:00,DION_001,571982,-0.3795968215850066,SIMULATED,NORMAL
2026-06-17T17:25:06.880545+00:00,DION_001,571983,-0.5488539428983008,SIMULATED,NORMAL
2026-06-17T17:25:06.891163+00:00,DION_001,571984,-0.48300400514000813,SIMULATED,NORMAL
2026-06-17T17:25:06.901724+00:00,DION_001,571985,-0.5711563234942947,SIMULATED,NORMAL
2026-06-17T17:25:06.912462+00:00,DION_001,571986,-0.3662947686362654,SIMULATED,NORMAL
2026-06-17T17:25:06.922997+00:00,DION_001,571987,-0.29637961913641586,SIMULATED,NORMAL
2026-06-17T17:25:06.933419+00:00,DION_001,571988,-0.40383044185485717,SIMULATED,NORMAL
2026-06-17T17:25:06.943721+00:00,DION_001,571989,-0.5470657226747313,SIMULATED,NORMAL
2026-06-17T17:25:06.954184+00:00,DION_001,571990,-0.7475279658105427,SIMULATED,NORMAL
2026-06-17T17:25:06.964630+00:00,DION_001,571991,-0.5694467823535101,SIMULATED,NORMAL
2026-06-17T17:25:06.975052+00:00,DION_001,571992,-0.5702058665988867,SIMULATED,NORMAL
2026-06-17T17:25:06.985497+00:00,DION_001,571993,-0.28453999417163556,SIMULATED,NORMAL
2026-06-17T17:25:06.995948+00:00,DION_001,571994,-0.5960085379113371,SIMULATED,NORMAL
2026-06-17T17:25:07.006274+00:00,DION_001,571995,-0.36686005908911073,SIMULATED,NORMAL
2026-06-17T17:25:07.016630+00:00,DION_001,571996,-0.8760709551088144,SIMULATED,NORMAL
2026-06-17T17:25:07.026877+00:00,DION_001,571997,-0.6269763718555057,SIMULATED,NORMAL
2026-06-17T17:25:07.037101+00:00,DION_001,571998,-0.5662014231195409,SIMULATED,NORMAL
2026-06-17T17:25:07.047591+00:00,DION_001,571999,-0.7470904620527694,SIMULATED,NORMAL
2026-06-17T17:25:07.058069+00:00,DION_001,572000,-0.9223789090766334,SIMULATED,NORMAL
2026-06-17T17:25:07.068385+00:00,DION_001,572001,-0.6548863656067233,SIMULATED,NORMAL
2026-06-17T17:25:07.078669+00:00,DION_001,572002,-0.566886823550664,SIMULATED,NORMAL
2026-06-17T17:25:07.089020+00:00,DION_001,572003,-0.6193639782467899,SIMULATED,NORMAL
2026-06-17T17:25:07.099382+00:00,DION_001,572004,-0.9150821989880459,SIMULATED,NORMAL
2026-06-17T17:25:07.109758+00:00,DION_001,572005,-0.8467102052457217,SIMULATED,NORMAL
2026-06-17T17:25:07.120168+00:00,DION_001,572006,-0.8121203184783511,SIMULATED,NORMAL
2026-06-17T17:25:07.130555+00:00,DION_001,572007,-1.0530093085854755,SIMULATED,NORMAL
2026-06-17T17:25:07.140972+00:00,DION_001,572008,-0.6363417680738847,SIMULATED,NORMAL
2026-06-17T17:25:07.151256+00:00,DION_001,572009,-1.0768591691052753,SIMULATED,NORMAL
2026-06-17T17:25:07.161623+00:00,DION_001,572010,-0.6669923264191909,SIMULATED,NORMAL
2026-06-17T17:25:07.171933+00:00,DION_001,572011,-1.0139439313504108,SIMULATED,NORMAL
2026-06-17T17:25:07.182365+00:00,DION_001,572012,-1.0687873681733355,SIMULATED,NORMAL
2026-06-17T17:25:07.192692+00:00,DION_001,572013,-1.2469031737365772,SIMULATED,NORMAL
2026-06-17T17:25:07.203016+00:00,DION_001,572014,-0.8193958394064798,SIMULATED,NORMAL
2026-06-17T17:25:07.213590+00:00,DION_001,572015,-1.1185445061282098,SIMULATED,NORMAL
2026-06-17T17:25:07.223982+00:00,DION_001,572016,-0.9522191329587446,SIMULATED,NORMAL
2026-06-17T17:25:07.234409+00:00,DION_001,572017,-1.146458188794546,SIMULATED,NORMAL
2026-06-17T17:25:07.244779+00:00,DION_001,572018,-1.1862486841950124,SIMULATED,NORMAL
2026-06-17T17:25:07.255258+00:00,DION_001,572019,-1.0496555363714768,SIMULATED,NORMAL
2026-06-17T17:25:07.265671+00:00,DION_001,572020,-1.0330277788057247,SIMULATED,NORMAL
2026-06-17T17:25:07.275999+00:00,DION_001,572021,-0.9844671405854025,SIMULATED,NORMAL
2026-06-17T17:25:07.286460+00:00,DION_001,572022,-1.2518989997645111,SIMULATED,NORMAL
2026-06-17T17:25:07.296850+00:00,DION_001,572023,-1.1903217282132217,SIMULATED,NORMAL
2026-06-17T17:25:07.307293+00:00,DION_001,572024,-1.190358919118697,SIMULATED,NORMAL
2026-06-17T17:25:07.317741+00:00,DION_001,572025,-1.20856093564035,SIMULATED,NORMAL
2026-06-17T17:25:07.328321+00:00,DION_001,572026,-1.1043873867140954,SIMULATED,NORMAL
2026-06-17T17:25:07.338909+00:00,DION_001,572027,-1.192157969723586,SIMULATED,NORMAL
2026-06-17T17:25:07.349367+00:00,DION_001,572028,-0.809262449980382,SIMULATED,NORMAL
2026-06-17T17:25:07.359758+00:00,DION_001,572029,-1.4209051674957625,SIMULATED,NORMAL
2026-06-17T17:25:07.370049+00:00,DION_001,572030,-1.1260004589472778,SIMULATED,NORMAL
2026-06-17T17:25:07.380347+00:00,DION_001,572031,-0.8317412363285164,SIMULATED,NORMAL
2026-06-17T17:25:07.390762+00:00,DION_001,572032,-1.041593581535648,SIMULATED,NORMAL
2026-06-17T17:25:07.401098+00:00,DION_001,572033,-0.9372103884120699,SIMULATED,NORMAL
2026-06-17T17:25:07.411434+00:00,DION_001,572034,-0.8997453610002892,SIMULATED,NORMAL
2026-06-17T17:25:07.421970+00:00,DION_001,572035,-0.8839232344117137,SIMULATED,NORMAL
2026-06-17T17:25:07.432509+00:00,DION_001,572036,-1.1129129697809432,SIMULATED,NORMAL
2026-06-17T17:25:07.443161+00:00,DION_001,572037,-0.6581161658313369,SIMULATED,NORMAL
2026-06-17T17:25:07.453495+00:00,DION_001,572038,-0.5063957873637406,SIMULATED,NORMAL
2026-06-17T17:25:07.464026+00:00,DION_001,572039,-1.0912078562767995,SIMULATED,NORMAL
2026-06-17T17:25:07.474580+00:00,DION_001,572040,-0.6445299070741616,SIMULATED,NORMAL
2026-06-17T17:25:07.485240+00:00,DION_001,572041,-0.5314163879209061,SIMULATED,NORMAL
2026-06-17T17:25:07.495862+00:00,DION_001,572042,-0.39511785285557866,SIMULATED,NORMAL
2026-06-17T17:25:07.506477+00:00,DION_001,572043,-0.6184488183482988,SIMULATED,NORMAL
2026-06-17T17:25:07.516977+00:00,DION_001,572044,-0.4213632534153657,SIMULATED,NORMAL
2026-06-17T17:25:07.527412+00:00,DION_001,572045,-0.18441789416345744,SIMULATED,NORMAL
2026-06-17T17:25:07.537732+00:00,DION_001,572046,-0.6746885782353662,SIMULATED,NORMAL
2026-06-17T17:25:07.547975+00:00,DION_001,572047,-0.30764784490396524,SIMULATED,NORMAL
2026-06-17T17:25:07.558221+00:00,DION_001,572048,-0.23546034111939973,SIMULATED,NORMAL
2026-06-17T17:25:07.568623+00:00,DION_001,572049,-0.36504296899109334,SIMULATED,NORMAL
2026-06-17T17:25:07.578913+00:00,DION_001,572050,0.010194887251465501,SIMULATED,NORMAL
2026-06-17T17:25:07.589207+00:00,DION_001,572051,-0.21039387121502018,SIMULATED,NORMAL
2026-06-17T17:25:07.599597+00:00,DION_001,572052,-0.27627063633683757,SIMULATED,NORMAL
2026-06-17T17:25:07.610116+00:00,DION_001,572053,-0.3658231429144235,SIMULATED,NORMAL
2026-06-17T17:25:07.620521+00:00,DION_001,572054,-0.34539841175954406,SIMULATED,NORMAL
2026-06-17T17:25:07.631013+00:00,DION_001,572055,-0.16787146317667934,SIMULATED,NORMAL
2026-06-17T17:25:07.641398+00:00,DION_001,572056,0.07955009259908968,SIMULATED,NORMAL
2026-06-17T17:25:07.651792+00:00,DION_001,572057,-0.2558642586982329,SIMULATED,NORMAL
2026-06-17T17:25:07.662312+00:00,DION_001,572058,0.06546546842542031,SIMULATED,NORMAL
2026-06-17T17:25:07.672815+00:00,DION_001,572059,0.0831929456620336,SIMULATED,NORMAL
2026-06-17T17:25:07.683241+00:00,DION_001,572060,0.05643166191985435,SIMULATED,NORMAL
2026-06-17T17:25:07.693648+00:00,DION_001,572061,0.07397504254919832,SIMULATED,NORMAL
2026-06-17T17:25:07.704144+00:00,DION_001,572062,-0.05913586188619449,SIMULATED,NORMAL
2026-06-17T17:25:07.714553+00:00,DION_001,572063,0.19966784377444094,SIMULATED,NORMAL
2026-06-17T17:25:07.725019+00:00,DION_001,572064,0.39013207258898996,SIMULATED,NORMAL
2026-06-17T17:25:07.735339+00:00,DION_001,572065,0.1151573301833237,SIMULATED,NORMAL
2026-06-17T17:25:07.745605+00:00,DION_001,572066,0.22781719847241483,SIMULATED,NORMAL
2026-06-17T17:25:07.755937+00:00,DION_001,572067,-0.10916793068741468,SIMULATED,NORMAL
2026-06-17T17:25:07.766383+00:00,DION_001,572068,0.15415191766215408,SIMULATED,NORMAL
2026-06-17T17:25:07.776949+00:00,DION_001,572069,-1.5179017328462212,SIMULATED,NORMAL
2026-06-17T17:25:07.787480+00:00,DION_001,572070,-0.07263000365040337,SIMULATED,NORMAL
2026-06-17T17:25:07.798092+00:00,DION_001,572071,-0.06511069238658385,SIMULATED,NORMAL
2026-06-17T17:25:07.808657+00:00,DION_001,572072,0.1309352698291378,SIMULATED,NORMAL
2026-06-17T17:25:07.819031+00:00,DION_001,572073,0.1255394564680077,SIMULATED,NORMAL
2026-06-17T17:25:07.829459+00:00,DION_001,572074,0.28516318972387344,SIMULATED,NORMAL
2026-06-17T17:25:07.839975+00:00,DION_001,572075,-0.12570189895861525,SIMULATED,NORMAL
2026-06-17T17:25:07.850475+00:00,DION_001,572076,0.14593011733328243,SIMULATED,NORMAL
2026-06-17T17:25:07.860879+00:00,DION_001,572077,-0.054252107034963935,SIMULATED,NORMAL
2026-06-17T17:25:07.871436+00:00,DION_001,572078,-0.22356019623486878,SIMULATED,NORMAL
2026-06-17T17:25:07.881921+00:00,DION_001,572079,0.23324054116649834,SIMULATED,NORMAL
2026-06-17T17:25:07.892353+00:00,DION_001,572080,0.0050086789758492095,SIMULATED,NORMAL
2026-06-17T17:25:07.902984+00:00,DION_001,572081,0.21766464365642144,SIMULATED,NORMAL
2026-06-17T17:25:07.913389+00:00,DION_001,572082,-0.06718264940443056,SIMULATED,NORMAL
2026-06-17T17:25:07.923766+00:00,DION_001,572083,-0.2466602925378064,SIMULATED,NORMAL
2026-06-17T17:25:07.934101+00:00,DION_001,572084,-0.3457683837752158,SIMULATED,NORMAL
2026-06-17T17:25:07.944527+00:00,DION_001,572085,-0.23220395554730097,SIMULATED,NORMAL
2026-06-17T17:25:07.954991+00:00,DION_001,572086,0.2449828657994952,SIMULATED,NORMAL
2026-06-17T17:25:07.965314+00:00,DION_001,572087,-0.06126174189818609,SIMULATED,NORMAL
2026-06-17T17:25:07.975730+00:00,DION_001,572088,-0.3222927057766434,SIMULATED,NORMAL
2026-06-17T17:25:07.986159+00:00,DION_001,572089,-0.2691640264409321,SIMULATED,NORMAL
2026-06-17T17:25:07.996689+00:00,DION_001,572090,-0.16775028223191374,SIMULATED,NORMAL
2026-06-17T17:25:08.007222+00:00,DION_001,572091,-0.449970387667803,SIMULATED,NORMAL
2026-06-17T17:25:08.017736+00:00,DION_001,572092,-0.17031424455550642,SIMULATED,NORMAL
2026-06-17T17:25:08.028171+00:00,DION_001,572093,-0.283861841413246,SIMULATED,NORMAL
2026-06-17T17:25:08.038663+00:00,DION_001,572094,-0.2923821920495803,SIMULATED,NORMAL
2026-06-17T17:25:08.048959+00:00,DION_001,572095,-0.10860966468883032,SIMULATED,NORMAL
2026-06-17T17:25:08.059343+00:00,DION_001,572096,-0.5063489133021853,SIMULATED,NORMAL
2026-06-17T17:25:08.070020+00:00,DION_001,572097,-0.10768514058008588,SIMULATED,NORMAL
2026-06-17T17:25:08.080503+00:00,DION_001,572098,-0.47881004587263776,SIMULATED,NORMAL
2026-06-17T17:25:08.091086+00:00,DION_001,572099,-0.20299033409198675,SIMULATED,NORMAL
2026-06-17T17:25:08.101426+00:00,DION_001,572100,-0.6410626935808871,SIMULATED,NORMAL
2026-06-17T17:25:08.111793+00:00,DION_001,572101,-0.26646094975501905,SIMULATED,NORMAL
2026-06-17T17:25:08.122121+00:00,DION_001,572102,-0.29079047079100667,SIMULATED,NORMAL
2026-06-17T17:25:08.132467+00:00,DION_001,572103,-0.2683436052897474,SIMULATED,NORMAL
2026-06-17T17:25:08.142842+00:00,DION_001,572104,1.534534116671595,SIMULATED,NORMAL
2026-06-17T17:25:08.153324+00:00,DION_001,572105,-2.03467211177294,SIMULATED,EVENT_DETECTED
2026-06-17T17:25:08.163984+00:00,DION_001,572106,-0.37385950398945844,SIMULATED,NORMAL
2026-06-17T17:25:08.174558+00:00,DION_001,572107,-0.06263308541253548,SIMULATED,NORMAL
2026-06-17T17:25:08.184916+00:00,DION_001,572108,-0.21819456355993605,SIMULATED,NORMAL
2026-06-17T17:25:08.195331+00:00,DION_001,572109,-0.10730200081660272,SIMULATED,NORMAL
2026-06-17T17:25:08.205698+00:00,DION_001,572110,0.1277182806655371,SIMULATED,NORMAL
2026-06-17T17:25:08.216133+00:00,DION_001,572111,0.16885321176995174,SIMULATED,NORMAL
2026-06-17T17:25:08.227008+00:00,DION_001,572112,-0.03200091652955303,SIMULATED,NORMAL
2026-06-17T17:25:08.237346+00:00,DION_001,572113,-0.031724672513282384,SIMULATED,NORMAL
2026-06-17T17:25:08.247637+00:00,DION_001,572114,0.0437554883499912,SIMULATED,NORMAL
2026-06-17T17:25:08.257950+00:00,DION_001,572115,0.12735605836456065,SIMULATED,NORMAL
2026-06-17T17:25:08.268348+00:00,DION_001,572116,0.030687929543141396,SIMULATED,NORMAL
2026-06-17T17:25:08.278782+00:00,DION_001,572117,0.07172853664820518,SIMULATED,NORMAL
2026-06-17T17:25:08.289030+00:00,DION_001,572118,-1.9101918236876922,SIMULATED,NORMAL
2026-06-17T17:25:08.299431+00:00,DION_001,572119,0.15811122494078778,SIMULATED,NORMAL
2026-06-17T17:25:08.309742+00:00,DION_001,572120,0.12608699715528546,SIMULATED,NORMAL
2026-06-17T17:25:08.319956+00:00,DION_001,572121,0.1609852304233705,SIMULATED,NORMAL
2026-06-17T17:25:08.330281+00:00,DION_001,572122,0.3260827666099467,SIMULATED,NORMAL
2026-06-17T17:25:08.340578+00:00,DION_001,572123,0.2628979742944282,SIMULATED,NORMAL
2026-06-17T17:25:08.350837+00:00,DION_001,572124,0.23797285371093727,SIMULATED,NORMAL
2026-06-17T17:25:08.361079+00:00,DION_001,572125,0.3794530398019284,SIMULATED,NORMAL
2026-06-17T17:25:08.371412+00:00,DION_001,572126,0.28089045488046777,SIMULATED,NORMAL
2026-06-17T17:25:08.381713+00:00,DION_001,572127,0.707522059488388,SIMULATED,NORMAL
2026-06-17T17:25:08.392093+00:00,DION_001,572128,0.7303806828638179,SIMULATED,NORMAL
2026-06-17T17:25:08.402499+00:00,DION_001,572129,0.5794934924333348,SIMULATED,NORMAL
2026-06-17T17:25:08.412950+00:00,DION_001,572130,0.43363967216781685,SIMULATED,NORMAL
2026-06-17T17:25:08.423420+00:00,DION_001,572131,0.8403356345072028,SIMULATED,NORMAL
2026-06-17T17:25:08.433809+00:00,DION_001,572132,0.9503685019074277,SIMULATED,NORMAL
2026-06-17T17:25:08.444194+00:00,DION_001,572133,0.8772997997098533,SIMULATED,NORMAL
2026-06-17T17:25:08.454654+00:00,DION_001,572134,1.0198876579278973,SIMULATED,NORMAL
2026-06-17T17:25:08.464930+00:00,DION_001,572135,0.6436544580335845,SIMULATED,NORMAL
2026-06-17T17:25:08.475338+00:00,DION_001,572136,1.2144959536086688,SIMULATED,NORMAL
2026-06-17T17:25:08.485727+00:00,DION_001,572137,0.7298276517872272,SIMULATED,NORMAL
2026-06-17T17:25:08.496115+00:00,DION_001,572138,0.8536068933359199,SIMULATED,NORMAL
2026-06-17T17:25:08.506604+00:00,DION_001,572139,0.7770878482089635,SIMULATED,NORMAL
2026-06-17T17:25:08.517048+00:00,DION_001,572140,0.9493863805988594,SIMULATED,NORMAL
2026-06-17T17:25:08.527444+00:00,DION_001,572141,1.0261107619474787,SIMULATED,NORMAL
2026-06-17T17:25:08.537851+00:00,DION_001,572142,1.049527008493706,SIMULATED,NORMAL
