timestamp_utc,station_id,sample_index,raw_value,source,event_status
2026-06-17T16:50:08.118746+00:00,DION_001,372869,-0.15876213293346475,SIMULATED,NORMAL
2026-06-17T16:50:08.129313+00:00,DION_001,372870,-0.5446211690112315,SIMULATED,NORMAL
2026-06-17T16:50:08.139966+00:00,DION_001,372871,-0.33915034580361747,SIMULATED,NORMAL
2026-06-17T16:50:08.150509+00:00,DION_001,372872,-0.074525735849028,SIMULATED,NORMAL
2026-06-17T16:50:08.161363+00:00,DION_001,372873,-0.4645936783981902,SIMULATED,NORMAL
2026-06-17T16:50:08.172078+00:00,DION_001,372874,-0.20238083436189686,SIMULATED,NORMAL
2026-06-17T16:50:08.182642+00:00,DION_001,372875,-0.2853136144430598,SIMULATED,NORMAL
2026-06-17T16:50:08.193249+00:00,DION_001,372876,0.1753612543069464,SIMULATED,NORMAL
2026-06-17T16:50:08.203969+00:00,DION_001,372877,-0.35901871316637507,SIMULATED,NORMAL
2026-06-17T16:50:08.214485+00:00,DION_001,372878,-0.17196062051601824,SIMULATED,NORMAL
2026-06-17T16:50:08.225411+00:00,DION_001,372879,-0.1176935224727814,SIMULATED,NORMAL
2026-06-17T16:50:08.236175+00:00,DION_001,372880,-0.014429746853089113,SIMULATED,NORMAL
2026-06-17T16:50:08.246761+00:00,DION_001,372881,0.28154849455464326,SIMULATED,NORMAL
2026-06-17T16:50:08.257352+00:00,DION_001,372882,0.043519615351218295,SIMULATED,NORMAL
2026-06-17T16:50:08.267990+00:00,DION_001,372883,0.14466830168918976,SIMULATED,NORMAL
2026-06-17T16:50:08.278487+00:00,DION_001,372884,0.22202091184339515,SIMULATED,NORMAL
2026-06-17T16:50:08.289109+00:00,DION_001,372885,-2.682746114792254,SIMULATED,EVENT_DETECTED
2026-06-17T16:50:08.300080+00:00,DION_001,372886,0.2757549686199993,SIMULATED,NORMAL
2026-06-17T16:50:08.310886+00:00,DION_001,372887,0.48712838498960753,SIMULATED,NORMAL
2026-06-17T16:50:08.321913+00:00,DION_001,372888,0.22524059883311773,SIMULATED,NORMAL
2026-06-17T16:50:08.332534+00:00,DION_001,372889,0.36588718356270566,SIMULATED,NORMAL
2026-06-17T16:50:08.343297+00:00,DION_001,372890,0.5396843845388906,SIMULATED,NORMAL
2026-06-17T16:50:08.353770+00:00,DION_001,372891,0.4872272547882961,SIMULATED,NORMAL
2026-06-17T16:50:08.364343+00:00,DION_001,372892,0.6031298693034184,SIMULATED,NORMAL
2026-06-17T16:50:08.374958+00:00,DION_001,372893,0.4211148708210814,SIMULATED,NORMAL
2026-06-17T16:50:08.385367+00:00,DION_001,372894,0.6900616373236211,SIMULATED,NORMAL
2026-06-17T16:50:08.396028+00:00,DION_001,372895,0.8135200757109743,SIMULATED,NORMAL
2026-06-17T16:50:08.406820+00:00,DION_001,372896,0.8021960940080408,SIMULATED,NORMAL
2026-06-17T16:50:08.417352+00:00,DION_001,372897,0.9863744690164936,SIMULATED,NORMAL
2026-06-17T16:50:08.428459+00:00,DION_001,372898,0.9905364940677128,SIMULATED,NORMAL
2026-06-17T16:50:08.439267+00:00,DION_001,372899,0.7581196269698588,SIMULATED,NORMAL
2026-06-17T16:50:08.449785+00:00,DION_001,372900,0.999990947741603,SIMULATED,NORMAL
2026-06-17T16:50:08.460333+00:00,DION_001,372901,0.7315747130922645,SIMULATED,NORMAL
2026-06-17T16:50:08.470892+00:00,DION_001,372902,1.0087892627552688,SIMULATED,NORMAL
2026-06-17T16:50:08.481481+00:00,DION_001,372903,1.0494066798366,SIMULATED,NORMAL
2026-06-17T16:50:08.492098+00:00,DION_001,372904,1.172770557549688,SIMULATED,NORMAL
2026-06-17T16:50:08.502675+00:00,DION_001,372905,1.02162778111323,SIMULATED,NORMAL
2026-06-17T16:50:08.513218+00:00,DION_001,372906,1.0175017394858585,SIMULATED,NORMAL
2026-06-17T16:50:08.523807+00:00,DION_001,372907,0.961805282214575,SIMULATED,NORMAL
2026-06-17T16:50:08.534404+00:00,DION_001,372908,0.9403730274151679,SIMULATED,NORMAL
2026-06-17T16:50:08.544977+00:00,DION_001,372909,1.379062867827982,SIMULATED,NORMAL
2026-06-17T16:50:08.555621+00:00,DION_001,372910,0.8262890987891754,SIMULATED,NORMAL
2026-06-17T16:50:08.566240+00:00,DION_001,372911,1.077732726451717,SIMULATED,NORMAL
2026-06-17T16:50:08.576835+00:00,DION_001,372912,0.9293798468390236,SIMULATED,NORMAL
2026-06-17T16:50:08.587452+00:00,DION_001,372913,0.9178649316945898,SIMULATED,NORMAL
2026-06-17T16:50:08.598153+00:00,DION_001,372914,1.0646972965350407,SIMULATED,NORMAL
2026-06-17T16:50:08.608741+00:00,DION_001,372915,1.1316124442240019,SIMULATED,NORMAL
2026-06-17T16:50:08.619359+00:00,DION_001,372916,1.2259676193994105,SIMULATED,NORMAL
2026-06-17T16:50:08.629959+00:00,DION_001,372917,1.1289273714508268,SIMULATED,NORMAL
2026-06-17T16:50:08.640668+00:00,DION_001,372918,0.699172740704004,SIMULATED,NORMAL
2026-06-17T16:50:08.651338+00:00,DION_001,372919,1.0715608493655864,SIMULATED,NORMAL
2026-06-17T16:50:08.661920+00:00,DION_001,372920,0.9388239050156196,SIMULATED,NORMAL
2026-06-17T16:50:08.672660+00:00,DION_001,372921,0.9588437726312717,SIMULATED,NORMAL
2026-06-17T16:50:08.683396+00:00,DION_001,372922,3.7088875631933984,SIMULATED,EVENT_DETECTED
2026-06-17T16:50:08.694101+00:00,DION_001,372923,0.6495234206206881,SIMULATED,NORMAL
2026-06-17T16:50:08.704764+00:00,DION_001,372924,0.8906051918170359,SIMULATED,NORMAL
2026-06-17T16:50:08.715353+00:00,DION_001,372925,1.1314312353868055,SIMULATED,NORMAL
2026-06-17T16:50:08.725859+00:00,DION_001,372926,0.7424961059521684,SIMULATED,NORMAL
2026-06-17T16:50:08.736528+00:00,DION_001,372927,0.6880926194138414,SIMULATED,NORMAL
2026-06-17T16:50:08.747275+00:00,DION_001,372928,0.9166250623418701,SIMULATED,NORMAL
2026-06-17T16:50:08.757822+00:00,DION_001,372929,0.6601226016608291,SIMULATED,NORMAL
2026-06-17T16:50:08.768399+00:00,DION_001,372930,0.6437759321495148,SIMULATED,NORMAL
2026-06-17T16:50:08.779003+00:00,DION_001,372931,0.5550982892227118,SIMULATED,NORMAL
2026-06-17T16:50:08.789617+00:00,DION_001,372932,0.7871087133159694,SIMULATED,NORMAL
2026-06-17T16:50:08.800327+00:00,DION_001,372933,0.6932225223985182,SIMULATED,NORMAL
2026-06-17T16:50:08.810912+00:00,DION_001,372934,0.6314464257621042,SIMULATED,NORMAL
2026-06-17T16:50:08.821708+00:00,DION_001,372935,0.3613828074014126,SIMULATED,NORMAL
2026-06-17T16:50:08.832416+00:00,DION_001,372936,0.5529735988013289,SIMULATED,NORMAL
2026-06-17T16:50:08.843104+00:00,DION_001,372937,0.4881647161825389,SIMULATED,NORMAL
2026-06-17T16:50:08.853812+00:00,DION_001,372938,0.4795496222155272,SIMULATED,NORMAL
2026-06-17T16:50:08.864492+00:00,DION_001,372939,0.6579707541857741,SIMULATED,NORMAL
2026-06-17T16:50:08.875248+00:00,DION_001,372940,0.3663160806146892,SIMULATED,NORMAL
2026-06-17T16:50:08.885993+00:00,DION_001,372941,0.597014943112838,SIMULATED,NORMAL
2026-06-17T16:50:08.896703+00:00,DION_001,372942,0.018179181846397274,SIMULATED,NORMAL
2026-06-17T16:50:08.907356+00:00,DION_001,372943,0.5028883438756121,SIMULATED,NORMAL
2026-06-17T16:50:08.918070+00:00,DION_001,372944,0.8604101278257514,SIMULATED,NORMAL
2026-06-17T16:50:08.928716+00:00,DION_001,372945,0.4190162760913487,SIMULATED,NORMAL
2026-06-17T16:50:08.939307+00:00,DION_001,372946,0.18850135676355048,SIMULATED,NORMAL
2026-06-17T16:50:08.949856+00:00,DION_001,372947,0.26637775493897997,SIMULATED,NORMAL
2026-06-17T16:50:08.960387+00:00,DION_001,372948,0.36252062857380984,SIMULATED,NORMAL
2026-06-17T16:50:08.970951+00:00,DION_001,372949,0.3382633806928955,SIMULATED,NORMAL
2026-06-17T16:50:08.981260+00:00,DION_001,372950,0.39202247222013403,SIMULATED,NORMAL
2026-06-17T16:50:08.991573+00:00,DION_001,372951,0.3974131297603005,SIMULATED,NORMAL
2026-06-17T16:50:09.002056+00:00,DION_001,372952,0.3657556547298216,SIMULATED,NORMAL
2026-06-17T16:50:09.012693+00:00,DION_001,372953,0.4146831486032639,SIMULATED,NORMAL
2026-06-17T16:50:09.023105+00:00,DION_001,372954,0.3519133396920944,SIMULATED,NORMAL
2026-06-17T16:50:09.033370+00:00,DION_001,372955,0.5231625163025315,SIMULATED,NORMAL
2026-06-17T16:50:09.043659+00:00,DION_001,372956,0.5734191417437704,SIMULATED,NORMAL
2026-06-17T16:50:09.054078+00:00,DION_001,372957,0.4706319801853711,SIMULATED,NORMAL
2026-06-17T16:50:09.064669+00:00,DION_001,372958,0.48948882784480074,SIMULATED,NORMAL
2026-06-17T16:50:09.075363+00:00,DION_001,372959,0.6360804859115846,SIMULATED,NORMAL
2026-06-17T16:50:09.086002+00:00,DION_001,372960,0.2822295797062675,SIMULATED,NORMAL
2026-06-17T16:50:09.096642+00:00,DION_001,372961,0.5547216500938796,SIMULATED,NORMAL
2026-06-17T16:50:09.107226+00:00,DION_001,372962,0.6662386075797017,SIMULATED,NORMAL
2026-06-17T16:50:09.117871+00:00,DION_001,372963,0.5867840554374646,SIMULATED,NORMAL
2026-06-17T16:50:09.128433+00:00,DION_001,372964,0.7796726062180548,SIMULATED,NORMAL
2026-06-17T16:50:09.139107+00:00,DION_001,372965,-1.8280613792814635,SIMULATED,NORMAL
2026-06-17T16:50:09.149890+00:00,DION_001,372966,-1.132455406133676,SIMULATED,NORMAL
2026-06-17T16:50:09.160618+00:00,DION_001,372967,0.5541266573731886,SIMULATED,NORMAL
2026-06-17T16:50:09.171221+00:00,DION_001,372968,0.6938819115436945,SIMULATED,NORMAL
2026-06-17T16:50:09.181837+00:00,DION_001,372969,0.7717175979542176,SIMULATED,NORMAL
2026-06-17T16:50:09.192721+00:00,DION_001,372970,0.6001031161114085,SIMULATED,NORMAL
2026-06-17T16:50:09.203369+00:00,DION_001,372971,1.1041157706211364,SIMULATED,NORMAL
2026-06-17T16:50:09.213925+00:00,DION_001,372972,1.0660247535469645,SIMULATED,NORMAL
2026-06-17T16:50:09.224521+00:00,DION_001,372973,0.6487102449658948,SIMULATED,NORMAL
2026-06-17T16:50:09.235264+00:00,DION_001,372974,0.7891204018540846,SIMULATED,NORMAL
2026-06-17T16:50:09.245842+00:00,DION_001,372975,0.7397711409484213,SIMULATED,NORMAL
2026-06-17T16:50:09.256401+00:00,DION_001,372976,0.9008089896447079,SIMULATED,NORMAL
2026-06-17T16:50:09.267259+00:00,DION_001,372977,0.8975637083137639,SIMULATED,NORMAL
2026-06-17T16:50:09.277916+00:00,DION_001,372978,1.2589750680940675,SIMULATED,NORMAL
2026-06-17T16:50:09.288710+00:00,DION_001,372979,0.8278764659728497,SIMULATED,NORMAL
2026-06-17T16:50:09.299489+00:00,DION_001,372980,1.3744245701950482,SIMULATED,NORMAL
2026-06-17T16:50:09.310038+00:00,DION_001,372981,1.0966023083900571,SIMULATED,NORMAL
2026-06-17T16:50:09.320836+00:00,DION_001,372982,1.142522463340134,SIMULATED,NORMAL
2026-06-17T16:50:09.331503+00:00,DION_001,372983,1.2586209291505417,SIMULATED,NORMAL
2026-06-17T16:50:09.342197+00:00,DION_001,372984,1.0897568075773185,SIMULATED,NORMAL
2026-06-17T16:50:09.352915+00:00,DION_001,372985,1.0123417672262283,SIMULATED,NORMAL
2026-06-17T16:50:09.363497+00:00,DION_001,372986,1.4657527392065484,SIMULATED,NORMAL
2026-06-17T16:50:09.374088+00:00,DION_001,372987,0.925894196220059,SIMULATED,NORMAL
2026-06-17T16:50:09.384830+00:00,DION_001,372988,1.2776140759724357,SIMULATED,NORMAL
2026-06-17T16:50:09.395554+00:00,DION_001,372989,1.209427044526872,SIMULATED,NORMAL
2026-06-17T16:50:09.406301+00:00,DION_001,372990,1.1253918869621728,SIMULATED,NORMAL
2026-06-17T16:50:09.416886+00:00,DION_001,372991,1.1940053229934067,SIMULATED,NORMAL
2026-06-17T16:50:09.427456+00:00,DION_001,372992,1.0537321764474705,SIMULATED,NORMAL
2026-06-17T16:50:09.438059+00:00,DION_001,372993,0.8923298720449779,SIMULATED,NORMAL
2026-06-17T16:50:09.448672+00:00,DION_001,372994,0.9672156903166329,SIMULATED,NORMAL
2026-06-17T16:50:09.459332+00:00,DION_001,372995,0.8735079081817813,SIMULATED,NORMAL
2026-06-17T16:50:09.470438+00:00,DION_001,372996,0.8236290409104313,SIMULATED,NORMAL
2026-06-17T16:50:09.480977+00:00,DION_001,372997,0.841373043907696,SIMULATED,NORMAL
2026-06-17T16:50:09.491747+00:00,DION_001,372998,0.8786467538091165,SIMULATED,NORMAL
2026-06-17T16:50:09.502485+00:00,DION_001,372999,0.8027516190537086,SIMULATED,NORMAL
2026-06-17T16:50:09.513249+00:00,DION_001,373000,0.8981719758527354,SIMULATED,NORMAL
2026-06-17T16:50:09.523805+00:00,DION_001,373001,-1.2033719855700509,SIMULATED,NORMAL
2026-06-17T16:50:09.534619+00:00,DION_001,373002,0.41741769206996454,SIMULATED,NORMAL
2026-06-17T16:50:09.545213+00:00,DION_001,373003,0.8409977545460867,SIMULATED,NORMAL
2026-06-17T16:50:09.555812+00:00,DION_001,373004,0.5145171003237227,SIMULATED,NORMAL
2026-06-17T16:50:09.566411+00:00,DION_001,373005,0.5267293323554147,SIMULATED,NORMAL
2026-06-17T16:50:09.576805+00:00,DION_001,373006,0.3942687874158818,SIMULATED,NORMAL
2026-06-17T16:50:09.587519+00:00,DION_001,373007,0.5267831945973463,SIMULATED,NORMAL
2026-06-17T16:50:09.598383+00:00,DION_001,373008,0.24642084478878942,SIMULATED,NORMAL
2026-06-17T16:50:09.609049+00:00,DION_001,373009,0.42360112994084154,SIMULATED,NORMAL
2026-06-17T16:50:09.619675+00:00,DION_001,373010,0.31114552845921706,SIMULATED,NORMAL
2026-06-17T16:50:09.630225+00:00,DION_001,373011,0.21449893307689644,SIMULATED,NORMAL
2026-06-17T16:50:09.640924+00:00,DION_001,373012,0.23714563461458635,SIMULATED,NORMAL
2026-06-17T16:50:09.651514+00:00,DION_001,373013,0.06938759144255718,SIMULATED,NORMAL
2026-06-17T16:50:09.662100+00:00,DION_001,373014,0.1213828734469485,SIMULATED,NORMAL
2026-06-17T16:50:09.672682+00:00,DION_001,373015,0.1687291503395485,SIMULATED,NORMAL
2026-06-17T16:50:09.683313+00:00,DION_001,373016,0.0448522084501112,SIMULATED,NORMAL
2026-06-17T16:50:09.693957+00:00,DION_001,373017,-0.015098469886121915,SIMULATED,NORMAL
2026-06-17T16:50:09.704680+00:00,DION_001,373018,0.09857076166678341,SIMULATED,NORMAL
2026-06-17T16:50:09.715341+00:00,DION_001,373019,0.1282404991564289,SIMULATED,NORMAL
2026-06-17T16:50:09.725898+00:00,DION_001,373020,-0.054128113758193264,SIMULATED,NORMAL
2026-06-17T16:50:09.736525+00:00,DION_001,373021,0.02183235130824314,SIMULATED,NORMAL
2026-06-17T16:50:09.747248+00:00,DION_001,373022,-0.11001145539902306,SIMULATED,NORMAL
2026-06-17T16:50:09.757846+00:00,DION_001,373023,-0.043306260309702076,SIMULATED,NORMAL
2026-06-17T16:50:09.768657+00:00,DION_001,373024,-0.06268514881012904,SIMULATED,NORMAL
2026-06-17T16:50:09.779259+00:00,DION_001,373025,0.13709355383431537,SIMULATED,NORMAL
2026-06-17T16:50:09.789845+00:00,DION_001,373026,-0.32476732358794314,SIMULATED,NORMAL
2026-06-17T16:50:09.800407+00:00,DION_001,373027,0.041603954982746355,SIMULATED,NORMAL
2026-06-17T16:50:09.811074+00:00,DION_001,373028,-0.14200323948476218,SIMULATED,NORMAL
2026-06-17T16:50:09.821590+00:00,DION_001,373029,-0.04723330610236523,SIMULATED,NORMAL
2026-06-17T16:50:09.832247+00:00,DION_001,373030,-0.1775328771345182,SIMULATED,NORMAL
2026-06-17T16:50:09.842823+00:00,DION_001,373031,-0.0055441563846993225,SIMULATED,NORMAL
2026-06-17T16:50:09.854013+00:00,DION_001,373032,-0.1931731789421546,SIMULATED,NORMAL
2026-06-17T16:50:09.864639+00:00,DION_001,373033,0.010405404109317423,SIMULATED,NORMAL
2026-06-17T16:50:09.875236+00:00,DION_001,373034,-0.15038684937467353,SIMULATED,NORMAL
2026-06-17T16:50:09.885861+00:00,DION_001,373035,-0.08907882388011008,SIMULATED,NORMAL
2026-06-17T16:50:09.896363+00:00,DION_001,373036,0.015737277162291313,SIMULATED,NORMAL
2026-06-17T16:50:09.907170+00:00,DION_001,373037,0.159811864242875,SIMULATED,NORMAL
2026-06-17T16:50:09.918062+00:00,DION_001,373038,-0.2864560342621395,SIMULATED,NORMAL
2026-06-17T16:50:09.928666+00:00,DION_001,373039,-0.10569364238135862,SIMULATED,NORMAL
2026-06-17T16:50:09.939345+00:00,DION_001,373040,-0.07716173192397666,SIMULATED,NORMAL
2026-06-17T16:50:09.949840+00:00,DION_001,373041,0.2632461476125416,SIMULATED,NORMAL
2026-06-17T16:50:09.960521+00:00,DION_001,373042,0.0014346093001634808,SIMULATED,NORMAL
2026-06-17T16:50:09.971474+00:00,DION_001,373043,-0.17013422285985236,SIMULATED,NORMAL
2026-06-17T16:50:09.981960+00:00,DION_001,373044,-0.014080405044267948,SIMULATED,NORMAL
2026-06-17T16:50:09.992435+00:00,DION_001,373045,-0.1737178717513177,SIMULATED,NORMAL
2026-06-17T16:50:10.002881+00:00,DION_001,373046,-0.021296176867310078,SIMULATED,NORMAL
2026-06-17T16:50:10.013342+00:00,DION_001,373047,-0.007763931551023506,SIMULATED,NORMAL
2026-06-17T16:50:10.023738+00:00,DION_001,373048,-0.016454367204056977,SIMULATED,NORMAL
2026-06-17T16:50:10.034274+00:00,DION_001,373049,0.05673639346648441,SIMULATED,NORMAL
2026-06-17T16:50:10.044727+00:00,DION_001,373050,0.1854318569113247,SIMULATED,NORMAL
2026-06-17T16:50:10.055320+00:00,DION_001,373051,-0.07911711502879726,SIMULATED,NORMAL
2026-06-17T16:50:10.066217+00:00,DION_001,373052,0.4076887002257479,SIMULATED,NORMAL
2026-06-17T16:50:10.076734+00:00,DION_001,373053,-0.04973315403864785,SIMULATED,NORMAL
2026-06-17T16:50:10.087307+00:00,DION_001,373054,0.014048328760846135,SIMULATED,NORMAL
2026-06-17T16:50:10.097765+00:00,DION_001,373055,0.08563801063089593,SIMULATED,NORMAL
2026-06-17T16:50:10.108281+00:00,DION_001,373056,0.23489555067071377,SIMULATED,NORMAL
2026-06-17T16:50:10.119077+00:00,DION_001,373057,0.34650230922447744,SIMULATED,NORMAL
2026-06-17T16:50:10.129567+00:00,DION_001,373058,-0.07027378268476908,SIMULATED,NORMAL
2026-06-17T16:50:10.139995+00:00,DION_001,373059,0.4258923754468155,SIMULATED,NORMAL
2026-06-17T16:50:10.150510+00:00,DION_001,373060,0.2730900704011102,SIMULATED,NORMAL
2026-06-17T16:50:10.160821+00:00,DION_001,373061,0.12061891666112659,SIMULATED,NORMAL
2026-06-17T16:50:10.171162+00:00,DION_001,373062,0.2534650984968101,SIMULATED,NORMAL
2026-06-17T16:50:10.181525+00:00,DION_001,373063,0.28604979533957886,SIMULATED,NORMAL
2026-06-17T16:50:10.191999+00:00,DION_001,373064,0.05650922766127488,SIMULATED,NORMAL
2026-06-17T16:50:10.202481+00:00,DION_001,373065,0.19915820717692867,SIMULATED,NORMAL
2026-06-17T16:50:10.212986+00:00,DION_001,373066,0.14444058446931513,SIMULATED,NORMAL
2026-06-17T16:50:10.223423+00:00,DION_001,373067,0.061785379041253835,SIMULATED,NORMAL
2026-06-17T16:50:10.233926+00:00,DION_001,373068,-0.08251791730147334,SIMULATED,NORMAL
2026-06-17T16:50:10.244358+00:00,DION_001,373069,-0.13299056458415662,SIMULATED,NORMAL
2026-06-17T16:50:10.254938+00:00,DION_001,373070,-0.0871872757068001,SIMULATED,NORMAL
2026-06-17T16:50:10.265366+00:00,DION_001,373071,0.07964302340447861,SIMULATED,NORMAL
2026-06-17T16:50:10.275874+00:00,DION_001,373072,0.046126606771014274,SIMULATED,NORMAL
2026-06-17T16:50:10.286331+00:00,DION_001,373073,-0.21766423353469302,SIMULATED,NORMAL
2026-06-17T16:50:10.296704+00:00,DION_001,373074,-0.18184447782760066,SIMULATED,NORMAL
2026-06-17T16:50:10.307277+00:00,DION_001,373075,-0.19076585385787057,SIMULATED,NORMAL
2026-06-17T16:50:10.317764+00:00,DION_001,373076,-0.17082576608104677,SIMULATED,NORMAL
2026-06-17T16:50:10.328255+00:00,DION_001,373077,-0.24383717829810492,SIMULATED,NORMAL
2026-06-17T16:50:10.338899+00:00,DION_001,373078,-0.1445396775463103,SIMULATED,NORMAL
2026-06-17T16:50:10.349430+00:00,DION_001,373079,-0.34673838468019,SIMULATED,NORMAL
2026-06-17T16:50:10.359837+00:00,DION_001,373080,-0.2821203537710435,SIMULATED,NORMAL
2026-06-17T16:50:10.370280+00:00,DION_001,373081,-0.2639864643635794,SIMULATED,NORMAL
2026-06-17T16:50:10.380691+00:00,DION_001,373082,-0.23018162900190992,SIMULATED,NORMAL
2026-06-17T16:50:10.390995+00:00,DION_001,373083,-0.42888245105419454,SIMULATED,NORMAL
2026-06-17T16:50:10.401448+00:00,DION_001,373084,-0.4386648241091547,SIMULATED,NORMAL
2026-06-17T16:50:10.411866+00:00,DION_001,373085,-0.4869787553032661,SIMULATED,NORMAL
2026-06-17T16:50:10.422307+00:00,DION_001,373086,-0.5984927919050055,SIMULATED,NORMAL
2026-06-17T16:50:10.432806+00:00,DION_001,373087,-0.5969401237552615,SIMULATED,NORMAL
2026-06-17T16:50:10.443274+00:00,DION_001,373088,-0.29923183239513285,SIMULATED,NORMAL
2026-06-17T16:50:10.453882+00:00,DION_001,373089,-0.7773797670699778,SIMULATED,NORMAL
2026-06-17T16:50:10.464337+00:00,DION_001,373090,-0.8116284791535514,SIMULATED,NORMAL
2026-06-17T16:50:10.474784+00:00,DION_001,373091,-3.347610866535833,SIMULATED,EVENT_DETECTED
2026-06-17T16:50:10.485636+00:00,DION_001,373092,-0.6171377538558587,SIMULATED,NORMAL
2026-06-17T16:50:10.496048+00:00,DION_001,373093,-0.7359644319968661,SIMULATED,NORMAL
2026-06-17T16:50:10.506926+00:00,DION_001,373094,-0.9978152917043441,SIMULATED,NORMAL
2026-06-17T16:50:10.517384+00:00,DION_001,373095,-0.9244954053284655,SIMULATED,NORMAL
2026-06-17T16:50:10.527751+00:00,DION_001,373096,-1.035519763550078,SIMULATED,NORMAL
2026-06-17T16:50:10.538362+00:00,DION_001,373097,-0.8748117542560457,SIMULATED,NORMAL
2026-06-17T16:50:10.548782+00:00,DION_001,373098,-1.1060309275286113,SIMULATED,NORMAL
2026-06-17T16:50:10.559142+00:00,DION_001,373099,-0.817450530341074,SIMULATED,NORMAL
2026-06-17T16:50:10.569516+00:00,DION_001,373100,-0.6634031204569064,SIMULATED,NORMAL
2026-06-17T16:50:10.579957+00:00,DION_001,373101,-1.2807020833527818,SIMULATED,NORMAL
2026-06-17T16:50:10.590465+00:00,DION_001,373102,-1.145149233150721,SIMULATED,NORMAL
2026-06-17T16:50:10.600947+00:00,DION_001,373103,-0.9315211081674273,SIMULATED,NORMAL
2026-06-17T16:50:10.611369+00:00,DION_001,373104,-0.9458356474900487,SIMULATED,NORMAL
2026-06-17T16:50:10.621770+00:00,DION_001,373105,-0.8582978940097234,SIMULATED,NORMAL
2026-06-17T16:50:10.632195+00:00,DION_001,373106,-0.9552324800701182,SIMULATED,NORMAL
2026-06-17T16:50:10.642640+00:00,DION_001,373107,-1.3085144317676731,SIMULATED,NORMAL
2026-06-17T16:50:10.652875+00:00,DION_001,373108,-1.0154592558257074,SIMULATED,NORMAL
2026-06-17T16:50:10.663256+00:00,DION_001,373109,-1.2332600944217977,SIMULATED,NORMAL
2026-06-17T16:50:10.673704+00:00,DION_001,373110,-1.1371901644761626,SIMULATED,NORMAL
2026-06-17T16:50:10.684080+00:00,DION_001,373111,-1.1074847335033142,SIMULATED,NORMAL
2026-06-17T16:50:10.694563+00:00,DION_001,373112,-1.0766252203587878,SIMULATED,NORMAL
2026-06-17T16:50:10.704972+00:00,DION_001,373113,-1.0826480286914086,SIMULATED,NORMAL
2026-06-17T16:50:10.715367+00:00,DION_001,373114,-0.9235762094745142,SIMULATED,NORMAL
2026-06-17T16:50:10.725848+00:00,DION_001,373115,-0.9500545322766895,SIMULATED,NORMAL
2026-06-17T16:50:10.736316+00:00,DION_001,373116,-1.072380558523243,SIMULATED,NORMAL
2026-06-17T16:50:10.746784+00:00,DION_001,373117,-0.8891180760216653,SIMULATED,NORMAL
2026-06-17T16:50:10.757224+00:00,DION_001,373118,-0.9052209381747226,SIMULATED,NORMAL
2026-06-17T16:50:10.768091+00:00,DION_001,373119,-0.6846445816498973,SIMULATED,NORMAL
2026-06-17T16:50:10.778490+00:00,DION_001,373120,-1.0664277419349606,SIMULATED,NORMAL
2026-06-17T16:50:10.788943+00:00,DION_001,373121,-0.9380097349994723,SIMULATED,NORMAL
2026-06-17T16:50:10.799402+00:00,DION_001,373122,-0.7458168316305698,SIMULATED,NORMAL
2026-06-17T16:50:10.809726+00:00,DION_001,373123,-0.9428940381536325,SIMULATED,NORMAL
2026-06-17T16:50:10.820148+00:00,DION_001,373124,-1.1209091329565708,SIMULATED,NORMAL
2026-06-17T16:50:10.830437+00:00,DION_001,373125,-0.9111858934000048,SIMULATED,NORMAL
2026-06-17T16:50:10.841421+00:00,DION_001,373126,-0.8212457110594082,SIMULATED,NORMAL
2026-06-17T16:50:10.852633+00:00,DION_001,373127,-0.8959408812639036,SIMULATED,NORMAL
2026-06-17T16:50:10.862944+00:00,DION_001,373128,-0.6459830761018169,SIMULATED,NORMAL
2026-06-17T16:50:10.873256+00:00,DION_001,373129,-0.8026912596411113,SIMULATED,NORMAL
2026-06-17T16:50:10.883620+00:00,DION_001,373130,-0.5288034991664228,SIMULATED,NORMAL
2026-06-17T16:50:10.893983+00:00,DION_001,373131,-0.610549074007104,SIMULATED,NORMAL
2026-06-17T16:50:10.904246+00:00,DION_001,373132,-0.749476057640182,SIMULATED,NORMAL
2026-06-17T16:50:10.914549+00:00,DION_001,373133,-0.6193931513601827,SIMULATED,NORMAL
2026-06-17T16:50:10.924863+00:00,DION_001,373134,-0.45998753815802185,SIMULATED,NORMAL
2026-06-17T16:50:10.935260+00:00,DION_001,373135,-0.34980497774212405,SIMULATED,NORMAL
2026-06-17T16:50:10.945727+00:00,DION_001,373136,-0.5776508568641283,SIMULATED,NORMAL
2026-06-17T16:50:10.956062+00:00,DION_001,373137,-0.438883356391239,SIMULATED,NORMAL
2026-06-17T16:50:10.966430+00:00,DION_001,373138,-0.2634206303920095,SIMULATED,NORMAL
2026-06-17T16:50:10.976855+00:00,DION_001,373139,-0.5381228696705542,SIMULATED,NORMAL
2026-06-17T16:50:10.987406+00:00,DION_001,373140,-0.20641942408943276,SIMULATED,NORMAL
2026-06-17T16:50:10.997972+00:00,DION_001,373141,-0.12477018071345347,SIMULATED,NORMAL
2026-06-17T16:50:11.008533+00:00,DION_001,373142,-0.20345121567665786,SIMULATED,NORMAL
2026-06-17T16:50:11.019227+00:00,DION_001,373143,-0.5685902426289664,SIMULATED,NORMAL
2026-06-17T16:50:11.029696+00:00,DION_001,373144,-0.46265960130666767,SIMULATED,NORMAL
2026-06-17T16:50:11.040338+00:00,DION_001,373145,-0.5054042401187142,SIMULATED,NORMAL
2026-06-17T16:50:11.051149+00:00,DION_001,373146,-0.5142539571757143,SIMULATED,NORMAL
2026-06-17T16:50:11.061690+00:00,DION_001,373147,-0.2414486239399794,SIMULATED,NORMAL
2026-06-17T16:50:11.072410+00:00,DION_001,373148,-0.5649559310713439,SIMULATED,NORMAL
2026-06-17T16:50:11.083211+00:00,DION_001,373149,-0.16920392789512792,SIMULATED,NORMAL
2026-06-17T16:50:11.093787+00:00,DION_001,373150,0.0774509180002782,SIMULATED,NORMAL
2026-06-17T16:50:11.104281+00:00,DION_001,373151,-0.43850274161551533,SIMULATED,NORMAL
2026-06-17T16:50:11.114797+00:00,DION_001,373152,-0.4261947820828952,SIMULATED,NORMAL
2026-06-17T16:50:11.125332+00:00,DION_001,373153,-0.5809550000581516,SIMULATED,NORMAL
2026-06-17T16:50:11.135899+00:00,DION_001,373154,-0.633615155742837,SIMULATED,NORMAL
2026-06-17T16:50:11.146745+00:00,DION_001,373155,-0.8416160287808652,SIMULATED,NORMAL
2026-06-17T16:50:11.157102+00:00,DION_001,373156,-0.4773750019931441,SIMULATED,NORMAL
2026-06-17T16:50:11.167654+00:00,DION_001,373157,-0.5993271059297739,SIMULATED,NORMAL
2026-06-17T16:50:11.178143+00:00,DION_001,373158,-0.6946962761699427,SIMULATED,NORMAL
2026-06-17T16:50:11.188754+00:00,DION_001,373159,-0.6921371800904842,SIMULATED,NORMAL
2026-06-17T16:50:11.199268+00:00,DION_001,373160,-0.44676095312618225,SIMULATED,NORMAL
2026-06-17T16:50:11.209714+00:00,DION_001,373161,-0.4333793957123937,SIMULATED,NORMAL
2026-06-17T16:50:11.220131+00:00,DION_001,373162,-0.828801676276824,SIMULATED,NORMAL
2026-06-17T16:50:11.230493+00:00,DION_001,373163,-0.6097544314473431,SIMULATED,NORMAL
2026-06-17T16:50:11.240791+00:00,DION_001,373164,-0.6201300199099521,SIMULATED,NORMAL
2026-06-17T16:50:11.251055+00:00,DION_001,373165,-0.681514757176702,SIMULATED,NORMAL
2026-06-17T16:50:11.261426+00:00,DION_001,373166,-0.8229338659439135,SIMULATED,NORMAL
2026-06-17T16:50:11.271808+00:00,DION_001,373167,-0.8407674473237179,SIMULATED,NORMAL
2026-06-17T16:50:11.282260+00:00,DION_001,373168,-0.8897767872664812,SIMULATED,NORMAL
2026-06-17T16:50:11.292796+00:00,DION_001,373169,-0.6790341939312174,SIMULATED,NORMAL
2026-06-17T16:50:11.303491+00:00,DION_001,373170,-0.6747001043354849,SIMULATED,NORMAL
2026-06-17T16:50:11.314053+00:00,DION_001,373171,-1.2074741885707052,SIMULATED,NORMAL
2026-06-17T16:50:11.324681+00:00,DION_001,373172,-0.8793221892709514,SIMULATED,NORMAL
2026-06-17T16:50:11.335597+00:00,DION_001,373173,-0.8582976376248799,SIMULATED,NORMAL
2026-06-17T16:50:11.346187+00:00,DION_001,373174,-1.0114674797296348,SIMULATED,NORMAL
2026-06-17T16:50:11.356777+00:00,DION_001,373175,-0.9491868685418554,SIMULATED,NORMAL
2026-06-17T16:50:11.367715+00:00,DION_001,373176,-0.5692652550345463,SIMULATED,NORMAL
2026-06-17T16:50:11.378249+00:00,DION_001,373177,-0.9263997427775692,SIMULATED,NORMAL
2026-06-17T16:50:11.388829+00:00,DION_001,373178,-0.7877092516799256,SIMULATED,NORMAL
2026-06-17T16:50:11.399407+00:00,DION_001,373179,-1.1909045795084492,SIMULATED,NORMAL
2026-06-17T16:50:11.410106+00:00,DION_001,373180,-0.9838561057441216,SIMULATED,NORMAL
2026-06-17T16:50:11.420755+00:00,DION_001,373181,-0.9417343537286477,SIMULATED,NORMAL
2026-06-17T16:50:11.431275+00:00,DION_001,373182,-0.8576172233745266,SIMULATED,NORMAL
2026-06-17T16:50:11.441952+00:00,DION_001,373183,-1.1065323137464593,SIMULATED,NORMAL
2026-06-17T16:50:11.452410+00:00,DION_001,373184,-0.9107508737222175,SIMULATED,NORMAL
2026-06-17T16:50:11.463101+00:00,DION_001,373185,-1.0830425344303118,SIMULATED,NORMAL
2026-06-17T16:50:11.473784+00:00,DION_001,373186,-0.8567703350759241,SIMULATED,NORMAL
2026-06-17T16:50:11.484303+00:00,DION_001,373187,-0.8548215179751026,SIMULATED,NORMAL
2026-06-17T16:50:11.495075+00:00,DION_001,373188,-1.088283663200338,SIMULATED,NORMAL
2026-06-17T16:50:11.505671+00:00,DION_001,373189,-0.8724907944710409,SIMULATED,NORMAL
2026-06-17T16:50:11.516263+00:00,DION_001,373190,-0.9788761304446828,SIMULATED,NORMAL
2026-06-17T16:50:11.527007+00:00,DION_001,373191,-0.9292776171974132,SIMULATED,NORMAL
2026-06-17T16:50:11.537565+00:00,DION_001,373192,-0.5304100269201597,SIMULATED,NORMAL
2026-06-17T16:50:11.548242+00:00,DION_001,373193,-0.5536023004043922,SIMULATED,NORMAL
2026-06-17T16:50:11.558734+00:00,DION_001,373194,-0.8658644674777072,SIMULATED,NORMAL
2026-06-17T16:50:11.569100+00:00,DION_001,373195,-0.5616816593564532,SIMULATED,NORMAL
2026-06-17T16:50:11.579561+00:00,DION_001,373196,-0.7656884326618362,SIMULATED,NORMAL
2026-06-17T16:50:11.590026+00:00,DION_001,373197,-0.8672523518691291,SIMULATED,NORMAL
2026-06-17T16:50:11.600644+00:00,DION_001,373198,-0.5660209850591139,SIMULATED,NORMAL
2026-06-17T16:50:11.611293+00:00,DION_001,373199,-0.7488224043280378,SIMULATED,NORMAL
2026-06-17T16:50:11.621990+00:00,DION_001,373200,-0.4348490973083777,SIMULATED,NORMAL
2026-06-17T16:50:11.632808+00:00,DION_001,373201,-0.7037138775755436,SIMULATED,NORMAL
2026-06-17T16:50:11.643346+00:00,DION_001,373202,-0.4082564190301019,SIMULATED,NORMAL
2026-06-17T16:50:11.653840+00:00,DION_001,373203,-0.33722025465991756,SIMULATED,NORMAL
2026-06-17T16:50:11.664382+00:00,DION_001,373204,-0.2036452497078466,SIMULATED,NORMAL
2026-06-17T16:50:11.675203+00:00,DION_001,373205,-0.2293008975861532,SIMULATED,NORMAL
2026-06-17T16:50:11.685541+00:00,DION_001,373206,-0.2870474985970932,SIMULATED,NORMAL
2026-06-17T16:50:11.696255+00:00,DION_001,373207,-0.10966852110682021,SIMULATED,NORMAL
2026-06-17T16:50:11.707024+00:00,DION_001,373208,-0.29118310197991637,SIMULATED,NORMAL
2026-06-17T16:50:11.717500+00:00,DION_001,373209,-0.06765631308849482,SIMULATED,NORMAL
2026-06-17T16:50:11.728071+00:00,DION_001,373210,-0.24145601333538602,SIMULATED,NORMAL
2026-06-17T16:50:11.738453+00:00,DION_001,373211,-0.20187686213124084,SIMULATED,NORMAL
2026-06-17T16:50:11.748988+00:00,DION_001,373212,0.19397357937864568,SIMULATED,NORMAL
2026-06-17T16:50:11.759618+00:00,DION_001,373213,-0.19446958949455923,SIMULATED,NORMAL
2026-06-17T16:50:11.770031+00:00,DION_001,373214,-0.2410266539459493,SIMULATED,NORMAL
2026-06-17T16:50:11.780459+00:00,DION_001,373215,0.0015351596832543397,SIMULATED,NORMAL
2026-06-17T16:50:11.791373+00:00,DION_001,373216,-0.05830012212703033,SIMULATED,NORMAL
2026-06-17T16:50:11.801722+00:00,DION_001,373217,0.044923051810927844,SIMULATED,NORMAL
2026-06-17T16:50:11.812108+00:00,DION_001,373218,0.04966620194994267,SIMULATED,NORMAL
2026-06-17T16:50:11.822648+00:00,DION_001,373219,0.26211302790605556,SIMULATED,NORMAL
2026-06-17T16:50:11.833236+00:00,DION_001,373220,-0.08721033190281888,SIMULATED,NORMAL
2026-06-17T16:50:11.844039+00:00,DION_001,373221,0.225023453661672,SIMULATED,NORMAL
2026-06-17T16:50:11.854886+00:00,DION_001,373222,0.42984416893575367,SIMULATED,NORMAL
2026-06-17T16:50:11.865443+00:00,DION_001,373223,0.08193351944976793,SIMULATED,NORMAL
2026-06-17T16:50:11.876103+00:00,DION_001,373224,0.0791451918395844,SIMULATED,NORMAL
2026-06-17T16:50:11.886745+00:00,DION_001,373225,0.2966070627746499,SIMULATED,NORMAL
2026-06-17T16:50:11.897178+00:00,DION_001,373226,0.052202512214958946,SIMULATED,NORMAL
2026-06-17T16:50:11.907649+00:00,DION_001,373227,0.319839848007452,SIMULATED,NORMAL
2026-06-17T16:50:11.918211+00:00,DION_001,373228,0.47295640709244324,SIMULATED,NORMAL
2026-06-17T16:50:11.928691+00:00,DION_001,373229,0.08341700696457907,SIMULATED,NORMAL
2026-06-17T16:50:11.939234+00:00,DION_001,373230,0.23363250782805098,SIMULATED,NORMAL
2026-06-17T16:50:11.949745+00:00,DION_001,373231,0.24403806439350098,SIMULATED,NORMAL
2026-06-17T16:50:11.960215+00:00,DION_001,373232,0.24908886367072647,SIMULATED,NORMAL
2026-06-17T16:50:11.970936+00:00,DION_001,373233,0.38618878789368427,SIMULATED,NORMAL
2026-06-17T16:50:11.981490+00:00,DION_001,373234,0.29754765553466905,SIMULATED,NORMAL
2026-06-17T16:50:11.992081+00:00,DION_001,373235,0.3005134247294654,SIMULATED,NORMAL
2026-06-17T16:50:12.002780+00:00,DION_001,373236,0.2841850586118758,SIMULATED,NORMAL
2026-06-17T16:50:12.013428+00:00,DION_001,373237,0.3088994435435303,SIMULATED,NORMAL
2026-06-17T16:50:12.023975+00:00,DION_001,373238,0.04021714099396406,SIMULATED,NORMAL
2026-06-17T16:50:12.034639+00:00,DION_001,373239,-0.0771802950773107,SIMULATED,NORMAL
2026-06-17T16:50:12.045394+00:00,DION_001,373240,0.4514476726586416,SIMULATED,NORMAL
2026-06-17T16:50:12.056086+00:00,DION_001,373241,0.035026929440111834,SIMULATED,NORMAL
2026-06-17T16:50:12.066682+00:00,DION_001,373242,0.41821650715184966,SIMULATED,NORMAL
2026-06-17T16:50:12.077247+00:00,DION_001,373243,0.10249948807121101,SIMULATED,NORMAL
2026-06-17T16:50:12.088417+00:00,DION_001,373244,-0.07305838637649756,SIMULATED,NORMAL
2026-06-17T16:50:12.099257+00:00,DION_001,373245,-0.20434044027536089,SIMULATED,NORMAL
2026-06-17T16:50:12.109940+00:00,DION_001,373246,0.27038369010107544,SIMULATED,NORMAL
2026-06-17T16:50:12.120665+00:00,DION_001,373247,0.3320738625537426,SIMULATED,NORMAL
2026-06-17T16:50:12.131275+00:00,DION_001,373248,0.11243811380076968,SIMULATED,NORMAL
2026-06-17T16:50:12.141927+00:00,DION_001,373249,0.10977955785390553,SIMULATED,NORMAL
2026-06-17T16:50:12.152481+00:00,DION_001,373250,-0.172357627628147,SIMULATED,NORMAL
2026-06-17T16:50:12.163333+00:00,DION_001,373251,-0.13221824212904335,SIMULATED,NORMAL
2026-06-17T16:50:12.173865+00:00,DION_001,373252,-0.03395019575061638,SIMULATED,NORMAL
2026-06-17T16:50:12.184393+00:00,DION_001,373253,0.10284614740976036,SIMULATED,NORMAL
2026-06-17T16:50:12.195037+00:00,DION_001,373254,-0.24164973000309203,SIMULATED,NORMAL
2026-06-17T16:50:12.205695+00:00,DION_001,373255,-0.3292576272205506,SIMULATED,NORMAL
2026-06-17T16:50:12.216311+00:00,DION_001,373256,-0.10701412925663929,SIMULATED,NORMAL
2026-06-17T16:50:12.227219+00:00,DION_001,373257,-0.06410202138390225,SIMULATED,NORMAL
2026-06-17T16:50:12.238209+00:00,DION_001,373258,-0.2202309545619853,SIMULATED,NORMAL
2026-06-17T16:50:12.248807+00:00,DION_001,373259,0.008432512318361202,SIMULATED,NORMAL
2026-06-17T16:50:12.259438+00:00,DION_001,373260,0.06260024731785557,SIMULATED,NORMAL
2026-06-17T16:50:12.270020+00:00,DION_001,373261,-0.08888347939707172,SIMULATED,NORMAL
2026-06-17T16:50:12.280521+00:00,DION_001,373262,0.17815511896295544,SIMULATED,NORMAL
2026-06-17T16:50:12.291154+00:00,DION_001,373263,0.033182948542458124,SIMULATED,NORMAL
2026-06-17T16:50:12.301550+00:00,DION_001,373264,-0.12788050914242244,SIMULATED,NORMAL
2026-06-17T16:50:12.312056+00:00,DION_001,373265,-0.00748887512466802,SIMULATED,NORMAL
2026-06-17T16:50:12.322556+00:00,DION_001,373266,-0.16944890168010596,SIMULATED,NORMAL
2026-06-17T16:50:12.332972+00:00,DION_001,373267,-0.06190982015045794,SIMULATED,NORMAL
2026-06-17T16:50:12.343255+00:00,DION_001,373268,0.10702684782280009,SIMULATED,NORMAL
2026-06-17T16:50:12.353649+00:00,DION_001,373269,-0.11473858197549694,SIMULATED,NORMAL
2026-06-17T16:50:12.364017+00:00,DION_001,373270,0.3775536846950292,SIMULATED,NORMAL
2026-06-17T16:50:12.374272+00:00,DION_001,373271,0.057751507711629645,SIMULATED,NORMAL
2026-06-17T16:50:12.384642+00:00,DION_001,373272,0.03726768792983752,SIMULATED,NORMAL
2026-06-17T16:50:12.395159+00:00,DION_001,373273,0.12496630331760902,SIMULATED,NORMAL
2026-06-17T16:50:12.405546+00:00,DION_001,373274,0.17693709899240978,SIMULATED,NORMAL
2026-06-17T16:50:12.415920+00:00,DION_001,373275,0.03626653678010053,SIMULATED,NORMAL
2026-06-17T16:50:12.426766+00:00,DION_001,373276,0.24050852391177516,SIMULATED,NORMAL
2026-06-17T16:50:12.437453+00:00,DION_001,373277,0.40253188705979637,SIMULATED,NORMAL
2026-06-17T16:50:12.447810+00:00,DION_001,373278,0.2939138545389264,SIMULATED,NORMAL
2026-06-17T16:50:12.458176+00:00,DION_001,373279,0.5786534008427315,SIMULATED,NORMAL
2026-06-17T16:50:12.468528+00:00,DION_001,373280,0.614084987385808,SIMULATED,NORMAL
2026-06-17T16:50:12.479152+00:00,DION_001,373281,0.5080136594552687,SIMULATED,NORMAL
2026-06-17T16:50:12.489790+00:00,DION_001,373282,0.7098930159932599,SIMULATED,NORMAL
2026-06-17T16:50:12.500672+00:00,DION_001,373283,0.6247991266046594,SIMULATED,NORMAL
2026-06-17T16:50:12.511246+00:00,DION_001,373284,0.8988056734376657,SIMULATED,NORMAL
2026-06-17T16:50:12.521974+00:00,DION_001,373285,0.42796147650742683,SIMULATED,NORMAL
2026-06-17T16:50:12.532621+00:00,DION_001,373286,0.6386955927183092,SIMULATED,NORMAL
2026-06-17T16:50:12.543177+00:00,DION_001,373287,0.5596721052019769,SIMULATED,NORMAL
2026-06-17T16:50:12.553933+00:00,DION_001,373288,0.9085682069602162,SIMULATED,NORMAL
2026-06-17T16:50:12.564465+00:00,DION_001,373289,1.1348595864473863,SIMULATED,NORMAL
2026-06-17T16:50:12.574990+00:00,DION_001,373290,0.7170065142271789,SIMULATED,NORMAL
2026-06-17T16:50:12.585763+00:00,DION_001,373291,0.6184533319317196,SIMULATED,NORMAL
2026-06-17T16:50:12.596405+00:00,DION_001,373292,1.3186052787980416,SIMULATED,NORMAL
2026-06-17T16:50:12.607019+00:00,DION_001,373293,1.1916052951425817,SIMULATED,NORMAL
2026-06-17T16:50:12.617679+00:00,DION_001,373294,0.9132987886323972,SIMULATED,NORMAL
2026-06-17T16:50:12.628223+00:00,DION_001,373295,1.0980404075994303,SIMULATED,NORMAL
2026-06-17T16:50:12.638984+00:00,DION_001,373296,0.8856124324059906,SIMULATED,NORMAL
2026-06-17T16:50:12.649542+00:00,DION_001,373297,1.1795260260466398,SIMULATED,NORMAL
2026-06-17T16:50:12.660304+00:00,DION_001,373298,1.1356089732389973,SIMULATED,NORMAL
2026-06-17T16:50:12.671256+00:00,DION_001,373299,0.9566462588771117,SIMULATED,NORMAL
2026-06-17T16:50:12.681933+00:00,DION_001,373300,1.2776686614175714,SIMULATED,NORMAL
2026-06-17T16:50:12.692626+00:00,DION_001,373301,1.1699384400314927,SIMULATED,NORMAL
2026-06-17T16:50:12.703107+00:00,DION_001,373302,0.9614704230382946,SIMULATED,NORMAL
2026-06-17T16:50:12.713637+00:00,DION_001,373303,1.0173254098446398,SIMULATED,NORMAL
2026-06-17T16:50:12.724097+00:00,DION_001,373304,0.9954510493501807,SIMULATED,NORMAL
2026-06-17T16:50:12.734686+00:00,DION_001,373305,1.028954641981421,SIMULATED,NORMAL
2026-06-17T16:50:12.745621+00:00,DION_001,373306,1.0822677976059487,SIMULATED,NORMAL
2026-06-17T16:50:12.756107+00:00,DION_001,373307,1.2657627306135117,SIMULATED,NORMAL
2026-06-17T16:50:12.766612+00:00,DION_001,373308,1.0927636786946175,SIMULATED,NORMAL
2026-06-17T16:50:12.777128+00:00,DION_001,373309,1.125653668988032,SIMULATED,NORMAL
2026-06-17T16:50:12.787885+00:00,DION_001,373310,1.088099960637555,SIMULATED,NORMAL
2026-06-17T16:50:12.798391+00:00,DION_001,373311,1.1248075308551748,SIMULATED,NORMAL
2026-06-17T16:50:12.808716+00:00,DION_001,373312,1.1558255519698355,SIMULATED,NORMAL
2026-06-17T16:50:12.819077+00:00,DION_001,373313,0.9522924286410176,SIMULATED,NORMAL
2026-06-17T16:50:12.829532+00:00,DION_001,373314,0.9242009962614766,SIMULATED,NORMAL
2026-06-17T16:50:12.839980+00:00,DION_001,373315,0.9112305976257234,SIMULATED,NORMAL
2026-06-17T16:50:12.850570+00:00,DION_001,373316,1.0073431544098435,SIMULATED,NORMAL
2026-06-17T16:50:12.861073+00:00,DION_001,373317,1.2564725001468993,SIMULATED,NORMAL
2026-06-17T16:50:12.871940+00:00,DION_001,373318,0.7438022187511696,SIMULATED,NORMAL
2026-06-17T16:50:12.882539+00:00,DION_001,373319,0.9860761350263991,SIMULATED,NORMAL
2026-06-17T16:50:12.893133+00:00,DION_001,373320,0.6418953847438603,SIMULATED,NORMAL
2026-06-17T16:50:12.904177+00:00,DION_001,373321,0.7964481411947677,SIMULATED,NORMAL
2026-06-17T16:50:12.914749+00:00,DION_001,373322,0.7690472358515452,SIMULATED,NORMAL
2026-06-17T16:50:12.925343+00:00,DION_001,373323,3.062365323642737,SIMULATED,EVENT_DETECTED
2026-06-17T16:50:12.936301+00:00,DION_001,373324,0.7478543385665588,SIMULATED,NORMAL
2026-06-17T16:50:12.947143+00:00,DION_001,373325,1.1664359294959943,SIMULATED,NORMAL
2026-06-17T16:50:12.957735+00:00,DION_001,373326,0.829669397752959,SIMULATED,NORMAL
2026-06-17T16:50:12.968443+00:00,DION_001,373327,0.4207086193842846,SIMULATED,NORMAL
2026-06-17T16:50:12.979173+00:00,DION_001,373328,0.36517497449260766,SIMULATED,NORMAL
2026-06-17T16:50:12.989769+00:00,DION_001,373329,0.5743051379662418,SIMULATED,NORMAL
2026-06-17T16:50:13.000361+00:00,DION_001,373330,0.6873696956183837,SIMULATED,NORMAL
2026-06-17T16:50:13.011058+00:00,DION_001,373331,0.4126432268602725,SIMULATED,NORMAL
2026-06-17T16:50:13.021771+00:00,DION_001,373332,0.5979561088034084,SIMULATED,NORMAL
2026-06-17T16:50:13.032406+00:00,DION_001,373333,0.5185604173156344,SIMULATED,NORMAL
2026-06-17T16:50:13.043092+00:00,DION_001,373334,0.440826596393826,SIMULATED,NORMAL
2026-06-17T16:50:13.053724+00:00,DION_001,373335,0.63897954052826,SIMULATED,NORMAL
2026-06-17T16:50:13.064817+00:00,DION_001,373336,0.5557440631435774,SIMULATED,NORMAL
2026-06-17T16:50:13.075542+00:00,DION_001,373337,0.47580421738552947,SIMULATED,NORMAL
2026-06-17T16:50:13.086168+00:00,DION_001,373338,0.559636027178573,SIMULATED,NORMAL
2026-06-17T16:50:13.096734+00:00,DION_001,373339,0.47493133823848543,SIMULATED,NORMAL
2026-06-17T16:50:13.107248+00:00,DION_001,373340,0.40997728579285553,SIMULATED,NORMAL
2026-06-17T16:50:13.117747+00:00,DION_001,373341,0.6222806321659191,SIMULATED,NORMAL
2026-06-17T16:50:13.128161+00:00,DION_001,373342,0.3922106194010463,SIMULATED,NORMAL
2026-06-17T16:50:13.138692+00:00,DION_001,373343,0.6289020162681084,SIMULATED,NORMAL
2026-06-17T16:50:13.149366+00:00,DION_001,373344,0.4745530857746343,SIMULATED,NORMAL
2026-06-17T16:50:13.160215+00:00,DION_001,373345,0.3392126870545954,SIMULATED,NORMAL
2026-06-17T16:50:13.170901+00:00,DION_001,373346,0.5363479819782965,SIMULATED,NORMAL
2026-06-17T16:50:13.181509+00:00,DION_001,373347,0.30188055085901727,SIMULATED,NORMAL
2026-06-17T16:50:13.192112+00:00,DION_001,373348,0.6094149348954828,SIMULATED,NORMAL
2026-06-17T16:50:13.202720+00:00,DION_001,373349,0.06140640512902357,SIMULATED,NORMAL
2026-06-17T16:50:13.213282+00:00,DION_001,373350,0.28748876771083476,SIMULATED,NORMAL
2026-06-17T16:50:13.223875+00:00,DION_001,373351,0.5808912025033907,SIMULATED,NORMAL
2026-06-17T16:50:13.234485+00:00,DION_001,373352,0.331470759493356,SIMULATED,NORMAL
2026-06-17T16:50:13.245046+00:00,DION_001,373353,0.6757340400049086,SIMULATED,NORMAL
2026-06-17T16:50:13.255697+00:00,DION_001,373354,0.4708856942333214,SIMULATED,NORMAL
2026-06-17T16:50:13.266284+00:00,DION_001,373355,0.19172132856906648,SIMULATED,NORMAL
2026-06-17T16:50:13.276943+00:00,DION_001,373356,0.6717633456017241,SIMULATED,NORMAL
2026-06-17T16:50:13.287610+00:00,DION_001,373357,0.4669864107252064,SIMULATED,NORMAL
2026-06-17T16:50:13.298145+00:00,DION_001,373358,0.3920448686732898,SIMULATED,NORMAL
2026-06-17T16:50:13.308674+00:00,DION_001,373359,0.7688486669785212,SIMULATED,NORMAL
2026-06-17T16:50:13.319077+00:00,DION_001,373360,0.5269621413305778,SIMULATED,NORMAL
2026-06-17T16:50:13.329668+00:00,DION_001,373361,0.8070870711677366,SIMULATED,NORMAL
2026-06-17T16:50:13.340139+00:00,DION_001,373362,0.8064725073462047,SIMULATED,NORMAL
2026-06-17T16:50:13.350607+00:00,DION_001,373363,0.8349578961038892,SIMULATED,NORMAL
2026-06-17T16:50:13.361090+00:00,DION_001,373364,0.8010994616912016,SIMULATED,NORMAL
2026-06-17T16:50:13.371562+00:00,DION_001,373365,0.6894870106444458,SIMULATED,NORMAL
2026-06-17T16:50:13.381888+00:00,DION_001,373366,0.8772971777100256,SIMULATED,NORMAL
2026-06-17T16:50:13.392241+00:00,DION_001,373367,1.05248136400575,SIMULATED,NORMAL
2026-06-17T16:50:13.402650+00:00,DION_001,373368,0.7119751472712691,SIMULATED,NORMAL
2026-06-17T16:50:13.413023+00:00,DION_001,373369,0.9102084219342191,SIMULATED,NORMAL
2026-06-17T16:50:13.423382+00:00,DION_001,373370,1.0220599897790794,SIMULATED,NORMAL
2026-06-17T16:50:13.433696+00:00,DION_001,373371,1.2552664612364264,SIMULATED,NORMAL
2026-06-17T16:50:13.444035+00:00,DION_001,373372,0.8563241040934947,SIMULATED,NORMAL
2026-06-17T16:50:13.454533+00:00,DION_001,373373,0.9222748757681206,SIMULATED,NORMAL
2026-06-17T16:50:13.465313+00:00,DION_001,373374,0.8143189076992654,SIMULATED,NORMAL
2026-06-17T16:50:13.475915+00:00,DION_001,373375,0.833334475828622,SIMULATED,NORMAL
2026-06-17T16:50:13.486425+00:00,DION_001,373376,0.833750936367176,SIMULATED,NORMAL
2026-06-17T16:50:13.496990+00:00,DION_001,373377,0.9539008154957764,SIMULATED,NORMAL
2026-06-17T16:50:13.507481+00:00,DION_001,373378,0.937243635420631,SIMULATED,NORMAL
2026-06-17T16:50:13.517932+00:00,DION_001,373379,0.9722478241532242,SIMULATED,NORMAL
2026-06-17T16:50:13.528418+00:00,DION_001,373380,0.8081081878349493,SIMULATED,NORMAL
2026-06-17T16:50:13.539143+00:00,DION_001,373381,1.1084128861048361,SIMULATED,NORMAL
2026-06-17T16:50:13.549702+00:00,DION_001,373382,0.8540850423729814,SIMULATED,NORMAL
2026-06-17T16:50:13.560311+00:00,DION_001,373383,0.6567801117812905,SIMULATED,NORMAL
2026-06-17T16:50:13.571165+00:00,DION_001,373384,1.0428220744494616,SIMULATED,NORMAL
2026-06-17T16:50:13.581653+00:00,DION_001,373385,0.8857171768285843,SIMULATED,NORMAL
2026-06-17T16:50:13.592173+00:00,DION_001,373386,0.758605072339691,SIMULATED,NORMAL
2026-06-17T16:50:13.602892+00:00,DION_001,373387,0.7626074425998208,SIMULATED,NORMAL
2026-06-17T16:50:13.613546+00:00,DION_001,373388,0.6364445386367804,SIMULATED,NORMAL
2026-06-17T16:50:13.624132+00:00,DION_001,373389,1.0047542474496685,SIMULATED,NORMAL
2026-06-17T16:50:13.634733+00:00,DION_001,373390,0.6070964100243179,SIMULATED,NORMAL
2026-06-17T16:50:13.645325+00:00,DION_001,373391,0.3583475520436224,SIMULATED,NORMAL
2026-06-17T16:50:13.655929+00:00,DION_001,373392,0.7023324954256018,SIMULATED,NORMAL
2026-06-17T16:50:13.666391+00:00,DION_001,373393,0.7740377649444954,SIMULATED,NORMAL
2026-06-17T16:50:13.676977+00:00,DION_001,373394,0.4077654379838409,SIMULATED,NORMAL
2026-06-17T16:50:13.688104+00:00,DION_001,373395,0.5402430503501494,SIMULATED,NORMAL
2026-06-17T16:50:13.698806+00:00,DION_001,373396,0.2687705574685151,SIMULATED,NORMAL
2026-06-17T16:50:13.709363+00:00,DION_001,373397,0.4406349514888771,SIMULATED,NORMAL
2026-06-17T16:50:13.719900+00:00,DION_001,373398,0.13124256798568384,SIMULATED,NORMAL
2026-06-17T16:50:13.730433+00:00,DION_001,373399,0.35580680889136196,SIMULATED,NORMAL
2026-06-17T16:50:13.740934+00:00,DION_001,373400,0.26332123958688025,SIMULATED,NORMAL
2026-06-17T16:50:13.751510+00:00,DION_001,373401,0.2864028016631004,SIMULATED,NORMAL
2026-06-17T16:50:13.762055+00:00,DION_001,373402,0.09695503763495913,SIMULATED,NORMAL
2026-06-17T16:50:13.772779+00:00,DION_001,373403,0.3869574186158646,SIMULATED,NORMAL
2026-06-17T16:50:13.783365+00:00,DION_001,373404,-2.7410050694124437,SIMULATED,EVENT_DETECTED
2026-06-17T16:50:13.794116+00:00,DION_001,373405,0.2904985389158995,SIMULATED,NORMAL
2026-06-17T16:50:13.804633+00:00,DION_001,373406,-0.12054651879631514,SIMULATED,NORMAL
2026-06-17T16:50:13.815175+00:00,DION_001,373407,0.10042182991709524,SIMULATED,NORMAL
2026-06-17T16:50:13.825857+00:00,DION_001,373408,0.17517700462682084,SIMULATED,NORMAL
2026-06-17T16:50:13.836619+00:00,DION_001,373409,0.07787419173333976,SIMULATED,NORMAL
2026-06-17T16:50:13.847153+00:00,DION_001,373410,0.13340638285594483,SIMULATED,NORMAL
2026-06-17T16:50:13.857684+00:00,DION_001,373411,-0.4813382683008901,SIMULATED,NORMAL
2026-06-17T16:50:13.868311+00:00,DION_001,373412,-0.12189577588710128,SIMULATED,NORMAL
2026-06-17T16:50:13.878834+00:00,DION_001,373413,-0.49819285328828483,SIMULATED,NORMAL
2026-06-17T16:50:13.889722+00:00,DION_001,373414,-0.1512726364997857,SIMULATED,NORMAL
2026-06-17T16:50:13.900461+00:00,DION_001,373415,-0.03991595501424258,SIMULATED,NORMAL
2026-06-17T16:50:13.911329+00:00,DION_001,373416,-0.351237995112504,SIMULATED,NORMAL
2026-06-17T16:50:13.921930+00:00,DION_001,373417,-0.1853964177196975,SIMULATED,NORMAL
2026-06-17T16:50:13.932904+00:00,DION_001,373418,-0.30900372175094615,SIMULATED,NORMAL
2026-06-17T16:50:13.943382+00:00,DION_001,373419,-0.5633982761200378,SIMULATED,NORMAL
2026-06-17T16:50:13.954054+00:00,DION_001,373420,-0.602790188884704,SIMULATED,NORMAL
2026-06-17T16:50:13.964624+00:00,DION_001,373421,-0.040835784536770614,SIMULATED,NORMAL
2026-06-17T16:50:13.975411+00:00,DION_001,373422,-0.21264342526479035,SIMULATED,NORMAL
2026-06-17T16:50:13.986058+00:00,DION_001,373423,-0.2883487862336195,SIMULATED,NORMAL
2026-06-17T16:50:13.996755+00:00,DION_001,373424,-0.2773383113849937,SIMULATED,NORMAL
2026-06-17T16:50:14.007278+00:00,DION_001,373425,-0.5003676728878166,SIMULATED,NORMAL
2026-06-17T16:50:14.017925+00:00,DION_001,373426,-0.11571741282860581,SIMULATED,NORMAL
2026-06-17T16:50:14.028655+00:00,DION_001,373427,-0.5888672125792016,SIMULATED,NORMAL
2026-06-17T16:50:14.039311+00:00,DION_001,373428,-0.3228359041403462,SIMULATED,NORMAL
2026-06-17T16:50:14.049881+00:00,DION_001,373429,-0.22972862369783992,SIMULATED,NORMAL
2026-06-17T16:50:14.060423+00:00,DION_001,373430,-0.1160883298544444,SIMULATED,NORMAL
2026-06-17T16:50:14.071135+00:00,DION_001,373431,-0.41408322802564884,SIMULATED,NORMAL
2026-06-17T16:50:14.081704+00:00,DION_001,373432,-0.5310224921483119,SIMULATED,NORMAL
2026-06-17T16:50:14.092281+00:00,DION_001,373433,-0.334599782945796,SIMULATED,NORMAL
2026-06-17T16:50:14.102884+00:00,DION_001,373434,-0.49819079354132756,SIMULATED,NORMAL
2026-06-17T16:50:14.113469+00:00,DION_001,373435,-0.04933823970665155,SIMULATED,NORMAL
2026-06-17T16:50:14.124077+00:00,DION_001,373436,-0.25419255629592447,SIMULATED,NORMAL
2026-06-17T16:50:14.134602+00:00,DION_001,373437,-0.19291598007033137,SIMULATED,NORMAL
2026-06-17T16:50:14.145055+00:00,DION_001,373438,-0.13197684951751895,SIMULATED,NORMAL
2026-06-17T16:50:14.155532+00:00,DION_001,373439,-0.37599644428714096,SIMULATED,NORMAL
2026-06-17T16:50:14.166047+00:00,DION_001,373440,-0.21038769816646227,SIMULATED,NORMAL
2026-06-17T16:50:14.176521+00:00,DION_001,373441,-0.29381687339371715,SIMULATED,NORMAL
2026-06-17T16:50:14.187353+00:00,DION_001,373442,0.16399286007018257,SIMULATED,NORMAL
2026-06-17T16:50:14.197926+00:00,DION_001,373443,-0.36564278689051,SIMULATED,NORMAL
2026-06-17T16:50:14.208409+00:00,DION_001,373444,-0.30120311250852705,SIMULATED,NORMAL
2026-06-17T16:50:14.219057+00:00,DION_001,373445,-0.13907979358645348,SIMULATED,NORMAL
2026-06-17T16:50:14.229404+00:00,DION_001,373446,0.11207943958973368,SIMULATED,NORMAL
2026-06-17T16:50:14.239900+00:00,DION_001,373447,-0.15567439676227385,SIMULATED,NORMAL
2026-06-17T16:50:14.250508+00:00,DION_001,373448,-0.11304713335952832,SIMULATED,NORMAL
2026-06-17T16:50:14.260976+00:00,DION_001,373449,0.04866430266545976,SIMULATED,NORMAL
2026-06-17T16:50:14.271724+00:00,DION_001,373450,-0.1299769024327083,SIMULATED,NORMAL
2026-06-17T16:50:14.282283+00:00,DION_001,373451,-0.20489096114304356,SIMULATED,NORMAL
2026-06-17T16:50:14.293068+00:00,DION_001,373452,0.015504945530346759,SIMULATED,NORMAL
2026-06-17T16:50:14.303690+00:00,DION_001,373453,-0.008280280011169651,SIMULATED,NORMAL
2026-06-17T16:50:14.314426+00:00,DION_001,373454,-0.028779963728737264,SIMULATED,NORMAL
2026-06-17T16:50:14.325098+00:00,DION_001,373455,0.08292626122046126,SIMULATED,NORMAL
2026-06-17T16:50:14.335723+00:00,DION_001,373456,-0.19816980214974056,SIMULATED,NORMAL
2026-06-17T16:50:14.346642+00:00,DION_001,373457,-0.055791127437715866,SIMULATED,NORMAL
2026-06-17T16:50:14.357488+00:00,DION_001,373458,-0.31841585776884834,SIMULATED,NORMAL
2026-06-17T16:50:14.368086+00:00,DION_001,373459,0.036211216880577754,SIMULATED,NORMAL
2026-06-17T16:50:14.378661+00:00,DION_001,373460,0.14855817432328247,SIMULATED,NORMAL
2026-06-17T16:50:14.389296+00:00,DION_001,373461,-0.07500189235439421,SIMULATED,NORMAL
2026-06-17T16:50:14.400051+00:00,DION_001,373462,0.04330332515569803,SIMULATED,NORMAL
2026-06-17T16:50:14.410755+00:00,DION_001,373463,-0.3433581066229072,SIMULATED,NORMAL
2026-06-17T16:50:14.421144+00:00,DION_001,373464,-0.10799151289251953,SIMULATED,NORMAL
2026-06-17T16:50:14.431667+00:00,DION_001,373465,-0.13594339082522633,SIMULATED,NORMAL
2026-06-17T16:50:14.442112+00:00,DION_001,373466,-0.01270393288514371,SIMULATED,NORMAL
2026-06-17T16:50:14.452492+00:00,DION_001,373467,-0.4368174494800668,SIMULATED,NORMAL
2026-06-17T16:50:14.462992+00:00,DION_001,373468,-0.3209136271708611,SIMULATED,NORMAL
2026-06-17T16:50:14.473415+00:00,DION_001,373469,-0.32844785027458256,SIMULATED,NORMAL
2026-06-17T16:50:14.483869+00:00,DION_001,373470,-0.26000525402496244,SIMULATED,NORMAL
2026-06-17T16:50:14.494208+00:00,DION_001,373471,-0.34030248082607484,SIMULATED,NORMAL
2026-06-17T16:50:14.504535+00:00,DION_001,373472,-0.4409119482786193,SIMULATED,NORMAL
2026-06-17T16:50:14.515012+00:00,DION_001,373473,-0.2998579855693202,SIMULATED,NORMAL
2026-06-17T16:50:14.525435+00:00,DION_001,373474,-0.25259849886055996,SIMULATED,NORMAL
2026-06-17T16:50:14.535849+00:00,DION_001,373475,-0.46103984775219836,SIMULATED,NORMAL
2026-06-17T16:50:14.546384+00:00,DION_001,373476,-0.5844493976739316,SIMULATED,NORMAL
2026-06-17T16:50:14.556806+00:00,DION_001,373477,-0.3709938111908998,SIMULATED,NORMAL
2026-06-17T16:50:14.567306+00:00,DION_001,373478,-0.5323696791521365,SIMULATED,NORMAL
2026-06-17T16:50:14.577660+00:00,DION_001,373479,-0.7129487075527979,SIMULATED,NORMAL
2026-06-17T16:50:14.588215+00:00,DION_001,373480,-0.6360749081638123,SIMULATED,NORMAL
2026-06-17T16:50:14.598748+00:00,DION_001,373481,-0.613754866305168,SIMULATED,NORMAL
2026-06-17T16:50:14.609428+00:00,DION_001,373482,-0.80465083604496,SIMULATED,NORMAL
2026-06-17T16:50:14.619980+00:00,DION_001,373483,-0.6898259522289405,SIMULATED,NORMAL
2026-06-17T16:50:14.630596+00:00,DION_001,373484,-0.8688576638128233,SIMULATED,NORMAL
2026-06-17T16:50:14.641310+00:00,DION_001,373485,-0.7136946132745925,SIMULATED,NORMAL
2026-06-17T16:50:14.652142+00:00,DION_001,373486,-0.7369315508938998,SIMULATED,NORMAL
2026-06-17T16:50:14.663317+00:00,DION_001,373487,-0.9443109620186895,SIMULATED,NORMAL
2026-06-17T16:50:14.673971+00:00,DION_001,373488,-0.9389798578373317,SIMULATED,NORMAL
2026-06-17T16:50:14.684645+00:00,DION_001,373489,-0.8416476460453102,SIMULATED,NORMAL
2026-06-17T16:50:14.695240+00:00,DION_001,373490,-0.9889824845246725,SIMULATED,NORMAL
2026-06-17T16:50:14.705740+00:00,DION_001,373491,-1.0437325064496739,SIMULATED,NORMAL
2026-06-17T16:50:14.716269+00:00,DION_001,373492,-1.2968782685427929,SIMULATED,NORMAL
2026-06-17T16:50:14.727254+00:00,DION_001,373493,-1.1356759006027763,SIMULATED,NORMAL
2026-06-17T16:50:14.738048+00:00,DION_001,373494,-1.1091752231896037,SIMULATED,NORMAL
2026-06-17T16:50:14.748637+00:00,DION_001,373495,-1.2600453623007175,SIMULATED,NORMAL
2026-06-17T16:50:14.759563+00:00,DION_001,373496,-1.275017581186003,SIMULATED,NORMAL
2026-06-17T16:50:14.770191+00:00,DION_001,373497,-1.2632791556885146,SIMULATED,NORMAL
2026-06-17T16:50:14.780822+00:00,DION_001,373498,-0.9916178435846373,SIMULATED,NORMAL
2026-06-17T16:50:14.791441+00:00,DION_001,373499,-1.249415132156086,SIMULATED,NORMAL
2026-06-17T16:50:14.801905+00:00,DION_001,373500,-1.2249766959181674,SIMULATED,NORMAL
2026-06-17T16:50:14.812442+00:00,DION_001,373501,-1.1462947372086143,SIMULATED,NORMAL
2026-06-17T16:50:14.823487+00:00,DION_001,373502,-1.0128291944748358,SIMULATED,NORMAL
2026-06-17T16:50:14.834207+00:00,DION_001,373503,-1.0541340182232333,SIMULATED,NORMAL
2026-06-17T16:50:14.844692+00:00,DION_001,373504,-1.0727271490236487,SIMULATED,NORMAL
2026-06-17T16:50:14.855272+00:00,DION_001,373505,-1.2908017942310144,SIMULATED,NORMAL
2026-06-17T16:50:14.865880+00:00,DION_001,373506,-1.1177316864522864,SIMULATED,NORMAL
2026-06-17T16:50:14.876376+00:00,DION_001,373507,-1.2514297085701922,SIMULATED,NORMAL
2026-06-17T16:50:14.887270+00:00,DION_001,373508,-0.9016535407882973,SIMULATED,NORMAL
2026-06-17T16:50:14.897832+00:00,DION_001,373509,-0.7917992011864824,SIMULATED,NORMAL
2026-06-17T16:50:14.908400+00:00,DION_001,373510,-1.12729622440864,SIMULATED,NORMAL
2026-06-17T16:50:14.919118+00:00,DION_001,373511,-1.1540207004353011,SIMULATED,NORMAL
2026-06-17T16:50:14.929604+00:00,DION_001,373512,-1.2305621757878755,SIMULATED,NORMAL
2026-06-17T16:50:14.940213+00:00,DION_001,373513,-0.9820475376531983,SIMULATED,NORMAL
2026-06-17T16:50:14.950798+00:00,DION_001,373514,-0.8278785750292598,SIMULATED,NORMAL
2026-06-17T16:50:14.961379+00:00,DION_001,373515,-1.0373601964958914,SIMULATED,NORMAL
2026-06-17T16:50:14.972045+00:00,DION_001,373516,-0.9520374483040546,SIMULATED,NORMAL
2026-06-17T16:50:14.982576+00:00,DION_001,373517,-1.0904904712807748,SIMULATED,NORMAL
2026-06-17T16:50:14.993010+00:00,DION_001,373518,-0.9831871806183531,SIMULATED,NORMAL
2026-06-17T16:50:15.003497+00:00,DION_001,373519,-0.6381400465074889,SIMULATED,NORMAL
2026-06-17T16:50:15.013884+00:00,DION_001,373520,-0.7180707315734683,SIMULATED,NORMAL
2026-06-17T16:50:15.024320+00:00,DION_001,373521,-0.1890648400652012,SIMULATED,NORMAL
2026-06-17T16:50:15.034818+00:00,DION_001,373522,-0.6318655688365025,SIMULATED,NORMAL
2026-06-17T16:50:15.045182+00:00,DION_001,373523,-0.5835255042878204,SIMULATED,NORMAL
2026-06-17T16:50:15.055651+00:00,DION_001,373524,-0.5253426968283991,SIMULATED,NORMAL
2026-06-17T16:50:15.066232+00:00,DION_001,373525,-0.4765551955232278,SIMULATED,NORMAL
2026-06-17T16:50:15.076840+00:00,DION_001,373526,-0.6546858980595323,SIMULATED,NORMAL
2026-06-17T16:50:15.087554+00:00,DION_001,373527,-0.6329602321585518,SIMULATED,NORMAL
2026-06-17T16:50:15.098209+00:00,DION_001,373528,-0.6273043045457478,SIMULATED,NORMAL
2026-06-17T16:50:15.108903+00:00,DION_001,373529,-0.3222260417004905,SIMULATED,NORMAL
2026-06-17T16:50:15.119482+00:00,DION_001,373530,-0.3696550163953191,SIMULATED,NORMAL
2026-06-17T16:50:15.129916+00:00,DION_001,373531,-0.13072017099379019,SIMULATED,NORMAL
2026-06-17T16:50:15.140287+00:00,DION_001,373532,-0.32817332728096144,SIMULATED,NORMAL
2026-06-17T16:50:15.150719+00:00,DION_001,373533,-0.3599659532664064,SIMULATED,NORMAL
2026-06-17T16:50:15.161273+00:00,DION_001,373534,2.3384838611518126,SIMULATED,EVENT_DETECTED
2026-06-17T16:50:15.172451+00:00,DION_001,373535,-0.1267778514569723,SIMULATED,NORMAL
2026-06-17T16:50:15.183291+00:00,DION_001,373536,-0.3653752148917598,SIMULATED,NORMAL
2026-06-17T16:50:15.194183+00:00,DION_001,373537,-0.2379013536180405,SIMULATED,NORMAL
2026-06-17T16:50:15.204880+00:00,DION_001,373538,-0.3211476095213505,SIMULATED,NORMAL
2026-06-17T16:50:15.215482+00:00,DION_001,373539,-0.6222728531335124,SIMULATED,NORMAL
2026-06-17T16:50:15.226097+00:00,DION_001,373540,-0.30257292876650543,SIMULATED,NORMAL
2026-06-17T16:50:15.236686+00:00,DION_001,373541,-0.5525865370077878,SIMULATED,NORMAL
2026-06-17T16:50:15.247253+00:00,DION_001,373542,-0.2285278605206991,SIMULATED,NORMAL
2026-06-17T16:50:15.257850+00:00,DION_001,373543,-0.25190404786535797,SIMULATED,NORMAL
2026-06-17T16:50:15.268711+00:00,DION_001,373544,-0.4543432475118679,SIMULATED,NORMAL
2026-06-17T16:50:15.279425+00:00,DION_001,373545,-0.6267384327688628,SIMULATED,NORMAL
2026-06-17T16:50:15.290029+00:00,DION_001,373546,-0.6500130666457988,SIMULATED,NORMAL
2026-06-17T16:50:15.300760+00:00,DION_001,373547,-0.2751574645622332,SIMULATED,NORMAL
2026-06-17T16:50:15.311464+00:00,DION_001,373548,-0.5224955385237717,SIMULATED,NORMAL
2026-06-17T16:50:15.322086+00:00,DION_001,373549,-0.5038868734243432,SIMULATED,NORMAL
2026-06-17T16:50:15.332675+00:00,DION_001,373550,-0.18646714970346762,SIMULATED,NORMAL
2026-06-17T16:50:15.343284+00:00,DION_001,373551,-0.4197394606484226,SIMULATED,NORMAL
2026-06-17T16:50:15.353875+00:00,DION_001,373552,-0.38690144093530465,SIMULATED,NORMAL
2026-06-17T16:50:15.364491+00:00,DION_001,373553,-0.5448849697302031,SIMULATED,NORMAL
2026-06-17T16:50:15.375223+00:00,DION_001,373554,-0.49315829328799565,SIMULATED,NORMAL
2026-06-17T16:50:15.385816+00:00,DION_001,373555,-0.36799561728788865,SIMULATED,NORMAL
2026-06-17T16:50:15.396391+00:00,DION_001,373556,-0.4588846015028225,SIMULATED,NORMAL
2026-06-17T16:50:15.407139+00:00,DION_001,373557,-0.8870465439417294,SIMULATED,NORMAL
2026-06-17T16:50:15.417704+00:00,DION_001,373558,-0.7613819982022445,SIMULATED,NORMAL
2026-06-17T16:50:15.428310+00:00,DION_001,373559,-0.8263495859807539,SIMULATED,NORMAL
2026-06-17T16:50:15.438914+00:00,DION_001,373560,-0.53851125650598,SIMULATED,NORMAL
2026-06-17T16:50:15.449569+00:00,DION_001,373561,-0.8179461243825203,SIMULATED,NORMAL
2026-06-17T16:50:15.460442+00:00,DION_001,373562,-0.7941504654631197,SIMULATED,NORMAL
2026-06-17T16:50:15.471313+00:00,DION_001,373563,-0.5643591620694401,SIMULATED,NORMAL
2026-06-17T16:50:15.481916+00:00,DION_001,373564,-0.556166683290775,SIMULATED,NORMAL
2026-06-17T16:50:15.492823+00:00,DION_001,373565,-0.6360416883867585,SIMULATED,NORMAL
2026-06-17T16:50:15.503466+00:00,DION_001,373566,-0.7356247129849802,SIMULATED,NORMAL
2026-06-17T16:50:15.513945+00:00,DION_001,373567,-0.7068208953877566,SIMULATED,NORMAL
2026-06-17T16:50:15.524333+00:00,DION_001,373568,-0.9536194399391636,SIMULATED,NORMAL
2026-06-17T16:50:15.534705+00:00,DION_001,373569,-0.8517121986335593,SIMULATED,NORMAL
2026-06-17T16:50:15.545016+00:00,DION_001,373570,-1.0195262409828223,SIMULATED,NORMAL
2026-06-17T16:50:15.555412+00:00,DION_001,373571,-0.6963513024289713,SIMULATED,NORMAL
2026-06-17T16:50:15.565897+00:00,DION_001,373572,-1.1874407415623094,SIMULATED,NORMAL
2026-06-17T16:50:15.576313+00:00,DION_001,373573,-0.7849113851959504,SIMULATED,NORMAL
2026-06-17T16:50:15.586744+00:00,DION_001,373574,-0.7919349305198056,SIMULATED,NORMAL
2026-06-17T16:50:15.597068+00:00,DION_001,373575,-1.0903829215397347,SIMULATED,NORMAL
2026-06-17T16:50:15.607465+00:00,DION_001,373576,-0.8145491804615396,SIMULATED,NORMAL
2026-06-17T16:50:15.618167+00:00,DION_001,373577,-0.9565793231446866,SIMULATED,NORMAL
2026-06-17T16:50:15.628705+00:00,DION_001,373578,-0.8013522645789678,SIMULATED,NORMAL
2026-06-17T16:50:15.639099+00:00,DION_001,373579,-0.6720127313096986,SIMULATED,NORMAL
2026-06-17T16:50:15.649532+00:00,DION_001,373580,-0.6582225940815689,SIMULATED,NORMAL
2026-06-17T16:50:15.660188+00:00,DION_001,373581,-0.5277584054303209,SIMULATED,NORMAL
2026-06-17T16:50:15.670701+00:00,DION_001,373582,-0.7705936205734072,SIMULATED,NORMAL
2026-06-17T16:50:15.681343+00:00,DION_001,373583,-0.735356955149414,SIMULATED,NORMAL
2026-06-17T16:50:15.691902+00:00,DION_001,373584,-0.48728353847679295,SIMULATED,NORMAL
2026-06-17T16:50:15.702411+00:00,DION_001,373585,-0.6040451026540301,SIMULATED,NORMAL
2026-06-17T16:50:15.712915+00:00,DION_001,373586,-0.8875635874512622,SIMULATED,NORMAL
2026-06-17T16:50:15.723507+00:00,DION_001,373587,-0.5131309705935483,SIMULATED,NORMAL
2026-06-17T16:50:15.734084+00:00,DION_001,373588,-0.6328986564759871,SIMULATED,NORMAL
2026-06-17T16:50:15.744661+00:00,DION_001,373589,-0.4808387503024436,SIMULATED,NORMAL
2026-06-17T16:50:15.755447+00:00,DION_001,373590,-0.6269292227156202,SIMULATED,NORMAL
2026-06-17T16:50:15.766028+00:00,DION_001,373591,-0.13611588723745155,SIMULATED,NORMAL
2026-06-17T16:50:15.776691+00:00,DION_001,373592,-0.43239101531049823,SIMULATED,NORMAL
2026-06-17T16:50:15.787555+00:00,DION_001,373593,-0.32057254038104627,SIMULATED,NORMAL
2026-06-17T16:50:15.798163+00:00,DION_001,373594,-0.22001215789553755,SIMULATED,NORMAL
2026-06-17T16:50:15.808785+00:00,DION_001,373595,-0.18177091263068734,SIMULATED,NORMAL
2026-06-17T16:50:15.819427+00:00,DION_001,373596,-0.3234590322806574,SIMULATED,NORMAL
2026-06-17T16:50:15.830049+00:00,DION_001,373597,-0.4026944257559686,SIMULATED,NORMAL
2026-06-17T16:50:15.840689+00:00,DION_001,373598,0.044485805126266514,SIMULATED,NORMAL
2026-06-17T16:50:15.851317+00:00,DION_001,373599,-0.16328164892389602,SIMULATED,NORMAL
2026-06-17T16:50:15.861932+00:00,DION_001,373600,0.0841123817924453,SIMULATED,NORMAL
2026-06-17T16:50:15.872464+00:00,DION_001,373601,0.19991319377913286,SIMULATED,NORMAL
2026-06-17T16:50:15.883302+00:00,DION_001,373602,-0.03044539923123399,SIMULATED,NORMAL
2026-06-17T16:50:15.893873+00:00,DION_001,373603,0.11798630799821887,SIMULATED,NORMAL
2026-06-17T16:50:15.904519+00:00,DION_001,373604,-0.0602254307610641,SIMULATED,NORMAL
2026-06-17T16:50:15.915258+00:00,DION_001,373605,0.22114802388048332,SIMULATED,NORMAL
2026-06-17T16:50:15.925858+00:00,DION_001,373606,-0.06416359074944061,SIMULATED,NORMAL
2026-06-17T16:50:15.936401+00:00,DION_001,373607,0.3106181862028326,SIMULATED,NORMAL
2026-06-17T16:50:15.947200+00:00,DION_001,373608,0.47208047941803066,SIMULATED,NORMAL
2026-06-17T16:50:15.957812+00:00,DION_001,373609,0.270871070409947,SIMULATED,NORMAL
2026-06-17T16:50:15.968398+00:00,DION_001,373610,0.5310345418740705,SIMULATED,NORMAL
2026-06-17T16:50:15.979142+00:00,DION_001,373611,0.3774715280910293,SIMULATED,NORMAL
2026-06-17T16:50:15.989719+00:00,DION_001,373612,0.447802906165387,SIMULATED,NORMAL
2026-06-17T16:50:16.000420+00:00,DION_001,373613,0.4810544452068902,SIMULATED,NORMAL
2026-06-17T16:50:16.011148+00:00,DION_001,373614,0.5394600263755224,SIMULATED,NORMAL
2026-06-17T16:50:16.021739+00:00,DION_001,373615,0.43335241244746076,SIMULATED,NORMAL
2026-06-17T16:50:16.032325+00:00,DION_001,373616,0.4162366962750379,SIMULATED,NORMAL
2026-06-17T16:50:16.043035+00:00,DION_001,373617,0.500149856789458,SIMULATED,NORMAL
2026-06-17T16:50:16.053631+00:00,DION_001,373618,0.175087552569483,SIMULATED,NORMAL
2026-06-17T16:50:16.064094+00:00,DION_001,373619,0.6612759094172664,SIMULATED,NORMAL
2026-06-17T16:50:16.074705+00:00,DION_001,373620,0.46312218755137763,SIMULATED,NORMAL
2026-06-17T16:50:16.085283+00:00,DION_001,373621,0.13953415583462914,SIMULATED,NORMAL
2026-06-17T16:50:16.095901+00:00,DION_001,373622,0.684418076421236,SIMULATED,NORMAL
2026-06-17T16:50:16.106656+00:00,DION_001,373623,0.5453298316048253,SIMULATED,NORMAL
2026-06-17T16:50:16.117248+00:00,DION_001,373624,0.43756360497968494,SIMULATED,NORMAL
2026-06-17T16:50:16.127661+00:00,DION_001,373625,0.42581533865805116,SIMULATED,NORMAL
2026-06-17T16:50:16.138195+00:00,DION_001,373626,0.39944754051872555,SIMULATED,NORMAL
2026-06-17T16:50:16.149055+00:00,DION_001,373627,0.47821110602552985,SIMULATED,NORMAL
2026-06-17T16:50:16.159752+00:00,DION_001,373628,0.4028792791374082,SIMULATED,NORMAL
2026-06-17T16:50:16.170357+00:00,DION_001,373629,0.6294828270942505,SIMULATED,NORMAL
2026-06-17T16:50:16.180928+00:00,DION_001,373630,0.44220595039770144,SIMULATED,NORMAL
2026-06-17T16:50:16.191531+00:00,DION_001,373631,0.4806669274603581,SIMULATED,NORMAL
2026-06-17T16:50:16.202072+00:00,DION_001,373632,0.3522862473150927,SIMULATED,NORMAL
2026-06-17T16:50:16.212878+00:00,DION_001,373633,0.29217819522998634,SIMULATED,NORMAL
2026-06-17T16:50:16.223556+00:00,DION_001,373634,0.24221548795993886,SIMULATED,NORMAL
2026-06-17T16:50:16.234121+00:00,DION_001,373635,0.32518777049195496,SIMULATED,NORMAL
2026-06-17T16:50:16.244617+00:00,DION_001,373636,0.25759505313855796,SIMULATED,NORMAL
2026-06-17T16:50:16.255024+00:00,DION_001,373637,0.305013091745019,SIMULATED,NORMAL
2026-06-17T16:50:16.265343+00:00,DION_001,373638,0.4733549480067758,SIMULATED,NORMAL
2026-06-17T16:50:16.275724+00:00,DION_001,373639,0.014514063292279333,SIMULATED,NORMAL
2026-06-17T16:50:16.286153+00:00,DION_001,373640,-1.4155593758535276,SIMULATED,NORMAL
2026-06-17T16:50:16.296828+00:00,DION_001,373641,0.21984131989724293,SIMULATED,NORMAL
2026-06-17T16:50:16.307431+00:00,DION_001,373642,0.034722905832886425,SIMULATED,NORMAL
2026-06-17T16:50:16.318110+00:00,DION_001,373643,0.5274581540554009,SIMULATED,NORMAL
2026-06-17T16:50:16.328674+00:00,DION_001,373644,0.26255338000668627,SIMULATED,NORMAL
2026-06-17T16:50:16.339297+00:00,DION_001,373645,0.11849450018853114,SIMULATED,NORMAL
2026-06-17T16:50:16.349891+00:00,DION_001,373646,-0.17211453636873797,SIMULATED,NORMAL
2026-06-17T16:50:16.360682+00:00,DION_001,373647,0.3481600493275137,SIMULATED,NORMAL
2026-06-17T16:50:16.371325+00:00,DION_001,373648,-0.06343414487170235,SIMULATED,NORMAL
2026-06-17T16:50:16.381900+00:00,DION_001,373649,0.3135463194011955,SIMULATED,NORMAL
2026-06-17T16:50:16.392500+00:00,DION_001,373650,0.0828046915338941,SIMULATED,NORMAL
2026-06-17T16:50:16.403389+00:00,DION_001,373651,0.19363568237030043,SIMULATED,NORMAL
2026-06-17T16:50:16.414024+00:00,DION_001,373652,0.010952746645418218,SIMULATED,NORMAL
2026-06-17T16:50:16.424700+00:00,DION_001,373653,0.001533376207901005,SIMULATED,NORMAL
2026-06-17T16:50:16.435439+00:00,DION_001,373654,0.380813835905183,SIMULATED,NORMAL
2026-06-17T16:50:16.446024+00:00,DION_001,373655,0.2821872118831955,SIMULATED,NORMAL
2026-06-17T16:50:16.456624+00:00,DION_001,373656,0.17427099167595464,SIMULATED,NORMAL
2026-06-17T16:50:16.467413+00:00,DION_001,373657,0.023148183856982293,SIMULATED,NORMAL
2026-06-17T16:50:16.478012+00:00,DION_001,373658,0.2675288331887705,SIMULATED,NORMAL
2026-06-17T16:50:16.488704+00:00,DION_001,373659,0.24243367941860683,SIMULATED,NORMAL
2026-06-17T16:50:16.499323+00:00,DION_001,373660,0.10095323100609573,SIMULATED,NORMAL
2026-06-17T16:50:16.509862+00:00,DION_001,373661,0.34913960415733913,SIMULATED,NORMAL
2026-06-17T16:50:16.520438+00:00,DION_001,373662,0.3234394962257632,SIMULATED,NORMAL
2026-06-17T16:50:16.531196+00:00,DION_001,373663,0.3209025470703829,SIMULATED,NORMAL
2026-06-17T16:50:16.541807+00:00,DION_001,373664,0.21085868785719447,SIMULATED,NORMAL
2026-06-17T16:50:16.552384+00:00,DION_001,373665,0.2252644795062364,SIMULATED,NORMAL
2026-06-17T16:50:16.563257+00:00,DION_001,373666,0.18678417923330098,SIMULATED,NORMAL
2026-06-17T16:50:16.573815+00:00,DION_001,373667,0.40420151152543593,SIMULATED,NORMAL
2026-06-17T16:50:16.584407+00:00,DION_001,373668,0.23693083983857466,SIMULATED,NORMAL
2026-06-17T16:50:16.595146+00:00,DION_001,373669,0.6417455306441562,SIMULATED,NORMAL
2026-06-17T16:50:16.605617+00:00,DION_001,373670,0.48995348324889704,SIMULATED,NORMAL
2026-06-17T16:50:16.616401+00:00,DION_001,373671,0.6253998280973104,SIMULATED,NORMAL
2026-06-17T16:50:16.627190+00:00,DION_001,373672,0.5064287916357363,SIMULATED,NORMAL
2026-06-17T16:50:16.637767+00:00,DION_001,373673,0.5200969139725123,SIMULATED,NORMAL
2026-06-17T16:50:16.648223+00:00,DION_001,373674,0.5032165274403947,SIMULATED,NORMAL
2026-06-17T16:50:16.658771+00:00,DION_001,373675,0.655938808021527,SIMULATED,NORMAL
2026-06-17T16:50:16.669289+00:00,DION_001,373676,0.5667846051251402,SIMULATED,NORMAL
2026-06-17T16:50:16.679748+00:00,DION_001,373677,1.0124612187709345,SIMULATED,NORMAL
2026-06-17T16:50:16.690317+00:00,DION_001,373678,0.4828273441048591,SIMULATED,NORMAL
2026-06-17T16:50:16.700699+00:00,DION_001,373679,0.8162591505638945,SIMULATED,NORMAL
2026-06-17T16:50:16.711038+00:00,DION_001,373680,0.5967481942537336,SIMULATED,NORMAL
2026-06-17T16:50:16.721516+00:00,DION_001,373681,1.0380936726366148,SIMULATED,NORMAL
2026-06-17T16:50:16.731786+00:00,DION_001,373682,0.9008300338385294,SIMULATED,NORMAL
2026-06-17T16:50:16.742208+00:00,DION_001,373683,0.8408481126429417,SIMULATED,NORMAL
2026-06-17T16:50:16.752642+00:00,DION_001,373684,0.7478164720718429,SIMULATED,NORMAL
2026-06-17T16:50:16.762962+00:00,DION_001,373685,1.0093885622369305,SIMULATED,NORMAL
2026-06-17T16:50:16.773398+00:00,DION_001,373686,1.076341434222391,SIMULATED,NORMAL
2026-06-17T16:50:16.784023+00:00,DION_001,373687,0.9788758214621504,SIMULATED,NORMAL
2026-06-17T16:50:16.794649+00:00,DION_001,373688,1.2218981513344391,SIMULATED,NORMAL
2026-06-17T16:50:16.805342+00:00,DION_001,373689,1.2762628747377014,SIMULATED,NORMAL
2026-06-17T16:50:16.815911+00:00,DION_001,373690,1.1034413254352555,SIMULATED,NORMAL
2026-06-17T16:50:16.826522+00:00,DION_001,373691,1.1396669292112822,SIMULATED,NORMAL
2026-06-17T16:50:16.837243+00:00,DION_001,373692,1.4926920644321222,SIMULATED,NORMAL
2026-06-17T16:50:16.847826+00:00,DION_001,373693,1.1178283365204933,SIMULATED,NORMAL
2026-06-17T16:50:16.858465+00:00,DION_001,373694,0.9792376571754164,SIMULATED,NORMAL
2026-06-17T16:50:16.869081+00:00,DION_001,373695,1.389467277300851,SIMULATED,NORMAL
2026-06-17T16:50:16.879659+00:00,DION_001,373696,1.0038695696063042,SIMULATED,NORMAL
2026-06-17T16:50:16.890292+00:00,DION_001,373697,1.348255938911466,SIMULATED,NORMAL
2026-06-17T16:50:16.900891+00:00,DION_001,373698,1.3295792659368364,SIMULATED,NORMAL
2026-06-17T16:50:16.911483+00:00,DION_001,373699,1.1019403749693346,SIMULATED,NORMAL
2026-06-17T16:50:16.922067+00:00,DION_001,373700,1.1733231670820734,SIMULATED,NORMAL
2026-06-17T16:50:16.932657+00:00,DION_001,373701,1.117429092597086,SIMULATED,NORMAL
2026-06-17T16:50:16.943272+00:00,DION_001,373702,1.1812499529778921,SIMULATED,NORMAL
2026-06-17T16:50:16.953727+00:00,DION_001,373703,1.183334356476717,SIMULATED,NORMAL
2026-06-17T16:50:16.964235+00:00,DION_001,373704,1.0379801403442817,SIMULATED,NORMAL
2026-06-17T16:50:16.974744+00:00,DION_001,373705,1.1143618383503657,SIMULATED,NORMAL
2026-06-17T16:50:16.985108+00:00,DION_001,373706,1.156056055825001,SIMULATED,NORMAL
2026-06-17T16:50:16.995503+00:00,DION_001,373707,0.7699728433713278,SIMULATED,NORMAL
2026-06-17T16:50:17.005843+00:00,DION_001,373708,0.8612956817646567,SIMULATED,NORMAL
2026-06-17T16:50:17.016349+00:00,DION_001,373709,0.851091926906458,SIMULATED,NORMAL
2026-06-17T16:50:17.026579+00:00,DION_001,373710,1.0068845052878814,SIMULATED,NORMAL
2026-06-17T16:50:17.036836+00:00,DION_001,373711,1.0478924210374143,SIMULATED,NORMAL
2026-06-17T16:50:17.047140+00:00,DION_001,373712,0.9456701938265819,SIMULATED,NORMAL
2026-06-17T16:50:17.057433+00:00,DION_001,373713,0.7471251362299488,SIMULATED,NORMAL
2026-06-17T16:50:17.067758+00:00,DION_001,373714,0.8468310373852153,SIMULATED,NORMAL
2026-06-17T16:50:17.077985+00:00,DION_001,373715,0.5779653912380778,SIMULATED,NORMAL
2026-06-17T16:50:17.088252+00:00,DION_001,373716,0.6374622402667652,SIMULATED,NORMAL
2026-06-17T16:50:17.098534+00:00,DION_001,373717,-1.073649150761429,SIMULATED,NORMAL
2026-06-17T16:50:17.108945+00:00,DION_001,373718,0.8243143549645231,SIMULATED,NORMAL
2026-06-17T16:50:17.119217+00:00,DION_001,373719,0.4995223506127461,SIMULATED,NORMAL
2026-06-17T16:50:17.129474+00:00,DION_001,373720,0.6699833387188515,SIMULATED,NORMAL
2026-06-17T16:50:17.139697+00:00,DION_001,373721,0.5944208028258096,SIMULATED,NORMAL
2026-06-17T16:50:17.149904+00:00,DION_001,373722,0.5888275350124632,SIMULATED,NORMAL
2026-06-17T16:50:17.160136+00:00,DION_001,373723,0.16620845817785868,SIMULATED,NORMAL
2026-06-17T16:50:17.170481+00:00,DION_001,373724,0.586810050980429,SIMULATED,NORMAL
2026-06-17T16:50:17.180675+00:00,DION_001,373725,0.42379013119047865,SIMULATED,NORMAL
2026-06-17T16:50:17.190964+00:00,DION_001,373726,0.28501299115272405,SIMULATED,NORMAL
2026-06-17T16:50:17.201231+00:00,DION_001,373727,0.6052403816622387,SIMULATED,NORMAL
2026-06-17T16:50:17.211493+00:00,DION_001,373728,0.3960657193012783,SIMULATED,NORMAL
2026-06-17T16:50:17.221718+00:00,DION_001,373729,3.1939229272610103,SIMULATED,EVENT_DETECTED
2026-06-17T16:50:17.232244+00:00,DION_001,373730,0.4750436403867506,SIMULATED,NORMAL
2026-06-17T16:50:17.242452+00:00,DION_001,373731,0.43110136308971314,SIMULATED,NORMAL
2026-06-17T16:50:17.252659+00:00,DION_001,373732,0.3773852920469259,SIMULATED,NORMAL
2026-06-17T16:50:17.262946+00:00,DION_001,373733,0.4157722170694741,SIMULATED,NORMAL
2026-06-17T16:50:17.273154+00:00,DION_001,373734,0.30088411595427367,SIMULATED,NORMAL
2026-06-17T16:50:17.283355+00:00,DION_001,373735,0.20239155059074904,SIMULATED,NORMAL
2026-06-17T16:50:17.293578+00:00,DION_001,373736,0.1636733079799598,SIMULATED,NORMAL
2026-06-17T16:50:17.303794+00:00,DION_001,373737,0.3847193278769814,SIMULATED,NORMAL
2026-06-17T16:50:17.314000+00:00,DION_001,373738,0.27091788370390946,SIMULATED,NORMAL
2026-06-17T16:50:17.324184+00:00,DION_001,373739,0.35454964750451656,SIMULATED,NORMAL
2026-06-17T16:50:17.334370+00:00,DION_001,373740,0.23291475182013516,SIMULATED,NORMAL
2026-06-17T16:50:17.344634+00:00,DION_001,373741,0.457152911556045,SIMULATED,NORMAL
2026-06-17T16:50:17.354898+00:00,DION_001,373742,0.38170266273915976,SIMULATED,NORMAL
2026-06-17T16:50:17.365100+00:00,DION_001,373743,0.25444342344266196,SIMULATED,NORMAL
2026-06-17T16:50:17.375344+00:00,DION_001,373744,0.17007042887781273,SIMULATED,NORMAL
2026-06-17T16:50:17.385587+00:00,DION_001,373745,0.36924330144310474,SIMULATED,NORMAL
2026-06-17T16:50:17.395814+00:00,DION_001,373746,0.7105245375128375,SIMULATED,NORMAL
2026-06-17T16:50:17.406086+00:00,DION_001,373747,0.25238233926717124,SIMULATED,NORMAL
2026-06-17T16:50:17.416343+00:00,DION_001,373748,0.37628635904208396,SIMULATED,NORMAL
2026-06-17T16:50:17.426569+00:00,DION_001,373749,0.31725826965240517,SIMULATED,NORMAL
2026-06-17T16:50:17.436771+00:00,DION_001,373750,0.35983363481651265,SIMULATED,NORMAL
2026-06-17T16:50:17.447049+00:00,DION_001,373751,0.6722954648253067,SIMULATED,NORMAL
2026-06-17T16:50:17.457341+00:00,DION_001,373752,0.5898311578406038,SIMULATED,NORMAL
2026-06-17T16:50:17.467594+00:00,DION_001,373753,0.24205010660555903,SIMULATED,NORMAL
2026-06-17T16:50:17.477948+00:00,DION_001,373754,0.4637967782775159,SIMULATED,NORMAL
2026-06-17T16:50:17.488139+00:00,DION_001,373755,0.6521834601942683,SIMULATED,NORMAL
2026-06-17T16:50:17.498452+00:00,DION_001,373756,0.5005753303620204,SIMULATED,NORMAL
2026-06-17T16:50:17.508723+00:00,DION_001,373757,0.43348801669485804,SIMULATED,NORMAL
2026-06-17T16:50:17.518969+00:00,DION_001,373758,0.5862867272515817,SIMULATED,NORMAL
2026-06-17T16:50:17.529283+00:00,DION_001,373759,0.4041031918525696,SIMULATED,NORMAL
2026-06-17T16:50:17.539485+00:00,DION_001,373760,0.8033435258098076,SIMULATED,NORMAL
2026-06-17T16:50:17.549676+00:00,DION_001,373761,0.8515096427658488,SIMULATED,NORMAL
2026-06-17T16:50:17.559873+00:00,DION_001,373762,0.6180324643836438,SIMULATED,NORMAL
2026-06-17T16:50:17.570128+00:00,DION_001,373763,0.557377742164217,SIMULATED,NORMAL
2026-06-17T16:50:17.580381+00:00,DION_001,373764,0.8185700774688902,SIMULATED,NORMAL
2026-06-17T16:50:17.590653+00:00,DION_001,373765,0.6729522223968055,SIMULATED,NORMAL
2026-06-17T16:50:17.601029+00:00,DION_001,373766,0.6640102165022752,SIMULATED,NORMAL
2026-06-17T16:50:17.611289+00:00,DION_001,373767,0.5204826193929446,SIMULATED,NORMAL
2026-06-17T16:50:17.621570+00:00,DION_001,373768,0.6505940687012761,SIMULATED,NORMAL
2026-06-17T16:50:17.631823+00:00,DION_001,373769,0.9601329651758955,SIMULATED,NORMAL
2026-06-17T16:50:17.642035+00:00,DION_001,373770,1.035214548534696,SIMULATED,NORMAL
2026-06-17T16:50:17.652328+00:00,DION_001,373771,0.8165024524536839,SIMULATED,NORMAL
2026-06-17T16:50:17.662627+00:00,DION_001,373772,0.8737873402846946,SIMULATED,NORMAL
2026-06-17T16:50:17.673073+00:00,DION_001,373773,0.8588472909773338,SIMULATED,NORMAL
2026-06-17T16:50:17.683442+00:00,DION_001,373774,0.7908360221055416,SIMULATED,NORMAL
2026-06-17T16:50:17.693731+00:00,DION_001,373775,0.8497876004061166,SIMULATED,NORMAL
2026-06-17T16:50:17.704151+00:00,DION_001,373776,0.8910532518977963,SIMULATED,NORMAL
2026-06-17T16:50:17.714525+00:00,DION_001,373777,0.671721414563872,SIMULATED,NORMAL
2026-06-17T16:50:17.724783+00:00,DION_001,373778,0.6805751886855014,SIMULATED,NORMAL
2026-06-17T16:50:17.735108+00:00,DION_001,373779,0.6799534208632115,SIMULATED,NORMAL
2026-06-17T16:50:17.745588+00:00,DION_001,373780,0.5674480793678328,SIMULATED,NORMAL
2026-06-17T16:50:17.755918+00:00,DION_001,373781,0.882945609383881,SIMULATED,NORMAL
2026-06-17T16:50:17.766294+00:00,DION_001,373782,0.6890763858449235,SIMULATED,NORMAL
2026-06-17T16:50:17.776637+00:00,DION_001,373783,0.34701752468693375,SIMULATED,NORMAL
2026-06-17T16:50:17.787013+00:00,DION_001,373784,0.6010435787823446,SIMULATED,NORMAL
2026-06-17T16:50:17.797308+00:00,DION_001,373785,0.457480315321294,SIMULATED,NORMAL
2026-06-17T16:50:17.807611+00:00,DION_001,373786,0.5428069384345586,SIMULATED,NORMAL
2026-06-17T16:50:17.817847+00:00,DION_001,373787,0.5170173893825141,SIMULATED,NORMAL
2026-06-17T16:50:17.828113+00:00,DION_001,373788,0.697345750961568,SIMULATED,NORMAL
2026-06-17T16:50:17.838354+00:00,DION_001,373789,0.21933337461378816,SIMULATED,NORMAL
2026-06-17T16:50:17.848620+00:00,DION_001,373790,0.2865520889659178,SIMULATED,NORMAL
2026-06-17T16:50:17.858819+00:00,DION_001,373791,0.23878993547458782,SIMULATED,NORMAL
2026-06-17T16:50:17.869023+00:00,DION_001,373792,0.10420461916698834,SIMULATED,NORMAL
2026-06-17T16:50:17.879244+00:00,DION_001,373793,0.30666044730113706,SIMULATED,NORMAL
2026-06-17T16:50:17.889454+00:00,DION_001,373794,0.26990935368347,SIMULATED,NORMAL
2026-06-17T16:50:17.899670+00:00,DION_001,373795,0.10488959574506414,SIMULATED,NORMAL
2026-06-17T16:50:17.909873+00:00,DION_001,373796,0.04317878495642777,SIMULATED,NORMAL
2026-06-17T16:50:17.920091+00:00,DION_001,373797,-2.910899536531641,SIMULATED,EVENT_DETECTED
2026-06-17T16:50:17.930383+00:00,DION_001,373798,-0.06926586620745291,SIMULATED,NORMAL
2026-06-17T16:50:17.940621+00:00,DION_001,373799,-0.06049961057671177,SIMULATED,NORMAL
2026-06-17T16:50:17.950928+00:00,DION_001,373800,0.025982750584151143,SIMULATED,NORMAL
2026-06-17T16:50:17.961289+00:00,DION_001,373801,0.173555790537666,SIMULATED,NORMAL
2026-06-17T16:50:17.971639+00:00,DION_001,373802,-0.25707781943608676,SIMULATED,NORMAL
2026-06-17T16:50:17.981969+00:00,DION_001,373803,-0.3757230869763982,SIMULATED,NORMAL
2026-06-17T16:50:17.992298+00:00,DION_001,373804,-0.1510639335343929,SIMULATED,NORMAL
2026-06-17T16:50:18.002613+00:00,DION_001,373805,-0.24328171104160046,SIMULATED,NORMAL
2026-06-17T16:50:18.012947+00:00,DION_001,373806,-0.38461705230727317,SIMULATED,NORMAL
2026-06-17T16:50:18.023547+00:00,DION_001,373807,-0.3077638884300883,SIMULATED,NORMAL
2026-06-17T16:50:18.034009+00:00,DION_001,373808,-0.23113806263192888,SIMULATED,NORMAL
2026-06-17T16:50:18.044739+00:00,DION_001,373809,-0.39112174332189364,SIMULATED,NORMAL
2026-06-17T16:50:18.055237+00:00,DION_001,373810,-0.31350416536994447,SIMULATED,NORMAL
2026-06-17T16:50:18.066065+00:00,DION_001,373811,-0.7710832627092455,SIMULATED,NORMAL
2026-06-17T16:50:18.076678+00:00,DION_001,373812,-0.4243087424360389,SIMULATED,NORMAL
2026-06-17T16:50:18.087383+00:00,DION_001,373813,-0.5946670311230049,SIMULATED,NORMAL
2026-06-17T16:50:18.097922+00:00,DION_001,373814,-0.5478673749153192,SIMULATED,NORMAL
2026-06-17T16:50:18.108451+00:00,DION_001,373815,-0.6469620165025408,SIMULATED,NORMAL
2026-06-17T16:50:18.119153+00:00,DION_001,373816,-0.5726474831826582,SIMULATED,NORMAL
2026-06-17T16:50:18.129712+00:00,DION_001,373817,-0.7535586135720096,SIMULATED,NORMAL
2026-06-17T16:50:18.140160+00:00,DION_001,373818,-0.4283045075189955,SIMULATED,NORMAL
2026-06-17T16:50:18.151034+00:00,DION_001,373819,-0.39784579872017084,SIMULATED,NORMAL
2026-06-17T16:50:18.161615+00:00,DION_001,373820,-0.521321624154873,SIMULATED,NORMAL
2026-06-17T16:50:18.172230+00:00,DION_001,373821,-0.6475784328608949,SIMULATED,NORMAL
2026-06-17T16:50:18.182812+00:00,DION_001,373822,-0.5085765867432264,SIMULATED,NORMAL
2026-06-17T16:50:18.193567+00:00,DION_001,373823,-0.7685007240258654,SIMULATED,NORMAL
2026-06-17T16:50:18.204192+00:00,DION_001,373824,-0.3660673948314082,SIMULATED,NORMAL
2026-06-17T16:50:18.214784+00:00,DION_001,373825,-0.8611586506593696,SIMULATED,NORMAL
2026-06-17T16:50:18.225370+00:00,DION_001,373826,-0.3356264486448665,SIMULATED,NORMAL
2026-06-17T16:50:18.235956+00:00,DION_001,373827,-0.5457633634867641,SIMULATED,NORMAL
2026-06-17T16:50:18.246582+00:00,DION_001,373828,-0.5627874714144876,SIMULATED,NORMAL
2026-06-17T16:50:18.257190+00:00,DION_001,373829,-0.7054600438814174,SIMULATED,NORMAL
2026-06-17T16:50:18.267832+00:00,DION_001,373830,-0.45987827552565874,SIMULATED,NORMAL
2026-06-17T16:50:18.278488+00:00,DION_001,373831,-0.4308258241523062,SIMULATED,NORMAL
2026-06-17T16:50:18.289077+00:00,DION_001,373832,-0.34027946045430335,SIMULATED,NORMAL
2026-06-17T16:50:18.299630+00:00,DION_001,373833,-0.5515055122316311,SIMULATED,NORMAL
2026-06-17T16:50:18.310364+00:00,DION_001,373834,-0.5055359068631498,SIMULATED,NORMAL
2026-06-17T16:50:18.320919+00:00,DION_001,373835,-0.6156740468932488,SIMULATED,NORMAL
2026-06-17T16:50:18.331482+00:00,DION_001,373836,-0.5820330542094927,SIMULATED,NORMAL
2026-06-17T16:50:18.342194+00:00,DION_001,373837,-0.37278812586498966,SIMULATED,NORMAL
2026-06-17T16:50:18.352772+00:00,DION_001,373838,-0.1644040500969073,SIMULATED,NORMAL
2026-06-17T16:50:18.363293+00:00,DION_001,373839,0.004188314625435008,SIMULATED,NORMAL
2026-06-17T16:50:18.373825+00:00,DION_001,373840,0.012344306165907704,SIMULATED,NORMAL
2026-06-17T16:50:18.384451+00:00,DION_001,373841,-0.3077212890222424,SIMULATED,NORMAL
2026-06-17T16:50:18.395188+00:00,DION_001,373842,-0.23188924532102045,SIMULATED,NORMAL
2026-06-17T16:50:18.405794+00:00,DION_001,373843,-0.28771841176857577,SIMULATED,NORMAL
2026-06-17T16:50:18.416362+00:00,DION_001,373844,-0.42290460614625003,SIMULATED,NORMAL
2026-06-17T16:50:18.427106+00:00,DION_001,373845,-0.07265949852114534,SIMULATED,NORMAL
2026-06-17T16:50:18.437703+00:00,DION_001,373846,-0.5613035110296609,SIMULATED,NORMAL
2026-06-17T16:50:18.448334+00:00,DION_001,373847,-0.12448121607946361,SIMULATED,NORMAL
2026-06-17T16:50:18.459108+00:00,DION_001,373848,-0.4446222954710344,SIMULATED,NORMAL
2026-06-17T16:50:18.469838+00:00,DION_001,373849,-0.41135488489635086,SIMULATED,NORMAL
2026-06-17T16:50:18.480792+00:00,DION_001,373850,-0.2709111505408179,SIMULATED,NORMAL
2026-06-17T16:50:18.491495+00:00,DION_001,373851,-0.1303740582136049,SIMULATED,NORMAL
2026-06-17T16:50:18.502158+00:00,DION_001,373852,-0.07068608210611466,SIMULATED,NORMAL
2026-06-17T16:50:18.512797+00:00,DION_001,373853,-0.29127965729050376,SIMULATED,NORMAL
2026-06-17T16:50:18.523382+00:00,DION_001,373854,-0.22072222343071302,SIMULATED,NORMAL
2026-06-17T16:50:18.534014+00:00,DION_001,373855,-0.01425955912174906,SIMULATED,NORMAL
2026-06-17T16:50:18.544646+00:00,DION_001,373856,-0.4763032918517637,SIMULATED,NORMAL
2026-06-17T16:50:18.555227+00:00,DION_001,373857,-0.27948551988046777,SIMULATED,NORMAL
2026-06-17T16:50:18.565941+00:00,DION_001,373858,-0.31446693216947985,SIMULATED,NORMAL
2026-06-17T16:50:18.576689+00:00,DION_001,373859,-0.22904284248392268,SIMULATED,NORMAL
2026-06-17T16:50:18.587313+00:00,DION_001,373860,-0.311936752629537,SIMULATED,NORMAL
2026-06-17T16:50:18.597920+00:00,DION_001,373861,-0.4676853381549037,SIMULATED,NORMAL
2026-06-17T16:50:18.608539+00:00,DION_001,373862,-0.1905807150350481,SIMULATED,NORMAL
2026-06-17T16:50:18.619250+00:00,DION_001,373863,-0.5398002101909428,SIMULATED,NORMAL
2026-06-17T16:50:18.629932+00:00,DION_001,373864,-0.3231372304466225,SIMULATED,NORMAL
2026-06-17T16:50:18.640686+00:00,DION_001,373865,-0.601425626369191,SIMULATED,NORMAL
2026-06-17T16:50:18.651289+00:00,DION_001,373866,-0.5833618450374829,SIMULATED,NORMAL
2026-06-17T16:50:18.661875+00:00,DION_001,373867,-0.5170627882154939,SIMULATED,NORMAL
2026-06-17T16:50:18.672528+00:00,DION_001,373868,-0.5349374269714645,SIMULATED,NORMAL
2026-06-17T16:50:18.683382+00:00,DION_001,373869,-0.34354485322307693,SIMULATED,NORMAL
2026-06-17T16:50:18.694086+00:00,DION_001,373870,-0.6726274862063141,SIMULATED,NORMAL
2026-06-17T16:50:18.704735+00:00,DION_001,373871,-0.5100889316210443,SIMULATED,NORMAL
2026-06-17T16:50:18.715287+00:00,DION_001,373872,-0.7363938474524434,SIMULATED,NORMAL
2026-06-17T16:50:18.725925+00:00,DION_001,373873,-0.6693986192663739,SIMULATED,NORMAL
2026-06-17T16:50:18.736685+00:00,DION_001,373874,-0.9040431940237952,SIMULATED,NORMAL
2026-06-17T16:50:18.749466+00:00,DION_001,373875,-0.8791581586458772,SIMULATED,NORMAL
2026-06-17T16:50:18.760358+00:00,DION_001,373876,-0.8067592186060683,SIMULATED,NORMAL
2026-06-17T16:50:18.771014+00:00,DION_001,373877,-0.7680904802053192,SIMULATED,NORMAL
2026-06-17T16:50:18.781580+00:00,DION_001,373878,-0.9257031230034092,SIMULATED,NORMAL
2026-06-17T16:50:18.792184+00:00,DION_001,373879,-0.9665988939714285,SIMULATED,NORMAL
2026-06-17T16:50:18.802813+00:00,DION_001,373880,-0.9731191249923805,SIMULATED,NORMAL
2026-06-17T16:50:18.813407+00:00,DION_001,373881,-0.5580810282535975,SIMULATED,NORMAL
2026-06-17T16:50:18.823884+00:00,DION_001,373882,-1.0134161321752804,SIMULATED,NORMAL
2026-06-17T16:50:18.834310+00:00,DION_001,373883,-0.6152388088645663,SIMULATED,NORMAL
2026-06-17T16:50:18.844816+00:00,DION_001,373884,-1.1102867321907581,SIMULATED,NORMAL
2026-06-17T16:50:18.855304+00:00,DION_001,373885,-1.1639842919405803,SIMULATED,NORMAL
2026-06-17T16:50:18.865638+00:00,DION_001,373886,-1.1177332868092522,SIMULATED,NORMAL
2026-06-17T16:50:18.875986+00:00,DION_001,373887,-1.3685655019449765,SIMULATED,NORMAL
2026-06-17T16:50:18.886492+00:00,DION_001,373888,-1.4957497171837968,SIMULATED,NORMAL
2026-06-17T16:50:18.897041+00:00,DION_001,373889,-1.124266258980597,SIMULATED,NORMAL
2026-06-17T16:50:18.907631+00:00,DION_001,373890,-1.4357426205700459,SIMULATED,NORMAL
2026-06-17T16:50:18.918166+00:00,DION_001,373891,-1.4392529393405546,SIMULATED,NORMAL
2026-06-17T16:50:18.928745+00:00,DION_001,373892,-1.1599276888419774,SIMULATED,NORMAL
2026-06-17T16:50:18.939308+00:00,DION_001,373893,-1.2730159071103189,SIMULATED,NORMAL
2026-06-17T16:50:18.949889+00:00,DION_001,373894,-1.0937785800708808,SIMULATED,NORMAL
2026-06-17T16:50:18.960472+00:00,DION_001,373895,-1.1024121942260172,SIMULATED,NORMAL
2026-06-17T16:50:18.971195+00:00,DION_001,373896,-1.0873000838029678,SIMULATED,NORMAL
2026-06-17T16:50:18.981940+00:00,DION_001,373897,-1.357566013898208,SIMULATED,NORMAL
2026-06-17T16:50:18.992677+00:00,DION_001,373898,-1.1627732899000005,SIMULATED,NORMAL
2026-06-17T16:50:19.003321+00:00,DION_001,373899,-1.2772432849954245,SIMULATED,NORMAL
2026-06-17T16:50:19.014007+00:00,DION_001,373900,-0.926023559484204,SIMULATED,NORMAL
2026-06-17T16:50:19.024696+00:00,DION_001,373901,-1.0031616955525196,SIMULATED,NORMAL
2026-06-17T16:50:19.035430+00:00,DION_001,373902,-1.1446969218965959,SIMULATED,NORMAL
2026-06-17T16:50:19.046019+00:00,DION_001,373903,-1.1817916099614016,SIMULATED,NORMAL
2026-06-17T16:50:19.056699+00:00,DION_001,373904,-1.0164534742753264,SIMULATED,NORMAL
2026-06-17T16:50:19.067333+00:00,DION_001,373905,-1.2045347446516474,SIMULATED,NORMAL
2026-06-17T16:50:19.077949+00:00,DION_001,373906,-0.9652151927586828,SIMULATED,NORMAL
2026-06-17T16:50:19.088693+00:00,DION_001,373907,-1.1573438140662646,SIMULATED,NORMAL
2026-06-17T16:50:19.099331+00:00,DION_001,373908,-1.228344794412108,SIMULATED,NORMAL
2026-06-17T16:50:19.110035+00:00,DION_001,373909,-1.1534878027468132,SIMULATED,NORMAL
2026-06-17T16:50:19.120626+00:00,DION_001,373910,-1.025758336948706,SIMULATED,NORMAL
2026-06-17T16:50:19.131259+00:00,DION_001,373911,-0.8110083217428004,SIMULATED,NORMAL
2026-06-17T16:50:19.141951+00:00,DION_001,373912,-1.0980595111184246,SIMULATED,NORMAL
2026-06-17T16:50:19.152754+00:00,DION_001,373913,-0.794598183743664,SIMULATED,NORMAL
2026-06-17T16:50:19.163542+00:00,DION_001,373914,-0.8834468505476044,SIMULATED,NORMAL
2026-06-17T16:50:19.174189+00:00,DION_001,373915,-0.636671220034541,SIMULATED,NORMAL
2026-06-17T16:50:19.184740+00:00,DION_001,373916,-0.8760424721046267,SIMULATED,NORMAL
2026-06-17T16:50:19.195469+00:00,DION_001,373917,-0.3662278713307726,SIMULATED,NORMAL
2026-06-17T16:50:19.206206+00:00,DION_001,373918,-0.6939906086219668,SIMULATED,NORMAL
2026-06-17T16:50:19.216908+00:00,DION_001,373919,-3.1667674814041127,SIMULATED,EVENT_DETECTED
2026-06-17T16:50:19.227806+00:00,DION_001,373920,-0.5390550702508173,SIMULATED,NORMAL
2026-06-17T16:50:19.238546+00:00,DION_001,373921,-0.5490006245641708,SIMULATED,NORMAL
2026-06-17T16:50:19.249060+00:00,DION_001,373922,-0.5613035139115021,SIMULATED,NORMAL
2026-06-17T16:50:19.259692+00:00,DION_001,373923,-0.5161895605248041,SIMULATED,NORMAL
2026-06-17T16:50:19.270380+00:00,DION_001,373924,-0.5462005070019433,SIMULATED,NORMAL
2026-06-17T16:50:19.281090+00:00,DION_001,373925,1.933427286612021,SIMULATED,NORMAL
2026-06-17T16:50:19.292015+00:00,DION_001,373926,-0.16098145125453567,SIMULATED,NORMAL
2026-06-17T16:50:19.302679+00:00,DION_001,373927,-0.5725855112070897,SIMULATED,NORMAL
2026-06-17T16:50:19.313309+00:00,DION_001,373928,-0.5245398670743754,SIMULATED,NORMAL
2026-06-17T16:50:19.324205+00:00,DION_001,373929,-0.29740113845470395,SIMULATED,NORMAL
2026-06-17T16:50:19.334954+00:00,DION_001,373930,-0.5430625443401824,SIMULATED,NORMAL
2026-06-17T16:50:19.345514+00:00,DION_001,373931,-0.2143079453641239,SIMULATED,NORMAL
2026-06-17T16:50:19.356112+00:00,DION_001,373932,-0.3138751029444443,SIMULATED,NORMAL
2026-06-17T16:50:19.366708+00:00,DION_001,373933,-0.1412974321562343,SIMULATED,NORMAL
2026-06-17T16:50:19.377286+00:00,DION_001,373934,-0.333547374158991,SIMULATED,NORMAL
2026-06-17T16:50:19.387824+00:00,DION_001,373935,-0.4472785379271391,SIMULATED,NORMAL
2026-06-17T16:50:19.398300+00:00,DION_001,373936,-0.3314393147088987,SIMULATED,NORMAL
2026-06-17T16:50:19.408746+00:00,DION_001,373937,-0.16596995377092383,SIMULATED,NORMAL
2026-06-17T16:50:19.419063+00:00,DION_001,373938,-0.40194698307054066,SIMULATED,NORMAL
2026-06-17T16:50:19.429365+00:00,DION_001,373939,-0.3135837945294365,SIMULATED,NORMAL
2026-06-17T16:50:19.439914+00:00,DION_001,373940,-2.6315746555129533,SIMULATED,EVENT_DETECTED
2026-06-17T16:50:19.450645+00:00,DION_001,373941,0.02474055964275801,SIMULATED,NORMAL
2026-06-17T16:50:19.461177+00:00,DION_001,373942,-0.010250578040436553,SIMULATED,NORMAL
2026-06-17T16:50:19.471782+00:00,DION_001,373943,-0.31600636777775826,SIMULATED,NORMAL
2026-06-17T16:50:19.482346+00:00,DION_001,373944,-0.46689251812588495,SIMULATED,NORMAL
2026-06-17T16:50:19.493020+00:00,DION_001,373945,-0.1324189113876091,SIMULATED,NORMAL
2026-06-17T16:50:19.503583+00:00,DION_001,373946,-0.4809932126125796,SIMULATED,NORMAL
2026-06-17T16:50:19.514107+00:00,DION_001,373947,-0.44198544843867094,SIMULATED,NORMAL
2026-06-17T16:50:19.524871+00:00,DION_001,373948,-0.2241684297325833,SIMULATED,NORMAL
2026-06-17T16:50:19.535498+00:00,DION_001,373949,-0.3681907342800927,SIMULATED,NORMAL
2026-06-17T16:50:19.546098+00:00,DION_001,373950,-0.6279941294257871,SIMULATED,NORMAL
2026-06-17T16:50:19.556687+00:00,DION_001,373951,-0.6223001309574019,SIMULATED,NORMAL
2026-06-17T16:50:19.567504+00:00,DION_001,373952,-0.48328222725490044,SIMULATED,NORMAL
2026-06-17T16:50:19.578183+00:00,DION_001,373953,-0.977640991143779,SIMULATED,NORMAL
2026-06-17T16:50:19.588844+00:00,DION_001,373954,-0.8631922804131901,SIMULATED,NORMAL
2026-06-17T16:50:19.599555+00:00,DION_001,373955,-0.7017518719412558,SIMULATED,NORMAL
2026-06-17T16:50:19.610198+00:00,DION_001,373956,-0.4478484785142712,SIMULATED,NORMAL
2026-06-17T16:50:19.620886+00:00,DION_001,373957,-0.6175087173059939,SIMULATED,NORMAL
2026-06-17T16:50:19.631525+00:00,DION_001,373958,-0.6939300227861421,SIMULATED,NORMAL
2026-06-17T16:50:19.641989+00:00,DION_001,373959,-0.8837771112620767,SIMULATED,NORMAL
2026-06-17T16:50:19.652493+00:00,DION_001,373960,-0.5753749402919847,SIMULATED,NORMAL
2026-06-17T16:50:19.663112+00:00,DION_001,373961,-0.7185154622877326,SIMULATED,NORMAL
2026-06-17T16:50:19.673539+00:00,DION_001,373962,-0.42936091745031263,SIMULATED,NORMAL
2026-06-17T16:50:19.683989+00:00,DION_001,373963,-0.7137391636898227,SIMULATED,NORMAL
2026-06-17T16:50:19.694435+00:00,DION_001,373964,-0.7786203202458586,SIMULATED,NORMAL
2026-06-17T16:50:19.704790+00:00,DION_001,373965,-0.5410745867905011,SIMULATED,NORMAL
2026-06-17T16:50:19.715185+00:00,DION_001,373966,-0.9138477432385703,SIMULATED,NORMAL
2026-06-17T16:50:19.725605+00:00,DION_001,373967,-0.7479207077105736,SIMULATED,NORMAL
2026-06-17T16:50:19.736046+00:00,DION_001,373968,-0.9566598289404185,SIMULATED,NORMAL
2026-06-17T16:50:19.746456+00:00,DION_001,373969,-0.5171626589832303,SIMULATED,NORMAL
2026-06-17T16:50:19.756882+00:00,DION_001,373970,-0.6524344639177734,SIMULATED,NORMAL
2026-06-17T16:50:19.767351+00:00,DION_001,373971,-0.5817270317318128,SIMULATED,NORMAL
2026-06-17T16:50:19.777859+00:00,DION_001,373972,-0.6702250912123278,SIMULATED,NORMAL
2026-06-17T16:50:19.788290+00:00,DION_001,373973,-0.49068950961190305,SIMULATED,NORMAL
2026-06-17T16:50:19.798755+00:00,DION_001,373974,-0.803433419817495,SIMULATED,NORMAL
2026-06-17T16:50:19.809170+00:00,DION_001,373975,-0.5308736804342752,SIMULATED,NORMAL
2026-06-17T16:50:19.819601+00:00,DION_001,373976,-0.2934894996239566,SIMULATED,NORMAL
2026-06-17T16:50:19.830122+00:00,DION_001,373977,-0.6853656746529959,SIMULATED,NORMAL
2026-06-17T16:50:19.840591+00:00,DION_001,373978,-0.5246018683297269,SIMULATED,NORMAL
2026-06-17T16:50:19.850943+00:00,DION_001,373979,-0.5755642158177275,SIMULATED,NORMAL
2026-06-17T16:50:19.861603+00:00,DION_001,373980,-0.6686890698145569,SIMULATED,NORMAL
2026-06-17T16:50:19.872101+00:00,DION_001,373981,-0.40498368248581385,SIMULATED,NORMAL
2026-06-17T16:50:19.882535+00:00,DION_001,373982,-0.5873601034193778,SIMULATED,NORMAL
2026-06-17T16:50:19.893033+00:00,DION_001,373983,-0.5487319939315027,SIMULATED,NORMAL
2026-06-17T16:50:19.903565+00:00,DION_001,373984,-0.6199183003263533,SIMULATED,NORMAL
2026-06-17T16:50:19.913897+00:00,DION_001,373985,-0.5362063287610596,SIMULATED,NORMAL
2026-06-17T16:50:19.924273+00:00,DION_001,373986,-0.14060887871705438,SIMULATED,NORMAL
2026-06-17T16:50:19.934641+00:00,DION_001,373987,-0.037990538094650916,SIMULATED,NORMAL
2026-06-17T16:50:19.945051+00:00,DION_001,373988,-0.46968139430362715,SIMULATED,NORMAL
2026-06-17T16:50:19.955459+00:00,DION_001,373989,-0.4736877672652935,SIMULATED,NORMAL
2026-06-17T16:50:19.965786+00:00,DION_001,373990,-0.1826874459332732,SIMULATED,NORMAL
2026-06-17T16:50:19.976135+00:00,DION_001,373991,-0.04816020844308561,SIMULATED,NORMAL
2026-06-17T16:50:19.986465+00:00,DION_001,373992,0.06555842508788753,SIMULATED,NORMAL
2026-06-17T16:50:19.996717+00:00,DION_001,373993,0.04306655716180879,SIMULATED,NORMAL
2026-06-17T16:50:20.007022+00:00,DION_001,373994,0.07146302787895051,SIMULATED,NORMAL
2026-06-17T16:50:20.017372+00:00,DION_001,373995,0.17405961151562493,SIMULATED,NORMAL
2026-06-17T16:50:20.027707+00:00,DION_001,373996,0.10595585681197352,SIMULATED,NORMAL
2026-06-17T16:50:20.038150+00:00,DION_001,373997,0.16306879116282622,SIMULATED,NORMAL
2026-06-17T16:50:20.048618+00:00,DION_001,373998,0.5206196897531852,SIMULATED,NORMAL
2026-06-17T16:50:20.058983+00:00,DION_001,373999,0.09630228404034066,SIMULATED,NORMAL
2026-06-17T16:50:20.069422+00:00,DION_001,374000,0.17749119739279245,SIMULATED,NORMAL
2026-06-17T16:50:20.079828+00:00,DION_001,374001,0.5183126339243922,SIMULATED,NORMAL
2026-06-17T16:50:20.090183+00:00,DION_001,374002,0.2766654302303069,SIMULATED,NORMAL
2026-06-17T16:50:20.100633+00:00,DION_001,374003,0.37564771149141013,SIMULATED,NORMAL
2026-06-17T16:50:20.111015+00:00,DION_001,374004,0.29339828504296067,SIMULATED,NORMAL
2026-06-17T16:50:20.121445+00:00,DION_001,374005,0.5924722374270294,SIMULATED,NORMAL
2026-06-17T16:50:20.131838+00:00,DION_001,374006,0.3251785213771651,SIMULATED,NORMAL
2026-06-17T16:50:20.142260+00:00,DION_001,374007,0.6284768334316393,SIMULATED,NORMAL
2026-06-17T16:50:20.152657+00:00,DION_001,374008,0.3798346703510827,SIMULATED,NORMAL
2026-06-17T16:50:20.163073+00:00,DION_001,374009,0.4838518408339385,SIMULATED,NORMAL
2026-06-17T16:50:20.173448+00:00,DION_001,374010,0.7827285015279338,SIMULATED,NORMAL
2026-06-17T16:50:20.183820+00:00,DION_001,374011,0.4586846152057463,SIMULATED,NORMAL
2026-06-17T16:50:20.194208+00:00,DION_001,374012,0.6127594165700447,SIMULATED,NORMAL
2026-06-17T16:50:20.204655+00:00,DION_001,374013,0.6403253262055079,SIMULATED,NORMAL
2026-06-17T16:50:20.215259+00:00,DION_001,374014,0.2588127965332605,SIMULATED,NORMAL
2026-06-17T16:50:20.225596+00:00,DION_001,374015,0.8393315145911686,SIMULATED,NORMAL
2026-06-17T16:50:20.235963+00:00,DION_001,374016,0.7531961556548603,SIMULATED,NORMAL
2026-06-17T16:50:20.246345+00:00,DION_001,374017,0.6362929450559771,SIMULATED,NORMAL
2026-06-17T16:50:20.256712+00:00,DION_001,374018,0.6444192714777167,SIMULATED,NORMAL
2026-06-17T16:50:20.267105+00:00,DION_001,374019,0.850461678190191,SIMULATED,NORMAL
2026-06-17T16:50:20.277480+00:00,DION_001,374020,0.5868810662723548,SIMULATED,NORMAL
2026-06-17T16:50:20.287833+00:00,DION_001,374021,0.7282862395498484,SIMULATED,NORMAL
2026-06-17T16:50:20.298138+00:00,DION_001,374022,0.8417979718932815,SIMULATED,NORMAL
2026-06-17T16:50:20.308645+00:00,DION_001,374023,0.8067986659782536,SIMULATED,NORMAL
2026-06-17T16:50:20.319107+00:00,DION_001,374024,0.6217015470359032,SIMULATED,NORMAL
2026-06-17T16:50:20.329697+00:00,DION_001,374025,0.49146788500293326,SIMULATED,NORMAL
2026-06-17T16:50:20.340260+00:00,DION_001,374026,0.5444072398919126,SIMULATED,NORMAL
2026-06-17T16:50:20.350833+00:00,DION_001,374027,0.7780301783864683,SIMULATED,NORMAL
2026-06-17T16:50:20.361388+00:00,DION_001,374028,0.4981731745485939,SIMULATED,NORMAL
2026-06-17T16:50:20.371997+00:00,DION_001,374029,-1.0941165468478138,SIMULATED,NORMAL
2026-06-17T16:50:20.382801+00:00,DION_001,374030,0.5571456854329557,SIMULATED,NORMAL
2026-06-17T16:50:20.393419+00:00,DION_001,374031,0.4622004349401294,SIMULATED,NORMAL
2026-06-17T16:50:20.404023+00:00,DION_001,374032,0.7283630685197642,SIMULATED,NORMAL
2026-06-17T16:50:20.414663+00:00,DION_001,374033,0.515155201122718,SIMULATED,NORMAL
2026-06-17T16:50:20.425312+00:00,DION_001,374034,0.17391570538754209,SIMULATED,NORMAL
2026-06-17T16:50:20.435937+00:00,DION_001,374035,0.4786375336136601,SIMULATED,NORMAL
2026-06-17T16:50:20.446552+00:00,DION_001,374036,0.127784176634811,SIMULATED,NORMAL
2026-06-17T16:50:20.457146+00:00,DION_001,374037,0.4166848764081699,SIMULATED,NORMAL
2026-06-17T16:50:20.467778+00:00,DION_001,374038,0.5425300419563489,SIMULATED,NORMAL
2026-06-17T16:50:20.478434+00:00,DION_001,374039,0.28126272888945586,SIMULATED,NORMAL
2026-06-17T16:50:20.489069+00:00,DION_001,374040,0.404465006413021,SIMULATED,NORMAL
2026-06-17T16:50:20.499708+00:00,DION_001,374041,0.42010071682224104,SIMULATED,NORMAL
2026-06-17T16:50:20.510346+00:00,DION_001,374042,0.29269068117140906,SIMULATED,NORMAL
2026-06-17T16:50:20.521091+00:00,DION_001,374043,0.38283204359129763,SIMULATED,NORMAL
2026-06-17T16:50:20.531865+00:00,DION_001,374044,0.1548428474591314,SIMULATED,NORMAL
2026-06-17T16:50:20.542500+00:00,DION_001,374045,0.3696333598100886,SIMULATED,NORMAL
2026-06-17T16:50:20.553170+00:00,DION_001,374046,0.28889843582770364,SIMULATED,NORMAL
2026-06-17T16:50:20.563846+00:00,DION_001,374047,0.03669163337913428,SIMULATED,NORMAL
2026-06-17T16:50:20.574426+00:00,DION_001,374048,0.015490608627369312,SIMULATED,NORMAL
2026-06-17T16:50:20.584965+00:00,DION_001,374049,0.08632117617172963,SIMULATED,NORMAL
2026-06-17T16:50:20.595638+00:00,DION_001,374050,0.19101439824045888,SIMULATED,NORMAL
2026-06-17T16:50:20.606337+00:00,DION_001,374051,0.4611330984234436,SIMULATED,NORMAL
2026-06-17T16:50:20.616970+00:00,DION_001,374052,0.1811479507540421,SIMULATED,NORMAL
2026-06-17T16:50:20.627684+00:00,DION_001,374053,0.2773888517216707,SIMULATED,NORMAL
2026-06-17T16:50:20.638375+00:00,DION_001,374054,0.45128494878895387,SIMULATED,NORMAL
2026-06-17T16:50:20.649080+00:00,DION_001,374055,0.38639901674706767,SIMULATED,NORMAL
2026-06-17T16:50:20.659889+00:00,DION_001,374056,0.23279510626792443,SIMULATED,NORMAL
2026-06-17T16:50:20.670566+00:00,DION_001,374057,0.11073281712281813,SIMULATED,NORMAL
2026-06-17T16:50:20.681174+00:00,DION_001,374058,0.4198584689941314,SIMULATED,NORMAL
2026-06-17T16:50:20.691828+00:00,DION_001,374059,0.060049386258481274,SIMULATED,NORMAL
2026-06-17T16:50:20.702407+00:00,DION_001,374060,0.3595193299875514,SIMULATED,NORMAL
2026-06-17T16:50:20.712999+00:00,DION_001,374061,0.2761907117223795,SIMULATED,NORMAL
2026-06-17T16:50:20.723613+00:00,DION_001,374062,0.391415807912276,SIMULATED,NORMAL
2026-06-17T16:50:20.734301+00:00,DION_001,374063,0.28387881760970374,SIMULATED,NORMAL
2026-06-17T16:50:20.744891+00:00,DION_001,374064,0.6817804747843138,SIMULATED,NORMAL
2026-06-17T16:50:20.755397+00:00,DION_001,374065,0.43120790506817647,SIMULATED,NORMAL
2026-06-17T16:50:20.766025+00:00,DION_001,374066,0.7827325932941204,SIMULATED,NORMAL
2026-06-17T16:50:20.776653+00:00,DION_001,374067,0.3974288053878331,SIMULATED,NORMAL
2026-06-17T16:50:20.787294+00:00,DION_001,374068,0.3962533011407121,SIMULATED,NORMAL
2026-06-17T16:50:20.797918+00:00,DION_001,374069,0.7589389241687279,SIMULATED,NORMAL
2026-06-17T16:50:20.808500+00:00,DION_001,374070,0.8185592550814481,SIMULATED,NORMAL
2026-06-17T16:50:20.819263+00:00,DION_001,374071,0.5851017424715613,SIMULATED,NORMAL
2026-06-17T16:50:20.829960+00:00,DION_001,374072,0.7921862424513858,SIMULATED,NORMAL
2026-06-17T16:50:20.840767+00:00,DION_001,374073,0.7028592108822378,SIMULATED,NORMAL
2026-06-17T16:50:20.851525+00:00,DION_001,374074,0.8785905321368965,SIMULATED,NORMAL
2026-06-17T16:50:20.862152+00:00,DION_001,374075,0.8765766447966833,SIMULATED,NORMAL
2026-06-17T16:50:20.872868+00:00,DION_001,374076,0.976009160294902,SIMULATED,NORMAL
2026-06-17T16:50:20.883400+00:00,DION_001,374077,0.9644683117097315,SIMULATED,NORMAL
2026-06-17T16:50:20.893970+00:00,DION_001,374078,0.8044305975009345,SIMULATED,NORMAL
2026-06-17T16:50:20.904715+00:00,DION_001,374079,0.7469021329278138,SIMULATED,NORMAL
2026-06-17T16:50:20.915407+00:00,DION_001,374080,0.9468100817335193,SIMULATED,NORMAL
2026-06-17T16:50:20.926005+00:00,DION_001,374081,0.9230184022490981,SIMULATED,NORMAL
2026-06-17T16:50:20.936751+00:00,DION_001,374082,1.1066970294136225,SIMULATED,NORMAL
2026-06-17T16:50:20.947355+00:00,DION_001,374083,1.0524757100289823,SIMULATED,NORMAL
2026-06-17T16:50:20.957779+00:00,DION_001,374084,1.087005570833198,SIMULATED,NORMAL
2026-06-17T16:50:20.968415+00:00,DION_001,374085,1.0863629113262092,SIMULATED,NORMAL
2026-06-17T16:50:20.979178+00:00,DION_001,374086,1.1776888852052274,SIMULATED,NORMAL
2026-06-17T16:50:20.989668+00:00,DION_001,374087,0.978429419037816,SIMULATED,NORMAL
2026-06-17T16:50:21.000256+00:00,DION_001,374088,1.1873839738436154,SIMULATED,NORMAL
2026-06-17T16:50:21.010724+00:00,DION_001,374089,1.3322900362550072,SIMULATED,NORMAL
2026-06-17T16:50:21.021047+00:00,DION_001,374090,1.3187640256179929,SIMULATED,NORMAL
2026-06-17T16:50:21.031404+00:00,DION_001,374091,0.9050861960291756,SIMULATED,NORMAL
2026-06-17T16:50:21.041777+00:00,DION_001,374092,1.196920554296943,SIMULATED,NORMAL
2026-06-17T16:50:21.052121+00:00,DION_001,374093,1.3533145155296238,SIMULATED,NORMAL
2026-06-17T16:50:21.062448+00:00,DION_001,374094,1.2654944864448008,SIMULATED,NORMAL
2026-06-17T16:50:21.072982+00:00,DION_001,374095,1.2306584307421857,SIMULATED,NORMAL
2026-06-17T16:50:21.083491+00:00,DION_001,374096,1.0874838843457826,SIMULATED,NORMAL
2026-06-17T16:50:21.093960+00:00,DION_001,374097,1.2178418553471946,SIMULATED,NORMAL
2026-06-17T16:50:21.104464+00:00,DION_001,374098,0.9840938686565871,SIMULATED,NORMAL
2026-06-17T16:50:21.115060+00:00,DION_001,374099,1.3089960584926754,SIMULATED,NORMAL
2026-06-17T16:50:21.125616+00:00,DION_001,374100,1.067747541978565,SIMULATED,NORMAL
2026-06-17T16:50:21.136208+00:00,DION_001,374101,1.1573712164808583,SIMULATED,NORMAL
2026-06-17T16:50:21.146843+00:00,DION_001,374102,0.9822175302876831,SIMULATED,NORMAL
2026-06-17T16:50:21.157566+00:00,DION_001,374103,1.0893129906962273,SIMULATED,NORMAL
2026-06-17T16:50:21.168145+00:00,DION_001,374104,1.0194073514412856,SIMULATED,NORMAL
2026-06-17T16:50:21.178851+00:00,DION_001,374105,1.2138238349393435,SIMULATED,NORMAL
2026-06-17T16:50:21.189577+00:00,DION_001,374106,1.1977880954459508,SIMULATED,NORMAL
2026-06-17T16:50:21.200346+00:00,DION_001,374107,1.0541503586885799,SIMULATED,NORMAL
2026-06-17T16:50:21.211216+00:00,DION_001,374108,0.7645372135326731,SIMULATED,NORMAL
2026-06-17T16:50:21.221953+00:00,DION_001,374109,0.8593966866829558,SIMULATED,NORMAL
2026-06-17T16:50:21.232714+00:00,DION_001,374110,0.7410997916244164,SIMULATED,NORMAL
2026-06-17T16:50:21.243292+00:00,DION_001,374111,0.7460868964719387,SIMULATED,NORMAL
2026-06-17T16:50:21.254086+00:00,DION_001,374112,0.6862849230792604,SIMULATED,NORMAL
2026-06-17T16:50:21.264757+00:00,DION_001,374113,0.8505371483303207,SIMULATED,NORMAL
2026-06-17T16:50:21.275419+00:00,DION_001,374114,0.8023755942553007,SIMULATED,NORMAL
2026-06-17T16:50:21.286247+00:00,DION_001,374115,0.6660663638659784,SIMULATED,NORMAL
2026-06-17T16:50:21.297016+00:00,DION_001,374116,0.6266015753092978,SIMULATED,NORMAL
2026-06-17T16:50:21.307702+00:00,DION_001,374117,0.5084979687291354,SIMULATED,NORMAL
2026-06-17T16:50:21.318380+00:00,DION_001,374118,0.6394494731984949,SIMULATED,NORMAL
2026-06-17T16:50:21.329047+00:00,DION_001,374119,0.39178198976227585,SIMULATED,NORMAL
2026-06-17T16:50:21.339735+00:00,DION_001,374120,0.2771663901770247,SIMULATED,NORMAL
2026-06-17T16:50:21.350390+00:00,DION_001,374121,0.3919428853063058,SIMULATED,NORMAL
2026-06-17T16:50:21.361046+00:00,DION_001,374122,0.6820764823503673,SIMULATED,NORMAL
2026-06-17T16:50:21.371717+00:00,DION_001,374123,0.21758043288789816,SIMULATED,NORMAL
2026-06-17T16:50:21.382388+00:00,DION_001,374124,0.12618408483539253,SIMULATED,NORMAL
2026-06-17T16:50:21.393015+00:00,DION_001,374125,0.3574187717814203,SIMULATED,NORMAL
2026-06-17T16:50:21.403816+00:00,DION_001,374126,0.41215277044016874,SIMULATED,NORMAL
2026-06-17T16:50:21.414428+00:00,DION_001,374127,0.2785236208480911,SIMULATED,NORMAL
2026-06-17T16:50:21.425093+00:00,DION_001,374128,0.42462647944604764,SIMULATED,NORMAL
2026-06-17T16:50:21.435877+00:00,DION_001,374129,0.3540561076469875,SIMULATED,NORMAL
2026-06-17T16:50:21.446500+00:00,DION_001,374130,0.17095415856384227,SIMULATED,NORMAL
2026-06-17T16:50:21.457067+00:00,DION_001,374131,0.1956489814891455,SIMULATED,NORMAL
2026-06-17T16:50:21.467746+00:00,DION_001,374132,-0.019621004127489933,SIMULATED,NORMAL
2026-06-17T16:50:21.478368+00:00,DION_001,374133,0.10266086793041339,SIMULATED,NORMAL
2026-06-17T16:50:21.489026+00:00,DION_001,374134,0.38946671211943606,SIMULATED,NORMAL
2026-06-17T16:50:21.499800+00:00,DION_001,374135,0.15580628153017945,SIMULATED,NORMAL
2026-06-17T16:50:21.510661+00:00,DION_001,374136,0.028252253478681183,SIMULATED,NORMAL
2026-06-17T16:50:21.521280+00:00,DION_001,374137,0.2792744728842551,SIMULATED,NORMAL
2026-06-17T16:50:21.531897+00:00,DION_001,374138,0.4584523278779977,SIMULATED,NORMAL
2026-06-17T16:50:21.542549+00:00,DION_001,374139,0.5487993923678225,SIMULATED,NORMAL
2026-06-17T16:50:21.553133+00:00,DION_001,374140,0.11896773894439334,SIMULATED,NORMAL
2026-06-17T16:50:21.563707+00:00,DION_001,374141,0.3359254059564984,SIMULATED,NORMAL
2026-06-17T16:50:21.574286+00:00,DION_001,374142,0.2253592222672248,SIMULATED,NORMAL
2026-06-17T16:50:21.584841+00:00,DION_001,374143,0.2784813265210937,SIMULATED,NORMAL
2026-06-17T16:50:21.595460+00:00,DION_001,374144,0.15901505057223636,SIMULATED,NORMAL
2026-06-17T16:50:21.606213+00:00,DION_001,374145,0.47528352442765004,SIMULATED,NORMAL
2026-06-17T16:50:21.617247+00:00,DION_001,374146,0.3443869865751864,SIMULATED,NORMAL
2026-06-17T16:50:21.628060+00:00,DION_001,374147,0.126705060639631,SIMULATED,NORMAL
2026-06-17T16:50:21.638718+00:00,DION_001,374148,0.30207277651758446,SIMULATED,NORMAL
2026-06-17T16:50:21.649275+00:00,DION_001,374149,0.3790724435946373,SIMULATED,NORMAL
2026-06-17T16:50:21.661950+00:00,DION_001,374150,0.3712371273096764,SIMULATED,NORMAL
2026-06-17T16:50:21.672704+00:00,DION_001,374151,0.3230399273916915,SIMULATED,NORMAL
2026-06-17T16:50:21.683348+00:00,DION_001,374152,0.5108918655137773,SIMULATED,NORMAL
2026-06-17T16:50:21.694030+00:00,DION_001,374153,0.4182589911851946,SIMULATED,NORMAL
2026-06-17T16:50:21.704718+00:00,DION_001,374154,0.5062378722415949,SIMULATED,NORMAL
2026-06-17T16:50:21.715250+00:00,DION_001,374155,0.5637221010154334,SIMULATED,NORMAL
2026-06-17T16:50:21.725802+00:00,DION_001,374156,0.6612766718318982,SIMULATED,NORMAL
2026-06-17T16:50:21.736670+00:00,DION_001,374157,0.5093700035030019,SIMULATED,NORMAL
2026-06-17T16:50:21.747238+00:00,DION_001,374158,0.5752665457896465,SIMULATED,NORMAL
2026-06-17T16:50:21.757927+00:00,DION_001,374159,0.8378652756496402,SIMULATED,NORMAL
2026-06-17T16:50:21.768713+00:00,DION_001,374160,1.0315385670238464,SIMULATED,NORMAL
2026-06-17T16:50:21.779222+00:00,DION_001,374161,0.7285884839054221,SIMULATED,NORMAL
2026-06-17T16:50:21.789712+00:00,DION_001,374162,0.38241097468632546,SIMULATED,NORMAL
2026-06-17T16:50:21.800137+00:00,DION_001,374163,0.5841442375172872,SIMULATED,NORMAL
2026-06-17T16:50:21.810608+00:00,DION_001,374164,0.6898746041241701,SIMULATED,NORMAL
2026-06-17T16:50:21.820980+00:00,DION_001,374165,0.6376788873807985,SIMULATED,NORMAL
2026-06-17T16:50:21.831497+00:00,DION_001,374166,0.6175638355640504,SIMULATED,NORMAL
2026-06-17T16:50:21.842022+00:00,DION_001,374167,0.84162873543446,SIMULATED,NORMAL
2026-06-17T16:50:21.852680+00:00,DION_001,374168,0.6994624292049355,SIMULATED,NORMAL
2026-06-17T16:50:21.863413+00:00,DION_001,374169,0.6078500396838854,SIMULATED,NORMAL
2026-06-17T16:50:21.873948+00:00,DION_001,374170,0.8276705263468944,SIMULATED,NORMAL
2026-06-17T16:50:21.884643+00:00,DION_001,374171,0.5914183179671835,SIMULATED,NORMAL
2026-06-17T16:50:21.895250+00:00,DION_001,374172,0.6266352483155648,SIMULATED,NORMAL
2026-06-17T16:50:21.905825+00:00,DION_001,374173,0.6526202134528886,SIMULATED,NORMAL
2026-06-17T16:50:21.916371+00:00,DION_001,374174,0.3899799048895549,SIMULATED,NORMAL
2026-06-17T16:50:21.927072+00:00,DION_001,374175,0.312752269627694,SIMULATED,NORMAL
2026-06-17T16:50:21.937663+00:00,DION_001,374176,0.5157266965723648,SIMULATED,NORMAL
2026-06-17T16:50:21.948436+00:00,DION_001,374177,0.20072162186642264,SIMULATED,NORMAL
2026-06-17T16:50:21.959103+00:00,DION_001,374178,0.47403744388161984,SIMULATED,NORMAL
2026-06-17T16:50:21.969722+00:00,DION_001,374179,0.2220246125856138,SIMULATED,NORMAL
2026-06-17T16:50:21.980376+00:00,DION_001,374180,0.42202152941993826,SIMULATED,NORMAL
2026-06-17T16:50:21.991129+00:00,DION_001,374181,0.3755252475909896,SIMULATED,NORMAL
2026-06-17T16:50:22.001755+00:00,DION_001,374182,0.11371969383737907,SIMULATED,NORMAL
2026-06-17T16:50:22.012351+00:00,DION_001,374183,0.07339296138665391,SIMULATED,NORMAL
2026-06-17T16:50:22.023123+00:00,DION_001,374184,-0.01339997794159678,SIMULATED,NORMAL
2026-06-17T16:50:22.033743+00:00,DION_001,374185,0.31431998666212807,SIMULATED,NORMAL
2026-06-17T16:50:22.044473+00:00,DION_001,374186,-0.14505351108925613,SIMULATED,NORMAL
2026-06-17T16:50:22.055376+00:00,DION_001,374187,-0.047040602942126634,SIMULATED,NORMAL
2026-06-17T16:50:22.065991+00:00,DION_001,374188,0.016309251418607333,SIMULATED,NORMAL
2026-06-17T16:50:22.080013+00:00,DION_001,374189,0.15340567093938817,SIMULATED,NORMAL
2026-06-17T16:50:22.090480+00:00,DION_001,374190,-0.18723255819022164,SIMULATED,NORMAL
2026-06-17T16:50:22.100965+00:00,DION_001,374191,-0.08584275527140348,SIMULATED,NORMAL
2026-06-17T16:50:22.111391+00:00,DION_001,374192,-0.20455369537079204,SIMULATED,NORMAL
2026-06-17T16:50:22.121854+00:00,DION_001,374193,-0.5920647514319506,SIMULATED,NORMAL
2026-06-17T16:50:22.132232+00:00,DION_001,374194,-0.48658311676658805,SIMULATED,NORMAL
2026-06-17T16:50:22.142653+00:00,DION_001,374195,-0.38175042884119015,SIMULATED,NORMAL
2026-06-17T16:50:22.153083+00:00,DION_001,374196,-0.37447744935841865,SIMULATED,NORMAL
2026-06-17T16:50:22.163343+00:00,DION_001,374197,-0.2468374206120957,SIMULATED,NORMAL
2026-06-17T16:50:22.173859+00:00,DION_001,374198,-0.27245286323859863,SIMULATED,NORMAL
2026-06-17T16:50:22.184306+00:00,DION_001,374199,-0.222832932489001,SIMULATED,NORMAL
2026-06-17T16:50:22.194861+00:00,DION_001,374200,-0.589800829488399,SIMULATED,NORMAL
2026-06-17T16:50:22.205230+00:00,DION_001,374201,-0.48321112583657405,SIMULATED,NORMAL
2026-06-17T16:50:22.215803+00:00,DION_001,374202,-0.610194945905864,SIMULATED,NORMAL
2026-06-17T16:50:22.226383+00:00,DION_001,374203,-0.6063864975076314,SIMULATED,NORMAL
2026-06-17T16:50:22.236982+00:00,DION_001,374204,-0.8380741934582026,SIMULATED,NORMAL
2026-06-17T16:50:22.247511+00:00,DION_001,374205,-0.7114311390280332,SIMULATED,NORMAL
2026-06-17T16:50:22.258061+00:00,DION_001,374206,-0.2425141868489647,SIMULATED,NORMAL
2026-06-17T16:50:22.268616+00:00,DION_001,374207,-3.510749722889218,SIMULATED,EVENT_DETECTED
2026-06-17T16:50:22.279454+00:00,DION_001,374208,-0.6635813637159556,SIMULATED,NORMAL
2026-06-17T16:50:22.290182+00:00,DION_001,374209,-0.8535003535193922,SIMULATED,NORMAL
2026-06-17T16:50:22.300968+00:00,DION_001,374210,-0.7696416596867208,SIMULATED,NORMAL
2026-06-17T16:50:22.311549+00:00,DION_001,374211,-0.9102292441303221,SIMULATED,NORMAL
2026-06-17T16:50:22.322289+00:00,DION_001,374212,-0.708184549933043,SIMULATED,NORMAL
2026-06-17T16:50:22.333109+00:00,DION_001,374213,-0.8048899300710466,SIMULATED,NORMAL
2026-06-17T16:50:22.343821+00:00,DION_001,374214,-0.7438049878656428,SIMULATED,NORMAL
2026-06-17T16:50:22.354508+00:00,DION_001,374215,-0.8155397142089419,SIMULATED,NORMAL
2026-06-17T16:50:22.365115+00:00,DION_001,374216,-0.8100758959362032,SIMULATED,NORMAL
2026-06-17T16:50:22.375747+00:00,DION_001,374217,-1.0429486464369626,SIMULATED,NORMAL
2026-06-17T16:50:22.386419+00:00,DION_001,374218,-0.6721625825326751,SIMULATED,NORMAL
2026-06-17T16:50:22.397032+00:00,DION_001,374219,-0.6154054332727171,SIMULATED,NORMAL
2026-06-17T16:50:22.407652+00:00,DION_001,374220,-0.7620536867350232,SIMULATED,NORMAL
2026-06-17T16:50:22.418245+00:00,DION_001,374221,-0.6662046962453648,SIMULATED,NORMAL
2026-06-17T16:50:22.428919+00:00,DION_001,374222,-0.904349737986237,SIMULATED,NORMAL
2026-06-17T16:50:22.439777+00:00,DION_001,374223,-0.4371877670020426,SIMULATED,NORMAL
2026-06-17T16:50:22.450389+00:00,DION_001,374224,-0.6629397988407079,SIMULATED,NORMAL
2026-06-17T16:50:22.461110+00:00,DION_001,374225,1.226888142283511,SIMULATED,NORMAL
2026-06-17T16:50:22.471921+00:00,DION_001,374226,-0.3688129866442214,SIMULATED,NORMAL
2026-06-17T16:50:22.482649+00:00,DION_001,374227,-0.762090333140821,SIMULATED,NORMAL
2026-06-17T16:50:22.493297+00:00,DION_001,374228,-0.6255479626504135,SIMULATED,NORMAL
2026-06-17T16:50:22.504037+00:00,DION_001,374229,-0.6025771357162394,SIMULATED,NORMAL
2026-06-17T16:50:22.514690+00:00,DION_001,374230,-0.7173564502045932,SIMULATED,NORMAL
2026-06-17T16:50:22.525233+00:00,DION_001,374231,-0.3099009239997149,SIMULATED,NORMAL
2026-06-17T16:50:22.535769+00:00,DION_001,374232,-0.39119600228565127,SIMULATED,NORMAL
2026-06-17T16:50:22.546414+00:00,DION_001,374233,-0.37326574155595416,SIMULATED,NORMAL
2026-06-17T16:50:22.556966+00:00,DION_001,374234,-0.5959047764155392,SIMULATED,NORMAL
2026-06-17T16:50:22.567618+00:00,DION_001,374235,-0.27084501449402065,SIMULATED,NORMAL
2026-06-17T16:50:22.578179+00:00,DION_001,374236,-0.28842384320584646,SIMULATED,NORMAL
2026-06-17T16:50:22.588825+00:00,DION_001,374237,-0.4466665057820662,SIMULATED,NORMAL
2026-06-17T16:50:22.599594+00:00,DION_001,374238,-0.4618693595755639,SIMULATED,NORMAL
2026-06-17T16:50:22.610181+00:00,DION_001,374239,-0.0954136395303759,SIMULATED,NORMAL
2026-06-17T16:50:22.620781+00:00,DION_001,374240,-0.3354744982867247,SIMULATED,NORMAL
2026-06-17T16:50:22.631427+00:00,DION_001,374241,-0.48565483821872624,SIMULATED,NORMAL
2026-06-17T16:50:22.642055+00:00,DION_001,374242,-0.28834613738160486,SIMULATED,NORMAL
2026-06-17T16:50:22.652676+00:00,DION_001,374243,-0.25346057418230455,SIMULATED,NORMAL
2026-06-17T16:50:22.663301+00:00,DION_001,374244,-0.11587778666758927,SIMULATED,NORMAL
2026-06-17T16:50:22.673946+00:00,DION_001,374245,-0.5693703825509064,SIMULATED,NORMAL
2026-06-17T16:50:22.684466+00:00,DION_001,374246,-0.1878530700711678,SIMULATED,NORMAL
2026-06-17T16:50:22.695331+00:00,DION_001,374247,-0.2734784095565949,SIMULATED,NORMAL
2026-06-17T16:50:22.705995+00:00,DION_001,374248,-0.028306151755862596,SIMULATED,NORMAL
2026-06-17T16:50:22.716720+00:00,DION_001,374249,-0.5504743542241984,SIMULATED,NORMAL
2026-06-17T16:50:22.727383+00:00,DION_001,374250,-0.5899037108293531,SIMULATED,NORMAL
2026-06-17T16:50:22.738075+00:00,DION_001,374251,-0.4107011546963179,SIMULATED,NORMAL
2026-06-17T16:50:22.748766+00:00,DION_001,374252,-0.4847540531193796,SIMULATED,NORMAL
2026-06-17T16:50:22.759413+00:00,DION_001,374253,-0.18431834848089498,SIMULATED,NORMAL
2026-06-17T16:50:22.770216+00:00,DION_001,374254,-0.4191076719209277,SIMULATED,NORMAL
2026-06-17T16:50:22.780867+00:00,DION_001,374255,-0.45074564066526673,SIMULATED,NORMAL
2026-06-17T16:50:22.791534+00:00,DION_001,374256,-0.5129108807403825,SIMULATED,NORMAL
2026-06-17T16:50:22.802275+00:00,DION_001,374257,-2.7974904692566716,SIMULATED,EVENT_DETECTED
2026-06-17T16:50:22.813168+00:00,DION_001,374258,-0.5366147911125694,SIMULATED,NORMAL
2026-06-17T16:50:22.823839+00:00,DION_001,374259,-0.41891051370067783,SIMULATED,NORMAL
2026-06-17T16:50:22.834516+00:00,DION_001,374260,-0.3324669287314498,SIMULATED,NORMAL
2026-06-17T16:50:22.845025+00:00,DION_001,374261,-0.7167956615430013,SIMULATED,NORMAL
2026-06-17T16:50:22.855819+00:00,DION_001,374262,-0.7608917512129935,SIMULATED,NORMAL
2026-06-17T16:50:22.866567+00:00,DION_001,374263,-0.8170193828000056,SIMULATED,NORMAL
2026-06-17T16:50:22.877324+00:00,DION_001,374264,-0.556736959541501,SIMULATED,NORMAL
2026-06-17T16:50:22.887894+00:00,DION_001,374265,-0.7042474650179833,SIMULATED,NORMAL
2026-06-17T16:50:22.898586+00:00,DION_001,374266,-0.7278902054738087,SIMULATED,NORMAL
2026-06-17T16:50:22.909273+00:00,DION_001,374267,-0.7616891703736846,SIMULATED,NORMAL
2026-06-17T16:50:22.919946+00:00,DION_001,374268,-1.11837443242971,SIMULATED,NORMAL
2026-06-17T16:50:22.930590+00:00,DION_001,374269,-0.8163836150854519,SIMULATED,NORMAL
2026-06-17T16:50:22.941258+00:00,DION_001,374270,-0.9173118969086681,SIMULATED,NORMAL
2026-06-17T16:50:22.951959+00:00,DION_001,374271,-1.0241793213723458,SIMULATED,NORMAL
2026-06-17T16:50:22.962612+00:00,DION_001,374272,-0.5718107597107456,SIMULATED,NORMAL
2026-06-17T16:50:22.973269+00:00,DION_001,374273,-0.8366241461096818,SIMULATED,NORMAL
2026-06-17T16:50:22.983843+00:00,DION_001,374274,-1.3389540860567661,SIMULATED,NORMAL
2026-06-17T16:50:22.994296+00:00,DION_001,374275,-0.873177303939927,SIMULATED,NORMAL
2026-06-17T16:50:23.004894+00:00,DION_001,374276,-0.8922402140788962,SIMULATED,NORMAL
2026-06-17T16:50:23.015555+00:00,DION_001,374277,-0.8985291282963556,SIMULATED,NORMAL
2026-06-17T16:50:23.026172+00:00,DION_001,374278,-1.0107110212438528,SIMULATED,NORMAL
2026-06-17T16:50:23.036795+00:00,DION_001,374279,-0.8818869668313504,SIMULATED,NORMAL
2026-06-17T16:50:23.047450+00:00,DION_001,374280,-1.1093692436308484,SIMULATED,NORMAL
2026-06-17T16:50:23.058213+00:00,DION_001,374281,-1.1806024999543738,SIMULATED,NORMAL
2026-06-17T16:50:23.068834+00:00,DION_001,374282,-1.3038809260040807,SIMULATED,NORMAL
2026-06-17T16:50:23.079551+00:00,DION_001,374283,-0.97648505605756,SIMULATED,NORMAL
2026-06-17T16:50:23.090199+00:00,DION_001,374284,-1.4782482158089572,SIMULATED,NORMAL
2026-06-17T16:50:23.100946+00:00,DION_001,374285,-1.1945025587473577,SIMULATED,NORMAL
2026-06-17T16:50:23.111599+00:00,DION_001,374286,-1.1566931873056896,SIMULATED,NORMAL
2026-06-17T16:50:23.122198+00:00,DION_001,374287,-1.4656083934828303,SIMULATED,NORMAL
2026-06-17T16:50:23.132904+00:00,DION_001,374288,-1.0777928984633638,SIMULATED,NORMAL
2026-06-17T16:50:23.143536+00:00,DION_001,374289,-1.3711758430936152,SIMULATED,NORMAL
2026-06-17T16:50:23.154101+00:00,DION_001,374290,-1.0964881525979033,SIMULATED,NORMAL
2026-06-17T16:50:23.164737+00:00,DION_001,374291,-1.0913264423617484,SIMULATED,NORMAL
2026-06-17T16:50:23.175383+00:00,DION_001,374292,-0.9403294704133033,SIMULATED,NORMAL
2026-06-17T16:50:23.185915+00:00,DION_001,374293,-1.1725828291877658,SIMULATED,NORMAL
2026-06-17T16:50:23.196386+00:00,DION_001,374294,-1.1029145916207792,SIMULATED,NORMAL
2026-06-17T16:50:23.206942+00:00,DION_001,374295,-1.0937910497131698,SIMULATED,NORMAL
2026-06-17T16:50:23.217442+00:00,DION_001,374296,-0.7596909779425485,SIMULATED,NORMAL
2026-06-17T16:50:23.227890+00:00,DION_001,374297,-1.2377145400959038,SIMULATED,NORMAL
2026-06-17T16:50:23.238421+00:00,DION_001,374298,-0.904416196477805,SIMULATED,NORMAL
2026-06-17T16:50:23.248840+00:00,DION_001,374299,-1.1293246890380964,SIMULATED,NORMAL
2026-06-17T16:50:23.259236+00:00,DION_001,374300,-0.721947923398523,SIMULATED,NORMAL
2026-06-17T16:50:23.269505+00:00,DION_001,374301,-0.7139289475733749,SIMULATED,NORMAL
2026-06-17T16:50:23.279790+00:00,DION_001,374302,-0.8670792149055638,SIMULATED,NORMAL
2026-06-17T16:50:23.290216+00:00,DION_001,374303,-0.7653692739927259,SIMULATED,NORMAL
2026-06-17T16:50:23.300615+00:00,DION_001,374304,-0.7936348626179498,SIMULATED,NORMAL
2026-06-17T16:50:23.311142+00:00,DION_001,374305,-0.726965851248331,SIMULATED,NORMAL
2026-06-17T16:50:23.321707+00:00,DION_001,374306,-0.7485897869027628,SIMULATED,NORMAL
2026-06-17T16:50:23.332279+00:00,DION_001,374307,-0.5883794750648453,SIMULATED,NORMAL
2026-06-17T16:50:23.342813+00:00,DION_001,374308,-0.6090866230864359,SIMULATED,NORMAL
2026-06-17T16:50:23.353547+00:00,DION_001,374309,-0.5263453255471751,SIMULATED,NORMAL
2026-06-17T16:50:23.364219+00:00,DION_001,374310,-0.47633152787636435,SIMULATED,NORMAL
2026-06-17T16:50:23.374878+00:00,DION_001,374311,-0.6845209138057681,SIMULATED,NORMAL
2026-06-17T16:50:23.385537+00:00,DION_001,374312,-0.31386365565042296,SIMULATED,NORMAL
2026-06-17T16:50:23.396157+00:00,DION_001,374313,-0.25098544865399364,SIMULATED,NORMAL
2026-06-17T16:50:23.406881+00:00,DION_001,374314,-0.46537881025938044,SIMULATED,NORMAL
2026-06-17T16:50:23.417536+00:00,DION_001,374315,-0.4149550093134294,SIMULATED,NORMAL
2026-06-17T16:50:23.428315+00:00,DION_001,374316,-0.5298285299496712,SIMULATED,NORMAL
2026-06-17T16:50:23.439164+00:00,DION_001,374317,-0.19974691924307036,SIMULATED,NORMAL
2026-06-17T16:50:23.449827+00:00,DION_001,374318,-0.3449010039747347,SIMULATED,NORMAL
2026-06-17T16:50:23.460518+00:00,DION_001,374319,-0.08554011536948686,SIMULATED,NORMAL
2026-06-17T16:50:23.471380+00:00,DION_001,374320,-0.31704866625227957,SIMULATED,NORMAL
2026-06-17T16:50:23.481905+00:00,DION_001,374321,-0.11109227509030548,SIMULATED,NORMAL
2026-06-17T16:50:23.492767+00:00,DION_001,374322,-0.2129633321042659,SIMULATED,NORMAL
2026-06-17T16:50:23.503418+00:00,DION_001,374323,-0.13323115803901614,SIMULATED,NORMAL
2026-06-17T16:50:23.514066+00:00,DION_001,374324,-0.3487766439871405,SIMULATED,NORMAL
2026-06-17T16:50:23.524664+00:00,DION_001,374325,0.11527184933539603,SIMULATED,NORMAL
2026-06-17T16:50:23.535325+00:00,DION_001,374326,-0.36045267741056985,SIMULATED,NORMAL
2026-06-17T16:50:23.545981+00:00,DION_001,374327,-0.1169762167647595,SIMULATED,NORMAL
2026-06-17T16:50:23.556701+00:00,DION_001,374328,-0.11978269572395878,SIMULATED,NORMAL
2026-06-17T16:50:23.567327+00:00,DION_001,374329,-0.1974203002852719,SIMULATED,NORMAL
2026-06-17T16:50:23.578003+00:00,DION_001,374330,-0.3091324512795883,SIMULATED,NORMAL
2026-06-17T16:50:23.588675+00:00,DION_001,374331,-0.06385043851614854,SIMULATED,NORMAL
2026-06-17T16:50:23.599302+00:00,DION_001,374332,-0.3231894922175579,SIMULATED,NORMAL
2026-06-17T16:50:23.609974+00:00,DION_001,374333,-0.021982265055892902,SIMULATED,NORMAL
2026-06-17T16:50:23.620699+00:00,DION_001,374334,-0.20636851230192543,SIMULATED,NORMAL
2026-06-17T16:50:23.631385+00:00,DION_001,374335,-0.3183865495428415,SIMULATED,NORMAL
2026-06-17T16:50:23.641988+00:00,DION_001,374336,-0.2342254244898389,SIMULATED,NORMAL
2026-06-17T16:50:23.652705+00:00,DION_001,374337,0.0688458593492128,SIMULATED,NORMAL
2026-06-17T16:50:23.663481+00:00,DION_001,374338,-0.31573633335817863,SIMULATED,NORMAL
2026-06-17T16:50:23.674154+00:00,DION_001,374339,-0.4853418705895877,SIMULATED,NORMAL
2026-06-17T16:50:23.684762+00:00,DION_001,374340,-0.36702853979649347,SIMULATED,NORMAL
2026-06-17T16:50:23.695441+00:00,DION_001,374341,-0.02052046492394413,SIMULATED,NORMAL
2026-06-17T16:50:23.706131+00:00,DION_001,374342,-0.30523238776443024,SIMULATED,NORMAL
2026-06-17T16:50:23.716778+00:00,DION_001,374343,-0.13907323113011993,SIMULATED,NORMAL
2026-06-17T16:50:23.727439+00:00,DION_001,374344,-0.5663522498061266,SIMULATED,NORMAL
2026-06-17T16:50:23.738099+00:00,DION_001,374345,-0.34896582927460656,SIMULATED,NORMAL
2026-06-17T16:50:23.748895+00:00,DION_001,374346,-0.3339847410578517,SIMULATED,NORMAL
2026-06-17T16:50:23.759610+00:00,DION_001,374347,-0.4020653754553835,SIMULATED,NORMAL
2026-06-17T16:50:23.770346+00:00,DION_001,374348,-0.30230578166047306,SIMULATED,NORMAL
2026-06-17T16:50:23.780999+00:00,DION_001,374349,-0.5954813217267616,SIMULATED,NORMAL
2026-06-17T16:50:23.791669+00:00,DION_001,374350,-0.4585826557217392,SIMULATED,NORMAL
2026-06-17T16:50:23.802450+00:00,DION_001,374351,-0.41219148877436507,SIMULATED,NORMAL
2026-06-17T16:50:23.813103+00:00,DION_001,374352,-0.43681340690034054,SIMULATED,NORMAL
2026-06-17T16:50:23.823799+00:00,DION_001,374353,-0.4848011050532055,SIMULATED,NORMAL
2026-06-17T16:50:23.834456+00:00,DION_001,374354,-0.26104059629522264,SIMULATED,NORMAL
2026-06-17T16:50:23.844966+00:00,DION_001,374355,-0.34986953085196304,SIMULATED,NORMAL
2026-06-17T16:50:23.855611+00:00,DION_001,374356,-0.456901073416725,SIMULATED,NORMAL
2026-06-17T16:50:23.866597+00:00,DION_001,374357,-0.3189535578810571,SIMULATED,NORMAL
2026-06-17T16:50:23.877248+00:00,DION_001,374358,-0.6691823006668295,SIMULATED,NORMAL
2026-06-17T16:50:23.888071+00:00,DION_001,374359,-0.1192504407136708,SIMULATED,NORMAL
2026-06-17T16:50:23.898801+00:00,DION_001,374360,-0.5849499897546895,SIMULATED,NORMAL
2026-06-17T16:50:23.909479+00:00,DION_001,374361,-0.2867204620162148,SIMULATED,NORMAL
2026-06-17T16:50:23.920050+00:00,DION_001,374362,-0.6646916093795221,SIMULATED,NORMAL
2026-06-17T16:50:23.930686+00:00,DION_001,374363,-0.5018773057084336,SIMULATED,NORMAL
2026-06-17T16:50:23.941378+00:00,DION_001,374364,-0.255500728377519,SIMULATED,NORMAL
2026-06-17T16:50:23.952103+00:00,DION_001,374365,-0.6592314784715911,SIMULATED,NORMAL
2026-06-17T16:50:23.962792+00:00,DION_001,374366,-0.14796499075322356,SIMULATED,NORMAL
2026-06-17T16:50:23.973503+00:00,DION_001,374367,-0.45517140687425145,SIMULATED,NORMAL
2026-06-17T16:50:23.984163+00:00,DION_001,374368,-0.47787171041030996,SIMULATED,NORMAL
2026-06-17T16:50:23.994817+00:00,DION_001,374369,-0.17897230107569911,SIMULATED,NORMAL
2026-06-17T16:50:24.005528+00:00,DION_001,374370,-0.4542849096468833,SIMULATED,NORMAL
2026-06-17T16:50:24.016131+00:00,DION_001,374371,-0.311885303532679,SIMULATED,NORMAL
2026-06-17T16:50:24.026913+00:00,DION_001,374372,-0.4115588343272556,SIMULATED,NORMAL
2026-06-17T16:50:24.037613+00:00,DION_001,374373,-0.2822655012537934,SIMULATED,NORMAL
2026-06-17T16:50:24.048211+00:00,DION_001,374374,-0.2984515573930229,SIMULATED,NORMAL
2026-06-17T16:50:24.058834+00:00,DION_001,374375,-0.03095895829365125,SIMULATED,NORMAL
2026-06-17T16:50:24.069499+00:00,DION_001,374376,-0.08643236737734898,SIMULATED,NORMAL
2026-06-17T16:50:24.080123+00:00,DION_001,374377,-0.16031529203123102,SIMULATED,NORMAL
2026-06-17T16:50:24.090822+00:00,DION_001,374378,-0.2651782009336314,SIMULATED,NORMAL
2026-06-17T16:50:24.101523+00:00,DION_001,374379,-0.03125214346078309,SIMULATED,NORMAL
2026-06-17T16:50:24.112145+00:00,DION_001,374380,-0.17415300000114284,SIMULATED,NORMAL
2026-06-17T16:50:24.122841+00:00,DION_001,374381,-0.021751576947948305,SIMULATED,NORMAL
2026-06-17T16:50:24.133364+00:00,DION_001,374382,-0.026989800834861202,SIMULATED,NORMAL
2026-06-17T16:50:24.143983+00:00,DION_001,374383,0.5275663017507426,SIMULATED,NORMAL
2026-06-17T16:50:24.154742+00:00,DION_001,374384,0.2719283139824923,SIMULATED,NORMAL
2026-06-17T16:50:24.165275+00:00,DION_001,374385,0.22090538789646516,SIMULATED,NORMAL
2026-06-17T16:50:24.175747+00:00,DION_001,374386,0.2809513160700795,SIMULATED,NORMAL
2026-06-17T16:50:24.186291+00:00,DION_001,374387,0.2225877109449919,SIMULATED,NORMAL
2026-06-17T16:50:24.196912+00:00,DION_001,374388,0.43761374363765493,SIMULATED,NORMAL
2026-06-17T16:50:24.207487+00:00,DION_001,374389,0.35489926305612973,SIMULATED,NORMAL
2026-06-17T16:50:24.218116+00:00,DION_001,374390,0.25998749762883455,SIMULATED,NORMAL
2026-06-17T16:50:24.228700+00:00,DION_001,374391,0.6361609833616487,SIMULATED,NORMAL
2026-06-17T16:50:24.239285+00:00,DION_001,374392,0.31530311900777286,SIMULATED,NORMAL
2026-06-17T16:50:24.249906+00:00,DION_001,374393,0.2889133084668211,SIMULATED,NORMAL
2026-06-17T16:50:24.260807+00:00,DION_001,374394,0.3593418782014153,SIMULATED,NORMAL
2026-06-17T16:50:24.271768+00:00,DION_001,374395,0.44937820163611075,SIMULATED,NORMAL
2026-06-17T16:50:24.282315+00:00,DION_001,374396,0.6035058195813785,SIMULATED,NORMAL
2026-06-17T16:50:24.293014+00:00,DION_001,374397,0.6436502194681089,SIMULATED,NORMAL
2026-06-17T16:50:24.303629+00:00,DION_001,374398,0.8726196481436933,SIMULATED,NORMAL
2026-06-17T16:50:24.314177+00:00,DION_001,374399,0.9503803430665099,SIMULATED,NORMAL
2026-06-17T16:50:24.324758+00:00,DION_001,374400,0.8849287946272889,SIMULATED,NORMAL
2026-06-17T16:50:24.335354+00:00,DION_001,374401,0.818471095528316,SIMULATED,NORMAL
2026-06-17T16:50:24.345800+00:00,DION_001,374402,0.6818450306563139,SIMULATED,NORMAL
2026-06-17T16:50:24.356149+00:00,DION_001,374403,0.7772273148484419,SIMULATED,NORMAL
2026-06-17T16:50:24.366443+00:00,DION_001,374404,0.8984369597513987,SIMULATED,NORMAL
2026-06-17T16:50:24.376787+00:00,DION_001,374405,0.9114077643879482,SIMULATED,NORMAL
2026-06-17T16:50:24.387162+00:00,DION_001,374406,0.6498306889969634,SIMULATED,NORMAL
2026-06-17T16:50:24.397803+00:00,DION_001,374407,1.0630338420311052,SIMULATED,NORMAL
2026-06-17T16:50:24.408305+00:00,DION_001,374408,0.9328638095886608,SIMULATED,NORMAL
2026-06-17T16:50:24.418904+00:00,DION_001,374409,1.163732076620855,SIMULATED,NORMAL
2026-06-17T16:50:24.429503+00:00,DION_001,374410,1.27168030912246,SIMULATED,NORMAL
2026-06-17T16:50:24.440101+00:00,DION_001,374411,0.8043822001562825,SIMULATED,NORMAL
2026-06-17T16:50:24.451827+00:00,DION_001,374412,0.7793046148853632,SIMULATED,NORMAL
2026-06-17T16:50:24.462773+00:00,DION_001,374413,0.9323870313735927,SIMULATED,NORMAL
2026-06-17T16:50:24.473651+00:00,DION_001,374414,0.7960134456625478,SIMULATED,NORMAL
2026-06-17T16:50:24.484165+00:00,DION_001,374415,0.9471323039363075,SIMULATED,NORMAL
2026-06-17T16:50:24.494710+00:00,DION_001,374416,0.899294861377421,SIMULATED,NORMAL
2026-06-17T16:50:24.505805+00:00,DION_001,374417,0.9462287821895117,SIMULATED,NORMAL
2026-06-17T16:50:24.516684+00:00,DION_001,374418,0.6822703967646834,SIMULATED,NORMAL
2026-06-17T16:50:24.527274+00:00,DION_001,374419,0.8064600890931763,SIMULATED,NORMAL
2026-06-17T16:50:24.538187+00:00,DION_001,374420,0.6964795786864891,SIMULATED,NORMAL
2026-06-17T16:50:24.548826+00:00,DION_001,374421,0.8261692530460397,SIMULATED,NORMAL
2026-06-17T16:50:24.559570+00:00,DION_001,374422,0.625433857800106,SIMULATED,NORMAL
2026-06-17T16:50:24.570264+00:00,DION_001,374423,0.6164251358768076,SIMULATED,NORMAL
2026-06-17T16:50:24.580913+00:00,DION_001,374424,0.5358131323042459,SIMULATED,NORMAL
2026-06-17T16:50:24.591591+00:00,DION_001,374425,0.8689855811118836,SIMULATED,NORMAL
2026-06-17T16:50:24.602361+00:00,DION_001,374426,0.62463913224642,SIMULATED,NORMAL
2026-06-17T16:50:24.613023+00:00,DION_001,374427,0.28486430015126896,SIMULATED,NORMAL
2026-06-17T16:50:24.623468+00:00,DION_001,374428,0.4445558081915498,SIMULATED,NORMAL
2026-06-17T16:50:24.634152+00:00,DION_001,374429,0.5604188152144512,SIMULATED,NORMAL
2026-06-17T16:50:24.644775+00:00,DION_001,374430,0.3948050472084009,SIMULATED,NORMAL
2026-06-17T16:50:24.655410+00:00,DION_001,374431,0.5304321096493101,SIMULATED,NORMAL
2026-06-17T16:50:24.666027+00:00,DION_001,374432,0.5547876919474678,SIMULATED,NORMAL
2026-06-17T16:50:24.676713+00:00,DION_001,374433,0.4908172561799666,SIMULATED,NORMAL
2026-06-17T16:50:24.687401+00:00,DION_001,374434,0.5084220917308017,SIMULATED,NORMAL
2026-06-17T16:50:24.698117+00:00,DION_001,374435,0.3696882004579829,SIMULATED,NORMAL
2026-06-17T16:50:24.708724+00:00,DION_001,374436,0.20589931315764157,SIMULATED,NORMAL
2026-06-17T16:50:24.719337+00:00,DION_001,374437,0.45899395070586946,SIMULATED,NORMAL
2026-06-17T16:50:24.730007+00:00,DION_001,374438,0.18147643131838848,SIMULATED,NORMAL
2026-06-17T16:50:24.740697+00:00,DION_001,374439,0.16897521871374308,SIMULATED,NORMAL
2026-06-17T16:50:24.751347+00:00,DION_001,374440,0.2500033913835826,SIMULATED,NORMAL
2026-06-17T16:50:24.761945+00:00,DION_001,374441,0.4318611540863058,SIMULATED,NORMAL
2026-06-17T16:50:24.772543+00:00,DION_001,374442,0.19909514941099357,SIMULATED,NORMAL
2026-06-17T16:50:24.783598+00:00,DION_001,374443,0.2063125579097311,SIMULATED,NORMAL
2026-06-17T16:50:24.794520+00:00,DION_001,374444,0.49057504785540856,SIMULATED,NORMAL
2026-06-17T16:50:24.805703+00:00,DION_001,374445,0.39415163881053183,SIMULATED,NORMAL
2026-06-17T16:50:24.816718+00:00,DION_001,374446,0.40472450681359523,SIMULATED,NORMAL
2026-06-17T16:50:24.827671+00:00,DION_001,374447,0.16296392096267134,SIMULATED,NORMAL
2026-06-17T16:50:24.838588+00:00,DION_001,374448,0.5231964345258342,SIMULATED,NORMAL
2026-06-17T16:50:24.849230+00:00,DION_001,374449,0.48609697597544776,SIMULATED,NORMAL
2026-06-17T16:50:24.860171+00:00,DION_001,374450,0.619626490806999,SIMULATED,NORMAL
2026-06-17T16:50:24.871094+00:00,DION_001,374451,0.7377387522806789,SIMULATED,NORMAL
2026-06-17T16:50:24.882060+00:00,DION_001,374452,0.5297776159472913,SIMULATED,NORMAL
2026-06-17T16:50:24.892983+00:00,DION_001,374453,0.4474229876643929,SIMULATED,NORMAL
2026-06-17T16:50:24.904069+00:00,DION_001,374454,0.5312053793758218,SIMULATED,NORMAL
2026-06-17T16:50:24.915023+00:00,DION_001,374455,0.5788078726390937,SIMULATED,NORMAL
2026-06-17T16:50:24.925958+00:00,DION_001,374456,0.6543666209576819,SIMULATED,NORMAL
2026-06-17T16:50:24.936675+00:00,DION_001,374457,0.6908026514258493,SIMULATED,NORMAL
2026-06-17T16:50:24.947631+00:00,DION_001,374458,0.6902231366866277,SIMULATED,NORMAL
2026-06-17T16:50:24.958608+00:00,DION_001,374459,0.5983282221168404,SIMULATED,NORMAL
2026-06-17T16:50:24.969512+00:00,DION_001,374460,0.9757577050913986,SIMULATED,NORMAL
2026-06-17T16:50:24.980461+00:00,DION_001,374461,0.6931151654127469,SIMULATED,NORMAL
2026-06-17T16:50:24.991570+00:00,DION_001,374462,0.6927916131525871,SIMULATED,NORMAL
2026-06-17T16:50:25.002493+00:00,DION_001,374463,-1.0876820452984466,SIMULATED,NORMAL
2026-06-17T16:50:25.013573+00:00,DION_001,374464,1.151495125316498,SIMULATED,NORMAL
2026-06-17T16:50:25.024484+00:00,DION_001,374465,0.8709817002818808,SIMULATED,NORMAL
2026-06-17T16:50:25.035216+00:00,DION_001,374466,0.8835222425396257,SIMULATED,NORMAL
2026-06-17T16:50:25.045920+00:00,DION_001,374467,1.011936945006237,SIMULATED,NORMAL
2026-06-17T16:50:25.056816+00:00,DION_001,374468,1.1049551124733774,SIMULATED,NORMAL
2026-06-17T16:50:25.067768+00:00,DION_001,374469,0.7811365989312132,SIMULATED,NORMAL
2026-06-17T16:50:25.078311+00:00,DION_001,374470,0.9889611926689555,SIMULATED,NORMAL
2026-06-17T16:50:25.088985+00:00,DION_001,374471,0.9767405453439489,SIMULATED,NORMAL
2026-06-17T16:50:25.099617+00:00,DION_001,374472,1.043408528967066,SIMULATED,NORMAL
2026-06-17T16:50:25.110259+00:00,DION_001,374473,0.9824223366544758,SIMULATED,NORMAL
2026-06-17T16:50:25.120917+00:00,DION_001,374474,1.0100188153634666,SIMULATED,NORMAL
2026-06-17T16:50:25.131622+00:00,DION_001,374475,1.0698540775682046,SIMULATED,NORMAL
2026-06-17T16:50:25.142272+00:00,DION_001,374476,0.9688123883002,SIMULATED,NORMAL
2026-06-17T16:50:25.152969+00:00,DION_001,374477,1.3397332374171909,SIMULATED,NORMAL
2026-06-17T16:50:25.163603+00:00,DION_001,374478,1.2088809713760846,SIMULATED,NORMAL
2026-06-17T16:50:25.174219+00:00,DION_001,374479,1.190162122531707,SIMULATED,NORMAL
2026-06-17T16:50:25.184813+00:00,DION_001,374480,1.5120510494604784,SIMULATED,NORMAL
2026-06-17T16:50:25.196233+00:00,DION_001,374481,1.1182258196499606,SIMULATED,NORMAL
2026-06-17T16:50:25.206822+00:00,DION_001,374482,1.0953259713592707,SIMULATED,NORMAL
2026-06-17T16:50:25.217417+00:00,DION_001,374483,1.3269535872348464,SIMULATED,NORMAL
2026-06-17T16:50:25.228166+00:00,DION_001,374484,1.0757898634424727,SIMULATED,NORMAL
2026-06-17T16:50:25.238751+00:00,DION_001,374485,1.0915442301329072,SIMULATED,NORMAL
2026-06-17T16:50:25.249342+00:00,DION_001,374486,1.1252136817336988,SIMULATED,NORMAL
2026-06-17T16:50:25.259798+00:00,DION_001,374487,1.073788853833358,SIMULATED,NORMAL
2026-06-17T16:50:25.270478+00:00,DION_001,374488,1.084258683064287,SIMULATED,NORMAL
2026-06-17T16:50:25.281135+00:00,DION_001,374489,1.2002688847721223,SIMULATED,NORMAL
2026-06-17T16:50:25.291728+00:00,DION_001,374490,1.095215921347154,SIMULATED,NORMAL
2026-06-17T16:50:25.302373+00:00,DION_001,374491,1.028793926291974,SIMULATED,NORMAL
2026-06-17T16:50:25.312963+00:00,DION_001,374492,1.035049641869108,SIMULATED,NORMAL
2026-06-17T16:50:25.323550+00:00,DION_001,374493,1.0568690518230983,SIMULATED,NORMAL
2026-06-17T16:50:25.334189+00:00,DION_001,374494,0.9308228749917655,SIMULATED,NORMAL
2026-06-17T16:50:25.344808+00:00,DION_001,374495,0.8474756135701385,SIMULATED,NORMAL
2026-06-17T16:50:25.355485+00:00,DION_001,374496,0.6466146815457041,SIMULATED,NORMAL
2026-06-17T16:50:25.366300+00:00,DION_001,374497,0.7609905160982898,SIMULATED,NORMAL
2026-06-17T16:50:25.376802+00:00,DION_001,374498,0.6850821175849465,SIMULATED,NORMAL
2026-06-17T16:50:25.387257+00:00,DION_001,374499,0.619381115014715,SIMULATED,NORMAL
2026-06-17T16:50:25.397708+00:00,DION_001,374500,0.8607177283245705,SIMULATED,NORMAL
2026-06-17T16:50:25.408249+00:00,DION_001,374501,0.8045084567247982,SIMULATED,NORMAL
2026-06-17T16:50:25.418716+00:00,DION_001,374502,0.676426074734471,SIMULATED,NORMAL
2026-06-17T16:50:25.429152+00:00,DION_001,374503,0.4752593570797321,SIMULATED,NORMAL
2026-06-17T16:50:25.439569+00:00,DION_001,374504,0.5334405255521523,SIMULATED,NORMAL
2026-06-17T16:50:25.449814+00:00,DION_001,374505,0.569908480286515,SIMULATED,NORMAL
2026-06-17T16:50:25.460019+00:00,DION_001,374506,0.4924898439014291,SIMULATED,NORMAL
2026-06-17T16:50:25.470384+00:00,DION_001,374507,0.529782335142959,SIMULATED,NORMAL
2026-06-17T16:50:25.481188+00:00,DION_001,374508,0.5499029029261775,SIMULATED,NORMAL
2026-06-17T16:50:25.491678+00:00,DION_001,374509,0.44565505640655767,SIMULATED,NORMAL
2026-06-17T16:50:25.502575+00:00,DION_001,374510,0.447136493046007,SIMULATED,NORMAL
2026-06-17T16:50:25.513492+00:00,DION_001,374511,0.464005920654493,SIMULATED,NORMAL
2026-06-17T16:50:25.524039+00:00,DION_001,374512,0.14026901611762224,SIMULATED,NORMAL
2026-06-17T16:50:25.534936+00:00,DION_001,374513,0.14556082428545797,SIMULATED,NORMAL
2026-06-17T16:50:25.545878+00:00,DION_001,374514,0.29757195511179585,SIMULATED,NORMAL
2026-06-17T16:50:25.556666+00:00,DION_001,374515,0.2842733354580894,SIMULATED,NORMAL
2026-06-17T16:50:25.567614+00:00,DION_001,374516,0.18258192327567793,SIMULATED,NORMAL
2026-06-17T16:50:25.578063+00:00,DION_001,374517,0.0878310010042284,SIMULATED,NORMAL
2026-06-17T16:50:25.588621+00:00,DION_001,374518,-0.05883726930639174,SIMULATED,NORMAL
2026-06-17T16:50:25.599171+00:00,DION_001,374519,-0.04684861057267789,SIMULATED,NORMAL
2026-06-17T16:50:25.609742+00:00,DION_001,374520,-0.08069695642302979,SIMULATED,NORMAL
2026-06-17T16:50:25.620447+00:00,DION_001,374521,0.29589996187037226,SIMULATED,NORMAL
2026-06-17T16:50:25.631331+00:00,DION_001,374522,-0.004199504995347415,SIMULATED,NORMAL
2026-06-17T16:50:25.641930+00:00,DION_001,374523,-2.601972097487784,SIMULATED,EVENT_DETECTED
2026-06-17T16:50:25.652988+00:00,DION_001,374524,-0.04266634427165007,SIMULATED,NORMAL
2026-06-17T16:50:25.663605+00:00,DION_001,374525,0.09687454654522705,SIMULATED,NORMAL
2026-06-17T16:50:25.674231+00:00,DION_001,374526,0.0361854219739878,SIMULATED,NORMAL
2026-06-17T16:50:25.684843+00:00,DION_001,374527,-0.03623156621729045,SIMULATED,NORMAL
2026-06-17T16:50:25.695463+00:00,DION_001,374528,0.11332805861761534,SIMULATED,NORMAL
2026-06-17T16:50:25.705994+00:00,DION_001,374529,0.15418849985538088,SIMULATED,NORMAL
2026-06-17T16:50:25.716678+00:00,DION_001,374530,0.06781268436337567,SIMULATED,NORMAL
2026-06-17T16:50:25.727303+00:00,DION_001,374531,0.21618583252366258,SIMULATED,NORMAL
2026-06-17T16:50:25.737804+00:00,DION_001,374532,0.3011048351441461,SIMULATED,NORMAL
2026-06-17T16:50:25.748239+00:00,DION_001,374533,0.0462318381016065,SIMULATED,NORMAL
2026-06-17T16:50:25.758570+00:00,DION_001,374534,0.01932354675203002,SIMULATED,NORMAL
2026-06-17T16:50:25.768931+00:00,DION_001,374535,-0.0528582990511155,SIMULATED,NORMAL
2026-06-17T16:50:25.779331+00:00,DION_001,374536,0.019263755610460467,SIMULATED,NORMAL
2026-06-17T16:50:25.789846+00:00,DION_001,374537,0.06388427762461987,SIMULATED,NORMAL
2026-06-17T16:50:25.800303+00:00,DION_001,374538,0.05063627233008523,SIMULATED,NORMAL
2026-06-17T16:50:25.810768+00:00,DION_001,374539,0.1929942912167613,SIMULATED,NORMAL
2026-06-17T16:50:25.821289+00:00,DION_001,374540,0.1502838879619511,SIMULATED,NORMAL
2026-06-17T16:50:25.831819+00:00,DION_001,374541,0.4162443600954263,SIMULATED,NORMAL
2026-06-17T16:50:25.842171+00:00,DION_001,374542,0.043259921366989806,SIMULATED,NORMAL
2026-06-17T16:50:25.852654+00:00,DION_001,374543,0.3558615847841225,SIMULATED,NORMAL
2026-06-17T16:50:25.862982+00:00,DION_001,374544,2.01269398866412,SIMULATED,EVENT_DETECTED
2026-06-17T16:50:25.873425+00:00,DION_001,374545,0.19588019166889636,SIMULATED,NORMAL
2026-06-17T16:50:25.883971+00:00,DION_001,374546,0.5126560394415905,SIMULATED,NORMAL
2026-06-17T16:50:25.894478+00:00,DION_001,374547,0.5887777720581858,SIMULATED,NORMAL
2026-06-17T16:50:25.904963+00:00,DION_001,374548,0.2734153273715814,SIMULATED,NORMAL
2026-06-17T16:50:25.915426+00:00,DION_001,374549,0.3132637828499259,SIMULATED,NORMAL
2026-06-17T16:50:25.925860+00:00,DION_001,374550,0.27643929470956907,SIMULATED,NORMAL
2026-06-17T16:50:25.936254+00:00,DION_001,374551,0.3170627914663198,SIMULATED,NORMAL
2026-06-17T16:50:25.946672+00:00,DION_001,374552,0.3822282619216795,SIMULATED,NORMAL
2026-06-17T16:50:25.957031+00:00,DION_001,374553,0.3110584934065694,SIMULATED,NORMAL
2026-06-17T16:50:25.967462+00:00,DION_001,374554,0.613326155776903,SIMULATED,NORMAL
2026-06-17T16:50:25.977899+00:00,DION_001,374555,0.09663161021610639,SIMULATED,NORMAL
2026-06-17T16:50:25.988309+00:00,DION_001,374556,0.5996312874141315,SIMULATED,NORMAL
2026-06-17T16:50:25.998669+00:00,DION_001,374557,0.48192750785286215,SIMULATED,NORMAL
2026-06-17T16:50:26.008928+00:00,DION_001,374558,0.2972334416455105,SIMULATED,NORMAL
2026-06-17T16:50:26.019228+00:00,DION_001,374559,0.6828995403317524,SIMULATED,NORMAL
2026-06-17T16:50:26.029550+00:00,DION_001,374560,0.4707423132380641,SIMULATED,NORMAL
2026-06-17T16:50:26.039850+00:00,DION_001,374561,0.24572193066247477,SIMULATED,NORMAL
2026-06-17T16:50:26.050155+00:00,DION_001,374562,0.4998684003711279,SIMULATED,NORMAL
2026-06-17T16:50:26.060486+00:00,DION_001,374563,0.36035848073826854,SIMULATED,NORMAL
2026-06-17T16:50:26.070986+00:00,DION_001,374564,0.013935527755895294,SIMULATED,NORMAL
2026-06-17T16:50:26.081373+00:00,DION_001,374565,0.21533834799020019,SIMULATED,NORMAL
2026-06-17T16:50:26.091780+00:00,DION_001,374566,0.04044731378972785,SIMULATED,NORMAL
2026-06-17T16:50:26.102180+00:00,DION_001,374567,0.14136314073477851,SIMULATED,NORMAL
2026-06-17T16:50:26.112774+00:00,DION_001,374568,0.04157441597838138,SIMULATED,NORMAL
2026-06-17T16:50:26.123453+00:00,DION_001,374569,2.6086654481373035,SIMULATED,EVENT_DETECTED
2026-06-17T16:50:26.134057+00:00,DION_001,374570,-2.576940385100908,SIMULATED,EVENT_DETECTED
2026-06-17T16:50:26.144789+00:00,DION_001,374571,0.056203039665346136,SIMULATED,NORMAL
2026-06-17T16:50:26.155463+00:00,DION_001,374572,-0.13607908831595378,SIMULATED,NORMAL
2026-06-17T16:50:26.166083+00:00,DION_001,374573,0.12591296980951563,SIMULATED,NORMAL
2026-06-17T16:50:26.176649+00:00,DION_001,374574,0.30454552715160976,SIMULATED,NORMAL
2026-06-17T16:50:26.187167+00:00,DION_001,374575,0.016345100720888406,SIMULATED,NORMAL
2026-06-17T16:50:26.197651+00:00,DION_001,374576,-0.11276557472777568,SIMULATED,NORMAL
2026-06-17T16:50:26.208128+00:00,DION_001,374577,-0.38264361539966996,SIMULATED,NORMAL
2026-06-17T16:50:26.218646+00:00,DION_001,374578,-0.16331672563442143,SIMULATED,NORMAL
2026-06-17T16:50:26.229079+00:00,DION_001,374579,-0.3518186821741851,SIMULATED,NORMAL
2026-06-17T16:50:26.239467+00:00,DION_001,374580,-0.416740135923209,SIMULATED,NORMAL
2026-06-17T16:50:26.249833+00:00,DION_001,374581,-0.36827742244383843,SIMULATED,NORMAL
2026-06-17T16:50:26.260334+00:00,DION_001,374582,-0.7156606978303235,SIMULATED,NORMAL
2026-06-17T16:50:26.270751+00:00,DION_001,374583,-0.20700635815116172,SIMULATED,NORMAL
2026-06-17T16:50:26.281119+00:00,DION_001,374584,-0.6740246127099722,SIMULATED,NORMAL
2026-06-17T16:50:26.291463+00:00,DION_001,374585,-0.2911636809815954,SIMULATED,NORMAL
2026-06-17T16:50:26.301839+00:00,DION_001,374586,-0.5087758105121969,SIMULATED,NORMAL
2026-06-17T16:50:26.312326+00:00,DION_001,374587,-0.5106607375038,SIMULATED,NORMAL
2026-06-17T16:50:26.322710+00:00,DION_001,374588,-0.722329941881714,SIMULATED,NORMAL
2026-06-17T16:50:26.333014+00:00,DION_001,374589,-0.5598446542847239,SIMULATED,NORMAL
2026-06-17T16:50:26.343403+00:00,DION_001,374590,-0.8658053127946087,SIMULATED,NORMAL
2026-06-17T16:50:26.353847+00:00,DION_001,374591,-0.7501496766692584,SIMULATED,NORMAL
2026-06-17T16:50:26.364232+00:00,DION_001,374592,-0.7900516369271801,SIMULATED,NORMAL
2026-06-17T16:50:26.374640+00:00,DION_001,374593,-0.7597981165217949,SIMULATED,NORMAL
2026-06-17T16:50:26.385033+00:00,DION_001,374594,-0.757983889696679,SIMULATED,NORMAL
2026-06-17T16:50:26.395420+00:00,DION_001,374595,-0.9148337786658326,SIMULATED,NORMAL
2026-06-17T16:50:26.405705+00:00,DION_001,374596,-0.6672573667184508,SIMULATED,NORMAL
2026-06-17T16:50:26.415929+00:00,DION_001,374597,-0.63723897684654,SIMULATED,NORMAL
2026-06-17T16:50:26.426169+00:00,DION_001,374598,-0.8877679296023073,SIMULATED,NORMAL
2026-06-17T16:50:26.436401+00:00,DION_001,374599,-0.8937195667066947,SIMULATED,NORMAL
2026-06-17T16:50:26.446621+00:00,DION_001,374600,-0.9515760332911974,SIMULATED,NORMAL
2026-06-17T16:50:26.456950+00:00,DION_001,374601,-0.9261195542701836,SIMULATED,NORMAL
2026-06-17T16:50:26.467364+00:00,DION_001,374602,-0.8281497429268637,SIMULATED,NORMAL
2026-06-17T16:50:26.477704+00:00,DION_001,374603,-1.109073711743871,SIMULATED,NORMAL
2026-06-17T16:50:26.488028+00:00,DION_001,374604,-1.0977653762089785,SIMULATED,NORMAL
2026-06-17T16:50:26.498308+00:00,DION_001,374605,-0.8011247505373608,SIMULATED,NORMAL
2026-06-17T16:50:26.508625+00:00,DION_001,374606,-0.7317140236999442,SIMULATED,NORMAL
2026-06-17T16:50:26.518995+00:00,DION_001,374607,-0.8287586037191779,SIMULATED,NORMAL
2026-06-17T16:50:26.529397+00:00,DION_001,374608,-0.8472548694599416,SIMULATED,NORMAL
2026-06-17T16:50:26.539939+00:00,DION_001,374609,-1.0717741813821409,SIMULATED,NORMAL
2026-06-17T16:50:26.550221+00:00,DION_001,374610,-0.7277886548175948,SIMULATED,NORMAL
2026-06-17T16:50:26.560599+00:00,DION_001,374611,-1.0825689428160248,SIMULATED,NORMAL
2026-06-17T16:50:26.570912+00:00,DION_001,374612,-0.9121412086223835,SIMULATED,NORMAL
2026-06-17T16:50:26.581286+00:00,DION_001,374613,-1.1243556233411025,SIMULATED,NORMAL
2026-06-17T16:50:26.591808+00:00,DION_001,374614,-0.7118564497055269,SIMULATED,NORMAL
2026-06-17T16:50:26.602200+00:00,DION_001,374615,-1.3613112167396473,SIMULATED,NORMAL
2026-06-17T16:50:26.612694+00:00,DION_001,374616,-0.7777660477486942,SIMULATED,NORMAL
2026-06-17T16:50:26.623073+00:00,DION_001,374617,-0.9799939754285818,SIMULATED,NORMAL
2026-06-17T16:50:26.633526+00:00,DION_001,374618,-0.5118008114905584,SIMULATED,NORMAL
2026-06-17T16:50:26.643991+00:00,DION_001,374619,-0.44467544006339604,SIMULATED,NORMAL
2026-06-17T16:50:26.654265+00:00,DION_001,374620,-0.8445819734498659,SIMULATED,NORMAL
2026-06-17T16:50:26.664649+00:00,DION_001,374621,-0.5524128288924168,SIMULATED,NORMAL
2026-06-17T16:50:26.675089+00:00,DION_001,374622,-0.5916972903805586,SIMULATED,NORMAL
2026-06-17T16:50:26.685437+00:00,DION_001,374623,-0.7820985508635119,SIMULATED,NORMAL
2026-06-17T16:50:26.695787+00:00,DION_001,374624,-0.6294210592115059,SIMULATED,NORMAL
2026-06-17T16:50:26.706179+00:00,DION_001,374625,-0.6214088484556232,SIMULATED,NORMAL
2026-06-17T16:50:26.716640+00:00,DION_001,374626,-0.43476590455990183,SIMULATED,NORMAL
2026-06-17T16:50:26.727046+00:00,DION_001,374627,-0.43624575853732717,SIMULATED,NORMAL
2026-06-17T16:50:26.737460+00:00,DION_001,374628,-0.5836262570110002,SIMULATED,NORMAL
2026-06-17T16:50:26.747921+00:00,DION_001,374629,-0.32756576537613563,SIMULATED,NORMAL
2026-06-17T16:50:26.758454+00:00,DION_001,374630,-0.4847007486378214,SIMULATED,NORMAL
2026-06-17T16:50:26.768927+00:00,DION_001,374631,-0.43873751551980655,SIMULATED,NORMAL
2026-06-17T16:50:26.779424+00:00,DION_001,374632,-0.4978888658577683,SIMULATED,NORMAL
2026-06-17T16:50:26.789962+00:00,DION_001,374633,-0.5269047701464096,SIMULATED,NORMAL
2026-06-17T16:50:26.800634+00:00,DION_001,374634,-0.5555368870716881,SIMULATED,NORMAL
2026-06-17T16:50:26.811157+00:00,DION_001,374635,-0.6489206334394844,SIMULATED,NORMAL
2026-06-17T16:50:26.821708+00:00,DION_001,374636,-0.4392354507216336,SIMULATED,NORMAL
2026-06-17T16:50:26.832206+00:00,DION_001,374637,-0.3326532876603227,SIMULATED,NORMAL
2026-06-17T16:50:26.842936+00:00,DION_001,374638,-0.3301128118791109,SIMULATED,NORMAL
2026-06-17T16:50:26.853363+00:00,DION_001,374639,-0.4469272787438259,SIMULATED,NORMAL
2026-06-17T16:50:26.863815+00:00,DION_001,374640,-0.3902501915931303,SIMULATED,NORMAL
2026-06-17T16:50:26.874515+00:00,DION_001,374641,-0.5021415981322348,SIMULATED,NORMAL
2026-06-17T16:50:26.885012+00:00,DION_001,374642,-0.4629354527204715,SIMULATED,NORMAL
2026-06-17T16:50:26.895706+00:00,DION_001,374643,-0.3362317310146253,SIMULATED,NORMAL
2026-06-17T16:50:26.906484+00:00,DION_001,374644,-0.40549717170240124,SIMULATED,NORMAL
2026-06-17T16:50:26.917036+00:00,DION_001,374645,-0.4688040058956818,SIMULATED,NORMAL
2026-06-17T16:50:26.927634+00:00,DION_001,374646,-0.6189569963344147,SIMULATED,NORMAL
2026-06-17T16:50:26.938273+00:00,DION_001,374647,-0.4679602960591207,SIMULATED,NORMAL
2026-06-17T16:50:26.948793+00:00,DION_001,374648,-0.46957705818997714,SIMULATED,NORMAL
2026-06-17T16:50:26.959485+00:00,DION_001,374649,-0.1574916152768856,SIMULATED,NORMAL
2026-06-17T16:50:26.970106+00:00,DION_001,374650,-0.5953997224568448,SIMULATED,NORMAL
2026-06-17T16:50:26.980764+00:00,DION_001,374651,-0.6054452213810558,SIMULATED,NORMAL
2026-06-17T16:50:26.991437+00:00,DION_001,374652,-0.5075389731390378,SIMULATED,NORMAL
2026-06-17T16:50:27.001928+00:00,DION_001,374653,-0.4750858672957973,SIMULATED,NORMAL
2026-06-17T16:50:27.012419+00:00,DION_001,374654,-0.5848176344090258,SIMULATED,NORMAL
2026-06-17T16:50:27.023191+00:00,DION_001,374655,-0.5685046244985839,SIMULATED,NORMAL
2026-06-17T16:50:27.033690+00:00,DION_001,374656,-0.5462216010292098,SIMULATED,NORMAL
2026-06-17T16:50:27.044375+00:00,DION_001,374657,-0.5715923838333097,SIMULATED,NORMAL
2026-06-17T16:50:27.054999+00:00,DION_001,374658,-0.6794982262436008,SIMULATED,NORMAL
2026-06-17T16:50:27.065636+00:00,DION_001,374659,-0.5940521101802766,SIMULATED,NORMAL
2026-06-17T16:50:27.076220+00:00,DION_001,374660,-0.8704969177016074,SIMULATED,NORMAL
2026-06-17T16:50:27.086720+00:00,DION_001,374661,-0.8373799550623054,SIMULATED,NORMAL
2026-06-17T16:50:27.097334+00:00,DION_001,374662,-0.9831038810806838,SIMULATED,NORMAL
2026-06-17T16:50:27.107914+00:00,DION_001,374663,-0.9747436705294263,SIMULATED,NORMAL
2026-06-17T16:50:27.118393+00:00,DION_001,374664,-0.6593736426195124,SIMULATED,NORMAL
2026-06-17T16:50:27.129317+00:00,DION_001,374665,-0.9684103405328625,SIMULATED,NORMAL
2026-06-17T16:50:27.140069+00:00,DION_001,374666,-0.9720077585716084,SIMULATED,NORMAL
2026-06-17T16:50:27.150697+00:00,DION_001,374667,-0.9605290280053274,SIMULATED,NORMAL
2026-06-17T16:50:27.161401+00:00,DION_001,374668,-0.9732895436889246,SIMULATED,NORMAL
2026-06-17T16:50:27.172042+00:00,DION_001,374669,-0.9100519580512787,SIMULATED,NORMAL
2026-06-17T16:50:27.182544+00:00,DION_001,374670,-0.8943278818381151,SIMULATED,NORMAL
2026-06-17T16:50:27.192952+00:00,DION_001,374671,-0.9337899027333822,SIMULATED,NORMAL
2026-06-17T16:50:27.203510+00:00,DION_001,374672,-3.1361691456733176,SIMULATED,EVENT_DETECTED
2026-06-17T16:50:27.214251+00:00,DION_001,374673,-1.2044733949599213,SIMULATED,NORMAL
2026-06-17T16:50:27.225395+00:00,DION_001,374674,-1.2001819980229507,SIMULATED,NORMAL
2026-06-17T16:50:27.235921+00:00,DION_001,374675,-1.1672141043416202,SIMULATED,NORMAL
2026-06-17T16:50:27.246511+00:00,DION_001,374676,-1.1060084491988698,SIMULATED,NORMAL
2026-06-17T16:50:27.257126+00:00,DION_001,374677,-1.302910491881127,SIMULATED,NORMAL
2026-06-17T16:50:27.267724+00:00,DION_001,374678,-1.0548586884564963,SIMULATED,NORMAL
2026-06-17T16:50:27.278234+00:00,DION_001,374679,-1.4441995515426609,SIMULATED,NORMAL
2026-06-17T16:50:27.288831+00:00,DION_001,374680,-1.1251524242363447,SIMULATED,NORMAL
2026-06-17T16:50:27.299475+00:00,DION_001,374681,-0.8627911122110796,SIMULATED,NORMAL
2026-06-17T16:50:27.310183+00:00,DION_001,374682,-0.9986055289325773,SIMULATED,NORMAL
2026-06-17T16:50:27.320716+00:00,DION_001,374683,-1.0210242691740556,SIMULATED,NORMAL
2026-06-17T16:50:27.331280+00:00,DION_001,374684,-1.0473527952456205,SIMULATED,NORMAL
2026-06-17T16:50:27.341992+00:00,DION_001,374685,-1.043724804743459,SIMULATED,NORMAL
2026-06-17T16:50:27.352500+00:00,DION_001,374686,-1.198637137508249,SIMULATED,NORMAL
2026-06-17T16:50:27.363307+00:00,DION_001,374687,-1.0316087404533023,SIMULATED,NORMAL
2026-06-17T16:50:27.374324+00:00,DION_001,374688,-1.2229889422754332,SIMULATED,NORMAL
2026-06-17T16:50:27.384813+00:00,DION_001,374689,-0.9309862155579642,SIMULATED,NORMAL
2026-06-17T16:50:27.395543+00:00,DION_001,374690,-0.8724755861262316,SIMULATED,NORMAL
2026-06-17T16:50:27.406401+00:00,DION_001,374691,-0.6043106063431378,SIMULATED,NORMAL
2026-06-17T16:50:27.416893+00:00,DION_001,374692,-0.8648961109845377,SIMULATED,NORMAL
2026-06-17T16:50:27.427649+00:00,DION_001,374693,-0.8170579921247781,SIMULATED,NORMAL
2026-06-17T16:50:27.438113+00:00,DION_001,374694,-0.6831350852431757,SIMULATED,NORMAL
2026-06-17T16:50:27.448657+00:00,DION_001,374695,-0.893046519728756,SIMULATED,NORMAL
2026-06-17T16:50:27.459174+00:00,DION_001,374696,-0.5260402779206496,SIMULATED,NORMAL
2026-06-17T16:50:27.469828+00:00,DION_001,374697,-0.7147412118978503,SIMULATED,NORMAL
2026-06-17T16:50:27.480853+00:00,DION_001,374698,-0.5685434214565023,SIMULATED,NORMAL
2026-06-17T16:50:27.491413+00:00,DION_001,374699,-0.20288411452692595,SIMULATED,NORMAL
2026-06-17T16:50:27.501922+00:00,DION_001,374700,-0.6633813972287006,SIMULATED,NORMAL
2026-06-17T16:50:27.512451+00:00,DION_001,374701,-0.51533649838087,SIMULATED,NORMAL
2026-06-17T16:50:27.523084+00:00,DION_001,374702,-0.3845846303978817,SIMULATED,NORMAL
2026-06-17T16:50:27.533590+00:00,DION_001,374703,-0.37265447712180133,SIMULATED,NORMAL
2026-06-17T16:50:27.544047+00:00,DION_001,374704,-0.2994049960951822,SIMULATED,NORMAL
2026-06-17T16:50:27.554523+00:00,DION_001,374705,-0.29807643504799614,SIMULATED,NORMAL
2026-06-17T16:50:27.565012+00:00,DION_001,374706,-0.23360573642939367,SIMULATED,NORMAL
2026-06-17T16:50:27.575508+00:00,DION_001,374707,-0.36966128107813406,SIMULATED,NORMAL
2026-06-17T16:50:27.585823+00:00,DION_001,374708,-0.09338348290814175,SIMULATED,NORMAL
2026-06-17T16:50:27.596492+00:00,DION_001,374709,-0.16168483059052752,SIMULATED,NORMAL
2026-06-17T16:50:27.606891+00:00,DION_001,374710,-0.07263949558973126,SIMULATED,NORMAL
2026-06-17T16:50:27.617287+00:00,DION_001,374711,-0.09915978984024423,SIMULATED,NORMAL
2026-06-17T16:50:27.627551+00:00,DION_001,374712,0.10059192487954413,SIMULATED,NORMAL
2026-06-17T16:50:27.637967+00:00,DION_001,374713,-0.3720616454932324,SIMULATED,NORMAL
2026-06-17T16:50:27.648706+00:00,DION_001,374714,-0.006899630873164454,SIMULATED,NORMAL
2026-06-17T16:50:27.659473+00:00,DION_001,374715,-0.03133174725871525,SIMULATED,NORMAL
2026-06-17T16:50:27.670072+00:00,DION_001,374716,0.09342579866099295,SIMULATED,NORMAL
2026-06-17T16:50:27.680946+00:00,DION_001,374717,0.3412265145285009,SIMULATED,NORMAL
2026-06-17T16:50:27.691598+00:00,DION_001,374718,-0.1779226668155152,SIMULATED,NORMAL
2026-06-17T16:50:27.702232+00:00,DION_001,374719,0.1905241224633685,SIMULATED,NORMAL
2026-06-17T16:50:27.712856+00:00,DION_001,374720,0.11811521765626878,SIMULATED,NORMAL
2026-06-17T16:50:27.723428+00:00,DION_001,374721,0.17344467349896475,SIMULATED,NORMAL
2026-06-17T16:50:27.734019+00:00,DION_001,374722,0.38713968505813195,SIMULATED,NORMAL
2026-06-17T16:50:27.744905+00:00,DION_001,374723,0.17237649145246098,SIMULATED,NORMAL
2026-06-17T16:50:27.755671+00:00,DION_001,374724,-0.04245907129361132,SIMULATED,NORMAL
2026-06-17T16:50:27.766132+00:00,DION_001,374725,0.19602648956179108,SIMULATED,NORMAL
2026-06-17T16:50:27.776676+00:00,DION_001,374726,-0.2875639613533845,SIMULATED,NORMAL
2026-06-17T16:50:27.787311+00:00,DION_001,374727,0.06564057691888793,SIMULATED,NORMAL
2026-06-17T16:50:27.797822+00:00,DION_001,374728,0.30545785063666503,SIMULATED,NORMAL
2026-06-17T16:50:27.808472+00:00,DION_001,374729,0.09648754631453779,SIMULATED,NORMAL
2026-06-17T16:50:27.819272+00:00,DION_001,374730,-0.06526060006214582,SIMULATED,NORMAL
2026-06-17T16:50:27.829996+00:00,DION_001,374731,-0.0006442120304574542,SIMULATED,NORMAL
2026-06-17T16:50:27.840954+00:00,DION_001,374732,-0.1254003248327177,SIMULATED,NORMAL
2026-06-17T16:50:27.852103+00:00,DION_001,374733,-0.1283876951713113,SIMULATED,NORMAL
2026-06-17T16:50:27.862686+00:00,DION_001,374734,0.04018436361874676,SIMULATED,NORMAL
2026-06-17T16:50:27.873338+00:00,DION_001,374735,-0.12455669449593375,SIMULATED,NORMAL
2026-06-17T16:50:27.883937+00:00,DION_001,374736,0.2035309467036533,SIMULATED,NORMAL
2026-06-17T16:50:27.894549+00:00,DION_001,374737,-0.05683763123675052,SIMULATED,NORMAL
2026-06-17T16:50:27.905137+00:00,DION_001,374738,-1.8518584092787471,SIMULATED,NORMAL
2026-06-17T16:50:27.915936+00:00,DION_001,374739,-0.025463969127637237,SIMULATED,NORMAL
2026-06-17T16:50:27.926536+00:00,DION_001,374740,-0.04205877885951269,SIMULATED,NORMAL
2026-06-17T16:50:27.937119+00:00,DION_001,374741,0.001355508088890317,SIMULATED,NORMAL
2026-06-17T16:50:27.947726+00:00,DION_001,374742,-0.3326347279027737,SIMULATED,NORMAL
2026-06-17T16:50:27.958316+00:00,DION_001,374743,-0.12098565812237762,SIMULATED,NORMAL
2026-06-17T16:50:27.969033+00:00,DION_001,374744,-0.41949559457789215,SIMULATED,NORMAL
2026-06-17T16:50:27.979642+00:00,DION_001,374745,-0.33368288078354047,SIMULATED,NORMAL
2026-06-17T16:50:27.990253+00:00,DION_001,374746,-0.22799829230652616,SIMULATED,NORMAL
2026-06-17T16:50:28.000898+00:00,DION_001,374747,-0.043796874387052986,SIMULATED,NORMAL
2026-06-17T16:50:28.011493+00:00,DION_001,374748,-0.30067769442362463,SIMULATED,NORMAL
2026-06-17T16:50:28.022399+00:00,DION_001,374749,-0.248861005052526,SIMULATED,NORMAL
2026-06-17T16:50:28.033028+00:00,DION_001,374750,-0.13827277438366067,SIMULATED,NORMAL
2026-06-17T16:50:28.043587+00:00,DION_001,374751,-0.3208944179569217,SIMULATED,NORMAL
2026-06-17T16:50:28.054206+00:00,DION_001,374752,-0.3685514333662374,SIMULATED,NORMAL
2026-06-17T16:50:28.064842+00:00,DION_001,374753,-0.24705191979136562,SIMULATED,NORMAL
2026-06-17T16:50:28.075436+00:00,DION_001,374754,-0.5153821178977882,SIMULATED,NORMAL
2026-06-17T16:50:28.085899+00:00,DION_001,374755,-0.22979426304473113,SIMULATED,NORMAL
2026-06-17T16:50:28.096788+00:00,DION_001,374756,-0.35673241973020164,SIMULATED,NORMAL
2026-06-17T16:50:28.107389+00:00,DION_001,374757,0.023119035195210358,SIMULATED,NORMAL
2026-06-17T16:50:28.117892+00:00,DION_001,374758,-0.3422756370640064,SIMULATED,NORMAL
2026-06-17T16:50:28.128704+00:00,DION_001,374759,-0.478214961399102,SIMULATED,NORMAL
2026-06-17T16:50:28.139343+00:00,DION_001,374760,-0.13548514637273046,SIMULATED,NORMAL
2026-06-17T16:50:28.149935+00:00,DION_001,374761,-0.06263542671452368,SIMULATED,NORMAL
2026-06-17T16:50:28.160681+00:00,DION_001,374762,-0.15715554432041,SIMULATED,NORMAL
2026-06-17T16:50:28.171293+00:00,DION_001,374763,-0.1303213974591591,SIMULATED,NORMAL
2026-06-17T16:50:28.181924+00:00,DION_001,374764,-0.22314661046359385,SIMULATED,NORMAL
2026-06-17T16:50:28.192543+00:00,DION_001,374765,-0.1735727669223703,SIMULATED,NORMAL
2026-06-17T16:50:28.203268+00:00,DION_001,374766,-0.3046186799274847,SIMULATED,NORMAL
2026-06-17T16:50:28.213876+00:00,DION_001,374767,-0.20691900555094658,SIMULATED,NORMAL
2026-06-17T16:50:28.224471+00:00,DION_001,374768,-0.2987700735066735,SIMULATED,NORMAL
2026-06-17T16:50:28.235208+00:00,DION_001,374769,0.013644078125452663,SIMULATED,NORMAL
2026-06-17T16:50:28.245754+00:00,DION_001,374770,0.22461286564306623,SIMULATED,NORMAL
2026-06-17T16:50:28.256329+00:00,DION_001,374771,0.24735860729035056,SIMULATED,NORMAL
2026-06-17T16:50:28.266933+00:00,DION_001,374772,-0.05028067466267114,SIMULATED,NORMAL
2026-06-17T16:50:28.277567+00:00,DION_001,374773,0.13917375810387894,SIMULATED,NORMAL
2026-06-17T16:50:28.288225+00:00,DION_001,374774,0.30241277744282047,SIMULATED,NORMAL
2026-06-17T16:50:28.298748+00:00,DION_001,374775,0.2530963899891403,SIMULATED,NORMAL
2026-06-17T16:50:28.309349+00:00,DION_001,374776,0.21273007538532318,SIMULATED,NORMAL
2026-06-17T16:50:28.319965+00:00,DION_001,374777,0.3040016317970599,SIMULATED,NORMAL
2026-06-17T16:50:28.330540+00:00,DION_001,374778,0.2317554955803684,SIMULATED,NORMAL
2026-06-17T16:50:28.341073+00:00,DION_001,374779,0.6322954420593178,SIMULATED,NORMAL
2026-06-17T16:50:28.351674+00:00,DION_001,374780,0.4044964939821001,SIMULATED,NORMAL
2026-06-17T16:50:28.362282+00:00,DION_001,374781,0.43161005190233925,SIMULATED,NORMAL
2026-06-17T16:50:28.372848+00:00,DION_001,374782,0.5443433344401662,SIMULATED,NORMAL
2026-06-17T16:50:28.383443+00:00,DION_001,374783,0.6778180195488694,SIMULATED,NORMAL
2026-06-17T16:50:28.393999+00:00,DION_001,374784,0.657609746003416,SIMULATED,NORMAL
2026-06-17T16:50:28.404785+00:00,DION_001,374785,0.798736205658885,SIMULATED,NORMAL
2026-06-17T16:50:28.415486+00:00,DION_001,374786,0.8682663507223787,SIMULATED,NORMAL
2026-06-17T16:50:28.426102+00:00,DION_001,374787,0.7523590282063377,SIMULATED,NORMAL
2026-06-17T16:50:28.436722+00:00,DION_001,374788,0.7758798259319621,SIMULATED,NORMAL
2026-06-17T16:50:28.447362+00:00,DION_001,374789,0.6738429995059227,SIMULATED,NORMAL
2026-06-17T16:50:28.457962+00:00,DION_001,374790,0.6515736413867805,SIMULATED,NORMAL
2026-06-17T16:50:28.468678+00:00,DION_001,374791,0.9398764722549987,SIMULATED,NORMAL
2026-06-17T16:50:28.479286+00:00,DION_001,374792,0.9765221875459186,SIMULATED,NORMAL
2026-06-17T16:50:28.489887+00:00,DION_001,374793,0.9573804975224831,SIMULATED,NORMAL
2026-06-17T16:50:28.500473+00:00,DION_001,374794,1.1590691256916674,SIMULATED,NORMAL
2026-06-17T16:50:28.511234+00:00,DION_001,374795,0.9599294811104732,SIMULATED,NORMAL
2026-06-17T16:50:28.521850+00:00,DION_001,374796,0.9681219911057853,SIMULATED,NORMAL
2026-06-17T16:50:28.532669+00:00,DION_001,374797,0.8204531741709451,SIMULATED,NORMAL
2026-06-17T16:50:28.543289+00:00,DION_001,374798,0.7279643798585438,SIMULATED,NORMAL
2026-06-17T16:50:28.553948+00:00,DION_001,374799,1.1172182168519424,SIMULATED,NORMAL
2026-06-17T16:50:28.564544+00:00,DION_001,374800,0.9090446215916119,SIMULATED,NORMAL
2026-06-17T16:50:28.575258+00:00,DION_001,374801,1.020482956917563,SIMULATED,NORMAL
2026-06-17T16:50:28.585903+00:00,DION_001,374802,0.7548492723743043,SIMULATED,NORMAL
2026-06-17T16:50:28.596503+00:00,DION_001,374803,1.1855600706912406,SIMULATED,NORMAL
2026-06-17T16:50:28.607226+00:00,DION_001,374804,0.8047203206044189,SIMULATED,NORMAL
2026-06-17T16:50:28.617747+00:00,DION_001,374805,0.9615404531947895,SIMULATED,NORMAL
2026-06-17T16:50:28.628208+00:00,DION_001,374806,1.167914020443796,SIMULATED,NORMAL
2026-06-17T16:50:28.638756+00:00,DION_001,374807,1.1647075423975255,SIMULATED,NORMAL
2026-06-17T16:50:28.649142+00:00,DION_001,374808,0.5880556752813074,SIMULATED,NORMAL
2026-06-17T16:50:28.659448+00:00,DION_001,374809,0.5062529413851582,SIMULATED,NORMAL
2026-06-17T16:50:28.669771+00:00,DION_001,374810,0.8934968453893924,SIMULATED,NORMAL
2026-06-17T16:50:28.680414+00:00,DION_001,374811,0.8521360170994379,SIMULATED,NORMAL
2026-06-17T16:50:28.690759+00:00,DION_001,374812,1.0188219459908452,SIMULATED,NORMAL
2026-06-17T16:50:28.700962+00:00,DION_001,374813,0.8975445315958486,SIMULATED,NORMAL
2026-06-17T16:50:28.711283+00:00,DION_001,374814,0.869122416758032,SIMULATED,NORMAL
2026-06-17T16:50:28.721635+00:00,DION_001,374815,0.6846349036313477,SIMULATED,NORMAL
2026-06-17T16:50:28.732121+00:00,DION_001,374816,0.6825680157173732,SIMULATED,NORMAL
2026-06-17T16:50:28.742797+00:00,DION_001,374817,0.5639091317864278,SIMULATED,NORMAL
2026-06-17T16:50:28.753374+00:00,DION_001,374818,0.7763202297445415,SIMULATED,NORMAL
2026-06-17T16:50:28.763949+00:00,DION_001,374819,0.46693031080999914,SIMULATED,NORMAL
2026-06-17T16:50:28.774806+00:00,DION_001,374820,0.5616427754677309,SIMULATED,NORMAL
2026-06-17T16:50:28.785355+00:00,DION_001,374821,0.540117592398013,SIMULATED,NORMAL
2026-06-17T16:50:28.796022+00:00,DION_001,374822,0.9408346084089585,SIMULATED,NORMAL
2026-06-17T16:50:28.806509+00:00,DION_001,374823,0.7262405483929246,SIMULATED,NORMAL
2026-06-17T16:50:28.817153+00:00,DION_001,374824,0.45895629480649286,SIMULATED,NORMAL
2026-06-17T16:50:28.827774+00:00,DION_001,374825,0.5775616219052803,SIMULATED,NORMAL
2026-06-17T16:50:28.838485+00:00,DION_001,374826,0.4924255145952343,SIMULATED,NORMAL
2026-06-17T16:50:28.849031+00:00,DION_001,374827,0.6913194275502555,SIMULATED,NORMAL
2026-06-17T16:50:28.859633+00:00,DION_001,374828,0.3758318219011131,SIMULATED,NORMAL
2026-06-17T16:50:28.870315+00:00,DION_001,374829,0.4205684501633313,SIMULATED,NORMAL
2026-06-17T16:50:28.880948+00:00,DION_001,374830,0.42642382177216326,SIMULATED,NORMAL
2026-06-17T16:50:28.891631+00:00,DION_001,374831,0.5445409323623828,SIMULATED,NORMAL
2026-06-17T16:50:28.902041+00:00,DION_001,374832,0.361427076666946,SIMULATED,NORMAL
2026-06-17T16:50:28.912898+00:00,DION_001,374833,0.5716029897035183,SIMULATED,NORMAL
2026-06-17T16:50:28.923327+00:00,DION_001,374834,0.22594413566808697,SIMULATED,NORMAL
2026-06-17T16:50:28.933932+00:00,DION_001,374835,0.22150891614393617,SIMULATED,NORMAL
2026-06-17T16:50:28.944685+00:00,DION_001,374836,0.41911906744560556,SIMULATED,NORMAL
2026-06-17T16:50:28.955371+00:00,DION_001,374837,0.35019708675263383,SIMULATED,NORMAL
2026-06-17T16:50:28.966007+00:00,DION_001,374838,0.46392783058676995,SIMULATED,NORMAL
2026-06-17T16:50:28.976869+00:00,DION_001,374839,0.34008287485319444,SIMULATED,NORMAL
2026-06-17T16:50:28.987444+00:00,DION_001,374840,0.5830204108082634,SIMULATED,NORMAL
2026-06-17T16:50:28.997960+00:00,DION_001,374841,0.6392041732048234,SIMULATED,NORMAL
2026-06-17T16:50:29.008416+00:00,DION_001,374842,0.45248823475016153,SIMULATED,NORMAL
2026-06-17T16:50:29.019062+00:00,DION_001,374843,0.5483931887689926,SIMULATED,NORMAL
2026-06-17T16:50:29.029567+00:00,DION_001,374844,0.6257048466045588,SIMULATED,NORMAL
2026-06-17T16:50:29.040195+00:00,DION_001,374845,0.2992560836838666,SIMULATED,NORMAL
2026-06-17T16:50:29.050949+00:00,DION_001,374846,0.5910542651370462,SIMULATED,NORMAL
2026-06-17T16:50:29.061520+00:00,DION_001,374847,0.5604884178331468,SIMULATED,NORMAL
2026-06-17T16:50:29.072089+00:00,DION_001,374848,0.4782242504964057,SIMULATED,NORMAL
2026-06-17T16:50:29.082730+00:00,DION_001,374849,0.5116741432328212,SIMULATED,NORMAL
2026-06-17T16:50:29.093300+00:00,DION_001,374850,0.3871924994914212,SIMULATED,NORMAL
2026-06-17T16:50:29.103808+00:00,DION_001,374851,0.49010625993634893,SIMULATED,NORMAL
2026-06-17T16:50:29.114570+00:00,DION_001,374852,0.5981223057755665,SIMULATED,NORMAL
2026-06-17T16:50:29.125493+00:00,DION_001,374853,0.5873682511563338,SIMULATED,NORMAL
2026-06-17T16:50:29.136035+00:00,DION_001,374854,0.8582594765786692,SIMULATED,NORMAL
2026-06-17T16:50:29.146707+00:00,DION_001,374855,0.7424960462657779,SIMULATED,NORMAL
2026-06-17T16:50:29.157144+00:00,DION_001,374856,0.7773276340831786,SIMULATED,NORMAL
2026-06-17T16:50:29.167795+00:00,DION_001,374857,0.9497859036990912,SIMULATED,NORMAL
2026-06-17T16:50:29.178248+00:00,DION_001,374858,0.8874933247675233,SIMULATED,NORMAL
2026-06-17T16:50:29.188929+00:00,DION_001,374859,0.7503082674567881,SIMULATED,NORMAL
2026-06-17T16:50:29.199701+00:00,DION_001,374860,0.6075126871754427,SIMULATED,NORMAL
2026-06-17T16:50:29.210242+00:00,DION_001,374861,1.0038322746206227,SIMULATED,NORMAL
2026-06-17T16:50:29.220807+00:00,DION_001,374862,0.8518804295193791,SIMULATED,NORMAL
2026-06-17T16:50:29.231286+00:00,DION_001,374863,0.8550665249300087,SIMULATED,NORMAL
2026-06-17T16:50:29.241835+00:00,DION_001,374864,0.9239342695390107,SIMULATED,NORMAL
2026-06-17T16:50:29.252332+00:00,DION_001,374865,1.0447861771873508,SIMULATED,NORMAL
2026-06-17T16:50:29.263049+00:00,DION_001,374866,0.9177361293843493,SIMULATED,NORMAL
2026-06-17T16:50:29.273849+00:00,DION_001,374867,1.0224720268169958,SIMULATED,NORMAL
2026-06-17T16:50:29.284637+00:00,DION_001,374868,1.0584405378583777,SIMULATED,NORMAL
2026-06-17T16:50:29.295188+00:00,DION_001,374869,1.0517498873807325,SIMULATED,NORMAL
2026-06-17T16:50:29.305792+00:00,DION_001,374870,0.8771975646272475,SIMULATED,NORMAL
2026-06-17T16:50:29.316300+00:00,DION_001,374871,0.9140232240024119,SIMULATED,NORMAL
2026-06-17T16:50:29.327075+00:00,DION_001,374872,1.1449706229944208,SIMULATED,NORMAL
2026-06-17T16:50:29.337833+00:00,DION_001,374873,0.9497840798392726,SIMULATED,NORMAL
2026-06-17T16:50:29.348419+00:00,DION_001,374874,1.144029740969822,SIMULATED,NORMAL
2026-06-17T16:50:29.359156+00:00,DION_001,374875,1.264765851024021,SIMULATED,NORMAL
2026-06-17T16:50:29.369782+00:00,DION_001,374876,1.1313512337510656,SIMULATED,NORMAL
2026-06-17T16:50:29.380357+00:00,DION_001,374877,1.154632148950364,SIMULATED,NORMAL
2026-06-17T16:50:29.391079+00:00,DION_001,374878,1.0720759543682654,SIMULATED,NORMAL
2026-06-17T16:50:29.401653+00:00,DION_001,374879,1.0842823579975402,SIMULATED,NORMAL
2026-06-17T16:50:29.412468+00:00,DION_001,374880,0.7541685763444471,SIMULATED,NORMAL
2026-06-17T16:50:29.423256+00:00,DION_001,374881,1.2753697971896782,SIMULATED,NORMAL
2026-06-17T16:50:29.433843+00:00,DION_001,374882,0.901460318488326,SIMULATED,NORMAL
2026-06-17T16:50:29.444445+00:00,DION_001,374883,0.8657399500587442,SIMULATED,NORMAL
2026-06-17T16:50:29.455161+00:00,DION_001,374884,0.9122291041474919,SIMULATED,NORMAL
2026-06-17T16:50:29.465791+00:00,DION_001,374885,1.234808357941906,SIMULATED,NORMAL
2026-06-17T16:50:29.476369+00:00,DION_001,374886,0.9639318524954718,SIMULATED,NORMAL
2026-06-17T16:50:29.487165+00:00,DION_001,374887,1.0124865648358448,SIMULATED,NORMAL
2026-06-17T16:50:29.497754+00:00,DION_001,374888,0.9561824376821472,SIMULATED,NORMAL
2026-06-17T16:50:29.508362+00:00,DION_001,374889,0.7499348322006927,SIMULATED,NORMAL
2026-06-17T16:50:29.519060+00:00,DION_001,374890,0.8060242096365895,SIMULATED,NORMAL
2026-06-17T16:50:29.529554+00:00,DION_001,374891,0.6609970156422351,SIMULATED,NORMAL
2026-06-17T16:50:29.540131+00:00,DION_001,374892,0.7367647057601923,SIMULATED,NORMAL
2026-06-17T16:50:29.550736+00:00,DION_001,374893,0.5468900727693029,SIMULATED,NORMAL
2026-06-17T16:50:29.561306+00:00,DION_001,374894,0.6819762901689456,SIMULATED,NORMAL
2026-06-17T16:50:29.571917+00:00,DION_001,374895,0.29988863832840745,SIMULATED,NORMAL
2026-06-17T16:50:29.582547+00:00,DION_001,374896,0.34028532864688454,SIMULATED,NORMAL
2026-06-17T16:50:29.593179+00:00,DION_001,374897,0.028341379606399375,SIMULATED,NORMAL
2026-06-17T16:50:29.603832+00:00,DION_001,374898,0.577247724595471,SIMULATED,NORMAL
2026-06-17T16:50:29.614492+00:00,DION_001,374899,0.2912345872390525,SIMULATED,NORMAL
2026-06-17T16:50:29.625091+00:00,DION_001,374900,0.30569274755163733,SIMULATED,NORMAL
2026-06-17T16:50:29.635711+00:00,DION_001,374901,0.4686400245853444,SIMULATED,NORMAL
2026-06-17T16:50:29.646408+00:00,DION_001,374902,0.1423948809965867,SIMULATED,NORMAL
2026-06-17T16:50:29.657012+00:00,DION_001,374903,0.29517269993161654,SIMULATED,NORMAL
2026-06-17T16:50:29.667592+00:00,DION_001,374904,0.3454456655616893,SIMULATED,NORMAL
2026-06-17T16:50:29.678188+00:00,DION_001,374905,0.0686277981887431,SIMULATED,NORMAL
2026-06-17T16:50:29.688878+00:00,DION_001,374906,0.42350314265643463,SIMULATED,NORMAL
2026-06-17T16:50:29.699483+00:00,DION_001,374907,0.08804274060027568,SIMULATED,NORMAL
2026-06-17T16:50:29.710020+00:00,DION_001,374908,0.11424270882628157,SIMULATED,NORMAL
2026-06-17T16:50:29.720683+00:00,DION_001,374909,0.009294917802719752,SIMULATED,NORMAL
2026-06-17T16:50:29.731243+00:00,DION_001,374910,-0.2804951156710737,SIMULATED,NORMAL
2026-06-17T16:50:29.741806+00:00,DION_001,374911,-0.007219012898167371,SIMULATED,NORMAL
2026-06-17T16:50:29.752316+00:00,DION_001,374912,0.08014952969607753,SIMULATED,NORMAL
2026-06-17T16:50:29.762783+00:00,DION_001,374913,0.021120117028535043,SIMULATED,NORMAL
2026-06-17T16:50:29.773192+00:00,DION_001,374914,-0.16551125921595786,SIMULATED,NORMAL
2026-06-17T16:50:29.783532+00:00,DION_001,374915,-0.09375419495675427,SIMULATED,NORMAL
2026-06-17T16:50:29.793938+00:00,DION_001,374916,-0.1158572790837278,SIMULATED,NORMAL
2026-06-17T16:50:29.804473+00:00,DION_001,374917,-0.21409019681605646,SIMULATED,NORMAL
2026-06-17T16:50:29.815026+00:00,DION_001,374918,-0.08281412055193452,SIMULATED,NORMAL
2026-06-17T16:50:29.825669+00:00,DION_001,374919,-2.731433881835962,SIMULATED,EVENT_DETECTED
2026-06-17T16:50:29.836691+00:00,DION_001,374920,-0.07878750780542136,SIMULATED,NORMAL
2026-06-17T16:50:29.847264+00:00,DION_001,374921,-0.31236443753739096,SIMULATED,NORMAL
2026-06-17T16:50:29.857833+00:00,DION_001,374922,-0.3367927922004894,SIMULATED,NORMAL
2026-06-17T16:50:29.868433+00:00,DION_001,374923,-0.25170063608921167,SIMULATED,NORMAL
2026-06-17T16:50:29.879150+00:00,DION_001,374924,-0.04793904249402743,SIMULATED,NORMAL
2026-06-17T16:50:29.889741+00:00,DION_001,374925,-0.2145459362608738,SIMULATED,NORMAL
2026-06-17T16:50:29.900321+00:00,DION_001,374926,-0.11946992004997146,SIMULATED,NORMAL
2026-06-17T16:50:29.911018+00:00,DION_001,374927,-0.08636375905201633,SIMULATED,NORMAL
2026-06-17T16:50:29.921605+00:00,DION_001,374928,-0.1247726734601453,SIMULATED,NORMAL
2026-06-17T16:50:29.932207+00:00,DION_001,374929,-0.05253926994423338,SIMULATED,NORMAL
2026-06-17T16:50:29.942867+00:00,DION_001,374930,0.016445603937931708,SIMULATED,NORMAL
2026-06-17T16:50:29.953567+00:00,DION_001,374931,-0.25405648680821663,SIMULATED,NORMAL
2026-06-17T16:50:29.964163+00:00,DION_001,374932,-0.1140996542582208,SIMULATED,NORMAL
2026-06-17T16:50:29.974732+00:00,DION_001,374933,0.10344008180348896,SIMULATED,NORMAL
2026-06-17T16:50:29.985331+00:00,DION_001,374934,-0.07475690602944206,SIMULATED,NORMAL
2026-06-17T16:50:29.996049+00:00,DION_001,374935,0.24865922814441802,SIMULATED,NORMAL
2026-06-17T16:50:30.006619+00:00,DION_001,374936,-0.07498449133364753,SIMULATED,NORMAL
2026-06-17T16:50:30.017265+00:00,DION_001,374937,0.20109180061561394,SIMULATED,NORMAL
2026-06-17T16:50:30.028043+00:00,DION_001,374938,-0.20859259948063708,SIMULATED,NORMAL
2026-06-17T16:50:30.038661+00:00,DION_001,374939,-0.20726002119561412,SIMULATED,NORMAL
2026-06-17T16:50:30.049287+00:00,DION_001,374940,0.11530758880822983,SIMULATED,NORMAL
2026-06-17T16:50:30.059778+00:00,DION_001,374941,0.19198718322424319,SIMULATED,NORMAL
2026-06-17T16:50:30.070407+00:00,DION_001,374942,0.21717023884487674,SIMULATED,NORMAL
2026-06-17T16:50:30.080998+00:00,DION_001,374943,0.008083063661817005,SIMULATED,NORMAL
2026-06-17T16:50:30.091532+00:00,DION_001,374944,0.11639611673546335,SIMULATED,NORMAL
2026-06-17T16:50:30.102104+00:00,DION_001,374945,0.1564725750731288,SIMULATED,NORMAL
2026-06-17T16:50:30.112722+00:00,DION_001,374946,0.2563712350768654,SIMULATED,NORMAL
2026-06-17T16:50:30.123353+00:00,DION_001,374947,0.4889934042725423,SIMULATED,NORMAL
2026-06-17T16:50:30.133970+00:00,DION_001,374948,0.07403236677770914,SIMULATED,NORMAL
2026-06-17T16:50:30.144684+00:00,DION_001,374949,0.2572767059271412,SIMULATED,NORMAL
2026-06-17T16:50:30.155281+00:00,DION_001,374950,0.23648972150114855,SIMULATED,NORMAL
2026-06-17T16:50:30.165891+00:00,DION_001,374951,-0.06890754221595399,SIMULATED,NORMAL
2026-06-17T16:50:30.176711+00:00,DION_001,374952,0.314694665038995,SIMULATED,NORMAL
2026-06-17T16:50:30.187376+00:00,DION_001,374953,0.3790112042324308,SIMULATED,NORMAL
2026-06-17T16:50:30.197993+00:00,DION_001,374954,-0.18162179604846035,SIMULATED,NORMAL
2026-06-17T16:50:30.208618+00:00,DION_001,374955,0.3798899918954235,SIMULATED,NORMAL
2026-06-17T16:50:30.219204+00:00,DION_001,374956,0.07526806120025609,SIMULATED,NORMAL
2026-06-17T16:50:30.229822+00:00,DION_001,374957,0.20585097857550577,SIMULATED,NORMAL
2026-06-17T16:50:30.240482+00:00,DION_001,374958,0.11769538946819649,SIMULATED,NORMAL
2026-06-17T16:50:30.251245+00:00,DION_001,374959,0.31932778983388355,SIMULATED,NORMAL
2026-06-17T16:50:30.261876+00:00,DION_001,374960,-0.023882175610241016,SIMULATED,NORMAL
2026-06-17T16:50:30.272683+00:00,DION_001,374961,-0.15400138039585787,SIMULATED,NORMAL
2026-06-17T16:50:30.283254+00:00,DION_001,374962,0.24533175865948936,SIMULATED,NORMAL
2026-06-17T16:50:30.293842+00:00,DION_001,374963,-0.1960881161061433,SIMULATED,NORMAL
2026-06-17T16:50:30.304322+00:00,DION_001,374964,-0.04168515187227441,SIMULATED,NORMAL
2026-06-17T16:50:30.314849+00:00,DION_001,374965,0.07336374774138332,SIMULATED,NORMAL
2026-06-17T16:50:30.325338+00:00,DION_001,374966,0.033195079893872104,SIMULATED,NORMAL
2026-06-17T16:50:30.335899+00:00,DION_001,374967,-0.16929380874823585,SIMULATED,NORMAL
2026-06-17T16:50:30.346364+00:00,DION_001,374968,-0.21511187668440618,SIMULATED,NORMAL
2026-06-17T16:50:30.356749+00:00,DION_001,374969,-0.13786207702519668,SIMULATED,NORMAL
2026-06-17T16:50:30.367060+00:00,DION_001,374970,-0.5487216410105529,SIMULATED,NORMAL
2026-06-17T16:50:30.377384+00:00,DION_001,374971,-0.37675957141774713,SIMULATED,NORMAL
2026-06-17T16:50:30.388362+00:00,DION_001,374972,-0.3166352567242751,SIMULATED,NORMAL
2026-06-17T16:50:30.399230+00:00,DION_001,374973,-0.32870329021823264,SIMULATED,NORMAL
2026-06-17T16:50:30.410025+00:00,DION_001,374974,-0.47605509021046966,SIMULATED,NORMAL
2026-06-17T16:50:30.420642+00:00,DION_001,374975,-0.5024181580599111,SIMULATED,NORMAL
2026-06-17T16:50:30.431261+00:00,DION_001,374976,-0.4702666995423835,SIMULATED,NORMAL
2026-06-17T16:50:30.441874+00:00,DION_001,374977,-0.4761753781083729,SIMULATED,NORMAL
2026-06-17T16:50:30.452473+00:00,DION_001,374978,-0.8814931832472913,SIMULATED,NORMAL
2026-06-17T16:50:30.463117+00:00,DION_001,374979,-0.4943101682946184,SIMULATED,NORMAL
2026-06-17T16:50:30.473654+00:00,DION_001,374980,-0.6523617659107356,SIMULATED,NORMAL
2026-06-17T16:50:30.484218+00:00,DION_001,374981,-0.8653571777530014,SIMULATED,NORMAL
2026-06-17T16:50:30.494797+00:00,DION_001,374982,-0.7865971682022885,SIMULATED,NORMAL
2026-06-17T16:50:30.505381+00:00,DION_001,374983,-0.7495298172062069,SIMULATED,NORMAL
2026-06-17T16:50:30.515968+00:00,DION_001,374984,-0.8777924790577412,SIMULATED,NORMAL
2026-06-17T16:50:30.526552+00:00,DION_001,374985,-1.1812447630038911,SIMULATED,NORMAL
2026-06-17T16:50:30.537157+00:00,DION_001,374986,-0.9002956938431245,SIMULATED,NORMAL
2026-06-17T16:50:30.547746+00:00,DION_001,374987,-1.1032789746957932,SIMULATED,NORMAL
2026-06-17T16:50:30.558328+00:00,DION_001,374988,-0.6971843156399742,SIMULATED,NORMAL
2026-06-17T16:50:30.568975+00:00,DION_001,374989,-1.1354673417697296,SIMULATED,NORMAL
2026-06-17T16:50:30.579616+00:00,DION_001,374990,-1.1387724082403001,SIMULATED,NORMAL
2026-06-17T16:50:30.590045+00:00,DION_001,374991,-0.8968737954046148,SIMULATED,NORMAL
2026-06-17T16:50:30.600918+00:00,DION_001,374992,-1.255349209509673,SIMULATED,NORMAL
2026-06-17T16:50:30.611472+00:00,DION_001,374993,-1.2144480193634115,SIMULATED,NORMAL
2026-06-17T16:50:30.622127+00:00,DION_001,374994,-1.1417144436550775,SIMULATED,NORMAL
2026-06-17T16:50:30.632760+00:00,DION_001,374995,-1.2643214048863232,SIMULATED,NORMAL
2026-06-17T16:50:30.643338+00:00,DION_001,374996,-1.1515196971413992,SIMULATED,NORMAL
2026-06-17T16:50:30.653916+00:00,DION_001,374997,-1.2516776949858754,SIMULATED,NORMAL
2026-06-17T16:50:30.664510+00:00,DION_001,374998,-1.016071970488531,SIMULATED,NORMAL
2026-06-17T16:50:30.675268+00:00,DION_001,374999,-0.8554059367740082,SIMULATED,NORMAL
2026-06-17T16:50:30.685753+00:00,DION_001,375000,-1.1015362215523332,SIMULATED,NORMAL
2026-06-17T16:50:30.696388+00:00,DION_001,375001,-0.9152880233706964,SIMULATED,NORMAL
2026-06-17T16:50:30.707047+00:00,DION_001,375002,-1.0471811391187826,SIMULATED,NORMAL
2026-06-17T16:50:30.717616+00:00,DION_001,375003,-1.0685364985480745,SIMULATED,NORMAL
2026-06-17T16:50:30.728311+00:00,DION_001,375004,-0.9523268115319767,SIMULATED,NORMAL
2026-06-17T16:50:30.739033+00:00,DION_001,375005,-1.2481126966508251,SIMULATED,NORMAL
2026-06-17T16:50:30.749711+00:00,DION_001,375006,-0.9832346239489319,SIMULATED,NORMAL
2026-06-17T16:50:30.760320+00:00,DION_001,375007,-0.8292953023668213,SIMULATED,NORMAL
2026-06-17T16:50:30.770767+00:00,DION_001,375008,-0.9987172472776291,SIMULATED,NORMAL
2026-06-17T16:50:30.781142+00:00,DION_001,375009,-1.2516456907847027,SIMULATED,NORMAL
2026-06-17T16:50:30.791530+00:00,DION_001,375010,-0.7707203705240753,SIMULATED,NORMAL
2026-06-17T16:50:30.801845+00:00,DION_001,375011,-0.7145594010841696,SIMULATED,NORMAL
2026-06-17T16:50:30.812123+00:00,DION_001,375012,-0.7830497224609708,SIMULATED,NORMAL
2026-06-17T16:50:30.822484+00:00,DION_001,375013,-0.9765037889215005,SIMULATED,NORMAL
2026-06-17T16:50:30.832759+00:00,DION_001,375014,-0.8715972040023778,SIMULATED,NORMAL
2026-06-17T16:50:30.843128+00:00,DION_001,375015,-0.8312498831433363,SIMULATED,NORMAL
2026-06-17T16:50:30.853406+00:00,DION_001,375016,-0.7456527556951401,SIMULATED,NORMAL
2026-06-17T16:50:30.863736+00:00,DION_001,375017,-0.9475371061426547,SIMULATED,NORMAL
2026-06-17T16:50:30.874033+00:00,DION_001,375018,-0.8165339216872993,SIMULATED,NORMAL
2026-06-17T16:50:30.884359+00:00,DION_001,375019,-3.2463118301387492,SIMULATED,EVENT_DETECTED
2026-06-17T16:50:30.894793+00:00,DION_001,375020,-0.6703211263441649,SIMULATED,NORMAL
2026-06-17T16:50:30.905049+00:00,DION_001,375021,-0.6323906243242936,SIMULATED,NORMAL
2026-06-17T16:50:30.915339+00:00,DION_001,375022,-0.4997805762472702,SIMULATED,NORMAL
2026-06-17T16:50:30.925721+00:00,DION_001,375023,-0.6088880771835383,SIMULATED,NORMAL
2026-06-17T16:50:30.936082+00:00,DION_001,375024,-0.5566773766994515,SIMULATED,NORMAL
2026-06-17T16:50:30.946450+00:00,DION_001,375025,-0.4915592434797198,SIMULATED,NORMAL
2026-06-17T16:50:30.956720+00:00,DION_001,375026,-0.5684457012801761,SIMULATED,NORMAL
2026-06-17T16:50:30.967165+00:00,DION_001,375027,-0.11385057956766659,SIMULATED,NORMAL
2026-06-17T16:50:30.977712+00:00,DION_001,375028,-0.7682302453469079,SIMULATED,NORMAL
2026-06-17T16:50:30.988085+00:00,DION_001,375029,-0.5452545037283816,SIMULATED,NORMAL
2026-06-17T16:50:30.998471+00:00,DION_001,375030,-0.3312048859263026,SIMULATED,NORMAL
2026-06-17T16:50:31.008890+00:00,DION_001,375031,-0.2961738007595952,SIMULATED,NORMAL
2026-06-17T16:50:31.019227+00:00,DION_001,375032,-0.35293279144950623,SIMULATED,NORMAL
2026-06-17T16:50:31.029592+00:00,DION_001,375033,-0.33532968911221944,SIMULATED,NORMAL
2026-06-17T16:50:31.039983+00:00,DION_001,375034,-0.4522631375742956,SIMULATED,NORMAL
2026-06-17T16:50:31.050403+00:00,DION_001,375035,-0.03479002374925938,SIMULATED,NORMAL
2026-06-17T16:50:31.060896+00:00,DION_001,375036,-0.4035071041270012,SIMULATED,NORMAL
2026-06-17T16:50:31.071470+00:00,DION_001,375037,-0.47309340431890284,SIMULATED,NORMAL
2026-06-17T16:50:31.081851+00:00,DION_001,375038,-0.5586729319635085,SIMULATED,NORMAL
2026-06-17T16:50:31.092526+00:00,DION_001,375039,-0.3043477173733552,SIMULATED,NORMAL
2026-06-17T16:50:31.103117+00:00,DION_001,375040,-0.270290082616818,SIMULATED,NORMAL
2026-06-17T16:50:31.113580+00:00,DION_001,375041,-0.38857965311896514,SIMULATED,NORMAL
2026-06-17T16:50:31.124029+00:00,DION_001,375042,-0.6652193746758632,SIMULATED,NORMAL
2026-06-17T16:50:31.134450+00:00,DION_001,375043,-0.3739018910586641,SIMULATED,NORMAL
2026-06-17T16:50:31.144989+00:00,DION_001,375044,-0.3783042931702908,SIMULATED,NORMAL
2026-06-17T16:50:31.155410+00:00,DION_001,375045,-0.6195312867761387,SIMULATED,NORMAL
2026-06-17T16:50:31.165879+00:00,DION_001,375046,-0.5426188352536023,SIMULATED,NORMAL
2026-06-17T16:50:31.176437+00:00,DION_001,375047,-0.42245755842580646,SIMULATED,NORMAL
2026-06-17T16:50:31.187012+00:00,DION_001,375048,-0.6068673928415897,SIMULATED,NORMAL
2026-06-17T16:50:31.197440+00:00,DION_001,375049,-0.6767781682735048,SIMULATED,NORMAL
2026-06-17T16:50:31.207946+00:00,DION_001,375050,-0.5375775022240347,SIMULATED,NORMAL
2026-06-17T16:50:31.218499+00:00,DION_001,375051,-0.7368856201673772,SIMULATED,NORMAL
2026-06-17T16:50:31.229004+00:00,DION_001,375052,-0.5953263031857103,SIMULATED,NORMAL
2026-06-17T16:50:31.239568+00:00,DION_001,375053,-1.0589515496557464,SIMULATED,NORMAL
2026-06-17T16:50:31.250127+00:00,DION_001,375054,-0.5759451991402714,SIMULATED,NORMAL
2026-06-17T16:50:31.260519+00:00,DION_001,375055,-0.5777282255130702,SIMULATED,NORMAL
2026-06-17T16:50:31.271305+00:00,DION_001,375056,-0.8600858865336555,SIMULATED,NORMAL
2026-06-17T16:50:31.281912+00:00,DION_001,375057,-0.6475169659712692,SIMULATED,NORMAL
2026-06-17T16:50:31.292952+00:00,DION_001,375058,-0.9344320682497451,SIMULATED,NORMAL
2026-06-17T16:50:31.303560+00:00,DION_001,375059,-0.7406190615579873,SIMULATED,NORMAL
2026-06-17T16:50:31.314089+00:00,DION_001,375060,-1.0736480901915952,SIMULATED,NORMAL
2026-06-17T16:50:31.324700+00:00,DION_001,375061,-0.7653639295988558,SIMULATED,NORMAL
2026-06-17T16:50:31.335280+00:00,DION_001,375062,-0.8252267929320094,SIMULATED,NORMAL
2026-06-17T16:50:31.345827+00:00,DION_001,375063,-0.9416112631155387,SIMULATED,NORMAL
2026-06-17T16:50:31.356493+00:00,DION_001,375064,-1.075000779240377,SIMULATED,NORMAL
2026-06-17T16:50:31.367104+00:00,DION_001,375065,-1.0102709267924215,SIMULATED,NORMAL
2026-06-17T16:50:31.377662+00:00,DION_001,375066,-1.1264392783727928,SIMULATED,NORMAL
2026-06-17T16:50:31.388324+00:00,DION_001,375067,-0.7900603580584531,SIMULATED,NORMAL
2026-06-17T16:50:31.398883+00:00,DION_001,375068,-0.9385315861448227,SIMULATED,NORMAL
2026-06-17T16:50:31.409509+00:00,DION_001,375069,-0.9063477238229243,SIMULATED,NORMAL
2026-06-17T16:50:31.420021+00:00,DION_001,375070,-1.022304255387791,SIMULATED,NORMAL
2026-06-17T16:50:31.430613+00:00,DION_001,375071,-0.9553240760565344,SIMULATED,NORMAL
2026-06-17T16:50:31.441579+00:00,DION_001,375072,-1.3094589782453254,SIMULATED,NORMAL
2026-06-17T16:50:31.452053+00:00,DION_001,375073,-0.9601442577646347,SIMULATED,NORMAL
2026-06-17T16:50:31.462624+00:00,DION_001,375074,-1.0052618830375717,SIMULATED,NORMAL
2026-06-17T16:50:31.473106+00:00,DION_001,375075,-1.1289781809861288,SIMULATED,NORMAL
2026-06-17T16:50:31.483859+00:00,DION_001,375076,-0.7685570044055708,SIMULATED,NORMAL
2026-06-17T16:50:31.494441+00:00,DION_001,375077,-0.8842302316661785,SIMULATED,NORMAL
2026-06-17T16:50:31.504936+00:00,DION_001,375078,-0.7562366028329917,SIMULATED,NORMAL
2026-06-17T16:50:31.515644+00:00,DION_001,375079,-0.984909604155064,SIMULATED,NORMAL
2026-06-17T16:50:31.526411+00:00,DION_001,375080,-0.6954089953926105,SIMULATED,NORMAL
2026-06-17T16:50:31.536873+00:00,DION_001,375081,-0.725421673856543,SIMULATED,NORMAL
2026-06-17T16:50:31.547407+00:00,DION_001,375082,-0.8525504147812247,SIMULATED,NORMAL
2026-06-17T16:50:31.557912+00:00,DION_001,375083,-0.8482685643572709,SIMULATED,NORMAL
2026-06-17T16:50:31.568373+00:00,DION_001,375084,-0.7412826128877185,SIMULATED,NORMAL
2026-06-17T16:50:31.579213+00:00,DION_001,375085,-0.6582812573178702,SIMULATED,NORMAL
2026-06-17T16:50:31.590090+00:00,DION_001,375086,-0.8133224725394785,SIMULATED,NORMAL
2026-06-17T16:50:31.600844+00:00,DION_001,375087,-0.7758802886266467,SIMULATED,NORMAL
2026-06-17T16:50:31.611532+00:00,DION_001,375088,-0.7894722594263959,SIMULATED,NORMAL
2026-06-17T16:50:31.622547+00:00,DION_001,375089,-0.5067511752418759,SIMULATED,NORMAL
2026-06-17T16:50:31.633412+00:00,DION_001,375090,-0.3708515427741078,SIMULATED,NORMAL
2026-06-17T16:50:31.644017+00:00,DION_001,375091,-0.4547615309549308,SIMULATED,NORMAL
2026-06-17T16:50:31.654515+00:00,DION_001,375092,-0.45507379152513233,SIMULATED,NORMAL
2026-06-17T16:50:31.665230+00:00,DION_001,375093,-0.17929127380995447,SIMULATED,NORMAL
2026-06-17T16:50:31.675834+00:00,DION_001,375094,-0.43669743998537114,SIMULATED,NORMAL
2026-06-17T16:50:31.686377+00:00,DION_001,375095,-0.16623077634018024,SIMULATED,NORMAL
2026-06-17T16:50:31.697025+00:00,DION_001,375096,-0.31229789039093325,SIMULATED,NORMAL
2026-06-17T16:50:31.707506+00:00,DION_001,375097,0.15476951103994338,SIMULATED,NORMAL
2026-06-17T16:50:31.718027+00:00,DION_001,375098,-0.27814994006922894,SIMULATED,NORMAL
2026-06-17T16:50:31.728705+00:00,DION_001,375099,-0.3797847182498358,SIMULATED,NORMAL
2026-06-17T16:50:31.739206+00:00,DION_001,375100,-0.11407763221191551,SIMULATED,NORMAL
2026-06-17T16:50:31.749697+00:00,DION_001,375101,-0.1197017739986031,SIMULATED,NORMAL
2026-06-17T16:50:31.760196+00:00,DION_001,375102,-0.28439420423507267,SIMULATED,NORMAL
2026-06-17T16:50:31.770655+00:00,DION_001,375103,2.2838890881959113,SIMULATED,EVENT_DETECTED
2026-06-17T16:50:31.781276+00:00,DION_001,375104,0.3264443380316892,SIMULATED,NORMAL
2026-06-17T16:50:31.791884+00:00,DION_001,375105,-0.21025025697472632,SIMULATED,NORMAL
2026-06-17T16:50:31.802516+00:00,DION_001,375106,-0.05865175747188345,SIMULATED,NORMAL
2026-06-17T16:50:31.813106+00:00,DION_001,375107,0.17545838009275533,SIMULATED,NORMAL
2026-06-17T16:50:31.823692+00:00,DION_001,375108,0.5192554955040984,SIMULATED,NORMAL
2026-06-17T16:50:31.834198+00:00,DION_001,375109,0.15660926400371333,SIMULATED,NORMAL
2026-06-17T16:50:31.844751+00:00,DION_001,375110,0.2571953733544849,SIMULATED,NORMAL
2026-06-17T16:50:31.855327+00:00,DION_001,375111,-0.10201807811884483,SIMULATED,NORMAL
2026-06-17T16:50:31.865876+00:00,DION_001,375112,0.5385899144140692,SIMULATED,NORMAL
2026-06-17T16:50:31.876390+00:00,DION_001,375113,0.34117563000697454,SIMULATED,NORMAL
2026-06-17T16:50:31.887010+00:00,DION_001,375114,0.06089585652500937,SIMULATED,NORMAL
2026-06-17T16:50:31.897523+00:00,DION_001,375115,0.11675926917627016,SIMULATED,NORMAL
2026-06-17T16:50:31.908003+00:00,DION_001,375116,0.30823156809897584,SIMULATED,NORMAL
2026-06-17T16:50:31.918376+00:00,DION_001,375117,0.3470614218491696,SIMULATED,NORMAL
2026-06-17T16:50:31.928930+00:00,DION_001,375118,0.2016805744928965,SIMULATED,NORMAL
2026-06-17T16:50:31.939512+00:00,DION_001,375119,0.15813235758854305,SIMULATED,NORMAL
2026-06-17T16:50:31.949916+00:00,DION_001,375120,0.29385508688546463,SIMULATED,NORMAL
2026-06-17T16:50:31.960306+00:00,DION_001,375121,0.48606085716755243,SIMULATED,NORMAL
2026-06-17T16:50:31.970648+00:00,DION_001,375122,0.3206054374102387,SIMULATED,NORMAL
2026-06-17T16:50:31.981016+00:00,DION_001,375123,0.1202940679319785,SIMULATED,NORMAL
2026-06-17T16:50:31.991285+00:00,DION_001,375124,0.32864633396686505,SIMULATED,NORMAL
2026-06-17T16:50:32.001572+00:00,DION_001,375125,0.28946303877875723,SIMULATED,NORMAL
2026-06-17T16:50:32.011992+00:00,DION_001,375126,0.43934141594459897,SIMULATED,NORMAL
2026-06-17T16:50:32.022445+00:00,DION_001,375127,0.21194541258019653,SIMULATED,NORMAL
2026-06-17T16:50:32.032809+00:00,DION_001,375128,0.1481256923386798,SIMULATED,NORMAL
2026-06-17T16:50:32.043208+00:00,DION_001,375129,0.2083777662528776,SIMULATED,NORMAL
2026-06-17T16:50:32.053626+00:00,DION_001,375130,0.2604592220082512,SIMULATED,NORMAL
2026-06-17T16:50:32.064026+00:00,DION_001,375131,0.20435782405578648,SIMULATED,NORMAL
2026-06-17T16:50:32.074464+00:00,DION_001,375132,-0.031791132293470886,SIMULATED,NORMAL
2026-06-17T16:50:32.084818+00:00,DION_001,375133,0.25744814547426065,SIMULATED,NORMAL
2026-06-17T16:50:32.095357+00:00,DION_001,375134,0.02930785080888769,SIMULATED,NORMAL
2026-06-17T16:50:32.105814+00:00,DION_001,375135,0.09005452422489792,SIMULATED,NORMAL
2026-06-17T16:50:32.116357+00:00,DION_001,375136,0.2683083399260091,SIMULATED,NORMAL
2026-06-17T16:50:32.126885+00:00,DION_001,375137,-0.061302768825206175,SIMULATED,NORMAL
2026-06-17T16:50:32.137538+00:00,DION_001,375138,0.024128145079094054,SIMULATED,NORMAL
2026-06-17T16:50:32.148237+00:00,DION_001,375139,-0.14417531627301103,SIMULATED,NORMAL
2026-06-17T16:50:32.160050+00:00,DION_001,375140,0.13045707228539224,SIMULATED,NORMAL
2026-06-17T16:50:32.170558+00:00,DION_001,375141,-0.2079601784261198,SIMULATED,NORMAL
2026-06-17T16:50:32.181068+00:00,DION_001,375142,-0.013086435868889273,SIMULATED,NORMAL
2026-06-17T16:50:32.191721+00:00,DION_001,375143,-0.1177765569235504,SIMULATED,NORMAL
2026-06-17T16:50:32.202288+00:00,DION_001,375144,-0.08939465712108355,SIMULATED,NORMAL
2026-06-17T16:50:32.213158+00:00,DION_001,375145,0.20342058358866755,SIMULATED,NORMAL
2026-06-17T16:50:32.223841+00:00,DION_001,375146,-0.37550321556301147,SIMULATED,NORMAL
2026-06-17T16:50:32.234368+00:00,DION_001,375147,-0.27370556718227324,SIMULATED,NORMAL
2026-06-17T16:50:32.244881+00:00,DION_001,375148,-0.016657158333884245,SIMULATED,NORMAL
2026-06-17T16:50:32.255440+00:00,DION_001,375149,0.2256506100246049,SIMULATED,NORMAL
2026-06-17T16:50:32.265941+00:00,DION_001,375150,-0.025477566651071926,SIMULATED,NORMAL
2026-06-17T16:50:32.276444+00:00,DION_001,375151,0.03214360090954205,SIMULATED,NORMAL
2026-06-17T16:50:32.287623+00:00,DION_001,375152,0.05005719938611933,SIMULATED,NORMAL
2026-06-17T16:50:32.298294+00:00,DION_001,375153,-0.03359997929473111,SIMULATED,NORMAL
2026-06-17T16:50:32.308791+00:00,DION_001,375154,-0.03070939789824148,SIMULATED,NORMAL
2026-06-17T16:50:32.319315+00:00,DION_001,375155,-0.051073150299342195,SIMULATED,NORMAL
2026-06-17T16:50:32.329911+00:00,DION_001,375156,-0.03991562594726096,SIMULATED,NORMAL
2026-06-17T16:50:32.340479+00:00,DION_001,375157,0.07215594567533176,SIMULATED,NORMAL
2026-06-17T16:50:32.351158+00:00,DION_001,375158,-0.31679405284680684,SIMULATED,NORMAL
2026-06-17T16:50:32.361538+00:00,DION_001,375159,0.09411428979912263,SIMULATED,NORMAL
2026-06-17T16:50:32.372072+00:00,DION_001,375160,0.0006093205340162999,SIMULATED,NORMAL
2026-06-17T16:50:32.382512+00:00,DION_001,375161,0.054013394574688234,SIMULATED,NORMAL
2026-06-17T16:50:32.392898+00:00,DION_001,375162,0.23612895758691232,SIMULATED,NORMAL
2026-06-17T16:50:32.403303+00:00,DION_001,375163,0.17747766180446825,SIMULATED,NORMAL
2026-06-17T16:50:32.413689+00:00,DION_001,375164,0.13915713582486958,SIMULATED,NORMAL
2026-06-17T16:50:32.424060+00:00,DION_001,375165,0.6947555706674337,SIMULATED,NORMAL
2026-06-17T16:50:32.434381+00:00,DION_001,375166,0.3854908247894454,SIMULATED,NORMAL
2026-06-17T16:50:32.444728+00:00,DION_001,375167,0.24898312052028004,SIMULATED,NORMAL
2026-06-17T16:50:32.455101+00:00,DION_001,375168,0.3505198733641699,SIMULATED,NORMAL
2026-06-17T16:50:32.465477+00:00,DION_001,375169,0.45547389770706875,SIMULATED,NORMAL
2026-06-17T16:50:32.475895+00:00,DION_001,375170,0.49644045899121925,SIMULATED,NORMAL
2026-06-17T16:50:32.486342+00:00,DION_001,375171,0.32181180699167256,SIMULATED,NORMAL
2026-06-17T16:50:32.496706+00:00,DION_001,375172,0.5475819944650654,SIMULATED,NORMAL
2026-06-17T16:50:32.507191+00:00,DION_001,375173,0.5999942395116605,SIMULATED,NORMAL
2026-06-17T16:50:32.517685+00:00,DION_001,375174,0.5041832329582562,SIMULATED,NORMAL
2026-06-17T16:50:32.528066+00:00,DION_001,375175,0.8676245510064104,SIMULATED,NORMAL
2026-06-17T16:50:32.538498+00:00,DION_001,375176,0.5655495264920172,SIMULATED,NORMAL
2026-06-17T16:50:32.548841+00:00,DION_001,375177,0.9487796339849912,SIMULATED,NORMAL
2026-06-17T16:50:32.559270+00:00,DION_001,375178,0.7977181628126276,SIMULATED,NORMAL
2026-06-17T16:50:32.569617+00:00,DION_001,375179,0.6527218662902621,SIMULATED,NORMAL
2026-06-17T16:50:32.579983+00:00,DION_001,375180,1.0369580318868314,SIMULATED,NORMAL
2026-06-17T16:50:32.590410+00:00,DION_001,375181,0.7329642298820673,SIMULATED,NORMAL
2026-06-17T16:50:32.600803+00:00,DION_001,375182,0.6449255247644481,SIMULATED,NORMAL
2026-06-17T16:50:32.611235+00:00,DION_001,375183,0.6998896202115952,SIMULATED,NORMAL
2026-06-17T16:50:32.621567+00:00,DION_001,375184,1.0578406134137257,SIMULATED,NORMAL
2026-06-17T16:50:32.631898+00:00,DION_001,375185,1.0688205407154137,SIMULATED,NORMAL
2026-06-17T16:50:32.642250+00:00,DION_001,375186,1.1003132045877533,SIMULATED,NORMAL
2026-06-17T16:50:32.652596+00:00,DION_001,375187,1.1634385099309386,SIMULATED,NORMAL
2026-06-17T16:50:32.662886+00:00,DION_001,375188,1.2490300325459327,SIMULATED,NORMAL
2026-06-17T16:50:32.673197+00:00,DION_001,375189,1.0115605216300276,SIMULATED,NORMAL
2026-06-17T16:50:32.683536+00:00,DION_001,375190,1.2260155483505144,SIMULATED,NORMAL
2026-06-17T16:50:32.693853+00:00,DION_001,375191,0.6809039562552145,SIMULATED,NORMAL
2026-06-17T16:50:32.704150+00:00,DION_001,375192,0.8088759222643707,SIMULATED,NORMAL
2026-06-17T16:50:32.714452+00:00,DION_001,375193,0.9829568947597026,SIMULATED,NORMAL
2026-06-17T16:50:32.724814+00:00,DION_001,375194,1.434979680281063,SIMULATED,NORMAL
2026-06-17T16:50:32.735217+00:00,DION_001,375195,1.2448516230919109,SIMULATED,NORMAL
2026-06-17T16:50:32.745614+00:00,DION_001,375196,1.1778593760152019,SIMULATED,NORMAL
2026-06-17T16:50:32.755963+00:00,DION_001,375197,0.9885695633553859,SIMULATED,NORMAL
2026-06-17T16:50:32.766312+00:00,DION_001,375198,1.1729193851556994,SIMULATED,NORMAL
2026-06-17T16:50:32.776640+00:00,DION_001,375199,1.0246867777730335,SIMULATED,NORMAL
2026-06-17T16:50:32.787043+00:00,DION_001,375200,1.5038818950767814,SIMULATED,NORMAL
2026-06-17T16:50:32.797393+00:00,DION_001,375201,1.0589438682517995,SIMULATED,NORMAL
2026-06-17T16:50:32.807733+00:00,DION_001,375202,1.0765738792356934,SIMULATED,NORMAL
2026-06-17T16:50:32.818169+00:00,DION_001,375203,0.8670033097936191,SIMULATED,NORMAL
2026-06-17T16:50:32.828692+00:00,DION_001,375204,1.0094566331437793,SIMULATED,NORMAL
2026-06-17T16:50:32.839241+00:00,DION_001,375205,1.1102183582724618,SIMULATED,NORMAL
2026-06-17T16:50:32.849741+00:00,DION_001,375206,1.1897761301149796,SIMULATED,NORMAL
2026-06-17T16:50:32.860248+00:00,DION_001,375207,0.9246531686507597,SIMULATED,NORMAL
2026-06-17T16:50:32.870693+00:00,DION_001,375208,0.909495399382428,SIMULATED,NORMAL
2026-06-17T16:50:32.881333+00:00,DION_001,375209,1.242462582921319,SIMULATED,NORMAL
2026-06-17T16:50:32.891829+00:00,DION_001,375210,0.8355887787376993,SIMULATED,NORMAL
2026-06-17T16:50:32.902367+00:00,DION_001,375211,0.9287502774889398,SIMULATED,NORMAL
2026-06-17T16:50:32.912856+00:00,DION_001,375212,0.9605009436085776,SIMULATED,NORMAL
2026-06-17T16:50:32.923364+00:00,DION_001,375213,0.8554752840021939,SIMULATED,NORMAL
2026-06-17T16:50:32.933802+00:00,DION_001,375214,0.8275515072920312,SIMULATED,NORMAL
2026-06-17T16:50:32.944185+00:00,DION_001,375215,0.6357957499648637,SIMULATED,NORMAL
2026-06-17T16:50:32.954842+00:00,DION_001,375216,0.600955300232232,SIMULATED,NORMAL
2026-06-17T16:50:32.965379+00:00,DION_001,375217,0.6200592636419574,SIMULATED,NORMAL
2026-06-17T16:50:32.975951+00:00,DION_001,375218,0.5053610054833991,SIMULATED,NORMAL
2026-06-17T16:50:32.986573+00:00,DION_001,375219,0.5003160696135792,SIMULATED,NORMAL
2026-06-17T16:50:32.997101+00:00,DION_001,375220,0.3234553386115846,SIMULATED,NORMAL
2026-06-17T16:50:33.007803+00:00,DION_001,375221,0.48545440943289375,SIMULATED,NORMAL
2026-06-17T16:50:33.018339+00:00,DION_001,375222,0.673055128661469,SIMULATED,NORMAL
2026-06-17T16:50:33.028843+00:00,DION_001,375223,0.31907874608448616,SIMULATED,NORMAL
2026-06-17T16:50:33.039383+00:00,DION_001,375224,0.4942689788340262,SIMULATED,NORMAL
2026-06-17T16:50:33.049872+00:00,DION_001,375225,0.6016356180261977,SIMULATED,NORMAL
2026-06-17T16:50:33.060428+00:00,DION_001,375226,0.42887690853857874,SIMULATED,NORMAL
2026-06-17T16:50:33.071333+00:00,DION_001,375227,0.30812423870015515,SIMULATED,NORMAL
2026-06-17T16:50:33.081975+00:00,DION_001,375228,0.29486683380581225,SIMULATED,NORMAL
2026-06-17T16:50:33.092511+00:00,DION_001,375229,0.6585819559700796,SIMULATED,NORMAL
2026-06-17T16:50:33.103031+00:00,DION_001,375230,0.46848200855027866,SIMULATED,NORMAL
2026-06-17T16:50:33.113372+00:00,DION_001,375231,0.19313809677871743,SIMULATED,NORMAL
2026-06-17T16:50:33.123686+00:00,DION_001,375232,0.5818788250413099,SIMULATED,NORMAL
2026-06-17T16:50:33.134057+00:00,DION_001,375233,0.3607621977338712,SIMULATED,NORMAL
2026-06-17T16:50:33.144701+00:00,DION_001,375234,0.5377256652302269,SIMULATED,NORMAL
2026-06-17T16:50:33.155548+00:00,DION_001,375235,0.30808557518769325,SIMULATED,NORMAL
2026-06-17T16:50:33.166613+00:00,DION_001,375236,0.4261567389606374,SIMULATED,NORMAL
2026-06-17T16:50:33.177080+00:00,DION_001,375237,0.22083745929865106,SIMULATED,NORMAL
2026-06-17T16:50:33.187616+00:00,DION_001,375238,0.5827886287964508,SIMULATED,NORMAL
2026-06-17T16:50:33.198320+00:00,DION_001,375239,0.12034788626500231,SIMULATED,NORMAL
2026-06-17T16:50:33.208993+00:00,DION_001,375240,3.2352454506310977,SIMULATED,EVENT_DETECTED
2026-06-17T16:50:33.220050+00:00,DION_001,375241,0.5790444826505028,SIMULATED,NORMAL
2026-06-17T16:50:33.230769+00:00,DION_001,375242,0.628068715791334,SIMULATED,NORMAL
2026-06-17T16:50:33.241447+00:00,DION_001,375243,0.377547714912683,SIMULATED,NORMAL
2026-06-17T16:50:33.251912+00:00,DION_001,375244,0.7609459595659507,SIMULATED,NORMAL
2026-06-17T16:50:33.262474+00:00,DION_001,375245,0.43131979040427215,SIMULATED,NORMAL
2026-06-17T16:50:33.273050+00:00,DION_001,375246,0.3558021276287241,SIMULATED,NORMAL
2026-06-17T16:50:33.283567+00:00,DION_001,375247,0.6160895038778293,SIMULATED,NORMAL
2026-06-17T16:50:33.294154+00:00,DION_001,375248,0.763424896568807,SIMULATED,NORMAL
2026-06-17T16:50:33.305357+00:00,DION_001,375249,0.5810504104854054,SIMULATED,NORMAL
2026-06-17T16:50:33.315937+00:00,DION_001,375250,0.5602121295651872,SIMULATED,NORMAL
2026-06-17T16:50:33.326465+00:00,DION_001,375251,0.6994224104890386,SIMULATED,NORMAL
2026-06-17T16:50:33.337131+00:00,DION_001,375252,0.7588413412654437,SIMULATED,NORMAL
2026-06-17T16:50:33.347757+00:00,DION_001,375253,0.5673629902777662,SIMULATED,NORMAL
2026-06-17T16:50:33.358239+00:00,DION_001,375254,0.7180411425623496,SIMULATED,NORMAL
2026-06-17T16:50:33.368664+00:00,DION_001,375255,0.715884264685251,SIMULATED,NORMAL
2026-06-17T16:50:33.379075+00:00,DION_001,375256,0.9777693642422435,SIMULATED,NORMAL
2026-06-17T16:50:33.389581+00:00,DION_001,375257,0.8825379432559145,SIMULATED,NORMAL
2026-06-17T16:50:33.400106+00:00,DION_001,375258,0.7568491360737535,SIMULATED,NORMAL
2026-06-17T16:50:33.410503+00:00,DION_001,375259,0.87692719409012,SIMULATED,NORMAL
2026-06-17T16:50:33.420947+00:00,DION_001,375260,1.0293932857395254,SIMULATED,NORMAL
2026-06-17T16:50:33.431339+00:00,DION_001,375261,0.7892220862566006,SIMULATED,NORMAL
2026-06-17T16:50:33.441955+00:00,DION_001,375262,1.0589497242871988,SIMULATED,NORMAL
2026-06-17T16:50:33.452450+00:00,DION_001,375263,0.7445676657320819,SIMULATED,NORMAL
2026-06-17T16:50:33.463401+00:00,DION_001,375264,1.1404395546650212,SIMULATED,NORMAL
2026-06-17T16:50:33.473978+00:00,DION_001,375265,0.8195650276734162,SIMULATED,NORMAL
2026-06-17T16:50:33.484658+00:00,DION_001,375266,0.8707639423808611,SIMULATED,NORMAL
2026-06-17T16:50:33.495391+00:00,DION_001,375267,0.7976401161350554,SIMULATED,NORMAL
2026-06-17T16:50:33.505969+00:00,DION_001,375268,0.7971331643224017,SIMULATED,NORMAL
2026-06-17T16:50:33.516710+00:00,DION_001,375269,0.860277886375061,SIMULATED,NORMAL
2026-06-17T16:50:33.527263+00:00,DION_001,375270,0.9451754297472796,SIMULATED,NORMAL
2026-06-17T16:50:33.538106+00:00,DION_001,375271,0.6952650018361365,SIMULATED,NORMAL
2026-06-17T16:50:33.548698+00:00,DION_001,375272,0.9223863951658884,SIMULATED,NORMAL
2026-06-17T16:50:33.559264+00:00,DION_001,375273,0.8138963953482332,SIMULATED,NORMAL
2026-06-17T16:50:33.569834+00:00,DION_001,375274,0.6353759671875998,SIMULATED,NORMAL
2026-06-17T16:50:33.580324+00:00,DION_001,375275,0.9901052604171308,SIMULATED,NORMAL
2026-06-17T16:50:33.591001+00:00,DION_001,375276,0.9414584450126479,SIMULATED,NORMAL
2026-06-17T16:50:33.601941+00:00,DION_001,375277,0.5862406216266417,SIMULATED,NORMAL
2026-06-17T16:50:33.612672+00:00,DION_001,375278,0.7456247401784095,SIMULATED,NORMAL
2026-06-17T16:50:33.623369+00:00,DION_001,375279,1.0993233069677943,SIMULATED,NORMAL
2026-06-17T16:50:33.634514+00:00,DION_001,375280,0.7510835637070041,SIMULATED,NORMAL
2026-06-17T16:50:33.645114+00:00,DION_001,375281,0.9986520330803177,SIMULATED,NORMAL
2026-06-17T16:50:33.655675+00:00,DION_001,375282,0.9442246387966147,SIMULATED,NORMAL
2026-06-17T16:50:33.666277+00:00,DION_001,375283,0.48740218353952236,SIMULATED,NORMAL
2026-06-17T16:50:33.677035+00:00,DION_001,375284,0.6007062665173909,SIMULATED,NORMAL
2026-06-17T16:50:33.687673+00:00,DION_001,375285,0.4959752527697221,SIMULATED,NORMAL
2026-06-17T16:50:33.698541+00:00,DION_001,375286,0.5512854829359011,SIMULATED,NORMAL
2026-06-17T16:50:33.709234+00:00,DION_001,375287,0.37464081597777693,SIMULATED,NORMAL
2026-06-17T16:50:33.720289+00:00,DION_001,375288,0.4795443937666265,SIMULATED,NORMAL
2026-06-17T16:50:33.731122+00:00,DION_001,375289,0.4825294742852655,SIMULATED,NORMAL
2026-06-17T16:50:33.741715+00:00,DION_001,375290,0.20224247676121104,SIMULATED,NORMAL
2026-06-17T16:50:33.752136+00:00,DION_001,375291,0.2932558713314315,SIMULATED,NORMAL
2026-06-17T16:50:33.762780+00:00,DION_001,375292,0.09588041917280837,SIMULATED,NORMAL
2026-06-17T16:50:33.773313+00:00,DION_001,375293,0.40226211071804585,SIMULATED,NORMAL
2026-06-17T16:50:33.783743+00:00,DION_001,375294,0.17159823075622688,SIMULATED,NORMAL
2026-06-17T16:50:33.794195+00:00,DION_001,375295,0.4424514344521737,SIMULATED,NORMAL
2026-06-17T16:50:33.804912+00:00,DION_001,375296,0.26396848226322983,SIMULATED,NORMAL
2026-06-17T16:50:33.815379+00:00,DION_001,375297,0.1620335994775714,SIMULATED,NORMAL
2026-06-17T16:50:33.825931+00:00,DION_001,375298,-0.0649884718006958,SIMULATED,NORMAL
2026-06-17T16:50:33.836334+00:00,DION_001,375299,-0.17634694364664005,SIMULATED,NORMAL
2026-06-17T16:50:33.846797+00:00,DION_001,375300,-0.25913463334711406,SIMULATED,NORMAL
2026-06-17T16:50:33.857351+00:00,DION_001,375301,0.009008312984223596,SIMULATED,NORMAL
2026-06-17T16:50:33.867801+00:00,DION_001,375302,-0.3439747577387823,SIMULATED,NORMAL
2026-06-17T16:50:33.878360+00:00,DION_001,375303,-0.3369971208719913,SIMULATED,NORMAL
2026-06-17T16:50:33.888848+00:00,DION_001,375304,-0.19790794009053272,SIMULATED,NORMAL
2026-06-17T16:50:33.899275+00:00,DION_001,375305,-0.2260958116859913,SIMULATED,NORMAL
2026-06-17T16:50:33.910031+00:00,DION_001,375306,-0.054428560577368695,SIMULATED,NORMAL
2026-06-17T16:50:33.920456+00:00,DION_001,375307,-0.5398578357206687,SIMULATED,NORMAL
2026-06-17T16:50:33.931074+00:00,DION_001,375308,-0.1400566806559869,SIMULATED,NORMAL
2026-06-17T16:50:33.941580+00:00,DION_001,375309,-0.2783930918162969,SIMULATED,NORMAL
2026-06-17T16:50:33.952003+00:00,DION_001,375310,-0.11503679590598245,SIMULATED,NORMAL
2026-06-17T16:50:33.962457+00:00,DION_001,375311,-0.3826031531608254,SIMULATED,NORMAL
2026-06-17T16:50:33.973004+00:00,DION_001,375312,-0.2982330845571687,SIMULATED,NORMAL
2026-06-17T16:50:33.983540+00:00,DION_001,375313,-0.4422755719318653,SIMULATED,NORMAL
2026-06-17T16:50:33.993918+00:00,DION_001,375314,-0.6245431538659196,SIMULATED,NORMAL
2026-06-17T16:50:34.004306+00:00,DION_001,375315,-0.3967576932086104,SIMULATED,NORMAL
2026-06-17T16:50:34.014668+00:00,DION_001,375316,-0.42264409374387246,SIMULATED,NORMAL
2026-06-17T16:50:34.025114+00:00,DION_001,375317,1.5367809765621534,SIMULATED,NORMAL
2026-06-17T16:50:34.035607+00:00,DION_001,375318,-0.4622540285696003,SIMULATED,NORMAL
2026-06-17T16:50:34.046080+00:00,DION_001,375319,-0.3184378533415543,SIMULATED,NORMAL
2026-06-17T16:50:34.056803+00:00,DION_001,375320,-0.2600481859288439,SIMULATED,NORMAL
2026-06-17T16:50:34.067163+00:00,DION_001,375321,-0.5717281240029367,SIMULATED,NORMAL
2026-06-17T16:50:34.077491+00:00,DION_001,375322,-0.2666555245344689,SIMULATED,NORMAL
2026-06-17T16:50:34.087849+00:00,DION_001,375323,-0.44212397599528996,SIMULATED,NORMAL
2026-06-17T16:50:34.098127+00:00,DION_001,375324,-0.2368546372384942,SIMULATED,NORMAL
2026-06-17T16:50:34.108682+00:00,DION_001,375325,-0.23710223184703813,SIMULATED,NORMAL
2026-06-17T16:50:34.119119+00:00,DION_001,375326,-0.24975945565008018,SIMULATED,NORMAL
2026-06-17T16:50:34.129484+00:00,DION_001,375327,-0.37077996121544826,SIMULATED,NORMAL
2026-06-17T16:50:34.139850+00:00,DION_001,375328,-0.21952549090142712,SIMULATED,NORMAL
2026-06-17T16:50:34.150216+00:00,DION_001,375329,-0.45166412329478506,SIMULATED,NORMAL
2026-06-17T16:50:34.160618+00:00,DION_001,375330,-0.4433792015098662,SIMULATED,NORMAL
2026-06-17T16:50:34.170992+00:00,DION_001,375331,-0.23869689843487135,SIMULATED,NORMAL
2026-06-17T16:50:34.181357+00:00,DION_001,375332,-0.19493348690523857,SIMULATED,NORMAL
2026-06-17T16:50:34.191710+00:00,DION_001,375333,-0.0823641242124462,SIMULATED,NORMAL
2026-06-17T16:50:34.202131+00:00,DION_001,375334,-0.1446715264555294,SIMULATED,NORMAL
2026-06-17T16:50:34.212468+00:00,DION_001,375335,0.17638514071229905,SIMULATED,NORMAL
2026-06-17T16:50:34.222862+00:00,DION_001,375336,-0.09649893696601237,SIMULATED,NORMAL
2026-06-17T16:50:34.233191+00:00,DION_001,375337,-0.09417175443250528,SIMULATED,NORMAL
2026-06-17T16:50:34.243535+00:00,DION_001,375338,0.015284436384097808,SIMULATED,NORMAL
2026-06-17T16:50:34.253922+00:00,DION_001,375339,0.006637769266427063,SIMULATED,NORMAL
2026-06-17T16:50:34.264311+00:00,DION_001,375340,0.11456774772188574,SIMULATED,NORMAL
2026-06-17T16:50:34.274750+00:00,DION_001,375341,-0.0010774171105829844,SIMULATED,NORMAL
2026-06-17T16:50:34.285148+00:00,DION_001,375342,0.034559049170980086,SIMULATED,NORMAL
2026-06-17T16:50:34.295529+00:00,DION_001,375343,-0.021996290418950838,SIMULATED,NORMAL
2026-06-17T16:50:34.305941+00:00,DION_001,375344,0.05101533016484061,SIMULATED,NORMAL
2026-06-17T16:50:34.316653+00:00,DION_001,375345,0.21120424713071265,SIMULATED,NORMAL
2026-06-17T16:50:34.327115+00:00,DION_001,375346,0.09826366701070557,SIMULATED,NORMAL
2026-06-17T16:50:34.337562+00:00,DION_001,375347,0.1487046461534916,SIMULATED,NORMAL
2026-06-17T16:50:34.348083+00:00,DION_001,375348,-0.26505801455165123,SIMULATED,NORMAL
2026-06-17T16:50:34.358546+00:00,DION_001,375349,-0.1550835914791887,SIMULATED,NORMAL
2026-06-17T16:50:34.368930+00:00,DION_001,375350,-0.054450225914958114,SIMULATED,NORMAL
2026-06-17T16:50:34.379368+00:00,DION_001,375351,-0.08680775925498323,SIMULATED,NORMAL
2026-06-17T16:50:34.389912+00:00,DION_001,375352,-0.06741238722788251,SIMULATED,NORMAL
2026-06-17T16:50:34.400305+00:00,DION_001,375353,-0.28962082169267256,SIMULATED,NORMAL
2026-06-17T16:50:34.410659+00:00,DION_001,375354,-0.0005807491541748588,SIMULATED,NORMAL
2026-06-17T16:50:34.421131+00:00,DION_001,375355,-0.049249446726858825,SIMULATED,NORMAL
2026-06-17T16:50:34.431543+00:00,DION_001,375356,-0.09971443151718307,SIMULATED,NORMAL
2026-06-17T16:50:34.442006+00:00,DION_001,375357,0.06847228916007025,SIMULATED,NORMAL
2026-06-17T16:50:34.452486+00:00,DION_001,375358,-0.3943200235653359,SIMULATED,NORMAL
2026-06-17T16:50:34.463138+00:00,DION_001,375359,-0.02010934143508128,SIMULATED,NORMAL
2026-06-17T16:50:34.473540+00:00,DION_001,375360,-0.014822284808801267,SIMULATED,NORMAL
2026-06-17T16:50:34.483999+00:00,DION_001,375361,-0.11147162876651809,SIMULATED,NORMAL
2026-06-17T16:50:34.494561+00:00,DION_001,375362,-0.26053750566930023,SIMULATED,NORMAL
2026-06-17T16:50:34.504963+00:00,DION_001,375363,-0.3466829195508795,SIMULATED,NORMAL
2026-06-17T16:50:34.515376+00:00,DION_001,375364,-0.2983668638663266,SIMULATED,NORMAL
2026-06-17T16:50:34.525752+00:00,DION_001,375365,-0.3173144512018351,SIMULATED,NORMAL
2026-06-17T16:50:34.536327+00:00,DION_001,375366,-0.4817810862777668,SIMULATED,NORMAL
2026-06-17T16:50:34.546881+00:00,DION_001,375367,-0.5798394712064655,SIMULATED,NORMAL
2026-06-17T16:50:34.557310+00:00,DION_001,375368,-0.3768328875200806,SIMULATED,NORMAL
2026-06-17T16:50:34.567779+00:00,DION_001,375369,-0.7450782677958937,SIMULATED,NORMAL
2026-06-17T16:50:34.578315+00:00,DION_001,375370,-0.388238044360287,SIMULATED,NORMAL
2026-06-17T16:50:34.588678+00:00,DION_001,375371,-0.6251081569650421,SIMULATED,NORMAL
2026-06-17T16:50:34.599322+00:00,DION_001,375372,-0.5761295233069184,SIMULATED,NORMAL
2026-06-17T16:50:34.609671+00:00,DION_001,375373,-0.7529412621657027,SIMULATED,NORMAL
2026-06-17T16:50:34.620089+00:00,DION_001,375374,-0.9311700209109461,SIMULATED,NORMAL
2026-06-17T16:50:34.630603+00:00,DION_001,375375,-0.7439028514732517,SIMULATED,NORMAL
2026-06-17T16:50:34.641026+00:00,DION_001,375376,-0.9768065496289693,SIMULATED,NORMAL
2026-06-17T16:50:34.651454+00:00,DION_001,375377,-0.6545985423400327,SIMULATED,NORMAL
2026-06-17T16:50:34.661697+00:00,DION_001,375378,-0.9045194549022897,SIMULATED,NORMAL
2026-06-17T16:50:34.672075+00:00,DION_001,375379,-1.2474284967169105,SIMULATED,NORMAL
2026-06-17T16:50:34.682445+00:00,DION_001,375380,-0.8626320125251344,SIMULATED,NORMAL
2026-06-17T16:50:34.692843+00:00,DION_001,375381,-0.6656124494342887,SIMULATED,NORMAL
2026-06-17T16:50:34.703357+00:00,DION_001,375382,-1.0699920948050394,SIMULATED,NORMAL
2026-06-17T16:50:34.713776+00:00,DION_001,375383,-1.0274835557627156,SIMULATED,NORMAL
2026-06-17T16:50:34.724248+00:00,DION_001,375384,-1.0335150516227483,SIMULATED,NORMAL
2026-06-17T16:50:34.734585+00:00,DION_001,375385,-0.8788371668832693,SIMULATED,NORMAL
2026-06-17T16:50:34.744990+00:00,DION_001,375386,-1.040026892442348,SIMULATED,NORMAL
2026-06-17T16:50:34.755276+00:00,DION_001,375387,-1.06484265781395,SIMULATED,NORMAL
2026-06-17T16:50:34.765609+00:00,DION_001,375388,-1.087598514899244,SIMULATED,NORMAL
2026-06-17T16:50:34.776037+00:00,DION_001,375389,-1.4168887821719578,SIMULATED,NORMAL
2026-06-17T16:50:34.786456+00:00,DION_001,375390,-1.0045073624553935,SIMULATED,NORMAL
2026-06-17T16:50:34.796839+00:00,DION_001,375391,-0.931558918854567,SIMULATED,NORMAL
2026-06-17T16:50:34.807158+00:00,DION_001,375392,-1.1547955200320779,SIMULATED,NORMAL
2026-06-17T16:50:34.817580+00:00,DION_001,375393,-1.1542861442589456,SIMULATED,NORMAL
2026-06-17T16:50:34.827961+00:00,DION_001,375394,-1.4598960221730575,SIMULATED,NORMAL
2026-06-17T16:50:34.838578+00:00,DION_001,375395,-1.0363759055775048,SIMULATED,NORMAL
2026-06-17T16:50:34.849083+00:00,DION_001,375396,-1.1694339477594424,SIMULATED,NORMAL
2026-06-17T16:50:34.859406+00:00,DION_001,375397,-1.2265223303985897,SIMULATED,NORMAL
2026-06-17T16:50:34.869995+00:00,DION_001,375398,-1.148574705615216,SIMULATED,NORMAL
2026-06-17T16:50:34.880483+00:00,DION_001,375399,-1.1840611672284664,SIMULATED,NORMAL
2026-06-17T16:50:34.891056+00:00,DION_001,375400,-1.137610368949187,SIMULATED,NORMAL
2026-06-17T16:50:34.901493+00:00,DION_001,375401,-1.2349006236003854,SIMULATED,NORMAL
2026-06-17T16:50:34.911864+00:00,DION_001,375402,-1.1173780897207064,SIMULATED,NORMAL
2026-06-17T16:50:34.922207+00:00,DION_001,375403,-1.169334982063123,SIMULATED,NORMAL
2026-06-17T16:50:34.932650+00:00,DION_001,375404,-0.932719050870477,SIMULATED,NORMAL
2026-06-17T16:50:34.943113+00:00,DION_001,375405,-1.0551092465999377,SIMULATED,NORMAL
2026-06-17T16:50:34.953446+00:00,DION_001,375406,-0.7190710793491666,SIMULATED,NORMAL
2026-06-17T16:50:34.963902+00:00,DION_001,375407,-1.1356373677222873,SIMULATED,NORMAL
2026-06-17T16:50:34.974319+00:00,DION_001,375408,-0.6877484262307337,SIMULATED,NORMAL
2026-06-17T16:50:34.984807+00:00,DION_001,375409,-0.7384832729237037,SIMULATED,NORMAL
2026-06-17T16:50:34.995259+00:00,DION_001,375410,-0.674133967295447,SIMULATED,NORMAL
2026-06-17T16:50:35.005922+00:00,DION_001,375411,-0.650745146958484,SIMULATED,NORMAL
2026-06-17T16:50:35.016308+00:00,DION_001,375412,-0.7661399758407899,SIMULATED,NORMAL
2026-06-17T16:50:35.026688+00:00,DION_001,375413,-0.6316397268649363,SIMULATED,NORMAL
2026-06-17T16:50:35.037300+00:00,DION_001,375414,-0.6703065223176679,SIMULATED,NORMAL
2026-06-17T16:50:35.047683+00:00,DION_001,375415,-0.5517513632617193,SIMULATED,NORMAL
2026-06-17T16:50:35.058042+00:00,DION_001,375416,-0.6069486356216219,SIMULATED,NORMAL
2026-06-17T16:50:35.068474+00:00,DION_001,375417,-0.5124501371635081,SIMULATED,NORMAL
2026-06-17T16:50:35.078920+00:00,DION_001,375418,-0.5708173656343254,SIMULATED,NORMAL
2026-06-17T16:50:35.089327+00:00,DION_001,375419,-0.49289595954118653,SIMULATED,NORMAL
2026-06-17T16:50:35.099785+00:00,DION_001,375420,-0.6997086076360597,SIMULATED,NORMAL
2026-06-17T16:50:35.110148+00:00,DION_001,375421,-0.6049049647455165,SIMULATED,NORMAL
2026-06-17T16:50:35.120633+00:00,DION_001,375422,-0.34249569980544237,SIMULATED,NORMAL
2026-06-17T16:50:35.131258+00:00,DION_001,375423,-0.8641502213596058,SIMULATED,NORMAL
2026-06-17T16:50:35.141831+00:00,DION_001,375424,-0.42250921700704985,SIMULATED,NORMAL
2026-06-17T16:50:35.152407+00:00,DION_001,375425,-0.6538920530238265,SIMULATED,NORMAL
2026-06-17T16:50:35.163042+00:00,DION_001,375426,-0.24782859886443495,SIMULATED,NORMAL
2026-06-17T16:50:35.173559+00:00,DION_001,375427,-0.2760822746201629,SIMULATED,NORMAL
2026-06-17T16:50:35.184269+00:00,DION_001,375428,-0.2406758476466912,SIMULATED,NORMAL
2026-06-17T16:50:35.194820+00:00,DION_001,375429,-0.5143765720935347,SIMULATED,NORMAL
2026-06-17T16:50:35.205417+00:00,DION_001,375430,-0.46161668176190923,SIMULATED,NORMAL
2026-06-17T16:50:35.216008+00:00,DION_001,375431,-0.16237180620069833,SIMULATED,NORMAL
2026-06-17T16:50:35.226487+00:00,DION_001,375432,-0.5864902770366638,SIMULATED,NORMAL
2026-06-17T16:50:35.236985+00:00,DION_001,375433,-0.6424215338865118,SIMULATED,NORMAL
2026-06-17T16:50:35.247473+00:00,DION_001,375434,-0.17734723440770386,SIMULATED,NORMAL
2026-06-17T16:50:35.257950+00:00,DION_001,375435,-0.27250557889329097,SIMULATED,NORMAL
2026-06-17T16:50:35.268356+00:00,DION_001,375436,-0.2093019756191209,SIMULATED,NORMAL
2026-06-17T16:50:35.278718+00:00,DION_001,375437,-0.2805054201909352,SIMULATED,NORMAL
2026-06-17T16:50:35.289069+00:00,DION_001,375438,-0.5498174600165145,SIMULATED,NORMAL
2026-06-17T16:50:35.299586+00:00,DION_001,375439,-0.7099106898652183,SIMULATED,NORMAL
2026-06-17T16:50:35.310020+00:00,DION_001,375440,-0.2531733203549076,SIMULATED,NORMAL
2026-06-17T16:50:35.320531+00:00,DION_001,375441,-0.440363523769313,SIMULATED,NORMAL
2026-06-17T16:50:35.331269+00:00,DION_001,375442,-0.4902837362213531,SIMULATED,NORMAL
2026-06-17T16:50:35.341823+00:00,DION_001,375443,-0.5208257339426434,SIMULATED,NORMAL
2026-06-17T16:50:35.352298+00:00,DION_001,375444,-0.6452754305823423,SIMULATED,NORMAL
2026-06-17T16:50:35.363090+00:00,DION_001,375445,-0.5247264276200589,SIMULATED,NORMAL
2026-06-17T16:50:35.373651+00:00,DION_001,375446,-0.4405274485975856,SIMULATED,NORMAL
2026-06-17T16:50:35.384191+00:00,DION_001,375447,-0.532252899525464,SIMULATED,NORMAL
2026-06-17T16:50:35.394705+00:00,DION_001,375448,-0.7079195074798271,SIMULATED,NORMAL
2026-06-17T16:50:35.405423+00:00,DION_001,375449,-0.5649966014715841,SIMULATED,NORMAL
2026-06-17T16:50:35.416018+00:00,DION_001,375450,-0.5922020600278576,SIMULATED,NORMAL
2026-06-17T16:50:35.426589+00:00,DION_001,375451,-0.850956153054484,SIMULATED,NORMAL
2026-06-17T16:50:35.437300+00:00,DION_001,375452,-0.797072485091916,SIMULATED,NORMAL
2026-06-17T16:50:35.447851+00:00,DION_001,375453,-0.8574141592981903,SIMULATED,NORMAL
2026-06-17T16:50:35.458525+00:00,DION_001,375454,-0.7349779190790677,SIMULATED,NORMAL
2026-06-17T16:50:35.468993+00:00,DION_001,375455,-0.7026251211072011,SIMULATED,NORMAL
2026-06-17T16:50:35.479474+00:00,DION_001,375456,-0.595892008633983,SIMULATED,NORMAL
2026-06-17T16:50:35.490136+00:00,DION_001,375457,-0.5805649983604084,SIMULATED,NORMAL
2026-06-17T16:50:35.500703+00:00,DION_001,375458,-0.7263802489397545,SIMULATED,NORMAL
2026-06-17T16:50:35.511201+00:00,DION_001,375459,-0.9315982385077499,SIMULATED,NORMAL
2026-06-17T16:50:35.521896+00:00,DION_001,375460,-1.1262623500831261,SIMULATED,NORMAL
2026-06-17T16:50:35.532431+00:00,DION_001,375461,-0.6994884812431945,SIMULATED,NORMAL
2026-06-17T16:50:35.543422+00:00,DION_001,375462,-0.8240754184576612,SIMULATED,NORMAL
2026-06-17T16:50:35.554254+00:00,DION_001,375463,-0.7889090263715767,SIMULATED,NORMAL
2026-06-17T16:50:35.564903+00:00,DION_001,375464,-0.9986457455897103,SIMULATED,NORMAL
2026-06-17T16:50:35.575525+00:00,DION_001,375465,-0.6070731207200584,SIMULATED,NORMAL
2026-06-17T16:50:35.586152+00:00,DION_001,375466,1.4608854116801924,SIMULATED,NORMAL
2026-06-17T16:50:35.596993+00:00,DION_001,375467,-0.6945206007506235,SIMULATED,NORMAL
2026-06-17T16:50:35.607512+00:00,DION_001,375468,-1.0301045702287892,SIMULATED,NORMAL
2026-06-17T16:50:35.618092+00:00,DION_001,375469,-0.9076214020103319,SIMULATED,NORMAL
2026-06-17T16:50:35.628689+00:00,DION_001,375470,-1.035893476453827,SIMULATED,NORMAL
2026-06-17T16:50:35.639256+00:00,DION_001,375471,-0.9917178874136354,SIMULATED,NORMAL
2026-06-17T16:50:35.649916+00:00,DION_001,375472,-0.6749911892433199,SIMULATED,NORMAL
2026-06-17T16:50:35.660539+00:00,DION_001,375473,-0.8082754718898619,SIMULATED,NORMAL
2026-06-17T16:50:35.671409+00:00,DION_001,375474,-0.6534877989486744,SIMULATED,NORMAL
2026-06-17T16:50:35.682049+00:00,DION_001,375475,-0.8492415283007222,SIMULATED,NORMAL
2026-06-17T16:50:35.692778+00:00,DION_001,375476,-0.45644572396347943,SIMULATED,NORMAL
2026-06-17T16:50:35.704021+00:00,DION_001,375477,-0.7553777689039688,SIMULATED,NORMAL
2026-06-17T16:50:35.714621+00:00,DION_001,375478,0.8492050550678977,SIMULATED,NORMAL
2026-06-17T16:50:35.725417+00:00,DION_001,375479,-0.7631996374966951,SIMULATED,NORMAL
2026-06-17T16:50:35.736008+00:00,DION_001,375480,-0.41223648626972015,SIMULATED,NORMAL
2026-06-17T16:50:35.746590+00:00,DION_001,375481,-0.7954632731054554,SIMULATED,NORMAL
2026-06-17T16:50:35.757193+00:00,DION_001,375482,-0.4113221704139618,SIMULATED,NORMAL
2026-06-17T16:50:35.767936+00:00,DION_001,375483,-0.5111958402950239,SIMULATED,NORMAL
2026-06-17T16:50:35.778411+00:00,DION_001,375484,-0.3402354193508239,SIMULATED,NORMAL
2026-06-17T16:50:35.789010+00:00,DION_001,375485,-0.508474998164266,SIMULATED,NORMAL
2026-06-17T16:50:35.799580+00:00,DION_001,375486,-0.6871220622414242,SIMULATED,NORMAL
2026-06-17T16:50:35.810129+00:00,DION_001,375487,-0.2847103759472279,SIMULATED,NORMAL
2026-06-17T16:50:35.820823+00:00,DION_001,375488,-0.04818595729440439,SIMULATED,NORMAL
2026-06-17T16:50:35.831450+00:00,DION_001,375489,-0.31700821237606047,SIMULATED,NORMAL
2026-06-17T16:50:35.841965+00:00,DION_001,375490,-0.1776239747083299,SIMULATED,NORMAL
2026-06-17T16:50:35.852720+00:00,DION_001,375491,0.026423216953453718,SIMULATED,NORMAL
2026-06-17T16:50:35.863424+00:00,DION_001,375492,0.15261115864079872,SIMULATED,NORMAL
2026-06-17T16:50:35.874108+00:00,DION_001,375493,-0.05716229928506244,SIMULATED,NORMAL
2026-06-17T16:50:35.884733+00:00,DION_001,375494,-0.020212752243764422,SIMULATED,NORMAL
2026-06-17T16:50:35.895392+00:00,DION_001,375495,0.09742479008266244,SIMULATED,NORMAL
2026-06-17T16:50:35.906020+00:00,DION_001,375496,0.23919767618400403,SIMULATED,NORMAL
2026-06-17T16:50:35.916693+00:00,DION_001,375497,0.34724645978887925,SIMULATED,NORMAL
2026-06-17T16:50:35.927271+00:00,DION_001,375498,0.1834122896025547,SIMULATED,NORMAL
2026-06-17T16:50:35.937919+00:00,DION_001,375499,-0.02107991264892628,SIMULATED,NORMAL
2026-06-17T16:50:35.948487+00:00,DION_001,375500,0.25052944724395004,SIMULATED,NORMAL
2026-06-17T16:50:35.959242+00:00,DION_001,375501,0.3426515881971237,SIMULATED,NORMAL
2026-06-17T16:50:35.969972+00:00,DION_001,375502,0.22706954250889155,SIMULATED,NORMAL
2026-06-17T16:50:35.980688+00:00,DION_001,375503,0.37382781529884174,SIMULATED,NORMAL
2026-06-17T16:50:35.991319+00:00,DION_001,375504,0.3720631190776289,SIMULATED,NORMAL
2026-06-17T16:50:36.001930+00:00,DION_001,375505,0.45868213311765055,SIMULATED,NORMAL
2026-06-17T16:50:36.012664+00:00,DION_001,375506,0.3543599268259928,SIMULATED,NORMAL
2026-06-17T16:50:36.023543+00:00,DION_001,375507,0.40483427906286434,SIMULATED,NORMAL
2026-06-17T16:50:36.034367+00:00,DION_001,375508,0.4814531387464853,SIMULATED,NORMAL
2026-06-17T16:50:36.044827+00:00,DION_001,375509,0.5822007169659869,SIMULATED,NORMAL
2026-06-17T16:50:36.055417+00:00,DION_001,375510,0.42256085984583686,SIMULATED,NORMAL
2026-06-17T16:50:36.065947+00:00,DION_001,375511,0.5629901002817941,SIMULATED,NORMAL
2026-06-17T16:50:36.076696+00:00,DION_001,375512,0.22337636512720388,SIMULATED,NORMAL
2026-06-17T16:50:36.087329+00:00,DION_001,375513,0.3944514150421858,SIMULATED,NORMAL
2026-06-17T16:50:36.098016+00:00,DION_001,375514,0.6518320944646646,SIMULATED,NORMAL
2026-06-17T16:50:36.108643+00:00,DION_001,375515,0.31304043158084777,SIMULATED,NORMAL
2026-06-17T16:50:36.119352+00:00,DION_001,375516,0.502139908938063,SIMULATED,NORMAL
2026-06-17T16:50:36.129992+00:00,DION_001,375517,0.5277366733578982,SIMULATED,NORMAL
2026-06-17T16:50:36.140724+00:00,DION_001,375518,0.23890625537409996,SIMULATED,NORMAL
2026-06-17T16:50:36.151544+00:00,DION_001,375519,0.6031562148207865,SIMULATED,NORMAL
2026-06-17T16:50:36.162155+00:00,DION_001,375520,0.47503728887541813,SIMULATED,NORMAL
2026-06-17T16:50:36.172787+00:00,DION_001,375521,0.3517640480780051,SIMULATED,NORMAL
2026-06-17T16:50:36.183508+00:00,DION_001,375522,0.3467027877047435,SIMULATED,NORMAL
2026-06-17T16:50:36.194297+00:00,DION_001,375523,0.26923447676939893,SIMULATED,NORMAL
2026-06-17T16:50:36.204951+00:00,DION_001,375524,0.48733512854491784,SIMULATED,NORMAL
2026-06-17T16:50:36.215544+00:00,DION_001,375525,0.5179701836140284,SIMULATED,NORMAL
2026-06-17T16:50:36.226171+00:00,DION_001,375526,0.30703152025085817,SIMULATED,NORMAL
2026-06-17T16:50:36.236926+00:00,DION_001,375527,0.455004279074357,SIMULATED,NORMAL
2026-06-17T16:50:36.247509+00:00,DION_001,375528,0.17430554102054527,SIMULATED,NORMAL
2026-06-17T16:50:36.258040+00:00,DION_001,375529,0.3141246878041767,SIMULATED,NORMAL
2026-06-17T16:50:36.268665+00:00,DION_001,375530,0.07223962238947895,SIMULATED,NORMAL
2026-06-17T16:50:36.279309+00:00,DION_001,375531,0.4706647992129295,SIMULATED,NORMAL
2026-06-17T16:50:36.289994+00:00,DION_001,375532,0.05191133594918504,SIMULATED,NORMAL
2026-06-17T16:50:36.300493+00:00,DION_001,375533,0.07006760814795895,SIMULATED,NORMAL
2026-06-17T16:50:36.311108+00:00,DION_001,375534,0.44221769892051854,SIMULATED,NORMAL
2026-06-17T16:50:36.321568+00:00,DION_001,375535,-0.01727079464527928,SIMULATED,NORMAL
2026-06-17T16:50:36.332031+00:00,DION_001,375536,0.44621492929591355,SIMULATED,NORMAL
2026-06-17T16:50:36.342404+00:00,DION_001,375537,0.18657181544082752,SIMULATED,NORMAL
2026-06-17T16:50:36.352799+00:00,DION_001,375538,0.10719208369551463,SIMULATED,NORMAL
2026-06-17T16:50:36.363173+00:00,DION_001,375539,0.1868548612679293,SIMULATED,NORMAL
2026-06-17T16:50:36.373534+00:00,DION_001,375540,0.1413318843923262,SIMULATED,NORMAL
2026-06-17T16:50:36.383872+00:00,DION_001,375541,0.5250910227129606,SIMULATED,NORMAL
2026-06-17T16:50:36.394131+00:00,DION_001,375542,0.13662820421952662,SIMULATED,NORMAL
2026-06-17T16:50:36.404621+00:00,DION_001,375543,0.11537976103200756,SIMULATED,NORMAL
2026-06-17T16:50:36.415361+00:00,DION_001,375544,-0.08010183870814261,SIMULATED,NORMAL
2026-06-17T16:50:36.425939+00:00,DION_001,375545,0.10019949475222963,SIMULATED,NORMAL
2026-06-17T16:50:36.436658+00:00,DION_001,375546,-0.04693613319898038,SIMULATED,NORMAL
2026-06-17T16:50:36.447140+00:00,DION_001,375547,0.18016216433651902,SIMULATED,NORMAL
2026-06-17T16:50:36.457805+00:00,DION_001,375548,0.18647755223466322,SIMULATED,NORMAL
2026-06-17T16:50:36.468309+00:00,DION_001,375549,0.01351497437223656,SIMULATED,NORMAL
2026-06-17T16:50:36.478937+00:00,DION_001,375550,0.32047944835782444,SIMULATED,NORMAL
2026-06-17T16:50:36.489703+00:00,DION_001,375551,0.2533830161178133,SIMULATED,NORMAL
2026-06-17T16:50:36.500338+00:00,DION_001,375552,0.39159738946394207,SIMULATED,NORMAL
2026-06-17T16:50:36.510999+00:00,DION_001,375553,0.28904559898830734,SIMULATED,NORMAL
2026-06-17T16:50:36.521625+00:00,DION_001,375554,0.45738003919200043,SIMULATED,NORMAL
2026-06-17T16:50:36.532281+00:00,DION_001,375555,0.5758911705422116,SIMULATED,NORMAL
2026-06-17T16:50:36.543064+00:00,DION_001,375556,0.21783352201925765,SIMULATED,NORMAL
2026-06-17T16:50:36.553600+00:00,DION_001,375557,0.38159273691819195,SIMULATED,NORMAL
2026-06-17T16:50:36.564167+00:00,DION_001,375558,0.3576176901736525,SIMULATED,NORMAL
2026-06-17T16:50:36.574627+00:00,DION_001,375559,0.2952309043354125,SIMULATED,NORMAL
2026-06-17T16:50:36.585179+00:00,DION_001,375560,0.4954487452675852,SIMULATED,NORMAL
2026-06-17T16:50:36.595763+00:00,DION_001,375561,0.7080706070451106,SIMULATED,NORMAL
2026-06-17T16:50:36.606355+00:00,DION_001,375562,0.4862133747614075,SIMULATED,NORMAL
2026-06-17T16:50:36.616955+00:00,DION_001,375563,0.6298211681182394,SIMULATED,NORMAL
2026-06-17T16:50:36.627495+00:00,DION_001,375564,0.8177987637182855,SIMULATED,NORMAL
2026-06-17T16:50:36.638266+00:00,DION_001,375565,0.5925898446130994,SIMULATED,NORMAL
2026-06-17T16:50:36.648912+00:00,DION_001,375566,0.5612399817628569,SIMULATED,NORMAL
2026-06-17T16:50:36.659661+00:00,DION_001,375567,0.7726724967340479,SIMULATED,NORMAL
2026-06-17T16:50:36.670323+00:00,DION_001,375568,1.0692468730052567,SIMULATED,NORMAL
2026-06-17T16:50:36.681067+00:00,DION_001,375569,0.5017715783779518,SIMULATED,NORMAL
2026-06-17T16:50:36.691764+00:00,DION_001,375570,0.9861764819083058,SIMULATED,NORMAL
2026-06-17T16:50:36.702421+00:00,DION_001,375571,0.9989654476420298,SIMULATED,NORMAL
2026-06-17T16:50:36.713022+00:00,DION_001,375572,1.0534504018109467,SIMULATED,NORMAL
2026-06-17T16:50:36.723693+00:00,DION_001,375573,0.8660096170301727,SIMULATED,NORMAL
2026-06-17T16:50:36.734308+00:00,DION_001,375574,1.1921407645368205,SIMULATED,NORMAL
2026-06-17T16:50:36.744879+00:00,DION_001,375575,0.9616227750598609,SIMULATED,NORMAL
2026-06-17T16:50:36.755538+00:00,DION_001,375576,1.1319563816189153,SIMULATED,NORMAL
2026-06-17T16:50:36.766181+00:00,DION_001,375577,1.0014073929263698,SIMULATED,NORMAL
2026-06-17T16:50:36.776833+00:00,DION_001,375578,0.9128536844153862,SIMULATED,NORMAL
2026-06-17T16:50:36.787669+00:00,DION_001,375579,1.0316057674676213,SIMULATED,NORMAL
2026-06-17T16:50:36.798288+00:00,DION_001,375580,1.0700104054868538,SIMULATED,NORMAL
2026-06-17T16:50:36.809062+00:00,DION_001,375581,1.0435819358230574,SIMULATED,NORMAL
2026-06-17T16:50:36.819687+00:00,DION_001,375582,1.3490654036221148,SIMULATED,NORMAL
2026-06-17T16:50:36.830344+00:00,DION_001,375583,1.1774846628355318,SIMULATED,NORMAL
2026-06-17T16:50:36.840924+00:00,DION_001,375584,1.2676492517058051,SIMULATED,NORMAL
2026-06-17T16:50:36.851596+00:00,DION_001,375585,1.3212864761204843,SIMULATED,NORMAL
2026-06-17T16:50:36.862165+00:00,DION_001,375586,1.089406536187581,SIMULATED,NORMAL
2026-06-17T16:50:36.872724+00:00,DION_001,375587,1.392391136369994,SIMULATED,NORMAL
2026-06-17T16:50:36.883512+00:00,DION_001,375588,1.2076926438684161,SIMULATED,NORMAL
2026-06-17T16:50:36.893989+00:00,DION_001,375589,1.3277654172507911,SIMULATED,NORMAL
2026-06-17T16:50:36.904638+00:00,DION_001,375590,1.116563050751734,SIMULATED,NORMAL
2026-06-17T16:50:36.915307+00:00,DION_001,375591,1.1110750044799538,SIMULATED,NORMAL
2026-06-17T16:50:36.926012+00:00,DION_001,375592,1.026262880518227,SIMULATED,NORMAL
2026-06-17T16:50:36.936668+00:00,DION_001,375593,0.9898343482889687,SIMULATED,NORMAL
2026-06-17T16:50:36.947268+00:00,DION_001,375594,1.0961072036535373,SIMULATED,NORMAL
2026-06-17T16:50:36.957969+00:00,DION_001,375595,1.1053635480282207,SIMULATED,NORMAL
2026-06-17T16:50:36.968483+00:00,DION_001,375596,0.9774572371453275,SIMULATED,NORMAL
2026-06-17T16:50:36.979160+00:00,DION_001,375597,0.9852510049761045,SIMULATED,NORMAL
2026-06-17T16:50:36.989624+00:00,DION_001,375598,0.929148655720719,SIMULATED,NORMAL
2026-06-17T16:50:37.000144+00:00,DION_001,375599,1.1388296668330644,SIMULATED,NORMAL
2026-06-17T16:50:37.010577+00:00,DION_001,375600,1.0672103870912062,SIMULATED,NORMAL
2026-06-17T16:50:37.021175+00:00,DION_001,375601,0.7244997072225731,SIMULATED,NORMAL
2026-06-17T16:50:37.031784+00:00,DION_001,375602,1.0349021563581131,SIMULATED,NORMAL
2026-06-17T16:50:37.042349+00:00,DION_001,375603,1.1657582381670164,SIMULATED,NORMAL
2026-06-17T16:50:37.053046+00:00,DION_001,375604,1.0732948415727939,SIMULATED,NORMAL
2026-06-17T16:50:37.063587+00:00,DION_001,375605,0.948534047605468,SIMULATED,NORMAL
2026-06-17T16:50:37.074155+00:00,DION_001,375606,0.9206683569161954,SIMULATED,NORMAL
2026-06-17T16:50:37.084731+00:00,DION_001,375607,1.118909646630705,SIMULATED,NORMAL
2026-06-17T16:50:37.095272+00:00,DION_001,375608,0.7833463850560736,SIMULATED,NORMAL
2026-06-17T16:50:37.105861+00:00,DION_001,375609,0.7389240603755935,SIMULATED,NORMAL
2026-06-17T16:50:37.116359+00:00,DION_001,375610,0.5649134193114025,SIMULATED,NORMAL
2026-06-17T16:50:37.126957+00:00,DION_001,375611,0.6953403229804563,SIMULATED,NORMAL
2026-06-17T16:50:37.137596+00:00,DION_001,375612,0.3606508753100114,SIMULATED,NORMAL
2026-06-17T16:50:37.148224+00:00,DION_001,375613,0.853248300175339,SIMULATED,NORMAL
2026-06-17T16:50:37.158828+00:00,DION_001,375614,0.35558607011661747,SIMULATED,NORMAL
2026-06-17T16:50:37.169500+00:00,DION_001,375615,0.218513335621079,SIMULATED,NORMAL
2026-06-17T16:50:37.180100+00:00,DION_001,375616,0.45097077144946635,SIMULATED,NORMAL
2026-06-17T16:50:37.190709+00:00,DION_001,375617,0.4244016847526636,SIMULATED,NORMAL
2026-06-17T16:50:37.201287+00:00,DION_001,375618,0.5909717925948378,SIMULATED,NORMAL
2026-06-17T16:50:37.211919+00:00,DION_001,375619,0.46409420165456017,SIMULATED,NORMAL
2026-06-17T16:50:37.222415+00:00,DION_001,375620,0.5514037020876734,SIMULATED,NORMAL
2026-06-17T16:50:37.232884+00:00,DION_001,375621,0.5581178096338639,SIMULATED,NORMAL
2026-06-17T16:50:37.243498+00:00,DION_001,375622,0.36946627010168887,SIMULATED,NORMAL
2026-06-17T16:50:37.254208+00:00,DION_001,375623,0.4175352363465342,SIMULATED,NORMAL
2026-06-17T16:50:37.264743+00:00,DION_001,375624,0.2799831755941955,SIMULATED,NORMAL
2026-06-17T16:50:37.275378+00:00,DION_001,375625,0.2486551977472291,SIMULATED,NORMAL
2026-06-17T16:50:37.285987+00:00,DION_001,375626,0.14093580488111482,SIMULATED,NORMAL
2026-06-17T16:50:37.296706+00:00,DION_001,375627,0.23174710048533392,SIMULATED,NORMAL
2026-06-17T16:50:37.307357+00:00,DION_001,375628,0.20334287355369746,SIMULATED,NORMAL
2026-06-17T16:50:37.317999+00:00,DION_001,375629,0.5797853137655048,SIMULATED,NORMAL
2026-06-17T16:50:37.328672+00:00,DION_001,375630,0.2761523481755689,SIMULATED,NORMAL
2026-06-17T16:50:37.339399+00:00,DION_001,375631,-0.1102952130454648,SIMULATED,NORMAL
2026-06-17T16:50:37.349989+00:00,DION_001,375632,0.3531428826594457,SIMULATED,NORMAL
2026-06-17T16:50:37.360702+00:00,DION_001,375633,3.1752466934192842,SIMULATED,EVENT_DETECTED
2026-06-17T16:50:37.371747+00:00,DION_001,375634,0.4291882540895071,SIMULATED,NORMAL
2026-06-17T16:50:37.382181+00:00,DION_001,375635,0.27257012310968237,SIMULATED,NORMAL
2026-06-17T16:50:37.392667+00:00,DION_001,375636,0.3476895225106171,SIMULATED,NORMAL
2026-06-17T16:50:37.403150+00:00,DION_001,375637,0.5828085934838909,SIMULATED,NORMAL
2026-06-17T16:50:37.413574+00:00,DION_001,375638,0.1413685312896933,SIMULATED,NORMAL
2026-06-17T16:50:37.424063+00:00,DION_001,375639,0.03199405317567561,SIMULATED,NORMAL
2026-06-17T16:50:37.434477+00:00,DION_001,375640,0.3994136744364618,SIMULATED,NORMAL
2026-06-17T16:50:37.444777+00:00,DION_001,375641,0.33882288195073457,SIMULATED,NORMAL
2026-06-17T16:50:37.455123+00:00,DION_001,375642,0.54929103971931,SIMULATED,NORMAL
2026-06-17T16:50:37.465495+00:00,DION_001,375643,0.49278859743671427,SIMULATED,NORMAL
2026-06-17T16:50:37.475763+00:00,DION_001,375644,0.6606684129274343,SIMULATED,NORMAL
2026-06-17T16:50:37.486071+00:00,DION_001,375645,0.581792208974743,SIMULATED,NORMAL
2026-06-17T16:50:37.496470+00:00,DION_001,375646,0.6551704808300965,SIMULATED,NORMAL
2026-06-17T16:50:37.507211+00:00,DION_001,375647,0.4624045748308904,SIMULATED,NORMAL
2026-06-17T16:50:37.517747+00:00,DION_001,375648,0.6901009500568596,SIMULATED,NORMAL
2026-06-17T16:50:37.528227+00:00,DION_001,375649,0.7130166852851314,SIMULATED,NORMAL
2026-06-17T16:50:37.538967+00:00,DION_001,375650,0.8948437735616104,SIMULATED,NORMAL
2026-06-17T16:50:37.549570+00:00,DION_001,375651,0.42438796950480806,SIMULATED,NORMAL
2026-06-17T16:50:37.560195+00:00,DION_001,375652,0.7943053904438488,SIMULATED,NORMAL
2026-06-17T16:50:37.570934+00:00,DION_001,375653,0.8608317409199701,SIMULATED,NORMAL
2026-06-17T16:50:37.581599+00:00,DION_001,375654,0.8101230498435382,SIMULATED,NORMAL
2026-06-17T16:50:37.592240+00:00,DION_001,375655,0.5496824998821993,SIMULATED,NORMAL
2026-06-17T16:50:37.602855+00:00,DION_001,375656,0.6519056456056145,SIMULATED,NORMAL
2026-06-17T16:50:37.613498+00:00,DION_001,375657,0.8292665787218864,SIMULATED,NORMAL
2026-06-17T16:50:37.624124+00:00,DION_001,375658,0.8094581068463157,SIMULATED,NORMAL
2026-06-17T16:50:37.634778+00:00,DION_001,375659,0.7107152962767046,SIMULATED,NORMAL
2026-06-17T16:50:37.645295+00:00,DION_001,375660,0.8454515744272353,SIMULATED,NORMAL
2026-06-17T16:50:37.655919+00:00,DION_001,375661,0.8063378089929325,SIMULATED,NORMAL
2026-06-17T16:50:37.666594+00:00,DION_001,375662,0.8881818644722523,SIMULATED,NORMAL
2026-06-17T16:50:37.677187+00:00,DION_001,375663,0.7189361173284853,SIMULATED,NORMAL
2026-06-17T16:50:37.687858+00:00,DION_001,375664,0.5555493763610247,SIMULATED,NORMAL
2026-06-17T16:50:37.698483+00:00,DION_001,375665,0.9169964028226764,SIMULATED,NORMAL
2026-06-17T16:50:37.709115+00:00,DION_001,375666,0.7219506485140742,SIMULATED,NORMAL
2026-06-17T16:50:37.719759+00:00,DION_001,375667,0.6298082288995028,SIMULATED,NORMAL
2026-06-17T16:50:37.730378+00:00,DION_001,375668,0.7011266352074113,SIMULATED,NORMAL
2026-06-17T16:50:37.741001+00:00,DION_001,375669,0.8638065339339818,SIMULATED,NORMAL
2026-06-17T16:50:37.751643+00:00,DION_001,375670,0.6805005346227583,SIMULATED,NORMAL
2026-06-17T16:50:37.762205+00:00,DION_001,375671,0.6609154672091339,SIMULATED,NORMAL
2026-06-17T16:50:37.772938+00:00,DION_001,375672,0.7599963963206577,SIMULATED,NORMAL
2026-06-17T16:50:37.783592+00:00,DION_001,375673,0.6620657856777363,SIMULATED,NORMAL
2026-06-17T16:50:37.794107+00:00,DION_001,375674,0.6674873627825542,SIMULATED,NORMAL
2026-06-17T16:50:37.804785+00:00,DION_001,375675,-1.3335011286833898,SIMULATED,NORMAL
2026-06-17T16:50:37.815598+00:00,DION_001,375676,0.6288300528319263,SIMULATED,NORMAL
2026-06-17T16:50:37.826156+00:00,DION_001,375677,0.04974460522400992,SIMULATED,NORMAL
2026-06-17T16:50:37.837134+00:00,DION_001,375678,0.4491665353914598,SIMULATED,NORMAL
2026-06-17T16:50:37.847771+00:00,DION_001,375679,0.25650627502744094,SIMULATED,NORMAL
2026-06-17T16:50:37.858360+00:00,DION_001,375680,0.13355472209075434,SIMULATED,NORMAL
2026-06-17T16:50:37.869003+00:00,DION_001,375681,0.31441193338849566,SIMULATED,NORMAL
2026-06-17T16:50:37.879692+00:00,DION_001,375682,0.20836478861839727,SIMULATED,NORMAL
2026-06-17T16:50:37.890327+00:00,DION_001,375683,0.16238371265113172,SIMULATED,NORMAL
2026-06-17T16:50:37.900924+00:00,DION_001,375684,0.0491641180294282,SIMULATED,NORMAL
2026-06-17T16:50:37.911446+00:00,DION_001,375685,0.4180315971711047,SIMULATED,NORMAL
2026-06-17T16:50:37.922121+00:00,DION_001,375686,0.06711639989125831,SIMULATED,NORMAL
2026-06-17T16:50:37.932847+00:00,DION_001,375687,-0.10946593077012692,SIMULATED,NORMAL
2026-06-17T16:50:37.943627+00:00,DION_001,375688,-0.20854111139584658,SIMULATED,NORMAL
2026-06-17T16:50:37.954459+00:00,DION_001,375689,0.4863939970683144,SIMULATED,NORMAL
2026-06-17T16:50:37.965138+00:00,DION_001,375690,-0.288945319974155,SIMULATED,NORMAL
2026-06-17T16:50:37.975909+00:00,DION_001,375691,0.11126641768756007,SIMULATED,NORMAL
2026-06-17T16:50:37.986550+00:00,DION_001,375692,-0.03798495358388412,SIMULATED,NORMAL
2026-06-17T16:50:37.997103+00:00,DION_001,375693,-0.08174937716254727,SIMULATED,NORMAL
2026-06-17T16:50:38.007740+00:00,DION_001,375694,-0.10609668843006462,SIMULATED,NORMAL
2026-06-17T16:50:38.018374+00:00,DION_001,375695,-0.3763113616556317,SIMULATED,NORMAL
2026-06-17T16:50:38.028944+00:00,DION_001,375696,-3.3202804912204096,SIMULATED,EVENT_DETECTED
2026-06-17T16:50:38.039803+00:00,DION_001,375697,-0.23993666040422446,SIMULATED,NORMAL
2026-06-17T16:50:38.050434+00:00,DION_001,375698,-0.4553342771636902,SIMULATED,NORMAL
2026-06-17T16:50:38.060959+00:00,DION_001,375699,-0.8456245714733597,SIMULATED,NORMAL
2026-06-17T16:50:38.071590+00:00,DION_001,375700,-0.35009504896528576,SIMULATED,NORMAL
2026-06-17T16:50:38.082277+00:00,DION_001,375701,-0.39959412476984163,SIMULATED,NORMAL
2026-06-17T16:50:38.093088+00:00,DION_001,375702,-0.7941640963439653,SIMULATED,NORMAL
2026-06-17T16:50:38.103824+00:00,DION_001,375703,-0.729148207740669,SIMULATED,NORMAL
2026-06-17T16:50:38.114447+00:00,DION_001,375704,-0.47893001542778235,SIMULATED,NORMAL
2026-06-17T16:50:38.125095+00:00,DION_001,375705,-0.4341724475771511,SIMULATED,NORMAL
2026-06-17T16:50:38.135745+00:00,DION_001,375706,-0.5071216520952008,SIMULATED,NORMAL
2026-06-17T16:50:38.146357+00:00,DION_001,375707,-0.5898556415787933,SIMULATED,NORMAL
2026-06-17T16:50:38.156997+00:00,DION_001,375708,-0.5684458901606215,SIMULATED,NORMAL
2026-06-17T16:50:38.167629+00:00,DION_001,375709,-0.33732654318875305,SIMULATED,NORMAL
2026-06-17T16:50:38.178238+00:00,DION_001,375710,-0.602849927981122,SIMULATED,NORMAL
2026-06-17T16:50:38.188847+00:00,DION_001,375711,-0.6879325902455606,SIMULATED,NORMAL
2026-06-17T16:50:38.199582+00:00,DION_001,375712,-0.8962340815038262,SIMULATED,NORMAL
2026-06-17T16:50:38.210252+00:00,DION_001,375713,-0.6593868787973769,SIMULATED,NORMAL
2026-06-17T16:50:38.220978+00:00,DION_001,375714,-0.5604183222443496,SIMULATED,NORMAL
2026-06-17T16:50:38.231586+00:00,DION_001,375715,-0.5129266313261717,SIMULATED,NORMAL
2026-06-17T16:50:38.242285+00:00,DION_001,375716,-0.5406097366103632,SIMULATED,NORMAL
2026-06-17T16:50:38.253188+00:00,DION_001,375717,-0.6030861717703846,SIMULATED,NORMAL
2026-06-17T16:50:38.263604+00:00,DION_001,375718,-0.6893007516833883,SIMULATED,NORMAL
2026-06-17T16:50:38.274201+00:00,DION_001,375719,-0.6296032446109671,SIMULATED,NORMAL
2026-06-17T16:50:38.284766+00:00,DION_001,375720,-0.37762565204113213,SIMULATED,NORMAL
2026-06-17T16:50:38.295438+00:00,DION_001,375721,-0.5898649949158006,SIMULATED,NORMAL
2026-06-17T16:50:38.306186+00:00,DION_001,375722,-0.3524149627120133,SIMULATED,NORMAL
2026-06-17T16:50:38.316826+00:00,DION_001,375723,-0.4583061328725337,SIMULATED,NORMAL
2026-06-17T16:50:38.327400+00:00,DION_001,375724,-0.5038901192403039,SIMULATED,NORMAL
2026-06-17T16:50:38.338131+00:00,DION_001,375725,-0.6043876278348886,SIMULATED,NORMAL
2026-06-17T16:50:38.348734+00:00,DION_001,375726,-0.18383021059741364,SIMULATED,NORMAL
2026-06-17T16:50:38.359371+00:00,DION_001,375727,-0.34487176308550727,SIMULATED,NORMAL
2026-06-17T16:50:38.370085+00:00,DION_001,375728,-0.45525273253945475,SIMULATED,NORMAL
2026-06-17T16:50:38.380724+00:00,DION_001,375729,-0.42121327145694754,SIMULATED,NORMAL
2026-06-17T16:50:38.391518+00:00,DION_001,375730,-0.34781982884750484,SIMULATED,NORMAL
2026-06-17T16:50:38.402147+00:00,DION_001,375731,-0.40752659198708124,SIMULATED,NORMAL
2026-06-17T16:50:38.412944+00:00,DION_001,375732,-0.3206242511194708,SIMULATED,NORMAL
2026-06-17T16:50:38.423492+00:00,DION_001,375733,-0.22556425452782097,SIMULATED,NORMAL
2026-06-17T16:50:38.434252+00:00,DION_001,375734,-0.2548811970895658,SIMULATED,NORMAL
2026-06-17T16:50:38.444772+00:00,DION_001,375735,-0.1303510460377395,SIMULATED,NORMAL
2026-06-17T16:50:38.455456+00:00,DION_001,375736,-0.27042492326993517,SIMULATED,NORMAL
2026-06-17T16:50:38.465955+00:00,DION_001,375737,-0.34409133659587016,SIMULATED,NORMAL
2026-06-17T16:50:38.476676+00:00,DION_001,375738,-0.3296325639893765,SIMULATED,NORMAL
2026-06-17T16:50:38.487271+00:00,DION_001,375739,-0.1517752584154769,SIMULATED,NORMAL
2026-06-17T16:50:38.497734+00:00,DION_001,375740,-0.11925064558427259,SIMULATED,NORMAL
2026-06-17T16:50:38.508189+00:00,DION_001,375741,-0.1626867455166089,SIMULATED,NORMAL
2026-06-17T16:50:38.518647+00:00,DION_001,375742,-0.43222151250480556,SIMULATED,NORMAL
2026-06-17T16:50:38.529080+00:00,DION_001,375743,-0.0014282376520761975,SIMULATED,NORMAL
2026-06-17T16:50:38.539503+00:00,DION_001,375744,-0.022286033544573758,SIMULATED,NORMAL
2026-06-17T16:50:38.549839+00:00,DION_001,375745,-0.0800035156472104,SIMULATED,NORMAL
2026-06-17T16:50:38.560513+00:00,DION_001,375746,-0.28572197449562864,SIMULATED,NORMAL
2026-06-17T16:50:38.571186+00:00,DION_001,375747,0.009435768707296288,SIMULATED,NORMAL
2026-06-17T16:50:38.581803+00:00,DION_001,375748,-0.2841174933690811,SIMULATED,NORMAL
2026-06-17T16:50:38.592240+00:00,DION_001,375749,-0.07165300073665362,SIMULATED,NORMAL
2026-06-17T16:50:38.602698+00:00,DION_001,375750,-0.3574499755713974,SIMULATED,NORMAL
2026-06-17T16:50:38.613307+00:00,DION_001,375751,-0.4330573999709903,SIMULATED,NORMAL
2026-06-17T16:50:38.623847+00:00,DION_001,375752,-0.2105573744005029,SIMULATED,NORMAL
2026-06-17T16:50:38.634451+00:00,DION_001,375753,-0.5733850514115515,SIMULATED,NORMAL
2026-06-17T16:50:38.644954+00:00,DION_001,375754,-0.48269506709463283,SIMULATED,NORMAL
2026-06-17T16:50:38.655549+00:00,DION_001,375755,-0.1774182849172199,SIMULATED,NORMAL
2026-06-17T16:50:38.666156+00:00,DION_001,375756,-0.5086246251717763,SIMULATED,NORMAL
2026-06-17T16:50:38.676844+00:00,DION_001,375757,-0.6113837507916416,SIMULATED,NORMAL
2026-06-17T16:50:38.687583+00:00,DION_001,375758,-0.34568938872015054,SIMULATED,NORMAL
2026-06-17T16:50:38.698151+00:00,DION_001,375759,-0.2559964152330615,SIMULATED,NORMAL
2026-06-17T16:50:38.708784+00:00,DION_001,375760,-0.7967812626027537,SIMULATED,NORMAL
2026-06-17T16:50:38.719390+00:00,DION_001,375761,-0.38466374161352634,SIMULATED,NORMAL
2026-06-17T16:50:38.730028+00:00,DION_001,375762,-0.6613879141997807,SIMULATED,NORMAL
2026-06-17T16:50:38.740659+00:00,DION_001,375763,-0.7582020805516724,SIMULATED,NORMAL
2026-06-17T16:50:38.751442+00:00,DION_001,375764,-0.9011561651634934,SIMULATED,NORMAL
2026-06-17T16:50:38.761898+00:00,DION_001,375765,-0.9437281251197615,SIMULATED,NORMAL
2026-06-17T16:50:38.772695+00:00,DION_001,375766,-1.1232297354908494,SIMULATED,NORMAL
2026-06-17T16:50:38.783522+00:00,DION_001,375767,-0.4168819922915577,SIMULATED,NORMAL
2026-06-17T16:50:38.794082+00:00,DION_001,375768,-0.9015004329417772,SIMULATED,NORMAL
2026-06-17T16:50:38.804795+00:00,DION_001,375769,-0.7033348948725244,SIMULATED,NORMAL
2026-06-17T16:50:38.815435+00:00,DION_001,375770,-1.303267533937931,SIMULATED,NORMAL
2026-06-17T16:50:38.826048+00:00,DION_001,375771,-0.9709782903125007,SIMULATED,NORMAL
2026-06-17T16:50:38.836643+00:00,DION_001,375772,-0.8121521231102715,SIMULATED,NORMAL
2026-06-17T16:50:38.847324+00:00,DION_001,375773,-1.0154697905560854,SIMULATED,NORMAL
2026-06-17T16:50:38.858005+00:00,DION_001,375774,-1.0897717344280875,SIMULATED,NORMAL
2026-06-17T16:50:38.868703+00:00,DION_001,375775,-1.0558054312581573,SIMULATED,NORMAL
2026-06-17T16:50:38.879334+00:00,DION_001,375776,-1.1286857826802252,SIMULATED,NORMAL
2026-06-17T16:50:38.889998+00:00,DION_001,375777,-1.5554187336093592,SIMULATED,NORMAL
2026-06-17T16:50:38.900630+00:00,DION_001,375778,-1.2969301226225842,SIMULATED,NORMAL
2026-06-17T16:50:38.911156+00:00,DION_001,375779,-1.0771587775598996,SIMULATED,NORMAL
2026-06-17T16:50:38.921830+00:00,DION_001,375780,-1.188915062374304,SIMULATED,NORMAL
2026-06-17T16:50:38.932445+00:00,DION_001,375781,-1.3172033133105752,SIMULATED,NORMAL
2026-06-17T16:50:38.943451+00:00,DION_001,375782,-1.2564651374800373,SIMULATED,NORMAL
2026-06-17T16:50:38.954193+00:00,DION_001,375783,-0.8161455806966685,SIMULATED,NORMAL
2026-06-17T16:50:38.964811+00:00,DION_001,375784,-1.1801114525372873,SIMULATED,NORMAL
2026-06-17T16:50:38.975526+00:00,DION_001,375785,-1.3914003181947556,SIMULATED,NORMAL
2026-06-17T16:50:38.986178+00:00,DION_001,375786,-1.2819003555932682,SIMULATED,NORMAL
2026-06-17T16:50:38.996907+00:00,DION_001,375787,-1.2830702305174386,SIMULATED,NORMAL
2026-06-17T16:50:39.008359+00:00,DION_001,375788,-1.2029594303959465,SIMULATED,NORMAL
2026-06-17T16:50:39.019360+00:00,DION_001,375789,-1.20875022429294,SIMULATED,NORMAL
2026-06-17T16:50:39.030024+00:00,DION_001,375790,-1.18700650589874,SIMULATED,NORMAL
2026-06-17T16:50:39.040661+00:00,DION_001,375791,-1.051751757775105,SIMULATED,NORMAL
2026-06-17T16:50:39.051320+00:00,DION_001,375792,-1.3150054721392255,SIMULATED,NORMAL
2026-06-17T16:50:39.061952+00:00,DION_001,375793,-1.2077501425820174,SIMULATED,NORMAL
2026-06-17T16:50:39.072695+00:00,DION_001,375794,-1.0725258330464051,SIMULATED,NORMAL
2026-06-17T16:50:39.083409+00:00,DION_001,375795,-1.129817272205973,SIMULATED,NORMAL
2026-06-17T16:50:39.093969+00:00,DION_001,375796,-1.059108949829433,SIMULATED,NORMAL
2026-06-17T16:50:39.104644+00:00,DION_001,375797,-1.1442616490503676,SIMULATED,NORMAL
2026-06-17T16:50:39.115284+00:00,DION_001,375798,-0.7514612682755201,SIMULATED,NORMAL
2026-06-17T16:50:39.125960+00:00,DION_001,375799,-0.8945800352846155,SIMULATED,NORMAL
2026-06-17T16:50:39.136732+00:00,DION_001,375800,-0.9059031501973391,SIMULATED,NORMAL
2026-06-17T16:50:39.147512+00:00,DION_001,375801,-1.0938705055914935,SIMULATED,NORMAL
2026-06-17T16:50:39.158147+00:00,DION_001,375802,-0.9290349140991563,SIMULATED,NORMAL
2026-06-17T16:50:39.168692+00:00,DION_001,375803,-0.7043937624611312,SIMULATED,NORMAL
2026-06-17T16:50:39.179373+00:00,DION_001,375804,-0.35701169486681944,SIMULATED,NORMAL
2026-06-17T16:50:39.189897+00:00,DION_001,375805,-0.5272390408215161,SIMULATED,NORMAL
2026-06-17T16:50:39.200659+00:00,DION_001,375806,-0.6276982473953601,SIMULATED,NORMAL
2026-06-17T16:50:39.211220+00:00,DION_001,375807,-0.5676844766811198,SIMULATED,NORMAL
2026-06-17T16:50:39.221866+00:00,DION_001,375808,-0.668959914106637,SIMULATED,NORMAL
2026-06-17T16:50:39.232343+00:00,DION_001,375809,-0.6868848150136964,SIMULATED,NORMAL
2026-06-17T16:50:39.243217+00:00,DION_001,375810,-0.5976281728720325,SIMULATED,NORMAL
2026-06-17T16:50:39.253901+00:00,DION_001,375811,-0.5325443119151151,SIMULATED,NORMAL
2026-06-17T16:50:39.264449+00:00,DION_001,375812,-0.49168091302567757,SIMULATED,NORMAL
2026-06-17T16:50:39.275214+00:00,DION_001,375813,-0.3925231444024455,SIMULATED,NORMAL
2026-06-17T16:50:39.285913+00:00,DION_001,375814,-0.4744789785447455,SIMULATED,NORMAL
2026-06-17T16:50:39.296415+00:00,DION_001,375815,-0.351167586558122,SIMULATED,NORMAL
2026-06-17T16:50:39.307200+00:00,DION_001,375816,-0.12539735167192748,SIMULATED,NORMAL
2026-06-17T16:50:39.317792+00:00,DION_001,375817,-0.3314987250710511,SIMULATED,NORMAL
2026-06-17T16:50:39.328385+00:00,DION_001,375818,-0.3231300783821427,SIMULATED,NORMAL
2026-06-17T16:50:39.339096+00:00,DION_001,375819,-0.40483003768301756,SIMULATED,NORMAL
2026-06-17T16:50:39.349683+00:00,DION_001,375820,-0.37991458324278643,SIMULATED,NORMAL
2026-06-17T16:50:39.360348+00:00,DION_001,375821,-0.19244872516755906,SIMULATED,NORMAL
2026-06-17T16:50:39.371229+00:00,DION_001,375822,-0.3324535626000116,SIMULATED,NORMAL
2026-06-17T16:50:39.381734+00:00,DION_001,375823,-0.04639849240726082,SIMULATED,NORMAL
2026-06-17T16:50:39.392373+00:00,DION_001,375824,-0.3863851452672243,SIMULATED,NORMAL
2026-06-17T16:50:39.403217+00:00,DION_001,375825,-0.11716301996899117,SIMULATED,NORMAL
2026-06-17T16:50:39.413706+00:00,DION_001,375826,-0.4729254984116672,SIMULATED,NORMAL
2026-06-17T16:50:39.424288+00:00,DION_001,375827,-0.6255127139372653,SIMULATED,NORMAL
2026-06-17T16:50:39.434864+00:00,DION_001,375828,-0.26043859822221815,SIMULATED,NORMAL
2026-06-17T16:50:39.445351+00:00,DION_001,375829,-0.14221987444794654,SIMULATED,NORMAL
2026-06-17T16:50:39.456001+00:00,DION_001,375830,-0.3922631798856592,SIMULATED,NORMAL
2026-06-17T16:50:39.466517+00:00,DION_001,375831,-0.3514894694992656,SIMULATED,NORMAL
2026-06-17T16:50:39.477032+00:00,DION_001,375832,-0.5594664865057444,SIMULATED,NORMAL
2026-06-17T16:50:39.487811+00:00,DION_001,375833,-0.11062052345517615,SIMULATED,NORMAL
2026-06-17T16:50:39.498466+00:00,DION_001,375834,-0.28846900736632664,SIMULATED,NORMAL
2026-06-17T16:50:39.509164+00:00,DION_001,375835,-0.3380477037624412,SIMULATED,NORMAL
2026-06-17T16:50:39.519716+00:00,DION_001,375836,-0.25739793193332944,SIMULATED,NORMAL
2026-06-17T16:50:39.530404+00:00,DION_001,375837,-0.32688233480958256,SIMULATED,NORMAL
2026-06-17T16:50:39.541027+00:00,DION_001,375838,-0.3216274387353972,SIMULATED,NORMAL
2026-06-17T16:50:39.551449+00:00,DION_001,375839,-0.5549355351734544,SIMULATED,NORMAL
2026-06-17T16:50:39.561890+00:00,DION_001,375840,-0.42914547583335005,SIMULATED,NORMAL
2026-06-17T16:50:39.572520+00:00,DION_001,375841,-0.24822510088582087,SIMULATED,NORMAL
2026-06-17T16:50:39.583154+00:00,DION_001,375842,-0.6733483569672235,SIMULATED,NORMAL
2026-06-17T16:50:39.593666+00:00,DION_001,375843,-0.40734532940067825,SIMULATED,NORMAL
2026-06-17T16:50:39.604201+00:00,DION_001,375844,-0.5285826553393741,SIMULATED,NORMAL
2026-06-17T16:50:39.614692+00:00,DION_001,375845,-0.5282878499606951,SIMULATED,NORMAL
2026-06-17T16:50:39.625117+00:00,DION_001,375846,-0.6591813592692725,SIMULATED,NORMAL
2026-06-17T16:50:39.635560+00:00,DION_001,375847,-0.4048732223626108,SIMULATED,NORMAL
2026-06-17T16:50:39.646087+00:00,DION_001,375848,-0.588923641277983,SIMULATED,NORMAL
2026-06-17T16:50:39.656388+00:00,DION_001,375849,-0.5941756770656558,SIMULATED,NORMAL
2026-06-17T16:50:39.666690+00:00,DION_001,375850,-0.8343083130812959,SIMULATED,NORMAL
2026-06-17T16:50:39.677061+00:00,DION_001,375851,-0.834623417937272,SIMULATED,NORMAL
2026-06-17T16:50:39.687587+00:00,DION_001,375852,-0.48557848205315923,SIMULATED,NORMAL
2026-06-17T16:50:39.698068+00:00,DION_001,375853,-0.4256936919302797,SIMULATED,NORMAL
2026-06-17T16:50:39.708739+00:00,DION_001,375854,-0.495337299048168,SIMULATED,NORMAL
2026-06-17T16:50:39.719308+00:00,DION_001,375855,-0.6383605178779208,SIMULATED,NORMAL
2026-06-17T16:50:39.729906+00:00,DION_001,375856,-0.5779011044368413,SIMULATED,NORMAL
2026-06-17T16:50:39.740722+00:00,DION_001,375857,-0.68016219702891,SIMULATED,NORMAL
2026-06-17T16:50:39.751317+00:00,DION_001,375858,-0.9858214617760839,SIMULATED,NORMAL
2026-06-17T16:50:39.761834+00:00,DION_001,375859,-0.6138909398773296,SIMULATED,NORMAL
2026-06-17T16:50:39.772348+00:00,DION_001,375860,-0.8184938965705751,SIMULATED,NORMAL
2026-06-17T16:50:39.782812+00:00,DION_001,375861,-0.9623366142735048,SIMULATED,NORMAL
2026-06-17T16:50:39.793517+00:00,DION_001,375862,-0.7645742601583183,SIMULATED,NORMAL
2026-06-17T16:50:39.804177+00:00,DION_001,375863,-0.4803346673934503,SIMULATED,NORMAL
2026-06-17T16:50:39.814730+00:00,DION_001,375864,-0.6705052626691387,SIMULATED,NORMAL
2026-06-17T16:50:39.825250+00:00,DION_001,375865,1.390277871163954,SIMULATED,NORMAL
2026-06-17T16:50:39.836085+00:00,DION_001,375866,-0.5622671419641575,SIMULATED,NORMAL
2026-06-17T16:50:39.846648+00:00,DION_001,375867,-0.42385201133325295,SIMULATED,NORMAL
2026-06-17T16:50:39.857235+00:00,DION_001,375868,-0.5572847334942632,SIMULATED,NORMAL
2026-06-17T16:50:39.867952+00:00,DION_001,375869,1.3202827514666362,SIMULATED,NORMAL
2026-06-17T16:50:39.878728+00:00,DION_001,375870,-0.2873384814318849,SIMULATED,NORMAL
2026-06-17T16:50:39.889350+00:00,DION_001,375871,-0.4229109245573033,SIMULATED,NORMAL
2026-06-17T16:50:39.899944+00:00,DION_001,375872,-0.5140155735356444,SIMULATED,NORMAL
2026-06-17T16:50:39.910489+00:00,DION_001,375873,-2.7663683656206075,SIMULATED,EVENT_DETECTED
2026-06-17T16:50:39.921651+00:00,DION_001,375874,-0.3887169750146765,SIMULATED,NORMAL
2026-06-17T16:50:39.932280+00:00,DION_001,375875,-0.289899905635121,SIMULATED,NORMAL
2026-06-17T16:50:39.943015+00:00,DION_001,375876,-0.26002568738539045,SIMULATED,NORMAL
2026-06-17T16:50:39.953738+00:00,DION_001,375877,-0.39931621116263905,SIMULATED,NORMAL
2026-06-17T16:50:39.964211+00:00,DION_001,375878,-0.17726549972845587,SIMULATED,NORMAL
2026-06-17T16:50:39.975067+00:00,DION_001,375879,-0.09412459881594104,SIMULATED,NORMAL
2026-06-17T16:50:39.985777+00:00,DION_001,375880,-0.18344989158035913,SIMULATED,NORMAL
2026-06-17T16:50:39.996784+00:00,DION_001,375881,-0.23947734761372205,SIMULATED,NORMAL
2026-06-17T16:50:40.007536+00:00,DION_001,375882,-0.1651117519871977,SIMULATED,NORMAL
2026-06-17T16:50:40.018181+00:00,DION_001,375883,-0.13023094173209265,SIMULATED,NORMAL
2026-06-17T16:50:40.028754+00:00,DION_001,375884,0.001286285386130237,SIMULATED,NORMAL
2026-06-17T16:50:40.039364+00:00,DION_001,375885,0.3179491143109795,SIMULATED,NORMAL
2026-06-17T16:50:40.050024+00:00,DION_001,375886,0.05336984045155846,SIMULATED,NORMAL
2026-06-17T16:50:40.060761+00:00,DION_001,375887,0.20561355573995913,SIMULATED,NORMAL
2026-06-17T16:50:40.071484+00:00,DION_001,375888,0.4820474183576922,SIMULATED,NORMAL
2026-06-17T16:50:40.082282+00:00,DION_001,375889,0.3201767575257321,SIMULATED,NORMAL
2026-06-17T16:50:40.093021+00:00,DION_001,375890,0.01604078146096738,SIMULATED,NORMAL
2026-06-17T16:50:40.103709+00:00,DION_001,375891,0.4991615966201961,SIMULATED,NORMAL
2026-06-17T16:50:40.114347+00:00,DION_001,375892,0.6483449612248888,SIMULATED,NORMAL
2026-06-17T16:50:40.124977+00:00,DION_001,375893,0.3663826474312173,SIMULATED,NORMAL
2026-06-17T16:50:40.135591+00:00,DION_001,375894,0.5592888972863254,SIMULATED,NORMAL
2026-06-17T16:50:40.146318+00:00,DION_001,375895,0.1321312536933799,SIMULATED,NORMAL
2026-06-17T16:50:40.156954+00:00,DION_001,375896,0.6594688516332158,SIMULATED,NORMAL
2026-06-17T16:50:40.167733+00:00,DION_001,375897,0.2691340749261115,SIMULATED,NORMAL
2026-06-17T16:50:40.178447+00:00,DION_001,375898,0.6974653215265899,SIMULATED,NORMAL
2026-06-17T16:50:40.189065+00:00,DION_001,375899,0.4869050334889047,SIMULATED,NORMAL
2026-06-17T16:50:40.199961+00:00,DION_001,375900,0.9415884415348936,SIMULATED,NORMAL
2026-06-17T16:50:40.210693+00:00,DION_001,375901,0.31235869261518345,SIMULATED,NORMAL
2026-06-17T16:50:40.221223+00:00,DION_001,375902,0.6804062810498124,SIMULATED,NORMAL
2026-06-17T16:50:40.231748+00:00,DION_001,375903,0.3669424307701318,SIMULATED,NORMAL
2026-06-17T16:50:40.242323+00:00,DION_001,375904,0.6001205437813559,SIMULATED,NORMAL
2026-06-17T16:50:40.252976+00:00,DION_001,375905,3.1406576451537145,SIMULATED,EVENT_DETECTED
2026-06-17T16:50:40.263653+00:00,DION_001,375906,0.921945257233844,SIMULATED,NORMAL
2026-06-17T16:50:40.274228+00:00,DION_001,375907,0.541987259754636,SIMULATED,NORMAL
2026-06-17T16:50:40.284967+00:00,DION_001,375908,0.7356069434015837,SIMULATED,NORMAL
2026-06-17T16:50:40.295560+00:00,DION_001,375909,0.3865361113216273,SIMULATED,NORMAL
2026-06-17T16:50:40.306154+00:00,DION_001,375910,0.6887053364285824,SIMULATED,NORMAL
2026-06-17T16:50:40.316763+00:00,DION_001,375911,0.5982881113498829,SIMULATED,NORMAL
2026-06-17T16:50:40.327332+00:00,DION_001,375912,0.5098473060935966,SIMULATED,NORMAL
2026-06-17T16:50:40.337981+00:00,DION_001,375913,0.5784855641391344,SIMULATED,NORMAL
2026-06-17T16:50:40.348722+00:00,DION_001,375914,0.5437339982144466,SIMULATED,NORMAL
2026-06-17T16:50:40.359383+00:00,DION_001,375915,0.5383470731196609,SIMULATED,NORMAL
2026-06-17T16:50:40.370041+00:00,DION_001,375916,0.5586040201997152,SIMULATED,NORMAL
2026-06-17T16:50:40.380450+00:00,DION_001,375917,0.6725022472532269,SIMULATED,NORMAL
2026-06-17T16:50:40.391307+00:00,DION_001,375918,-1.3917451060571158,SIMULATED,NORMAL
2026-06-17T16:50:40.402239+00:00,DION_001,375919,0.6945499989046051,SIMULATED,NORMAL
2026-06-17T16:50:40.412851+00:00,DION_001,375920,0.4669888390530349,SIMULATED,NORMAL
2026-06-17T16:50:40.423446+00:00,DION_001,375921,0.567602922323825,SIMULATED,NORMAL
2026-06-17T16:50:40.434386+00:00,DION_001,375922,0.30584859572968703,SIMULATED,NORMAL
2026-06-17T16:50:40.445120+00:00,DION_001,375923,0.2599692544929495,SIMULATED,NORMAL
2026-06-17T16:50:40.455782+00:00,DION_001,375924,0.37717168753398994,SIMULATED,NORMAL
2026-06-17T16:50:40.466257+00:00,DION_001,375925,0.37769862475595395,SIMULATED,NORMAL
2026-06-17T16:50:40.476981+00:00,DION_001,375926,0.4744093399943051,SIMULATED,NORMAL
2026-06-17T16:50:40.487659+00:00,DION_001,375927,0.36068387131180846,SIMULATED,NORMAL
2026-06-17T16:50:40.498279+00:00,DION_001,375928,0.42671693389843834,SIMULATED,NORMAL
2026-06-17T16:50:40.509002+00:00,DION_001,375929,0.2010266760435911,SIMULATED,NORMAL
2026-06-17T16:50:40.519635+00:00,DION_001,375930,0.2962867342564129,SIMULATED,NORMAL
2026-06-17T16:50:40.530257+00:00,DION_001,375931,0.15291272131582462,SIMULATED,NORMAL
2026-06-17T16:50:40.540867+00:00,DION_001,375932,0.4820737935115621,SIMULATED,NORMAL
2026-06-17T16:50:40.551547+00:00,DION_001,375933,0.33824911548896197,SIMULATED,NORMAL
2026-06-17T16:50:40.562136+00:00,DION_001,375934,0.14713242779152963,SIMULATED,NORMAL
2026-06-17T16:50:40.572756+00:00,DION_001,375935,-0.0021369727705416453,SIMULATED,NORMAL
2026-06-17T16:50:40.583322+00:00,DION_001,375936,0.4329047842563137,SIMULATED,NORMAL
2026-06-17T16:50:40.594013+00:00,DION_001,375937,0.4105969463595408,SIMULATED,NORMAL
2026-06-17T16:50:40.604732+00:00,DION_001,375938,0.1023223474553733,SIMULATED,NORMAL
2026-06-17T16:50:40.615355+00:00,DION_001,375939,0.2685988314651065,SIMULATED,NORMAL
2026-06-17T16:50:40.626003+00:00,DION_001,375940,0.3024209435304374,SIMULATED,NORMAL
2026-06-17T16:50:40.637005+00:00,DION_001,375941,0.1549650242309864,SIMULATED,NORMAL
2026-06-17T16:50:40.647746+00:00,DION_001,375942,0.4201318069069526,SIMULATED,NORMAL
2026-06-17T16:50:40.658400+00:00,DION_001,375943,-1.5522687737105398,SIMULATED,NORMAL
2026-06-17T16:50:40.669183+00:00,DION_001,375944,0.30554576843400766,SIMULATED,NORMAL
2026-06-17T16:50:40.679747+00:00,DION_001,375945,0.19530503222505932,SIMULATED,NORMAL
2026-06-17T16:50:40.690297+00:00,DION_001,375946,0.3565584117331654,SIMULATED,NORMAL
2026-06-17T16:50:40.700731+00:00,DION_001,375947,0.232174306970021,SIMULATED,NORMAL
2026-06-17T16:50:40.711277+00:00,DION_001,375948,0.39393724489166254,SIMULATED,NORMAL
2026-06-17T16:50:40.721795+00:00,DION_001,375949,0.6521805475386138,SIMULATED,NORMAL
2026-06-17T16:50:40.732391+00:00,DION_001,375950,0.26611245945316464,SIMULATED,NORMAL
2026-06-17T16:50:40.742989+00:00,DION_001,375951,0.3912423660659122,SIMULATED,NORMAL
2026-06-17T16:50:40.753445+00:00,DION_001,375952,0.4491097725840272,SIMULATED,NORMAL
2026-06-17T16:50:40.763764+00:00,DION_001,375953,0.711542074051229,SIMULATED,NORMAL
2026-06-17T16:50:40.774342+00:00,DION_001,375954,0.7863125581182225,SIMULATED,NORMAL
2026-06-17T16:50:40.784852+00:00,DION_001,375955,0.7010505427822915,SIMULATED,NORMAL
2026-06-17T16:50:40.795304+00:00,DION_001,375956,0.8307616385586092,SIMULATED,NORMAL
2026-06-17T16:50:40.805875+00:00,DION_001,375957,0.5126375354784227,SIMULATED,NORMAL
2026-06-17T16:50:40.816480+00:00,DION_001,375958,0.7845624042585424,SIMULATED,NORMAL
2026-06-17T16:50:40.827119+00:00,DION_001,375959,0.6441054274271828,SIMULATED,NORMAL
2026-06-17T16:50:40.837787+00:00,DION_001,375960,0.7981990410613927,SIMULATED,NORMAL
2026-06-17T16:50:40.848407+00:00,DION_001,375961,0.7376834907597218,SIMULATED,NORMAL
2026-06-17T16:50:40.859155+00:00,DION_001,375962,0.8630329160976073,SIMULATED,NORMAL
2026-06-17T16:50:40.869860+00:00,DION_001,375963,0.8455659477367025,SIMULATED,NORMAL
2026-06-17T16:50:40.880450+00:00,DION_001,375964,1.2167387914308812,SIMULATED,NORMAL
2026-06-17T16:50:40.891251+00:00,DION_001,375965,1.0907753831194777,SIMULATED,NORMAL
2026-06-17T16:50:40.901867+00:00,DION_001,375966,0.8244962829123453,SIMULATED,NORMAL
2026-06-17T16:50:40.912464+00:00,DION_001,375967,1.1879816128215268,SIMULATED,NORMAL
2026-06-17T16:50:40.923114+00:00,DION_001,375968,0.9880617027788925,SIMULATED,NORMAL
2026-06-17T16:50:40.933826+00:00,DION_001,375969,1.048402693986943,SIMULATED,NORMAL
2026-06-17T16:50:40.944667+00:00,DION_001,375970,1.187447706414971,SIMULATED,NORMAL
2026-06-17T16:50:40.955330+00:00,DION_001,375971,1.2360617301392258,SIMULATED,NORMAL
2026-06-17T16:50:40.965854+00:00,DION_001,375972,1.2351364299197956,SIMULATED,NORMAL
2026-06-17T16:50:40.976690+00:00,DION_001,375973,1.1624705871198124,SIMULATED,NORMAL
2026-06-17T16:50:40.987338+00:00,DION_001,375974,3.2894759332515378,SIMULATED,EVENT_DETECTED
2026-06-17T16:50:40.998099+00:00,DION_001,375975,1.449328960107173,SIMULATED,NORMAL
2026-06-17T16:50:41.008712+00:00,DION_001,375976,1.1435823728277228,SIMULATED,NORMAL
2026-06-17T16:50:41.019305+00:00,DION_001,375977,1.3005797366546588,SIMULATED,NORMAL
2026-06-17T16:50:41.029933+00:00,DION_001,375978,1.305192132026029,SIMULATED,NORMAL
2026-06-17T16:50:41.040514+00:00,DION_001,375979,1.1804808307398715,SIMULATED,NORMAL
2026-06-17T16:50:41.051192+00:00,DION_001,375980,1.0314258862912722,SIMULATED,NORMAL
2026-06-17T16:50:41.061818+00:00,DION_001,375981,1.1705123287406354,SIMULATED,NORMAL
2026-06-17T16:50:41.072431+00:00,DION_001,375982,1.324474019629022,SIMULATED,NORMAL
2026-06-17T16:50:41.083233+00:00,DION_001,375983,1.3947654151298385,SIMULATED,NORMAL
2026-06-17T16:50:41.093779+00:00,DION_001,375984,-1.8693553258053812,SIMULATED,NORMAL
2026-06-17T16:50:41.104733+00:00,DION_001,375985,1.0356898256148486,SIMULATED,NORMAL
2026-06-17T16:50:41.115340+00:00,DION_001,375986,1.2727335475979553,SIMULATED,NORMAL
2026-06-17T16:50:41.126008+00:00,DION_001,375987,0.9963681573797524,SIMULATED,NORMAL
2026-06-17T16:50:41.136796+00:00,DION_001,375988,1.1244576473417514,SIMULATED,NORMAL
2026-06-17T16:50:41.147402+00:00,DION_001,375989,1.013445666075385,SIMULATED,NORMAL
2026-06-17T16:50:41.158310+00:00,DION_001,375990,0.8428588612614258,SIMULATED,NORMAL
2026-06-17T16:50:41.168883+00:00,DION_001,375991,1.3198228326733488,SIMULATED,NORMAL
2026-06-17T16:50:41.179446+00:00,DION_001,375992,1.0655580445481019,SIMULATED,NORMAL
2026-06-17T16:50:41.190014+00:00,DION_001,375993,0.834071926823919,SIMULATED,NORMAL
2026-06-17T16:50:41.200703+00:00,DION_001,375994,0.9190067234480281,SIMULATED,NORMAL
2026-06-17T16:50:41.211278+00:00,DION_001,375995,0.9792003261998286,SIMULATED,NORMAL
2026-06-17T16:50:41.221860+00:00,DION_001,375996,0.7264347618143185,SIMULATED,NORMAL
2026-06-17T16:50:41.232450+00:00,DION_001,375997,0.9906246961546188,SIMULATED,NORMAL
2026-06-17T16:50:41.243038+00:00,DION_001,375998,0.7292639063111533,SIMULATED,NORMAL
2026-06-17T16:50:41.253533+00:00,DION_001,375999,0.9250886126457145,SIMULATED,NORMAL
2026-06-17T16:50:41.263953+00:00,DION_001,376000,0.7509087379534263,SIMULATED,NORMAL
2026-06-17T16:50:41.274413+00:00,DION_001,376001,0.530702157500197,SIMULATED,NORMAL
2026-06-17T16:50:41.285067+00:00,DION_001,376002,0.755760202584074,SIMULATED,NORMAL
2026-06-17T16:50:41.295541+00:00,DION_001,376003,0.8901059823733256,SIMULATED,NORMAL
2026-06-17T16:50:41.306097+00:00,DION_001,376004,0.7608658103134462,SIMULATED,NORMAL
2026-06-17T16:50:41.316688+00:00,DION_001,376005,0.48980681375524004,SIMULATED,NORMAL
2026-06-17T16:50:41.327153+00:00,DION_001,376006,0.34309264059587946,SIMULATED,NORMAL
2026-06-17T16:50:41.337752+00:00,DION_001,376007,0.3072857370241869,SIMULATED,NORMAL
2026-06-17T16:50:41.348339+00:00,DION_001,376008,0.6240931330302378,SIMULATED,NORMAL
2026-06-17T16:50:41.359055+00:00,DION_001,376009,0.3539925555867734,SIMULATED,NORMAL
2026-06-17T16:50:41.369531+00:00,DION_001,376010,0.21396158254311043,SIMULATED,NORMAL
2026-06-17T16:50:41.380031+00:00,DION_001,376011,0.30756856875790534,SIMULATED,NORMAL
2026-06-17T16:50:41.390709+00:00,DION_001,376012,0.29474321246117785,SIMULATED,NORMAL
2026-06-17T16:50:41.401407+00:00,DION_001,376013,0.31223960753699936,SIMULATED,NORMAL
2026-06-17T16:50:41.411952+00:00,DION_001,376014,0.4620867320391867,SIMULATED,NORMAL
2026-06-17T16:50:41.422734+00:00,DION_001,376015,0.11110981313907989,SIMULATED,NORMAL
2026-06-17T16:50:41.433395+00:00,DION_001,376016,0.11072640131064809,SIMULATED,NORMAL
2026-06-17T16:50:41.444022+00:00,DION_001,376017,0.2815731580276911,SIMULATED,NORMAL
2026-06-17T16:50:41.454753+00:00,DION_001,376018,0.10947271273838831,SIMULATED,NORMAL
2026-06-17T16:50:41.465232+00:00,DION_001,376019,0.33480464358625794,SIMULATED,NORMAL
2026-06-17T16:50:41.475823+00:00,DION_001,376020,0.07558141639945741,SIMULATED,NORMAL
2026-06-17T16:50:41.486345+00:00,DION_001,376021,0.10956700673228927,SIMULATED,NORMAL
2026-06-17T16:50:41.496806+00:00,DION_001,376022,-2.242109907932221,SIMULATED,EVENT_DETECTED
2026-06-17T16:50:41.507602+00:00,DION_001,376023,0.2421467974649124,SIMULATED,NORMAL
2026-06-17T16:50:41.518178+00:00,DION_001,376024,0.02915756966976804,SIMULATED,NORMAL
2026-06-17T16:50:41.528790+00:00,DION_001,376025,0.1919971435048019,SIMULATED,NORMAL
2026-06-17T16:50:41.539415+00:00,DION_001,376026,0.4562626090177568,SIMULATED,NORMAL
2026-06-17T16:50:41.550046+00:00,DION_001,376027,0.024519326855757834,SIMULATED,NORMAL
2026-06-17T16:50:41.560753+00:00,DION_001,376028,0.4826735034201021,SIMULATED,NORMAL
2026-06-17T16:50:41.571372+00:00,DION_001,376029,0.3359867188811025,SIMULATED,NORMAL
2026-06-17T16:50:41.581895+00:00,DION_001,376030,0.35065033682121616,SIMULATED,NORMAL
2026-06-17T16:50:41.592863+00:00,DION_001,376031,0.5287916971935187,SIMULATED,NORMAL
2026-06-17T16:50:41.603660+00:00,DION_001,376032,0.11302939855782737,SIMULATED,NORMAL
2026-06-17T16:50:41.614319+00:00,DION_001,376033,0.23568583510648744,SIMULATED,NORMAL
2026-06-17T16:50:41.624942+00:00,DION_001,376034,0.35855967864800586,SIMULATED,NORMAL
2026-06-17T16:50:41.636508+00:00,DION_001,376035,0.45326848694197885,SIMULATED,NORMAL
2026-06-17T16:50:41.647319+00:00,DION_001,376036,0.21127773918631862,SIMULATED,NORMAL
2026-06-17T16:50:41.657964+00:00,DION_001,376037,0.6000584773563991,SIMULATED,NORMAL
2026-06-17T16:50:41.668721+00:00,DION_001,376038,0.6746024614800201,SIMULATED,NORMAL
2026-06-17T16:50:41.679308+00:00,DION_001,376039,0.5987774083641636,SIMULATED,NORMAL
2026-06-17T16:50:41.689946+00:00,DION_001,376040,0.44969364916832216,SIMULATED,NORMAL
2026-06-17T16:50:41.700720+00:00,DION_001,376041,0.5407543205134622,SIMULATED,NORMAL
2026-06-17T16:50:41.711262+00:00,DION_001,376042,0.3157475108912587,SIMULATED,NORMAL
2026-06-17T16:50:41.721976+00:00,DION_001,376043,0.7295387689566415,SIMULATED,NORMAL
2026-06-17T16:50:41.732718+00:00,DION_001,376044,0.5428747058460371,SIMULATED,NORMAL
2026-06-17T16:50:41.743488+00:00,DION_001,376045,0.26839038080917726,SIMULATED,NORMAL
2026-06-17T16:50:41.754233+00:00,DION_001,376046,0.4099341827745575,SIMULATED,NORMAL
2026-06-17T16:50:41.764895+00:00,DION_001,376047,0.7416829199962156,SIMULATED,NORMAL
2026-06-17T16:50:41.775518+00:00,DION_001,376048,0.5234032269982244,SIMULATED,NORMAL
2026-06-17T16:50:41.786044+00:00,DION_001,376049,0.33485030154727613,SIMULATED,NORMAL
2026-06-17T16:50:41.796690+00:00,DION_001,376050,0.5408784589438898,SIMULATED,NORMAL
2026-06-17T16:50:41.807178+00:00,DION_001,376051,0.6707013941385089,SIMULATED,NORMAL
2026-06-17T16:50:41.817652+00:00,DION_001,376052,0.7884489998862676,SIMULATED,NORMAL
2026-06-17T16:50:41.828128+00:00,DION_001,376053,0.5117073321860375,SIMULATED,NORMAL
2026-06-17T16:50:41.838575+00:00,DION_001,376054,0.7211715448187077,SIMULATED,NORMAL
2026-06-17T16:50:41.848863+00:00,DION_001,376055,0.5569428704513671,SIMULATED,NORMAL
2026-06-17T16:50:41.859173+00:00,DION_001,376056,0.5412554809307574,SIMULATED,NORMAL
2026-06-17T16:50:41.869430+00:00,DION_001,376057,0.39737975797711317,SIMULATED,NORMAL
2026-06-17T16:50:41.879863+00:00,DION_001,376058,0.5899647154908237,SIMULATED,NORMAL
2026-06-17T16:50:41.890318+00:00,DION_001,376059,0.49181773014029573,SIMULATED,NORMAL
2026-06-17T16:50:41.900837+00:00,DION_001,376060,0.4565824380814824,SIMULATED,NORMAL
2026-06-17T16:50:41.911357+00:00,DION_001,376061,0.3944362035130831,SIMULATED,NORMAL
2026-06-17T16:50:41.924185+00:00,DION_001,376062,0.2635396724175999,SIMULATED,NORMAL
2026-06-17T16:50:41.934748+00:00,DION_001,376063,0.28784273188075593,SIMULATED,NORMAL
2026-06-17T16:50:41.945174+00:00,DION_001,376064,0.37293771776969026,SIMULATED,NORMAL
2026-06-17T16:50:41.955718+00:00,DION_001,376065,0.35173740678031573,SIMULATED,NORMAL
2026-06-17T16:50:41.966432+00:00,DION_001,376066,0.24085219120624535,SIMULATED,NORMAL
2026-06-17T16:50:41.977202+00:00,DION_001,376067,0.3813823557346432,SIMULATED,NORMAL
2026-06-17T16:50:41.987768+00:00,DION_001,376068,0.21763463344154474,SIMULATED,NORMAL
2026-06-17T16:50:41.998340+00:00,DION_001,376069,0.2521472257114839,SIMULATED,NORMAL
2026-06-17T16:50:42.008979+00:00,DION_001,376070,0.3008250357913612,SIMULATED,NORMAL
2026-06-17T16:50:42.019606+00:00,DION_001,376071,0.4321473706282392,SIMULATED,NORMAL
2026-06-17T16:50:42.030067+00:00,DION_001,376072,0.30366019336981936,SIMULATED,NORMAL
2026-06-17T16:50:42.040679+00:00,DION_001,376073,0.2548001498049139,SIMULATED,NORMAL
2026-06-17T16:50:42.051429+00:00,DION_001,376074,0.003159081751706823,SIMULATED,NORMAL
2026-06-17T16:50:42.061886+00:00,DION_001,376075,0.03625524776138865,SIMULATED,NORMAL
2026-06-17T16:50:42.072439+00:00,DION_001,376076,-0.3582899535829144,SIMULATED,NORMAL
2026-06-17T16:50:42.083283+00:00,DION_001,376077,-0.172189968310347,SIMULATED,NORMAL
2026-06-17T16:50:42.093850+00:00,DION_001,376078,-0.44987643173364716,SIMULATED,NORMAL
2026-06-17T16:50:42.104476+00:00,DION_001,376079,-0.03212308639465533,SIMULATED,NORMAL
2026-06-17T16:50:42.115203+00:00,DION_001,376080,-0.14413768515872585,SIMULATED,NORMAL
2026-06-17T16:50:42.125800+00:00,DION_001,376081,0.042838375365916004,SIMULATED,NORMAL
2026-06-17T16:50:42.136402+00:00,DION_001,376082,-0.4523476222764846,SIMULATED,NORMAL
2026-06-17T16:50:42.147201+00:00,DION_001,376083,-0.4539234339633213,SIMULATED,NORMAL
2026-06-17T16:50:42.157802+00:00,DION_001,376084,-0.621855290277125,SIMULATED,NORMAL
2026-06-17T16:50:42.168465+00:00,DION_001,376085,-0.3562771268153496,SIMULATED,NORMAL
2026-06-17T16:50:42.179237+00:00,DION_001,376086,-0.5601754071735038,SIMULATED,NORMAL
2026-06-17T16:50:42.189822+00:00,DION_001,376087,-0.749219165399082,SIMULATED,NORMAL
2026-06-17T16:50:42.200433+00:00,DION_001,376088,-0.3777434427328835,SIMULATED,NORMAL
2026-06-17T16:50:42.211038+00:00,DION_001,376089,-0.806761399813026,SIMULATED,NORMAL
2026-06-17T16:50:42.221662+00:00,DION_001,376090,-0.5992129647149463,SIMULATED,NORMAL
2026-06-17T16:50:42.232282+00:00,DION_001,376091,-0.9626808639676311,SIMULATED,NORMAL
2026-06-17T16:50:42.242906+00:00,DION_001,376092,-0.39264284568718877,SIMULATED,NORMAL
2026-06-17T16:50:42.253712+00:00,DION_001,376093,-0.64107673150879,SIMULATED,NORMAL
2026-06-17T16:50:42.264138+00:00,DION_001,376094,-0.6756201705002459,SIMULATED,NORMAL
2026-06-17T16:50:42.274720+00:00,DION_001,376095,-0.6575658399506636,SIMULATED,NORMAL
2026-06-17T16:50:42.285298+00:00,DION_001,376096,-0.7740125352362413,SIMULATED,NORMAL
2026-06-17T16:50:42.295840+00:00,DION_001,376097,-0.7870667673118441,SIMULATED,NORMAL
2026-06-17T16:50:42.306520+00:00,DION_001,376098,-0.6407296816906967,SIMULATED,NORMAL
2026-06-17T16:50:42.317186+00:00,DION_001,376099,-0.5738870793216045,SIMULATED,NORMAL
2026-06-17T16:50:42.327781+00:00,DION_001,376100,-0.6891670642973928,SIMULATED,NORMAL
2026-06-17T16:50:42.338485+00:00,DION_001,376101,-0.9070470365168207,SIMULATED,NORMAL
2026-06-17T16:50:42.349157+00:00,DION_001,376102,-0.7053409485306565,SIMULATED,NORMAL
2026-06-17T16:50:42.359921+00:00,DION_001,376103,-0.7672218935673799,SIMULATED,NORMAL
2026-06-17T16:50:42.370470+00:00,DION_001,376104,-0.8483934771346286,SIMULATED,NORMAL
2026-06-17T16:50:42.381080+00:00,DION_001,376105,-0.717342423713689,SIMULATED,NORMAL
2026-06-17T16:50:42.391788+00:00,DION_001,376106,-0.7697059734967076,SIMULATED,NORMAL
2026-06-17T16:50:42.402503+00:00,DION_001,376107,-0.6050983150896818,SIMULATED,NORMAL
2026-06-17T16:50:42.413055+00:00,DION_001,376108,-0.7037123063971434,SIMULATED,NORMAL
2026-06-17T16:50:42.423674+00:00,DION_001,376109,-0.968832052515926,SIMULATED,NORMAL
2026-06-17T16:50:42.434217+00:00,DION_001,376110,-0.6922254578893249,SIMULATED,NORMAL
2026-06-17T16:50:42.444838+00:00,DION_001,376111,-0.9101000670085021,SIMULATED,NORMAL
2026-06-17T16:50:42.455525+00:00,DION_001,376112,-0.5463618620987234,SIMULATED,NORMAL
2026-06-17T16:50:42.465926+00:00,DION_001,376113,-0.9437245575172796,SIMULATED,NORMAL
2026-06-17T16:50:42.476731+00:00,DION_001,376114,-0.14358995543125408,SIMULATED,NORMAL
2026-06-17T16:50:42.487353+00:00,DION_001,376115,-0.6618166017391255,SIMULATED,NORMAL
2026-06-17T16:50:42.497868+00:00,DION_001,376116,-0.26136591614585364,SIMULATED,NORMAL
2026-06-17T16:50:42.508464+00:00,DION_001,376117,-0.4530341449773308,SIMULATED,NORMAL
2026-06-17T16:50:42.519218+00:00,DION_001,376118,-0.3042478095702278,SIMULATED,NORMAL
2026-06-17T16:50:42.532307+00:00,DION_001,376119,-0.8078235642583218,SIMULATED,NORMAL
2026-06-17T16:50:42.542910+00:00,DION_001,376120,-0.6421929768501787,SIMULATED,NORMAL
2026-06-17T16:50:42.553606+00:00,DION_001,376121,-0.5992702201700288,SIMULATED,NORMAL
2026-06-17T16:50:42.564367+00:00,DION_001,376122,-0.49333461227143466,SIMULATED,NORMAL
2026-06-17T16:50:42.575104+00:00,DION_001,376123,-0.5696090541190255,SIMULATED,NORMAL
2026-06-17T16:50:42.585691+00:00,DION_001,376124,-0.53916216908416,SIMULATED,NORMAL
2026-06-17T16:50:42.596245+00:00,DION_001,376125,-0.3457986658936738,SIMULATED,NORMAL
2026-06-17T16:50:42.606693+00:00,DION_001,376126,-0.2020932076150291,SIMULATED,NORMAL
2026-06-17T16:50:42.617483+00:00,DION_001,376127,-0.3638152813593762,SIMULATED,NORMAL
2026-06-17T16:50:42.628027+00:00,DION_001,376128,-0.38276937056155974,SIMULATED,NORMAL
2026-06-17T16:50:42.638717+00:00,DION_001,376129,-0.0766234584720848,SIMULATED,NORMAL
2026-06-17T16:50:42.649501+00:00,DION_001,376130,-0.35441467294650114,SIMULATED,NORMAL
2026-06-17T16:50:42.660210+00:00,DION_001,376131,-0.039847070223406,SIMULATED,NORMAL
2026-06-17T16:50:42.670876+00:00,DION_001,376132,-0.5155564721363016,SIMULATED,NORMAL
2026-06-17T16:50:42.681461+00:00,DION_001,376133,-0.46671772056952004,SIMULATED,NORMAL
2026-06-17T16:50:42.692060+00:00,DION_001,376134,-0.19804332183042003,SIMULATED,NORMAL
2026-06-17T16:50:42.702672+00:00,DION_001,376135,-0.2689849109647323,SIMULATED,NORMAL
2026-06-17T16:50:42.713280+00:00,DION_001,376136,-0.4639761800074178,SIMULATED,NORMAL
2026-06-17T16:50:42.723893+00:00,DION_001,376137,-0.2645979397337319,SIMULATED,NORMAL
2026-06-17T16:50:42.734502+00:00,DION_001,376138,-0.5663974127083892,SIMULATED,NORMAL
2026-06-17T16:50:42.745225+00:00,DION_001,376139,-0.21063025444974331,SIMULATED,NORMAL
2026-06-17T16:50:42.755823+00:00,DION_001,376140,-0.12369428776585095,SIMULATED,NORMAL
2026-06-17T16:50:42.766390+00:00,DION_001,376141,-0.26390817988519105,SIMULATED,NORMAL
2026-06-17T16:50:42.776990+00:00,DION_001,376142,-0.5699070044852166,SIMULATED,NORMAL
2026-06-17T16:50:42.787716+00:00,DION_001,376143,-0.30654009968765955,SIMULATED,NORMAL
2026-06-17T16:50:42.798356+00:00,DION_001,376144,-0.3853238237444934,SIMULATED,NORMAL
2026-06-17T16:50:42.808973+00:00,DION_001,376145,-0.2854735378961522,SIMULATED,NORMAL
2026-06-17T16:50:42.819667+00:00,DION_001,376146,-0.7945140398749582,SIMULATED,NORMAL
2026-06-17T16:50:42.830313+00:00,DION_001,376147,-0.6097212602360069,SIMULATED,NORMAL
2026-06-17T16:50:42.840885+00:00,DION_001,376148,-0.5752552096009396,SIMULATED,NORMAL
2026-06-17T16:50:42.851516+00:00,DION_001,376149,-0.8253368209188253,SIMULATED,NORMAL
2026-06-17T16:50:42.861984+00:00,DION_001,376150,-0.5667744731629261,SIMULATED,NORMAL
2026-06-17T16:50:42.872681+00:00,DION_001,376151,-0.6728527540587131,SIMULATED,NORMAL
2026-06-17T16:50:42.883339+00:00,DION_001,376152,-0.745204550916093,SIMULATED,NORMAL
2026-06-17T16:50:42.893852+00:00,DION_001,376153,-0.8113903525571801,SIMULATED,NORMAL
2026-06-17T16:50:42.904326+00:00,DION_001,376154,-0.4565298144710024,SIMULATED,NORMAL
2026-06-17T16:50:42.914809+00:00,DION_001,376155,-0.7743243917592626,SIMULATED,NORMAL
2026-06-17T16:50:42.925317+00:00,DION_001,376156,-0.7558781273105604,SIMULATED,NORMAL
2026-06-17T16:50:42.935765+00:00,DION_001,376157,-0.885918238791459,SIMULATED,NORMAL
2026-06-17T16:50:42.946257+00:00,DION_001,376158,-1.0485547634027967,SIMULATED,NORMAL
2026-06-17T16:50:42.956617+00:00,DION_001,376159,-0.7898762059522451,SIMULATED,NORMAL
2026-06-17T16:50:42.967042+00:00,DION_001,376160,-1.0752132667813545,SIMULATED,NORMAL
2026-06-17T16:50:42.977711+00:00,DION_001,376161,-0.8360611380281501,SIMULATED,NORMAL
2026-06-17T16:50:42.988285+00:00,DION_001,376162,-1.050890271456379,SIMULATED,NORMAL
2026-06-17T16:50:42.998673+00:00,DION_001,376163,-0.999773723827253,SIMULATED,NORMAL
2026-06-17T16:50:43.009065+00:00,DION_001,376164,-0.9287992821359335,SIMULATED,NORMAL
2026-06-17T16:50:43.019513+00:00,DION_001,376165,-1.0645215835869233,SIMULATED,NORMAL
2026-06-17T16:50:43.029990+00:00,DION_001,376166,-0.962624050039388,SIMULATED,NORMAL
2026-06-17T16:50:43.040687+00:00,DION_001,376167,-1.3460270408416548,SIMULATED,NORMAL
2026-06-17T16:50:43.051357+00:00,DION_001,376168,-1.1763022011255706,SIMULATED,NORMAL
2026-06-17T16:50:43.061800+00:00,DION_001,376169,-0.9101262521022242,SIMULATED,NORMAL
2026-06-17T16:50:43.072526+00:00,DION_001,376170,-1.0397966384166184,SIMULATED,NORMAL
2026-06-17T16:50:43.083486+00:00,DION_001,376171,-1.1736443789871178,SIMULATED,NORMAL
2026-06-17T16:50:43.094147+00:00,DION_001,376172,-1.2424014960015082,SIMULATED,NORMAL
2026-06-17T16:50:43.104766+00:00,DION_001,376173,-1.2628270151057273,SIMULATED,NORMAL
2026-06-17T16:50:43.115537+00:00,DION_001,376174,-0.8093794946427018,SIMULATED,NORMAL
2026-06-17T16:50:43.126161+00:00,DION_001,376175,-1.1324431522371643,SIMULATED,NORMAL
2026-06-17T16:50:43.137176+00:00,DION_001,376176,-1.1806505819679922,SIMULATED,NORMAL
2026-06-17T16:50:43.147777+00:00,DION_001,376177,-1.15726158453429,SIMULATED,NORMAL
2026-06-17T16:50:43.158319+00:00,DION_001,376178,-1.3026957390496279,SIMULATED,NORMAL
2026-06-17T16:50:43.168956+00:00,DION_001,376179,-1.1241487261717007,SIMULATED,NORMAL
2026-06-17T16:50:43.179598+00:00,DION_001,376180,-1.0751902777619342,SIMULATED,NORMAL
2026-06-17T16:50:43.190227+00:00,DION_001,376181,-1.1377769613156374,SIMULATED,NORMAL
2026-06-17T16:50:43.200915+00:00,DION_001,376182,-1.0019192849744052,SIMULATED,NORMAL
2026-06-17T16:50:43.211379+00:00,DION_001,376183,-1.0353773626958798,SIMULATED,NORMAL
2026-06-17T16:50:43.222010+00:00,DION_001,376184,-1.0167875269237407,SIMULATED,NORMAL
2026-06-17T16:50:43.232714+00:00,DION_001,376185,-1.0339223958568557,SIMULATED,NORMAL
2026-06-17T16:50:43.243516+00:00,DION_001,376186,-1.1998146539573755,SIMULATED,NORMAL
2026-06-17T16:50:43.253982+00:00,DION_001,376187,-0.9511432781001935,SIMULATED,NORMAL
2026-06-17T16:50:43.264539+00:00,DION_001,376188,-1.0152530320237438,SIMULATED,NORMAL
2026-06-17T16:50:43.275297+00:00,DION_001,376189,-0.7672726789720026,SIMULATED,NORMAL
2026-06-17T16:50:43.286008+00:00,DION_001,376190,-0.9410667310921702,SIMULATED,NORMAL
2026-06-17T16:50:43.296717+00:00,DION_001,376191,-0.6605940288422804,SIMULATED,NORMAL
2026-06-17T16:50:43.307362+00:00,DION_001,376192,-0.8165728003885346,SIMULATED,NORMAL
2026-06-17T16:50:43.318008+00:00,DION_001,376193,-0.7067210395396515,SIMULATED,NORMAL
2026-06-17T16:50:43.328514+00:00,DION_001,376194,-0.7182883464377835,SIMULATED,NORMAL
2026-06-17T16:50:43.339459+00:00,DION_001,376195,-0.6386680960908362,SIMULATED,NORMAL
2026-06-17T16:50:43.350097+00:00,DION_001,376196,-0.5469008157901416,SIMULATED,NORMAL
2026-06-17T16:50:43.360759+00:00,DION_001,376197,-0.8565399710917827,SIMULATED,NORMAL
2026-06-17T16:50:43.371498+00:00,DION_001,376198,-0.37432004203183755,SIMULATED,NORMAL
2026-06-17T16:50:43.381952+00:00,DION_001,376199,-0.5419670002024644,SIMULATED,NORMAL
2026-06-17T16:50:43.392504+00:00,DION_001,376200,-0.6576058801660347,SIMULATED,NORMAL
2026-06-17T16:50:43.403247+00:00,DION_001,376201,-0.1157792159597964,SIMULATED,NORMAL
2026-06-17T16:50:43.413963+00:00,DION_001,376202,-0.5118781302216384,SIMULATED,NORMAL
2026-06-17T16:50:43.424613+00:00,DION_001,376203,-0.10784115146796047,SIMULATED,NORMAL
2026-06-17T16:50:43.435084+00:00,DION_001,376204,-0.39564150692617234,SIMULATED,NORMAL
2026-06-17T16:50:43.445586+00:00,DION_001,376205,-0.3185582740909324,SIMULATED,NORMAL
2026-06-17T16:50:43.456222+00:00,DION_001,376206,-0.29999312032433,SIMULATED,NORMAL
2026-06-17T16:50:43.466734+00:00,DION_001,376207,-0.10713507639788677,SIMULATED,NORMAL
2026-06-17T16:50:43.477328+00:00,DION_001,376208,-0.27784264270079523,SIMULATED,NORMAL
2026-06-17T16:50:43.488030+00:00,DION_001,376209,-0.1342301503054693,SIMULATED,NORMAL
2026-06-17T16:50:43.498548+00:00,DION_001,376210,-0.08632297311369651,SIMULATED,NORMAL
2026-06-17T16:50:43.509254+00:00,DION_001,376211,-0.31124970713163724,SIMULATED,NORMAL
2026-06-17T16:50:43.519746+00:00,DION_001,376212,0.09075473083777538,SIMULATED,NORMAL
2026-06-17T16:50:43.530368+00:00,DION_001,376213,-0.19602521463663514,SIMULATED,NORMAL
2026-06-17T16:50:43.541003+00:00,DION_001,376214,0.2741188075582539,SIMULATED,NORMAL
2026-06-17T16:50:43.551667+00:00,DION_001,376215,-0.08865075584072485,SIMULATED,NORMAL
2026-06-17T16:50:43.562295+00:00,DION_001,376216,-0.5028710671644525,SIMULATED,NORMAL
2026-06-17T16:50:43.572970+00:00,DION_001,376217,-0.31450809997070206,SIMULATED,NORMAL
2026-06-17T16:50:43.583718+00:00,DION_001,376218,-0.21734507451808582,SIMULATED,NORMAL
2026-06-17T16:50:43.594261+00:00,DION_001,376219,0.09837809464278133,SIMULATED,NORMAL
2026-06-17T16:50:43.604871+00:00,DION_001,376220,-0.19570312539925128,SIMULATED,NORMAL
2026-06-17T16:50:43.615501+00:00,DION_001,376221,-0.055345610680053225,SIMULATED,NORMAL
2026-06-17T16:50:43.626158+00:00,DION_001,376222,-0.21528406974235573,SIMULATED,NORMAL
2026-06-17T16:50:43.636913+00:00,DION_001,376223,-0.13048059956613595,SIMULATED,NORMAL
2026-06-17T16:50:43.647594+00:00,DION_001,376224,0.030111966881860214,SIMULATED,NORMAL
2026-06-17T16:50:43.658188+00:00,DION_001,376225,-0.09194492481497382,SIMULATED,NORMAL
2026-06-17T16:50:43.668831+00:00,DION_001,376226,0.15134388491121487,SIMULATED,NORMAL
2026-06-17T16:50:43.679475+00:00,DION_001,376227,-0.011373061479722696,SIMULATED,NORMAL
2026-06-17T16:50:43.690074+00:00,DION_001,376228,-0.13841062279146,SIMULATED,NORMAL
2026-06-17T16:50:43.700716+00:00,DION_001,376229,2.0548320069655572,SIMULATED,EVENT_DETECTED
2026-06-17T16:50:43.711755+00:00,DION_001,376230,-0.3837831167017227,SIMULATED,NORMAL
2026-06-17T16:50:43.722417+00:00,DION_001,376231,-0.474524290363541,SIMULATED,NORMAL
2026-06-17T16:50:43.733054+00:00,DION_001,376232,-0.32609660043872696,SIMULATED,NORMAL
2026-06-17T16:50:43.743706+00:00,DION_001,376233,-0.21899652757131977,SIMULATED,NORMAL
2026-06-17T16:50:43.754424+00:00,DION_001,376234,-0.447924709976117,SIMULATED,NORMAL
2026-06-17T16:50:43.765071+00:00,DION_001,376235,-0.14666691227877332,SIMULATED,NORMAL
2026-06-17T16:50:43.775680+00:00,DION_001,376236,-0.12599539234459953,SIMULATED,NORMAL
2026-06-17T16:50:43.786379+00:00,DION_001,376237,-0.2380099302021003,SIMULATED,NORMAL
2026-06-17T16:50:43.797086+00:00,DION_001,376238,-0.7185903653037145,SIMULATED,NORMAL
2026-06-17T16:50:43.807713+00:00,DION_001,376239,-0.2284131915526246,SIMULATED,NORMAL
2026-06-17T16:50:43.818376+00:00,DION_001,376240,-0.4878054629623665,SIMULATED,NORMAL
2026-06-17T16:50:43.828985+00:00,DION_001,376241,-0.24768217262606898,SIMULATED,NORMAL
2026-06-17T16:50:43.839597+00:00,DION_001,376242,-0.5285361000325546,SIMULATED,NORMAL
2026-06-17T16:50:43.850371+00:00,DION_001,376243,-0.18022333890579634,SIMULATED,NORMAL
2026-06-17T16:50:43.860947+00:00,DION_001,376244,-0.6644569974249743,SIMULATED,NORMAL
2026-06-17T16:50:43.871585+00:00,DION_001,376245,-0.42821791819741245,SIMULATED,NORMAL
2026-06-17T16:50:43.882254+00:00,DION_001,376246,-0.4935478436594851,SIMULATED,NORMAL
2026-06-17T16:50:43.892936+00:00,DION_001,376247,-0.41913383431535056,SIMULATED,NORMAL
2026-06-17T16:50:43.903826+00:00,DION_001,376248,-0.346405790281102,SIMULATED,NORMAL
2026-06-17T16:50:43.914522+00:00,DION_001,376249,-0.3162802176839352,SIMULATED,NORMAL
2026-06-17T16:50:43.925090+00:00,DION_001,376250,-0.5646599123505586,SIMULATED,NORMAL
2026-06-17T16:50:43.935670+00:00,DION_001,376251,-0.648778928394536,SIMULATED,NORMAL
2026-06-17T16:50:43.946089+00:00,DION_001,376252,-0.3300435164174601,SIMULATED,NORMAL
2026-06-17T16:50:43.956826+00:00,DION_001,376253,-0.33644495901378446,SIMULATED,NORMAL
2026-06-17T16:50:43.967440+00:00,DION_001,376254,-0.4768459910099958,SIMULATED,NORMAL
2026-06-17T16:50:43.978010+00:00,DION_001,376255,-0.3003649647698158,SIMULATED,NORMAL
2026-06-17T16:50:43.988656+00:00,DION_001,376256,-0.47911678651886375,SIMULATED,NORMAL
2026-06-17T16:50:43.999253+00:00,DION_001,376257,-0.360089159841099,SIMULATED,NORMAL
2026-06-17T16:50:44.009802+00:00,DION_001,376258,-0.1314321076059876,SIMULATED,NORMAL
2026-06-17T16:50:44.020361+00:00,DION_001,376259,-0.2424216982088992,SIMULATED,NORMAL
2026-06-17T16:50:44.030903+00:00,DION_001,376260,-0.24786700158947017,SIMULATED,NORMAL
2026-06-17T16:50:44.041412+00:00,DION_001,376261,-0.41084015925748246,SIMULATED,NORMAL
2026-06-17T16:50:44.051934+00:00,DION_001,376262,-0.11687135927131914,SIMULATED,NORMAL
2026-06-17T16:50:44.062376+00:00,DION_001,376263,-0.2655803801802377,SIMULATED,NORMAL
2026-06-17T16:50:44.072925+00:00,DION_001,376264,-0.15458273245534357,SIMULATED,NORMAL
2026-06-17T16:50:44.083316+00:00,DION_001,376265,-0.05750904493356093,SIMULATED,NORMAL
2026-06-17T16:50:44.093682+00:00,DION_001,376266,0.0037974768392706887,SIMULATED,NORMAL
2026-06-17T16:50:44.104014+00:00,DION_001,376267,-0.04077268534658069,SIMULATED,NORMAL
2026-06-17T16:50:44.114272+00:00,DION_001,376268,0.08104829378504315,SIMULATED,NORMAL
2026-06-17T16:50:44.124661+00:00,DION_001,376269,0.013386930479195355,SIMULATED,NORMAL
2026-06-17T16:50:44.135195+00:00,DION_001,376270,0.0729507724268453,SIMULATED,NORMAL
2026-06-17T16:50:44.145731+00:00,DION_001,376271,0.5117904723909706,SIMULATED,NORMAL
2026-06-17T16:50:44.156330+00:00,DION_001,376272,0.17076001023208673,SIMULATED,NORMAL
2026-06-17T16:50:44.166950+00:00,DION_001,376273,0.36969705391621543,SIMULATED,NORMAL
2026-06-17T16:50:44.177425+00:00,DION_001,376274,0.10530295381122387,SIMULATED,NORMAL
2026-06-17T16:50:44.188117+00:00,DION_001,376275,0.2896171905805271,SIMULATED,NORMAL
2026-06-17T16:50:44.198759+00:00,DION_001,376276,0.31859383306678096,SIMULATED,NORMAL
2026-06-17T16:50:44.209369+00:00,DION_001,376277,0.31952991140511156,SIMULATED,NORMAL
2026-06-17T16:50:44.220129+00:00,DION_001,376278,0.5769755556613678,SIMULATED,NORMAL
2026-06-17T16:50:44.230728+00:00,DION_001,376279,0.4507666565501058,SIMULATED,NORMAL
2026-06-17T16:50:44.241217+00:00,DION_001,376280,0.45535369944222526,SIMULATED,NORMAL
2026-06-17T16:50:44.251722+00:00,DION_001,376281,0.5477889611809456,SIMULATED,NORMAL
2026-06-17T16:50:44.262176+00:00,DION_001,376282,0.6975568488118686,SIMULATED,NORMAL
2026-06-17T16:50:44.272771+00:00,DION_001,376283,0.7779853048939365,SIMULATED,NORMAL
2026-06-17T16:50:44.283261+00:00,DION_001,376284,0.7327250567133298,SIMULATED,NORMAL
2026-06-17T16:50:44.293848+00:00,DION_001,376285,0.4260502911611216,SIMULATED,NORMAL
2026-06-17T16:50:44.304495+00:00,DION_001,376286,1.0094228659953042,SIMULATED,NORMAL
2026-06-17T16:50:44.315273+00:00,DION_001,376287,0.7717215809776324,SIMULATED,NORMAL
2026-06-17T16:50:44.325910+00:00,DION_001,376288,0.8330542465613614,SIMULATED,NORMAL
2026-06-17T16:50:44.336499+00:00,DION_001,376289,1.04773953458352,SIMULATED,NORMAL
2026-06-17T16:50:44.347139+00:00,DION_001,376290,0.8043292366194429,SIMULATED,NORMAL
2026-06-17T16:50:44.357782+00:00,DION_001,376291,0.9208122364645215,SIMULATED,NORMAL
2026-06-17T16:50:44.368280+00:00,DION_001,376292,0.7868695696473873,SIMULATED,NORMAL
2026-06-17T16:50:44.378857+00:00,DION_001,376293,0.8807398166667105,SIMULATED,NORMAL
2026-06-17T16:50:44.389478+00:00,DION_001,376294,0.47136201308149256,SIMULATED,NORMAL
2026-06-17T16:50:44.400082+00:00,DION_001,376295,0.873294086456956,SIMULATED,NORMAL
2026-06-17T16:50:44.410555+00:00,DION_001,376296,0.8703776192603283,SIMULATED,NORMAL
2026-06-17T16:50:44.421307+00:00,DION_001,376297,1.0817953762050303,SIMULATED,NORMAL
2026-06-17T16:50:44.431980+00:00,DION_001,376298,0.8506180402819009,SIMULATED,NORMAL
2026-06-17T16:50:44.442657+00:00,DION_001,376299,0.8937972788256257,SIMULATED,NORMAL
2026-06-17T16:50:44.453121+00:00,DION_001,376300,0.5555017913842424,SIMULATED,NORMAL
2026-06-17T16:50:44.463670+00:00,DION_001,376301,0.5929058878341773,SIMULATED,NORMAL
2026-06-17T16:50:44.474298+00:00,DION_001,376302,0.8965622887572555,SIMULATED,NORMAL
2026-06-17T16:50:44.484785+00:00,DION_001,376303,0.8273242569509408,SIMULATED,NORMAL
2026-06-17T16:50:44.495301+00:00,DION_001,376304,0.5826811267791179,SIMULATED,NORMAL
2026-06-17T16:50:44.505894+00:00,DION_001,376305,0.7374480376369534,SIMULATED,NORMAL
2026-06-17T16:50:44.516460+00:00,DION_001,376306,0.9334774076909411,SIMULATED,NORMAL
2026-06-17T16:50:44.527165+00:00,DION_001,376307,0.6359288130647139,SIMULATED,NORMAL
2026-06-17T16:50:44.537814+00:00,DION_001,376308,0.7236411305873708,SIMULATED,NORMAL
2026-06-17T16:50:44.548395+00:00,DION_001,376309,0.7897557392770767,SIMULATED,NORMAL
2026-06-17T16:50:44.559237+00:00,DION_001,376310,0.6490675864023502,SIMULATED,NORMAL
2026-06-17T16:50:44.569853+00:00,DION_001,376311,0.5696418834369555,SIMULATED,NORMAL
2026-06-17T16:50:44.580473+00:00,DION_001,376312,0.5840393366215845,SIMULATED,NORMAL
2026-06-17T16:50:44.591076+00:00,DION_001,376313,0.7699112244244692,SIMULATED,NORMAL
2026-06-17T16:50:44.601586+00:00,DION_001,376314,0.4669847122254422,SIMULATED,NORMAL
2026-06-17T16:50:44.612279+00:00,DION_001,376315,0.39948919080375067,SIMULATED,NORMAL
2026-06-17T16:50:44.622949+00:00,DION_001,376316,0.5752998541813497,SIMULATED,NORMAL
2026-06-17T16:50:44.633599+00:00,DION_001,376317,0.6637711353533196,SIMULATED,NORMAL
2026-06-17T16:50:44.644138+00:00,DION_001,376318,0.5303652641756768,SIMULATED,NORMAL
2026-06-17T16:50:44.654857+00:00,DION_001,376319,0.6183554142571482,SIMULATED,NORMAL
2026-06-17T16:50:44.665502+00:00,DION_001,376320,0.4075658548694843,SIMULATED,NORMAL
2026-06-17T16:50:44.676130+00:00,DION_001,376321,0.5510696768924102,SIMULATED,NORMAL
2026-06-17T16:50:44.686930+00:00,DION_001,376322,0.8051994498191506,SIMULATED,NORMAL
2026-06-17T16:50:44.697582+00:00,DION_001,376323,0.454737704216163,SIMULATED,NORMAL
2026-06-17T16:50:44.708343+00:00,DION_001,376324,0.27809497085883056,SIMULATED,NORMAL
2026-06-17T16:50:44.719099+00:00,DION_001,376325,0.3495024424297461,SIMULATED,NORMAL
2026-06-17T16:50:44.729739+00:00,DION_001,376326,0.23952622432170986,SIMULATED,NORMAL
2026-06-17T16:50:44.740369+00:00,DION_001,376327,0.43658898329711615,SIMULATED,NORMAL
2026-06-17T16:50:44.751283+00:00,DION_001,376328,0.4161982721493833,SIMULATED,NORMAL
2026-06-17T16:50:44.761848+00:00,DION_001,376329,0.4761329389849179,SIMULATED,NORMAL
2026-06-17T16:50:44.772455+00:00,DION_001,376330,0.2530975513431827,SIMULATED,NORMAL
2026-06-17T16:50:44.783366+00:00,DION_001,376331,0.22166504397340628,SIMULATED,NORMAL
2026-06-17T16:50:44.793873+00:00,DION_001,376332,0.3699858765423083,SIMULATED,NORMAL
2026-06-17T16:50:44.804688+00:00,DION_001,376333,0.5892654311136363,SIMULATED,NORMAL
2026-06-17T16:50:44.815302+00:00,DION_001,376334,0.4026488086419312,SIMULATED,NORMAL
2026-06-17T16:50:44.825769+00:00,DION_001,376335,0.32576517063556887,SIMULATED,NORMAL
2026-06-17T16:50:44.836415+00:00,DION_001,376336,0.39559465721905995,SIMULATED,NORMAL
2026-06-17T16:50:44.847240+00:00,DION_001,376337,0.4143278968365043,SIMULATED,NORMAL
2026-06-17T16:50:44.857889+00:00,DION_001,376338,0.41957077527971376,SIMULATED,NORMAL
2026-06-17T16:50:44.868671+00:00,DION_001,376339,0.5857114099082639,SIMULATED,NORMAL
2026-06-17T16:50:44.879255+00:00,DION_001,376340,0.4848268071979775,SIMULATED,NORMAL
2026-06-17T16:50:44.889887+00:00,DION_001,376341,0.5752663937072499,SIMULATED,NORMAL
2026-06-17T16:50:44.900519+00:00,DION_001,376342,0.5570190069956723,SIMULATED,NORMAL
2026-06-17T16:50:44.911220+00:00,DION_001,376343,0.4539109897232393,SIMULATED,NORMAL
2026-06-17T16:50:44.921895+00:00,DION_001,376344,0.39623805735748746,SIMULATED,NORMAL
2026-06-17T16:50:44.932690+00:00,DION_001,376345,0.7909484307778029,SIMULATED,NORMAL
2026-06-17T16:50:44.943571+00:00,DION_001,376346,0.42497294067286506,SIMULATED,NORMAL
2026-06-17T16:50:44.954093+00:00,DION_001,376347,0.527031103739158,SIMULATED,NORMAL
2026-06-17T16:50:44.964754+00:00,DION_001,376348,0.8430763175326033,SIMULATED,NORMAL
2026-06-17T16:50:44.975422+00:00,DION_001,376349,0.8772597276537399,SIMULATED,NORMAL
2026-06-17T16:50:44.986200+00:00,DION_001,376350,0.8677532734926905,SIMULATED,NORMAL
2026-06-17T16:50:44.996866+00:00,DION_001,376351,0.8337223277715988,SIMULATED,NORMAL
2026-06-17T16:50:45.007420+00:00,DION_001,376352,1.0041250550706209,SIMULATED,NORMAL
2026-06-17T16:50:45.018016+00:00,DION_001,376353,0.9361385924400359,SIMULATED,NORMAL
2026-06-17T16:50:45.028687+00:00,DION_001,376354,1.0912549528929998,SIMULATED,NORMAL
2026-06-17T16:50:45.039351+00:00,DION_001,376355,1.1270404885418341,SIMULATED,NORMAL
2026-06-17T16:50:45.049995+00:00,DION_001,376356,1.0094956149726628,SIMULATED,NORMAL
2026-06-17T16:50:45.060538+00:00,DION_001,376357,0.8563573224353679,SIMULATED,NORMAL
2026-06-17T16:50:45.071403+00:00,DION_001,376358,1.0643966735945303,SIMULATED,NORMAL
2026-06-17T16:50:45.082101+00:00,DION_001,376359,1.0792787227040352,SIMULATED,NORMAL
2026-06-17T16:50:45.092752+00:00,DION_001,376360,0.9544983974198683,SIMULATED,NORMAL
2026-06-17T16:50:45.103540+00:00,DION_001,376361,0.9327727015088583,SIMULATED,NORMAL
2026-06-17T16:50:45.114012+00:00,DION_001,376362,0.8512343043882622,SIMULATED,NORMAL
2026-06-17T16:50:45.124544+00:00,DION_001,376363,1.0063926630002418,SIMULATED,NORMAL
2026-06-17T16:50:45.135111+00:00,DION_001,376364,1.1205706766758996,SIMULATED,NORMAL
2026-06-17T16:50:45.145594+00:00,DION_001,376365,0.9551012403791395,SIMULATED,NORMAL
2026-06-17T16:50:45.156061+00:00,DION_001,376366,1.003538155597362,SIMULATED,NORMAL
2026-06-17T16:50:45.166526+00:00,DION_001,376367,1.135348649255326,SIMULATED,NORMAL
2026-06-17T16:50:45.176927+00:00,DION_001,376368,1.1618996792575171,SIMULATED,NORMAL
2026-06-17T16:50:45.187246+00:00,DION_001,376369,1.2582109114012268,SIMULATED,NORMAL
2026-06-17T16:50:45.197640+00:00,DION_001,376370,1.0221179740760766,SIMULATED,NORMAL
2026-06-17T16:50:45.208006+00:00,DION_001,376371,1.2251235529922435,SIMULATED,NORMAL
2026-06-17T16:50:45.218389+00:00,DION_001,376372,1.325783027510476,SIMULATED,NORMAL
2026-06-17T16:50:45.228936+00:00,DION_001,376373,1.0826101285982968,SIMULATED,NORMAL
2026-06-17T16:50:45.239446+00:00,DION_001,376374,1.0588221882426092,SIMULATED,NORMAL
2026-06-17T16:50:45.249919+00:00,DION_001,376375,1.1173373888069826,SIMULATED,NORMAL
2026-06-17T16:50:45.260466+00:00,DION_001,376376,1.4100143342917737,SIMULATED,NORMAL
2026-06-17T16:50:45.271221+00:00,DION_001,376377,1.3583811402147745,SIMULATED,NORMAL
2026-06-17T16:50:45.281843+00:00,DION_001,376378,1.2506833621140079,SIMULATED,NORMAL
2026-06-17T16:50:45.292460+00:00,DION_001,376379,0.957600937652782,SIMULATED,NORMAL
2026-06-17T16:50:45.303349+00:00,DION_001,376380,0.8023018772307867,SIMULATED,NORMAL
2026-06-17T16:50:45.314033+00:00,DION_001,376381,0.870366427509119,SIMULATED,NORMAL
2026-06-17T16:50:45.324778+00:00,DION_001,376382,1.0764343279099473,SIMULATED,NORMAL
2026-06-17T16:50:45.335583+00:00,DION_001,376383,1.358644540229204,SIMULATED,NORMAL
2026-06-17T16:50:45.346189+00:00,DION_001,376384,0.9973769171905522,SIMULATED,NORMAL
2026-06-17T16:50:45.356778+00:00,DION_001,376385,0.9524351622277478,SIMULATED,NORMAL
2026-06-17T16:50:45.367279+00:00,DION_001,376386,0.8156560328197966,SIMULATED,NORMAL
2026-06-17T16:50:45.377761+00:00,DION_001,376387,1.0212226704381258,SIMULATED,NORMAL
2026-06-17T16:50:45.388385+00:00,DION_001,376388,0.6139922913421899,SIMULATED,NORMAL
2026-06-17T16:50:45.399048+00:00,DION_001,376389,0.8249493637256198,SIMULATED,NORMAL
2026-06-17T16:50:45.409630+00:00,DION_001,376390,0.6265197953439507,SIMULATED,NORMAL
2026-06-17T16:50:45.420367+00:00,DION_001,376391,0.8046961775998102,SIMULATED,NORMAL
2026-06-17T16:50:45.431100+00:00,DION_001,376392,0.8106152453522553,SIMULATED,NORMAL
2026-06-17T16:50:45.441696+00:00,DION_001,376393,0.48575519059821615,SIMULATED,NORMAL
2026-06-17T16:50:45.452216+00:00,DION_001,376394,0.2877552166654692,SIMULATED,NORMAL
2026-06-17T16:50:45.462814+00:00,DION_001,376395,0.2596944398775658,SIMULATED,NORMAL
2026-06-17T16:50:45.473312+00:00,DION_001,376396,0.24550476570062252,SIMULATED,NORMAL
2026-06-17T16:50:45.483839+00:00,DION_001,376397,0.5608149084424563,SIMULATED,NORMAL
2026-06-17T16:50:45.494432+00:00,DION_001,376398,0.5466059207197886,SIMULATED,NORMAL
2026-06-17T16:50:45.505039+00:00,DION_001,376399,0.46345863760765094,SIMULATED,NORMAL
2026-06-17T16:50:45.515606+00:00,DION_001,376400,0.3393462124730712,SIMULATED,NORMAL
2026-06-17T16:50:45.526247+00:00,DION_001,376401,0.41920719521575034,SIMULATED,NORMAL
2026-06-17T16:50:45.537007+00:00,DION_001,376402,0.3309848602325153,SIMULATED,NORMAL
2026-06-17T16:50:45.547615+00:00,DION_001,376403,0.31337948656847026,SIMULATED,NORMAL
2026-06-17T16:50:45.558288+00:00,DION_001,376404,0.4482810101495203,SIMULATED,NORMAL
2026-06-17T16:50:45.568906+00:00,DION_001,376405,0.05678862430077217,SIMULATED,NORMAL
2026-06-17T16:50:45.579514+00:00,DION_001,376406,0.14547765856373363,SIMULATED,NORMAL
2026-06-17T16:50:45.590218+00:00,DION_001,376407,0.027483332376499997,SIMULATED,NORMAL
2026-06-17T16:50:45.600689+00:00,DION_001,376408,0.1618607599801142,SIMULATED,NORMAL
2026-06-17T16:50:45.611293+00:00,DION_001,376409,-0.33092535804360496,SIMULATED,NORMAL
2026-06-17T16:50:45.621993+00:00,DION_001,376410,0.17452306060460934,SIMULATED,NORMAL
2026-06-17T16:50:45.632721+00:00,DION_001,376411,-0.06910289420381989,SIMULATED,NORMAL
2026-06-17T16:50:45.643541+00:00,DION_001,376412,-0.0268924498622114,SIMULATED,NORMAL
2026-06-17T16:50:45.654179+00:00,DION_001,376413,0.013995118551790118,SIMULATED,NORMAL
2026-06-17T16:50:45.664826+00:00,DION_001,376414,0.11666178630895387,SIMULATED,NORMAL
2026-06-17T16:50:45.675445+00:00,DION_001,376415,-0.10136084839906365,SIMULATED,NORMAL
2026-06-17T16:50:45.686211+00:00,DION_001,376416,-0.09808273311752594,SIMULATED,NORMAL
2026-06-17T16:50:45.696833+00:00,DION_001,376417,-0.05532878421783802,SIMULATED,NORMAL
2026-06-17T16:50:45.707602+00:00,DION_001,376418,-0.05754815111833575,SIMULATED,NORMAL
2026-06-17T16:50:45.718234+00:00,DION_001,376419,-0.11389495974970981,SIMULATED,NORMAL
2026-06-17T16:50:45.728768+00:00,DION_001,376420,0.032965409693865404,SIMULATED,NORMAL
2026-06-17T16:50:45.739368+00:00,DION_001,376421,0.03304400430080001,SIMULATED,NORMAL
2026-06-17T16:50:45.750045+00:00,DION_001,376422,-0.08980475007849856,SIMULATED,NORMAL
2026-06-17T16:50:45.760777+00:00,DION_001,376423,-0.07444361971736677,SIMULATED,NORMAL
2026-06-17T16:50:45.771518+00:00,DION_001,376424,-0.037880112752580714,SIMULATED,NORMAL
2026-06-17T16:50:45.782170+00:00,DION_001,376425,0.09355920914787724,SIMULATED,NORMAL
2026-06-17T16:50:45.792781+00:00,DION_001,376426,0.18188195830486695,SIMULATED,NORMAL
2026-06-17T16:50:45.803661+00:00,DION_001,376427,0.23194625141417757,SIMULATED,NORMAL
2026-06-17T16:50:45.814325+00:00,DION_001,376428,0.02625882371568808,SIMULATED,NORMAL
2026-06-17T16:50:45.824815+00:00,DION_001,376429,0.0720121219206486,SIMULATED,NORMAL
2026-06-17T16:50:45.835465+00:00,DION_001,376430,0.3268442688780467,SIMULATED,NORMAL
2026-06-17T16:50:45.846102+00:00,DION_001,376431,0.15387628351077876,SIMULATED,NORMAL
2026-06-17T16:50:45.856720+00:00,DION_001,376432,0.39583614921817345,SIMULATED,NORMAL
2026-06-17T16:50:45.867542+00:00,DION_001,376433,0.39921047659719366,SIMULATED,NORMAL
2026-06-17T16:50:45.878087+00:00,DION_001,376434,0.13140115697833823,SIMULATED,NORMAL
2026-06-17T16:50:45.888691+00:00,DION_001,376435,0.44219813393932844,SIMULATED,NORMAL
2026-06-17T16:50:45.899267+00:00,DION_001,376436,0.443460882348808,SIMULATED,NORMAL
2026-06-17T16:50:45.909957+00:00,DION_001,376437,0.08132954742325338,SIMULATED,NORMAL
2026-06-17T16:50:45.920681+00:00,DION_001,376438,0.16459634764262368,SIMULATED,NORMAL
2026-06-17T16:50:45.931277+00:00,DION_001,376439,0.3266641557387963,SIMULATED,NORMAL
2026-06-17T16:50:45.941880+00:00,DION_001,376440,0.3986679535845513,SIMULATED,NORMAL
2026-06-17T16:50:45.952375+00:00,DION_001,376441,-0.011469333910373303,SIMULATED,NORMAL
2026-06-17T16:50:45.963031+00:00,DION_001,376442,0.43228266359658873,SIMULATED,NORMAL
2026-06-17T16:50:45.973680+00:00,DION_001,376443,0.3503690938839643,SIMULATED,NORMAL
2026-06-17T16:50:45.984312+00:00,DION_001,376444,0.6911602811867981,SIMULATED,NORMAL
2026-06-17T16:50:45.994855+00:00,DION_001,376445,0.4025384465237395,SIMULATED,NORMAL
2026-06-17T16:50:46.005525+00:00,DION_001,376446,0.1577267042131081,SIMULATED,NORMAL
2026-06-17T16:50:46.016149+00:00,DION_001,376447,0.4219914861294194,SIMULATED,NORMAL
2026-06-17T16:50:46.026847+00:00,DION_001,376448,0.27671538085703024,SIMULATED,NORMAL
2026-06-17T16:50:46.037556+00:00,DION_001,376449,0.29301809927760264,SIMULATED,NORMAL
2026-06-17T16:50:46.048179+00:00,DION_001,376450,0.1437796059235837,SIMULATED,NORMAL
2026-06-17T16:50:46.058809+00:00,DION_001,376451,0.33426340229052043,SIMULATED,NORMAL
2026-06-17T16:50:46.069532+00:00,DION_001,376452,0.31963838139329087,SIMULATED,NORMAL
2026-06-17T16:50:46.080137+00:00,DION_001,376453,0.40596424787417584,SIMULATED,NORMAL
2026-06-17T16:50:46.090783+00:00,DION_001,376454,0.43200379135990696,SIMULATED,NORMAL
2026-06-17T16:50:46.101400+00:00,DION_001,376455,0.12014968495470059,SIMULATED,NORMAL
2026-06-17T16:50:46.111949+00:00,DION_001,376456,0.14558146349138235,SIMULATED,NORMAL
2026-06-17T16:50:46.122534+00:00,DION_001,376457,0.039057223126836904,SIMULATED,NORMAL
2026-06-17T16:50:46.133253+00:00,DION_001,376458,-1.7454603822851622,SIMULATED,NORMAL
2026-06-17T16:50:46.144385+00:00,DION_001,376459,0.1177699224173409,SIMULATED,NORMAL
2026-06-17T16:50:46.155167+00:00,DION_001,376460,0.038516712072170785,SIMULATED,NORMAL
2026-06-17T16:50:46.165744+00:00,DION_001,376461,0.20114149247317295,SIMULATED,NORMAL
2026-06-17T16:50:46.176499+00:00,DION_001,376462,-0.11305157787156472,SIMULATED,NORMAL
2026-06-17T16:50:46.187368+00:00,DION_001,376463,0.008876103927438053,SIMULATED,NORMAL
2026-06-17T16:50:46.197943+00:00,DION_001,376464,-0.14413913594131939,SIMULATED,NORMAL
2026-06-17T16:50:46.208620+00:00,DION_001,376465,-0.317198811456745,SIMULATED,NORMAL
2026-06-17T16:50:46.219251+00:00,DION_001,376466,-0.0004982934053144039,SIMULATED,NORMAL
2026-06-17T16:50:46.229792+00:00,DION_001,376467,-0.30455702709024884,SIMULATED,NORMAL
2026-06-17T16:50:46.240261+00:00,DION_001,376468,-0.09749852589944971,SIMULATED,NORMAL
2026-06-17T16:50:46.250692+00:00,DION_001,376469,-0.1526351261753357,SIMULATED,NORMAL
2026-06-17T16:50:46.261048+00:00,DION_001,376470,-0.1639361962014369,SIMULATED,NORMAL
2026-06-17T16:50:46.271520+00:00,DION_001,376471,-0.32651271776043395,SIMULATED,NORMAL
2026-06-17T16:50:46.282008+00:00,DION_001,376472,-0.462787591242435,SIMULATED,NORMAL
2026-06-17T16:50:46.292501+00:00,DION_001,376473,-0.4734734267226762,SIMULATED,NORMAL
2026-06-17T16:50:46.303227+00:00,DION_001,376474,-0.60486227155573,SIMULATED,NORMAL
2026-06-17T16:50:46.313643+00:00,DION_001,376475,-0.4677198392648917,SIMULATED,NORMAL
2026-06-17T16:50:46.324034+00:00,DION_001,376476,-0.7128888696579894,SIMULATED,NORMAL
2026-06-17T16:50:46.334538+00:00,DION_001,376477,-0.722544533282231,SIMULATED,NORMAL
2026-06-17T16:50:46.345098+00:00,DION_001,376478,-0.5169628393968644,SIMULATED,NORMAL
2026-06-17T16:50:46.355635+00:00,DION_001,376479,-0.5433405800961406,SIMULATED,NORMAL
2026-06-17T16:50:46.366055+00:00,DION_001,376480,-0.8999680733587906,SIMULATED,NORMAL
2026-06-17T16:50:46.376679+00:00,DION_001,376481,-0.7816606708573377,SIMULATED,NORMAL
2026-06-17T16:50:46.387328+00:00,DION_001,376482,-1.0355380662851146,SIMULATED,NORMAL
2026-06-17T16:50:46.397867+00:00,DION_001,376483,-0.8292616970870866,SIMULATED,NORMAL
2026-06-17T16:50:46.408541+00:00,DION_001,376484,-0.8196987213554939,SIMULATED,NORMAL
2026-06-17T16:50:46.419355+00:00,DION_001,376485,-0.9596606302129526,SIMULATED,NORMAL
2026-06-17T16:50:46.429919+00:00,DION_001,376486,-0.7002310793110146,SIMULATED,NORMAL
2026-06-17T16:50:46.440646+00:00,DION_001,376487,-2.8522278244577466,SIMULATED,EVENT_DETECTED
2026-06-17T16:50:46.451521+00:00,DION_001,376488,-0.938058682605197,SIMULATED,NORMAL
2026-06-17T16:50:46.462015+00:00,DION_001,376489,-0.9196077496573738,SIMULATED,NORMAL
2026-06-17T16:50:46.472619+00:00,DION_001,376490,-0.932632487570157,SIMULATED,NORMAL
2026-06-17T16:50:46.483142+00:00,DION_001,376491,-0.9612169948133307,SIMULATED,NORMAL
2026-06-17T16:50:46.493771+00:00,DION_001,376492,-0.9419401945858719,SIMULATED,NORMAL
2026-06-17T16:50:46.504498+00:00,DION_001,376493,-0.9064615568471622,SIMULATED,NORMAL
2026-06-17T16:50:46.515206+00:00,DION_001,376494,-0.8136167441776598,SIMULATED,NORMAL
2026-06-17T16:50:46.525743+00:00,DION_001,376495,-0.976316695438297,SIMULATED,NORMAL
2026-06-17T16:50:46.536499+00:00,DION_001,376496,-0.8620479911084046,SIMULATED,NORMAL
2026-06-17T16:50:46.547424+00:00,DION_001,376497,-0.9966752352869014,SIMULATED,NORMAL
2026-06-17T16:50:46.558032+00:00,DION_001,376498,-0.8083173189091397,SIMULATED,NORMAL
2026-06-17T16:50:46.568798+00:00,DION_001,376499,-0.7082227355413484,SIMULATED,NORMAL
2026-06-17T16:50:46.579421+00:00,DION_001,376500,-0.7234217619113286,SIMULATED,NORMAL
2026-06-17T16:50:46.590053+00:00,DION_001,376501,-0.7785180374500971,SIMULATED,NORMAL
2026-06-17T16:50:46.600612+00:00,DION_001,376502,-0.858767429172979,SIMULATED,NORMAL
2026-06-17T16:50:46.611083+00:00,DION_001,376503,-0.8674670632194129,SIMULATED,NORMAL
2026-06-17T16:50:46.621644+00:00,DION_001,376504,-0.8186239270823498,SIMULATED,NORMAL
2026-06-17T16:50:46.632209+00:00,DION_001,376505,-0.6916458492425906,SIMULATED,NORMAL
2026-06-17T16:50:46.642777+00:00,DION_001,376506,-0.6578307165110899,SIMULATED,NORMAL
2026-06-17T16:50:46.653246+00:00,DION_001,376507,-0.5818960972029033,SIMULATED,NORMAL
2026-06-17T16:50:46.663889+00:00,DION_001,376508,-0.8210629032527159,SIMULATED,NORMAL
2026-06-17T16:50:46.674460+00:00,DION_001,376509,-0.3972125475133604,SIMULATED,NORMAL
2026-06-17T16:50:46.684984+00:00,DION_001,376510,-0.6518614068771824,SIMULATED,NORMAL
2026-06-17T16:50:46.695532+00:00,DION_001,376511,-0.6855691024886841,SIMULATED,NORMAL
2026-06-17T16:50:46.706212+00:00,DION_001,376512,-0.6218254114804118,SIMULATED,NORMAL
2026-06-17T16:50:46.716798+00:00,DION_001,376513,-0.6113275378735998,SIMULATED,NORMAL
2026-06-17T16:50:46.727456+00:00,DION_001,376514,-0.5011902850791506,SIMULATED,NORMAL
2026-06-17T16:50:46.738078+00:00,DION_001,376515,-0.7237076689809818,SIMULATED,NORMAL
2026-06-17T16:50:46.748699+00:00,DION_001,376516,-0.5026533829778999,SIMULATED,NORMAL
2026-06-17T16:50:46.759320+00:00,DION_001,376517,-0.563226139969381,SIMULATED,NORMAL
2026-06-17T16:50:46.769925+00:00,DION_001,376518,-0.4446753529142423,SIMULATED,NORMAL
2026-06-17T16:50:46.780538+00:00,DION_001,376519,-0.4458458545816013,SIMULATED,NORMAL
2026-06-17T16:50:46.791296+00:00,DION_001,376520,-0.5490042974557706,SIMULATED,NORMAL
2026-06-17T16:50:46.801908+00:00,DION_001,376521,-0.5205017233049717,SIMULATED,NORMAL
2026-06-17T16:50:46.812409+00:00,DION_001,376522,-0.3831493488622452,SIMULATED,NORMAL
2026-06-17T16:50:46.823074+00:00,DION_001,376523,-0.3793628452512513,SIMULATED,NORMAL
2026-06-17T16:50:46.833712+00:00,DION_001,376524,-0.43322163412259934,SIMULATED,NORMAL
2026-06-17T16:50:46.844273+00:00,DION_001,376525,-0.3068481276778856,SIMULATED,NORMAL
2026-06-17T16:50:46.855018+00:00,DION_001,376526,-0.2581772702905697,SIMULATED,NORMAL
2026-06-17T16:50:46.865655+00:00,DION_001,376527,-0.5322414256226328,SIMULATED,NORMAL
2026-06-17T16:50:46.876297+00:00,DION_001,376528,-0.5226917495461145,SIMULATED,NORMAL
2026-06-17T16:50:46.887306+00:00,DION_001,376529,-0.46575308277284866,SIMULATED,NORMAL
2026-06-17T16:50:46.898133+00:00,DION_001,376530,-0.5873804335845989,SIMULATED,NORMAL
2026-06-17T16:50:46.908750+00:00,DION_001,376531,-0.3714577694729472,SIMULATED,NORMAL
2026-06-17T16:50:46.919339+00:00,DION_001,376532,-0.5076494302043968,SIMULATED,NORMAL
2026-06-17T16:50:46.929962+00:00,DION_001,376533,-0.4128287220928925,SIMULATED,NORMAL
2026-06-17T16:50:46.940724+00:00,DION_001,376534,-0.42349177032900764,SIMULATED,NORMAL
2026-06-17T16:50:46.954119+00:00,DION_001,376535,-0.4854216425651429,SIMULATED,NORMAL
2026-06-17T16:50:46.964705+00:00,DION_001,376536,-0.5407588504103452,SIMULATED,NORMAL
2026-06-17T16:50:46.975183+00:00,DION_001,376537,-0.9853914943787347,SIMULATED,NORMAL
2026-06-17T16:50:46.985664+00:00,DION_001,376538,-0.3424625955292323,SIMULATED,NORMAL
2026-06-17T16:50:46.996215+00:00,DION_001,376539,-0.7193408945807072,SIMULATED,NORMAL
2026-06-17T16:50:47.006776+00:00,DION_001,376540,-0.5591694802369933,SIMULATED,NORMAL
2026-06-17T16:50:47.017349+00:00,DION_001,376541,-0.4616319966534357,SIMULATED,NORMAL
2026-06-17T16:50:47.027864+00:00,DION_001,376542,-0.5709603491571517,SIMULATED,NORMAL
2026-06-17T16:50:47.038530+00:00,DION_001,376543,-0.5104371056249213,SIMULATED,NORMAL
2026-06-17T16:50:47.049150+00:00,DION_001,376544,-0.4338438842280991,SIMULATED,NORMAL
2026-06-17T16:50:47.059892+00:00,DION_001,376545,-0.8561246573917258,SIMULATED,NORMAL
2026-06-17T16:50:47.070561+00:00,DION_001,376546,-0.7577921315676207,SIMULATED,NORMAL
2026-06-17T16:50:47.081177+00:00,DION_001,376547,-0.9945234871327717,SIMULATED,NORMAL
2026-06-17T16:50:47.091783+00:00,DION_001,376548,-0.7273801901863263,SIMULATED,NORMAL
2026-06-17T16:50:47.102451+00:00,DION_001,376549,-0.8332042964246353,SIMULATED,NORMAL
2026-06-17T16:50:47.113063+00:00,DION_001,376550,-0.7714199890076627,SIMULATED,NORMAL
2026-06-17T16:50:47.123677+00:00,DION_001,376551,-1.1611798212668227,SIMULATED,NORMAL
2026-06-17T16:50:47.134300+00:00,DION_001,376552,-0.8763355751988957,SIMULATED,NORMAL
2026-06-17T16:50:47.144814+00:00,DION_001,376553,-1.001908529070706,SIMULATED,NORMAL
2026-06-17T16:50:47.155427+00:00,DION_001,376554,-0.8043301931292286,SIMULATED,NORMAL
2026-06-17T16:50:47.165967+00:00,DION_001,376555,-1.2275902943558,SIMULATED,NORMAL
2026-06-17T16:50:47.176755+00:00,DION_001,376556,-0.9738340168421584,SIMULATED,NORMAL
2026-06-17T16:50:47.187472+00:00,DION_001,376557,-1.1960838025495275,SIMULATED,NORMAL
2026-06-17T16:50:47.198094+00:00,DION_001,376558,-0.8871606766134099,SIMULATED,NORMAL
2026-06-17T16:50:47.208847+00:00,DION_001,376559,-1.2649136851556089,SIMULATED,NORMAL
2026-06-17T16:50:47.219511+00:00,DION_001,376560,-1.0409312363259784,SIMULATED,NORMAL
2026-06-17T16:50:47.230133+00:00,DION_001,376561,-1.2331821014699385,SIMULATED,NORMAL
2026-06-17T16:50:47.240880+00:00,DION_001,376562,-1.1297886766071774,SIMULATED,NORMAL
2026-06-17T16:50:47.251393+00:00,DION_001,376563,-1.4633908578536279,SIMULATED,NORMAL
2026-06-17T16:50:47.261836+00:00,DION_001,376564,-1.2118785283923117,SIMULATED,NORMAL
2026-06-17T16:50:47.272448+00:00,DION_001,376565,-1.175115670978439,SIMULATED,NORMAL
2026-06-17T16:50:47.283382+00:00,DION_001,376566,-1.2942188393993366,SIMULATED,NORMAL
2026-06-17T16:50:47.293916+00:00,DION_001,376567,-1.033379932456047,SIMULATED,NORMAL
2026-06-17T16:50:47.304706+00:00,DION_001,376568,-1.0990628645460034,SIMULATED,NORMAL
2026-06-17T16:50:47.315395+00:00,DION_001,376569,-1.1419750940333886,SIMULATED,NORMAL
2026-06-17T16:50:47.325956+00:00,DION_001,376570,-1.2925862249752298,SIMULATED,NORMAL
2026-06-17T16:50:47.336410+00:00,DION_001,376571,-0.9074944735052799,SIMULATED,NORMAL
2026-06-17T16:50:47.346994+00:00,DION_001,376572,-1.2338568004059023,SIMULATED,NORMAL
2026-06-17T16:50:47.357454+00:00,DION_001,376573,-1.1359028462969534,SIMULATED,NORMAL
2026-06-17T16:50:47.367847+00:00,DION_001,376574,1.3249439660224724,SIMULATED,NORMAL
2026-06-17T16:50:47.378362+00:00,DION_001,376575,-0.9605823990736396,SIMULATED,NORMAL
2026-06-17T16:50:47.388735+00:00,DION_001,376576,-0.9460260729945491,SIMULATED,NORMAL
2026-06-17T16:50:47.399056+00:00,DION_001,376577,-0.9822586503173186,SIMULATED,NORMAL
2026-06-17T16:50:47.409568+00:00,DION_001,376578,-0.8574069239276811,SIMULATED,NORMAL
2026-06-17T16:50:47.420093+00:00,DION_001,376579,-0.8753572511969875,SIMULATED,NORMAL
2026-06-17T16:50:47.430411+00:00,DION_001,376580,-0.7775001972500024,SIMULATED,NORMAL
2026-06-17T16:50:47.440866+00:00,DION_001,376581,-0.6683390403519138,SIMULATED,NORMAL
2026-06-17T16:50:47.451213+00:00,DION_001,376582,-0.5693724044779568,SIMULATED,NORMAL
2026-06-17T16:50:47.461712+00:00,DION_001,376583,-0.524696554017761,SIMULATED,NORMAL
2026-06-17T16:50:47.472261+00:00,DION_001,376584,-0.7257389523748261,SIMULATED,NORMAL
2026-06-17T16:50:47.482643+00:00,DION_001,376585,-0.7047528616308587,SIMULATED,NORMAL
2026-06-17T16:50:47.493135+00:00,DION_001,376586,-0.44815098656051483,SIMULATED,NORMAL
2026-06-17T16:50:47.503814+00:00,DION_001,376587,-0.548570051949185,SIMULATED,NORMAL
2026-06-17T16:50:47.514325+00:00,DION_001,376588,-0.5453737688344563,SIMULATED,NORMAL
2026-06-17T16:50:47.525012+00:00,DION_001,376589,-0.6339915640550531,SIMULATED,NORMAL
2026-06-17T16:50:47.535510+00:00,DION_001,376590,-0.45187087585047137,SIMULATED,NORMAL
2026-06-17T16:50:47.546159+00:00,DION_001,376591,-0.4056123321545493,SIMULATED,NORMAL
2026-06-17T16:50:47.556845+00:00,DION_001,376592,-0.2774303950191898,SIMULATED,NORMAL
2026-06-17T16:50:47.567441+00:00,DION_001,376593,-0.2711426610411399,SIMULATED,NORMAL
2026-06-17T16:50:47.577889+00:00,DION_001,376594,-0.37675301194628646,SIMULATED,NORMAL
2026-06-17T16:50:47.588668+00:00,DION_001,376595,-0.550597961132917,SIMULATED,NORMAL
2026-06-17T16:50:47.599394+00:00,DION_001,376596,-0.21082942599945087,SIMULATED,NORMAL
2026-06-17T16:50:47.610040+00:00,DION_001,376597,0.1648175779150049,SIMULATED,NORMAL
2026-06-17T16:50:47.620789+00:00,DION_001,376598,-0.17340935324467655,SIMULATED,NORMAL
2026-06-17T16:50:47.631414+00:00,DION_001,376599,0.04843628975159622,SIMULATED,NORMAL
2026-06-17T16:50:47.641992+00:00,DION_001,376600,-0.14201477449466304,SIMULATED,NORMAL
2026-06-17T16:50:47.652801+00:00,DION_001,376601,0.20531793188775732,SIMULATED,NORMAL
2026-06-17T16:50:47.663423+00:00,DION_001,376602,0.15574823040783095,SIMULATED,NORMAL
2026-06-17T16:50:47.673998+00:00,DION_001,376603,0.005995558887005986,SIMULATED,NORMAL
2026-06-17T16:50:47.684704+00:00,DION_001,376604,-0.05648521978427622,SIMULATED,NORMAL
2026-06-17T16:50:47.695214+00:00,DION_001,376605,0.00506881418008304,SIMULATED,NORMAL
2026-06-17T16:50:47.705800+00:00,DION_001,376606,-0.2599867078336241,SIMULATED,NORMAL
2026-06-17T16:50:47.716416+00:00,DION_001,376607,-0.09132292096451805,SIMULATED,NORMAL
2026-06-17T16:50:47.726995+00:00,DION_001,376608,-0.035284967126905334,SIMULATED,NORMAL
2026-06-17T16:50:47.737756+00:00,DION_001,376609,0.09660404504937875,SIMULATED,NORMAL
2026-06-17T16:50:47.748370+00:00,DION_001,376610,-0.10976670470490729,SIMULATED,NORMAL
2026-06-17T16:50:47.759095+00:00,DION_001,376611,-0.195762671478455,SIMULATED,NORMAL
2026-06-17T16:50:47.769685+00:00,DION_001,376612,-0.10986625076950443,SIMULATED,NORMAL
2026-06-17T16:50:47.780322+00:00,DION_001,376613,-0.1272127223032806,SIMULATED,NORMAL
2026-06-17T16:50:47.791079+00:00,DION_001,376614,-0.15080947873630343,SIMULATED,NORMAL
2026-06-17T16:50:47.801694+00:00,DION_001,376615,0.0736481364900564,SIMULATED,NORMAL
2026-06-17T16:50:47.812216+00:00,DION_001,376616,-0.1429243484097788,SIMULATED,NORMAL
2026-06-17T16:50:47.822834+00:00,DION_001,376617,-0.19183125046937433,SIMULATED,NORMAL
2026-06-17T16:50:47.833495+00:00,DION_001,376618,0.07954965988898437,SIMULATED,NORMAL
2026-06-17T16:50:47.844030+00:00,DION_001,376619,-0.18149594965931648,SIMULATED,NORMAL
2026-06-17T16:50:47.854763+00:00,DION_001,376620,-0.3549432859604156,SIMULATED,NORMAL
2026-06-17T16:50:47.865154+00:00,DION_001,376621,0.003698545950052312,SIMULATED,NORMAL
2026-06-17T16:50:47.875795+00:00,DION_001,376622,0.014736866416295041,SIMULATED,NORMAL
2026-06-17T16:50:47.886464+00:00,DION_001,376623,0.15626745984673016,SIMULATED,NORMAL
2026-06-17T16:50:47.897091+00:00,DION_001,376624,-0.055238973121012246,SIMULATED,NORMAL
2026-06-17T16:50:47.907698+00:00,DION_001,376625,-0.06643981054942506,SIMULATED,NORMAL
2026-06-17T16:50:47.918495+00:00,DION_001,376626,-0.10579827008398279,SIMULATED,NORMAL
2026-06-17T16:50:47.929111+00:00,DION_001,376627,0.020443161499520995,SIMULATED,NORMAL
2026-06-17T16:50:47.939825+00:00,DION_001,376628,-0.26904105566277553,SIMULATED,NORMAL
2026-06-17T16:50:47.950453+00:00,DION_001,376629,-0.07688290519106415,SIMULATED,NORMAL
2026-06-17T16:50:47.960995+00:00,DION_001,376630,-0.1439346815305081,SIMULATED,NORMAL
2026-06-17T16:50:47.971678+00:00,DION_001,376631,-0.30280196443135254,SIMULATED,NORMAL
2026-06-17T16:50:47.982259+00:00,DION_001,376632,-0.08865804188400478,SIMULATED,NORMAL
2026-06-17T16:50:47.992871+00:00,DION_001,376633,-0.30027367320342857,SIMULATED,NORMAL
2026-06-17T16:50:48.003705+00:00,DION_001,376634,-0.2037622996297958,SIMULATED,NORMAL
2026-06-17T16:50:48.014244+00:00,DION_001,376635,-0.3226519539183492,SIMULATED,NORMAL
2026-06-17T16:50:48.024836+00:00,DION_001,376636,-0.19508705806680265,SIMULATED,NORMAL
2026-06-17T16:50:48.035374+00:00,DION_001,376637,-0.48543018310208497,SIMULATED,NORMAL
2026-06-17T16:50:48.045962+00:00,DION_001,376638,-0.5550401726541017,SIMULATED,NORMAL
2026-06-17T16:50:48.056731+00:00,DION_001,376639,-0.26850663643471534,SIMULATED,NORMAL
2026-06-17T16:50:48.067391+00:00,DION_001,376640,-0.2276540064909819,SIMULATED,NORMAL
2026-06-17T16:50:48.077907+00:00,DION_001,376641,-0.28373695198681687,SIMULATED,NORMAL
2026-06-17T16:50:48.088519+00:00,DION_001,376642,-0.11981103782282462,SIMULATED,NORMAL
2026-06-17T16:50:48.099229+00:00,DION_001,376643,-0.09341264254125883,SIMULATED,NORMAL
2026-06-17T16:50:48.110044+00:00,DION_001,376644,-0.2764165419527927,SIMULATED,NORMAL
2026-06-17T16:50:48.120705+00:00,DION_001,376645,-0.16779712658679177,SIMULATED,NORMAL
2026-06-17T16:50:48.131306+00:00,DION_001,376646,-0.29879663213849716,SIMULATED,NORMAL
2026-06-17T16:50:48.141886+00:00,DION_001,376647,-0.35288406723638116,SIMULATED,NORMAL
2026-06-17T16:50:48.152450+00:00,DION_001,376648,-0.27572702265011206,SIMULATED,NORMAL
2026-06-17T16:50:48.163484+00:00,DION_001,376649,-0.03653436898223633,SIMULATED,NORMAL
2026-06-17T16:50:48.174070+00:00,DION_001,376650,-0.1772414089593612,SIMULATED,NORMAL
2026-06-17T16:50:48.184840+00:00,DION_001,376651,0.13558165595443777,SIMULATED,NORMAL
2026-06-17T16:50:48.195572+00:00,DION_001,376652,-0.11002809740693802,SIMULATED,NORMAL
2026-06-17T16:50:48.206150+00:00,DION_001,376653,-0.05234854331904941,SIMULATED,NORMAL
2026-06-17T16:50:48.216790+00:00,DION_001,376654,-0.1687976775309469,SIMULATED,NORMAL
2026-06-17T16:50:48.227494+00:00,DION_001,376655,-0.11872546768099601,SIMULATED,NORMAL
2026-06-17T16:50:48.238087+00:00,DION_001,376656,0.04299263972151776,SIMULATED,NORMAL
2026-06-17T16:50:48.248713+00:00,DION_001,376657,-0.21928787283248619,SIMULATED,NORMAL
2026-06-17T16:50:48.259331+00:00,DION_001,376658,0.15257339653590749,SIMULATED,NORMAL
2026-06-17T16:50:48.269981+00:00,DION_001,376659,2.4065276134536973,SIMULATED,EVENT_DETECTED
2026-06-17T16:50:48.280751+00:00,DION_001,376660,0.2706590189353871,SIMULATED,NORMAL
2026-06-17T16:50:48.291310+00:00,DION_001,376661,0.31794647113661245,SIMULATED,NORMAL
2026-06-17T16:50:48.301929+00:00,DION_001,376662,0.21886744767622718,SIMULATED,NORMAL
2026-06-17T16:50:48.312522+00:00,DION_001,376663,0.41755639978339293,SIMULATED,NORMAL
2026-06-17T16:50:48.323358+00:00,DION_001,376664,0.23473712296353258,SIMULATED,NORMAL
2026-06-17T16:50:48.334127+00:00,DION_001,376665,0.42045312531030615,SIMULATED,NORMAL
2026-06-17T16:50:48.344821+00:00,DION_001,376666,0.2976788596859255,SIMULATED,NORMAL
2026-06-17T16:50:48.355515+00:00,DION_001,376667,0.491568937229892,SIMULATED,NORMAL
2026-06-17T16:50:48.366065+00:00,DION_001,376668,0.48872515224890506,SIMULATED,NORMAL
2026-06-17T16:50:48.376838+00:00,DION_001,376669,0.5624944435508809,SIMULATED,NORMAL
2026-06-17T16:50:48.387415+00:00,DION_001,376670,0.8416052711779546,SIMULATED,NORMAL
2026-06-17T16:50:48.398047+00:00,DION_001,376671,0.9498223182283743,SIMULATED,NORMAL
2026-06-17T16:50:48.408701+00:00,DION_001,376672,0.6637389927020229,SIMULATED,NORMAL
2026-06-17T16:50:48.419208+00:00,DION_001,376673,0.6967955097895833,SIMULATED,NORMAL
2026-06-17T16:50:48.429730+00:00,DION_001,376674,0.45861062573388267,SIMULATED,NORMAL
2026-06-17T16:50:48.440228+00:00,DION_001,376675,0.6486933565337017,SIMULATED,NORMAL
2026-06-17T16:50:48.450824+00:00,DION_001,376676,0.6522137055390851,SIMULATED,NORMAL
2026-06-17T16:50:48.461265+00:00,DION_001,376677,0.6427623681922664,SIMULATED,NORMAL
2026-06-17T16:50:48.471653+00:00,DION_001,376678,0.6959257126993478,SIMULATED,NORMAL
2026-06-17T16:50:48.481989+00:00,DION_001,376679,0.6277036851949247,SIMULATED,NORMAL
2026-06-17T16:50:48.492419+00:00,DION_001,376680,0.9851256103134516,SIMULATED,NORMAL
2026-06-17T16:50:48.502916+00:00,DION_001,376681,0.9901632513115611,SIMULATED,NORMAL
2026-06-17T16:50:48.513307+00:00,DION_001,376682,0.9408060755070892,SIMULATED,NORMAL
2026-06-17T16:50:48.523731+00:00,DION_001,376683,1.0222034353063612,SIMULATED,NORMAL
2026-06-17T16:50:48.534150+00:00,DION_001,376684,0.8935538496875194,SIMULATED,NORMAL
2026-06-17T16:50:48.544637+00:00,DION_001,376685,1.0677496423662869,SIMULATED,NORMAL
2026-06-17T16:50:48.555056+00:00,DION_001,376686,1.1929570188094336,SIMULATED,NORMAL
2026-06-17T16:50:48.565409+00:00,DION_001,376687,0.9536470990760929,SIMULATED,NORMAL
2026-06-17T16:50:48.575850+00:00,DION_001,376688,1.2806630158718204,SIMULATED,NORMAL
2026-06-17T16:50:48.586410+00:00,DION_001,376689,0.8890556608445636,SIMULATED,NORMAL
2026-06-17T16:50:48.596833+00:00,DION_001,376690,0.9536235824206585,SIMULATED,NORMAL
2026-06-17T16:50:48.607146+00:00,DION_001,376691,1.1147249365039842,SIMULATED,NORMAL
2026-06-17T16:50:48.617577+00:00,DION_001,376692,0.9103607816389286,SIMULATED,NORMAL
2026-06-17T16:50:48.628151+00:00,DION_001,376693,0.9121588341473474,SIMULATED,NORMAL
2026-06-17T16:50:48.638637+00:00,DION_001,376694,1.0074595307427008,SIMULATED,NORMAL
2026-06-17T16:50:48.649168+00:00,DION_001,376695,0.7969239902631641,SIMULATED,NORMAL
2026-06-17T16:50:48.659775+00:00,DION_001,376696,1.1918662518688232,SIMULATED,NORMAL
2026-06-17T16:50:48.670273+00:00,DION_001,376697,0.9080217503242755,SIMULATED,NORMAL
2026-06-17T16:50:48.680843+00:00,DION_001,376698,1.0210324709011165,SIMULATED,NORMAL
2026-06-17T16:50:48.691269+00:00,DION_001,376699,0.7199045412933232,SIMULATED,NORMAL
2026-06-17T16:50:48.701894+00:00,DION_001,376700,0.8874065403230917,SIMULATED,NORMAL
2026-06-17T16:50:48.712438+00:00,DION_001,376701,3.491901940856274,SIMULATED,EVENT_DETECTED
2026-06-17T16:50:48.723536+00:00,DION_001,376702,0.88881550042298,SIMULATED,NORMAL
2026-06-17T16:50:48.734066+00:00,DION_001,376703,0.850327473235327,SIMULATED,NORMAL
2026-06-17T16:50:48.744641+00:00,DION_001,376704,0.7014706407256499,SIMULATED,NORMAL
2026-06-17T16:50:48.755378+00:00,DION_001,376705,0.6843890372588883,SIMULATED,NORMAL
2026-06-17T16:50:48.765914+00:00,DION_001,376706,0.45818955855357546,SIMULATED,NORMAL
2026-06-17T16:50:48.776701+00:00,DION_001,376707,0.6005739129783271,SIMULATED,NORMAL
2026-06-17T16:50:48.787373+00:00,DION_001,376708,0.7815490871422398,SIMULATED,NORMAL
2026-06-17T16:50:48.797895+00:00,DION_001,376709,0.694927624742856,SIMULATED,NORMAL
2026-06-17T16:50:48.808496+00:00,DION_001,376710,0.5717342316243955,SIMULATED,NORMAL
2026-06-17T16:50:48.819222+00:00,DION_001,376711,0.3618274602813299,SIMULATED,NORMAL
2026-06-17T16:50:48.829827+00:00,DION_001,376712,2.3227787159563875,SIMULATED,EVENT_DETECTED
2026-06-17T16:50:48.840672+00:00,DION_001,376713,0.5670588321852632,SIMULATED,NORMAL
2026-06-17T16:50:48.851332+00:00,DION_001,376714,0.1835006540556015,SIMULATED,NORMAL
2026-06-17T16:50:48.861877+00:00,DION_001,376715,0.4708607431605034,SIMULATED,NORMAL
2026-06-17T16:50:48.872434+00:00,DION_001,376716,0.5106298958336024,SIMULATED,NORMAL
2026-06-17T16:50:48.883259+00:00,DION_001,376717,0.4076378368834308,SIMULATED,NORMAL
2026-06-17T16:50:48.893760+00:00,DION_001,376718,0.5866077471310808,SIMULATED,NORMAL
2026-06-17T16:50:48.904491+00:00,DION_001,376719,0.509061305508082,SIMULATED,NORMAL
2026-06-17T16:50:48.915262+00:00,DION_001,376720,0.4638209871246055,SIMULATED,NORMAL
2026-06-17T16:50:48.925906+00:00,DION_001,376721,0.33362536463485737,SIMULATED,NORMAL
2026-06-17T16:50:48.936672+00:00,DION_001,376722,0.5487724527996093,SIMULATED,NORMAL
2026-06-17T16:50:48.947301+00:00,DION_001,376723,0.48174747728643663,SIMULATED,NORMAL
2026-06-17T16:50:48.957909+00:00,DION_001,376724,0.590128112023688,SIMULATED,NORMAL
2026-06-17T16:50:48.971260+00:00,DION_001,376725,0.08230266495398891,SIMULATED,NORMAL
2026-06-17T16:50:48.981877+00:00,DION_001,376726,0.5603738223245287,SIMULATED,NORMAL
2026-06-17T16:50:48.992413+00:00,DION_001,376727,0.5307363048836835,SIMULATED,NORMAL
2026-06-17T16:50:49.003126+00:00,DION_001,376728,0.33967859454397303,SIMULATED,NORMAL
2026-06-17T16:50:49.013725+00:00,DION_001,376729,0.48078111192950423,SIMULATED,NORMAL
2026-06-17T16:50:49.024533+00:00,DION_001,376730,0.2761817551840551,SIMULATED,NORMAL
2026-06-17T16:50:49.035222+00:00,DION_001,376731,0.4637613497240221,SIMULATED,NORMAL
2026-06-17T16:50:49.045717+00:00,DION_001,376732,0.20534619713055896,SIMULATED,NORMAL
2026-06-17T16:50:49.056344+00:00,DION_001,376733,0.6446412778974673,SIMULATED,NORMAL
2026-06-17T16:50:49.067107+00:00,DION_001,376734,0.5690368025043373,SIMULATED,NORMAL
2026-06-17T16:50:49.077625+00:00,DION_001,376735,0.3729971262587103,SIMULATED,NORMAL
2026-06-17T16:50:49.088199+00:00,DION_001,376736,0.72114538486227,SIMULATED,NORMAL
2026-06-17T16:50:49.098784+00:00,DION_001,376737,0.35824805338432747,SIMULATED,NORMAL
2026-06-17T16:50:49.109377+00:00,DION_001,376738,0.7892251600473627,SIMULATED,NORMAL
2026-06-17T16:50:49.119945+00:00,DION_001,376739,0.7456738400277787,SIMULATED,NORMAL
2026-06-17T16:50:49.130634+00:00,DION_001,376740,0.5926679895172389,SIMULATED,NORMAL
2026-06-17T16:50:49.141151+00:00,DION_001,376741,0.6824706401758475,SIMULATED,NORMAL
2026-06-17T16:50:49.151614+00:00,DION_001,376742,0.610641186753621,SIMULATED,NORMAL
2026-06-17T16:50:49.161990+00:00,DION_001,376743,0.7076945278294409,SIMULATED,NORMAL
2026-06-17T16:50:49.172376+00:00,DION_001,376744,0.6283321124300321,SIMULATED,NORMAL
2026-06-17T16:50:49.182976+00:00,DION_001,376745,0.9216544040047248,SIMULATED,NORMAL
2026-06-17T16:50:49.193639+00:00,DION_001,376746,1.030408554180813,SIMULATED,NORMAL
2026-06-17T16:50:49.204239+00:00,DION_001,376747,0.8323475121921141,SIMULATED,NORMAL
2026-06-17T16:50:49.214813+00:00,DION_001,376748,0.9111096914182216,SIMULATED,NORMAL
2026-06-17T16:50:49.225378+00:00,DION_001,376749,0.8171144224113772,SIMULATED,NORMAL
2026-06-17T16:50:49.235867+00:00,DION_001,376750,0.7089264090207701,SIMULATED,NORMAL
2026-06-17T16:50:49.246482+00:00,DION_001,376751,0.6690186944131333,SIMULATED,NORMAL
2026-06-17T16:50:49.257127+00:00,DION_001,376752,1.3762699177519337,SIMULATED,NORMAL
2026-06-17T16:50:49.267797+00:00,DION_001,376753,0.8828901376176486,SIMULATED,NORMAL
2026-06-17T16:50:49.278305+00:00,DION_001,376754,1.1335200787053195,SIMULATED,NORMAL
2026-06-17T16:50:49.289117+00:00,DION_001,376755,0.9494896674080481,SIMULATED,NORMAL
2026-06-17T16:50:49.299666+00:00,DION_001,376756,0.979612867971352,SIMULATED,NORMAL
2026-06-17T16:50:49.310569+00:00,DION_001,376757,1.0840973997922665,SIMULATED,NORMAL
2026-06-17T16:50:49.321180+00:00,DION_001,376758,0.7935879264318417,SIMULATED,NORMAL
2026-06-17T16:50:49.331793+00:00,DION_001,376759,0.9620696770150646,SIMULATED,NORMAL
2026-06-17T16:50:49.342489+00:00,DION_001,376760,0.9139415275812963,SIMULATED,NORMAL
2026-06-17T16:50:49.353223+00:00,DION_001,376761,3.8075416211099693,SIMULATED,EVENT_DETECTED
2026-06-17T16:50:49.363899+00:00,DION_001,376762,1.1183151294357188,SIMULATED,NORMAL
2026-06-17T16:50:49.374616+00:00,DION_001,376763,-1.5819356343149706,SIMULATED,NORMAL
2026-06-17T16:50:49.385318+00:00,DION_001,376764,1.0614576690539463,SIMULATED,NORMAL
2026-06-17T16:50:49.395980+00:00,DION_001,376765,1.2966226857692393,SIMULATED,NORMAL
2026-06-17T16:50:49.406737+00:00,DION_001,376766,-0.8506904380616749,SIMULATED,NORMAL
2026-06-17T16:50:49.417704+00:00,DION_001,376767,1.0248570624906355,SIMULATED,NORMAL
2026-06-17T16:50:49.428202+00:00,DION_001,376768,1.0683066244879695,SIMULATED,NORMAL
2026-06-17T16:50:49.438796+00:00,DION_001,376769,1.1774939209806257,SIMULATED,NORMAL
2026-06-17T16:50:49.449287+00:00,DION_001,376770,0.7444313469142867,SIMULATED,NORMAL
2026-06-17T16:50:49.459958+00:00,DION_001,376771,0.8747115026422289,SIMULATED,NORMAL
2026-06-17T16:50:49.470596+00:00,DION_001,376772,0.9702811392650673,SIMULATED,NORMAL
2026-06-17T16:50:49.481160+00:00,DION_001,376773,2.2679976917677562,SIMULATED,EVENT_DETECTED
2026-06-17T16:50:49.491971+00:00,DION_001,376774,0.9373525851970768,SIMULATED,NORMAL
2026-06-17T16:50:49.502595+00:00,DION_001,376775,0.5644514136421904,SIMULATED,NORMAL
2026-06-17T16:50:49.513119+00:00,DION_001,376776,0.7676510486040478,SIMULATED,NORMAL
2026-06-17T16:50:49.523550+00:00,DION_001,376777,0.7918738852069122,SIMULATED,NORMAL
2026-06-17T16:50:49.533991+00:00,DION_001,376778,0.6728128627006211,SIMULATED,NORMAL
2026-06-17T16:50:49.544525+00:00,DION_001,376779,0.7981503310109608,SIMULATED,NORMAL
2026-06-17T16:50:49.555100+00:00,DION_001,376780,0.6036838310796402,SIMULATED,NORMAL
2026-06-17T16:50:49.565521+00:00,DION_001,376781,0.7754683868855808,SIMULATED,NORMAL
2026-06-17T16:50:49.575791+00:00,DION_001,376782,0.5446288302603169,SIMULATED,NORMAL
2026-06-17T16:50:49.586119+00:00,DION_001,376783,0.46300248908324493,SIMULATED,NORMAL
2026-06-17T16:50:49.596457+00:00,DION_001,376784,0.6215592656924352,SIMULATED,NORMAL
2026-06-17T16:50:49.606777+00:00,DION_001,376785,0.3618917984115152,SIMULATED,NORMAL
2026-06-17T16:50:49.617234+00:00,DION_001,376786,0.639231054591664,SIMULATED,NORMAL
2026-06-17T16:50:49.627731+00:00,DION_001,376787,0.14792653408666082,SIMULATED,NORMAL
2026-06-17T16:50:49.638344+00:00,DION_001,376788,0.29614525066813363,SIMULATED,NORMAL
2026-06-17T16:50:49.648847+00:00,DION_001,376789,0.1732359833968687,SIMULATED,NORMAL
2026-06-17T16:50:49.659305+00:00,DION_001,376790,0.2534997844476887,SIMULATED,NORMAL
2026-06-17T16:50:49.669927+00:00,DION_001,376791,0.1107368886080925,SIMULATED,NORMAL
2026-06-17T16:50:49.680519+00:00,DION_001,376792,0.01779637875084468,SIMULATED,NORMAL
2026-06-17T16:50:49.691382+00:00,DION_001,376793,0.19672413343456202,SIMULATED,NORMAL
2026-06-17T16:50:49.701907+00:00,DION_001,376794,0.1339324520411885,SIMULATED,NORMAL
2026-06-17T16:50:49.712446+00:00,DION_001,376795,-0.319575760171328,SIMULATED,NORMAL
2026-06-17T16:50:49.723081+00:00,DION_001,376796,0.03818472077700405,SIMULATED,NORMAL
2026-06-17T16:50:49.733535+00:00,DION_001,376797,-0.1917595484272885,SIMULATED,NORMAL
2026-06-17T16:50:49.744051+00:00,DION_001,376798,0.15216017465319762,SIMULATED,NORMAL
2026-06-17T16:50:49.754725+00:00,DION_001,376799,-0.12571599122907554,SIMULATED,NORMAL
2026-06-17T16:50:49.765269+00:00,DION_001,376800,-0.13466566895814291,SIMULATED,NORMAL
2026-06-17T16:50:49.775872+00:00,DION_001,376801,-0.13460694813776014,SIMULATED,NORMAL
2026-06-17T16:50:49.786524+00:00,DION_001,376802,0.02164347426113436,SIMULATED,NORMAL
2026-06-17T16:50:49.797150+00:00,DION_001,376803,-0.2926092488616968,SIMULATED,NORMAL
2026-06-17T16:50:49.807786+00:00,DION_001,376804,-0.49944816423648064,SIMULATED,NORMAL
2026-06-17T16:50:49.818434+00:00,DION_001,376805,-0.09216129260832785,SIMULATED,NORMAL
2026-06-17T16:50:49.828956+00:00,DION_001,376806,-0.026684925651721175,SIMULATED,NORMAL
2026-06-17T16:50:49.839580+00:00,DION_001,376807,-0.21028260583706768,SIMULATED,NORMAL
2026-06-17T16:50:49.850317+00:00,DION_001,376808,-0.10173451071182744,SIMULATED,NORMAL
2026-06-17T16:50:49.860767+00:00,DION_001,376809,-0.16076990845210046,SIMULATED,NORMAL
2026-06-17T16:50:49.871417+00:00,DION_001,376810,-0.26616505859632,SIMULATED,NORMAL
2026-06-17T16:50:49.882056+00:00,DION_001,376811,-0.2296301698508182,SIMULATED,NORMAL
2026-06-17T16:50:49.892710+00:00,DION_001,376812,-0.15795819526361313,SIMULATED,NORMAL
2026-06-17T16:50:49.903402+00:00,DION_001,376813,1.6091067239455503,SIMULATED,NORMAL
2026-06-17T16:50:49.914270+00:00,DION_001,376814,-0.2682571284359691,SIMULATED,NORMAL
2026-06-17T16:50:49.925155+00:00,DION_001,376815,-0.08192552616130963,SIMULATED,NORMAL
2026-06-17T16:50:49.935768+00:00,DION_001,376816,-0.1258533003768215,SIMULATED,NORMAL
2026-06-17T16:50:49.946422+00:00,DION_001,376817,0.10928166657298594,SIMULATED,NORMAL
2026-06-17T16:50:49.957057+00:00,DION_001,376818,-0.06009456218978501,SIMULATED,NORMAL
2026-06-17T16:50:49.967855+00:00,DION_001,376819,-0.1650101185168481,SIMULATED,NORMAL
2026-06-17T16:50:49.978424+00:00,DION_001,376820,0.045170154176318866,SIMULATED,NORMAL
2026-06-17T16:50:49.989141+00:00,DION_001,376821,-0.04740244175156805,SIMULATED,NORMAL
2026-06-17T16:50:49.999760+00:00,DION_001,376822,0.01817867244435614,SIMULATED,NORMAL
2026-06-17T16:50:50.010300+00:00,DION_001,376823,0.12665793139473405,SIMULATED,NORMAL
2026-06-17T16:50:50.020920+00:00,DION_001,376824,0.04898479746214448,SIMULATED,NORMAL
2026-06-17T16:50:50.031585+00:00,DION_001,376825,0.10854019168576365,SIMULATED,NORMAL
2026-06-17T16:50:50.042210+00:00,DION_001,376826,0.42029688023147166,SIMULATED,NORMAL
2026-06-17T16:50:50.052886+00:00,DION_001,376827,0.15848870715019772,SIMULATED,NORMAL
2026-06-17T16:50:50.063533+00:00,DION_001,376828,0.20668924454199844,SIMULATED,NORMAL
2026-06-17T16:50:50.074203+00:00,DION_001,376829,-0.1847206444438962,SIMULATED,NORMAL
2026-06-17T16:50:50.084968+00:00,DION_001,376830,-0.08170792127625268,SIMULATED,NORMAL
2026-06-17T16:50:50.095615+00:00,DION_001,376831,0.08325171803382475,SIMULATED,NORMAL
2026-06-17T16:50:50.106306+00:00,DION_001,376832,-2.597795276988994,SIMULATED,EVENT_DETECTED
2026-06-17T16:50:50.117356+00:00,DION_001,376833,0.45880028096010794,SIMULATED,NORMAL
2026-06-17T16:50:50.127970+00:00,DION_001,376834,0.13393175227847273,SIMULATED,NORMAL
2026-06-17T16:50:50.138440+00:00,DION_001,376835,0.3182704815549948,SIMULATED,NORMAL
2026-06-17T16:50:50.148934+00:00,DION_001,376836,0.2004785810706466,SIMULATED,NORMAL
2026-06-17T16:50:50.159426+00:00,DION_001,376837,0.25904189294589086,SIMULATED,NORMAL
2026-06-17T16:50:50.170026+00:00,DION_001,376838,0.08960908890164591,SIMULATED,NORMAL
2026-06-17T16:50:50.180849+00:00,DION_001,376839,0.020800844764852056,SIMULATED,NORMAL
2026-06-17T16:50:50.191518+00:00,DION_001,376840,0.3026950591845133,SIMULATED,NORMAL
2026-06-17T16:50:50.202356+00:00,DION_001,376841,0.28951230939422856,SIMULATED,NORMAL
2026-06-17T16:50:50.213068+00:00,DION_001,376842,0.1930243879452748,SIMULATED,NORMAL
2026-06-17T16:50:50.223682+00:00,DION_001,376843,0.228858038497799,SIMULATED,NORMAL
2026-06-17T16:50:50.234344+00:00,DION_001,376844,-0.0570855944427871,SIMULATED,NORMAL
2026-06-17T16:50:50.244882+00:00,DION_001,376845,0.10059744789298405,SIMULATED,NORMAL
2026-06-17T16:50:50.255408+00:00,DION_001,376846,-0.27297677803014114,SIMULATED,NORMAL
2026-06-17T16:50:50.266025+00:00,DION_001,376847,-0.13720099905829855,SIMULATED,NORMAL
2026-06-17T16:50:50.276678+00:00,DION_001,376848,0.21707622955837777,SIMULATED,NORMAL
2026-06-17T16:50:50.287339+00:00,DION_001,376849,0.005772791302911303,SIMULATED,NORMAL
2026-06-17T16:50:50.297916+00:00,DION_001,376850,-0.3117084964023657,SIMULATED,NORMAL
2026-06-17T16:50:50.308502+00:00,DION_001,376851,-0.507797117519768,SIMULATED,NORMAL
2026-06-17T16:50:50.319263+00:00,DION_001,376852,2.7792926390009596,SIMULATED,EVENT_DETECTED
2026-06-17T16:50:50.330074+00:00,DION_001,376853,-0.1436380793826017,SIMULATED,NORMAL
2026-06-17T16:50:50.340869+00:00,DION_001,376854,-0.11478299850624785,SIMULATED,NORMAL
2026-06-17T16:50:50.351663+00:00,DION_001,376855,-0.13456037775672008,SIMULATED,NORMAL
2026-06-17T16:50:50.362215+00:00,DION_001,376856,-0.4954218315541312,SIMULATED,NORMAL
2026-06-17T16:50:50.372843+00:00,DION_001,376857,-0.1620165543182731,SIMULATED,NORMAL
2026-06-17T16:50:50.383412+00:00,DION_001,376858,-0.31654876665628534,SIMULATED,NORMAL
2026-06-17T16:50:50.393903+00:00,DION_001,376859,-0.18039328520923176,SIMULATED,NORMAL
2026-06-17T16:50:50.404542+00:00,DION_001,376860,-0.20646421762612333,SIMULATED,NORMAL
2026-06-17T16:50:50.415408+00:00,DION_001,376861,-0.4578977110944398,SIMULATED,NORMAL
2026-06-17T16:50:50.426139+00:00,DION_001,376862,-0.6431372017332553,SIMULATED,NORMAL
2026-06-17T16:50:50.436902+00:00,DION_001,376863,-0.6235767581272982,SIMULATED,NORMAL
2026-06-17T16:50:50.447480+00:00,DION_001,376864,-0.5558213125563327,SIMULATED,NORMAL
2026-06-17T16:50:50.458120+00:00,DION_001,376865,-0.5786794613046647,SIMULATED,NORMAL
2026-06-17T16:50:50.468635+00:00,DION_001,376866,-0.7143109860358262,SIMULATED,NORMAL
2026-06-17T16:50:50.479134+00:00,DION_001,376867,-0.7206214016078982,SIMULATED,NORMAL
2026-06-17T16:50:50.489717+00:00,DION_001,376868,-0.9450456849224036,SIMULATED,NORMAL
2026-06-17T16:50:50.500176+00:00,DION_001,376869,-0.7403658646579276,SIMULATED,NORMAL
2026-06-17T16:50:50.510754+00:00,DION_001,376870,-0.6262454573210942,SIMULATED,NORMAL
2026-06-17T16:50:50.521424+00:00,DION_001,376871,-1.0027800042907589,SIMULATED,NORMAL
2026-06-17T16:50:50.532054+00:00,DION_001,376872,-0.671020208160816,SIMULATED,NORMAL
2026-06-17T16:50:50.542688+00:00,DION_001,376873,-0.9106628573381704,SIMULATED,NORMAL
2026-06-17T16:50:50.553274+00:00,DION_001,376874,-0.9214411175545684,SIMULATED,NORMAL
2026-06-17T16:50:50.563892+00:00,DION_001,376875,-1.0864219299173543,SIMULATED,NORMAL
2026-06-17T16:50:50.574516+00:00,DION_001,376876,-0.9561452161033911,SIMULATED,NORMAL
2026-06-17T16:50:50.585157+00:00,DION_001,376877,-0.6815207283124356,SIMULATED,NORMAL
2026-06-17T16:50:50.595670+00:00,DION_001,376878,-0.9668998491458288,SIMULATED,NORMAL
2026-06-17T16:50:50.606204+00:00,DION_001,376879,-1.1731048346516362,SIMULATED,NORMAL
2026-06-17T16:50:50.616680+00:00,DION_001,376880,-1.0915741358031528,SIMULATED,NORMAL
2026-06-17T16:50:50.627108+00:00,DION_001,376881,-1.1527046582796565,SIMULATED,NORMAL
2026-06-17T16:50:50.637597+00:00,DION_001,376882,-1.1245832397869244,SIMULATED,NORMAL
2026-06-17T16:50:50.648173+00:00,DION_001,376883,-1.1278599507147085,SIMULATED,NORMAL
2026-06-17T16:50:50.658636+00:00,DION_001,376884,-1.0041935433993339,SIMULATED,NORMAL
2026-06-17T16:50:50.669036+00:00,DION_001,376885,-0.9958433417442567,SIMULATED,NORMAL
2026-06-17T16:50:50.679346+00:00,DION_001,376886,-0.8500802084067419,SIMULATED,NORMAL
2026-06-17T16:50:50.689616+00:00,DION_001,376887,-0.8791316832831918,SIMULATED,NORMAL
2026-06-17T16:50:50.699968+00:00,DION_001,376888,-1.2234151094795338,SIMULATED,NORMAL
2026-06-17T16:50:50.710352+00:00,DION_001,376889,-0.9230175223199519,SIMULATED,NORMAL
2026-06-17T16:50:50.720815+00:00,DION_001,376890,-0.8883923416536434,SIMULATED,NORMAL
2026-06-17T16:50:50.731334+00:00,DION_001,376891,-0.8909007281970321,SIMULATED,NORMAL
2026-06-17T16:50:50.741907+00:00,DION_001,376892,-1.377115760030077,SIMULATED,NORMAL
2026-06-17T16:50:50.752481+00:00,DION_001,376893,-0.9567512311339904,SIMULATED,NORMAL
2026-06-17T16:50:50.763153+00:00,DION_001,376894,-1.1479555986767858,SIMULATED,NORMAL
2026-06-17T16:50:50.773749+00:00,DION_001,376895,-0.7722570214968574,SIMULATED,NORMAL
2026-06-17T16:50:50.784312+00:00,DION_001,376896,-0.748875065101889,SIMULATED,NORMAL
2026-06-17T16:50:50.794822+00:00,DION_001,376897,-1.0666286108378467,SIMULATED,NORMAL
2026-06-17T16:50:50.805379+00:00,DION_001,376898,-1.1176750320361892,SIMULATED,NORMAL
2026-06-17T16:50:50.815944+00:00,DION_001,376899,-0.9427212595480227,SIMULATED,NORMAL
2026-06-17T16:50:50.826569+00:00,DION_001,376900,-0.7992619521694451,SIMULATED,NORMAL
2026-06-17T16:50:50.837203+00:00,DION_001,376901,-0.6944428401949411,SIMULATED,NORMAL
2026-06-17T16:50:50.847767+00:00,DION_001,376902,-0.7223916045603717,SIMULATED,NORMAL
2026-06-17T16:50:50.858480+00:00,DION_001,376903,-0.9317267782677218,SIMULATED,NORMAL
2026-06-17T16:50:50.869075+00:00,DION_001,376904,-0.5549526332735982,SIMULATED,NORMAL
2026-06-17T16:50:50.879667+00:00,DION_001,376905,-0.7031558508566174,SIMULATED,NORMAL
2026-06-17T16:50:50.890290+00:00,DION_001,376906,-0.696655379109257,SIMULATED,NORMAL
2026-06-17T16:50:50.900913+00:00,DION_001,376907,-0.37647789351215577,SIMULATED,NORMAL
2026-06-17T16:50:50.911618+00:00,DION_001,376908,-0.6602125394012935,SIMULATED,NORMAL
2026-06-17T16:50:50.922181+00:00,DION_001,376909,-0.7046626708549368,SIMULATED,NORMAL
2026-06-17T16:50:50.932766+00:00,DION_001,376910,-0.5046807665501445,SIMULATED,NORMAL
2026-06-17T16:50:50.943460+00:00,DION_001,376911,-0.4935782901166153,SIMULATED,NORMAL
2026-06-17T16:50:50.954149+00:00,DION_001,376912,-0.6109435424711251,SIMULATED,NORMAL
2026-06-17T16:50:50.964737+00:00,DION_001,376913,-0.46243660723165786,SIMULATED,NORMAL
2026-06-17T16:50:50.975453+00:00,DION_001,376914,-0.6430528347519183,SIMULATED,NORMAL
2026-06-17T16:50:50.986092+00:00,DION_001,376915,-0.3213021797382475,SIMULATED,NORMAL
2026-06-17T16:50:50.996668+00:00,DION_001,376916,-0.2549315134982977,SIMULATED,NORMAL
2026-06-17T16:50:51.007447+00:00,DION_001,376917,-0.6463483772755158,SIMULATED,NORMAL
2026-06-17T16:50:51.018035+00:00,DION_001,376918,-0.2264340998591605,SIMULATED,NORMAL
2026-06-17T16:50:51.028764+00:00,DION_001,376919,-0.3730180681510543,SIMULATED,NORMAL
2026-06-17T16:50:51.039408+00:00,DION_001,376920,-0.28722682841019187,SIMULATED,NORMAL
2026-06-17T16:50:51.050022+00:00,DION_001,376921,-0.3659112120978038,SIMULATED,NORMAL
2026-06-17T16:50:51.060697+00:00,DION_001,376922,-0.3369835570126835,SIMULATED,NORMAL
2026-06-17T16:50:51.071369+00:00,DION_001,376923,-0.37581868074723496,SIMULATED,NORMAL
2026-06-17T16:50:51.081969+00:00,DION_001,376924,-0.20497452621753517,SIMULATED,NORMAL
2026-06-17T16:50:51.092683+00:00,DION_001,376925,-0.28137554457813707,SIMULATED,NORMAL
2026-06-17T16:50:51.103299+00:00,DION_001,376926,-0.28476854427844467,SIMULATED,NORMAL
2026-06-17T16:50:51.113986+00:00,DION_001,376927,-0.2974685503145945,SIMULATED,NORMAL
2026-06-17T16:50:51.124648+00:00,DION_001,376928,-0.4229800914474992,SIMULATED,NORMAL
2026-06-17T16:50:51.135306+00:00,DION_001,376929,-0.2840983821148215,SIMULATED,NORMAL
2026-06-17T16:50:51.145959+00:00,DION_001,376930,-0.5636921145978542,SIMULATED,NORMAL
2026-06-17T16:50:51.156487+00:00,DION_001,376931,-0.6222520546411621,SIMULATED,NORMAL
2026-06-17T16:50:51.167296+00:00,DION_001,376932,-0.7443458715302337,SIMULATED,NORMAL
2026-06-17T16:50:51.177825+00:00,DION_001,376933,-0.6490977615740859,SIMULATED,NORMAL
2026-06-17T16:50:51.188445+00:00,DION_001,376934,-0.3227320537335571,SIMULATED,NORMAL
2026-06-17T16:50:51.199345+00:00,DION_001,376935,-0.8221403523453195,SIMULATED,NORMAL
2026-06-17T16:50:51.210812+00:00,DION_001,376936,-0.7106999530454841,SIMULATED,NORMAL
2026-06-17T16:50:51.221737+00:00,DION_001,376937,-0.781935120714075,SIMULATED,NORMAL
2026-06-17T16:50:51.232219+00:00,DION_001,376938,-0.7300263924505352,SIMULATED,NORMAL
2026-06-17T16:50:51.242956+00:00,DION_001,376939,-0.8599610936892357,SIMULATED,NORMAL
2026-06-17T16:50:51.253782+00:00,DION_001,376940,-0.8920735536204546,SIMULATED,NORMAL
2026-06-17T16:50:51.264353+00:00,DION_001,376941,-0.8266150706611617,SIMULATED,NORMAL
2026-06-17T16:50:51.275140+00:00,DION_001,376942,-0.9447564922256191,SIMULATED,NORMAL
2026-06-17T16:50:51.285836+00:00,DION_001,376943,-0.5945542450454009,SIMULATED,NORMAL
2026-06-17T16:50:51.296448+00:00,DION_001,376944,-0.7673396032116471,SIMULATED,NORMAL
2026-06-17T16:50:51.307217+00:00,DION_001,376945,-0.9051614208644068,SIMULATED,NORMAL
2026-06-17T16:50:51.317945+00:00,DION_001,376946,-0.9524964781067863,SIMULATED,NORMAL
2026-06-17T16:50:51.328501+00:00,DION_001,376947,-0.8103515836239407,SIMULATED,NORMAL
2026-06-17T16:50:51.339325+00:00,DION_001,376948,-0.7661768879717583,SIMULATED,NORMAL
2026-06-17T16:50:51.349934+00:00,DION_001,376949,-0.7371590396963565,SIMULATED,NORMAL
2026-06-17T16:50:51.360483+00:00,DION_001,376950,-0.8711032753742333,SIMULATED,NORMAL
2026-06-17T16:50:51.371466+00:00,DION_001,376951,-0.8642645878318946,SIMULATED,NORMAL
2026-06-17T16:50:51.381857+00:00,DION_001,376952,-0.7812907385550633,SIMULATED,NORMAL
2026-06-17T16:50:51.392526+00:00,DION_001,376953,-0.9941585611593078,SIMULATED,NORMAL
2026-06-17T16:50:51.403284+00:00,DION_001,376954,-0.881483074683599,SIMULATED,NORMAL
2026-06-17T16:50:51.413830+00:00,DION_001,376955,-1.2031383041738848,SIMULATED,NORMAL
2026-06-17T16:50:51.424418+00:00,DION_001,376956,-0.8794443670866938,SIMULATED,NORMAL
2026-06-17T16:50:51.435210+00:00,DION_001,376957,-1.1067785173892162,SIMULATED,NORMAL
2026-06-17T16:50:51.445694+00:00,DION_001,376958,-1.0279854369532264,SIMULATED,NORMAL
2026-06-17T16:50:51.456389+00:00,DION_001,376959,-1.2225284714145126,SIMULATED,NORMAL
2026-06-17T16:50:51.467007+00:00,DION_001,376960,-0.8074611275905965,SIMULATED,NORMAL
2026-06-17T16:50:51.477626+00:00,DION_001,376961,-1.2888020048826139,SIMULATED,NORMAL
2026-06-17T16:50:51.488260+00:00,DION_001,376962,-1.1166741176778643,SIMULATED,NORMAL
2026-06-17T16:50:51.498775+00:00,DION_001,376963,-0.9788597280115913,SIMULATED,NORMAL
2026-06-17T16:50:51.509447+00:00,DION_001,376964,-0.9051694362081385,SIMULATED,NORMAL
2026-06-17T16:50:51.520078+00:00,DION_001,376965,-0.9409509610437196,SIMULATED,NORMAL
2026-06-17T16:50:51.530725+00:00,DION_001,376966,-0.8854023794482837,SIMULATED,NORMAL
2026-06-17T16:50:51.541371+00:00,DION_001,376967,-0.7355694943555416,SIMULATED,NORMAL
2026-06-17T16:50:51.552103+00:00,DION_001,376968,-0.8574711386190491,SIMULATED,NORMAL
2026-06-17T16:50:51.562743+00:00,DION_001,376969,-0.5078655053410528,SIMULATED,NORMAL
2026-06-17T16:50:51.573344+00:00,DION_001,376970,-0.5971778902330546,SIMULATED,NORMAL
2026-06-17T16:50:51.586941+00:00,DION_001,376971,-0.6966258016628848,SIMULATED,NORMAL
2026-06-17T16:50:51.597549+00:00,DION_001,376972,-0.5534720556935855,SIMULATED,NORMAL
2026-06-17T16:50:51.608123+00:00,DION_001,376973,-0.5774295436193453,SIMULATED,NORMAL
2026-06-17T16:50:51.618573+00:00,DION_001,376974,-0.622552931300718,SIMULATED,NORMAL
2026-06-17T16:50:51.628982+00:00,DION_001,376975,-0.7768509326233889,SIMULATED,NORMAL
2026-06-17T16:50:51.639506+00:00,DION_001,376976,-0.3450614953397779,SIMULATED,NORMAL
2026-06-17T16:50:51.649955+00:00,DION_001,376977,-0.500317433257476,SIMULATED,NORMAL
2026-06-17T16:50:51.660496+00:00,DION_001,376978,-0.4760518889925276,SIMULATED,NORMAL
2026-06-17T16:50:51.671062+00:00,DION_001,376979,-0.35090309038648176,SIMULATED,NORMAL
2026-06-17T16:50:51.681577+00:00,DION_001,376980,-0.03429803393681263,SIMULATED,NORMAL
2026-06-17T16:50:51.692077+00:00,DION_001,376981,-0.3158774084910959,SIMULATED,NORMAL
2026-06-17T16:50:51.702487+00:00,DION_001,376982,-0.32395314881481824,SIMULATED,NORMAL
2026-06-17T16:50:51.712971+00:00,DION_001,376983,-0.15193362208070182,SIMULATED,NORMAL
2026-06-17T16:50:51.723718+00:00,DION_001,376984,-0.2339871742512693,SIMULATED,NORMAL
2026-06-17T16:50:51.734138+00:00,DION_001,376985,0.022180653194112082,SIMULATED,NORMAL
2026-06-17T16:50:51.744503+00:00,DION_001,376986,-0.1821328938034179,SIMULATED,NORMAL
2026-06-17T16:50:51.755113+00:00,DION_001,376987,-0.08596210597430329,SIMULATED,NORMAL
2026-06-17T16:50:51.765391+00:00,DION_001,376988,0.24538917511350816,SIMULATED,NORMAL
2026-06-17T16:50:51.775693+00:00,DION_001,376989,-0.03312445850315833,SIMULATED,NORMAL
2026-06-17T16:50:51.786029+00:00,DION_001,376990,0.2923872468994023,SIMULATED,NORMAL
2026-06-17T16:50:51.796359+00:00,DION_001,376991,0.015675852214923985,SIMULATED,NORMAL
2026-06-17T16:50:51.806653+00:00,DION_001,376992,0.21840086539144782,SIMULATED,NORMAL
2026-06-17T16:50:51.817033+00:00,DION_001,376993,-0.12982410415461404,SIMULATED,NORMAL
2026-06-17T16:50:51.827681+00:00,DION_001,376994,-0.030191377424863525,SIMULATED,NORMAL
2026-06-17T16:50:51.838241+00:00,DION_001,376995,-0.21279890822839037,SIMULATED,NORMAL
2026-06-17T16:50:51.848684+00:00,DION_001,376996,-0.0824284734235709,SIMULATED,NORMAL
2026-06-17T16:50:51.859086+00:00,DION_001,376997,0.10252096420716321,SIMULATED,NORMAL
2026-06-17T16:50:51.869537+00:00,DION_001,376998,0.17480079224889303,SIMULATED,NORMAL
2026-06-17T16:50:51.879997+00:00,DION_001,376999,0.4240989656822932,SIMULATED,NORMAL
2026-06-17T16:50:51.890438+00:00,DION_001,377000,0.3891797364730301,SIMULATED,NORMAL
2026-06-17T16:50:51.900857+00:00,DION_001,377001,0.1880910957477565,SIMULATED,NORMAL
2026-06-17T16:50:51.911340+00:00,DION_001,377002,0.32790968377630786,SIMULATED,NORMAL
2026-06-17T16:50:51.921952+00:00,DION_001,377003,0.0709395850730549,SIMULATED,NORMAL
2026-06-17T16:50:51.932471+00:00,DION_001,377004,0.5271488305622811,SIMULATED,NORMAL
2026-06-17T16:50:51.943322+00:00,DION_001,377005,0.43296621116637046,SIMULATED,NORMAL
2026-06-17T16:50:51.954250+00:00,DION_001,377006,0.1806837241900323,SIMULATED,NORMAL
2026-06-17T16:50:51.965083+00:00,DION_001,377007,0.06097552386203933,SIMULATED,NORMAL
2026-06-17T16:50:51.976230+00:00,DION_001,377008,2.0396778792832735,SIMULATED,EVENT_DETECTED
2026-06-17T16:50:51.987575+00:00,DION_001,377009,0.21639770154243812,SIMULATED,NORMAL
2026-06-17T16:50:51.998262+00:00,DION_001,377010,0.13642480734791418,SIMULATED,NORMAL
2026-06-17T16:50:52.008818+00:00,DION_001,377011,0.03539473227885742,SIMULATED,NORMAL
2026-06-17T16:50:52.019486+00:00,DION_001,377012,0.28891788936060586,SIMULATED,NORMAL
2026-06-17T16:50:52.030130+00:00,DION_001,377013,-0.08565314170395358,SIMULATED,NORMAL
2026-06-17T16:50:52.040661+00:00,DION_001,377014,0.13558317450094326,SIMULATED,NORMAL
2026-06-17T16:50:52.051220+00:00,DION_001,377015,0.12883413227841933,SIMULATED,NORMAL
2026-06-17T16:50:52.061755+00:00,DION_001,377016,0.2659930660472487,SIMULATED,NORMAL
2026-06-17T16:50:52.072678+00:00,DION_001,377017,0.038097905700121476,SIMULATED,NORMAL
2026-06-17T16:50:52.083290+00:00,DION_001,377018,-0.008361760163861115,SIMULATED,NORMAL
2026-06-17T16:50:52.093804+00:00,DION_001,377019,0.09713369796375129,SIMULATED,NORMAL
2026-06-17T16:50:52.104513+00:00,DION_001,377020,0.11870886198585834,SIMULATED,NORMAL
2026-06-17T16:50:52.115265+00:00,DION_001,377021,0.3063897702458115,SIMULATED,NORMAL
2026-06-17T16:50:52.125945+00:00,DION_001,377022,-0.09481745284681081,SIMULATED,NORMAL
2026-06-17T16:50:52.136519+00:00,DION_001,377023,0.05160328261473785,SIMULATED,NORMAL
2026-06-17T16:50:52.147246+00:00,DION_001,377024,-0.13685159650708043,SIMULATED,NORMAL
2026-06-17T16:50:52.157904+00:00,DION_001,377025,-0.35096388244919097,SIMULATED,NORMAL
2026-06-17T16:50:52.168728+00:00,DION_001,377026,0.03616949385809841,SIMULATED,NORMAL
2026-06-17T16:50:52.179377+00:00,DION_001,377027,-0.21791735053215167,SIMULATED,NORMAL
2026-06-17T16:50:52.189978+00:00,DION_001,377028,-0.30752014575326947,SIMULATED,NORMAL
2026-06-17T16:50:52.200759+00:00,DION_001,377029,2.060076548711977,SIMULATED,EVENT_DETECTED
2026-06-17T16:50:52.211545+00:00,DION_001,377030,0.042997002118785696,SIMULATED,NORMAL
2026-06-17T16:50:52.222086+00:00,DION_001,377031,-0.13308184144881222,SIMULATED,NORMAL
2026-06-17T16:50:52.232666+00:00,DION_001,377032,-0.11764980444944667,SIMULATED,NORMAL
2026-06-17T16:50:52.243481+00:00,DION_001,377033,-0.047727169875146164,SIMULATED,NORMAL
2026-06-17T16:50:52.254045+00:00,DION_001,377034,-0.1711559228441919,SIMULATED,NORMAL
2026-06-17T16:50:52.264732+00:00,DION_001,377035,-0.06836636101838238,SIMULATED,NORMAL
2026-06-17T16:50:52.275528+00:00,DION_001,377036,-0.3576174876544353,SIMULATED,NORMAL
2026-06-17T16:50:52.286201+00:00,DION_001,377037,-0.03890409801394444,SIMULATED,NORMAL
2026-06-17T16:50:52.296646+00:00,DION_001,377038,0.14372353451283582,SIMULATED,NORMAL
2026-06-17T16:50:52.307007+00:00,DION_001,377039,-0.22166113670538184,SIMULATED,NORMAL
2026-06-17T16:50:52.317494+00:00,DION_001,377040,-0.09574420984309288,SIMULATED,NORMAL
2026-06-17T16:50:52.328091+00:00,DION_001,377041,-0.08592101728768728,SIMULATED,NORMAL
2026-06-17T16:50:52.338827+00:00,DION_001,377042,-0.029864442985911163,SIMULATED,NORMAL
2026-06-17T16:50:52.349295+00:00,DION_001,377043,0.03739335839104438,SIMULATED,NORMAL
2026-06-17T16:50:52.359957+00:00,DION_001,377044,-0.05993822988051781,SIMULATED,NORMAL
2026-06-17T16:50:52.370514+00:00,DION_001,377045,0.1870159972436754,SIMULATED,NORMAL
2026-06-17T16:50:52.380939+00:00,DION_001,377046,0.3023153314754401,SIMULATED,NORMAL
2026-06-17T16:50:52.391500+00:00,DION_001,377047,0.3184101123731954,SIMULATED,NORMAL
2026-06-17T16:50:52.402055+00:00,DION_001,377048,0.24443870374606652,SIMULATED,NORMAL
2026-06-17T16:50:52.412595+00:00,DION_001,377049,0.34272495619767746,SIMULATED,NORMAL
2026-06-17T16:50:52.423222+00:00,DION_001,377050,0.453522582262073,SIMULATED,NORMAL
2026-06-17T16:50:52.433808+00:00,DION_001,377051,0.36536164602952287,SIMULATED,NORMAL
2026-06-17T16:50:52.444485+00:00,DION_001,377052,0.48220629974152285,SIMULATED,NORMAL
2026-06-17T16:50:52.455207+00:00,DION_001,377053,0.6537677284572633,SIMULATED,NORMAL
2026-06-17T16:50:52.465702+00:00,DION_001,377054,0.34540890046064365,SIMULATED,NORMAL
2026-06-17T16:50:52.476321+00:00,DION_001,377055,0.29217131511003414,SIMULATED,NORMAL
2026-06-17T16:50:52.486923+00:00,DION_001,377056,0.404508085495936,SIMULATED,NORMAL
2026-06-17T16:50:52.497450+00:00,DION_001,377057,0.3828748943029975,SIMULATED,NORMAL
2026-06-17T16:50:52.508019+00:00,DION_001,377058,0.5001197928593514,SIMULATED,NORMAL
2026-06-17T16:50:52.518510+00:00,DION_001,377059,0.4668409115988701,SIMULATED,NORMAL
2026-06-17T16:50:52.529083+00:00,DION_001,377060,0.8202885286568722,SIMULATED,NORMAL
2026-06-17T16:50:52.539647+00:00,DION_001,377061,0.4837082327066175,SIMULATED,NORMAL
2026-06-17T16:50:52.550203+00:00,DION_001,377062,0.6565851397094503,SIMULATED,NORMAL
2026-06-17T16:50:52.560696+00:00,DION_001,377063,0.8087141406162082,SIMULATED,NORMAL
2026-06-17T16:50:52.571337+00:00,DION_001,377064,0.9106800533412094,SIMULATED,NORMAL
2026-06-17T16:50:52.581924+00:00,DION_001,377065,0.980623868148779,SIMULATED,NORMAL
2026-06-17T16:50:52.592509+00:00,DION_001,377066,0.9241946500173142,SIMULATED,NORMAL
2026-06-17T16:50:52.603286+00:00,DION_001,377067,0.9927025889186721,SIMULATED,NORMAL
2026-06-17T16:50:52.613911+00:00,DION_001,377068,-1.4181428205870623,SIMULATED,NORMAL
2026-06-17T16:50:52.624801+00:00,DION_001,377069,0.6840988166080507,SIMULATED,NORMAL
2026-06-17T16:50:52.635432+00:00,DION_001,377070,0.8215023829534965,SIMULATED,NORMAL
2026-06-17T16:50:52.646000+00:00,DION_001,377071,1.3306744497526992,SIMULATED,NORMAL
2026-06-17T16:50:52.656730+00:00,DION_001,377072,1.2336475790699768,SIMULATED,NORMAL
2026-06-17T16:50:52.667375+00:00,DION_001,377073,1.2982571357060462,SIMULATED,NORMAL
2026-06-17T16:50:52.678416+00:00,DION_001,377074,3.4717643821972812,SIMULATED,EVENT_DETECTED
2026-06-17T16:50:52.689375+00:00,DION_001,377075,1.1343756705956067,SIMULATED,NORMAL
2026-06-17T16:50:52.699944+00:00,DION_001,377076,1.1041288219032248,SIMULATED,NORMAL
2026-06-17T16:50:52.710623+00:00,DION_001,377077,1.371643910438729,SIMULATED,NORMAL
2026-06-17T16:50:52.721253+00:00,DION_001,377078,1.1770998612381987,SIMULATED,NORMAL
2026-06-17T16:50:52.731874+00:00,DION_001,377079,1.1617801912286927,SIMULATED,NORMAL
2026-06-17T16:50:52.742454+00:00,DION_001,377080,0.872341249844496,SIMULATED,NORMAL
2026-06-17T16:50:52.753173+00:00,DION_001,377081,1.0135668673509577,SIMULATED,NORMAL
2026-06-17T16:50:52.763777+00:00,DION_001,377082,1.2046347094425416,SIMULATED,NORMAL
2026-06-17T16:50:52.774374+00:00,DION_001,377083,0.938822882092671,SIMULATED,NORMAL
2026-06-17T16:50:52.785073+00:00,DION_001,377084,0.8732218955989615,SIMULATED,NORMAL
2026-06-17T16:50:52.795573+00:00,DION_001,377085,1.2787423378096998,SIMULATED,NORMAL
2026-06-17T16:50:52.806211+00:00,DION_001,377086,0.9149791282359011,SIMULATED,NORMAL
2026-06-17T16:50:52.816725+00:00,DION_001,377087,1.027369066689237,SIMULATED,NORMAL
2026-06-17T16:50:52.827198+00:00,DION_001,377088,1.048431761009118,SIMULATED,NORMAL
2026-06-17T16:50:52.837632+00:00,DION_001,377089,0.8753931574944226,SIMULATED,NORMAL
2026-06-17T16:50:52.848114+00:00,DION_001,377090,1.0408766060115422,SIMULATED,NORMAL
2026-06-17T16:50:52.858509+00:00,DION_001,377091,0.9357528395828524,SIMULATED,NORMAL
2026-06-17T16:50:52.868823+00:00,DION_001,377092,0.9368717599151819,SIMULATED,NORMAL
2026-06-17T16:50:52.879120+00:00,DION_001,377093,1.1536377594750231,SIMULATED,NORMAL
2026-06-17T16:50:52.889483+00:00,DION_001,377094,0.8414578776441652,SIMULATED,NORMAL
2026-06-17T16:50:52.899914+00:00,DION_001,377095,1.0528368795324174,SIMULATED,NORMAL
2026-06-17T16:50:52.910366+00:00,DION_001,377096,1.0228121350174706,SIMULATED,NORMAL
2026-06-17T16:50:52.920952+00:00,DION_001,377097,0.8699593784395809,SIMULATED,NORMAL
2026-06-17T16:50:52.931565+00:00,DION_001,377098,0.7498206411825201,SIMULATED,NORMAL
2026-06-17T16:50:52.942137+00:00,DION_001,377099,0.18039638805108393,SIMULATED,NORMAL
2026-06-17T16:50:52.952614+00:00,DION_001,377100,0.6523065444233751,SIMULATED,NORMAL
2026-06-17T16:50:52.963188+00:00,DION_001,377101,0.7638384830215846,SIMULATED,NORMAL
2026-06-17T16:50:52.973782+00:00,DION_001,377102,0.33551026858757294,SIMULATED,NORMAL
2026-06-17T16:50:52.984355+00:00,DION_001,377103,0.4681721741950261,SIMULATED,NORMAL
2026-06-17T16:50:52.995259+00:00,DION_001,377104,0.6139474474582887,SIMULATED,NORMAL
2026-06-17T16:50:53.005845+00:00,DION_001,377105,0.29915717951924314,SIMULATED,NORMAL
2026-06-17T16:50:53.016410+00:00,DION_001,377106,-0.0895443289613399,SIMULATED,NORMAL
2026-06-17T16:50:53.027016+00:00,DION_001,377107,0.3636436667896249,SIMULATED,NORMAL
2026-06-17T16:50:53.037808+00:00,DION_001,377108,0.3192519695635898,SIMULATED,NORMAL
2026-06-17T16:50:53.048376+00:00,DION_001,377109,0.17112197790415817,SIMULATED,NORMAL
2026-06-17T16:50:53.059242+00:00,DION_001,377110,0.5597001666777189,SIMULATED,NORMAL
2026-06-17T16:50:53.069988+00:00,DION_001,377111,0.3117986833181143,SIMULATED,NORMAL
2026-06-17T16:50:53.080511+00:00,DION_001,377112,0.32087370366886014,SIMULATED,NORMAL
2026-06-17T16:50:53.091057+00:00,DION_001,377113,0.21516078316709022,SIMULATED,NORMAL
2026-06-17T16:50:53.101510+00:00,DION_001,377114,0.4024034696395101,SIMULATED,NORMAL
2026-06-17T16:50:53.111892+00:00,DION_001,377115,0.32394694120566514,SIMULATED,NORMAL
2026-06-17T16:50:53.122142+00:00,DION_001,377116,0.5085363449112821,SIMULATED,NORMAL
2026-06-17T16:50:53.132405+00:00,DION_001,377117,0.35730451242086547,SIMULATED,NORMAL
2026-06-17T16:50:53.142707+00:00,DION_001,377118,0.35164047186368014,SIMULATED,NORMAL
2026-06-17T16:50:53.153048+00:00,DION_001,377119,0.004147191621580115,SIMULATED,NORMAL
2026-06-17T16:50:53.163381+00:00,DION_001,377120,0.5026405890242559,SIMULATED,NORMAL
2026-06-17T16:50:53.173738+00:00,DION_001,377121,0.49639346434377113,SIMULATED,NORMAL
2026-06-17T16:50:53.184024+00:00,DION_001,377122,0.5359687370371768,SIMULATED,NORMAL
2026-06-17T16:50:53.194295+00:00,DION_001,377123,0.23370529169465537,SIMULATED,NORMAL
2026-06-17T16:50:53.204855+00:00,DION_001,377124,0.2699628824202869,SIMULATED,NORMAL
2026-06-17T16:50:53.215072+00:00,DION_001,377125,0.6111089629764804,SIMULATED,NORMAL
2026-06-17T16:50:53.225288+00:00,DION_001,377126,0.0675344918933688,SIMULATED,NORMAL
2026-06-17T16:50:53.235560+00:00,DION_001,377127,0.30329624712017894,SIMULATED,NORMAL
2026-06-17T16:50:53.245786+00:00,DION_001,377128,-1.757876375590465,SIMULATED,NORMAL
2026-06-17T16:50:53.256158+00:00,DION_001,377129,0.6235788443156751,SIMULATED,NORMAL
2026-06-17T16:50:53.266426+00:00,DION_001,377130,0.329386701181964,SIMULATED,NORMAL
2026-06-17T16:50:53.276674+00:00,DION_001,377131,0.753421528651665,SIMULATED,NORMAL
2026-06-17T16:50:53.287076+00:00,DION_001,377132,0.7229479873594837,SIMULATED,NORMAL
2026-06-17T16:50:53.297404+00:00,DION_001,377133,0.7327178864884744,SIMULATED,NORMAL
2026-06-17T16:50:53.307757+00:00,DION_001,377134,0.6248720605280325,SIMULATED,NORMAL
2026-06-17T16:50:53.318153+00:00,DION_001,377135,0.6799129216144739,SIMULATED,NORMAL
2026-06-17T16:50:53.328430+00:00,DION_001,377136,0.8006763372456943,SIMULATED,NORMAL
2026-06-17T16:50:53.338857+00:00,DION_001,377137,0.5435014680196987,SIMULATED,NORMAL
2026-06-17T16:50:53.349162+00:00,DION_001,377138,0.8570252120637504,SIMULATED,NORMAL
2026-06-17T16:50:53.359428+00:00,DION_001,377139,0.6454848179514705,SIMULATED,NORMAL
2026-06-17T16:50:53.369699+00:00,DION_001,377140,0.9817996485383627,SIMULATED,NORMAL
2026-06-17T16:50:53.379949+00:00,DION_001,377141,0.8542603243227156,SIMULATED,NORMAL
2026-06-17T16:50:53.390191+00:00,DION_001,377142,0.9106386641540963,SIMULATED,NORMAL
2026-06-17T16:50:53.400450+00:00,DION_001,377143,0.966903447880671,SIMULATED,NORMAL
2026-06-17T16:50:53.410811+00:00,DION_001,377144,0.8421550721684113,SIMULATED,NORMAL
2026-06-17T16:50:53.421066+00:00,DION_001,377145,0.8781875524766609,SIMULATED,NORMAL
2026-06-17T16:50:53.431332+00:00,DION_001,377146,0.9507260707500276,SIMULATED,NORMAL
2026-06-17T16:50:53.441619+00:00,DION_001,377147,0.8562392167556709,SIMULATED,NORMAL
2026-06-17T16:50:53.451898+00:00,DION_001,377148,1.001614129687654,SIMULATED,NORMAL
2026-06-17T16:50:53.462163+00:00,DION_001,377149,0.9440968007468394,SIMULATED,NORMAL
2026-06-17T16:50:53.472422+00:00,DION_001,377150,1.1766524669032856,SIMULATED,NORMAL
2026-06-17T16:50:53.482733+00:00,DION_001,377151,1.0250939830481118,SIMULATED,NORMAL
2026-06-17T16:50:53.493013+00:00,DION_001,377152,0.90144205713296,SIMULATED,NORMAL
2026-06-17T16:50:53.503272+00:00,DION_001,377153,1.1685102201705997,SIMULATED,NORMAL
2026-06-17T16:50:53.513564+00:00,DION_001,377154,0.8876390396872224,SIMULATED,NORMAL
2026-06-17T16:50:53.523901+00:00,DION_001,377155,0.9425000396496654,SIMULATED,NORMAL
2026-06-17T16:50:53.534265+00:00,DION_001,377156,0.9593542262926513,SIMULATED,NORMAL
2026-06-17T16:50:53.544489+00:00,DION_001,377157,0.953399394415269,SIMULATED,NORMAL
2026-06-17T16:50:53.554781+00:00,DION_001,377158,1.1869580493028673,SIMULATED,NORMAL
2026-06-17T16:50:53.565012+00:00,DION_001,377159,0.8435895800582647,SIMULATED,NORMAL
2026-06-17T16:50:53.575264+00:00,DION_001,377160,0.7196002029507909,SIMULATED,NORMAL
2026-06-17T16:50:53.585567+00:00,DION_001,377161,0.7747384656469113,SIMULATED,NORMAL
2026-06-17T16:50:53.595825+00:00,DION_001,377162,0.6709274611153759,SIMULATED,NORMAL
2026-06-17T16:50:53.606092+00:00,DION_001,377163,0.7748320071237952,SIMULATED,NORMAL
2026-06-17T16:50:53.616318+00:00,DION_001,377164,0.6147230491904985,SIMULATED,NORMAL
2026-06-17T16:50:53.626608+00:00,DION_001,377165,0.71993600485111,SIMULATED,NORMAL
2026-06-17T16:50:53.636980+00:00,DION_001,377166,0.5746065834698759,SIMULATED,NORMAL
2026-06-17T16:50:53.647232+00:00,DION_001,377167,0.7457584180191277,SIMULATED,NORMAL
2026-06-17T16:50:53.657453+00:00,DION_001,377168,0.44879416289390445,SIMULATED,NORMAL
2026-06-17T16:50:53.667767+00:00,DION_001,377169,0.7281488779799271,SIMULATED,NORMAL
2026-06-17T16:50:53.678268+00:00,DION_001,377170,0.5399951174701249,SIMULATED,NORMAL
2026-06-17T16:50:53.688937+00:00,DION_001,377171,0.5694289136673931,SIMULATED,NORMAL
2026-06-17T16:50:53.699266+00:00,DION_001,377172,0.4879634987457749,SIMULATED,NORMAL
2026-06-17T16:50:53.709639+00:00,DION_001,377173,0.49683142002004255,SIMULATED,NORMAL
2026-06-17T16:50:53.720094+00:00,DION_001,377174,0.3538054341747373,SIMULATED,NORMAL
2026-06-17T16:50:53.730709+00:00,DION_001,377175,0.4994199527217682,SIMULATED,NORMAL
2026-06-17T16:50:53.741085+00:00,DION_001,377176,0.4265420757021602,SIMULATED,NORMAL
2026-06-17T16:50:53.751443+00:00,DION_001,377177,0.09240600684403744,SIMULATED,NORMAL
2026-06-17T16:50:53.761735+00:00,DION_001,377178,0.053066475960126286,SIMULATED,NORMAL
2026-06-17T16:50:53.772053+00:00,DION_001,377179,0.3561966723704689,SIMULATED,NORMAL
2026-06-17T16:50:53.782360+00:00,DION_001,377180,0.09803005706676021,SIMULATED,NORMAL
2026-06-17T16:50:53.792674+00:00,DION_001,377181,0.13101141799811036,SIMULATED,NORMAL
2026-06-17T16:50:53.803018+00:00,DION_001,377182,-0.10594766264781638,SIMULATED,NORMAL
2026-06-17T16:50:53.813335+00:00,DION_001,377183,-0.0343364788883586,SIMULATED,NORMAL
2026-06-17T16:50:53.823631+00:00,DION_001,377184,0.2060887036229181,SIMULATED,NORMAL
2026-06-17T16:50:53.833966+00:00,DION_001,377185,-0.03314915361421933,SIMULATED,NORMAL
2026-06-17T16:50:53.844280+00:00,DION_001,377186,-0.2507839631325799,SIMULATED,NORMAL
2026-06-17T16:50:53.854567+00:00,DION_001,377187,0.10444013658141271,SIMULATED,NORMAL
2026-06-17T16:50:53.864833+00:00,DION_001,377188,-0.03750182824043584,SIMULATED,NORMAL
2026-06-17T16:50:53.875081+00:00,DION_001,377189,-0.2583267493372715,SIMULATED,NORMAL
2026-06-17T16:50:53.885396+00:00,DION_001,377190,-0.3845496420307639,SIMULATED,NORMAL
2026-06-17T16:50:53.895717+00:00,DION_001,377191,-8.164405134958308e-05,SIMULATED,NORMAL
2026-06-17T16:50:53.905985+00:00,DION_001,377192,-0.27519338135306676,SIMULATED,NORMAL
2026-06-17T16:50:53.916280+00:00,DION_001,377193,-0.33876387087249665,SIMULATED,NORMAL
2026-06-17T16:50:53.926635+00:00,DION_001,377194,-0.4335470468169535,SIMULATED,NORMAL
2026-06-17T16:50:53.936948+00:00,DION_001,377195,-0.25269357418543936,SIMULATED,NORMAL
2026-06-17T16:50:53.947250+00:00,DION_001,377196,-0.3248713202942358,SIMULATED,NORMAL
2026-06-17T16:50:53.957573+00:00,DION_001,377197,-0.5692122060959756,SIMULATED,NORMAL
2026-06-17T16:50:53.967899+00:00,DION_001,377198,-0.5310665952806911,SIMULATED,NORMAL
2026-06-17T16:50:53.978256+00:00,DION_001,377199,-0.5736820245338221,SIMULATED,NORMAL
2026-06-17T16:50:53.988523+00:00,DION_001,377200,-0.24327760380814298,SIMULATED,NORMAL
2026-06-17T16:50:53.998878+00:00,DION_001,377201,-0.29839066106390494,SIMULATED,NORMAL
2026-06-17T16:50:54.009362+00:00,DION_001,377202,-0.33264084607664457,SIMULATED,NORMAL
2026-06-17T16:50:54.019812+00:00,DION_001,377203,-0.30486590407266123,SIMULATED,NORMAL
2026-06-17T16:50:54.030213+00:00,DION_001,377204,-0.3882998763390219,SIMULATED,NORMAL
2026-06-17T16:50:54.040515+00:00,DION_001,377205,-0.4742974759037585,SIMULATED,NORMAL
2026-06-17T16:50:54.050882+00:00,DION_001,377206,-0.5310358071373367,SIMULATED,NORMAL
2026-06-17T16:50:54.061355+00:00,DION_001,377207,-0.31813033822816283,SIMULATED,NORMAL
2026-06-17T16:50:54.071723+00:00,DION_001,377208,-0.34763547891677815,SIMULATED,NORMAL
2026-06-17T16:50:54.082047+00:00,DION_001,377209,-0.29102019198408735,SIMULATED,NORMAL
2026-06-17T16:50:54.092504+00:00,DION_001,377210,-0.23331875118576173,SIMULATED,NORMAL
2026-06-17T16:50:54.103092+00:00,DION_001,377211,-0.6365215870005911,SIMULATED,NORMAL
2026-06-17T16:50:54.113593+00:00,DION_001,377212,-0.09534347382051311,SIMULATED,NORMAL
2026-06-17T16:50:54.124136+00:00,DION_001,377213,0.1840505802477041,SIMULATED,NORMAL
2026-06-17T16:50:54.134692+00:00,DION_001,377214,-0.30487642487336547,SIMULATED,NORMAL
2026-06-17T16:50:54.145231+00:00,DION_001,377215,-0.25630849388293087,SIMULATED,NORMAL
2026-06-17T16:50:54.155837+00:00,DION_001,377216,-0.15052139682206284,SIMULATED,NORMAL
2026-06-17T16:50:54.166324+00:00,DION_001,377217,-0.34601863315134435,SIMULATED,NORMAL
2026-06-17T16:50:54.177023+00:00,DION_001,377218,-0.45447953095794136,SIMULATED,NORMAL
2026-06-17T16:50:54.187680+00:00,DION_001,377219,-0.377167936630054,SIMULATED,NORMAL
2026-06-17T16:50:54.198277+00:00,DION_001,377220,-0.09587624331068155,SIMULATED,NORMAL
2026-06-17T16:50:54.208882+00:00,DION_001,377221,-0.23510041867332068,SIMULATED,NORMAL
2026-06-17T16:50:54.219505+00:00,DION_001,377222,-0.08687184675671727,SIMULATED,NORMAL
2026-06-17T16:50:54.230040+00:00,DION_001,377223,-0.34901674826527324,SIMULATED,NORMAL
2026-06-17T16:50:54.240623+00:00,DION_001,377224,-0.06967189434709803,SIMULATED,NORMAL
2026-06-17T16:50:54.251312+00:00,DION_001,377225,0.0638700225752771,SIMULATED,NORMAL
2026-06-17T16:50:54.261990+00:00,DION_001,377226,-0.13060319437950124,SIMULATED,NORMAL
2026-06-17T16:50:54.272877+00:00,DION_001,377227,0.004196113989542935,SIMULATED,NORMAL
2026-06-17T16:50:54.283681+00:00,DION_001,377228,-0.27427230260328206,SIMULATED,NORMAL
2026-06-17T16:50:54.294193+00:00,DION_001,377229,-0.04717069892355811,SIMULATED,NORMAL
2026-06-17T16:50:54.304728+00:00,DION_001,377230,-0.08034850448496939,SIMULATED,NORMAL
2026-06-17T16:50:54.315251+00:00,DION_001,377231,-0.21721024256123414,SIMULATED,NORMAL
2026-06-17T16:50:54.325694+00:00,DION_001,377232,-0.012872917598669226,SIMULATED,NORMAL
2026-06-17T16:50:54.336072+00:00,DION_001,377233,0.0521864937177189,SIMULATED,NORMAL
2026-06-17T16:50:54.346442+00:00,DION_001,377234,0.0009072932689177561,SIMULATED,NORMAL
2026-06-17T16:50:54.357108+00:00,DION_001,377235,-0.09868920005808998,SIMULATED,NORMAL
2026-06-17T16:50:54.367503+00:00,DION_001,377236,-0.06303252286889456,SIMULATED,NORMAL
2026-06-17T16:50:54.377908+00:00,DION_001,377237,-0.01984413653854271,SIMULATED,NORMAL
2026-06-17T16:50:54.388299+00:00,DION_001,377238,-0.04887343873971792,SIMULATED,NORMAL
2026-06-17T16:50:54.398603+00:00,DION_001,377239,0.04880953096192148,SIMULATED,NORMAL
2026-06-17T16:50:54.408967+00:00,DION_001,377240,-2.5054479686563527,SIMULATED,EVENT_DETECTED
2026-06-17T16:50:54.419853+00:00,DION_001,377241,-0.27123023400007706,SIMULATED,NORMAL
2026-06-17T16:50:54.430334+00:00,DION_001,377242,0.12348930414627551,SIMULATED,NORMAL
2026-06-17T16:50:54.440931+00:00,DION_001,377243,-0.13039146879685076,SIMULATED,NORMAL
2026-06-17T16:50:54.451364+00:00,DION_001,377244,-0.19482149397583481,SIMULATED,NORMAL
2026-06-17T16:50:54.461861+00:00,DION_001,377245,-0.37637761967755556,SIMULATED,NORMAL
2026-06-17T16:50:54.472281+00:00,DION_001,377246,-0.46824170835350964,SIMULATED,NORMAL
2026-06-17T16:50:54.482697+00:00,DION_001,377247,-0.20032849631327565,SIMULATED,NORMAL
2026-06-17T16:50:54.493450+00:00,DION_001,377248,-0.2398654992201017,SIMULATED,NORMAL
2026-06-17T16:50:54.503968+00:00,DION_001,377249,-0.2744897804953078,SIMULATED,NORMAL
2026-06-17T16:50:54.514367+00:00,DION_001,377250,-0.3686874589272717,SIMULATED,NORMAL
2026-06-17T16:50:54.524921+00:00,DION_001,377251,-0.6477663703457126,SIMULATED,NORMAL
2026-06-17T16:50:54.535463+00:00,DION_001,377252,-0.3892907988432205,SIMULATED,NORMAL
2026-06-17T16:50:54.546008+00:00,DION_001,377253,-0.5009579138475,SIMULATED,NORMAL
2026-06-17T16:50:54.556634+00:00,DION_001,377254,-0.579621736505424,SIMULATED,NORMAL
2026-06-17T16:50:54.567122+00:00,DION_001,377255,-0.5143556453092769,SIMULATED,NORMAL
2026-06-17T16:50:54.577745+00:00,DION_001,377256,-0.7119679070635615,SIMULATED,NORMAL
2026-06-17T16:50:54.588866+00:00,DION_001,377257,-0.6506088762992244,SIMULATED,NORMAL
2026-06-17T16:50:54.599231+00:00,DION_001,377258,-0.6571238477549147,SIMULATED,NORMAL
2026-06-17T16:50:54.609745+00:00,DION_001,377259,-0.5725854150711991,SIMULATED,NORMAL
2026-06-17T16:50:54.620372+00:00,DION_001,377260,-1.1337760215514936,SIMULATED,NORMAL
2026-06-17T16:50:54.630826+00:00,DION_001,377261,-0.5371130699231587,SIMULATED,NORMAL
2026-06-17T16:50:54.641446+00:00,DION_001,377262,-0.760290896005749,SIMULATED,NORMAL
2026-06-17T16:50:54.651827+00:00,DION_001,377263,-0.8366579888229393,SIMULATED,NORMAL
2026-06-17T16:50:54.662259+00:00,DION_001,377264,-0.9717300578923531,SIMULATED,NORMAL
2026-06-17T16:50:54.672810+00:00,DION_001,377265,-0.9766420889680605,SIMULATED,NORMAL
2026-06-17T16:50:54.683276+00:00,DION_001,377266,-0.8215317208426621,SIMULATED,NORMAL
2026-06-17T16:50:54.693641+00:00,DION_001,377267,-1.0756773167875462,SIMULATED,NORMAL
2026-06-17T16:50:54.704112+00:00,DION_001,377268,-0.8849692746734008,SIMULATED,NORMAL
2026-06-17T16:50:54.714599+00:00,DION_001,377269,-0.8280180564230437,SIMULATED,NORMAL
2026-06-17T16:50:54.725178+00:00,DION_001,377270,-1.1048554430914086,SIMULATED,NORMAL
2026-06-17T16:50:54.735615+00:00,DION_001,377271,-1.0483322884483128,SIMULATED,NORMAL
2026-06-17T16:50:54.746115+00:00,DION_001,377272,-0.992007753526178,SIMULATED,NORMAL
2026-06-17T16:50:54.756660+00:00,DION_001,377273,-1.1335343943262104,SIMULATED,NORMAL
2026-06-17T16:50:54.767061+00:00,DION_001,377274,-1.1747149170503028,SIMULATED,NORMAL
2026-06-17T16:50:54.777460+00:00,DION_001,377275,-1.2062783304769453,SIMULATED,NORMAL
2026-06-17T16:50:54.787979+00:00,DION_001,377276,-1.3573433725479283,SIMULATED,NORMAL
2026-06-17T16:50:54.798399+00:00,DION_001,377277,-0.9467016502865583,SIMULATED,NORMAL
2026-06-17T16:50:54.808861+00:00,DION_001,377278,-1.0665847024934232,SIMULATED,NORMAL
2026-06-17T16:50:54.819352+00:00,DION_001,377279,-1.1928652578748098,SIMULATED,NORMAL
2026-06-17T16:50:54.829863+00:00,DION_001,377280,-1.3539281937683534,SIMULATED,NORMAL
2026-06-17T16:50:54.840271+00:00,DION_001,377281,-1.3017333362082841,SIMULATED,NORMAL
2026-06-17T16:50:54.850712+00:00,DION_001,377282,-1.2297971087394441,SIMULATED,NORMAL
2026-06-17T16:50:54.861139+00:00,DION_001,377283,-0.9685498473020956,SIMULATED,NORMAL
2026-06-17T16:50:54.871680+00:00,DION_001,377284,-1.3230054376741962,SIMULATED,NORMAL
2026-06-17T16:50:54.882274+00:00,DION_001,377285,-1.0772143025282566,SIMULATED,NORMAL
2026-06-17T16:50:54.892877+00:00,DION_001,377286,-0.8385951632497202,SIMULATED,NORMAL
2026-06-17T16:50:54.903437+00:00,DION_001,377287,-0.8650824307864687,SIMULATED,NORMAL
2026-06-17T16:50:54.914001+00:00,DION_001,377288,-0.8456104103137164,SIMULATED,NORMAL
2026-06-17T16:50:54.924738+00:00,DION_001,377289,-0.7373880632454712,SIMULATED,NORMAL
2026-06-17T16:50:54.935286+00:00,DION_001,377290,-0.8259297971887627,SIMULATED,NORMAL
2026-06-17T16:50:54.945950+00:00,DION_001,377291,-0.8448369686597882,SIMULATED,NORMAL
2026-06-17T16:50:54.956423+00:00,DION_001,377292,-0.7701051115520663,SIMULATED,NORMAL
2026-06-17T16:50:54.966920+00:00,DION_001,377293,-0.6888244677238674,SIMULATED,NORMAL
2026-06-17T16:50:54.977287+00:00,DION_001,377294,-0.7254406351086581,SIMULATED,NORMAL
2026-06-17T16:50:54.987771+00:00,DION_001,377295,-1.0051472312997152,SIMULATED,NORMAL
2026-06-17T16:50:54.998143+00:00,DION_001,377296,-1.0326532545954774,SIMULATED,NORMAL
2026-06-17T16:50:55.008649+00:00,DION_001,377297,-0.6865834047119694,SIMULATED,NORMAL
2026-06-17T16:50:55.019101+00:00,DION_001,377298,-0.7626724464146887,SIMULATED,NORMAL
2026-06-17T16:50:55.029620+00:00,DION_001,377299,-0.7295287861978165,SIMULATED,NORMAL
2026-06-17T16:50:55.040090+00:00,DION_001,377300,-0.6691055617906555,SIMULATED,NORMAL
2026-06-17T16:50:55.050402+00:00,DION_001,377301,-0.5902013585319207,SIMULATED,NORMAL
2026-06-17T16:50:55.060759+00:00,DION_001,377302,-0.36809955059415206,SIMULATED,NORMAL
2026-06-17T16:50:55.071126+00:00,DION_001,377303,-0.49566401352365674,SIMULATED,NORMAL
2026-06-17T16:50:55.081652+00:00,DION_001,377304,-0.875390266773191,SIMULATED,NORMAL
2026-06-17T16:50:55.092189+00:00,DION_001,377305,-0.4841077171830567,SIMULATED,NORMAL
2026-06-17T16:50:55.102649+00:00,DION_001,377306,-0.6693225162286692,SIMULATED,NORMAL
2026-06-17T16:50:55.113327+00:00,DION_001,377307,-0.5099185988402758,SIMULATED,NORMAL
2026-06-17T16:50:55.123879+00:00,DION_001,377308,-0.45978960235824173,SIMULATED,NORMAL
2026-06-17T16:50:55.134429+00:00,DION_001,377309,-0.5345952723860561,SIMULATED,NORMAL
2026-06-17T16:50:55.145023+00:00,DION_001,377310,-0.1684662136486294,SIMULATED,NORMAL
2026-06-17T16:50:55.155764+00:00,DION_001,377311,-0.42747693015913246,SIMULATED,NORMAL
2026-06-17T16:50:55.166408+00:00,DION_001,377312,-0.6259671216495091,SIMULATED,NORMAL
2026-06-17T16:50:55.177087+00:00,DION_001,377313,-0.45291082382251013,SIMULATED,NORMAL
2026-06-17T16:50:55.187783+00:00,DION_001,377314,-0.44692026275015917,SIMULATED,NORMAL
2026-06-17T16:50:55.198458+00:00,DION_001,377315,-0.7682951213966684,SIMULATED,NORMAL
2026-06-17T16:50:55.209104+00:00,DION_001,377316,-0.28452433931389015,SIMULATED,NORMAL
2026-06-17T16:50:55.219703+00:00,DION_001,377317,-0.5374806922964437,SIMULATED,NORMAL
2026-06-17T16:50:55.230263+00:00,DION_001,377318,-0.44873720691674557,SIMULATED,NORMAL
2026-06-17T16:50:55.240869+00:00,DION_001,377319,-0.3972263610170786,SIMULATED,NORMAL
2026-06-17T16:50:55.251359+00:00,DION_001,377320,-0.10447399886847147,SIMULATED,NORMAL
2026-06-17T16:50:55.262091+00:00,DION_001,377321,-0.1973837967172414,SIMULATED,NORMAL
2026-06-17T16:50:55.272678+00:00,DION_001,377322,-0.7509803600782163,SIMULATED,NORMAL
2026-06-17T16:50:55.283264+00:00,DION_001,377323,-0.43463277554930774,SIMULATED,NORMAL
2026-06-17T16:50:55.293760+00:00,DION_001,377324,-0.468055763507759,SIMULATED,NORMAL
2026-06-17T16:50:55.304492+00:00,DION_001,377325,-0.146891404711201,SIMULATED,NORMAL
2026-06-17T16:50:55.315221+00:00,DION_001,377326,-0.5771498850649598,SIMULATED,NORMAL
2026-06-17T16:50:55.325717+00:00,DION_001,377327,-0.6780918598062683,SIMULATED,NORMAL
2026-06-17T16:50:55.336232+00:00,DION_001,377328,-1.9463298637631228,SIMULATED,NORMAL
2026-06-17T16:50:55.346861+00:00,DION_001,377329,-0.35090485839975893,SIMULATED,NORMAL
2026-06-17T16:50:55.357250+00:00,DION_001,377330,-0.6312562672131409,SIMULATED,NORMAL
2026-06-17T16:50:55.367605+00:00,DION_001,377331,-0.5829419697224775,SIMULATED,NORMAL
2026-06-17T16:50:55.378102+00:00,DION_001,377332,-0.4587440927533419,SIMULATED,NORMAL
2026-06-17T16:50:55.388773+00:00,DION_001,377333,-0.2988772233384137,SIMULATED,NORMAL
2026-06-17T16:50:55.399282+00:00,DION_001,377334,-0.48756841846478244,SIMULATED,NORMAL
2026-06-17T16:50:55.410130+00:00,DION_001,377335,-1.0176840219184384,SIMULATED,NORMAL
2026-06-17T16:50:55.420690+00:00,DION_001,377336,-0.5445423418512476,SIMULATED,NORMAL
2026-06-17T16:50:55.431277+00:00,DION_001,377337,-0.9943888295996406,SIMULATED,NORMAL
2026-06-17T16:50:55.441990+00:00,DION_001,377338,-0.8563016219865974,SIMULATED,NORMAL
2026-06-17T16:50:55.452468+00:00,DION_001,377339,-0.5317939554591913,SIMULATED,NORMAL
2026-06-17T16:50:55.463135+00:00,DION_001,377340,-0.8912626465726091,SIMULATED,NORMAL
2026-06-17T16:50:55.473708+00:00,DION_001,377341,-0.6554386027443216,SIMULATED,NORMAL
2026-06-17T16:50:55.484265+00:00,DION_001,377342,-0.9224155938621005,SIMULATED,NORMAL
2026-06-17T16:50:55.494899+00:00,DION_001,377343,-1.0230978499906134,SIMULATED,NORMAL
2026-06-17T16:50:55.505705+00:00,DION_001,377344,-0.7956217327619973,SIMULATED,NORMAL
2026-06-17T16:50:55.516232+00:00,DION_001,377345,-0.9952865085231266,SIMULATED,NORMAL
2026-06-17T16:50:55.526875+00:00,DION_001,377346,-0.7388964638526638,SIMULATED,NORMAL
2026-06-17T16:50:55.537412+00:00,DION_001,377347,-0.6904598304358112,SIMULATED,NORMAL
2026-06-17T16:50:55.547764+00:00,DION_001,377348,-0.5325049204727071,SIMULATED,NORMAL
2026-06-17T16:50:55.558157+00:00,DION_001,377349,-0.8157351373087227,SIMULATED,NORMAL
2026-06-17T16:50:55.568639+00:00,DION_001,377350,-0.9270295578066423,SIMULATED,NORMAL
2026-06-17T16:50:55.579048+00:00,DION_001,377351,-0.7167779461512633,SIMULATED,NORMAL
2026-06-17T16:50:55.589362+00:00,DION_001,377352,-0.7381979530130842,SIMULATED,NORMAL
2026-06-17T16:50:55.599731+00:00,DION_001,377353,-0.9814225737185389,SIMULATED,NORMAL
2026-06-17T16:50:55.610008+00:00,DION_001,377354,-1.041710741464082,SIMULATED,NORMAL
2026-06-17T16:50:55.620286+00:00,DION_001,377355,-0.7063357145709717,SIMULATED,NORMAL
2026-06-17T16:50:55.630611+00:00,DION_001,377356,-0.7441912098029168,SIMULATED,NORMAL
2026-06-17T16:50:55.640897+00:00,DION_001,377357,-0.7972123515700047,SIMULATED,NORMAL
2026-06-17T16:50:55.651210+00:00,DION_001,377358,-1.0075704593317127,SIMULATED,NORMAL
2026-06-17T16:50:55.661515+00:00,DION_001,377359,-0.7315750058961918,SIMULATED,NORMAL
2026-06-17T16:50:55.671800+00:00,DION_001,377360,-0.7754537848544649,SIMULATED,NORMAL
2026-06-17T16:50:55.682124+00:00,DION_001,377361,-0.9334508481014021,SIMULATED,NORMAL
2026-06-17T16:50:55.692397+00:00,DION_001,377362,-0.5856965187389234,SIMULATED,NORMAL
2026-06-17T16:50:55.702706+00:00,DION_001,377363,-0.5071905436381463,SIMULATED,NORMAL
2026-06-17T16:50:55.712993+00:00,DION_001,377364,-0.76011705778648,SIMULATED,NORMAL
2026-06-17T16:50:55.723349+00:00,DION_001,377365,-0.455550516115935,SIMULATED,NORMAL
2026-06-17T16:50:55.733677+00:00,DION_001,377366,-0.4732187375452861,SIMULATED,NORMAL
2026-06-17T16:50:55.743994+00:00,DION_001,377367,-0.5074769317903531,SIMULATED,NORMAL
2026-06-17T16:50:55.754263+00:00,DION_001,377368,-0.5855303035997441,SIMULATED,NORMAL
2026-06-17T16:50:55.764526+00:00,DION_001,377369,-0.48460874492611344,SIMULATED,NORMAL
2026-06-17T16:50:55.774846+00:00,DION_001,377370,-0.49296978418397863,SIMULATED,NORMAL
2026-06-17T16:50:55.785063+00:00,DION_001,377371,-0.3674411563948954,SIMULATED,NORMAL
2026-06-17T16:50:55.795332+00:00,DION_001,377372,-0.12065306176279089,SIMULATED,NORMAL
2026-06-17T16:50:55.805540+00:00,DION_001,377373,-0.4619061610275903,SIMULATED,NORMAL
2026-06-17T16:50:55.815783+00:00,DION_001,377374,-0.20337936194704198,SIMULATED,NORMAL
2026-06-17T16:50:55.826031+00:00,DION_001,377375,-2.6378280768678177,SIMULATED,EVENT_DETECTED
2026-06-17T16:50:55.836322+00:00,DION_001,377376,-0.4444609070831097,SIMULATED,NORMAL
2026-06-17T16:50:55.846678+00:00,DION_001,377377,-0.3080133676804695,SIMULATED,NORMAL
2026-06-17T16:50:55.856972+00:00,DION_001,377378,0.008740160337591757,SIMULATED,NORMAL
2026-06-17T16:50:55.867307+00:00,DION_001,377379,0.0766615131847368,SIMULATED,NORMAL
2026-06-17T16:50:55.877663+00:00,DION_001,377380,0.026874935045030197,SIMULATED,NORMAL
2026-06-17T16:50:55.887906+00:00,DION_001,377381,0.1486321319640322,SIMULATED,NORMAL
2026-06-17T16:50:55.898156+00:00,DION_001,377382,0.1620483955186406,SIMULATED,NORMAL
2026-06-17T16:50:55.908446+00:00,DION_001,377383,0.015277843810510228,SIMULATED,NORMAL
2026-06-17T16:50:55.918758+00:00,DION_001,377384,-0.14004259427698365,SIMULATED,NORMAL
2026-06-17T16:50:55.929036+00:00,DION_001,377385,0.2985719362069868,SIMULATED,NORMAL
2026-06-17T16:50:55.939323+00:00,DION_001,377386,0.1845084214600781,SIMULATED,NORMAL
2026-06-17T16:50:55.949536+00:00,DION_001,377387,0.18890204355556842,SIMULATED,NORMAL
2026-06-17T16:50:55.959786+00:00,DION_001,377388,0.2285862049655705,SIMULATED,NORMAL
2026-06-17T16:50:55.970117+00:00,DION_001,377389,0.4094553182211412,SIMULATED,NORMAL
2026-06-17T16:50:55.980363+00:00,DION_001,377390,0.22164123460134827,SIMULATED,NORMAL
2026-06-17T16:50:55.990642+00:00,DION_001,377391,0.2039293522004457,SIMULATED,NORMAL
2026-06-17T16:50:56.000987+00:00,DION_001,377392,0.2050090301288422,SIMULATED,NORMAL
2026-06-17T16:50:56.011238+00:00,DION_001,377393,0.46792724063483165,SIMULATED,NORMAL
2026-06-17T16:50:56.021506+00:00,DION_001,377394,0.7715176080285326,SIMULATED,NORMAL
2026-06-17T16:50:56.031822+00:00,DION_001,377395,0.5155802400076375,SIMULATED,NORMAL
2026-06-17T16:50:56.042159+00:00,DION_001,377396,0.2371606518686742,SIMULATED,NORMAL
2026-06-17T16:50:56.052585+00:00,DION_001,377397,0.6445724804352492,SIMULATED,NORMAL
2026-06-17T16:50:56.062889+00:00,DION_001,377398,0.38524176313826597,SIMULATED,NORMAL
2026-06-17T16:50:56.073150+00:00,DION_001,377399,0.24797126788470408,SIMULATED,NORMAL
2026-06-17T16:50:56.083422+00:00,DION_001,377400,0.3531066587046001,SIMULATED,NORMAL
2026-06-17T16:50:56.093822+00:00,DION_001,377401,0.5942925096717075,SIMULATED,NORMAL
2026-06-17T16:50:56.104158+00:00,DION_001,377402,-2.3376846425703404,SIMULATED,EVENT_DETECTED
2026-06-17T16:50:56.114674+00:00,DION_001,377403,0.3939773657063108,SIMULATED,NORMAL
2026-06-17T16:50:56.125013+00:00,DION_001,377404,0.40527771441902494,SIMULATED,NORMAL
2026-06-17T16:50:56.135478+00:00,DION_001,377405,0.48301151450965324,SIMULATED,NORMAL
2026-06-17T16:50:56.145770+00:00,DION_001,377406,0.33153445432085116,SIMULATED,NORMAL
2026-06-17T16:50:56.156120+00:00,DION_001,377407,0.4422265574993878,SIMULATED,NORMAL
2026-06-17T16:50:56.166437+00:00,DION_001,377408,0.35428354852252764,SIMULATED,NORMAL
2026-06-17T16:50:56.176741+00:00,DION_001,377409,0.3993722705743619,SIMULATED,NORMAL
2026-06-17T16:50:56.187075+00:00,DION_001,377410,0.2782383954352938,SIMULATED,NORMAL
2026-06-17T16:50:56.197401+00:00,DION_001,377411,0.5378361199874818,SIMULATED,NORMAL
2026-06-17T16:50:56.209073+00:00,DION_001,377412,0.12142308810722063,SIMULATED,NORMAL
2026-06-17T16:50:56.219447+00:00,DION_001,377413,0.5539074778273517,SIMULATED,NORMAL
2026-06-17T16:50:56.229760+00:00,DION_001,377414,0.4761033274333024,SIMULATED,NORMAL
2026-06-17T16:50:56.240052+00:00,DION_001,377415,0.22575760844048598,SIMULATED,NORMAL
2026-06-17T16:50:56.250451+00:00,DION_001,377416,0.0645173657673827,SIMULATED,NORMAL
2026-06-17T16:50:56.260760+00:00,DION_001,377417,0.24012801996444114,SIMULATED,NORMAL
2026-06-17T16:50:56.271014+00:00,DION_001,377418,0.17604776010186315,SIMULATED,NORMAL
2026-06-17T16:50:56.281286+00:00,DION_001,377419,0.20263172487185896,SIMULATED,NORMAL
2026-06-17T16:50:56.291583+00:00,DION_001,377420,-0.16166925410897726,SIMULATED,NORMAL
2026-06-17T16:50:56.301860+00:00,DION_001,377421,0.31593151572952466,SIMULATED,NORMAL
2026-06-17T16:50:56.312159+00:00,DION_001,377422,0.1321042524404898,SIMULATED,NORMAL
2026-06-17T16:50:56.322491+00:00,DION_001,377423,0.3573265233479496,SIMULATED,NORMAL
2026-06-17T16:50:56.332819+00:00,DION_001,377424,0.4525165731133406,SIMULATED,NORMAL
2026-06-17T16:50:56.343134+00:00,DION_001,377425,0.029389690253033438,SIMULATED,NORMAL
2026-06-17T16:50:56.353528+00:00,DION_001,377426,0.2690996540002327,SIMULATED,NORMAL
2026-06-17T16:50:56.363912+00:00,DION_001,377427,-0.13722572922782894,SIMULATED,NORMAL
2026-06-17T16:50:56.374362+00:00,DION_001,377428,0.06379168791663126,SIMULATED,NORMAL
2026-06-17T16:50:56.384678+00:00,DION_001,377429,0.1743800846513945,SIMULATED,NORMAL
2026-06-17T16:50:56.394999+00:00,DION_001,377430,-0.03134396507611359,SIMULATED,NORMAL
2026-06-17T16:50:56.405292+00:00,DION_001,377431,0.04823118159971809,SIMULATED,NORMAL
2026-06-17T16:50:56.415705+00:00,DION_001,377432,2.9439788230954775,SIMULATED,EVENT_DETECTED
2026-06-17T16:50:56.426244+00:00,DION_001,377433,0.037110687590167474,SIMULATED,NORMAL
2026-06-17T16:50:56.436544+00:00,DION_001,377434,0.08363813341356223,SIMULATED,NORMAL
2026-06-17T16:50:56.447005+00:00,DION_001,377435,-0.1071675264316978,SIMULATED,NORMAL
2026-06-17T16:50:56.457323+00:00,DION_001,377436,0.2260701511278464,SIMULATED,NORMAL
2026-06-17T16:50:56.467700+00:00,DION_001,377437,0.22524963013968918,SIMULATED,NORMAL
2026-06-17T16:50:56.477993+00:00,DION_001,377438,2.7311372345610936,SIMULATED,EVENT_DETECTED
2026-06-17T16:50:56.488491+00:00,DION_001,377439,0.24481363990799715,SIMULATED,NORMAL
2026-06-17T16:50:56.498901+00:00,DION_001,377440,0.35021268607229517,SIMULATED,NORMAL
2026-06-17T16:50:56.509215+00:00,DION_001,377441,0.2898999368239771,SIMULATED,NORMAL
2026-06-17T16:50:56.519562+00:00,DION_001,377442,0.00032828695950998243,SIMULATED,NORMAL
2026-06-17T16:50:56.529914+00:00,DION_001,377443,0.3381613368494866,SIMULATED,NORMAL
2026-06-17T16:50:56.540220+00:00,DION_001,377444,0.20713122394716454,SIMULATED,NORMAL
2026-06-17T16:50:56.550529+00:00,DION_001,377445,0.38175433077208565,SIMULATED,NORMAL
2026-06-17T16:50:56.560838+00:00,DION_001,377446,0.07665198837276799,SIMULATED,NORMAL
2026-06-17T16:50:56.571291+00:00,DION_001,377447,0.37811674714506754,SIMULATED,NORMAL
2026-06-17T16:50:56.581758+00:00,DION_001,377448,0.5354164946796918,SIMULATED,NORMAL
2026-06-17T16:50:56.592125+00:00,DION_001,377449,0.34571567764102645,SIMULATED,NORMAL
2026-06-17T16:50:56.602460+00:00,DION_001,377450,0.20028068369191543,SIMULATED,NORMAL
2026-06-17T16:50:56.612871+00:00,DION_001,377451,0.7186497924350145,SIMULATED,NORMAL
2026-06-17T16:50:56.623290+00:00,DION_001,377452,0.5649307895140657,SIMULATED,NORMAL
2026-06-17T16:50:56.633609+00:00,DION_001,377453,0.5649522097930313,SIMULATED,NORMAL
2026-06-17T16:50:56.643875+00:00,DION_001,377454,0.5266323858701115,SIMULATED,NORMAL
2026-06-17T16:50:56.654151+00:00,DION_001,377455,0.7351511663959263,SIMULATED,NORMAL
2026-06-17T16:50:56.664381+00:00,DION_001,377456,0.687147283108202,SIMULATED,NORMAL
2026-06-17T16:50:56.674585+00:00,DION_001,377457,0.7282910969911303,SIMULATED,NORMAL
2026-06-17T16:50:56.684918+00:00,DION_001,377458,0.6209669538066522,SIMULATED,NORMAL
2026-06-17T16:50:56.695175+00:00,DION_001,377459,0.7067286528458849,SIMULATED,NORMAL
2026-06-17T16:50:56.705402+00:00,DION_001,377460,0.890984124470918,SIMULATED,NORMAL
2026-06-17T16:50:56.715635+00:00,DION_001,377461,0.7682102756466799,SIMULATED,NORMAL
2026-06-17T16:50:56.725932+00:00,DION_001,377462,0.9572183298464476,SIMULATED,NORMAL
2026-06-17T16:50:56.736312+00:00,DION_001,377463,0.7402259875421924,SIMULATED,NORMAL
2026-06-17T16:50:56.746541+00:00,DION_001,377464,1.0511530228146073,SIMULATED,NORMAL
2026-06-17T16:50:56.756781+00:00,DION_001,377465,1.1521994776218942,SIMULATED,NORMAL
2026-06-17T16:50:56.767075+00:00,DION_001,377466,1.0351912381345472,SIMULATED,NORMAL
2026-06-17T16:50:56.777307+00:00,DION_001,377467,0.9960196855041615,SIMULATED,NORMAL
2026-06-17T16:50:56.787528+00:00,DION_001,377468,1.0309764400736139,SIMULATED,NORMAL
2026-06-17T16:50:56.797703+00:00,DION_001,377469,1.1233718787840494,SIMULATED,NORMAL
2026-06-17T16:50:56.807919+00:00,DION_001,377470,0.8355275383693954,SIMULATED,NORMAL
2026-06-17T16:50:56.818223+00:00,DION_001,377471,1.2924436446801661,SIMULATED,NORMAL
2026-06-17T16:50:56.828514+00:00,DION_001,377472,1.1924685299797204,SIMULATED,NORMAL
2026-06-17T16:50:56.838939+00:00,DION_001,377473,1.2087102006906392,SIMULATED,NORMAL
2026-06-17T16:50:56.849294+00:00,DION_001,377474,1.262237611273216,SIMULATED,NORMAL
2026-06-17T16:50:56.859610+00:00,DION_001,377475,1.0521251196404728,SIMULATED,NORMAL
2026-06-17T16:50:56.870021+00:00,DION_001,377476,1.0680009375841233,SIMULATED,NORMAL
2026-06-17T16:50:56.880615+00:00,DION_001,377477,1.2754241614920885,SIMULATED,NORMAL
2026-06-17T16:50:56.890938+00:00,DION_001,377478,1.243692856913444,SIMULATED,NORMAL
2026-06-17T16:50:56.901207+00:00,DION_001,377479,1.0251713546580095,SIMULATED,NORMAL
2026-06-17T16:50:56.911488+00:00,DION_001,377480,1.3199556698950008,SIMULATED,NORMAL
2026-06-17T16:50:56.921727+00:00,DION_001,377481,0.9263403864696386,SIMULATED,NORMAL
2026-06-17T16:50:56.932071+00:00,DION_001,377482,0.8883523309211359,SIMULATED,NORMAL
2026-06-17T16:50:56.942356+00:00,DION_001,377483,1.1740016533185273,SIMULATED,NORMAL
2026-06-17T16:50:56.952612+00:00,DION_001,377484,1.2156393825421923,SIMULATED,NORMAL
2026-06-17T16:50:56.962783+00:00,DION_001,377485,1.1243627712923916,SIMULATED,NORMAL
2026-06-17T16:50:56.973054+00:00,DION_001,377486,1.083467921725742,SIMULATED,NORMAL
2026-06-17T16:50:56.983227+00:00,DION_001,377487,1.199283847510821,SIMULATED,NORMAL
2026-06-17T16:50:56.993499+00:00,DION_001,377488,1.0815151979646753,SIMULATED,NORMAL
2026-06-17T16:50:57.003812+00:00,DION_001,377489,1.1800252214102225,SIMULATED,NORMAL
2026-06-17T16:50:57.014126+00:00,DION_001,377490,0.8623529087286824,SIMULATED,NORMAL
2026-06-17T16:50:57.024439+00:00,DION_001,377491,1.224617806428903,SIMULATED,NORMAL
2026-06-17T16:50:57.034859+00:00,DION_001,377492,1.000314020296034,SIMULATED,NORMAL
2026-06-17T16:50:57.045191+00:00,DION_001,377493,0.9332530898899346,SIMULATED,NORMAL
2026-06-17T16:50:57.055508+00:00,DION_001,377494,0.7897187539996692,SIMULATED,NORMAL
2026-06-17T16:50:57.065853+00:00,DION_001,377495,1.001084249590479,SIMULATED,NORMAL
2026-06-17T16:50:57.076263+00:00,DION_001,377496,0.7030665882223649,SIMULATED,NORMAL
2026-06-17T16:50:57.086569+00:00,DION_001,377497,0.9185218899784299,SIMULATED,NORMAL
2026-06-17T16:50:57.096878+00:00,DION_001,377498,0.47488403392879336,SIMULATED,NORMAL
2026-06-17T16:50:57.107192+00:00,DION_001,377499,0.8023600833236937,SIMULATED,NORMAL
2026-06-17T16:50:57.117457+00:00,DION_001,377500,0.9726725301472327,SIMULATED,NORMAL
2026-06-17T16:50:57.127772+00:00,DION_001,377501,0.48765029885222233,SIMULATED,NORMAL
2026-06-17T16:50:57.138174+00:00,DION_001,377502,0.5107536354892256,SIMULATED,NORMAL
2026-06-17T16:50:57.148530+00:00,DION_001,377503,0.6240613818022352,SIMULATED,NORMAL
2026-06-17T16:50:57.159008+00:00,DION_001,377504,0.7439224405187631,SIMULATED,NORMAL
2026-06-17T16:50:57.169430+00:00,DION_001,377505,0.47994740413344583,SIMULATED,NORMAL
2026-06-17T16:50:57.179860+00:00,DION_001,377506,0.41385884057976535,SIMULATED,NORMAL
2026-06-17T16:50:57.190220+00:00,DION_001,377507,0.6219455363752951,SIMULATED,NORMAL
2026-06-17T16:50:57.200620+00:00,DION_001,377508,0.18684930275291173,SIMULATED,NORMAL
2026-06-17T16:50:57.211081+00:00,DION_001,377509,0.24031310078893786,SIMULATED,NORMAL
2026-06-17T16:50:57.221466+00:00,DION_001,377510,0.6637152741965723,SIMULATED,NORMAL
2026-06-17T16:50:57.231868+00:00,DION_001,377511,0.38154635693079114,SIMULATED,NORMAL
2026-06-17T16:50:57.242255+00:00,DION_001,377512,0.4515009438611985,SIMULATED,NORMAL
2026-06-17T16:50:57.252614+00:00,DION_001,377513,0.014029604331683487,SIMULATED,NORMAL
2026-06-17T16:50:57.262931+00:00,DION_001,377514,0.5292218609561542,SIMULATED,NORMAL
2026-06-17T16:50:57.273255+00:00,DION_001,377515,0.47211915145129235,SIMULATED,NORMAL
2026-06-17T16:50:57.283730+00:00,DION_001,377516,0.3699059609434051,SIMULATED,NORMAL
2026-06-17T16:50:57.294083+00:00,DION_001,377517,0.23002350285389372,SIMULATED,NORMAL
2026-06-17T16:50:57.304354+00:00,DION_001,377518,0.2717299091304541,SIMULATED,NORMAL
2026-06-17T16:50:57.314654+00:00,DION_001,377519,0.71117590393691,SIMULATED,NORMAL
2026-06-17T16:50:57.324951+00:00,DION_001,377520,0.5206983618639378,SIMULATED,NORMAL
2026-06-17T16:50:57.335282+00:00,DION_001,377521,0.48325206710142,SIMULATED,NORMAL
2026-06-17T16:50:57.345581+00:00,DION_001,377522,0.3789355795735362,SIMULATED,NORMAL
2026-06-17T16:50:57.355882+00:00,DION_001,377523,0.3349067773453453,SIMULATED,NORMAL
2026-06-17T16:50:57.366176+00:00,DION_001,377524,0.5343393248920257,SIMULATED,NORMAL
2026-06-17T16:50:57.376471+00:00,DION_001,377525,0.4585837793643177,SIMULATED,NORMAL
2026-06-17T16:50:57.386920+00:00,DION_001,377526,0.2118849185364067,SIMULATED,NORMAL
2026-06-17T16:50:57.397215+00:00,DION_001,377527,0.3292109858972231,SIMULATED,NORMAL
2026-06-17T16:50:57.407505+00:00,DION_001,377528,0.6246743843811432,SIMULATED,NORMAL
2026-06-17T16:50:57.417784+00:00,DION_001,377529,0.28653490522804215,SIMULATED,NORMAL
2026-06-17T16:50:57.428088+00:00,DION_001,377530,0.14685114957144552,SIMULATED,NORMAL
2026-06-17T16:50:57.438452+00:00,DION_001,377531,0.3331442221725879,SIMULATED,NORMAL
2026-06-17T16:50:57.448741+00:00,DION_001,377532,0.06979007458831732,SIMULATED,NORMAL
2026-06-17T16:50:57.459036+00:00,DION_001,377533,0.34007155010186935,SIMULATED,NORMAL
2026-06-17T16:50:57.469334+00:00,DION_001,377534,0.5259607264216054,SIMULATED,NORMAL
2026-06-17T16:50:57.479611+00:00,DION_001,377535,0.5471686993118403,SIMULATED,NORMAL
2026-06-17T16:50:57.489950+00:00,DION_001,377536,0.5824965664680756,SIMULATED,NORMAL
2026-06-17T16:50:57.500270+00:00,DION_001,377537,0.6935785097727212,SIMULATED,NORMAL
2026-06-17T16:50:57.510636+00:00,DION_001,377538,0.8256781585888318,SIMULATED,NORMAL
2026-06-17T16:50:57.521045+00:00,DION_001,377539,0.7137723121382059,SIMULATED,NORMAL
2026-06-17T16:50:57.531466+00:00,DION_001,377540,0.6071004683886801,SIMULATED,NORMAL
2026-06-17T16:50:57.541804+00:00,DION_001,377541,0.7710255972007748,SIMULATED,NORMAL
2026-06-17T16:50:57.552104+00:00,DION_001,377542,0.7221294434973309,SIMULATED,NORMAL
2026-06-17T16:50:57.562549+00:00,DION_001,377543,0.9874546294280145,SIMULATED,NORMAL
2026-06-17T16:50:57.572913+00:00,DION_001,377544,0.6031279544087439,SIMULATED,NORMAL
2026-06-17T16:50:57.583249+00:00,DION_001,377545,0.7376525155403761,SIMULATED,NORMAL
2026-06-17T16:50:57.593584+00:00,DION_001,377546,0.7828182535578059,SIMULATED,NORMAL
2026-06-17T16:50:57.603891+00:00,DION_001,377547,0.8367782221507495,SIMULATED,NORMAL
2026-06-17T16:50:57.614219+00:00,DION_001,377548,0.679852835095518,SIMULATED,NORMAL
2026-06-17T16:50:57.624641+00:00,DION_001,377549,0.8039122192610814,SIMULATED,NORMAL
2026-06-17T16:50:57.635015+00:00,DION_001,377550,0.8449778508994157,SIMULATED,NORMAL
2026-06-17T16:50:57.645336+00:00,DION_001,377551,0.6686233126069105,SIMULATED,NORMAL
2026-06-17T16:50:57.655729+00:00,DION_001,377552,0.8009428503011509,SIMULATED,NORMAL
2026-06-17T16:50:57.666045+00:00,DION_001,377553,-0.8958959979903335,SIMULATED,NORMAL
2026-06-17T16:50:57.676405+00:00,DION_001,377554,0.5818859804049202,SIMULATED,NORMAL
2026-06-17T16:50:57.686791+00:00,DION_001,377555,0.6053248506471514,SIMULATED,NORMAL
2026-06-17T16:50:57.697255+00:00,DION_001,377556,0.7244818213223256,SIMULATED,NORMAL
2026-06-17T16:50:57.707669+00:00,DION_001,377557,0.6993216545652878,SIMULATED,NORMAL
2026-06-17T16:50:57.718253+00:00,DION_001,377558,0.9608046046932021,SIMULATED,NORMAL
2026-06-17T16:50:57.728650+00:00,DION_001,377559,0.7568323269129513,SIMULATED,NORMAL
2026-06-17T16:50:57.739203+00:00,DION_001,377560,0.897759508141371,SIMULATED,NORMAL
2026-06-17T16:50:57.749636+00:00,DION_001,377561,0.8426933719042393,SIMULATED,NORMAL
2026-06-17T16:50:57.759938+00:00,DION_001,377562,0.6884131578486857,SIMULATED,NORMAL
2026-06-17T16:50:57.770308+00:00,DION_001,377563,0.47262577036663567,SIMULATED,NORMAL
2026-06-17T16:50:57.780674+00:00,DION_001,377564,0.584162849713511,SIMULATED,NORMAL
2026-06-17T16:50:57.790980+00:00,DION_001,377565,0.5795211790366738,SIMULATED,NORMAL
2026-06-17T16:50:57.801364+00:00,DION_001,377566,0.6552271807998546,SIMULATED,NORMAL
2026-06-17T16:50:57.811667+00:00,DION_001,377567,0.6281331235387723,SIMULATED,NORMAL
2026-06-17T16:50:57.822097+00:00,DION_001,377568,0.13789400510939687,SIMULATED,NORMAL
2026-06-17T16:50:57.832424+00:00,DION_001,377569,0.2374427333704946,SIMULATED,NORMAL
2026-06-17T16:50:57.842744+00:00,DION_001,377570,0.3845193212571624,SIMULATED,NORMAL
2026-06-17T16:50:57.853207+00:00,DION_001,377571,0.3444372907169519,SIMULATED,NORMAL
2026-06-17T16:50:57.863693+00:00,DION_001,377572,0.17649819962710672,SIMULATED,NORMAL
2026-06-17T16:50:57.873966+00:00,DION_001,377573,0.2793208708750019,SIMULATED,NORMAL
2026-06-17T16:50:57.884202+00:00,DION_001,377574,0.23581902662200516,SIMULATED,NORMAL
2026-06-17T16:50:57.894577+00:00,DION_001,377575,-0.017217802042840624,SIMULATED,NORMAL
2026-06-17T16:50:57.904897+00:00,DION_001,377576,0.1369805228825595,SIMULATED,NORMAL
2026-06-17T16:50:57.915195+00:00,DION_001,377577,0.2443846748714929,SIMULATED,NORMAL
2026-06-17T16:50:57.925423+00:00,DION_001,377578,0.18794682961723636,SIMULATED,NORMAL
2026-06-17T16:50:57.935679+00:00,DION_001,377579,0.08086641079928092,SIMULATED,NORMAL
2026-06-17T16:50:57.945991+00:00,DION_001,377580,-0.0558041548360382,SIMULATED,NORMAL
2026-06-17T16:50:57.956274+00:00,DION_001,377581,-0.0637563899132911,SIMULATED,NORMAL
2026-06-17T16:50:57.966610+00:00,DION_001,377582,-0.022073329067875416,SIMULATED,NORMAL
2026-06-17T16:50:57.976945+00:00,DION_001,377583,-0.1874289973514451,SIMULATED,NORMAL
2026-06-17T16:50:57.987284+00:00,DION_001,377584,-0.3382621989539103,SIMULATED,NORMAL
2026-06-17T16:50:57.997611+00:00,DION_001,377585,-0.25842108099148325,SIMULATED,NORMAL
2026-06-17T16:50:58.007882+00:00,DION_001,377586,-0.183871644565859,SIMULATED,NORMAL
2026-06-17T16:50:58.018169+00:00,DION_001,377587,-0.362768846646527,SIMULATED,NORMAL
2026-06-17T16:50:58.028523+00:00,DION_001,377588,-0.27842091475307706,SIMULATED,NORMAL
2026-06-17T16:50:58.038969+00:00,DION_001,377589,-0.11083440693369262,SIMULATED,NORMAL
2026-06-17T16:50:58.049310+00:00,DION_001,377590,-0.24390434950490877,SIMULATED,NORMAL
2026-06-17T16:50:58.059589+00:00,DION_001,377591,-0.654258486184218,SIMULATED,NORMAL
2026-06-17T16:50:58.069916+00:00,DION_001,377592,-0.49935544076978716,SIMULATED,NORMAL
2026-06-17T16:50:58.080252+00:00,DION_001,377593,-0.6584170556333753,SIMULATED,NORMAL
2026-06-17T16:50:58.090946+00:00,DION_001,377594,-0.5758755544860075,SIMULATED,NORMAL
2026-06-17T16:50:58.101405+00:00,DION_001,377595,-0.27950259020999957,SIMULATED,NORMAL
2026-06-17T16:50:58.111741+00:00,DION_001,377596,-0.5940285967167024,SIMULATED,NORMAL
2026-06-17T16:50:58.122182+00:00,DION_001,377597,-0.6039266743306909,SIMULATED,NORMAL
2026-06-17T16:50:58.132522+00:00,DION_001,377598,-0.40364162718727215,SIMULATED,NORMAL
2026-06-17T16:50:58.142896+00:00,DION_001,377599,-0.601648116688383,SIMULATED,NORMAL
2026-06-17T16:50:58.153180+00:00,DION_001,377600,-0.5887611249032042,SIMULATED,NORMAL
2026-06-17T16:50:58.163637+00:00,DION_001,377601,-0.6965238298988322,SIMULATED,NORMAL
2026-06-17T16:50:58.173973+00:00,DION_001,377602,-0.5100516171437236,SIMULATED,NORMAL
2026-06-17T16:50:58.184239+00:00,DION_001,377603,-0.5471333705079786,SIMULATED,NORMAL
2026-06-17T16:50:58.194775+00:00,DION_001,377604,-0.6698069054234066,SIMULATED,NORMAL
2026-06-17T16:50:58.205074+00:00,DION_001,377605,-0.4466485247173325,SIMULATED,NORMAL
2026-06-17T16:50:58.215383+00:00,DION_001,377606,-0.6626982599336602,SIMULATED,NORMAL
2026-06-17T16:50:58.225722+00:00,DION_001,377607,-0.632611488142826,SIMULATED,NORMAL
2026-06-17T16:50:58.236014+00:00,DION_001,377608,-0.543357759949778,SIMULATED,NORMAL
2026-06-17T16:50:58.246301+00:00,DION_001,377609,-0.6144074344387281,SIMULATED,NORMAL
2026-06-17T16:50:58.256691+00:00,DION_001,377610,-0.6054873370634992,SIMULATED,NORMAL
2026-06-17T16:50:58.267057+00:00,DION_001,377611,-0.3463927919676073,SIMULATED,NORMAL
2026-06-17T16:50:58.277472+00:00,DION_001,377612,-0.5481967458539135,SIMULATED,NORMAL
2026-06-17T16:50:58.287912+00:00,DION_001,377613,-0.31128265275102773,SIMULATED,NORMAL
2026-06-17T16:50:58.298219+00:00,DION_001,377614,-0.5936858276579574,SIMULATED,NORMAL
2026-06-17T16:50:58.308513+00:00,DION_001,377615,-0.7406016353575353,SIMULATED,NORMAL
2026-06-17T16:50:58.318900+00:00,DION_001,377616,-0.3591448706094792,SIMULATED,NORMAL
2026-06-17T16:50:58.329202+00:00,DION_001,377617,-0.6933584726091153,SIMULATED,NORMAL
2026-06-17T16:50:58.339447+00:00,DION_001,377618,-0.09570568713642902,SIMULATED,NORMAL
2026-06-17T16:50:58.349705+00:00,DION_001,377619,-0.40635880136204533,SIMULATED,NORMAL
2026-06-17T16:50:58.359943+00:00,DION_001,377620,-0.3249165839847438,SIMULATED,NORMAL
2026-06-17T16:50:58.370313+00:00,DION_001,377621,-0.12898430705620748,SIMULATED,NORMAL
2026-06-17T16:50:58.380672+00:00,DION_001,377622,-0.18273530588184114,SIMULATED,NORMAL
2026-06-17T16:50:58.391016+00:00,DION_001,377623,-0.07832646959873477,SIMULATED,NORMAL
2026-06-17T16:50:58.401312+00:00,DION_001,377624,-0.26642981533304344,SIMULATED,NORMAL
2026-06-17T16:50:58.411643+00:00,DION_001,377625,-0.3977944355855446,SIMULATED,NORMAL
2026-06-17T16:50:58.421949+00:00,DION_001,377626,-0.36463459765712725,SIMULATED,NORMAL
2026-06-17T16:50:58.432277+00:00,DION_001,377627,-0.1467479988509534,SIMULATED,NORMAL
2026-06-17T16:50:58.442556+00:00,DION_001,377628,-0.2691408379177216,SIMULATED,NORMAL
2026-06-17T16:50:58.453013+00:00,DION_001,377629,0.07674943708024906,SIMULATED,NORMAL
2026-06-17T16:50:58.463377+00:00,DION_001,377630,-0.4876113595192639,SIMULATED,NORMAL
2026-06-17T16:50:58.473836+00:00,DION_001,377631,-0.14473320427672387,SIMULATED,NORMAL
2026-06-17T16:50:58.484177+00:00,DION_001,377632,-0.28123588073214606,SIMULATED,NORMAL
2026-06-17T16:50:58.494503+00:00,DION_001,377633,0.009785808555782483,SIMULATED,NORMAL
2026-06-17T16:50:58.505050+00:00,DION_001,377634,-0.20637774337344972,SIMULATED,NORMAL
2026-06-17T16:50:58.515433+00:00,DION_001,377635,-0.15566608167356732,SIMULATED,NORMAL
2026-06-17T16:50:58.525767+00:00,DION_001,377636,-0.06275206601594505,SIMULATED,NORMAL
2026-06-17T16:50:58.536080+00:00,DION_001,377637,-0.2702537682453851,SIMULATED,NORMAL
2026-06-17T16:50:58.546446+00:00,DION_001,377638,-0.18206243917267498,SIMULATED,NORMAL
2026-06-17T16:50:58.556747+00:00,DION_001,377639,-0.3449780540618451,SIMULATED,NORMAL
2026-06-17T16:50:58.567085+00:00,DION_001,377640,-0.4327979777988044,SIMULATED,NORMAL
2026-06-17T16:50:58.577377+00:00,DION_001,377641,-0.3048195324925244,SIMULATED,NORMAL
2026-06-17T16:50:58.587926+00:00,DION_001,377642,-0.2863669879669765,SIMULATED,NORMAL
2026-06-17T16:50:58.598388+00:00,DION_001,377643,-0.10256258197388138,SIMULATED,NORMAL
2026-06-17T16:50:58.608656+00:00,DION_001,377644,-0.4352219928703398,SIMULATED,NORMAL
2026-06-17T16:50:58.619056+00:00,DION_001,377645,-0.456613389483876,SIMULATED,NORMAL
2026-06-17T16:50:58.629358+00:00,DION_001,377646,-0.6403533040685094,SIMULATED,NORMAL
2026-06-17T16:50:58.639796+00:00,DION_001,377647,-0.4776015275446458,SIMULATED,NORMAL
2026-06-17T16:50:58.650237+00:00,DION_001,377648,-0.21692732792308494,SIMULATED,NORMAL
2026-06-17T16:50:58.660496+00:00,DION_001,377649,-0.467900303520108,SIMULATED,NORMAL
2026-06-17T16:50:58.670972+00:00,DION_001,377650,-0.39275717203103433,SIMULATED,NORMAL
2026-06-17T16:50:58.681251+00:00,DION_001,377651,-0.5445121509823345,SIMULATED,NORMAL
2026-06-17T16:50:58.691530+00:00,DION_001,377652,-0.37663120990553395,SIMULATED,NORMAL
2026-06-17T16:50:58.701793+00:00,DION_001,377653,-0.5192692020139651,SIMULATED,NORMAL
2026-06-17T16:50:58.712121+00:00,DION_001,377654,-0.7514718376081431,SIMULATED,NORMAL
2026-06-17T16:50:58.722455+00:00,DION_001,377655,-0.6628094780035385,SIMULATED,NORMAL
2026-06-17T16:50:58.732917+00:00,DION_001,377656,-0.629331082940411,SIMULATED,NORMAL
2026-06-17T16:50:58.743288+00:00,DION_001,377657,-0.5552196734075976,SIMULATED,NORMAL
2026-06-17T16:50:58.753794+00:00,DION_001,377658,-0.722294509130324,SIMULATED,NORMAL
2026-06-17T16:50:58.764147+00:00,DION_001,377659,-1.146314584717186,SIMULATED,NORMAL
2026-06-17T16:50:58.774521+00:00,DION_001,377660,-0.8154855072162528,SIMULATED,NORMAL
2026-06-17T16:50:58.784793+00:00,DION_001,377661,-2.7464504214039653,SIMULATED,EVENT_DETECTED
2026-06-17T16:50:58.795653+00:00,DION_001,377662,-1.01266431699158,SIMULATED,NORMAL
2026-06-17T16:50:58.805987+00:00,DION_001,377663,-0.9593365556068795,SIMULATED,NORMAL
2026-06-17T16:50:58.816297+00:00,DION_001,377664,-0.9964882392503825,SIMULATED,NORMAL
2026-06-17T16:50:58.826626+00:00,DION_001,377665,-0.949470588062527,SIMULATED,NORMAL
2026-06-17T16:50:58.837061+00:00,DION_001,377666,-1.1107320917936894,SIMULATED,NORMAL
2026-06-17T16:50:58.847377+00:00,DION_001,377667,-1.120449076409039,SIMULATED,NORMAL
2026-06-17T16:50:58.857650+00:00,DION_001,377668,-1.2236357000139255,SIMULATED,NORMAL
2026-06-17T16:50:58.867873+00:00,DION_001,377669,-1.0979182988558538,SIMULATED,NORMAL
2026-06-17T16:50:58.878170+00:00,DION_001,377670,-1.1243668313461173,SIMULATED,NORMAL
2026-06-17T16:50:58.888492+00:00,DION_001,377671,-1.4855664963220891,SIMULATED,NORMAL
2026-06-17T16:50:58.898917+00:00,DION_001,377672,-1.1774143076400114,SIMULATED,NORMAL
2026-06-17T16:50:58.909244+00:00,DION_001,377673,-1.204960539379122,SIMULATED,NORMAL
2026-06-17T16:50:58.919517+00:00,DION_001,377674,-1.2594914377017452,SIMULATED,NORMAL
2026-06-17T16:50:58.929784+00:00,DION_001,377675,-1.1558983090701105,SIMULATED,NORMAL
2026-06-17T16:50:58.940066+00:00,DION_001,377676,-1.3101654294221279,SIMULATED,NORMAL
2026-06-17T16:50:58.950338+00:00,DION_001,377677,-1.1513828024349229,SIMULATED,NORMAL
2026-06-17T16:50:58.960616+00:00,DION_001,377678,-1.3822092861801338,SIMULATED,NORMAL
2026-06-17T16:50:58.970849+00:00,DION_001,377679,-1.1158076534511718,SIMULATED,NORMAL
2026-06-17T16:50:58.981106+00:00,DION_001,377680,-1.2356576690117786,SIMULATED,NORMAL
2026-06-17T16:50:58.991405+00:00,DION_001,377681,-1.0565416936094008,SIMULATED,NORMAL
2026-06-17T16:50:59.001845+00:00,DION_001,377682,-1.0945635234951407,SIMULATED,NORMAL
2026-06-17T16:50:59.012171+00:00,DION_001,377683,-1.2253312162909424,SIMULATED,NORMAL
2026-06-17T16:50:59.022479+00:00,DION_001,377684,-1.1631337410087927,SIMULATED,NORMAL
2026-06-17T16:50:59.032806+00:00,DION_001,377685,-1.1403431100650065,SIMULATED,NORMAL
2026-06-17T16:50:59.043126+00:00,DION_001,377686,-1.0264207398760843,SIMULATED,NORMAL
2026-06-17T16:50:59.053477+00:00,DION_001,377687,-0.9789944909544788,SIMULATED,NORMAL
2026-06-17T16:50:59.063796+00:00,DION_001,377688,-1.0531585242127408,SIMULATED,NORMAL
2026-06-17T16:50:59.074126+00:00,DION_001,377689,-0.9731499525828533,SIMULATED,NORMAL
2026-06-17T16:50:59.084473+00:00,DION_001,377690,-1.0400055096893142,SIMULATED,NORMAL
2026-06-17T16:50:59.094883+00:00,DION_001,377691,-1.034004271256668,SIMULATED,NORMAL
2026-06-17T16:50:59.105197+00:00,DION_001,377692,-0.913743287473243,SIMULATED,NORMAL
2026-06-17T16:50:59.115615+00:00,DION_001,377693,-0.9922044846128697,SIMULATED,NORMAL
2026-06-17T16:50:59.125907+00:00,DION_001,377694,-0.959157847240723,SIMULATED,NORMAL
2026-06-17T16:50:59.136244+00:00,DION_001,377695,-1.0478141866238504,SIMULATED,NORMAL
2026-06-17T16:50:59.146577+00:00,DION_001,377696,-0.9293901173077556,SIMULATED,NORMAL
2026-06-17T16:50:59.156927+00:00,DION_001,377697,-0.6982935599453062,SIMULATED,NORMAL
2026-06-17T16:50:59.167287+00:00,DION_001,377698,-0.9129193688576329,SIMULATED,NORMAL
2026-06-17T16:50:59.177592+00:00,DION_001,377699,-0.9973667614026542,SIMULATED,NORMAL
2026-06-17T16:50:59.187884+00:00,DION_001,377700,-0.6652004565214081,SIMULATED,NORMAL
2026-06-17T16:50:59.198202+00:00,DION_001,377701,-0.7225469439966901,SIMULATED,NORMAL
2026-06-17T16:50:59.208526+00:00,DION_001,377702,-0.34326133238354867,SIMULATED,NORMAL
2026-06-17T16:50:59.219051+00:00,DION_001,377703,-0.5860899880787601,SIMULATED,NORMAL
2026-06-17T16:50:59.229482+00:00,DION_001,377704,-0.5366735670924536,SIMULATED,NORMAL
2026-06-17T16:50:59.239863+00:00,DION_001,377705,-0.6625763450391491,SIMULATED,NORMAL
2026-06-17T16:50:59.250185+00:00,DION_001,377706,-0.5673438411423304,SIMULATED,NORMAL
2026-06-17T16:50:59.260541+00:00,DION_001,377707,-0.5948433533841064,SIMULATED,NORMAL
2026-06-17T16:50:59.271075+00:00,DION_001,377708,-0.43867274783923776,SIMULATED,NORMAL
2026-06-17T16:50:59.281397+00:00,DION_001,377709,-0.8314846698363529,SIMULATED,NORMAL
2026-06-17T16:50:59.291708+00:00,DION_001,377710,-0.5504861494473919,SIMULATED,NORMAL
2026-06-17T16:50:59.302052+00:00,DION_001,377711,-0.5407639983801638,SIMULATED,NORMAL
2026-06-17T16:50:59.312391+00:00,DION_001,377712,2.605618663715098,SIMULATED,EVENT_DETECTED
2026-06-17T16:50:59.322868+00:00,DION_001,377713,-0.07908862803529992,SIMULATED,NORMAL
2026-06-17T16:50:59.333185+00:00,DION_001,377714,-0.46797469445349094,SIMULATED,NORMAL
2026-06-17T16:50:59.343593+00:00,DION_001,377715,-0.16647149009965803,SIMULATED,NORMAL
2026-06-17T16:50:59.353970+00:00,DION_001,377716,-0.20146446596118045,SIMULATED,NORMAL
2026-06-17T16:50:59.364284+00:00,DION_001,377717,-0.16389971395383046,SIMULATED,NORMAL
2026-06-17T16:50:59.374755+00:00,DION_001,377718,-0.23827072602767535,SIMULATED,NORMAL
2026-06-17T16:50:59.385104+00:00,DION_001,377719,-0.0307298522180757,SIMULATED,NORMAL
2026-06-17T16:50:59.395466+00:00,DION_001,377720,-0.015252049049880062,SIMULATED,NORMAL
2026-06-17T16:50:59.405872+00:00,DION_001,377721,-0.28711582168959127,SIMULATED,NORMAL
2026-06-17T16:50:59.416219+00:00,DION_001,377722,-0.19130947068468734,SIMULATED,NORMAL
2026-06-17T16:50:59.426529+00:00,DION_001,377723,0.009545210352246092,SIMULATED,NORMAL
2026-06-17T16:50:59.436919+00:00,DION_001,377724,-0.06941086636970681,SIMULATED,NORMAL
2026-06-17T16:50:59.447204+00:00,DION_001,377725,-0.456514247798555,SIMULATED,NORMAL
2026-06-17T16:50:59.457507+00:00,DION_001,377726,1.7271361125677833,SIMULATED,NORMAL
2026-06-17T16:50:59.467982+00:00,DION_001,377727,-0.3582922182616062,SIMULATED,NORMAL
2026-06-17T16:50:59.478350+00:00,DION_001,377728,-0.3381196951419531,SIMULATED,NORMAL
2026-06-17T16:50:59.488707+00:00,DION_001,377729,-0.608571948400356,SIMULATED,NORMAL
2026-06-17T16:50:59.499097+00:00,DION_001,377730,-0.14459276700559984,SIMULATED,NORMAL
2026-06-17T16:50:59.509526+00:00,DION_001,377731,-0.21532144001631412,SIMULATED,NORMAL
2026-06-17T16:50:59.519823+00:00,DION_001,377732,-0.2914953531412053,SIMULATED,NORMAL
2026-06-17T16:50:59.530155+00:00,DION_001,377733,-0.5346373801175216,SIMULATED,NORMAL
2026-06-17T16:50:59.540790+00:00,DION_001,377734,-0.22614529768393413,SIMULATED,NORMAL
2026-06-17T16:50:59.551506+00:00,DION_001,377735,-0.2561971292578498,SIMULATED,NORMAL
2026-06-17T16:50:59.561886+00:00,DION_001,377736,-0.34160571089285,SIMULATED,NORMAL
2026-06-17T16:50:59.572334+00:00,DION_001,377737,-0.42432081529171245,SIMULATED,NORMAL
2026-06-17T16:50:59.582630+00:00,DION_001,377738,-0.3786140928735,SIMULATED,NORMAL
2026-06-17T16:50:59.593218+00:00,DION_001,377739,-0.3389338838098257,SIMULATED,NORMAL
2026-06-17T16:50:59.603776+00:00,DION_001,377740,-0.3850776691639134,SIMULATED,NORMAL
2026-06-17T16:50:59.614133+00:00,DION_001,377741,-0.7021569967066495,SIMULATED,NORMAL
2026-06-17T16:50:59.624739+00:00,DION_001,377742,-0.4009321657904369,SIMULATED,NORMAL
2026-06-17T16:50:59.635126+00:00,DION_001,377743,-0.6936970503131135,SIMULATED,NORMAL
2026-06-17T16:50:59.645573+00:00,DION_001,377744,-0.6329507174650808,SIMULATED,NORMAL
2026-06-17T16:50:59.656044+00:00,DION_001,377745,-0.7315469324195942,SIMULATED,NORMAL
2026-06-17T16:50:59.666412+00:00,DION_001,377746,-0.6857405171013806,SIMULATED,NORMAL
2026-06-17T16:50:59.676879+00:00,DION_001,377747,-0.7461802790201558,SIMULATED,NORMAL
2026-06-17T16:50:59.687446+00:00,DION_001,377748,-0.5690277019059428,SIMULATED,NORMAL
2026-06-17T16:50:59.697881+00:00,DION_001,377749,-0.6897138372804758,SIMULATED,NORMAL
2026-06-17T16:50:59.708330+00:00,DION_001,377750,-0.5886030787164088,SIMULATED,NORMAL
2026-06-17T16:50:59.718677+00:00,DION_001,377751,-0.4043343190523429,SIMULATED,NORMAL
2026-06-17T16:50:59.729108+00:00,DION_001,377752,-0.7929763317689059,SIMULATED,NORMAL
2026-06-17T16:50:59.739495+00:00,DION_001,377753,-0.6199317223927666,SIMULATED,NORMAL
2026-06-17T16:50:59.749823+00:00,DION_001,377754,-0.5702606963840265,SIMULATED,NORMAL
2026-06-17T16:50:59.760230+00:00,DION_001,377755,-0.7626541651966635,SIMULATED,NORMAL
2026-06-17T16:50:59.770649+00:00,DION_001,377756,-0.5684240798691834,SIMULATED,NORMAL
2026-06-17T16:50:59.781143+00:00,DION_001,377757,-0.5663912764757375,SIMULATED,NORMAL
2026-06-17T16:50:59.791679+00:00,DION_001,377758,-0.585997967854408,SIMULATED,NORMAL
2026-06-17T16:50:59.802158+00:00,DION_001,377759,-0.5690837780000094,SIMULATED,NORMAL
2026-06-17T16:50:59.812609+00:00,DION_001,377760,-0.5119768539565088,SIMULATED,NORMAL
2026-06-17T16:50:59.822978+00:00,DION_001,377761,-0.6829683171127092,SIMULATED,NORMAL
2026-06-17T16:50:59.833486+00:00,DION_001,377762,-0.5563940000379222,SIMULATED,NORMAL
2026-06-17T16:50:59.843801+00:00,DION_001,377763,-0.3587632008124633,SIMULATED,NORMAL
2026-06-17T16:50:59.854263+00:00,DION_001,377764,-0.32312351284395513,SIMULATED,NORMAL
2026-06-17T16:50:59.865114+00:00,DION_001,377765,-0.608270711339725,SIMULATED,NORMAL
2026-06-17T16:50:59.875477+00:00,DION_001,377766,-0.43664189857950825,SIMULATED,NORMAL
2026-06-17T16:50:59.885866+00:00,DION_001,377767,-0.47693311519613685,SIMULATED,NORMAL
2026-06-17T16:50:59.896190+00:00,DION_001,377768,-0.45543510749760363,SIMULATED,NORMAL
2026-06-17T16:50:59.906494+00:00,DION_001,377769,-0.5165310606362649,SIMULATED,NORMAL
2026-06-17T16:50:59.916913+00:00,DION_001,377770,-0.33274633735772896,SIMULATED,NORMAL
2026-06-17T16:50:59.927370+00:00,DION_001,377771,-0.1560913897666803,SIMULATED,NORMAL
2026-06-17T16:50:59.937897+00:00,DION_001,377772,-0.21653767639067442,SIMULATED,NORMAL
2026-06-17T16:50:59.948325+00:00,DION_001,377773,-0.07261799908643093,SIMULATED,NORMAL
2026-06-17T16:50:59.958812+00:00,DION_001,377774,-0.09399698663974089,SIMULATED,NORMAL
2026-06-17T16:50:59.969268+00:00,DION_001,377775,-0.06465042052862074,SIMULATED,NORMAL
2026-06-17T16:50:59.979658+00:00,DION_001,377776,-0.034866832000303584,SIMULATED,NORMAL
2026-06-17T16:50:59.990175+00:00,DION_001,377777,-0.10889365799717678,SIMULATED,NORMAL
2026-06-17T16:51:00.000540+00:00,DION_001,377778,-0.08997797192069276,SIMULATED,NORMAL
2026-06-17T16:51:00.011109+00:00,DION_001,377779,0.13017875650985794,SIMULATED,NORMAL
2026-06-17T16:51:00.021597+00:00,DION_001,377780,-0.14635861018910765,SIMULATED,NORMAL
2026-06-17T16:51:00.032026+00:00,DION_001,377781,0.19416178018484237,SIMULATED,NORMAL
2026-06-17T16:51:00.042573+00:00,DION_001,377782,-0.0719582041014073,SIMULATED,NORMAL
2026-06-17T16:51:00.052949+00:00,DION_001,377783,0.3794990214775462,SIMULATED,NORMAL
2026-06-17T16:51:00.063497+00:00,DION_001,377784,0.2978175377311272,SIMULATED,NORMAL
2026-06-17T16:51:00.073995+00:00,DION_001,377785,0.46619507222875367,SIMULATED,NORMAL
2026-06-17T16:51:00.084455+00:00,DION_001,377786,-0.02600338425675186,SIMULATED,NORMAL
2026-06-17T16:51:00.095562+00:00,DION_001,377787,0.6023377587285912,SIMULATED,NORMAL
2026-06-17T16:51:00.106050+00:00,DION_001,377788,0.5011416262165119,SIMULATED,NORMAL
2026-06-17T16:51:00.116716+00:00,DION_001,377789,0.4970833253469512,SIMULATED,NORMAL
2026-06-17T16:51:00.127246+00:00,DION_001,377790,0.6049884121264826,SIMULATED,NORMAL
2026-06-17T16:51:00.137811+00:00,DION_001,377791,0.5812058232884675,SIMULATED,NORMAL
2026-06-17T16:51:00.148303+00:00,DION_001,377792,0.5319216982459384,SIMULATED,NORMAL
2026-06-17T16:51:00.158914+00:00,DION_001,377793,0.7495606969052175,SIMULATED,NORMAL
2026-06-17T16:51:00.169351+00:00,DION_001,377794,0.4690007343407749,SIMULATED,NORMAL
2026-06-17T16:51:00.179758+00:00,DION_001,377795,0.7692986371331427,SIMULATED,NORMAL
2026-06-17T16:51:00.190238+00:00,DION_001,377796,0.6866228893436049,SIMULATED,NORMAL
2026-06-17T16:51:00.200618+00:00,DION_001,377797,0.5733871391330684,SIMULATED,NORMAL
2026-06-17T16:51:00.211100+00:00,DION_001,377798,0.5744784048067658,SIMULATED,NORMAL
2026-06-17T16:51:00.221651+00:00,DION_001,377799,0.6924948032780446,SIMULATED,NORMAL
2026-06-17T16:51:00.233235+00:00,DION_001,377800,0.6604032586741231,SIMULATED,NORMAL
2026-06-17T16:51:00.243589+00:00,DION_001,377801,0.5902325483484129,SIMULATED,NORMAL
2026-06-17T16:51:00.254086+00:00,DION_001,377802,0.7773492954320713,SIMULATED,NORMAL
2026-06-17T16:51:00.264497+00:00,DION_001,377803,0.6174029976803285,SIMULATED,NORMAL
2026-06-17T16:51:00.274997+00:00,DION_001,377804,0.8176067466195225,SIMULATED,NORMAL
2026-06-17T16:51:00.285444+00:00,DION_001,377805,0.37168784530242754,SIMULATED,NORMAL
2026-06-17T16:51:00.295904+00:00,DION_001,377806,0.713048531481004,SIMULATED,NORMAL
2026-06-17T16:51:00.306455+00:00,DION_001,377807,0.4789501865820409,SIMULATED,NORMAL
2026-06-17T16:51:00.316933+00:00,DION_001,377808,0.5925069440807764,SIMULATED,NORMAL
2026-06-17T16:51:00.327566+00:00,DION_001,377809,0.5553983951199054,SIMULATED,NORMAL
2026-06-17T16:51:00.338380+00:00,DION_001,377810,-1.9426804903850234,SIMULATED,NORMAL
2026-06-17T16:51:00.349147+00:00,DION_001,377811,0.7709955097608322,SIMULATED,NORMAL
2026-06-17T16:51:00.359707+00:00,DION_001,377812,0.5882008212914832,SIMULATED,NORMAL
2026-06-17T16:51:00.370312+00:00,DION_001,377813,0.7020847397542949,SIMULATED,NORMAL
2026-06-17T16:51:00.380863+00:00,DION_001,377814,0.5487781939822902,SIMULATED,NORMAL
2026-06-17T16:51:00.391564+00:00,DION_001,377815,0.600724816887239,SIMULATED,NORMAL
2026-06-17T16:51:00.402101+00:00,DION_001,377816,0.43072689207112513,SIMULATED,NORMAL
2026-06-17T16:51:00.412644+00:00,DION_001,377817,0.5068246627211199,SIMULATED,NORMAL
2026-06-17T16:51:00.423089+00:00,DION_001,377818,0.6161443682483537,SIMULATED,NORMAL
2026-06-17T16:51:00.433365+00:00,DION_001,377819,0.4998160204390685,SIMULATED,NORMAL
2026-06-17T16:51:00.443738+00:00,DION_001,377820,0.23862047278926432,SIMULATED,NORMAL
2026-06-17T16:51:00.454182+00:00,DION_001,377821,0.3680217022431755,SIMULATED,NORMAL
2026-06-17T16:51:00.464609+00:00,DION_001,377822,0.2572968136602357,SIMULATED,NORMAL
2026-06-17T16:51:00.475000+00:00,DION_001,377823,0.39694481451276037,SIMULATED,NORMAL
2026-06-17T16:51:00.485324+00:00,DION_001,377824,0.27605891160453816,SIMULATED,NORMAL
2026-06-17T16:51:00.495688+00:00,DION_001,377825,0.2543599286374981,SIMULATED,NORMAL
2026-06-17T16:51:00.506223+00:00,DION_001,377826,0.589100534040368,SIMULATED,NORMAL
2026-06-17T16:51:00.516708+00:00,DION_001,377827,0.17736721410766737,SIMULATED,NORMAL
2026-06-17T16:51:00.527676+00:00,DION_001,377828,0.32665335387439526,SIMULATED,NORMAL
2026-06-17T16:51:00.538195+00:00,DION_001,377829,0.2784822648856712,SIMULATED,NORMAL
2026-06-17T16:51:00.548637+00:00,DION_001,377830,0.18351408653472334,SIMULATED,NORMAL
2026-06-17T16:51:00.559142+00:00,DION_001,377831,0.15125303078769628,SIMULATED,NORMAL
2026-06-17T16:51:00.569679+00:00,DION_001,377832,0.433417517177609,SIMULATED,NORMAL
2026-06-17T16:51:00.580146+00:00,DION_001,377833,-0.03760751292676312,SIMULATED,NORMAL
2026-06-17T16:51:00.590721+00:00,DION_001,377834,-0.07566658812370497,SIMULATED,NORMAL
2026-06-17T16:51:00.601142+00:00,DION_001,377835,0.507047340884508,SIMULATED,NORMAL
2026-06-17T16:51:00.611507+00:00,DION_001,377836,0.1890836400621307,SIMULATED,NORMAL
2026-06-17T16:51:00.621894+00:00,DION_001,377837,0.3128603537155817,SIMULATED,NORMAL
2026-06-17T16:51:00.632268+00:00,DION_001,377838,0.360800356686373,SIMULATED,NORMAL
2026-06-17T16:51:00.642746+00:00,DION_001,377839,0.3665160933692144,SIMULATED,NORMAL
2026-06-17T16:51:00.653051+00:00,DION_001,377840,-0.04035980395622951,SIMULATED,NORMAL
2026-06-17T16:51:00.663389+00:00,DION_001,377841,0.4673623292395368,SIMULATED,NORMAL
2026-06-17T16:51:00.673674+00:00,DION_001,377842,0.44669182794868606,SIMULATED,NORMAL
2026-06-17T16:51:00.683943+00:00,DION_001,377843,0.510332864680326,SIMULATED,NORMAL
2026-06-17T16:51:00.694230+00:00,DION_001,377844,0.5958759353498626,SIMULATED,NORMAL
2026-06-17T16:51:00.704479+00:00,DION_001,377845,0.5082018040230725,SIMULATED,NORMAL
2026-06-17T16:51:00.714807+00:00,DION_001,377846,0.4612107617425873,SIMULATED,NORMAL
2026-06-17T16:51:00.725101+00:00,DION_001,377847,0.5563858916434672,SIMULATED,NORMAL
2026-06-17T16:51:00.735442+00:00,DION_001,377848,0.3027842178757413,SIMULATED,NORMAL
2026-06-17T16:51:00.745708+00:00,DION_001,377849,0.5054728020653833,SIMULATED,NORMAL
2026-06-17T16:51:00.755931+00:00,DION_001,377850,0.5626987685998652,SIMULATED,NORMAL
2026-06-17T16:51:00.766212+00:00,DION_001,377851,0.49799814149206817,SIMULATED,NORMAL
2026-06-17T16:51:00.776625+00:00,DION_001,377852,0.48345335334153394,SIMULATED,NORMAL
2026-06-17T16:51:00.786991+00:00,DION_001,377853,0.7075712956242479,SIMULATED,NORMAL
2026-06-17T16:51:00.797292+00:00,DION_001,377854,0.6547600381906191,SIMULATED,NORMAL
2026-06-17T16:51:00.807596+00:00,DION_001,377855,0.5477413524670645,SIMULATED,NORMAL
2026-06-17T16:51:00.818060+00:00,DION_001,377856,0.9017332202693817,SIMULATED,NORMAL
2026-06-17T16:51:00.828395+00:00,DION_001,377857,0.5556897911523742,SIMULATED,NORMAL
2026-06-17T16:51:00.838694+00:00,DION_001,377858,0.7685368277446125,SIMULATED,NORMAL
2026-06-17T16:51:00.849094+00:00,DION_001,377859,0.8652081521304092,SIMULATED,NORMAL
2026-06-17T16:51:00.859405+00:00,DION_001,377860,0.7144010285490854,SIMULATED,NORMAL
2026-06-17T16:51:00.869715+00:00,DION_001,377861,0.835413107666245,SIMULATED,NORMAL
2026-06-17T16:51:00.880099+00:00,DION_001,377862,1.032456699065768,SIMULATED,NORMAL
2026-06-17T16:51:00.890408+00:00,DION_001,377863,1.353120386976395,SIMULATED,NORMAL
2026-06-17T16:51:00.900778+00:00,DION_001,377864,0.7329745624580549,SIMULATED,NORMAL
2026-06-17T16:51:00.911090+00:00,DION_001,377865,0.8389397717636637,SIMULATED,NORMAL
2026-06-17T16:51:00.921486+00:00,DION_001,377866,1.0426429461170057,SIMULATED,NORMAL
2026-06-17T16:51:00.931808+00:00,DION_001,377867,1.1140607876565163,SIMULATED,NORMAL
2026-06-17T16:51:00.942162+00:00,DION_001,377868,1.1802255473094763,SIMULATED,NORMAL
2026-06-17T16:51:00.952439+00:00,DION_001,377869,1.0710911434687618,SIMULATED,NORMAL
2026-06-17T16:51:00.962870+00:00,DION_001,377870,1.0222255832333982,SIMULATED,NORMAL
2026-06-17T16:51:00.973279+00:00,DION_001,377871,1.1934948231039215,SIMULATED,NORMAL
2026-06-17T16:51:00.983609+00:00,DION_001,377872,1.0654461650389377,SIMULATED,NORMAL
2026-06-17T16:51:00.994064+00:00,DION_001,377873,1.3037203809755886,SIMULATED,NORMAL
2026-06-17T16:51:01.004404+00:00,DION_001,377874,1.3418086258425914,SIMULATED,NORMAL
2026-06-17T16:51:01.014686+00:00,DION_001,377875,1.2275895327401913,SIMULATED,NORMAL
2026-06-17T16:51:01.025228+00:00,DION_001,377876,1.290004275553271,SIMULATED,NORMAL
2026-06-17T16:51:01.035647+00:00,DION_001,377877,0.9028469002986361,SIMULATED,NORMAL
2026-06-17T16:51:01.045981+00:00,DION_001,377878,1.254837181453102,SIMULATED,NORMAL
2026-06-17T16:51:01.056303+00:00,DION_001,377879,1.1056442380947793,SIMULATED,NORMAL
2026-06-17T16:51:01.066631+00:00,DION_001,377880,1.1516678286674344,SIMULATED,NORMAL
2026-06-17T16:51:01.077061+00:00,DION_001,377881,1.2201723865998146,SIMULATED,NORMAL
2026-06-17T16:51:01.087402+00:00,DION_001,377882,-1.455819621200167,SIMULATED,NORMAL
2026-06-17T16:51:01.097801+00:00,DION_001,377883,1.158796226415807,SIMULATED,NORMAL
2026-06-17T16:51:01.108198+00:00,DION_001,377884,0.9737942440100269,SIMULATED,NORMAL
2026-06-17T16:51:01.118578+00:00,DION_001,377885,1.2245673918657578,SIMULATED,NORMAL
2026-06-17T16:51:01.128892+00:00,DION_001,377886,1.092968052942339,SIMULATED,NORMAL
2026-06-17T16:51:01.139229+00:00,DION_001,377887,0.9421643251879828,SIMULATED,NORMAL
2026-06-17T16:51:01.149560+00:00,DION_001,377888,1.00420733587496,SIMULATED,NORMAL
2026-06-17T16:51:01.159884+00:00,DION_001,377889,0.9997337111588676,SIMULATED,NORMAL
2026-06-17T16:51:01.170312+00:00,DION_001,377890,1.2648986945976375,SIMULATED,NORMAL
2026-06-17T16:51:01.180643+00:00,DION_001,377891,0.9135209500126047,SIMULATED,NORMAL
2026-06-17T16:51:01.191023+00:00,DION_001,377892,0.9070417882370224,SIMULATED,NORMAL
2026-06-17T16:51:01.201485+00:00,DION_001,377893,0.7048924615172487,SIMULATED,NORMAL
2026-06-17T16:51:01.211820+00:00,DION_001,377894,0.9824044550644424,SIMULATED,NORMAL
2026-06-17T16:51:01.222130+00:00,DION_001,377895,0.9275379852810102,SIMULATED,NORMAL
2026-06-17T16:51:01.232493+00:00,DION_001,377896,0.908614796254077,SIMULATED,NORMAL
2026-06-17T16:51:01.242897+00:00,DION_001,377897,1.196287899295058,SIMULATED,NORMAL
2026-06-17T16:51:01.253211+00:00,DION_001,377898,-1.6751625732818174,SIMULATED,NORMAL
2026-06-17T16:51:01.263611+00:00,DION_001,377899,0.8100205662414205,SIMULATED,NORMAL
2026-06-17T16:51:01.273918+00:00,DION_001,377900,0.47388346824061756,SIMULATED,NORMAL
2026-06-17T16:51:01.284178+00:00,DION_001,377901,0.5713475382726001,SIMULATED,NORMAL
2026-06-17T16:51:01.294427+00:00,DION_001,377902,0.6336729542495533,SIMULATED,NORMAL
2026-06-17T16:51:01.304676+00:00,DION_001,377903,0.3731370436109547,SIMULATED,NORMAL
2026-06-17T16:51:01.314862+00:00,DION_001,377904,0.4407126615781538,SIMULATED,NORMAL
2026-06-17T16:51:01.325021+00:00,DION_001,377905,0.5953986832027306,SIMULATED,NORMAL
2026-06-17T16:51:01.335169+00:00,DION_001,377906,0.28004529994153493,SIMULATED,NORMAL
2026-06-17T16:51:01.345327+00:00,DION_001,377907,0.4918951457834426,SIMULATED,NORMAL
2026-06-17T16:51:01.355472+00:00,DION_001,377908,0.5389584095068876,SIMULATED,NORMAL
2026-06-17T16:51:01.365697+00:00,DION_001,377909,0.23263997662681082,SIMULATED,NORMAL
2026-06-17T16:51:01.375975+00:00,DION_001,377910,0.13113852844823937,SIMULATED,NORMAL
2026-06-17T16:51:01.386376+00:00,DION_001,377911,0.08714613956667516,SIMULATED,NORMAL
2026-06-17T16:51:01.396778+00:00,DION_001,377912,0.17923499866617087,SIMULATED,NORMAL
2026-06-17T16:51:01.407156+00:00,DION_001,377913,0.6481329442551041,SIMULATED,NORMAL
2026-06-17T16:51:01.417445+00:00,DION_001,377914,0.29624294274012375,SIMULATED,NORMAL
2026-06-17T16:51:01.427694+00:00,DION_001,377915,0.4539209630512942,SIMULATED,NORMAL
2026-06-17T16:51:01.437936+00:00,DION_001,377916,0.2171143832318095,SIMULATED,NORMAL
2026-06-17T16:51:01.448182+00:00,DION_001,377917,0.01611112090266914,SIMULATED,NORMAL
2026-06-17T16:51:01.458451+00:00,DION_001,377918,0.3144283839587385,SIMULATED,NORMAL
2026-06-17T16:51:01.468738+00:00,DION_001,377919,0.5476095136524237,SIMULATED,NORMAL
2026-06-17T16:51:01.479072+00:00,DION_001,377920,0.3444824484216692,SIMULATED,NORMAL
2026-06-17T16:51:01.489334+00:00,DION_001,377921,0.07347935987280609,SIMULATED,NORMAL
2026-06-17T16:51:01.499647+00:00,DION_001,377922,0.17874607915275348,SIMULATED,NORMAL
2026-06-17T16:51:01.510121+00:00,DION_001,377923,0.006982007477647545,SIMULATED,NORMAL
2026-06-17T16:51:01.520514+00:00,DION_001,377924,0.21907429101160986,SIMULATED,NORMAL
2026-06-17T16:51:01.531021+00:00,DION_001,377925,0.36506704100174864,SIMULATED,NORMAL
2026-06-17T16:51:01.541419+00:00,DION_001,377926,0.24500051726992056,SIMULATED,NORMAL
2026-06-17T16:51:01.551829+00:00,DION_001,377927,-0.06184284889471203,SIMULATED,NORMAL
2026-06-17T16:51:01.562194+00:00,DION_001,377928,0.06173384283435307,SIMULATED,NORMAL
2026-06-17T16:51:01.572409+00:00,DION_001,377929,-0.017003996366453222,SIMULATED,NORMAL
2026-06-17T16:51:01.582617+00:00,DION_001,377930,0.11965806451195685,SIMULATED,NORMAL
2026-06-17T16:51:01.592855+00:00,DION_001,377931,0.10083524402664731,SIMULATED,NORMAL
2026-06-17T16:51:01.603127+00:00,DION_001,377932,0.16766487015486092,SIMULATED,NORMAL
2026-06-17T16:51:01.613561+00:00,DION_001,377933,0.01940087510150801,SIMULATED,NORMAL
2026-06-17T16:51:01.623860+00:00,DION_001,377934,0.07191755029430602,SIMULATED,NORMAL
2026-06-17T16:51:01.634265+00:00,DION_001,377935,2.6195123489332897,SIMULATED,EVENT_DETECTED
2026-06-17T16:51:01.644745+00:00,DION_001,377936,0.6855119173678864,SIMULATED,NORMAL
2026-06-17T16:51:01.655108+00:00,DION_001,377937,0.30594542125762203,SIMULATED,NORMAL
2026-06-17T16:51:01.665512+00:00,DION_001,377938,0.4722705956886506,SIMULATED,NORMAL
2026-06-17T16:51:01.675772+00:00,DION_001,377939,0.3610668253933505,SIMULATED,NORMAL
2026-06-17T16:51:01.686000+00:00,DION_001,377940,0.6537348165278475,SIMULATED,NORMAL
2026-06-17T16:51:01.696272+00:00,DION_001,377941,0.5944154416073348,SIMULATED,NORMAL
2026-06-17T16:51:01.706503+00:00,DION_001,377942,0.5308862325285122,SIMULATED,NORMAL
2026-06-17T16:51:01.716727+00:00,DION_001,377943,0.4102450525149075,SIMULATED,NORMAL
2026-06-17T16:51:01.726976+00:00,DION_001,377944,-0.8620694443872915,SIMULATED,NORMAL
2026-06-17T16:51:01.737357+00:00,DION_001,377945,0.5652747875594667,SIMULATED,NORMAL
2026-06-17T16:51:01.747606+00:00,DION_001,377946,0.48769238011534116,SIMULATED,NORMAL
2026-06-17T16:51:01.757873+00:00,DION_001,377947,0.7402232877891536,SIMULATED,NORMAL
2026-06-17T16:51:01.768109+00:00,DION_001,377948,0.36490158024286573,SIMULATED,NORMAL
2026-06-17T16:51:01.778430+00:00,DION_001,377949,0.7233734106336305,SIMULATED,NORMAL
2026-06-17T16:51:01.788722+00:00,DION_001,377950,0.5124775019753267,SIMULATED,NORMAL
2026-06-17T16:51:01.799021+00:00,DION_001,377951,0.2627469245577095,SIMULATED,NORMAL
2026-06-17T16:51:01.809430+00:00,DION_001,377952,0.7155137942889606,SIMULATED,NORMAL
2026-06-17T16:51:01.819815+00:00,DION_001,377953,0.7596213924112803,SIMULATED,NORMAL
2026-06-17T16:51:01.830176+00:00,DION_001,377954,0.6618040845763206,SIMULATED,NORMAL
2026-06-17T16:51:01.840632+00:00,DION_001,377955,0.42469947787406215,SIMULATED,NORMAL
2026-06-17T16:51:01.851000+00:00,DION_001,377956,0.6648151091184336,SIMULATED,NORMAL
2026-06-17T16:51:01.861715+00:00,DION_001,377957,0.5200440723660863,SIMULATED,NORMAL
2026-06-17T16:51:01.872434+00:00,DION_001,377958,0.3305408764596911,SIMULATED,NORMAL
2026-06-17T16:51:01.883105+00:00,DION_001,377959,0.5493730825316704,SIMULATED,NORMAL
2026-06-17T16:51:01.893690+00:00,DION_001,377960,0.836848743365705,SIMULATED,NORMAL
2026-06-17T16:51:01.904459+00:00,DION_001,377961,0.49749983471259895,SIMULATED,NORMAL
2026-06-17T16:51:01.915117+00:00,DION_001,377962,0.7314885937547947,SIMULATED,NORMAL
2026-06-17T16:51:01.925657+00:00,DION_001,377963,0.2298392258716142,SIMULATED,NORMAL
2026-06-17T16:51:01.936317+00:00,DION_001,377964,0.38581700366587907,SIMULATED,NORMAL
2026-06-17T16:51:01.946837+00:00,DION_001,377965,0.3804857252262946,SIMULATED,NORMAL
2026-06-17T16:51:01.957395+00:00,DION_001,377966,0.469002317283089,SIMULATED,NORMAL
2026-06-17T16:51:01.968024+00:00,DION_001,377967,0.22921074624643745,SIMULATED,NORMAL
2026-06-17T16:51:01.978632+00:00,DION_001,377968,0.2250277455352488,SIMULATED,NORMAL
2026-06-17T16:51:01.989269+00:00,DION_001,377969,0.14199894346589753,SIMULATED,NORMAL
2026-06-17T16:51:01.999851+00:00,DION_001,377970,0.20742069937585986,SIMULATED,NORMAL
2026-06-17T16:51:02.010958+00:00,DION_001,377971,0.2821580711504943,SIMULATED,NORMAL
2026-06-17T16:51:02.021886+00:00,DION_001,377972,0.4194012944195759,SIMULATED,NORMAL
2026-06-17T16:51:02.032437+00:00,DION_001,377973,0.07997671940089196,SIMULATED,NORMAL
2026-06-17T16:51:02.043174+00:00,DION_001,377974,2.7451256058513307,SIMULATED,EVENT_DETECTED
2026-06-17T16:51:02.054151+00:00,DION_001,377975,0.20415914930038698,SIMULATED,NORMAL
2026-06-17T16:51:02.064691+00:00,DION_001,377976,-0.19809289704587218,SIMULATED,NORMAL
2026-06-17T16:51:02.075231+00:00,DION_001,377977,-0.1750826159963647,SIMULATED,NORMAL
2026-06-17T16:51:02.085797+00:00,DION_001,377978,-0.16516866762287502,SIMULATED,NORMAL
2026-06-17T16:51:02.096352+00:00,DION_001,377979,-0.06969302357948913,SIMULATED,NORMAL
2026-06-17T16:51:02.107027+00:00,DION_001,377980,-0.13507751268324178,SIMULATED,NORMAL
2026-06-17T16:51:02.117552+00:00,DION_001,377981,-0.2810142539593343,SIMULATED,NORMAL
2026-06-17T16:51:02.128035+00:00,DION_001,377982,-0.42223161408653265,SIMULATED,NORMAL
2026-06-17T16:51:02.138831+00:00,DION_001,377983,-0.35484129437027523,SIMULATED,NORMAL
2026-06-17T16:51:02.149437+00:00,DION_001,377984,-0.39677133805536996,SIMULATED,NORMAL
2026-06-17T16:51:02.160024+00:00,DION_001,377985,-0.3224994253610251,SIMULATED,NORMAL
2026-06-17T16:51:02.170779+00:00,DION_001,377986,-0.7662909096408403,SIMULATED,NORMAL
2026-06-17T16:51:02.181295+00:00,DION_001,377987,-0.3766085750123568,SIMULATED,NORMAL
2026-06-17T16:51:02.191980+00:00,DION_001,377988,-0.6342472481776621,SIMULATED,NORMAL
2026-06-17T16:51:02.202429+00:00,DION_001,377989,-0.7259252744876754,SIMULATED,NORMAL
2026-06-17T16:51:02.212913+00:00,DION_001,377990,-0.4371837277359468,SIMULATED,NORMAL
2026-06-17T16:51:02.223592+00:00,DION_001,377991,-0.8452754601383274,SIMULATED,NORMAL
2026-06-17T16:51:02.234119+00:00,DION_001,377992,-0.7090147009300631,SIMULATED,NORMAL
2026-06-17T16:51:02.244678+00:00,DION_001,377993,-0.6906503030085475,SIMULATED,NORMAL
2026-06-17T16:51:02.255493+00:00,DION_001,377994,-0.7093278160135061,SIMULATED,NORMAL
2026-06-17T16:51:02.266160+00:00,DION_001,377995,-0.819294107593865,SIMULATED,NORMAL
2026-06-17T16:51:02.276877+00:00,DION_001,377996,-0.7285680041736646,SIMULATED,NORMAL
2026-06-17T16:51:02.287420+00:00,DION_001,377997,-0.7506540688886182,SIMULATED,NORMAL
2026-06-17T16:51:02.298016+00:00,DION_001,377998,-0.8090521990167593,SIMULATED,NORMAL
2026-06-17T16:51:02.308666+00:00,DION_001,377999,-0.66026021361552,SIMULATED,NORMAL
2026-06-17T16:51:02.319327+00:00,DION_001,378000,-0.7885293647685806,SIMULATED,NORMAL
2026-06-17T16:51:02.329828+00:00,DION_001,378001,-0.7245791248102861,SIMULATED,NORMAL
2026-06-17T16:51:02.340441+00:00,DION_001,378002,-0.5847028591194717,SIMULATED,NORMAL
2026-06-17T16:51:02.351141+00:00,DION_001,378003,-0.8009456280448064,SIMULATED,NORMAL
2026-06-17T16:51:02.361706+00:00,DION_001,378004,-0.6547581410305754,SIMULATED,NORMAL
2026-06-17T16:51:02.372283+00:00,DION_001,378005,-0.9506917552163053,SIMULATED,NORMAL
2026-06-17T16:51:02.382996+00:00,DION_001,378006,-0.6235303404612534,SIMULATED,NORMAL
2026-06-17T16:51:02.393575+00:00,DION_001,378007,-3.56641860123311,SIMULATED,EVENT_DETECTED
2026-06-17T16:51:02.404695+00:00,DION_001,378008,-0.7247324131679264,SIMULATED,NORMAL
2026-06-17T16:51:02.415233+00:00,DION_001,378009,-0.5851549631501398,SIMULATED,NORMAL
2026-06-17T16:51:02.425793+00:00,DION_001,378010,-0.7458069607108047,SIMULATED,NORMAL
2026-06-17T16:51:02.436463+00:00,DION_001,378011,-0.6677120512647015,SIMULATED,NORMAL
2026-06-17T16:51:02.447151+00:00,DION_001,378012,-0.7245093085587776,SIMULATED,NORMAL
2026-06-17T16:51:02.457870+00:00,DION_001,378013,-0.9316329865730566,SIMULATED,NORMAL
2026-06-17T16:51:02.468464+00:00,DION_001,378014,-0.48335827070212833,SIMULATED,NORMAL
2026-06-17T16:51:02.479034+00:00,DION_001,378015,-0.7106091997139193,SIMULATED,NORMAL
2026-06-17T16:51:02.489455+00:00,DION_001,378016,-0.6415327999055661,SIMULATED,NORMAL
2026-06-17T16:51:02.500175+00:00,DION_001,378017,-0.4381474666751966,SIMULATED,NORMAL
2026-06-17T16:51:02.510703+00:00,DION_001,378018,-0.5790009242244165,SIMULATED,NORMAL
2026-06-17T16:51:02.521174+00:00,DION_001,378019,-0.8616113374998438,SIMULATED,NORMAL
2026-06-17T16:51:02.531621+00:00,DION_001,378020,-0.6696828302516272,SIMULATED,NORMAL
2026-06-17T16:51:02.542251+00:00,DION_001,378021,-0.6471383094398426,SIMULATED,NORMAL
2026-06-17T16:51:02.552797+00:00,DION_001,378022,-0.3675410773893537,SIMULATED,NORMAL
2026-06-17T16:51:02.563250+00:00,DION_001,378023,-0.18218031035378085,SIMULATED,NORMAL
2026-06-17T16:51:02.573719+00:00,DION_001,378024,-0.17368034629918677,SIMULATED,NORMAL
2026-06-17T16:51:02.584249+00:00,DION_001,378025,-0.2873505842738256,SIMULATED,NORMAL
2026-06-17T16:51:02.594770+00:00,DION_001,378026,-0.5632997701495602,SIMULATED,NORMAL
2026-06-17T16:51:02.605266+00:00,DION_001,378027,-0.3670024464575135,SIMULATED,NORMAL
2026-06-17T16:51:02.615719+00:00,DION_001,378028,-0.7435608032218866,SIMULATED,NORMAL
2026-06-17T16:51:02.625993+00:00,DION_001,378029,-0.3585434681554872,SIMULATED,NORMAL
2026-06-17T16:51:02.636316+00:00,DION_001,378030,-0.4235732230259967,SIMULATED,NORMAL
2026-06-17T16:51:02.646598+00:00,DION_001,378031,-0.3815730250262885,SIMULATED,NORMAL
2026-06-17T16:51:02.656845+00:00,DION_001,378032,-0.09481998669292313,SIMULATED,NORMAL
2026-06-17T16:51:02.667229+00:00,DION_001,378033,-0.3731047879271544,SIMULATED,NORMAL
2026-06-17T16:51:02.677776+00:00,DION_001,378034,-0.3163608689060943,SIMULATED,NORMAL
2026-06-17T16:51:02.688434+00:00,DION_001,378035,-0.17778087785404345,SIMULATED,NORMAL
2026-06-17T16:51:02.699147+00:00,DION_001,378036,-0.6056933145035068,SIMULATED,NORMAL
2026-06-17T16:51:02.709712+00:00,DION_001,378037,-0.42943385606403345,SIMULATED,NORMAL
2026-06-17T16:51:02.720650+00:00,DION_001,378038,-0.5792748596252013,SIMULATED,NORMAL
2026-06-17T16:51:02.731133+00:00,DION_001,378039,-0.3432185272437561,SIMULATED,NORMAL
2026-06-17T16:51:02.741775+00:00,DION_001,378040,-0.15942118662470606,SIMULATED,NORMAL
2026-06-17T16:51:02.752446+00:00,DION_001,378041,-0.37204966897077874,SIMULATED,NORMAL
2026-06-17T16:51:02.763078+00:00,DION_001,378042,-0.45482667262396576,SIMULATED,NORMAL
2026-06-17T16:51:02.773673+00:00,DION_001,378043,-0.16624264220620213,SIMULATED,NORMAL
2026-06-17T16:51:02.784371+00:00,DION_001,378044,-0.5061712238016456,SIMULATED,NORMAL
2026-06-17T16:51:02.795090+00:00,DION_001,378045,-0.7215509074050999,SIMULATED,NORMAL
2026-06-17T16:51:02.805628+00:00,DION_001,378046,-0.39750161461171846,SIMULATED,NORMAL
2026-06-17T16:51:02.816218+00:00,DION_001,378047,-0.4041954154466916,SIMULATED,NORMAL
2026-06-17T16:51:02.826909+00:00,DION_001,378048,-0.5142700791630049,SIMULATED,NORMAL
2026-06-17T16:51:02.837744+00:00,DION_001,378049,-0.5638735052306114,SIMULATED,NORMAL
2026-06-17T16:51:02.848248+00:00,DION_001,378050,-0.9892377851450784,SIMULATED,NORMAL
2026-06-17T16:51:02.858836+00:00,DION_001,378051,-0.5382784877181827,SIMULATED,NORMAL
2026-06-17T16:51:02.869411+00:00,DION_001,378052,-0.5751354667824334,SIMULATED,NORMAL
2026-06-17T16:51:02.880033+00:00,DION_001,378053,-0.5878594892957044,SIMULATED,NORMAL
2026-06-17T16:51:02.891000+00:00,DION_001,378054,-0.8321951433038254,SIMULATED,NORMAL
2026-06-17T16:51:02.901403+00:00,DION_001,378055,-0.6934199331209929,SIMULATED,NORMAL
2026-06-17T16:51:02.911852+00:00,DION_001,378056,-0.7209335920744514,SIMULATED,NORMAL
2026-06-17T16:51:02.922393+00:00,DION_001,378057,-0.6109192174227915,SIMULATED,NORMAL
2026-06-17T16:51:02.933031+00:00,DION_001,378058,-0.9321364330292676,SIMULATED,NORMAL
2026-06-17T16:51:02.943697+00:00,DION_001,378059,-0.7817242141888866,SIMULATED,NORMAL
2026-06-17T16:51:02.954633+00:00,DION_001,378060,-0.9457721157480478,SIMULATED,NORMAL
2026-06-17T16:51:02.965189+00:00,DION_001,378061,-0.7795376961417226,SIMULATED,NORMAL
2026-06-17T16:51:02.975770+00:00,DION_001,378062,-1.1575155641018091,SIMULATED,NORMAL
2026-06-17T16:51:02.986421+00:00,DION_001,378063,-0.7747818846098738,SIMULATED,NORMAL
2026-06-17T16:51:02.996961+00:00,DION_001,378064,-1.1495161073102733,SIMULATED,NORMAL
2026-06-17T16:51:03.007657+00:00,DION_001,378065,-0.9840302620196684,SIMULATED,NORMAL
2026-06-17T16:51:03.018125+00:00,DION_001,378066,-1.2189150178382668,SIMULATED,NORMAL
2026-06-17T16:51:03.028668+00:00,DION_001,378067,-1.0617906006511157,SIMULATED,NORMAL
2026-06-17T16:51:03.039157+00:00,DION_001,378068,-1.3523349564231553,SIMULATED,NORMAL
2026-06-17T16:51:03.049782+00:00,DION_001,378069,-1.4230468076620437,SIMULATED,NORMAL
2026-06-17T16:51:03.060328+00:00,DION_001,378070,-1.1487955280528368,SIMULATED,NORMAL
2026-06-17T16:51:03.071188+00:00,DION_001,378071,-1.2238180178787363,SIMULATED,NORMAL
2026-06-17T16:51:03.081700+00:00,DION_001,378072,-1.2084631198242581,SIMULATED,NORMAL
2026-06-17T16:51:03.092312+00:00,DION_001,378073,-1.0900856728042279,SIMULATED,NORMAL
2026-06-17T16:51:03.102901+00:00,DION_001,378074,-0.9394158266592344,SIMULATED,NORMAL
2026-06-17T16:51:03.113413+00:00,DION_001,378075,-1.2841906275796835,SIMULATED,NORMAL
2026-06-17T16:51:03.124003+00:00,DION_001,378076,-1.3007336625216146,SIMULATED,NORMAL
2026-06-17T16:51:03.134577+00:00,DION_001,378077,-1.146654770910519,SIMULATED,NORMAL
2026-06-17T16:51:03.145278+00:00,DION_001,378078,-1.0482889441833743,SIMULATED,NORMAL
2026-06-17T16:51:03.155852+00:00,DION_001,378079,-1.355092598260022,SIMULATED,NORMAL
2026-06-17T16:51:03.166415+00:00,DION_001,378080,-1.0856429928093543,SIMULATED,NORMAL
2026-06-17T16:51:03.177559+00:00,DION_001,378081,-1.1822205252513203,SIMULATED,NORMAL
2026-06-17T16:51:03.188369+00:00,DION_001,378082,-0.8140030881807878,SIMULATED,NORMAL
2026-06-17T16:51:03.199040+00:00,DION_001,378083,-1.0928768135064926,SIMULATED,NORMAL
2026-06-17T16:51:03.209724+00:00,DION_001,378084,-1.1260049066890883,SIMULATED,NORMAL
2026-06-17T16:51:03.220307+00:00,DION_001,378085,-1.163630977601401,SIMULATED,NORMAL
2026-06-17T16:51:03.230869+00:00,DION_001,378086,-1.0235983902240233,SIMULATED,NORMAL
2026-06-17T16:51:03.241468+00:00,DION_001,378087,-0.9104020717995058,SIMULATED,NORMAL
2026-06-17T16:51:03.252053+00:00,DION_001,378088,-1.0127259262912458,SIMULATED,NORMAL
2026-06-17T16:51:03.262546+00:00,DION_001,378089,-0.8748619700225186,SIMULATED,NORMAL
2026-06-17T16:51:03.273124+00:00,DION_001,378090,-0.8053596651954813,SIMULATED,NORMAL
2026-06-17T16:51:03.283726+00:00,DION_001,378091,-1.1979452235011998,SIMULATED,NORMAL
2026-06-17T16:51:03.294405+00:00,DION_001,378092,-0.8283986896962565,SIMULATED,NORMAL
2026-06-17T16:51:03.305180+00:00,DION_001,378093,-0.8136639562080797,SIMULATED,NORMAL
2026-06-17T16:51:03.315783+00:00,DION_001,378094,-2.358137018725684,SIMULATED,EVENT_DETECTED
2026-06-17T16:51:03.326621+00:00,DION_001,378095,-0.7602770298785784,SIMULATED,NORMAL
2026-06-17T16:51:03.337324+00:00,DION_001,378096,-0.9061280720163896,SIMULATED,NORMAL
2026-06-17T16:51:03.347821+00:00,DION_001,378097,-0.7974094860193934,SIMULATED,NORMAL
2026-06-17T16:51:03.358324+00:00,DION_001,378098,-0.7441298581148218,SIMULATED,NORMAL
2026-06-17T16:51:03.368840+00:00,DION_001,378099,-0.72531386365058,SIMULATED,NORMAL
2026-06-17T16:51:03.379388+00:00,DION_001,378100,-0.6039283181613871,SIMULATED,NORMAL
2026-06-17T16:51:03.389918+00:00,DION_001,378101,-0.6798217224629786,SIMULATED,NORMAL
2026-06-17T16:51:03.400511+00:00,DION_001,378102,-0.5950546597864576,SIMULATED,NORMAL
2026-06-17T16:51:03.411213+00:00,DION_001,378103,-0.05805239157592801,SIMULATED,NORMAL
2026-06-17T16:51:03.422092+00:00,DION_001,378104,-0.6063233856079285,SIMULATED,NORMAL
2026-06-17T16:51:03.432679+00:00,DION_001,378105,-0.29400843270859056,SIMULATED,NORMAL
2026-06-17T16:51:03.443466+00:00,DION_001,378106,-0.270280079362455,SIMULATED,NORMAL
2026-06-17T16:51:03.454157+00:00,DION_001,378107,-0.5391329307739735,SIMULATED,NORMAL
2026-06-17T16:51:03.464664+00:00,DION_001,378108,-0.2603832458406549,SIMULATED,NORMAL
2026-06-17T16:51:03.475217+00:00,DION_001,378109,-0.19577335146481345,SIMULATED,NORMAL
2026-06-17T16:51:03.485781+00:00,DION_001,378110,-2.2617342630620874e-05,SIMULATED,NORMAL
2026-06-17T16:51:03.496228+00:00,DION_001,378111,-0.23200364162629084,SIMULATED,NORMAL
2026-06-17T16:51:03.506911+00:00,DION_001,378112,-0.25720714112788234,SIMULATED,NORMAL
2026-06-17T16:51:03.517581+00:00,DION_001,378113,-0.19512210500051017,SIMULATED,NORMAL
2026-06-17T16:51:03.528228+00:00,DION_001,378114,0.07968942481689731,SIMULATED,NORMAL
2026-06-17T16:51:03.539019+00:00,DION_001,378115,-0.2836669975636834,SIMULATED,NORMAL
2026-06-17T16:51:03.549579+00:00,DION_001,378116,-0.019831257659455287,SIMULATED,NORMAL
2026-06-17T16:51:03.560156+00:00,DION_001,378117,-0.2851571523541102,SIMULATED,NORMAL
2026-06-17T16:51:03.570908+00:00,DION_001,378118,-0.3334719603346201,SIMULATED,NORMAL
2026-06-17T16:51:03.581439+00:00,DION_001,378119,-0.02051482495955119,SIMULATED,NORMAL
2026-06-17T16:51:03.592031+00:00,DION_001,378120,-0.09652036871599522,SIMULATED,NORMAL
2026-06-17T16:51:03.602692+00:00,DION_001,378121,-0.05590518354056145,SIMULATED,NORMAL
2026-06-17T16:51:03.613260+00:00,DION_001,378122,0.1298876030672948,SIMULATED,NORMAL
2026-06-17T16:51:03.623855+00:00,DION_001,378123,-0.05106276865449279,SIMULATED,NORMAL
2026-06-17T16:51:03.634458+00:00,DION_001,378124,-0.22888470525908705,SIMULATED,NORMAL
2026-06-17T16:51:03.645186+00:00,DION_001,378125,-0.06108357329354688,SIMULATED,NORMAL
2026-06-17T16:51:03.655789+00:00,DION_001,378126,0.09834477840915301,SIMULATED,NORMAL
2026-06-17T16:51:03.666295+00:00,DION_001,378127,-0.2737705979972637,SIMULATED,NORMAL
2026-06-17T16:51:03.676844+00:00,DION_001,378128,-0.16025666295174937,SIMULATED,NORMAL
2026-06-17T16:51:03.687332+00:00,DION_001,378129,-0.39230779913205194,SIMULATED,NORMAL
2026-06-17T16:51:03.697758+00:00,DION_001,378130,-0.1934433223401131,SIMULATED,NORMAL
2026-06-17T16:51:03.708096+00:00,DION_001,378131,-0.43955017905064775,SIMULATED,NORMAL
2026-06-17T16:51:03.718790+00:00,DION_001,378132,-0.16252875536852357,SIMULATED,NORMAL
2026-06-17T16:51:03.729259+00:00,DION_001,378133,-0.40703847842357244,SIMULATED,NORMAL
2026-06-17T16:51:03.739663+00:00,DION_001,378134,-3.0046823318718263,SIMULATED,EVENT_DETECTED
2026-06-17T16:51:03.750169+00:00,DION_001,378135,-0.27102857662600505,SIMULATED,NORMAL
2026-06-17T16:51:03.760487+00:00,DION_001,378136,-0.10161824812615386,SIMULATED,NORMAL
2026-06-17T16:51:03.771002+00:00,DION_001,378137,-0.24847081734159854,SIMULATED,NORMAL
2026-06-17T16:51:03.781510+00:00,DION_001,378138,2.237473475181236,SIMULATED,EVENT_DETECTED
2026-06-17T16:51:03.792297+00:00,DION_001,378139,-0.5880285843521229,SIMULATED,NORMAL
2026-06-17T16:51:03.802789+00:00,DION_001,378140,-0.40276169758558417,SIMULATED,NORMAL
2026-06-17T16:51:03.813282+00:00,DION_001,378141,-0.2712016281355868,SIMULATED,NORMAL
2026-06-17T16:51:03.823872+00:00,DION_001,378142,-0.6838031134843657,SIMULATED,NORMAL
2026-06-17T16:51:03.834452+00:00,DION_001,378143,-0.31580033198886714,SIMULATED,NORMAL
2026-06-17T16:51:03.844996+00:00,DION_001,378144,-0.4449392219681364,SIMULATED,NORMAL
2026-06-17T16:51:03.855597+00:00,DION_001,378145,-0.26732159328086835,SIMULATED,NORMAL
2026-06-17T16:51:03.866195+00:00,DION_001,378146,-0.5060925969502157,SIMULATED,NORMAL
2026-06-17T16:51:03.876976+00:00,DION_001,378147,-0.6133229843168553,SIMULATED,NORMAL
2026-06-17T16:51:03.887654+00:00,DION_001,378148,-0.5063834765704152,SIMULATED,NORMAL
2026-06-17T16:51:03.898107+00:00,DION_001,378149,-0.4336805644803666,SIMULATED,NORMAL
2026-06-17T16:51:03.908756+00:00,DION_001,378150,-0.6766719807421021,SIMULATED,NORMAL
2026-06-17T16:51:03.919478+00:00,DION_001,378151,-0.595672680328571,SIMULATED,NORMAL
2026-06-17T16:51:03.930075+00:00,DION_001,378152,-0.6083246732583327,SIMULATED,NORMAL
2026-06-17T16:51:03.940762+00:00,DION_001,378153,-0.5908005006957192,SIMULATED,NORMAL
2026-06-17T16:51:03.951593+00:00,DION_001,378154,-0.46205769490411297,SIMULATED,NORMAL
2026-06-17T16:51:03.962140+00:00,DION_001,378155,-0.42209431527700775,SIMULATED,NORMAL
2026-06-17T16:51:03.972739+00:00,DION_001,378156,-0.2491831140697341,SIMULATED,NORMAL
2026-06-17T16:51:03.983386+00:00,DION_001,378157,-0.46587478534946947,SIMULATED,NORMAL
2026-06-17T16:51:03.994075+00:00,DION_001,378158,-0.04750406063568091,SIMULATED,NORMAL
2026-06-17T16:51:04.004617+00:00,DION_001,378159,-0.5504191620282548,SIMULATED,NORMAL
2026-06-17T16:51:04.015123+00:00,DION_001,378160,-0.3179943791950858,SIMULATED,NORMAL
2026-06-17T16:51:04.025726+00:00,DION_001,378161,-0.03922965143671636,SIMULATED,NORMAL
2026-06-17T16:51:04.036338+00:00,DION_001,378162,-0.2698912509771497,SIMULATED,NORMAL
2026-06-17T16:51:04.046944+00:00,DION_001,378163,-0.5315790195446839,SIMULATED,NORMAL
2026-06-17T16:51:04.057591+00:00,DION_001,378164,-0.3038967029395349,SIMULATED,NORMAL
2026-06-17T16:51:04.068235+00:00,DION_001,378165,-0.028999275435454663,SIMULATED,NORMAL
2026-06-17T16:51:04.078820+00:00,DION_001,378166,-0.01363453078057894,SIMULATED,NORMAL
2026-06-17T16:51:04.089773+00:00,DION_001,378167,-0.1007148269812665,SIMULATED,NORMAL
2026-06-17T16:51:04.100293+00:00,DION_001,378168,-0.30110400869967185,SIMULATED,NORMAL
2026-06-17T16:51:04.110822+00:00,DION_001,378169,-0.17899651589806692,SIMULATED,NORMAL
2026-06-17T16:51:04.121562+00:00,DION_001,378170,-0.008559621438111387,SIMULATED,NORMAL
2026-06-17T16:51:04.132147+00:00,DION_001,378171,0.22486916113187413,SIMULATED,NORMAL
2026-06-17T16:51:04.142720+00:00,DION_001,378172,0.05122127112062185,SIMULATED,NORMAL
2026-06-17T16:51:04.153390+00:00,DION_001,378173,0.07684914668886557,SIMULATED,NORMAL
2026-06-17T16:51:04.163881+00:00,DION_001,378174,-0.09011649469737881,SIMULATED,NORMAL
2026-06-17T16:51:04.174471+00:00,DION_001,378175,0.14536462676297818,SIMULATED,NORMAL
2026-06-17T16:51:04.185056+00:00,DION_001,378176,0.24923607597200337,SIMULATED,NORMAL
2026-06-17T16:51:04.195558+00:00,DION_001,378177,0.5024697082598378,SIMULATED,NORMAL
2026-06-17T16:51:04.206253+00:00,DION_001,378178,0.43018460433311423,SIMULATED,NORMAL
2026-06-17T16:51:04.216880+00:00,DION_001,378179,0.4757866996513862,SIMULATED,NORMAL
2026-06-17T16:51:04.227418+00:00,DION_001,378180,0.43086545926991926,SIMULATED,NORMAL
2026-06-17T16:51:04.238078+00:00,DION_001,378181,0.38492526493525653,SIMULATED,NORMAL
2026-06-17T16:51:04.248626+00:00,DION_001,378182,0.24117031143220036,SIMULATED,NORMAL
2026-06-17T16:51:04.259153+00:00,DION_001,378183,0.5678039503591403,SIMULATED,NORMAL
2026-06-17T16:51:04.269745+00:00,DION_001,378184,0.5200387707801242,SIMULATED,NORMAL
2026-06-17T16:51:04.280288+00:00,DION_001,378185,0.6462096122878189,SIMULATED,NORMAL
2026-06-17T16:51:04.290873+00:00,DION_001,378186,0.49935477195087136,SIMULATED,NORMAL
2026-06-17T16:51:04.301298+00:00,DION_001,378187,0.693776939101981,SIMULATED,NORMAL
2026-06-17T16:51:04.311685+00:00,DION_001,378188,0.5235162930451683,SIMULATED,NORMAL
2026-06-17T16:51:04.322243+00:00,DION_001,378189,0.5361102204880799,SIMULATED,NORMAL
2026-06-17T16:51:04.332715+00:00,DION_001,378190,0.8864968712436236,SIMULATED,NORMAL
2026-06-17T16:51:04.343329+00:00,DION_001,378191,0.6067677829875979,SIMULATED,NORMAL
2026-06-17T16:51:04.353904+00:00,DION_001,378192,0.9356200154054454,SIMULATED,NORMAL
2026-06-17T16:51:04.364413+00:00,DION_001,378193,0.8092311732369154,SIMULATED,NORMAL
2026-06-17T16:51:04.375101+00:00,DION_001,378194,0.8334061595760522,SIMULATED,NORMAL
2026-06-17T16:51:04.387310+00:00,DION_001,378195,0.7758894431309094,SIMULATED,NORMAL
2026-06-17T16:51:04.397661+00:00,DION_001,378196,0.5691936906606032,SIMULATED,NORMAL
2026-06-17T16:51:04.408025+00:00,DION_001,378197,-1.0722480800214496,SIMULATED,NORMAL
2026-06-17T16:51:04.418559+00:00,DION_001,378198,0.9505424359745716,SIMULATED,NORMAL
2026-06-17T16:51:04.429044+00:00,DION_001,378199,0.7771978101525115,SIMULATED,NORMAL
2026-06-17T16:51:04.439632+00:00,DION_001,378200,0.8375005730566922,SIMULATED,NORMAL
2026-06-17T16:51:04.450055+00:00,DION_001,378201,0.9736807975802506,SIMULATED,NORMAL
2026-06-17T16:51:04.460436+00:00,DION_001,378202,0.6251855291759761,SIMULATED,NORMAL
2026-06-17T16:51:04.471036+00:00,DION_001,378203,0.8963925448831297,SIMULATED,NORMAL
2026-06-17T16:51:04.481699+00:00,DION_001,378204,0.7796548227665802,SIMULATED,NORMAL
2026-06-17T16:51:04.492102+00:00,DION_001,378205,0.6880950476545546,SIMULATED,NORMAL
2026-06-17T16:51:04.502566+00:00,DION_001,378206,-1.2117382305956452,SIMULATED,NORMAL
2026-06-17T16:51:04.513038+00:00,DION_001,378207,0.7114157723095909,SIMULATED,NORMAL
2026-06-17T16:51:04.523357+00:00,DION_001,378208,0.803949520900029,SIMULATED,NORMAL
2026-06-17T16:51:04.533742+00:00,DION_001,378209,0.7103570024230853,SIMULATED,NORMAL
2026-06-17T16:51:04.544143+00:00,DION_001,378210,0.9667524764236213,SIMULATED,NORMAL
2026-06-17T16:51:04.554910+00:00,DION_001,378211,0.6674478102445358,SIMULATED,NORMAL
2026-06-17T16:51:04.565470+00:00,DION_001,378212,0.6110337739459536,SIMULATED,NORMAL
2026-06-17T16:51:04.576003+00:00,DION_001,378213,0.47013850479875985,SIMULATED,NORMAL
2026-06-17T16:51:04.586552+00:00,DION_001,378214,0.720354388877684,SIMULATED,NORMAL
2026-06-17T16:51:04.597025+00:00,DION_001,378215,0.6352709320318014,SIMULATED,NORMAL
2026-06-17T16:51:04.607519+00:00,DION_001,378216,0.5664750080437713,SIMULATED,NORMAL
2026-06-17T16:51:04.618170+00:00,DION_001,378217,0.5793864860407176,SIMULATED,NORMAL
2026-06-17T16:51:04.628680+00:00,DION_001,378218,0.4713235424830948,SIMULATED,NORMAL
2026-06-17T16:51:04.639333+00:00,DION_001,378219,0.463408970807536,SIMULATED,NORMAL
2026-06-17T16:51:04.649930+00:00,DION_001,378220,0.44855932513436736,SIMULATED,NORMAL
2026-06-17T16:51:04.660523+00:00,DION_001,378221,0.4146931680048201,SIMULATED,NORMAL
2026-06-17T16:51:04.671423+00:00,DION_001,378222,0.33810740561583935,SIMULATED,NORMAL
2026-06-17T16:51:04.681960+00:00,DION_001,378223,0.3326163006699371,SIMULATED,NORMAL
2026-06-17T16:51:04.692435+00:00,DION_001,378224,0.5449050406902376,SIMULATED,NORMAL
2026-06-17T16:51:04.703154+00:00,DION_001,378225,0.5244954362829032,SIMULATED,NORMAL
2026-06-17T16:51:04.713629+00:00,DION_001,378226,0.3113460105511807,SIMULATED,NORMAL
2026-06-17T16:51:04.724349+00:00,DION_001,378227,0.6530896499747176,SIMULATED,NORMAL
2026-06-17T16:51:04.735055+00:00,DION_001,378228,0.375126731093322,SIMULATED,NORMAL
2026-06-17T16:51:04.745835+00:00,DION_001,378229,0.4032496613482599,SIMULATED,NORMAL
2026-06-17T16:51:04.756430+00:00,DION_001,378230,0.5364981378164826,SIMULATED,NORMAL
2026-06-17T16:51:04.767028+00:00,DION_001,378231,0.5198084861893084,SIMULATED,NORMAL
2026-06-17T16:51:04.777449+00:00,DION_001,378232,0.2179876414341276,SIMULATED,NORMAL
2026-06-17T16:51:04.788053+00:00,DION_001,378233,0.32351964721340704,SIMULATED,NORMAL
2026-06-17T16:51:04.798506+00:00,DION_001,378234,0.38447216451776484,SIMULATED,NORMAL
2026-06-17T16:51:04.808975+00:00,DION_001,378235,0.16375558062718118,SIMULATED,NORMAL
2026-06-17T16:51:04.819438+00:00,DION_001,378236,0.5175169467684254,SIMULATED,NORMAL
2026-06-17T16:51:04.829946+00:00,DION_001,378237,0.5068511663399126,SIMULATED,NORMAL
2026-06-17T16:51:04.840286+00:00,DION_001,378238,0.44294664228048264,SIMULATED,NORMAL
2026-06-17T16:51:04.850604+00:00,DION_001,378239,0.6207018432788394,SIMULATED,NORMAL
2026-06-17T16:51:04.860884+00:00,DION_001,378240,0.4705675336981757,SIMULATED,NORMAL
2026-06-17T16:51:04.871152+00:00,DION_001,378241,0.4433791588924098,SIMULATED,NORMAL
2026-06-17T16:51:04.881441+00:00,DION_001,378242,0.6145546320305796,SIMULATED,NORMAL
2026-06-17T16:51:04.891953+00:00,DION_001,378243,0.541362588134073,SIMULATED,NORMAL
2026-06-17T16:51:04.902469+00:00,DION_001,378244,0.4822576250697277,SIMULATED,NORMAL
2026-06-17T16:51:04.912925+00:00,DION_001,378245,0.5545902550039672,SIMULATED,NORMAL
2026-06-17T16:51:04.923617+00:00,DION_001,378246,0.49206118980278396,SIMULATED,NORMAL
2026-06-17T16:51:04.934206+00:00,DION_001,378247,0.3688703382864674,SIMULATED,NORMAL
2026-06-17T16:51:04.944818+00:00,DION_001,378248,0.7288997405467457,SIMULATED,NORMAL
2026-06-17T16:51:04.955440+00:00,DION_001,378249,0.7243426503258829,SIMULATED,NORMAL
2026-06-17T16:51:04.965958+00:00,DION_001,378250,0.5821914492902408,SIMULATED,NORMAL
2026-06-17T16:51:04.976609+00:00,DION_001,378251,0.6102851567254771,SIMULATED,NORMAL
2026-06-17T16:51:04.987233+00:00,DION_001,378252,0.7961861159759295,SIMULATED,NORMAL
2026-06-17T16:51:04.997821+00:00,DION_001,378253,0.8212847542550096,SIMULATED,NORMAL
2026-06-17T16:51:05.008417+00:00,DION_001,378254,0.669347200543958,SIMULATED,NORMAL
2026-06-17T16:51:05.019120+00:00,DION_001,378255,0.7039540119197576,SIMULATED,NORMAL
2026-06-17T16:51:05.029730+00:00,DION_001,378256,1.0875755322341845,SIMULATED,NORMAL
2026-06-17T16:51:05.040270+00:00,DION_001,378257,0.5449913231431807,SIMULATED,NORMAL
2026-06-17T16:51:05.050896+00:00,DION_001,378258,1.1380378480220292,SIMULATED,NORMAL
2026-06-17T16:51:05.061444+00:00,DION_001,378259,1.1715025700048134,SIMULATED,NORMAL
2026-06-17T16:51:05.072114+00:00,DION_001,378260,0.8644780364377246,SIMULATED,NORMAL
2026-06-17T16:51:05.082708+00:00,DION_001,378261,0.9555838926835141,SIMULATED,NORMAL
2026-06-17T16:51:05.093325+00:00,DION_001,378262,0.805409060227271,SIMULATED,NORMAL
2026-06-17T16:51:05.104150+00:00,DION_001,378263,1.0915001941819138,SIMULATED,NORMAL
2026-06-17T16:51:05.114686+00:00,DION_001,378264,0.7692857460853884,SIMULATED,NORMAL
2026-06-17T16:51:05.125327+00:00,DION_001,378265,1.331984948528609,SIMULATED,NORMAL
2026-06-17T16:51:05.135911+00:00,DION_001,378266,1.5744271751926706,SIMULATED,NORMAL
2026-06-17T16:51:05.146405+00:00,DION_001,378267,1.0199642376110616,SIMULATED,NORMAL
2026-06-17T16:51:05.156850+00:00,DION_001,378268,1.0331511146258225,SIMULATED,NORMAL
2026-06-17T16:51:05.167302+00:00,DION_001,378269,1.1306519657055263,SIMULATED,NORMAL
2026-06-17T16:51:05.177698+00:00,DION_001,378270,0.7566842268552381,SIMULATED,NORMAL
2026-06-17T16:51:05.188192+00:00,DION_001,378271,1.2299757678319052,SIMULATED,NORMAL
2026-06-17T16:51:05.198800+00:00,DION_001,378272,1.1064144704161687,SIMULATED,NORMAL
2026-06-17T16:51:05.209415+00:00,DION_001,378273,1.1159030999639012,SIMULATED,NORMAL
2026-06-17T16:51:05.219982+00:00,DION_001,378274,0.7863884688949465,SIMULATED,NORMAL
2026-06-17T16:51:05.230505+00:00,DION_001,378275,1.2133211832550446,SIMULATED,NORMAL
2026-06-17T16:51:05.241117+00:00,DION_001,378276,1.1616572696530598,SIMULATED,NORMAL
2026-06-17T16:51:05.251636+00:00,DION_001,378277,1.16429795256521,SIMULATED,NORMAL
2026-06-17T16:51:05.262414+00:00,DION_001,378278,1.0395208635954247,SIMULATED,NORMAL
2026-06-17T16:51:05.272919+00:00,DION_001,378279,1.143443043141509,SIMULATED,NORMAL
2026-06-17T16:51:05.283424+00:00,DION_001,378280,1.061554327534578,SIMULATED,NORMAL
2026-06-17T16:51:05.293884+00:00,DION_001,378281,0.8035335591840312,SIMULATED,NORMAL
2026-06-17T16:51:05.304463+00:00,DION_001,378282,0.9093674143278234,SIMULATED,NORMAL
2026-06-17T16:51:05.315043+00:00,DION_001,378283,0.7677928359965699,SIMULATED,NORMAL
2026-06-17T16:51:05.325507+00:00,DION_001,378284,1.0543139104344776,SIMULATED,NORMAL
2026-06-17T16:51:05.336031+00:00,DION_001,378285,0.9719100565698833,SIMULATED,NORMAL
2026-06-17T16:51:05.346489+00:00,DION_001,378286,3.5999578394128013,SIMULATED,EVENT_DETECTED
2026-06-17T16:51:05.357154+00:00,DION_001,378287,0.8775581605132471,SIMULATED,NORMAL
2026-06-17T16:51:05.367543+00:00,DION_001,378288,0.9215326471109657,SIMULATED,NORMAL
2026-06-17T16:51:05.378118+00:00,DION_001,378289,0.710998432526432,SIMULATED,NORMAL
2026-06-17T16:51:05.388665+00:00,DION_001,378290,0.682719812338294,SIMULATED,NORMAL
2026-06-17T16:51:05.399153+00:00,DION_001,378291,0.5295563581742619,SIMULATED,NORMAL
2026-06-17T16:51:05.409708+00:00,DION_001,378292,0.46923510343748587,SIMULATED,NORMAL
2026-06-17T16:51:05.420124+00:00,DION_001,378293,0.539483492235749,SIMULATED,NORMAL
2026-06-17T16:51:05.430698+00:00,DION_001,378294,0.6136853117136225,SIMULATED,NORMAL
2026-06-17T16:51:05.441480+00:00,DION_001,378295,0.5942620615969499,SIMULATED,NORMAL
2026-06-17T16:51:05.451984+00:00,DION_001,378296,0.7954940639024657,SIMULATED,NORMAL
2026-06-17T16:51:05.462519+00:00,DION_001,378297,0.3852880777738856,SIMULATED,NORMAL
2026-06-17T16:51:05.472974+00:00,DION_001,378298,0.28341818136581376,SIMULATED,NORMAL
2026-06-17T16:51:05.483461+00:00,DION_001,378299,0.2935290117050372,SIMULATED,NORMAL
2026-06-17T16:51:05.493939+00:00,DION_001,378300,0.21461444917297406,SIMULATED,NORMAL
2026-06-17T16:51:05.504644+00:00,DION_001,378301,0.43614904150805794,SIMULATED,NORMAL
2026-06-17T16:51:05.515145+00:00,DION_001,378302,0.3966625734791572,SIMULATED,NORMAL
2026-06-17T16:51:05.525565+00:00,DION_001,378303,0.25815324692264174,SIMULATED,NORMAL
2026-06-17T16:51:05.536094+00:00,DION_001,378304,0.19316073660485494,SIMULATED,NORMAL
2026-06-17T16:51:05.546607+00:00,DION_001,378305,0.20462830678025182,SIMULATED,NORMAL
2026-06-17T16:51:05.557145+00:00,DION_001,378306,-0.006828384252334979,SIMULATED,NORMAL
2026-06-17T16:51:05.567545+00:00,DION_001,378307,0.14828311942657907,SIMULATED,NORMAL
2026-06-17T16:51:05.578042+00:00,DION_001,378308,0.12615639947775506,SIMULATED,NORMAL
2026-06-17T16:51:05.588688+00:00,DION_001,378309,-0.05337726281750227,SIMULATED,NORMAL
2026-06-17T16:51:05.599274+00:00,DION_001,378310,0.20090008615918392,SIMULATED,NORMAL
2026-06-17T16:51:05.609742+00:00,DION_001,378311,0.1775590093099802,SIMULATED,NORMAL
2026-06-17T16:51:05.620353+00:00,DION_001,378312,-0.04952662259303138,SIMULATED,NORMAL
2026-06-17T16:51:05.631056+00:00,DION_001,378313,-0.1318079023479135,SIMULATED,NORMAL
2026-06-17T16:51:05.641693+00:00,DION_001,378314,0.24996875899354232,SIMULATED,NORMAL
2026-06-17T16:51:05.652303+00:00,DION_001,378315,0.12322408072561862,SIMULATED,NORMAL
2026-06-17T16:51:05.663008+00:00,DION_001,378316,-0.16990097989005465,SIMULATED,NORMAL
2026-06-17T16:51:05.673815+00:00,DION_001,378317,0.0449578814942484,SIMULATED,NORMAL
2026-06-17T16:51:05.684420+00:00,DION_001,378318,0.018589040755468546,SIMULATED,NORMAL
2026-06-17T16:51:05.695091+00:00,DION_001,378319,0.08617152267627846,SIMULATED,NORMAL
2026-06-17T16:51:05.705781+00:00,DION_001,378320,-0.10620314023338245,SIMULATED,NORMAL
2026-06-17T16:51:05.716370+00:00,DION_001,378321,-0.10847705481277559,SIMULATED,NORMAL
2026-06-17T16:51:05.727141+00:00,DION_001,378322,-0.05154227306015223,SIMULATED,NORMAL
2026-06-17T16:51:05.737887+00:00,DION_001,378323,0.11014335927595192,SIMULATED,NORMAL
2026-06-17T16:51:05.748969+00:00,DION_001,378324,0.1606537770468668,SIMULATED,NORMAL
2026-06-17T16:51:05.759619+00:00,DION_001,378325,0.051918921322953476,SIMULATED,NORMAL
2026-06-17T16:51:05.770334+00:00,DION_001,378326,0.22065420395979124,SIMULATED,NORMAL
2026-06-17T16:51:05.780958+00:00,DION_001,378327,0.06863596231030036,SIMULATED,NORMAL
2026-06-17T16:51:05.791531+00:00,DION_001,378328,0.11521905083141562,SIMULATED,NORMAL
2026-06-17T16:51:05.802112+00:00,DION_001,378329,0.21829555962868902,SIMULATED,NORMAL
2026-06-17T16:51:05.812670+00:00,DION_001,378330,0.3126724661106097,SIMULATED,NORMAL
2026-06-17T16:51:05.823356+00:00,DION_001,378331,0.1384497418547665,SIMULATED,NORMAL
2026-06-17T16:51:05.833866+00:00,DION_001,378332,0.49296507847835846,SIMULATED,NORMAL
2026-06-17T16:51:05.844740+00:00,DION_001,378333,0.21674353581240546,SIMULATED,NORMAL
2026-06-17T16:51:05.855422+00:00,DION_001,378334,0.4148026094100169,SIMULATED,NORMAL
2026-06-17T16:51:05.865976+00:00,DION_001,378335,0.507044344008481,SIMULATED,NORMAL
2026-06-17T16:51:05.876448+00:00,DION_001,378336,0.4369428043374025,SIMULATED,NORMAL
2026-06-17T16:51:05.886994+00:00,DION_001,378337,0.3957995365508648,SIMULATED,NORMAL
2026-06-17T16:51:05.897462+00:00,DION_001,378338,0.3080861737361318,SIMULATED,NORMAL
2026-06-17T16:51:05.907904+00:00,DION_001,378339,0.3223962701424832,SIMULATED,NORMAL
2026-06-17T16:51:05.918427+00:00,DION_001,378340,0.24633350498810533,SIMULATED,NORMAL
2026-06-17T16:51:05.928931+00:00,DION_001,378341,0.33111600614699543,SIMULATED,NORMAL
2026-06-17T16:51:05.939214+00:00,DION_001,378342,0.30888453711757813,SIMULATED,NORMAL
2026-06-17T16:51:05.949575+00:00,DION_001,378343,0.7692956579905191,SIMULATED,NORMAL
2026-06-17T16:51:05.959905+00:00,DION_001,378344,0.45780147778835295,SIMULATED,NORMAL
2026-06-17T16:51:05.970341+00:00,DION_001,378345,0.28256890439103527,SIMULATED,NORMAL
2026-06-17T16:51:05.980816+00:00,DION_001,378346,0.5201158641444513,SIMULATED,NORMAL
2026-06-17T16:51:05.991438+00:00,DION_001,378347,0.03738290573148256,SIMULATED,NORMAL
2026-06-17T16:51:06.002023+00:00,DION_001,378348,0.28766611269215947,SIMULATED,NORMAL
2026-06-17T16:51:06.012892+00:00,DION_001,378349,0.3787647396596397,SIMULATED,NORMAL
2026-06-17T16:51:06.023435+00:00,DION_001,378350,0.3026862350194263,SIMULATED,NORMAL
2026-06-17T16:51:06.034001+00:00,DION_001,378351,0.2704382536885261,SIMULATED,NORMAL
2026-06-17T16:51:06.044633+00:00,DION_001,378352,0.36125201193185885,SIMULATED,NORMAL
2026-06-17T16:51:06.055414+00:00,DION_001,378353,0.19922249201807427,SIMULATED,NORMAL
2026-06-17T16:51:06.066002+00:00,DION_001,378354,0.2420232302894127,SIMULATED,NORMAL
2026-06-17T16:51:06.076692+00:00,DION_001,378355,0.1342844757572364,SIMULATED,NORMAL
2026-06-17T16:51:06.087390+00:00,DION_001,378356,0.40124512841506255,SIMULATED,NORMAL
2026-06-17T16:51:06.097942+00:00,DION_001,378357,0.10233048134231143,SIMULATED,NORMAL
2026-06-17T16:51:06.108478+00:00,DION_001,378358,0.2182948054827231,SIMULATED,NORMAL
2026-06-17T16:51:06.119180+00:00,DION_001,378359,0.4200504349777139,SIMULATED,NORMAL
2026-06-17T16:51:06.129722+00:00,DION_001,378360,-0.02262634167101235,SIMULATED,NORMAL
2026-06-17T16:51:06.140399+00:00,DION_001,378361,0.25046564475076305,SIMULATED,NORMAL
2026-06-17T16:51:06.151118+00:00,DION_001,378362,0.055783845892791895,SIMULATED,NORMAL
2026-06-17T16:51:06.161667+00:00,DION_001,378363,0.12742205266720857,SIMULATED,NORMAL
2026-06-17T16:51:06.172706+00:00,DION_001,378364,0.08926925931362484,SIMULATED,NORMAL
2026-06-17T16:51:06.183325+00:00,DION_001,378365,0.07486502611550878,SIMULATED,NORMAL
2026-06-17T16:51:06.194554+00:00,DION_001,378366,-0.14935968181233192,SIMULATED,NORMAL
2026-06-17T16:51:06.205457+00:00,DION_001,378367,-0.17503625532017467,SIMULATED,NORMAL
2026-06-17T16:51:06.216121+00:00,DION_001,378368,-0.225201808128778,SIMULATED,NORMAL
2026-06-17T16:51:06.226759+00:00,DION_001,378369,-0.2549021729714615,SIMULATED,NORMAL
2026-06-17T16:51:06.237535+00:00,DION_001,378370,-0.2627277863214136,SIMULATED,NORMAL
2026-06-17T16:51:06.248140+00:00,DION_001,378371,-0.400894943464834,SIMULATED,NORMAL
2026-06-17T16:51:06.258781+00:00,DION_001,378372,-0.3504717566603933,SIMULATED,NORMAL
2026-06-17T16:51:06.269402+00:00,DION_001,378373,-0.26543709828605244,SIMULATED,NORMAL
2026-06-17T16:51:06.279923+00:00,DION_001,378374,-0.556866885473419,SIMULATED,NORMAL
2026-06-17T16:51:06.290370+00:00,DION_001,378375,-0.33188386015004423,SIMULATED,NORMAL
2026-06-17T16:51:06.300903+00:00,DION_001,378376,-0.6501466456216266,SIMULATED,NORMAL
2026-06-17T16:51:06.311440+00:00,DION_001,378377,-0.24262029421230952,SIMULATED,NORMAL
2026-06-17T16:51:06.322165+00:00,DION_001,378378,-0.5945591971002964,SIMULATED,NORMAL
2026-06-17T16:51:06.332727+00:00,DION_001,378379,-0.705794555262111,SIMULATED,NORMAL
2026-06-17T16:51:06.343425+00:00,DION_001,378380,-0.6105465805240693,SIMULATED,NORMAL
2026-06-17T16:51:06.354080+00:00,DION_001,378381,-0.7792852909483876,SIMULATED,NORMAL
2026-06-17T16:51:06.364656+00:00,DION_001,378382,-0.7074493544050622,SIMULATED,NORMAL
2026-06-17T16:51:06.375120+00:00,DION_001,378383,-0.7202608127057766,SIMULATED,NORMAL
2026-06-17T16:51:06.385649+00:00,DION_001,378384,-0.6512351062937951,SIMULATED,NORMAL
2026-06-17T16:51:06.396110+00:00,DION_001,378385,-0.9331470005155351,SIMULATED,NORMAL
2026-06-17T16:51:06.406676+00:00,DION_001,378386,-0.8670472063159498,SIMULATED,NORMAL
2026-06-17T16:51:06.417265+00:00,DION_001,378387,-0.6575321867415529,SIMULATED,NORMAL
2026-06-17T16:51:06.427781+00:00,DION_001,378388,-0.7909239598616915,SIMULATED,NORMAL
2026-06-17T16:51:06.438535+00:00,DION_001,378389,-0.819854542561434,SIMULATED,NORMAL
2026-06-17T16:51:06.448998+00:00,DION_001,378390,-0.8384314565368409,SIMULATED,NORMAL
2026-06-17T16:51:06.459552+00:00,DION_001,378391,-1.0106391015977203,SIMULATED,NORMAL
2026-06-17T16:51:06.470141+00:00,DION_001,378392,-1.0746433872158359,SIMULATED,NORMAL
2026-06-17T16:51:06.480681+00:00,DION_001,378393,-1.1958451506540408,SIMULATED,NORMAL
2026-06-17T16:51:06.491309+00:00,DION_001,378394,-0.679252926223324,SIMULATED,NORMAL
2026-06-17T16:51:06.501823+00:00,DION_001,378395,-1.1863398101797973,SIMULATED,NORMAL
2026-06-17T16:51:06.512295+00:00,DION_001,378396,-1.1047762715129412,SIMULATED,NORMAL
2026-06-17T16:51:06.523446+00:00,DION_001,378397,-1.1829965642481102,SIMULATED,NORMAL
2026-06-17T16:51:06.534104+00:00,DION_001,378398,-0.8343264031864913,SIMULATED,NORMAL
2026-06-17T16:51:06.544645+00:00,DION_001,378399,-1.0077019300950447,SIMULATED,NORMAL
2026-06-17T16:51:06.555320+00:00,DION_001,378400,-0.8007332415105838,SIMULATED,NORMAL
2026-06-17T16:51:06.565970+00:00,DION_001,378401,-0.8976789469923254,SIMULATED,NORMAL
2026-06-17T16:51:06.576847+00:00,DION_001,378402,-0.784693127103731,SIMULATED,NORMAL
2026-06-17T16:51:06.587695+00:00,DION_001,378403,-0.6768270013325863,SIMULATED,NORMAL
2026-06-17T16:51:06.598356+00:00,DION_001,378404,-0.8112527132543444,SIMULATED,NORMAL
2026-06-17T16:51:06.608972+00:00,DION_001,378405,-1.0080938537136896,SIMULATED,NORMAL
2026-06-17T16:51:06.619515+00:00,DION_001,378406,-0.703950077630722,SIMULATED,NORMAL
2026-06-17T16:51:06.630177+00:00,DION_001,378407,-0.6660376059161782,SIMULATED,NORMAL
2026-06-17T16:51:06.640805+00:00,DION_001,378408,-0.48511111806883556,SIMULATED,NORMAL
2026-06-17T16:51:06.651388+00:00,DION_001,378409,-0.9082572920030211,SIMULATED,NORMAL
2026-06-17T16:51:06.661921+00:00,DION_001,378410,-0.9104470429884226,SIMULATED,NORMAL
2026-06-17T16:51:06.672671+00:00,DION_001,378411,-0.4403405229305799,SIMULATED,NORMAL
2026-06-17T16:51:06.683295+00:00,DION_001,378412,-0.4116524562212748,SIMULATED,NORMAL
2026-06-17T16:51:06.694093+00:00,DION_001,378413,-0.4462345408580947,SIMULATED,NORMAL
2026-06-17T16:51:06.704888+00:00,DION_001,378414,-0.6860072334776545,SIMULATED,NORMAL
2026-06-17T16:51:06.715458+00:00,DION_001,378415,-0.3450428900586332,SIMULATED,NORMAL
2026-06-17T16:51:06.725961+00:00,DION_001,378416,-0.5998413813718695,SIMULATED,NORMAL
2026-06-17T16:51:06.736633+00:00,DION_001,378417,-0.5235395538895757,SIMULATED,NORMAL
2026-06-17T16:51:06.747138+00:00,DION_001,378418,-0.679672101127618,SIMULATED,NORMAL
2026-06-17T16:51:06.757730+00:00,DION_001,378419,-0.7426333859295976,SIMULATED,NORMAL
2026-06-17T16:51:06.768275+00:00,DION_001,378420,-2.79674596582845,SIMULATED,EVENT_DETECTED
2026-06-17T16:51:06.779387+00:00,DION_001,378421,-0.4825559874447968,SIMULATED,NORMAL
2026-06-17T16:51:06.789823+00:00,DION_001,378422,-0.47864173830587,SIMULATED,NORMAL
2026-06-17T16:51:06.800384+00:00,DION_001,378423,-0.2330552315680825,SIMULATED,NORMAL
2026-06-17T16:51:06.811027+00:00,DION_001,378424,-0.3667609411776459,SIMULATED,NORMAL
2026-06-17T16:51:06.821600+00:00,DION_001,378425,-0.29717763714412987,SIMULATED,NORMAL
2026-06-17T16:51:06.832279+00:00,DION_001,378426,-0.30051554098830513,SIMULATED,NORMAL
2026-06-17T16:51:06.842933+00:00,DION_001,378427,-0.6320734057771162,SIMULATED,NORMAL
2026-06-17T16:51:06.853667+00:00,DION_001,378428,-0.33335052933295456,SIMULATED,NORMAL
2026-06-17T16:51:06.864137+00:00,DION_001,378429,-0.5320956043147667,SIMULATED,NORMAL
2026-06-17T16:51:06.874740+00:00,DION_001,378430,-0.297549522424022,SIMULATED,NORMAL
2026-06-17T16:51:06.885292+00:00,DION_001,378431,-0.326642253796178,SIMULATED,NORMAL
2026-06-17T16:51:06.895717+00:00,DION_001,378432,-0.4706635532898334,SIMULATED,NORMAL
2026-06-17T16:51:06.906231+00:00,DION_001,378433,0.00746720178579946,SIMULATED,NORMAL
2026-06-17T16:51:06.916631+00:00,DION_001,378434,-0.42446143885471566,SIMULATED,NORMAL
2026-06-17T16:51:06.927049+00:00,DION_001,378435,-0.30913726227031757,SIMULATED,NORMAL
2026-06-17T16:51:06.937556+00:00,DION_001,378436,-0.4145211750214777,SIMULATED,NORMAL
2026-06-17T16:51:06.948007+00:00,DION_001,378437,-0.40420191009456546,SIMULATED,NORMAL
2026-06-17T16:51:06.958279+00:00,DION_001,378438,-0.39535029834423385,SIMULATED,NORMAL
2026-06-17T16:51:06.968655+00:00,DION_001,378439,-0.5913433809132098,SIMULATED,NORMAL
2026-06-17T16:51:06.979084+00:00,DION_001,378440,-0.6462409114413967,SIMULATED,NORMAL
2026-06-17T16:51:06.989475+00:00,DION_001,378441,-3.296062629780214,SIMULATED,EVENT_DETECTED
2026-06-17T16:51:06.999899+00:00,DION_001,378442,-0.5991911155309447,SIMULATED,NORMAL
2026-06-17T16:51:07.010248+00:00,DION_001,378443,-0.4721070404708781,SIMULATED,NORMAL
2026-06-17T16:51:07.020634+00:00,DION_001,378444,-0.7586548915432042,SIMULATED,NORMAL
2026-06-17T16:51:07.031022+00:00,DION_001,378445,-0.7372814270928656,SIMULATED,NORMAL
2026-06-17T16:51:07.041324+00:00,DION_001,378446,-0.6713533705119111,SIMULATED,NORMAL
2026-06-17T16:51:07.051677+00:00,DION_001,378447,-0.3305737827945729,SIMULATED,NORMAL
2026-06-17T16:51:07.061976+00:00,DION_001,378448,-0.8559257404810744,SIMULATED,NORMAL
2026-06-17T16:51:07.072323+00:00,DION_001,378449,-0.8381369349233706,SIMULATED,NORMAL
2026-06-17T16:51:07.082745+00:00,DION_001,378450,-0.8527656977049972,SIMULATED,NORMAL
2026-06-17T16:51:07.093134+00:00,DION_001,378451,-0.6358846261438509,SIMULATED,NORMAL
2026-06-17T16:51:07.103615+00:00,DION_001,378452,-0.9794560972392893,SIMULATED,NORMAL
2026-06-17T16:51:07.114051+00:00,DION_001,378453,-0.5544419482994134,SIMULATED,NORMAL
2026-06-17T16:51:07.124364+00:00,DION_001,378454,-1.0580407362528603,SIMULATED,NORMAL
2026-06-17T16:51:07.134649+00:00,DION_001,378455,-1.0972927844099547,SIMULATED,NORMAL
2026-06-17T16:51:07.144965+00:00,DION_001,378456,-0.7466819226682374,SIMULATED,NORMAL
2026-06-17T16:51:07.155303+00:00,DION_001,378457,-1.0981711371301015,SIMULATED,NORMAL
2026-06-17T16:51:07.165612+00:00,DION_001,378458,-1.3651039330479942,SIMULATED,NORMAL
2026-06-17T16:51:07.175965+00:00,DION_001,378459,-1.150117604435003,SIMULATED,NORMAL
2026-06-17T16:51:07.186323+00:00,DION_001,378460,-1.0000373802099551,SIMULATED,NORMAL
2026-06-17T16:51:07.196646+00:00,DION_001,378461,-1.0696709298679696,SIMULATED,NORMAL
2026-06-17T16:51:07.206958+00:00,DION_001,378462,-0.9718110322678546,SIMULATED,NORMAL
2026-06-17T16:51:07.217372+00:00,DION_001,378463,-0.970303476174931,SIMULATED,NORMAL
2026-06-17T16:51:07.227694+00:00,DION_001,378464,-1.1840079852241363,SIMULATED,NORMAL
2026-06-17T16:51:07.238050+00:00,DION_001,378465,-1.172277571310769,SIMULATED,NORMAL
2026-06-17T16:51:07.248365+00:00,DION_001,378466,-1.1669152870503916,SIMULATED,NORMAL
2026-06-17T16:51:07.258675+00:00,DION_001,378467,-1.0585793282751157,SIMULATED,NORMAL
2026-06-17T16:51:07.269147+00:00,DION_001,378468,-1.0566618065788718,SIMULATED,NORMAL
2026-06-17T16:51:07.279561+00:00,DION_001,378469,-0.9921778661090666,SIMULATED,NORMAL
2026-06-17T16:51:07.289874+00:00,DION_001,378470,-1.1182587274082303,SIMULATED,NORMAL
2026-06-17T16:51:07.300287+00:00,DION_001,378471,-1.0684449682561963,SIMULATED,NORMAL
2026-06-17T16:51:07.310678+00:00,DION_001,378472,-1.1948331954673623,SIMULATED,NORMAL
2026-06-17T16:51:07.321117+00:00,DION_001,378473,-0.9364767324992029,SIMULATED,NORMAL
2026-06-17T16:51:07.331594+00:00,DION_001,378474,-0.8580988390855047,SIMULATED,NORMAL
2026-06-17T16:51:07.342051+00:00,DION_001,378475,-0.9670935514970116,SIMULATED,NORMAL
2026-06-17T16:51:07.352452+00:00,DION_001,378476,-0.8116073563576875,SIMULATED,NORMAL
2026-06-17T16:51:07.362836+00:00,DION_001,378477,-0.8266231415701122,SIMULATED,NORMAL
2026-06-17T16:51:07.373157+00:00,DION_001,378478,-0.8864729240693762,SIMULATED,NORMAL
2026-06-17T16:51:07.383460+00:00,DION_001,378479,-1.157868717247473,SIMULATED,NORMAL
2026-06-17T16:51:07.393790+00:00,DION_001,378480,-0.8224319823287799,SIMULATED,NORMAL
2026-06-17T16:51:07.404211+00:00,DION_001,378481,-1.0417320420553031,SIMULATED,NORMAL
2026-06-17T16:51:07.414597+00:00,DION_001,378482,-1.0793152093698621,SIMULATED,NORMAL
2026-06-17T16:51:07.424875+00:00,DION_001,378483,-0.7825362150051065,SIMULATED,NORMAL
2026-06-17T16:51:07.435257+00:00,DION_001,378484,-0.7442178468598128,SIMULATED,NORMAL
2026-06-17T16:51:07.445599+00:00,DION_001,378485,-0.7312322728257981,SIMULATED,NORMAL
2026-06-17T16:51:07.455935+00:00,DION_001,378486,-0.8228124721600322,SIMULATED,NORMAL
2026-06-17T16:51:07.466247+00:00,DION_001,378487,-0.6415535243747809,SIMULATED,NORMAL
2026-06-17T16:51:07.476628+00:00,DION_001,378488,-0.6034119993745793,SIMULATED,NORMAL
2026-06-17T16:51:07.486999+00:00,DION_001,378489,-0.6463004648021202,SIMULATED,NORMAL
2026-06-17T16:51:07.497399+00:00,DION_001,378490,-0.5229009546177473,SIMULATED,NORMAL
2026-06-17T16:51:07.507822+00:00,DION_001,378491,-0.3092690587412231,SIMULATED,NORMAL
2026-06-17T16:51:07.518169+00:00,DION_001,378492,-0.5447543219028484,SIMULATED,NORMAL
2026-06-17T16:51:07.528481+00:00,DION_001,378493,-0.774688897234401,SIMULATED,NORMAL
2026-06-17T16:51:07.538929+00:00,DION_001,378494,-0.4176021930709125,SIMULATED,NORMAL
2026-06-17T16:51:07.549288+00:00,DION_001,378495,-0.5124530123461031,SIMULATED,NORMAL
2026-06-17T16:51:07.559597+00:00,DION_001,378496,-0.6895895227374793,SIMULATED,NORMAL
2026-06-17T16:51:07.570024+00:00,DION_001,378497,-0.24706369720816107,SIMULATED,NORMAL
2026-06-17T16:51:07.580335+00:00,DION_001,378498,-0.22536441830946544,SIMULATED,NORMAL
2026-06-17T16:51:07.590613+00:00,DION_001,378499,-0.1317736843349639,SIMULATED,NORMAL
2026-06-17T16:51:07.600961+00:00,DION_001,378500,-0.302044646410982,SIMULATED,NORMAL
2026-06-17T16:51:07.611302+00:00,DION_001,378501,-0.0922648459810034,SIMULATED,NORMAL
2026-06-17T16:51:07.621656+00:00,DION_001,378502,2.2649308539749917,SIMULATED,EVENT_DETECTED
2026-06-17T16:51:07.632102+00:00,DION_001,378503,0.008934521002040646,SIMULATED,NORMAL
2026-06-17T16:51:07.642445+00:00,DION_001,378504,-0.24811956534081683,SIMULATED,NORMAL
2026-06-17T16:51:07.652851+00:00,DION_001,378505,-0.020282977762787605,SIMULATED,NORMAL
2026-06-17T16:51:07.663178+00:00,DION_001,378506,0.05781182434573878,SIMULATED,NORMAL
2026-06-17T16:51:07.673444+00:00,DION_001,378507,-0.15058482974430693,SIMULATED,NORMAL
2026-06-17T16:51:07.683721+00:00,DION_001,378508,0.16967747344999667,SIMULATED,NORMAL
2026-06-17T16:51:07.693998+00:00,DION_001,378509,0.12142075465725137,SIMULATED,NORMAL
2026-06-17T16:51:07.704411+00:00,DION_001,378510,0.09832786605484957,SIMULATED,NORMAL
2026-06-17T16:51:07.714731+00:00,DION_001,378511,0.010151639550362045,SIMULATED,NORMAL
2026-06-17T16:51:07.725098+00:00,DION_001,378512,0.020931153720093694,SIMULATED,NORMAL
2026-06-17T16:51:07.735365+00:00,DION_001,378513,0.05915539536893428,SIMULATED,NORMAL
2026-06-17T16:51:07.745666+00:00,DION_001,378514,0.046780017183400496,SIMULATED,NORMAL
2026-06-17T16:51:07.756067+00:00,DION_001,378515,0.029807290623004933,SIMULATED,NORMAL
2026-06-17T16:51:07.766345+00:00,DION_001,378516,-0.029835374969540335,SIMULATED,NORMAL
2026-06-17T16:51:07.776780+00:00,DION_001,378517,0.23440200409312661,SIMULATED,NORMAL
2026-06-17T16:51:07.787109+00:00,DION_001,378518,0.14322041443817995,SIMULATED,NORMAL
2026-06-17T16:51:07.797436+00:00,DION_001,378519,-0.04106176200272614,SIMULATED,NORMAL
2026-06-17T16:51:07.807705+00:00,DION_001,378520,0.15522305271362247,SIMULATED,NORMAL
2026-06-17T16:51:07.817963+00:00,DION_001,378521,0.12148015751043119,SIMULATED,NORMAL
2026-06-17T16:51:07.828320+00:00,DION_001,378522,-0.10805798605580891,SIMULATED,NORMAL
2026-06-17T16:51:07.838660+00:00,DION_001,378523,-0.06590968425135559,SIMULATED,NORMAL
2026-06-17T16:51:07.849021+00:00,DION_001,378524,-0.1925535026814233,SIMULATED,NORMAL
2026-06-17T16:51:07.859295+00:00,DION_001,378525,-0.299985008408299,SIMULATED,NORMAL
2026-06-17T16:51:07.869622+00:00,DION_001,378526,-0.01742117922225881,SIMULATED,NORMAL
2026-06-17T16:51:07.880008+00:00,DION_001,378527,0.35409514402628106,SIMULATED,NORMAL
2026-06-17T16:51:07.890279+00:00,DION_001,378528,0.008584484493394232,SIMULATED,NORMAL
2026-06-17T16:51:07.900522+00:00,DION_001,378529,-0.12807936341237158,SIMULATED,NORMAL
2026-06-17T16:51:07.910936+00:00,DION_001,378530,-0.10828329721642246,SIMULATED,NORMAL
2026-06-17T16:51:07.921383+00:00,DION_001,378531,0.03146685129246424,SIMULATED,NORMAL
2026-06-17T16:51:07.931771+00:00,DION_001,378532,-0.03238984018346838,SIMULATED,NORMAL
2026-06-17T16:51:07.942069+00:00,DION_001,378533,-0.1377093908022399,SIMULATED,NORMAL
2026-06-17T16:51:07.952399+00:00,DION_001,378534,0.010832358244285162,SIMULATED,NORMAL
2026-06-17T16:51:07.962784+00:00,DION_001,378535,-0.04749767270236677,SIMULATED,NORMAL
2026-06-17T16:51:07.973051+00:00,DION_001,378536,-0.40820478034305596,SIMULATED,NORMAL
2026-06-17T16:51:07.983401+00:00,DION_001,378537,-0.030255830204852008,SIMULATED,NORMAL
2026-06-17T16:51:07.993699+00:00,DION_001,378538,-0.42846134283345233,SIMULATED,NORMAL
2026-06-17T16:51:08.004065+00:00,DION_001,378539,-0.2538365943798451,SIMULATED,NORMAL
2026-06-17T16:51:08.014537+00:00,DION_001,378540,-0.14105173797412057,SIMULATED,NORMAL
2026-06-17T16:51:08.024970+00:00,DION_001,378541,-0.3554792051535462,SIMULATED,NORMAL
2026-06-17T16:51:08.035392+00:00,DION_001,378542,-0.15830112195626544,SIMULATED,NORMAL
2026-06-17T16:51:08.045868+00:00,DION_001,378543,-0.08419466215049942,SIMULATED,NORMAL
2026-06-17T16:51:08.056270+00:00,DION_001,378544,-0.30353862659732056,SIMULATED,NORMAL
2026-06-17T16:51:08.066663+00:00,DION_001,378545,-0.09234040439602384,SIMULATED,NORMAL
2026-06-17T16:51:08.077037+00:00,DION_001,378546,-0.11444301370311691,SIMULATED,NORMAL
2026-06-17T16:51:08.087481+00:00,DION_001,378547,-0.40974465178000713,SIMULATED,NORMAL
2026-06-17T16:51:08.097807+00:00,DION_001,378548,-0.1557721306237697,SIMULATED,NORMAL
2026-06-17T16:51:08.108235+00:00,DION_001,378549,-0.3223127378730553,SIMULATED,NORMAL
